# vtk DataFile Version 5.1
Generated by LIGGGHTS
ASCII
DATASET POLYDATA
POINTS 3399 float
0.000100436 -0.000851844 0.00329279 0.000111212 -0.000384577 0.00334094 0.000503696 9.66905e-06 0.00332403 
-0.000430874 0.000614558 0.00331915 -0.000135445 -0.000810984 0.00334844 -0.00016827 -0.000533582 0.00335492 
-0.000203788 -0.000252777 0.00334083 0.000343156 -0.000117697 0.00343949 0.00019998 -4.18899e-05 0.00332296 
0.000487515 9.91975e-06 0.0034281 0.000454737 0.000213038 0.00336201 0.000125743 0.000261253 0.00349321 
-0.000940987 0.000401367 0.00340828 -0.000656868 0.000718188 0.00338914 0.000284251 -0.000880372 -0.0139292 
0.00045985 -0.00058778 -0.0140018 -0.000741231 -0.000361292 -0.0139222 -0.000919697 -0.000193172 -0.0139988 
-0.000336722 -0.000200318 -0.0139939 -3.89873e-05 9.69797e-05 -0.0139553 -0.000471682 -0.00092658 -0.0137017 
0.000329622 -0.000925882 -0.013828 -0.000793006 -0.000382083 -0.0137953 0.000175475 -0.00032284 -0.0137964 
-0.000301889 -0.000143417 -0.0137424 0.00071847 -0.0001733 -0.0137243 4.06558e-05 -7.76478e-06 -0.0137335 
-0.000418509 9.84199e-05 -0.0138644 -5.39645e-06 0.000147103 -0.0137757 -0.000172326 0.000656791 -0.0138258 
2.70476e-05 -0.000417887 -0.0136219 -0.00024898 0.000743304 -0.0136161 -0.000301251 -0.000998437 -0.0134067 
-0.000334606 -0.00047852 -0.0135545 -0.000389772 -0.000328303 -0.0135374 -8.97081e-05 -9.35833e-05 -0.0134728 
0.000718523 0.000169617 -0.0135485 0.000224614 0.0003934 -0.0135555 0.000627855 0.00043699 -0.0134058 
2.97316e-06 0.000908467 -0.0135482 0.000236425 -0.000505198 -0.013313 -0.000418453 -0.000106139 -0.0133399 
-0.000212367 -0.000121793 -0.0133011 0.00036778 -0.000681649 -0.0130997 -0.00036187 -0.000320436 -0.0131802 
-0.000434572 -0.000209449 -0.0131012 2.60981e-05 -1.42237e-05 -0.0131401 0.000324262 9.07129e-05 -0.0131089 
-0.000195274 0.000794181 -0.0131198 -0.000265653 4.06781e-05 -0.0129471 -0.000388543 -0.000848946 -0.0129047 
0.000623931 -0.000304469 -0.0129181 0.000553351 -0.000195768 -0.0128319 -8.01596e-05 0.00014063 -0.0129372 
-0.000129886 0.000242029 -0.0129374 -0.000826398 0.000544024 -0.0128764 0.000207236 0.000498863 -0.0128205 
0.000434419 0.000709361 -0.0128628 8.6553e-05 -0.000410843 -0.0126258 0.00050102 -0.000357028 -0.0126945 
-0.000767622 2.35118e-05 -0.0127042 0.00019246 -4.41584e-05 -0.0127517 0.00029277 4.97321e-05 -0.0126931 
0.000185648 0.000320167 -0.0126392 0.00044788 0.000546052 -0.0127172 0.000425832 -0.000574754 -0.0124612 
-0.000299266 -0.000120922 -0.0125642 -7.89372e-05 7.49137e-05 -0.0124762 0.000498201 0.000169604 -0.0125701 
-0.000503657 -0.000288085 -0.0124445 -0.00032783 -2.37623e-05 -0.0123314 -0.000463804 0.000222172 -0.0123367 
-0.000118197 9.24328e-05 -0.0123213 0.000832512 0.000244393 -0.0124308 -5.50365e-05 0.000295644 -0.0123044 
0.000232992 0.000248514 -0.0124458 -0.000247499 0.000525993 -0.0124323 -0.00072838 0.000600257 -0.0123735 
-0.000230585 -0.000785213 -0.0121963 0.000446426 -0.000469927 -0.0122747 0.000503962 -0.000282291 -0.0121093 
-0.000807031 -5.89386e-05 -0.0122797 -0.000379534 3.02891e-05 -0.012237 -3.05127e-05 1.68825e-05 -0.0121576 
-8.58519e-05 0.000246575 -0.0121954 -0.000114447 0.000402105 -0.0121895 0.000371575 -0.000210181 -0.0120853 
-9.43769e-05 4.74522e-05 -0.0120745 -0.000561465 0.000153637 -0.0121636 4.42092e-05 0.000242683 -0.0120626 
0.000101057 0.000550429 -0.0121453 0.000519617 0.000535762 -0.0120078 -0.000477896 -0.000553171 -0.0119787 
0.000181319 -0.000514389 -0.011845 8.85256e-05 -0.000352452 -0.0119844 0.000241173 -0.000291427 -0.0119554 
-0.000208439 -0.000143966 -0.0119196 0.00043794 7.01953e-06 -0.0118506 -7.80238e-05 0.000320934 -0.0119408 
0.000323019 0.000306647 -0.0118705 0.00031547 0.000641243 -0.0117741 7.2631e-05 0.000957058 -0.0119586 
-9.90949e-05 -0.000627245 -0.0118229 -8.01791e-05 -0.000293666 -0.0116997 -0.000636717 -0.000111642 -0.0117633 
5.69451e-05 -0.000240541 -0.0117313 -0.00057058 -3.34319e-05 -0.0116876 0.000881962 -1.94319e-05 -0.0118199 
-0.000153096 0.000541403 -0.0115495 0.000472539 0.000631346 -0.0117253 0.000289214 -0.000612541 -0.011613 
-5.88238e-05 -0.000435742 -0.0115771 0.00036151 -0.000447039 -0.0116295 -0.000176447 -0.000202971 -0.0116506 
0.000472594 -9.48324e-05 -0.0115838 0.000313526 3.94138e-05 -0.0116066 -0.000147632 0.000388719 -0.0115893 
-0.000326015 0.000615118 -0.0116265 -0.00040667 -0.000401736 -0.0114207 -0.000300263 -0.000156052 -0.0113926 
0.000220494 -0.000238574 -0.0114721 -0.000729093 2.29356e-06 -0.0114989 -0.000437923 -3.84947e-05 -0.0114524 
-4.22183e-05 5.89947e-05 -0.0114967 0.000605715 3.90698e-06 -0.0114187 0.000306477 0.000166668 -0.011428 
-0.000411356 -0.000670096 -0.0112671 -0.000353931 -0.00056569 -0.0112383 0.000108484 -0.000460623 -0.011203 
2.02094e-05 -0.000303158 -0.0112895 0.000351777 -0.000302006 -0.0113017 0.000671799 -0.000293296 -0.0113178 
0.000109563 -0.000131613 -0.0113542 -0.000281275 4.65614e-05 -0.0113453 6.60478e-05 8.38801e-05 -0.0112309 
4.40781e-05 0.000355332 -0.0113468 0.00052257 0.000365947 -0.0112805 -7.90968e-05 0.00056888 -0.0112495 
-0.000308922 0.000683039 -0.0113571 -0.000145072 -0.000516277 -0.0112062 -0.000420881 -0.000332928 -0.0112211 
0.000302422 -0.000260465 -0.0111107 -0.000102912 -0.000231963 -0.0111336 0.000198014 -0.00022684 -0.0111788 
-0.000631524 2.56311e-05 -0.0110356 -0.000122468 -4.46835e-05 -0.0111224 0.000138668 -8.31066e-05 -0.0111861 
-0.00016611 0.000161313 -0.0111724 -5.37578e-05 0.000299957 -0.0111552 0.000240631 0.000392279 -0.0111452 
-0.000281664 0.000677706 -0.0112009 0.000304537 0.000625936 -0.011088 -8.06191e-05 -0.00021408 -0.011029 
0.000494549 -9.42158e-05 -0.0110285 -0.000333909 4.74662e-05 -0.0109853 -0.00014715 3.41409e-05 -0.0109764 
-3.58876e-05 4.73715e-05 -0.0110402 0.000322653 6.23899e-05 -0.0109272 0.000216321 0.000181072 -0.0110509 
0.00031307 0.000240264 -0.0109802 -0.000142824 0.000399294 -0.0109877 0.000399865 0.000513929 -0.0108957 
0.000179061 -0.000350681 -0.0108699 1.96524e-05 -9.05316e-05 -0.0108371 0.000168994 -9.1514e-05 -0.010765 
-0.000242844 3.77977e-05 -0.0108851 8.92782e-05 1.3447e-05 -0.0108178 -0.000430299 0.000175074 -0.0107538 
0.000165676 0.000209815 -0.0108508 0.000247096 0.000110976 -0.010772 0.000581298 0.000190477 -0.0107939 
-0.000174962 0.000259565 -0.0107521 0.000189632 -0.000102931 -0.0106192 -0.000167911 -4.07251e-05 -0.0106705 
-0.000105707 -2.79167e-05 -0.0105911 -2.11285e-05 9.55176e-05 -0.0106894 0.000214413 0.000139098 -0.0106484 
-0.000155912 -0.000207623 -0.0105154 -1.2791e-05 -0.0001097 -0.0105313 2.70486e-06 -0.0002192 -0.0104434 
0.000469227 -0.000170192 -0.0104902 0.00036041 8.03648e-05 -0.0105445 -0.000516708 0.00013326 -0.0105604 
-3.65282e-05 0.000234285 -0.0105666 9.36961e-05 0.000144768 -0.0105928 0.000229916 0.000189591 -0.0104425 
-0.000451181 0.0003434 -0.0104763 5.63861e-05 -7.69175e-05 -0.0103709 2.92719e-06 -0.000224523 -0.0102826 
0.00024773 -0.00013616 -0.0103016 -0.000183165 -8.03633e-05 -0.0103654 -2.09258e-05 7.52488e-05 -0.0104146 
0.000158511 7.1676e-05 -0.0102885 -5.81565e-05 0.000208329 -0.0102911 0.000218152 0.00022584 -0.0103473 
-0.000277712 0.000354485 -0.0103009 0.000333573 0.000349904 -0.0102469 1.96101e-05 0.000563954 -0.0103512 
0.000291835 0.000618246 -0.0102975 0.000203468 -0.00046516 -0.0101118 -0.000272247 -0.00038152 -0.0101936 
-0.000390741 -0.000219298 -0.0100778 -0.000164168 1.66916e-05 -0.0101825 1.1298e-05 7.05407e-05 -0.0101842 
0.00016116 1.80242e-05 -0.0101054 -0.000298443 0.000199698 -0.0101486 -0.000180262 0.000146442 -0.0102198 
-4.7692e-05 0.000241193 -0.0101179 9.82585e-05 0.00014675 -0.0101178 0.000359369 0.00016724 -0.0102187 
-4.52969e-05 0.000381445 -0.0101881 0.000139609 0.000265329 -0.0101554 0.000131138 -0.000249273 -0.0100771 
0.000141862 -0.000322397 -0.0100058 -9.01413e-05 -0.000129543 -0.00996538 -2.38081e-05 -0.00018052 -0.0100979 
0.000355269 -0.000117796 -0.010066 -0.000155311 -4.15637e-05 -0.0100392 0.00010092 1.8399e-05 -0.00995852 
-0.000278235 0.000162967 -0.0100321 -0.000139073 0.000125666 -0.0100924 -9.08777e-05 0.000132662 -0.0099808 
1.14058e-05 0.000142968 -0.0100573 1.03086e-05 8.8641e-05 -0.00995811 -0.000193943 0.00025265 -0.0100167 
-8.86952e-05 -0.000438627 -0.00992735 9.83501e-05 -0.000295258 -0.00984237 -0.000301735 -7.02541e-05 -0.00992631 
-7.74012e-05 -0.00022579 -0.00988465 -0.000226273 -0.000220866 -0.00983737 -0.000199064 -0.00011009 -0.0098003 
0.000103567 -8.79729e-05 -0.00994273 0.000196999 -0.000218343 -0.00980173 0.000159771 -0.00011376 -0.00979373 
0.000275075 -0.000150228 -0.00984398 -0.00012918 4.74311e-05 -0.00993418 -3.87063e-05 -1.68088e-06 -0.00990273 
0.000188432 -1.60221e-06 -0.00983432 0.000228222 0.000128448 -0.00986313 7.95583e-05 0.000211262 -0.00979132 
-0.000145009 -0.000241225 -0.00967817 -2.44193e-05 -0.000204734 -0.00966835 4.87811e-05 -0.0001588 -0.00973456 
0.00018958 -0.000149527 -0.00962267 -0.000379635 7.50064e-05 -0.00959858 -0.000161639 6.91404e-05 -0.00976403 
-0.000188151 5.47239e-05 -0.00963816 -7.6344e-05 -5.55931e-06 -0.00975118 2.46374e-05 -1.29992e-05 -0.00978232 
0.000327207 -6.33077e-05 -0.00968045 1.77483e-05 0.00010349 -0.00978453 -1.88373e-05 0.000171113 -0.00965962 
0.000320273 0.000177059 -0.00965399 -0.000202392 0.000268645 -0.00972607 2.71546e-05 -0.00031294 -0.00940084 
-0.000139508 -7.80421e-05 -0.00949349 -1.89773e-05 -0.000164744 -0.00953583 0.000212935 -0.00010895 -0.00944796 
8.22918e-05 -0.00010517 -0.00945461 -0.00019113 -1.76927e-05 -0.00956844 7.33122e-05 -6.0303e-05 -0.00958847 
0.000344381 4.29814e-05 -0.00947563 -0.000209654 0.000100679 -0.00953708 1.49205e-05 0.00022115 -0.00949963 
4.82303e-05 0.000156347 -0.00956859 0.000270406 0.000224049 -0.00949653 -0.000102702 0.000261996 -0.00956736 
0.000110765 0.000249004 -0.00948942 -0.000122141 -0.000308457 -0.0092091 -1.10008e-05 -0.000326371 -0.00919107 
0.000106588 -0.000310574 -0.00921479 0.000232485 -0.000239878 -0.00921096 -0.000264651 -0.000201975 -0.00922098 
-0.000167143 -0.000145907 -0.0093078 -8.56309e-05 -0.000231805 -0.00936018 9.42715e-05 -0.000166936 -0.00930132 
0.000173431 -9.79417e-05 -0.00931835 0.00029837 -0.000141191 -0.00921663 -0.000331671 4.12537e-05 -0.00922094 
-0.000331398 -5.52066e-05 -0.0092154 -0.000273084 9.10699e-05 -0.00940054 -0.000191134 -2.54094e-05 -0.00934327 
-3.47254e-05 -2.96272e-05 -0.00942603 -8.33359e-05 -5.89112e-05 -0.00930204 -4.89436e-05 6.83788e-05 -0.00934583 
2.33815e-05 -4.78508e-05 -0.00934183 8.46338e-05 2.24423e-05 -0.00944976 0.000131645 2.47893e-05 -0.00934821 
0.000332973 -5.19802e-05 -0.00919626 -0.000303582 0.000133485 -0.00919241 -0.00013283 0.000107238 -0.00942924 
-5.88245e-05 0.000192067 -0.00933677 -0.000194097 0.000150932 -0.00928312 1.70009e-05 0.000113025 -0.00944832 
0.00018404 0.000163807 -0.00941117 0.000127357 0.000186488 -0.00931732 0.000312846 9.71691e-05 -0.0092154 
-0.000113225 0.000311219 -0.00917475 -0.000194186 0.000265197 -0.00921571 2.78652e-05 0.000327312 -0.00921075 
0.000120037 0.000308221 -0.00919187 0.000213903 0.000249551 -0.0091783 -0.000229331 -0.000232412 -0.0091209 
-7.96715e-05 -0.000325145 -0.00905171 -0.000155225 -0.000293793 -0.00911489 4.73598e-05 -0.000323278 -0.00904585 
0.000188448 -0.000272428 -0.00907603 -0.000313723 -0.000106242 -0.00904142 -0.000261908 -0.000211135 -0.00902953 
-0.000299104 -0.000136935 -0.00916985 -0.000115648 -0.000162856 -0.00919794 2.89454e-05 -0.000109323 -0.00919834 
-2.03644e-05 -0.000226483 -0.00913256 7.82222e-05 -0.000203546 -0.00918196 0.000154479 -0.000145738 -0.00921219 
0.000281495 -0.000180761 -0.00914327 0.000254515 -0.000214104 -0.00903634 -0.000328967 -4.0739e-05 -0.00912291 
-0.000327232 6.15346e-05 -0.00906967 -0.000183895 -3.95991e-05 -0.00914357 -0.000105542 4.38652e-05 -0.00925299 
-8.40026e-05 -3.01987e-05 -0.00918709 6.26049e-05 5.03892e-06 -0.00921696 0.000200175 5.07126e-05 -0.0092295 
0.000112588 -6.16047e-05 -0.00916128 0.00022435 -8.36523e-05 -0.00917354 0.000329153 -3.47657e-05 -0.00909607 
0.000327297 3.53402e-05 -0.00916085 0.000327501 3.59524e-05 -0.00903319 -0.000282911 0.000172922 -0.00909497 
-0.000218886 8.10147e-05 -0.00915513 -8.7955e-05 0.00012203 -0.00919135 6.17664e-05 8.85719e-05 -0.00930795 
-1.33559e-05 0.000189657 -0.00922224 7.05032e-05 0.000221333 -0.00914552 1.78967e-05 0.000132292 -0.00912214 
9.30912e-05 0.000113679 -0.00919238 0.000285141 0.00017074 -0.00914878 0.000285342 0.000175756 -0.00905699 
-0.000157455 0.000291921 -0.00902295 -0.000216764 0.000244217 -0.00912628 4.1731e-05 0.000327053 -0.0090343 
-2.75087e-05 0.000330454 -0.00912194 -4.9044e-05 0.00032886 -0.00902367 0.00016484 0.000282896 -0.00908094 
-0.000197783 -0.000266436 -0.00896949 -8.21462e-05 -0.000321778 -0.00888542 -1.38633e-05 -0.000331123 -0.00895191 
0.000127271 -0.000306985 -0.00896717 -0.000296052 -0.000149656 -0.00893397 -0.000167756 -0.000158548 -0.00907891 
-2.17449e-05 -0.000145642 -0.00907267 0.000201442 -5.88248e-05 -0.00903536 0.000102689 -0.000186404 -0.00905594 
9.75292e-05 -8.35216e-05 -0.00906027 0.000320643 -8.47658e-05 -0.00899994 0.000239713 -0.000228487 -0.0088747 
0.000291762 -0.000151515 -0.0089202 -0.000323595 -7.65816e-05 -0.0088794 -0.000331771 -3.48879e-06 -0.00899403 
-0.00032539 5.48659e-05 -0.00887678 -0.0002299 8.53839e-06 -0.00902944 -0.000117916 3.75123e-05 -0.0090924 
-0.000152895 3.32218e-05 -0.00896832 -9.18123e-06 -4.50852e-05 -0.00906329 8.40787e-05 5.31063e-05 -0.0090927 
0.000173812 1.15995e-05 -0.00911566 0.000108102 3.73664e-05 -0.00898667 0.000332315 2.44257e-06 -0.00894055 
-0.000261491 0.00020464 -0.00896041 -0.000304647 0.000131513 -0.00900348 -0.000161678 0.000176214 -0.00907689 
-0.0002001 0.000121023 -0.00900034 -2.24982e-05 0.000227765 -0.00909362 -2.49176e-05 0.000200531 -0.00899253 
-6.74807e-05 0.000141129 -0.00906906 0.00013208 0.000156194 -0.00909504 0.000206939 0.000107339 -0.00902423 
0.00011423 0.000157909 -0.00898516 0.000288829 0.000168887 -0.00889288 0.000318767 9.63833e-05 -0.00895486 
-0.00016294 0.00028874 -0.00892382 -2.31371e-05 0.000326985 -0.00893445 0.00017074 0.000280319 -0.0089799 
8.86637e-05 0.00031973 -0.00894449 0.000165364 0.000292445 -0.00888684 0.000237855 0.000232626 -0.00899343 
-0.000199212 -0.000263013 -0.00886975 -0.000154476 -0.000295873 -0.00878623 4.17978e-05 -0.000334618 -0.00876731 
9.31663e-05 -0.00031907 -0.00885428 0.000134995 -0.000305321 -0.00876765 0.000223025 -0.000252747 -0.00874689 
-0.000265895 -0.000197034 -0.00878505 -0.000148567 -0.000177598 -0.00896137 -5.72938e-05 -0.000217318 -0.00886305 
-6.3941e-05 -0.00023534 -0.00897531 7.93623e-06 -0.000136919 -0.00893308 5.23589e-05 -0.000219952 -0.008844 
0.000188309 -0.000140454 -0.00895364 0.000179147 -0.000158743 -0.00883635 0.000300161 -0.000146345 -0.00881557 
-0.000324352 -5.33506e-05 -0.00878563 -0.000324772 5.54643e-05 -0.00872617 -0.000219901 -6.65305e-05 -0.00893683 
-9.87007e-05 -8.7537e-05 -0.00899351 -0.00021468 1.9459e-06 -0.00883514 -0.00012828 -6.68933e-05 -0.00887001 
-0.000144311 6.47273e-05 -0.00887237 -6.10305e-05 9.00897e-05 -0.00893911 7.35405e-06 3.84851e-06 -0.0089767 
-3.69196e-05 5.37414e-06 -0.00884637 3.98754e-05 -5.72227e-05 -0.00883279 0.000102732 -6.75746e-05 -0.00891832 
0.000228199 -3.50546e-05 -0.00880339 0.000328036 -3.61978e-05 -0.00883121 0.000326024 4.69561e-05 -0.0088616 
0.000233799 -2.25862e-05 -0.00893846 -0.000311298 0.000120623 -0.00880671 -0.000268539 0.000196422 -0.00877592 
-0.000125876 0.000177954 -0.00895751 -0.000107839 0.000160092 -0.00885302 5.75076e-05 0.000221144 -0.00885663 
4.69209e-05 0.000114241 -0.00889961 0.000307607 0.000133176 -0.00879815 -0.000206367 0.000259181 -0.00883416 
-0.000158065 0.000294034 -0.00877392 3.42017e-05 0.000327666 -0.00879625 -5.14212e-05 0.000327359 -0.00883568 
0.000155926 0.000295719 -0.00878669 0.000221807 0.000243623 -0.00882488 -0.000154142 -0.000289572 -0.00866579 
6.08322e-05 -0.000322287 -0.00859873 -6.08632e-05 -0.00032639 -0.00869415 2.27353e-05 -0.000238589 -0.00872283 
0.000177045 -0.000277161 -0.00861718 8.25134e-05 -0.000325787 -0.00869732 -0.00031346 -0.000109841 -0.00857313 
-0.000265075 -0.000198222 -0.00867709 -0.000321474 -8.14478e-05 -0.00869133 -0.000178344 -0.000145113 -0.00875724 
-6.90784e-05 -0.000186498 -0.00873093 -8.51302e-07 -0.000137588 -0.00878562 1.52902e-05 -0.00014834 -0.00867786 
0.000100762 -0.000126661 -0.00878133 0.000108957 -0.000193474 -0.00866575 0.000194466 -0.000125163 -0.00865071 
0.000254902 -0.000210344 -0.00866217 0.000322085 -9.56012e-05 -0.00868616 0.000300202 -0.000151233 -0.00860607 
-0.000331763 9.09924e-06 -0.00861684 -0.000224168 5.86509e-05 -0.00870286 -0.000117165 3.61989e-05 -0.00872174 
-0.000180613 -4.72765e-05 -0.00871762 -7.78795e-05 -6.9326e-05 -0.00875215 -6.40674e-07 2.40613e-06 -0.00874582 
0.000142308 -1.87368e-05 -0.00875159 8.60637e-05 3.3823e-05 -0.0088221 6.37585e-05 -6.40414e-05 -0.00870664 
0.000149154 6.05662e-05 -0.00869037 0.00032851 7.22737e-06 -0.00866819 0.000329514 -2.99749e-05 -0.00857617 
-0.000310438 0.000119984 -0.00857189 -0.000309268 0.000121251 -0.00867276 -0.000271386 0.000196504 -0.00867678 
-0.000264776 0.000197999 -0.0085754 -0.000187804 0.000137283 -0.00877099 -0.000127433 0.000206941 -0.00871057 
2.19447e-05 0.000234373 -0.00875639 -4.64721e-05 9.74816e-05 -0.00877853 -4.24615e-05 0.000227971 -0.0086565 
4.54601e-05 0.000119292 -0.00872155 0.000197802 0.000119721 -0.00883077 0.000123588 0.000181507 -0.00877787 
7.38056e-05 0.000212538 -0.00864657 0.000172537 0.000162056 -0.00866256 0.000314096 9.98155e-05 -0.00868907 
0.000275201 0.000187911 -0.00859351 -0.000108163 0.000312419 -0.00868376 -0.000191281 0.00027165 -0.0086511 
-9.78051e-05 0.000316104 -0.00858431 -1.30395e-05 0.000331808 -0.00866316 0.000146475 0.00029859 -0.00869073 
8.69587e-05 0.000321526 -0.00860761 0.000207019 0.000265539 -0.00860045 0.000231309 0.000232644 -0.00870913 
-9.7501e-05 -0.000317317 -0.00856537 -0.000223768 -0.000246998 -0.00855373 -0.000200978 -0.000264054 -0.00845804 
-0.000104591 -0.000311342 -0.00844551 -2.00724e-05 -0.00033112 -0.00848645 -8.33221e-06 -0.00024116 -0.00861016 
0.000225597 -0.000251181 -0.00847628 7.8456e-05 -0.000324163 -0.00843542 0.000127114 -0.000306307 -0.00852064 
0.000235717 -0.000232279 -0.00855533 -0.000303709 -0.000124748 -0.00847484 -0.000192129 -0.000146091 -0.00856906 
-0.000116978 -9.87005e-05 -0.00864484 -0.000102201 -9.79509e-05 -0.00853938 -2.64047e-05 -0.000194054 -0.00851492 
7.85464e-05 -0.000180164 -0.00856993 0.000194209 -0.000129361 -0.00851841 0.000281599 -0.00016819 -0.00848196 
-0.000330625 -2.70911e-05 -0.00851497 -0.000237385 4.01584e-05 -0.00854746 -0.000228145 -2.46252e-05 -0.00862919 
-0.000132379 -1.03023e-05 -0.00858047 -4.15242e-05 -1.56944e-06 -0.0086528 5.45739e-05 3.00355e-05 -0.00866077 
-6.26572e-05 6.35625e-05 -0.0085596 -1.19603e-05 -7.92039e-05 -0.0085819 2.47275e-05 1.33708e-05 -0.00855937 
0.000221761 -4.94259e-05 -0.0085903 0.000103506 -8.8768e-05 -0.00860481 0.000229691 3.89591e-05 -0.00854203 
0.000332715 -2.68994e-05 -0.00845525 0.000325677 6.12504e-05 -0.00843059 -0.000294442 0.000145501 -0.00847822 
-0.000194228 0.000129333 -0.00863086 -0.000147491 0.000122599 -0.0085336 -4.68114e-05 0.00010352 -0.00867111 
-6.27831e-05 0.000211586 -0.0085536 9.68533e-05 0.000201552 -0.00854444 0.000174729 0.000133746 -0.00856626 
0.000314705 9.08588e-05 -0.00856462 0.000275066 0.00017882 -0.00847255 -0.000167985 0.000283299 -0.00854264 
-0.000230377 0.000238932 -0.00848076 -3.86618e-05 0.000327014 -0.0084739 0.000119143 0.000310965 -0.00848351 
0.000193892 0.000273621 -0.00844965 -0.000154318 -0.000289558 -0.0083297 -2.80925e-05 -0.000329881 -0.0083881 
6.6877e-05 -0.000321607 -0.00833684 1.83527e-05 -0.000242382 -0.00842243 0.000200557 -0.000263262 -0.0082737 
0.000228609 -0.000247075 -0.00837724 -0.000321392 -8.32949e-05 -0.00831975 -0.000248078 -0.000214617 -0.00836343 
-0.000203997 -8.24905e-05 -0.00847303 -0.000122207 -0.000193943 -0.00846587 -0.000156713 -0.000101626 -0.00837356 
1.52313e-05 -0.000133326 -0.00844609 -7.41421e-05 -0.000162949 -0.00837971 0.000111294 -0.000213948 -0.00845197 
0.000109794 -7.81443e-05 -0.00847921 6.98953e-05 -0.000145765 -0.00836245 0.000278886 -0.000173563 -0.0083329 
-0.00032506 4.42832e-05 -0.00838087 -0.000331318 2.56388e-05 -0.00827934 -0.000231052 -6.79313e-06 -0.00839778 
-0.000125823 1.68558e-05 -0.00847979 -3.31958e-05 -4.15221e-05 -0.00848325 5.68177e-05 1.32797e-05 -0.00845311 
-3.97884e-05 8.75608e-05 -0.00846463 1.6176e-05 -5.05285e-05 -0.00837943 0.000196486 1.05559e-05 -0.00843149 
0.000228769 -6.9074e-05 -0.00837598 0.000126433 -4.27338e-05 -0.00834856 0.000209673 7.31387e-05 -0.00835345 
0.00010658 7.03942e-05 -0.00838039 0.000329802 3.18511e-05 -0.00832939 0.000330946 -6.21962e-05 -0.00836426 
-0.000307245 0.000125326 -0.0082724 -0.000274179 0.000184391 -0.00837395 -0.000187031 0.000114954 -0.00842927 
-9.3631e-05 0.000171342 -0.00841231 9.56834e-05 9.57444e-05 -0.00851082 6.48164e-05 0.000196767 -0.00844907 
2.24333e-05 0.000125273 -0.00838785 0.000194408 0.000112368 -0.00846395 0.000129735 0.000167726 -0.00836938 
0.000279332 0.000174086 -0.00837633 -0.000106366 0.000313163 -0.00838646 -0.000199102 0.000266179 -0.00839073 
-0.000178193 0.000275421 -0.00828374 5.05506e-05 0.000328374 -0.00837689 2.62793e-05 0.000232457 -0.00836257 
0.000188678 0.000275745 -0.00833532 0.000119167 0.000311562 -0.00827178 -0.000201273 -0.00026592 -0.0082013 
-8.82384e-05 -0.000320262 -0.00817813 -3.21738e-05 -0.000334631 -0.00823929 3.61572e-05 -0.000334868 -0.00815164 
8.77035e-05 -0.000320186 -0.00822332 0.000141929 -0.00030105 -0.00814727 -0.000251611 -0.00021507 -0.00826241 
-0.000296031 -0.000148636 -0.00825106 -0.000128824 -0.00018908 -0.00829948 3.85332e-06 -0.000214788 -0.00831781 
-4.4892e-05 -0.000212777 -0.00818837 5.18185e-05 -0.000225927 -0.00822179 5.45894e-05 -8.85185e-05 -0.00828106 
-4.65396e-05 -0.000123008 -0.00824483 0.000147907 -0.000179659 -0.00825941 0.000201434 -0.000135461 -0.00817923 
0.000242221 -0.000229814 -0.00815335 0.00028777 -0.000168361 -0.00823495 -0.000323277 6.3959e-05 -0.00818738 
-0.000328769 -4.17714e-05 -0.0081506 -0.00013318 4.30049e-05 -0.00836165 -0.000215332 6.28713e-05 -0.00823641 
-0.000218827 -7.40779e-05 -0.0082571 -0.00012641 -5.23031e-05 -0.00822241 -2.62827e-05 4.27695e-05 -0.00835862 
-2.02448e-05 -1.13466e-05 -0.0082474 7.71463e-05 3.44494e-05 -0.00828337 0.000187777 -3.54056e-05 -0.00826303 
0.000208553 5.31972e-05 -0.0082004 0.000330457 2.80336e-05 -0.00813717 0.00033093 -6.23431e-05 -0.00825139 
0.000327686 7.64044e-05 -0.00824332 -0.000257207 0.000212114 -0.00822742 -0.000157808 0.000177328 -0.00831823 
-8.40593e-05 0.000101914 -0.00829483 -0.000117078 0.000200651 -0.00820304 -5.86455e-05 0.000236496 -0.00830754 
3.52709e-05 0.000128849 -0.00828328 0.000148342 0.000160657 -0.00825203 0.000275891 0.000187702 -0.00821728 
0.00030894 0.000107198 -0.00815099 -0.000103153 0.000314392 -0.00820756 -0.000193282 0.000270147 -0.00817754 
-8.12477e-06 0.000332265 -0.00821312 6.32213e-05 0.000226843 -0.00825411 0.000215217 0.000254202 -0.00816291 
0.000132526 0.000311416 -0.00817312 -0.000241427 -0.000237884 -0.00805025 -0.000120867 -0.000309454 -0.00798471 
-0.000135168 -0.000302438 -0.00808327 -2.7705e-05 -0.00033014 -0.00805166 6.78209e-05 -0.00032241 -0.00806699 
0.000177693 -0.000283964 -0.00802455 -0.000270541 -0.000186378 -0.00797578 -0.000319493 -8.04663e-05 -0.00803392 
-0.0002954 -0.000153698 -0.00809953 -0.000143283 -0.000182893 -0.00818274 -0.000147549 -8.98227e-05 -0.00812521 
3.38374e-05 -0.000214441 -0.00810796 -7.21535e-05 -0.000209877 -0.00809076 -2.44289e-05 -6.8935e-05 -0.00814466 
7.95981e-05 -0.000127758 -0.00818806 0.000111931 -0.000157148 -0.0080742 0.000293913 -0.000154343 -0.00800016 
0.00030338 -0.000137063 -0.00811331 0.00025466 -0.00021948 -0.00805641 -0.000331746 2.12911e-05 -0.0080803 
-0.00022964 -1.30405e-05 -0.00815481 -0.000115267 5.2281e-05 -0.00820603 -0.000196862 1.89875e-05 -0.00805923 
-0.000102384 9.48252e-07 -0.00810457 7.59946e-05 -3.49438e-05 -0.00814638 -6.18083e-06 3.50821e-05 -0.00811235 
0.000194933 -5.29646e-05 -0.00809853 9.86246e-05 5.98115e-05 -0.00817406 0.000226153 6.80856e-05 -0.00808789 
0.000113004 2.38788e-05 -0.00807268 0.000327037 -5.93421e-05 -0.00807597 0.000331165 -2.76703e-05 -0.00798737 
-0.000273289 0.000190129 -0.00804009 -0.000311804 0.000117749 -0.00808002 -0.00031654 8.9262e-05 -0.00798374 
-0.000194425 0.000116135 -0.0081337 -9.08923e-05 0.000120171 -0.00813258 6.50845e-05 0.000156548 -0.00817824 
-2.15568e-05 0.000225277 -0.00812958 -5.75633e-07 7.87699e-05 -0.00820277 4.722e-05 0.000126672 -0.00808168 
0.000177339 0.00016186 -0.00814367 0.000270759 0.000187779 -0.0080741 0.000326327 8.02524e-05 -0.00803334 
-0.000101615 0.000314623 -0.0080779 -0.00017851 0.000275235 -0.00798821 3.24925e-05 0.000331566 -0.00801049 
-1.69658e-06 0.000334824 -0.00811304 0.000106419 0.000312506 -0.00806988 0.000211286 0.00025437 -0.00806476 
0.000225807 0.000245929 -0.0079679 -0.000122592 -0.000308649 -0.00786814 -0.000202739 -0.000262665 -0.00790545 
6.99116e-05 -0.000322641 -0.00796079 -3.17641e-05 -0.00033045 -0.0079448 -8.03568e-06 -0.000237554 -0.00791671 
0.000146518 -0.000293475 -0.00789319 0.000222841 -0.000251002 -0.00794095 -0.00026676 -0.000195849 -0.00784626 
-0.000315046 -0.000104616 -0.00788702 -0.000210503 -0.000120743 -0.00804123 -8.20133e-05 -0.000115149 -0.00793723 
-1.03989e-05 -0.000170251 -0.00801228 4.52082e-05 -9.35658e-05 -0.0079786 5.23353e-05 -0.000159129 -0.00790139 
0.000133853 -0.000181231 -0.00796262 0.000134896 -7.12029e-05 -0.0080183 0.000200519 -0.000110299 -0.00792946 
0.000284072 -0.000171676 -0.00790332 -0.000327886 -7.0159e-06 -0.00790457 -0.00024154 -3.43587e-05 -0.00797974 
-0.000123805 -3.50887e-05 -0.00798629 -2.36303e-05 -1.91603e-05 -0.00802327 2.90223e-05 2.65666e-05 -0.00792073 
0.000161796 3.37532e-05 -0.0079689 0.000231714 -3.05058e-05 -0.00800235 0.000327516 -4.10698e-05 -0.00786711 
0.00032743 6.5022e-05 -0.00789188 0.000222392 6.64268e-05 -0.00788839 -0.000293464 0.000168842 -0.00782775 
-0.000272717 0.000190129 -0.00792469 -0.000154427 0.00016402 -0.00804537 -0.000207503 9.85247e-05 -0.00797721 
-5.17354e-05 0.000141606 -0.00803876 6.88543e-05 8.46402e-05 -0.00799262 -4.26013e-05 0.000109643 -0.00794282 
2.14985e-05 0.000211627 -0.00786281 0.000101247 0.000204133 -0.00798819 0.000144971 0.000131749 -0.00805344 
0.000179794 0.000160354 -0.00790931 0.000261335 0.00021237 -0.0078744 0.000290713 0.000164234 -0.00795105 
-0.000231481 0.000237818 -0.00782786 -0.000148549 0.000301751 -0.00784687 -1.12732e-05 0.000241092 -0.00800714 
-4.30674e-05 0.000329363 -0.00785369 -6.10793e-05 0.000330776 -0.00795908 5.24331e-05 0.000327608 -0.00787761 
0.000160911 0.000286489 -0.00787271 0.000112159 0.000313397 -0.00796136 -7.83538e-05 -0.000321429 -0.00767688 
-0.000194425 -0.000268939 -0.00770296 -0.000200495 -0.00026429 -0.00780417 4.29646e-05 -0.000329125 -0.00780438 
-6.06252e-05 -0.000325901 -0.00777345 5.54341e-05 -0.000327475 -0.00770533 0.000144597 -0.00029768 -0.00768225 
0.000144172 -0.000297683 -0.00778075 -0.000255614 -0.000207313 -0.00774333 -0.000317818 -8.95959e-05 -0.0077684 
-0.000157023 -0.000136392 -0.00782075 -7.8816e-05 -0.000189377 -0.00785627 -0.000101062 -0.000211557 -0.00773892 
-4.30897e-05 -0.000109708 -0.00780662 6.75421e-05 -0.000136789 -0.0078035 0.000228736 -7.57553e-05 -0.00783668 
9.72198e-05 -0.000216407 -0.00774401 0.000241918 -0.000224236 -0.00779183 0.000298468 -0.000159779 -0.00770681 
-0.00032296 7.26981e-05 -0.00770477 -0.000323044 6.97464e-05 -0.00780329 -0.000324859 -6.66211e-05 -0.00767084 
-0.00017524 -4.51777e-05 -0.00787899 -6.26873e-05 -1.59858e-05 -0.00789851 -0.000211069 5.37406e-05 -0.00784034 
-9.08696e-05 5.64448e-05 -0.00779122 -0.00016898 -2.2426e-05 -0.00777813 1.84219e-05 -3.4551e-05 -0.00783387 
8.96042e-05 -1.57529e-05 -0.00775898 0.00011089 -6.88148e-05 -0.00790305 0.000141353 1.50053e-05 -0.00785271 
0.0003328 -3.06306e-05 -0.0076728 0.000327916 3.64237e-05 -0.00775503 0.000325275 -6.89123e-05 -0.00777327 
0.000220668 -4.27731e-06 -0.00774342 -0.000280257 0.000180938 -0.00767547 -0.000134563 7.08458e-05 -0.00790911 
-0.00015126 0.000167031 -0.00772424 -8.24287e-05 0.000226641 -0.00786791 -2.15362e-05 0.00011962 -0.00783724 
8.72091e-05 0.00011334 -0.00789626 0.000198008 9.97485e-05 -0.00777951 0.000127849 0.000181602 -0.0078047 
9.07321e-05 8.43966e-05 -0.007795 0.00028681 0.000159309 -0.00778502 -0.000105476 0.000313397 -0.00775192 
-0.000229856 0.000239769 -0.00773091 -2.46016e-05 0.000327188 -0.0076823 8.03745e-05 0.000327024 -0.00775243 
0.000215516 0.000255651 -0.00777574 -0.000202299 -0.000262937 -0.00755655 -6.03289e-05 -0.000326198 -0.00756798 
4.27551e-05 -0.000329164 -0.0075503 0.000137433 -0.000300769 -0.00756355 0.000228114 -0.000235087 -0.00764965 
-0.000313223 -0.000111099 -0.00758251 -0.000266946 -0.00019536 -0.00763206 -0.000158446 -0.000168755 -0.00766367 
-0.000126055 -7.42376e-05 -0.00770076 -1.98023e-05 -0.00020751 -0.00767605 -5.8743e-05 -0.000114398 -0.00762422 
3.00287e-05 -8.63593e-05 -0.00770932 0.000154326 -0.00011236 -0.00775313 0.000174007 -0.000140837 -0.00758196 
0.000127665 -0.000204365 -0.00764884 0.000318964 -0.000104528 -0.00761026 0.000274907 -0.00018278 -0.00754007 
-0.00033094 2.96557e-05 -0.0076159 -0.000221012 2.38527e-05 -0.00768964 -0.000170272 4.6748e-05 -0.00759915 
-0.000104201 5.98629e-05 -0.00768759 -4.00522e-05 -1.84888e-05 -0.00767671 5.07896e-05 4.26022e-05 -0.00767605 
0.000218775 -6.4242e-05 -0.00764041 0.000205536 6.04318e-05 -0.00764474 0.000333876 -2.2043e-05 -0.00754832 
-0.000258704 0.000208732 -0.00756418 -0.000308342 0.000125118 -0.00756133 -9.82879e-05 0.000192017 -0.00763404 
-3.00712e-05 0.000234246 -0.00772257 -2.85588e-05 0.000124017 -0.00772914 6.76163e-05 0.00018618 -0.00769411 
1.05998e-05 0.000137052 -0.00762612 0.000181125 0.000162106 -0.00766833 0.000317254 8.86524e-05 -0.00754064 
0.000293267 0.000143684 -0.00765368 0.000278667 0.000181863 -0.00755438 -0.000167608 0.000283086 -0.00753643 
-0.000144286 0.000304302 -0.00765124 -6.18232e-05 0.000326454 -0.00758955 1.83965e-05 0.000241523 -0.00760952 
8.84902e-05 0.000324422 -0.00756649 0.000109922 0.000311711 -0.00765607 0.000180589 0.000283003 -0.00755142 
0.000201532 0.000259893 -0.0076464 -0.000124253 -0.000307979 -0.00746642 -0.000203476 -0.000259406 -0.00742901 
-0.000133897 -0.000303449 -0.00737042 -2.98216e-05 -0.000330123 -0.00743543 3.31046e-05 -0.000219333 -0.00757552 
8.98456e-05 -0.000319619 -0.00746266 0.000235773 -0.000238375 -0.00747039 -0.000262883 -0.00019956 -0.00750872 
-0.000268907 -0.000192611 -0.00738867 -0.000318549 -9.19574e-05 -0.00739362 -0.000320201 -8.6184e-05 -0.00749015 
-0.000209551 -9.52524e-05 -0.00756687 -0.000152901 -0.000171494 -0.00752511 -8.9678e-05 -0.000102994 -0.00745432 
-5.33647e-05 -0.000216923 -0.00751912 6.07177e-05 -9.9683e-05 -0.00755959 5.73573e-06 -0.000159231 -0.00745136 
0.000110218 -0.000198399 -0.00749793 0.000320696 -9.07419e-05 -0.00746402 -0.000331645 2.18471e-05 -0.00738927 
-0.000323223 6.26668e-05 -0.00749565 -9.88197e-05 -3.05652e-05 -0.00754115 -0.000200558 6.15548e-05 -0.00748981 
-9.60588e-05 6.26134e-05 -0.00749347 -1.48213e-05 4.37827e-05 -0.00758677 9.23241e-05 7.94083e-05 -0.00754387 
0.000133201 -1.8317e-05 -0.00759055 0.000218959 4.59415e-05 -0.00752386 0.000137485 -2.41791e-05 -0.0074812 
0.00033104 1.92792e-05 -0.00741039 -0.000274031 0.000187914 -0.00746118 -0.000313003 0.000117413 -0.00738232 
-0.000153097 0.000181077 -0.00752988 -2.21067e-05 0.000133687 -0.00752884 9.46546e-05 0.000183637 -0.00758149 
0.000308486 0.000115279 -0.00744968 0.000254113 0.000212466 -0.00746293 -0.000229823 0.000239347 -0.00738754 
-0.000133261 0.000304867 -0.00736814 -4.78623e-05 0.000331093 -0.00743841 5.37166e-05 0.000327287 -0.00747291 
0.000179517 0.000278655 -0.00744469 -0.000146911 -0.000295924 -0.00727548 -0.000224923 -0.000240004 -0.00730963 
7.21074e-05 -0.000321596 -0.00727149 -2.26581e-05 -0.000330915 -0.00729258 0.000174404 -0.000287373 -0.00725114 
0.000181563 -0.000281484 -0.00735806 -0.000296816 -0.000149157 -0.00730415 -0.000180505 -9.06884e-05 -0.00739475 
-0.000139707 -0.000186204 -0.00739921 -8.83806e-05 -0.000106623 -0.00734258 -5.22341e-05 -0.000233241 -0.00740933 
5.60326e-06 -0.000190069 -0.00733886 0.000206824 -0.000105632 -0.00741357 0.000160364 -0.000183865 -0.00734407 
0.000100312 -0.000111571 -0.00744595 0.000294549 -0.000159699 -0.00725547 0.00023991 -0.000229945 -0.0072796 
0.00027244 -0.000193219 -0.0073537 -0.000322106 7.61168e-05 -0.00729846 -0.00033146 -1.92558e-05 -0.00729843 
-0.000224521 1.52892e-05 -0.00736972 2.39526e-05 -2.46523e-05 -0.00745349 1.55348e-05 -6.35358e-06 -0.0073481 
0.000238636 -1.37355e-05 -0.00744358 0.000138665 1.76091e-05 -0.00738266 8.97306e-05 -0.000107433 -0.00732187 
0.00033309 -6.2044e-05 -0.00729912 0.000329572 3.00598e-05 -0.00727293 -0.000284683 0.000176845 -0.00725708 
-0.00010861 0.000196404 -0.00743869 -0.000182461 0.000138222 -0.00737913 1.68775e-05 0.000120232 -0.00743372 
9.50744e-05 0.00021142 -0.0074317 0.00016568 0.000121557 -0.00745687 0.000130985 0.000182944 -0.00731634 
0.000283715 0.000173027 -0.00734617 0.000287306 0.000171439 -0.00723978 -0.000209758 0.000260701 -0.00729224 
-9.95759e-05 0.000315282 -0.00727516 -3.75144e-06 0.000332124 -0.00729776 1.5064e-05 0.000214324 -0.007362 
9.21814e-05 0.000323373 -0.00736063 0.00014421 0.00030075 -0.00723835 0.000219316 0.000246593 -0.00730978 
-8.10211e-05 -0.000320751 -0.00709082 -0.000168296 -0.000286447 -0.00710197 -7.36044e-05 -0.000320658 -0.00719426 
5.71343e-05 -0.000322954 -0.00713673 1.67156e-05 -0.000220499 -0.00723649 0.000226142 -0.000249623 -0.00712263 
-0.000246456 -0.000222561 -0.0072104 -0.000320776 -8.37499e-05 -0.00718111 -0.000262127 -0.000199706 -0.00711461 
-0.000219979 -9.49253e-05 -0.00726087 -9.13062e-05 -0.000201074 -0.00727284 -0.000118891 -0.000176561 -0.00714836 
-6.55671e-06 -0.000102676 -0.0072842 7.33314e-05 -0.00010526 -0.00722302 -5.58801e-05 -7.9693e-05 -0.00720006 
0.000203734 -0.000103768 -0.00728598 0.000152778 -0.000179158 -0.00724049 0.00027919 -0.000172872 -0.00716285 
0.000321175 -8.34295e-05 -0.00711479 -0.000335009 3.31622e-05 -0.00708458 -0.00032948 4.29427e-05 -0.00720917 
-0.000238312 -6.25456e-07 -0.00723109 -0.000148432 2.64423e-05 -0.00730359 -0.000137719 -9.19902e-06 -0.00720517 
-4.09005e-05 7.35346e-05 -0.00732016 2.27619e-05 -1.7509e-05 -0.00723841 -2.77227e-05 2.09139e-05 -0.00714934 
0.00011576 1.75374e-05 -0.00722823 0.000328865 3.67214e-05 -0.00717799 0.00023772 -7.87107e-06 -0.00725334 
-0.000245297 0.000223898 -0.00709677 -0.000302136 0.000133445 -0.00707291 -0.000109799 0.000157752 -0.00730895 
-0.000137975 0.000202218 -0.00715005 -0.000183469 0.000111132 -0.00716925 1.97148e-05 0.000139106 -0.0072527 
-3.84058e-05 0.000182935 -0.00716683 -7.1641e-05 8.68526e-05 -0.00722036 7.84607e-05 8.93881e-05 -0.00731882 
0.000202011 0.000118574 -0.00725998 5.68321e-05 7.61104e-05 -0.00716893 9.41635e-05 0.000175321 -0.0071474 
0.000191134 0.000125657 -0.00715399 0.000288812 0.000170616 -0.00713907 -0.000230725 0.000238423 -0.00719738 
-0.000114693 0.000311133 -0.00717772 -5.32026e-05 0.000331427 -0.0070998 4.16254e-05 0.000325648 -0.00716229 
-2.02428e-05 0.000240406 -0.00724866 0.000218566 0.000246038 -0.00720112 0.000138682 0.00030819 -0.00707449 
-0.000142853 -0.000299228 -0.00693552 6.35452e-05 -0.000323075 -0.00692915 -1.66287e-05 -0.000328471 -0.00699329 
0.000106035 -0.000319549 -0.00702612 0.000189679 -0.00027318 -0.00695647 -0.000319166 -8.97026e-05 -0.00702328 
-0.000247917 -0.00021487 -0.00697916 -0.00018896 -0.000112127 -0.00705892 -9.35351e-05 -8.39851e-05 -0.00707964 
-2.96737e-05 -0.000221246 -0.00707852 1.22503e-05 -0.000123406 -0.00713687 -9.34245e-06 -0.000112718 -0.00702444 
9.58671e-05 -0.000215002 -0.00714796 8.66573e-05 -7.98869e-05 -0.00705403 0.000183483 -0.000139486 -0.00703274 
0.000274626 -0.0001834 -0.00702966 0.000319976 -9.0269e-05 -0.00696624 -0.000331255 -1.93556e-05 -0.00695366 
-0.000322489 7.20279e-05 -0.00698836 -0.000217556 7.12954e-06 -0.00709774 -0.000120033 2.98645e-05 -0.00710978 
-0.000166445 2.58171e-05 -0.0070124 6.42898e-05 1.55952e-05 -0.00707614 -5.45251e-05 1.25448e-05 -0.00702793 
0.000197289 1.84878e-05 -0.00710514 0.00011525 -4.31686e-05 -0.00714637 0.000188756 7.00334e-05 -0.00701443 
0.000329057 3.11411e-05 -0.00693953 0.00032932 7.18597e-05 -0.00704143 -0.000289321 0.000155615 -0.00691048 
-0.000271275 0.000191813 -0.00700001 -7.17712e-05 0.000193993 -0.00705036 9.34883e-06 0.000139716 -0.00708319 
0.000137775 0.000179831 -0.00703075 7.64057e-05 8.74364e-05 -0.0069971 0.000235977 0.000228111 -0.0070359 
0.000280529 0.000177034 -0.00696602 -0.000100291 0.000315357 -0.00700143 -0.000174703 0.000277676 -0.00705608 
2.13045e-05 0.000334789 -0.00700895 0.000106476 0.000311811 -0.00697639 0.000191575 0.000275764 -0.00691268 
-0.000115667 -0.000307592 -0.00681078 -5.86977e-05 -0.000326963 -0.00689666 5.77371e-05 -0.000322925 -0.00682184 
0.000183126 -0.000279404 -0.00683274 -0.0002981 -0.000145788 -0.00690558 -0.000269442 -0.000192486 -0.00676916 
-0.000251936 -0.000217487 -0.00686934 -0.000308781 -0.000122877 -0.00680759 -0.000107245 -0.000202709 -0.00695345 
-0.000172869 -0.0001141 -0.00696037 -0.000159602 -0.000178023 -0.0068693 -0.000227772 -8.42344e-05 -0.0068631 
1.45252e-05 -0.000223027 -0.00694954 5.23282e-05 -0.000198642 -0.00683728 -3.55672e-05 -0.000124353 -0.00692254 
7.30535e-05 -9.34868e-05 -0.00694804 0.000112617 -0.00020618 -0.00700164 0.000185706 -0.000107594 -0.00691898 
0.000246025 -0.00022028 -0.00690063 0.000312962 -0.00011686 -0.00685791 -0.000330721 -2.92246e-05 -0.0067831 
-0.00032281 5.7772e-05 -0.00686845 -0.0001771 5.40348e-05 -0.00688608 -6.61103e-05 -5.16921e-06 -0.00691983 
1.82342e-05 5.66939e-05 -0.00690623 0.000231311 -4.45307e-05 -0.00698971 0.000104285 3.08279e-06 -0.00694014 
0.000209101 2.14834e-05 -0.0068588 0.000332111 -2.48457e-05 -0.0068367 -0.000274061 0.000188432 -0.00681762 
-0.000109681 9.85029e-05 -0.00695016 -0.000100246 0.000176538 -0.00688235 -2.08444e-05 0.000136356 -0.00698077 
6.44396e-05 0.000217685 -0.0069731 1.35371e-05 0.00018163 -0.00688581 0.000147568 9.97215e-05 -0.00686644 
0.000289865 0.000164085 -0.0068704 0.000252125 0.00022222 -0.00676598 -0.000229197 0.000239931 -0.00689045 
-0.000184091 0.000276434 -0.00680236 -9.84405e-05 0.00031576 -0.006835 5.49361e-05 0.000327127 -0.00680085 
-8.68676e-06 0.000332059 -0.00687757 0.000147238 0.000297557 -0.00681163 -0.000205829 -0.000260305 -0.00674095 
-8.25884e-05 -0.000320377 -0.00663843 -0.000198131 -0.000265989 -0.00664148 3.86821e-05 -0.000329694 -0.00662094 
-2.56664e-05 -0.000329093 -0.00673498 2.96603e-05 -0.00024099 -0.0067195 0.000132459 -0.000302654 -0.00673259 
0.000138933 -0.000300375 -0.00663425 -0.000297633 -0.000148643 -0.00668145 -0.000140665 -0.000139614 -0.00676301 
-9.39604e-05 -0.000218338 -0.00669699 -4.63689e-05 -0.000216649 -0.00680505 -2.81609e-05 -0.00010587 -0.00682435 
5.38487e-05 -0.000131602 -0.00675604 0.000159171 -0.000156628 -0.00682837 0.000145686 -0.000149536 -0.00670881 
0.00025378 -0.000213079 -0.00674983 0.000288203 -0.000168428 -0.00666533 0.000304479 -0.000134753 -0.00675834 
-0.000323179 5.74589e-05 -0.006736 -0.000332982 -4.98963e-05 -0.00667648 -0.000126011 -2.5557e-05 -0.0068075 
-0.000211333 -6.63787e-05 -0.00674498 -0.000132007 6.88511e-05 -0.00673776 -4.87864e-05 4.22796e-05 -0.00682937 
3.54361e-05 -2.12116e-05 -0.00682138 -2.30318e-05 -1.83583e-05 -0.00670393 0.000119877 -6.16235e-05 -0.00685931 
0.000123674 2.12842e-05 -0.00678581 0.00022717 -4.10221e-05 -0.00674884 0.000327568 -5.20644e-05 -0.00664964 
0.000330502 -2.71944e-05 -0.00674154 -0.000290793 0.000152525 -0.00661194 -0.000289121 0.000155903 -0.00671425 
-0.000172852 0.000153296 -0.0067931 5.91123e-05 0.000107965 -0.00681797 -3.8239e-05 0.000100131 -0.00671783 
-7.74824e-05 0.000206115 -0.00675318 6.38544e-05 0.000222326 -0.00672045 8.69151e-05 0.00021699 -0.0068193 
0.000204898 7.49949e-05 -0.00675493 0.000153778 0.000162099 -0.0067631 0.00031396 0.000110281 -0.00675689 
0.000321336 9.08606e-05 -0.00665059 0.000278781 0.000180834 -0.00666818 -0.000150606 0.000299429 -0.00668538 
-0.000227932 0.000241189 -0.00671975 -0.000228947 0.000240165 -0.00661979 -2.77178e-05 0.000327528 -0.00675073 
5.67023e-05 0.00032431 -0.00664026 0.000167132 0.00028782 -0.00671498 -0.000138803 -0.00030112 -0.00655819 
-1.74879e-05 -0.000328248 -0.00653843 8.39905e-05 -0.000320901 -0.00646152 0.000187371 -0.000271994 -0.00648463 
0.000236455 -0.000231401 -0.00660197 -0.000246008 -0.000223128 -0.00653717 -0.000298116 -0.000147698 -0.00649929 
-0.000212288 -0.000106331 -0.00664431 -9.20892e-05 -7.23098e-05 -0.00665407 -0.000104174 -5.68905e-05 -0.00655594 
-4.61823e-05 -0.000184356 -0.00660347 3.10742e-06 -9.40682e-05 -0.00661272 7.13765e-05 -0.000195331 -0.00662196 
0.000166135 -0.000157896 -0.00656807 0.000103324 -4.38735e-05 -0.00657664 0.00029282 -0.000156031 -0.00654915 
-0.000324297 -7.42988e-05 -0.00657321 -0.000324016 5.13827e-05 -0.00656984 -0.000331359 2.41269e-05 -0.00647347 
-0.000119104 2.5538e-05 -0.00663853 7.06228e-05 8.0491e-05 -0.00671393 8.94269e-05 -4.85714e-05 -0.00667845 
7.35355e-06 8.30781e-06 -0.00660763 0.000189415 -4.01185e-05 -0.00664408 0.000116021 6.17424e-05 -0.0065874 
0.000329498 -3.65998e-05 -0.00653683 0.000325755 5.91542e-05 -0.00650422 -0.000269086 0.000196016 -0.00650739 
-0.000125951 0.000173501 -0.00662255 -0.000192384 9.41584e-05 -0.00663004 1.02675e-05 0.000206716 -0.0066063 
9.21802e-07 0.00010684 -0.00657 0.000210182 8.75105e-05 -0.00665173 0.000106785 0.000159359 -0.00662305 
0.000273179 0.000181593 -0.00648146 0.000249899 0.000221058 -0.00657006 -9.70545e-05 0.00031597 -0.00653591 
-0.000186006 0.000275147 -0.00651573 -8.58036e-06 0.000332484 -0.00649482 -2.57484e-05 0.000327425 -0.00659986 
0.000104501 0.00031613 -0.00650464 0.000181403 0.000277091 -0.00655481 -8.27179e-05 -0.000320959 -0.00645672 
-9.35575e-05 -0.000318973 -0.00631688 -0.000143066 -0.000297874 -0.00639785 -0.000203913 -0.000261649 -0.0063286 
-9.14223e-06 -0.000332242 -0.00638437 0.000135939 -0.000298393 -0.00638009 0.000243322 -0.000230883 -0.00636306 
-0.000264472 -0.000196924 -0.00642611 -0.000297619 -0.000149349 -0.0063414 -0.000318786 -8.88573e-05 -0.00643073 
-0.000181944 -0.00013869 -0.00655294 -0.000136817 -0.000167808 -0.00644974 -6.00527e-05 -0.000215568 -0.0065085 
2.61279e-05 -0.000238427 -0.00645016 5.56603e-05 -0.000103377 -0.00646616 -5.42194e-05 -0.000112553 -0.00648892 
9.89821e-05 -0.000214243 -0.00651481 0.000163991 -0.000144418 -0.00646181 0.000267848 -0.000194674 -0.00645607 
0.000297541 -0.000156869 -0.00637166 -0.00032339 6.28958e-05 -0.0063534 -0.000330246 -3.31589e-05 -0.00631129 
-0.000224217 1.82698e-06 -0.00652728 -0.000227549 -6.34169e-05 -0.00639631 -0.000202561 3.12541e-05 -0.00642204 
-0.000119779 -3.07964e-05 -0.00644398 -0.000115731 8.06719e-05 -0.00642278 -4.25209e-05 1.32062e-05 -0.00649474 
0.000112825 -2.0947e-05 -0.00647935 0.000231776 -5.43498e-05 -0.00655174 0.000226083 6.91683e-05 -0.00644922 
0.000329721 2.92573e-05 -0.00641098 0.000326228 -6.66693e-05 -0.00643594 -0.000239299 0.000229908 -0.00641835 
-0.000304204 0.000131174 -0.00642489 -0.00013569 0.000179693 -0.00651236 -0.000106351 9.47382e-05 -0.00655953 
-0.000197099 0.000122394 -0.00636809 -0.000109028 0.00021829 -0.00639814 -2.72958e-05 0.000128012 -0.00645548 
7.88037e-05 7.40232e-05 -0.00649078 0.000209933 8.37776e-05 -0.00654748 0.000166402 0.000156675 -0.00648606 
9.54788e-05 0.000139776 -0.00640241 0.000234551 0.000230656 -0.00635124 0.000295016 0.000158406 -0.00636863 
-9.41628e-05 0.000316523 -0.00640766 -0.000174352 0.000277886 -0.00633837 -3.00835e-05 0.000235466 -0.006473 
7.77997e-05 0.000196118 -0.00652172 1.07207e-05 0.000336208 -0.00634513 0.000196046 0.000263411 -0.00645019 
0.000152599 0.000305745 -0.00635096 -0.000193216 -0.00026976 -0.00622999 -8.32912e-05 -0.00032013 -0.00622251 
5.75624e-05 -0.000322931 -0.00621026 -7.39697e-06 -0.00024411 -0.00623141 0.000188021 -0.000273772 -0.00616808 
0.000110755 -0.000312296 -0.00629245 0.000192239 -0.000270491 -0.00628802 -0.000298135 -0.000148033 -0.00622368 
-0.000124531 -0.000170548 -0.0062772 -0.000190897 -9.7949e-05 -0.00630949 -6.42045e-05 -0.000222903 -0.00634417 
-1.17314e-05 -0.000130404 -0.00637078 -3.69867e-05 -0.00012318 -0.00626713 0.000120084 -0.000197233 -0.00635329 
0.000171244 -0.000155436 -0.00627463 0.000132283 -7.91395e-05 -0.00637287 6.19793e-05 -0.000154848 -0.0062789 
0.000291191 -0.000159345 -0.00627194 -0.000326384 5.27031e-05 -0.0062494 -0.000331209 -1.98163e-05 -0.00618074 
-0.000216547 1.28199e-06 -0.00630259 -0.000110037 -9.37827e-06 -0.00632624 -0.000100277 4.81781e-05 -0.00622415 
-3.12304e-05 -3.58523e-05 -0.0063968 3.41455e-05 4.76822e-05 -0.00638893 2.72167e-05 -5.20443e-05 -0.00631723 
-5.64989e-06 5.45609e-05 -0.0062934 0.000242436 3.85067e-06 -0.00636998 0.000140878 2.39285e-05 -0.00638418 
0.000184639 -2.87746e-05 -0.00629096 0.000330215 -2.76654e-05 -0.00627013 -0.000298987 0.000138851 -0.00616882 
-0.000291111 0.000151875 -0.00627844 -0.000247944 0.000221419 -0.00619206 -0.000192738 0.000123338 -0.00626642 
8.67465e-06 0.000224122 -0.00635902 -8.57741e-05 0.000135609 -0.00632355 1.17728e-06 0.000151077 -0.00626301 
0.000210721 0.000103245 -0.00631536 0.000106231 0.000204398 -0.00629516 9.82439e-05 9.65895e-05 -0.00631149 
0.000319448 8.73382e-05 -0.00626623 0.000270297 0.000196371 -0.00628417 -0.000169366 0.000280909 -0.00619748 
-8.87618e-05 0.000317342 -0.00615684 -0.000102388 0.000314333 -0.00627974 4.97751e-05 0.000327936 -0.00616094 
7.64087e-05 0.000326701 -0.00625375 -1.83585e-05 0.000327613 -0.00623379 0.000181325 0.000277369 -0.00624582 
0.000232259 0.000232703 -0.00618407 -0.000147936 -0.00029664 -0.00606139 6.67467e-05 -0.000322123 -0.00604948 
-3.54082e-05 -0.000329809 -0.00609994 0.000109855 -0.000309355 -0.00612923 0.000220169 -0.000250207 -0.00605371 
-0.000268166 -0.000192675 -0.00608455 -0.000319085 -8.72771e-05 -0.00604644 -0.000139602 -0.000190455 -0.00616392 
-3.06113e-06 -0.000174313 -0.00610869 -8.81162e-05 -0.000100809 -0.00612973 2.12755e-05 -7.14973e-05 -0.0061019 
9.61558e-05 -0.000202489 -0.00614974 0.000184731 -0.000116488 -0.0061638 8.80012e-05 -0.000105203 -0.00618858 
0.000268754 -0.000206783 -0.00612801 0.000309064 -0.000114447 -0.0060923 -0.000326918 5.18368e-05 -0.00604821 
-0.000122734 -5.52653e-05 -0.00623498 -0.00022822 -1.54587e-05 -0.00617195 -0.000130649 -7.41235e-06 -0.00614222 
-1.7838e-05 -2.35663e-05 -0.00621256 -1.35981e-06 7.58691e-05 -0.00619503 9.2395e-05 1.91744e-05 -0.00623936 
0.000220633 2.85239e-05 -0.00621184 0.000132728 -2.28564e-05 -0.00615249 0.000166234 6.82457e-05 -0.00608904 
0.0002341 -1.84645e-05 -0.0061211 0.000331806 -2.37737e-05 -0.00604701 0.00033256 4.9703e-06 -0.0061426 
-0.000242918 0.000225273 -0.00609074 -0.000167852 0.000111402 -0.00615321 -0.000146338 0.000193546 -0.00609421 
-7.04064e-05 9.81802e-05 -0.00612528 -7.15717e-05 0.00021289 -0.00619759 3.4066e-05 0.000133244 -0.00610465 
-2.33323e-05 0.000227201 -0.00607739 0.00010077 0.000117398 -0.00618983 0.000121292 0.000182975 -0.00611711 
0.000320881 8.15979e-05 -0.00605027 0.000272729 0.00019108 -0.00602705 0.000296119 0.000146108 -0.00614298 
-0.000155503 0.000293831 -0.00608698 3.48314e-05 0.000220851 -0.00618814 -6.31971e-06 0.00033209 -0.0060469 
0.000173443 0.000281166 -0.00612785 0.000182866 0.000276554 -0.00602114 -0.000128645 -0.000306244 -0.0059253 
-0.000204123 -0.000261457 -0.00586606 4.69596e-05 -0.000328636 -0.00589493 -3.75442e-05 -0.000329754 -0.00600011 
0.000139555 -0.000300041 -0.00588117 0.000185846 -0.000274282 -0.00595716 -0.000289296 -0.000169215 -0.00587859 
-0.000266692 -0.000194617 -0.00598524 -0.00031641 -0.000100743 -0.00594744 -0.000202727 -9.71996e-05 -0.00606731 
-0.000120885 -0.00017997 -0.00606582 -0.000165405 -0.000179256 -0.00597156 5.94667e-05 -0.000225918 -0.00600914 
-7.69778e-05 -0.00012768 -0.00599213 1.60235e-05 -0.000146149 -0.00594658 0.000143655 -0.00018168 -0.00606281 
0.000120407 -8.50548e-05 -0.00607465 0.000129601 -0.00014367 -0.00596393 0.000303807 -0.00014356 -0.00596491 
0.000301827 -0.000143635 -0.00586614 -0.000328506 -6.37362e-06 -0.00589972 -0.000242879 1.04123e-05 -0.00601316 
-0.000139233 6.36814e-05 -0.00600797 -0.000115737 -3.51792e-05 -0.0059719 3.8827e-05 3.50698e-05 -0.00607389 
-5.68275e-05 -1.50561e-05 -0.00607321 4.07486e-05 -4.79883e-05 -0.00600662 -1.75687e-05 3.76173e-05 -0.00598192 
0.000211718 -7.09366e-05 -0.00601061 0.000232622 3.32191e-05 -0.0059806 0.000119896 3.50069e-05 -0.00600326 
0.000331607 -6.01284e-07 -0.00590273 -0.000269028 0.000192008 -0.00598017 -0.000306976 0.000128487 -0.00586358 
-0.000317097 0.000112427 -0.00596624 -0.000214713 9.89349e-05 -0.00606381 -6.56054e-05 0.000218813 -0.00597954 
-0.0001698 0.00015619 -0.00597331 -5.93346e-05 0.000126851 -0.00602917 9.08643e-05 0.000205004 -0.00602262 
0.000155046 0.00012992 -0.00598572 0.000283785 0.000164996 -0.00588447 0.000320429 9.08339e-05 -0.00594766 
-9.43852e-05 0.00031676 -0.0059842 -0.000205972 0.000262753 -0.00588949 -7.68615e-06 0.000331982 -0.00594592 
-5.63715e-05 0.000331946 -0.00586072 7.66876e-05 0.000323154 -0.00599682 0.000184763 0.000277422 -0.00592227 
-8.12604e-05 -0.000320165 -0.00583841 -9.31908e-05 -0.000319339 -0.00572011 -0.000181234 -0.000283783 -0.00575585 
-1.84568e-05 -0.000328029 -0.00576547 0.000223535 -0.000245658 -0.00571489 0.00023067 -0.000242148 -0.00583144 
0.000129525 -0.000303438 -0.0057815 -0.000252724 -0.000214189 -0.00579122 -0.000316292 -0.00010144 -0.00573317 
-0.00032119 -8.26824e-05 -0.00583759 -0.000110533 -0.000127126 -0.00589688 -5.08383e-05 -0.00020239 -0.0058653 
1.83585e-05 -0.000233692 -0.00578739 0.000139045 -7.80364e-05 -0.00582267 0.000129804 -0.000197345 -0.00577941 
0.000306805 -0.000132583 -0.00575893 -0.000321846 7.26846e-05 -0.00578203 -0.00020902 -9.33647e-05 -0.00587391 
-0.000201213 3.75558e-05 -0.0059148 -9.90705e-05 5.16795e-05 -0.00591266 -2.78318e-05 -5.96044e-05 -0.00589412 
-6.5158e-06 7.33148e-05 -0.0058751 -9.76754e-05 -7.25391e-05 -0.00579668 0.000199171 -1.20839e-05 -0.00589299 
9.23334e-05 5.15734e-05 -0.00589973 0.000329773 -2.88673e-05 -0.00581191 0.000326918 5.44064e-05 -0.00573653 
-0.000285444 0.000178659 -0.00577956 -0.00011748 0.000188593 -0.005894 -0.000207504 0.00011584 -0.00585134 
1.63198e-06 0.000150385 -0.00594043 1.34656e-05 0.00017244 -0.00581133 8.88434e-05 0.000186878 -0.00590145 
0.000175487 0.000133987 -0.00583905 0.000263227 0.000202614 -0.00574589 -0.000142854 0.000299697 -0.00582873 
-0.000205715 0.000261467 -0.00576606 -1.09936e-06 0.000238754 -0.00588682 -5.11269e-05 0.00033241 -0.00573583 
6.94532e-05 0.000323527 -0.0057181 0.000171813 0.000277396 -0.00570903 0.000117335 0.000308025 -0.0058168 
0.000216589 0.000246131 -0.00582245 -0.000230042 -0.000239219 -0.00567057 -8.92819e-05 -0.000319382 -0.00561469 
5.6897e-05 -0.000323003 -0.00569448 4.26599e-05 -0.000329078 -0.0055962 0.000137819 -0.000301277 -0.00559172 
-0.000304209 -0.000129219 -0.00563137 -0.000190179 -0.000119385 -0.00576489 -0.000106898 -0.000110346 -0.00568317 
-1.86715e-06 -0.00015055 -0.00571067 0.000158172 -0.000107649 -0.00572349 0.000144991 -0.000192578 -0.00565046 
0.000319656 -8.60758e-05 -0.00564336 0.000278934 -0.00018462 -0.00566415 0.000241596 -0.000227593 -0.00557468 
-0.000331531 -1.44376e-05 -0.00568632 -0.000321728 7.60534e-05 -0.00562841 -0.000331603 -1.36791e-05 -0.00558634 
-0.000185314 1.77708e-06 -0.00577555 -9.42178e-05 6.4536e-05 -0.0057997 -0.000140749 4.09507e-05 -0.00567581 
-1.07433e-05 7.43657e-07 -0.0057757 4.9498e-05 -2.34156e-05 -0.00566952 -4.033e-05 3.00025e-05 -0.00567439 
9.25716e-05 4.16302e-05 -0.00575967 0.000203206 2.57356e-06 -0.00574139 4.84856e-05 -8.42639e-05 -0.00576792 
0.000217313 8.39637e-06 -0.0056421 0.000336427 1.0177e-05 -0.00565114 -0.000282616 0.000180652 -0.00567493 
-0.000175138 0.000111801 -0.00574881 -0.000132596 0.000185625 -0.00565316 -9.16185e-05 0.000171273 -0.00578307 
-5.72553e-06 9.82136e-05 -0.00574577 -4.20819e-05 0.000138399 -0.00564378 1.78195e-05 0.000231518 -0.00566785 
9.8511e-05 0.000168177 -0.00570942 0.000189392 0.000108381 -0.00572129 0.000200342 0.000105174 -0.00561145 
9.52797e-05 6.91647e-05 -0.00565837 0.00031658 8.73544e-05 -0.00559554 0.000236454 0.00022762 -0.0056029 
0.00029269 0.00015272 -0.00566466 -9.04896e-05 0.000316314 -0.0056417 -0.000206162 0.000261633 -0.00566457 
-0.000227801 0.000241226 -0.0055706 -2.95183e-05 0.000329306 -0.0055523 7.71892e-05 0.000323127 -0.00561843 
0.000174579 0.00028142 -0.00556251 -0.00021394 -0.000248575 -0.00551795 -0.000134771 -0.000298554 -0.00547011 
-0.000224711 -0.000243487 -0.00541582 -4.30971e-05 -0.000329234 -0.00552668 5.102e-05 -0.000321921 -0.00549056 
-3.66889e-05 -0.0003297 -0.00541919 0.000222537 -0.000253294 -0.00542688 0.000180243 -0.000275592 -0.00550852 
0.000129097 -0.000303762 -0.00540386 -0.000276563 -0.000178754 -0.00548189 -0.000316969 -0.000114093 -0.00540994 
-0.000320408 -8.53666e-05 -0.00550559 -0.000215529 -9.08126e-05 -0.00549567 -1.22011e-05 -0.000223506 -0.00554017 
-8.09549e-05 -0.000168336 -0.00559848 5.56053e-05 -0.000138459 -0.00560005 -1.67951e-06 -0.00012451 -0.0055175 
0.000198941 -8.79404e-05 -0.00561804 0.000204166 -9.72907e-05 -0.00546852 0.000289002 -0.00016306 -0.00542408 
0.000315765 -0.000101449 -0.00549812 -0.000330905 3.10595e-05 -0.00549498 -0.000213724 2.3176e-05 -0.00554293 
-0.000226529 -6.42097e-05 -0.00563297 -0.000133022 -1.79752e-05 -0.00558701 -4.52208e-05 -5.43128e-05 -0.00561841 
-8.06963e-05 6.8539e-05 -0.00557502 1.14992e-05 1.91378e-05 -0.00557239 0.000100387 -2.60267e-05 -0.00552975 
0.00032822 3.43187e-05 -0.00549742 0.000329879 -3.27358e-05 -0.00540623 0.000216631 1.98712e-05 -0.00552936 
-0.000268202 0.000196268 -0.00548732 -0.000309727 0.000124809 -0.00553736 -0.000307033 0.000129321 -0.00542208 
-0.000147038 0.000176628 -0.00554137 2.30708e-05 0.000122737 -0.00556958 8.83954e-05 0.000196571 -0.00559109 
0.000128775 0.000192651 -0.00547031 0.000155016 0.000102154 -0.00552129 0.000280424 0.000177899 -0.00549315 
-8.72592e-05 0.000317832 -0.00545384 -0.000160624 0.000286919 -0.00550175 7.52979e-05 0.000323271 -0.00546645 
-2.1677e-05 0.000226704 -0.00555017 0.000181032 0.000282296 -0.00546353 -0.000231575 -0.000235683 -0.00528318 
-0.000145059 -0.000297601 -0.00532794 -4.25032e-05 -0.000329236 -0.00527032 3.30838e-05 -0.000330228 -0.00534765 
0.000126427 -0.000303082 -0.00529399 0.000191184 -0.000272827 -0.00533553 -0.000318503 -9.3172e-05 -0.00527903 
-0.000280772 -0.000170831 -0.00532839 -0.000171955 -8.36463e-05 -0.00539351 -0.0001237 -0.000171352 -0.00537147 
-0.000104982 -0.000119486 -0.00549659 -2.43511e-05 -0.000225676 -0.00540412 6.9373e-05 -0.000230485 -0.00536538 
-4.81357e-05 -0.000185719 -0.00529762 1.76042e-05 -9.4694e-05 -0.00542152 9.46879e-05 -0.000135608 -0.00547009 
0.000187434 -0.000129292 -0.00535619 0.000271543 -0.000189249 -0.00530544 0.000315705 -9.91377e-05 -0.0053022 
-0.000328534 8.5775e-06 -0.0053621 -0.000330652 3.57889e-05 -0.0052588 -0.000233158 -4.40875e-06 -0.00544095 
-0.000128998 3.84651e-05 -0.00545772 -0.000235245 4.57852e-05 -0.00534313 -7.50095e-05 -5.57032e-05 -0.00539531 
-0.000128794 4.64925e-05 -0.00533431 -4.56565e-05 -3.42387e-05 -0.0054884 5.23852e-05 1.53151e-06 -0.00543908 
-3.82914e-05 3.65516e-05 -0.00538485 0.000165307 4.51955e-05 -0.00543851 0.000140677 -8.78595e-06 -0.0053529 
0.000238163 -2.8709e-05 -0.00536472 0.00033256 5.03627e-06 -0.00529353 0.000329644 6.65569e-05 -0.00539803 
-0.000267095 0.000198099 -0.00526714 -0.000307386 0.000129272 -0.00532328 -0.000252893 0.000216244 -0.00538996 
-0.000203897 0.000111375 -0.00541878 -8.68815e-05 0.000131261 -0.0054169 -0.00016892 0.000165728 -0.00533808 
3.93427e-06 0.000175491 -0.00544075 -2.84329e-05 6.62307e-05 -0.00548417 6.23975e-05 0.00023278 -0.00536487 
0.000181001 0.000144981 -0.0053889 6.68447e-05 0.000100659 -0.00547001 7.61132e-05 0.000126418 -0.00536768 
0.000290077 0.000169181 -0.0053982 0.000241543 0.000228309 -0.00527093 0.00030386 0.000120211 -0.00530391 
-0.000154581 0.00029148 -0.00533943 -5.73545e-05 0.000327563 -0.00535679 4.29539e-05 0.000329749 -0.0053477 
-5.491e-05 0.000211559 -0.00536688 0.000155953 0.000296138 -0.00536839 0.000229472 0.000236474 -0.00537315 
0.000176233 0.00028034 -0.00527804 -9.14463e-05 -0.000318771 -0.00518439 -0.000191539 -0.000270285 -0.00517815 
4.28721e-05 -0.000329116 -0.00515164 -1.90909e-05 -0.000233827 -0.00520799 0.000124965 -0.00030437 -0.00519922 
0.000191467 -0.000273684 -0.00520071 -0.00025397 -0.000207815 -0.00519585 -0.000322259 -7.81068e-05 -0.00518026 
-0.000169518 -0.000156394 -0.00526446 -0.000215449 -8.7319e-05 -0.00520472 -0.000101616 -0.000159142 -0.00519134 
3.34724e-05 -0.000112489 -0.0052736 8.43068e-05 -0.000186523 -0.00521072 0.00016723 -0.000172989 -0.00526871 
0.000195225 -0.000124753 -0.00518242 0.000270492 -0.000184276 -0.00511987 0.000291924 -0.000162011 -0.0052221 
0.000321531 -9.28338e-05 -0.00509924 -0.000330331 2.30275e-05 -0.00512112 -0.000234455 1.78963e-05 -0.00520769 
-0.000230932 -4.58342e-05 -0.00529862 -0.000147341 -1.29711e-05 -0.0052464 -5.7162e-05 -4.12298e-05 -0.00529412 
4.25451e-05 -2.17776e-06 -0.00533472 2.61947e-05 6.1007e-06 -0.00522769 0.000123365 -6.7911e-05 -0.00526644 
0.000105551 5.40184e-05 -0.0052796 0.000226775 -7.3163e-05 -0.00526331 0.000181877 9.95163e-06 -0.00522481 
0.000328951 3.4765e-05 -0.00511143 0.000328684 -5.465e-05 -0.00519708 -0.00031568 9.28166e-05 -0.00518534 
-0.000265387 0.000201278 -0.0051624 -0.00013069 0.000200566 -0.00519957 -0.000174087 0.000116741 -0.00523278 
-5.24345e-07 0.000109006 -0.00530319 -3.66249e-05 0.000224965 -0.0052685 -6.80964e-05 8.76333e-05 -0.00523151 
6.80333e-05 0.000217149 -0.00524514 6.04372e-05 0.000117288 -0.00521543 0.000142088 0.000174859 -0.00529818 
0.000201343 8.96506e-05 -0.00528184 0.00016683 0.000166743 -0.00517842 0.000283555 0.000173978 -0.00520255 
0.000320867 8.64491e-05 -0.00521354 -0.000185656 0.000275484 -0.00514194 -9.89744e-05 0.000315404 -0.00523901 
-9.29314e-05 0.00031721 -0.00511797 -0.000185575 0.000275599 -0.00524193 6.33462e-05 0.000323478 -0.00524998 
3.96577e-05 0.000330944 -0.00515507 0.000223921 0.000242373 -0.0051118 0.000138373 0.000306793 -0.00517354 
-0.000214079 -0.000248489 -0.00508496 -9.47523e-05 -0.000318154 -0.00497927 3.41718e-05 -0.000330052 -0.00495262 
-6.20877e-05 -0.00033208 -0.00507468 4.82401e-05 -0.000328372 -0.0050515 -1.38613e-05 -0.00024173 -0.00509182 
0.000186043 -0.000275414 -0.00504061 0.000125482 -0.000304348 -0.00497788 0.00023469 -0.000235388 -0.00497165 
-0.000299981 -0.000149469 -0.00497083 -0.000299984 -0.000144492 -0.00506898 -0.000191543 -0.000146919 -0.00512109 
-0.000113639 -0.000214903 -0.0051057 -0.000137044 -7.45447e-05 -0.00507365 -8.81412e-05 -6.06062e-05 -0.00516086 
-7.40076e-06 -0.00012617 -0.00517665 -5.30162e-05 -0.000138686 -0.00505945 3.25385e-05 -9.07173e-05 -0.0050798 
0.000183215 -0.000151238 -0.00508089 9.47754e-05 -0.00022529 -0.00505158 0.000277801 -0.000174986 -0.0050207 
-0.000331857 -8.36031e-06 -0.00502851 -0.000223559 -2.90509e-05 -0.005107 -0.000111659 3.71328e-05 -0.00515133 
-8.51221e-05 8.98603e-05 -0.00504577 -1.56729e-05 8.43434e-05 -0.00512108 -4.7389e-05 -2.69141e-06 -0.00508303 
8.56621e-05 -8.32523e-05 -0.00517222 0.000233456 -3.61929e-05 -0.00508859 9.5274e-05 4.66281e-05 -0.00514197 
0.00013342 -3.00483e-05 -0.00508116 0.000331165 2.81098e-05 -0.00501201 -0.000268559 0.000196085 -0.0049801 
-0.000300754 0.000136602 -0.00508478 -0.000200841 0.000114151 -0.00508407 -0.000108672 0.000198514 -0.00510063 
-3.3349e-05 0.000177547 -0.00517628 7.32042e-05 0.000170992 -0.0051247 -1.94208e-07 0.000155246 -0.00505173 
7.82045e-05 0.00021487 -0.00501572 0.000210232 8.5846e-05 -0.00512049 0.000158428 0.000174801 -0.00506507 
0.000206667 0.000101002 -0.00499653 0.000287517 0.000164698 -0.00505806 0.000306391 0.00013656 -0.00496845 
-0.000231053 0.000238061 -0.00505817 -0.000153847 0.00029421 -0.00497905 -4.97195e-05 0.000332537 -0.00499475 
5.20616e-05 0.000327815 -0.0050571 -3.28828e-06 0.000243941 -0.00510033 0.000109452 0.000311292 -0.00497901 
0.000155147 0.000292267 -0.00508178 0.000231659 0.000234254 -0.00497216 -0.000205402 -0.00026055 -0.00494479 
-0.000212622 -0.000254741 -0.00482214 -8.82399e-05 -0.000318728 -0.00488559 6.55554e-05 -0.000324593 -0.00485331 
-2.92683e-05 -0.000235425 -0.00499077 0.000192071 -0.000271325 -0.0048898 -0.000263218 -0.000197788 -0.00489892 
-0.000122387 -0.000205938 -0.00495765 -0.000104323 -0.000100316 -0.00497913 -0.000161839 -0.000149423 -0.00485469 
-3.70501e-06 -0.000104781 -0.00497476 5.84082e-05 -0.000228679 -0.0049432 -6.26761e-05 -0.00012404 -0.00487177 
4.90139e-05 -0.00014093 -0.0048825 0.000146315 -0.000158234 -0.00498512 0.000215263 -8.34775e-05 -0.00494603 
0.000162501 -0.000170731 -0.00488131 0.000294052 -0.00015383 -0.00492875 0.000286407 -0.000163993 -0.0048013 
-0.00032543 -5.90848e-05 -0.00490271 -0.000323411 5.57177e-05 -0.00480333 -0.000200181 -2.94357e-05 -0.00498509 
-0.000148506 4.64781e-05 -0.00493711 -0.000112521 -3.85175e-05 -0.00489866 3.0139e-05 5.31672e-05 -0.00502108 
-4.94417e-05 -6.36875e-06 -0.00497961 0.000122656 3.01908e-05 -0.00498529 9.08753e-05 -7.21919e-05 -0.00498426 
0.000214428 2.90472e-05 -0.00487618 0.00032561 4.9689e-05 -0.00485153 0.000327501 -5.39634e-05 -0.00481371 
0.00033044 -3.05584e-05 -0.00492936 -0.000320636 8.21844e-05 -0.00494218 -0.000303038 0.000135301 -0.00485687 
-0.000259208 0.000213188 -0.00487966 -0.00021732 0.000107738 -0.00498436 -0.000115978 0.000173599 -0.00499399 
-0.000174219 0.000156569 -0.00490723 -3.46774e-05 0.000213067 -0.00494714 -3.83836e-05 0.000108989 -0.00495295 
0.000142631 0.000169467 -0.00493229 6.40862e-05 0.000102802 -0.00494132 0.000283718 0.000166201 -0.00483453 
-0.000171022 0.000280044 -0.00485573 -9.05263e-05 0.000317542 -0.00489669 5.83509e-05 0.000326572 -0.00489493 
5.275e-05 0.000189075 -0.00488913 0.000181615 0.000277339 -0.00488567 0.000118494 0.000308146 -0.00481185 
-0.00019804 -0.000266303 -0.0047164 -0.000119175 -0.000310684 -0.00478708 -0.000115947 -0.00031194 -0.00466711 
5.63617e-05 -0.000324632 -0.00471464 -4.28677e-05 -0.000329092 -0.00472529 6.38853e-06 -0.000239885 -0.00485153 
0.000173931 -0.000286576 -0.00477141 0.000236753 -0.00023736 -0.00472223 -0.000320629 -8.47639e-05 -0.00479236 
-0.000273034 -0.000186842 -0.00468544 -0.000273629 -0.000185893 -0.00478722 -9.4513e-05 -0.000214927 -0.00480666 
-0.000215884 -0.00010688 -0.00475726 -8.55831e-05 -0.00020796 -0.00470458 -6.96556e-06 -0.000168359 -0.00476916 
9.2287e-05 -0.000169517 -0.00479329 0.000187389 -0.000132897 -0.00477956 0.000286676 -0.000162875 -0.00470315 
-0.000330469 -3.54892e-05 -0.00470804 -0.00022686 2.40645e-05 -0.00480397 -0.00022725 -6.49275e-05 -0.00486273 
-0.000117581 5.06958e-05 -0.00484032 -0.000125097 -5.39024e-05 -0.00479657 -1.7595e-06 -7.5178e-06 -0.00488864 
-4.24224e-05 -5.97465e-05 -0.0047404 3.3307e-05 -5.61237e-05 -0.00480604 -1.7098e-05 3.50241e-05 -0.00478273 
0.000136028 -5.66623e-05 -0.0048799 7.27066e-05 5.13889e-05 -0.00484878 0.000329148 -4.02431e-05 -0.00471777 
0.000328512 3.88735e-05 -0.00473645 0.000231897 4.06061e-05 -0.00477795 -0.000293519 0.000148002 -0.00474645 
-0.000239743 0.000229507 -0.00476847 -8.45539e-05 0.00021137 -0.00484315 -8.5548e-05 0.000101034 -0.00474261 
-0.000162094 0.000165659 -0.00479359 -7.94404e-05 0.000205569 -0.00472619 -9.56718e-06 0.000137982 -0.00482782 
5.57978e-05 0.000236292 -0.00476471 0.000141542 0.000138018 -0.00478146 0.000315597 9.01792e-05 -0.00466182 
0.000280943 0.000169256 -0.00473734 -0.000233897 0.000235446 -0.00466774 -0.000168656 0.000281465 -0.00475617 
-2.1938e-05 0.00032796 -0.00474526 4.93354e-05 0.000324969 -0.00464665 0.000227754 0.00023506 -0.0046557 
0.000144194 0.000303744 -0.0046548 0.000225738 0.000242077 -0.0047684 -8.72153e-05 -0.000319321 -0.00457112 
-0.000165158 -0.000284114 -0.00459688 4.51358e-05 -0.00032877 -0.00461541 4.14097e-05 -0.00022514 -0.00463836 
0.000161076 -0.0002911 -0.004616 0.000236623 -0.000232138 -0.00462237 -0.000317856 -0.000111706 -0.00464456 
-0.0003015 -0.000142473 -0.00454198 -0.000252871 -0.000221878 -0.00458459 -0.000170806 -0.000153136 -0.00468048 
-1.07794e-05 -0.000110377 -0.00465262 0.000319736 -0.000103942 -0.00451817 0.000266496 -0.00019828 -0.00452749 
0.000318826 -9.10999e-05 -0.00463236 -0.000331341 -1.84644e-05 -0.00460976 -0.000242327 3.08029e-05 -0.00457469 
-0.000175816 2.71551e-05 -0.0047121 -0.000116687 -5.82061e-05 -0.00464825 -0.000147132 3.51324e-05 -0.0046153 
-4.76927e-05 2.33711e-05 -0.00464352 7.31946e-05 -5.53404e-05 -0.00470996 5.01036e-05 4.68148e-05 -0.00466694 
0.000173538 -6.55584e-05 -0.00469819 0.000119715 3.53399e-05 -0.00474356 8.82436e-05 -0.000108 -0.00462613 
0.000204259 -7.43146e-05 -0.00457645 0.00033056 3.2494e-05 -0.00458343 0.0002339 5.98457e-05 -0.00461224 
-0.00032091 8.05517e-05 -0.00453816 -0.000268054 0.000196681 -0.00458248 -0.000320543 8.21518e-05 -0.00463622 
-0.000186752 0.000136542 -0.00465908 -0.000115027 0.000205098 -0.0046006 -2.83069e-05 0.000173041 -0.00464514 
9.63925e-05 0.000183785 -0.00466498 0.000154069 0.000154434 -0.00458311 0.000288838 0.000160051 -0.00451737 
-0.000139636 0.000305865 -0.00464149 -0.000197942 0.000271001 -0.00457043 -4.61253e-05 0.000332639 -0.0046096 
-3.9913e-05 0.000331834 -0.00451106 6.67791e-05 0.000322824 -0.0045467 0.000219628 0.000244836 -0.00455314 
-0.000162009 -0.000287396 -0.0044349 -3.56672e-05 -0.000329239 -0.00445344 3.70778e-05 -0.000329672 -0.00438509 
0.000184296 -0.000276198 -0.00437061 0.000142337 -0.000297918 -0.00447307 -0.000239846 -0.000229569 -0.00448096 
-0.000321861 -7.97397e-05 -0.00436213 -0.000300069 -0.000146583 -0.00443316 -0.000251837 -0.00022338 -0.00437283 
-6.92662e-05 -0.000104459 -0.00456375 2.51119e-05 -0.000158296 -0.00454962 6.77273e-05 -0.000225852 -0.00445665 
-3.07246e-05 -0.000229699 -0.00447629 8.57634e-05 -7.69072e-05 -0.00451946 0.000125952 -0.000168322 -0.00454685 
0.000301796 -0.000135777 -0.0044198 -0.000331381 -1.83589e-05 -0.00444037 -0.000184699 -7.16579e-05 -0.00452819 
-7.93861e-05 4.79682e-05 -0.0045219 2.95364e-05 -2.00236e-05 -0.00457959 -1.61628e-05 -5.83838e-05 -0.0044905 
-6.90669e-06 0.000103587 -0.00447485 0.000124658 4.36632e-05 -0.0045853 0.000331217 -2.8006e-05 -0.00445671 
0.00032896 -3.67339e-05 -0.00436206 -0.000314394 9.6951e-05 -0.00439282 -0.000288369 0.000157657 -0.00449273 
-0.000261803 0.000200628 -0.00441835 -0.000203551 8.49305e-05 -0.00447721 8.35826e-06 0.000107707 -0.00457641 
9.0912e-05 0.000217452 -0.00453771 -5.08796e-05 0.000229604 -0.00452544 0.000209403 7.58492e-05 -0.0045118 
8.77476e-05 0.000114725 -0.00451046 0.000246811 0.000212955 -0.00438956 0.000319638 8.82532e-05 -0.0044225 
-0.00019213 0.000270959 -0.0044727 -0.000106566 0.000311225 -0.00443228 -0.000180706 0.000278983 -0.00437754 
-1.14297e-05 0.000327854 -0.00440821 0.000161632 0.000285704 -0.00446892 0.000137722 0.000305995 -0.00436853 
-0.0001425 -0.000299509 -0.00433789 -9.57411e-05 -0.000317829 -0.00421737 5.02129e-05 -0.00032409 -0.00421225 
-4.8393e-05 -0.000328541 -0.00430233 0.000185259 -0.000275696 -0.00427181 -0.000273029 -0.000186712 -0.00425274 
-0.000214011 -7.99746e-05 -0.00442904 -0.000148719 -0.000161445 -0.00441931 1.24015e-05 -0.000146678 -0.00441341 
6.44483e-05 -0.000215537 -0.00433544 2.5412e-05 -0.00011652 -0.00431547 0.000151541 -0.000147388 -0.00437223 
0.000272142 -0.000193376 -0.0043141 0.000316409 -9.24524e-05 -0.0042558 -0.000331593 -1.68942e-05 -0.00426725 
-0.000143933 4.05868e-07 -0.00445017 -0.000169621 7.34275e-05 -0.00424474 -9.41869e-05 3.13092e-05 -0.00434798 
-0.000220221 -3.96712e-05 -0.00431524 -0.000134885 -0.000105512 -0.00432843 -3.21486e-06 -9.36343e-06 -0.00437846 
0.000100712 -2.36611e-05 -0.00442599 0.000228815 3.07343e-05 -0.00441685 0.000229817 -7.71749e-05 -0.00437714 
0.000329628 3.08426e-05 -0.00430296 -0.00026628 0.000198757 -0.00432353 -0.000320843 7.88255e-05 -0.00428477 
-0.000286937 0.00015955 -0.00420313 -9.65196e-05 0.000153717 -0.0043737 1.27299e-05 0.000210458 -0.00441692 
-6.13637e-06 0.000110458 -0.00434002 -5.13433e-05 0.000205157 -0.0043008 7.57605e-05 0.000205666 -0.00428478 
0.000134715 8.05487e-05 -0.00441483 0.000269923 0.000183309 -0.0042625 -0.000156958 0.000289909 -0.00428632 
-6.45876e-05 0.000321975 -0.00421991 3.43749e-06 0.000332147 -0.00430672 0.000181123 0.000279144 -0.00420222 
0.000202652 0.000268094 -0.00430291 0.000119333 0.000306872 -0.00426987 -0.000196442 -0.00026768 -0.00408604 
-9.40937e-05 -0.000317897 -0.00411455 -0.00021568 -0.000247074 -0.00418634 2.81574e-05 -0.000330636 -0.00406931 
0.000108603 -0.000309564 -0.00412455 0.000192458 -0.000271672 -0.00415971 -0.000271097 -0.000188753 -0.00406492 
-0.000321936 -7.95676e-05 -0.00406642 -0.000321495 -8.13563e-05 -0.0041915 -0.000184795 -0.000112453 -0.00416795 
-0.000107354 -0.000216699 -0.004171 -4.45838e-05 -0.000206204 -0.0042905 4.95092e-05 -0.000158176 -0.00421397 
-8.69287e-05 -0.000105216 -0.00422045 0.000208732 -8.05892e-05 -0.00420346 0.000131745 -0.000193568 -0.0041134 
0.000116218 -8.36033e-05 -0.00413822 0.000273274 -0.00018543 -0.00405812 0.000307389 -0.000114873 -0.00413175 
-0.000329778 2.538e-05 -0.00404704 -0.000163905 -6.53263e-06 -0.00414574 -6.68391e-05 8.04597e-05 -0.00425488 
1.37219e-05 -3.22584e-05 -0.0042599 -3.72915e-05 -4.26876e-06 -0.00416823 0.000129163 -5.94048e-05 -0.00428469 
9.05216e-05 2.9264e-05 -0.0043363 0.000160153 1.31516e-05 -0.00418575 0.000332645 8.31786e-06 -0.00415969 
0.000328557 3.57617e-05 -0.00405357 0.000331897 -6.28762e-05 -0.00405237 -0.000318484 8.8095e-05 -0.00411785 
-0.000267652 0.000197525 -0.00404854 -0.000174584 0.000167489 -0.00420746 -7.50817e-05 0.000187606 -0.00419311 
2.36129e-05 0.000209737 -0.0041994 0.000169136 0.000131023 -0.00419457 0.000288135 0.000164726 -0.00408208 
0.000315554 0.000102271 -0.00417781 0.000237326 0.000227247 -0.0041738 -0.000181639 0.000278179 -0.00406897 
-0.000167079 0.000282335 -0.00417934 6.00194e-05 0.000326182 -0.00418957 6.69182e-05 0.000322658 -0.0040542 
-6.61025e-05 0.000321604 -0.00412021 0.000181143 0.000276918 -0.00404935 -0.000208543 -0.000257979 -0.00393203 
-0.000101569 -0.000316042 -0.00401488 7.3367e-05 -0.000325728 -0.00395988 -2.4274e-05 -0.000328391 -0.00397803 
2.17958e-05 -0.000205744 -0.00409708 0.000151444 -0.000292145 -0.00402151 0.000139839 -0.000299813 -0.00389547 
-0.000271106 -0.000188773 -0.00396785 -0.000303206 -0.000133604 -0.00390275 -0.000110652 -0.000209043 -0.00403892 
1.58676e-05 -9.77969e-05 -0.0041238 1.26542e-05 -0.000138494 -0.00400978 0.000132919 -0.000194851 -0.00400539 
0.000308477 -0.000111517 -0.00396608 -0.000325865 -5.57853e-05 -0.00396939 -0.000113494 9.51274e-05 -0.00416181 
-0.000133679 -4.8425e-05 -0.00403829 -0.000228083 -7.29175e-07 -0.00401486 -7.98202e-05 4.76041e-05 -0.00408062 
0.000210195 7.35802e-05 -0.00409783 7.15757e-05 4.85348e-05 -0.00413616 7.10233e-05 -5.81781e-05 -0.00403172 
0.000111117 4.07778e-05 -0.00400559 0.000225063 -1.13586e-05 -0.00397302 0.000329845 3.06812e-05 -0.00391008 
-0.000319446 8.61478e-05 -0.00397302 -0.00027814 0.000186755 -0.0039468 -0.000214416 0.000113686 -0.00413197 
-0.000199466 0.000116234 -0.00398646 -2.3258e-06 0.000123324 -0.00411684 -3.87836e-05 0.000219285 -0.00408657 
9.31905e-05 0.000208885 -0.00408994 8.62823e-05 0.000139712 -0.00401361 0.000274919 0.000182231 -0.00392245 
0.0003045 0.000112951 -0.00399056 -9.90147e-05 0.000314903 -0.00402832 -0.000197729 0.000270729 -0.003946 
5.67843e-05 0.000326935 -0.003933 -4.10619e-05 0.000332689 -0.00395062 -5.82073e-07 0.000224244 -0.00398719 
0.00021511 0.000248854 -0.00395051 -0.000212274 -0.000254972 -0.0038113 -9.72757e-05 -0.000317361 -0.00386977 
4.04692e-05 -0.000329284 -0.00385933 -6.44187e-05 -0.000330739 -0.00376991 -5.24157e-06 -0.000219473 -0.00394941 
0.000187555 -0.000275305 -0.00376223 0.000118447 -0.000307081 -0.00380082 0.000234483 -0.000239983 -0.0038896 
-0.000319739 -8.89428e-05 -0.00381615 -0.000276356 -0.000178651 -0.0038178 -0.000206239 -6.30814e-05 -0.00392626 
-0.000106996 -0.000214656 -0.00392945 -0.00010371 -0.00010846 -0.00396383 4.50852e-05 -0.000197643 -0.00383619 
0.000173402 -9.64669e-05 -0.00395434 0.000283067 -0.000167223 -0.00375782 0.000298424 -0.000156716 -0.00385808 
-0.000331657 -1.13663e-05 -0.003878 -0.000327163 5.52371e-05 -0.00380152 -0.000102424 -3.97343e-06 -0.00393535 
-0.000169873 8.13355e-05 -0.00389325 -1.79781e-05 5.8526e-05 -0.0039703 -2.736e-05 -4.36195e-05 -0.00402198 
4.95123e-05 -7.74216e-06 -0.00392233 0.000329225 2.6919e-05 -0.00374992 0.000330688 -6.4044e-05 -0.00377345 
0.000328186 -4.04375e-05 -0.00387027 -0.000308011 0.000130172 -0.00387065 -0.000169743 0.000174515 -0.00385599 
-8.99153e-05 0.000148295 -0.00401219 -1.28065e-05 0.00020613 -0.0038889 0.000190461 8.06196e-05 -0.00386019 
9.63552e-05 0.000222275 -0.00394262 6.37032e-05 9.71535e-05 -0.00390719 0.000278892 0.000171758 -0.0038091 
-0.000232426 0.000234832 -0.00379324 -0.000136874 0.00030245 -0.00387343 -1.96572e-06 0.000332148 -0.00375732 
7.63701e-05 0.000322317 -0.00382716 -4.06205e-05 0.000332638 -0.00384977 0.000178007 0.000276975 -0.00386433 
0.000145478 0.000303202 -0.00375503 -0.000164742 -0.000289018 -0.00360426 -0.00013397 -0.000304115 -0.00369805 
4.71687e-05 -0.000324552 -0.00362763 3.83483e-05 -0.00032951 -0.00372697 0.000190923 -0.000271854 -0.00359399 
0.000130843 -0.000303654 -0.00367665 -0.000314169 -0.000113607 -0.00370041 -0.000300653 -0.000146597 -0.00360537 
-0.000268228 -0.000191599 -0.00370002 -0.000160345 -0.000115767 -0.00383564 -9.66631e-05 -0.000205106 -0.00382101 
-0.000180562 -8.01019e-05 -0.00374197 -0.000161918 -0.000175692 -0.00371125 -3.1963e-05 -0.000184411 -0.00370881 
0.000164931 -0.000175057 -0.00377572 0.000196309 -5.26353e-05 -0.00378557 8.55374e-05 -0.000209679 -0.00366342 
0.000130934 -9.12312e-05 -0.00371421 0.000316694 -9.25495e-05 -0.00360712 0.000247646 -0.000219218 -0.00364869 
-0.000331673 -3.73944e-05 -0.00361205 -0.00033184 -6.15635e-06 -0.00372274 -0.000229024 1.47765e-05 -0.0037229 
8.58479e-05 -5.59415e-05 -0.00379838 -3.46812e-05 -1.61848e-05 -0.00380282 -5.63567e-05 7.33804e-05 -0.00375175 
0.000204331 4.44848e-05 -0.00376427 0.000229767 -9.0206e-06 -0.00366601 -0.000289626 0.000154845 -0.00371166 
-0.000300041 0.000140366 -0.00361131 -0.000248668 0.000227077 -0.00361464 -6.91463e-05 0.000197383 -0.00368096 
-5.70851e-06 0.000121505 -0.00382588 -3.94588e-05 0.00022556 -0.00378074 7.23553e-05 0.000207183 -0.00374303 
9.9757e-05 5.49071e-05 -0.00378204 0.000100376 0.000119696 -0.00370437 0.000284243 0.000165959 -0.00369516 
0.000319082 8.53604e-05 -0.00367598 -0.000176375 0.000280455 -0.00366808 -0.000113322 0.000308189 -0.00373371 
2.64226e-05 0.000333176 -0.00366174 0.000218487 0.000249796 -0.00362064 0.000228157 0.00024175 -0.00372939 
0.000133354 0.000305596 -0.00361593 -0.000217853 -0.000250408 -0.00352909 -0.000133374 -0.000304496 -0.0035106 
-4.91677e-05 -0.00032832 -0.00357194 4.10977e-05 -0.00032925 -0.00352907 0.000204174 -0.000263211 -0.00347496 
-0.000301302 -0.000144514 -0.00350718 -0.000201005 -0.000118996 -0.00362236 3.33928e-05 -9.90871e-05 -0.00366634 
4.66264e-06 -0.000199829 -0.00360196 -9.14063e-05 -0.000146533 -0.00358079 2.62551e-05 -8.83395e-05 -0.00355817 
0.000157267 -0.000172577 -0.00358601 0.000267742 -0.00018842 -0.00353051 0.000316104 -9.592e-05 -0.00347084 
-0.000325356 -5.74936e-05 -0.00349507 -0.000174145 -1.11602e-05 -0.00362348 -0.000108501 3.42364e-05 -0.00354986 
-0.000110579 6.11276e-05 -0.00366017 -6.48285e-05 -3.09048e-05 -0.00368498 -4.12531e-06 3.96459e-05 -0.00358652 
0.000156629 -6.10748e-05 -0.00359875 9.64139e-05 2.13866e-05 -0.00363411 0.000202179 2.21989e-06 -0.00353556 
0.000328524 -2.97793e-06 -0.00356876 -0.000254711 0.000218842 -0.0035051 -0.000320014 7.99467e-05 -0.00350724 
-0.00019565 0.00010879 -0.00369424 -0.00016324 0.00016939 -0.00350105 -0.000210659 9.96473e-05 -0.003564 
3.08122e-05 0.000226335 -0.00364362 4.26242e-05 0.000127732 -0.00361968 0.000218145 9.09046e-05 -0.00362592 
0.000245193 0.000217877 -0.00352116 0.000317984 9.08212e-05 -0.0035318 -0.000155363 0.000289786 -0.00352713 
-7.86309e-05 0.000318647 -0.00358174 6.28538e-05 0.000322739 -0.00352994 0.000152676 0.00029551 -0.00351137 
-0.000147451 -0.000297104 -0.00336006 -0.000215146 -0.000252833 -0.00341673 -3.16875e-05 -0.000328436 -0.00341942 
-2.13997e-05 -0.000219125 -0.00349896 8.24695e-05 -0.00032187 -0.00343862 0.000110439 -0.000310627 -0.00333214 
0.00023572 -0.000232991 -0.00338466 -0.000316743 -0.000108251 -0.00337894 -0.000267704 -0.000192036 -0.00332129 
-0.000275539 -0.000183431 -0.00342063 -0.000203599 -9.22978e-05 -0.00351571 -0.000150601 -0.000184999 -0.00346402 
-0.000215872 -7.39315e-05 -0.00339236 -8.62881e-05 -7.6044e-05 -0.00348306 9.28903e-05 -0.000169594 -0.00349738 
1.48426e-05 -0.000137827 -0.00344325 0.000277471 -0.000175283 -0.00329316 0.00029491 -0.000159534 -0.00338555 
-0.000331766 -7.94802e-06 -0.00340883 -1.77776e-05 2.54087e-05 -0.00348707 6.06245e-05 -2.39085e-05 -0.00339958 
0.000129499 -6.81782e-05 -0.00349369 8.67565e-05 2.8434e-05 -0.00350871 0.000329435 -3.14849e-05 -0.00329831 
0.000331097 -2.95858e-05 -0.00341123 -0.00028417 0.000183812 -0.00339662 -8.39643e-05 0.000107152 -0.00348577 
2.16557e-05 0.000196064 -0.00352537 -6.13113e-05 0.000218312 -0.00343615 5.46581e-05 0.000114575 -0.0034192 
9.14343e-05 0.000216144 -0.00338526 0.00017467 0.000143448 -0.00349963 0.000272602 0.000185685 -0.00335914 
0.000315874 9.31695e-05 -0.00331765 0.000306432 0.000117185 -0.00342993 -0.000215301 0.000247951 -0.0033197 
-0.000200415 0.000266242 -0.00343117 -0.000114616 0.00030768 -0.00339691 7.36738e-05 0.000323584 -0.00340524 
-2.28368e-05 0.000329377 -0.00331995 -2.65809e-05 0.000329779 -0.00343827 9.56055e-05 0.000322669 -0.0033078 
0.00022473 0.000241333 -0.00330684 0.000219925 0.00024795 -0.00341675 -0.000157674 -0.000291769 -0.00315085 
-0.000213112 -0.000254383 -0.00322407 -9.80812e-05 -0.000317085 -0.00322244 1.96455e-05 -0.000331305 -0.00324499 
-4.95855e-05 -0.000328331 -0.00314355 7.0663e-05 -0.000322596 -0.00314283 -1.95099e-05 -0.000230139 -0.00336116 
0.000182228 -0.000273917 -0.00328772 0.000228854 -0.000240158 -0.00320918 0.000132046 -0.000303412 -0.00321134 
-0.000305421 -0.000127566 -0.00314308 -0.000319195 -9.16972e-05 -0.00328083 -0.000275914 -0.000182731 -0.00322393 
-9.76994e-05 -0.00018233 -0.00329626 -0.000141905 -7.2569e-05 -0.0033032 3.4416e-05 -0.000103 -0.00328531 
0.000143121 -0.000152289 -0.00336152 0.000118803 -0.000199514 -0.00322944 0.000316933 -9.98933e-05 -0.00315587 
0.000273455 -0.000181636 -0.0031531 -0.000328427 -4.72001e-05 -0.00319243 -0.000228342 -1.98959e-05 -0.0031918 
-0.000190342 9.28891e-05 -0.00339793 -0.000122034 4.07866e-06 -0.00337821 -3.35988e-05 -6.0496e-05 -0.00335967 
-5.70398e-05 4.52703e-05 -0.00327966 0.000237605 -4.21896e-05 -0.00335878 9.62526e-05 -1.2952e-05 -0.00330087 
0.000328521 3.70007e-05 -0.003236 -0.000319329 8.69463e-05 -0.00327524 -0.000306709 0.000132779 -0.00317018 
-0.00026237 0.00020072 -0.00321718 -0.00013728 0.000187004 -0.00335909 -3.3419e-05 0.000131579 -0.00336679 
7.27562e-05 0.000149657 -0.00330533 0.00014487 0.000105948 -0.00337638 0.000189687 0.000122891 -0.00326729 
0.000314919 9.77998e-05 -0.00316801 0.000270638 0.000198899 -0.00319925 -0.000137668 0.000301944 -0.00328729 
6.00099e-05 0.000326321 -0.00318503 -3.55111e-05 0.000332111 -0.0032134 0.000162336 0.000285373 -0.00321018 
-0.000108721 -0.000314164 -0.0030692 -2.65795e-05 -0.000330365 -0.00304259 0.000176626 -0.000282119 -0.00300587 
8.86027e-05 -0.000319701 -0.00303633 0.000225277 -0.000243349 -0.00309166 -0.000257757 -0.000208878 -0.00312968 
-0.000116916 -0.000203897 -0.00309251 2.72423e-05 -0.000222711 -0.00314982 -6.24091e-05 -0.00012695 -0.00321716 
0.00016867 -0.000138527 -0.00313025 0.000292357 -0.00015905 -0.00305375 -0.000330301 3.33954e-05 -0.00313584 
-0.000331652 -1.07408e-05 -0.0030463 -0.000233693 7.2243e-06 -0.0030889 -0.000141096 -0.000105287 -0.00312102 
-7.65667e-05 -1.73723e-05 -0.00318904 1.8264e-05 -1.89953e-05 -0.00313183 0.000112152 2.26256e-05 -0.00320868 
0.000220044 -2.83368e-05 -0.00313413 0.0001428 -3.00519e-05 -0.00307089 0.000330424 -2.70602e-05 -0.00309093 
-0.000319718 8.45108e-05 -0.00299925 -0.00027613 0.000189574 -0.00309217 -0.00028599 0.000170615 -0.0029955 
-0.000181153 9.16763e-05 -0.00314629 -0.000142898 0.000179706 -0.00324685 3.95072e-05 0.000160967 -0.0031018 
0.000130779 0.00016914 -0.00319326 0.000316065 9.09634e-05 -0.00304239 0.000271088 0.000189812 -0.0030358 
-0.000162619 0.000284935 -0.00311722 -0.000222993 0.00024172 -0.00301332 -1.7197e-06 0.000237791 -0.00317304 
1.03447e-05 0.000332086 -0.00301027 -7.63974e-05 0.000319868 -0.00307193 0.000165444 0.000281448 -0.00305454 
0.000235551 0.000236774 -0.00311625 -0.000175487 -0.000280877 -0.00285997 -9.55047e-05 -0.000317255 -0.00294299 
-2.29575e-05 -0.000331606 -0.00286297 3.54859e-05 -0.000329835 -0.00295245 8.35731e-05 -0.000204039 -0.00296357 
0.000178117 -0.000280525 -0.00286813 -0.000250892 -0.000217937 -0.00298561 -0.00030368 -0.000136021 -0.00297169 
-0.000168732 -0.000158831 -0.00295367 -1.12076e-05 -0.00011865 -0.00307077 -6.09627e-05 -0.000232854 -0.00301409 
0.00011167 -0.000215466 -0.00307953 0.000161156 -0.000138495 -0.00298051 0.000254611 -0.000220488 -0.00285084 
0.000248173 -0.000224875 -0.00298251 0.0002921 -0.000157444 -0.00292677 0.000307744 -0.000128884 -0.00283662 
-0.000322761 -6.46869e-05 -0.00291377 -0.000321739 6.4716e-05 -0.00286349 -0.000201887 -6.69865e-05 -0.00290391 
-0.000128672 -1.52863e-05 -0.00303823 -3.00399e-05 -3.08521e-05 -0.00302241 0.000136017 5.80104e-05 -0.00297149 
0.000336162 1.08351e-05 -0.00298379 0.000327938 -4.29078e-05 -0.00287581 -0.000288935 0.000156177 -0.00289928 
-0.000129293 0.000193081 -0.00299775 -0.000164546 7.73895e-05 -0.00297457 -4.92093e-05 8.55009e-05 -0.0031186 
7.56425e-05 0.000218695 -0.00294905 0.000266491 0.000205984 -0.00285333 0.000242023 0.000222045 -0.00295016 
0.00031867 8.83812e-05 -0.00291533 -9.18415e-05 0.000317655 -0.00295917 -8.96988e-05 0.000318774 -0.00285783 
-0.00021003 0.000258908 -0.00291362 -5.8641e-06 0.000328103 -0.00290707 0.000105783 0.000314108 -0.00286261 
0.000100736 0.00032064 -0.00296949 -9.55018e-05 -0.000317093 -0.00279613 -0.000161244 -0.000289017 -0.00273015 
-4.38061e-05 -0.000328223 -0.00271263 6.01769e-05 -0.000323289 -0.0027753 0.000135888 -0.000301767 -0.00271636 
0.000231869 -0.000240255 -0.00269073 -0.000304209 -0.000131008 -0.00274016 -0.000272193 -0.000186741 -0.0028061 
-0.000161134 -0.000111102 -0.00282154 -7.03532e-05 -0.000115244 -0.00295725 -5.98941e-05 -0.000191187 -0.00284019 
-5.34222e-05 -7.95748e-05 -0.0028158 0.000196519 -9.02449e-05 -0.00275556 0.000301377 -0.000141388 -0.00269489 
-0.000331465 -1.91917e-05 -0.00281098 1.17265e-05 1.41845e-05 -0.00277446 -5.05003e-05 2.10648e-06 -0.00292782 
0.000114682 -6.22189e-05 -0.00289355 0.000233986 2.3201e-05 -0.00290881 9.84177e-05 4.89225e-05 -0.002864 
0.00033639 -9.34724e-06 -0.00278177 -0.000318998 8.1276e-05 -0.0027116 -0.000282867 0.000166637 -0.00269574 
-0.000293942 0.000148915 -0.00280044 -0.000179216 0.000139786 -0.00286038 -0.000221349 8.6265e-05 -0.00276799 
-3.31822e-05 0.000194303 -0.00295307 8.45474e-05 0.00021029 -0.00279033 -4.40075e-05 0.000170264 -0.00281402 
2.25808e-05 0.000115668 -0.00290053 0.000179413 0.000149991 -0.00278484 0.000317723 9.50575e-05 -0.00277713 
0.000298216 0.000145857 -0.00269331 0.000236237 0.00022993 -0.00274064 -0.000116702 0.00031156 -0.00273889 
-0.000226908 0.000239006 -0.00279544 -1.34056e-05 0.000327796 -0.00277481 0.000169834 0.00028127 -0.00278694 
7.85201e-05 0.000321783 -0.00273892 -0.000201407 -0.000263941 -0.00264217 -0.000141028 -0.000300646 -0.00255584 
-0.000101857 -0.000316118 -0.00264649 4.62504e-05 -0.000324815 -0.00267835 -3.30466e-05 -0.000329046 -0.00258778 
0.00021583 -0.000252679 -0.00258897 0.000111988 -0.00030848 -0.00260951 -0.000321407 -8.06825e-05 -0.00265719 
-0.000304439 -0.000131252 -0.00255168 -0.000275554 -0.000182921 -0.00264511 -0.000243861 -0.000229478 -0.00254891 
-0.000144629 -0.000173782 -0.00273428 -0.000105439 -0.000216658 -0.00261625 -5.39974e-07 -0.000202784 -0.00273152 
-5.65658e-05 -0.00011526 -0.00268481 0.000108194 -0.0001489 -0.00279022 4.56053e-05 -0.000188083 -0.0026423 
0.000287509 -0.000162414 -0.00254047 -0.000331951 -5.83987e-07 -0.00257681 -0.000193894 -2.43752e-05 -0.00275573 
-0.000227518 2.7569e-05 -0.00266204 -6.11943e-05 2.94818e-05 -0.00268777 -0.000204896 -9.20789e-05 -0.00263338 
5.81204e-05 5.01422e-05 -0.00266669 0.000217025 1.45802e-05 -0.00277493 9.58808e-05 -3.6915e-05 -0.00279504 
0.000327288 -5.30597e-05 -0.00258365 0.000331366 -1.71948e-05 -0.0026825 0.000330372 6.57902e-05 -0.00261807 
-0.000253922 0.000212014 -0.00257597 -0.000318322 9.0587e-05 -0.00261179 -8.47315e-05 7.64622e-05 -0.00281345 
-0.000171399 0.000120935 -0.00267466 7.62526e-05 0.000108005 -0.00277475 -1.63163e-05 0.000174458 -0.00269851 
8.76632e-05 0.000172858 -0.00269724 0.00015632 8.92277e-05 -0.00270471 0.000237598 0.000227828 -0.00264223 
0.000295366 0.000145556 -0.00255688 -0.000137257 0.00030201 -0.00260546 -0.000210516 0.000253125 -0.00268313 
-4.51822e-05 0.00033336 -0.00256152 5.02648e-05 0.000325176 -0.00261587 -4.25016e-05 0.000333364 -0.00266403 
0.000135892 0.000305154 -0.00258309 0.000170636 0.000279786 -0.00267237 -0.000193054 -0.000267976 -0.00246924 
-0.00010271 -0.000315423 -0.00239207 -2.54687e-05 -0.000328315 -0.00244682 0.000104917 -0.000313343 -0.0024692 
0.000178468 -0.00028027 -0.00243236 0.000234418 -0.000230974 -0.00248135 -0.000277306 -0.000180285 -0.00243962 
-2.33635e-05 -0.000202647 -0.00250104 -4.33476e-06 -7.86641e-05 -0.0025981 0.000151839 -0.000138146 -0.00256847 
8.0092e-05 -0.000213849 -0.00248355 0.000311748 -0.000103107 -0.00241435 -0.000333063 -4.14559e-05 -0.00245075 
-0.000233854 -4.0169e-05 -0.00250383 -0.000175703 5.75596e-05 -0.00247914 -0.000130602 2.20595e-05 -0.00256933 
2.6222e-05 5.08257e-05 -0.00256675 0.000184043 5.98171e-05 -0.00260408 0.000228619 4.65129e-05 -0.00251175 
0.000328226 3.75866e-05 -0.0025225 0.00032856 -6.99691e-06 -0.00242646 -0.000303436 0.000138342 -0.00238427 
-0.000317947 9.10733e-05 -0.0024814 -0.000270511 0.000194307 -0.00246638 -0.000139013 0.000185009 -0.00255272 
-2.70389e-05 0.000158876 -0.00259282 7.43598e-05 0.000222915 -0.00256338 0.00024032 0.000228094 -0.00248531 
0.000303322 0.000139818 -0.00241636 -8.25629e-05 0.000319514 -0.00244916 -0.000205945 0.000264824 -0.00241994 
-0.000191577 0.000276399 -0.0025312 6.02944e-05 0.000322582 -0.00247741 0.000139069 0.000304332 -0.00241574 
0.00018067 0.000275361 -0.002513 -0.000201954 -0.000262958 -0.00232294 -6.94341e-05 -0.00032982 -0.00230012 
3.1812e-05 -0.000330164 -0.00236491 0.000175068 -0.000283361 -0.00232939 0.000105094 -0.000310733 -0.00226495 
0.000238245 -0.000231993 -0.0023773 -0.000303394 -0.00013946 -0.00234901 -0.000132973 -0.000162852 -0.00240132 
-7.61982e-07 -0.000231006 -0.00240275 -1.41905e-05 -9.01409e-05 -0.00239428 0.000186505 -0.000126882 -0.0023158 
0.000269318 -0.000193331 -0.0022807 -0.000331775 -8.63695e-06 -0.00230066 -0.000221896 -5.49167e-05 -0.00234111 
-0.000146447 -7.1709e-05 -0.00246449 -5.41382e-05 4.47169e-05 -0.00241681 -8.10539e-05 -2.47323e-05 -0.00234861 
6.87702e-07 -2.23182e-05 -0.00248607 0.000157331 -3.22035e-05 -0.00249082 0.000115387 7.16575e-05 -0.00244003 
0.000324778 -7.11162e-05 -0.00231825 0.000199522 1.50705e-06 -0.00240346 -0.000312922 0.000123818 -0.00227568 
-0.000109059 0.000201714 -0.00244867 -9.44137e-05 7.85695e-05 -0.00229724 4.19972e-05 0.000168232 -0.00228102 
-0.000110562 0.000211366 -0.00233514 1.56575e-05 7.30975e-05 -0.00233566 7.95409e-05 0.000163859 -0.00246421 
0.000136092 0.000187803 -0.00234298 0.000220241 8.07326e-05 -0.00232261 0.000247163 0.000210569 -0.00238335 
0.000283204 0.000170435 -0.00229496 0.000322566 7.89166e-05 -0.00233967 -0.000222569 0.000246084 -0.00232327 
-8.31932e-05 0.00031951 -0.00233286 -0.00017545 0.00028208 -0.00224288 -2.54462e-05 0.000330707 -0.00224388 
5.43805e-05 0.000324205 -0.00237289 0.000177456 0.000277588 -0.00230867 8.35512e-05 0.000321434 -0.00225732 
-0.000202426 -0.000263044 -0.00208628 -0.000100149 -0.000315985 -0.00220739 -0.000219124 -0.000249193 -0.0022261 
-2.07126e-05 -0.000327254 -0.00212202 5.05978e-07 -0.000336574 -0.00222632 -4.69732e-06 -0.000223798 -0.00224193 
0.00022873 -0.000239883 -0.00210492 0.000177277 -0.00028074 -0.00219287 0.000110825 -0.000305552 -0.00212042 
-0.000277586 -0.000179789 -0.00215973 -0.000318434 -9.58772e-05 -0.00212387 -0.000114613 -0.00016098 -0.002295 
-0.000209141 -0.000104546 -0.00225207 -0.000126952 -0.000150509 -0.00215443 7.41079e-05 -0.000132465 -0.00234072 
-1.28261e-05 -0.000117603 -0.00226383 8.74227e-05 -7.96691e-05 -0.00225594 0.000103368 -0.00019659 -0.0022231 
0.000215307 -6.34846e-05 -0.00215759 0.000309309 -0.00011658 -0.00215724 -0.000322094 -7.01392e-05 -0.00222264 
-0.000329431 1.29898e-05 -0.00209073 -1.94496e-05 8.69854e-06 -0.00225717 7.48185e-05 -1.37556e-05 -0.00235873 
0.00016887 -1.49921e-05 -0.00230882 0.000146837 0.000116876 -0.00226261 8.32826e-05 3.81435e-05 -0.00220029 
0.000331777 2.32347e-05 -0.00209593 0.000332579 -2.65073e-05 -0.00222911 -0.000318974 8.72563e-05 -0.00218096 
-0.000251474 0.000216047 -0.00221745 -0.000174554 0.000131906 -0.00225726 -0.000210072 9.86653e-05 -0.00216681 
1.22664e-05 0.000241688 -0.00219674 0.000315606 0.000101741 -0.00217094 0.000260894 0.000211737 -0.00218202 
0.000294059 0.000153611 -0.00208827 -0.00021981 0.000248757 -0.00210154 -0.000112192 0.000313011 -0.00216487 
-2.25666e-06 0.000328071 -0.00213972 0.000129925 0.000305685 -0.00211354 0.000181955 0.00027576 -0.00220913 
-9.92453e-05 -0.000316347 -0.00203277 -0.000225531 -0.000236135 -0.00197782 4.47566e-05 -0.000324878 -0.00204132 
4.33405e-05 -0.000325062 -0.00194183 0.000172156 -0.000285577 -0.00204327 -0.00030549 -0.000130211 -0.00201582 
-0.000113836 -0.000202638 -0.00205026 -9.13191e-05 -0.000109816 -0.00201714 -1.10157e-05 -0.000221575 -0.00204328 
3.25361e-05 -0.000171607 -0.00213083 0.000141818 -0.000134232 -0.00215396 0.000295991 -0.000150105 -0.00206378 
0.000243769 -0.000228645 -0.00199269 0.000310464 -0.000107447 -0.0019678 -0.000332086 -6.44335e-07 -0.00199102 
-7.22198e-05 -3.57285e-05 -0.00215216 -0.000235742 -2.99321e-05 -0.00218162 -0.000138604 4.7776e-05 -0.00207763 
2.74474e-05 -3.91724e-05 -0.00213749 -2.90325e-05 -4.00058e-05 -0.00205507 1.35932e-05 6.27557e-05 -0.00208822 
0.000132461 -7.31652e-08 -0.00209685 0.000199242 7.89678e-05 -0.00203746 0.000183032 -8.07566e-05 -0.00204782 
0.000331276 -2.81125e-05 -0.00200157 0.000319837 7.60422e-05 -0.00197617 -0.000290836 0.000153807 -0.00206965 
-0.000265655 0.000198502 -0.00195985 -0.000316706 9.43727e-05 -0.00199656 -8.32826e-05 7.77762e-05 -0.00218813 
-0.000129431 0.000189991 -0.00212305 -6.04479e-05 0.000234811 -0.00204659 0.000138728 0.00019165 -0.00214232 
0.000284967 0.000163057 -0.0019738 -8.90683e-05 0.000319286 -0.0019419 -0.000160206 0.000286264 -0.0020354 
6.44856e-05 0.000322147 -0.00193579 -3.52353e-05 0.00033315 -0.00202552 6.75289e-05 0.000321942 -0.00203946 
0.000144704 0.000303034 -0.00198316 0.000222516 0.00024643 -0.00203082 -0.00015885 -0.000289271 -0.00187904 
-0.000127541 -0.000307235 -0.00178118 -7.13093e-05 -0.000325054 -0.00192591 -1.41764e-05 -0.000328487 -0.00181245 
0.000103375 -0.000311311 -0.00186319 0.000175195 -0.000282452 -0.00192556 -0.000320551 -8.76529e-05 -0.00192863 
-0.000278356 -0.000178458 -0.00183094 -0.000279425 -0.000175765 -0.00192858 -0.000148614 -0.000125105 -0.00192027 
4.28135e-05 -0.000137744 -0.0020334 0.000117367 -0.000155986 -0.00190974 0.000321705 -8.17359e-05 -0.00187196 
0.000282895 -0.000168069 -0.00181865 -0.000322069 -7.47903e-05 -0.00182517 -0.000332043 1.51565e-06 -0.00189231 
-0.000224726 3.03475e-05 -0.00202209 -0.000233618 2.6155e-05 -0.00191377 5.91246e-05 -1.85171e-05 -0.00199469 
-6.14173e-05 -3.03346e-05 -0.00195335 0.000182128 -6.2752e-05 -0.00191466 0.000326139 2.084e-05 -0.00190271 
0.00033403 2.1872e-05 -0.00180923 -0.000320491 7.83976e-05 -0.00181036 -0.000309678 0.000110044 -0.00189939 
-0.000168952 0.000176721 -0.00202069 -0.000160311 0.00010261 -0.00194725 -6.5762e-05 0.000119574 -0.00203598 
2.43072e-05 0.00010298 -0.00197629 7.86259e-05 0.000214595 -0.00195704 -6.22652e-05 5.76173e-05 -0.00190491 
0.000151252 0.00013831 -0.00190345 0.000250727 0.000219156 -0.00189152 0.000308552 0.000118254 -0.00188881 
-9.07901e-05 0.000317478 -0.00184397 -0.000200064 0.000269116 -0.00190648 4.69859e-05 0.000327049 -0.00181191 
0.000168245 0.000282096 -0.00182211 -0.000211979 -0.000255221 -0.00171951 -4.50809e-05 -0.000328319 -0.00172497 
-1.90691e-05 -0.000330699 -0.00163505 0.000121446 -0.000307391 -0.00169856 0.000225852 -0.000241828 -0.00176358 
-0.000277488 -0.000179942 -0.00171556 -0.000127831 -0.000206211 -0.00181006 -0.000101924 -0.000177687 -0.00169624 
-1.78688e-05 -0.000214336 -0.00190448 5.86509e-05 -0.000112389 -0.00181495 0.000141743 -0.000187458 -0.00178684 
0.000320555 -8.54567e-05 -0.00177206 0.000265841 -0.000196946 -0.00168007 -0.000331787 -1.08436e-05 -0.0017492 
-0.000332444 3.08646e-05 -0.00164503 -0.000209151 -1.64203e-05 -0.00179372 -8.34169e-05 4.17928e-05 -0.00174455 
-3.0488e-05 -6.95389e-05 -0.00186396 4.95068e-05 1.98109e-05 -0.00189899 1.07754e-05 2.00364e-05 -0.00180565 
0.000115568 -2.83695e-05 -0.00184064 8.81823e-05 8.62193e-05 -0.00182883 0.000331597 -2.7252e-05 -0.00165249 
0.000323839 7.47065e-05 -0.00168806 0.000218815 4.97256e-05 -0.00181769 -0.000263132 0.000200452 -0.00177406 
-0.00031184 0.000125975 -0.00172468 -0.000253657 0.000212122 -0.00167666 -0.000126902 9.78888e-05 -0.00182948 
-0.000155356 0.000143867 -0.00173952 -8.0797e-05 0.000208586 -0.00182338 2.47753e-05 0.000216214 -0.00181396 
-2.53462e-05 0.000118862 -0.00180656 0.000155464 0.00010335 -0.00173501 0.000125438 0.000192555 -0.00178705 
0.000298573 0.000139939 -0.00177495 0.00027087 0.000191692 -0.00169283 -8.68122e-05 0.000319812 -0.00174512 
-0.000176187 0.000281825 -0.0017413 -0.00013358 0.000308244 -0.00165773 2.48043e-06 0.000332293 -0.00171284 
-3.11657e-05 0.000222514 -0.00171486 0.000146002 0.000302509 -0.00171847 0.000231769 0.000236016 -0.00177117 
-0.000159487 -0.000289934 -0.0016252 -0.000101812 -0.000315499 -0.00155698 -0.000221126 -0.000242186 -0.00148106 
0.000171127 -0.000282551 -0.00161885 0.000102601 -0.000311837 -0.00154616 -0.000258736 -0.000215442 -0.00156856 
-0.000303223 -0.00014261 -0.00162704 -0.000321854 -9.95945e-05 -0.00149777 -0.000203263 -9.67645e-05 -0.00164062 
8.86012e-05 -0.000184109 -0.00169573 -5.10615e-05 -0.000222647 -0.00159529 -5.64577e-06 -0.000101513 -0.00169323 
-5.84042e-05 -5.72212e-05 -0.00160524 0.00019858 -9.62509e-05 -0.00172488 0.000139102 -0.000158453 -0.00160949 
0.00030813 -0.000123816 -0.00162913 0.000270516 -0.000194735 -0.00155711 -0.000332023 1.52165e-06 -0.00150651 
-0.000129193 -2.59876e-05 -0.00167783 -2.61955e-06 1.01989e-05 -0.00165628 0.000239093 -4.89333e-05 -0.00159344 
0.000232358 5.47227e-05 -0.0015826 8.12415e-05 -3.99083e-05 -0.00174307 0.000177166 -6.70485e-07 -0.00167745 
0.000330194 -3.21063e-05 -0.00153489 -0.000299724 0.000143768 -0.00162367 -0.000252491 0.000213885 -0.00150738 
-0.000318352 9.03351e-05 -0.001549 -0.000191027 7.49286e-05 -0.00164594 5.15638e-05 0.000190292 -0.00166536 
0.000308329 0.000121916 -0.00160256 0.000280865 0.000176244 -0.00152369 -0.000208093 0.000260168 -0.00157714 
-0.000171731 0.000284327 -0.00148764 -8.88424e-05 0.000319652 -0.00153586 -4.24986e-05 0.000333707 -0.00162293 
-8.06628e-06 0.000327886 -0.00149786 0.000177397 0.000277713 -0.00156551 7.71168e-05 0.000321276 -0.00157041 
0.000233799 0.000233554 -0.00161672 -0.00020533 -0.00026146 -0.00138738 -0.000104005 -0.000314847 -0.00136134 
-0.000141722 -0.000300578 -0.00145857 -4.75038e-05 -0.000328426 -0.00147616 2.73627e-05 -0.000330613 -0.00135571 
4.56319e-05 -0.000324871 -0.00145366 0.000134839 -0.000301191 -0.00144317 0.000136028 -0.000298715 -0.00134089 
0.000222979 -0.00024631 -0.00147422 0.000219804 -0.000248534 -0.00136753 -0.000280423 -0.000174039 -0.00139681 
-0.000206604 -0.000116756 -0.00153731 -6.49756e-05 -0.000225833 -0.00142978 0.000319661 -8.82245e-05 -0.00142511 
0.000282051 -0.000172926 -0.00138765 -0.000323557 -7.3115e-05 -0.00138948 -0.00032926 4.62115e-05 -0.00134303 
-0.000232331 3.52576e-05 -0.00154308 -9.20661e-05 4.17793e-05 -0.00161341 -0.000115877 -5.85782e-05 -0.00150593 
-9.81881e-06 -6.87034e-05 -0.00148291 3.11745e-05 2.59567e-05 -0.00155787 -8.09968e-05 4.79441e-05 -0.00145914 
7.52351e-05 -4.61728e-05 -0.00162222 0.000155224 -1.18232e-05 -0.00155325 0.000331316 1.7641e-05 -0.00144839 
-0.000250362 0.00021703 -0.00140064 -0.000313189 0.000101885 -0.00141786 -0.000118901 0.000177919 -0.00156079 
-8.41488e-05 0.000149401 -0.00145225 -2.61159e-05 0.0001156 -0.00154983 0.00021483 9.18268e-05 -0.00143888 
4.94185e-05 0.00010092 -0.00147502 0.000302861 0.000130896 -0.00140589 -8.69572e-05 0.00031937 -0.00143541 
-0.000168777 0.000286091 -0.00138809 -3.73203e-07 0.000328118 -0.00139617 0.000226391 0.000242774 -0.00135718 
8.48038e-05 0.000320977 -0.00132986 0.000131173 0.000305936 -0.00143715 0.000222813 0.000252354 -0.00147389 
-0.000151062 -0.00029535 -0.00127538 -3.26572e-05 -0.000329972 -0.00127577 0.000225099 -0.000244237 -0.00121834 
0.00011954 -0.000304673 -0.0012123 -0.000279903 -0.00017568 -0.00126421 -3.57903e-05 -0.000201763 -0.00131637 
2.76155e-05 -0.000170678 -0.0013987 2.3377e-05 -7.81301e-05 -0.0013249 0.000126016 -0.000191206 -0.00138609 
8.408e-05 -0.000181463 -0.00126014 0.000147711 -8.45333e-05 -0.00145818 0.000315387 -0.000102593 -0.00127552 
0.000288179 -0.000168687 -0.00120642 -0.000321702 6.49905e-05 -0.00124864 -0.000323965 -5.78255e-05 -0.00129186 
-0.000186309 -1.84813e-05 -0.00140075 -0.000186758 8.04875e-05 -0.0013422 -0.000100928 3.80401e-06 -0.00133662 
-7.96566e-05 -9.27363e-05 -0.0014061 7.34157e-06 6.39371e-06 -0.00141916 0.000196022 -1.46979e-05 -0.00137884 
0.000329787 2.72095e-05 -0.00130063 0.000332771 -2.61672e-05 -0.00118328 -0.000286214 0.000160887 -0.00131926 
-0.00029115 0.000153673 -0.00120168 -0.000162333 0.000165565 -0.00127265 1.04172e-05 0.000163472 -0.0014011 
0.00012245 0.000176645 -0.00136025 -7.65825e-05 0.000123456 -0.00130735 5.81136e-05 0.000118962 -0.00130957 
0.000295026 0.000151905 -0.00126624 -0.000235614 0.000234355 -0.00118194 -0.000102854 0.00031575 -0.00124096 
-0.000204626 0.000264048 -0.00127728 -2.03659e-05 0.00033067 -0.00125908 0.00012271 0.000305694 -0.00121731 
0.000191666 0.000270756 -0.00125116 -0.000102634 -0.000315035 -0.0010506 -0.000221422 -0.000241952 -0.00115762 
-0.000130757 -0.000308608 -0.00117547 -4.95167e-06 -0.000333229 -0.00102989 -5.16411e-06 -0.000337297 -0.00115134 
0.000113557 -0.000309819 -0.00105963 0.000171658 -0.000285685 -0.00112502 -0.000267763 -0.000190507 -0.00107928 
-0.000306552 -0.000124663 -0.00115963 -0.000170177 -0.000164123 -0.00125179 -0.000143686 -0.000185489 -0.00110712 
-1.39652e-05 -0.0001873 -0.00120622 -2.90164e-07 -0.000216077 -0.00110891 -0.000114828 -0.00012193 -0.00117985 
0.000163889 -0.000125641 -0.00117334 0.000256897 -0.000209044 -0.00105862 0.000313596 -0.000104236 -0.0010807 
-0.000328084 2.40372e-05 -0.00110643 -0.000324642 -7.09469e-05 -0.0010738 -9.80285e-05 4.15897e-05 -0.00120021 
-8.1992e-05 -6.80593e-05 -0.00125982 -0.000226585 -4.44292e-05 -0.00114824 -0.000222914 7.13473e-05 -0.00123464 
7.55551e-06 6.00116e-05 -0.00122485 5.80173e-05 -2.38459e-05 -0.00117156 0.000234643 -4.45083e-05 -0.00126702 
7.26961e-05 1.2234e-05 -0.00132705 0.000218677 -2.46542e-05 -0.00114375 0.000333276 -2.60843e-05 -0.00107883 
0.000331785 6.17606e-05 -0.00116766 -0.000297973 0.000146054 -0.00108549 -0.000250447 0.000212266 -0.00103527 
-4.17237e-05 0.000222183 -0.00126746 0.000105588 0.000161561 -0.00121683 0.000137106 3.32249e-05 -0.00122657 
0.000285471 0.00016991 -0.00116888 0.000236516 0.000229393 -0.0010662 0.000312931 9.98452e-05 -0.00106911 
-0.000152793 0.000290633 -0.00103166 -0.000112413 0.000308651 -0.00114296 -4.34483e-05 0.000329422 -0.00107382 
5.02782e-05 0.000328149 -0.00115596 0.000135691 0.00030448 -0.0010545 0.000189178 0.000271065 -0.00114642 
-0.000209091 -0.000257691 -0.00102146 -0.000111793 -0.000310424 -0.000914488 -0.000219929 -0.000248505 -0.000923059 
-1.82063e-05 -0.000330281 -0.000912531 0.000171795 -0.000284037 -0.00098315 0.000104289 -0.000311512 -0.000914855 
-0.000302865 -0.000137019 -0.000895647 -0.000304656 -0.00013547 -0.000996711 -6.40011e-05 -0.000144982 -0.00105527 
7.24893e-05 -0.000209812 -0.00100736 0.000142947 -0.000167829 -0.00108389 0.000313456 -0.000122075 -0.00098057 
0.000251496 -0.000220495 -0.000956755 -0.000319812 7.43245e-05 -0.000882635 -0.000327461 -4.7586e-05 -0.000880053 
-0.00033174 -1.44062e-05 -0.000974618 -0.000135892 1.71351e-05 -0.00109793 -0.0002337 -5.74787e-06 -0.00105196 
-0.000131829 2.43523e-05 -0.000969988 1.70574e-05 -7.94358e-05 -0.00101319 1.68886e-05 3.12925e-05 -0.00104054 
0.000141257 -6.35576e-05 -0.00106303 0.000329353 2.29317e-05 -0.000996563 -0.0003196 7.74217e-05 -0.00099754 
-0.000282413 0.000167766 -0.000962135 -0.00024712 0.000215853 -0.000883604 -0.000141426 0.000175135 -0.00107465 
-4.70452e-05 0.000188159 -0.00103056 1.8866e-06 0.000125226 -0.00110932 1.61593e-05 0.000232045 -0.00111454 
5.34718e-05 0.000130928 -0.000980731 0.000101542 0.000115132 -0.00107266 0.00017812 0.000164065 -0.00100814 
0.000310999 0.000108527 -0.000955637 0.000263905 0.000208912 -0.000969136 -0.000161965 0.000285325 -0.000934028 
3.60104e-05 0.000327769 -0.000994174 -6.65378e-05 0.000325095 -0.000955894 0.000150115 0.000300956 -0.000949962 
-0.000121097 -0.00030912 -0.000763725 -0.000223297 -0.000242409 -0.000744441 -0.000177028 -0.000276276 -0.000839064 
3.60602e-05 -0.000326529 -0.000752971 -3.70027e-05 -0.000328225 -0.000815367 0.000208892 -0.000261497 -0.000862173 
0.000130458 -0.000311326 -0.00080572 -0.000299807 -0.000142791 -0.000796233 -0.0002551 -0.000212959 -0.000838697 
-0.00010115 -0.000137989 -0.000955663 -0.000188876 -8.25393e-05 -0.000924296 -3.39829e-05 -0.000167134 -0.000877983 
0.000177477 -0.000116564 -0.00085334 0.000236637 -0.000228395 -0.00077912 0.000284989 -0.00017645 -0.000860544 
-0.000332403 1.38596e-05 -0.000746255 -0.000195856 3.1541e-05 -0.000863752 -5.88073e-05 -5.24287e-05 -0.000919024 
8.18409e-05 -7.49236e-05 -0.000916751 0.000124882 5.76817e-05 -0.000987427 0.000196726 -2.80307e-05 -0.000942967 
0.00013058 2.32107e-05 -0.000840214 0.000327102 -3.80255e-05 -0.000738317 0.00032906 -7.01763e-05 -0.000839921 
0.000328885 3.61884e-05 -0.000816054 0.00032357 7.55203e-05 -0.000724594 -0.000247012 0.000222116 -0.000780545 
-0.000302292 0.00014081 -0.000790373 -0.000146129 0.000115862 -0.000883609 -8.24904e-05 0.000197528 -0.000894546 
3.7619e-06 3.41261e-05 -0.000903984 1.67437e-05 0.000149537 -0.000849188 0.000138367 0.000176236 -0.000896751 
0.000250949 0.000215742 -0.000800601 0.000301845 0.000139615 -0.000856805 -0.000127014 0.000311648 -0.000843374 
-0.000155006 0.000289189 -0.000752535 -2.22003e-05 0.000329274 -0.000840643 -9.58564e-06 0.000329588 -0.000737541 
0.000188072 0.000272831 -0.000861446 0.000102268 0.000320588 -0.000866899 0.000153231 0.000294877 -0.000749178 
-0.000121668 -0.000308927 -0.000654549 2.55717e-05 -0.000327667 -0.000575272 0.000110999 -0.000311105 -0.000650213 
0.000193175 -0.00026549 -0.000697553 -0.000267717 -0.000191781 -0.000643635 -0.000306354 -0.000127199 -0.000678957 
-9.95498e-05 -0.00021265 -0.000734775 2.17418e-05 -0.000189624 -0.00075503 -6.2099e-05 -0.000105872 -0.000785079 
3.59115e-05 -8.98316e-05 -0.000827397 0.000147477 -0.000103715 -0.000688625 0.000102092 -0.000204613 -0.000656442 
0.000295203 -0.000167902 -0.000694852 0.000245529 -0.000224311 -0.000580864 -0.000331027 2.36228e-05 -0.00062156 
-0.000222518 -3.53615e-05 -0.000782861 -0.000194411 1.11411e-05 -0.000657848 -0.000118696 -3.33126e-05 -0.000727676 
-6.4968e-05 6.39346e-05 -0.000790377 5.82972e-05 7.90464e-06 -0.000764175 0.00021344 -6.79928e-05 -0.000771339 
0.000332153 2.15638e-05 -0.000614423 0.000327582 -7.56884e-05 -0.000590113 -0.000247042 0.000222012 -0.000680933 
-0.000316312 9.63445e-05 -0.000686709 -0.000308048 0.000114362 -0.000588741 -0.000169161 0.000144226 -0.000753433 
-7.56838e-05 0.000182432 -0.000713585 5.40477e-05 0.000116755 -0.000723135 6.97705e-05 0.000219852 -0.000764448 
0.000287943 0.000152089 -0.000577246 0.000282784 0.000165208 -0.00067617 -9.01774e-05 0.000317345 -0.000677927 
-0.000146075 0.000297642 -0.000597565 -2.18177e-06 0.000328075 -0.000634787 0.000223119 0.000246086 -0.000697087 
0.000111513 0.000308552 -0.000653111 0.000221713 0.000241289 -0.000591836 -0.000103095 -0.000314815 -0.000441491 
-0.000153408 -0.000293228 -0.000561099 -0.00021196 -0.000256352 -0.000484529 3.85286e-05 -0.000327148 -0.000427557 
-3.7609e-05 -0.000328315 -0.000505979 0.00015465 -0.000293752 -0.000428097 0.000220003 -0.000249132 -0.000488808 
0.000114712 -0.00031247 -0.000546361 -0.000304115 -0.00013155 -0.000544106 -0.000305248 -0.000127112 -0.000451366 
-0.000181758 -0.00013591 -0.000651931 -9.06881e-05 -0.000130939 -0.000592091 -8.18442e-06 -0.000216183 -0.000562857 
6.0679e-05 -7.5354e-05 -0.000626469 0.000143179 -0.000187832 -0.000554526 0.000292184 -0.000159903 -0.000479866 
-0.000329337 1.27059e-05 -0.00042625 -0.000330346 -5.29417e-05 -0.00056519 -0.000218603 -6.407e-05 -0.00056464 
-0.00023494 3.62325e-05 -0.0005259 -0.00010993 -3.49678e-05 -0.000567199 -2.5085e-05 8.61686e-06 -0.000675928 
0.000104178 4.13388e-05 -0.000610801 -2.22639e-05 5.13246e-05 -0.000562737 -1.45505e-05 -7.64324e-05 -0.000544267 
0.000213974 -2.98712e-05 -0.000598119 0.000158251 4.83033e-05 -0.000510636 0.000331641 -2.71915e-05 -0.000433683 
0.000328817 3.24475e-05 -0.000514809 -0.000257752 0.00021071 -0.000550462 -0.000249067 0.000225596 -0.000437622 
-0.000316019 9.71221e-05 -0.000477386 -0.000152743 0.000175699 -0.000607562 -2.20938e-05 0.000125321 -0.000647234 
-6.79466e-05 0.000189481 -0.000515646 0.000200549 9.59484e-05 -0.000634818 0.0001037 0.000174711 -0.000653339 
0.000321672 8.25705e-05 -0.0004361 0.000279413 0.000173574 -0.000467675 -0.000155041 0.000294751 -0.000481741 
4.87471e-05 0.000326786 -0.000480391 -6.33271e-05 0.000326009 -0.000478731 0.000189862 0.000272494 -0.000484301 
0.000119659 0.00031001 -0.000538957 -0.000231229 -0.000240231 -0.000371806 -0.000100633 -0.000314755 -0.000342917 
-0.000187077 -0.000275207 -0.000279564 0.000161715 -0.000290326 -0.000286509 8.03992e-05 -0.000321824 -0.000319744 
-0.000298246 -0.000146945 -0.000360645 -0.000107737 -0.00021114 -0.000453716 -0.00014748 -0.000120373 -0.000402028 
4.03953e-05 -0.00013312 -0.000467687 -4.89031e-05 -9.98145e-05 -0.000399638 2.62818e-05 -0.000156805 -0.000346034 
9.26202e-05 -8.47781e-05 -0.000387747 0.00013052 -0.000174035 -0.000445608 0.00025975 -0.000209435 -0.000337208 
0.000322607 -8.14692e-05 -0.000343453 -0.000333021 6.87769e-06 -0.000326009 -0.000113244 0.000103077 -0.00054292 
-0.000212437 1.96992e-05 -0.000385303 -0.000138382 1.08608e-05 -0.000468838 1.30006e-05 3.01588e-05 -0.000465927 
0.000220672 -7.6901e-05 -0.000498175 7.84033e-05 -2.77761e-05 -0.000531525 0.000127482 3.48511e-05 -0.000376281 
0.000219325 5.86427e-05 -0.000419514 0.00032977 3.44045e-05 -0.000357526 -0.000297969 0.000142597 -0.000364784 
-0.000158959 0.000166154 -0.000456772 -5.94104e-05 0.000101975 -0.000443773 -0.000166338 0.000124155 -0.000349087 
2.79441e-05 0.000213844 -0.000479033 5.38503e-05 0.000116581 -0.000499966 0.000125117 0.000191753 -0.000459593 
7.54997e-05 0.000132421 -0.000394327 0.000308722 0.000118813 -0.000343326 0.000261967 0.000200328 -0.000378588 
-0.000235155 0.000234821 -0.000311431 -0.000151649 0.000291292 -0.000310744 -8.99452e-05 0.000319138 -0.000382898 
-8.24882e-06 0.000333619 -0.000305426 0.000182638 0.000273355 -0.000289145 9.97456e-05 0.000315631 -0.000362852 
-0.000229176 -0.000240833 -0.000155677 -0.000157872 -0.000295208 -0.000160943 -4.88904e-05 -0.000326743 -0.00014784 
-1.86969e-05 -0.000334968 -0.00025104 0.000135072 -0.000296812 -0.000191069 0.000219931 -0.000248406 -0.000122742 
-0.000260364 -0.000202566 -0.000255222 -0.000313611 -0.000116118 -0.000264589 -0.000298883 -0.000137341 -0.000172815 
-0.000145425 -0.000168567 -0.000307405 -3.74675e-05 -0.000143119 -0.000268199 0.000184869 -0.000118886 -0.00036216 
5.58615e-05 -0.000209656 -0.000259892 0.000255258 -0.000211698 -0.000250378 0.00030655 -0.000140702 -0.000205394 
-0.000328254 -4.35355e-05 -0.000173551 -0.000228692 3.67632e-05 -0.000282391 -0.000123722 -7.82218e-05 -0.000263825 
5.10099e-05 -1.5314e-05 -0.000327481 -4.59255e-05 -7.79586e-07 -0.00038313 0.00010824 8.58376e-05 -0.000221092 
0.000190456 -1.27924e-05 -0.000250676 0.000329683 -4.78038e-07 -0.00026594 0.000329256 -2.63337e-05 -0.000145756 
0.000326803 6.93902e-05 -0.000225656 -0.000321941 8.21158e-05 -0.000263614 -0.000267579 0.000196698 -0.00022578 
-0.000295144 0.000148733 -0.000150592 -7.41438e-05 0.000220379 -0.000354136 -0.000124486 3.59883e-05 -0.000287492 
-0.000137066 0.000197544 -0.000265899 2.97888e-05 0.000229112 -0.00036962 -3.83973e-06 0.000112145 -0.000317914 
0.000199102 0.000128106 -0.000349792 0.00010834 0.000191499 -0.000295319 0.000272083 0.000197771 -0.000265153 
0.000321172 8.70734e-05 -0.000135164 0.000277732 0.00017806 -0.000164363 -9.28292e-05 0.000315782 -0.000233915 
-0.000206844 0.000257387 -0.000184857 -2.46408e-05 0.000333585 -0.000164316 4.47978e-05 0.000325847 -0.000217087 
0.000218212 0.000251066 -0.000188581 0.000131466 0.000304355 -0.000189788 -0.000113118 -0.00031171 -5.93361e-05 
-0.000192915 -0.000269249 -4.56666e-05 3.44448e-06 -0.000334682 -3.94539e-05 5.42794e-05 -0.00032833 -0.000109637 
1.3252e-05 -0.000229571 -0.000164866 0.000128665 -0.000306433 -5.87521e-05 -0.000278706 -0.000187358 -4.17579e-05 
-0.000145552 -0.000146675 -0.000186604 -0.000198813 -0.000105085 -9.9566e-05 -2.64856e-05 -0.000136469 -0.000142848 
1.93823e-06 -0.000220823 -5.87328e-05 -3.64866e-06 -0.000100484 -3.14578e-05 0.000114675 -0.000143257 -0.000190183 
0.000104978 -5.49089e-05 -7.71322e-05 0.000261054 -0.000201881 -3.97856e-05 -0.000321007 7.24204e-05 -6.96897e-05 
-0.000329166 -2.64306e-05 -7.24759e-05 -0.000216916 -8.11568e-06 -0.000162548 -8.55573e-05 -1.20811e-05 -0.000187551 
6.61212e-05 6.50175e-05 -5.75318e-05 6.3659e-05 -1.72454e-05 -0.000211305 0.000227787 -8.33431e-05 -0.000181596 
0.000322361 -7.55833e-05 -4.52451e-05 0.000330195 2.62977e-05 -4.54267e-05 -0.000287692 0.000157913 -3.95208e-05 
-0.000165295 0.000111427 -0.000193878 -0.000155288 0.000102542 -6.1466e-05 -1.07955e-05 0.0001648 -0.000173387 
0.000250983 0.000213397 -6.35811e-05 0.000304828 0.000136017 -4.42906e-05 -0.000233965 0.000238018 -5.58586e-05 
-0.000154434 0.000295574 -8.1115e-05 7.02222e-05 0.000326113 -4.26355e-05 -6.05423e-05 0.000328586 -7.08055e-05 
2.89114e-05 0.000226355 -6.79251e-05 0.000181486 0.000276995 -7.78688e-05 4.78311e-05 -0.00023663 5.50748e-05 
-0.00022727 -0.000138572 0.000123851 -0.000103691 -0.000198087 -6.50188e-05 0.000108435 -0.000177932 -2.97557e-05 
-0.000207266 1.95458e-05 -3.86084e-05 -0.000149655 -0.000118617 -5.88307e-06 -9.03208e-06 2.37333e-07 -6.99042e-05 
0.000158899 8.23513e-05 8.79788e-06 0.00011148 -3.19313e-05 2.8545e-05 -0.000194293 0.000133594 7.66216e-05 
-9.34872e-05 0.000220866 -4.98772e-05 -5.72637e-05 5.0505e-05 6.95724e-05 9.89393e-05 0.000161606 -1.14351e-05 
2.50027e-05 0.000209113 5.72055e-05 0.000236525 0.000277341 4.99999e-05 2.46804e-05 -0.000265843 0.000186175 
-7.12866e-05 -0.000242267 9.80183e-05 -0.000162828 -0.000145679 0.000242753 -6.09516e-05 -0.000147631 6.3737e-05 
0.000180075 -0.000114334 4.52041e-05 0.000127637 -0.000222406 0.000133102 7.96695e-05 -6.45698e-05 0.000131952 
-0.000163852 2.01178e-05 0.000252907 -0.000205198 9.23157e-06 7.47242e-05 -0.000104027 3.01013e-05 0.000162438 
1.38176e-05 -4.64739e-05 5.65122e-05 0.000215059 -6.00291e-05 0.000138181 -0.000164247 0.000138209 0.000172678 
8.27314e-05 3.18376e-05 0.000105283 -6.15932e-05 0.000163399 0.000112907 0.000246378 5.80837e-05 0.000220568 
5.47461e-05 0.00025908 0.000212771 0.000169583 0.000201313 0.000286585 -0.000114876 -0.000243266 0.0003211 
-7.62522e-06 -0.000281558 0.000282024 -0.000173135 -0.000100179 0.000469762 -0.00025265 -0.000102877 0.000324799 
3.1057e-05 -0.000143919 0.000234859 0.000159051 -0.000170325 0.000333945 0.000105064 -0.000261472 0.000329634 
-0.000320922 -5.03083e-05 0.000376567 -0.000151867 2.92361e-05 0.000425212 -4.23027e-05 -3.04636e-05 0.000211712 
0.000177044 -3.13356e-05 0.000282829 0.000299618 -3.46763e-05 0.000285807 0.000284831 -9.0531e-05 0.000375329 
-0.000298027 0.000101968 0.000396612 -0.000244235 8.59006e-05 0.000292028 -0.000183663 0.000206631 0.000245992 
-6.82258e-05 0.000201042 0.000336385 -6.44586e-05 0.000260845 0.000248495 -8.93684e-05 0.000299053 0.000398678 
-0.000102661 -0.000244736 0.00047742 -0.000273268 -5.44519e-05 0.000480415 -0.000134158 -0.000137086 0.000611997 
0.000110361 -0.000165772 0.000479712 0.000249841 -0.000172799 0.000441809 0.000180396 -6.83254e-05 0.000391465 
-4.09606e-05 -5.11678e-05 0.000524862 6.36117e-05 8.63411e-05 0.000496799 9.94503e-05 -6.64597e-05 0.000525486 
0.000145683 6.36397e-05 0.000287873 0.000242089 -9.222e-05 0.000526647 0.000343001 2.91074e-06 0.000491544 
-4.61769e-05 9.95935e-05 0.000360286 0.000102761 0.000140811 0.000364792 0.000303769 0.000112858 0.000498167 
0.000243367 0.000166035 0.000355168 0.00019033 3.65241e-05 0.000478198 -6.18727e-05 0.000289625 0.000529967 
2.15053e-05 0.000262225 0.000450216 0.000145338 0.000246639 0.000419365 -3.06702e-05 -0.000335489 0.000612485 
-7.43041e-06 -0.000132657 0.00059082 0.000158132 -9.57343e-05 0.000732748 -0.000363501 4.31597e-05 0.0005867 
-7.9489e-05 0.000103873 0.000666239 -1.61605e-05 6.19613e-05 0.000563856 -0.000291575 0.000102652 0.000634836 
-0.000200292 0.000167208 0.000442013 0.000159906 3.84839e-05 0.000589548 -0.000218333 0.000242777 0.000692399 
9.50414e-06 0.000226478 0.000611636 -0.000144759 -0.000283216 0.000799865 -6.67463e-05 -8.81395e-05 0.000846238 
8.15851e-05 -0.000361013 0.000654665 0.000213089 -0.000244063 0.000764108 -0.000233498 -0.000301386 0.000735685 
-0.000247962 -0.000174426 0.000708005 -2.80536e-05 -0.000186253 0.000677001 0.000275438 -6.02358e-05 0.000839389 
-0.000252522 1.60999e-05 0.000746774 -0.000140367 -8.30871e-05 0.000695356 8.40449e-05 7.00074e-05 0.000822544 
0.000324312 -0.000114858 0.000749338 0.000344387 0.000133218 0.000719669 -0.000368796 0.000145463 0.000787292 
-0.000179954 0.000120851 0.000682239 -5.7085e-05 0.000132705 0.000791733 0.00021758 0.000147001 0.000723357 
0.000322839 -2.74517e-05 0.000693832 -5.0544e-05 0.000201099 0.000716046 5.0556e-05 0.000281812 0.000743716 
9.44588e-05 0.000372455 0.000807616 -8.72305e-05 0.000356566 0.000612411 5.08571e-05 0.000429995 0.000891527 
-0.000128458 -0.000389473 0.000834425 2.97365e-05 -0.000407206 0.000959815 -6.25502e-05 -0.00025639 0.000896651 
-0.000129134 -0.000197138 0.000967133 9.1892e-05 -0.000307569 0.000873668 0.000288899 -0.000274451 0.000863548 
7.45364e-05 -0.00015263 0.000925638 0.000181331 -0.000129969 0.000845496 0.000307344 -0.000298525 0.000966136 
-0.000165851 4.81601e-06 0.000794029 1.50851e-05 -2.02857e-05 0.000743314 0.00027736 6.09977e-05 0.000800949 
0.000202654 3.15915e-05 0.000973789 -0.000371174 0.000194279 0.000879872 -0.000290634 3.93752e-05 0.000844641 
3.18819e-05 0.000165723 0.00105645 0.000352232 0.000129279 0.000858709 -0.00032474 0.000281727 0.000973315 
-0.000248861 0.000211681 0.000815061 -5.52614e-05 0.000310693 0.000884046 5.82824e-05 0.000232248 0.000835151 
0.000213831 0.000157037 0.000862944 0.000231119 0.000327426 0.0009165 -0.000161175 0.000349433 0.00077991 
-0.000215772 -0.00041824 0.00103176 -0.00014399 -0.00044948 0.0012017 -0.000436621 -6.8512e-05 0.00117365 
-0.000213122 -0.000288118 0.000994003 -0.000147595 -0.000227144 0.00115101 -8.12346e-05 -0.000464249 0.00108538 
-4.45096e-06 -4.52092e-05 0.00102372 0.000143958 -9.21084e-05 0.00107218 0.000360211 -0.000152638 0.00104628 
-0.000303183 -6.34285e-05 0.000931469 0.000340382 9.91285e-05 0.00102055 -0.000355091 0.000148256 0.000975517 
-0.000158959 0.000103847 0.00097892 -0.000146216 8.07671e-05 0.00112594 -0.000226808 0.000313556 0.00107304 
0.000354777 0.000255126 0.000967722 -0.000233404 0.000417532 0.00105688 0.000199316 0.000341723 0.00111065 
0.000183065 -0.000485123 0.00118891 -0.000427357 -0.000205917 0.00124859 -0.000214292 -0.000310069 0.00117559 
-0.000373546 -0.000244109 0.0010746 0.000371708 -0.000103291 0.00123116 0.000225773 -4.50859e-05 0.0012498 
-0.000411366 0.000108379 0.00113542 -0.000241928 -5.0753e-06 0.00115611 -3.9651e-05 -7.48857e-06 0.00116657 
-0.000178112 0.000178656 0.00121721 -2.5712e-05 0.000105919 0.00125527 0.000184196 -2.22859e-06 0.00110235 
0.000474982 -0.000120312 0.00113548 0.000516586 8.7728e-05 0.00125685 -0.000142911 0.000342589 0.0011519 
3.87388e-06 0.000421423 0.00111664 0.000130081 0.000420795 0.00137937 0.000242991 0.000173456 0.00119092 
-0.000327633 0.000389224 0.00121485 -0.000205051 0.000452128 0.00114915 -0.000225345 -0.000474685 0.00131253 
7.86724e-05 -0.000485767 0.00147531 -0.000311699 -0.000396672 0.00137791 3.58683e-05 -0.000132448 0.0012356 
-0.000243289 -0.000319347 0.00137388 0.000501533 -0.000270856 0.00143835 -0.000323691 -2.92159e-06 0.00128295 
-0.000323746 -0.000113412 0.00134165 -9.04092e-05 -5.26372e-05 0.00147157 0.000458025 -9.2998e-05 0.00143428 
-0.00022503 5.2068e-05 0.00139367 0.000116135 -0.000132981 0.00133825 0.000388378 1.01829e-05 0.00149046 
0.000376836 0.000193231 0.00130802 -0.000281019 0.000272825 0.00127854 -7.55755e-05 0.00027595 0.00120636 
4.03583e-05 0.000538762 0.00133564 0.000239317 0.000259011 0.00127136 -9.00788e-05 0.00054123 0.0014411 
0.000315837 -0.000367821 0.00142213 -0.000259353 -0.00019504 0.00151783 0.000256504 -0.00022516 0.0014602 
0.000247105 3.26537e-05 0.00143864 -0.000223667 0.000384807 0.00141867 0.000427307 0.000261489 0.00144004 
-0.000384849 0.000430745 0.00146392 -7.82998e-05 0.000255991 0.00145467 9.36961e-05 0.000622837 0.00174993 
3.74812e-05 -0.000596962 0.00159768 0.00025914 -0.000353437 0.00151 0.000179099 -0.000311577 0.00178609 
-0.000304932 -0.000210301 0.00162792 -0.000122005 -0.000106128 0.00176983 -3.32326e-05 -0.000151783 0.0017639 
5.90606e-05 -0.00017327 0.00179584 4.49012e-05 -9.93252e-05 0.00173003 0.000137751 -0.000111953 0.00178892 
0.00033893 -0.000315835 0.00180863 -0.000147141 -1.0288e-05 0.00175631 -0.000205882 -1.61272e-06 0.00183677 
-7.82883e-05 3.33449e-05 0.00181426 -6.72061e-05 3.32299e-05 0.00171488 -4.80263e-05 -6.48955e-05 0.00171666 
-3.62986e-05 -5.947e-05 0.00181582 2.65794e-05 2.71776e-07 0.00170298 4.89417e-05 6.23281e-06 0.00180027 
0.000116537 -2.98096e-05 0.00173599 0.000180843 1.92434e-05 0.0017948 0.000103069 6.92187e-05 0.00173939 
-0.000325886 3.06975e-05 0.00164977 -0.000164727 8.00168e-05 0.00179555 -8.26756e-05 0.00012247 0.00175727 
-0.000114706 0.000171661 0.00183823 8.47561e-06 9.79103e-05 0.00172428 -2.18551e-05 0.000186534 0.00180413 
6.96772e-05 0.000154629 0.00177939 2.50438e-06 9.15836e-05 0.0018239 0.000155441 0.000114502 0.00181154 
0.000529991 6.78734e-05 0.00156449 0.000560007 9.11162e-05 0.00177499 -0.000466403 0.000271739 0.00173991 
-0.00036965 0.000420228 0.00164483 -3.07077e-05 0.000211237 0.00162972 -0.000355283 -0.000446232 0.00175384 
-0.000173531 -0.000580428 0.0015962 0.000156369 -0.000421464 0.00171632 -0.000470483 -0.000444496 0.00177828 
9.25482e-05 -0.000497174 0.0017365 -0.000193901 -0.000339813 0.00175816 0.000370594 -0.000447326 0.00177747 
0.000402127 -0.000272974 0.00150262 -0.000320717 -0.000259641 0.00178162 -0.000348333 -0.000119834 0.00176962 
-0.000113596 -0.000174167 0.00184263 -0.000162785 -0.000154324 0.0019274 -0.000184922 -9.88322e-05 0.00184721 
-9.66355e-05 -8.38975e-05 0.00189173 -7.66077e-05 -0.000209905 0.00192839 -1.98078e-05 -0.000208687 0.00184609 
5.70191e-05 -8.44233e-05 0.00184169 -7.78964e-06 -0.000128103 0.00190407 7.43474e-05 -0.000207877 0.00188841 
1.47684e-05 -0.000219333 0.0019679 -6.71543e-05 -0.000127706 0.00198455 0.000156724 -0.000152049 0.00187855 
0.000125521 -0.000179501 0.0019695 0.000197297 -0.000101798 0.00195489 0.000101969 -8.33009e-05 0.00193101 
-0.000411305 4.75377e-05 0.00194591 -0.00021401 -6.41689e-05 0.00193639 -0.000127929 1.09513e-05 0.00189813 
-0.000220132 3.55047e-05 0.00192853 -9.78452e-05 6.12412e-05 0.00197977 -0.000110953 -3.78132e-05 0.00198377 
-1.24171e-05 -4.20238e-05 0.00196725 -8.50629e-06 1.01344e-05 0.00188202 3.34307e-05 4.85125e-05 0.00196429 
0.000200744 -6.25186e-05 0.00184882 0.000119764 -6.29675e-06 0.00186974 0.000125631 9.9948e-06 0.00196823 
0.000223684 -8.64024e-06 0.00192988 0.000202529 6.96735e-05 0.00199115 -0.000470719 0.000197421 0.00185178 
-0.000185269 0.000118798 0.00188541 -0.000128351 0.000183121 0.00193662 -0.000184926 0.000110117 0.00198504 
-7.18516e-05 9.79388e-05 0.00189046 -4.33317e-05 0.000217726 0.00189669 1.3176e-05 0.000139446 0.00192282 
5.60609e-05 0.000207362 0.00186325 8.62076e-05 8.75007e-05 0.00187846 8.1579e-05 0.00020485 0.00195991 
0.000205246 8.20283e-05 0.00189195 0.000148871 0.00016476 0.00189775 0.000112553 0.000109114 0.00197247 
-0.000321122 0.00022644 0.001781 -4.30986e-05 0.000380382 0.00193622 -0.000223894 0.000401908 0.00180554 
0.000157433 0.000388074 0.00168589 -0.000128377 0.000549748 0.00162173 1.55236e-06 0.000563651 0.00156368 
0.00026288 0.000451871 0.00196814 -0.000117157 -0.000565895 0.00181291 -8.95149e-06 -0.000626207 0.00176466 
0.00018609 -0.000494176 0.00189619 -0.000166954 -0.000441707 0.0018807 -0.000530574 -0.000450853 0.00214545 
-0.000171278 -0.000110392 0.00201683 -1.99678e-05 -0.000182074 0.00205395 3.63634e-05 -0.000125188 0.00199379 
6.47983e-05 -0.00013715 0.00208891 -2.29684e-05 -8.24093e-05 0.00206198 0.000150708 -0.000115831 0.00204238 
-0.000134799 -4.26986e-05 0.00208076 -0.000150559 6.27851e-05 0.00206615 -0.000203511 -6.78545e-06 0.00201761 
3.38084e-05 -2.90818e-05 0.00212469 -4.97486e-05 1.35501e-05 0.00205334 5.17626e-05 4.72162e-05 0.00206259 
0.000198294 -2.97639e-05 0.00202427 0.000147713 3.09307e-05 0.00208557 7.88206e-05 -4.55874e-05 0.00203693 
0.000536258 6.46727e-05 0.00200476 0.000672616 5.94385e-06 0.00198972 -0.000114373 0.00015275 0.00204165 
3.7864e-05 0.00018339 0.00204725 -4.45215e-05 0.000208031 0.00199621 -2.09448e-05 0.00010534 0.00202605 
-6.98487e-05 9.8682e-05 0.00211302 0.000114872 0.000124298 0.00207129 0.000580427 0.000129305 0.00215558 
-9.95294e-05 0.000629497 0.00175288 -0.00011196 -0.000546328 0.00200058 2.37737e-05 -0.00068305 0.00195776 
0.000417734 -0.000532569 0.00216609 0.000485577 -0.00030548 0.00220248 -0.000576303 -0.000213476 0.00222395 
0.00051649 -9.27848e-05 0.0022392 0.000399507 -0.000119505 0.00203811 0.000318897 -3.37147e-05 0.00207836 
-0.000207962 0.000104005 0.00215068 0.00053684 0.000359271 0.00236615 0.000236746 0.000338982 0.00249304 
0.00065025 0.000205618 0.00223445 -0.000288799 0.000403414 0.00217482 -0.000136789 -0.000564993 0.00233577 
4.78607e-05 -0.000593653 0.00258257 -0.000647162 -0.000273364 0.0022902 0.000623358 -0.000302962 0.00215031 
0.000681627 -0.000122548 0.00225396 -0.000495285 8.4072e-05 0.00242143 -1.94091e-05 0.000156758 0.00246273 
-0.000529335 0.000137217 0.00202561 -0.000100355 0.000235322 0.00216752 0.000194955 0.000228969 0.00216651 
0.000601907 0.000424397 0.00232775 -0.000260222 0.00049234 0.00238716 -8.03676e-05 0.000437212 0.00219929 
0.000243011 0.000636324 0.00236321 -0.000463401 -0.000532716 0.00223854 0.000133323 -0.000615775 0.00215892 
0.000261752 -9.9339e-05 0.0021831 0.000351702 1.77943e-05 0.00251606 -0.000741399 0.000109128 0.00251385 
0.00034875 0.000202428 0.00240653 -0.000205242 0.000610019 0.0025084 0.000964094 -0.000743399 0.00232007 
0.000413415 -0.000729694 0.00273239 0.000412774 6.75548e-05 0.00268602 -0.000479826 0.000497993 0.00243966 
0.000833828 -0.000901518 0.00253052 -0.000146942 -0.000268286 0.00242532 -0.000116587 -0.00012974 0.00251969 
-2.05115e-06 -0.000220208 0.00246177 -0.000459723 -3.06054e-05 0.00248465 0.000383146 3.61382e-05 0.00304894 
-0.000268483 0.000173853 0.00246415 8.31342e-05 0.000136113 0.00273559 0.000169664 0.000285427 0.00289318 
-5.83556e-05 0.000457827 0.00284896 1.88754e-05 -0.000427369 0.00258784 -0.000255879 -0.000153972 0.00260768 
0.000530029 -0.000183235 0.00307488 -0.000536877 0.000424886 0.00319598 6.71363e-05 -0.000491278 0.00283967 
0.000320548 -0.000339053 0.00330664 0.00034566 -0.000246602 0.00276586 0.000818325 -0.000271975 0.00290068 
-0.000422223 -0.0001662 0.00272291 -0.000788053 -3.40882e-05 0.00289161 -9.54675e-05 4.85379e-05 0.00269887 
4.81703e-05 -0.000125163 0.00305242 -0.000859636 8.34622e-05 0.00282597 -0.000601813 -0.000443242 0.00287101 
-0.000224864 -0.000352461 0.00296654 -2.71974e-06 0.000423266 0.00309662 -0.000720955 3.57781e-05 0.00302053 
-0.000284798 -1.8169e-05 0.00296541 0.000143168 0.000394178 0.00336352 2.05016e-05 0.000530641 0.00292067 
0.000107713 0.000539885 0.00297129 -3.0894e-05 -0.000641145 0.0034955 0.000850305 -0.000164678 0.00308755 

VERTICES 3400 3399
OFFSETS vtktypeint64
0 1 2 3 4 5 6 7 8 
9 10 11 12 13 14 15 16 17 
18 19 20 21 22 23 24 25 26 
27 28 29 30 31 32 33 34 35 
36 37 38 39 40 41 42 43 44 
45 46 47 48 49 50 51 52 53 
54 55 56 57 58 59 60 61 62 
63 64 65 66 67 68 69 70 71 
72 73 74 75 76 77 78 79 80 
81 82 83 84 85 86 87 88 89 
90 91 92 93 94 95 96 97 98 
99 100 101 102 103 104 105 106 107 
108 109 110 111 112 113 114 115 116 
117 118 119 120 121 122 123 124 125 
126 127 128 129 130 131 132 133 134 
135 136 137 138 139 140 141 142 143 
144 145 146 147 148 149 150 151 152 
153 154 155 156 157 158 159 160 161 
162 163 164 165 166 167 168 169 170 
171 172 173 174 175 176 177 178 179 
180 181 182 183 184 185 186 187 188 
189 190 191 192 193 194 195 196 197 
198 199 200 201 202 203 204 205 206 
207 208 209 210 211 212 213 214 215 
216 217 218 219 220 221 222 223 224 
225 226 227 228 229 230 231 232 233 
234 235 236 237 238 239 240 241 242 
243 244 245 246 247 248 249 250 251 
252 253 254 255 256 257 258 259 260 
261 262 263 264 265 266 267 268 269 
270 271 272 273 274 275 276 277 278 
279 280 281 282 283 284 285 286 287 
288 289 290 291 292 293 294 295 296 
297 298 299 300 301 302 303 304 305 
306 307 308 309 310 311 312 313 314 
315 316 317 318 319 320 321 322 323 
324 325 326 327 328 329 330 331 332 
333 334 335 336 337 338 339 340 341 
342 343 344 345 346 347 348 349 350 
351 352 353 354 355 356 357 358 359 
360 361 362 363 364 365 366 367 368 
369 370 371 372 373 374 375 376 377 
378 379 380 381 382 383 384 385 386 
387 388 389 390 391 392 393 394 395 
396 397 398 399 400 401 402 403 404 
405 406 407 408 409 410 411 412 413 
414 415 416 417 418 419 420 421 422 
423 424 425 426 427 428 429 430 431 
432 433 434 435 436 437 438 439 440 
441 442 443 444 445 446 447 448 449 
450 451 452 453 454 455 456 457 458 
459 460 461 462 463 464 465 466 467 
468 469 470 471 472 473 474 475 476 
477 478 479 480 481 482 483 484 485 
486 487 488 489 490 491 492 493 494 
495 496 497 498 499 500 501 502 503 
504 505 506 507 508 509 510 511 512 
513 514 515 516 517 518 519 520 521 
522 523 524 525 526 527 528 529 530 
531 532 533 534 535 536 537 538 539 
540 541 542 543 544 545 546 547 548 
549 550 551 552 553 554 555 556 557 
558 559 560 561 562 563 564 565 566 
567 568 569 570 571 572 573 574 575 
576 577 578 579 580 581 582 583 584 
585 586 587 588 589 590 591 592 593 
594 595 596 597 598 599 600 601 602 
603 604 605 606 607 608 609 610 611 
612 613 614 615 616 617 618 619 620 
621 622 623 624 625 626 627 628 629 
630 631 632 633 634 635 636 637 638 
639 640 641 642 643 644 645 646 647 
648 649 650 651 652 653 654 655 656 
657 658 659 660 661 662 663 664 665 
666 667 668 669 670 671 672 673 674 
675 676 677 678 679 680 681 682 683 
684 685 686 687 688 689 690 691 692 
693 694 695 696 697 698 699 700 701 
702 703 704 705 706 707 708 709 710 
711 712 713 714 715 716 717 718 719 
720 721 722 723 724 725 726 727 728 
729 730 731 732 733 734 735 736 737 
738 739 740 741 742 743 744 745 746 
747 748 749 750 751 752 753 754 755 
756 757 758 759 760 761 762 763 764 
765 766 767 768 769 770 771 772 773 
774 775 776 777 778 779 780 781 782 
783 784 785 786 787 788 789 790 791 
792 793 794 795 796 797 798 799 800 
801 802 803 804 805 806 807 808 809 
810 811 812 813 814 815 816 817 818 
819 820 821 822 823 824 825 826 827 
828 829 830 831 832 833 834 835 836 
837 838 839 840 841 842 843 844 845 
846 847 848 849 850 851 852 853 854 
855 856 857 858 859 860 861 862 863 
864 865 866 867 868 869 870 871 872 
873 874 875 876 877 878 879 880 881 
882 883 884 885 886 887 888 889 890 
891 892 893 894 895 896 897 898 899 
900 901 902 903 904 905 906 907 908 
909 910 911 912 913 914 915 916 917 
918 919 920 921 922 923 924 925 926 
927 928 929 930 931 932 933 934 935 
936 937 938 939 940 941 942 943 944 
945 946 947 948 949 950 951 952 953 
954 955 956 957 958 959 960 961 962 
963 964 965 966 967 968 969 970 971 
972 973 974 975 976 977 978 979 980 
981 982 983 984 985 986 987 988 989 
990 991 992 993 994 995 996 997 998 
999 1000 1001 1002 1003 1004 1005 1006 1007 
1008 1009 1010 1011 1012 1013 1014 1015 1016 
1017 1018 1019 1020 1021 1022 1023 1024 1025 
1026 1027 1028 1029 1030 1031 1032 1033 1034 
1035 1036 1037 1038 1039 1040 1041 1042 1043 
1044 1045 1046 1047 1048 1049 1050 1051 1052 
1053 1054 1055 1056 1057 1058 1059 1060 1061 
1062 1063 1064 1065 1066 1067 1068 1069 1070 
1071 1072 1073 1074 1075 1076 1077 1078 1079 
1080 1081 1082 1083 1084 1085 1086 1087 1088 
1089 1090 1091 1092 1093 1094 1095 1096 1097 
1098 1099 1100 1101 1102 1103 1104 1105 1106 
1107 1108 1109 1110 1111 1112 1113 1114 1115 
1116 1117 1118 1119 1120 1121 1122 1123 1124 
1125 1126 1127 1128 1129 1130 1131 1132 1133 
1134 1135 1136 1137 1138 1139 1140 1141 1142 
1143 1144 1145 1146 1147 1148 1149 1150 1151 
1152 1153 1154 1155 1156 1157 1158 1159 1160 
1161 1162 1163 1164 1165 1166 1167 1168 1169 
1170 1171 1172 1173 1174 1175 1176 1177 1178 
1179 1180 1181 1182 1183 1184 1185 1186 1187 
1188 1189 1190 1191 1192 1193 1194 1195 1196 
1197 1198 1199 1200 1201 1202 1203 1204 1205 
1206 1207 1208 1209 1210 1211 1212 1213 1214 
1215 1216 1217 1218 1219 1220 1221 1222 1223 
1224 1225 1226 1227 1228 1229 1230 1231 1232 
1233 1234 1235 1236 1237 1238 1239 1240 1241 
1242 1243 1244 1245 1246 1247 1248 1249 1250 
1251 1252 1253 1254 1255 1256 1257 1258 1259 
1260 1261 1262 1263 1264 1265 1266 1267 1268 
1269 1270 1271 1272 1273 1274 1275 1276 1277 
1278 1279 1280 1281 1282 1283 1284 1285 1286 
1287 1288 1289 1290 1291 1292 1293 1294 1295 
1296 1297 1298 1299 1300 1301 1302 1303 1304 
1305 1306 1307 1308 1309 1310 1311 1312 1313 
1314 1315 1316 1317 1318 1319 1320 1321 1322 
1323 1324 1325 1326 1327 1328 1329 1330 1331 
1332 1333 1334 1335 1336 1337 1338 1339 1340 
1341 1342 1343 1344 1345 1346 1347 1348 1349 
1350 1351 1352 1353 1354 1355 1356 1357 1358 
1359 1360 1361 1362 1363 1364 1365 1366 1367 
1368 1369 1370 1371 1372 1373 1374 1375 1376 
1377 1378 1379 1380 1381 1382 1383 1384 1385 
1386 1387 1388 1389 1390 1391 1392 1393 1394 
1395 1396 1397 1398 1399 1400 1401 1402 1403 
1404 1405 1406 1407 1408 1409 1410 1411 1412 
1413 1414 1415 1416 1417 1418 1419 1420 1421 
1422 1423 1424 1425 1426 1427 1428 1429 1430 
1431 1432 1433 1434 1435 1436 1437 1438 1439 
1440 1441 1442 1443 1444 1445 1446 1447 1448 
1449 1450 1451 1452 1453 1454 1455 1456 1457 
1458 1459 1460 1461 1462 1463 1464 1465 1466 
1467 1468 1469 1470 1471 1472 1473 1474 1475 
1476 1477 1478 1479 1480 1481 1482 1483 1484 
1485 1486 1487 1488 1489 1490 1491 1492 1493 
1494 1495 1496 1497 1498 1499 1500 1501 1502 
1503 1504 1505 1506 1507 1508 1509 1510 1511 
1512 1513 1514 1515 1516 1517 1518 1519 1520 
1521 1522 1523 1524 1525 1526 1527 1528 1529 
1530 1531 1532 1533 1534 1535 1536 1537 1538 
1539 1540 1541 1542 1543 1544 1545 1546 1547 
1548 1549 1550 1551 1552 1553 1554 1555 1556 
1557 1558 1559 1560 1561 1562 1563 1564 1565 
1566 1567 1568 1569 1570 1571 1572 1573 1574 
1575 1576 1577 1578 1579 1580 1581 1582 1583 
1584 1585 1586 1587 1588 1589 1590 1591 1592 
1593 1594 1595 1596 1597 1598 1599 1600 1601 
1602 1603 1604 1605 1606 1607 1608 1609 1610 
1611 1612 1613 1614 1615 1616 1617 1618 1619 
1620 1621 1622 1623 1624 1625 1626 1627 1628 
1629 1630 1631 1632 1633 1634 1635 1636 1637 
1638 1639 1640 1641 1642 1643 1644 1645 1646 
1647 1648 1649 1650 1651 1652 1653 1654 1655 
1656 1657 1658 1659 1660 1661 1662 1663 1664 
1665 1666 1667 1668 1669 1670 1671 1672 1673 
1674 1675 1676 1677 1678 1679 1680 1681 1682 
1683 1684 1685 1686 1687 1688 1689 1690 1691 
1692 1693 1694 1695 1696 1697 1698 1699 1700 
1701 1702 1703 1704 1705 1706 1707 1708 1709 
1710 1711 1712 1713 1714 1715 1716 1717 1718 
1719 1720 1721 1722 1723 1724 1725 1726 1727 
1728 1729 1730 1731 1732 1733 1734 1735 1736 
1737 1738 1739 1740 1741 1742 1743 1744 1745 
1746 1747 1748 1749 1750 1751 1752 1753 1754 
1755 1756 1757 1758 1759 1760 1761 1762 1763 
1764 1765 1766 1767 1768 1769 1770 1771 1772 
1773 1774 1775 1776 1777 1778 1779 1780 1781 
1782 1783 1784 1785 1786 1787 1788 1789 1790 
1791 1792 1793 1794 1795 1796 1797 1798 1799 
1800 1801 1802 1803 1804 1805 1806 1807 1808 
1809 1810 1811 1812 1813 1814 1815 1816 1817 
1818 1819 1820 1821 1822 1823 1824 1825 1826 
1827 1828 1829 1830 1831 1832 1833 1834 1835 
1836 1837 1838 1839 1840 1841 1842 1843 1844 
1845 1846 1847 1848 1849 1850 1851 1852 1853 
1854 1855 1856 1857 1858 1859 1860 1861 1862 
1863 1864 1865 1866 1867 1868 1869 1870 1871 
1872 1873 1874 1875 1876 1877 1878 1879 1880 
1881 1882 1883 1884 1885 1886 1887 1888 1889 
1890 1891 1892 1893 1894 1895 1896 1897 1898 
1899 1900 1901 1902 1903 1904 1905 1906 1907 
1908 1909 1910 1911 1912 1913 1914 1915 1916 
1917 1918 1919 1920 1921 1922 1923 1924 1925 
1926 1927 1928 1929 1930 1931 1932 1933 1934 
1935 1936 1937 1938 1939 1940 1941 1942 1943 
1944 1945 1946 1947 1948 1949 1950 1951 1952 
1953 1954 1955 1956 1957 1958 1959 1960 1961 
1962 1963 1964 1965 1966 1967 1968 1969 1970 
1971 1972 1973 1974 1975 1976 1977 1978 1979 
1980 1981 1982 1983 1984 1985 1986 1987 1988 
1989 1990 1991 1992 1993 1994 1995 1996 1997 
1998 1999 2000 2001 2002 2003 2004 2005 2006 
2007 2008 2009 2010 2011 2012 2013 2014 2015 
2016 2017 2018 2019 2020 2021 2022 2023 2024 
2025 2026 2027 2028 2029 2030 2031 2032 2033 
2034 2035 2036 2037 2038 2039 2040 2041 2042 
2043 2044 2045 2046 2047 2048 2049 2050 2051 
2052 2053 2054 2055 2056 2057 2058 2059 2060 
2061 2062 2063 2064 2065 2066 2067 2068 2069 
2070 2071 2072 2073 2074 2075 2076 2077 2078 
2079 2080 2081 2082 2083 2084 2085 2086 2087 
2088 2089 2090 2091 2092 2093 2094 2095 2096 
2097 2098 2099 2100 2101 2102 2103 2104 2105 
2106 2107 2108 2109 2110 2111 2112 2113 2114 
2115 2116 2117 2118 2119 2120 2121 2122 2123 
2124 2125 2126 2127 2128 2129 2130 2131 2132 
2133 2134 2135 2136 2137 2138 2139 2140 2141 
2142 2143 2144 2145 2146 2147 2148 2149 2150 
2151 2152 2153 2154 2155 2156 2157 2158 2159 
2160 2161 2162 2163 2164 2165 2166 2167 2168 
2169 2170 2171 2172 2173 2174 2175 2176 2177 
2178 2179 2180 2181 2182 2183 2184 2185 2186 
2187 2188 2189 2190 2191 2192 2193 2194 2195 
2196 2197 2198 2199 2200 2201 2202 2203 2204 
2205 2206 2207 2208 2209 2210 2211 2212 2213 
2214 2215 2216 2217 2218 2219 2220 2221 2222 
2223 2224 2225 2226 2227 2228 2229 2230 2231 
2232 2233 2234 2235 2236 2237 2238 2239 2240 
2241 2242 2243 2244 2245 2246 2247 2248 2249 
2250 2251 2252 2253 2254 2255 2256 2257 2258 
2259 2260 2261 2262 2263 2264 2265 2266 2267 
2268 2269 2270 2271 2272 2273 2274 2275 2276 
2277 2278 2279 2280 2281 2282 2283 2284 2285 
2286 2287 2288 2289 2290 2291 2292 2293 2294 
2295 2296 2297 2298 2299 2300 2301 2302 2303 
2304 2305 2306 2307 2308 2309 2310 2311 2312 
2313 2314 2315 2316 2317 2318 2319 2320 2321 
2322 2323 2324 2325 2326 2327 2328 2329 2330 
2331 2332 2333 2334 2335 2336 2337 2338 2339 
2340 2341 2342 2343 2344 2345 2346 2347 2348 
2349 2350 2351 2352 2353 2354 2355 2356 2357 
2358 2359 2360 2361 2362 2363 2364 2365 2366 
2367 2368 2369 2370 2371 2372 2373 2374 2375 
2376 2377 2378 2379 2380 2381 2382 2383 2384 
2385 2386 2387 2388 2389 2390 2391 2392 2393 
2394 2395 2396 2397 2398 2399 2400 2401 2402 
2403 2404 2405 2406 2407 2408 2409 2410 2411 
2412 2413 2414 2415 2416 2417 2418 2419 2420 
2421 2422 2423 2424 2425 2426 2427 2428 2429 
2430 2431 2432 2433 2434 2435 2436 2437 2438 
2439 2440 2441 2442 2443 2444 2445 2446 2447 
2448 2449 2450 2451 2452 2453 2454 2455 2456 
2457 2458 2459 2460 2461 2462 2463 2464 2465 
2466 2467 2468 2469 2470 2471 2472 2473 2474 
2475 2476 2477 2478 2479 2480 2481 2482 2483 
2484 2485 2486 2487 2488 2489 2490 2491 2492 
2493 2494 2495 2496 2497 2498 2499 2500 2501 
2502 2503 2504 2505 2506 2507 2508 2509 2510 
2511 2512 2513 2514 2515 2516 2517 2518 2519 
2520 2521 2522 2523 2524 2525 2526 2527 2528 
2529 2530 2531 2532 2533 2534 2535 2536 2537 
2538 2539 2540 2541 2542 2543 2544 2545 2546 
2547 2548 2549 2550 2551 2552 2553 2554 2555 
2556 2557 2558 2559 2560 2561 2562 2563 2564 
2565 2566 2567 2568 2569 2570 2571 2572 2573 
2574 2575 2576 2577 2578 2579 2580 2581 2582 
2583 2584 2585 2586 2587 2588 2589 2590 2591 
2592 2593 2594 2595 2596 2597 2598 2599 2600 
2601 2602 2603 2604 2605 2606 2607 2608 2609 
2610 2611 2612 2613 2614 2615 2616 2617 2618 
2619 2620 2621 2622 2623 2624 2625 2626 2627 
2628 2629 2630 2631 2632 2633 2634 2635 2636 
2637 2638 2639 2640 2641 2642 2643 2644 2645 
2646 2647 2648 2649 2650 2651 2652 2653 2654 
2655 2656 2657 2658 2659 2660 2661 2662 2663 
2664 2665 2666 2667 2668 2669 2670 2671 2672 
2673 2674 2675 2676 2677 2678 2679 2680 2681 
2682 2683 2684 2685 2686 2687 2688 2689 2690 
2691 2692 2693 2694 2695 2696 2697 2698 2699 
2700 2701 2702 2703 2704 2705 2706 2707 2708 
2709 2710 2711 2712 2713 2714 2715 2716 2717 
2718 2719 2720 2721 2722 2723 2724 2725 2726 
2727 2728 2729 2730 2731 2732 2733 2734 2735 
2736 2737 2738 2739 2740 2741 2742 2743 2744 
2745 2746 2747 2748 2749 2750 2751 2752 2753 
2754 2755 2756 2757 2758 2759 2760 2761 2762 
2763 2764 2765 2766 2767 2768 2769 2770 2771 
2772 2773 2774 2775 2776 2777 2778 2779 2780 
2781 2782 2783 2784 2785 2786 2787 2788 2789 
2790 2791 2792 2793 2794 2795 2796 2797 2798 
2799 2800 2801 2802 2803 2804 2805 2806 2807 
2808 2809 2810 2811 2812 2813 2814 2815 2816 
2817 2818 2819 2820 2821 2822 2823 2824 2825 
2826 2827 2828 2829 2830 2831 2832 2833 2834 
2835 2836 2837 2838 2839 2840 2841 2842 2843 
2844 2845 2846 2847 2848 2849 2850 2851 2852 
2853 2854 2855 2856 2857 2858 2859 2860 2861 
2862 2863 2864 2865 2866 2867 2868 2869 2870 
2871 2872 2873 2874 2875 2876 2877 2878 2879 
2880 2881 2882 2883 2884 2885 2886 2887 2888 
2889 2890 2891 2892 2893 2894 2895 2896 2897 
2898 2899 2900 2901 2902 2903 2904 2905 2906 
2907 2908 2909 2910 2911 2912 2913 2914 2915 
2916 2917 2918 2919 2920 2921 2922 2923 2924 
2925 2926 2927 2928 2929 2930 2931 2932 2933 
2934 2935 2936 2937 2938 2939 2940 2941 2942 
2943 2944 2945 2946 2947 2948 2949 2950 2951 
2952 2953 2954 2955 2956 2957 2958 2959 2960 
2961 2962 2963 2964 2965 2966 2967 2968 2969 
2970 2971 2972 2973 2974 2975 2976 2977 2978 
2979 2980 2981 2982 2983 2984 2985 2986 2987 
2988 2989 2990 2991 2992 2993 2994 2995 2996 
2997 2998 2999 3000 3001 3002 3003 3004 3005 
3006 3007 3008 3009 3010 3011 3012 3013 3014 
3015 3016 3017 3018 3019 3020 3021 3022 3023 
3024 3025 3026 3027 3028 3029 3030 3031 3032 
3033 3034 3035 3036 3037 3038 3039 3040 3041 
3042 3043 3044 3045 3046 3047 3048 3049 3050 
3051 3052 3053 3054 3055 3056 3057 3058 3059 
3060 3061 3062 3063 3064 3065 3066 3067 3068 
3069 3070 3071 3072 3073 3074 3075 3076 3077 
3078 3079 3080 3081 3082 3083 3084 3085 3086 
3087 3088 3089 3090 3091 3092 3093 3094 3095 
3096 3097 3098 3099 3100 3101 3102 3103 3104 
3105 3106 3107 3108 3109 3110 3111 3112 3113 
3114 3115 3116 3117 3118 3119 3120 3121 3122 
3123 3124 3125 3126 3127 3128 3129 3130 3131 
3132 3133 3134 3135 3136 3137 3138 3139 3140 
3141 3142 3143 3144 3145 3146 3147 3148 3149 
3150 3151 3152 3153 3154 3155 3156 3157 3158 
3159 3160 3161 3162 3163 3164 3165 3166 3167 
3168 3169 3170 3171 3172 3173 3174 3175 3176 
3177 3178 3179 3180 3181 3182 3183 3184 3185 
3186 3187 3188 3189 3190 3191 3192 3193 3194 
3195 3196 3197 3198 3199 3200 3201 3202 3203 
3204 3205 3206 3207 3208 3209 3210 3211 3212 
3213 3214 3215 3216 3217 3218 3219 3220 3221 
3222 3223 3224 3225 3226 3227 3228 3229 3230 
3231 3232 3233 3234 3235 3236 3237 3238 3239 
3240 3241 3242 3243 3244 3245 3246 3247 3248 
3249 3250 3251 3252 3253 3254 3255 3256 3257 
3258 3259 3260 3261 3262 3263 3264 3265 3266 
3267 3268 3269 3270 3271 3272 3273 3274 3275 
3276 3277 3278 3279 3280 3281 3282 3283 3284 
3285 3286 3287 3288 3289 3290 3291 3292 3293 
3294 3295 3296 3297 3298 3299 3300 3301 3302 
3303 3304 3305 3306 3307 3308 3309 3310 3311 
3312 3313 3314 3315 3316 3317 3318 3319 3320 
3321 3322 3323 3324 3325 3326 3327 3328 3329 
3330 3331 3332 3333 3334 3335 3336 3337 3338 
3339 3340 3341 3342 3343 3344 3345 3346 3347 
3348 3349 3350 3351 3352 3353 3354 3355 3356 
3357 3358 3359 3360 3361 3362 3363 3364 3365 
3366 3367 3368 3369 3370 3371 3372 3373 3374 
3375 3376 3377 3378 3379 3380 3381 3382 3383 
3384 3385 3386 3387 3388 3389 3390 3391 3392 
3393 3394 3395 3396 3397 3398 3399 
CONNECTIVITY vtktypeint64
0 1 2 3 4 5 6 7 8 
9 10 11 12 13 14 15 16 17 
18 19 20 21 22 23 24 25 26 
27 28 29 30 31 32 33 34 35 
36 37 38 39 40 41 42 43 44 
45 46 47 48 49 50 51 52 53 
54 55 56 57 58 59 60 61 62 
63 64 65 66 67 68 69 70 71 
72 73 74 75 76 77 78 79 80 
81 82 83 84 85 86 87 88 89 
90 91 92 93 94 95 96 97 98 
99 100 101 102 103 104 105 106 107 
108 109 110 111 112 113 114 115 116 
117 118 119 120 121 122 123 124 125 
126 127 128 129 130 131 132 133 134 
135 136 137 138 139 140 141 142 143 
144 145 146 147 148 149 150 151 152 
153 154 155 156 157 158 159 160 161 
162 163 164 165 166 167 168 169 170 
171 172 173 174 175 176 177 178 179 
180 181 182 183 184 185 186 187 188 
189 190 191 192 193 194 195 196 197 
198 199 200 201 202 203 204 205 206 
207 208 209 210 211 212 213 214 215 
216 217 218 219 220 221 222 223 224 
225 226 227 228 229 230 231 232 233 
234 235 236 237 238 239 240 241 242 
243 244 245 246 247 248 249 250 251 
252 253 254 255 256 257 258 259 260 
261 262 263 264 265 266 267 268 269 
270 271 272 273 274 275 276 277 278 
279 280 281 282 283 284 285 286 287 
288 289 290 291 292 293 294 295 296 
297 298 299 300 301 302 303 304 305 
306 307 308 309 310 311 312 313 314 
315 316 317 318 319 320 321 322 323 
324 325 326 327 328 329 330 331 332 
333 334 335 336 337 338 339 340 341 
342 343 344 345 346 347 348 349 350 
351 352 353 354 355 356 357 358 359 
360 361 362 363 364 365 366 367 368 
369 370 371 372 373 374 375 376 377 
378 379 380 381 382 383 384 385 386 
387 388 389 390 391 392 393 394 395 
396 397 398 399 400 401 402 403 404 
405 406 407 408 409 410 411 412 413 
414 415 416 417 418 419 420 421 422 
423 424 425 426 427 428 429 430 431 
432 433 434 435 436 437 438 439 440 
441 442 443 444 445 446 447 448 449 
450 451 452 453 454 455 456 457 458 
459 460 461 462 463 464 465 466 467 
468 469 470 471 472 473 474 475 476 
477 478 479 480 481 482 483 484 485 
486 487 488 489 490 491 492 493 494 
495 496 497 498 499 500 501 502 503 
504 505 506 507 508 509 510 511 512 
513 514 515 516 517 518 519 520 521 
522 523 524 525 526 527 528 529 530 
531 532 533 534 535 536 537 538 539 
540 541 542 543 544 545 546 547 548 
549 550 551 552 553 554 555 556 557 
558 559 560 561 562 563 564 565 566 
567 568 569 570 571 572 573 574 575 
576 577 578 579 580 581 582 583 584 
585 586 587 588 589 590 591 592 593 
594 595 596 597 598 599 600 601 602 
603 604 605 606 607 608 609 610 611 
612 613 614 615 616 617 618 619 620 
621 622 623 624 625 626 627 628 629 
630 631 632 633 634 635 636 637 638 
639 640 641 642 643 644 645 646 647 
648 649 650 651 652 653 654 655 656 
657 658 659 660 661 662 663 664 665 
666 667 668 669 670 671 672 673 674 
675 676 677 678 679 680 681 682 683 
684 685 686 687 688 689 690 691 692 
693 694 695 696 697 698 699 700 701 
702 703 704 705 706 707 708 709 710 
711 712 713 714 715 716 717 718 719 
720 721 722 723 724 725 726 727 728 
729 730 731 732 733 734 735 736 737 
738 739 740 741 742 743 744 745 746 
747 748 749 750 751 752 753 754 755 
756 757 758 759 760 761 762 763 764 
765 766 767 768 769 770 771 772 773 
774 775 776 777 778 779 780 781 782 
783 784 785 786 787 788 789 790 791 
792 793 794 795 796 797 798 799 800 
801 802 803 804 805 806 807 808 809 
810 811 812 813 814 815 816 817 818 
819 820 821 822 823 824 825 826 827 
828 829 830 831 832 833 834 835 836 
837 838 839 840 841 842 843 844 845 
846 847 848 849 850 851 852 853 854 
855 856 857 858 859 860 861 862 863 
864 865 866 867 868 869 870 871 872 
873 874 875 876 877 878 879 880 881 
882 883 884 885 886 887 888 889 890 
891 892 893 894 895 896 897 898 899 
900 901 902 903 904 905 906 907 908 
909 910 911 912 913 914 915 916 917 
918 919 920 921 922 923 924 925 926 
927 928 929 930 931 932 933 934 935 
936 937 938 939 940 941 942 943 944 
945 946 947 948 949 950 951 952 953 
954 955 956 957 958 959 960 961 962 
963 964 965 966 967 968 969 970 971 
972 973 974 975 976 977 978 979 980 
981 982 983 984 985 986 987 988 989 
990 991 992 993 994 995 996 997 998 
999 1000 1001 1002 1003 1004 1005 1006 1007 
1008 1009 1010 1011 1012 1013 1014 1015 1016 
1017 1018 1019 1020 1021 1022 1023 1024 1025 
1026 1027 1028 1029 1030 1031 1032 1033 1034 
1035 1036 1037 1038 1039 1040 1041 1042 1043 
1044 1045 1046 1047 1048 1049 1050 1051 1052 
1053 1054 1055 1056 1057 1058 1059 1060 1061 
1062 1063 1064 1065 1066 1067 1068 1069 1070 
1071 1072 1073 1074 1075 1076 1077 1078 1079 
1080 1081 1082 1083 1084 1085 1086 1087 1088 
1089 1090 1091 1092 1093 1094 1095 1096 1097 
1098 1099 1100 1101 1102 1103 1104 1105 1106 
1107 1108 1109 1110 1111 1112 1113 1114 1115 
1116 1117 1118 1119 1120 1121 1122 1123 1124 
1125 1126 1127 1128 1129 1130 1131 1132 1133 
1134 1135 1136 1137 1138 1139 1140 1141 1142 
1143 1144 1145 1146 1147 1148 1149 1150 1151 
1152 1153 1154 1155 1156 1157 1158 1159 1160 
1161 1162 1163 1164 1165 1166 1167 1168 1169 
1170 1171 1172 1173 1174 1175 1176 1177 1178 
1179 1180 1181 1182 1183 1184 1185 1186 1187 
1188 1189 1190 1191 1192 1193 1194 1195 1196 
1197 1198 1199 1200 1201 1202 1203 1204 1205 
1206 1207 1208 1209 1210 1211 1212 1213 1214 
1215 1216 1217 1218 1219 1220 1221 1222 1223 
1224 1225 1226 1227 1228 1229 1230 1231 1232 
1233 1234 1235 1236 1237 1238 1239 1240 1241 
1242 1243 1244 1245 1246 1247 1248 1249 1250 
1251 1252 1253 1254 1255 1256 1257 1258 1259 
1260 1261 1262 1263 1264 1265 1266 1267 1268 
1269 1270 1271 1272 1273 1274 1275 1276 1277 
1278 1279 1280 1281 1282 1283 1284 1285 1286 
1287 1288 1289 1290 1291 1292 1293 1294 1295 
1296 1297 1298 1299 1300 1301 1302 1303 1304 
1305 1306 1307 1308 1309 1310 1311 1312 1313 
1314 1315 1316 1317 1318 1319 1320 1321 1322 
1323 1324 1325 1326 1327 1328 1329 1330 1331 
1332 1333 1334 1335 1336 1337 1338 1339 1340 
1341 1342 1343 1344 1345 1346 1347 1348 1349 
1350 1351 1352 1353 1354 1355 1356 1357 1358 
1359 1360 1361 1362 1363 1364 1365 1366 1367 
1368 1369 1370 1371 1372 1373 1374 1375 1376 
1377 1378 1379 1380 1381 1382 1383 1384 1385 
1386 1387 1388 1389 1390 1391 1392 1393 1394 
1395 1396 1397 1398 1399 1400 1401 1402 1403 
1404 1405 1406 1407 1408 1409 1410 1411 1412 
1413 1414 1415 1416 1417 1418 1419 1420 1421 
1422 1423 1424 1425 1426 1427 1428 1429 1430 
1431 1432 1433 1434 1435 1436 1437 1438 1439 
1440 1441 1442 1443 1444 1445 1446 1447 1448 
1449 1450 1451 1452 1453 1454 1455 1456 1457 
1458 1459 1460 1461 1462 1463 1464 1465 1466 
1467 1468 1469 1470 1471 1472 1473 1474 1475 
1476 1477 1478 1479 1480 1481 1482 1483 1484 
1485 1486 1487 1488 1489 1490 1491 1492 1493 
1494 1495 1496 1497 1498 1499 1500 1501 1502 
1503 1504 1505 1506 1507 1508 1509 1510 1511 
1512 1513 1514 1515 1516 1517 1518 1519 1520 
1521 1522 1523 1524 1525 1526 1527 1528 1529 
1530 1531 1532 1533 1534 1535 1536 1537 1538 
1539 1540 1541 1542 1543 1544 1545 1546 1547 
1548 1549 1550 1551 1552 1553 1554 1555 1556 
1557 1558 1559 1560 1561 1562 1563 1564 1565 
1566 1567 1568 1569 1570 1571 1572 1573 1574 
1575 1576 1577 1578 1579 1580 1581 1582 1583 
1584 1585 1586 1587 1588 1589 1590 1591 1592 
1593 1594 1595 1596 1597 1598 1599 1600 1601 
1602 1603 1604 1605 1606 1607 1608 1609 1610 
1611 1612 1613 1614 1615 1616 1617 1618 1619 
1620 1621 1622 1623 1624 1625 1626 1627 1628 
1629 1630 1631 1632 1633 1634 1635 1636 1637 
1638 1639 1640 1641 1642 1643 1644 1645 1646 
1647 1648 1649 1650 1651 1652 1653 1654 1655 
1656 1657 1658 1659 1660 1661 1662 1663 1664 
1665 1666 1667 1668 1669 1670 1671 1672 1673 
1674 1675 1676 1677 1678 1679 1680 1681 1682 
1683 1684 1685 1686 1687 1688 1689 1690 1691 
1692 1693 1694 1695 1696 1697 1698 1699 1700 
1701 1702 1703 1704 1705 1706 1707 1708 1709 
1710 1711 1712 1713 1714 1715 1716 1717 1718 
1719 1720 1721 1722 1723 1724 1725 1726 1727 
1728 1729 1730 1731 1732 1733 1734 1735 1736 
1737 1738 1739 1740 1741 1742 1743 1744 1745 
1746 1747 1748 1749 1750 1751 1752 1753 1754 
1755 1756 1757 1758 1759 1760 1761 1762 1763 
1764 1765 1766 1767 1768 1769 1770 1771 1772 
1773 1774 1775 1776 1777 1778 1779 1780 1781 
1782 1783 1784 1785 1786 1787 1788 1789 1790 
1791 1792 1793 1794 1795 1796 1797 1798 1799 
1800 1801 1802 1803 1804 1805 1806 1807 1808 
1809 1810 1811 1812 1813 1814 1815 1816 1817 
1818 1819 1820 1821 1822 1823 1824 1825 1826 
1827 1828 1829 1830 1831 1832 1833 1834 1835 
1836 1837 1838 1839 1840 1841 1842 1843 1844 
1845 1846 1847 1848 1849 1850 1851 1852 1853 
1854 1855 1856 1857 1858 1859 1860 1861 1862 
1863 1864 1865 1866 1867 1868 1869 1870 1871 
1872 1873 1874 1875 1876 1877 1878 1879 1880 
1881 1882 1883 1884 1885 1886 1887 1888 1889 
1890 1891 1892 1893 1894 1895 1896 1897 1898 
1899 1900 1901 1902 1903 1904 1905 1906 1907 
1908 1909 1910 1911 1912 1913 1914 1915 1916 
1917 1918 1919 1920 1921 1922 1923 1924 1925 
1926 1927 1928 1929 1930 1931 1932 1933 1934 
1935 1936 1937 1938 1939 1940 1941 1942 1943 
1944 1945 1946 1947 1948 1949 1950 1951 1952 
1953 1954 1955 1956 1957 1958 1959 1960 1961 
1962 1963 1964 1965 1966 1967 1968 1969 1970 
1971 1972 1973 1974 1975 1976 1977 1978 1979 
1980 1981 1982 1983 1984 1985 1986 1987 1988 
1989 1990 1991 1992 1993 1994 1995 1996 1997 
1998 1999 2000 2001 2002 2003 2004 2005 2006 
2007 2008 2009 2010 2011 2012 2013 2014 2015 
2016 2017 2018 2019 2020 2021 2022 2023 2024 
2025 2026 2027 2028 2029 2030 2031 2032 2033 
2034 2035 2036 2037 2038 2039 2040 2041 2042 
2043 2044 2045 2046 2047 2048 2049 2050 2051 
2052 2053 2054 2055 2056 2057 2058 2059 2060 
2061 2062 2063 2064 2065 2066 2067 2068 2069 
2070 2071 2072 2073 2074 2075 2076 2077 2078 
2079 2080 2081 2082 2083 2084 2085 2086 2087 
2088 2089 2090 2091 2092 2093 2094 2095 2096 
2097 2098 2099 2100 2101 2102 2103 2104 2105 
2106 2107 2108 2109 2110 2111 2112 2113 2114 
2115 2116 2117 2118 2119 2120 2121 2122 2123 
2124 2125 2126 2127 2128 2129 2130 2131 2132 
2133 2134 2135 2136 2137 2138 2139 2140 2141 
2142 2143 2144 2145 2146 2147 2148 2149 2150 
2151 2152 2153 2154 2155 2156 2157 2158 2159 
2160 2161 2162 2163 2164 2165 2166 2167 2168 
2169 2170 2171 2172 2173 2174 2175 2176 2177 
2178 2179 2180 2181 2182 2183 2184 2185 2186 
2187 2188 2189 2190 2191 2192 2193 2194 2195 
2196 2197 2198 2199 2200 2201 2202 2203 2204 
2205 2206 2207 2208 2209 2210 2211 2212 2213 
2214 2215 2216 2217 2218 2219 2220 2221 2222 
2223 2224 2225 2226 2227 2228 2229 2230 2231 
2232 2233 2234 2235 2236 2237 2238 2239 2240 
2241 2242 2243 2244 2245 2246 2247 2248 2249 
2250 2251 2252 2253 2254 2255 2256 2257 2258 
2259 2260 2261 2262 2263 2264 2265 2266 2267 
2268 2269 2270 2271 2272 2273 2274 2275 2276 
2277 2278 2279 2280 2281 2282 2283 2284 2285 
2286 2287 2288 2289 2290 2291 2292 2293 2294 
2295 2296 2297 2298 2299 2300 2301 2302 2303 
2304 2305 2306 2307 2308 2309 2310 2311 2312 
2313 2314 2315 2316 2317 2318 2319 2320 2321 
2322 2323 2324 2325 2326 2327 2328 2329 2330 
2331 2332 2333 2334 2335 2336 2337 2338 2339 
2340 2341 2342 2343 2344 2345 2346 2347 2348 
2349 2350 2351 2352 2353 2354 2355 2356 2357 
2358 2359 2360 2361 2362 2363 2364 2365 2366 
2367 2368 2369 2370 2371 2372 2373 2374 2375 
2376 2377 2378 2379 2380 2381 2382 2383 2384 
2385 2386 2387 2388 2389 2390 2391 2392 2393 
2394 2395 2396 2397 2398 2399 2400 2401 2402 
2403 2404 2405 2406 2407 2408 2409 2410 2411 
2412 2413 2414 2415 2416 2417 2418 2419 2420 
2421 2422 2423 2424 2425 2426 2427 2428 2429 
2430 2431 2432 2433 2434 2435 2436 2437 2438 
2439 2440 2441 2442 2443 2444 2445 2446 2447 
2448 2449 2450 2451 2452 2453 2454 2455 2456 
2457 2458 2459 2460 2461 2462 2463 2464 2465 
2466 2467 2468 2469 2470 2471 2472 2473 2474 
2475 2476 2477 2478 2479 2480 2481 2482 2483 
2484 2485 2486 2487 2488 2489 2490 2491 2492 
2493 2494 2495 2496 2497 2498 2499 2500 2501 
2502 2503 2504 2505 2506 2507 2508 2509 2510 
2511 2512 2513 2514 2515 2516 2517 2518 2519 
2520 2521 2522 2523 2524 2525 2526 2527 2528 
2529 2530 2531 2532 2533 2534 2535 2536 2537 
2538 2539 2540 2541 2542 2543 2544 2545 2546 
2547 2548 2549 2550 2551 2552 2553 2554 2555 
2556 2557 2558 2559 2560 2561 2562 2563 2564 
2565 2566 2567 2568 2569 2570 2571 2572 2573 
2574 2575 2576 2577 2578 2579 2580 2581 2582 
2583 2584 2585 2586 2587 2588 2589 2590 2591 
2592 2593 2594 2595 2596 2597 2598 2599 2600 
2601 2602 2603 2604 2605 2606 2607 2608 2609 
2610 2611 2612 2613 2614 2615 2616 2617 2618 
2619 2620 2621 2622 2623 2624 2625 2626 2627 
2628 2629 2630 2631 2632 2633 2634 2635 2636 
2637 2638 2639 2640 2641 2642 2643 2644 2645 
2646 2647 2648 2649 2650 2651 2652 2653 2654 
2655 2656 2657 2658 2659 2660 2661 2662 2663 
2664 2665 2666 2667 2668 2669 2670 2671 2672 
2673 2674 2675 2676 2677 2678 2679 2680 2681 
2682 2683 2684 2685 2686 2687 2688 2689 2690 
2691 2692 2693 2694 2695 2696 2697 2698 2699 
2700 2701 2702 2703 2704 2705 2706 2707 2708 
2709 2710 2711 2712 2713 2714 2715 2716 2717 
2718 2719 2720 2721 2722 2723 2724 2725 2726 
2727 2728 2729 2730 2731 2732 2733 2734 2735 
2736 2737 2738 2739 2740 2741 2742 2743 2744 
2745 2746 2747 2748 2749 2750 2751 2752 2753 
2754 2755 2756 2757 2758 2759 2760 2761 2762 
2763 2764 2765 2766 2767 2768 2769 2770 2771 
2772 2773 2774 2775 2776 2777 2778 2779 2780 
2781 2782 2783 2784 2785 2786 2787 2788 2789 
2790 2791 2792 2793 2794 2795 2796 2797 2798 
2799 2800 2801 2802 2803 2804 2805 2806 2807 
2808 2809 2810 2811 2812 2813 2814 2815 2816 
2817 2818 2819 2820 2821 2822 2823 2824 2825 
2826 2827 2828 2829 2830 2831 2832 2833 2834 
2835 2836 2837 2838 2839 2840 2841 2842 2843 
2844 2845 2846 2847 2848 2849 2850 2851 2852 
2853 2854 2855 2856 2857 2858 2859 2860 2861 
2862 2863 2864 2865 2866 2867 2868 2869 2870 
2871 2872 2873 2874 2875 2876 2877 2878 2879 
2880 2881 2882 2883 2884 2885 2886 2887 2888 
2889 2890 2891 2892 2893 2894 2895 2896 2897 
2898 2899 2900 2901 2902 2903 2904 2905 2906 
2907 2908 2909 2910 2911 2912 2913 2914 2915 
2916 2917 2918 2919 2920 2921 2922 2923 2924 
2925 2926 2927 2928 2929 2930 2931 2932 2933 
2934 2935 2936 2937 2938 2939 2940 2941 2942 
2943 2944 2945 2946 2947 2948 2949 2950 2951 
2952 2953 2954 2955 2956 2957 2958 2959 2960 
2961 2962 2963 2964 2965 2966 2967 2968 2969 
2970 2971 2972 2973 2974 2975 2976 2977 2978 
2979 2980 2981 2982 2983 2984 2985 2986 2987 
2988 2989 2990 2991 2992 2993 2994 2995 2996 
2997 2998 2999 3000 3001 3002 3003 3004 3005 
3006 3007 3008 3009 3010 3011 3012 3013 3014 
3015 3016 3017 3018 3019 3020 3021 3022 3023 
3024 3025 3026 3027 3028 3029 3030 3031 3032 
3033 3034 3035 3036 3037 3038 3039 3040 3041 
3042 3043 3044 3045 3046 3047 3048 3049 3050 
3051 3052 3053 3054 3055 3056 3057 3058 3059 
3060 3061 3062 3063 3064 3065 3066 3067 3068 
3069 3070 3071 3072 3073 3074 3075 3076 3077 
3078 3079 3080 3081 3082 3083 3084 3085 3086 
3087 3088 3089 3090 3091 3092 3093 3094 3095 
3096 3097 3098 3099 3100 3101 3102 3103 3104 
3105 3106 3107 3108 3109 3110 3111 3112 3113 
3114 3115 3116 3117 3118 3119 3120 3121 3122 
3123 3124 3125 3126 3127 3128 3129 3130 3131 
3132 3133 3134 3135 3136 3137 3138 3139 3140 
3141 3142 3143 3144 3145 3146 3147 3148 3149 
3150 3151 3152 3153 3154 3155 3156 3157 3158 
3159 3160 3161 3162 3163 3164 3165 3166 3167 
3168 3169 3170 3171 3172 3173 3174 3175 3176 
3177 3178 3179 3180 3181 3182 3183 3184 3185 
3186 3187 3188 3189 3190 3191 3192 3193 3194 
3195 3196 3197 3198 3199 3200 3201 3202 3203 
3204 3205 3206 3207 3208 3209 3210 3211 3212 
3213 3214 3215 3216 3217 3218 3219 3220 3221 
3222 3223 3224 3225 3226 3227 3228 3229 3230 
3231 3232 3233 3234 3235 3236 3237 3238 3239 
3240 3241 3242 3243 3244 3245 3246 3247 3248 
3249 3250 3251 3252 3253 3254 3255 3256 3257 
3258 3259 3260 3261 3262 3263 3264 3265 3266 
3267 3268 3269 3270 3271 3272 3273 3274 3275 
3276 3277 3278 3279 3280 3281 3282 3283 3284 
3285 3286 3287 3288 3289 3290 3291 3292 3293 
3294 3295 3296 3297 3298 3299 3300 3301 3302 
3303 3304 3305 3306 3307 3308 3309 3310 3311 
3312 3313 3314 3315 3316 3317 3318 3319 3320 
3321 3322 3323 3324 3325 3326 3327 3328 3329 
3330 3331 3332 3333 3334 3335 3336 3337 3338 
3339 3340 3341 3342 3343 3344 3345 3346 3347 
3348 3349 3350 3351 3352 3353 3354 3355 3356 
3357 3358 3359 3360 3361 3362 3363 3364 3365 
3366 3367 3368 3369 3370 3371 3372 3373 3374 
3375 3376 3377 3378 3379 3380 3381 3382 3383 
3384 3385 3386 3387 3388 3389 3390 3391 3392 
3393 3394 3395 3396 3397 3398 
POINT_DATA 3399
FIELD FieldData 5
id 1 3399 int
47071 46086 47337 45016 43733 47505 45547 34946 49061 
48572 48520 46666 6447 26053 48885 45331 21135 458 
46565 5210 47133 46641 3658 2040 4440 46213 1552 
48836 48041 24929 52 3091 39631 47247 47023 46067 
46390 44760 47472 45194 16737 47101 48907 32160 32663 
46908 46231 45481 44937 45219 46434 39768 25503 47477 
48132 48879 46695 45977 515 3726 47170 45815 46845 
40781 29579 43147 1337 45360 37114 43544 43901 46028 
1115 20760 45343 5923 1378 46588 46698 7499 35195 
41626 44840 38800 49024 17371 2333 44689 35385 48551 
48750 1966 35334 16965 5650 2667 37498 48922 47866 
46449 47219 47599 49073 2783 30597 16618 12185 45233 
45795 5274 1847 44699 47711 2881 45998 43865 34322 
40295 34433 2458 39267 45276 6109 43081 48159 45151 
742 26008 48877 47433 48968 45246 46548 48688 45585 
45087 1959 538 48935 43094 5750 45206 25988 5858 
30515 48053 5667 6909 46739 27715 46222 43019 46743 
41800 47498 46922 4738 45164 40841 3868 16360 4412 
44625 3753 979 6652 5968 46419 6333 47829 7527 
29871 37381 5945 6249 45991 45145 30134 35372 574 
39006 42492 46338 41995 40526 7483 47321 15818 46133 
35970 45777 47482 12752 47026 42690 46730 6290 48605 
44684 42999 48681 34168 45583 37816 43080 46624 1831 
42212 45970 48733 47376 1614 48449 30426 46796 34374 
43547 46557 45838 71 20242 47958 45708 47934 49093 
44798 46583 45600 45031 45773 928 34778 3940 29445 
46543 3130 5984 5806 45542 38239 1077 46982 19750 
45767 21230 45274 5796 45294 47134 44866 48573 43063 
43060 46412 47088 48279 46495 46364 42087 47525 2583 
46202 45717 47453 42527 46262 12617 18639 15414 1071 
3354 2812 6440 42698 49081 46800 40222 25173 22579 
39646 45420 40514 48568 44775 347 15201 45019 48982 
5543 7473 686 6049 24320 588 44080 29028 34353 
5912 17350 34843 179 7309 3011 4274 7340 2161 
5121 1591 7596 4712 44872 26199 6448 987 41871 
2615 3925 7487 16429 7520 6617 48514 47985 6171 
29369 47700 2863 4580 6782 10796 30031 1624 19317 
21639 5364 45099 44495 11896 10153 6002 11071 398 
2471 38632 14982 1012 6259 16281 10966 3702 46333 
45969 47208 6170 45823 395 653 21169 22041 3189 
5374 9640 44758 7320 48189 44853 4175 37512 7256 
243 8570 46696 47858 46842 32581 20903 37881 43823 
38085 87 1477 1016 17027 2231 7538 4552 9150 
4965 9770 7010 2314 2565 7793 1858 48434 6128 
47121 34780 2017 19661 48695 5866 4452 11274 45504 
15546 1720 2976 12575 3936 323 24901 48329 26367 
7223 4873 31052 48167 3896 26591 45129 21263 36404 
38688 2660 822 11722 886 10527 2470 11533 5572 
420 4817 4683 4365 4784 982 8382 16691 41143 
45283 43879 29675 25435 2775 6620 6603 5416 12042 
1549 1182 48415 45056 17206 7168 6382 47166 15782 
47528 2034 16319 632 7128 5002 6197 486 1576 
6943 47029 3059 19192 48929 45265 16695 1958 1418 
15691 4173 16204 25484 4005 168 4753 9474 21006 
1167 2554 3329 12407 2376 1655 29 6441 9517 
43899 1694 26100 14665 3613 36842 20322 16484 6195 
3578 1372 25006 1592 34161 736 43084 534 6495 
1235 6326 35055 2026 3675 7277 4837 40163 30342 
34359 27284 28509 7283 3857 7034 3427 4166 11217 
16719 3489 3652 5765 45009 6262 9541 8634 9032 
1160 48979 16351 1643 3510 47364 10089 3485 3981 
10997 17245 1805 45900 17302 48084 1180 38955 1402 
49124 1876 44359 1973 1905 21570 10636 20823 48240 
30578 2767 47765 34516 4332 48890 5811 6321 4032 
12451 5283 44786 667 8968 927 44431 3019 20241 
9078 26258 6925 12081 34926 46271 592 49003 45897 
26583 44719 6337 683 7425 7315 4781 6732 21098 
46342 5366 44982 5005 6095 44955 5899 427 8866 
39152 2543 47483 39686 47445 47936 40808 21985 207 
7516 995 7226 7230 45390 3934 10025 2127 2762 
4417 5363 9733 5208 4708 12160 11157 5137 12427 
613 3505 5022 2350 46295 1426 7461 17305 4262 
47630 1459 29337 1087 1268 20532 47387 6989 16929 
4423 6329 3759 2176 5144 11373 4569 47961 22037 
43705 775 30273 1202 3906 5127 1870 3512 1327 
17317 1246 1463 7180 5255 21159 12114 17120 19346 
1880 16876 854 4799 7368 6138 35542 4488 30627 
46387 44944 44714 6653 7495 46815 1507 48966 16704 
46113 6835 9386 3417 48126 2750 16205 41763 35062 
3920 6744 46909 4608 720 42722 45706 5330 16754 
505 15888 5082 4589 10169 15869 2811 6714 6010 
11471 17242 11221 5377 3215 2975 4849 5868 4659 
6951 48152 48069 2535 47391 30158 583 6279 12997 
72 3254 17166 46898 48472 1577 5711 26017 45714 
4132 26329 1835 7102 9668 16923 5355 3817 5343 
38405 40611 11693 3128 4644 46358 2508 5087 8763 
10889 711 6216 11727 9820 4582 12279 4346 8068 
3133 11483 42947 6997 48071 46461 47288 4219 48822 
357 1085 11826 86 4672 46050 16957 3191 34623 
14509 21411 9137 6486 5396 26028 46386 4567 38397 
5319 283 1677 13908 21859 4517 10618 2958 20553 
1501 7474 2591 3897 11874 16306 26180 517 1200 
11178 7528 205 239 9130 24686 1528 36556 26491 
21637 19420 48909 48106 11498 7370 11053 3765 6703 
46921 1727 4161 41273 40826 2425 2296 21904 4722 
45377 32693 21510 7142 12486 5392 35173 1331 2889 
12315 2288 39416 62 11945 1380 5700 6500 16668 
26266 35478 2730 3794 14239 39215 1398 21903 1102 
11137 894 2094 3568 40162 40103 19385 17246 3474 
1872 6088 11555 37798 4039 43540 41212 47533 19377 
3791 11618 964 1387 10399 48183 1392 2491 3802 
426 2597 6967 4075 5281 2021 9965 5182 10544 
7398 1984 3585 39478 3123 3758 751 17287 6268 
2462 6415 2909 344 48015 2093 2181 1855 1950 
994 4366 610 34975 1267 22749 34167 30131 21575 
34313 2518 30227 12151 2699 3346 6186 6902 3744 
3563 5592 2058 20091 10077 12014 3770 1749 5831 
2688 5203 4260 2821 5028 39950 30941 30278 120 
4737 47022 46289 6204 16131 8021 11106 1879 12058 
869 3657 6431 10224 33938 3943 834 9931 6686 
46944 3405 17160 1448 4457 5865 12493 966 5228 
12532 5728 11737 11532 464 9271 199 6954 6422 
16525 19889 3310 20669 43383 4751 2290 31103 4188 
1578 2047 1303 6621 12091 2285 25035 29220 1824 
28403 33937 4382 4627 167 1209 20896 2356 781 
26062 6320 48608 2560 6895 3358 9936 10554 4443 
17316 12441 2388 2627 11334 1137 3332 39603 6118 
10359 2495 39232 4933 45286 1625 5705 29309 644 
3811 11348 35101 1117 11294 34974 45423 38841 44251 
6777 669 34185 2180 6273 7109 5487 4519 11107 
23365 39584 7152 48772 1708 48057 3092 33695 1189 
8240 9512 5844 10540 2573 316 5465 1934 353 
7323 1711 2041 16074 6116 6503 6604 44065 21556 
4475 45152 192 47712 263 2925 10054 10679 2170 
1153 24637 4211 30357 23609 3787 639 2756 1165 
23 16584 40132 3268 19857 40127 6770 30910 5131 
10306 12974 14641 7178 6708 319 717 6381 12122 
3477 5443 7969 271 3211 12271 6667 2228 3997 
818 43602 4710 955 47766 12438 17462 6677 12087 
36306 2780 40576 47684 3208 6202 3803 44011 43419 
3152 5698 5885 5932 47248 4643 4715 936 3506 
42885 40118 29710 1019 2342 8101 1698 6976 4654 
3557 7134 2956 7261 1809 4002 3611 3972 6593 
4771 17068 11022 289 4827 2803 5940 2469 46761 
25828 5106 34487 2046 22649 10500 39799 2687 35094 
5891 2327 5068 5257 4522 496 7366 5227 2253 
7568 26291 30886 25196 15673 2937 26497 42867 6192 
4532 11960 5582 3713 3908 2779 4214 29823 5140 
44165 2410 2091 10932 16746 2900 2050 8746 3515 
43431 30590 476 35189 630 47945 362 12297 437 
594 7099 2067 371 6601 39829 46631 1833 45367 
7257 870 2328 10378 20358 1560 296 4938 4212 
1967 4086 6527 5745 5086 11536 2763 7278 5342 
11385 1064 6483 11663 1248 35168 748 11566 93 
481 970 47372 5266 4957 5053 7530 30277 1410 
31138 1136 3244 6243 15026 2923 17232 2394 2845 
13394 5907 4989 6688 49039 3528 6479 135 7550 
16981 17547 35484 676 529 2825 3881 4925 21770 
912 7989 2533 11685 26201 9328 5437 11109 26407 
12041 2606 8275 10677 8485 9926 41469 3825 1340 
2070 3336 3883 3784 2242 2506 4945 904 4587 
48286 334 34742 43572 376 4258 6272 3560 449 
48077 3555 34165 34065 106 94 10102 16309 6565 
12068 522 3168 40254 477 4127 1525 17107 2694 
563 5845 11883 293 3679 38377 453 5741 3826 
5933 2081 4879 46737 1140 48287 2640 6969 7240 
5215 12380 21952 12115 6468 21005 30324 7357 39471 
45968 3545 4604 3122 12490 47146 3612 3783 4862 
16962 5659 1866 10641 26397 282 2639 3376 2131 
5080 12628 2851 5110 601 7319 3275 245 2102 
25937 44342 4071 1840 16121 5791 46230 1792 5589 
3775 14670 36761 1890 6850 301 25317 29263 3101 
981 1748 48761 10419 12349 11186 30451 38155 3079 
1111 6317 12431 3748 4556 10750 9942 2009 26271 
5340 9693 26356 1118 5967 12387 14086 5826 4064 
6974 6723 3706 2886 1746 457 1300 1050 12645 
6027 6776 2281 6478 26145 35481 11726 564 2381 
5496 30989 8276 17146 2486 20308 3159 12069 15420 
1055 670 42191 38372 4121 48722 7336 6451 1888 
11648 5601 26468 12345 10670 10993 2550 5176 16677 
44154 6689 37920 11501 3654 4094 18556 10662 1653 
2395 1457 8977 364 7453 831 35171 2042 3096 
10536 11909 6364 4250 4338 7209 7501 3815 4351 
6056 2556 2772 12340 13916 1223 10248 1222 109 
6633 37792 4249 12183 12570 3051 590 4448 6403 
7358 6169 2287 4980 7921 1527 3062 1799 4864 
3500 13681 58 1043 1049 11866 2607 5519 7339 
7432 1253 7441 2562 49065 19323 3874 10826 6265 
17029 3129 20970 9278 5149 21880 39830 4058 21105 
6654 2232 5023 17293 5147 335 1583 21428 4294 
35322 2140 4668 15190 4515 11496 3973 4500 5217 
7546 9424 3460 12397 3586 1830 35310 7371 16301 
3987 14432 6823 1256 4055 2164 48172 5092 17321 
800 3781 6972 3324 1504 20196 16890 11068 1149 
15503 11957 2515 18985 3278 184 6811 758 7447 
17353 22 7243 12281 6564 2915 12728 2357 5890 
4535 20993 6499 7000 747 6712 2951 5061 9177 
6028 3247 16339 5538 9128 17013 1845 6808 4445 
1510 15996 4961 8999 21702 195 26483 4480 1476 
2677 7577 43578 796 2025 39032 2110 6606 11948 
6886 43897 17279 5099 47510 5657 7015 4472 3370 
43922 7004 558 6655 2406 6075 6179 2804 772 
3317 187 10154 2966 24713 2331 10397 30542 2250 
44517 16472 11464 1061 285 26473 2837 9696 5641 
11414 31084 5749 8934 2778 16944 704 5751 18075 
2079 5972 1221 21489 5056 2142 5422 6559 2048 
7192 6054 1621 6076 4661 545 45858 23226 4836 
2598 17156 7057 7112 4960 12030 6883 6303 8854 
5838 11260 813 7472 5445 11701 6998 29895 832 
5230 14682 6540 2211 958 4348 1544 2366 2476 
7124 48497 4344 30992 1878 3711 30833 5240 4513 
2842 905 2955 3166 4243 30496 2496 8280 30742 
763 6409 1938 1213 2559 5718 12025 11233 438 
3977 5375 16056 3508 2728 3198 7529 10240 141 
6983 1518 16251 2178 5554 4184 4242 1191 4758 
4901 1882 3418 14606 9974 1778 312 3722 6678 
15046 6034 333 4022 17130 12462 16958 22023 6981 
4487 10991 16505 3136 3245 4860 11788 10326 6861 
4854 6398 3974 23104 1225 14 6598 3006 6450 
7535 5918 5109 2112 11933 6014 1647 22290 5773 
3992 22034 3049 5316 26561 22795 3922 739 157 
12311 34556 766 4247 2600 6142 5252 4893 3252 
5058 35428 697 579 850 20113 7486 3206 2390 
954 14446 19683 3648 17109 7321 14723 943 6949 
6666 6898 2664 2922 1273 3493 617 15761 5975 
3625 22063 28866 3725 1036 6795 26562 4291 6236 
5775 11457 2940 4374 121 1660 4148 30684 5797 
4846 48764 425 4437 6062 8812 25630 2805 16924 
17407 3038 21812 10817 2773 7208 2411 6933 20574 
3134 846 15212 39411 17009 3034 1931 814 2028 
7338 5680 4763 1935 12358 6889 12571 35610 369 
23758 771 5801 48819 5850 2502 10229 1129 6958 
8926 15986 1242 916 12465 21713 4902 5597 1070 
4051 4728 6817 3179 4392 975 34781 16235 28778 
4406 3111 3610 6519 13889 2052 2987 20281 5242 
2558 3751 475 22479 2057 2727 1918 221 5455 
11191 1690 12364 8940 450 902 4863 1226 2826 
26493 3432 12046 6264 5837 11388 148 39924 470 
21549 16634 9777 4334 5460 12280 4899 11338 10382 
587 4548 560 1941 29439 7105 1201 3603 5115 
11681 10828 3595 12478 15597 96 21786 20956 1178 
10469 5853 12460 35591 6325 1726 6121 6680 20260 
7742 3917 8227 5579 3223 28342 7510 29945 576 
10717 2534 3039 3281 5372 6211 4992 21611 6052 
3645 10706 1464 8151 10546 1662 3743 12141 7022 
4628 10515 26119 2019 11891 1456 4337 31064 1512 
6872 4507 10213 387 542 5766 3061 1022 3170 
3820 3422 5900 42097 35499 14339 44502 5290 2698 
2835 6490 4923 5155 1096 6650 2670 6638 5334 
578 7153 1722 10842 15485 14483 6357 20676 2247 
1329 6198 147 2867 12073 6391 2656 6356 7367 
11172 9637 2537 7972 3927 5896 3594 5499 5134 
9334 17506 2085 1974 5663 11769 6153 4743 14461 
7464 3084 14875 2311 6342 16717 2634 9290 8773 
6347 837 2500 30112 3372 13303 3035 2297 6324 
6587 17271 1144 3516 14332 5880 2755 2929 21897 
2799 10921 2666 14527 4694 39491 10197 14646 555 
18544 20968 23800 16132 21957 1610 1942 1557 7106 
10970 1349 1640 4886 853 1861 6684 5162 26226 
2586 1453 3362 2719 306 2280 27088 23420 11738 
12327 6386 23791 12082 23651 17198 4248 6741 4141 
21934 20867 492 3968 4843 2435 1808 5913 11721 
7158 16040 547 4429 26580 6747 11853 5696 16355 
20088 17134 7505 1562 8146 6931 2246 6214 11835 
6993 9825 33965 9837 15415 5568 7295 5414 20665 
10724 28635 27785 11253 765 22347 695 1407 12576 
5551 3222 15085 2800 12429 24678 23258 42715 2857 
4428 2959 11045 4687 7311 12283 597 7030 4328 
5181 34 1863 5337 39969 11299 13115 4028 16137 
4415 4378 11344 14164 4997 46265 10259 7438 16799 
40 7198 2282 2793 3517 2552 5992 3402 30945 
1233 586 1609 26073 2689 48 11153 5093 6115 
12119 3093 12483 7090 2547 13893 33302 5273 2723 
4947 9836 3824 30897 6207 21069 44322 34454 2894 
9562 12798 352 13715 105 17006 528 12661 2590 
436 2974 533 1297 4370 397 8376 30975 8626 
10481 3355 1865 2501 4341 4636 16818 1742 10360 
287 6362 12502 2377 4405 9929 17958 28753 6841 
550 20581 23978 31242 31 3228 21483 4908 30079 
34380 25770 19737 3456 6608 4215 7723 16202 2546 
17100 16448 8145 3494 3935 10599 4371 6388 23402 
6923 4442 4309 30267 4911 2061 5229 37158 27473 
22859 2439 21292 5498 4594 2154 30697 22280 7024 
34577 20456 28017 28490 3668 11599 4052 7265 3473 
3629 26626 28996 19345 3501 11083 3621 687 4403 
3532 9218 21669 329 1573 11808 22031 2692 11123 
338 6690 34970 1756 3098 21459 31509 286 3602 
11543 11062 26595 5876 20568 4232 8083 33502 30289 
2768 43861 784 5802 44588 5515 20236 24792 30623 
17258 328 5857 1524 11281 6796 1514 3941 1417 
5248 4305 10988 7108 651 6921 2997 7117 6670 
30788 1219 4419 5317 5503 20658 20487 19365 6760 
28141 12372 3903 16969 197 1044 2023 2448 39374 
3542 25284 4318 11712 4618 20507 21899 6253 7359 
3451 17048 2936 24733 10895 17843 2066 12038 34340 
327 6484 5758 1919 10485 26447 26443 468 47354 
5894 5302 1894 110 7414 2512 11393 24635 15490 
17372 39274 17138 6520 21579 1294 1850 21255 47313 
5150 12028 4101 1764 12420 8395 11869 5795 1088 
21725 5507 4847 16653 7419 1666 2269 44037 1468 
5164 9840 1699 12613 25777 12305 726 6903 12304 
30192 14384 24413 35186 34689 3300 37850 2795 4666 
2343 2854 9898 4384 24993 14363 15361 6994 11012 
2396 21241 12296 4730 11392 12848 10125 7069 1930 
11646 3984 20778 7342 7362 4952 30329 7532 998 
25534 614 10919 4390 4527 2291 17949 22231 48234 
260 7008 3705 12453 16057 17501 20985 42525 35966 
399 6446 15286 27908 3177 799 11653 3425 6309 
14909 4408 9451 264 6526 291 5980 47175 3243 
480 12011 34700 6114 1290 28650 75 12394 14808 
79 22703 8860 20811 876 20011 30346 7740 6017 
12021 2892 18514 25478 16364 36294 3185 9884 10597 
7139 9414 16797 6855 9962 26460 971 931 11187 
1330 30866 2705 6988 5732 6375 44236 2277 2419 
5198 3480 5286 16800 15694 26947 10811 23679 31065 
18401 546 9523 1886 3570 5697 446 41541 7123 
40106 33432 28020 7448 2585 4050 2683 12375 1745 
6535 2272 15832 6420 26642 3117 4943 10426 21967 
41684 25064 5284 47347 17382 6314 699 36369 47661 
22930 26414 21694 42079 769 1844 3033 12285 6074 
4590 12411 47076 7815 30066 32729 7558 16540 31097 
6338 487 5583 16375 6331 2582 5981 3440 4427 
12015 1486 1790 4187 31174 19640 28681 29179 48931 
1802 2942 7073 46838 35069 3000 15539 27914 41145 
5275 10729 5917 10697 29582 12365 4045 10756 7089 
9970 21280 21431 5376 4663 5936 11983 2010 7456 
3481 4550 821 3388 3105 5803 11167 880 5717 
37538 19759 39223 33327 15425 2340 1283 6190 21738 
48511 47082 6977 19773 46073 30294 18240 42161 718 
15402 9914 10155 10355 29684 41471 30851 29791 48411 
15806 35040 5505 1498 6613 1469 1730 5603 835 
2898 3894 5964 4298 47196 43438 25001 43191 14678 
640 1929 3959 11188 11631 20422 24130 12016 10960 
35447 30762 45168 48175 5771 8537 44166 2323 14804 
29268 25721 38787 3104 17341 1700 16529 5186 39805 
11152 1148 2235 540 11241 25823 12316 3797 8572 
459 722 3693 21303 6380 38644 30832 2368 3146 
4987 12083 45494 16588 2860 25286 43645 6288 6702 
45443 3605 4446 25408 6610 42691 48517 17813 37336 
19362 47182 17 1150 10149 2989 17086 7401 3527 
12599 29474 737 15804 5974 5607 8373 8110 9121 
30685 21619 8488 28647 24482 38574 4473 6281 2383 
4655 48233 44382 22973 35875 47964 629 11256 16553 
36988 15381 417 4108 5156 917 11651 8184 9162 
15658 3160 1311 22465 24900 18242 25090 45409 47493 
3776 45624 1126 34530 38475 42677 35772 46011 29602 
18548 34968 47386 44117 46147 48470 12190 15209 31106 
16644 17352 19176 15940 38145 24682 5715 48170 14391 
18697 39188 35402 39572 49056 46992 44630 42473 20033 
45497 21516 30099 43244 22325 45615 21954 17717 28390 
16432 49067 48853 30951 11315 40783 44738 28819 33421 
17369 18487 45817 45235 47344 18325 9678 49102 24910 
37098 39613 48076 12124 10800 45166 47120 41525 18991 
38980 48678 18930 46988 42005 47658 37579 345 33611 
31394 38669 43931 6276 22800 12822 34871 45723 38861 
45633 49119 28750 38186 39191 47951 2461 13048 48012 
32611 15727 43473 35453 43023 3841 25438 25136 36984 
41946 19986 26602 46245 45476 22855 43496 21081 38965 
41921 40038 48479 46751 45675 6263 3087 39657 40567 
42679 45417 44662 2109 39057 30485 24811 1397 39636 
45857 19962 44176 47988 30654 47937 41024 48218 31380 
49111 39494 28559 30823 43413 34722 48559 48521 35444 
3639 44873 2107 40041 35134 40008 44407 26108 34056 
39322 47617 15363 35587 35425 45516 45952 25422 15588 
45264 46497 45774 30935 44688 28180 48728 16464 44957 
46137 45449 45179 46577 25424 4450 48749 46154 34750 
45375 37097 44530 45595 5174 6607 3999 2278 12332 
42145 830 5720 4092 2781 5993 3077 4484 2930 
1152 4844 6962 35064 5308 7422 3870 933 3851 
1681 6163 3864 45011 36786 30336 34919 30146 44803 
48665 7016 48191 18273 47506 40247 49043 48535 31950 
413 2794 2051 5886 7574 6875 3099 1374 1475 
3980 12000 2244 279 8464 9054 45057 939 4546 
888 10626 356 14127 1635 2198 7013 4080 4619 
573 8048 46649 20 7307 9105 2184 158 6763 
6031 906 12103 9398 2074 11893 33751 7039 48379 
45387 45465 48755 45670 16895 32886 47896 6721 3201 
6467 35642 7617 16120 35405 8436 30246 24693 10964 
36813 4766 23376 17323 17255 9771 34601 22225 25479 
8455 21130 19745 22093 5615 31032 48453 6881 25584 
16873 302 14852 42213 44268 42217 42807 44888 48821 
45990 46975 44057 26839 47563 48430 40434 48033 47854 
45259 39426 44729 12253 46851 34178 49017 25518 48246 
34243 6876 11092 25567 44674 46598 47886 26446 19274 
47100 45669 5665 47705 4057 30981 46746 47863 47763 
5919 47331 41727 42873 29885 41251 47550 46383 47169 
44841 44917 24570 47695 45026 44975 48000 15712 6102 
5161 761 44980 21290 44934 33288 
type 1 3399 int
1 1 1 1 1 1 1 1 1 
1 1 1 1 1 1 1 1 1 
1 1 1 1 1 1 1 1 1 
1 1 1 1 1 1 1 1 1 
1 1 1 1 1 1 1 1 1 
1 1 1 1 1 1 1 1 1 
1 1 1 1 1 1 1 1 1 
1 1 1 1 1 1 1 1 1 
1 1 1 1 1 1 1 1 1 
1 1 1 1 1 1 1 1 1 
1 1 1 1 1 1 1 1 1 
1 1 1 1 1 1 1 1 1 
1 1 1 1 1 1 1 1 1 
1 1 1 1 1 1 1 1 1 
1 1 1 1 1 1 1 1 1 
1 1 1 1 1 1 1 1 1 
1 1 1 1 1 1 1 1 1 
1 1 1 1 1 1 1 1 1 
1 1 1 1 1 1 1 1 1 
1 1 1 1 1 1 1 1 1 
1 1 1 1 1 1 1 1 1 
1 1 1 1 1 1 1 1 1 
1 1 1 1 1 1 1 1 1 
1 1 1 1 1 1 1 1 1 
1 1 1 1 1 1 1 1 1 
1 1 1 1 1 1 1 1 1 
1 1 1 1 1 1 1 1 1 
1 1 1 1 1 1 1 1 1 
1 1 1 1 1 1 1 1 1 
1 1 1 1 1 1 1 1 1 
1 1 1 1 1 1 1 1 1 
1 1 1 1 1 1 1 1 1 
1 1 1 1 1 1 1 1 1 
1 1 1 1 1 1 1 1 1 
1 1 1 1 1 1 1 1 1 
1 1 1 1 1 1 1 1 1 
1 1 1 1 1 1 1 1 1 
1 1 1 1 1 1 1 1 1 
1 1 1 1 1 1 1 1 1 
1 1 1 1 1 1 1 1 1 
1 1 1 1 1 1 1 1 1 
1 1 1 1 1 1 1 1 1 
1 1 1 1 1 1 1 1 1 
1 1 1 1 1 1 1 1 1 
1 1 1 1 1 1 1 1 1 
1 1 1 1 1 1 1 1 1 
1 1 1 1 1 1 1 1 1 
1 1 1 1 1 1 1 1 1 
1 1 1 1 1 1 1 1 1 
1 1 1 1 1 1 1 1 1 
1 1 1 1 1 1 1 1 1 
1 1 1 1 1 1 1 1 1 
1 1 1 1 1 1 1 1 1 
1 1 1 1 1 1 1 1 1 
1 1 1 1 1 1 1 1 1 
1 1 1 1 1 1 1 1 1 
1 1 1 1 1 1 1 1 1 
1 1 1 1 1 1 1 1 1 
1 1 1 1 1 1 1 1 1 
1 1 1 1 1 1 1 1 1 
1 1 1 1 1 1 1 1 1 
1 1 1 1 1 1 1 1 1 
1 1 1 1 1 1 1 1 1 
1 1 1 1 1 1 1 1 1 
1 1 1 1 1 1 1 1 1 
1 1 1 1 1 1 1 1 1 
1 1 1 1 1 1 1 1 1 
1 1 1 1 1 1 1 1 1 
1 1 1 1 1 1 1 1 1 
1 1 1 1 1 1 1 1 1 
1 1 1 1 1 1 1 1 1 
1 1 1 1 1 1 1 1 1 
1 1 1 1 1 1 1 1 1 
1 1 1 1 1 1 1 1 1 
1 1 1 1 1 1 1 1 1 
1 1 1 1 1 1 1 1 1 
1 1 1 1 1 1 1 1 1 
1 1 1 1 1 1 1 1 1 
1 1 1 1 1 1 1 1 1 
1 1 1 1 1 1 1 1 1 
1 1 1 1 1 1 1 1 1 
1 1 1 1 1 1 1 1 1 
1 1 1 1 1 1 1 1 1 
1 1 1 1 1 1 1 1 1 
1 1 1 1 1 1 1 1 1 
1 1 1 1 1 1 1 1 1 
1 1 1 1 1 1 1 1 1 
1 1 1 1 1 1 1 1 1 
1 1 1 1 1 1 1 1 1 
1 1 1 1 1 1 1 1 1 
1 1 1 1 1 1 1 1 1 
1 1 1 1 1 1 1 1 1 
1 1 1 1 1 1 1 1 1 
1 1 1 1 1 1 1 1 1 
1 1 1 1 1 1 1 1 1 
1 1 1 1 1 1 1 1 1 
1 1 1 1 1 1 1 1 1 
1 1 1 1 1 1 1 1 1 
1 1 1 1 1 1 1 1 1 
1 1 1 1 1 1 1 1 1 
1 1 1 1 1 1 1 1 1 
1 1 1 1 1 1 1 1 1 
1 1 1 1 1 1 1 1 1 
1 1 1 1 1 1 1 1 1 
1 1 1 1 1 1 1 1 1 
1 1 1 1 1 1 1 1 1 
1 1 1 1 1 1 1 1 1 
1 1 1 1 1 1 1 1 1 
1 1 1 1 1 1 1 1 1 
1 1 1 1 1 1 1 1 1 
1 1 1 1 1 1 1 1 1 
1 1 1 1 1 1 1 1 1 
1 1 1 1 1 1 1 1 1 
1 1 1 1 1 1 1 1 1 
1 1 1 1 1 1 1 1 1 
1 1 1 1 1 1 1 1 1 
1 1 1 1 1 1 1 1 1 
1 1 1 1 1 1 1 1 1 
1 1 1 1 1 1 1 1 1 
1 1 1 1 1 1 1 1 1 
1 1 1 1 1 1 1 1 1 
1 1 1 1 1 1 1 1 1 
1 1 1 1 1 1 1 1 1 
1 1 1 1 1 1 1 1 1 
1 1 1 1 1 1 1 1 1 
1 1 1 1 1 1 1 1 1 
1 1 1 1 1 1 1 1 1 
1 1 1 1 1 1 1 1 1 
1 1 1 1 1 1 1 1 1 
1 1 1 1 1 1 1 1 1 
1 1 1 1 1 1 1 1 1 
1 1 1 1 1 1 1 1 1 
1 1 1 1 1 1 1 1 1 
1 1 1 1 1 1 1 1 1 
1 1 1 1 1 1 1 1 1 
1 1 1 1 1 1 1 1 1 
1 1 1 1 1 1 1 1 1 
1 1 1 1 1 1 1 1 1 
1 1 1 1 1 1 1 1 1 
1 1 1 1 1 1 1 1 1 
1 1 1 1 1 1 1 1 1 
1 1 1 1 1 1 1 1 1 
1 1 1 1 1 1 1 1 1 
1 1 1 1 1 1 1 1 1 
1 1 1 1 1 1 1 1 1 
1 1 1 1 1 1 1 1 1 
1 1 1 1 1 1 1 1 1 
1 1 1 1 1 1 1 1 1 
1 1 1 1 1 1 1 1 1 
1 1 1 1 1 1 1 1 1 
1 1 1 1 1 1 1 1 1 
1 1 1 1 1 1 1 1 1 
1 1 1 1 1 1 1 1 1 
1 1 1 1 1 1 1 1 1 
1 1 1 1 1 1 1 1 1 
1 1 1 1 1 1 1 1 1 
1 1 1 1 1 1 1 1 1 
1 1 1 1 1 1 1 1 1 
1 1 1 1 1 1 1 1 1 
1 1 1 1 1 1 1 1 1 
1 1 1 1 1 1 1 1 1 
1 1 1 1 1 1 1 1 1 
1 1 1 1 1 1 1 1 1 
1 1 1 1 1 1 1 1 1 
1 1 1 1 1 1 1 1 1 
1 1 1 1 1 1 1 1 1 
1 1 1 1 1 1 1 1 1 
1 1 1 1 1 1 1 1 1 
1 1 1 1 1 1 1 1 1 
1 1 1 1 1 1 1 1 1 
1 1 1 1 1 1 1 1 1 
1 1 1 1 1 1 1 1 1 
1 1 1 1 1 1 1 1 1 
1 1 1 1 1 1 1 1 1 
1 1 1 1 1 1 1 1 1 
1 1 1 1 1 1 1 1 1 
1 1 1 1 1 1 1 1 1 
1 1 1 1 1 1 1 1 1 
1 1 1 1 1 1 1 1 1 
1 1 1 1 1 1 1 1 1 
1 1 1 1 1 1 1 1 1 
1 1 1 1 1 1 1 1 1 
1 1 1 1 1 1 1 1 1 
1 1 1 1 1 1 1 1 1 
1 1 1 1 1 1 1 1 1 
1 1 1 1 1 1 1 1 1 
1 1 1 1 1 1 1 1 1 
1 1 1 1 1 1 1 1 1 
1 1 1 1 1 1 1 1 1 
1 1 1 1 1 1 1 1 1 
1 1 1 1 1 1 1 1 1 
1 1 1 1 1 1 1 1 1 
1 1 1 1 1 1 1 1 1 
1 1 1 1 1 1 1 1 1 
1 1 1 1 1 1 1 1 1 
1 1 1 1 1 1 1 1 1 
1 1 1 1 1 1 1 1 1 
1 1 1 1 1 1 1 1 1 
1 1 1 1 1 1 1 1 1 
1 1 1 1 1 1 1 1 1 
1 1 1 1 1 1 1 1 1 
1 1 1 1 1 1 1 1 1 
1 1 1 1 1 1 1 1 1 
1 1 1 1 1 1 1 1 1 
1 1 1 1 1 1 1 1 1 
1 1 1 1 1 1 1 1 1 
1 1 1 1 1 1 1 1 1 
1 1 1 1 1 1 1 1 1 
1 1 1 1 1 1 1 1 1 
1 1 1 1 1 1 1 1 1 
1 1 1 1 1 1 1 1 1 
1 1 1 1 1 1 1 1 1 
1 1 1 1 1 1 1 1 1 
1 1 1 1 1 1 1 1 1 
1 1 1 1 1 1 1 1 1 
1 1 1 1 1 1 1 1 1 
1 1 1 1 1 1 1 1 1 
1 1 1 1 1 1 1 1 1 
1 1 1 1 1 1 1 1 1 
1 1 1 1 1 1 1 1 1 
1 1 1 1 1 1 1 1 1 
1 1 1 1 1 1 1 1 1 
1 1 1 1 1 1 1 1 1 
1 1 1 1 1 1 1 1 1 
1 1 1 1 1 1 1 1 1 
1 1 1 1 1 1 1 1 1 
1 1 1 1 1 1 1 1 1 
1 1 1 1 1 1 1 1 1 
1 1 1 1 1 1 1 1 1 
1 1 1 1 1 1 1 1 1 
1 1 1 1 1 1 1 1 1 
1 1 1 1 1 1 1 1 1 
1 1 1 1 1 1 1 1 1 
1 1 1 1 1 1 1 1 1 
1 1 1 1 1 1 1 1 1 
1 1 1 1 1 1 1 1 1 
1 1 1 1 1 1 1 1 1 
1 1 1 1 1 1 1 1 1 
1 1 1 1 1 1 1 1 1 
1 1 1 1 1 1 1 1 1 
1 1 1 1 1 1 1 1 1 
1 1 1 1 1 1 1 1 1 
1 1 1 1 1 1 1 1 1 
1 1 1 1 1 1 1 1 1 
1 1 1 1 1 1 1 1 1 
1 1 1 1 1 1 1 1 1 
1 1 1 1 1 1 1 1 1 
1 1 1 1 1 1 1 1 1 
1 1 1 1 1 1 1 1 1 
1 1 1 1 1 1 1 1 1 
1 1 1 1 1 1 1 1 1 
1 1 1 1 1 1 1 1 1 
1 1 1 1 1 1 1 1 1 
1 1 1 1 1 1 1 1 1 
1 1 1 1 1 1 1 1 1 
1 1 1 1 1 1 1 1 1 
1 1 1 1 1 1 1 1 1 
1 1 1 1 1 1 1 1 1 
1 1 1 1 1 1 1 1 1 
1 1 1 1 1 1 1 1 1 
1 1 1 1 1 1 1 1 1 
1 1 1 1 1 1 1 1 1 
1 1 1 1 1 1 1 1 1 
1 1 1 1 1 1 1 1 1 
1 1 1 1 1 1 1 1 1 
1 1 1 1 1 1 1 1 1 
1 1 1 1 1 1 1 1 1 
1 1 1 1 1 1 1 1 1 
1 1 1 1 1 1 1 1 1 
1 1 1 1 1 1 1 1 1 
1 1 1 1 1 1 1 1 1 
1 1 1 1 1 1 1 1 1 
1 1 1 1 1 1 1 1 1 
1 1 1 1 1 1 1 1 1 
1 1 1 1 1 1 1 1 1 
1 1 1 1 1 1 1 1 1 
1 1 1 1 1 1 1 1 1 
1 1 1 1 1 1 1 1 1 
1 1 1 1 1 1 1 1 1 
1 1 1 1 1 1 1 1 1 
1 1 1 1 1 1 1 1 1 
1 1 1 1 1 1 1 1 1 
1 1 1 1 1 1 1 1 1 
1 1 1 1 1 1 1 1 1 
1 1 1 1 1 1 1 1 1 
1 1 1 1 1 1 1 1 1 
1 1 1 1 1 1 1 1 1 
1 1 1 1 1 1 1 1 1 
1 1 1 1 1 1 1 1 1 
1 1 1 1 1 1 1 1 1 
1 1 1 1 1 1 1 1 1 
1 1 1 1 1 1 1 1 1 
1 1 1 1 1 1 1 1 1 
1 1 1 1 1 1 1 1 1 
1 1 1 1 1 1 1 1 1 
1 1 1 1 1 1 1 1 1 
1 1 1 1 1 1 1 1 1 
1 1 1 1 1 1 1 1 1 
1 1 1 1 1 1 1 1 1 
1 1 1 1 1 1 1 1 1 
1 1 1 1 1 1 1 1 1 
1 1 1 1 1 1 1 1 1 
1 1 1 1 1 1 1 1 1 
1 1 1 1 1 1 1 1 1 
1 1 1 1 1 1 1 1 1 
1 1 1 1 1 1 1 1 1 
1 1 1 1 1 1 1 1 1 
1 1 1 1 1 1 1 1 1 
1 1 1 1 1 1 1 1 1 
1 1 1 1 1 1 1 1 1 
1 1 1 1 1 1 1 1 1 
1 1 1 1 1 1 1 1 1 
1 1 1 1 1 1 1 1 1 
1 1 1 1 1 1 1 1 1 
1 1 1 1 1 1 1 1 1 
1 1 1 1 1 1 1 1 1 
1 1 1 1 1 1 1 1 1 
1 1 1 1 1 1 1 1 1 
1 1 1 1 1 1 1 1 1 
1 1 1 1 1 1 1 1 1 
1 1 1 1 1 1 1 1 1 
1 1 1 1 1 1 1 1 1 
1 1 1 1 1 1 1 1 1 
1 1 1 1 1 1 1 1 1 
1 1 1 1 1 1 1 1 1 
1 1 1 1 1 1 1 1 1 
1 1 1 1 1 1 1 1 1 
1 1 1 1 1 1 1 1 1 
1 1 1 1 1 1 1 1 1 
1 1 1 1 1 1 1 1 1 
1 1 1 1 1 1 1 1 1 
1 1 1 1 1 1 1 1 1 
1 1 1 1 1 1 1 1 1 
1 1 1 1 1 1 1 1 1 
1 1 1 1 1 1 1 1 1 
1 1 1 1 1 1 1 1 1 
1 1 1 1 1 1 1 1 1 
1 1 1 1 1 1 1 1 1 
1 1 1 1 1 1 1 1 1 
1 1 1 1 1 1 1 1 1 
1 1 1 1 1 1 1 1 1 
1 1 1 1 1 1 1 1 1 
1 1 1 1 1 1 1 1 1 
1 1 1 1 1 1 1 1 1 
1 1 1 1 1 1 1 1 1 
1 1 1 1 1 1 1 1 1 
1 1 1 1 1 1 1 1 1 
1 1 1 1 1 1 1 1 1 
1 1 1 1 1 1 1 1 1 
1 1 1 1 1 1 1 1 1 
1 1 1 1 1 1 1 1 1 
1 1 1 1 1 1 1 1 1 
1 1 1 1 1 1 1 1 1 
1 1 1 1 1 1 1 1 1 
1 1 1 1 1 1 1 1 1 
1 1 1 1 1 1 1 1 1 
1 1 1 1 1 1 1 1 1 
1 1 1 1 1 1 1 1 1 
1 1 1 1 1 1 1 1 1 
1 1 1 1 1 1 1 1 1 
1 1 1 1 1 1 1 1 1 
1 1 1 1 1 1 1 1 1 
1 1 1 1 1 1 1 1 1 
1 1 1 1 1 1 1 1 1 
1 1 1 1 1 1 1 1 1 
1 1 1 1 1 1 1 1 1 
1 1 1 1 1 1 1 1 1 
1 1 1 1 1 1 1 1 1 
1 1 1 1 1 1 1 1 1 
1 1 1 1 1 1 1 1 1 
1 1 1 1 1 1 1 1 1 
1 1 1 1 1 1 1 1 1 
1 1 1 1 1 1 1 1 1 
1 1 1 1 1 1 1 1 1 
1 1 1 1 1 1 1 1 1 
1 1 1 1 1 1 1 1 1 
1 1 1 1 1 1 1 1 1 
1 1 1 1 1 1 
v 3 3399 double
-0.0027083631862 -0.036777729723 -0.33876962131 0.077502894934 0.15858568277 -0.18279260289 0.013647212603 -0.0038468638256 -0.3303531545 
-0.01492715215 0.019493772738 -0.334315084 -0.0087262471265 -0.036114962809 -0.33407533143 0.00021806258235 -0.017003139409 -0.32339212896 
-0.0018874566973 -0.011736678889 -0.33689472288 0.0068440961834 -0.010346538968 -0.3170924304 0.0049379624441 -0.0033823458482 -0.33690819258 
0.019994375478 0.00027500732192 -0.33791758126 0.020279666642 0.002066493341 -0.33451467862 -0.010062255554 -0.12330581752 0.025381951605 
-0.035345601506 0.014146098129 -0.32925929484 -0.023957922052 0.028078596202 -0.33901475128 0.011751379506 -0.040515309593 -0.33067373754 
0.01345828986 -0.027250174886 -0.32852824983 -0.024866195434 -0.016633878305 -0.32795043006 -0.036684589716 -0.015275055861 -0.33766119611 
-0.012952850343 -0.0071999410936 -0.33192773573 -0.0032783597077 0.0074103439791 -0.32160275392 -0.010785668368 -0.043077484046 -0.30901636144 
0.0094783016193 -0.038851953333 -0.32681797455 -0.038167676219 -0.012572963315 -0.32437347889 0.0084956271101 -0.01675619593 -0.31742643712 
-0.014266240741 -0.00089747219016 -0.32673156933 0.028139672432 -0.0068941106291 -0.32044567371 0.00083857364422 0.0013493602875 -0.32643111309 
-0.017819010986 -0.00041371640823 -0.32605358653 0.0062488259915 0.0014014742971 -0.33496190836 -0.0063118961666 0.025129379238 -0.32348055584 
0.0084634133475 -0.020982031491 -0.32576193754 -0.0094336403532 0.037966961419 -0.31741056906 -0.012074538516 -0.035775800231 -0.29648843941 
-0.011255806925 -0.016299658987 -0.31773014405 -0.010858421395 -0.020670590983 -0.31820905208 -0.0078452014971 -0.010644612247 -0.31903789058 
0.035359509056 0.0022716750035 -0.31431583259 0.013450957693 0.016273730344 -0.31785004325 0.022647769095 0.01632983125 -0.30545657856 
0.0019731544293 0.041538885027 -0.32932209382 0.0082441268271 -0.025149845709 -0.31015778295 -0.018981864641 -0.0075633411358 -0.3152826217 
-0.012985749107 -0.001366130331 -0.32290014429 0.014316230261 -0.032974004804 -0.30342432527 -0.021319649386 -0.011045775127 -0.30727000124 
-0.021628529699 -0.010473503232 -0.30396925297 0.0025637244975 -0.0056706506183 -0.30322003783 0.012320489224 0.0031651184624 -0.30223030282 
-0.010161972567 0.042047524853 -0.30780227786 -0.018135766446 0.002517085299 -0.29592741225 -0.018837573435 -0.034978098603 -0.28882309186 
0.023807789654 -0.022811618831 -0.29598669912 0.021242219777 -0.01873836603 -0.28014248917 0.00094975047418 0.0066200510783 -0.30525315836 
0.0029397470279 0.011142400616 -0.30361236725 -0.035276009311 0.021753657164 -0.28069496209 0.012714017449 0.026176764004 -0.29501708403 
0.023865599462 0.024865867817 -0.29016534758 0.0074611857291 -0.018572045393 -0.2897597961 0.031907933139 -0.0092856009899 -0.30327135949 
-0.043590570948 0.001473289035 -0.28437581098 0.0064608418596 -0.0095491557093 -0.28285193725 0.0070419424373 -0.005729354743 -0.28156056312 
0.0063380392346 0.021704720462 -0.29208245779 0.019817471458 0.03315108607 -0.29136511526 0.01122990647 -0.029409813363 -0.26901217655 
-0.016378736331 -0.0023897849972 -0.2863935504 -0.013760933649 0.0077033489998 -0.29192593283 0.021171008581 0.014690871779 -0.27817947095 
-0.022699259333 -0.010622185275 -0.26435626458 -0.012750729999 -0.0024891271792 -0.27323278013 -0.014243572376 0.014076984151 -0.26101810349 
0.0032099544213 -0.0038054705439 -0.27453686904 0.039096894173 0.0179547945 -0.2784966597 -0.0055995302909 0.014890152629 -0.26851215713 
0.0076768639067 0.016580894848 -0.28444311414 -0.009532368023 0.022849670984 -0.27055531545 -0.029549435305 0.025963477858 -0.26118335392 
-0.012285540786 -0.045921340404 -0.26839449211 0.023619165845 -0.024726306131 -0.27771705301 0.060339036855 -0.15487162972 -0.15622318564 
-0.035391381414 -0.0039929906515 -0.26381796886 -0.016653474645 0.006596507134 -0.27340267098 -0.0032172746626 0.0095141719955 -0.26202059584 
-0.0043649467609 0.0090006456396 -0.26740974946 -0.0022418817165 0.01569205326 -0.25959657217 0.024588765716 -0.0026277903315 -0.26740341437 
-0.005229721483 0.0050666188958 -0.25657715594 -0.039110463183 0.0047129975709 -0.28516316021 -0.00805267518 0.010950404997 -0.26702759364 
0.0046257453403 0.03240395393 -0.27017000957 0.024456758278 0.024777030213 -0.2517488846 -0.025430319035 -0.03263815406 -0.26076482225 
0.015353075113 -0.03520033659 -0.26390690254 0.0065539558339 -0.0159053645 -0.26361801629 0.0066612200776 -0.01207281734 -0.26790674108 
-0.0049773143465 -0.012077235183 -0.25314025385 0.017793152314 -0.0064070478916 -0.23988327376 -0.0086972822251 0.015769487815 -0.26530635992 
0.026563493381 0.030913771975 -0.25002138408 0.069747749509 0.09543718889 -0.15720712837 0.0044712945418 0.048652535688 -0.25229248533 
-0.0013343706166 -0.033585726579 -0.25459960591 -0.0036827941756 -0.01751416953 -0.24895586541 -0.027173319566 -0.0011267633889 -0.23354652934 
0.0077238077442 -0.016353023257 -0.26352935003 -0.033613178387 -0.0098624926322 -0.25561819031 0.052595988194 -0.0056978538962 -0.26295324674 
-0.13789641819 0.050874942316 -0.075990790798 0.016207043194 0.043496487755 -0.24236923309 0.0099906700449 -0.030174111403 -0.23414979269 
4.4483245777e-06 -0.027329087522 -0.23924666697 0.018802735649 -0.030527786079 -0.24715131916 -0.011643856235 -0.005272565795 -0.2660508283 
0.019203373789 -0.0035333471007 -0.23915193415 0.027574495337 -0.0016670362507 -0.2533387447 -0.018738267458 0.02316533783 -0.2422606796 
-0.013902793903 0.034621099018 -0.24267087959 -0.026465332218 -0.026284661096 -0.24044771761 -0.020186861788 -0.0091921753362 -0.23290742296 
0.01037612488 -0.012168188287 -0.24114547308 -0.045853101582 0.011028745011 -0.24060668305 -0.028337368295 -0.013193636346 -0.23338714083 
-0.0016603506916 -0.001821441654 -0.24844595921 0.031253160196 0.0021916156094 -0.23590757473 0.015900435683 0.016189662787 -0.23955890472 
-0.029658562945 -0.039807455581 -0.22695208289 -0.018182735425 -0.036092536862 -0.23224444346 0.0028994891607 -0.024545902068 -0.22378514212 
-0.00086920787143 -0.026073775286 -0.242253606 0.013781533667 -0.015363091839 -0.22710987933 0.03800037633 -0.02276621974 -0.2365539472 
0.0016858668436 -0.0015509847586 -0.24080594543 -0.0084106495294 -0.0076013919642 -0.23207116699 0.013566585701 0.011987011796 -0.2465714414 
0.0035639123799 0.019700746096 -0.24154215041 0.033748447589 0.017999717186 -0.22419230259 -0.0052558763492 0.032251032674 -0.238379104 
-0.017669914528 0.038874309188 -0.23324076121 -0.010038182041 -0.042235173391 -0.23140575734 -0.030650128181 -0.023649012203 -0.24648687008 
0.014413384582 -0.0069633861003 -0.22197432183 0.0039906335158 -0.017553847886 -0.22420097215 0.018698659275 -0.0090778395093 -0.23495965184 
-0.030942948242 0.0053667497059 -0.20228368399 -0.0019904545146 -0.0094621666148 -0.24484138251 0.0040263992168 -0.0090132619887 -0.22611378354 
0.00013466349444 0.0079625380762 -0.22910902134 -0.00022911592396 0.025782605287 -0.24015238632 0.0073696463561 0.026746016898 -0.21828688174 
-0.024472021554 0.046455923737 -0.24907984693 0.017435512753 0.039465872136 -0.21920287541 -0.0086228912589 -0.015522113791 -0.22836056956 
0.036634745638 -0.0013376356803 -0.22556847422 -0.015216747402 0.0045298537404 -0.22715886764 -0.014815404232 0.020214705768 -0.23531481314 
-0.013248100394 0.0036650473134 -0.22838600743 0.027161512317 0.012941504015 -0.22618979917 0.012552638451 0.008961892586 -0.22674062422 
0.01228702413 0.010181146832 -0.21570950242 -0.0070944004394 0.024892950035 -0.21378978465 -0.0029894531911 -0.0064581026836 -0.15291366572 
0.014305057203 -0.018782995489 -0.2143157878 0.0083223390355 -0.0058921261739 -0.23311764951 0.015750350914 -0.0057364809571 -0.20851444837 
-0.00991873856 0.0057313820729 -0.23666995401 -0.0011007672541 -0.010961352868 -0.22671145117 -0.026979912439 0.0052510739358 -0.21398612343 
0.023358512208 0.0075587331989 -0.22108611706 0.016251824244 0.0063920678838 -0.2029898616 0.038383995426 0.017160418786 -0.21520467795 
9.5053835983e-05 0.019547284144 -0.19843957368 0.012370836067 -0.015190856052 -0.20627884667 -0.017601794861 -0.0041244929623 -0.21522753664 
-0.0040505871743 -0.006363773685 -0.208835421 -0.00018272059471 -0.0033812315321 -0.21782295457 0.010421428262 0.0064943330481 -0.21185891613 
-0.021036070507 -0.02258105067 -0.2120764995 -0.0081232684764 0.0035969045848 -0.18773949033 0.0013122622791 -0.0082522062881 -0.18932385094 
0.039841068881 -0.0052866077144 -0.1969074904 0.015755098437 0.014170568643 -0.19850544208 -0.040621882041 0.030655859738 -0.19025442198 
0.002641618511 0.016408429515 -0.21936354769 0.0092353670119 0.0085372404869 -0.22721735951 0.012556872694 0.030219843714 -0.19310577969 
-0.037751203452 0.021333040364 -0.18936020126 -0.0024574389393 0.0014653782201 -0.18829160096 0.0080914022043 -0.014660060009 -0.18696842172 
0.021418881437 -0.001550792927 -0.18059789652 -7.0695106095e-05 -0.0087673751347 -0.18457903514 0.0019731440351 0.010237465839 -0.20455796005 
0.012320916995 0.010338171925 -0.19630535423 -0.0062712134627 0.032760816193 -0.20093941753 0.0094868574582 0.034226226909 -0.20023838266 
-0.031522436216 0.020779535997 -0.18090181913 0.015742883786 0.041537729298 -0.17179061588 -0.0053228794336 0.048606440809 -0.18909624586 
0.021278637616 0.070767097652 -0.18125279668 0.028287776775 -0.043713180353 -0.17353182784 -0.027824520363 -0.038028403896 -0.1639655126 
-0.037179045407 -0.01762745119 -0.14809316099 0.0095061227458 -0.0030805110634 -0.18201771173 -0.00033579046169 0.011168603045 -0.1836273248 
0.0061472294506 0.019498620065 -0.18253138347 -0.016929915039 0.0081237429873 -0.15970999573 -0.0069247022481 0.00070232494911 -0.19708527403 
-0.014937329636 0.011198716678 -0.1773420039 0.00017519247963 0.011145119089 -0.19137693977 0.026271430505 0.0061999034392 -0.1924105453 
-0.0012574058206 0.033910676121 -0.1772500749 0.0032039090461 0.031253967838 -0.1776617399 0.0073937572849 -0.015795291997 -0.17108449304 
0.010078836661 -0.036907846287 -0.1775083086 -0.0067308955314 -0.020902970989 -0.16177649516 0.010262622359 -0.027241868334 -0.18124117781 
0.024279860058 -0.0051597398963 -0.16325440385 -0.0157782461 0.014869903013 -0.17381595834 0.016215917218 0.0007406338784 -0.16474797767 
-0.01592887026 0.014547905447 -0.18491673233 -0.015060025929 0.020273483801 -0.1867782895 0.0028438868405 0.0019217733422 -0.18641117789 
0.0028372547956 0.012092561484 -0.18076620496 0.009528093624 0.0015461804374 -0.18350701071 -0.020187027341 0.014450398307 -0.1753096124 
-0.0062672465856 -0.045033793271 -0.15891480247 0.0049586292781 -0.031283846068 -0.15891717046 -0.022434119551 0.011250443781 -0.16914776342 
0.0069073144035 -0.015375232195 -0.14158872549 -0.031998919922 -0.0069925370881 -0.1645583776 -0.019260273947 -0.0054464732586 -0.15830632924 
0.016905417914 -0.0028794574081 -0.18079451477 0.023386723741 -0.022845409077 -0.16299625055 0.023060176121 -0.015065345387 -0.16964197923 
0.022521225325 -0.02348258701 -0.1515530189 0.0012561595453 0.017798414517 -0.18012691367 -0.00087839882923 0.0049025749589 -0.17127039465 
0.008688929632 -0.005769585599 -0.15787413548 0.0029379677525 0.012978790833 -0.14823662704 -0.0012464611868 0.0018112187294 -0.13845254166 
-0.0099085499335 -0.012026579838 -0.14901060235 -0.0028181996899 0.0042017603848 -0.1400471154 0.0089808571102 -0.019062633844 -0.16592848124 
0.025332464593 -0.016705735714 -0.1438333851 -0.063845744318 0.018533767959 -0.12649304886 -0.0045575836307 -0.00091425850625 -0.15388502395 
-0.043166866492 -0.0063910918557 -0.15939297222 -0.011439039369 0.0040644704593 -0.20389394538 -0.0037327872545 -0.0061147240625 -0.16962635066 
0.07837455932 -0.019863300556 -0.17409683738 -0.0083990737487 -0.0014950077558 -0.16893942149 -0.0010816662232 0.019846037617 -0.17695938714 
0.036384470773 0.0097485803703 -0.11631270199 -0.014719487817 0.033521413456 -0.16813918247 -0.034646228562 -0.039834165852 -0.067086207736 
-0.025539636021 0.012233659541 -0.14591458211 -0.010271929171 -0.012866702401 -0.1525259762 0.026658779363 0.011085004863 -0.1154432225 
0.0031110616769 0.0029517614684 -0.12988827127 -0.026114362903 -0.036995902698 -0.1604283014 -0.0070890355532 -0.01210773447 -0.12997426343 
0.079497219467 -0.00092651197616 -0.14190454663 -0.014790355437 -0.01533952001 -0.14772691032 0.016020314547 -1.1461114038e-05 -0.12047096278 
-0.012261304552 0.013244531192 -0.15990220013 0.032874680409 0.03368949295 -0.11354661101 -0.025142689081 0.013035691436 -0.11235386784 
0.013169741595 0.014091049365 -0.12920524316 7.0596005584e-17 1.8811471296e-16 3.1129864569e-17 3.6443181773e-15 5.0459121284e-15 8.6818662067e-17 
7.5920993491e-11 2.2862300246e-11 1.0067008226e-10 4.886138756e-11 4.7567120936e-11 5.2933407283e-11 -6.2582715224e-16 -5.6830414966e-16 -2.7945031873e-17 
0.005625695119 -0.0078225674232 -0.074858492903 -0.019653963163 -0.015455701643 -0.15853312008 -0.021849973205 -0.021845357522 -0.098700817407 
-0.002289449582 0.0086362693333 -0.11315557757 -7.4822912183e-08 -8.2685966867e-08 -2.1318938059e-07 4.2428212349e-16 -1.9826467507e-16 7.0237206208e-17 
1.5148054962e-16 7.4379748501e-17 -1.7707200364e-18 -0.031613640774 0.048428009806 -0.10985655961 -0.01935183635 -0.012764463435 -0.11661995703 
-0.017570789518 -0.0062026335599 -0.1444177916 -0.024164931711 -0.0029488465927 -0.12989707307 0.0041610886051 0.035559226569 -0.12927145053 
-0.028285098492 0.015504989671 -0.13080260537 -0.008528226441 0.012417531651 -0.13929725944 0.012965767952 0.0068125594195 -0.1360156223 
-2.9769089603e-08 1.5231593053e-07 1.9654495956e-06 2.3122672331e-08 4.5890870726e-08 3.6628162765e-08 -0.048768071801 0.026139995686 -0.13738418614 
0.035121570737 -0.016501593332 -0.098741417083 -0.042638801981 0.0010247793762 -0.097946882444 -0.022918479706 -0.017012772417 -0.16606528886 
0.0058398865755 0.0078361288297 -0.12461355181 0.0072123558368 0.025103503034 -0.12705363038 3.5702377021e-08 -1.9020470176e-07 -4.9354869783e-08 
-7.2976450803e-17 -1.242490811e-16 -8.5985406741e-17 7.0031344854e-07 6.1499643234e-07 7.1684013484e-07 -9.0837091291e-16 3.6660317922e-16 -4.5678506685e-16 
-2.4162276333e-15 -6.0950621615e-15 1.8089701985e-15 -8.7892927503e-06 7.3701337128e-06 2.7283322662e-05 3.1170549832e-05 -4.6131940051e-05 -1.9078954528e-05 
-4.1715208543e-17 2.0132037988e-18 2.6277047797e-17 -1.8615770848e-05 -1.1007594885e-05 -7.9206574979e-06 7.6191409628e-17 8.510563167e-17 -4.4063231532e-17 
2.9672749257e-13 2.1979012702e-13 -8.5466843352e-13 1.0652833738e-09 -1.5107869332e-09 -8.5337710659e-10 4.625049402e-05 -6.3339306619e-05 -0.00010967368779 
3.4349561268e-16 7.3513988228e-16 1.4749941909e-16 -0.047338412848 0.038092368527 -0.12514424176 -0.030410625601 0.064361230645 -0.093978112812 
-0.0051143640105 -0.035436414787 -0.076767793054 0.0065405880058 0.057677842108 -0.03299477872 -0.052701999084 0.0085758868354 -0.075165656099 
5.777049159e-08 9.7425721924e-08 -1.0903126992e-07 1.5492035864e-13 1.9383336183e-13 4.4713914002e-13 3.7629546931e-16 -2.007054656e-16 4.0853221889e-17 
-8.4505990385e-07 -3.6850344096e-06 2.3632359487e-07 0.000346347199 -0.022427571241 -0.09088443573 -0.0038489248347 0.0098995039901 -0.13456706244 
-0.015259542937 0.023703928104 -0.1303122151 0.0027053678063 -0.068674574389 -0.13163510297 0.035673488132 -0.0043579206384 -0.13200418611 
-0.0012365303845 -0.0062012499079 -0.1370104346 -0.033295258793 0.038881482997 -0.046688117404 8.1897962317e-07 -3.0902037563e-06 1.6344016912e-05 
-3.4844877988e-08 9.6877160628e-07 3.5240277209e-06 -1.7783153177e-06 2.7708106153e-05 7.4509466614e-05 -6.7546324263e-16 1.0735894847e-16 -2.9127823136e-17 
-0.019800546481 -0.019410658056 -0.088181830329 -0.0096078551515 0.024001738841 -0.14113559484 0.034822274977 -0.0028062804293 -0.16934507972 
-0.091262019231 0.024201285285 -0.07840501525 0.027050625408 0.0021557806775 -0.07237809015 -0.004088932454 -0.043694160331 -0.090590806373 
0.051935499753 0.018042826395 -0.10670203558 -6.1602934261e-13 1.5650616849e-12 -1.2289953737e-12 1.1690107962e-11 -9.2843594878e-12 5.3557369389e-12 
4.8313433687e-16 -3.0993258556e-16 -2.8357109263e-17 -8.9072207419e-07 -7.391821671e-07 -1.1892622297e-06 -2.4633983343e-17 7.1725334309e-16 -6.5551446245e-18 
-5.146480952e-06 -6.1494057429e-08 -7.2771353111e-06 -6.2617066731e-17 7.8768226338e-17 1.3075635106e-17 -1.7493932923e-07 1.0402135767e-07 -8.7157445311e-08 
0.00014217389896 -7.0379436627e-05 -0.00023438510423 -2.0909849007e-17 -4.3956550187e-17 -1.1007040984e-17 -9.1967338606e-17 2.6279464539e-16 -2.4291674566e-17 
2.96399245e-17 2.8505011291e-16 2.4026148772e-19 -5.5996237216e-12 7.7987011789e-12 -6.2836772745e-11 0.023667017677 0.040474079879 -0.014728571925 
-0.022930375765 -0.020797974379 -0.066681169293 -0.030692265933 0.019284961777 -0.093056589501 -0.024972536072 -0.0067941904146 -0.088327484958 
-0.01004811258 0.0001271000655 -0.12229919259 3.9853399359e-08 2.1214696219e-07 1.5069102538e-05 -1.3460358694e-08 5.8324720559e-10 -1.0315855858e-06 
3.0138178581e-06 4.508152055e-06 0.00025745476349 7.760250217e-11 -1.766358137e-10 -9.3486633004e-13 -3.7707844661e-07 8.6288343342e-07 2.8322370206e-06 
-1.6085530281e-10 -9.5853611499e-10 3.7716687075e-09 -0.0064040195119 0.0014450604687 -0.075565162703 0.031396627832 0.028769719 -0.11025061079 
-0.0066628227926 -0.01487966122 -0.11270566861 0.0086141079048 0.029473080338 -0.12756419546 0.038422183764 0.0083006996476 -0.11333963008 
-0.013986994287 -0.022521829033 -0.080510977672 -0.022859802397 0.044194335974 -0.12497063975 -1.6668875443e-05 -0.00014032541292 -1.9792948797e-05 
-7.7704650455e-07 -8.7366981545e-07 -1.8621896905e-06 9.6244944482e-07 6.5048045268e-07 -7.2991133364e-06 0.02702485342 0.0061465445956 -0.085747823614 
0.0008928277795 -0.023414785545 -0.024295536305 -0.0026718125514 -0.062504663777 -0.042097621279 -0.02559474001 0.0013699007289 -0.11394080814 
0.018114669277 -0.014350799598 -0.10557321153 -0.0054434457822 0.012176892152 -0.10839675048 0.031506533212 0.0025129047822 -0.10444781174 
-0.0095290558198 0.0266436489 -0.097615611165 -3.194824205e-06 1.4710864208e-05 1.6735354878e-06 -1.6845904795e-05 7.7467976486e-05 8.596837495e-05 
1.0637786658e-16 -2.9099462242e-16 2.5265389585e-19 -1.1182894699e-17 -3.0795164555e-16 -3.6323096188e-17 7.5026641227e-10 -8.1881819481e-10 -4.9968349044e-10 
6.0749302112e-10 -7.5803188142e-10 -2.4844655099e-09 -2.5026428243e-09 2.1955627903e-09 -1.0693456383e-09 1.4180519075e-10 -1.0240533744e-10 -1.2472691005e-10 
-0.00043591885965 0.00033328074963 -0.00011996496109 -5.5482129405e-17 -1.095869737e-16 -4.1045692631e-19 1.9883347758e-16 -4.8561268579e-16 -1.2102252908e-16 
-4.0598335494e-16 -2.4600940223e-16 1.402466399e-16 5.5020598968e-17 1.9307392742e-16 -3.031719323e-16 -1.7917350823e-06 -1.8831488671e-06 3.8579952324e-06 
-6.4185633008e-17 -2.1194613826e-16 -1.72235616e-18 0.004597113418 -0.0073437708295 -0.054134939484 0.039401257209 -0.050419222135 -0.099531654103 
0.015167529889 0.031468503644 -0.080178241517 0.014829025612 -0.011057628398 -0.11472400194 0.002959511597 -0.040052398096 -0.090419855828 
-0.015448873306 -0.0049647235171 -0.090585909814 0.0043701769597 0.0089124129012 -0.054181740638 -6.3066098916e-08 -6.3135483433e-08 -2.1897966172e-07 
-5.5048158376e-11 2.280008904e-10 -9.7873607845e-12 9.2201357307e-11 1.9121150804e-10 -4.5757271408e-10 -0.012541517436 -0.009575061252 -0.10594067952 
0.040239532962 0.023657181313 -0.16933478267 0.012525779668 0.028755216945 -0.079104517308 0.029404602721 -0.013836810718 -0.093305874362 
-0.01885506904 0.018649633928 -0.10233831022 0.019373456506 0.029481477309 -0.089996816064 -0.052843153972 -0.014472807858 -0.11646074907 
-0.0026207110324 0.0097019843721 -0.10669694081 -0.0078722075562 0.0041766799254 -0.11503125968 -0.0044896096952 -0.012564974477 -0.10905722325 
-0.049510904867 0.0017453390919 -0.035599812943 -2.6374402434e-05 -1.2140719437e-05 -7.9670494325e-06 1.8784586253e-05 -0.00014074548313 6.9864831986e-05 
-0.03178007528 0.025960121871 -0.064412948249 8.0224287832e-10 3.0135034304e-09 -8.3776801755e-09 1.1746480772e-09 1.533626243e-09 5.4838016766e-09 
0.024023193648 0.043637706072 -0.12479943193 -0.019474762684 -0.0033342854443 -0.080486376537 -0.013578293625 0.016394139983 -0.09525193693 
0.015442523131 0.011037783591 -0.12665710764 1.1074694779e-16 2.2445976221e-16 1.6541052145e-16 -9.0241633759e-16 4.0817556771e-16 1.4321364271e-16 
-2.6852136216e-16 6.4133945662e-16 -5.8523211743e-17 -2.8259434305e-12 1.9123397023e-13 4.4025754465e-11 4.1168055949e-12 3.3800918073e-14 -3.1941977384e-11 
1.3932363623e-09 -1.2214197748e-08 -4.2576506386e-08 2.2447644431e-08 -1.0784628916e-08 5.3198482202e-08 -1.5407434972e-07 7.0236064369e-08 2.6672383883e-05 
2.3492231143e-06 4.3388445445e-07 9.9798032063e-06 -8.4665734801e-13 3.4821005195e-13 2.3663922356e-13 0.014318504879 -0.02986020378 -0.076618521673 
-1.6702935784e-07 -7.2796141877e-08 -2.1465492503e-07 1.52419268e-16 -1.2014258652e-15 -8.920067422e-17 -1.9502982453e-05 -2.0269475664e-05 -7.8930910434e-05 
4.2989785814e-17 -5.4636473894e-16 1.3286011832e-14 2.5854203643e-10 -1.0065865914e-09 -7.7500669518e-10 -0.043207135845 0.0060130502293 -0.089451087445 
-0.0092061491943 -0.0078625286022 -0.095022374569 -0.010851906484 -0.0076488284307 -0.087949081847 -0.027698196418 -0.0012381075202 -0.081713870888 
-0.03844583997 0.0084943434252 -0.11556411073 -0.0033705301963 -0.022175741557 -0.087022262505 -0.0028132390463 0.02612120794 -0.057465066505 
1.1029136208e-05 1.1003031383e-05 -9.7320099002e-06 -2.6046857436e-06 3.1053070327e-06 -7.4443687459e-06 2.4783926811e-06 -3.9422871941e-06 2.3198133258e-05 
2.0401739443e-08 -4.578965046e-07 -3.6220269931e-07 0.00014683717802 0.010970904658 -0.056193806259 -0.00441640124 0.012786460366 -0.085526994055 
-0.00030809072303 0.012645891028 -0.09875952492 -0.01449885911 -0.0079222513553 -0.12943404452 -0.0031488530943 -0.00046915343311 -0.12601481893 
-0.044633465369 -0.0095758454359 -0.073552723143 -0.006493612749 -0.00074188035191 -0.12350271871 -0.048925501665 -0.032081958018 -0.065330427181 
-0.0082977316082 -0.0077459186768 -0.067663994209 -2.1739793524e-10 1.558308304e-10 2.924116788e-10 1.5835511575e-10 -3.6404098679e-10 -2.4512928673e-09 
-4.9533973583e-07 -3.1660190327e-06 2.1507730603e-05 -1.2289260342e-10 -4.6489623562e-10 4.6594333015e-09 -1.0515312097e-09 -1.6864149802e-09 6.2274792353e-09 
4.186177461e-06 6.2636406512e-06 1.4886964259e-05 -0.0020220752052 0.034526890356 -0.092506636658 0.0047805701735 0.022877325825 -0.10533195773 
0.0025404406174 0.017198351402 -0.068607161722 -0.01846454046 0.0026959795779 -0.12151578829 0.0079804367219 -0.061568322607 -0.058679765585 
-0.0029577190247 0.00704323879 -0.096040762337 0.0010371915296 0.032350580906 -0.11888374879 -0.0027619971056 0.018357710026 -0.09511453408 
-0.013538564905 0.00092121582506 -0.039933598992 -0.030128220429 -0.039540142233 -0.037978095854 -1.6160352388e-11 7.598510739e-12 6.0233584525e-10 
-2.6879817982e-16 -8.0446123766e-18 -6.8704439053e-17 1.3715036486e-05 2.7576258348e-05 0.000100386933 2.4989002542e-05 3.410641562e-05 -4.3230885816e-05 
-1.9588752468e-11 -2.3314944781e-11 -1.396202688e-10 6.6504765381e-06 7.0616072457e-05 3.733522648e-05 9.1683023878e-09 -4.7191156565e-09 -3.9942116928e-09 
-1.8211830689e-09 6.1026940399e-10 -1.0913884898e-10 -5.8459140831e-06 5.2544704017e-06 0.0010798274297 0.00017364888177 8.2215491756e-05 0.00061043997827 
-6.6931457282e-08 1.686649277e-08 3.5108382566e-07 -2.1465618737e-06 1.8143880265e-06 -2.3599955369e-06 4.0061571621e-06 -3.6296120518e-06 4.8196773624e-06 
3.6817310601e-10 -3.7836284552e-11 2.7521660471e-10 -1.0532232185e-09 -2.9906598797e-11 -5.8439493763e-10 -0.0087162484375 0.016784959409 -0.074426152737 
3.4355843783e-08 4.3766038975e-08 -1.7313275973e-07 -9.0072889121e-13 -5.1645191237e-12 -4.3246056583e-12 2.6772756127e-11 1.4869778491e-11 6.3523947276e-12 
1.6355186827e-07 5.2743733182e-08 -3.0386953383e-07 1.3684863932e-05 1.1572919991e-05 -0.0001215110287 4.5014538673e-05 -0.018906547947 -0.072301516246 
-0.034116534401 -0.0013080867221 -0.10198664112 0.0047410225085 0.0030003828175 -0.090664737624 -0.02405700967 0.0058553773286 -0.074758599308 
-0.023718713089 -0.010008054353 -0.069536673936 -0.0040877820017 -0.033714759493 -0.057600029727 -1.7178855512e-05 -3.1059484901e-05 -0.00013402965663 
-3.1023556809e-07 1.3499208329e-06 0.00052446617167 0.00049092555018 -0.02254315457 -0.099212542297 -0.0022093333939 0.018273694679 -0.10116944018 
0.012549209552 0.0054445742009 -0.115537152 -0.026450448893 0.0041780219192 -0.10963633637 -0.0032540643386 0.049183404114 -0.089194770599 
0.0039998004284 0.015488690351 -0.10976484742 0.0002158033183 -0.02226658842 -0.11641238636 -0.0072699023884 0.0018762215904 -0.093216286165 
-0.0076101906664 0.043828730305 -0.045482710293 0.016099625776 -0.003198373209 -0.10274043441 0.034559836219 0.03465241945 -0.041096659114 
-1.597138966e-05 -2.2184299855e-05 -1.2740832697e-05 -2.3898542775e-06 9.8556917853e-06 2.1293832304e-05 1.9274655239e-06 4.9939403954e-06 1.4996219022e-05 
0.0036306171024 -0.0044922217427 -0.088860392845 0.0028564732402 0.0098572667982 -0.11345988834 -0.016908769536 -0.0040082857249 -0.10866789611 
-0.0028099222783 0.0083737674981 -0.11646014063 0.0064799363868 0.0047070583583 -0.085912941867 -0.006613242209 -0.039815692513 -0.013569340243 
-3.4626162973e-16 4.7005043143e-17 2.1315295724e-17 5.286514516e-09 1.6742120376e-08 5.0751020378e-08 8.1597984449e-11 8.5972620481e-11 3.7319045724e-10 
-3.1384053406e-10 -2.0502739634e-10 9.9591505705e-11 -4.5946298484e-16 -7.4612494462e-16 -3.1130343151e-14 -1.0757320933e-09 -2.5910460122e-12 -1.3709457674e-09 
-4.8470883534e-09 2.3584019944e-09 -6.0848466869e-09 -5.5195459176e-07 3.3218686548e-07 -0.00016211589002 3.1052442955e-10 1.8275108678e-11 4.7857413156e-10 
3.9232483866e-12 -7.5776461475e-13 1.0808124819e-11 0.039709340269 -0.023289660253 -0.10266350662 -0.00071733538853 0.0017107371518 -8.3800040626e-05 
5.3131327074e-07 6.5239686298e-07 -4.0557306474e-07 -8.9608256994e-06 1.6450172512e-05 5.8357940206e-06 -1.4041570132e-08 1.5562090728e-08 -3.2942511262e-06 
0.027645215874 -0.0021061614219 -0.081769960667 0.023671284938 -0.0071153110802 -0.05130179801 -0.012061515734 0.010128552086 -0.1046036912 
-0.013432117935 0.0043158650087 -0.087215444605 0.0018718172629 0.020049112287 -0.086117429549 0.012825920834 0.013061867247 -0.094866442015 
-0.012121401121 -0.011318736975 -0.14164356733 0.0070318870302 0.006253620019 -0.070908055545 2.9363232114e-07 3.8249720502e-07 -6.8714728917e-07 
-1.7909079182e-09 -1.307668457e-08 -4.9645175406e-06 -7.2543592906e-09 -4.8074777899e-08 -6.2463512566e-08 0.02150208186 0.013128722209 -0.099645586066 
-0.0071786383749 0.011305146524 -0.11918171219 0.0050013782796 -0.0046653640569 -0.10781086435 -0.0057210939786 0.021316773726 -0.10705074167 
0.0099299648751 0.013770070962 -0.12129217475 0.0079340988243 0.0080876450096 -0.10243188734 0.010364326815 -0.0074087834817 -0.090612618635 
-0.025859010361 -0.021193924573 -0.06763069201 0.020613704991 -0.0013698345207 -0.078996461605 -0.027844824444 -0.0019582681489 -0.075597538831 
3.6488384452e-05 0.017262147227 -0.11389050699 -3.8836959817e-16 -3.9655095527e-17 2.0504029661e-16 -0.00010331940994 5.1557787285e-05 -0.00011629415364 
-2.7290905428e-17 -6.9192980451e-17 4.1324561686e-19 4.5127520299e-09 3.9179380448e-09 -1.6207541232e-07 -0.00064530132866 -0.018005136098 -0.0937750864 
-0.039968612768 0.0045410116365 -0.098414657614 0.0056852369422 -0.013529882893 -0.09526265355 -0.0023979831949 0.016829557818 -0.06999808504 
0.0032062772865 -0.042729300429 -0.096330773236 0.021226593807 -0.016913451563 -0.076004091088 0.023283556804 0.012053044241 -0.091654720503 
-4.3766231681e-08 6.5256397704e-08 7.9530171285e-08 5.7332745596e-10 3.578212688e-10 1.0188307235e-07 2.2603138905e-10 1.0236651816e-10 -2.9545488023e-10 
3.0951388427e-09 2.0228096585e-09 4.0135630382e-07 -0.00014051316738 -0.00018096793208 0.00021364079837 0.0211124399 -0.024714757827 -0.080849777867 
2.8590382572e-18 -4.1149153668e-17 5.9235272117e-18 7.6094837325e-05 -2.9715320483e-05 -3.9966853321e-05 -1.7386118395e-05 2.314898866e-05 0.00027270619418 
-4.362234462e-08 -3.3301452615e-07 -3.1959382179e-06 3.385816456e-08 2.7197998178e-07 -2.3054614006e-06 5.7650753648e-06 1.6106709042e-06 1.3813556492e-05 
-8.2936979769e-06 -2.3910887598e-06 1.2710990402e-05 3.6102987799e-06 1.1896130455e-06 -5.455036658e-06 6.9005118736e-06 -1.373982633e-05 -0.00019496008389 
3.0387068358e-06 -9.1871658567e-06 -0.00015320902769 -0.026268047219 -0.018969970244 -0.10042213648 0.016775834513 0.0055426287025 -0.085148328601 
-0.012253479781 0.0053809261805 -0.098412110058 -0.00034579839058 -0.011644218878 -0.06473235304 0.02603935869 -0.019223809716 -0.11501298003 
-0.030123476942 0.0025834608745 -0.093011913711 -0.010905129496 0.0063484993398 -0.070594914753 -0.0082203177734 -0.0023811690471 -0.062481787086 
7.1385469731e-06 7.2405736134e-06 -5.32414662e-06 -2.4651279911e-07 -4.6541780199e-07 -2.9650505952e-07 2.94686239e-09 2.9832880599e-08 1.0377857757e-07 
5.8960783178e-06 3.2483703894e-06 -1.166217123e-05 -0.0053052111149 -0.0030298432853 -0.10989113413 -0.0155348102 0.011263626004 -0.10115039832 
-0.024394488623 -0.003621429105 -0.10750819567 -0.018714298723 -0.002782329972 -0.12517024038 -0.0057549178355 0.005203630774 -0.10192620854 
-0.0239901997 0.028974716028 -0.10247795738 0.0041329424682 -0.013104107294 -0.12037465075 -0.001438239548 0.0010034030455 -0.059614393063 
-0.0035607985693 0.0031745784106 -0.086379419773 2.4826106205e-16 9.7183551093e-17 -8.6704751199e-18 -1.8428875474e-07 -5.8975954345e-07 7.026942352e-05 
-8.7246719665e-18 4.5265488719e-17 2.969646502e-17 -1.0970791745e-05 -2.7095257151e-06 3.3128455816e-05 -0.017507796159 0.02361842943 -0.067035189549 
-0.0047130908972 0.010211084148 -0.10313551614 -0.0047497045565 -0.0090478213125 -0.044487132231 0.01401088935 0.013178555536 -0.074755615567 
0.03143858647 -0.016291551412 -0.0977314649 0.022289864306 0.001156400537 -0.096936627916 8.6592870557e-17 -1.0116195257e-16 3.2405897855e-17 
-6.4775526185e-17 -8.148510515e-17 1.5618305619e-19 1.6174753872e-15 2.7642643627e-15 -1.0570635533e-13 2.0705244361e-05 4.3790223204e-06 -9.576950787e-05 
-3.9599950291e-15 2.9980990527e-15 5.2027923787e-14 -0.0012761826919 -0.0037967865513 -0.099780527415 0.00058913209552 -0.00056828437225 0.00065347369244 
-7.1005116634e-05 6.7378010079e-06 -0.00014036548682 -4.7646828659e-13 4.7973257106e-13 4.3150859812e-12 7.110727045e-05 -3.7971144202e-05 -4.3861452377e-05 
-1.9498476316e-05 1.1728670242e-05 1.9736047473e-05 -3.6668068325e-07 -9.6405408299e-08 -2.4134744349e-07 -4.0145523047e-06 -7.2380250196e-07 8.0292551748e-06 
-1.9562888158e-10 -1.3598616318e-10 -1.0603477729e-10 1.5923558772e-12 -1.8078264821e-12 7.192482822e-12 -1.7586889062e-17 6.2675145643e-17 -1.2910343873e-17 
-2.7102396226e-16 3.6733477751e-16 2.4737557701e-15 -0.020193426838 0.044089900308 -0.031894104965 -0.017540755408 0.0050921604587 -0.11926850706 
-0.0030349255856 0.0071356314654 -0.03861160791 -0.037806121868 -0.022509308974 -0.075371634863 0.0077762169409 0.030186406762 -0.11460343756 
-0.036209536473 0.045526198582 -0.045568028692 0.029607490903 -0.034006845359 -0.074761097602 5.5020677365e-06 8.3157347459e-06 -4.399231589e-06 
-2.9313352999e-07 -1.9831416385e-07 -3.2200097e-07 -1.7927731116e-06 -2.09882774e-06 3.5249849339e-06 -6.6856229576e-07 -1.949984533e-05 2.2953299417e-05 
0.022192809945 0.007762886459 -0.089501242991 -0.015297186102 0.0095247991593 -0.12672579771 -0.0017620943972 -0.012373800354 -0.098903299842 
-0.033233895907 0.010231215983 -0.075075261469 0.020112080579 0.0071572283807 -0.093128941435 -0.0032994290037 0.043474498957 -0.081015931878 
0.0073578737148 -0.02307590634 -0.071810269491 0.0016595568301 -0.031314165895 -0.100027955 0.014178923949 0.015033744879 -0.088529808802 
-0.027519226074 0.033779361793 -0.091268389224 1.8483066634e-07 7.5478935765e-07 1.3821373784e-06 -3.2492812944e-08 -4.5111912661e-07 5.7479590752e-07 
1.5604612384e-06 5.8001061375e-07 -0.00010866408379 -2.7812374561e-06 -3.058680232e-06 -0.00010582260418 -4.1284108539e-10 3.5252358282e-08 -4.8849540585e-05 
-0.0070072886103 0.0045439982566 -0.087262111882 0.015818669454 0.010527882923 -0.086924232929 -0.0081591286489 -0.06239619085 -0.064109054681 
0.016954373207 -0.027138261899 -0.072333403613 -0.01271806956 -0.0033328008742 -0.12009453479 -0.0029401359408 -0.0069075962516 -0.095032074033 
-0.019146876387 -0.042890759752 -0.069991667632 -1.9128065345e-05 1.9756935763e-05 -7.0974900366e-07 -5.3093251002e-17 -6.0311899734e-17 5.5688435523e-17 
1.2613261366e-13 2.5936326672e-14 4.2866266677e-11 5.0542412454e-08 3.2894880771e-08 -4.8153111197e-06 4.0888860719e-05 7.3017985417e-06 1.6578254828e-05 
-3.6808324882e-08 8.9237790525e-10 1.0604262862e-08 9.1055678488e-06 1.9174396291e-06 1.4471021712e-06 -0.00028183664929 8.4104720149e-05 -0.00016971017723 
1.3121560885e-05 -8.7208826896e-06 -2.5359979723e-05 2.6878160978e-06 -4.2184037701e-05 -0.00011461260489 -9.0516823761e-06 4.4639046969e-05 0.00036628712773 
-4.2070715816e-13 -5.9183918129e-14 -5.7020695584e-11 0.00073085017955 -0.0046330923779 -0.0028820896802 0.0015141416799 -1.0369162503e-05 -0.088221711489 
-3.0701210746e-08 -6.8798739758e-09 1.2354177318e-08 1.9311667722e-07 1.30042974e-07 4.177528467e-07 1.4438059902e-16 -1.5778129026e-17 -2.9808692447e-19 
2.100813459e-07 2.3060806573e-08 4.3337739556e-06 -0.034896457247 -0.0099303250986 -0.11352801061 0.010902063454 -0.013804303773 -0.061097791769 
0.021303039512 0.0030893057778 -0.092064006702 -0.0036593956083 0.022242320882 -0.10596167698 0.0051552042341 0.0084016078033 -0.12127083147 
-0.019835041719 -0.017640463961 -0.087104905991 -0.029543515583 0.016721032686 -0.057805952214 -0.0085269690645 0.0052968732955 -0.05812857583 
-1.1447749609e-06 -2.5005996859e-06 9.6850442854e-06 -1.3460883118e-07 -2.2341344316e-07 -1.7361494415e-07 -0.024942026068 0.022012595897 -0.10568849219 
-0.0098531413348 -0.0034836201181 -0.087519325028 0.011952460783 -0.015083639587 -0.1107560577 0.030477035137 0.012604764076 -0.098265463629 
-0.005178090747 0.038181416943 -0.093475347031 0.017732356472 0.04495453023 -0.075675817748 1.9840330027e-14 2.6523467838e-14 -6.3510868628e-14 
-1.0209088376e-05 5.2334797728e-05 -0.00012579673546 -0.031472093279 0.021807665657 -0.052312580021 2.2746521129e-05 3.505579554e-05 -0.00011202451908 
-4.1535237221e-07 -8.1761510502e-07 -0.00015466794628 -0.016271928143 -0.0012977119935 -0.092401216311 0.011036571181 -0.018873477832 -0.095715625594 
0.014861158501 -0.014093972619 -0.11725604241 0.0070062553774 -0.046281519329 -0.10169779369 -0.025353496352 -0.027689301346 -0.083340804117 
0.002694693765 0.019545416404 -0.043186296447 0.018645462371 0.011498519706 -0.057844976948 -0.027292403416 0.0066758698195 -0.082866882492 
0.025842996128 0.018746628301 -0.079823030187 -3.1729351653e-16 2.3012830277e-16 6.5300593931e-16 -1.1800422541e-15 -2.3366360657e-16 -2.9485172571e-19 
-3.9064408653e-06 6.9974494277e-05 4.7539778415e-05 3.5288025338e-05 -4.7391365053e-05 1.2220527082e-05 0.00060893223129 -0.012210474395 -0.035392231752 
-2.7090409528e-07 3.5507463265e-08 -1.0286206001e-06 -3.7876850433e-07 -7.2415281654e-08 -4.7203247379e-05 5.6799634238e-07 -8.0204025045e-08 1.1690580339e-06 
6.3600497332e-08 -3.4989316412e-08 2.6500045224e-07 -2.4746091378e-05 -5.2072028331e-06 -2.2106658187e-05 -2.2652940741e-14 -6.4476377808e-16 -1.1587264027e-15 
1.0680050552e-08 -2.3328037059e-09 2.0127582687e-09 -1.398965899e-08 2.4754134795e-09 2.5959974163e-09 0.00027609247766 4.5190372435e-05 -0.0001593145782 
3.7358181818e-14 -4.2028231149e-14 -1.9836824485e-13 -0.00026260055732 -0.00015283368604 -0.00039346369969 -0.00022784536966 -0.00037006358058 0.00023410740216 
0.0015440405488 -0.00065293070453 0.002180223079 1.4665119896e-09 -2.5961166822e-10 -8.1139121224e-08 7.3288741746e-10 -5.9859381472e-10 -7.3919699779e-07 
-0.029558630669 0.0065941235019 -0.088112849672 -0.029254965004 0.034732875539 -0.057454354008 -0.0011502585453 -0.01882444832 -0.07426112217 
-0.016671543727 -0.0032326261565 -0.073561093633 0.0081162905993 -0.016403563601 -0.077282718803 0.011240853782 0.037108423534 -0.09277900359 
-0.045359295242 0.016152595897 -0.073855326074 8.7952242122e-14 1.7416004204e-13 1.6943632729e-12 1.2098083875e-10 2.6002486094e-10 -8.6973488993e-10 
-2.9029275606e-09 -2.1790211705e-08 -1.9388748734e-08 2.7466112108e-11 1.4191628201e-09 -8.1014627261e-09 2.3795975294e-06 -1.2263403981e-05 3.9905716391e-05 
0.034331807083 -0.0040092840215 -0.095168579154 -0.0091937226123 -0.011620527547 -0.11777255313 -0.028924713245 0.0077574414312 -0.10144821322 
-0.028356163071 -0.050477043892 -0.045769395059 -0.010682175881 0.005677294076 -0.090507368295 0.025423878306 0.018238120629 -0.10448785002 
-0.019359432861 0.011917798444 -0.059507082577 -0.023079416799 -0.0059461086757 -0.084355989065 -0.0042617283974 0.00076547286516 -0.14895341036 
-1.5868696679e-07 -5.382808201e-07 -8.5421628363e-07 -1.1878935459e-14 -4.1659193432e-15 -1.7943989741e-13 -6.9203621345e-15 -3.7352164691e-14 -7.5398995687e-15 
-0.0066912786144 -0.02921288909 -0.095504666754 5.0102089897e-06 1.0363959279e-05 0.00010734491971 0.00079045155729 -0.003643638874 -0.10849371278 
0.013966093433 -0.067762761664 -0.055814254467 0.0082025060493 -0.0035029355414 -0.079287115841 0.0089519680026 -0.012678228226 -0.098904247538 
0.010468768777 0.0021020076194 -0.093586265869 -0.026097241252 0.0024317962701 -0.053237765067 -0.018966560639 -0.0050474313675 -0.076732085746 
-0.020879028749 -0.0091562443926 -0.088674002787 -8.3086845489e-05 0.00013051064329 -0.0001464284287 4.5419699877e-10 2.0403849286e-10 1.2633030828e-07 
-8.1133083714e-05 -1.2360753588e-05 -4.7379729125e-05 1.8886221647e-05 8.1972831745e-06 0.00013383300299 4.8578597053e-06 -1.4192599346e-06 -0.0012266835449 
-1.6984660837e-14 3.99940874e-14 -3.6991741661e-13 2.4585135702e-08 -8.7572370743e-09 -1.462649118e-08 -5.4934002852e-07 9.3831878504e-08 0.00015614270719 
6.7249159093e-07 2.6404997569e-07 -9.544648735e-07 -2.1978379699e-08 1.6166599852e-08 1.1864916426e-06 -9.0997258688e-06 -9.9346081225e-06 -3.4723365794e-05 
6.5480458133e-06 -3.0156297466e-05 3.4133739802e-06 -5.5972236529e-17 -1.1595016875e-16 -3.088237542e-20 -0.018494604423 -0.0019915833403 -0.075075335071 
-0.014814718006 0.0057475939865 -0.084978622357 0.010119833679 -0.035023598189 -0.070600670211 -0.021519426078 0.024887344996 -0.073843518661 
-0.0037233621062 -0.03069655146 -0.060389902482 -0.013433991853 -0.028780331359 -0.050201125532 -0.02124381377 0.014739482116 -0.039195977519 
-0.0099864962841 0.04492800589 -0.011646928248 1.778793421e-07 3.3873813095e-07 1.4616731508e-06 6.7006886637e-07 -2.2631150558e-08 4.5499400545e-06 
3.8717539994e-09 3.6081248062e-08 -3.1768651318e-08 0.0041014674477 0.0039290950747 -0.095247154512 0.0043534992069 0.031098263713 -0.080392208867 
-0.030637548123 0.029440395158 -0.12308659935 0.0014256535747 -0.015625198539 -0.11283857117 -0.02826288235 0.032623133509 -0.1165278336 
-0.011004838579 0.013453634861 -0.039678945368 0.011255648793 -0.03130908304 -0.086202250632 -1.8249527233e-10 -8.5351934839e-10 2.1739052595e-07 
-5.2015903672e-15 3.214037545e-13 -6.0896000548e-12 -2.6408859648e-13 9.5510995943e-13 -2.8704855575e-11 0.008770264119 0.0057157837491 -0.075542165239 
0.013139608009 0.033212430604 -0.07579546418 0.0021221371461 0.0082224728853 -0.059560043693 -0.01586548588 -7.5686909366e-05 -0.085456785585 
-0.020851307607 0.027682046813 -0.10434883788 0.0089174832604 0.033724879374 -0.065815931383 1.1253052727e-10 -9.7490411618e-10 4.5207079818e-10 
3.423599342e-16 1.1176656145e-16 5.8120344037e-17 5.1397458669e-10 -1.8458200375e-09 9.6382503151e-09 -4.8024139657e-06 -3.7310605925e-06 -0.00026360902288 
-6.6071585616e-07 -2.7174235915e-07 -0.00030012339209 -2.1887441003e-05 -1.2291047611e-05 8.1249119138e-05 -0.024680787164 0.017280157186 -0.057531810044 
1.1596942696e-16 -4.6147755703e-16 4.2324566573e-17 1.506810206e-18 1.6724055763e-16 -1.0069267127e-16 -1.4029003756e-06 8.4938974361e-07 1.4681224789e-06 
2.6295278068e-06 -2.4240247652e-06 -1.2744956346e-06 5.5360591829e-07 -2.6076471451e-07 -3.0200265192e-07 -5.2637208804e-10 4.2508678865e-10 1.3811239356e-10 
-1.5232021296e-06 7.5516341905e-07 1.7942104259e-07 0.00024539430163 1.0491834262e-05 -0.0023174792091 0.0013384560746 0.017727062762 -0.079325227162 
-6.1208567321e-07 -2.9624374017e-07 -1.0733528102e-06 -4.0663409958e-06 -3.6902316553e-06 -2.5867497614e-06 -1.6296954356e-08 6.3117528458e-09 1.3800119663e-07 
1.9067939954e-11 -3.0108069426e-11 1.0133955344e-10 -1.173588669e-05 4.2930787326e-05 -3.7100737776e-05 8.4233458342e-06 -2.1655431584e-05 -1.932634236e-05 
-0.0072351413158 -0.0092810447225 -0.05072687126 -0.031338449218 0.0040075477125 -0.081571216507 -0.0086600128057 -0.037203432832 -0.13088945748 
-0.0089040188118 0.0071208448162 -0.11204980872 0.020778756002 0.05490435358 -0.10526507121 -0.010619036669 -0.024782128381 -0.090153878889 
-0.044707455861 -0.002288445506 -0.059953344669 1.7009695688e-15 -5.5909513699e-16 -7.4691754291e-17 6.2936575561e-06 -1.6251523874e-05 -0.00017731655845 
1.3584908825e-12 2.4802025601e-12 4.5648499538e-12 0.068573149659 0.042693524588 -0.063571903779 0.027296429927 0.011132449175 -0.091049005023 
0.0019922998065 0.010232324959 -0.09697499829 0.0093878859674 0.0018851664424 -0.083368536573 -0.015556747769 0.0077691830463 -0.070813159143 
-0.014111675343 -0.024819087909 -0.11302990303 0.0091383464544 -0.0091017566461 -0.11012810328 0.0026760893 -0.017189896743 -0.070576581707 
-6.2603312754e-06 5.490090496e-05 -0.00020691769311 1.1794761487e-16 2.8804323391e-16 -2.256319595e-15 -4.8786507641e-06 7.1085911726e-06 -0.0002278887426 
0.0072094381543 -0.026033578821 -0.10721955304 -0.018660663817 0.020476185261 -0.12953097955 0.014281763692 -0.0056640165922 -0.026912450751 
1.8863994946e-10 6.2715925619e-10 1.5860609428e-08 -7.6435415168e-10 1.3934662566e-09 4.1160440012e-09 1.8578999231e-12 1.4859126971e-12 2.0308496673e-12 
2.9992561755e-06 2.0454495306e-06 5.8330474348e-06 1.6671873735e-17 -1.0619943966e-16 1.8541218464e-17 -9.3776240255e-17 -3.18889209e-16 -8.0335240848e-19 
-2.8348175235e-16 -2.9800615756e-16 4.4970075662e-18 3.9558073761e-07 -1.7066299234e-07 1.6925646894e-06 1.663601065e-09 -1.3088741947e-09 -7.49513518e-09 
-1.9454919173e-12 2.2960578104e-13 3.5177182332e-12 9.1077421989e-13 2.3764392716e-15 -1.3448881207e-12 7.4318193568e-07 1.4746331736e-07 -9.1826689724e-06 
0.00058163728649 0.00019541517024 -0.00154201591 -5.1860121294e-12 7.1076882341e-12 1.3022687543e-13 -0.039254135206 -0.015071252356 -0.1079301609 
-0.013436860719 0.00133028874 -0.1065303164 0.011873238753 -0.030999625572 -0.086972283156 -0.036788729889 0.038647302096 -0.058050440383 
-0.021957306886 0.0099759259458 -0.10348856938 -0.043267017361 0.010762508044 -0.078455125697 -0.011562636667 0.028895497731 -0.059635108114 
-0.0048555259144 -0.039225514008 -0.14443301338 -9.5104649705e-07 7.0206403613e-07 1.4552829714e-05 -4.9056796571e-06 -3.3165229439e-06 -9.5047654495e-06 
3.7517537346e-06 6.0611542485e-06 1.1423479517e-05 -3.8892392013e-06 -0.00011927915123 -0.00054127968835 -3.0948111707e-05 -1.0278884398e-05 -9.34864586e-05 
0.039950294178 0.048872982084 -0.034195911451 0.037118087774 0.0067049498459 -0.11441066924 -0.0062892213934 -0.0084703640734 -0.12164172062 
0.0058079963584 -0.011589588653 -0.087841893735 -0.0036198606613 -0.007092000674 -0.14912151134 -0.00028689683752 -0.021529041402 -0.10364609719 
3.1166147098e-08 1.198150334e-07 2.9418855236e-07 1.0151187072e-09 -4.6946958386e-09 1.7654346887e-07 -6.5420130172e-08 -3.5611407823e-08 5.4821150968e-05 
9.6926573193e-05 -0.030845358519 -0.059092496111 0.0012419860063 0.057904620165 -0.11486500539 -0.015603101529 -0.021432904424 -0.14040609399 
0.021853448658 0.024162323369 -0.094924124056 -0.017393088913 0.0043824543069 -0.093207932908 -0.002765984625 -0.00725485741 -0.07921342134 
7.4608187948e-16 2.093940738e-16 6.9777492936e-17 2.6129350493e-07 4.715916183e-07 1.0597878724e-05 2.0044277564e-12 2.9050368481e-12 -5.6897072561e-13 
-2.344082413e-06 -9.0819827745e-07 7.1780609771e-06 -2.3610652264e-07 -2.4835313316e-07 -2.3090865112e-06 0.012215196776 -0.012048936806 -0.072426782131 
1.066850951e-09 6.8682966483e-10 -1.0100920262e-06 -9.6301150612e-08 3.7376653564e-08 -2.8855044544e-09 8.3925374578e-07 -7.5087338207e-07 7.4776690433e-05 
-4.4833195488e-12 2.3815654731e-12 9.4544111269e-11 5.3620272873e-12 -2.8141208037e-12 1.9709438241e-10 -1.159296618e-08 6.8332201391e-09 4.6957591585e-07 
-5.0396086416e-08 -8.7523738605e-09 2.5953624011e-06 -0.006760270106 0.0075166967266 -0.12343992994 -8.7331202292e-06 -8.743482383e-06 9.1124820776e-06 
-5.9135147551e-10 7.3392529544e-10 1.7615973001e-09 1.9379882308e-14 -8.951051169e-15 -1.8432242217e-14 4.774847091e-10 -5.2420785212e-10 -2.148602238e-09 
-0.03751383398 -0.0099485735374 -0.11061638049 -0.012440154213 -0.0090648959942 -0.075669812845 -0.011615375472 -0.0043650600439 -0.058691538948 
-0.013461532243 -0.00033088654642 -0.082549330175 0.005493416065 0.016457844689 -0.083751129794 0.015536713534 0.0098943137631 -0.1047107703 
-0.023937870777 -0.0086886691388 -0.094395368408 0.0078486339561 0.007225553579 -0.092902413477 -8.4941906127e-07 -2.1103019356e-06 -2.6110981784e-06 
-2.0341267962e-14 1.5897598157e-14 -5.9208715314e-16 8.1401970901e-07 2.3968624082e-06 -0.001546372784 -6.0921738666e-05 0.00017459498309 -0.00030116273149 
0.00077475526686 0.015582936451 -0.078048042084 -0.0046286506635 0.021181898884 -0.10772180261 0.023625731739 0.0041632476127 -0.10596360669 
-0.0020070548915 -0.0098661833737 -0.1343898965 -0.0041020124792 0.044125372832 -0.085700074632 -0.033444758035 0.0057364531759 -0.088405229137 
-0.028047325287 -0.0023028495507 -0.11669778304 -1.4509686864e-09 7.5697122341e-09 1.4948314521e-08 0.0085605310084 0.0012436683393 -0.095506043119 
-4.5333591843e-08 -1.4429065393e-07 -2.7638037708e-07 -7.2107689301e-06 -6.2236279404e-06 7.3808604164e-05 -0.002177540673 -0.011484644454 -0.12376565645 
-0.019908605573 0.018310893473 -0.064546416991 -0.044459311113 0.010156783964 -0.092822863713 0.0079117854173 0.013017413397 -0.1086917316 
0.013233228978 -0.0073814656805 -0.1389919818 -0.018344688589 -0.0057970917934 -0.13356655532 -0.039663699486 -0.040610243062 -0.1143342102 
0.028996636721 -0.014809854883 -0.076083494341 -0.00090861561703 0.0045337956111 -0.10607373221 -0.030467735116 -0.0048123051011 -0.10161038277 
0.0026627311117 -0.031130437053 -0.046683828543 2.3333062811e-07 -1.5356743257e-06 -7.8552498801e-06 -2.005240789e-12 -1.6792379945e-12 1.8853239482e-12 
6.9657152143e-07 2.2991929143e-11 5.4879482056e-06 -3.9399910146e-08 -1.1243016742e-08 -4.96462e-05 6.5065560599e-10 -7.9896392451e-11 -2.7830561406e-07 
0.0012425946962 -0.029256748175 -0.098978961944 -5.9261003613e-09 5.7581797045e-09 4.3975928262e-09 -6.9113933233e-06 2.7273657232e-06 4.7096316846e-06 
-6.5692368825e-06 1.0071072317e-05 2.371189364e-05 2.29052273e-08 3.3842975017e-09 -1.748673332e-06 2.6853363254e-08 4.901939368e-10 -1.9272714775e-06 
-1.4993891825e-07 -2.4227630287e-07 0.00059974681549 5.6041187796e-08 1.1926607748e-07 2.0893265844e-07 -1.3177481417e-12 1.5158169396e-12 1.5759338539e-12 
6.3738442672e-08 -7.4334111688e-08 -4.8296000187e-06 -0.037990074763 0.0014110119201 -0.077749147831 -0.0064771336221 0.018510338252 -0.11792150069 
0.0053911904687 -0.0060526276137 -0.058445773984 -0.010435165471 -0.0028336282893 -0.10042728834 0.0040045222143 -0.010427541618 -0.080658318474 
0.0033866249507 0.041223666773 -0.057953760465 0.0013166566472 0.015604319668 -0.1084963987 0.016790395892 0.0037057323042 -0.06244393354 
-1.4834349583e-05 -4.8734735582e-05 -9.031608533e-05 -2.356157435e-14 1.3317530577e-15 -3.003265353e-15 9.8426638e-13 -1.6079455225e-13 1.4966685218e-12 
2.1072163463e-13 -9.5295973352e-13 3.880009834e-12 0.0043219457829 -0.004967654517 -0.087968493587 -0.021102039554 0.015821609841 -0.10423419215 
0.043402299688 0.010852611 -0.056694083815 0.0081749465577 0.019623716275 -0.11431390517 -0.030119628224 0.024846245178 -0.12612584278 
-0.0097145386567 0.057959400326 -0.058908480698 0.031543482813 0.0079073548368 -0.12012221499 -0.018423910037 -0.015157118836 -0.05919948307 
-7.0443267604e-11 5.8241369449e-10 -9.543060269e-06 -3.2068497846e-11 1.3466081388e-10 1.4282850746e-10 7.049273496e-05 7.2059949139e-05 0.00012693290502 
-1.7236510386e-05 -4.5869146777e-05 -9.322198252e-05 0.014346114439 0.031653567341 -0.096252703157 -0.02937795337 -0.011969179514 -0.10097182157 
-0.0040236318851 0.02690586234 -0.1191811153 -0.021422843596 0.013485401784 -0.10159986152 -4.6814254578e-16 -7.1488591797e-16 -2.3862480831e-16 
7.0562657898e-16 1.2777918588e-16 8.2560098761e-19 -1.6475694486e-07 -9.8764082081e-08 3.506906872e-07 2.5158079959e-07 2.3700905439e-07 -5.3207814912e-07 
-4.1347673073e-15 -5.4439335991e-15 -1.7090657663e-14 1.6299886593e-15 1.4964696285e-16 -2.9582758197e-15 6.0751172859e-09 -3.7418526211e-09 -4.9766988557e-08 
7.8740964011e-08 -2.9094206207e-08 -3.1204980994e-05 5.3700730438e-06 -3.2825245356e-06 -7.7560419838e-05 1.2896973983e-06 2.1826889015e-07 -1.1565141917e-05 
-7.5801273743e-09 -5.9397817981e-09 1.1467004438e-06 -2.4855453008e-16 2.8369801751e-16 6.7884286468e-16 3.7164987941e-07 -6.4566514423e-07 -2.5071466288e-06 
7.4985117846e-17 2.5735678823e-16 1.7536183859e-15 -3.4213932654e-07 1.6509773427e-07 -2.7516730744e-06 -0.01113024199 -0.022167277186 -0.089899477427 
-0.022701767913 -0.00033486847249 -0.065861658724 -0.022552785624 0.0040227628082 -0.080996306272 -0.025538101378 -0.012972385959 -0.087493514912 
0.023577007351 -0.01406106298 -0.044256410887 -0.0062716405939 0.0043632436201 -0.067623876722 0.040961004778 0.038655640192 -0.095972285835 
-0.0013331254049 0.0028043978657 -0.11877866143 -0.015055855417 -0.026267391784 -0.10099947619 -0.0097963804203 0.055535517804 -0.093613312057 
-8.8713982941e-08 -1.7622763051e-07 1.8253079489e-06 7.9031427714e-08 1.1182766259e-08 -3.6282570777e-06 8.0583245889e-07 1.457164592e-06 -6.8632786801e-06 
3.509198688e-10 5.8750937649e-10 5.6142439805e-09 0.014706754647 0.029805674432 -0.10845836084 -0.0075394774463 0.0069085232574 -0.090677341216 
-0.00031204239902 0.011473519585 -0.12617457057 0.032280866538 0.011122138922 -0.10760055496 0.0094065617549 -0.018021015278 -0.07306664637 
-0.018732628507 -0.013028974564 -0.052170519895 -4.9617673369e-07 -1.3438735377e-06 -4.8707133628e-06 7.9284209383e-05 8.7825669379e-05 0.00052363150363 
-0.01174658752 0.0074805948162 -0.11120403573 0.00040654579462 0.0036996423841 -0.095508524537 -0.0017832224899 0.0065732361581 -0.11391645462 
-0.037602460119 0.012355548678 -0.094868408341 -0.0019344421597 0.02511236412 -0.064146688278 -0.0039137176666 0.03597331541 -0.10349372308 
9.1730504328e-16 2.1050807784e-16 1.002402898e-16 -2.2107208614e-16 9.7891561775e-17 8.259560626e-17 -0.00015466000917 -0.00015219725031 -0.00036410463773 
1.8523082436e-05 3.2476098486e-05 -8.8387473811e-06 -6.2441382567e-06 -7.1010172145e-06 -0.00011381559537 -2.1411478014e-05 -4.3746187262e-06 2.818910899e-05 
3.4369511769e-05 1.414896617e-06 -6.5909870728e-05 1.1741707755e-05 -6.6234097193e-06 -3.8014577517e-07 -6.09779716e-07 4.7462559794e-07 4.9007921157e-07 
4.0674373691e-09 -2.2198933904e-09 6.4049397044e-09 4.7428336255e-07 -3.7134158671e-07 9.1051012539e-07 2.0656642955e-05 6.1466306737e-06 9.3760444122e-05 
1.85465606e-12 -7.8158059868e-14 -1.8812627783e-10 -0.0066389022047 -0.011649296554 -0.056084732395 4.0518568963e-18 4.3503820989e-17 1.1847834512e-18 
1.1762372283e-16 -1.2310185367e-16 9.9858603653e-18 9.7448833789e-06 -1.1650348049e-05 -0.0010138285082 -0.0078319693341 -0.012063434297 -0.067947055337 
0.019312851412 0.01208038926 -0.070281884471 -0.0079904945729 -0.0016392477409 -0.079966019727 -0.023244070844 -0.028609435754 -0.097363826871 
0.0020619302943 0.011135496324 -0.10717990442 0.035577847858 0.019950303331 -0.077605666598 -0.010910936913 -0.030570779343 -0.091435797655 
-2.4391971e-11 -3.2594110355e-11 -2.5449704449e-10 -3.8227746186e-15 -3.0097800557e-17 2.783038876e-13 -5.8239786152e-12 -6.9834678315e-11 1.412725099e-10 
-3.7320697086e-07 -7.7053322984e-07 6.3781300261e-06 -3.8132176007e-07 2.5577901688e-06 0.00052667750638 0.016299706739 -0.0010941178237 -0.073507847481 
-0.02183530278 -0.0054290955241 -0.11533260857 0.010494815437 -0.0020805797139 -0.11554690976 -0.0022802252626 0.026025391227 -0.10448475429 
-0.0076171121502 -0.027169452315 -0.13247609639 0.02244751337 0.014564396332 -0.10597670431 0.017815437913 0.0077609024987 -0.10220978927 
0.0094975753376 -0.0073535826376 -0.093732822353 -0.016157628453 -0.037921042877 -0.063987176968 -5.2416993573e-08 -5.7228638345e-06 2.9475952321e-05 
1.0507708788e-06 7.7757539619e-06 -6.6257500912e-06 -6.6258617088e-09 -1.2507586582e-08 -3.8267114046e-05 2.2746159204e-07 4.4405620064e-07 5.8544184723e-05 
0.045249525796 -0.01811182775 -0.027831485569 -0.041143406208 -0.0040865778636 -0.10419559215 0.011301207991 0.0083477550485 -0.093637337118 
-0.017310872191 0.0021515845212 -0.14161239736 -0.011389444843 0.014214786402 -0.095383698293 -0.0024013743672 -0.0062570784891 -0.10694447822 
-0.0017921601211 -0.010651989835 -0.079652117025 -0.02451280876 -0.0022877300712 -0.0659513873 3.4020376887e-05 -9.6660159874e-05 5.384103869e-05 
-2.1409024786e-12 2.5192550812e-12 -2.6537826454e-12 -1.459107782e-15 5.4320669704e-16 -1.4920811666e-16 -3.0830001426e-16 -9.5507453131e-18 2.5352143167e-18 
-2.2029294168e-05 -3.5904426035e-05 2.7078631858e-05 1.4008462433e-05 1.3615677994e-05 -7.2439489089e-05 -1.4706793377e-06 -3.6965516142e-07 3.1191627623e-06 
-1.8655874929e-06 6.3605051125e-08 -1.236202131e-05 1.4828980974e-07 -1.0417080295e-06 3.2164737456e-06 -1.0500282066e-08 5.5469823154e-09 -1.0663323899e-08 
-1.6222055397e-05 -4.7776295058e-06 6.1522394027e-05 -0.00024714155971 5.1626364788e-06 0.00016982256417 -1.8347175422e-14 -3.7486722851e-14 -3.1377417147e-15 
-4.0463314746e-05 -3.6617224115e-05 -0.00031190156609 -1.6087534011e-05 0.00015084135063 -0.00049899323157 -0.00022189703477 -0.00055707061011 0.00041376900833 
0.024365537924 0.019957738845 -0.065602067991 -0.019607892674 -0.0062640223571 -0.086554126052 -0.019023837871 0.020562899124 -0.11011107108 
-0.0066534783519 0.037398473486 -0.076479711951 -0.029861888316 -0.014344080442 -0.095011541936 -0.0068118937261 -0.0045551699579 -0.080740932611 
-0.037818310729 0.050623087537 -0.024289885608 -0.02840400457 0.0096008888788 -0.082984849775 -8.4759683512e-19 1.7915415385e-17 1.3364081108e-17 
2.6077333465e-16 1.8684623888e-16 1.5171895878e-15 1.2364160867e-07 8.3291635942e-07 -8.5821760402e-05 -1.0933504367e-07 -1.9760952455e-07 -0.00032741238756 
-0.0098488557923 0.055498446414 -0.073922559302 0.013293974453 0.01274155226 -0.095602122758 0.023597097434 -0.00047293703688 -0.14721143531 
0.00056413010414 -0.0020551013921 -0.11599810773 0.014718987771 -0.030435852544 -0.064707170138 -0.013913996202 0.011843554713 -0.099326001561 
3.7723202357e-17 -6.9224625378e-17 -6.3731755491e-17 -0.00018431997446 -6.54508106e-05 0.00019549646073 2.1955294112e-09 1.826981975e-09 7.1567963677e-09 
0.04400036276 -0.0089205123623 -0.058031723794 -0.020302129083 0.02877029791 -0.098764140327 0.0004841772811 -0.0029380760871 -0.070699486894 
-0.017254755953 0.031497153455 -0.13317059329 -0.0078225903164 -0.0078190523074 -0.1041685899 0.0060882500581 0.054447488221 -0.12504053044 
2.0812533002e-13 -3.5884255541e-13 -4.9229841399e-13 -3.0756425655e-14 1.8547588954e-13 -4.0187753838e-13 -8.1355517432e-06 -3.2489249792e-06 -8.8733935773e-05 
4.4785813229e-06 5.5435424947e-06 -3.0870375399e-05 -2.2200427445e-05 -1.7919284736e-06 1.2961950808e-05 8.7572527345e-06 1.373635651e-06 1.8637061902e-06 
-1.3781317154e-13 -3.4139474349e-14 1.3290488972e-12 -1.3655310785e-13 9.3262766981e-14 3.8718533188e-13 -3.4515476384e-09 3.266723464e-09 -1.1826922498e-08 
1.4199244726e-08 -9.2739836895e-09 -6.9072850863e-08 3.7201366612e-08 -3.6607970699e-08 1.6685596696e-09 -2.6534408374e-08 -3.0759997842e-09 -1.3523102786e-07 
1.7969059074e-17 -3.8944307044e-17 2.5489043481e-17 -6.2329358144e-05 7.5213163562e-05 0.0001007637564 -2.2127881048e-05 -1.2592990184e-05 -4.5054141386e-06 
-5.0600296631e-05 -0.00019373291775 -0.00027604933686 -8.6292182035e-09 2.4319262476e-08 5.946076013e-06 0.0016928067916 0.00041245493281 0.00030328382175 
0.038161377674 -0.0050753964655 -0.042398546753 0.0012181226317 -0.0094810076324 -0.10057003019 -0.0085782219347 -0.0048978485707 -0.08589229111 
-0.030471877202 0.019699382261 -0.053106509315 -0.048527296195 0.037375447723 -0.11149959493 -0.018877211246 0.014399113045 -0.097073272133 
-0.026386287956 -0.022358658695 -0.076525665347 -0.048686642159 0.018428509237 -0.071577103592 2.9542956375e-05 2.6861444206e-05 -1.7734855151e-05 
1.6586384594e-05 1.6750831283e-05 -5.9884288625e-05 -1.4218535377e-16 1.8266310789e-17 -2.3492646262e-17 7.76207258e-18 1.8723170691e-17 -2.2386391291e-17 
-0.048573720603 0.027068717779 -0.096334141475 0.047987346447 0.023639540164 -0.043496401016 -0.0054781090837 0.033289887005 -0.1060469629 
-0.0038104704016 -0.0099584945603 -0.098354080312 -0.03642656832 0.019205586766 -0.086250155468 -0.0060009450173 0.015236438787 -0.073108588169 
0.0096306092422 0.018374695477 -0.098915695315 0.036339592887 -0.00098083500233 -0.11301519743 0.042964664047 -0.0073291271934 -0.04944061959 
-0.0022706849503 0.00045956322854 0.0028602694959 -0.00084731404196 0.0001017912818 0.00062209630958 -3.3261622745e-09 -2.173150114e-09 8.3430403178e-09 
5.5371566538e-18 1.6179769725e-17 5.3495155113e-18 0.022704333398 -0.0068981025345 -0.055516342432 -0.01741897192 -0.012405529275 -0.11948839054 
0.032499037872 0.01713200031 -0.053196907981 -0.032674923218 -0.012059256286 -0.075511711756 -0.017233005399 0.014853269769 -0.071653412925 
0.01316420906 -0.0026967473493 -0.1221449665 0.010231681141 -0.0021155104427 -0.099422359309 0.026905665771 0.010669415871 -0.11759342317 
0.012970317518 -5.2148119171e-05 -0.14125991843 -3.7408018674e-17 4.9650721697e-17 1.0315825924e-16 -5.0084462803e-16 -2.9950565769e-16 1.1012927908e-16 
-0.00079086771936 -0.0042555209021 0.00043095688837 -7.0069925765e-08 -5.0067116734e-08 7.0520556782e-08 0.0083426052566 -0.023375564974 -0.082250691929 
0.0080025798514 -0.031421967197 -0.087651042599 2.955652877e-17 1.3035399737e-16 -7.0896063006e-18 -0.00011535561663 8.4825934567e-05 0.00030522019004 
1.1334466449 0.7610386104 -0.43867790446 -5.1097783653e-08 4.6139609787e-08 3.346483665e-07 5.0517027194e-09 -1.9653223529e-09 -1.3663874705e-08 
-6.2617831098e-05 -1.8963213464e-05 -1.8544527295e-05 0.032702382286 -0.015031971798 -0.061100276451 -9.7529934545e-06 -2.7500520264e-06 -3.8642245455e-05 
3.659806899e-06 -3.2725256383e-06 7.5399478733e-05 2.2418347869e-05 2.3105746445e-05 0.0002096559706 3.7161062262e-08 -5.4282127044e-08 -2.8656932117e-05 
0.032780764971 -0.010755951038 -0.068068340771 0.066631152848 -0.0058185984266 -0.034157175801 0.017394724969 -0.029836362638 -0.067773671824 
0.01751094581 0.01480197329 -0.10287887116 -0.0038775002275 -0.011875237935 -0.10453369687 0.019727388325 0.0061374378402 -0.090295234782 
-0.018523811653 -0.019478600268 -0.03454054847 0.027492091818 0.0094439362457 -0.08281499292 -0.019594931809 -0.0038299173298 -0.088664593604 
-2.2617711337e-05 -3.7969082101e-05 -2.7231904588e-05 -3.3271139004e-06 1.3302973151e-05 -5.7981929485e-05 6.2551257544e-06 1.2391016463e-05 3.4208022495e-05 
0.015237189543 -0.011044716477 -0.096915452898 0.0017336057494 -0.00011043182235 -0.059179304644 -0.0046537093084 0.042935049112 -0.058374539807 
-0.026165805932 -0.022347481517 -0.1085831118 0.017754602423 -0.013767384569 -0.10308376604 0.0095632985309 0.012918678408 -0.11099321026 
-0.00052282416846 0.0066571305607 -0.10072277934 -0.050761035009 -0.016879267127 -0.051371735433 0.024149623877 0.023741821504 -0.096641621556 
-0.0095325550433 7.7152457132e-05 -0.089906635743 1.2301423264e-10 1.1408257744e-09 -2.2732103393e-06 -5.0914863328e-10 -2.3268076089e-09 -2.7748056706e-08 
-1.7344896987e-06 -9.4277388191e-07 0.00017231302684 1.1198164664e-09 3.8222664259e-09 1.0343451428e-08 0.025936252409 -0.007775781221 -0.063807493667 
0.016065295164 0.026641536557 -0.055763406436 -0.037373645126 0.033029029335 -0.080613245606 0.0045321780295 0.0031758410486 -0.13741566346 
0.0097253779333 0.011606572762 -0.07428454176 0.010751568592 -0.022557440845 -0.074593986278 0.0077502045459 0.0051144501359 -0.088475091637 
1.8786980806e-16 2.942246421e-16 1.7645128604e-15 -2.3612239329e-16 4.5515520154e-17 -2.6753994286e-17 2.3451151902e-09 4.7671921293e-09 -2.5928801715e-08 
-9.7488139683e-09 -1.9870673859e-09 5.1190206837e-10 7.5964328584e-08 7.9519136163e-08 2.3239801098e-07 -4.5157804797e-08 3.6376581341e-08 -6.5893007871e-08 
1.9752385962e-08 -4.632635842e-09 -5.2111095155e-08 -1.2259719793e-08 -2.9178168788e-08 1.8627452241e-07 1.3769815425e-08 3.4928683797e-07 3.4795611163e-06 
1.3924942203e-06 -1.5232791638e-06 -2.0705515361e-06 9.1532269404e-10 -4.7143327725e-10 -1.1217840679e-09 7.5626479677e-05 1.0299785447e-05 -2.712159632e-05 
-3.5884517458e-14 4.2668300875e-14 -1.237642023e-13 -4.3895407619e-05 1.4240024804e-06 -4.8409100547e-05 -3.2388674488e-06 -2.2082219907e-06 1.015981162e-06 
-4.5381616328e-15 9.6883815864e-16 -1.5464327867e-13 2.1959526537e-07 -7.5476438768e-07 -2.1021265421e-06 -0.0012040327767 -0.0050420212254 -0.06135029862 
0.020641030685 0.038480846205 -0.026900988972 -0.023251545837 0.0026449624995 -0.087756222529 0.021892397795 -0.0033565159824 -0.087214736735 
-0.00073069475263 -0.0062980596848 -0.094346086241 -0.022847357133 -0.0093687820593 -0.075544888692 0.0017537650726 -0.0056673859517 -0.092580624538 
-6.7454112396e-06 -6.8226030892e-06 4.2117994617e-06 1.1622924629e-16 1.8428497256e-16 1.28392815e-17 1.9105627687e-10 9.617317335e-10 1.3790276866e-07 
0.04602188454 0.050884020673 -0.014737495444 -0.01822001009 0.0037562199116 -0.050364510368 0.017795598036 0.0043732253615 -0.13772982986 
-0.021348031315 0.027042436141 -0.11591413881 0.010890266417 -0.015090423194 -0.061903085612 0.0049723993496 -0.0023238600255 -0.072806706209 
0.036040212746 -0.0011842156647 -0.078208230112 0.00020278050006 -0.027873502044 -0.12397774025 0.049761453686 -0.010999285444 -0.064017715499 
-0.053747213576 -0.0042866567061 -0.024587494627 -1.6597351003e-05 0.00012353853161 4.9073203683e-05 7.2907033128e-05 -0.00015241712062 -0.00029885030519 
-4.836476215e-17 -2.3952602537e-16 -4.5248840547e-18 -0.0030931844091 -0.014089055612 -0.052227402824 -0.015731743268 0.013422702314 -0.098030338574 
0.040118928898 -0.0068313435445 -0.074018268488 -0.0070550863204 0.03439279915 -0.11161124187 -0.012335981778 0.021819321367 -0.069328037435 
0.0013616471574 -0.0019782898202 -0.081077346247 0.028411396111 -0.0059543497418 -0.081455054107 0.034748782453 -0.043656480146 -0.089312325748 
-4.6526289958e-15 -1.6208798756e-16 -1.5617020963e-15 1.7277284212e-15 4.2312692963e-17 9.0350580399e-17 5.4613150452e-08 -8.9144586059e-08 -2.6013741948e-07 
5.2930777801e-09 -1.0774794347e-09 7.0316271761e-09 -0.014006048121 -0.00033744392551 -0.097410754212 1.8478456577e-06 -1.200205522e-08 -7.8929030387e-06 
-2.8273493523e-07 -5.5845307454e-09 -5.8927856261e-06 -2.3973169328e-09 1.0404287541e-09 1.2615723701e-08 2.2031561593e-06 -1.1634866652e-06 -1.4355960459e-06 
1.1047558603e-10 -9.2357768454e-11 -5.1190477103e-11 -1.0357976275e-08 -8.0994069347e-10 -1.8075958657e-08 4.1268241115e-14 -6.2733483187e-14 -1.8920401495e-14 
-7.203007765e-09 -8.7039674669e-09 -1.4083092078e-07 2.1690577243e-08 1.988364384e-08 -1.2083083522e-08 -4.4876718886e-13 8.3891786176e-13 1.6063664683e-12 
1.5037992288e-14 -2.8765735412e-15 1.5392305367e-13 -3.7975360633e-07 1.00419352e-06 -8.032359843e-07 -0.0015831830259 0.015712139343 -0.056894532448 
0.012077023698 -0.044327035864 -0.07695466568 0.016763206444 0.0235898253 -0.088650839987 -0.031314012755 -0.012757080707 -0.069365371975 
0.0027494025247 -0.030278888767 -0.070627989697 0.012396814278 0.027873393501 -0.083390218318 -0.0071318141456 -0.018009333451 -0.087253169315 
0.016369611494 -0.00084549130261 -0.10212593859 -0.027037423386 0.035175851664 -0.05622792589 -2.2229673201e-17 2.5714093985e-16 2.7271044941e-17 
1.1192636008e-16 -6.2197713002e-17 -4.5159716544e-17 2.5306086657e-06 -8.7339998537e-06 -6.1310317752e-05 -0.015223807132 0.013786750454 -0.067268671557 
0.0053120922612 0.036458921563 -0.096990174579 0.010343088244 0.0063356180353 -0.066098617458 -0.0047622353857 8.3414568983e-05 -0.088056276425 
0.00069809894021 0.021436719271 -0.057738925165 0.0067433661837 0.018939886093 -0.065497695714 -0.022628945231 0.012202604315 -0.085832317028 
-0.01539266912 -0.0035135468994 -0.065831240296 0.0081323038042 -0.0063265941816 -0.036964203437 -0.0071903482371 0.044447109973 -0.078220363321 
-4.8399852212e-17 -5.2363516527e-18 2.6530962546e-16 -7.8934097674e-07 -6.2633271077e-07 -1.4035294812e-06 -1.1051548885e-10 -6.6682752533e-11 -9.9078690995e-10 
-2.420060526e-06 -4.1146746499e-06 -1.9615593365e-06 -0.012651405043 -0.0046217154219 -0.064292126602 0.021738484743 0.007811118667 -0.07154021252 
0.037141684701 -0.0047828193965 -0.050348718209 0.011178888133 0.00095697916809 -0.071990867897 0.0069142622584 -0.0021933837141 -0.035751786296 
0.020518487103 0.030285947354 -0.068231187985 6.8977619244e-16 7.209108985e-16 5.5738550078e-17 -4.3593026583e-11 1.6737213104e-10 -2.1260237793e-10 
2.6405833658e-07 1.218066483e-07 -3.4862423592e-06 -1.209529405e-06 -3.935986462e-07 3.0528775348e-06 4.0001616053e-06 2.8191906622e-07 6.8349081002e-06 
-1.2265806505e-06 -4.9374466568e-07 5.3928984289e-06 -3.3426551398e-06 -7.7357243916e-08 -1.5845823085e-07 3.8842113048e-09 -1.7690796321e-09 -3.1270359128e-09 
-1.4811016741e-06 7.2197782325e-07 4.9143384598e-06 1.419690715e-08 -9.2268345979e-10 -9.1057151184e-08 -4.250016665e-06 2.9359086419e-06 0.001065759801 
3.6818158765e-07 -1.0144403649e-07 -5.1626234227e-07 1.3716561936e-08 1.3280884181e-08 -1.5805128143e-08 -1.6882386215e-17 -3.359867983e-16 -2.5098901158e-17 
-7.8111864287e-07 -8.3026034511e-06 -0.00050381344285 1.8229117945e-15 1.665188713e-15 -6.3079859941e-16 -5.6171041188e-07 -1.3620608774e-07 1.6157058254e-06 
-4.77446079e-06 1.8424189002e-05 3.5738880277e-06 -0.031592400284 -0.0095640203622 -0.099242570981 0.003200204859 0.015692094893 -0.061245206608 
-0.01429310622 -0.025619634941 -0.094468522302 0.024281584754 0.0037417306021 -0.088345757202 0.011405314794 0.040283391832 -0.076806678486 
-3.9281223591e-14 -2.5660343505e-13 -1.2417565984e-09 1.1684216663e-10 4.7684593089e-11 6.7062502941e-10 0.027132553519 -0.023863224623 -0.10336197171 
0.012100482577 0.007756031221 -0.08882361342 -0.011731904088 0.01726361202 -0.12321332503 -0.020823657537 -0.010698939655 -0.095159969571 
-0.013366294124 -0.015557881687 -0.102414231 -0.0027627842268 0.0050729100688 -0.086938707023 -0.00014984341487 -0.047620509818 -0.067466679823 
-0.010915566737 0.0079027566782 -0.059743936685 -6.4263970028e-16 7.1614232474e-17 -5.464964658e-17 -5.0042511987e-09 1.0336944398e-08 1.0509253648e-07 
3.9953440636e-08 5.8883037431e-08 8.4503306604e-08 0.0042618858234 0.027393301545 -0.021128341934 -0.042812182772 0.016700731187 -0.10624178216 
0.031711873187 0.011459184514 -0.092491293827 0.027956095978 0.0066976306478 -0.079164463544 0.0096276351707 0.0029605349054 -0.089385328291 
0.012970174398 -0.0080339267565 -0.070482241317 -8.8244226322e-09 1.7322281023e-08 1.4281059597e-08 -1.4335301894e-06 1.6258541691e-07 -3.7581632074e-06 
2.151281989e-06 1.7496955111e-06 3.365831988e-06 0.024214266998 0.029405220852 -0.024476977811 -7.6694122861e-16 -9.0832587982e-18 8.3877193134e-16 
-9.725460602e-08 2.1030938873e-08 2.4662094323e-07 -7.4603633091e-07 4.8645262e-07 1.3988038152e-06 -2.3658163103e-13 5.7599661706e-14 4.9270391156e-13 
8.0206155712e-09 -1.0802209782e-08 -3.9356590293e-08 -1.2170964909e-15 -1.8538860586e-15 -6.1586486545e-18 4.242310788e-14 -1.6455732398e-14 -2.6777817713e-14 
-8.463361557e-06 -1.1860663822e-06 -1.0367513149e-05 2.0042833877e-05 6.4678743143e-06 -3.0652035942e-05 1.7070641092e-05 -3.3486404364e-06 0.00012185995808 
-1.0572974706e-15 6.0583480204e-16 -4.1739719494e-15 -0.0064166148546 -0.0089018299208 -0.054789351071 -0.038674761081 0.027520731841 -0.079634717263 
-0.040620234781 0.010724053768 -0.095689445973 -0.017148022769 0.012398501194 -0.033334114396 -0.021615734503 0.014753444734 -0.070931013303 
9.2325087479e-10 -3.3101871347e-09 -7.9065336823e-08 -3.3568171579e-10 1.3631859422e-08 3.3124221917e-08 -2.4419224023e-16 -3.1904244405e-17 4.7249044041e-16 
6.3323713294e-07 -2.1607102224e-06 -3.0656786643e-06 -1.0683694806e-07 8.1437915635e-07 -2.1381001166e-06 2.1782060617e-08 1.1364399996e-06 5.631206802e-08 
0.0090904774533 -0.037927251302 -0.086895119678 -0.025889627926 -0.0017689803332 -0.1286472627 -0.025882828461 -0.037188724469 -0.098183629192 
-0.00021997150354 -0.0070707880826 -0.13105514426 -0.026961703503 -0.015711745818 -0.11284376869 -0.010797490995 -0.038372558539 -0.081259452993 
0.0012698619539 -0.024393528492 -0.095736978637 0.025521488828 0.0062673409169 -0.069335542502 -0.038164206065 -0.0033025335663 -0.12478527541 
0.017209127936 -0.025854806255 -0.088906567587 6.9470397696e-09 -9.510448084e-09 5.2634148917e-08 6.5075635695e-07 5.7549868016e-07 -0.00016992941254 
-0.0086251526007 0.04513228083 -0.070384035894 0.027794848856 -0.024513257466 -0.046001199839 -0.024224178592 0.013144550262 -0.11517014212 
0.0028934113912 0.0054873739031 -0.10287646083 0.012803182693 0.0045953775133 -0.102933076 0.0066407824063 0.018191940463 -0.078329419667 
0.0068354095195 -7.5595431095e-05 -0.063713194242 0.010293850459 0.065643194539 -0.041850152658 0.029312766447 -0.00034177201501 -0.028833935652 
0.040570184583 -0.0092585297701 -0.12643276029 -7.9481460493e-09 2.3761521699e-08 2.7079282101e-08 4.8469859073e-08 2.3538944965e-08 2.6348698006e-06 
2.7147237271e-08 -4.7013026747e-08 -5.4866402975e-08 -3.1460573467e-09 -9.7691676112e-10 6.462552438e-08 1.2639758295e-06 2.3936665027e-06 -3.7824779618e-06 
-5.8549621795e-07 -4.9877473616e-06 3.5184854961e-05 3.0499022403e-06 -4.4847211475e-07 6.958492624e-06 1.3455040763e-07 -4.0016430542e-08 1.7519511708e-07 
1.2703919028e-07 -1.5407631041e-07 2.1346010831e-06 2.1539261918e-08 -1.8377110485e-08 -6.8007602061e-07 0.89865805197 2.0537739838 -0.00041088433397 
4.0696455633e-10 -3.1852261782e-10 -4.4965650017e-08 -8.257713885e-14 2.660859541e-14 1.2191024358e-13 4.2960243121e-06 7.4820394088e-07 1.0099736624e-05 
3.7834601751e-14 1.7172685109e-14 9.1658499704e-14 4.1283778213e-05 7.4195595222e-07 -3.939694151e-05 -2.3532609191e-05 -2.3715805266e-05 -6.8387600206e-06 
0.00058143972587 0.00082970999466 -0.00035416240146 -1.7866572249e-06 1.623269952e-06 0.00082882440347 -8.1244451208e-07 3.0037590864e-07 1.9706026743e-05 
1.1047748673e-06 -1.252421414e-07 7.6083078493e-06 -0.0019732002092 0.010766812928 -0.082306508997 -0.0073199771191 -0.028010581639 -0.087844185365 
-0.025473318195 -0.0355829322 -0.10016675225 0.021357855435 -0.015758188226 -0.048832312606 -0.044010923333 -0.0054268387203 -0.062155510562 
0.029824303043 -0.0072203111498 -0.083312010085 0.0032230924346 0.013456693691 -0.077897737248 -2.3174034977e-05 -6.8786763246e-06 -3.6051781618e-05 
3.3020345425e-05 -1.2539259921e-05 0.00010628890507 1.8828637305e-07 2.2124423691e-06 0.00015319690161 0.0054043397515 0.0036845646222 -0.052778324961 
-0.020782507918 0.011864737373 -0.088741003449 -0.014051979481 0.0088767512181 -0.10279744327 -0.034712540709 -0.04089989797 -0.10140641516 
-0.014508659317 -0.01269056276 -0.093195238116 -0.017508832155 -0.039983597813 -0.077287338191 -0.014032161664 -0.037314954728 -0.070058839932 
-9.0007120758e-08 -3.317802072e-07 -2.0354804349e-06 0.00071311847047 -4.4997593632e-05 -0.00013379157414 -0.0006418811862 -0.0021291007091 -0.077668188565 
-4.0230966779e-16 -1.47702817e-16 1.2798701594e-17 -2.8954376839e-16 3.9629977729e-16 4.4311659718e-17 -3.973186715e-08 -6.2181316542e-08 1.0228253336e-06 
0.030110605514 -0.044773415788 -0.037688334766 -0.03543663558 0.014628555873 -0.078824064195 -0.01180880239 -0.021325732993 -0.066449858453 
-0.018049485243 -0.001265117023 -0.030643047983 -0.016453018958 0.011813523854 -0.068878967759 1.3309334408e-06 -2.1523855563e-06 -2.6016620981e-06 
4.19789627e-09 -2.2157760433e-08 3.003191962e-07 1.1129454655e-08 2.998557045e-08 2.1980668959e-07 -7.8412797665e-05 1.8956891048e-05 0.0020757754645 
-0.014143701575 -0.014031125697 -0.05200158106 7.5403626917e-07 -3.0433359645e-07 -1.237986139e-06 -7.2215295032e-05 4.7083381724e-05 -8.2888638684e-05 
2.2964921119e-09 -5.6511770307e-10 -1.4691019155e-06 1.344370446e-07 -1.2558353172e-08 1.427374899e-07 -6.560329626e-14 3.450371135e-15 2.1454250247e-13 
1.5433210879e-05 -3.8686179498e-05 0.00048515153427 3.1899118765e-05 0.00014452347177 -7.8188119061e-05 9.9723269727e-06 -2.0206886816e-05 1.2687208415e-06 
-1.8878220091e-05 6.5935707992e-06 -4.2099977367e-05 -0.0018943499044 0.024250200535 -0.07986622188 -0.0040004711071 0.01052263598 -0.047862818225 
-0.041564324734 0.0020248064597 -0.10826664895 0.0045756307714 -0.0054867382662 -0.042728933305 -0.048626249528 0.059759441196 -0.034967710483 
0.013664109501 0.028540430773 -0.077628217673 -0.0068308244505 -0.0042589650009 -0.08937359082 0.0059853070294 0.001010020542 -0.10954998268 
0.0057090428437 -0.0057174954741 -0.078959734354 -4.2956144082e-16 4.9386864442e-16 2.7758781427e-16 0.00032639726983 0.00056960761452 -8.2968722548e-07 
3.009604797e-08 9.6356367577e-07 0.00055682463982 2.8087944122e-08 -8.8852584433e-07 -1.0087147377e-06 -0.035811943541 0.016606195591 -0.047695860233 
-0.022147802018 0.015948066625 -0.044457215872 -0.026166462534 0.025576595351 -0.043830582874 -0.0012676017016 -0.0023645547618 -0.070914754483 
0.035424978281 0.017172605024 -0.063548675947 -0.041522316047 0.013375828324 -0.097078441611 -0.01069968144 -0.024852977778 -0.077662104293 
-0.0033911623726 0.016776326715 -0.099821681259 -0.031256197775 -0.014466425962 -0.10571553853 -0.015119241702 -0.010432005955 -0.10056818399 
-0.049167290077 -0.014461693585 -0.026640729337 -1.87106167e-07 2.15684925e-06 -1.1202413447e-06 -0.00011614748325 -0.0002179704551 -1.4514341869e-05 
-6.6708049627e-08 5.8911302369e-09 -1.3721045467e-07 1.3324677169e-07 9.2500053316e-08 -7.9046278427e-07 -1.1809330885e-08 -1.8988468222e-08 -3.9642464046e-07 
0.016157278208 0.034368575418 -0.020595337463 -0.00015917029601 -0.024203665017 -0.058061106961 0.0080420535762 0.018832084642 -0.10685202582 
-0.008889105748 0.0023618923948 -0.073224745751 0.00049787191502 -0.002858640979 -0.090514278998 0.0055558537317 0.0089103343673 -0.059513755031 
0.032945859187 -0.00048129846023 -0.052111286213 -0.001642993471 -0.0093336953969 -0.066876455413 -0.021129200742 -0.014464057094 -0.088424941488 
4.5453463317e-07 -1.170543185e-06 -1.5232380404e-06 2.8063189547e-06 -2.514324826e-06 -1.3308462379e-05 2.3166716481e-06 -2.466905074e-06 6.8688097075e-06 
-5.3499815763e-13 -2.3342781811e-12 1.5455495256e-09 8.0486748977e-07 1.0132417199e-07 3.6958830313e-08 -5.5737043744e-06 6.6880087256e-07 1.2769309792e-05 
-0.018296743098 -0.018240579808 -0.038438488789 -2.4662186915e-07 -1.2339607278e-07 -4.9533428134e-06 7.1646985811e-07 -6.3104219766e-07 5.3268856551e-07 
-5.5922053267e-07 -1.9030627888e-07 -2.2481400243e-05 -3.7707031706e-08 5.5412604492e-09 -4.0015192174e-08 -9.8227328428e-06 1.0481583196e-05 -0.00021390619121 
-1.9129334592e-05 -8.3741139573e-06 2.9587927554e-05 0.012115310885 -0.032981037649 -0.048456117131 -3.8703737351e-05 -2.066058869e-05 6.4574441558e-05 
-1.8555864286e-06 3.4981194895e-06 0.00013085230814 1.6836701825e-05 -3.0635863908e-05 3.7907611879e-05 5.0194878919e-06 6.8160447122e-06 -1.3708742408e-05 
0.0010883180618 0.017752768644 -0.046405395762 -0.031948998574 0.014030946258 -0.062630341958 0.010159481898 -0.0015663040006 -0.065521254966 
0.022152942518 -0.012523096938 -0.093408996101 0.029046134997 0.026167995624 -0.069934696042 0.0073046680637 -0.02235545418 -0.081672870492 
-0.038387757857 -0.0061685559247 -0.067855864607 8.5742695745e-06 -5.569423467e-05 6.4423418208e-05 -3.3339763879e-16 3.1492959264e-16 6.5418501014e-17 
-7.2577793349e-05 -0.00027851726076 -5.3814863438e-05 -1.5910412887e-07 3.6293668899e-07 -1.4547011229e-06 0.0017702240413 -0.015935308478 -0.05261194979 
-0.0033338277525 -0.0058383714366 -0.05443799764 -0.0268003041 -3.7009068723e-05 -0.10605732612 0.002784538247 0.0052579868131 -0.087740334461 
-0.0047769011803 -0.010463612181 -0.069329661932 -0.015238315072 -0.001365860796 -0.096909644145 0.026958763026 -0.021117511779 -0.096282904346 
-0.043982363299 -0.035084444165 -0.085939928339 -0.0072919784495 0.019212795917 -0.051229335945 -0.0082080493496 -0.012238756445 -0.082953315958 
1.5850526494e-16 2.8790002765e-16 -7.0913281573e-18 1.0176131443e-07 6.0471177727e-07 -8.9871714671e-07 1.4780170089e-07 5.9194703948e-07 -2.4595876385e-06 
-6.6099789051e-12 -7.3838774718e-12 -3.604426933e-09 -0.028492366685 0.025079255129 -0.096499126352 -0.024317445076 0.015817541173 -0.082707292047 
-0.014153666548 0.013086646451 -0.087808017004 -0.012115190929 -0.010851627776 -0.068271802821 0.017476653548 -0.021599339347 -0.074094380021 
0.0060774736609 0.0083348332588 -0.078827237237 -0.00023302652102 0.0019191482675 -0.081396437553 -0.0097129715629 -0.0072979736071 -0.098961709865 
0.0018430113943 0.011154146609 -0.067454563911 0.033344195627 -0.017683999776 -0.05254959303 -8.8653290537e-07 -2.2159974441e-07 -3.6545170955e-05 
-1.3832925659e-05 2.2958024682e-05 1.6661064212e-05 -1.1416715815e-07 -7.1003367788e-08 3.7864112952e-07 1.6838751266e-08 1.0521853675e-08 2.0953751127e-07 
-1.0157710081e-09 -1.9567113141e-10 -1.8377120119e-07 9.6005912293e-08 6.0432536241e-08 -2.1179212582e-08 4.0211968615e-07 -5.3798879808e-08 2.4822005985e-07 
-2.1797711201e-06 5.6037977725e-07 3.9013462392e-06 -4.7036805322e-05 8.453413835e-05 7.9941249766e-05 9.046119352e-06 -4.6661023266e-06 -1.4446720447e-05 
2.1795947785e-05 -2.7172673519e-05 -1.5259173538e-05 3.1165569913e-07 -1.2057634866e-07 2.4904406333e-06 -7.7831026994e-07 -1.404364242e-07 -2.8787496564e-07 
-1.5333335139e-16 -1.9835876833e-17 -1.0218165127e-16 5.7437807125e-07 -3.1554754281e-08 1.500613307e-09 -0.022269624959 -0.0016950633734 -0.056362056188 
2.1343146041e-05 2.1838010079e-05 4.1712796423e-06 1.222983787e-06 1.9023304822e-06 8.8962976966e-07 2.2717167938e-05 0.00011218849385 7.8560228191e-05 
1.9957037521e-14 6.5475344589e-14 -5.9938227363e-14 -9.8028866773e-15 -1.2009440506e-14 -1.0971815491e-14 -0.0032308690383 0.0065446618802 -0.060502075697 
0.0091047408061 -0.00039602597266 -0.039438620599 0.01614439448 0.027097158667 -0.078659352126 -0.01313289732 0.016790844426 -0.08437791904 
0.030002460777 -0.00081319623638 -0.054818925315 -0.0039716202795 0.0023809195 -0.076430005358 -0.037962132417 -0.0062943459818 -0.093854804324 
-0.025359516517 -0.0044572812114 -0.00058671765021 0.019621175705 0.0061826292647 -0.037920518733 0.00017755731204 0.00016715888704 -3.6968837863e-05 
-3.2658239445e-09 -5.2455585666e-07 5.3833230735e-07 -0.029870116241 0.0048537470417 -0.062013398252 -0.019493319629 -0.015577763495 -0.08655174798 
-0.0030245091939 0.038953348536 -0.08283964605 -0.017859662063 0.044650836892 -0.068133811225 -0.0014099748295 0.0091489696644 -0.066894744107 
0.012112736737 0.0049249413827 -0.05222257166 0.0042914389218 0.015325135171 -0.034688194878 -0.010500473467 0.04388730961 -0.13168432971 
-0.0049572185487 0.033276731193 -0.10510409864 1.7997365686e-16 1.1032438853e-16 2.0384597372e-17 1.9988809106e-14 1.3426100999e-15 1.3062207838e-13 
-2.3987335826e-07 -2.7121934157e-07 -5.6885116299e-06 0.017043280483 -0.009893098137 -0.07391056235 0.012626042648 0.010725981166 -0.076039017631 
-0.021037791172 0.04775666767 -0.12472752395 0.0010655803333 0.022458715391 -0.076509110791 0.0039771244095 -0.035676804333 -0.065997872919 
0.0092449708491 0.0034168552774 -0.049708285966 0.011900531683 0.0020221573142 -0.072806362761 -0.034049492497 -0.050531061009 5.9098876414e-05 
-0.013621220153 0.016142852622 -0.040923295608 -1.3031015665e-06 2.9103312674e-06 8.7620040577e-07 -1.1106323513e-06 3.3226335334e-06 -8.6696950759e-07 
-5.9885097436e-15 -3.3270340351e-14 -9.4730300724e-14 -3.8256710016e-17 -3.6166969575e-16 7.2429857833e-18 -2.2847858033e-11 -2.4503577662e-12 1.7338284459e-11 
3.6138608184e-06 -1.6332797741e-06 3.4757687597e-06 -0.0071536087393 -0.012462400665 -0.060804601525 -4.8276250545e-06 9.8124249225e-07 1.8015510821e-05 
1.2478870935e-05 8.8968757722e-06 -2.0221596975e-06 4.7554856158e-15 2.9375356277e-14 -4.7075297939e-13 7.1213054506e-14 -5.3412837852e-14 1.0645394094e-13 
-8.5601463586e-07 3.896945359e-07 8.4856501508e-07 -1.0919499254e-07 5.0349543237e-08 5.0836640954e-07 -1.8713521609e-16 -5.5749109135e-16 -2.4237613979e-18 
0.0068054485459 0.016774009914 -0.042734314943 -1.1101557752e-05 -3.6616478029e-06 6.9319923088e-05 1.0066767319e-14 3.1784141355e-14 1.7716509668e-13 
-0.014123564082 0.0126526672 -0.052469065958 -0.0035001391304 -0.013489993605 -0.084932324334 -0.042941084082 -0.0033156239477 -0.061327125239 
-0.031286446105 -0.035330150039 -0.073387135227 -0.026326688845 0.029329409538 -0.054738043823 -0.024471045285 0.0096792512992 -0.078714181342 
-0.01630316486 -0.023609861587 -0.086165621965 0.0154697067 0.0022188329766 -0.06051832803 0.0058480504644 0.014866619768 -0.054117451468 
0.024578449387 0.036038429387 -0.068164894289 -8.0524736713e-05 -0.00018048111557 -0.00017300221888 -9.9930295322e-12 -1.5204475299e-11 -9.087797659e-12 
9.1505882219e-09 -4.9742737532e-08 -1.6305475528e-05 8.6162644865e-07 7.9543478774e-06 2.5548939859e-06 0.01423867477 0.012053369148 -0.058938122691 
0.01169235114 0.025714441655 -0.10538643688 0.0073092789053 -0.002488328788 -0.10579949747 -0.033858708799 0.018414763773 -0.10651934087 
0.00013007995489 0.026085005156 -0.099609130443 0.013104993367 0.0038632988012 -0.067542216098 0.012366150272 -0.0039059219971 -0.082366050559 
0.0084092104077 0.020139058596 -0.064333232143 2.1684029742e-07 1.2547367832e-06 -6.2776640079e-06 3.036293134e-06 1.8085474486e-05 3.0608428375e-05 
1.7139822996e-16 5.4154621577e-17 3.321741498e-20 1.3264369747e-14 1.551389224e-13 8.4616108144e-13 -7.6674423341e-07 -4.8835006927e-06 -1.1170881419e-05 
4.0347094896e-07 2.722082203e-07 -6.665446622e-06 0.00113118602 0.019048008745 -0.071791894482 -0.00067909809514 0.040987976245 -0.11170311902 
0.015438492039 0.0086746680699 -0.074187135118 0.012201863557 0.0043175669611 -0.073386238235 -0.0010767531757 -0.0074267665723 -0.081868845873 
-0.0077854333732 0.038083062163 -0.043799700915 -0.00087310150849 -0.012966640953 -0.061210118871 -8.484124073e-07 1.2727017024e-06 -1.7073097788e-06 
-8.1354560846e-07 -4.8506795236e-07 -1.2647255668e-06 -4.2809462015e-07 1.9333829792e-06 1.6977955467e-05 8.4718866354e-06 -5.4269549034e-07 2.0200251383e-05 
0.048534582135 0.013701987235 -0.10390027047 9.2721618502e-17 -4.4772802122e-17 4.4139287277e-18 4.6971066206e-17 7.6194705229e-17 9.9550287213e-19 
1.1398775334e-07 -8.5939729803e-08 -2.1827377303e-05 8.2501968722e-05 0.00029313024502 1.7991610554e-05 -2.5256760728e-05 4.2404114025e-06 -3.4546799682e-05 
-2.1045263715e-05 3.4894379773e-05 5.0735503246e-05 1.475652488e-05 1.7871663065e-05 7.3545582467e-06 -0.03118192837 -0.002762088877 -0.076723899849 
1.9456548834e-11 1.8171568457e-11 -1.9891177986e-11 -1.1367855917e-10 -1.1964197119e-10 -7.1660088788e-11 5.7880879778e-07 -4.0448777312e-07 -1.6604557181e-06 
1.9066333986e-07 -4.8650016483e-07 1.3917008325e-06 5.5519562554e-07 -1.9644506014e-07 7.1853171393e-06 -0.00040414523283 0.010998804151 -0.051211003444 
0.02156714372 0.018457527437 -0.045877776583 -0.0062247035862 -0.029827612223 -0.080606960761 -0.019559023239 0.010257469403 -0.068652444268 
-0.017513030493 0.03538867209 -0.061762311094 0.012327702202 0.014180256324 -0.082292696048 -1.2318519519e-11 -1.4692075988e-11 4.8947406673e-11 
-5.3952137631e-07 8.9606725674e-07 -4.7280570888e-07 -0.0026007911597 0.0025137644722 -0.11329989874 -0.015621782516 0.0021046257617 -0.070109297063 
0.020952639965 -0.021645980358 -0.095289325308 -0.01310204012 0.01844591883 -0.057814977711 0.0076716216688 0.032046522159 -0.087382911234 
-0.014525105876 0.0056876400192 -0.07749815671 0.015806432498 0.0094294846554 -0.07589227931 -0.0043046509743 -0.044771231749 -0.055722838281 
0.018512085487 -0.016125260433 -0.0882421575 0.01101392827 -0.0051147164573 -0.10795198459 2.3301917232e-05 -5.1090432749e-05 0.00016514673174 
-2.4915057086e-05 -3.0883708832e-05 0.00076371444558 0.024127259492 0.020581832228 -0.10020579425 5.3681041155e-10 9.5258539155e-10 2.2800396321e-07 
-5.5149993596e-07 2.8291595231e-06 1.0245479439e-05 0.025403768377 -0.018009179271 -0.046694487902 0.018484716962 0.023171049091 -0.076980528521 
0.018116938112 0.013797184593 -0.09859267623 -0.020526899604 0.024126058886 -0.1008876784 0.024733616834 -0.0084861486394 -0.062013537251 
-0.029539040495 -0.017239504276 -0.065228240526 -0.01798429875 0.029208353577 -0.083010102397 0.0029867196769 0.0025110486139 -0.00050226438872 
1.6025260793e-07 -2.2090089814e-07 -6.2741993072e-07 9.7905847642e-05 9.5549901766e-05 0.0001922545932 -1.0198550312e-06 5.3316360063e-08 -4.5109538606e-06 
1.4195128609e-16 -1.3221185644e-17 -1.0833375717e-18 1.3842064596e-16 2.7103314882e-16 -2.8925473923e-19 1.90567459e-05 -2.0137394428e-05 -4.3871012849e-05 
-1.0726931292e-17 5.9837605134e-17 -2.1118799506e-17 -4.5627360079e-08 1.6415111968e-07 2.1457729144e-06 2.3067219064e-07 -8.1354043328e-08 -1.9096484748e-05 
4.2571563982e-06 -4.7241990558e-06 -8.1418622014e-06 -1.2206054012e-05 -7.63183237e-07 2.8175991415e-05 0.030212335505 -0.0015721369603 -0.10661533731 
3.6439328921e-11 3.9452800446e-11 9.6910764044e-10 4.5825133657e-10 4.5546514378e-10 1.1986384167e-10 -3.0683263712e-07 -3.545146745e-07 1.2504798476e-06 
3.1754714553e-16 -6.1737800377e-17 6.6105225113e-18 -5.6128408618e-10 8.3238230301e-10 -2.5520463866e-06 -0.005102835188 -0.0054870681759 -0.057482378869 
0.0097516256734 0.026751861915 -0.12922273768 7.8244886268e-16 -3.2560722194e-16 1.1014243092e-17 -1.3355847402e-13 -1.6474760948e-13 -1.8121317488e-13 
-3.7926256381e-06 -2.1118338011e-05 -1.5650778913e-06 2.2938373253e-07 9.6110691276e-07 -3.8038495798e-06 -0.036021353632 0.059978614695 -0.1086707288 
0.012089277235 0.025290415274 -0.079703818762 -0.0067626094546 -0.0015881595758 -0.095577120413 -0.020506562858 0.016163061588 -0.088300661282 
0.014505909057 -0.0020587951108 -0.017648000584 -0.037570178224 -0.009333575882 -0.091128880471 -0.028856564606 0.0077192353693 -0.11331075389 
0.0055945720577 -0.017133586593 -0.085733479554 -0.014996638657 -0.015825634411 -0.14284511924 0.02402525199 -0.023488012986 -0.1159987941 
0.0012805292593 -0.034221112128 -0.066272473863 0.00018429406072 -0.00036248929742 0.00066732362334 -0.056616144154 -0.041969400115 0.0060174510834 
-0.0028793143526 0.0033418469503 -0.00029200894741 -0.00010737396317 -8.5417278546e-05 -0.00026959685069 -0.00010892451388 0.00013024743916 1.8098605924e-05 
0.0054391239809 -0.033273764396 -0.018221132358 -0.024814171849 0.036772130644 -0.070997698292 0.0011926249798 -0.0079938065877 -0.095656756526 
0.000933551193 0.050427332492 -0.071230156083 0.048784574451 -0.042074914796 -0.039673998957 -1.8398912104e-16 -6.4197642558e-17 -4.6479262767e-17 
3.5467121279e-08 5.9108300638e-09 -1.0910298085e-07 3.346686623e-08 3.1931156976e-08 -2.1869419213e-07 3.8079833425e-15 -1.708109401e-14 6.4718651511e-15 
-3.3274275775e-15 -8.1805529061e-15 1.5279513702e-15 -1.913457313e-05 -5.7752490585e-06 -0.0016196735518 -3.6945170012e-06 3.6437421207e-06 1.5926380079e-05 
5.8039934772e-09 -3.9798304146e-09 -4.3077345227e-08 2.8965700253e-07 4.6134731525e-08 6.4039632665e-07 -4.026564378e-07 -4.5093993114e-08 1.2510001032e-06 
-1.4476807188e-16 -2.463902332e-17 -6.0430291469e-17 -4.2648010345e-05 4.7863170361e-06 7.7619176369e-05 8.0891499656e-17 -1.3230778778e-17 2.2974879368e-19 
1.9034240047e-06 -9.6809164283e-07 5.7517081515e-06 -4.9171276374e-07 3.5793220795e-06 -1.3155273279e-05 -9.644289329e-08 1.4290935704e-07 4.4763001061e-05 
-0.014913939307 -0.0065029345629 -0.078671104207 0.043917162092 0.022329567914 -0.0684468244 -0.0075361704498 0.026140627453 -0.043173993111 
-0.032316845254 -0.0024427015613 -0.06658566361 0.03870144806 0.03398943079 -0.099333241894 -0.0094677192864 0.0090942180704 -0.10423174416 
1.281231139e-11 4.561804761e-11 2.6158874683e-09 -1.0129123557e-06 -3.3881784245e-06 -9.6144797841e-06 -0.028426697705 -0.04634810299 -0.13145830074 
0.017297627375 -0.0010559743632 -0.10830390669 -0.033238203436 -0.028761554087 -0.1056710265 -0.0070320537978 -0.0196281781 -0.14340565629 
0.026467850894 0.052472964197 -0.070840496424 -8.6548591918e-05 -0.043695288734 -0.090601332317 -4.8741846878e-17 1.1529382711e-17 -3.5076661061e-17 
7.5133706224e-19 -5.719369486e-17 -5.6660185733e-17 -6.6303231993e-11 -6.3851451005e-11 1.3538368183e-07 -4.1387891713e-05 0.00011519864053 3.3609713572e-05 
-3.459226425e-06 -8.3533798708e-06 7.2339852526e-06 -0.029613703191 -0.0046163997519 -0.086522928955 0.026764764654 -0.061711128186 -0.050361959628 
0.014115333584 -0.046857306049 -0.052153786392 -0.016665796963 0.013597905541 -0.07315387485 -0.0090581088285 0.00026128983657 -0.12712929618 
-0.00055186459242 -0.0091900902035 -0.072281215082 1.9636568941e-07 -1.9923126515e-07 -2.3963665899e-06 -3.1468593029e-09 1.1580690379e-08 -1.2677870051e-06 
-1.8880743361e-07 -9.3243755104e-08 -9.9245306893e-08 4.3161492078e-08 4.3034356765e-08 8.952568816e-07 -2.1983035358e-07 -9.5830022064e-08 -2.143752842e-07 
7.5916877714e-08 -1.1534882227e-08 7.5477585863e-08 -2.4836860533e-07 1.3169118325e-07 -1.5586290865e-05 -8.1909447904e-11 -1.3642828266e-10 -1.4122733723e-09 
-1.1732160527e-08 7.9000569772e-09 -4.6022239294e-09 -2.9981231491e-17 -2.9124789987e-18 6.8379545555e-19 -1.2002602593e-06 -1.8650879791e-07 -3.8901391386e-06 
8.5287916061e-17 1.9271248596e-16 1.1246252374e-17 1.8578572266e-16 -6.6900786065e-16 -7.2064804874e-17 -7.9837094461e-17 -1.6346175382e-16 4.5674155416e-18 
0.0034203700664 0.021150864512 -0.10469290675 0.0050131441232 0.00093758894316 -0.12201134011 -0.0025220866811 0.0019663200552 -0.1022003422 
0.026498955897 -0.00061626361422 -0.11052058292 0.03588774925 -0.03027485412 -0.074558390706 -0.03360144751 0.013183684378 -0.093437765594 
3.3138935457e-07 2.0104508817e-06 5.2485044146e-06 -8.1087148216e-08 -1.4206019095e-07 5.3240282263e-06 5.2653104696e-07 -7.2333710385e-07 -3.5836655484e-07 
0.014024469226 -0.014574025594 -0.076584854066 0.0081455616403 -0.017467401893 -0.025157493431 0.0038468471759 -0.021463560861 -0.10971857099 
-0.025236784733 0.017686075772 -0.048523901391 -0.021769648513 -0.036365024207 -0.15993528434 0.0047989765986 0.0097079039029 -0.11384593447 
0.0090370525452 -0.026882043648 -0.11373673355 0.0064372138268 -0.0073087799487 -0.11373363327 -0.038500571962 0.013259966797 -0.078986664978 
-6.9812464959e-17 2.4688723414e-16 -2.1170192033e-17 7.2997287073e-07 8.174856925e-07 8.2813294932e-07 -3.1135207278e-08 9.2978196857e-08 -1.525675517e-06 
-1.7504828428e-08 -3.1184780601e-08 -2.8863437376e-05 -0.021835939764 0.0033334176389 -0.12439390238 -0.0064279586828 -0.01429740662 -0.09808818359 
0.003429116959 0.029623150666 -0.12897976337 0.011310140473 0.040383690492 -0.12019790673 0.024046334254 -0.0090123052429 -0.088017264046 
0.049711077819 0.020922069637 -0.11645008062 3.5989594986e-13 -6.4061275582e-13 6.8032736579e-13 7.0463704321e-08 3.9075864106e-08 -1.4107667822e-07 
-3.1148064094e-05 -8.9315845516e-06 0.00018197661726 -2.9474677447e-07 2.5610614026e-09 -9.8407436623e-05 -4.1741061583e-09 9.4243448061e-10 4.8926509399e-09 
-5.9355422073e-10 4.9423047167e-10 1.8019697805e-10 4.4782205525e-10 -1.1284869298e-10 -1.2537412931e-09 -1.9182896071e-06 1.5435917189e-06 0.00019328389151 
-2.5786366702e-06 9.140367493e-07 -1.5790244213e-06 -1.6474065895e-07 1.4449938224e-07 -5.1484211063e-06 -6.6774107616e-06 3.8695357056e-06 2.1325359012e-05 
1.1789735672e-05 -2.7208793447e-07 1.6865868986e-05 -5.8968873951e-06 -1.2666315214e-06 -6.4768285688e-05 2.989055294e-09 -2.8706266406e-09 5.864070239e-09 
-9.5394433415e-08 6.9559255982e-07 8.2457177584e-07 -5.0434548628e-07 5.8910029739e-07 -9.2792469909e-07 -0.015188531698 0.037514334204 -0.053946173239 
-0.011552524418 -0.021780169176 -0.14075870793 -0.0015301910988 -0.028864430146 -0.11209998713 -0.011474906967 0.0084893739428 -0.076338680153 
0.020642818616 0.0028205827011 -0.11985857993 0.0067209466135 -0.013555142552 -0.092524036955 -0.012324666934 0.0066110670199 -0.060746761475 
-0.0057248531265 0.0054448678253 -0.097465093953 5.6857366632e-16 -9.1897381044e-17 9.5417782269e-15 9.4986218807e-07 1.6019317467e-06 -6.9820629866e-07 
-1.1208554284e-12 -6.8665475469e-12 -1.2434513166e-10 0.009828889183 0.0060744906951 -0.099716602828 0.033323060248 0.030756358742 -0.12018730351 
0.032773325978 0.00541823832 -0.057389087859 0.0068152702972 0.012539488197 -0.1258440003 -0.010942271538 0.0098932225026 -0.088138140074 
-0.0015434782978 0.007350607819 -0.16920398771 -0.0021787183562 0.0071146956514 -0.14150780589 -1.4493351337e-07 2.1791268099e-07 7.5639515458e-06 
1.3558258812e-07 6.2494461199e-07 -4.4411129497e-06 -1.417355787e-06 -5.0932266669e-06 -2.3100743897e-06 2.2410985757e-11 3.7279755404e-12 -1.4665283899e-10 
-3.3175041477e-08 -3.9523249697e-08 -1.6094010265e-05 0.040465175742 -0.030992546148 -0.026210866956 0.017297420464 0.026957090861 -0.086709523036 
-0.0057775954344 0.023185505425 -0.079013740986 0.035767887376 0.0046459118292 -0.10202270416 9.8593002411e-10 -1.6357706938e-09 -1.320175129e-09 
2.9002053855e-07 -4.868186693e-07 -3.5185909361e-06 -1.9509025585e-09 4.0486647577e-10 1.0138447564e-08 -2.6970442619e-05 -1.9131106684e-06 7.7019688941e-05 
1.8036612894e-07 1.091953797e-07 0.00012370688857 1.2083450576e-12 -2.5598712652e-13 2.864476661e-13 -2.0459986986e-09 2.5757950257e-11 1.6949421497e-06 
0.00016671212426 2.798331298e-05 -0.00012324337264 5.2971217468e-09 -7.8791238401e-10 -1.102207566e-07 1.2146776792e-09 6.6914990393e-11 2.2506273265e-09 
3.3732677709e-06 -9.2734382633e-07 -4.1762486174e-05 -2.1915099164e-06 1.0275405932e-06 -1.0525022046e-05 9.2745397262e-07 -3.7425963493e-07 -5.2092261089e-05 
-0.010848378827 -0.025469439544 -0.054606600039 -4.3252261243e-07 -7.4762476739e-07 -0.00013448029703 4.3538481477e-06 9.9452508076e-08 -1.5278859541e-05 
2.2155205026e-09 3.695496796e-09 -2.6058978867e-08 9.2395351428e-09 -1.063333683e-07 -1.6415596476e-08 0.0096096504835 -0.028683966673 -0.093992540285 
-0.0056394634996 0.015245269058 -0.101416247 -0.029933470197 0.049403844077 -0.065394285206 -0.026096009286 0.0097800705916 -0.068227147209 
-2.3843098917e-07 -6.5386982032e-07 4.1452803027e-06 5.3190896264e-08 -3.444538572e-07 2.2579558713e-06 -0.0043430177939 -0.0031388575601 -0.10886769352 
-0.0099280512045 0.033605806049 -0.12032670866 -0.0083996250656 -0.028892272453 -0.086209902707 0.01136569942 0.035671951821 -0.12942827142 
0.060651498841 0.027662888631 -0.13501570263 -0.031035670745 0.023932213084 -0.11396732045 0.019039510195 -0.011963641003 -0.11228855538 
-0.021654669647 -0.0094396221238 -0.081111115744 -0.00025148008188 -0.012554230838 -0.078139063163 -4.2346761858e-10 3.2724559718e-10 -1.2958868663e-08 
-2.0702661418e-11 1.4860076707e-12 -1.5110122561e-10 2.359677275e-07 7.9361915419e-07 4.2795402114e-06 0.012399611659 -0.0093603417355 -0.10926619933 
-0.0050364624839 -0.011740860202 -0.086901018103 0.0092871947407 0.040715834979 -0.083477115629 3.7320458359e-05 -0.074470061611 -0.0015619294519 
-0.0075724737551 0.039925137456 -0.10670834676 -0.037390926628 0.014043446613 -0.097173586626 1.4585343029e-10 1.3857737499e-10 -2.2971818546e-09 
-4.0335880614e-09 1.1857789005e-08 1.0736214826e-08 -0.00011443565391 -3.9155459676e-05 -0.00022572628804 3.0157487651e-16 -2.5886414443e-16 -1.2417040471e-17 
2.2136618903e-06 -2.5098905662e-07 7.06638926e-06 1.6053369119e-05 1.4011261751e-05 -8.3325580087e-05 -0.015292744737 -0.012927525805 -0.082072361798 
1.2831387892e-09 -9.8458942894e-10 -1.4386744501e-09 2.6900070065e-09 -1.6925267154e-08 -9.5492127398e-08 -5.7613475173e-17 -2.6201e-17 1.2701766583e-18 
-3.9334434982e-07 -1.1436937761e-08 -2.130400544e-07 -9.7673596279e-06 1.5231013407e-06 0.0016496284047 0.019438955353 0.02997099938 -0.033845633268 
-1.1376796432e-07 1.0471884642e-08 8.5663477193e-06 -8.3859561393e-07 -8.7785101195e-07 -9.5816163338e-07 9.0270328186e-10 1.2321874413e-08 -2.0356984866e-07 
-1.0051279081e-07 -3.0097483878e-08 -8.8287311774e-07 7.2432569208e-08 -1.5668152833e-07 -5.8669089549e-07 0.0016107594071 0.033485954184 -0.11062521856 
-0.020279722278 -0.0170394348 -0.10098766006 0.017397243674 -0.026901090573 -0.10960947526 -0.015815121596 -0.0087314208923 -0.10424132489 
0.043314974576 0.078048497541 -0.083383118597 -3.676081759e-06 -6.342165586e-06 -7.1550324489e-06 6.1702219774e-10 1.2637140412e-09 -4.467536871e-09 
6.9126201649e-09 4.5656465689e-07 1.1423722521e-06 4.8802822203e-06 -9.9111926576e-07 6.8754316612e-05 -0.034679954246 -0.046631703831 -0.11052006753 
0.033095162958 -0.016179924748 -0.061582712835 0.017955115329 0.011637543016 -0.1190564161 -0.02720291046 -0.010837101731 -0.146905874 
-0.035873833271 -0.034505826956 -0.099381578429 -4.6749100552e-09 4.5030435581e-08 -3.5331325988e-08 -3.5141116803e-09 -3.3112555329e-09 2.2528438635e-08 
1.6044900619e-09 6.1867591299e-09 -2.1968724065e-08 -3.7517371182e-07 -1.0788976752e-06 5.9625217934e-06 0.0058989227459 -0.021575966707 -0.053833795557 
-0.056825140316 -0.0038421790128 -0.15166287109 -0.019515278129 -0.008578711547 -0.11788468943 0.0040400387359 -0.012172459626 -0.046768975012 
-0.033412464048 -0.0099284535395 -0.069771429624 -0.015443732004 -0.024392296324 -0.14846789773 -1.1089731447e-10 6.2748628989e-10 5.6138584274e-10 
-9.4373372154e-07 -3.7198304055e-07 -0.00018802874646 -3.8355733182e-16 1.0511285236e-16 -3.3920171945e-17 -6.2536994689e-13 -1.028518687e-13 9.7934023262e-13 
9.0993373779e-12 -4.1203475718e-11 9.0078784008e-08 2.3713822302e-17 2.323091899e-16 -3.2324286756e-19 1.2631684464e-10 -1.6228367354e-10 -9.1846809907e-11 
-7.2490308848e-05 3.0008218432e-05 4.7418016054e-05 3.0990498482e-08 -6.750552809e-08 -6.7866925263e-07 1.3805336072e-07 -1.1610195562e-07 -1.7138988388e-07 
-3.9304979748e-06 -1.356123939e-06 1.9379816286e-05 4.3019000539e-06 -1.1296604923e-06 3.481764587e-05 1.3205225687e-15 -1.6004493172e-15 5.4673983012e-15 
-6.0441078175e-06 -4.4174698133e-08 5.9154160159e-05 1.0873140565e-13 -3.5700428806e-13 7.645522532e-13 5.6063099254e-07 -1.9054852536e-06 -4.7733491411e-06 
-1.6660977146e-14 -6.326878204e-14 7.8620514523e-13 0.0061204472759 -0.00096339120453 -0.11371761628 -0.0030766072731 -0.011110224986 -0.084433759243 
-0.02492211277 0.014096378524 -0.10245530797 -0.070238814157 0.0083229677653 -0.11052298208 -0.0395975 0.025505393956 -0.16052503353 
0.063274375005 0.00085333399365 -0.061431012732 0.016310934655 0.042124463215 -0.095153266983 0.01035724848 0.038826813244 -0.088235052964 
0.0020842610695 0.023124457395 -0.11755889065 -4.1216156956e-11 1.022538446e-10 -1.3192697374e-09 1.7561628672e-15 -1.3362094696e-16 -2.3064270767e-15 
8.0189674983e-09 -3.7684193308e-08 -4.2652065543e-06 -1.0887384907e-05 1.6950289394e-06 -2.1847414949e-05 -0.0094288485371 0.0054139136468 -0.1271757296 
0.039614389965 0.014615661168 -0.111559221 0.010514856081 0.013407560359 -0.13046219376 -0.053306464035 0.0029668456823 -0.11775035143 
-0.0027721076643 -0.0013405724312 -0.084087044064 0.004477852751 0.021774094766 -0.047935170936 1.3630617146e-07 2.0873008143e-07 8.3425373679e-05 
4.3227132941e-06 7.4400425475e-08 1.1264004988e-05 -2.4238817111e-06 -4.0506485667e-06 -0.002977656351 0.015617447415 -0.0049502558436 -0.086511730506 
-0.017909961519 0.015148772737 -0.12672516661 -0.035796966624 -0.0014028536899 -0.087898650362 -0.042795359743 0.0010444946483 -0.054387902548 
-0.0063574381912 -0.036401154079 -0.087831812556 0.005320524174 -0.0077696755652 -0.13759345477 3.382801981e-07 -4.8162965272e-07 -7.5568691951e-07 
-9.8511671779e-08 1.3114821248e-07 4.0651300826e-07 3.9923479877e-13 2.0818960954e-13 7.0879098117e-14 -8.4028633695e-14 -5.7188771298e-14 -3.2654357419e-13 
3.2905067971e-13 5.5452154519e-14 -5.1382992165e-13 -2.3855713238e-16 -1.9668374934e-16 1.4630023277e-16 -6.7764319087e-16 -2.4180789862e-16 -3.5755258491e-16 
-3.218935205e-16 1.9813751321e-16 5.1617573428e-17 -1.8979685219e-08 1.0287539993e-07 -4.4140126222e-07 -1.3640501387e-07 1.1305905885e-07 -1.6755387244e-07 
5.9466653272e-06 3.0994680149e-06 -1.7939934793e-05 5.4390773134e-06 -3.1938026697e-06 2.7822882639e-05 1.7928893305e-16 -3.8791337378e-16 1.0233250968e-16 
-4.8506724014e-07 8.625191315e-07 -1.88162474e-06 -0.0049247455094 0.0171862532 -0.077327082221 -0.0327520547 -0.012551028189 -0.11897514324 
-0.029086568897 0.020648773035 -0.081807612766 -0.012339138491 -0.019811556775 -0.10985173955 -0.070836578896 -0.0037254942506 -0.073810113238 
0.0070544866498 -0.0034049036633 -0.028222490524 3.2582184576e-05 5.4785450633e-05 -0.00010034651152 4.7737276593e-14 6.1508136558e-14 -9.7090766959e-14 
-1.656888525e-07 3.6840472115e-07 -2.105783481e-06 0.027862500827 -0.020958517078 -0.11872491889 0.022240689184 0.046073731287 -0.033728075811 
-0.020638078138 0.014012694195 -0.13170309978 -0.021070609053 0.065752876141 -0.11546590113 -0.013483669705 0.002506545886 -0.12583246103 
0.008437782986 -0.0035808422459 -0.089230197208 -0.033405169442 0.0010649969725 -0.10100754973 0.052265711515 0.022926104782 -0.066640201354 
3.4213270148e-11 -2.0338681614e-10 -4.6017668745e-10 0.00016288445584 -0.00010019917207 0.00019488742296 -5.2882306803e-08 -3.7845237786e-07 -9.9361607848e-05 
-0.038922524453 0.031246254083 -0.13097002605 0.034953902801 -0.030387975393 -0.04671703443 0.070188507599 0.00079518656219 -0.0031450570161 
-0.038108623619 0.028845158659 -0.055633790382 0.013500659529 -0.014048191412 -0.11053978979 -0.0085902261354 -0.011914524241 -0.053536703414 
7.265926342e-09 -8.3477232707e-09 -3.1051825309e-06 8.093187291e-17 -4.8488389275e-16 1.7487071955e-16 1.0497293427e-08 1.4739770136e-08 -6.291969364e-08 
2.9224894932e-08 1.5480827559e-09 -9.5773921953e-08 -8.1277746109e-07 8.542803944e-07 1.5406432728e-05 1.5871276289e-06 -1.3713861937e-06 -1.4871131855e-05 
-4.7845517228e-07 -3.5876247479e-08 -5.1942871328e-07 1.1950731844e-07 3.835844769e-07 -3.2798185037e-07 -2.2537948465e-08 3.9362420952e-09 -7.3319108173e-06 
-0.041677982387 0.011024374109 -0.080443699313 -6.3873852798e-06 2.733802929e-06 1.3789360185e-05 -2.0259421971e-06 -1.4889206974e-06 -3.3239464791e-05 
9.2339199419e-15 -9.5090521179e-15 2.580993683e-14 1.4239467286e-06 -4.4169570831e-06 -3.4072363916e-06 1.5478554567e-07 -3.1514773487e-07 -5.6828821062e-07 
1.0462818593e-07 7.0580346669e-07 -2.9147256543e-06 0.025096214022 0.0012188239548 -0.082259621415 0.0063186967555 -0.02538608558 -0.073669678563 
0.0093074102621 0.01488144311 -0.092513049121 -0.0039244678976 0.041413367883 -0.055637066684 0.048504308767 -0.042972832382 -0.13114633758 
0.0092686248532 -0.0045609526064 -0.14831260715 -8.8874314458e-15 -1.7012509372e-15 2.5441702694e-14 -2.7126245694e-15 -3.8802624434e-14 -1.008269187e-13 
3.4061943696e-07 -1.0288701622e-06 4.3097907565e-08 0.0047932750276 -0.011644781412 -0.12912560691 0.02736111649 -0.025252945625 -0.084869975817 
0.013349048767 0.030065573346 -0.089887559359 0.026809475026 0.0064787593337 -0.11729595933 2.6647644872e-16 3.1758810134e-17 -3.4037683989e-17 
2.1782045099e-14 6.5924249116e-15 -2.4662886871e-14 -3.3327250754e-05 -4.813714712e-05 -0.0001681540279 -0.037533981079 0.033279872476 -0.094443678514 
0.013895324133 0.0036466497579 -0.076680351137 -0.0018503440996 0.021569327661 -0.11764329577 0.031442759516 0.0044894968824 -0.11054729896 
-0.03363566529 0.046202907137 -0.087049177754 0.043065735123 0.041804387659 -0.13719663027 1.3523663632e-08 -4.2843961838e-09 1.4291208631e-07 
-8.2996482976e-15 -7.0992691552e-15 3.7187086825e-15 -5.1953125076e-07 1.350467879e-06 -5.3505828846e-05 -1.1906287149e-08 -3.3250150988e-09 -1.0551285219e-07 
1.5426742814e-16 8.834181222e-17 -1.382360062e-17 2.4681658207e-09 1.5394806234e-09 -2.3889268005e-09 2.3573725116e-06 1.2713471099e-05 -9.5928569759e-05 
1.4999853384e-16 -1.1440558773e-15 8.3690412776e-14 -1.3837845403e-09 -8.5929686592e-10 -1.1688965535e-09 -2.9268778843e-06 -8.1634461661e-06 -0.0001622398088 
-1.2732618413e-08 -6.0063515477e-09 2.6542799078e-07 1.4705078681e-07 -6.9956832222e-08 2.2310980051e-07 4.3259517832e-07 -4.1248466422e-07 -8.4646728886e-07 
-6.3286900533e-07 6.7264096254e-07 3.3236530156e-07 1.9268212312e-07 -8.3373653684e-08 -8.3152084107e-08 1.5428323223e-16 3.6703744016e-18 1.8507637542e-18 
1.9071923961e-08 -7.1865484017e-09 2.7394438967e-07 -4.2692771728e-05 -5.9708818319e-06 -3.9072633896e-05 0.0081217168559 0.018571325334 -0.088287644198 
1.1120762034e-05 4.8746495066e-06 -1.8303826415e-06 -7.2319956247e-06 -1.8728783464e-05 2.2751447535e-05 -6.2092152246e-06 4.5224496663e-06 5.2709154478e-05 
5.1307069925e-07 4.9205922267e-07 8.6820726292e-06 -1.2241309057e-06 5.4659063085e-07 -3.0789519111e-06 -2.4852671083e-07 9.9632636586e-07 1.4220313881e-06 
-0.020564944078 -0.07519876372 -0.10319955501 0.040420827103 0.020475314987 -0.071871130163 -0.030347025281 -0.034508356513 -0.14529900733 
0.017408132142 -0.043862158765 -0.072955380569 -0.00034470008934 0.029505430068 -0.073720840049 1.0627981526e-05 -3.0222457134e-05 5.613039811e-05 
-5.3047357229e-06 -1.5230815251e-05 2.5678502429e-05 -2.2613036436e-06 2.3318947731e-06 -5.8474890448e-06 0.033965914347 0.013526400677 -0.099318798663 
0.00031919267347 0.029451563732 -0.12605914469 -0.0028143686904 0.0019965929719 -0.14273190757 -0.0059500929518 5.1416929661e-05 -0.11763296044 
-0.014268947336 -0.030455711101 -0.11194085913 0.014072894865 0.010364232096 -0.10714572108 0.013546057099 0.033913262276 -0.11516168614 
-1.7253410844e-16 1.5449774092e-16 -2.6457788795e-16 -9.8860773964e-17 -3.8181965204e-17 -5.0959303377e-18 -3.8768590273e-17 1.557108701e-16 1.8289091824e-16 
-5.6609649249e-16 4.9070075956e-16 -1.7317691224e-17 -0.01442261814 0.024239267339 -0.090314758271 -0.0073125105855 -0.017271051151 -0.10405923192 
-0.034862548281 -0.021175421836 -0.06010444295 0.017516038226 -0.037335186442 -0.10381153097 0.0031257798005 0.019667010222 -0.10535243328 
7.5018298972e-16 3.7490737768e-16 -1.1658763327e-16 -2.4731601273e-10 5.3259259582e-10 -1.1333303247e-09 2.5370048821e-08 5.6264836378e-09 -5.3470773427e-08 
-1.5713344042e-17 2.7062274182e-16 -2.2004132219e-18 -6.5662684258e-17 1.3297902904e-16 -2.8067828678e-18 1.0029812448e-08 -5.3218423036e-09 -7.8357757969e-07 
-1.6284584169e-07 1.3605408625e-07 -1.4315226091e-07 -1.8749065188e-08 5.1539503054e-09 -1.0891798459e-07 1.3249715685e-09 1.1267458984e-09 -3.8580731057e-08 
-1.5078579601e-07 -3.9092007611e-08 6.1188357021e-08 -1.0054572289e-05 2.303213794e-06 5.0708338036e-06 4.9168935641e-07 -5.8620984486e-07 5.6524058928e-06 
0.030871564196 0.018228408393 -0.088964103553 0.022142872592 0.016990773165 -0.15232831232 0.008134066166 0.017252562607 -0.076250174954 
0.028231181507 0.028634500768 -0.064439577221 9.8241862165e-16 -4.965845196e-16 -1.5609848011e-16 3.2096754761e-06 -1.0752714179e-05 2.7707310723e-06 
1.5176090499e-06 1.1281554963e-05 -5.4787565513e-06 -0.008834966076 0.011501095477 -0.045076391968 -0.0029644358608 -0.02418896067 -0.14299607153 
0.0017045237895 0.013692893225 -0.14643291977 -0.014369614777 0.028245134407 -0.11477359444 -0.077198932984 -0.016805473019 -0.084910221216 
-0.020045545831 0.026145904258 -0.075116375673 0.087396763374 0.037974585598 -0.041103242293 -9.2117907667e-06 3.2820234483e-05 -8.53444602e-06 
-1.9662327462e-09 -8.1277975708e-09 -1.8202600458e-07 1.62937679e-08 3.4217963683e-08 5.1052525553e-08 -2.8653937831e-08 -7.2080037019e-08 -7.4274648674e-08 
0.0013843580885 -0.009579671816 -0.13522159171 0.024711293519 -0.048510489444 -0.13119458982 0.012197985162 -0.020343909731 -0.081557868889 
0.0054752433801 0.0015196220432 -0.13325996967 -3.4188408259e-16 -9.5342908578e-17 -5.7047221576e-17 9.7208040232e-10 -1.4823263598e-09 2.5235455378e-10 
2.9176462995e-08 1.5794712379e-08 5.2239023495e-05 -8.9144706993e-09 -2.7511876269e-09 1.2383977073e-07 -0.0027314320997 -0.0093613751529 -0.082113097563 
5.0262057026e-08 5.5961437242e-07 -5.8355356896e-06 -1.1678433901e-09 6.9849820782e-10 -2.5322502799e-06 -2.0757569143e-06 1.4398063601e-06 -2.1711198731e-05 
-8.2462390053e-11 3.4278804471e-10 1.6116975902e-09 5.880949855e-13 -4.0506936407e-13 -1.464894315e-10 -7.5118413113e-17 -1.8499408905e-15 -1.5059590619e-12 
1.5579224317e-07 -1.4986241743e-08 6.4961261206e-07 3.9353745292e-08 1.4890364171e-09 -2.9030636167e-08 -0.026226612433 0.00075349769896 -0.052625606121 
3.0938813302e-16 6.4680192654e-16 2.4328926528e-14 -5.4824680944e-05 -3.084250074e-06 2.2421736247e-05 6.1141935293e-06 1.649514403e-05 7.1035971241e-05 
0.044150660622 0.039773719725 -0.012416728711 0.078785398047 -0.00043452654534 -0.13574341586 -0.067054712472 -0.00046370214576 -0.0026101892086 
0.0278475933 -0.060944249273 -0.12362697137 0.021814074511 0.016977505601 -0.11008268955 1.348132389e-14 6.7629777325e-15 1.1610413891e-14 
9.4512404579e-10 -2.3286700873e-09 -2.4245672037e-08 -1.1007568211e-08 -7.2284732928e-09 2.2476753021e-08 1.2832408638e-08 2.6774224632e-08 1.0042826078e-08 
-7.9472916634e-07 1.5315342611e-05 -0.0001457183492 1.7219331801e-05 1.3056889023e-05 0.00010250648904 0.062593939293 -0.017505798023 -0.043670680584 
-0.0026828820082 -0.035090078735 -0.12001027866 0.051506361106 0.0056737770293 -0.087626462551 0.00051319236681 0.025285410567 -0.1104524276 
4.5067819105e-16 -1.0805379263e-16 3.9271833135e-05 1.347454791e-09 2.4110640575e-09 -1.6082568759e-08 -4.5380991143e-09 -1.039252021e-08 1.1402099955e-07 
-0.03168610669 -0.018548927802 -0.095486388441 0.015315926045 -0.032232239706 -0.062337983537 0.010312554862 -0.020843024601 -0.13833546224 
0.010918576447 0.01682660674 -0.1059388986 6.1957978788e-06 -8.8075011524e-06 -1.255496114e-05 -8.1385763286e-10 9.0436370765e-10 -1.5345409993e-09 
1.1277645928e-18 1.7191936122e-17 1.4103930734e-18 5.6315584683e-18 -2.296298389e-17 1.2442901497e-19 2.1940980559e-10 1.1809953105e-11 8.0574352556e-10 
1.4656490394e-16 6.614576682e-17 5.1007958231e-18 -4.5140369278e-10 -1.3795637038e-11 -3.5565484048e-10 1.6576798542e-08 -5.8065919284e-09 4.1275639967e-06 
-1.5944605389e-07 -3.0334612442e-07 -8.822508532e-06 -1.7533661453e-06 5.4932733158e-07 -2.1218285145e-06 8.696939632e-06 -6.7740451521e-06 -8.3044798297e-07 
9.274929082e-07 4.3338957009e-07 -8.880158166e-06 8.0919317433e-07 7.2414041049e-07 -3.5706961886e-06 1.6648015405e-06 -1.8591269173e-07 -1.0435568961e-05 
0.20453256115 -0.18936492624 -0.0020539061372 2.2488833095e-10 -1.7895455736e-10 7.1616049141e-10 -4.9526020459e-10 3.5344360761e-10 1.5926392158e-09 
0.05270619018 -0.019649020734 -0.078151506556 -0.028771574184 0.0028108487417 -0.12976774658 -0.021736661423 -0.016501721 -0.10444294534 
-0.022970628644 0.016831326009 -0.12136626656 0.0057011214973 -0.0015447003573 -0.063086223541 2.2529259393e-05 4.7612913209e-05 -5.1209403206e-06 
-2.5625816115e-05 -6.602378656e-06 -0.00016393027898 -0.010912714025 0.016527793452 -0.062014624937 0.0036501727906 -0.028762742344 -0.16158461874 
-0.032503328493 -0.0034551799236 -0.075643511721 0.021593080259 0.014705226431 -0.14720537759 -0.00027304953908 -0.013690826479 -0.079444473531 
-2.7819091566e-06 7.1871349077e-06 0.00012278476347 -7.4511017961e-08 -1.1412495801e-07 1.8107267741e-06 4.8332298575e-08 8.4421446004e-08 1.1803330103e-07 
1.1897781375e-08 2.1366238187e-08 -1.7508787618e-07 -0.014460000315 -0.017216318445 -0.096085427581 -0.013331105265 0.024123284303 -0.069900037609 
-0.0010812540615 0.0034878630702 -0.12878542225 0.020546960765 0.019726391436 -0.077584421235 0.010371321071 -0.018047830004 -0.12154243453 
0.019920823102 -0.014184309034 -0.16752710538 0.057769211281 0.015513253104 -0.095466603513 -3.0693369317e-16 -2.0299245099e-17 -1.0900225895e-17 
4.698525692e-16 1.2771127895e-16 2.1516724473e-17 5.6073491562e-06 -3.4728786933e-06 -3.3978557569e-05 3.1016280838e-10 1.1614240519e-10 9.8579062499e-07 
-5.5014591226e-09 -5.1659422788e-09 -1.3394992451e-06 -9.8103856378e-07 -8.4431009299e-09 7.1889353925e-06 -6.0361662992e-06 2.4548025292e-06 -1.9775984893e-05 
8.2394337201e-07 5.7161886763e-08 4.5774193205e-06 -4.0042443226e-06 3.3344044968e-06 -9.1632027253e-06 1.0040842767e-06 -6.5373604889e-07 2.361035028e-06 
1.4827297293e-06 8.4554239922e-08 6.6130307429e-06 -5.7237515667e-06 -2.2533697849e-06 2.4000373888e-06 -5.8705607503e-07 1.8168429394e-07 1.7046067859e-06 
6.8580139378e-06 6.8590330475e-06 -7.6851719473e-05 2.4257652627e-06 1.3399933176e-06 -1.4416624634e-05 -3.2627792448e-11 1.5459302927e-11 -3.556058177e-10 
3.9623821527e-16 1.3107996848e-16 3.8661218615e-18 -3.9205274217e-17 6.5005923408e-17 -7.5783392695e-20 1.8589166949e-10 -1.397132962e-10 7.4247333983e-10 
-0.023969274775 -0.035868797205 -0.068213730137 0.040686833041 0.0091086896535 -0.079584039703 0.036711565411 -0.026251101844 -0.078095000165 
-0.029769796495 0.012625637337 -0.15779055063 -0.024444883102 0.0047678262881 -0.11772180537 -0.077821651911 0.014873080525 -0.11178009018 
-1.2920729388e-12 -2.2077809479e-12 2.2028854856e-10 1.4863215511e-06 -6.2692012031e-06 1.1327381454e-05 -0.0056844561308 -0.026849057192 -0.092085826213 
0.012802770056 -0.010249628032 -0.066503943039 0.026254218698 0.033021244536 -0.11751517549 -0.030542322045 -0.043541161836 -0.11406835491 
0.018810478551 -0.018210641972 -0.10601876057 0.010654037966 -0.012510952762 -0.1178240679 -0.032949429787 0.015546041116 -0.16395330692 
-4.637398394e-15 9.8273987521e-16 4.6874613752e-12 4.5246600317e-06 -9.1551334095e-06 -1.2107106284e-05 -1.0235879957e-14 1.7957894423e-14 1.439774933e-14 
-5.429206015e-07 -6.5090026977e-07 -0.00022138890215 -1.1773219824e-06 3.9249633161e-06 4.9532391807e-05 0.022229539255 -0.014281601401 -0.1424327598 
0.0060199963147 0.0014859369014 -0.1114423096 -0.032548654883 -0.026625384467 -0.090633261718 0.069615970381 -0.0022490441512 -0.080774788708 
0.012793426793 -0.0029529606148 -0.093864594695 0.031706077239 0.0023558339152 -0.13011684832 -2.005445027e-06 2.0123440129e-06 3.0450997104e-07 
4.121147016e-16 -2.4511211595e-19 8.4336798605e-19 2.0178873668e-11 7.4376688504e-12 4.5429225348e-12 8.7271541911e-16 -5.9513209811e-16 -8.1321579844e-20 
8.5703668158e-07 -1.498574094e-07 -0.00057765541493 -2.90983305e-08 2.2124299846e-09 1.7065815475e-07 -1.9540064093e-08 2.6031097574e-09 2.0149175214e-05 
-1.8333301561e-07 7.4716215188e-08 -1.4037630398e-07 -3.0103263079e-07 2.4725929293e-07 8.753764591e-07 3.5586200028e-15 -2.4222177258e-15 -2.0150072107e-14 
6.7914893296e-11 -1.1009225226e-13 6.9561475166e-10 4.1944885439e-10 8.0657399816e-11 1.1837377767e-09 6.5033684109e-13 6.3366312245e-13 -5.8549732124e-12 
-2.6996718486e-12 -2.1174004679e-12 1.7219686674e-11 -7.8233194042e-13 -2.2258511376e-13 6.7071503079e-12 3.570331979e-14 -5.8915552208e-14 -3.8391447854e-11 
-0.010095467863 0.013568659018 -0.063829015019 -0.0041035556227 0.013675984414 -0.1497639945 0.034575721572 0.0033388845596 -0.094228669079 
-0.03430129374 -0.029275718886 -0.097236020926 6.9698988948e-06 3.1276390416e-06 -0.00016530898943 -2.450070634e-05 7.517452431e-05 -9.7559523585e-06 
-0.018730704088 0.016245351555 -0.075803807059 0.060388114283 0.027910575708 -0.033299881037 0.0095355027159 0.0026626435686 -0.14216720907 
-0.010663279857 -0.0034354816278 -0.11117187501 0.010449182314 -0.0032466566483 -0.069914838166 -0.018640799018 -0.020438036247 -0.096155967772 
-9.1338170915e-16 1.250233293e-15 -2.5413317134e-14 -5.2943794868e-06 4.5519550477e-06 -0.00021462735559 -1.2354203201e-15 7.9840387421e-16 -1.9223730804e-19 
1.5811428563e-07 3.7014999541e-07 0.00013630325959 4.3781991226e-13 3.9751439496e-13 5.5428657102e-11 0.016952746215 0.052415540433 -0.073408681203 
0.018089143965 -0.024186025551 -0.12424763169 0.016363692927 -0.062248081265 -0.066978802197 -5.3511173872e-08 8.9558993201e-08 1.6038489177e-07 
1.3162598477e-16 1.7495737518e-16 5.0648953702e-17 -2.44053825e-14 -1.5761736669e-15 -9.030284632e-12 1.0288122937e-06 9.3039540857e-07 3.1331293111e-06 
-1.6427281373e-11 -1.4436133886e-11 -2.6005095283e-11 6.2334374789e-12 -2.9561243841e-13 -4.8997380559e-09 1.0390797975e-14 4.1753971781e-15 -8.2726596219e-14 
-5.4953561095e-08 5.2443962395e-08 7.1906125613e-08 -4.9557342198e-06 4.2460017289e-06 1.7157014384e-06 -4.0220923912e-11 1.0297743386e-11 1.8055263824e-10 
-9.874974331e-10 -1.5254474323e-10 2.0035567872e-09 -1.9167946102e-11 -6.9103965189e-12 2.6322374842e-11 1.9581735902e-11 1.6800766585e-12 1.4080892226e-11 
4.0096385437e-12 3.3021264633e-12 3.4419735855e-11 1.3600415686e-12 -1.3087595373e-13 3.4610569227e-09 -0.00411731426 0.02702069174 -0.070100045436 
0.040616801578 0.037611465554 -0.051332160949 0.034402025772 -0.0016885741393 -0.13322787115 -0.044644457553 -0.022181740769 -0.072492718292 
-2.4689540117e-05 -3.9749508998e-05 0.00012313230347 9.4546769952e-07 3.2742555573e-05 0.000112812522 -0.016271666202 -0.019823351193 -0.063283279537 
0.035547574458 -0.020780916039 -0.13069807908 -0.02492623217 -0.00070062046884 -0.071473268797 0.030330621513 0.053461361546 -0.12391199947 
0.017331900621 -0.034507839625 -0.10648656727 0.027253965511 0.021851953672 -0.11340510189 -0.017987192138 0.017599988644 -0.14591656314 
1.7864592375e-12 5.3031411082e-12 5.0613943806e-12 -0.0528058406 0.012328321088 -0.10650181092 1.2177982046e-09 2.8077818263e-09 4.3596675713e-07 
-0.020209644566 -0.012495621196 -0.094994132661 -0.0057515486753 0.040460124647 -0.061049525858 0.034426309931 -0.01306922181 -0.07500660693 
-0.0088884340863 -0.040421179033 -0.074391922087 0.012046806668 -0.04621928587 -0.093033490758 -0.019962902295 -0.010248113309 -0.10780417208 
-0.0026159253249 0.054938494171 -0.10164339251 0.012397405821 -0.024223017972 -0.081337595502 8.876093344e-19 -1.2595303571e-16 6.7840651439e-18 
1.1453057325e-05 -2.1024765578e-05 -6.5973764704e-05 -2.3660678071e-16 7.8543236878e-17 -3.1018306595e-17 -1.5657364785e-06 -8.3775264874e-07 1.4429457735e-06 
-3.4667811531e-09 2.0114673427e-11 -1.5799097478e-06 7.6508536618e-07 1.9458405995e-07 -3.2035099265e-06 4.7617194325e-16 1.6766496863e-15 -1.8318719199e-15 
-1.2376615749e-14 -4.0145697065e-15 1.7863266738e-13 -6.5749058745e-07 3.4087413632e-07 -8.7381498715e-06 8.1987743277e-09 -4.0788358111e-10 -1.8090629206e-06 
-2.3110791289e-09 1.9718090378e-09 3.426473389e-07 2.2547531458e-11 -4.0892985814e-12 1.9926282016e-11 1.9785475075e-06 -1.3599525927e-06 3.8933276525e-06 
-5.5083102439e-10 2.8933316172e-10 -5.3183247101e-09 -4.5464608648e-06 2.5531476507e-07 0.00041054965875 0.0037217972529 0.027945517446 -0.061695547104 
3.5057153122e-09 3.5731318303e-09 4.2202980297e-09 1.2805121876e-07 9.2355980576e-08 -4.5820284971e-05 -0.00012388250603 -4.4214872663e-05 0.00027643226688 
-3.0937370121e-16 8.4360390202e-17 1.7259209104e-16 4.5043111819e-17 -1.1750579962e-16 1.4000362704e-17 0.0081833692968 -0.039282159527 -0.066002689361 
0.0095673887955 -0.016015695605 -0.096198337544 -0.0027822927405 -0.01781679801 -0.07036447203 0.005646697597 0.034866040313 -0.12027781711 
0.0042981601417 0.031880435975 -0.096376174027 0.031026561586 0.011685967131 -0.10782352221 -0.023202847112 0.001962480143 -0.081260717105 
-0.0082584067477 0.038169045913 -0.033601269207 -3.5519581368e-08 -1.2225012036e-07 -0.00032012411837 -1.7044035513e-06 -2.3996137062e-05 7.9267081143e-05 
-3.6330385459e-16 9.0916046298e-18 -5.55411303e-19 0.04018668699 -0.041166487608 -0.10326741889 -0.034038742038 0.012381402444 -0.16676004266 
-0.064146656213 -0.015466593373 -0.057526700717 0.0036203154407 0.040094735479 -0.093966565053 -0.034226992815 -0.01682320458 -0.069019511312 
3.9927124968e-17 -4.832998365e-17 -6.8221957535e-18 -7.0171362891e-13 -1.9927963643e-12 5.6422590517e-13 -4.2057840649e-08 -1.8910361403e-07 -6.7734276112e-05 
-1.3030617891e-05 -1.6223766639e-05 -2.7459170305e-05 0.013198059123 0.0038280509257 -0.11608200327 0.0102010179 0.022206787773 -0.06283986625 
-0.0042285441374 0.05054106794 -0.028903223293 -2.3406099008e-16 -1.9373645403e-17 -2.589022286e-17 -2.9212586211e-15 1.7204128139e-15 5.0864539917e-15 
4.6075554196e-17 2.8189396137e-16 2.5155841148e-17 -3.9412242789e-05 3.5923714345e-05 0.00023146921999 1.5112191187e-11 5.5842326009e-12 5.1633660209e-09 
5.5811185286e-09 5.992541431e-11 1.2662298758e-06 -6.4302654129e-07 1.3413762342e-07 7.0284999176e-06 7.6289015745e-07 -3.7896104283e-07 8.5281821835e-06 
1.2551612019e-17 2.721910835e-16 2.0159737712e-18 1.1503747562e-07 -7.8602256016e-08 -7.6931163782e-08 -1.2979698687e-06 -2.112643044e-07 6.015594565e-07 
3.4002060792e-06 7.9260051705e-08 -1.3529450439e-06 -2.5815443525e-09 -2.9449723196e-09 -1.6691683337e-08 9.3949456274e-09 -4.9238560468e-08 3.6079780829e-08 
0.012481326339 0.046292978414 -0.061879035078 0.003492139769 -0.013609292401 -0.13685114439 -0.0043195259982 -0.021181538313 -0.06720961677 
-0.012037412957 -0.047309056082 -0.1242324076 0.01039026393 -0.0081869762079 -0.08679442165 -2.5998561441e-07 -1.1006129534e-06 0.00036076924278 
4.5939756012e-17 -1.4049705532e-16 -8.1119759595e-19 -9.4521626377e-06 -3.1840755299e-05 4.0718568673e-06 -2.0821920209e-09 3.8580134122e-08 4.5564062546e-09 
-0.001229825719 -0.011748193108 -0.11222151856 -0.013286640357 0.019036072338 -0.083079232322 0.075214080095 -0.016281691345 -0.038020982918 
-0.014313459714 -0.034699149299 -0.13664709544 -0.0014999766971 -0.007782441475 -0.10394166581 -0.015208254235 0.037848256498 -0.12967897063 
-0.015033155835 0.072326346203 -0.052784206076 0.042256000301 0.06656110824 -0.10925949355 -0.035084545563 -0.015048115153 -0.085775518751 
1.358897792e-06 3.7268504707e-06 2.5019969239e-05 2.0185346515e-07 -1.3667976293e-07 1.5040734089e-06 8.7602458016e-09 2.2641156912e-08 3.4591283559e-08 
-8.4164265338e-08 -5.5357646584e-08 5.1594121862e-06 5.4484718432e-11 -6.635372028e-09 -1.8334599351e-07 -0.011028403124 0.049096900843 -0.14623324716 
-0.025271654957 0.031489076747 -0.13092277408 -0.020791250559 -0.009280267077 -0.099358830939 0.027267357047 0.014683631222 -0.069130006286 
3.3966219719e-07 -5.271473374e-07 7.9497963658e-08 -3.4418774607e-07 1.159758792e-07 -1.1873222888e-05 3.5416867086e-05 -1.6598966709e-05 -0.00011474387787 
-2.042334631e-06 -1.551223966e-06 2.3254353163e-05 -4.411908673e-07 -1.137634969e-06 -2.1489001064e-05 -7.4406861252e-06 2.6203787432e-06 1.8747052782e-05 
4.9552489928e-06 -1.0806543373e-06 2.9162098416e-05 -1.537585009e-05 1.4929697388e-05 0.00059596175139 1.2026576247e-09 -7.6692565632e-10 1.7840993514e-07 
-4.7794823e-09 2.0089204417e-09 1.3050414825e-06 1.2349872126e-09 -2.4018781465e-10 6.8449719376e-06 1.6755136602e-10 -2.4164352848e-11 1.6713165126e-10 
-6.7913655924e-08 4.1146067091e-07 2.4727488964e-06 -1.5242850712e-06 -4.0964594925e-07 3.2517800729e-06 -1.5658605885e-08 9.8699595026e-08 -1.505577605e-07 
1.7428570569e-08 -3.8901027544e-08 9.0336146135e-08 -5.713870114e-08 4.6851223413e-08 -3.1947877357e-07 -0.045393654478 -0.013535184038 -0.095526841986 
0.054705257272 0.028844186895 -0.086308763214 0.018959488847 0.025655738309 -0.046224905909 1.2278185824e-05 5.0831173431e-05 1.5737656075e-05 
1.3471411859e-16 2.2473757225e-16 1.0594836614e-19 1.1463038387e-10 3.1106444389e-09 7.5419279631e-09 -8.0961465683e-09 -5.3878757645e-08 1.6828689311e-07 
-0.021152186121 0.025297443112 -0.12500772521 -0.0417167103 -0.0016534161195 -0.096385913676 -0.043707569993 -0.035644908918 -0.13836052974 
-0.023435120867 0.038411704008 -0.14013210802 -0.0059069769912 -0.019430936112 -0.10819052752 2.2726749796e-07 -1.3745619039e-06 -5.1773641405e-07 
-4.5879749366e-07 1.2068652366e-06 -4.0605695693e-07 -2.4269214257e-09 -6.2606597695e-10 5.3546365941e-08 -1.5701267187e-08 -3.7770647671e-08 5.2932429538e-09 
0.005453475918 -0.021364072402 -0.10375899573 0.00031649872229 0.0049150717011 -0.12139499841 0.030759781843 -0.00069323058434 -0.10805620047 
0.00030180803364 -0.022065500938 -0.10605765725 0.0061194688691 0.029066290214 -0.094107797042 -0.039357857408 -0.015143333419 -0.094312146009 
0.076943976816 -0.024916717147 -0.10528206804 -4.8959932177e-16 -1.112602667e-15 9.4110448322e-17 -1.4165361922e-07 3.9268852331e-08 6.9194124545e-07 
2.6141999381e-06 1.2038441889e-06 3.1897074656e-06 -2.2986063248e-13 -1.3465438623e-12 2.0969156022e-09 8.4301312499e-07 -1.3641118362e-07 0.00030677284682 
-1.1116927171e-05 2.859385297e-06 -4.1451953761e-05 -2.5343847831e-07 5.6235442295e-07 1.6205199111e-06 -2.9546487963e-11 1.0383764517e-11 4.4832752219e-12 
-1.1494625099e-10 2.6015462789e-12 2.1318688163e-10 9.8102846835e-07 -1.4865700117e-05 7.1767894148e-05 -0.00020279616694 -0.00019810527689 -0.0001961292582 
-1.6139999112e-06 4.1927710166e-06 -4.1252374262e-06 -0.0092230504041 -0.046972794825 -0.12231744454 -0.056804708376 0.029843692502 -0.069405104875 
-0.029358572395 -0.057276546145 -0.17584330243 -0.03350852483 -0.053678640088 -0.1251309845 -0.0044542013819 -0.041030361052 -0.10999181202 
-6.3248422714e-06 -2.0376184187e-05 -4.1437439665e-05 -2.9170284829e-08 -1.0248525689e-07 6.1106748496e-07 4.7339260566e-11 -4.4123487858e-09 1.3030408967e-08 
3.6811413545e-10 -2.298468365e-09 1.9089635749e-07 0.025431524719 -0.0037030241505 -0.093755703352 0.041983236193 0.034165797207 -0.11665136689 
-0.0040341269076 0.017684243984 -0.074995456912 -0.020302887103 -0.0035913985911 -0.16578854155 -0.011515379207 0.011617994672 -0.12811821193 
-0.026903775354 -0.0041204568131 -0.1044317294 -0.01889582946 0.031660350768 -0.092936643525 3.35200542e-17 -1.0116955744e-16 -9.7207257768e-19 
3.3802180767e-10 -1.388781671e-09 -4.0863597471e-10 -0.0412295411 0.034476646902 -0.065817839268 1.0382860204e-07 -7.7488271571e-06 -1.286097859e-05 
7.7144586654e-09 1.2979967666e-08 -2.1749591286e-08 -2.0508754508e-05 -2.48307087e-06 -7.1594607111e-06 -0.070318961611 -0.013825678799 -0.12530897245 
-0.025762114525 -0.045209169973 -0.054882581048 -0.020785600522 -0.047006772596 -0.080230478665 -0.011394513248 0.026810014087 -0.060784788673 
-0.0080637055241 -0.028188240201 -0.16046093927 -0.031060891493 -0.076428873896 -0.048042210095 0.025682709032 -0.0069253435513 -0.049249783349 
3.3744791551e-06 -6.8101921508e-06 5.5674511989e-06 -1.5779992294e-05 2.0544716933e-05 -8.6927592458e-06 -6.5181718242e-08 -1.651008813e-07 -8.6914408556e-07 
1.3265394292e-07 2.4974159551e-08 9.1213470762e-08 -6.1872242295e-08 -1.6262965626e-07 -4.2680780318e-07 -6.9487946722e-07 1.0698940758e-07 2.6164417398e-06 
-0.025665764151 -0.027252060098 -0.07358576759 -4.9071967419e-07 2.0128702039e-07 -3.9713412124e-05 1.1333824326e-05 -6.2739407486e-06 -6.2510026273e-05 
8.2056011757e-07 -2.8994019122e-07 -1.319999807e-06 -4.0552048284e-06 4.2883108256e-07 2.4804872341e-06 5.4911189475e-07 -7.2467818092e-07 -9.3114126069e-08 
-1.1019354056e-05 -4.4476736004e-06 -3.4909570042e-05 6.545482918e-08 3.4371685275e-08 1.4883450553e-05 -2.1659724556e-07 4.1173642423e-07 2.3184638602e-06 
2.0020343111e-06 -6.5355970714e-06 1.8061368043e-05 1.5388931965e-06 -4.1008836498e-06 -0.0012024207922 0.019402089984 -0.0011434885181 -0.063220402846 
-0.0080524259266 0.030495140505 -0.042933457715 0.019246830558 0.012633049737 -0.082257577329 -0.0098822677572 0.019852638388 -0.17121232984 
0.020772544131 -0.022827989402 -0.12590506806 0.028153917826 -0.014029260277 -0.10872138983 -0.02243429747 0.095670166916 -0.060686551686 
4.8080242114e-08 1.5912974617e-07 -5.0517721423e-07 1.5874445095e-16 -1.7398556687e-17 -1.3242341011e-16 -1.6382055935e-05 -9.4606868893e-05 -1.0915513818e-05 
0.016817985972 -0.00084776760484 -0.12557170406 -0.030852099314 0.017506827712 -0.15198121698 0.045147943379 0.008148961626 -0.1079809533 
0.052432850018 0.00025287693656 -0.099561277226 -0.0014092103601 0.02682902274 -0.16532671813 -0.066346778952 0.01172781934 -0.10291024141 
2.7223938107e-17 -3.3006085732e-17 9.1722710476e-18 -2.6992586446e-05 3.8800672523e-06 -2.5730731579e-07 -4.043691413e-11 -1.6982274968e-11 5.4834168969e-10 
-2.2577589721e-05 -5.740268157e-05 -5.5482783636e-05 0.024724070106 -0.012330955019 -0.050194192035 0.066350923465 -0.013507713557 -0.085981525073 
4.6970969331e-10 -2.2209522538e-09 -1.5730100497e-09 -4.3744204306e-10 3.3720063577e-10 1.6522830696e-10 -5.0598880217e-10 -3.2466926892e-10 -1.0737535991e-09 
1.3397348629e-09 6.9159506944e-10 -1.5974542513e-09 1.9493939903e-07 -6.7042273791e-09 2.0553693221e-06 -5.4214315579e-07 1.2063847696e-08 -7.3450321143e-07 
2.7751018692e-07 -2.0983119966e-08 1.9328052061e-07 9.0413134558e-07 3.5322571484e-07 -1.1200865641e-05 1.1236365537e-11 -3.4242407111e-12 4.2587603852e-09 
-8.5009953951e-07 4.1978501645e-08 -7.889265742e-06 -7.6908227601e-07 4.3053379936e-07 8.6045210419e-07 -4.4283864553e-10 2.6933036395e-10 6.8795572568e-11 
-1.691216515e-06 2.3228219454e-06 -3.2618600356e-05 1.1011912248e-05 -2.9317460935e-06 1.0397192947e-05 -1.8224854409e-05 9.7950062041e-07 -4.674079887e-06 
1.102675057e-05 -5.3821055161e-08 -5.4004452456e-06 1.1569403493e-06 3.4863592994e-07 1.0783234798e-05 -1.1330841712e-05 -4.1848185379e-06 -0.00014223946508 
-3.3078188967e-06 -3.103258342e-06 2.162404985e-06 -1.576743667e-09 -1.1821144038e-09 -2.9006049709e-09 -6.479407568e-10 -1.3021369968e-10 1.3778808043e-06 
0.0069359775784 -0.024355229473 -0.055306595938 -0.022398197391 -0.012511363448 -0.046082513725 3.0045639124e-10 1.8462652501e-09 1.1392134062e-09 
-1.5418434924e-09 -3.9512065929e-09 -6.7969045824e-09 -4.8866054312e-11 3.0413937851e-10 2.654141517e-10 0.00034844310626 -0.00042388633003 0.00049640290396 
0.026694553 -0.020578726778 -0.051279685157 -0.033579233588 0.015283520068 -0.18213629141 0.035450459756 -0.0018135356773 -0.10168285221 
0.031352644537 0.0035207117472 -0.073389207728 0.0034205413759 -0.006328482028 -0.13743901094 -0.061461432572 0.005382300569 -0.14577580999 
0.017407259274 -0.0085022394523 -0.14740116851 -0.01591177094 -0.01654970012 -0.15350974476 1.3997970459e-16 -2.0986024743e-17 -6.3370546094e-18 
-2.2026879555e-07 -2.5891030652e-07 -4.3473400513e-05 2.4092087311e-05 7.9572702319e-05 0.00040923494093 0.031151755383 0.050917781243 -0.10082856411 
0.026899250544 -0.017639169105 -0.1073330168 0.010536817348 0.022172437333 -0.12370151046 0.011916130894 -0.012432967368 -0.089458316946 
-0.030622196295 -0.01406764779 -0.11188965053 5.0642107543e-05 -4.0551264116e-05 -0.00027237112723 1.2208470763e-14 1.6386445068e-14 -5.4734832968e-14 
-5.2304727898e-10 -3.1049187415e-10 1.8546281861e-09 -2.3567088948e-14 1.2816111957e-14 3.2600485188e-14 -1.4175797859e-16 -1.3238729223e-17 -6.5905555763e-17 
-7.1324658569e-11 1.0089798705e-09 -1.2223175685e-06 -7.5794651915e-17 -6.8514533067e-17 1.1982320319e-17 -1.7477940652e-05 1.7001033121e-05 -7.3911964378e-05 
1.1857623504e-09 -7.0647062916e-10 1.2812099151e-09 6.526919546e-06 -1.9366176568e-06 -4.8574742308e-07 7.5945940897e-06 1.0955115628e-05 -5.9397428979e-06 
-0.00032224679571 -0.0001140791286 -0.00053047842844 -1.4068937606e-13 2.4362980227e-13 1.0111280384e-10 0.0030046559458 -0.018656375688 -0.1049168925 
0.00748041887 0.017161854702 -0.10825499778 -0.023737548973 -0.032607683152 -0.10658273198 0.087670177981 0.016949176318 -0.094176146515 
-0.00038973527732 0.03141359957 -0.08556424023 0.020631706685 0.027492266844 -0.17933189374 0.010111427521 -0.0032982284184 -0.004336203704 
0.00013514003209 0.00022365960697 -0.00018947424846 0.0010223415149 -0.00086205576352 0.0010828159392 2.4175922422e-11 -1.5582544687e-10 6.3718229739e-10 
-0.015004017768 -0.0088895572392 -0.10046688632 0.025413396875 0.011221135935 -0.12763227492 0.0029676208783 -0.011787125101 -0.13406842444 
0.0052475115464 -0.038074706959 -0.15337231576 -0.0026212941238 -0.002301384006 -0.10613324546 0.042135570783 -0.04683019354 -0.13367250019 
3.529946227e-13 4.5645265992e-13 -2.3557265329e-07 3.601083519e-08 2.9974860814e-08 -1.6188958107e-06 -1.3633657047e-09 -1.8238023623e-09 1.2422356599e-06 
-1.8750697035e-07 -7.0068125561e-08 -4.6231257838e-06 -0.029363187426 0.0012138466972 -0.062323402729 -0.0012882422293 0.040876997247 -0.13540014892 
0.054617158951 -0.045036678694 -0.072153244572 0.044585314133 0.0046127091859 -0.077804562832 0.014198822116 0.057110206265 -0.097130422422 
1.8261207246e-10 -3.3518581752e-10 -1.6316327184e-10 3.2467937991e-07 1.3504969118e-07 -3.2714377503e-06 -6.781593311e-06 1.0893195985e-07 3.4251543789e-06 
-1.2052294181e-08 -5.1797105749e-09 1.849911781e-05 3.0227777745e-07 1.3265145622e-06 1.1172127891e-05 1.3783860074e-16 7.0466360369e-16 -3.3617269581e-17 
1.2399536279e-16 -1.6000644138e-16 -8.1938897442e-17 -9.3777344668e-18 1.8793420344e-16 1.680252181e-17 -1.212153178e-07 1.1227725079e-07 -1.4730412089e-07 
3.3465483879e-10 -1.4834613702e-10 1.8145513816e-09 -2.485318513e-09 6.1518872022e-10 -3.543509578e-07 -9.0315978903e-17 1.8221717198e-16 -2.4630097581e-17 
6.9253667272e-17 5.8727640833e-16 1.4850327525e-17 -2.1473579761e-16 -2.2375520633e-16 -3.0536897261e-17 -1.9342327189e-16 4.4116717926e-17 -2.4261731113e-19 
-9.4602817228e-17 -1.4612097837e-16 -1.7097567832e-18 0.00044760583457 -0.013579322449 -0.12395181221 -0.0092164795735 0.032917363205 -0.072641163428 
-0.02884731107 -0.016160583705 -0.0788743656 0.015622073751 -0.030962574165 -0.066541711867 -0.044684742181 -0.036456537469 -0.11256315476 
0.0022217426713 0.030104911394 -0.12164199063 9.5124400404e-17 1.5650980744e-16 4.3115117772e-18 -5.0598250587e-13 1.5580774248e-13 -4.8783319566e-12 
3.2969932985e-17 5.1102395322e-17 -1.34212006e-17 -5.6868454572e-16 4.4559109542e-18 -1.1498217577e-18 0.0046315833174 -0.013333019467 -0.13881895383 
0.021130018394 -0.049218293014 -0.13841531839 0.0036361744289 -0.038357408385 -0.10008414099 0.034941492077 0.0064046598413 -0.10931009593 
0.0055860043103 0.030026918824 -0.11460228531 -0.0044961730771 0.030385188325 -0.1011914457 0.02355604926 0.0091489837264 -0.13478543916 
-0.038797381831 0.011016676312 -0.1068309086 0.028868368552 -0.026517409734 -0.10648373025 -1.5417845257e-12 -4.4498760778e-12 7.0667717484e-12 
1.1028267205e-07 -5.6053173915e-07 9.2289227825e-07 1.5308318203e-07 2.7194912294e-07 1.085694505e-07 1.9283973122e-06 2.4347828108e-06 2.4487114293e-06 
0.0066314924836 -0.064979579976 -0.0734209123 0.0089036102528 -0.01860795429 -0.075176541513 -0.07594852905 -0.037392122057 -0.1151650147 
5.6627718192e-11 -8.5965712486e-11 1.5572216266e-11 -8.2724748136e-11 7.4017942627e-11 -1.1575268597e-08 1.8163667283e-16 -6.9510093695e-17 5.3510254372e-15 
-7.1965892873e-17 2.6708077195e-16 -1.1596578875e-17 4.7327580994e-06 5.8619929011e-07 -3.882446415e-06 7.2397448066e-06 3.6878773534e-06 -6.5402766715e-06 
1.8430510686e-16 1.0045312723e-15 -9.5974799552e-18 -3.2272360754e-14 -3.2678645779e-15 1.1165155289e-12 -4.5218195988e-18 -2.3611068319e-17 -1.6228477049e-18 
-4.9682021099e-05 3.8563266163e-05 3.1311890423e-05 -8.6590103567e-15 -4.5617962136e-15 -2.0164140243e-13 6.0973798559e-05 -1.2768908936e-06 0.00010569523941 
-4.4562478257e-14 2.9718905155e-14 -6.6547850586e-14 -5.6026718931e-17 -3.6330781159e-18 -2.3422314744e-18 -4.8564274067e-17 1.6449777036e-16 -9.2079561311e-18 
3.7667634219e-06 -3.1048848621e-06 -9.9662934666e-05 -4.7670365357e-17 -1.283728582e-17 -1.1248626714e-20 -0.037926892795 0.025267333213 -0.099133242607 
-0.0057953093589 -0.037702479255 -0.077764459795 0.021098289482 0.0043170951713 -0.083161628882 -7.3013409691e-16 -1.4136356112e-17 -4.9429316954e-17 
-6.0133952273e-18 2.8960022112e-17 3.2191470308e-17 -8.3110188296e-11 9.9388406086e-11 -2.4016574049e-07 5.6855337495e-07 -5.5953255905e-06 -0.00013106633807 
2.0447206039e-10 3.3371974752e-09 -2.7599071681e-09 -0.04105791924 0.010371993856 -0.12558475527 -0.058952103634 0.032109118291 -0.11406043949 
-0.012311874431 0.0084527180552 -0.068858737661 0.016858260171 0.0070972116457 -0.13507332832 -0.031280542293 -0.018346176988 -0.12725401131 
0.0075894607406 -0.03656455174 -0.064064321945 3.7325985806e-13 3.6879021343e-11 -1.7348184999e-10 1.5310786143e-10 2.2608131508e-09 -1.5111556929e-08 
-1.0108480959e-06 -1.2150607446e-06 -4.2987895776e-06 3.0271982037e-07 4.1596804826e-08 2.3239704702e-06 0.003308801901 0.012241154727 -0.090215171083 
0.030474599748 0.045679894992 -0.087273761158 0.0016387782945 0.021977646838 -0.15121192289 -0.0046407295976 0.019796501917 -0.15209225927 
0.0062798942328 -0.051897429771 -0.08773647728 0.052178011208 0.031444879224 -0.083480559997 0.029008582978 0.021959044097 -0.14573102313 
2.2252910031e-12 3.6787398256e-12 -1.9194814328e-10 -8.2123894158e-09 1.1940910376e-08 -1.1496646293e-06 7.7807192321e-18 1.3364573504e-16 2.1367249809e-17 
1.6152311258e-08 -4.0069041741e-09 2.1589678024e-06 -3.3006516485e-15 1.4614216301e-14 -2.2406438217e-18 2.9395447587e-11 -1.0594486922e-11 -6.4135913965e-11 
-0.00025697542656 0.00092925649997 0.00085706372457 -1.3179137395e-16 1.5814059877e-16 -5.835093487e-19 -0.00019011533244 0.00022415965134 0.00027541696077 
4.9609237404e-15 -1.7848946046e-14 -1.9094085525e-14 -5.9817191317e-15 -3.0472315595e-14 -3.1138135549e-14 -1.6307319242e-06 -1.3378019651e-06 -6.4603508917e-07 
8.599861966e-13 3.2909319927e-13 -1.0542019593e-11 1.3497920386e-06 3.0168798724e-05 -5.676417615e-05 8.8521790717e-07 6.6031723245e-06 0.00017544913223 
0.017368074198 0.00085665933326 -0.12881288778 0.017921546555 0.036143208492 -0.074255599247 0.0089577834183 -0.034757044562 -0.1561444326 
-0.050310922118 0.041035462278 -0.046432835645 2.0321827907e-07 5.4582002923e-07 -2.1422729548e-06 1.0107006129e-05 4.8756528378e-07 0.00012942769066 
-1.0780747708e-12 4.5175325478e-12 1.863843779e-09 -0.006016771103 -0.027649932007 -0.12482556962 0.00099301404665 0.017065684439 -0.12679180683 
0.03200016195 -0.014134633974 -0.091973589487 0.012463290804 -0.0016564729942 -0.12258492728 0.0060443644393 -0.0090710911621 -0.11763822255 
-0.037717613258 0.014400687999 -0.10146968932 2.1135280185e-08 3.8689157923e-08 1.154346348e-06 -7.3101097182e-08 -4.8199481724e-07 9.9680029399e-06 
2.65736955e-15 8.5924589661e-16 1.1881806587e-16 -4.4507017466e-15 -1.4115207175e-15 1.0936281275e-16 -3.5737887181e-16 1.8376121048e-15 2.06375625e-15 
-1.0001160915e-16 -1.8024689632e-16 5.3476775711e-15 0.05705624186 -0.04649628994 -0.068189745173 0.00030183466953 -0.041211267116 -0.097275553358 
0.054528205597 -0.10395092151 -0.081074688524 0.027334173459 0.0082166326311 -0.12937188994 -0.027312612211 0.0028831934478 -0.086397476688 
-2.4183935722e-16 -2.9352402017e-16 2.2100688364e-17 -2.5948815835e-12 2.5581344414e-12 2.9989860429e-12 -4.6430213816e-06 -9.4194387828e-07 3.811857756e-05 
4.5810760371e-06 9.0727411604e-07 3.9402361843e-05 5.2764041204e-17 1.7528867275e-16 -6.3430845754e-19 8.5914980536e-17 4.666089076e-16 8.4704343695e-19 
-9.0183892285e-13 1.1300482121e-12 -6.0711650537e-11 -2.8812920863e-11 1.1667441449e-11 -6.2825017091e-11 6.1710751774e-06 7.9565347154e-06 -1.9291376825e-05 
-4.7388863878e-17 1.0174259862e-16 2.2082471356e-17 3.6480934725e-05 5.9493510895e-06 -5.3133910421e-05 -1.1335764592e-11 -3.2819531105e-12 -7.9399358847e-11 
7.8552802678e-07 2.7680358197e-07 1.2237131923e-06 -1.354412453e-09 -2.8924890519e-08 -1.3336762488e-07 1.3285018077e-08 6.3916302328e-08 -6.7639829882e-07 
0.021376118107 0.067001342918 -0.050343822767 -0.024941947651 0.025048716473 -0.088679828198 -0.00073088514366 -0.0099894368114 -0.13046652914 
-0.033682387564 -0.0024208172244 -0.14760987785 0.0012063443411 -0.046561532948 -0.14426755821 -0.0016950310262 0.0076816172516 -0.084649194685 
2.4451917566e-08 3.894142962e-08 -1.449312685e-07 1.1442082667e-12 1.3251466282e-12 -8.1874584105e-12 -7.706354006e-08 1.2683749854e-07 3.9721062758e-07 
-0.017363333402 0.012052504938 -0.083244341375 0.028250409773 -0.02092306098 -0.062914230148 -0.016258519979 0.0047988293765 -0.10406069336 
-0.065429620773 -0.0029627468351 -0.099545403284 -0.0060720953026 0.0062938773885 -0.14163202142 0.039249416345 0.00053530814221 -0.12437617962 
2.8978933915e-16 7.5245803705e-17 2.4788135232e-18 5.7792341892e-06 1.4929541779e-05 0.00010749619117 -1.9741009018e-15 4.5053238077e-16 -4.6812220719e-15 
6.7631322513e-08 2.0263454934e-08 -4.2093203922e-07 -7.6703451352e-08 -1.2910462756e-07 -1.3091943315e-07 -0.0060726749165 0.010677152657 -0.11844515405 
0.0042564182384 -0.02096653199 -0.08547389035 0.035689133667 0.018698547503 -0.11780324858 0.022041143218 0.032237617055 -0.09014481715 
2.432814423e-07 -4.1009146345e-07 2.2259622959e-07 4.0929102915e-07 -6.6430697115e-07 -1.8073779575e-07 4.0575164907e-08 -4.1154485541e-08 -5.0708874055e-07 
-1.4693388912e-08 -3.2336062147e-08 -1.3775053259e-07 -7.9263188827e-08 4.6708454279e-08 -2.1081770729e-08 -4.876495422e-06 -8.8986856775e-06 -2.1419327977e-05 
5.8600048463e-10 -2.1057583072e-10 -3.0880434301e-07 -8.926344031e-05 9.568326161e-05 -9.8959783742e-05 5.9703586021e-06 1.3507542683e-06 6.0700908216e-05 
-3.5797566552e-17 -1.2738742961e-16 3.185009732e-17 5.0334303493e-16 -2.0559682328e-16 -1.4055638238e-17 -7.7119835534e-17 1.5335952253e-16 1.3416586737e-17 
-2.3425548459e-05 -5.8935999836e-06 -4.9960686158e-05 -2.8739590746e-11 -1.3318575414e-11 -4.4169803111e-11 1.1304384966e-11 6.4757609422e-13 2.8730077957e-11 
-1.1402601804e-05 -1.3059660244e-06 0.00019024267158 1.9369378237e-08 -5.5118862389e-08 -5.7431642591e-07 -1.923573594e-08 4.4381577921e-08 -6.3207047018e-08 
-0.0092411413067 0.013918339563 -0.097989693644 0.033534000561 -0.04827206077 -0.10778628186 -0.013517393917 0.089372797523 -0.060284747763 
-0.034410856219 0.016010675802 -0.12512187672 0.012724278998 0.049672063284 -0.055755215151 1.0751449129e-16 -3.5842402375e-17 6.2541435714e-17 
5.6962484096e-08 8.3207120713e-08 3.2758615018e-07 2.770088495e-08 2.7289549965e-08 -4.3330519919e-07 0.014815825029 -0.022859145848 -0.057942601898 
0.0023085098785 0.031099667529 -0.078209929904 0.013253471525 0.0069770706578 -0.16287181009 -0.033073283508 0.017697441505 -0.12661065901 
0.0094699134248 -0.015975386922 -0.12174334342 -0.0017440821202 -0.023130971803 -0.1225445994 -0.028959638179 0.0094126033924 -0.051999329063 
-0.0030919696103 0.016697266704 -0.069439092484 -0.034089098864 0.011520231672 -0.046938856912 -3.245184873e-06 -4.0047966321e-06 -2.7472407391e-06 
2.6714185427e-06 -1.5277114749e-05 -2.6314634677e-05 -4.6330360728e-16 4.171784379e-16 1.4014266816e-19 -4.0102190116e-13 -3.5286349161e-13 1.3669027817e-10 
-1.7834231784e-07 -1.9313007618e-07 1.5257459255e-06 -0.016270052346 -0.034027856937 -0.10392541386 0.014467970569 0.013665411689 -0.13159513043 
0.0050508099913 -0.031400296788 -0.1008602742 0.075321184641 0.00042208484146 -0.11022883131 -0.021968185573 0.031637802952 -0.10955024493 
-4.6058117952e-07 -3.3327131204e-06 5.8737670721e-06 6.7518788635e-05 -0.00020923441958 -0.00032807191556 -3.8540555108e-05 2.8179923092e-06 3.7437231715e-06 
-7.6014458535e-06 4.2356386146e-06 -9.0464483863e-05 -1.0687541348e-05 -2.6740623705e-05 0.00015190374386 -1.4911974254e-05 5.1452270641e-06 0.0001260668929 
4.5233552007e-05 -2.0379229766e-05 -4.0803336393e-05 7.6094518193e-17 2.9317977258e-16 1.9791012037e-17 5.8498508028e-07 3.1618766334e-06 6.8698240586e-05 
2.336250594e-17 -3.0773496731e-16 2.6201978574e-17 2.7524104479e-06 1.2709734419e-06 -1.2784298772e-06 -2.9065327659e-07 4.8246441614e-07 -4.6050691727e-06 
3.1463546799e-09 -3.9482921738e-09 -9.5229485737e-09 0.011037969085 0.023345925099 -0.095745933739 0.015971082839 -0.028160353558 -0.10585355085 
-0.011520127926 0.017161681882 -0.11806994294 -0.019034996696 0.036250417946 -0.076819514479 -0.0038168635442 0.03044534486 -0.081906225878 
-0.031734359677 0.0058295965996 -0.1193771038 0.03285978347 -0.0063373083107 -0.046496630108 1.9556789113e-06 2.4396818834e-06 -3.6545667505e-05 
1.7788169164e-16 1.9808109483e-16 -1.1450438452e-16 -9.720768632e-07 4.7658042613e-06 3.5790990355e-05 0.016404254272 0.019272744201 -0.12609959886 
0.068455519079 -0.012254784271 -0.010036548382 -0.057284225577 0.039505662938 -0.12624193697 0.021022401994 0.049728468321 -0.12607012656 
-0.019489130349 0.0086002092843 -0.10843017126 0.0058152356257 0.049948299437 -0.098717598684 0.040442996473 -0.030043186506 -0.065862201443 
-0.062483938526 -0.011234782434 -0.061948692281 4.1007423186e-06 -2.03992131e-06 1.3523970793e-06 -8.261042321e-11 -6.3468983315e-10 -6.708352326e-07 
-0.023199816919 -0.0067402257336 -0.04846267934 -0.0083355534642 0.0049025647446 -0.12690183634 -0.024700285075 0.046906588185 -0.13482848196 
-0.020650602925 0.030997852668 -0.07972112758 0.073529794184 -0.011624814608 -0.13255692022 0.011176896948 -0.01534329349 -0.053059294521 
-0.040620147365 -0.012157284278 -0.078951926438 -3.1248349814e-07 -3.3612741734e-07 1.7413199709e-05 -0.0010141948713 -0.0025375012108 0.0035283352499 
-2.4516958115e-05 -2.2679285178e-05 -2.5018221463e-05 7.5533296718e-06 -8.291619019e-06 2.9310278249e-05 9.9916412634e-05 -0.00020325008982 0.0001464280162 
-2.6097120499e-14 8.4807607839e-15 1.1140789528e-12 -3.7748732248e-06 3.7492730932e-06 -2.5537951412e-06 1.4056690401e-11 -7.1779650983e-12 -2.3599259994e-11 
-3.0372559027e-07 2.2813500099e-07 2.2315947976e-08 -1.7519036771e-08 1.4632665751e-08 -1.9785128707e-08 -6.0177828865e-13 4.5770037974e-14 -9.2886504503e-13 
3.6876570674e-17 1.2812779914e-16 -4.599576324e-17 -6.1515087767e-06 -3.6821495916e-06 2.0001902961e-06 2.1889593231e-09 2.0023676858e-09 2.3128715951e-09 
2.4485979999e-05 -5.2908447387e-05 -0.00011554341992 -4.8810080761e-07 5.0942934325e-07 -6.3930282725e-06 1.0922381891e-06 -1.1042463536e-06 -3.0930634106e-06 
0.018002494562 -0.063722673609 -0.066812224534 -0.027501247275 0.023171627748 -0.10619102818 0.067509218485 -0.011184419867 -0.047924227566 
0.0046169120654 -0.018655009289 -0.06721985241 -7.4210829654e-06 -0.00014742924751 -0.00011619997797 0.0036299580125 -0.0023758463685 -0.0014483494252 
1.29099254e-06 -3.3457516008e-06 3.2876070942e-06 0.029286003308 -8.4729467794e-05 -0.055421588404 0.015661090212 -0.049114549181 -0.087094483101 
-0.001196018095 0.012494071542 -0.078891385756 -0.0070904206986 0.017874248655 -0.12245721124 -0.068450687352 0.07090109785 -0.075206250169 
-0.031109209203 -0.0551032644 -0.060544051348 -2.9972245303e-07 1.2673758486e-05 -2.2897468817e-06 2.1567484121e-16 6.8943442809e-17 -1.3103648686e-17 
6.5840715152e-08 2.0745855387e-06 -3.8687455973e-06 1.6936137528e-06 -2.2417852887e-06 9.0962513306e-06 9.9065482444e-06 9.0506739999e-06 1.1448294726e-05 
-8.9550649096e-07 -8.124787971e-07 -1.4528993624e-06 0.020477803749 -0.069615656349 -0.062388729063 0.018220472454 -0.069118737188 -0.096874078489 
0.0078893742917 -0.039503691324 -0.10010088378 0.007916096796 0.024762642186 -0.11504235439 -0.083743037335 -0.0089992615908 -0.036615789418 
-0.041115203844 -0.04784370354 -0.052785203734 -0.051531322631 -0.02547712305 -0.080242503186 1.3929152832e-14 -1.2586881687e-14 3.2026427519e-14 
2.7213124472e-07 -1.1686115954e-07 1.0431785504e-06 -3.5577782918e-11 3.7164120217e-11 1.429974591e-11 -1.5683992624e-05 -1.5392489405e-05 1.1599259517e-05 
4.587584947e-07 4.4919899378e-07 1.3835432855e-06 -5.1012162153e-06 1.9713405565e-06 -5.3649277779e-06 3.0136893062e-07 3.3353107057e-07 -4.0389591057e-06 
6.5945168751e-13 9.6702457187e-13 -1.6517628868e-11 -1.3782397956e-06 2.5851661412e-07 2.9725194968e-06 -3.362189463e-16 -9.8764676998e-16 2.9693345007e-16 
7.5872671513e-16 6.1055844453e-16 2.0320929989e-16 -1.1962131212e-16 -1.8812261472e-17 2.5358129919e-17 -1.268239363e-16 3.5338036889e-16 4.3155648692e-17 
0.0062411229751 -0.0091663992614 -0.11628958047 -4.304681125e-17 -3.8823239378e-17 -2.8581055096e-17 -1.1030411244e-16 -1.1671506197e-16 6.3318846555e-17 
0.015198299152 0.031624130635 -0.064340914123 -0.062976741306 -0.015843475004 -0.10868989665 0.06580185593 0.0035687535559 -0.039189037627 
-0.051049927286 0.0085174182424 -0.059492167015 -0.032454699544 0.0033620846344 -0.16249590834 -0.0040947037165 0.013353076315 -0.11452998742 
-0.0054573770633 0.033567983743 -0.1304720581 -5.9499890133e-17 -9.8556088989e-18 -1.8107463651e-16 8.2274468165e-08 3.596384075e-07 1.9556162245e-06 
5.215008439e-08 4.545282625e-07 1.6208028059e-06 0.068195341101 0.02258030196 -0.12752688243 -0.047551895626 0.005334810736 -0.22280964359 
0.041606557778 0.0070403760847 -0.071706615524 -0.020714793272 0.019648070136 -0.10055540178 -0.060423106532 0.062172305584 -0.074775288378 
6.7976647897e-16 -2.1825119927e-16 4.8959463031e-18 9.6010169432e-17 8.1800686123e-17 -7.4948200605e-17 3.0951439976e-08 5.5630559631e-08 -1.4408421563e-07 
0.088132284812 -0.082277668689 -0.0066202850909 0.069028363304 -0.0098840770872 -0.049853709885 -0.0030264613483 0.0065929583058 -0.073302123313 
-1.09676697e-14 1.2932745444e-14 -9.8389516064e-14 -6.0468685842e-15 -2.2328276289e-15 3.7133793996e-15 -3.7475858621e-08 -4.0874208915e-08 -5.5077715762e-08 
4.0360645192e-17 -4.0034757937e-16 5.0016978589e-17 -9.0791036136e-09 2.335475287e-09 -2.0258780899e-08 4.9760704063e-07 5.1356223823e-08 9.423670126e-07 
0.0098398124456 -0.040783826264 -0.089315051958 -6.6092615852e-15 -1.3902541337e-14 -1.0555399462e-13 -0.036505603223 -0.028092119182 -0.16185829374 
-0.038506830022 -0.03392458984 -0.039561942494 -0.049489734247 -0.017239136919 -0.11025201132 -0.044994887077 0.072398534639 -0.085622987535 
0.069374523635 0.01697155456 -0.0089864686245 -0.014883276715 -0.035578347524 -0.085676918353 0.0346308584 0.00060015483353 -0.15734090037 
0.040323556826 0.08384568916 -0.048446471408 -0.094755458701 -0.055784223322 -0.11445414926 -0.052853960621 0.020699795646 -0.10078219471 
-0.011811378353 -0.0609571987 -0.082735615075 0.029677818276 -0.055487437511 -0.094949515829 0.014792995824 -0.0088111147856 -0.14680782421 
0.0032739456637 0.004607006022 -0.024958492028 0 0 -1.6868315879e-15 -0.035386352378 0.014020731879 -0.080058925345 
-0.012181505913 -0.037088891749 -0.017655206292 0.16378410947 -0.015247449193 -0.18898579515 -0.012043601535 0.075040446797 -0.11841936671 
-0.020829287538 -0.027026207527 -0.032980117631 0.015437725977 0.062073530823 -0.056548955032 -0.021406186871 -0.0068792611187 -0.090520873546 
0.020737395548 0.015561584118 -0.050692023074 -0.009750981939 -0.039926572728 -0.12180866947 0.0011704871322 -0.046998571797 -0.092913954712 
-0.021627584609 -0.015731256973 -0.10099041672 0.015605286454 0.0021185046458 -0.14952018442 -0.011716531901 0.0026679641683 -0.095225346551 
0.037790184087 0.054996209443 -0.076117185957 0.007349929345 0.027479850351 -0.20799429067 0.039211072499 0.031108540598 -0.11025811554 
0.070838600868 0.026188572127 -0.079357148016 0.027633338611 -0.042868274053 -0.018616041193 0.0084556083526 -0.00032352925141 -0.055763652321 
-0.00531708493 0.069765674276 -0.064167928666 0.029864765356 -0.026353702637 -0.003654233877 -0.015028794981 -0.012009927773 -0.054925704782 
-0.013375269318 0.10811925745 -0.07760774928 -0.063146293864 -0.0092712620222 -0.029180824747 -0.07151409523 -0.031814273988 -0.11651413395 
0.0040723393852 0.058518899343 -0.019417967015 -0.0141723368 0.036170205678 -0.032752377067 -0.026437516788 0.0039207068179 -0.14129404389 
-0.02813932041 0.010195310299 -0.14144284789 -0.010586146134 -0.087966603643 -0.0884085069 -0.048734118181 -0.051498197938 -0.069203327525 
0.012094224459 -0.01466070982 -0.0067300255523 -0.0070994330994 -0.005698259685 -0.13267631516 -0.028379722752 -0.0098251015461 -0.0203852562 
-0.033079314148 -0.059023769075 -0.13723089203 -0.043797397556 0.012272163356 -0.11846306881 -0.15688279769 -0.0094745460251 -0.11223957518 
-0.033566182912 -0.0054765198657 -0.053001567564 -0.021526798732 0.072686151148 -0.04557546462 -0.043409999206 0.038104260164 -0.024626469779 
-0.09490086636 -0.0059677001754 -0.077871739747 0.074109954805 0.073345594084 -0.12954070422 -0.062860125737 -0.032878908257 -0.028435233831 
0.022568768423 -0.03298618013 -0.045435727524 0.00023952191452 -0.0053603360273 -0.089135399409 -0.080232186151 0.08111978496 -0.015560380003 
-0.050947647172 -0.0075412500021 -0.23775819434 0.076536041414 -0.066903948501 -0.076740559157 -0.039848785927 0.058393798291 -0.069511263174 
0.014402131957 -0.050000348627 -0.10705208434 0.010566152294 -0.064126888914 -0.22841418717 -0.024919819384 -0.0025597379962 -0.039155703327 
-0.033922390563 -0.063851576044 -0.059105761154 -0.070407906476 -0.023535032217 -0.13456162108 0.11797038666 -0.060977195584 -0.20345796111 
-0.0350825736 0.0052591167315 -0.04527483961 -0.10595389726 -0.091546111889 -0.045830402321 -0.11703081135 0.016946403689 -0.17276256144 
-0.099462268077 0.11094094843 -0.10203677812 0.0053370804706 0.035251232387 -0.18614445279 0.14717431345 0.050152763388 -0.042166007396 
0.059521675754 -0.03264592286 -0.088807956101 -0.10525415077 -0.04803237244 -0.13372027212 0.070496969954 0.025965850239 -0.1126862431 
0.038389904642 0.016257191544 -0.24581053906 0.073822836455 -0.1408076925 -0.10925881098 0.0040978495964 -0.017647046869 -0.014478923015 
0.078866728863 0.060435672597 -0.12705397997 0.044700207827 -0.0044563616272 -0.026738603484 0.02614227591 0.15853473475 -0.085167612579 
-0.056959735364 0.056710716544 -0.10579620985 -0.16211044222 -0.049505904021 -0.045282711921 0.17285219318 -0.012817577375 -0.058449730478 
-0.14544088553 -0.014284543532 -0.12821011135 0.099540038094 -0.03090580087 -0.1190334599 0.081950759366 0.093898360964 -0.086174460488 
-0.03368910599 -0.061366433075 -0.30346504834 0.0091871579878 -0.05392390943 -0.14254088078 -0.08152554697 0.097134591321 -0.045840704027 
-0.085466322539 0.067647677339 -0.050083927253 -0.079493330315 0.1083864456 -0.12646407251 0.033506411973 -0.10042035837 -0.14806499165 
-0.038733485048 -0.024179520345 -0.22085413946 0.063789595525 0.06980537487 -0.089634577167 -0.044500847975 -0.024875328365 -0.095823657151 
0.058182508731 -0.11881234739 -0.18771278287 0.04116869346 -0.098267165869 -0.13652977708 0.02216803909 -0.012560264254 -0.10173653985 
-0.00086461899491 -0.090614271853 0.0010328608246 0.040196802509 0.067692973605 -0.13160291094 0.024602934631 -0.015489165531 -0.039114935745 
0.0065252624622 0.082160305341 -0.096077789009 -0.0053964093922 0.038095682766 -0.033840198396 0.017240473386 0.083128351177 -0.086248477788 
0.10994348413 0.0900217793 -0.1448614449 0.091307998472 0.065029490333 -0.150691334 0.036684460159 0.062322980261 -0.1199698699 
0.027531055524 0.04358872686 -0.04345512897 -0.003073111394 -0.030626997078 -0.027209907779 -0.036979938246 -0.16488379317 -0.10912971841 
-0.033682374288 0.07586679002 -0.13765352066 -0.0135551034 -0.05433177575 -0.21204032533 0.1009004472 0.0087357274987 -0.2739808428 
-0.13235767342 0.0045929467265 -0.1027222779 0.059360300777 0.012951482805 -0.15227063684 -0.010837490856 -0.052212502 -0.21634756368 
0.12102937532 -0.021701641264 -0.024584168751 0.0066929542914 -0.0075614032656 -0.16941524038 -0.016349087299 -0.01687278024 -0.0940765026 
-0.065722469682 0.014896130588 -0.10550868002 0.10755915863 -0.034241141156 -0.14322363605 0.019416591293 -0.1200040616 -0.10125672583 
0.067218780575 -0.11151298959 -0.20709634469 -0.024463608565 0.085007511344 -0.036691163009 -0.011262650183 -0.061094453543 -0.12286150798 
0.081539834797 -0.023801802247 -0.13919436225 -0.028822898735 0.09518780591 0.070835351588 -0.0049189467546 0.18016080364 0.02294436656 
0.045281599505 -0.013630776521 -0.086408462044 0.0664535762 0.12354637082 -0.11171663685 -0.034291460984 -0.10590899041 -0.028602254535 
0.068529707331 0.10113691812 -0.24107152254 0.010522002359 -0.076234648179 -0.1600424134 -0.062017786112 0.023762626687 -0.1996095387 
-0.024869073384 -0.18355127919 -0.21805773107 -0.074655123177 0.066884556461 -0.18994345712 -0.0047034205853 0.012672701123 -0.043913493444 
0.10648905208 -0.10530921034 -0.24140984419 0.0027821378057 -3.8553719083e-05 -0.073692547386 0.11019540531 -0.11383034297 -0.075897066377 
-0.033280000324 -0.064473117529 -0.087180515271 0.038240475897 -0.0093319751165 -0.060096421281 -0.09139374381 -0.18765020196 -0.064668142293 
-0.025431010028 -0.0093209738182 -0.14031231504 0.0054792829897 0.083406914447 -0.098796586951 0.036474185967 -0.0094100430664 -0.14095932022 
-0.025388514527 0.0017815824961 -0.18722420789 -0.011370146147 0.12759396902 -0.023154309608 -0.040336735039 0.066734758548 -0.090049294013 
0.1497789453 0.04368758413 -0.10917672016 -0.018957159594 0.042044267483 -0.15084748098 0.059980362337 0.083042642353 -0.061567421136 
0.051036347528 0.12887273327 -0.16944248168 0.022862730453 0.12789356356 -0.075402320145 0.11827385983 0.072249870873 -0.14527590982 
0.044696068309 -0.087510274576 -0.23605262311 0.024168005168 -0.085270470442 -0.043797267583 0.042544829839 0.036773978949 -0.11064281782 
0.054059151975 0.050217988626 -0.14367209917 -0.026330433989 0.15108281018 -0.0080877581511 -0.00061605915624 -0.13076701453 -0.19582181455 
-0.023193246993 -0.091484782203 -0.1308768809 -0.022160094139 0.045889985038 -0.046633905517 0.0011795344744 0.061581274805 -0.13853370597 
0.038434922421 -0.012588493481 -0.059787727915 -0.018393850143 -0.065368664347 -0.13851199346 0.14528979885 0.14838700964 -0.24488454418 
-0.013114967236 0.011856479446 -0.13790777496 0.18006441166 0.043895260111 -0.082523351756 0.073171597156 0.083370229405 -0.19833447424 
0.038166482994 0.081362214392 -0.20852894066 0.015778419694 0.079615274931 0.011422694529 0.0082526719531 -0.08182532946 -0.084153385925 
-0.10450798245 -0.051253131866 -0.11727265806 -0.084370042055 -0.22842408419 -0.1392336567 0.045677457244 -0.07169260334 -0.026241180027 
-0.10584596553 0.084795895951 -0.098599687961 0.14309527547 -0.127929711 -0.09946036861 -0.0027934263119 -0.053598139929 -0.23975135952 
-0.078047757247 0.031034401403 -0.16052145935 -0.062103919348 -0.10388986423 -0.091770989641 -0.083457051459 -0.050199639557 -0.059681603172 
0.039618391043 0.093357099123 -0.31332051287 0.14603116701 0.055712279499 -0.077349672777 0.062801433845 0.12409889737 -0.14115941248 
-0.059217140147 -0.069551142584 -0.20501725532 0.036510939308 0.020275375794 -0.20359530521 -0.10227506111 -0.033167882252 -0.23860705684 
0.060432807314 -0.074945924511 -0.098759872142 -0.078354873215 -0.13299905063 -0.1657041159 0.025682353973 0.0051275603434 0.062831011435 
0.021362694652 -0.048860534333 -0.15988974645 0.016632220455 0.076782588392 -0.17216579066 -0.035731739015 0.20716886929 0.050677602059 
0.027670743599 -0.0058282704907 -0.16822072177 4.5542746316e-08 -1.1689987066e-06 -1.9956016952e-06 5.2535521787e-06 3.2138015517e-06 -5.0355053047e-06 
-8.0988595357e-07 8.4174213533e-07 -1.7195467198e-06 -1.4507552793e-06 -4.5791297866e-07 -6.2156730351e-07 -1.0887085411e-06 5.1058063301e-07 -7.4636430254e-07 
0.09243925232 -0.035215318432 -0.0055445777347 9.6834541853e-07 -6.2690257891e-06 -3.0512832202e-06 6.5472991954e-06 -1.8900658121e-06 4.5998336313e-06 
-6.2263050334e-06 -2.0370461328e-05 5.4407686033e-06 -2.787229665e-06 -6.3307355938e-06 -1.9269964745e-06 -1.173795777e-06 -2.4143781765e-06 -2.5366056891e-06 
-9.7740904104e-06 1.3119536468e-06 -2.2499235245e-06 -5.6978573917e-06 -5.6387507111e-06 2.6912822392e-06 -2.9093507357e-06 3.5872510575e-06 6.7889878633e-06 
-2.6865780801e-06 -6.5702856475e-08 -4.5814504784e-07 1.0790603432e-06 -2.9808692623e-07 1.9943701134e-06 4.6540771176e-06 -6.3248337837e-06 1.090667389e-06 
-0.028732956945 -0.16133298036 -0.19324565102 -4.0588934095e-06 -6.8800064441e-06 -4.4583427671e-06 1.5170723439e-05 -6.95694622e-06 -1.367696035e-05 
8.1287148888e-06 -1.9478185696e-05 -2.1101016444e-05 1.1668650225e-06 -2.1600942842e-06 4.0964339176e-06 3.018309464e-06 -3.4741720635e-06 -2.338666916e-06 
-6.2428735891e-07 1.0667911961e-06 -5.4546781598e-07 5.0957436249e-06 1.0101341587e-06 1.0766150996e-05 -5.1640000341e-07 3.5691401483e-06 -5.1488566248e-07 
0.031710705411 -0.14376607813 -0.17384812595 -0.11168430651 0.0090427474108 -0.027850027523 0.09543407354 0.09230955333 -0.12280286919 
-0.019133077933 0.055884603596 -0.12359262574 0.037965132673 -0.061127432573 -0.17485767426 0.061660687405 0.10459425185 -0.17159307778 
-0.017952392749 0.08776817098 -0.3444337494 -0.035671338542 0.086259365406 -0.17656932826 0.0022409470036 -0.044013539747 -0.076696879744 
-0.0050435969194 0.034688947472 -0.07090952713 -0.0071828221651 -0.005002131557 -0.15009713073 0.10217987158 -0.11968646039 -0.083911143786 
0.012596218711 -0.0075179065278 -0.39141433226 -0.040593402392 -0.057102797191 -0.068129542491 -0.035034271177 -0.036987359649 -0.10397954595 
3.1567984365e-06 -2.8703961856e-06 -2.1242809884e-06 9.5047957383e-06 -8.9951585831e-06 4.5153514971e-06 3.2402204008e-06 -6.5000614891e-06 3.0225532273e-06 
-2.0849576028e-06 -1.7987003226e-05 2.4200171285e-07 2.1602040579e-06 9.0496175527e-07 -3.6207183689e-06 1.8149650026e-06 3.6245938421e-07 -3.3680103993e-06 
-9.851194321e-06 4.1051267287e-06 -9.7398594524e-07 -3.2559516406e-06 3.7158821611e-06 -1.7722285439e-06 -9.1359509294e-07 4.7582855758e-07 -1.2177483145e-06 
1.4791971479e-06 -8.1695371839e-07 -2.3966831634e-06 -2.1928635224e-06 -2.5935042637e-06 2.5248017341e-06 2.9768187749e-07 1.0875003029e-07 -2.0419840297e-06 
4.3793812015e-06 1.8682288258e-06 -2.923604335e-07 1.7676369969e-06 2.8436432548e-06 -8.210623856e-06 -9.3046372491e-07 4.8853592512e-06 -4.5692756238e-06 
-0.1292219221 0.027929747728 -0.0041663084004 5.4180851124e-06 3.6698526528e-05 -1.1528867624e-05 1.0733251701e-06 -1.3816334561e-06 3.5265066932e-05 
1.7438543778e-05 3.4101328586e-05 -1.4474258556e-05 -9.5909889441e-06 -4.6521876996e-07 1.0489578501e-05 -3.7394653667e-06 3.5449394945e-07 3.0246936255e-05 
-8.0784807676e-06 -1.6196851604e-06 1.7216315407e-05 -8.8172495609e-06 -5.4432839641e-06 8.9969417122e-06 -1.3169421245e-05 -7.7253413747e-07 5.7484013748e-06 
-4.4958051518e-07 2.9327863773e-06 -3.8021427943e-06 -1.8425035241e-06 1.444850787e-05 5.3718888593e-06 -1.065581536e-05 5.488915709e-06 3.9014419359e-06 
-9.0229300627e-07 1.4171501752e-06 -1.4012922572e-06 -5.0049736162e-06 8.7320025313e-07 -7.6112560126e-07 0.02356494314 -7.1316163619e-05 -0.012584864203 
-1.3903758015e-06 3.9835361726e-06 -2.0240633546e-05 -2.5117607007e-05 2.9359815572e-05 -3.4097601889e-05 -1.105302307e-06 1.8589450079e-05 -1.3093357728e-05 
-2.5696567912e-06 -1.9742921947e-05 2.3177691415e-06 -5.6474530111e-06 -3.3431036407e-06 -2.1607924906e-06 -9.8627755189e-06 5.9480585874e-06 -1.3686760007e-05 
-2.8173055232e-06 1.7483508556e-06 -2.3620170059e-06 7.4775094508e-06 1.6896359686e-05 5.3696136679e-06 1.0374930874e-06 -2.5689028674e-06 -3.0369304769e-07 
-3.089822275e-06 5.7540890038e-06 2.2317510159e-06 -1.0772425392e-05 4.220801485e-06 -1.1019732402e-05 -1.2933779831e-05 -3.4777625348e-07 -8.4690652655e-06 
-0.041548292808 -0.044296485133 -0.082344355869 0.050489425926 0.086377632896 0.019443205114 -0.018905846045 0.048564717564 -0.084811857802 
-0.088598744786 -0.13315366994 -0.20155636942 0.028495384051 -0.15150203375 -0.24160711454 -0.0023870827815 0.019807332234 -0.39720332072 
-0.0083864585091 -0.12066214973 0.019049472865 0.058386065898 0.11579697226 -0.067194312285 0.084637375045 -0.013715467394 -0.30911213884 
-0.014675414998 0.15296584773 -0.2337826438 -0.092403224233 0.10052698345 -0.26475348308 -0.22322927063 -0.19227485951 -0.0012476743303 
3.2914465862e-06 -6.5910385345e-06 1.3779979381e-05 2.0901099879e-06 -5.6884562063e-06 -2.6649025261e-06 4.5261255942e-06 -4.8317757808e-06 -6.4634723383e-06 
-1.3838377571e-06 -9.4345153155e-06 -7.3178668016e-06 6.4856064401e-06 -7.5784625002e-06 -2.9512422819e-06 6.0442795597e-06 -8.2782285479e-06 4.8257335278e-06 
-6.4929459061e-05 -0.000127716915 2.7480095186e-05 8.229795989e-06 -1.6583483228e-05 -1.6726604311e-05 9.8621492574e-06 2.3536607095e-05 6.7800751104e-07 
4.8989417368e-06 -2.0157415453e-05 5.6664196304e-06 1.8578689635e-06 -6.937390577e-06 3.27574101e-07 -3.9342371901e-06 -9.267442531e-06 6.8323046997e-06 
-2.6380117399e-07 -5.0716529654e-06 2.73075956e-06 2.4924674157e-06 1.6906986141e-06 -3.447747207e-06 8.606995166e-06 -8.635631597e-06 3.6085974246e-06 
-0.15895167136 0.09034775468 -0.067238647051 -0.057587702687 0.036200701617 -0.014333272269 -2.2907860148e-06 -1.1013912249e-05 -1.1508993796e-05 
6.623857799e-08 -4.5481764659e-06 6.0071351753e-06 4.1479808507e-06 -2.0536325219e-06 -1.6054926588e-06 -6.7188578319e-06 -6.4714324656e-06 7.7084228214e-06 
-1.942450181e-05 -1.7577248015e-05 -1.0847963532e-06 4.7629785843e-07 4.2116396034e-07 -5.3511396753e-06 -0.03029120592 -0.10762387891 -0.089806857797 
-0.00053459561369 0.020763912004 -0.38630878049 0.058688886426 0.039269289378 -0.091217042336 -0.044789855812 0.20216146746 -0.1955701534 
-0.036666837216 0.016166532084 -0.024318290972 0.079518243671 0.098856643759 -0.040802671416 0.16381170007 0.10878096855 0.095881140527 
-0.17147551699 0.13573145744 -0.051580690111 -0.15077055999 0.031700568529 -0.22921072912 0.051601238465 0.036662073752 -0.088429930005 
0.050160971738 0.029523412176 0.11659405792 0.18813314674 0.16454779474 0.12877238763 0.073648768367 0.045713345223 0.24138218272 
0.038232289728 0.068021332759 0.10993440195 0.060523157906 0.010380741891 -0.007247995611 0.081159348995 -0.042232614866 -0.013594001235 
0.038973026189 -0.18723831598 0.16558623687 0.00093756749401 0.11107267997 -0.11704672482 -0.1193431672 0.089112342509 -0.23690612431 
-0.075568819651 0.069608096804 -0.058743432613 -0.14181872073 0.15458420526 -0.12215460124 -0.013175975257 0.13816657612 0.29996176634 
-0.26095492566 -0.028943743037 -0.34431475757 0.03227992247 0.03502081559 -0.15873782028 0.15502568136 0.036597016135 -0.13400070537 
0.0071328968917 0.13164702965 -0.039915515943 0.10151417485 5.8796072201e-05 0.070633141953 -0.10001800863 0.022090144481 -0.10817220119 
-0.10775843258 -0.050193241723 0.0028521817923 0.12716194624 0.10586067067 -0.20604980217 0.0011169710419 -0.017867776103 -0.37602298897 
0.0059182780907 0.00015645325734 -0.36821155337 -0.12913368756 0.0073440049731 -0.044952156882 0.15457146664 -0.080471803301 0.058429756504 
0.091085041186 0.00073630748561 -0.19315324453 0.0066300045111 -0.20343887246 0.01849374695 0.027269280135 -0.02372694934 -0.34878561566 
0.090986365218 -0.10303993196 0.10957807853 0.044004224306 -0.010673727273 0.022172173601 0.081247085348 -0.11702795661 -0.2293882191 
0.027332028117 -0.031976377679 -0.35737515729 -0.0083016322634 -0.0087686887534 -0.36316874261 -0.0084242821432 -0.007785996167 -0.36880247827 
-0.0034536595947 -0.0015475621267 -0.35781171396 -0.0094219394368 -0.11326570999 -0.12169290925 0.07089607315 -0.0070182853196 0.17908135604 
-0.0051158511458 0.013232872011 -0.35338821879 0.014705638224 -0.02228644618 -0.065556455406 -0.063914979482 0.14213880918 0.11920892257 
-0.10290281918 -0.073001614888 -0.16611803166 0.00070500721412 -0.010545205469 -0.35286485983 -0.0065671698615 -0.0082079822261 -0.35288129463 
-0.059589217851 -0.052992628433 0.1340089492 0.11535266969 -0.083027345049 0.18344422175 -0.0014035409693 -0.018472899035 -0.34892178745 
0.053687566853 0.014398256916 0.11822517454 0.015392777043 -0.0075879645104 -0.35740313727 -0.14427922709 0.025393694375 -0.19732885267 
-0.015439274091 -0.0025494266553 -0.35228176242 0.029169410071 -0.065147693638 -0.3347117287 0.002174410551 0.0045305860693 -0.357627319 
-0.23477065031 -0.16004459207 -0.010779554398 0.14830012221 -0.027839616508 -0.19766981262 -0.018502644962 -0.014394608869 -0.3400505211 
-0.0075623005918 -0.011684227398 -0.35140002996 0.0019611789147 0.013777207809 -0.33886155669 0.17689523863 0.10131568441 -0.11956168683 
-0.011757019386 -0.00693225413 -0.34655131251 0.034665787986 0.16261912361 -0.1880944813 -0.053082833232 0.079404128514 -0.23369803677 
0.21244080301 0.088566288257 -0.19813597919 -0.052659155483 -0.060118239669 0.042864011266 0.028336567409 -0.0066882239411 -0.3434046854 

f 3 3399 double
0 0 -5.1365039886e-09 0 0 -5.1365039886e-09 0 0 -5.1365039886e-09 
0 0 -5.1365039886e-09 0 0 -5.1365039886e-09 0 0 -5.1365039886e-09 
0 0 -5.1365039886e-09 0 0 -5.1365039886e-09 0 0 -5.1365039886e-09 
0 0 -5.1365039886e-09 0 0 -5.1365039886e-09 0 0 -5.1365039886e-09 
0 0 -5.1365039886e-09 0 0 -5.1365039886e-09 0 0 -5.1365039886e-09 
0 0 -5.1365039886e-09 0 0 -5.1365039886e-09 0 0 -5.1365039886e-09 
0 0 -5.1365039886e-09 0 0 -5.1365039886e-09 0 0 -5.1365039886e-09 
0 0 -5.1365039886e-09 0 0 -5.1365039886e-09 0 0 -5.1365039886e-09 
0 0 -5.1365039886e-09 0 0 -5.1365039886e-09 0 0 -5.1365039886e-09 
0 0 -5.1365039886e-09 0 0 -5.1365039886e-09 0 0 -5.1365039886e-09 
0 0 -5.1365039886e-09 0 0 -5.1365039886e-09 0 0 -5.1365039886e-09 
0 0 -5.1365039886e-09 0 0 -5.1365039886e-09 0 0 -5.1365039886e-09 
0 0 -5.1365039886e-09 0 0 -5.1365039886e-09 0 0 -5.1365039886e-09 
0 0 -5.1365039886e-09 0 0 -5.1365039886e-09 0 0 -5.1365039886e-09 
0 0 -5.1365039886e-09 0 0 -5.1365039886e-09 0 0 -5.1365039886e-09 
0 0 -5.1365039886e-09 0 0 -5.1365039886e-09 0 0 -5.1365039886e-09 
0 0 -5.1365039886e-09 0 0 -5.1365039886e-09 0 0 -5.1365039886e-09 
0 0 -5.1365039886e-09 0 0 -5.1365039886e-09 0 0 -5.1365039886e-09 
0 0 -5.1365039886e-09 0 0 -5.1365039886e-09 0 0 -5.1365039886e-09 
0 0 -5.1365039886e-09 0 0 -5.1365039886e-09 0 0 -5.1365039886e-09 
0 0 -5.1365039886e-09 0 0 -5.1365039886e-09 0 0 -5.1365039886e-09 
0 0 -5.1365039886e-09 0 0 -5.1365039886e-09 0 0 -5.1365039886e-09 
0 0 -5.1365039886e-09 0 0 -5.1365039886e-09 0 0 -5.1365039886e-09 
0 0 -5.1365039886e-09 0 0 -5.1365039886e-09 0 0 -5.1365039886e-09 
0 0 -5.1365039886e-09 0 0 -5.1365039886e-09 0 0 -5.1365039886e-09 
0 0 -5.1365039886e-09 0 0 -5.1365039886e-09 0 0 -5.1365039886e-09 
0 0 -5.1365039886e-09 0 0 -5.1365039886e-09 0 0 -5.1365039886e-09 
0 0 -5.1365039886e-09 0 0 -5.1365039886e-09 0 0 -5.1365039886e-09 
0 0 -5.1365039886e-09 0 0 -5.1365039886e-09 0 0 -5.1365039886e-09 
0 0 -5.1365039886e-09 0 0 -5.1365039886e-09 0 0 -5.1365039886e-09 
0 0 -5.1365039886e-09 0 0 -5.1365039886e-09 0 0 -5.1365039886e-09 
0 0 -5.1365039886e-09 0 0 -5.1365039886e-09 0 0 -5.1365039886e-09 
0 0 -5.1365039886e-09 0 0 -5.1365039886e-09 0 0 -5.1365039886e-09 
0 0 -5.1365039886e-09 0 0 -5.1365039886e-09 0 0 -5.1365039886e-09 
0 0 -5.1365039886e-09 0 0 -5.1365039886e-09 0 0 -5.1365039886e-09 
0 0 -5.1365039886e-09 0 0 -5.1365039886e-09 0 0 -5.1365039886e-09 
0 0 -5.1365039886e-09 0 0 -5.1365039886e-09 0 0 -5.1365039886e-09 
0 0 -5.1365039886e-09 0 0 -5.1365039886e-09 0 0 -5.1365039886e-09 
0 0 -5.1365039886e-09 0 0 -5.1365039886e-09 0 0 -5.1365039886e-09 
0 0 -5.1365039886e-09 0 0 -5.1365039886e-09 0 0 -5.1365039886e-09 
0 0 -5.1365039886e-09 0 0 -5.1365039886e-09 0 0 -5.1365039886e-09 
0 0 -5.1365039886e-09 0 0 -5.1365039886e-09 0 0 -5.1365039886e-09 
0 0 -5.1365039886e-09 0 0 -5.1365039886e-09 0 0 -5.1365039886e-09 
0 0 -5.1365039886e-09 0 0 -5.1365039886e-09 0 0 -5.1365039886e-09 
0 0 -5.1365039886e-09 0 0 -5.1365039886e-09 0 0 -5.1365039886e-09 
0 0 -5.1365039886e-09 0 0 -5.1365039886e-09 0 0 -5.1365039886e-09 
0 0 -5.1365039886e-09 0 0 -5.1365039886e-09 0 0 -5.1365039886e-09 
0 0 -5.1365039886e-09 0 0 -5.1365039886e-09 0 0 -5.1365039886e-09 
0 0 -5.1365039886e-09 0 0 -5.1365039886e-09 0 0 -5.1365039886e-09 
0 0 -5.1365039886e-09 0 0 -5.1365039886e-09 0 0 -5.1365039886e-09 
0 0 -5.1365039886e-09 0 0 -5.1365039886e-09 0 0 -5.1365039886e-09 
0 0 -5.1365039886e-09 0 0 -5.1365039886e-09 0 0 -5.1365039886e-09 
0 0 -5.1365039886e-09 0 0 -5.1365039886e-09 0 0 -5.1365039886e-09 
0 0 -5.1365039886e-09 0 0 -5.1365039886e-09 0 0 -5.1365039886e-09 
0 0 -5.1365039886e-09 0 0 -5.1365039886e-09 0 0 -5.1365039886e-09 
0 0 -5.1365039886e-09 0 0 -5.1365039886e-09 0 0 -5.1365039886e-09 
0 0 -5.1365039886e-09 0 0 -5.1365039886e-09 0 0 -5.1365039886e-09 
0 0 -5.1365039886e-09 0 0 -5.1365039886e-09 0 0 -5.1365039886e-09 
0 0 -5.1365039886e-09 0 0 -5.1365039886e-09 0 0 -5.1365039886e-09 
0 0 -5.1365039886e-09 0 0 -5.1365039886e-09 0 0 -5.1365039886e-09 
0 0 -5.1365039886e-09 0 0 -5.1365039886e-09 0 0 -5.1365039886e-09 
0 0 -5.1365039886e-09 0 0 -5.1365039886e-09 0 0 -5.1365039886e-09 
0 0 -5.1365039886e-09 0 0 -5.1365039886e-09 0 0 -5.1365039886e-09 
0 0 -5.1365039886e-09 0 0 -5.1365039886e-09 0 0 -5.1365039886e-09 
0 0 -5.1365039886e-09 0 0 -5.1365039886e-09 0 0 -5.1365039886e-09 
0 0 -5.1365039886e-09 0 0 -5.1365039886e-09 0 0 -5.1365039886e-09 
0 0 -5.1365039886e-09 0 0 -5.1365039886e-09 0 0 -5.1365039886e-09 
0 0 -5.1365039886e-09 0 0 -5.1365039886e-09 0 0 -5.1365039886e-09 
0 0 -5.1365039886e-09 0 0 -5.1365039886e-09 0 0 -5.1365039886e-09 
0 0 -5.1365039886e-09 0 0 -5.1365039886e-09 0 0 -5.1365039886e-09 
0 0 -5.1365039886e-09 0 0 -5.1365039886e-09 0 0 -5.1365039886e-09 
0 0 -5.1365039886e-09 0 0 -5.1365039886e-09 0 0 -5.1365039886e-09 
0 0 -5.1365039886e-09 0 0 -5.1365039886e-09 0 0 -5.1365039886e-09 
0 0 -5.1365039886e-09 0 0 -5.1365039886e-09 0 0 -5.1365039886e-09 
0 0 -5.1365039886e-09 0 0 -5.1365039886e-09 0 0 -5.1365039886e-09 
0 0 -5.1365039886e-09 0 0 -5.1365039886e-09 0 0 -5.1365039886e-09 
0 0 -5.1365039886e-09 0 0 -5.1365039886e-09 0 0 -5.1365039886e-09 
0 0 -5.1365039886e-09 0 0 -5.1365039886e-09 0 0 -5.1365039886e-09 
0 0 -5.1365039886e-09 0 0 -5.1365039886e-09 0 0 -5.1365039886e-09 
0 0 -5.1365039886e-09 0 0 -5.1365039886e-09 0 0 -5.1365039886e-09 
0 0 -5.1365039886e-09 0 0 -5.1365039886e-09 0 0 -5.1365039886e-09 
0 0 -5.1365039886e-09 0 0 -5.1365039886e-09 0 0 -5.1365039886e-09 
0 0 -5.1365039886e-09 0 0 -5.1365039886e-09 0 0 -5.1365039886e-09 
0 0 -5.1365039886e-09 0 0 -5.1365039886e-09 0 0 -5.1365039886e-09 
0 0 -5.1365039886e-09 0 0 -5.1365039886e-09 0 0 -5.1365039886e-09 
0 0 -5.1365039886e-09 0 0 -5.1365039886e-09 0 0 -5.1365039886e-09 
0 0 -5.1365039886e-09 0 0 -5.1365039886e-09 0 0 -5.1365039886e-09 
0 0 -5.1365039886e-09 0 0 -5.1365039886e-09 0 0 -5.1365039886e-09 
0 0 -5.1365039886e-09 0 0 -5.1365039886e-09 0 0 -5.1365039886e-09 
0 0 -5.1365039886e-09 1.6940658945e-21 2.7105054312e-20 0 1.7618285303e-19 -9.4867690092e-20 -3.388131789e-20 
-3.0473960994e-14 -9.3927280233e-15 -4.0229755291e-14 3.4484540874e-15 3.2743718761e-15 3.6544118426e-15 -6.776263578e-21 -1.4907779872e-19 2.168404345e-19 
0 0 -5.1365039886e-09 0 0 -5.1365039886e-09 0 0 -5.1365039886e-09 
0 0 -5.1365039886e-09 -1.8513050657e-11 -2.2922982929e-11 -3.0800889617e-11 2.7105054312e-20 6.0986372202e-20 -1.0842021725e-19 
5.4210108624e-20 -1.219727444e-19 0 0 0 -5.1365039886e-09 0 0 -5.1365039886e-09 
0 0 -5.1365039886e-09 0 0 -5.1365039886e-09 0 0 -5.1365039886e-09 
0 0 -5.1365039886e-09 0 0 -5.1365039886e-09 0 0 -5.1365039886e-09 
-1.3355645691e-11 2.8320695561e-11 2.0722831574e-10 -7.3446446407e-13 -1.458344296e-12 -1.1571226155e-12 0 0 -5.1365039886e-09 
0 0 -5.1365039886e-09 0 0 -5.1365039886e-09 0 0 -5.1365039886e-09 
0 0 -5.1365039886e-09 0 0 -5.1365039886e-09 2.0503521105e-11 -4.3216756901e-11 -1.3575027387e-11 
0 0 1.3552527156e-20 -1.3477865268e-10 -1.3190222067e-11 -2.1384208748e-10 -8.1315162936e-20 -4.2351647363e-20 1.0842021725e-19 
1.2231155758e-18 9.3241386834e-18 1.7787691892e-19 5.5952605683e-10 -4.6912363436e-10 -1.7355222151e-09 -7.2870732655e-10 6.8760418981e-10 4.3977374374e-09 
0 5.4210108624e-20 4.2351647363e-21 1.7161599574e-09 5.22963914e-09 2.3757631363e-08 6.776263578e-21 -5.4210108624e-20 -6.776263578e-21 
-2.4990860076e-17 -2.1033522146e-17 5.4389679609e-17 -2.1869084234e-13 3.1151771158e-13 1.760568213e-13 1.8777570245e-09 -3.5123861557e-09 -4.7659556116e-09 
-1.8295911661e-19 -1.3552527156e-20 0 0 0 -5.1365039886e-09 0 0 -5.1365039886e-09 
0 0 -5.1365039886e-09 0 0 -5.1365039886e-09 0 0 -5.1365039886e-09 
4.220454498e-12 7.8966011789e-12 -2.4938315031e-12 -2.4394548881e-17 -1.1275702594e-17 -3.3522175921e-17 -1.0842021725e-19 4.0657581468e-20 -1.6940658945e-20 
-9.7069740267e-11 -4.6815727263e-10 2.2371878194e-11 0 0 -5.1365039886e-09 0 0 -5.1365039886e-09 
0 0 -5.1365039886e-09 0 0 -5.1365039886e-09 0 0 -5.1365039886e-09 
0 0 -5.1365039886e-09 0 0 -5.1365039886e-09 -2.7159262523e-12 -5.7737339011e-10 1.1482798254e-10 
-2.4482787e-11 -1.7186912259e-10 -8.6345296622e-11 -2.1568642299e-09 -7.6378225435e-10 -2.2595024019e-09 9.4867690092e-20 1.0164395367e-20 8.4703294725e-22 
0 0 -5.1365039886e-09 0 0 -5.1365039886e-09 0 0 -5.1365039886e-09 
0 0 -5.1365039886e-09 0 0 -5.1365039886e-09 0 0 -5.1365039886e-09 
0 0 -5.1365039886e-09 -8.0827271959e-17 2.6498578722e-16 -1.404109576e-16 2.5375887372e-15 -2.1631053069e-15 5.1530096379e-16 
1.1858461262e-20 -1.1011428314e-20 8.4703294725e-22 3.194057651e-10 -1.2901071761e-10 2.3461971325e-11 4.0657581468e-20 0 -1.3552527156e-20 
-2.2405456766e-09 -3.7277642995e-11 -3.1479450345e-09 2.7105054312e-20 0 -1.3552527156e-20 4.2081092842e-13 -2.4969479609e-13 2.1169441796e-13 
1.2439695959e-08 8.6637521804e-09 -4.8789016135e-09 -2.7105054312e-20 1.0842021725e-19 -1.3552527156e-20 -4.0657581468e-20 -5.4210108624e-20 3.0493186101e-20 
5.4210108624e-20 0 0 -2.0460927874e-15 8.4851017271e-16 -3.5757290039e-14 0 0 -5.1365039886e-09 
0 0 -5.1365039886e-09 0 0 -5.1365039886e-09 0 0 -5.1365039886e-09 
0 0 -5.1365039886e-09 9.1527635063e-12 4.8870337378e-11 3.472776254e-09 1.568917793e-13 1.6867836473e-12 -5.8024358797e-11 
5.4248538802e-10 7.8457200849e-10 2.7569134422e-08 5.9948140202e-14 -1.367927039e-13 -2.5051489e-14 -3.9848720027e-11 1.3095074543e-10 4.1468132378e-10 
1.3473488818e-14 8.4636467214e-14 -3.5797116978e-13 0 0 -5.1365039886e-09 0 0 -5.1365039886e-09 
0 0 -5.1365039886e-09 0 0 -5.1365039886e-09 0 0 -5.1365039886e-09 
0 0 -5.1365039886e-09 0 0 -5.1365039886e-09 -3.3782239649e-09 1.3232495122e-08 6.9761156623e-10 
-7.9739105835e-11 -9.0463087813e-11 -2.4205403953e-10 9.2594426701e-11 5.4161080758e-11 -7.7543866595e-10 0 0 -5.1365039886e-09 
0 0 -5.1365039886e-09 0 0 -5.1365039886e-09 0 0 -5.1365039886e-09 
0 0 -5.1365039886e-09 0 0 -5.1365039886e-09 0 0 -5.1365039886e-09 
0 0 -5.1365039886e-09 1.6025395626e-10 -5.9769260744e-10 1.5396398257e-11 1.611866505e-09 1.4064350754e-09 -7.8968334417e-09 
5.4210108624e-20 0 3.388131789e-21 4.7433845046e-20 5.4210108624e-20 1.2705494209e-20 2.2460189904e-13 -2.364340955e-13 -1.2043932784e-13 
2.2427491721e-13 -2.3885169016e-13 -1.0584601293e-12 -1.1412355266e-14 -7.6047325701e-14 -1.8331996747e-14 3.8710896468e-14 -2.7212119277e-14 -3.0311914274e-14 
-1.2577379981e-08 1.1230872145e-08 -2.401871604e-09 -2.7105054312e-20 0 0 -2.1758158833e-20 -3.3457801417e-20 -3.0583348788e-20 
2.7105054312e-20 0 -2.0328790734e-20 -1.6263032587e-19 0 1.0164395367e-20 1.0169690404e-10 1.2744318806e-10 3.4020567011e-10 
1.6940658945e-20 -5.4210108624e-20 5.2939559203e-23 0 0 -5.1365039886e-09 0 0 -5.1365039886e-09 
0 0 -5.1365039886e-09 0 0 -5.1365039886e-09 0 0 -5.1365039886e-09 
0 0 -5.1365039886e-09 0 0 -5.1365039886e-09 9.1579136418e-11 9.3287405876e-11 3.3404361376e-10 
-1.4074050085e-13 5.1525685032e-13 1.0392925534e-13 -9.4894253046e-15 -1.7924220051e-14 5.2653046921e-14 0 0 -5.1365039886e-09 
0 0 -5.1365039886e-09 0 0 -5.1365039886e-09 0 0 -5.1365039886e-09 
0 0 -5.1365039886e-09 0 0 -5.1365039886e-09 0 0 -5.1365039886e-09 
0 0 -5.1365039886e-09 0 0 -5.1365039886e-09 0 0 -5.1365039886e-09 
0 0 -5.1365039886e-09 -1.264040729e-08 3.2162251651e-09 -6.653413803e-08 -1.393462465e-08 2.8111792185e-08 -2.1861465948e-08 
0 0 -5.1365039886e-09 -6.8773437466e-14 -2.4864252367e-13 6.8919649921e-13 -1.0054614476e-13 -1.3054536835e-13 -4.2631507387e-13 
0 0 -5.1365039886e-09 0 0 -5.1365039886e-09 0 0 -5.1365039886e-09 
0 0 -5.1365039886e-09 -1.0842021725e-19 -2.168404345e-19 0 -2.7105054312e-20 4.0657581468e-20 1.6940658945e-20 
-5.4210108624e-20 0 4.0657581468e-20 2.3889717244e-15 -8.6503070332e-16 -3.401920469e-14 -2.8743012744e-15 1.6739200629e-15 2.6319895957e-14 
2.1611836452e-11 -1.9745615733e-11 -4.4449198174e-11 1.5229262025e-11 -9.1831630191e-12 3.7686006561e-11 -1.9769646532e-12 9.0120234409e-13 3.4223583869e-10 
2.6956139727e-11 4.9786052017e-12 1.1451205195e-10 -3.5953311357e-16 1.2712312824e-16 1.1988480819e-16 0 0 -5.1365039886e-09 
-6.594977096e-11 -2.8419693031e-11 -2.4784475044e-10 5.4210108624e-20 0 1.0842021725e-19 -3.8840466531e-10 -4.178985202e-10 -1.6605662484e-09 
1.2536087619e-19 2.7105054312e-20 -3.4135427774e-19 5.6709812627e-13 -2.0184655271e-12 7.498184338e-14 0 0 -5.1365039886e-09 
0 0 -5.1365039886e-09 0 0 -5.1365039886e-09 0 0 -5.1365039886e-09 
0 0 -5.1365039886e-09 0 0 -5.1365039886e-09 0 0 -5.1365039886e-09 
1.6723389112e-10 1.6385272354e-10 -5.590145868e-11 -1.1325019254e-10 -4.5718613086e-11 -3.5892030713e-10 1.6822000162e-10 2.3475790647e-11 6.9853577025e-10 
-2.1627868373e-12 4.855431135e-11 3.840708299e-11 0 0 -5.1365039886e-09 0 0 -5.1365039886e-09 
0 0 -5.1365039886e-09 0 0 -5.1365039886e-09 0 0 -5.1365039886e-09 
0 0 -5.1365039886e-09 0 0 -5.1365039886e-09 0 0 -5.1365039886e-09 
0 0 -5.1365039886e-09 -2.537737815e-14 4.2820923944e-14 1.0109985316e-13 1.7528025472e-14 -7.0634673783e-14 -3.6444968222e-13 
-1.4898430276e-10 -3.7290073785e-10 1.4604112712e-09 1.1233418709e-14 4.3447342078e-14 -4.4193912852e-13 9.0232725805e-14 1.3831118325e-13 -5.0526813617e-13 
1.6643516849e-10 2.4664341937e-10 6.8958046402e-10 0 0 -5.1365039886e-09 0 0 -5.1365039886e-09 
0 0 -5.1365039886e-09 0 0 -5.1365039886e-09 0 0 -5.1365039886e-09 
0 0 -5.1365039886e-09 0 0 -5.1365039886e-09 0 0 -5.1365039886e-09 
0 0 -5.1365039886e-09 0 0 -5.1365039886e-09 -3.6939343999e-15 1.878435321e-15 8.8348600964e-14 
1.0842021725e-19 6.776263578e-20 2.7105054312e-20 3.8892769185e-09 2.885788061e-09 -3.5940076725e-09 8.1883969601e-09 9.7892094474e-10 1.5595153207e-09 
-1.3615410882e-15 -1.5591911443e-15 -9.3007876791e-15 3.8871800394e-09 9.700899198e-09 -2.562228758e-09 -3.3932579077e-11 1.5676755467e-11 -2.7921684879e-11 
-1.7730666111e-12 6.093326798e-13 -9.360686461e-14 1.0114972721e-10 -9.0906895618e-11 -1.8677286858e-08 -1.0778807372e-07 -6.0046543387e-08 -1.652896601e-07 
4.7406739992e-17 -1.2359904766e-17 -2.4943172121e-16 1.3829931216e-10 -1.2132284782e-10 1.6422043308e-10 -2.6077208714e-10 2.4475856357e-10 -2.8587164376e-10 
4.2564422039e-15 -5.3158432517e-16 8.8598600197e-15 -1.248468966e-14 -4.161167938e-16 -9.9215849024e-15 0 0 -5.1365039886e-09 
-5.3585728086e-11 -5.0901361793e-11 -2.8454277319e-11 1.0977546996e-18 -6.5973702196e-17 -1.1982805698e-16 4.1806835771e-16 2.149972908e-16 7.1695197996e-17 
-1.351092083e-11 -8.9516741486e-11 -2.3760918596e-10 2.7289520063e-10 2.3900053087e-10 -2.5540377742e-09 0 0 -5.1365039886e-09 
0 0 -5.1365039886e-09 0 0 -5.1365039886e-09 0 0 -5.1365039886e-09 
0 0 -5.1365039886e-09 0 0 -5.1365039886e-09 -1.7415086137e-11 -3.1652453174e-11 -1.327874203e-10 
9.7793951756e-15 -4.2542256881e-14 -1.6528560968e-11 0 0 -5.1365039886e-09 0 0 -5.1365039886e-09 
0 0 -5.1365039886e-09 0 0 -5.1365039886e-09 0 0 -5.1365039886e-09 
0 0 -5.1365039886e-09 0 0 -5.1365039886e-09 0 0 -5.1365039886e-09 
0 0 -5.1365039886e-09 0 0 -5.1365039886e-09 0 0 -5.1365039886e-09 
7.9843805254e-10 -2.3356644078e-09 -7.0578454543e-10 7.3751204251e-11 -2.014183217e-09 -2.0583402448e-09 2.327801406e-10 5.1586451048e-10 1.1798502319e-09 
0 0 -5.1365039886e-09 0 0 -5.1365039886e-09 0 0 -5.1365039886e-09 
0 0 -5.1365039886e-09 0 0 -5.1365039886e-09 0 0 -5.1365039886e-09 
0 -6.0986372202e-20 -4.7433845046e-20 -1.7393581828e-12 -4.7720436001e-12 -1.5078477488e-11 5.7760599689e-15 6.077549488e-15 2.7001018337e-14 
-2.2701296138e-14 -1.495201532e-14 8.8071131605e-15 -4.0657581468e-20 0 -4.6173883537e-18 8.0466991577e-14 8.1048720253e-15 9.9215721969e-14 
3.3104994915e-13 -1.7422902585e-13 4.2751460805e-13 2.0526367552e-11 -1.2349653364e-11 6.0509212724e-09 4.0722498073e-15 2.8556529971e-16 5.1411816698e-15 
3.9739397753e-17 -1.0842021725e-19 1.6028573867e-16 0 0 -5.1365039886e-09 -3.3685489924e-07 5.7789985831e-07 -9.1264037979e-08 
4.5965370399e-11 5.2426365658e-11 -3.6113821189e-11 7.3505056263e-10 -1.5822504139e-09 -7.8902689599e-09 -9.4914516784e-13 1.0521443471e-12 -2.2153541685e-10 
0 0 -5.1365039886e-09 0 0 -5.1365039886e-09 0 0 -5.1365039886e-09 
0 0 -5.1365039886e-09 0 0 -5.1365039886e-09 0 0 -5.1365039886e-09 
0 0 -5.1365039886e-09 0 0 -5.1365039886e-09 1.7201685497e-11 2.3726226536e-11 -4.2644825141e-11 
-1.727242481e-13 -1.2611522205e-12 -4.7879341556e-10 -8.1866588161e-14 -6.4250964575e-13 -9.5320155833e-13 0 0 -5.1365039886e-09 
0 0 -5.1365039886e-09 0 0 -5.1365039886e-09 0 0 -5.1365039886e-09 
0 0 -5.1365039886e-09 0 0 -5.1365039886e-09 0 0 -5.1365039886e-09 
0 0 -5.1365039886e-09 0 0 -5.1365039886e-09 0 0 -5.1365039886e-09 
0 0 -5.1365039886e-09 1.4907779872e-19 -2.168404345e-19 -2.0328790734e-20 5.060199135e-09 1.1942791928e-09 -3.5322389583e-09 
8.4703294725e-22 -2.8799120207e-20 3.1763735522e-22 7.065632259e-13 6.1354881679e-13 -2.5185390154e-11 0 0 -5.1365039886e-09 
0 0 -5.1365039886e-09 0 0 -5.1365039886e-09 0 0 -5.1365039886e-09 
0 0 -5.1365039886e-09 0 0 -5.1365039886e-09 0 0 -5.1365039886e-09 
9.5338359061e-12 -1.3725891504e-11 -1.9052135534e-11 -2.7656425327e-14 -1.7252739764e-14 -4.9192803239e-12 1.6675354673e-14 7.7573581239e-15 -2.2678333075e-14 
3.9546718764e-13 2.5845834804e-13 5.1281334484e-11 -5.5423662471e-08 -6.4047157443e-08 5.7449034779e-08 -2.2574812116e-07 -4.0924707859e-07 2.7566362585e-07 
-5.4210108624e-20 0 5.0821976835e-21 8.9182466637e-09 -5.5290702144e-10 -3.2129188097e-09 5.1085639695e-10 -6.9465074285e-10 -2.1297759484e-08 
-7.3678498117e-11 -1.5224504692e-10 -4.4902034999e-09 9.166688933e-11 1.1517971964e-10 -2.3973448966e-09 -3.076160871e-10 -1.135727404e-10 -9.0201545073e-10 
4.1316569602e-10 1.3082097027e-10 -8.7319193298e-10 -2.4108524568e-10 -7.8641455591e-11 3.5198136495e-10 -9.6597650365e-10 1.9567946824e-09 2.1620618799e-08 
-2.0958773911e-10 1.0036011837e-09 2.362535487e-08 0 0 -5.1365039886e-09 0 0 -5.1365039886e-09 
0 0 -5.1365039886e-09 0 0 -5.1365039886e-09 0 0 -5.1365039886e-09 
0 0 -5.1365039886e-09 -1.4059015938e-06 2.4924730579e-06 1.4819873401e-06 0 0 -5.1365039886e-09 
-9.9992644275e-10 -1.0089625699e-09 7.5594148536e-10 -1.6215446629e-11 -3.0762438224e-11 -1.9708792544e-11 2.9370142386e-14 3.9009974992e-13 1.2350328906e-12 
1.7012271418e-09 1.8570519671e-09 -8.5834802515e-09 0 0 -5.1365039886e-09 0 0 -5.1365039886e-09 
0 0 -5.1365039886e-09 0 0 -5.1365039886e-09 0 0 -5.1365039886e-09 
0 0 -5.1365039886e-09 0 0 -5.1365039886e-09 0 0 -5.1365039886e-09 
0 0 -5.1365039886e-09 0 -6.776263578e-21 0 -2.7963138532e-12 -8.937464294e-12 1.0667767302e-09 
-5.4210108624e-20 -1.3552527156e-20 2.0328790734e-20 -4.3854887587e-10 -1.3026835415e-10 1.3454080649e-09 0 0 -5.1365039886e-09 
0 0 -5.1365039886e-09 0 0 -5.1365039886e-09 0 0 -5.1365039886e-09 
0 0 -5.1365039886e-09 0 0 -5.1365039886e-09 0 -5.4210108624e-20 0 
8.8091426514e-20 8.1315162936e-20 -3.7269449679e-20 3.6761229911e-19 -5.556536134e-19 -6.6641375916e-18 8.2519044359e-10 2.0962100144e-10 -4.0088877114e-09 
-4.8619691172e-19 -2.168404345e-19 4.4136769299e-18 0 0 -5.1365039886e-09 2.2938117731e-08 1.9172730429e-08 2.1649192278e-08 
-7.4139465871e-09 4.6031734557e-09 -1.7504979936e-08 8.0664641633e-17 -6.7328954911e-17 -5.6929423198e-16 1.1064225346e-08 -2.0996100533e-08 -8.8810961043e-09 
-1.299902258e-10 -1.0000237236e-10 -1.0385698345e-09 4.1626184175e-11 1.2833680868e-11 6.0596680051e-10 2.6953304099e-10 6.2579103087e-11 -7.6032610074e-10 
1.122376931e-14 7.8120019134e-15 6.1019643656e-15 -2.2369801324e-16 2.6741846584e-16 -1.0863468599e-15 5.4210108624e-20 -4.7433845046e-20 -2.9646153154e-21 
0 0 4.4892746204e-20 0 0 -5.1365039886e-09 0 0 -5.1365039886e-09 
0 0 -5.1365039886e-09 0 0 -5.1365039886e-09 0 0 -5.1365039886e-09 
0 0 -5.1365039886e-09 0 0 -5.1365039886e-09 -6.6893020295e-10 -1.0280367901e-09 5.5409352187e-10 
3.6236242631e-11 -1.6109304212e-11 5.9342392891e-11 2.3991682545e-10 2.8503066639e-10 -4.4257479943e-10 -1.8350361746e-09 -4.0358148046e-09 -4.3767083423e-10 
0 0 -5.1365039886e-09 0 0 -5.1365039886e-09 0 0 -5.1365039886e-09 
0 0 -5.1365039886e-09 0 0 -5.1365039886e-09 0 0 -5.1365039886e-09 
0 0 -5.1365039886e-09 0 0 -5.1365039886e-09 0 0 -5.1365039886e-09 
0 0 -5.1365039886e-09 -2.9347405691e-11 -1.3164167124e-10 -2.2766552203e-10 5.6540467227e-12 8.6751857258e-11 -1.0862812217e-10 
4.3089956408e-10 7.3439267027e-10 -2.3016234129e-09 -6.95764896e-10 -1.1806376325e-09 -1.2077785386e-09 5.5677847315e-14 1.530581651e-12 -1.8433111542e-09 
0 0 -5.1365039886e-09 0 0 -5.1365039886e-09 0 0 -5.1365039886e-09 
0 0 -5.1365039886e-09 0 0 -5.1365039886e-09 0 0 -5.1365039886e-09 
0 0 -5.1365039886e-09 1.6262786285e-09 -1.7570357783e-09 -1.3851203184e-09 1.0164395367e-20 1.6940658945e-20 -2.3293406049e-21 
1.6832238728e-17 -1.4094628242e-18 5.0860729056e-15 5.8145995614e-13 3.7844055147e-13 -5.5397181842e-11 6.8451348008e-09 5.2409161867e-09 2.8186911374e-09 
6.5340486673e-12 -1.606757262e-13 -1.9098558591e-12 1.2843597092e-09 2.2572718439e-10 5.6706610655e-10 6.0160914543e-09 -1.605514129e-08 1.5710004737e-08 
-7.6423699606e-10 3.1961178945e-10 -1.4444956771e-09 -3.0956350764e-12 5.4381036024e-11 1.453519644e-10 1.1203519991e-11 -5.746101598e-11 -4.6494141224e-10 
-2.8690699989e-17 6.8304736867e-18 -3.9696097429e-15 1.3392954374e-07 -8.8891531412e-07 -5.6998916177e-07 -2.5723246382e-07 1.572818834e-06 9.9316297285e-07 
2.0831485679e-12 4.8519470234e-13 -4.0126094044e-13 -9.2498758761e-12 -6.165352842e-12 -1.994693317e-11 -4.9127910941e-20 6.776263578e-21 2.6469779602e-23 
-1.8346720052e-10 -1.8013633554e-11 -1.914511596e-09 0 0 -5.1365039886e-09 0 0 -5.1365039886e-09 
0 0 -5.1365039886e-09 0 0 -5.1365039886e-09 0 0 -5.1365039886e-09 
0 0 -5.1365039886e-09 0 0 -5.1365039886e-09 0 0 -5.1365039886e-09 
1.4098802789e-10 3.1388685471e-10 -1.1173293136e-09 1.1657551422e-10 1.3494546726e-10 8.1991426746e-11 0 0 -5.1365039886e-09 
0 0 -5.1365039886e-09 0 0 -5.1365039886e-09 0 0 -5.1365039886e-09 
0 0 -5.1365039886e-09 0 0 -5.1365039886e-09 2.2226144536e-18 -3.388131789e-18 3.211948936e-18 
-1.3525062592e-09 7.0379023822e-09 -1.6842494527e-08 0 0 -5.1365039886e-09 -3.9376044759e-09 -3.7338476919e-09 -1.0034252141e-08 
6.3269476897e-11 1.2460165056e-10 2.3559965777e-08 0 0 -5.1365039886e-09 0 0 -5.1365039886e-09 
0 0 -5.1365039886e-09 0 0 -5.1365039886e-09 0 0 -5.1365039886e-09 
0 0 -5.1365039886e-09 0 0 -5.1365039886e-09 0 0 -5.1365039886e-09 
0 0 -5.1365039886e-09 -2.7105054312e-20 -3.388131789e-21 -6.4374503991e-20 0 1.0842021725e-19 1.3552527156e-20 
-1.3745017542e-08 6.9230403645e-09 -2.2770053658e-09 1.3172707147e-09 -7.6585943457e-10 4.1001616446e-09 0 0 -5.1365039886e-09 
-1.6943803446e-10 2.7058433077e-11 -7.0156611795e-10 -5.698440965e-11 -1.0887122258e-11 -7.0960963133e-09 3.3624210416e-10 -5.6650968964e-11 -1.0387502429e-10 
1.4498004543e-12 -7.9321922294e-13 5.9891658182e-12 -4.3697844708e-09 -9.0068876479e-09 1.1529889248e-09 1.605974468e-18 -2.520770051e-18 2.2869889576e-19 
-4.9946006532e-13 8.199582506e-14 8.1383159353e-14 6.7075815388e-13 -8.7723610927e-14 3.2463464675e-14 1.2254983871e-08 -7.8665743782e-09 -2.0870758549e-09 
-2.3581397252e-18 -3.2526065175e-18 2.9561449859e-18 -5.9349134794e-08 -4.4146568276e-08 -5.03867742e-08 1.1253406929e-07 -9.2641188864e-08 3.8593758457e-08 
-5.8379565161e-08 2.1303687836e-07 -4.3946429207e-07 -7.6102102051e-14 1.264602572e-14 3.839280001e-12 3.8170134371e-13 -2.9937613803e-13 -3.8083978151e-10 
0 0 -5.1365039886e-09 0 0 -5.1365039886e-09 0 0 -5.1365039886e-09 
0 0 -5.1365039886e-09 0 0 -5.1365039886e-09 0 0 -5.1365039886e-09 
0 0 -5.1365039886e-09 2.6562953226e-18 9.9272261418e-18 5.2492537565e-17 3.482457378e-16 7.5558049401e-16 -2.3545313648e-15 
2.8864470916e-13 2.1391891673e-12 1.8648148402e-12 -4.9949465137e-15 -1.2631566528e-13 9.082482318e-13 7.984762916e-12 -6.1940015888e-11 2.3976917761e-10 
0 0 -5.1365039886e-09 0 0 -5.1365039886e-09 0 0 -5.1365039886e-09 
0 0 -5.1365039886e-09 0 0 -5.1365039886e-09 0 0 -5.1365039886e-09 
0 0 -5.1365039886e-09 0 0 -5.1365039886e-09 0 0 -5.1365039886e-09 
-6.748092547e-11 -2.3679940083e-10 -3.466170317e-10 -2.4123498338e-18 -1.5720931501e-18 6.7231969639e-17 3.035766083e-18 1.6263032587e-18 4.6756218688e-19 
0 0 -5.1365039886e-09 -2.4279833681e-09 -2.1126592679e-10 4.856353048e-09 0 0 -5.1365039886e-09 
0 0 -5.1365039886e-09 0 0 -5.1365039886e-09 0 0 -5.1365039886e-09 
0 0 -5.1365039886e-09 0 0 -5.1365039886e-09 0 0 -5.1365039886e-09 
0 0 -5.1365039886e-09 -4.8349601265e-10 7.5975860157e-10 -8.6458489094e-10 3.1242654405e-14 1.4051551535e-14 8.6883610881e-12 
-9.505735275e-09 -3.1155060132e-09 -4.7305531115e-09 3.7863433885e-11 1.0922288735e-11 2.534162982e-10 8.6648998523e-12 -2.531630721e-12 -2.1875997658e-09 
-3.1911966288e-17 1.1919394694e-17 -1.8030790348e-16 3.2343868252e-12 -1.2733998426e-12 -3.1044696706e-12 -3.0923850042e-11 5.2734993022e-12 8.7993469144e-09 
3.146546359e-11 1.2221542246e-11 -5.0705066236e-11 -9.9078534819e-13 7.2576184429e-13 5.4294963915e-11 -7.5542143233e-10 -8.2519040651e-10 -2.896458246e-09 
5.5831267886e-11 -2.0747827398e-10 4.6191456706e-11 1.3552527156e-20 1.3552527156e-20 -1.3234889801e-23 0 0 -5.1365039886e-09 
0 0 -5.1365039886e-09 0 0 -5.1365039886e-09 0 0 -5.1365039886e-09 
0 0 -5.1365039886e-09 0 0 -5.1365039886e-09 0 0 -5.1365039886e-09 
0 0 -5.1365039886e-09 1.3594208224e-11 -7.3521826485e-11 6.9799138339e-10 1.4157492935e-10 1.3011740756e-11 1.0640577099e-09 
-3.859845386e-13 -3.5875550171e-12 2.432019477e-12 0 0 -5.1365039886e-09 0 0 -5.1365039886e-09 
0 0 -5.1365039886e-09 0 0 -5.1365039886e-09 0 0 -5.1365039886e-09 
0 0 -5.1365039886e-09 0 0 -5.1365039886e-09 -2.9057051903e-14 -1.3515550441e-13 3.4272791813e-11 
2.9815559743e-18 -2.8514517136e-17 4.6228686569e-16 2.9923979961e-17 -8.1369373045e-17 2.7142662575e-15 0 0 -5.1365039886e-09 
0 0 -5.1365039886e-09 0 0 -5.1365039886e-09 0 0 -5.1365039886e-09 
0 0 -5.1365039886e-09 0 0 -5.1365039886e-09 -3.3802306657e-15 2.6557044324e-14 1.0478783504e-14 
-5.4210108624e-20 -2.7105054312e-20 1.3552527156e-20 3.8920147487e-14 -1.1363875336e-13 6.6255298214e-13 6.3665252009e-10 1.4829045487e-09 7.6752252199e-08 
-1.4975333799e-12 -6.1587649043e-13 -6.8031540984e-10 -4.2214168047e-11 -1.6334085235e-11 1.5994801985e-10 -2.6674535324e-06 2.4283301908e-06 -2.2722308716e-06 
-5.4210108624e-20 0 2.0328790734e-20 -6.4374503991e-20 0 -6.776263578e-21 -1.6080356881e-10 1.1387304836e-10 2.6471637636e-10 
4.5841805585e-11 -5.8794048785e-11 -4.9968788954e-11 -1.5474721764e-11 7.2893464268e-12 7.4808990518e-12 1.2104954625e-14 -9.8003744876e-15 -3.1670765186e-15 
4.2555590128e-11 -2.11823779e-11 -4.6756639613e-12 -3.7418532615e-08 2.6181358689e-08 7.2397182839e-08 0 0 -5.1365039886e-09 
-2.851451364e-11 -1.3631467483e-11 -5.6391297793e-11 -1.0396959392e-09 -9.7501722267e-10 -6.6852440731e-10 -2.1756462869e-12 9.1845357274e-13 1.7210977569e-11 
-1.0229616904e-16 1.1747637588e-16 -1.7216474049e-16 -7.4710511399e-11 3.0227886246e-10 -2.530190732e-10 4.9356162278e-11 -1.5048002669e-10 -1.6715541318e-10 
0 0 -5.1365039886e-09 0 0 -5.1365039886e-09 0 0 -5.1365039886e-09 
0 0 -5.1365039886e-09 0 0 -5.1365039886e-09 0 0 -5.1365039886e-09 
0 0 -5.1365039886e-09 -5.4210108624e-20 8.1315162936e-20 -3.3034284943e-20 -4.4107226703e-10 -9.7015113882e-10 -1.0003743577e-08 
-1.5758878577e-16 -2.3630863976e-16 -5.3130056913e-16 0 0 -5.1365039886e-09 0 0 -5.1365039886e-09 
0 0 -5.1365039886e-09 0 0 -5.1365039886e-09 0 0 -5.1365039886e-09 
0 0 -5.1365039886e-09 0 0 -5.1365039886e-09 0 0 -5.1365039886e-09 
-3.9702507774e-14 3.4821037926e-13 -1.3123792733e-12 0 0 -5.315131744e-19 -1.258008581e-09 -1.297480794e-09 -1.1449723833e-08 
0 0 -5.1365039886e-09 0 0 -5.1365039886e-09 2.6674535324e-06 -2.4283301908e-06 2.2619578637e-06 
5.8518185957e-15 -4.7885957352e-14 -6.0415751517e-14 -4.9637540172e-14 8.4309675127e-14 2.4634541098e-13 -3.6103932344e-17 -2.7701365507e-17 -2.5271651498e-17 
2.1593387668e-11 1.1980742136e-11 5.2563120205e-11 0 5.4210108624e-20 1.3552527156e-20 0 0 8.8938459462e-21 
5.4210108624e-20 0 -6.3527471044e-21 -1.1026619938e-11 4.7939313923e-12 -4.7506698096e-11 -4.9080165388e-14 3.8731767359e-14 2.2257602493e-13 
-3.1891806904e-16 3.2200804523e-17 5.9643316761e-16 1.5457334848e-16 -1.0842021725e-19 -1.0494229997e-16 -6.6481023052e-11 -3.970391225e-11 2.7093500297e-10 
9.736863714e-08 -8.9366646149e-08 -7.3808217735e-08 7.4593109467e-17 -4.7806539543e-17 5.6390530249e-17 0 0 -5.1365039886e-09 
-2.6074017086e-06 1.9774114175e-06 -6.859893577e-08 0 0 -5.1365039886e-09 2.6074017086e-06 -1.9774114175e-06 5.8325927793e-08 
0 0 -5.1365039886e-09 0 0 -5.1365039886e-09 0 0 -5.1365039886e-09 
0 0 -5.1365039886e-09 2.1408218731e-10 2.8738406614e-10 -3.4690136802e-11 2.3323037317e-10 1.6895396242e-10 6.94051688e-10 
-1.2993084234e-10 -1.9314627106e-10 -3.1812503174e-10 2.3141568323e-09 7.6314200139e-10 -1.8117427929e-08 -9.053903559e-10 1.3653559667e-10 -3.1670267539e-09 
0 0 -5.1365039886e-09 0 0 -5.1365039886e-09 0 0 -5.1365039886e-09 
0 0 -5.1365039886e-09 0 0 -5.1365039886e-09 0 0 -5.1365039886e-09 
-1.6527920092e-11 -6.2222543361e-11 -1.327572354e-10 -4.4709995051e-12 2.1216316356e-11 -1.3515459219e-10 -1.6175321716e-12 -8.8317043566e-13 1.3452527607e-09 
0 0 -5.1365039886e-09 0 0 -5.1365039886e-09 0 0 -5.1365039886e-09 
0 0 -5.1365039886e-09 0 0 -5.1365039886e-09 0 0 -5.1365039886e-09 
0 5.4210108624e-20 -1.0164395367e-20 4.6450558677e-11 7.3390804406e-11 1.7579606984e-09 -4.6024382222e-17 -5.990217003e-17 2.9666481945e-17 
-1.454330978e-11 -5.4959990958e-12 4.892744676e-11 -1.4552455073e-12 -1.1805092494e-12 -2.528357867e-11 0 0 -5.1365039886e-09 
8.8920299075e-15 5.8918798659e-15 -8.5570075981e-12 1.381254167e-10 -5.3064759943e-11 -1.924070436e-11 -1.8041655545e-10 1.627081395e-10 -1.5922636184e-08 
6.8318289394e-16 -3.60822483e-16 -1.3537537214e-14 -8.1781369871e-16 4.4137870442e-16 -2.1340578366e-14 1.0640305233e-13 -6.1834326721e-14 -4.4960423578e-12 
1.0505771776e-11 1.824554288e-12 -5.4105237083e-10 0 0 -5.1365039886e-09 1.3740856901e-10 1.3757278682e-10 -1.4346748662e-10 
2.4092435946e-14 -3.0719513305e-14 -6.817303129e-14 5.8801027198e-18 4.2673519883e-18 -9.1394855009e-19 -1.9510990588e-14 2.1917336652e-14 9.2494581707e-14 
0 0 -5.1365039886e-09 0 0 -5.1365039886e-09 0 0 -5.1365039886e-09 
0 0 -5.1365039886e-09 0 0 -5.1365039886e-09 0 0 -5.1365039886e-09 
0 0 -5.1365039886e-09 0 0 -5.1365039886e-09 -1.6212943065e-10 -3.4719079684e-10 -4.6192865474e-10 
-6.5052130349e-19 3.7676025494e-18 -2.4500427999e-19 4.7296165465e-12 1.2968775047e-11 -8.3646073432e-09 5.9440121551e-09 -4.3298234381e-10 -1.1056181502e-08 
0 0 -5.1365039886e-09 0 0 -5.1365039886e-09 0 0 -5.1365039886e-09 
0 0 -5.1365039886e-09 -1.6020449564e-06 -1.1850607046e-06 -1.1042961406e-07 0 0 -5.1365039886e-09 
1.6020449564e-06 1.1850607046e-06 1.0015660609e-07 4.6291677902e-12 -1.4205798538e-11 2.4314708451e-11 0 0 -5.1365039886e-09 
-4.1503478714e-12 -1.3891858855e-11 -3.6937336478e-11 -4.5789108308e-10 -5.270557708e-10 5.2643239198e-09 0 0 -5.1365039886e-09 
0 0 -5.1365039886e-09 0 0 -5.1365039886e-09 0 0 -5.1365039886e-09 
0 0 -5.1365039886e-09 0 0 -5.1365039886e-09 0 0 -5.1365039886e-09 
0 0 -5.1365039886e-09 0 0 -5.1365039886e-09 0 0 -5.1365039886e-09 
0 0 -5.1365039886e-09 -8.5287393277e-11 5.8508663534e-10 3.0989830901e-09 4.6783323743e-17 2.8460307028e-17 -3.1749335962e-17 
3.3766756481e-12 3.8204351792e-13 2.6781159406e-11 4.321063208e-12 1.2312699688e-12 5.4376047225e-09 1.8333314942e-14 -2.2533515852e-15 -7.840635293e-12 
0 0 -5.1365039886e-09 -1.8013301476e-11 3.6628855626e-11 6.1247093283e-11 -4.832941457e-10 1.9061232725e-10 3.276492711e-10 
1.1755098009e-09 -6.370845096e-10 -3.0088781286e-09 2.9731799772e-12 4.3677637462e-13 -2.2643589904e-10 2.3008572586e-13 4.3648353161e-15 -1.6477517845e-11 
3.013785185e-12 4.8994430474e-12 -1.2158037085e-08 -7.0105106243e-12 -1.6959488213e-11 -2.7880793451e-11 -4.6295432765e-17 3.1631598382e-17 4.6151437164e-17 
-2.6097448746e-11 3.0435866446e-11 1.9775179562e-09 -1.1884094789e-06 -5.1998795749e-07 -1.912071315e-06 0 0 -5.1365039886e-09 
0 0 -5.1365039886e-09 0 0 -5.1365039886e-09 0 0 -5.1365039886e-09 
0 0 -5.1365039886e-09 0 0 -5.1365039886e-09 0 0 -5.1365039886e-09 
1.7732649049e-10 5.72546298e-10 1.0796145149e-09 -1.6263032587e-18 3.2526065175e-19 7.8265844326e-19 2.1575623232e-17 1.0144066576e-17 4.8750981279e-17 
1.2603850255e-17 -3.6042945972e-17 1.2188920578e-16 0 0 -5.1365039886e-09 0 0 -5.1365039886e-09 
0 0 -5.1365039886e-09 0 0 -5.1365039886e-09 0 0 -5.1365039886e-09 
0 0 -5.1365039886e-09 0 0 -5.1365039886e-09 0 0 -5.1365039886e-09 
-4.281175566e-15 3.5473577201e-14 -5.8140372302e-10 -8.5771233865e-15 3.6365902694e-14 3.8154331447e-14 6.5953273978e-10 5.5244898765e-10 2.5547387375e-09 
-1.1989523415e-11 -2.3670188363e-10 -3.0765789857e-09 0 0 -5.1365039886e-09 0 0 -5.1365039886e-09 
0 0 -5.1365039886e-09 0 0 -5.1365039886e-09 -5.4210108624e-20 -5.4210108624e-20 2.3716922523e-20 
0 5.4210108624e-20 1.6940658945e-21 -1.6136234523e-11 -9.6149737884e-12 3.4406962203e-11 2.4368075429e-11 2.2942484175e-11 -5.002826801e-11 
1.0842021725e-19 3.2526065175e-19 2.3716922523e-20 5.8275866771e-19 1.0842021725e-19 2.3039296165e-19 9.6935415424e-13 -5.9641582038e-13 -7.9203224738e-12 
-1.5704672263e-12 5.8029183672e-13 6.2177083437e-10 -6.6763943713e-10 5.3056973637e-10 1.206447957e-08 -2.0179294674e-10 -3.4280001472e-11 1.8184908206e-09 
-2.3238572525e-14 -1.848510494e-14 3.4743381094e-12 -4.0657581468e-20 3.0493186101e-20 5.9292306308e-20 -1.1737864397e-11 1.2212351447e-11 7.5269681132e-11 
-1.0842021725e-19 -1.0842021725e-19 2.0328790734e-19 4.3582271039e-12 -3.1773208467e-12 -1.25113136e-12 0 0 -5.1365039886e-09 
1.1884094789e-06 5.1998795749e-07 1.9017983071e-06 0 0 -5.1365039886e-09 0 0 -5.1365039886e-09 
0 0 -5.1365039886e-09 0 0 -5.1365039886e-09 0 0 -5.1365039886e-09 
0 0 -5.1365039886e-09 0 0 -5.1365039886e-09 0 0 -5.1365039886e-09 
6.8247796737e-12 1.8274138008e-11 -2.0081439423e-10 2.9527204249e-11 6.4499926613e-11 2.9316454492e-09 -5.5706241486e-12 -1.3118779975e-11 4.5533615822e-11 
6.4265731408e-13 1.0715681272e-12 9.7104294888e-12 0 0 -5.1365039886e-09 0 0 -5.1365039886e-09 
0 0 -5.1365039886e-09 0 0 -5.1365039886e-09 0 0 -5.1365039886e-09 
1.7960206673e-06 -2.2091021203e-06 6.0740742123e-07 2.3276741022e-11 -3.0026803255e-11 2.9126323397e-09 1.090613727e-09 1.5336665622e-09 7.1776389577e-09 
0 0 -5.1365039886e-09 0 0 -5.1365039886e-09 0 0 -5.1365039886e-09 
0 0 -5.1365039886e-09 0 0 -5.1365039886e-09 -1.7960206673e-06 2.2091021203e-06 -6.1768042921e-07 
1.0842021725e-19 2.6427427954e-19 5.7598240413e-20 -2.7105054312e-20 -9.1479558303e-20 1.6940658945e-20 -2.0901244594e-09 -8.3752952658e-10 -4.2321790306e-09 
-4.619200016e-10 -8.5734251144e-10 2.435473279e-10 1.6968401901e-10 2.0044247871e-10 3.1418704001e-09 -6.4861450927e-10 4.0269968371e-10 -2.109245336e-09 
2.0094543291e-11 -2.2341734517e-10 -1.0379250841e-09 -3.557985099e-10 3.0813666679e-10 3.8925896671e-10 5.2159445762e-11 -3.8919841742e-11 -3.7403054702e-11 
7.3073970106e-13 -3.8961021909e-13 1.1225905391e-12 -3.9236019327e-11 3.0937112572e-11 -7.6629620277e-11 -8.2021388317e-10 -2.6126355289e-10 -3.6975284166e-09 
6.3832402905e-18 7.9959910221e-18 -1.0505681882e-15 0 0 -5.1365039886e-09 6.4374503991e-20 1.3552527156e-19 2.0328790734e-20 
-2.7105054312e-20 -2.7105054312e-20 3.0493186101e-20 1.4183633123e-08 1.4731492444e-08 -3.1884789479e-07 0 0 -5.1365039886e-09 
0 0 -5.1365039886e-09 0 0 -5.1365039886e-09 0 0 -5.1365039886e-09 
0 0 -5.1365039886e-09 0 0 -5.1365039886e-09 0 0 -5.1365039886e-09 
2.3417682724e-15 3.2257725137e-15 2.4618683963e-14 -9.8662397696e-18 6.776263578e-18 2.052869051e-17 7.1698289666e-16 7.3701285417e-15 -1.5107035902e-14 
2.8303927669e-12 6.3872505206e-12 -3.8299637651e-11 1.2296164521e-13 -8.2532738239e-13 -1.7009603489e-10 0 0 -5.1365039886e-09 
0 0 -5.1365039886e-09 0 0 -5.1365039886e-09 0 0 -5.1365039886e-09 
0 0 -5.1365039886e-09 0 0 -5.1365039886e-09 0 0 -5.1365039886e-09 
0 0 -5.1365039886e-09 0 0 -5.1365039886e-09 -2.7967321601e-11 4.1778436963e-10 -2.304568807e-09 
-1.664797438e-10 -5.1051480418e-10 1.5264986615e-09 -5.3887021798e-13 -1.0172469692e-12 -3.1127559191e-09 -8.9160864022e-12 -1.7406225116e-11 -2.2948455632e-09 
0 0 -5.1365039886e-09 0 0 -5.1365039886e-09 0 0 -5.1365039886e-09 
0 0 -5.1365039886e-09 0 0 -5.1365039886e-09 0 0 -5.1365039886e-09 
0 0 -5.1365039886e-09 0 0 -5.1365039886e-09 -4.3365179254e-10 1.2290217792e-09 -6.7994682264e-10 
-5.6866403947e-17 1.2029223104e-16 -1.3496368872e-16 0 -2.7105054312e-20 1.3552527156e-20 1.4230153514e-19 6.776263578e-20 -2.1175823681e-22 
4.9371903327e-10 8.7995607811e-10 -6.8845444085e-10 -3.1986648128e-10 -3.0972224275e-10 1.7617381129e-09 -2.6673164125e-11 4.7008034092e-10 -1.8535716995e-09 
-1.6044034477e-10 -2.0245825903e-11 -5.0893101068e-10 -5.762634208e-11 9.1295103584e-11 -7.2568342102e-11 -1.8500364001e-12 9.5803172253e-13 -2.0031649287e-12 
6.4016060535e-10 2.0038234261e-10 -2.4917506708e-09 -6.0782718166e-09 2.7385075482e-09 2.7469837612e-08 1.3769367591e-17 1.615461237e-17 -3.4829994791e-18 
-2.7250044543e-09 4.7022177024e-09 -4.7469090813e-08 7.7128338389e-08 -1.3639489864e-07 -6.2398236161e-09 1.7892626429e-07 9.9610390479e-08 1.0120814758e-08 
0 0 -5.1365039886e-09 0 0 -5.1365039886e-09 0 0 -5.1365039886e-09 
0 0 -5.1365039886e-09 0 0 -5.1365039886e-09 0 0 -5.1365039886e-09 
0 0 -5.1365039886e-09 0 0 -5.1365039886e-09 0 1.0842021725e-19 -1.6940658945e-21 
0 2.7105054312e-20 1.9428818228e-20 2.589629032e-12 1.7445160639e-11 -1.7975011914e-09 -5.7504999026e-15 -1.0389958547e-14 -1.7214631877e-11 
0 0 -5.1365039886e-09 0 0 -5.1365039886e-09 0 0 -5.1365039886e-09 
0 0 -5.1365039886e-09 0 0 -5.1365039886e-09 0 0 -5.1365039886e-09 
-2.7105054312e-20 2.7105054312e-20 5.5057141572e-21 9.5643055213e-08 -2.1676247802e-08 1.7199897073e-08 -2.8030854547e-13 -2.1420121536e-13 -9.1877295456e-13 
0 0 -5.1365039886e-09 0 0 -5.1365039886e-09 0 0 -5.1365039886e-09 
0 0 -5.1365039886e-09 0 0 -5.1365039886e-09 0 0 -5.1365039886e-09 
1.4690939437e-17 -2.2307459699e-17 -2.6950047283e-17 -6.5052130349e-18 2.4936649967e-18 -4.0007060165e-17 9.6107858006e-10 5.1702343488e-10 1.1958048596e-08 
-7.279868062e-10 -6.4646458694e-10 3.1761947381e-09 3.0559308979e-09 2.7716600542e-10 -1.8643610424e-09 -8.6970012091e-10 -2.1774684345e-10 1.0119698964e-09 
-2.7918205942e-17 1.1600963246e-17 2.0041477158e-16 -4.4669129506e-17 2.7213474529e-17 4.349175371e-17 7.6562077533e-13 -7.1609406772e-13 3.1648061992e-12 
-1.6708601462e-12 1.483553406e-12 -9.6202754218e-12 -5.4990222852e-12 4.0057022844e-12 4.2541922595e-12 -2.1690833808e-12 3.2177542965e-12 1.535572474e-11 
1.863472484e-20 -8.4703294725e-20 -6.776263578e-21 -2.8063492971e-09 -2.6239331762e-08 9.998247374e-09 3.9586190793e-09 2.745818966e-09 -6.0735101759e-10 
-2.4439788541e-08 7.8494256513e-08 -3.3707261741e-08 3.1877921526e-12 -8.9499499934e-12 -2.1946293761e-09 4.4855446494e-07 -1.5995993256e-08 6.0662879935e-07 
0 0 -5.1365039886e-09 0 0 -5.1365039886e-09 0 0 -5.1365039886e-09 
0 0 -5.1365039886e-09 0 0 -5.1365039886e-09 0 0 -5.1365039886e-09 
0 0 -5.1365039886e-09 0 0 -5.1365039886e-09 1.6849878682e-09 1.1321438579e-09 -3.101262436e-10 
5.1733159358e-10 4.4707487582e-10 1.2075238709e-09 0 1.3552527156e-20 0 5.0821976835e-21 -3.5575383785e-20 -2.0792011877e-20 
0 0 -5.1365039886e-09 0 0 -5.1365039886e-09 -1.4697626274e-06 -9.559274031e-07 4.3772224743e-07 
0 0 -5.1365039886e-09 1.4697626274e-06 9.559274031e-07 -4.4799525541e-07 0 0 -5.1365039886e-09 
0 0 -5.1365039886e-09 0 0 -5.1365039886e-09 0 0 -5.1365039886e-09 
5.2071453602e-07 -1.3579112319e-07 -1.3142303124e-07 -2.9642447681e-08 1.8502240345e-07 1.1443269151e-07 4.2495645674e-13 2.5001647887e-13 -9.8790959129e-13 
1.3552527156e-20 2.0328790734e-20 -1.2705494209e-21 0 0 -5.1365039886e-09 0 0 -5.1365039886e-09 
0 0 -5.1365039886e-09 -5.8707212509e-07 -3.1659238378e-06 1.8529825579e-06 0 0 -5.1365039886e-09 
0 0 -5.1365039886e-09 0 0 -5.1365039886e-09 0 0 -5.1365039886e-09 
0 0 -5.1365039886e-09 1.4230153514e-19 -1.219727444e-19 2.0328790734e-20 -1.0842021725e-19 -4.5739779152e-20 3.388131789e-20 
-6.2170418327e-08 -5.9801890453e-07 1.1283856729e-06 -1.9344654052e-11 -1.3593319016e-11 1.1197402623e-11 0 0 -5.1365039886e-09 
0 0 -5.1365039886e-09 2.7105054312e-20 0 1.461131834e-20 1.5545716942e-09 -1.1431413783e-09 -4.1132477425e-09 
-0.00042776066604 -0.0011115071054 -0.00020273749856 7.6536033687e-12 -5.6273754691e-12 -1.862700744e-11 5.6359187743e-13 -2.0816576002e-13 -1.2864861391e-12 
3.668973272e-09 1.3844332088e-09 6.042226161e-09 0 0 -5.1365039886e-09 4.1732368714e-10 1.0180685064e-10 -4.0988954993e-10 
-1.3597001371e-09 -4.2262543482e-09 -4.9506588195e-09 -2.4838183518e-09 -3.9136572195e-09 -2.3094359085e-08 5.6820901066e-12 -8.2966299304e-12 -4.381613283e-09 
0 0 -5.1365039886e-09 0 0 -5.1365039886e-09 0 0 -5.1365039886e-09 
-1.8240869737e-08 -3.62766264e-07 -5.1237624129e-08 0 0 -5.1365039886e-09 0 0 -5.1365039886e-09 
0 0 -5.1365039886e-09 0 0 -5.1365039886e-09 0 0 -5.1365039886e-09 
1.0350943965e-09 1.9647978419e-09 1.3882615299e-09 5.0259840571e-10 -8.4547081502e-10 2.937298222e-09 8.5311444696e-09 2.5945801684e-09 3.961853243e-09 
0 0 -5.1365039886e-09 0 0 -5.1365039886e-09 0 0 -5.1365039886e-09 
1.8240869737e-08 3.62766264e-07 4.0964616152e-08 0 0 -5.1365039886e-09 0 0 -5.1365039886e-09 
0 0 -5.1365039886e-09 -4.1392688946e-06 -3.525693756e-07 2.4813915467e-06 0 0 -5.1365039886e-09 
0 0 -5.1365039886e-09 -5.8269005804e-15 -5.4059941541e-14 1.0771719675e-10 1.9023436662e-12 -8.0904250313e-15 -6.9487640362e-11 
-4.8104194028e-10 -3.633903647e-10 -8.8736534575e-09 -1.8380637724e-12 8.7417139499e-13 -1.3777331563e-11 0 0 -5.1365039886e-09 
0 0 -5.1365039886e-09 0 0 -5.1365039886e-09 0 0 -5.1365039886e-09 
0 0 -5.1365039886e-09 0 0 -5.1365039886e-09 0 0 -5.1365039886e-09 
6.776263578e-21 8.8091426514e-20 2.3462812639e-19 -6.776263578e-20 -6.0986372202e-20 1.0164395367e-20 7.0413667843e-12 6.5999219436e-12 3.5969295322e-12 
-1.127691793e-11 -4.6028755894e-12 5.2485175585e-11 1.8246231295e-11 1.9518017302e-11 7.3014486901e-11 -1.3334894685e-11 9.0244488314e-12 -1.9253654647e-11 
7.6578872909e-12 -1.4708878646e-12 -1.2389553569e-11 3.2708962627e-13 -6.6970242828e-12 4.2312714284e-11 6.3250358727e-11 7.966338548e-11 -4.0140330251e-09 
-1.4178665351e-09 1.5358149714e-09 2.7607277776e-09 1.9357784785e-13 -9.9685297659e-14 -2.3720210906e-13 -4.31829265e-09 5.4602389445e-10 4.8287767436e-09 
-2.3434860552e-17 -4.0843928717e-18 -8.3140148361e-17 6.6705029005e-09 1.1449624645e-09 -6.2268879789e-10 -2.4997725905e-10 -1.3223495638e-10 1.7329212902e-10 
8.0976349758e-19 -1.0842021725e-19 -3.2288895949e-18 -1.4833371348e-12 3.7611551718e-12 1.2147514741e-11 0 0 -5.1365039886e-09 
0 0 -5.1365039886e-09 0 0 -5.1365039886e-09 0 0 -5.1365039886e-09 
0 0 -5.1365039886e-09 0 0 -5.1365039886e-09 0 0 -5.1365039886e-09 
-4.864176136e-10 -4.8601529691e-10 2.5472672325e-10 0 4.0657581468e-20 1.6940658945e-20 2.7023739149e-15 1.3570172546e-14 1.9427525977e-12 
0 0 -5.1365039886e-09 0 0 -5.1365039886e-09 0 0 -5.1365039886e-09 
0 0 -5.1365039886e-09 0 0 -5.1365039886e-09 0 0 -5.1365039886e-09 
0 0 -5.1365039886e-09 0 0 -5.1365039886e-09 0 0 -5.1365039886e-09 
0 0 -5.1365039886e-09 4.0789359218e-08 -1.8357893649e-08 -2.167635279e-08 1.2618761902e-07 3.7552633247e-08 -1.1859595868e-08 
-5.4210108624e-20 -8.2585712357e-20 4.6586812099e-21 0 0 -5.1365039886e-09 0 0 -5.1365039886e-09 
0 0 -5.1365039886e-09 0 0 -5.1365039886e-09 0 0 -5.1365039886e-09 
0 0 -5.1365039886e-09 0 0 -5.1365039886e-09 0 0 -5.1365039886e-09 
-6.4306741356e-18 -1.7237120477e-18 1.3383120567e-18 1.0842021725e-19 2.168404345e-19 -1.3552527156e-20 -5.7646859291e-12 9.442447475e-12 2.7177334757e-11 
3.4470350565e-12 -6.2439808911e-13 9.9376160085e-12 0 0 -5.1365039886e-09 -1.2088624753e-10 -3.8914495649e-11 7.6971285759e-10 
-7.8901666053e-10 -1.2513564528e-10 5.5414290271e-09 9.6905280024e-13 -4.019317431e-13 -4.6701907868e-12 -3.3266684654e-11 1.8272235396e-11 1.881328072e-11 
-4.3700244835e-14 3.6501835018e-14 2.0220424409e-14 -1.0112989276e-12 -8.0521093265e-14 -2.5910288171e-12 3.9688575777e-17 -1.0516761073e-17 -5.0352297066e-17 
-6.4648460874e-13 -8.3808320391e-13 -1.4291438548e-11 2.0195601647e-12 1.8521869422e-12 -1.1765934771e-12 -2.7321894747e-17 6.0200325627e-17 1.034159466e-16 
2.6427427954e-18 1.0570971182e-18 3.9132392768e-18 2.4882527679e-12 -5.1233807236e-12 3.2051682296e-12 0 0 -5.1365039886e-09 
0 0 -5.1365039886e-09 0 0 -5.1365039886e-09 0 0 -5.1365039886e-09 
0 0 -5.1365039886e-09 0 0 -5.1365039886e-09 0 0 -5.1365039886e-09 
0 0 -5.1365039886e-09 0 0 -5.1365039886e-09 0 -4.0657581468e-20 -9.3173624198e-21 
-1.0164395367e-20 -5.7598240413e-20 -4.2351647363e-22 8.3046379907e-10 -2.9419599428e-09 -2.0119302419e-08 0 0 -5.1365039886e-09 
0 0 -5.1365039886e-09 0 0 -5.1365039886e-09 0 0 -5.1365039886e-09 
0 0 -5.1365039886e-09 0 0 -5.1365039886e-09 0 0 -5.1365039886e-09 
0 0 -5.1365039886e-09 0 0 -5.1365039886e-09 0 0 -5.1365039886e-09 
-2.168404345e-19 -6.776263578e-21 -2.3716922523e-20 2.0748722759e-10 4.2426548521e-11 9.5266557897e-11 1.0636240153e-14 5.1353778001e-15 8.3006571159e-14 
-3.9102139495e-12 -2.6377506711e-10 2.0549322877e-09 0 0 -5.1365039886e-09 0 0 -5.1365039886e-09 
0 0 -5.1365039886e-09 0 0 -5.1365039886e-09 0 0 -5.1365039886e-09 
0 0 -5.1365039886e-09 -2.7105054312e-20 -4.7433845046e-20 2.7105054312e-20 1.1072624751e-14 -4.2836604218e-14 5.4402778127e-14 
-5.0352104905e-11 4.308527981e-12 -1.7877585445e-10 -2.8304868757e-11 -1.3461975187e-11 5.3208736606e-11 -5.598567838e-11 4.4070604479e-11 -4.6638934271e-11 
9.2677490031e-11 -1.2363736662e-11 2.5923517089e-10 1.7953181341e-10 1.4891877878e-12 -1.978960997e-10 -1.8021034968e-12 8.433141338e-13 1.683699126e-12 
2.3096148949e-11 -1.1532373038e-11 -7.5760572837e-11 -1.3940182288e-13 -7.6002572291e-16 2.1457755311e-12 -4.506131373e-11 3.1129138004e-11 1.1300858611e-08 
-6.6210086865e-12 1.9767207077e-12 1.0421585539e-11 -4.5719791885e-13 -4.3746950507e-13 5.4531802928e-13 0 0 8.4703294725e-21 
7.6161792131e-10 -1.1094853754e-09 4.9324569196e-09 -5.4210108624e-20 -5.4210108624e-20 1.8025919909e-20 1.0596667315e-11 2.1992733155e-12 -2.6347271146e-11 
-1.5981223077e-09 6.1486166596e-09 1.3824603777e-10 0 0 -5.1365039886e-09 0 0 -5.1365039886e-09 
0 0 -5.1365039886e-09 0 0 -5.1365039886e-09 0 0 -5.1365039886e-09 
-9.7578195524e-19 9.2292709933e-18 5.1168164932e-14 -1.1570714005e-14 -3.023890681e-15 -5.5331104214e-14 0 0 -5.1365039886e-09 
0 0 -5.1365039886e-09 0 0 -5.1365039886e-09 0 0 -5.1365039886e-09 
0 0 -5.1365039886e-09 0 0 -5.1365039886e-09 0 0 -5.1365039886e-09 
0 0 -5.1365039886e-09 -1.0164395367e-19 -3.388131789e-21 -1.4399560103e-20 -1.4522672344e-12 3.1169964884e-12 3.049833104e-11 
-1.0089617943e-13 -1.543085321e-13 -2.4115674464e-13 0 0 -5.1365039886e-09 0 0 -5.1365039886e-09 
0 0 -5.1365039886e-09 0 0 -5.1365039886e-09 0 0 -5.1365039886e-09 
0 0 -5.1365039886e-09 -2.2637050654e-12 4.1295794367e-12 4.0377024795e-12 -3.8592632833e-11 7.2827194579e-12 -1.3474543579e-10 
4.1135616343e-11 3.342168364e-11 5.8977858919e-11 0 0 -5.1365039886e-09 -2.7105054312e-20 0 8.4703294725e-21 
4.0398626081e-12 -9.4595555347e-13 -1.0483506366e-11 3.8876261409e-11 -2.5341923357e-11 -7.2650899277e-11 -9.7591748051e-17 6.5594231435e-18 2.1757650613e-16 
2.2307605897e-12 -2.8123341736e-12 -1.0200437703e-11 -2.7105054312e-20 -5.4210108624e-20 -3.388131789e-21 6.3561352362e-18 -8.4025668368e-19 -3.7604027693e-18 
-2.5595312804e-09 -2.8008810408e-10 1.24255053e-10 3.9057310041e-09 9.2039985139e-10 3.7961502284e-09 5.0966994018e-09 5.4050460984e-09 -1.0933238388e-08 
0 8.1315162936e-20 2.7105054312e-20 0 0 -5.1365039886e-09 0 0 -5.1365039886e-09 
0 0 -5.1365039886e-09 0 0 -5.1365039886e-09 0 0 -5.1365039886e-09 
1.5278063374e-13 -9.8853242351e-13 -2.1562221029e-11 7.3995171969e-15 -4.6399193793e-13 -1.0993716144e-12 0 -5.4210108624e-20 2.1175823681e-20 
-1.1910169465e-11 4.0501059388e-11 5.2257838277e-11 2.0361145766e-12 -1.5218046102e-11 4.0460419799e-11 -5.1542299075e-13 -2.0960546328e-11 1.2335788722e-12 
0 0 -5.1365039886e-09 0 0 -5.1365039886e-09 0 0 -5.1365039886e-09 
0 0 -5.1365039886e-09 0 0 -5.1365039886e-09 0 0 -5.1365039886e-09 
0 0 -5.1365039886e-09 0 0 -5.1365039886e-09 0 0 -5.1365039886e-09 
0 0 -5.1365039886e-09 1.8659077105e-12 -3.0513396443e-12 1.6467193066e-11 3.8211457544e-11 3.380555124e-11 -9.9398701819e-09 
0 0 -5.1365039886e-09 0 0 -5.1365039886e-09 0 0 -5.1365039886e-09 
0 0 -5.1365039886e-09 -4.7637088046e-07 -1.7778316679e-08 -2.2153181802e-07 0 0 -5.1365039886e-09 
0 0 -5.1365039886e-09 0 0 -5.1365039886e-09 0 0 -5.1365039886e-09 
0 0 -5.1365039886e-09 -2.5415961653e-12 6.9815574491e-12 8.5670687226e-12 9.9745614871e-12 2.7494414352e-12 6.1541140805e-10 
8.0808858953e-12 -1.3248749781e-11 -1.560566723e-11 -2.4522856415e-12 -7.5122978042e-13 4.9962400803e-11 -9.8595269354e-09 -8.3868135802e-09 5.8435287615e-09 
1.5400653971e-08 1.8946451927e-08 -1.9380912537e-08 -6.2186821854e-11 8.7611296256e-12 -1.4572827218e-10 -5.6062566563e-12 1.7729959211e-12 -6.9514646089e-12 
3.8951506188e-11 -3.0264935238e-11 5.0381107235e-10 9.6133399635e-12 -8.2020188167e-12 -3.0351328378e-10 0.00016655459461 0.00035285004145 9.4029904936e-07 
5.1351338546e-15 -3.9825456301e-15 -5.577127632e-13 -1.0293144375e-17 1.4094628242e-18 1.6808310047e-17 -1.360703613e-09 -2.3691977395e-10 -3.2050562867e-09 
1.0011929437e-18 -4.9761068069e-18 2.5380945218e-18 -5.428481678e-09 -3.8439754924e-09 7.848216557e-09 3.1365812743e-09 2.9026503061e-09 2.3279774535e-08 
-1.9736886527e-07 1.0755029149e-08 2.3738726174e-07 6.1705196725e-11 -9.2858589206e-11 -3.0000692488e-08 1.6153197996e-10 -4.0998596553e-11 -3.314072929e-09 
-2.2524384647e-10 1.0210582569e-11 -1.2811541088e-09 0 0 -5.1365039886e-09 0 0 -5.1365039886e-09 
0 0 -5.1365039886e-09 0 0 -5.1365039886e-09 0 0 -5.1365039886e-09 
0 0 -5.1365039886e-09 0 0 -5.1365039886e-09 6.0086731001e-10 1.6562089428e-10 9.0561194463e-10 
-8.6793382648e-10 3.3122942637e-10 -2.6606195288e-09 -9.7534827437e-16 -6.3689288218e-15 -4.903211477e-13 0 0 -5.1365039886e-09 
0 0 -5.1365039886e-09 0 0 -5.1365039886e-09 0 0 -5.1365039886e-09 
0 0 -5.1365039886e-09 0 0 -5.1365039886e-09 0 0 -5.1365039886e-09 
-1.6999759649e-11 -6.2810306794e-11 -3.8466481797e-10 -9.5323406428e-08 -1.8507928763e-08 1.2044788729e-07 0 0 -5.1365039886e-09 
1.0842021725e-19 0 -1.0164395367e-20 0 0 1.3552527156e-20 -8.1927653789e-11 -1.2239915272e-10 -3.6769657205e-09 
0 0 -5.1365039886e-09 4.7637088046e-07 1.7778316679e-08 2.1125881004e-07 0 0 -5.1365039886e-09 
0 0 -5.1365039886e-09 0 0 -5.1365039886e-09 5.712107664e-11 -9.6196671451e-11 -1.0976093785e-10 
1.187181931e-13 -1.0875859404e-12 1.6845408355e-11 6.1996398683e-13 1.4876667064e-12 1.2686964147e-11 -1.8633744883e-11 -1.2796297409e-10 -1.2528205075e-11 
0 0 -5.1365039886e-09 1.0392020575e-10 -4.0562281873e-11 -2.0230663463e-10 1.1472701754e-09 2.3975644858e-09 2.0454891829e-09 
5.1331087005e-13 -1.2605943104e-13 -3.2846191331e-10 -3.9462591316e-12 3.7245087656e-13 -3.7483969836e-12 -2.1141942363e-18 -9.7578195524e-19 6.0453800237e-18 
-2.4926464849e-08 -1.3165186368e-09 4.7439809225e-08 -4.9833386553e-08 2.3122950404e-08 2.88865209e-08 -2.1124497086e-09 1.6812444734e-09 2.7901922474e-10 
1.7094938854e-09 3.5087203823e-09 -1.363148045e-09 0 0 -5.1365039886e-09 0 0 -5.1365039886e-09 
0 0 -5.1365039886e-09 0 0 -5.1365039886e-09 0 0 -5.1365039886e-09 
0 0 -5.1365039886e-09 -1.7163410036e-06 6.1109815367e-07 1.1777831357e-06 1.7163410036e-06 -6.1109815367e-07 -1.1880561436e-06 
5.3047259857e-07 1.2482504672e-06 -2.2828347095e-06 5.2939559203e-20 9.5291206566e-21 -7.0211090394e-21 1.4247785613e-08 2.1274825594e-08 4.2786968578e-09 
4.0725275474e-11 5.3147940191e-11 -3.7364459529e-08 -1.1176079159e-11 1.8428881768e-10 1.6186195023e-10 0 0 -5.1365039886e-09 
0 0 -5.1365039886e-09 0 0 -5.1365039886e-09 -1.5757190712e-06 -2.5661674675e-06 1.0515099066e-06 
0 0 -5.1365039886e-09 7.1805370415e-07 -6.1355374336e-08 -8.8494882202e-07 0 0 -5.1365039886e-09 
8.576653671e-07 2.6275228418e-06 -1.819705965e-07 0 0 -5.1365039886e-09 0 0 -5.1365039886e-09 
0 0 -5.1365039886e-09 -1.4744612866e-12 1.6998347134e-11 -8.8285014899e-12 6.4028926827e-08 -2.5868089918e-08 -2.435062843e-09 
-1.0972279248e-10 -6.652548125e-11 3.5760890996e-09 2.5828473399e-10 2.5905645923e-10 2.8675039122e-09 3.0596082308e-13 4.9136405665e-13 1.0401507899e-11 
0 0 -5.1365039886e-09 -1.0610956869e-06 -1.5592261396e-06 -1.8394228177e-06 0 0 -5.1365039886e-09 
0 0 -5.1365039886e-09 0 0 -5.1365039886e-09 0 0 -5.1365039886e-09 
0 0 -5.1365039886e-09 0 0 -5.1365039886e-09 0 0 -5.1365039886e-09 
1.9147710435e-11 -5.7496313917e-11 -1.0295892573e-10 5.7486379876e-10 -6.1281334467e-10 -2.7469258156e-09 3.5974690476e-10 -4.9240537339e-10 1.1121356989e-09 
-7.3454697186e-18 -7.1299845368e-17 4.3104174779e-14 5.3784420379e-10 6.8156583242e-11 2.3304201778e-11 5.4840487536e-09 -6.8596283721e-10 -1.2390855694e-08 
1.0610956869e-06 1.5592261396e-06 1.8291498097e-06 2.7101216887e-11 -4.9285752562e-11 -8.7892039347e-10 1.0041576656e-10 -6.7597536306e-11 1.8393699774e-10 
-1.2794400018e-10 -1.4909408343e-11 -3.8326280717e-09 1.0793318974e-12 -1.6259190107e-13 1.1912684635e-12 -7.8828653382e-10 8.4165597153e-10 5.1989523295e-09 
1.0231764256e-08 4.3323483879e-09 5.3310895329e-09 0 0 -5.1365039886e-09 3.3303040822e-10 -9.1723509606e-10 -2.2505698573e-08 
7.2551990423e-10 -1.5341360537e-11 3.2766658857e-09 -2.1232920164e-09 1.8716248741e-09 -4.1335022186e-09 -1.3089283368e-09 8.0906866509e-10 2.6809961256e-09 
-3.1197780195e-06 -7.9804079518e-07 -1.4456042375e-06 0 0 -5.1365039886e-09 3.1197780195e-06 7.9804079518e-07 1.4353312295e-06 
0 0 -5.1365039886e-09 0 0 -5.1365039886e-09 -5.3047259857e-07 -1.2482504672e-06 2.2725617015e-06 
0 0 -5.1365039886e-09 -7.6217667582e-08 1.3003914449e-08 -5.9217175068e-09 -1.0842021725e-19 -5.4210108624e-20 0 
-7.1887543469e-09 -2.7630415588e-08 -5.3271754832e-09 3.2426216877e-11 -2.8633921548e-11 2.9130970019e-10 0 0 -5.1365039886e-09 
0 0 -5.1365039886e-09 0 0 -5.1365039886e-09 0 0 -5.1365039886e-09 
0 0 -5.1365039886e-09 0 0 -5.1365039886e-09 0 0 -5.1365039886e-09 
0 0 -5.1365039886e-09 0 0 -5.1365039886e-09 -8.2162903072e-07 -1.0956382066e-06 8.3360145982e-07 
0 -1.3552527156e-20 1.9058241313e-21 1.0290988981e-12 6.1967038759e-12 -8.9569778935e-12 -3.1997388517e-11 -1.3359715179e-10 4.5374819245e-10 
1.3858489009e-14 1.546608978e-14 7.5624106655e-12 0 0 -5.1365039886e-09 0 0 -5.1365039886e-09 
0 0 -5.1365039886e-09 0 0 -5.1365039886e-09 0 0 -5.1365039886e-09 
0 0 -5.1365039886e-09 0 0 -5.1365039886e-09 0 0 -5.1365039886e-09 
8.2162903072e-07 1.0956382066e-06 -8.4387446779e-07 0 0 -5.1365039886e-09 -1.7897005774e-10 7.3902219739e-11 -5.7284057756e-09 
-2.2603475548e-09 3.84460336e-09 2.6914836295e-09 -1.8530168882e-11 -1.1592883879e-11 7.1955330804e-11 2.7189580475e-12 1.6749740565e-12 3.2165464817e-11 
1.2354489176e-13 2.3822415395e-14 2.2360259931e-11 1.5673974163e-11 9.9847453439e-12 -8.9050008679e-12 -8.7706585674e-11 4.0581521406e-11 1.7499568725e-10 
5.4776373295e-10 -1.63437615e-10 -1.3188220112e-09 1.9854946957e-08 1.2686844479e-08 -1.4664672195e-08 9.8411286068e-09 4.1590652135e-10 7.5483237679e-10 
1.5543191436e-09 1.4062743873e-10 1.9438149665e-09 1.0897969423e-10 -4.1330865027e-11 1.5814927753e-09 1.5927988532e-10 2.609675811e-11 7.1220042981e-11 
-5.4210108624e-20 -1.0842021725e-19 -4.7433845046e-20 -1.1676926098e-10 -1.7374373208e-11 4.4934482259e-11 0 0 -5.1365039886e-09 
1.861495932e-09 1.7651892397e-09 -2.84791654e-09 6.3678485543e-10 3.4531145003e-10 9.1086528509e-10 -9.1646845701e-10 -4.9449713714e-10 -4.2062823616e-09 
-3.7947076037e-18 1.7862230792e-17 -1.0977546996e-17 1.028297998e-18 -3.0577889396e-18 -9.4359470324e-19 0 0 -5.1365039886e-09 
0 0 -5.1365039886e-09 0 0 -5.1365039886e-09 0 0 -5.1365039886e-09 
0 0 -5.1365039886e-09 0 0 -5.1365039886e-09 0 0 -5.1365039886e-09 
0 0 -5.1365039886e-09 -1.83561752e-06 3.0341856637e-06 1.2362363705e-06 -3.0096769999e-08 -1.9270929238e-08 1.2362862993e-08 
3.1760520863e-12 5.6568419728e-11 -5.9471042813e-11 0 0 -5.1365039886e-09 0 0 -5.1365039886e-09 
0 0 -5.1365039886e-09 0 0 -5.1365039886e-09 0 0 -5.1365039886e-09 
0 0 -5.1365039886e-09 0 0 -5.1365039886e-09 0 0 -5.1365039886e-09 
0 0 -5.1365039886e-09 0 1.3552527156e-20 1.3552527156e-20 1.5178830415e-18 -4.9331198848e-18 -1.9237812298e-17 
-5.7698802028e-11 -7.7557941094e-11 -1.924898982e-09 0 0 -5.1365039886e-09 0 0 -5.1365039886e-09 
0 0 -5.1365039886e-09 0 0 -5.1365039886e-09 0 0 -5.1365039886e-09 
0 0 -5.1365039886e-09 0 0 -5.1365039886e-09 0 0 -5.1365039886e-09 
0 0 -5.1365039886e-09 9.8317224479e-11 -2.2121330229e-10 -6.8614512163e-11 7.1751404189e-11 -2.1263136334e-10 5.6636769466e-11 
3.7404974951e-18 1.4636729329e-18 1.2573357069e-17 -1.0842021725e-19 -1.0842021725e-19 1.2705494209e-21 -2.1553939189e-16 -1.6588293239e-17 1.5169851866e-16 
-7.0984675748e-10 3.6248096224e-10 -9.6742089576e-10 0 0 -5.1365039886e-09 7.4721376783e-10 -1.4554860306e-10 -3.5907418888e-09 
1.3982794764e-08 -4.0159896181e-09 -2.6689499309e-10 -2.3729119798e-16 2.5890070253e-16 -5.2565988028e-15 3.2851325826e-17 -3.0140820395e-17 1.5449880958e-18 
-5.0601792992e-11 2.4701808687e-11 6.1355890872e-11 -3.6332068163e-11 1.6689669652e-11 2.3576131185e-10 -5.4210108624e-20 1.6263032587e-19 -1.4823076577e-21 
-5.3130092571e-07 -5.0432706088e-07 -1.3026784449e-07 1.2163279083e-10 1.6746498272e-09 1.5111279783e-08 -1.2034644115e-17 2.9273458657e-18 5.6364960442e-17 
0 0 -5.1365039886e-09 0 0 -5.1365039886e-09 0 0 -5.1365039886e-09 
0 0 -5.1365039886e-09 5.3130092571e-07 5.0432706088e-07 1.1999483651e-07 0 0 -5.1365039886e-09 
0 0 -5.1365039886e-09 0 0 -5.1365039886e-09 0 0 -5.1365039886e-09 
0 0 -5.1365039886e-09 4.8883150924e-09 1.2627489555e-09 -8.6758582404e-09 4.5140757451e-16 6.95190433e-16 4.5182770286e-16 
7.2913094833e-13 -3.9598862113e-12 -1.2975244592e-09 -8.3219333117e-11 -5.4162263269e-10 -3.2990786312e-10 0 0 -5.1365039886e-09 
-6.8901336999e-08 9.4687726368e-08 -1.2140420828e-07 6.8901336999e-08 -9.4687726368e-08 1.111312003e-07 -7.2937101542e-07 -8.4594356425e-07 -1.4551307585e-06 
0 0 -5.1365039886e-09 0 0 -5.1365039886e-09 0 0 -5.1365039886e-09 
0 0 -5.1365039886e-09 2.5141228942e-11 1.4264478875e-10 -7.1621586563e-10 -1.0424699884e-10 5.3720613456e-09 3.5343567698e-09 
-1.219727444e-19 4.0657581468e-20 -1.3234889801e-23 -4.946672412e-18 8.897234078e-18 -7.3519315212e-16 9.5252773828e-11 3.5422607934e-10 9.3020584566e-10 
-2.6012590085e-11 -7.5859115539e-11 1.2558108802e-09 0 0 -5.1365039886e-09 0 0 -5.1365039886e-09 
0 0 -5.1365039886e-09 0 0 -5.1365039886e-09 0 0 -5.1365039886e-09 
0 0 -5.1365039886e-09 7.2937101542e-07 8.4594356425e-07 1.4448577506e-06 -1.7909317963e-11 2.746255644e-11 -3.589779209e-11 
-9.6004187079e-10 -7.2788839268e-10 -1.4984577929e-10 7.2476281435e-10 9.3953696006e-10 8.7593050318e-09 -1.4428403016e-09 -2.5038798075e-12 -3.3835496309e-09 
0 0 -5.1365039886e-09 -2.7105054312e-20 1.1519648083e-19 3.388131789e-21 -1.3552527156e-20 -5.4210108624e-20 -4.2351647363e-22 
8.3227478728e-14 -6.2750152297e-14 -1.593730604e-11 -1.6424330229e-08 -7.2872610214e-10 -2.3657511328e-08 1.0576006998e-09 6.8813675399e-09 4.6618754058e-10 
-2.6323903858e-09 -2.4933172967e-08 1.1236981189e-09 1.0798671692e-09 -1.0922661445e-09 -2.7960242127e-11 0 0 -5.1365039886e-09 
-9.1602547487e-16 -7.9772377126e-16 8.1487788251e-16 4.3646083113e-15 4.5608031647e-15 2.6715986668e-15 9.3054331601e-12 -6.3990035601e-12 -3.0041500717e-11 
2.9746060487e-12 -7.6320820171e-12 2.2431438746e-11 3.2899861275e-11 -1.3270475268e-11 4.3650829398e-10 0 0 -5.1365039886e-09 
0 0 -5.1365039886e-09 0 0 -5.1365039886e-09 0 0 -5.1365039886e-09 
0 0 -5.1365039886e-09 0 0 -5.1365039886e-09 4.8583099349e-16 5.5692755095e-16 -2.0665096695e-15 
-8.653390721e-12 1.3662689781e-11 -9.6276974176e-12 0 0 -5.1365039886e-09 0 0 -5.1365039886e-09 
0 0 -5.1365039886e-09 0 0 -5.1365039886e-09 0 0 -5.1365039886e-09 
0 0 -5.1365039886e-09 0 0 -5.1365039886e-09 0 0 -5.1365039886e-09 
0 0 -5.1365039886e-09 0 0 -5.1365039886e-09 4.6327084676e-10 2.8575956156e-08 2.4420349848e-08 
1.465468955e-08 1.1897963266e-07 -3.4339003211e-08 0 0 -5.1365039886e-09 -3.1844806739e-14 -5.6535451234e-14 -1.3532015259e-11 
-3.2411177e-11 -6.4615806204e-11 1.1490079129e-08 0 0 -5.1365039886e-09 0 0 -5.1365039886e-09 
0 0 -5.1365039886e-09 0 0 -5.1365039886e-09 0 0 -5.1365039886e-09 
0 0 -5.1365039886e-09 0 0 -5.1365039886e-09 4.9439669017e-07 4.0825335154e-07 -4.6409331882e-07 
3.3095631812e-12 -4.5228869207e-12 -1.2428034585e-11 -1.6119628332e-09 -2.0551772058e-09 -3.3938993019e-09 1.1202020664e-09 5.5206442694e-10 -4.079117185e-09 
6.776263578e-21 0 3.388131789e-21 -1.3552527156e-20 5.4210108624e-20 1.6940658945e-21 1.7037129972e-09 -1.8011237102e-09 -3.9359402691e-09 
0 1.0842021725e-19 2.1175823681e-21 -1.1200866725e-12 2.9891266328e-12 4.049399453e-11 -9.3912806825e-11 -1.6578417957e-10 -2.9998444521e-10 
9.0306827229e-11 4.5771231114e-10 3.2531163766e-10 -1.7468507852e-10 1.7009744592e-09 -5.2991529248e-10 0 0 -5.1365039886e-09 
-1.3796472645e-15 -1.5024873706e-15 -3.1829479678e-14 -1.7635686748e-14 -1.7486717369e-14 -5.7210364969e-15 -4.8726195604e-12 -5.5585831077e-12 2.5096796391e-11 
-3.388131789e-20 -5.7598240413e-20 -1.2705494209e-21 -7.8354206803e-15 1.1624165172e-14 -3.5582682472e-11 0 0 -5.1365039886e-09 
0 0 -5.1365039886e-09 -1.0842021725e-19 -2.7105054312e-20 1.6940658945e-21 -4.4018608203e-17 2.6562953226e-18 -5.481827828e-17 
-2.0959073998e-09 -1.7513372201e-08 5.7040903572e-09 3.6761158353e-12 1.5637207302e-11 -6.6882467275e-11 1.0849396184e-06 -1.1858002923e-06 1.1216879699e-08 
0 0 -5.1365039886e-09 0 0 -5.1365039886e-09 0 0 -5.1365039886e-09 
0 0 -5.1365039886e-09 0 0 -5.1365039886e-09 0 0 -5.1365039886e-09 
0 0 -5.1365039886e-09 0 0 -5.1365039886e-09 0 0 -5.1365039886e-09 
0 0 -5.1365039886e-09 1.8883765803e-08 1.9824061325e-07 -9.9261992692e-08 0 0 -5.1365039886e-09 
-3.4123030532e-07 4.378201684e-07 -6.9281886163e-08 1.6506062189e-09 1.9953655198e-09 5.5996273992e-09 -3.6881208313e-08 5.2796904391e-08 1.6468196606e-08 
0 0 -5.1365039886e-09 0 0 -5.1365039886e-09 0 0 -5.1365039886e-09 
0 0 -5.1365039886e-09 0 0 -5.1365039886e-09 1.3552527156e-20 -3.388131789e-20 0 
5.5045031033e-13 1.3350724606e-13 -1.9686695189e-12 5.9464567059e-13 5.4826919372e-13 -3.607898641e-12 -5.3532482266e-19 -5.4210108624e-19 -7.6232965253e-20 
1.219727444e-19 -5.4210108624e-20 -2.0582900618e-19 -1.4686487231e-09 -3.0994295932e-09 7.259954445e-08 -1.0021166736e-09 9.8267341681e-10 4.2845933496e-09 
9.8864253915e-12 -5.578952556e-12 -5.3131601282e-11 -1.6637064237e-11 -2.6726403073e-12 -3.887515526e-11 2.3125613024e-11 2.6284342541e-12 -7.0031417475e-11 
0 -1.0842021725e-19 1.6940658945e-21 2.5616711166e-08 -5.9664186483e-09 -7.2580778662e-08 8.4703294725e-22 -3.0493186101e-20 -7.9409338805e-23 
1.8385589416e-10 -8.9800465376e-11 5.8926866544e-10 -5.1659564864e-11 3.5483864626e-10 -1.2938422385e-09 1.6384709887e-11 -2.4288693886e-11 -7.6612641001e-09 
0 0 -5.1365039886e-09 0 0 -5.1365039886e-09 0 0 -5.1365039886e-09 
0 0 -5.1365039886e-09 0 0 -5.1365039886e-09 0 0 -5.1365039886e-09 
2.136962482e-16 7.8850974686e-16 3.3529438487e-14 -9.1649666155e-11 -3.4303753712e-10 -1.0196285049e-09 0 0 -5.1365039886e-09 
0 0 -5.1365039886e-09 0 0 -5.1365039886e-09 0 0 -5.1365039886e-09 
0 0 -5.1365039886e-09 0 0 -5.1365039886e-09 -9.4867690092e-20 0 -1.6940658945e-21 
8.1315162936e-20 0 -1.0164395367e-20 -2.2578076561e-14 -2.2069124956e-14 4.475129582e-11 -2.8385962188e-08 3.2895531091e-08 2.4602034427e-08 
1.0178557371e-09 6.541818614e-10 4.9921598851e-10 0 0 -5.1365039886e-09 0 0 -5.1365039886e-09 
0 0 -5.1365039886e-09 0 0 -5.1365039886e-09 0 0 -5.1365039886e-09 
0 0 -5.1365039886e-09 1.976843537e-11 -2.0018699616e-11 -2.435929287e-10 -3.1822254021e-13 1.1712758432e-12 -1.2822850738e-10 
-3.0771267695e-12 -1.6338690383e-12 -1.788757273e-12 6.5965638442e-13 7.0192143114e-13 1.6080877545e-11 -3.6124008515e-12 -1.6363529455e-12 -3.820859751e-12 
1.2941532137e-12 -1.6809248221e-13 1.6777499673e-12 9.314473021e-13 -4.9441819996e-13 5.8837346005e-11 -7.9382703854e-15 -2.3793669637e-14 -3.1781940378e-13 
-1.8535932663e-11 1.0608091445e-11 -1.2299615091e-11 8.4703294725e-22 0 -3.8116482626e-21 -7.9272910163e-11 -1.2318236221e-11 -2.5692830039e-10 
-2.0328790734e-20 0 -8.4703294725e-21 -5.4210108624e-20 0 -1.6940658945e-21 -6.776263578e-21 9.3173624198e-21 1.2705494209e-21 
0 0 -5.1365039886e-09 0 0 -5.1365039886e-09 0 0 -5.1365039886e-09 
0 0 -5.1365039886e-09 0 0 -5.1365039886e-09 0 0 -5.1365039886e-09 
6.277214653e-11 3.9120887492e-10 1.0244569014e-09 3.9290143675e-12 6.8873510682e-12 -2.5882229413e-10 -1.1752218881e-11 1.6727743783e-11 1.1942363459e-11 
0 0 -5.1365039886e-09 0 0 -5.1365039886e-09 0 0 -5.1365039886e-09 
0 0 -5.1365039886e-09 0 0 -5.1365039886e-09 0 0 -5.1365039886e-09 
0 0 -5.1365039886e-09 0 0 -5.1365039886e-09 0 0 -5.1365039886e-09 
-2.3716922523e-20 -1.3552527156e-20 2.858736197e-20 -1.7524083963e-11 -1.6058762284e-11 -1.4407718149e-11 6.7134112939e-13 -1.9991912043e-12 3.1926331376e-11 
-1.2814104161e-13 -2.2828969075e-13 -2.1129942017e-10 0 0 -5.1365039886e-09 0 0 -5.1365039886e-09 
0 0 -5.1365039886e-09 0 0 -5.1365039886e-09 0 0 -5.1365039886e-09 
0 0 -5.1365039886e-09 7.1069452406e-17 -1.0850830868e-16 1.0965349722e-16 1.1265613008e-12 6.4935941823e-13 -2.2956134335e-12 
2.302187581e-09 -2.5590297897e-09 -1.8365179192e-09 -1.1586127972e-13 1.0077659193e-15 -3.8682699929e-11 -2.6108215033e-12 4.5454056643e-13 2.9191038353e-12 
-1.4739864738e-13 1.0661428879e-13 2.7909627192e-14 2.0208403297e-13 -4.2033542445e-14 -4.5059712704e-13 1.6314494243e-13 -1.3127921059e-13 -1.6438319807e-11 
3.8691819558e-10 -1.4089043447e-10 9.3701780219e-11 -2.4408479795e-12 2.1409344566e-12 -7.628013205e-11 -5.3240442121e-10 3.0609349539e-10 1.9987399401e-09 
9.4590103698e-10 -1.3288078862e-11 1.3336205771e-09 -4.7450036505e-10 -1.0795042551e-10 -5.2212933257e-09 7.3065109464e-14 -5.3504618271e-14 2.8133043895e-13 
3.5973692558e-12 -2.8739110999e-11 -3.3140702057e-11 1.1283377011e-11 -1.3806322676e-11 1.7000496516e-11 0 0 -5.1365039886e-09 
0 0 -5.1365039886e-09 0 0 -5.1365039886e-09 0 0 -5.1365039886e-09 
0 0 -5.1365039886e-09 0 0 -5.1365039886e-09 0 0 -5.1365039886e-09 
0 0 -5.1365039886e-09 1.3552527156e-19 1.5924219408e-19 6.8962246192e-18 2.1842268445e-11 3.939224294e-11 -1.2821373997e-11 
-6.8859035227e-16 -2.6427089141e-15 -6.2504794592e-14 0 0 -5.1365039886e-09 0 0 -5.1365039886e-09 
0 0 -5.1365039886e-09 0 0 -5.1365039886e-09 0 0 -5.1365039886e-09 
0 0 -5.1365039886e-09 0 0 -5.1365039886e-09 -1.5667962912e-11 2.6206778189e-11 8.871843325e-10 
3.5233827574e-12 1.2211713235e-11 -9.9120408202e-11 -3.767660294e-11 -1.3730944498e-10 -7.0396311332e-11 7.4363936233e-15 7.8504368804e-16 -8.2692770546e-14 
2.5961371724e-12 3.0937800607e-12 1.259918255e-09 0 0 -5.1365039886e-09 0 0 -5.1365039886e-09 
0 0 -5.1365039886e-09 0 0 -5.1365039886e-09 -8.9018779382e-13 1.4767386258e-12 1.1918163096e-12 
3.184335933e-11 -5.8091839227e-11 -4.2316612178e-10 -1.1774882284e-12 3.4288691949e-13 6.3746047828e-12 -4.5556401587e-10 -3.7049390758e-10 8.0353696923e-10 
1.0723074447e-12 6.4919391477e-13 7.3546464009e-10 2.0619132453e-16 -2.3089271109e-17 6.8439415105e-17 2.4024094617e-13 -3.1882049084e-15 -1.9950885012e-10 
-4.675926224e-09 -2.4175754642e-09 6.6139792972e-09 1.1094250811e-11 -1.6315305904e-12 -2.2578029741e-10 1.8082036519e-13 -1.362055e-13 9.031504682e-15 
-5.0709045139e-10 1.3998142299e-10 4.7168851366e-09 2.8796701045e-10 -7.0007020688e-11 3.9880335695e-10 -1.5373846305e-10 5.5249592173e-11 5.8458548994e-09 
0 0 -5.1365039886e-09 5.7904632966e-10 4.4782470429e-10 -1.1670990294e-08 -4.020579468e-10 -2.7001594049e-11 6.2480593788e-10 
-7.7584287736e-14 1.9114484301e-16 6.3438561384e-14 2.377997159e-13 3.019689872e-13 -2.9841398314e-13 0 0 -5.1365039886e-09 
0 0 -5.1365039886e-09 0 0 -5.1365039886e-09 0 0 -5.1365039886e-09 
1.5077622798e-11 4.1348712106e-11 -2.621364357e-10 -1.9970086782e-12 1.4188780657e-11 -9.4159993475e-11 -1.0675635177e-07 1.3283891156e-06 -1.0419890221e-06 
0 0 -5.1365039886e-09 0 0 -5.1365039886e-09 1.0675635177e-07 -1.3283891156e-06 1.0317160141e-06 
0 0 -5.1365039886e-09 0 0 -5.1365039886e-09 9.6406752723e-07 -2.7819540399e-07 -6.1188869598e-07 
0 0 -5.1365039886e-09 0 0 -5.1365039886e-09 -1.1773215866e-15 9.0433845308e-15 -8.9388650697e-14 
-6.5456673285e-15 9.9913973579e-16 -7.2880603665e-14 1.2633700686e-11 3.2542900571e-11 1.9220012923e-10 0 0 -5.1365039886e-09 
0 0 -5.1365039886e-09 0 0 -5.1365039886e-09 0 0 -5.1365039886e-09 
0 0 -5.1365039886e-09 0 0 -5.1365039886e-09 -9.7175143366e-15 -1.3684305154e-14 1.1885284423e-13 
1.0039922181e-12 -2.9498185036e-12 -2.6565480806e-12 1.5037580716e-09 2.2473601766e-09 5.4647018578e-09 -2.7105054312e-20 3.0493186101e-20 0 
-2.4824028254e-10 2.419492124e-12 1.0731273047e-11 -4.3580791299e-10 -9.3771086883e-12 2.1968698137e-09 0 0 -5.1365039886e-09 
-8.2581131603e-14 6.3745883572e-14 9.78011617e-14 6.8394888277e-14 2.2131163005e-13 6.4122022433e-13 6.776263578e-20 4.0657581468e-20 6.3527471044e-22 
-7.2953997701e-11 -4.6984783468e-11 6.5711104015e-11 -6.1236535591e-11 9.5486163464e-12 1.0342979893e-08 0 0 -5.1365039886e-09 
1.4230370659e-12 -5.4085877491e-12 -9.0367808969e-10 6.9750861947e-11 6.7036909661e-11 -3.4097934202e-10 -1.2206192681e-13 -1.083640491e-12 1.7297934107e-11 
7.5655193915e-13 -3.6191026304e-13 5.5531189829e-12 -1.4524465615e-12 2.7099180274e-12 1.361906678e-11 0 0 -5.1365039886e-09 
0 0 -5.1365039886e-09 0 0 -5.1365039886e-09 0 0 -5.1365039886e-09 
0 0 -5.1365039886e-09 -3.8387370114e-09 -6.6271921198e-09 -7.4796003342e-09 2.9033036825e-13 5.9055668342e-13 -2.0510036642e-12 
-1.2124112478e-13 -3.0355469996e-12 -5.9165819518e-12 1.5303567398e-10 -4.0929554613e-11 2.3741204801e-09 0 0 -5.1365039886e-09 
0 0 -5.1365039886e-09 0 0 -5.1365039886e-09 -9.6406752723e-07 2.7819540399e-07 6.0161568801e-07 
0 0 -5.1365039886e-09 -8.0532734886e-14 6.4392419077e-13 -1.2595008586e-13 -2.909044533e-14 -9.5105672469e-15 3.9267673755e-13 
1.5595977201e-14 6.8429149066e-14 -2.4651892398e-13 -2.0206476032e-11 -4.5012901718e-11 3.2743355988e-10 0 0 -5.1365039886e-09 
0 0 -5.1365039886e-09 0 0 -5.1365039886e-09 0 0 -5.1365039886e-09 
0 0 -5.1365039886e-09 0 0 -5.1365039886e-09 4.838902716e-15 -2.6503023951e-14 -2.3668350266e-14 
1.2710608046e-10 4.4481005603e-11 -2.2409869624e-08 5.4210108624e-20 0 -4.8704394467e-21 -4.2617615708e-17 -8.2399365109e-18 5.4637860263e-17 
1.5243204919e-16 -7.4778779089e-16 1.6229545179e-12 6.776263578e-21 -1.3552527156e-20 2.1175823681e-22 -8.9429725866e-15 1.3040133209e-14 5.4505718888e-15 
9.7106907051e-09 -4.0370131472e-09 -6.4158030032e-09 1.0512099004e-13 -4.664714795e-14 -1.0000036929e-12 2.3565074588e-13 -9.2356894701e-14 -3.4509142268e-13 
-6.7766798889e-10 -4.035504423e-11 5.478553575e-11 9.0611799792e-10 1.5820665383e-10 2.4242463477e-10 -2.7105054312e-20 -1.0164395367e-19 -6.2002811739e-19 
-1.802762129e-11 -1.3646220268e-10 -1.384060764e-09 1.7130394325e-17 -6.3534247308e-17 1.4080398089e-16 -3.3599498943e-11 9.3995821814e-11 1.0893605732e-10 
3.2255014631e-18 -8.0502011307e-18 1.373438513e-16 0 0 -5.1365039886e-09 0 0 -5.1365039886e-09 
0 0 -5.1365039886e-09 0 0 -5.1365039886e-09 0 0 -5.1365039886e-09 
0 0 -5.1365039886e-09 1.9320446836e-06 -4.7653695672e-06 -7.979915899e-07 0 0 -5.1365039886e-09 
0 0 -5.1365039886e-09 3.7921055185e-15 -7.8346888439e-15 1.0253613856e-13 -2.168404345e-19 -5.4210108624e-20 1.5246593051e-19 
2.4687879779e-13 -1.1506656359e-12 -1.2868165573e-10 -3.9515640087e-10 9.726472121e-11 -8.0748667466e-10 0 0 -5.1365039886e-09 
0 0 -5.1365039886e-09 0 0 -5.1365039886e-09 0 0 -5.1365039886e-09 
-1.9320446836e-06 4.7653695672e-06 7.8771858192e-07 0 0 -5.1365039886e-09 -9.2846683033e-12 -1.4224885186e-11 -5.6995362914e-09 
-6.6639183572e-10 1.0980096223e-09 1.1816185771e-09 -6.9297618858e-12 -1.1580248913e-11 -8.509703778e-09 0 0 -5.1365039886e-09 
0 0 -5.1365039886e-09 0 0 -5.1365039886e-09 -8.5151540195e-07 5.2032666948e-06 -2.9582328217e-06 
0 0 -5.1365039886e-09 8.5151540195e-07 -5.2032666948e-06 2.9479598137e-06 6.7581432529e-12 -9.673181635e-12 -1.4709207702e-11 
-1.747024617e-12 2.675886495e-12 6.6840223135e-12 7.7859268512e-18 4.946672412e-18 -6.7085009423e-19 -2.7376104855e-18 -9.5409791179e-18 -1.5924219408e-18 
1.7753810574e-17 -3.7676025494e-18 -3.1129731361e-17 -1.219727444e-19 -5.4210108624e-20 0 -8.1315162936e-20 8.1315162936e-20 -9.4867690092e-20 
6.776263578e-21 2.7105054312e-20 8.4703294725e-21 -1.4645592681e-13 6.241253174e-14 -9.1933238679e-13 -2.2538215868e-13 9.7036202858e-14 -3.4149460456e-13 
-1.7913246861e-11 -1.0856405629e-10 5.823190911e-10 5.7139059623e-10 1.589151818e-10 -4.6950450504e-10 -1.0842021725e-19 -1.0842021725e-19 -6.776263578e-21 
-8.4778107928e-12 -1.1593388673e-10 -1.2672927466e-10 0 0 -5.1365039886e-09 0 0 -5.1365039886e-09 
0 0 -5.1365039886e-09 0 0 -5.1365039886e-09 0 0 -5.1365039886e-09 
0 0 -5.1365039886e-09 2.6013229039e-09 4.3748831701e-09 -8.0175291573e-09 -1.6805133674e-18 -1.301042607e-18 -1.2671612891e-18 
-3.8872091852e-11 4.0876524144e-11 -1.7066665945e-10 0 0 -5.1365039886e-09 0 0 -5.1365039886e-09 
0 0 -5.1365039886e-09 0 0 -5.1365039886e-09 0 0 -5.1365039886e-09 
0 0 -5.1365039886e-09 0 0 -5.1365039886e-09 0 0 -5.1365039886e-09 
-3.1062934343e-15 1.595638972e-14 3.2719339458e-14 -1.8881576354e-08 -7.3525171327e-09 8.7349821207e-10 -6.9964514867e-13 -4.9903018865e-12 -1.3108287082e-09 
0 0 -5.1365039886e-09 0 0 -5.1365039886e-09 0 0 -5.1365039886e-09 
0 0 -5.1365039886e-09 0 0 -5.1365039886e-09 0 0 -5.1365039886e-09 
1.7527667685e-13 -2.0136466821e-13 -7.4905085517e-11 1.1519648083e-19 1.219727444e-19 -4.319868031e-20 1.2766160741e-12 1.6527332617e-12 -8.3936679764e-12 
3.5263500358e-12 2.9036614693e-13 -1.187379432e-11 -1.0476211078e-11 9.3139621992e-12 1.8210331944e-10 1.9580623472e-11 -1.52199812e-11 -1.8281929666e-10 
1.9764052211e-11 6.8583160093e-11 3.3333904406e-10 -1.4549538825e-10 9.2667172004e-11 7.4154492823e-11 -4.6297706337e-12 8.1456041456e-13 -1.5093810049e-09 
0 0 -5.1365039886e-09 -2.0541830365e-10 -1.2675347653e-10 -7.2117668089e-11 -4.9155934152e-11 -3.7240864038e-11 -4.7261847831e-09 
1.1926223897e-18 -1.1926223897e-18 -6.390863587e-19 -1.5632913594e-10 -5.395429367e-11 -9.3218915348e-11 4.9166479969e-11 2.0732513769e-11 -4.4551805043e-10 
-1.971524362e-10 2.2923391399e-11 -4.3416693492e-10 0 0 -5.1365039886e-09 0 0 -5.1365039886e-09 
0 0 -5.1365039886e-09 0 0 -5.1365039886e-09 0 0 -5.1365039886e-09 
0 0 -5.1365039886e-09 -5.2583805366e-18 5.5429836068e-18 -1.4444029333e-18 -2.3852447795e-18 2.4936649967e-18 3.0967524552e-18 
9.2478220177e-12 -7.7447176425e-11 3.2576518524e-11 0 0 -5.1365039886e-09 0 0 -5.1365039886e-09 
0 0 -5.1365039886e-09 0 0 -5.1365039886e-09 -6.776263578e-20 1.3552527156e-20 -2.0328790734e-20 
2.3852447795e-18 -1.3552527156e-18 1.0003459107e-18 2.3556096132e-09 3.4023540367e-09 1.1917946903e-08 0 0 -5.1365039886e-09 
0 0 -5.1365039886e-09 0 0 -5.1365039886e-09 0 0 -5.1365039886e-09 
0 0 -5.1365039886e-09 0 0 -5.1365039886e-09 -1.9847095972e-13 -6.8177194034e-14 -1.3736835257e-12 
-1.9244588562e-18 -1.1926223897e-18 7.2506020285e-19 7.4196906973e-11 -1.928673092e-10 7.6414945851e-09 -1.0347284011e-13 -4.4233605494e-14 -6.793994362e-13 
-5.4210108624e-20 -1.6263032587e-19 8.4703294725e-22 1.5770723486e-14 5.7178654173e-15 -5.699765509e-14 2.7707793945e-11 1.5085968857e-10 -1.1726773508e-09 
-2.7105054312e-20 0 -7.4248261178e-18 -1.0634275036e-14 -3.1869038658e-15 -1.4374861893e-14 -3.4914104485e-11 -9.6818086642e-11 -1.9821846486e-09 
3.0126655294e-13 1.2725913801e-13 -3.2121516344e-12 -1.7205035953e-12 7.7839427612e-13 -2.5981903041e-12 4.8135527682e-11 -6.6128591969e-11 -1.2577376603e-10 
-3.1126039409e-11 2.2791015603e-11 -1.5013667526e-10 -1.0225996021e-11 -1.0577966807e-11 4.5783394849e-11 -2.7105054312e-20 0 -9.2644228606e-23 
1.371047217e-11 -3.0679980041e-12 -1.2573227063e-10 -4.0187745534e-09 -2.2758149014e-10 -3.5733698867e-09 0 0 -5.1365039886e-09 
7.6053292998e-10 2.753661865e-10 -3.3756514431e-10 -2.9443078487e-10 -8.183750305e-10 7.9774786814e-10 -4.8007124141e-11 1.7335086296e-10 3.5791829173e-09 
-1.0683150637e-10 6.5421541203e-10 -2.0537664598e-09 6.5047556751e-11 -6.1384373962e-10 5.2427052518e-09 3.9601025881e-10 -6.4736262575e-10 -2.4101205096e-10 
0 0 -5.1365039886e-09 0 0 -5.1365039886e-09 0 0 -5.1365039886e-09 
0 0 -5.1365039886e-09 0 0 -5.1365039886e-09 5.1382726253e-10 -1.2658884159e-09 2.2341094556e-09 
-3.329198976e-10 -7.4494362769e-10 8.7901676632e-10 3.4635223444e-10 1.2491581985e-09 1.9429770484e-09 0 0 -5.1365039886e-09 
0 0 -5.1365039886e-09 0 0 -5.1365039886e-09 0 0 -5.1365039886e-09 
0 0 -5.1365039886e-09 0 0 -5.1365039886e-09 0 0 -5.1365039886e-09 
-1.3552527156e-19 -5.4210108624e-20 4.2351647363e-20 3.388131789e-20 0 -8.4703294725e-22 0 0 -1.3552527156e-20 
2.7105054312e-20 5.4210108624e-20 -4.0657581468e-20 0 0 -5.1365039886e-09 0 0 -5.1365039886e-09 
0 0 -5.1365039886e-09 0 0 -5.1365039886e-09 0 0 -5.1365039886e-09 
0 0 3.388131789e-20 -7.108692839e-14 1.6313098418e-13 -3.1132892615e-13 2.0539787319e-13 8.1543495914e-14 -2.5698069732e-13 
0 0 1.1646703025e-21 -1.3552527156e-20 -5.4210108624e-20 -2.2234614865e-21 2.7123344803e-13 -1.4387411618e-13 -2.1118172279e-11 
1.2943298614e-11 2.7074978815e-11 1.0893262366e-10 -1.7782461986e-11 5.6224263526e-12 8.97397877e-11 3.6281199399e-15 3.8272336689e-15 -1.07670361e-13 
2.3448111762e-11 6.1490927977e-12 -9.9433023257e-12 -2.5540451974e-10 3.5538802245e-10 4.6347410692e-10 -4.9502975368e-10 9.6445540264e-10 -1.0482991767e-09 
0 0 -5.1365039886e-09 0 0 -5.1365039886e-09 0 0 -5.1365039886e-09 
0 0 -5.1365039886e-09 0 5.4210108624e-20 3.0493186101e-20 -1.2468576702e-09 1.4165464316e-09 1.6729132068e-09 
-4.1963711824e-10 -6.9755010533e-10 -1.6173446276e-10 0 0 -5.1365039886e-09 0 0 -5.1365039886e-09 
0 0 -5.1365039886e-09 0 0 -5.1365039886e-09 0 0 -5.1365039886e-09 
3.1969976329e-06 6.7723515892e-07 -8.4748773706e-07 -3.1969976329e-06 -6.7723515892e-07 8.3721472909e-07 -3.6978165376e-10 1.4658175593e-09 -1.8380209144e-10 
4.6453495889e-13 1.9904296988e-12 4.0079516465e-11 -3.4882105613e-12 -8.0375463365e-12 -1.2422427617e-11 6.2965089956e-12 1.7154597512e-11 1.3205264229e-11 
0 0 -5.1365039886e-09 0 0 -5.1365039886e-09 0 0 -5.1365039886e-09 
0 0 -5.1365039886e-09 2.7105054312e-20 -4.0657581468e-20 1.3552527156e-20 5.9713760087e-13 -1.0780010782e-12 2.3135389131e-13 
-1.3093880635e-12 -7.0965640048e-13 -2.3321501918e-09 2.2932908827e-12 9.1977922674e-13 -2.3245789165e-11 0 0 -5.1365039886e-09 
-8.8300871504e-13 -1.0385011644e-11 1.0171848739e-10 1.2119292522e-13 -7.3905183189e-14 2.684173584e-10 -8.3408927511e-11 5.7809741748e-11 -8.6991256056e-10 
-5.29502657e-15 6.8790893121e-14 5.8359140359e-13 -5.1499603193e-18 4.4452289072e-18 1.2063083246e-15 -5.8275866771e-19 2.4394548881e-19 -1.4930014487e-16 
5.8341825566e-12 -3.2652552537e-12 -9.1942800972e-11 -5.888578782e-12 -1.8741844014e-13 2.9248881187e-12 0 0 -5.1365039886e-09 
-2.168404345e-19 -3.2526065175e-19 8.0330487135e-19 -3.7216010995e-08 -1.28459994e-08 -1.8716304359e-08 -1.2263806895e-09 -8.1529673273e-10 3.3602202233e-09 
0 0 -5.1365039886e-09 0 0 -5.1365039886e-09 0 0 -5.1365039886e-09 
0 0 -5.1365039886e-09 0 0 -5.1365039886e-09 -5.5294310797e-18 7.3725747729e-18 -1.4975542507e-18 
-3.9978870908e-15 -9.7028505022e-15 -1.1620858271e-13 -2.1634603831e-14 -3.3509382335e-14 1.6173703476e-13 7.5707994561e-14 1.5128257804e-13 8.290957964e-14 
-4.6535566042e-10 3.3992893145e-10 1.294399976e-08 9.006218243e-11 7.3315419521e-11 5.9708704533e-10 0 0 -5.1365039886e-09 
0 0 -5.1365039886e-09 0 0 -5.1365039886e-09 0 0 -5.1365039886e-09 
0 1.3552527156e-20 -1.0297398636e-09 2.1683501349e-15 1.2063483892e-14 -1.5921144679e-14 -6.6226863403e-14 9.8280023984e-13 -2.2208101072e-11 
0 0 -5.1365039886e-09 0 0 -5.1365039886e-09 0 0 -5.1365039886e-09 
0 0 -5.1365039886e-09 -2.5015806007e-10 3.5564310893e-10 5.0821457821e-10 -5.0192125846e-13 5.7859844845e-13 -1.86826934e-12 
0 -1.3552527156e-20 0 4.0657581468e-20 6.776263578e-21 -1.9852334701e-23 1.4231715443e-14 7.2910563221e-16 5.2323158081e-14 
-1.0842021725e-19 -1.0842021725e-19 2.6469779602e-22 -2.9021124154e-14 -8.6269966865e-16 -1.8250739394e-14 6.0639953345e-13 -2.1259350617e-13 1.508418464e-10 
2.9068445242e-12 5.6365461343e-12 1.5489051407e-10 2.8625949746e-10 -2.1065848434e-11 -9.1538798433e-12 6.1046722709e-10 -4.474970006e-10 1.1044361701e-12 
-2.7255349246e-10 -5.5226973277e-11 1.5448457986e-09 -2.7120075581e-11 -1.5557460989e-10 6.0521496501e-10 -3.1404589545e-10 6.6566222742e-11 2.1018164345e-09 
-0.00017267661363 0.000175470581 -6.2067096979e-08 4.4606543936e-14 -3.6918879683e-14 1.6184096909e-13 -9.6106933176e-14 6.5404740001e-14 5.3574893206e-13 
0 0 -5.1365039886e-09 0 0 -5.1365039886e-09 0 0 -5.1365039886e-09 
0 0 -5.1365039886e-09 0 0 -5.1365039886e-09 1.6967066055e-09 3.5810861595e-09 -3.7678667122e-10 
-1.3375792412e-10 -4.0315360998e-11 -9.6358463343e-10 0 0 -5.1365039886e-09 0 0 -5.1365039886e-09 
0 0 -5.1365039886e-09 0 0 -5.1365039886e-09 0 0 -5.1365039886e-09 
-4.1196231647e-11 1.1168202311e-10 1.9071976906e-09 -2.2403660145e-12 -3.4506270657e-12 5.4802755021e-11 1.4468908385e-12 2.5388672284e-12 6.3763897167e-12 
-2.0173406131e-12 -4.1109137036e-12 3.8949407496e-11 0 0 -5.1365039886e-09 0 0 -5.1365039886e-09 
0 0 -5.1365039886e-09 0 0 -5.1365039886e-09 0 0 -5.1365039886e-09 
0 0 -5.1365039886e-09 0 0 -5.1365039886e-09 0 0 1.9058241313e-21 
0 0 2.5410988418e-21 -1.4383605789e-10 9.0070974022e-11 7.4511719927e-10 3.3116684308e-15 1.2462903973e-15 1.0520937501e-11 
1.2744091806e-13 1.1971630284e-13 3.1052928486e-11 -2.1932040188e-10 3.4314998759e-17 1.6345306634e-09 1.4684468065e-10 -5.9102331915e-11 2.515439395e-10 
1.8416755998e-10 1.1227840272e-11 8.2750852031e-10 -2.9336079741e-10 2.4251471057e-10 -6.6404153044e-10 -1.4465407892e-10 9.9472577853e-11 -3.5506522745e-10 
-2.682833701e-10 -9.8315733267e-12 -1.0809956823e-09 9.6157630536e-10 4.065390727e-10 -5.2799101785e-10 1.227050852e-10 -3.8111126363e-11 -3.175976183e-10 
1.3323706288e-14 1.3327988886e-14 -1.4931766312e-13 -4.3208260917e-10 -2.4471369224e-10 2.2394540596e-09 -5.5297631166e-15 1.0445525602e-14 -5.5404832503e-14 
-2.7105054312e-20 -5.0821976835e-20 -8.4703294725e-21 1.3552527156e-20 -4.0657581468e-20 0 -1.015901459e-14 7.6975643741e-15 -4.1312927471e-14 
0 0 -5.1365039886e-09 0 0 -5.1365039886e-09 0 0 -5.1365039886e-09 
0 0 -5.1365039886e-09 0 0 -5.1365039886e-09 0 0 -5.1365039886e-09 
-1.5124620306e-16 -2.5603434303e-16 2.5593714812e-14 -1.4509083138e-10 5.4452170308e-10 -8.4334315187e-10 0 0 -5.1365039886e-09 
0 0 -5.1365039886e-09 0 0 -5.1365039886e-09 0 0 -5.1365039886e-09 
0 0 -5.1365039886e-09 0 0 -5.1365039886e-09 0 0 -5.1365039886e-09 
-1.4094628242e-18 6.9117888496e-19 4.6762867897e-16 6.7337877136e-11 -1.4189466221e-10 -1.8944999727e-10 -5.4210108624e-18 1.6750923565e-17 -2.7086419587e-17 
1.3148310403e-11 1.5744596653e-11 5.3646583594e-09 1.1679898097e-10 -3.3725456831e-10 -4.2691672217e-09 0 0 -5.1365039886e-09 
0 0 -5.1365039886e-09 0 0 -5.1365039886e-09 0 0 -5.1365039886e-09 
0 0 -5.1365039886e-09 0 0 -5.1365039886e-09 6.0603467096e-11 -6.1337583992e-11 -3.1926638806e-11 
5.4210108624e-20 -2.7105054312e-20 -1.3552527156e-20 -6.2303677842e-16 -2.1608149298e-16 -2.030066924e-16 5.4210108624e-20 -1.0842021725e-19 -4.4469229731e-21 
-9.189469525e-13 1.6448550421e-13 6.3558616132e-10 9.4760299867e-13 -1.1956760452e-13 -5.8218192298e-13 -1.6816479172e-13 2.2334781594e-14 1.7233973285e-10 
5.41002927e-12 -2.4934556102e-12 4.1411574284e-12 7.2217898301e-12 -7.0492389866e-12 -2.7006680038e-11 -3.3678029983e-18 -1.8702487475e-18 9.1098393477e-19 
-6.8372499502e-15 2.6820451242e-17 -6.6394180362e-14 -3.4107902592e-14 -7.1805625682e-15 -9.9146138212e-14 1.1113072268e-16 9.1344033032e-17 -7.8090000286e-16 
-3.4417997966e-16 -2.4676441446e-16 2.6110095531e-15 -1.1268248704e-16 -4.0228135764e-17 8.4151876277e-16 -5.122855265e-18 7.1218530205e-18 3.5405063458e-15 
0 0 -5.1365039886e-09 0 0 -5.1365039886e-09 0 0 -5.1365039886e-09 
0 0 -5.1365039886e-09 8.5382437703e-10 4.1256984274e-10 -2.3126561515e-08 -2.6189122803e-08 8.0548005222e-08 -1.0147751099e-08 
0 0 -5.1365039886e-09 0 0 -5.1365039886e-09 0 0 -5.1365039886e-09 
0 0 -5.1365039886e-09 0 0 -5.1365039886e-09 0 0 -5.1365039886e-09 
3.9302328753e-18 -6.3561352362e-18 -2.6984352117e-18 -6.3676022007e-10 5.6020764007e-10 -3.0529422567e-08 0 -5.4210108624e-20 7.9409338805e-23 
-9.7968383623e-12 -2.2915318379e-11 -8.4350988605e-09 2.0874822053e-15 1.6887533039e-15 2.2275041975e-13 0 0 -5.1365039886e-09 
0 0 -5.1365039886e-09 0 0 -5.1365039886e-09 1.8647101007e-12 -2.9510792003e-12 -5.3819283489e-12 
0 -9.4867690092e-20 6.776263578e-21 -1.0842021725e-19 9.6493993351e-18 4.4850661902e-16 -3.966545343e-11 -3.5726798798e-11 -1.2078813759e-10 
4.9390829968e-16 4.4751799922e-16 7.9540628912e-16 3.1796685104e-16 -1.3552527156e-17 -2.4802553095e-13 1.2332799712e-18 3.388131789e-19 4.752701867e-18 
1.7793786362e-12 -1.933361972e-12 -2.8186474422e-12 -2.8907794749e-10 2.492959482e-10 1.0058837479e-10 5.0640644022e-15 -1.3981871216e-15 -1.6981287304e-14 
8.4083015886e-14 1.3942623098e-14 -1.6021823873e-13 -3.5381311596e-15 -1.3158961767e-15 5.3110863147e-15 3.6786979712e-15 4.7569370318e-16 2.2544459518e-15 
5.4524527254e-16 4.538470294e-16 5.9585358532e-15 1.420304846e-17 -1.0299920639e-18 1.5075668684e-14 0 0 -5.1365039886e-09 
0 0 -5.1365039886e-09 0 0 -5.1365039886e-09 0 0 -5.1365039886e-09 
-1.9637145419e-09 -3.1578907392e-09 9.7657841627e-09 -9.2064149273e-13 2.294685633e-10 8.3635317224e-10 0 0 -5.1365039886e-09 
0 0 -5.1365039886e-09 0 0 -5.1365039886e-09 0 0 -5.1365039886e-09 
0 0 -5.1365039886e-09 0 0 -5.1365039886e-09 0 0 -5.1365039886e-09 
-1.9222904518e-15 -1.0169979008e-14 -3.6029499324e-16 0 0 -5.1365039886e-09 6.6410635671e-15 1.5300803159e-14 2.3731008184e-12 
0 0 -5.1365039886e-09 0 0 -5.1365039886e-09 0 0 -5.1365039886e-09 
0 0 -5.1365039886e-09 0 0 -5.1365039886e-09 0 0 -5.1365039886e-09 
0 0 -5.1365039886e-09 0 0 -5.1365039886e-09 8.1315162936e-20 -2.7105054312e-20 -2.7105054312e-20 
1.6576770033e-09 -3.0746304424e-09 -9.6898048041e-09 0 0 -1.4823076577e-21 6.0077321752e-11 3.1503468508e-11 -5.4127697875e-11 
-5.1691248937e-12 5.2168149358e-14 -2.32092914e-09 -2.9158880063e-11 -6.8701635093e-12 1.1769238461e-10 -4.0657581468e-20 5.4210108624e-20 7.4538899358e-20 
1.9922214919e-18 1.5720931501e-18 -9.2750107724e-18 -1.2821523716e-11 5.608411359e-12 -1.814361027e-10 7.2414073164e-14 -3.5996907613e-15 -1.5974441059e-11 
-7.0498380358e-13 6.0154639042e-13 1.0453225342e-10 -2.5236194699e-15 4.6756218688e-16 -2.0480307988e-15 1.1639287743e-10 -8.2193892209e-11 2.4213735867e-10 
-3.4885993833e-14 1.8665136711e-14 -3.4172103793e-13 -1.4340424481e-10 7.6577518198e-12 1.3104783329e-08 0 0 -5.1365039886e-09 
3.4826151294e-13 3.5159613936e-13 4.2587556542e-13 2.1083941776e-11 1.5210518392e-11 -7.5433534839e-09 2.2914139383e-09 8.1861146697e-10 -5.1133586907e-09 
6.776263578e-20 4.0657581468e-20 3.059906522e-20 0 -5.4210108624e-20 -1.0415858273e-20 0 0 -5.1365039886e-09 
0 0 -5.1365039886e-09 0 0 -5.1365039886e-09 0 0 -5.1365039886e-09 
0 0 -5.1365039886e-09 0 0 -5.1365039886e-09 0 0 -5.1365039886e-09 
0 0 -5.1365039886e-09 -9.4254183451e-12 -2.0198532598e-11 -5.9628432524e-08 -7.4385916806e-12 -1.7164696551e-10 4.8309242858e-10 
0 -4.0657581468e-20 0 0 0 -5.1365039886e-09 0 0 -5.1365039886e-09 
0 0 -5.1365039886e-09 0 0 -5.1365039886e-09 0 0 -5.1365039886e-09 
-7.4115382885e-22 -2.1705219273e-21 9.5291206566e-22 7.4517215315e-16 4.0191306771e-15 9.1516277182e-16 1.5706339495e-12 3.0577681453e-11 7.809609035e-09 
1.4884641444e-09 1.8445402207e-09 3.1466067023e-09 0 0 -5.1365039886e-09 0 0 -5.1365039886e-09 
0 0 -5.1365039886e-09 0 0 4.2351647363e-21 -4.3368086899e-19 4.8789097762e-19 9.8933448239e-19 
0 0 4.4469229731e-21 -6.3385529833e-10 5.630668193e-10 3.8694839272e-09 -1.3986208025e-16 -5.9739539704e-17 -4.8480488296e-14 
-7.4383223173e-13 -7.9829263859e-15 -1.6875982013e-10 3.1861680347e-11 -5.3141249539e-12 -3.7261104429e-10 1.5012293454e-11 -6.5200206074e-12 1.3778574111e-10 
1.248314806e-19 -7.7821152029e-21 -1.3234889801e-21 7.5605369404e-12 -5.4082254625e-12 -5.6034172494e-12 1.2666548505e-10 2.0878493595e-11 -5.1674698409e-11 
-3.3466380548e-10 -7.1867907675e-12 1.278959892e-10 -2.5570778134e-13 -2.8926438068e-13 -1.6245989132e-12 4.0873679224e-13 -2.1976102307e-12 1.6877746996e-12 
0 0 -5.1365039886e-09 0 0 -5.1365039886e-09 0 0 -5.1365039886e-09 
0 0 -5.1365039886e-09 0 0 -5.1365039886e-09 -9.06801652e-13 -1.4023699194e-12 -3.36806894e-11 
-5.4210108624e-20 0 2.9116757562e-22 -3.7560843774e-10 -1.2526589151e-09 2.3013127345e-10 -9.301478858e-14 1.994771034e-12 1.2236029755e-13 
0 0 -5.1365039886e-09 0 0 -5.1365039886e-09 0 0 -5.1365039886e-09 
2.4807984798e-07 -2.6795643722e-07 -1.3736590966e-06 -2.4807984798e-07 2.6795643722e-07 1.3633860886e-06 0 0 -5.1365039886e-09 
0 0 -5.1365039886e-09 0 0 -5.1365039886e-09 0 0 -5.1365039886e-09 
5.2529928537e-11 1.419468776e-10 9.7135577483e-10 3.5407086822e-11 3.4624347836e-11 -6.8617012408e-11 3.3057668473e-13 7.7694670359e-13 6.6623464049e-13 
8.9031650027e-12 5.8902741083e-12 -5.5167247493e-10 1.7965460391e-14 -6.4283552982e-14 -6.1955298959e-12 0 0 -5.1365039886e-09 
0 0 -5.1365039886e-09 0 0 -5.1365039886e-09 0 0 -5.1365039886e-09 
-1.941268981e-10 2.118810123e-10 8.3655698529e-11 6.7808561568e-11 -5.3719338412e-12 1.2714088989e-09 5.6791291391e-10 -2.5877191221e-10 -1.9153669592e-09 
1.1101037459e-10 8.1843421092e-11 -1.0527281053e-09 -6.0543438547e-10 -3.8714107817e-09 -1.1843646141e-08 3.9964528684e-10 -1.4488251386e-10 -8.9499259243e-10 
-2.5934100137e-10 5.8417576223e-11 -1.3145597984e-09 1.3981768217e-13 -1.35748563e-13 -5.4190388242e-12 -1.2126551933e-13 7.7305024361e-14 -1.7989278373e-11 
-1.606993618e-14 6.7609763274e-15 4.3821605177e-12 -2.5015254625e-15 5.0176876543e-16 -1.3842694752e-11 2.6118765421e-13 -4.1780652289e-14 2.4828888403e-13 
2.8562264451e-12 -3.772359855e-11 -2.5394410367e-10 1.521652111e-10 3.7063958781e-11 -3.2553772037e-10 -7.5071969041e-13 4.1539071716e-12 -5.6904334811e-12 
9.8028800789e-13 -2.181982893e-12 4.385482266e-12 -3.3237450335e-12 2.7175654712e-12 -2.0565095688e-11 0 0 -5.1365039886e-09 
0 0 -5.1365039886e-09 0 0 -5.1365039886e-09 4.9258266357e-10 2.0208041307e-09 7.0483433598e-10 
5.4210108624e-20 5.4210108624e-20 0 -5.5514810414e-15 -1.4066795417e-13 -3.5839259694e-13 -3.59155739e-13 -2.3059561734e-12 6.6215597119e-12 
0 0 -5.1365039886e-09 0 0 -5.1365039886e-09 0 0 -5.1365039886e-09 
0 0 -5.1365039886e-09 0 0 -5.1365039886e-09 1.094624203e-10 -1.0145476929e-09 1.1286740915e-10 
-3.20240586e-10 1.0300872416e-09 -3.5012589903e-09 -3.512365095e-14 -1.3590609757e-15 9.1226505178e-13 -4.875439245e-13 -1.2116195905e-12 -1.504970939e-13 
0 0 -5.1365039886e-09 0 0 -5.1365039886e-09 0 0 -5.1365039886e-09 
0 0 -5.1365039886e-09 0 0 -5.1365039886e-09 0 0 -5.1365039886e-09 
0 0 -5.1365039886e-09 -1.0842021725e-19 5.4210108624e-20 3.388131789e-20 6.0996051485e-11 -2.1014596392e-10 3.9662084426e-10 
-4.3945388546e-10 -1.6610929286e-10 -3.4103404567e-10 3.0791341699e-17 1.653408313e-16 -2.6008921951e-13 1.1884449967e-11 -1.9166601357e-12 4.3307517032e-09 
4.4381277277e-10 -1.0625514401e-10 1.2815090076e-09 3.0445525983e-11 -5.7186960083e-11 -9.5675252026e-11 -1.4348819442e-14 5.5305152818e-15 6.5692343685e-14 
-1.9658406847e-13 1.7293675172e-14 3.1264561388e-13 -3.6301463991e-10 -2.5028359092e-09 1.4997740276e-08 -1.0943691282e-08 -1.2255742715e-08 -1.2176818381e-08 
1.1314925356e-10 -3.4345191794e-10 9.5915360649e-11 0 0 -5.1365039886e-09 0 0 -5.1365039886e-09 
0 0 -5.1365039886e-09 0 0 -5.1365039886e-09 0 0 -5.1365039886e-09 
-2.5347018538e-10 -8.1633088356e-10 -1.7578074538e-09 -1.0483603325e-12 -3.2564996706e-12 1.9149209772e-11 -1.5633111125e-15 2.0014176609e-13 -5.76432189e-13 
-2.9050538559e-13 1.8817754023e-12 -1.6225723448e-10 0 0 -5.1365039886e-09 0 0 -5.1365039886e-09 
0 0 -5.1365039886e-09 0 0 -5.1365039886e-09 0 0 -5.1365039886e-09 
0 0 -5.1365039886e-09 0 0 -5.1365039886e-09 -1.3552527156e-19 2.7105054312e-20 0 
-1.2637460522e-14 5.3964428412e-14 1.4278598716e-14 0 0 -5.1365039886e-09 -1.9490902016e-09 2.3669663183e-09 -7.3125687784e-10 
1.4037794364e-13 2.4902942122e-13 -4.8342413582e-13 -2.7723547077e-09 4.2899583598e-09 -2.2584069395e-09 0 0 -5.1365039886e-09 
0 0 -5.1365039886e-09 0 0 -5.1365039886e-09 0 0 -5.1365039886e-09 
0 0 -5.1365039886e-09 0 0 -5.1365039886e-09 0 0 -5.1365039886e-09 
5.1664702703e-10 -1.0487719589e-09 8.372280818e-10 6.1838213608e-10 -7.9776484984e-10 3.3698101935e-10 3.1023593753e-10 3.0459518134e-11 -1.4558690439e-09 
1.7098362542e-10 7.7392284313e-11 -2.4710013071e-11 4.223687307e-11 -6.1393380072e-11 -2.8010752501e-10 -6.7669180633e-10 5.8837410855e-11 -6.3554566248e-10 
0 0 -5.1365039886e-09 4.3305925794e-12 -1.7786176178e-12 3.5133926681e-10 -4.5953532154e-10 2.3906598315e-10 2.3236610568e-09 
-3.5427545941e-12 4.2016654573e-12 1.6485625053e-12 -1.2856710166e-10 1.5911027738e-11 4.3415940291e-11 -4.2345902284e-11 5.7054418265e-11 8.1961975167e-12 
-2.0374392497e-09 -1.2361043079e-09 -7.0371477482e-09 2.06704246e-12 1.092975428e-12 4.7443741809e-10 1.5999573736e-11 -3.1668544957e-11 -1.6734933378e-10 
-1.4769480766e-10 5.4701782383e-10 -1.4315511308e-09 -4.2805147447e-13 1.1410098127e-12 3.3477173231e-10 0 0 -5.1365039886e-09 
0 0 -5.1365039886e-09 0 0 -5.1365039886e-09 0 0 -5.1365039886e-09 
0 0 -5.1365039886e-09 0 0 -5.1365039886e-09 0 0 -5.1365039886e-09 
1.6419422245e-12 5.0480913937e-12 -1.6983526385e-11 -2.456395547e-20 -2.0328790734e-20 2.5834504891e-20 -8.1010736427e-09 -1.6182130115e-08 2.1356571134e-08 
0 0 -5.1365039886e-09 0 0 -5.1365039886e-09 0 0 -5.1365039886e-09 
0 0 -5.1365039886e-09 0 0 -5.1365039886e-09 0 0 -5.1365039886e-09 
-8.1315162936e-20 1.3552527156e-20 9.3173624198e-21 8.5539769522e-09 1.5373283545e-09 -7.251268465e-10 6.6467014184e-16 2.3538029165e-16 -8.6956707297e-15 
1.6585794662e-08 5.3577711489e-09 2.1061354236e-09 0 0 -5.1365039886e-09 0 0 -5.1365039886e-09 
-1.9022815007e-14 8.7647289871e-14 6.2128768926e-14 1.7990708749e-14 -1.2909649478e-14 -2.5297498708e-15 7.1336708242e-15 4.5435660442e-15 1.4780257367e-14 
-1.9159749742e-14 -9.6659876284e-15 2.1161050633e-14 1.5640146852e-11 -2.1268018813e-13 1.5062565448e-10 -4.1783394019e-11 2.7488883565e-13 -6.1856026977e-11 
1.9868786602e-11 -1.2995092741e-12 1.6828262532e-11 -8.4877984795e-11 -1.8847101451e-11 7.0683524486e-10 -1.3457862754e-15 4.2094149347e-16 -5.0965586737e-13 
9.3622656069e-11 -4.0593998486e-11 5.7771911602e-10 6.0942748224e-11 -3.4404536562e-11 -6.8342043657e-11 -5.8558897748e-14 3.5100740402e-14 8.859511995e-15 
5.8536206969e-11 2.0587385529e-11 -3.1309116803e-10 3.3304175661e-10 -3.9739535664e-11 -5.7238127976e-10 2.2285212587e-10 -1.3457770261e-10 -4.4026499022e-10 
-1.2755560801e-10 -2.1206678991e-11 3.8438710688e-11 -3.011104655e-11 1.2149242793e-11 1.3539188553e-09 -1.3061433811e-10 -4.8360334888e-11 -1.6086315885e-09 
-2.2073576799e-10 -2.0704530619e-10 1.4425152512e-10 -1.5213958565e-14 -1.2990856221e-14 -2.3914531498e-14 -5.721505626e-14 -1.224565188e-14 1.2175058768e-10 
0 0 -5.1365039886e-09 0 0 -5.1365039886e-09 3.689539993e-15 1.7308095061e-14 -3.8630663389e-16 
-1.4565985137e-14 -3.6252251201e-14 -6.3409896095e-14 3.1104676126e-15 -2.0411271414e-14 -1.6807639197e-14 -6.5289523305e-08 9.3364240783e-08 -1.3268991752e-07 
0 0 -5.1365039886e-09 0 0 -5.1365039886e-09 0 0 -5.1365039886e-09 
-3.9317599156e-08 -1.1114689655e-07 -2.6879707635e-07 0 0 -5.1365039886e-09 0 0 -5.1365039886e-09 
0 0 -5.1365039886e-09 0 0 -5.1365039886e-09 0 1.3552527156e-20 -2.7528570786e-21 
1.1271194969e-11 1.3241832381e-11 2.2258587286e-09 1.1017093064e-08 1.5870635496e-08 3.5639381755e-08 0 0 -5.1365039886e-09 
0 0 -5.1365039886e-09 0 0 -5.1365039886e-09 0 0 -5.1365039886e-09 
0 0 -5.1365039886e-09 -1.3065949611e-08 -1.4537982207e-08 1.8439917774e-08 1.1307889846e-18 -8.012931681e-19 -1.0237451959e-18 
7.4357837596e-15 4.4169312305e-15 -2.3035670017e-14 -8.7074986978e-19 -1.734723476e-18 3.8455295805e-19 -5.4210108624e-20 0 -2.5410988418e-21 
-1.0408247682e-15 1.5270735184e-14 -1.8460481095e-11 0 0 4.6586812099e-21 -5.9846060128e-10 5.8215280838e-10 -2.5251388895e-09 
1.5423697475e-13 -9.0648951019e-14 1.7805748327e-13 1.0787096626e-11 1.4194652181e-10 2.7708349314e-10 3.391924452e-09 4.8146231814e-09 -2.8261328887e-09 
1.0896119958e-08 3.8579936008e-09 1.790058646e-08 -6.0715321659e-18 8.1365984913e-18 3.5152698462e-15 0 0 -5.1365039886e-09 
0 0 -5.1365039886e-09 0 0 -5.1365039886e-09 0 0 -5.1365039886e-09 
0 0 -5.1365039886e-09 0 0 -5.1365039886e-09 2.006277138e-07 -1.6299407821e-07 -3.180791175e-08 
4.2917417488e-08 2.9822609604e-08 -2.193012258e-08 1.1206343777e-07 1.4932358875e-08 -1.3155928835e-08 -1.5270445498e-15 1.0383583777e-14 -4.3360832909e-14 
0 0 -5.1365039886e-09 0 0 -5.1365039886e-09 0 0 -5.1365039886e-09 
0 0 -5.1365039886e-09 3.9317599156e-08 1.1114689655e-07 2.5852406837e-07 0 0 -5.1365039886e-09 
3.8692465031e-17 6.1860510204e-17 -4.0927085024e-10 -7.0854945175e-12 -4.0988170974e-12 2.6272817634e-10 -5.1212289617e-16 -6.9996092256e-16 3.2766606745e-13 
8.7647367662e-12 2.7572412669e-12 2.2070353275e-10 0 0 -5.1365039886e-09 0 0 -5.1365039886e-09 
0 0 -5.1365039886e-09 0 0 -5.1365039886e-09 0 0 -5.1365039886e-09 
-6.7265579906e-15 1.3316989316e-14 7.8894986518e-15 -1.5309384619e-11 -5.6080115595e-12 1.4951081139e-10 -7.803299669e-10 -2.6582178982e-10 -7.7667051841e-10 
-4.188920261e-13 -1.7943751953e-13 6.4373895291e-10 -3.5348357265e-10 -4.3920834932e-10 -1.222023592e-10 7.7927031147e-20 0 1.3552527156e-20 
-5.4210108624e-20 1.3552527156e-19 -7.6232965253e-21 -2.3716922523e-20 -9.4867690092e-20 -1.6940658945e-21 -2.0106969258e-11 1.8624345935e-11 -2.4434165658e-11 
-8.5952837729e-15 3.7972012687e-15 -4.6691918723e-14 -7.7799875917e-13 1.93209435e-13 -1.0764425827e-10 8.1315162936e-20 0 4.0657581468e-20 
4.7433845046e-20 0 0 1.3552527156e-20 3.8116482626e-20 4.5739779152e-20 5.4210108624e-20 -2.7105054312e-20 -2.1175823681e-22 
0 0 0 0 0 -5.1365039886e-09 0 0 -5.1365039886e-09 
0 0 -5.1365039886e-09 0 0 -5.1365039886e-09 0 0 -5.1365039886e-09 
0 0 -5.1365039886e-09 -5.4210108624e-20 -5.4210108624e-20 -1.075731843e-19 3.2770010663e-17 -2.1196152472e-17 2.6901766405e-16 
0 4.4045713257e-20 1.6940658945e-21 5.4210108624e-20 0 2.1175823681e-22 0 0 -5.1365039886e-09 
0 0 -5.1365039886e-09 0 0 -5.1365039886e-09 3.2085318872e-07 -9.0719974006e-08 1.6604194759e-07 
0 0 -5.1365039886e-09 0 0 -5.1365039886e-09 -3.0643590514e-06 8.7736615068e-07 1.3745195219e-06 
0 0 -5.1365039886e-09 0 0 -5.1365039886e-09 7.2858385991e-17 1.3662302626e-16 -3.950561666e-16 
-1.7226659444e-11 9.3860088023e-11 -1.535452823e-10 -1.7780846957e-10 -9.6919779304e-11 -5.5907194502e-10 -2.332985093e-09 -3.4339889323e-09 -2.9737725946e-09 
0 0 -5.1365039886e-09 0 0 -5.1365039886e-09 0 0 -5.1365039886e-09 
-3.6705664549e-15 5.6031568274e-15 -1.7490645908e-15 -1.8314803884e-14 1.6354925498e-14 -2.5640354602e-12 0 -2.7105054312e-20 3.1189341305e-19 
8.1315162936e-20 0 1.1011428314e-20 6.3336095128e-10 1.6076292391e-10 -5.0138576701e-10 1.259094139e-10 6.1205411507e-11 -2.3353252437e-11 
2.7105054312e-20 0 5.0821976835e-21 -2.168404345e-19 2.7105054312e-19 1.9114145488e-17 -2.7105054312e-20 -3.388131789e-21 0 
-6.6287331614e-09 4.915675919e-09 3.3845113648e-08 5.8817967857e-18 1.7889335846e-18 4.7584616911e-17 -6.6042748886e-09 5.1710037507e-09 -2.2270604818e-08 
1.6449379836e-17 3.2390539903e-18 2.1145330495e-17 1.3552527156e-19 1.3552527156e-20 -1.0164395367e-20 -4.0657581468e-20 0 -6.3527471044e-22 
1.2133780018e-09 -6.6780021031e-09 -7.254450686e-09 0 0 2.6469779602e-23 0 0 -5.1365039886e-09 
0 0 -5.1365039886e-09 0 0 -5.1365039886e-09 -5.4210108624e-20 -1.3552527156e-20 1.6940658945e-20 
5.4210108624e-20 2.7105054312e-20 -2.7105054312e-20 1.2940169769e-14 -1.4483816165e-14 3.7164665508e-11 5.526022e-10 -1.6327967145e-09 -1.1199175615e-08 
-7.4554078189e-15 -9.6332603082e-14 2.5479452397e-14 0 0 -5.1365039886e-09 0 0 -5.1365039886e-09 
0 0 -5.1365039886e-09 0 0 -5.1365039886e-09 0 0 -5.1365039886e-09 
0 0 -5.1365039886e-09 -1.4636729329e-18 -1.557795234e-15 5.7006875891e-15 -3.6137542611e-15 -6.5525350716e-14 4.3164614593e-13 
1.650513642e-09 1.910439706e-09 2.9391040292e-09 -8.6793557861e-10 -2.7466705375e-10 -9.2211125416e-10 0 0 -5.1365039886e-09 
0 0 -5.1365039886e-09 0 0 -5.1365039886e-09 0 0 -5.1365039886e-09 
0 0 -5.1365039886e-09 0 0 -5.1365039886e-09 0 0 -5.1365039886e-09 
-1.2750217548e-16 -1.005597515e-16 6.0504842442e-15 -1.9103569312e-11 2.8127223207e-11 -2.7924841809e-09 -5.4210108624e-20 5.4210108624e-20 1.3552527156e-20 
-1.0637390979e-11 2.6240132029e-12 -1.4275179985e-09 1.2874900798e-18 -5.3125906452e-18 4.2351647363e-22 7.8093998282e-15 -2.8206603719e-15 -2.8066133469e-14 
4.7340074664e-08 1.0356006627e-07 -8.705735539e-08 0 5.4210108624e-20 8.4703294725e-22 -1.5410427874e-08 1.6812389208e-08 -1.8244446481e-08 
-1.8702487475e-18 -5.4210108624e-20 1.0045810754e-17 4.7162794503e-18 -5.5294310797e-18 1.0726825244e-17 -1.2683944877e-10 -1.0399213294e-10 -5.1650549587e-11 
-7.1015242298e-17 -1.4419888894e-17 8.8197729149e-16 -1.141333276e-08 1.94008156e-08 -1.1548317128e-08 -5.2636554406e-09 2.0524429303e-09 1.9902964009e-08 
0 0 -5.1365039886e-09 0 0 -5.1365039886e-09 0 0 -5.1365039886e-09 
0 0 -5.1365039886e-09 1.9965395819e-11 4.5458002976e-11 -1.7942169239e-10 6.2198044684e-10 1.5063519212e-12 8.1119218107e-09 
-9.9746599869e-18 9.6893792902e-17 3.8906099181e-14 -3.8820586394e-07 -1.8929614111e-06 1.1775462715e-06 0 0 -5.1365039886e-09 
0 0 -5.1365039886e-09 0 0 -5.1365039886e-09 0 0 -5.1365039886e-09 
0 0 -5.1365039886e-09 1.1074493373e-12 2.0166818248e-12 5.9462183292e-11 -2.6945259175e-12 -1.7774865781e-11 3.6727112574e-10 
-6.776263578e-19 -2.168404345e-19 6.4374503991e-20 -2.8189256485e-18 -7.3183646643e-19 -1.7787691892e-20 0 -5.4210108624e-20 5.2939559203e-20 
-1.0842021725e-19 -5.4210108624e-20 1.219727444e-19 3.8820586394e-07 1.8929614111e-06 -1.1878192795e-06 0 0 -5.1365039886e-09 
0 0 -5.1365039886e-09 0 0 -5.1365039886e-09 0 0 -5.1365039886e-09 
1.0842021725e-19 0 -1.6940658945e-21 -3.7039056718e-16 3.6117484871e-16 4.1547643689e-16 -9.3993582855e-10 -2.4655549716e-10 8.024965433e-09 
9.2445024926e-10 2.3816950549e-10 8.0626801327e-09 -1.3552527156e-20 0 5.2939559203e-23 -2.0328790734e-20 -5.4210108624e-20 2.1175823681e-22 
-2.7299278967e-16 3.0753733436e-16 -1.6200824502e-14 -7.7651101694e-15 3.187012286e-15 -2.7836326655e-14 3.4954302663e-10 4.4782662908e-10 -1.1576420306e-09 
0 0 -1.5881867761e-21 -5.8364394264e-09 -1.3756325774e-09 5.6364614704e-09 -3.0025081813e-15 -8.4502717324e-16 -2.0917348189e-14 
6.3634802207e-11 2.4548975483e-11 1.0897761847e-10 -7.8082652106e-13 -2.7726612239e-12 -1.7503761431e-11 2.7732157391e-12 5.7842795766e-12 -1.2877470108e-10 
0 0 -5.1365039886e-09 0 0 -5.1365039886e-09 0 0 -5.1365039886e-09 
0 0 -5.1365039886e-09 0 0 -5.1365039886e-09 0 0 -5.1365039886e-09 
7.8684508995e-13 1.2539479004e-12 -4.6744058904e-12 2.1940186213e-16 2.3424103233e-16 -2.2344085404e-15 4.3476008384e-12 -2.4302684702e-12 -1.36648162e-11 
0 0 -5.1365039886e-09 0 0 -5.1365039886e-09 0 0 -5.1365039886e-09 
0 0 -5.1365039886e-09 0 0 -5.1365039886e-09 0 0 -5.1365039886e-09 
-5.4210108624e-20 -2.7105054312e-20 0 -1.4975944855e-11 -3.8838522838e-11 -2.7837626239e-10 0 0 -1.1689054672e-19 
-1.8503427414e-12 -2.0209781927e-13 1.6485889017e-11 2.1113617582e-13 -1.165354163e-12 9.4019055753e-12 0 0 -5.1365039886e-09 
0 0 -5.1365039886e-09 0 0 -5.1365039886e-09 0 0 -5.1365039886e-09 
-4.0018039067e-13 7.851177255e-13 -4.0711569654e-13 -1.2067758359e-12 1.8108891123e-12 4.4986158438e-13 8.7847636717e-11 7.4150297989e-12 -5.8602279045e-10 
-7.2046345994e-11 -4.9266475665e-11 -2.9289999904e-10 -6.2698348964e-11 2.4455145808e-11 -7.154637859e-11 -2.7215749088e-10 -5.0426310219e-10 -1.2851582246e-09 
1.9508646001e-13 -7.0114053452e-14 -1.0280111388e-10 -2.1488377697e-09 2.3035477712e-09 -2.3797968643e-09 1.461953485e-09 -1.4299506055e-09 -1.3304508731e-08 
-3.388131789e-20 -1.3552527156e-20 3.3351922298e-21 -1.0842021725e-19 -2.168404345e-19 -1.0164395367e-20 -7.4538899358e-20 -5.4210108624e-20 -5.0821976835e-21 
3.8538526968e-09 1.202734563e-09 7.2042945743e-09 -1.2743116024e-14 -6.4581586606e-15 -2.1292010132e-14 4.2498556757e-15 -1.0884847711e-15 1.3203156559e-14 
1.5019294442e-09 -6.340300561e-11 -3.0398314932e-08 -9.1417682885e-13 2.6077788881e-12 2.1815232265e-11 7.6341407853e-13 -1.7954631956e-12 2.8445134777e-12 
0 0 -5.1365039886e-09 0 0 -5.1365039886e-09 0 0 -5.1365039886e-09 
0 0 -5.1365039886e-09 0 0 -5.1365039886e-09 3.7269449679e-20 -3.7269449679e-20 -4.4045713257e-20 
1.0826182778e-11 1.2940635258e-11 6.994905742e-11 -1.0707270574e-12 2.1254218275e-13 1.250196278e-11 0 0 -5.1365039886e-09 
0 0 -5.1365039886e-09 0 0 -5.1365039886e-09 0 0 -5.1365039886e-09 
0 0 -5.1365039886e-09 0 0 -5.1365039886e-09 0 0 -5.1365039886e-09 
0 0 -5.1365039886e-09 0 0 -5.1365039886e-09 -2.6271731047e-11 -2.2266485182e-10 -2.9854932405e-10 
-3.783292508e-09 -5.3667950516e-10 6.7905589085e-09 0 0 2.2499312661e-22 2.4177708446e-17 3.3610267347e-18 -4.355508001e-15 
-3.0902155672e-11 -2.8460148707e-11 4.6974431196e-10 0 0 -5.1365039886e-09 0 0 -5.1365039886e-09 
0 0 -5.1365039886e-09 0 0 -5.1365039886e-09 0 0 -5.1365039886e-09 
1.0487507319e-09 -2.6760883945e-09 -2.1299983745e-10 -6.3189303916e-08 -6.8642882996e-08 3.2239952964e-08 1.8302156866e-08 2.3628583234e-09 1.4012418526e-08 
1.3925694691e-09 -8.1609518801e-10 1.8865674615e-08 3.1646267497e-08 -5.2830727936e-08 -1.5492367162e-08 3.270694087e-09 -1.0539823544e-09 -2.8029510522e-08 
-9.5240775622e-09 4.229412007e-09 8.3265261353e-09 -5.4210108624e-20 0 -7.9409338805e-22 -3.0826671083e-09 -9.4458742908e-10 -2.0576547769e-08 
5.4210108624e-20 0 6.776263578e-21 6.8572270041e-11 3.1516073063e-11 -3.4657515559e-11 -6.8364814406e-12 1.2079995749e-11 -1.3484070163e-10 
-1.1614086429e-12 1.9038638396e-12 2.880471369e-12 0 0 -5.1365039886e-09 0 0 -5.1365039886e-09 
0 0 -5.1365039886e-09 0 0 -5.1365039886e-09 0 0 -5.1365039886e-09 
0 0 -5.1365039886e-09 0 0 -5.1365039886e-09 -5.2913444245e-09 -1.1291931084e-08 4.5601756033e-09 
2.7105054312e-20 -5.4210108624e-20 1.0164395367e-20 -2.0775670409e-10 -7.0584220705e-10 6.982985301e-10 0 0 -5.1365039886e-09 
0 0 -5.1365039886e-09 0 0 -5.1365039886e-09 0 0 -5.1365039886e-09 
0 0 -5.1365039886e-09 0 0 -5.1365039886e-09 0 0 -5.1365039886e-09 
0 0 -5.1365039886e-09 5.8321470076e-10 -9.5870047541e-10 7.3706911148e-10 9.0695138032e-15 6.9297661075e-14 7.3406627645e-11 
0 0 -5.1365039886e-09 0 0 -5.1365039886e-09 0 0 -5.1365039886e-09 
0 0 -5.1365039886e-09 0 0 -5.1365039886e-09 0 0 -5.1365039886e-09 
0 0 -5.1365039886e-09 3.5275666936e-13 -2.1296401163e-10 3.5502733987e-09 -6.5148263533e-07 -3.2828664545e-07 2.263485074e-07 
-1.0665323974e-09 -1.171058914e-09 -1.3028107275e-09 -9.3028608962e-10 -8.3497272535e-10 -2.4213029485e-10 3.1214195701e-08 -3.4167378775e-08 1.588517928e-08 
-1.2061749169e-18 -4.3368086899e-19 5.5574678702e-17 2.2462793577e-09 -1.9240887198e-09 2.4112099459e-09 -1.2474559146e-15 6.4016717274e-16 2.120458892e-15 
1.7972272721e-10 -1.3755928428e-10 -3.2626344694e-11 7.9222514508e-12 -6.9445792433e-12 3.5473095275e-11 9.3058427717e-17 -1.1031757105e-17 1.4661123877e-16 
1.3552527156e-20 -3.388131789e-21 6.776263578e-21 -1.5672444421e-10 -9.3690040088e-11 5.0554289294e-11 -8.8596664727e-15 -8.0798540601e-15 -9.0552870378e-15 
3.0167555185e-09 -6.5262812952e-09 -1.4150662074e-08 6.7813415614e-10 -1.0850786396e-09 1.4571656211e-08 -4.2500688445e-10 8.8147001886e-10 9.5034661843e-09 
0 0 -5.1365039886e-09 0 0 -5.1365039886e-09 0 0 -5.1365039886e-09 
0 0 -5.1365039886e-09 -5.523681794e-08 -2.2452329199e-08 5.0123340448e-08 -5.1200047844e-07 1.9778903402e-07 1.4452101711e-07 
1.1270035738e-09 -2.7201902932e-09 3.5018197405e-09 0 0 -5.1365039886e-09 0 0 -5.1365039886e-09 
0 0 -5.1365039886e-09 0 0 -5.1365039886e-09 0 0 -5.1365039886e-09 
0 0 -5.1365039886e-09 1.0540347577e-10 -4.5546893885e-10 1.077785161e-10 -5.4210108624e-20 -1.3552527156e-20 1.0587911841e-22 
3.3751306925e-11 -9.5150190705e-11 6.2299221771e-13 2.5015356377e-10 -1.3097239265e-10 6.0114220125e-11 4.8611140566e-10 4.3841601232e-10 5.5554349002e-10 
-4.6734604413e-11 -4.1921921984e-11 -8.4495160812e-11 0 0 -5.1365039886e-09 0 0 -5.1365039886e-09 
0 0 -5.1365039886e-09 0 0 -5.1365039886e-09 0 0 -5.1365039886e-09 
-3.1913627774e-08 -3.7808815642e-08 4.1476679559e-08 0 0 -5.1365039886e-09 3.7201687043e-18 -1.1506095556e-17 3.3933833933e-17 
6.5310043953e-11 4.9213768829e-11 3.2257554279e-10 -1.378888323e-15 1.4488464681e-15 5.7266203498e-16 2.8029250538e-09 1.6181692075e-09 -4.350648704e-09 
2.4702329754e-11 2.437451147e-11 6.9270245799e-11 -7.2930767464e-10 9.093443457e-11 -2.3657006126e-09 -3.1790747416e-11 -1.3334977274e-11 -4.8421804156e-10 
3.8922857992e-17 1.7780915629e-17 -6.1860171391e-16 -2.2626256505e-11 2.4422913965e-12 -6.1186923617e-12 6.2680438097e-20 -2.168404345e-19 -1.3552527156e-20 
4.4045713257e-20 1.0164395367e-20 0 0 -1.6940658945e-19 1.0842021725e-19 1.3552527156e-20 1.0842021725e-19 2.7105054312e-20 
0 0 -5.1365039886e-09 4.7433845046e-20 0 5.5904174519e-20 -2.0328790734e-20 -2.7105054312e-20 1.0842021725e-19 
0 0 -5.1365039886e-09 0 0 -5.1365039886e-09 0 0 -5.1365039886e-09 
0 0 -5.1365039886e-09 0 0 -5.1365039886e-09 0 0 -5.1365039886e-09 
0 0 -5.1365039886e-09 1.1519648083e-19 1.0842021725e-19 5.4210108624e-20 -7.1420781615e-12 -2.9397250855e-11 -1.8314484661e-10 
-3.5420068571e-12 -3.8764868838e-11 -1.3552848302e-10 0 0 -5.1365039886e-09 0 0 -5.1365039886e-09 
8.6203970154e-08 7.8144930602e-08 7.228427912e-08 0 0 -5.1365039886e-09 0 0 -5.1365039886e-09 
1.6940658945e-20 -3.388131789e-20 5.4210108624e-20 8.8091426514e-20 -2.7105054312e-20 0 -3.0066401707e-12 -5.0661925081e-12 1.6185767353e-11 
0 0 -5.1365039886e-09 0 0 -5.1365039886e-09 0 0 -5.1365039886e-09 
-5.4210108624e-19 -1.301042607e-18 2.0582900618e-19 1.9312351197e-19 8.7413800157e-19 -6.5052130349e-19 4.4195430735e-12 4.8010022065e-12 5.5016808912e-12 
1.3552527156e-19 1.0842021725e-19 6.776263578e-20 3.3771078839e-12 -8.0907032308e-13 7.3494277613e-12 -4.3260877736e-11 -4.4988676955e-12 -8.2087905348e-11 
0 0 -5.1365039886e-09 4.0657581468e-19 4.5400965973e-19 3.1848438817e-19 0 0 -5.1365039886e-09 
0 0 -5.1365039886e-09 0 0 -5.1365039886e-09 0 0 -5.1365039886e-09 
0 0 -5.1365039886e-09 0 0 -5.1365039886e-09 -8.6203970154e-08 -7.8144930602e-08 -8.2557287098e-08 
0 0 -5.1365039886e-09 0 0 -5.1365039886e-09 0 0 -5.1365039886e-09 
0 0 -5.1365039886e-09 0 0 -5.1365039886e-09 0 0 -5.1365039886e-09 
0 0 -5.1365039886e-09 0 0 2.3874252276e-19 0 0 -5.1365039886e-09 
0 0 -5.1365039886e-09 0 0 -5.1365039886e-09 0 0 -5.1365039886e-09 
0 0 -5.1365039886e-09 0 0 -5.1365039886e-09 0 0 -5.1365039886e-09 
0 0 -5.1365039886e-09 0 0 -5.1365039886e-09 -6.6845174674e-06 4.7687578577e-06 -3.3884325293e-06 
0 0 -5.1365039886e-09 0 0 -5.1365039886e-09 0 0 -5.1365039886e-09 
0 0 -5.1365039886e-09 0 0 -5.1365039886e-09 0 0 -5.1365039886e-09 
0 0 -5.1365039886e-09 0 0 -5.1365039886e-09 0 0 -5.1365039886e-09 
0 0 -5.1365039886e-09 0 0 -5.1365039886e-09 0 0 -5.1365039886e-09 
0 0 -5.1365039886e-09 0 0 -5.1365039886e-09 0 0 -5.1365039886e-09 
0 0 -5.1365039886e-09 0 0 -5.1365039886e-09 6.6845174674e-06 -4.7687578577e-06 3.3781595213e-06 
0 0 -5.1365039886e-09 0 0 -5.1365039886e-09 0 0 -5.1365039886e-09 
0 0 -5.1365039886e-09 0 0 -5.1365039886e-09 0 0 -5.1365039886e-09 
0 0 -5.1365039886e-09 0 0 -5.1365039886e-09 0 0 -5.1365039886e-09 
0 0 -5.1365039886e-09 0 0 -5.1365039886e-09 -1.0679933393e-07 -9.4397164708e-06 -5.0554303518e-06 
0 0 -5.1365039886e-09 0 0 -5.1365039886e-09 0 0 -5.1365039886e-09 
0 0 -5.1365039886e-09 0 0 -5.1365039886e-09 0 0 -5.1365039886e-09 
0 0 -5.1365039886e-09 0 0 -5.1365039886e-09 0 0 -5.1365039886e-09 
0 0 -5.1365039886e-09 0 0 -5.1365039886e-09 0 0 -5.1365039886e-09 
0 0 -5.1365039886e-09 0 0 -5.1365039886e-09 0 0 -5.1365039886e-09 
0 0 -5.1365039886e-09 0 0 -5.1365039886e-09 0 0 -5.1365039886e-09 
0 0 -5.1365039886e-09 0 0 -5.1365039886e-09 0 0 -5.1365039886e-09 
0 0 -5.1365039886e-09 0 0 -5.1365039886e-09 0 0 -5.1365039886e-09 
0 0 -5.1365039886e-09 0 0 -5.1365039886e-09 0 0 -5.1365039886e-09 
0 0 -5.1365039886e-09 0 0 -5.1365039886e-09 0 0 -5.1365039886e-09 
0 0 -5.1365039886e-09 0 0 -5.1365039886e-09 0 0 -5.1365039886e-09 
0 0 -5.1365039886e-09 0 0 -5.1365039886e-09 0 0 -5.1365039886e-09 
-1.0341003263e-05 -1.2426334918e-08 -4.4730259566e-06 1.0679933393e-07 9.4397164708e-06 5.0451573438e-06 0 0 -5.1365039886e-09 
0 0 -5.1365039886e-09 0 0 -5.1365039886e-09 0 0 -5.1365039886e-09 
0 0 -5.1365039886e-09 0 0 -5.1365039886e-09 0 0 -5.1365039886e-09 
0 0 -5.1365039886e-09 0 0 -5.1365039886e-09 0 0 -5.1365039886e-09 
0 0 -5.1365039886e-09 0 0 -5.1365039886e-09 0 0 -5.1365039886e-09 
0 0 -5.1365039886e-09 0 0 -5.1365039886e-09 0 0 -5.1365039886e-09 
0 0 -5.1365039886e-09 0 0 -5.1365039886e-09 0 0 -5.1365039886e-09 
0 0 -5.1365039886e-09 0 0 -5.1365039886e-09 0 0 -5.1365039886e-09 
1.0341003263e-05 1.2426334918e-08 4.4627529486e-06 0 0 -5.1365039886e-09 0 0 -5.1365039886e-09 
0 0 -5.1365039886e-09 0 0 -5.1365039886e-09 0 0 -5.1365039886e-09 
0 0 -5.1365039886e-09 0 0 -5.1365039886e-09 0 0 -5.1365039886e-09 
0 0 -5.1365039886e-09 0 0 -5.1365039886e-09 0 0 -5.1365039886e-09 
0 0 -5.1365039886e-09 0 0 -5.1365039886e-09 0 0 -5.1365039886e-09 
0 0 -5.1365039886e-09 0 0 -5.1365039886e-09 0 0 -5.1365039886e-09 
0 0 -5.1365039886e-09 0 0 -5.1365039886e-09 0 0 -5.1365039886e-09 
0 0 -5.1365039886e-09 0 0 -5.1365039886e-09 0 0 -5.1365039886e-09 
0 0 -5.1365039886e-09 0 0 -5.1365039886e-09 0 0 -5.1365039886e-09 
0 0 -5.1365039886e-09 0 0 -5.1365039886e-09 0 0 -5.1365039886e-09 
0 0 -5.1365039886e-09 0 0 -5.1365039886e-09 0 0 -5.1365039886e-09 
0 0 -5.1365039886e-09 0 0 -5.1365039886e-09 0 0 -5.1365039886e-09 
0 0 -5.1365039886e-09 0 0 -5.1365039886e-09 0 0 -5.1365039886e-09 
0 0 -5.1365039886e-09 0 0 -5.1365039886e-09 0 0 -5.1365039886e-09 
0 0 -5.1365039886e-09 0 0 -5.1365039886e-09 0 0 -5.1365039886e-09 
0 0 -5.1365039886e-09 0 0 -5.1365039886e-09 0 0 -5.1365039886e-09 
0 0 -5.1365039886e-09 0 0 -5.1365039886e-09 0 0 -5.1365039886e-09 
0 0 -5.1365039886e-09 0 0 -5.1365039886e-09 0 0 -5.1365039886e-09 
0 0 -5.1365039886e-09 0 0 -5.1365039886e-09 0 0 -5.1365039886e-09 
0 0 -5.1365039886e-09 0 0 -5.1365039886e-09 0 0 -5.1365039886e-09 
0 0 -5.1365039886e-09 0 0 -5.1365039886e-09 0 0 -5.1365039886e-09 
0 0 -5.1365039886e-09 0 0 -5.1365039886e-09 0 0 -5.1365039886e-09 
0 0 -5.1365039886e-09 0 0 -5.1365039886e-09 0 0 -5.1365039886e-09 
0 0 -5.1365039886e-09 0 0 -5.1365039886e-09 0 0 -5.1365039886e-09 
0 0 -5.1365039886e-09 0 0 -5.1365039886e-09 0 0 -5.1365039886e-09 
0 0 -5.1365039886e-09 0 0 -5.1365039886e-09 0 0 -5.1365039886e-09 
0 0 -5.1365039886e-09 0 0 -5.1365039886e-09 0 0 -5.1365039886e-09 
0 0 -5.1365039886e-09 0 0 -5.1365039886e-09 0 0 -5.1365039886e-09 
0 0 -5.1365039886e-09 2.7973036457e-11 4.3343613937e-10 1.6381884174e-10 -2.0421253652e-10 -9.7965649209e-11 8.7178377566e-11 
-2.8206562395e-10 -7.4132263201e-11 -1.9232740119e-11 -5.8472097544e-10 -1.6661441411e-10 3.2305393959e-10 -7.3962697356e-11 -3.6666848249e-11 1.256491344e-10 
0 0 -5.1365039886e-09 -4.2596665788e-10 9.9591824407e-10 7.8011544225e-10 4.4123454823e-10 -4.657187285e-10 7.3586976583e-10 
1.3909991056e-10 -6.7470989489e-10 7.9771936326e-10 2.3681165219e-10 -6.4699089664e-10 6.7157247504e-11 -1.3134168479e-10 -2.9101924243e-10 -4.2897664257e-12 
8.815858716e-11 -8.0129201133e-10 7.0736046534e-11 8.658068625e-10 -5.5210804883e-10 5.7085866808e-11 4.5534709776e-10 2.9788214967e-10 3.1847251925e-10 
1.4566059915e-10 2.5934048155e-10 3.7261979009e-10 2.6230231424e-10 5.2893061456e-10 3.4197082684e-10 4.9734622754e-10 3.036237921e-10 1.906435498e-10 
0 0 -5.1365039886e-09 7.006782782e-10 -4.9407610629e-10 3.2136774791e-10 -7.3492398374e-10 -9.8491900279e-10 -2.2300438632e-10 
-1.6952838504e-10 -1.0229525372e-09 -3.0991097547e-11 9.2635468891e-12 1.7197397952e-10 1.6364165117e-10 -1.5137367699e-09 -8.6912982159e-11 5.8404374831e-10 
-3.665924642e-10 5.8322078265e-10 2.3439468905e-10 -6.082917086e-10 3.5478955135e-10 -2.5216668531e-10 3.61712318e-10 5.7287637837e-11 2.3077878499e-10 
0 0 -5.1365039886e-09 0 0 -5.1365039886e-09 0 0 -5.1365039886e-09 
0 0 -5.1365039886e-09 0 0 -5.1365039886e-09 0 0 -5.1365039886e-09 
0 0 -5.1365039886e-09 0 0 -5.1365039886e-09 0 0 -5.1365039886e-09 
0 0 -5.1365039886e-09 0 0 -5.1365039886e-09 0 0 -5.1365039886e-09 
0 0 -5.1365039886e-09 0 0 -5.1365039886e-09 0 0 -5.1365039886e-09 
2.0173911137e-10 -4.4635674587e-13 -1.1111939004e-11 -7.6097926362e-11 3.2634709745e-10 3.3567965937e-10 3.6753140613e-10 6.1017581772e-10 1.2201977196e-10 
-2.8967360692e-10 1.8894279674e-10 -6.845254217e-10 -2.3485665378e-10 -1.5188417734e-10 2.2038093167e-11 -1.4452679237e-10 -1.8145871271e-10 1.9838583064e-10 
1.5312981236e-10 -2.5127080177e-10 -5.4202684452e-11 -5.7704970863e-10 7.0821533837e-12 -6.0743623909e-11 -1.0018706718e-10 1.3560985994e-11 -1.8681991725e-10 
-1.0322466878e-10 6.8450224398e-11 -3.0581632021e-10 -5.1334512568e-10 1.9759703377e-10 -2.0374422139e-10 -1.8006834301e-14 -5.0599446462e-11 -4.4978997959e-11 
1.6129719154e-10 5.9001977611e-11 -3.1698477503e-10 -2.7154872838e-10 -3.1571774626e-11 6.5418793393e-11 -4.2707010328e-10 1.925702034e-10 -3.6868080925e-10 
0 0 -5.1365039886e-09 1.155116647e-09 4.58443876e-10 1.7056189464e-09 -1.6592811036e-10 1.1376391535e-09 4.9593402797e-10 
6.6107783816e-10 -6.4154682484e-10 9.5808817628e-10 4.323783598e-10 5.2874029472e-10 -1.1193598948e-09 6.1832662013e-10 8.1560782483e-10 -8.4551472421e-10 
5.0176711836e-10 4.5050875143e-10 -4.1718755243e-10 -2.9208601061e-10 -2.7189939773e-10 3.4579446519e-11 2.0122414122e-10 5.6282831449e-10 -2.8558735476e-10 
-3.8099744497e-11 1.4330293643e-10 7.4822966663e-11 -9.0202202961e-11 4.1859388309e-10 3.6135165894e-10 -2.8990800403e-10 5.6123320031e-10 2.4242940828e-10 
-1.0847956475e-11 -6.5012645371e-11 6.3510869783e-11 -5.3875772267e-11 3.3332012264e-10 3.2582406509e-10 0 0 -5.1365039886e-09 
1.3539814507e-09 -7.9736700415e-10 -2.7799222647e-11 -3.6568361679e-11 -7.0896839408e-10 2.6399937758e-09 6.9705544231e-10 1.1117842036e-09 1.7672878498e-10 
-1.3696197596e-10 -4.941077487e-10 -1.3856074286e-09 -1.0438525662e-09 -3.914998187e-10 1.4130524004e-10 -4.1856769933e-10 5.1466831419e-10 1.5082423226e-10 
-2.3680657213e-10 1.4478799492e-10 7.290742315e-11 -6.6724139528e-13 -3.7547146085e-10 -1.261667734e-10 1.3306027207e-10 -1.4223399042e-10 -1.4576040338e-10 
5.0991374217e-11 -2.1320214222e-10 1.051889544e-10 5.0528707934e-10 9.8702039694e-11 5.0085632401e-10 4.9768632443e-10 4.2867536342e-10 -1.0424673153e-10 
0 0 -5.1365039886e-09 0 0 -5.1365039886e-09 0 0 -5.1365039886e-09 
0 0 -5.1365039886e-09 0 0 -5.1365039886e-09 0 0 -5.1365039886e-09 
0 0 -5.1365039886e-09 0 0 -5.1365039886e-09 0 0 -5.1365039886e-09 
0 0 -5.1365039886e-09 0 0 -5.1365039886e-09 0 0 -5.1365039886e-09 
6.2903703965e-10 7.6331981163e-10 -3.3924153429e-10 4.8893811001e-10 2.7202050563e-11 -6.8490696976e-10 -3.6462817563e-10 3.0185905502e-10 -2.7217096386e-10 
-7.6129606785e-11 -1.4610851311e-10 -1.9784489052e-10 2.3859667682e-10 2.6373241325e-10 -2.5640693636e-10 2.9393363394e-10 -2.7849918927e-10 -2.3565289953e-10 
1.0729995124e-09 -9.7647620043e-10 -2.1243247828e-09 2.3754835343e-09 1.8505784494e-09 2.6410818197e-09 9.6851456907e-10 5.5812932064e-10 -3.5231297874e-09 
4.5668966913e-10 -4.2417521039e-10 2.1313570915e-10 2.2401400452e-10 -8.6510790569e-11 1.6763402938e-11 6.1052101432e-11 -3.0389523837e-10 -1.0643762857e-10 
-6.3513007029e-11 -1.4693924628e-10 -9.6012114231e-11 -7.8223304544e-11 2.0163890767e-10 -2.2150467394e-10 -6.259061514e-11 5.0390622238e-10 1.0780969699e-10 
0 0 -5.1365039886e-09 0 0 -5.1365039886e-09 -5.5644421441e-10 1.4370268237e-10 -3.5157617152e-10 
-7.1552757755e-10 -4.3179567715e-10 2.5135536917e-10 -3.2481189216e-10 -2.6438830452e-10 -1.2527091941e-10 -1.9486042771e-10 -4.5009936797e-10 7.7550743304e-11 
-6.0780484072e-10 -8.4619872291e-10 -2.5897311526e-10 1.5786889752e-12 1.5106280541e-10 -3.6651772703e-10 0 0 -5.1365039886e-09 
0 0 -5.1365039886e-09 0 0 -5.1365039886e-09 0 0 -5.1365039886e-09 
0 0 -5.1365039886e-09 0 0 -5.1365039886e-09 0 0 -5.1365039886e-09 
0 0 -5.1365039886e-09 0 0 -5.1365039886e-09 0 0 -5.1365039886e-09 
0 0 -5.1365039886e-09 -2.9899123139e-06 -4.5760738675e-06 -3.6479228884e-07 0 0 -5.1365039886e-09 
0 0 -5.1365039886e-09 0 0 -5.1365039886e-09 0 0 -5.1365039886e-09 
0 0 -5.1365039886e-09 0 0 -5.1365039886e-09 0 0 -5.1365039886e-09 
0 0 -5.1365039886e-09 0 0 -5.1365039886e-09 0 0 -5.1365039886e-09 
0 0 -5.1365039886e-09 0 0 -5.1365039886e-09 0 0 -5.1365039886e-09 
2.9899123139e-06 4.5760738675e-06 3.5451928086e-07 0 0 -5.1365039886e-09 0 0 -5.1365039886e-09 
0 0 -5.1365039886e-09 0 0 -5.1365039886e-09 0 0 -5.1365039886e-09 
0 0 -5.1365039886e-09 0 0 -5.1365039886e-09 0 0 -5.1365039886e-09 
0 0 -5.1365039886e-09 0 0 -5.1365039886e-09 0 0 -5.1365039886e-09 
0 0 -5.1365039886e-09 0 0 -5.1365039886e-09 0 0 -5.1365039886e-09 
0 0 -5.1365039886e-09 0 0 -5.1365039886e-09 0 0 -5.1365039886e-09 
0 0 -5.1365039886e-09 0 0 -5.1365039886e-09 0 0 -5.1365039886e-09 
0 0 -5.1365039886e-09 0 0 -5.1365039886e-09 0 0 -5.1365039886e-09 
0 0 -5.1365039886e-09 0 0 -5.1365039886e-09 0 0 -5.1365039886e-09 
0 0 -5.1365039886e-09 0 0 -5.1365039886e-09 0 0 -5.1365039886e-09 
0 0 -5.1365039886e-09 0 0 -5.1365039886e-09 0 0 -5.1365039886e-09 
0 0 -5.1365039886e-09 0 0 -5.1365039886e-09 0 0 -5.1365039886e-09 
0 0 -5.1365039886e-09 0 0 -5.1365039886e-09 0 0 -5.1365039886e-09 
0 0 -5.1365039886e-09 0 0 -5.1365039886e-09 0 0 -5.1365039886e-09 
0 0 -5.1365039886e-09 0 0 -5.1365039886e-09 0 0 -5.1365039886e-09 
0 0 -5.1365039886e-09 0 0 -5.1365039886e-09 0 0 -5.1365039886e-09 

radius 1 3399 double
5e-05 5e-05 5e-05 5e-05 5e-05 5e-05 5e-05 5e-05 5e-05 
5e-05 5e-05 5e-05 5e-05 5e-05 5e-05 5e-05 5e-05 5e-05 
5e-05 5e-05 5e-05 5e-05 5e-05 5e-05 5e-05 5e-05 5e-05 
5e-05 5e-05 5e-05 5e-05 5e-05 5e-05 5e-05 5e-05 5e-05 
5e-05 5e-05 5e-05 5e-05 5e-05 5e-05 5e-05 5e-05 5e-05 
5e-05 5e-05 5e-05 5e-05 5e-05 5e-05 5e-05 5e-05 5e-05 
5e-05 5e-05 5e-05 5e-05 5e-05 5e-05 5e-05 5e-05 5e-05 
5e-05 5e-05 5e-05 5e-05 5e-05 5e-05 5e-05 5e-05 5e-05 
5e-05 5e-05 5e-05 5e-05 5e-05 5e-05 5e-05 5e-05 5e-05 
5e-05 5e-05 5e-05 5e-05 5e-05 5e-05 5e-05 5e-05 5e-05 
5e-05 5e-05 5e-05 5e-05 5e-05 5e-05 5e-05 5e-05 5e-05 
5e-05 5e-05 5e-05 5e-05 5e-05 5e-05 5e-05 5e-05 5e-05 
5e-05 5e-05 5e-05 5e-05 5e-05 5e-05 5e-05 5e-05 5e-05 
5e-05 5e-05 5e-05 5e-05 5e-05 5e-05 5e-05 5e-05 5e-05 
5e-05 5e-05 5e-05 5e-05 5e-05 5e-05 5e-05 5e-05 5e-05 
5e-05 5e-05 5e-05 5e-05 5e-05 5e-05 5e-05 5e-05 5e-05 
5e-05 5e-05 5e-05 5e-05 5e-05 5e-05 5e-05 5e-05 5e-05 
5e-05 5e-05 5e-05 5e-05 5e-05 5e-05 5e-05 5e-05 5e-05 
5e-05 5e-05 5e-05 5e-05 5e-05 5e-05 5e-05 5e-05 5e-05 
5e-05 5e-05 5e-05 5e-05 5e-05 5e-05 5e-05 5e-05 5e-05 
5e-05 5e-05 5e-05 5e-05 5e-05 5e-05 5e-05 5e-05 5e-05 
5e-05 5e-05 5e-05 5e-05 5e-05 5e-05 5e-05 5e-05 5e-05 
5e-05 5e-05 5e-05 5e-05 5e-05 5e-05 5e-05 5e-05 5e-05 
5e-05 5e-05 5e-05 5e-05 5e-05 5e-05 5e-05 5e-05 5e-05 
5e-05 5e-05 5e-05 5e-05 5e-05 5e-05 5e-05 5e-05 5e-05 
5e-05 5e-05 5e-05 5e-05 5e-05 5e-05 5e-05 5e-05 5e-05 
5e-05 5e-05 5e-05 5e-05 5e-05 5e-05 5e-05 5e-05 5e-05 
5e-05 5e-05 5e-05 5e-05 5e-05 5e-05 5e-05 5e-05 5e-05 
5e-05 5e-05 5e-05 5e-05 5e-05 5e-05 5e-05 5e-05 5e-05 
5e-05 5e-05 5e-05 5e-05 5e-05 5e-05 5e-05 5e-05 5e-05 
5e-05 5e-05 5e-05 5e-05 5e-05 5e-05 5e-05 5e-05 5e-05 
5e-05 5e-05 5e-05 5e-05 5e-05 5e-05 5e-05 5e-05 5e-05 
5e-05 5e-05 5e-05 5e-05 5e-05 5e-05 5e-05 5e-05 5e-05 
5e-05 5e-05 5e-05 5e-05 5e-05 5e-05 5e-05 5e-05 5e-05 
5e-05 5e-05 5e-05 5e-05 5e-05 5e-05 5e-05 5e-05 5e-05 
5e-05 5e-05 5e-05 5e-05 5e-05 5e-05 5e-05 5e-05 5e-05 
5e-05 5e-05 5e-05 5e-05 5e-05 5e-05 5e-05 5e-05 5e-05 
5e-05 5e-05 5e-05 5e-05 5e-05 5e-05 5e-05 5e-05 5e-05 
5e-05 5e-05 5e-05 5e-05 5e-05 5e-05 5e-05 5e-05 5e-05 
5e-05 5e-05 5e-05 5e-05 5e-05 5e-05 5e-05 5e-05 5e-05 
5e-05 5e-05 5e-05 5e-05 5e-05 5e-05 5e-05 5e-05 5e-05 
5e-05 5e-05 5e-05 5e-05 5e-05 5e-05 5e-05 5e-05 5e-05 
5e-05 5e-05 5e-05 5e-05 5e-05 5e-05 5e-05 5e-05 5e-05 
5e-05 5e-05 5e-05 5e-05 5e-05 5e-05 5e-05 5e-05 5e-05 
5e-05 5e-05 5e-05 5e-05 5e-05 5e-05 5e-05 5e-05 5e-05 
5e-05 5e-05 5e-05 5e-05 5e-05 5e-05 5e-05 5e-05 5e-05 
5e-05 5e-05 5e-05 5e-05 5e-05 5e-05 5e-05 5e-05 5e-05 
5e-05 5e-05 5e-05 5e-05 5e-05 5e-05 5e-05 5e-05 5e-05 
5e-05 5e-05 5e-05 5e-05 5e-05 5e-05 5e-05 5e-05 5e-05 
5e-05 5e-05 5e-05 5e-05 5e-05 5e-05 5e-05 5e-05 5e-05 
5e-05 5e-05 5e-05 5e-05 5e-05 5e-05 5e-05 5e-05 5e-05 
5e-05 5e-05 5e-05 5e-05 5e-05 5e-05 5e-05 5e-05 5e-05 
5e-05 5e-05 5e-05 5e-05 5e-05 5e-05 5e-05 5e-05 5e-05 
5e-05 5e-05 5e-05 5e-05 5e-05 5e-05 5e-05 5e-05 5e-05 
5e-05 5e-05 5e-05 5e-05 5e-05 5e-05 5e-05 5e-05 5e-05 
5e-05 5e-05 5e-05 5e-05 5e-05 5e-05 5e-05 5e-05 5e-05 
5e-05 5e-05 5e-05 5e-05 5e-05 5e-05 5e-05 5e-05 5e-05 
5e-05 5e-05 5e-05 5e-05 5e-05 5e-05 5e-05 5e-05 5e-05 
5e-05 5e-05 5e-05 5e-05 5e-05 5e-05 5e-05 5e-05 5e-05 
5e-05 5e-05 5e-05 5e-05 5e-05 5e-05 5e-05 5e-05 5e-05 
5e-05 5e-05 5e-05 5e-05 5e-05 5e-05 5e-05 5e-05 5e-05 
5e-05 5e-05 5e-05 5e-05 5e-05 5e-05 5e-05 5e-05 5e-05 
5e-05 5e-05 5e-05 5e-05 5e-05 5e-05 5e-05 5e-05 5e-05 
5e-05 5e-05 5e-05 5e-05 5e-05 5e-05 5e-05 5e-05 5e-05 
5e-05 5e-05 5e-05 5e-05 5e-05 5e-05 5e-05 5e-05 5e-05 
5e-05 5e-05 5e-05 5e-05 5e-05 5e-05 5e-05 5e-05 5e-05 
5e-05 5e-05 5e-05 5e-05 5e-05 5e-05 5e-05 5e-05 5e-05 
5e-05 5e-05 5e-05 5e-05 5e-05 5e-05 5e-05 5e-05 5e-05 
5e-05 5e-05 5e-05 5e-05 5e-05 5e-05 5e-05 5e-05 5e-05 
5e-05 5e-05 5e-05 5e-05 5e-05 5e-05 5e-05 5e-05 5e-05 
5e-05 5e-05 5e-05 5e-05 5e-05 5e-05 5e-05 5e-05 5e-05 
5e-05 5e-05 5e-05 5e-05 5e-05 5e-05 5e-05 5e-05 5e-05 
5e-05 5e-05 5e-05 5e-05 5e-05 5e-05 5e-05 5e-05 5e-05 
5e-05 5e-05 5e-05 5e-05 5e-05 5e-05 5e-05 5e-05 5e-05 
5e-05 5e-05 5e-05 5e-05 5e-05 5e-05 5e-05 5e-05 5e-05 
5e-05 5e-05 5e-05 5e-05 5e-05 5e-05 5e-05 5e-05 5e-05 
5e-05 5e-05 5e-05 5e-05 5e-05 5e-05 5e-05 5e-05 5e-05 
5e-05 5e-05 5e-05 5e-05 5e-05 5e-05 5e-05 5e-05 5e-05 
5e-05 5e-05 5e-05 5e-05 5e-05 5e-05 5e-05 5e-05 5e-05 
5e-05 5e-05 5e-05 5e-05 5e-05 5e-05 5e-05 5e-05 5e-05 
5e-05 5e-05 5e-05 5e-05 5e-05 5e-05 5e-05 5e-05 5e-05 
5e-05 5e-05 5e-05 5e-05 5e-05 5e-05 5e-05 5e-05 5e-05 
5e-05 5e-05 5e-05 5e-05 5e-05 5e-05 5e-05 5e-05 5e-05 
5e-05 5e-05 5e-05 5e-05 5e-05 5e-05 5e-05 5e-05 5e-05 
5e-05 5e-05 5e-05 5e-05 5e-05 5e-05 5e-05 5e-05 5e-05 
5e-05 5e-05 5e-05 5e-05 5e-05 5e-05 5e-05 5e-05 5e-05 
5e-05 5e-05 5e-05 5e-05 5e-05 5e-05 5e-05 5e-05 5e-05 
5e-05 5e-05 5e-05 5e-05 5e-05 5e-05 5e-05 5e-05 5e-05 
5e-05 5e-05 5e-05 5e-05 5e-05 5e-05 5e-05 5e-05 5e-05 
5e-05 5e-05 5e-05 5e-05 5e-05 5e-05 5e-05 5e-05 5e-05 
5e-05 5e-05 5e-05 5e-05 5e-05 5e-05 5e-05 5e-05 5e-05 
5e-05 5e-05 5e-05 5e-05 5e-05 5e-05 5e-05 5e-05 5e-05 
5e-05 5e-05 5e-05 5e-05 5e-05 5e-05 5e-05 5e-05 5e-05 
5e-05 5e-05 5e-05 5e-05 5e-05 5e-05 5e-05 5e-05 5e-05 
5e-05 5e-05 5e-05 5e-05 5e-05 5e-05 5e-05 5e-05 5e-05 
5e-05 5e-05 5e-05 5e-05 5e-05 5e-05 5e-05 5e-05 5e-05 
5e-05 5e-05 5e-05 5e-05 5e-05 5e-05 5e-05 5e-05 5e-05 
5e-05 5e-05 5e-05 5e-05 5e-05 5e-05 5e-05 5e-05 5e-05 
5e-05 5e-05 5e-05 5e-05 5e-05 5e-05 5e-05 5e-05 5e-05 
5e-05 5e-05 5e-05 5e-05 5e-05 5e-05 5e-05 5e-05 5e-05 
5e-05 5e-05 5e-05 5e-05 5e-05 5e-05 5e-05 5e-05 5e-05 
5e-05 5e-05 5e-05 5e-05 5e-05 5e-05 5e-05 5e-05 5e-05 
5e-05 5e-05 5e-05 5e-05 5e-05 5e-05 5e-05 5e-05 5e-05 
5e-05 5e-05 5e-05 5e-05 5e-05 5e-05 5e-05 5e-05 5e-05 
5e-05 5e-05 5e-05 5e-05 5e-05 5e-05 5e-05 5e-05 5e-05 
5e-05 5e-05 5e-05 5e-05 5e-05 5e-05 5e-05 5e-05 5e-05 
5e-05 5e-05 5e-05 5e-05 5e-05 5e-05 5e-05 5e-05 5e-05 
5e-05 5e-05 5e-05 5e-05 5e-05 5e-05 5e-05 5e-05 5e-05 
5e-05 5e-05 5e-05 5e-05 5e-05 5e-05 5e-05 5e-05 5e-05 
5e-05 5e-05 5e-05 5e-05 5e-05 5e-05 5e-05 5e-05 5e-05 
5e-05 5e-05 5e-05 5e-05 5e-05 5e-05 5e-05 5e-05 5e-05 
5e-05 5e-05 5e-05 5e-05 5e-05 5e-05 5e-05 5e-05 5e-05 
5e-05 5e-05 5e-05 5e-05 5e-05 5e-05 5e-05 5e-05 5e-05 
5e-05 5e-05 5e-05 5e-05 5e-05 5e-05 5e-05 5e-05 5e-05 
5e-05 5e-05 5e-05 5e-05 5e-05 5e-05 5e-05 5e-05 5e-05 
5e-05 5e-05 5e-05 5e-05 5e-05 5e-05 5e-05 5e-05 5e-05 
5e-05 5e-05 5e-05 5e-05 5e-05 5e-05 5e-05 5e-05 5e-05 
5e-05 5e-05 5e-05 5e-05 5e-05 5e-05 5e-05 5e-05 5e-05 
5e-05 5e-05 5e-05 5e-05 5e-05 5e-05 5e-05 5e-05 5e-05 
5e-05 5e-05 5e-05 5e-05 5e-05 5e-05 5e-05 5e-05 5e-05 
5e-05 5e-05 5e-05 5e-05 5e-05 5e-05 5e-05 5e-05 5e-05 
5e-05 5e-05 5e-05 5e-05 5e-05 5e-05 5e-05 5e-05 5e-05 
5e-05 5e-05 5e-05 5e-05 5e-05 5e-05 5e-05 5e-05 5e-05 
5e-05 5e-05 5e-05 5e-05 5e-05 5e-05 5e-05 5e-05 5e-05 
5e-05 5e-05 5e-05 5e-05 5e-05 5e-05 5e-05 5e-05 5e-05 
5e-05 5e-05 5e-05 5e-05 5e-05 5e-05 5e-05 5e-05 5e-05 
5e-05 5e-05 5e-05 5e-05 5e-05 5e-05 5e-05 5e-05 5e-05 
5e-05 5e-05 5e-05 5e-05 5e-05 5e-05 5e-05 5e-05 5e-05 
5e-05 5e-05 5e-05 5e-05 5e-05 5e-05 5e-05 5e-05 5e-05 
5e-05 5e-05 5e-05 5e-05 5e-05 5e-05 5e-05 5e-05 5e-05 
5e-05 5e-05 5e-05 5e-05 5e-05 5e-05 5e-05 5e-05 5e-05 
5e-05 5e-05 5e-05 5e-05 5e-05 5e-05 5e-05 5e-05 5e-05 
5e-05 5e-05 5e-05 5e-05 5e-05 5e-05 5e-05 5e-05 5e-05 
5e-05 5e-05 5e-05 5e-05 5e-05 5e-05 5e-05 5e-05 5e-05 
5e-05 5e-05 5e-05 5e-05 5e-05 5e-05 5e-05 5e-05 5e-05 
5e-05 5e-05 5e-05 5e-05 5e-05 5e-05 5e-05 5e-05 5e-05 
5e-05 5e-05 5e-05 5e-05 5e-05 5e-05 5e-05 5e-05 5e-05 
5e-05 5e-05 5e-05 5e-05 5e-05 5e-05 5e-05 5e-05 5e-05 
5e-05 5e-05 5e-05 5e-05 5e-05 5e-05 5e-05 5e-05 5e-05 
5e-05 5e-05 5e-05 5e-05 5e-05 5e-05 5e-05 5e-05 5e-05 
5e-05 5e-05 5e-05 5e-05 5e-05 5e-05 5e-05 5e-05 5e-05 
5e-05 5e-05 5e-05 5e-05 5e-05 5e-05 5e-05 5e-05 5e-05 
5e-05 5e-05 5e-05 5e-05 5e-05 5e-05 5e-05 5e-05 5e-05 
5e-05 5e-05 5e-05 5e-05 5e-05 5e-05 5e-05 5e-05 5e-05 
5e-05 5e-05 5e-05 5e-05 5e-05 5e-05 5e-05 5e-05 5e-05 
5e-05 5e-05 5e-05 5e-05 5e-05 5e-05 5e-05 5e-05 5e-05 
5e-05 5e-05 5e-05 5e-05 5e-05 5e-05 5e-05 5e-05 5e-05 
5e-05 5e-05 5e-05 5e-05 5e-05 5e-05 5e-05 5e-05 5e-05 
5e-05 5e-05 5e-05 5e-05 5e-05 5e-05 5e-05 5e-05 5e-05 
5e-05 5e-05 5e-05 5e-05 5e-05 5e-05 5e-05 5e-05 5e-05 
5e-05 5e-05 5e-05 5e-05 5e-05 5e-05 5e-05 5e-05 5e-05 
5e-05 5e-05 5e-05 5e-05 5e-05 5e-05 5e-05 5e-05 5e-05 
5e-05 5e-05 5e-05 5e-05 5e-05 5e-05 5e-05 5e-05 5e-05 
5e-05 5e-05 5e-05 5e-05 5e-05 5e-05 5e-05 5e-05 5e-05 
5e-05 5e-05 5e-05 5e-05 5e-05 5e-05 5e-05 5e-05 5e-05 
5e-05 5e-05 5e-05 5e-05 5e-05 5e-05 5e-05 5e-05 5e-05 
5e-05 5e-05 5e-05 5e-05 5e-05 5e-05 5e-05 5e-05 5e-05 
5e-05 5e-05 5e-05 5e-05 5e-05 5e-05 5e-05 5e-05 5e-05 
5e-05 5e-05 5e-05 5e-05 5e-05 5e-05 5e-05 5e-05 5e-05 
5e-05 5e-05 5e-05 5e-05 5e-05 5e-05 5e-05 5e-05 5e-05 
5e-05 5e-05 5e-05 5e-05 5e-05 5e-05 5e-05 5e-05 5e-05 
5e-05 5e-05 5e-05 5e-05 5e-05 5e-05 5e-05 5e-05 5e-05 
5e-05 5e-05 5e-05 5e-05 5e-05 5e-05 5e-05 5e-05 5e-05 
5e-05 5e-05 5e-05 5e-05 5e-05 5e-05 5e-05 5e-05 5e-05 
5e-05 5e-05 5e-05 5e-05 5e-05 5e-05 5e-05 5e-05 5e-05 
5e-05 5e-05 5e-05 5e-05 5e-05 5e-05 5e-05 5e-05 5e-05 
5e-05 5e-05 5e-05 5e-05 5e-05 5e-05 5e-05 5e-05 5e-05 
5e-05 5e-05 5e-05 5e-05 5e-05 5e-05 5e-05 5e-05 5e-05 
5e-05 5e-05 5e-05 5e-05 5e-05 5e-05 5e-05 5e-05 5e-05 
5e-05 5e-05 5e-05 5e-05 5e-05 5e-05 5e-05 5e-05 5e-05 
5e-05 5e-05 5e-05 5e-05 5e-05 5e-05 5e-05 5e-05 5e-05 
5e-05 5e-05 5e-05 5e-05 5e-05 5e-05 5e-05 5e-05 5e-05 
5e-05 5e-05 5e-05 5e-05 5e-05 5e-05 5e-05 5e-05 5e-05 
5e-05 5e-05 5e-05 5e-05 5e-05 5e-05 5e-05 5e-05 5e-05 
5e-05 5e-05 5e-05 5e-05 5e-05 5e-05 5e-05 5e-05 5e-05 
5e-05 5e-05 5e-05 5e-05 5e-05 5e-05 5e-05 5e-05 5e-05 
5e-05 5e-05 5e-05 5e-05 5e-05 5e-05 5e-05 5e-05 5e-05 
5e-05 5e-05 5e-05 5e-05 5e-05 5e-05 5e-05 5e-05 5e-05 
5e-05 5e-05 5e-05 5e-05 5e-05 5e-05 5e-05 5e-05 5e-05 
5e-05 5e-05 5e-05 5e-05 5e-05 5e-05 5e-05 5e-05 5e-05 
5e-05 5e-05 5e-05 5e-05 5e-05 5e-05 5e-05 5e-05 5e-05 
5e-05 5e-05 5e-05 5e-05 5e-05 5e-05 5e-05 5e-05 5e-05 
5e-05 5e-05 5e-05 5e-05 5e-05 5e-05 5e-05 5e-05 5e-05 
5e-05 5e-05 5e-05 5e-05 5e-05 5e-05 5e-05 5e-05 5e-05 
5e-05 5e-05 5e-05 5e-05 5e-05 5e-05 5e-05 5e-05 5e-05 
5e-05 5e-05 5e-05 5e-05 5e-05 5e-05 5e-05 5e-05 5e-05 
5e-05 5e-05 5e-05 5e-05 5e-05 5e-05 5e-05 5e-05 5e-05 
5e-05 5e-05 5e-05 5e-05 5e-05 5e-05 5e-05 5e-05 5e-05 
5e-05 5e-05 5e-05 5e-05 5e-05 5e-05 5e-05 5e-05 5e-05 
5e-05 5e-05 5e-05 5e-05 5e-05 5e-05 5e-05 5e-05 5e-05 
5e-05 5e-05 5e-05 5e-05 5e-05 5e-05 5e-05 5e-05 5e-05 
5e-05 5e-05 5e-05 5e-05 5e-05 5e-05 5e-05 5e-05 5e-05 
5e-05 5e-05 5e-05 5e-05 5e-05 5e-05 5e-05 5e-05 5e-05 
5e-05 5e-05 5e-05 5e-05 5e-05 5e-05 5e-05 5e-05 5e-05 
5e-05 5e-05 5e-05 5e-05 5e-05 5e-05 5e-05 5e-05 5e-05 
5e-05 5e-05 5e-05 5e-05 5e-05 5e-05 5e-05 5e-05 5e-05 
5e-05 5e-05 5e-05 5e-05 5e-05 5e-05 5e-05 5e-05 5e-05 
5e-05 5e-05 5e-05 5e-05 5e-05 5e-05 5e-05 5e-05 5e-05 
5e-05 5e-05 5e-05 5e-05 5e-05 5e-05 5e-05 5e-05 5e-05 
5e-05 5e-05 5e-05 5e-05 5e-05 5e-05 5e-05 5e-05 5e-05 
5e-05 5e-05 5e-05 5e-05 5e-05 5e-05 5e-05 5e-05 5e-05 
5e-05 5e-05 5e-05 5e-05 5e-05 5e-05 5e-05 5e-05 5e-05 
5e-05 5e-05 5e-05 5e-05 5e-05 5e-05 5e-05 5e-05 5e-05 
5e-05 5e-05 5e-05 5e-05 5e-05 5e-05 5e-05 5e-05 5e-05 
5e-05 5e-05 5e-05 5e-05 5e-05 5e-05 5e-05 5e-05 5e-05 
5e-05 5e-05 5e-05 5e-05 5e-05 5e-05 5e-05 5e-05 5e-05 
5e-05 5e-05 5e-05 5e-05 5e-05 5e-05 5e-05 5e-05 5e-05 
5e-05 5e-05 5e-05 5e-05 5e-05 5e-05 5e-05 5e-05 5e-05 
5e-05 5e-05 5e-05 5e-05 5e-05 5e-05 5e-05 5e-05 5e-05 
5e-05 5e-05 5e-05 5e-05 5e-05 5e-05 5e-05 5e-05 5e-05 
5e-05 5e-05 5e-05 5e-05 5e-05 5e-05 5e-05 5e-05 5e-05 
5e-05 5e-05 5e-05 5e-05 5e-05 5e-05 5e-05 5e-05 5e-05 
5e-05 5e-05 5e-05 5e-05 5e-05 5e-05 5e-05 5e-05 5e-05 
5e-05 5e-05 5e-05 5e-05 5e-05 5e-05 5e-05 5e-05 5e-05 
5e-05 5e-05 5e-05 5e-05 5e-05 5e-05 5e-05 5e-05 5e-05 
5e-05 5e-05 5e-05 5e-05 5e-05 5e-05 5e-05 5e-05 5e-05 
5e-05 5e-05 5e-05 5e-05 5e-05 5e-05 5e-05 5e-05 5e-05 
5e-05 5e-05 5e-05 5e-05 5e-05 5e-05 5e-05 5e-05 5e-05 
5e-05 5e-05 5e-05 5e-05 5e-05 5e-05 5e-05 5e-05 5e-05 
5e-05 5e-05 5e-05 5e-05 5e-05 5e-05 5e-05 5e-05 5e-05 
5e-05 5e-05 5e-05 5e-05 5e-05 5e-05 5e-05 5e-05 5e-05 
5e-05 5e-05 5e-05 5e-05 5e-05 5e-05 5e-05 5e-05 5e-05 
5e-05 5e-05 5e-05 5e-05 5e-05 5e-05 5e-05 5e-05 5e-05 
5e-05 5e-05 5e-05 5e-05 5e-05 5e-05 5e-05 5e-05 5e-05 
5e-05 5e-05 5e-05 5e-05 5e-05 5e-05 5e-05 5e-05 5e-05 
5e-05 5e-05 5e-05 5e-05 5e-05 5e-05 5e-05 5e-05 5e-05 
5e-05 5e-05 5e-05 5e-05 5e-05 5e-05 5e-05 5e-05 5e-05 
5e-05 5e-05 5e-05 5e-05 5e-05 5e-05 5e-05 5e-05 5e-05 
5e-05 5e-05 5e-05 5e-05 5e-05 5e-05 5e-05 5e-05 5e-05 
5e-05 5e-05 5e-05 5e-05 5e-05 5e-05 5e-05 5e-05 5e-05 
5e-05 5e-05 5e-05 5e-05 5e-05 5e-05 5e-05 5e-05 5e-05 
5e-05 5e-05 5e-05 5e-05 5e-05 5e-05 5e-05 5e-05 5e-05 
5e-05 5e-05 5e-05 5e-05 5e-05 5e-05 5e-05 5e-05 5e-05 
5e-05 5e-05 5e-05 5e-05 5e-05 5e-05 5e-05 5e-05 5e-05 
5e-05 5e-05 5e-05 5e-05 5e-05 5e-05 5e-05 5e-05 5e-05 
5e-05 5e-05 5e-05 5e-05 5e-05 5e-05 5e-05 5e-05 5e-05 
5e-05 5e-05 5e-05 5e-05 5e-05 5e-05 5e-05 5e-05 5e-05 
5e-05 5e-05 5e-05 5e-05 5e-05 5e-05 5e-05 5e-05 5e-05 
5e-05 5e-05 5e-05 5e-05 5e-05 5e-05 5e-05 5e-05 5e-05 
5e-05 5e-05 5e-05 5e-05 5e-05 5e-05 5e-05 5e-05 5e-05 
5e-05 5e-05 5e-05 5e-05 5e-05 5e-05 5e-05 5e-05 5e-05 
5e-05 5e-05 5e-05 5e-05 5e-05 5e-05 5e-05 5e-05 5e-05 
5e-05 5e-05 5e-05 5e-05 5e-05 5e-05 5e-05 5e-05 5e-05 
5e-05 5e-05 5e-05 5e-05 5e-05 5e-05 5e-05 5e-05 5e-05 
5e-05 5e-05 5e-05 5e-05 5e-05 5e-05 5e-05 5e-05 5e-05 
5e-05 5e-05 5e-05 5e-05 5e-05 5e-05 5e-05 5e-05 5e-05 
5e-05 5e-05 5e-05 5e-05 5e-05 5e-05 5e-05 5e-05 5e-05 
5e-05 5e-05 5e-05 5e-05 5e-05 5e-05 5e-05 5e-05 5e-05 
5e-05 5e-05 5e-05 5e-05 5e-05 5e-05 5e-05 5e-05 5e-05 
5e-05 5e-05 5e-05 5e-05 5e-05 5e-05 5e-05 5e-05 5e-05 
5e-05 5e-05 5e-05 5e-05 5e-05 5e-05 5e-05 5e-05 5e-05 
5e-05 5e-05 5e-05 5e-05 5e-05 5e-05 5e-05 5e-05 5e-05 
5e-05 5e-05 5e-05 5e-05 5e-05 5e-05 5e-05 5e-05 5e-05 
5e-05 5e-05 5e-05 5e-05 5e-05 5e-05 5e-05 5e-05 5e-05 
5e-05 5e-05 5e-05 5e-05 5e-05 5e-05 5e-05 5e-05 5e-05 
5e-05 5e-05 5e-05 5e-05 5e-05 5e-05 5e-05 5e-05 5e-05 
5e-05 5e-05 5e-05 5e-05 5e-05 5e-05 5e-05 5e-05 5e-05 
5e-05 5e-05 5e-05 5e-05 5e-05 5e-05 5e-05 5e-05 5e-05 
5e-05 5e-05 5e-05 5e-05 5e-05 5e-05 5e-05 5e-05 5e-05 
5e-05 5e-05 5e-05 5e-05 5e-05 5e-05 5e-05 5e-05 5e-05 
5e-05 5e-05 5e-05 5e-05 5e-05 5e-05 5e-05 5e-05 5e-05 
5e-05 5e-05 5e-05 5e-05 5e-05 5e-05 5e-05 5e-05 5e-05 
5e-05 5e-05 5e-05 5e-05 5e-05 5e-05 5e-05 5e-05 5e-05 
5e-05 5e-05 5e-05 5e-05 5e-05 5e-05 5e-05 5e-05 5e-05 
5e-05 5e-05 5e-05 5e-05 5e-05 5e-05 5e-05 5e-05 5e-05 
5e-05 5e-05 5e-05 5e-05 5e-05 5e-05 5e-05 5e-05 5e-05 
5e-05 5e-05 5e-05 5e-05 5e-05 5e-05 5e-05 5e-05 5e-05 
5e-05 5e-05 5e-05 5e-05 5e-05 5e-05 5e-05 5e-05 5e-05 
5e-05 5e-05 5e-05 5e-05 5e-05 5e-05 5e-05 5e-05 5e-05 
5e-05 5e-05 5e-05 5e-05 5e-05 5e-05 5e-05 5e-05 5e-05 
5e-05 5e-05 5e-05 5e-05 5e-05 5e-05 5e-05 5e-05 5e-05 
5e-05 5e-05 5e-05 5e-05 5e-05 5e-05 5e-05 5e-05 5e-05 
5e-05 5e-05 5e-05 5e-05 5e-05 5e-05 5e-05 5e-05 5e-05 
5e-05 5e-05 5e-05 5e-05 5e-05 5e-05 5e-05 5e-05 5e-05 
5e-05 5e-05 5e-05 5e-05 5e-05 5e-05 5e-05 5e-05 5e-05 
5e-05 5e-05 5e-05 5e-05 5e-05 5e-05 5e-05 5e-05 5e-05 
5e-05 5e-05 5e-05 5e-05 5e-05 5e-05 5e-05 5e-05 5e-05 
5e-05 5e-05 5e-05 5e-05 5e-05 5e-05 5e-05 5e-05 5e-05 
5e-05 5e-05 5e-05 5e-05 5e-05 5e-05 5e-05 5e-05 5e-05 
5e-05 5e-05 5e-05 5e-05 5e-05 5e-05 5e-05 5e-05 5e-05 
5e-05 5e-05 5e-05 5e-05 5e-05 5e-05 5e-05 5e-05 5e-05 
5e-05 5e-05 5e-05 5e-05 5e-05 5e-05 5e-05 5e-05 5e-05 
5e-05 5e-05 5e-05 5e-05 5e-05 5e-05 5e-05 5e-05 5e-05 
5e-05 5e-05 5e-05 5e-05 5e-05 5e-05 5e-05 5e-05 5e-05 
5e-05 5e-05 5e-05 5e-05 5e-05 5e-05 5e-05 5e-05 5e-05 
5e-05 5e-05 5e-05 5e-05 5e-05 5e-05 5e-05 5e-05 5e-05 
5e-05 5e-05 5e-05 5e-05 5e-05 5e-05 5e-05 5e-05 5e-05 
5e-05 5e-05 5e-05 5e-05 5e-05 5e-05 5e-05 5e-05 5e-05 
5e-05 5e-05 5e-05 5e-05 5e-05 5e-05 5e-05 5e-05 5e-05 
5e-05 5e-05 5e-05 5e-05 5e-05 5e-05 5e-05 5e-05 5e-05 
5e-05 5e-05 5e-05 5e-05 5e-05 5e-05 5e-05 5e-05 5e-05 
5e-05 5e-05 5e-05 5e-05 5e-05 5e-05 5e-05 5e-05 5e-05 
5e-05 5e-05 5e-05 5e-05 5e-05 5e-05 5e-05 5e-05 5e-05 
5e-05 5e-05 5e-05 5e-05 5e-05 5e-05 5e-05 5e-05 5e-05 
5e-05 5e-05 5e-05 5e-05 5e-05 5e-05 5e-05 5e-05 5e-05 
5e-05 5e-05 5e-05 5e-05 5e-05 5e-05 5e-05 5e-05 5e-05 
5e-05 5e-05 5e-05 5e-05 5e-05 5e-05 5e-05 5e-05 5e-05 
5e-05 5e-05 5e-05 5e-05 5e-05 5e-05 5e-05 5e-05 5e-05 
5e-05 5e-05 5e-05 5e-05 5e-05 5e-05 5e-05 5e-05 5e-05 
5e-05 5e-05 5e-05 5e-05 5e-05 5e-05 5e-05 5e-05 5e-05 
5e-05 5e-05 5e-05 5e-05 5e-05 5e-05 5e-05 5e-05 5e-05 
5e-05 5e-05 5e-05 5e-05 5e-05 5e-05 5e-05 5e-05 5e-05 
5e-05 5e-05 5e-05 5e-05 5e-05 5e-05 5e-05 5e-05 5e-05 
5e-05 5e-05 5e-05 5e-05 5e-05 5e-05 5e-05 5e-05 5e-05 
5e-05 5e-05 5e-05 5e-05 5e-05 5e-05 5e-05 5e-05 5e-05 
5e-05 5e-05 5e-05 5e-05 5e-05 5e-05 5e-05 5e-05 5e-05 
5e-05 5e-05 5e-05 5e-05 5e-05 5e-05 5e-05 5e-05 5e-05 
5e-05 5e-05 5e-05 5e-05 5e-05 5e-05 5e-05 5e-05 5e-05 
5e-05 5e-05 5e-05 5e-05 5e-05 5e-05 5e-05 5e-05 5e-05 
5e-05 5e-05 5e-05 5e-05 5e-05 5e-05 5e-05 5e-05 5e-05 
5e-05 5e-05 5e-05 5e-05 5e-05 5e-05 5e-05 5e-05 5e-05 
5e-05 5e-05 5e-05 5e-05 5e-05 5e-05 5e-05 5e-05 5e-05 
5e-05 5e-05 5e-05 5e-05 5e-05 5e-05 5e-05 5e-05 5e-05 
5e-05 5e-05 5e-05 5e-05 5e-05 5e-05 5e-05 5e-05 5e-05 
5e-05 5e-05 5e-05 5e-05 5e-05 5e-05 5e-05 5e-05 5e-05 
5e-05 5e-05 5e-05 5e-05 5e-05 5e-05 5e-05 5e-05 5e-05 
5e-05 5e-05 5e-05 5e-05 5e-05 5e-05 5e-05 5e-05 5e-05 
5e-05 5e-05 5e-05 5e-05 5e-05 5e-05 5e-05 5e-05 5e-05 
5e-05 5e-05 5e-05 5e-05 5e-05 5e-05 5e-05 5e-05 5e-05 
5e-05 5e-05 5e-05 5e-05 5e-05 5e-05 5e-05 5e-05 5e-05 
5e-05 5e-05 5e-05 5e-05 5e-05 5e-05 5e-05 5e-05 5e-05 
5e-05 5e-05 5e-05 5e-05 5e-05 5e-05 5e-05 5e-05 5e-05 
5e-05 5e-05 5e-05 5e-05 5e-05 5e-05 5e-05 5e-05 5e-05 
5e-05 5e-05 5e-05 5e-05 5e-05 5e-05 5e-05 5e-05 5e-05 
5e-05 5e-05 5e-05 5e-05 5e-05 5e-05 5e-05 5e-05 5e-05 
5e-05 5e-05 5e-05 5e-05 5e-05 5e-05 5e-05 5e-05 5e-05 
5e-05 5e-05 5e-05 5e-05 5e-05 5e-05 5e-05 5e-05 5e-05 
5e-05 5e-05 5e-05 5e-05 5e-05 5e-05 5e-05 5e-05 5e-05 
5e-05 5e-05 5e-05 5e-05 5e-05 5e-05 5e-05 5e-05 5e-05 
5e-05 5e-05 5e-05 5e-05 5e-05 5e-05 5e-05 5e-05 5e-05 
5e-05 5e-05 5e-05 5e-05 5e-05 5e-05 5e-05 5e-05 5e-05 
5e-05 5e-05 5e-05 5e-05 5e-05 5e-05 5e-05 5e-05 5e-05 
5e-05 5e-05 5e-05 5e-05 5e-05 5e-05 5e-05 5e-05 5e-05 
5e-05 5e-05 5e-05 5e-05 5e-05 5e-05 5e-05 5e-05 5e-05 
5e-05 5e-05 5e-05 5e-05 5e-05 5e-05 5e-05 5e-05 5e-05 
5e-05 5e-05 5e-05 5e-05 5e-05 5e-05 5e-05 5e-05 5e-05 
5e-05 5e-05 5e-05 5e-05 5e-05 5e-05 5e-05 5e-05 5e-05 
5e-05 5e-05 5e-05 5e-05 5e-05 5e-05 5e-05 5e-05 5e-05 
5e-05 5e-05 5e-05 5e-05 5e-05 5e-05 5e-05 5e-05 5e-05 
5e-05 5e-05 5e-05 5e-05 5e-05 5e-05 5e-05 5e-05 5e-05 
5e-05 5e-05 5e-05 5e-05 5e-05 5e-05 5e-05 5e-05 5e-05 
5e-05 5e-05 5e-05 5e-05 5e-05 5e-05 5e-05 5e-05 5e-05 
5e-05 5e-05 5e-05 5e-05 5e-05 5e-05 5e-05 5e-05 5e-05 
5e-05 5e-05 5e-05 5e-05 5e-05 5e-05 5e-05 5e-05 5e-05 
5e-05 5e-05 5e-05 5e-05 5e-05 5e-05 5e-05 5e-05 5e-05 
5e-05 5e-05 5e-05 5e-05 5e-05 5e-05 5e-05 5e-05 5e-05 
5e-05 5e-05 5e-05 5e-05 5e-05 5e-05 5e-05 5e-05 5e-05 
5e-05 5e-05 5e-05 5e-05 5e-05 5e-05 5e-05 5e-05 5e-05 
5e-05 5e-05 5e-05 5e-05 5e-05 5e-05 5e-05 5e-05 5e-05 
5e-05 5e-05 5e-05 5e-05 5e-05 5e-05 5e-05 5e-05 5e-05 
5e-05 5e-05 5e-05 5e-05 5e-05 5e-05 5e-05 5e-05 5e-05 
5e-05 5e-05 5e-05 5e-05 5e-05 5e-05 5e-05 5e-05 5e-05 
5e-05 5e-05 5e-05 5e-05 5e-05 5e-05 5e-05 5e-05 5e-05 
5e-05 5e-05 5e-05 5e-05 5e-05 5e-05 5e-05 5e-05 5e-05 
5e-05 5e-05 5e-05 5e-05 5e-05 5e-05 5e-05 5e-05 5e-05 
5e-05 5e-05 5e-05 5e-05 5e-05 5e-05 5e-05 5e-05 5e-05 
5e-05 5e-05 5e-05 5e-05 5e-05 5e-05 5e-05 5e-05 5e-05 
5e-05 5e-05 5e-05 5e-05 5e-05 5e-05 5e-05 5e-05 5e-05 
5e-05 5e-05 5e-05 5e-05 5e-05 5e-05 5e-05 5e-05 5e-05 
5e-05 5e-05 5e-05 5e-05 5e-05 5e-05 5e-05 5e-05 5e-05 
5e-05 5e-05 5e-05 5e-05 5e-05 5e-05 5e-05 5e-05 5e-05 
5e-05 5e-05 5e-05 5e-05 5e-05 5e-05 5e-05 5e-05 5e-05 
5e-05 5e-05 5e-05 5e-05 5e-05 5e-05 5e-05 5e-05 5e-05 
5e-05 5e-05 5e-05 5e-05 5e-05 5e-05 5e-05 5e-05 5e-05 
5e-05 5e-05 5e-05 5e-05 5e-05 5e-05 5e-05 5e-05 5e-05 
5e-05 5e-05 5e-05 5e-05 5e-05 5e-05 5e-05 5e-05 5e-05 
5e-05 5e-05 5e-05 5e-05 5e-05 5e-05 5e-05 5e-05 5e-05 
5e-05 5e-05 5e-05 5e-05 5e-05 5e-05 5e-05 5e-05 5e-05 
5e-05 5e-05 5e-05 5e-05 5e-05 5e-05 5e-05 5e-05 5e-05 
5e-05 5e-05 5e-05 5e-05 5e-05 5e-05 5e-05 5e-05 5e-05 
5e-05 5e-05 5e-05 5e-05 5e-05 5e-05 5e-05 5e-05 5e-05 
5e-05 5e-05 5e-05 5e-05 5e-05 5e-05 5e-05 5e-05 5e-05 
5e-05 5e-05 5e-05 5e-05 5e-05 5e-05 5e-05 5e-05 5e-05 
5e-05 5e-05 5e-05 5e-05 5e-05 5e-05 5e-05 5e-05 5e-05 
5e-05 5e-05 5e-05 5e-05 5e-05 5e-05 5e-05 5e-05 5e-05 
5e-05 5e-05 5e-05 5e-05 5e-05 5e-05 5e-05 5e-05 5e-05 
5e-05 5e-05 5e-05 5e-05 5e-05 5e-05 5e-05 5e-05 5e-05 
5e-05 5e-05 5e-05 5e-05 5e-05 5e-05 
