# vtk DataFile Version 5.1
Generated by LIGGGHTS
ASCII
DATASET POLYDATA
POINTS 4841 float
-9.93545e-05 -0.000746333 -0.0139302 -0.000327449 -0.000404952 -0.0139323 0.000655413 -0.000486649 -0.0138846 
-0.000901633 -0.000341213 -0.0139917 0.000912863 0.000326297 -0.0139601 0.000950796 0.000639677 -0.0139135 
0.00037388 -0.000792081 -0.0137583 0.000759172 -0.000456615 -0.0138273 -0.000253565 -0.000368768 -0.0136747 
0.000352914 -0.000359701 -0.0137946 0.0006634 -0.000394189 -0.013784 -0.000205879 -0.000231991 -0.0136409 
-2.06237e-05 -6.64355e-05 -0.0137643 0.000239844 -0.000175488 -0.0137827 0.000247451 -5.79816e-05 -0.0137628 
0.000466584 0.000103902 -0.0137529 -0.000904623 8.77027e-05 -0.0138273 0.000614513 0.000360657 -0.0138308 
-0.000937301 0.000527854 -0.0137296 -0.000790352 0.000508706 -0.0137951 0.000268961 0.000460221 -0.0137958 
0.00072117 0.000562428 -0.0137573 0.000182077 0.000884043 -0.0137844 0.000503827 0.000887889 -0.0137473 
0.000387766 -0.000419664 -0.013547 0.000808663 -0.000273198 -0.0135735 0.000595754 9.3108e-05 -0.0136193 
-0.000672095 0.000234796 -0.0136457 -0.000802569 -0.000880628 -0.0135063 -0.000829728 -0.000766946 -0.0135086 
0.000149895 -0.000583697 -0.0134196 -0.000516657 -0.000419151 -0.0133885 0.000151824 -0.000399722 -0.0134181 
-2.48749e-05 -0.000139682 -0.0134899 -0.000771425 0.000118741 -0.0133651 -0.000621417 0.000292263 -0.0134246 
0.000494005 0.000264329 -0.0135325 -0.000995353 0.000432172 -0.0134726 -6.35165e-05 0.00072113 -0.0134701 
7.68084e-05 0.000650608 -0.0134822 0.000834065 0.000730185 -0.0134847 -2.5613e-05 -0.000547774 -0.0132934 
9.21905e-05 -0.000427373 -0.0132478 -4.80358e-05 -0.000282652 -0.0133351 -0.000494126 0.00010201 -0.0132937 
-0.000165683 0.000195056 -0.0133012 0.000919435 0.000122123 -0.0133186 -0.000429607 0.00036908 -0.013336 
-0.000116134 0.000516038 -0.0132889 -0.000966288 0.000709249 -0.0135306 0.000230454 0.000678969 -0.0132477 
-0.000117629 0.000864586 -0.0132284 -0.000809704 -0.000417429 -0.0131942 0.000210937 -0.000450447 -0.0132443 
-0.000624341 -0.000397726 -0.0131833 0.000315303 -0.000356889 -0.0132263 0.000860497 -0.000218891 -0.0131592 
-0.000444631 0.000208878 -0.0131636 0.000287877 0.000224267 -0.0130637 0.000274607 7.23833e-05 -0.0131665 
-0.000265741 0.000483352 -0.0132856 -0.000620614 0.000447048 -0.0131607 7.79646e-05 0.00042925 -0.0130934 
-0.000112805 0.000997261 0.00346323 -0.000696511 0.000756668 -0.0131863 -0.00022774 0.00093998 -0.0132441 
0.000899758 0.000907956 -0.0131553 0.000228438 -0.000852688 -0.0129525 -0.000558808 -0.000770574 -0.0129075 
0.000152939 -0.000581754 -0.0130692 0.000369224 -0.000434955 -0.0129658 -0.000441761 -0.000373925 -0.0129775 
9.8512e-05 -0.000304512 -0.0132485 0.000238925 -0.000274473 -0.0131199 -0.000947058 -0.000211564 -0.012995 
0.000507754 -8.90762e-05 -0.0130284 0.000850615 -1.93204e-05 -0.012993 -0.000449511 0.000298985 -0.0130086 
-0.000250972 0.000542851 -0.0129994 -0.00053363 0.000830953 -0.0129496 -0.0004052 -0.000755938 -0.0127582 
0.000341328 -0.000778069 -0.0128914 0.000446952 -0.000658431 -0.0130038 0.000583768 -0.000719919 -0.0128223 
-0.000667031 -0.000677072 -0.0128919 -5.08365e-05 -0.000579934 -0.0129055 0.000667518 -0.000460193 -0.0127518 
-0.000310733 -0.000282545 -0.0129392 -0.000983237 -0.000118926 -0.0127361 -0.000375799 -0.000151105 -0.0128429 
0.000420565 -0.000228946 -0.01279 -0.000727378 9.37617e-05 -0.012767 -0.000322481 6.49143e-05 -0.012799 
-2.95098e-05 0.00040569 -0.0128447 0.000166779 0.000355877 -0.0128382 0.000263074 0.000334035 -0.0128619 
0.000699145 0.000382607 -0.01282 0.000379897 0.000697251 -0.0128179 0.000719791 0.000796198 -0.0127622 
6.62497e-05 -0.000810475 0.00303313 -3.70821e-05 0.000899212 0.00326779 0.000468977 0.000374315 0.00322365 
-0.00098975 -0.000764545 -0.0127306 0.000565775 -0.000812153 -0.0126228 -0.000674174 -0.000587362 -0.0126795 
-0.000372484 -0.000606995 -0.0127244 0.000856266 -0.000675714 -0.0127227 -0.000627519 -0.000347484 -0.0127275 
0.000209093 -0.000380303 -0.0127085 0.000461915 -0.000344289 -0.0126221 0.000558052 -0.000277312 -0.0127452 
-0.000455251 -0.000117074 -0.0127909 -0.000186335 -0.000143624 -0.0126448 0.000762526 -0.000176225 -0.0126624 
0.000942399 -0.000140335 -0.0127048 -0.000260316 4.60896e-05 -0.0126827 0.000441466 2.8499e-05 -0.0126766 
-0.000271582 0.000279435 -0.0126585 0.00024852 0.000508033 -0.01256 0.000488836 0.00068482 0.00343921 
0.000310941 0.000754643 -0.012631 -0.000857044 0.000937749 -0.0126101 0.000835691 0.000980979 -0.012659 
0.000246292 0.000674578 0.00296803 0.000144343 -0.000926882 -0.0126662 0.000595834 -0.000954247 -0.0125927 
-0.000225257 -0.000240307 0.00295121 -0.000865925 -0.000909084 -0.0124856 -0.0004053 -0.00075935 -0.012472 
0.000217301 -0.000793284 -0.0127271 -0.000392754 -0.00057091 -0.0125536 0.000319819 -0.00048591 -0.012622 
-0.000366093 -4.97153e-05 -0.0126305 0.000597773 3.894e-05 -0.0125249 -0.000687484 6.92069e-05 -0.0125492 
0.000350005 0.000256447 -0.0124657 0.000744349 0.000124252 -0.0125504 0.00088305 0.000357945 -0.0125665 
-0.00059328 0.00050701 -0.0125467 0.000356618 0.000572745 -0.0125323 -0.000380843 0.000886303 -0.012442 
-0.000608142 0.000628043 0.00300921 -0.00021908 -0.000712543 -0.0124158 0.000612962 -0.000849855 -0.0125066 
-0.000716361 -0.000733879 -0.0124093 0.000499214 -0.000612379 -0.0124364 0.000221911 -0.000563827 -0.0126663 
-0.000945644 -0.000231382 -0.0124505 -0.000134644 -0.00033339 -0.0123931 0.000191761 -0.000295292 -0.0126209 
0.000346929 -0.000305614 -0.0123574 0.000711694 -0.000352955 -0.0123951 -0.000789596 -9.81022e-05 -0.012603 
-0.000145502 -0.0001627 -0.0124441 6.44195e-05 -0.000136552 -0.0123671 -0.000599356 0.000105168 -0.0124794 
-0.000194002 -1.29011e-05 -0.0124358 -0.000855311 0.000210608 -0.0124729 -7.14755e-05 1.33605e-05 -0.0124545 
3.5989e-05 0.000226606 -0.0124352 0.000144195 8.52547e-05 -0.0124401 0.000513788 0.000123312 -0.0123235 
-0.000155068 0.000395787 -0.0123361 -0.000620149 0.000419927 -0.0124456 0.000104513 0.000479308 -0.012334 
0.000787092 0.000521811 -0.0124069 0.000943875 0.000566484 -0.0124298 -0.000946762 0.000621333 -0.0123269 
-0.000485594 0.000668844 -0.0123821 0.000411528 0.000742243 -0.0125407 -0.000944133 0.000734875 -0.0124 
-0.000329499 0.000752923 -0.0123654 0.000764737 0.000780507 -0.0125713 0.00088421 0.000886026 -0.0122734 
0.000634269 -0.000138506 0.00276286 -0.00062761 -0.000908079 -0.0122786 0.000972322 -0.000974804 -0.0124633 
-0.000868306 -0.000821701 -0.012421 -0.000560851 -0.000899601 -0.012545 0.00044452 -0.000784626 -0.012437 
-0.000874795 -0.0006147 -0.0121579 -0.000595714 -0.000679442 -0.0124346 1.98851e-06 -0.00072106 -0.0122511 
0.000401821 -0.000619026 -0.012277 0.000664192 -0.000698385 -0.0123553 -0.000691419 -0.000431166 -0.0124389 
-0.000718705 -0.000487122 -0.0123584 -0.000573395 -0.000487758 -0.0123331 -0.000400539 -0.000397434 -0.0123718 
0.000165465 -0.000458986 -0.0122899 0.000660934 -0.00059919 -0.0122513 -0.000770008 -0.000389579 -0.0122438 
-0.000530836 -0.000290035 -0.0122378 -0.000228864 -0.000429302 -0.0122569 2.80427e-05 -0.000429715 -0.012357 
0.000161087 -0.00034751 -0.0123661 0.000595505 -0.000286018 -0.0122082 0.000588446 -0.000353498 -0.0122903 
-0.00031594 -7.02925e-05 -0.0123165 -0.00014578 -0.000173492 -0.0123346 -0.000201533 -8.61836e-05 -0.0123158 
3.69051e-05 -0.000217608 -0.0121599 0.00069612 -0.000118914 -0.0122849 -0.000796629 -0.000131944 -0.0123899 
-0.000643971 3.61673e-05 -0.0124042 -8.66006e-05 -5.92463e-05 -0.0122926 0.000306712 -5.22727e-06 -0.0123268 
0.000630184 -2.51769e-05 -0.0121588 0.000705079 -1.61737e-06 -0.0122714 -0.000391073 0.000166575 -0.012566 
-1.52148e-05 0.000107092 -0.0124179 0.000344883 0.000206651 -0.0122354 0.000680406 0.000195714 -0.0123401 
-0.000619402 0.000326061 -0.0122785 -7.62065e-05 0.00048872 -0.0122124 0.000791885 0.000451146 -0.0122132 
-0.000289805 0.000645606 -0.0123584 0.000192452 0.00066425 -0.01218 -0.000616565 0.000783525 -0.0121412 
-0.000174858 0.000858353 -0.0121925 -0.000375319 0.000932601 -0.0122469 0.000212409 -0.000952767 -0.0122015 
-0.000895428 -0.000864743 -0.0122605 -0.000156056 -0.000827903 -0.0122046 -0.000747641 -0.000608492 -0.0121991 
-0.00024332 -0.00071343 -0.0121566 0.000124933 -0.000676291 -0.0121257 0.000549063 -0.000617132 -0.0121404 
0.000739797 -0.000567223 -0.012188 0.000343029 -0.000523523 0.00300301 -0.000459759 -0.000342119 -0.012096 
-9.38373e-05 -0.000271839 -0.0121438 0.000658641 -0.000252941 -0.0120839 -0.000510332 -0.000174334 -0.0122049 
-0.000389849 -0.000221826 -0.0120647 8.30488e-05 -8.93454e-05 -0.0121873 0.000208233 -0.000186799 -0.0121333 
0.000447823 -0.000112319 -0.0120984 0.000773114 -0.00015587 -0.0122027 -0.000191119 -2.15839e-05 -0.0121361 
0.000131974 4.16738e-05 -0.0122997 0.000373475 -1.1694e-05 -0.0121577 0.000531438 3.06666e-05 -0.0121597 
0.000463678 2.43858e-05 -0.01199 -0.000941233 7.75798e-05 -0.0121117 -0.000477962 0.000156928 -0.0120012 
-0.000121376 0.000207746 -0.0122079 0.000144345 0.000146018 -0.0120777 0.000426966 0.000283828 -0.012065 
-0.000628025 0.000387652 -0.0121039 -0.000405215 0.000257916 -0.0119806 -0.000226549 0.000241369 -0.0121276 
0.000575966 0.000295083 -0.0120081 -0.000705471 0.000457294 -0.0121243 -0.000246871 0.000578447 -0.0121911 
0.000684746 0.000651892 -0.0121781 -0.00046835 0.000678594 -0.0122501 -0.000243184 0.000597424 -0.0120172 
1.03092e-05 0.00061375 -0.012104 -0.000549833 0.00084811 -0.0121031 -0.000260955 0.000779267 -0.0121328 
0.000352367 0.000896211 -0.0120537 0.000787456 0.000953871 -0.012065 0.000288776 0.000395835 0.00330056 
0.00031144 -0.000971445 -0.0122254 -0.000177452 -0.000878494 -0.0121112 0.000136277 -0.00079067 -0.0119213 
0.000839794 -0.000775406 -0.0118164 -0.000799452 0.000619499 0.00347515 -0.000658043 -0.000453033 -0.011828 
0.00048799 -0.000433482 -0.0120361 0.000525088 -0.000497896 -0.0119032 -0.000910036 -0.000335124 -0.0120516 
9.48443e-05 -0.000416454 -0.0121835 0.000222199 -0.000213031 -0.0119005 0.000589471 -0.000349571 -0.012043 
-0.000280654 -6.80437e-05 -0.0121002 -0.000246575 -0.00012743 -0.0119546 -0.000122582 -0.000156948 -0.0120871 
7.61433e-05 -0.00027802 -0.0120009 0.000855123 -0.000145903 -0.0120258 -0.000536957 -7.13224e-05 -0.0120687 
0.000236038 -2.86675e-05 -0.012107 0.000655185 -1.85796e-05 -0.0120516 0.000779504 4.6381e-05 -0.0119129 
-0.000881009 0.000213202 -0.0118848 -0.000143402 0.000156925 -0.0120801 0.000375166 0.000137641 -0.0120664 
0.000396207 0.000284872 -0.0119207 0.000581933 0.000187944 -0.0121025 0.000660991 0.000199655 -0.0119983 
0.000854869 0.000250852 -0.0120143 0.00078209 0.000326757 -0.0120587 -0.000823305 0.000433267 -0.0120527 
-0.000331763 0.000385182 -0.0118945 1.04814e-05 0.000463081 -0.0120593 0.000215702 0.000429154 -0.0120432 
0.000578214 0.000558619 -0.0120053 0.000693244 0.000418098 -0.0120581 -0.000153046 0.000666895 -0.011864 
0.000503611 0.000674758 -0.011986 -0.000952475 0.000786068 -0.0121641 0.000127108 0.000816052 -0.012005 
0.000369894 0.000873053 -0.0119258 0.000152718 0.000310331 0.00298477 0.000728061 0.000130876 0.00302207 
0.000852774 0.000962794 -0.0119233 -0.000885699 -0.000819722 -0.0118262 -0.000133649 -0.000770388 -0.0118425 
0.000372318 -0.000779121 -0.0120552 -0.00058926 -0.000406901 0.00299321 -0.000503426 -0.000608186 -0.0118656 
0.000366303 -0.000547209 -0.0119612 -0.000986045 -0.000504821 -0.0118634 -0.000312522 -0.000432239 -0.0117856 
-1.51304e-05 -0.00051078 -0.012002 -0.000109727 -0.000483911 -0.0117834 0.000329852 -0.000523858 -0.0118339 
0.000441009 -0.00053675 -0.0118019 0.000852745 -0.000519268 -0.0118872 8.91349e-05 0.000453484 0.0031287 
-0.00039909 -0.000308653 -0.0119551 0.000223553 -0.000358253 -0.0117244 0.000600286 -0.000391724 -0.0117515 
0.00072858 -0.000330709 -0.011899 -0.000754236 -0.000260305 -0.0116797 -0.000553735 -0.000103062 -0.0117554 
0.000372816 -0.000206296 -0.0118713 0.000581913 -8.16174e-05 -0.0117941 0.000616287 -0.000213229 -0.0119999 
-0.000300663 6.72186e-05 -0.0120569 -7.00233e-05 -3.67143e-06 -0.0119508 3.34543e-05 -0.000105193 -0.0120662 
0.000215835 -1.49667e-05 -0.0119734 0.000298753 -0.000145349 -0.0117595 -0.000244392 -0.000289095 0.0031507 
-0.000514119 0.000156059 -0.0118556 0.000188382 8.27917e-05 -0.0117323 0.000124539 0.000139812 -0.011958 
0.00027801 0.000261357 -0.0118159 0.000415576 0.0003606 -0.0118189 0.000626571 0.000311542 -0.0119143 
0.000869165 0.000273075 -0.0117362 -9.36103e-05 0.000618864 -0.0117473 0.000277202 0.000546773 -0.0118742 
-0.000376611 0.000617535 -0.0118685 1.64345e-05 0.000656133 -0.011723 0.000111668 0.00066509 -0.0118811 
0.000738723 0.000608264 -0.0116443 -0.000872008 0.000793849 -0.0118825 -0.000409128 0.000815057 -0.0118533 
4.82686e-05 0.000794884 -0.0117112 0.000296476 0.000784233 -0.0119304 -0.000936447 0.000909221 -0.0118157 
-0.000331921 0.000523645 0.00327824 -0.000119986 0.000928351 -0.0118687 0.000311301 0.000989215 -0.0118641 
0.000649594 0.000921044 -0.0119973 0.0006616 0.000995075 -0.0117807 -0.000673743 -0.000894758 -0.0118181 
0.000497599 -0.000970415 -0.0117473 0.000676761 -0.00099263 -0.0116741 -0.000427125 -0.000823492 -0.0116667 
0.000105185 -0.000831374 -0.0116952 0.00029806 -0.000903118 -0.0116425 0.000731759 -0.000762178 -0.0114938 
-0.000754005 -0.000592099 -0.0119642 -0.000596761 -0.000598744 -0.0116824 -0.000524624 -0.000701006 -0.0119086 
0.000116292 -0.000672074 -0.0117032 -0.000534742 -0.000447533 -0.0117205 -0.000439278 -0.000509533 -0.0116997 
-0.0001942 -0.000425478 -0.0118494 0.000591919 -0.000503039 -0.0116977 0.000906056 -0.000392635 0.00317533 
0.000740187 -0.000298487 -0.0116008 -0.000737698 -9.52932e-05 -0.0117366 0.000128942 -6.3536e-05 -0.011617 
0.000595601 -0.000215258 -0.0117538 0.000560367 -5.80795e-05 -0.0116295 0.000720966 -0.000150318 -0.011866 
0.000801702 -0.000198752 -0.0116158 -0.00032763 2.6146e-05 -0.0117991 -2.93895e-05 -0.000111649 -0.011686 
-0.000900015 0.000212199 -0.0117324 -0.00073544 0.000273181 -0.0117189 -0.000273159 0.000148361 -0.0119499 
4.77433e-05 0.000284499 -0.0118017 -0.000105117 0.000436297 -0.0116742 -0.000644438 0.000567994 -0.0116443 
0.000331508 0.000537861 -0.0116293 0.000522258 0.000437365 -0.0116978 -0.000438245 0.000596992 -0.0117824 
-0.000103411 0.000616921 -0.011601 0.000334877 0.000661053 -0.0117741 0.00051459 0.000657774 -0.0115927 
-0.000216702 0.000754074 -0.0117222 0.000503373 0.00085783 -0.0117255 0.000841321 0.000773688 -0.0116141 
0.000521673 0.00012549 0.00305826 0.000210414 0.000923968 -0.0118231 0.000570223 -0.00060365 0.00302654 
-0.000789098 -0.000113179 0.00281733 -0.000322932 -0.000873241 -0.0116405 -0.000459517 -0.000649478 -0.011586 
-0.000405451 -0.000522458 -0.0115451 -0.000151208 -0.000700776 -0.0115657 6.31195e-06 -0.000700892 -0.0116097 
9.83024e-05 -0.000580476 -0.0114884 0.000836303 -0.000461478 -0.0114775 -0.000935129 -0.000396117 -0.0116886 
-0.000735333 -0.000272737 -0.0115805 0.000320724 -0.000364098 -0.0116348 0.000403243 -0.000217711 -0.0116047 
-8.95705e-05 -0.000171856 -0.0115537 -0.000231434 6.43465e-05 -0.0117455 -0.000634552 0.000151466 -0.0117876 
-0.000431372 0.00021705 -0.0117734 -0.000150422 0.000212865 -0.011653 0.000665391 0.000191797 -0.0115228 
0.00100232 0.000150731 -0.0115975 -0.000780792 0.000267139 -0.011511 -5.57983e-05 0.000329707 -0.0115625 
5.04786e-05 0.000197109 -0.0116186 0.000400045 0.000373996 -0.0116749 0.000400401 0.000189738 -0.0116427 
0.000785874 0.000283418 -0.0114074 0.00095886 0.000693043 -0.0116801 -0.000879309 0.00080415 -0.0114827 
-0.000385214 0.000709722 -0.0118159 8.08299e-05 0.000852076 -0.0115276 0.000478814 0.000749535 -0.0116369 
-0.000596478 0.000172812 0.00289198 -0.000742162 0.000974619 -0.0114904 -8.79256e-05 5.94122e-06 0.00298732 
0.000564857 -0.000622121 -0.0115241 0.000191535 -0.00050032 -0.0114776 -0.000203991 -0.000387399 -0.0115181 
0.000177173 -0.000295408 -0.0114492 0.000608139 -0.000305412 -0.011411 0.000997595 -0.000325191 -0.011238 
-0.000981386 -8.5678e-05 -0.0115216 -0.000406543 -0.000114757 -0.0113685 0.000328722 -0.000154304 -0.0114492 
-0.000997085 3.36102e-05 -0.0114604 -0.000222318 -7.30628e-05 -0.0116096 0.000721307 4.75966e-05 -0.0112974 
-0.000434284 0.000118193 -0.0113568 -9.55508e-05 6.73134e-05 -0.0115816 -0.000920244 0.000308121 -0.0114277 
-0.000744923 0.000291248 -0.0112868 -0.00035776 0.000245251 -0.0112751 0.000239782 0.000309393 -0.0115291 
6.00328e-05 0.00047202 -0.0115406 0.000544042 0.000362268 -0.0113849 0.000741131 0.000226066 -0.0112568 
-0.000690144 0.000554179 -0.0115547 -0.000231405 0.000494779 -0.011616 -0.000177559 0.000424966 -0.0115472 
0.000151571 0.00058317 -0.011464 0.000462474 0.000508588 -0.0115036 0.000783801 0.000494526 -0.0114311 
-0.000150642 0.000637487 -0.0113834 0.000108455 0.000705499 -0.0113526 0.000313189 0.000698511 -0.0114458 
0.00079211 0.000684947 -0.0114971 -0.000287859 0.000765744 -0.0115527 -0.00014972 0.000766815 -0.011315 
0.000636251 0.000753342 -0.011529 0.000814322 0.000239902 0.00324744 0.00054884 -0.00098403 -0.0111712 
0.000467107 -0.000315089 0.0028416 -0.000851134 0.000704707 0.00337157 -0.000158479 -0.000931844 -0.0111917 
-0.000573289 -0.000453966 -0.0112488 -0.000561545 -0.000521456 -0.0111098 6.47169e-05 -0.000483055 -0.0114155 
0.000304873 -0.000446996 -0.0114185 -0.000710413 -0.000314901 -0.0111553 -0.00048405 -0.00035734 -0.0112198 
2.89208e-05 -0.000255371 -0.0114979 -0.000966684 -0.000258181 -0.011475 -0.000132979 -0.000138922 -0.011372 
0.00023728 -0.000120857 -0.0113732 0.00039036 -0.000243482 -0.011372 -0.000501723 7.09535e-05 -0.0112522 
-0.000218157 -3.94057e-05 -0.0114432 -6.82768e-05 8.65432e-06 -0.0114908 -6.44993e-05 -4.83984e-05 -0.0113522 
0.000193474 -2.53698e-05 -0.0115046 -7.91862e-05 -0.000659808 0.00290811 -0.000788441 0.000136089 -0.0112416 
-0.000164019 0.000120202 -0.011478 -3.7965e-05 0.000129309 -0.0114175 0.000106782 9.07022e-05 -0.0114164 
0.000411404 0.00026649 -0.0113052 0.000422236 0.000123459 -0.0114488 0.000577796 0.000157788 -0.0113238 
0.000520861 0.000300084 -0.0139491 -0.000143278 0.00025049 -0.0112381 0.000199215 0.000244256 -0.0114482 
0.000214278 0.000372558 -0.0113828 0.000726809 0.000391556 -0.0112353 0.000890059 0.000327612 -0.0113933 
-0.000517765 0.000455517 -0.0114518 -4.62461e-05 0.00046189 -0.0114562 0.000769611 0.000489216 -0.0112416 
-0.000288436 0.000710807 -0.0112072 -0.00024703 0.000828974 0.00277216 -0.000652623 0.000852316 -0.0113884 
-0.000418676 0.000845449 -0.011253 -0.000535336 0.000776666 -0.0115189 0.000423135 0.000884183 -0.0112165 
0.000788522 0.000815313 -0.0111736 -0.000819974 0.000966433 -0.011256 -0.000159323 -0.000323248 0.00274066 
-0.000123512 0.000902916 -0.0112111 0.000969522 0.000973519 -0.0111498 0.000206515 -0.000841484 -0.0110486 
-0.000226815 -0.000692975 -0.0110216 -0.000640717 -0.000466535 -0.0111441 0.000177308 -0.000453951 -0.0112982 
-0.000232434 -0.000258485 -0.0111852 -8.78819e-05 -0.000268613 -0.0111945 0.000331269 -0.00042628 -0.0109776 
0.000483749 -0.000393607 -0.0113086 0.000445385 -0.000239374 -0.0112456 -0.000804354 -0.000107092 -0.0113047 
-0.000276887 -0.000197336 -0.0113425 1.60311e-06 -0.000167708 -0.0111878 0.000229357 -0.000194154 -0.0112524 
-0.000740084 3.63254e-05 -0.0113309 -0.000361347 7.08681e-06 -0.0113371 -0.000375821 -1.19555e-05 -0.011221 
2.79986e-05 5.47413e-05 -0.0113099 -0.000456569 0.000155254 -0.0112209 1.27744e-05 0.000105227 -0.0111894 
0.000269283 9.81758e-05 -0.0112354 -0.000910891 0.000372549 -0.0112641 -0.000751784 0.000408777 -0.0109791 
-0.00011177 0.000360839 -0.011172 -1.58373e-05 0.000345089 -0.0112761 0.000157348 0.000274508 -0.0112639 
0.000488011 0.000417638 -0.0112141 0.000768687 0.000197452 -0.0110495 -4.72526e-05 0.00053754 -0.011213 
-0.000988694 0.000632472 -0.0109643 8.82553e-05 0.00070212 -0.0110715 0.0002608 0.000601187 -0.0111173 
0.000598378 0.000701318 -0.0109877 0.000192889 0.000775337 -0.0112335 0.000315694 0.000749998 -0.0112525 
0.000270709 0.000275899 0.00328732 0.000882298 -0.000248447 0.00296432 -0.000734455 -0.000889555 -0.0109398 
-4.4437e-05 -0.000882216 -0.0111632 0.000393114 -0.00077253 -0.0111695 8.24997e-05 -0.000427167 -0.0111217 
-0.000392414 -0.000342676 -0.0109867 0.000115996 -0.000273112 -0.0111886 0.000271701 -0.000323504 -0.0109475 
-0.000975533 -8.44966e-05 -0.0109892 -0.000535006 -7.93095e-05 -0.0110118 0.000343628 -0.00014654 -0.0111506 
0.000543459 -0.000187641 -0.0111556 0.000856996 -0.000212043 -0.0109432 -0.000264406 -4.07144e-05 -0.0111966 
-9.72941e-05 -6.96728e-05 -0.0111959 4.85561e-05 -4.25941e-05 -0.0111483 0.000135243 -3.3243e-05 -0.0110743 
-0.000557947 0.000239055 -0.0110997 -0.00015008 0.000105214 -0.0110732 0.000181755 0.000114948 -0.0110934 
0.000284854 0.000159707 -0.0110895 0.000538754 0.000179266 -0.011176 -8.61611e-05 0.000387038 -0.0109584 
-3.74376e-06 0.00039613 -0.0110361 -0.00078065 0.000527677 -0.0108568 -0.000576283 0.000506426 -0.011062 
-0.000619266 -0.000115262 0.00344091 -0.000368773 -0.000315869 0.00272365 -0.000813592 -0.000798767 -0.0109113 
-0.000458904 -0.000535298 -0.0108974 -0.00055793 -0.00040497 -0.0110074 -0.000324302 -0.000431832 -0.0109085 
-0.000206517 -0.000456957 -0.0109023 -3.69266e-05 -0.00049917 -0.0108954 -0.000583707 -0.000195811 -0.0109651 
-0.000179142 -0.000149763 -0.0109604 0.000730607 -0.000142249 -0.0108956 0.000355211 5.27352e-05 -0.0109084 
0.000484443 0.000122423 -0.0109083 -0.000864049 0.000423981 -0.0108342 0.000127624 0.000520015 -0.0109497 
0.000715301 0.000807791 -0.0109837 0.000491938 0.000972397 -0.0109405 -0.000174162 -0.000657991 -0.0108638 
5.49685e-05 -0.000539144 -0.0107503 0.000455208 -0.000409831 0.00344108 -0.000503866 -0.000299031 -0.0108097 
-0.00011281 -0.00032381 -0.0108015 -0.000336769 -8.61766e-05 -0.0107532 0.000157539 -0.0001835 -0.0107247 
0.000379598 -0.000107939 -0.0107978 -0.000192099 5.22419e-05 -0.0108252 2.79145e-05 -3.10352e-06 -0.0108599 
0.000131165 -2.83815e-06 -0.010776 0.000434795 6.62809e-05 -0.0107666 0.000181994 8.84585e-05 -0.0107428 
-0.00083788 0.00037516 -0.0107462 4.26768e-05 0.00038801 -0.0107187 1.46433e-06 0.000520265 -0.0108351 
0.000952597 0.000433431 -0.0108901 -0.000870773 0.000602918 -0.0108489 -0.000201849 0.000689819 -0.0105988 
-0.000313907 -0.000714757 -0.0107535 0.000699502 -0.000762287 -0.0106186 0.000147097 -0.000683088 -0.0106101 
-0.000802948 -0.000138881 -0.0106238 -0.000492843 -0.000186044 -0.0106207 -0.00019409 -0.000196362 -0.0105573 
-0.000123426 -1.24601e-05 -0.0107019 4.18825e-05 -2.58244e-05 -0.0106851 0.000139221 7.7037e-05 -0.010583 
0.000614352 -8.05019e-05 -0.0103876 -0.000411643 0.000132173 -0.0106674 -0.00010854 0.000234948 -0.0105629 
0.0003625 0.00019595 -0.010623 -0.00037657 0.000291086 -0.0107035 5.15204e-05 0.000247648 -0.010607 
-1.32717e-05 0.00051165 -0.0106189 0.000814297 0.000543262 -0.0105358 -0.000385162 -0.000914358 -0.0104843 
-0.000694807 -0.00078514 -0.010557 -0.00011463 -0.000737428 -0.0105162 -0.000791877 -0.0006319 -0.0105385 
0.000250018 -0.000300589 -0.0104295 -7.01919e-05 -0.000151196 -0.0105259 -0.000666234 4.58447e-05 -0.0105705 
-0.00017647 -5.97651e-05 -0.0104384 9.09789e-07 -4.49896e-05 -0.0105556 0.000223638 -7.47763e-05 -0.010553 
0.000311026 7.09965e-05 -0.0104155 0.000672235 -5.65573e-05 -0.0101946 3.49585e-05 0.000183145 -0.0104687 
0.000136526 0.000176505 -0.0104297 -0.000186309 0.000310087 -0.0104613 -4.89736e-05 0.000300149 -0.0104216 
-4.18875e-05 0.000599146 -0.0104896 -0.000113738 0.000862319 -0.0105333 0.000520834 0.000925176 -0.0104982 
0.000120429 -8.72615e-05 0.00291174 -0.00060097 -0.000804557 -0.010436 2.56165e-05 -0.000403993 -0.0103606 
0.00062845 -0.000333091 -0.0104558 -0.000798886 -0.000135034 -0.0103976 -0.000144874 -0.000232874 -0.0103421 
-0.000185312 -0.000138057 -0.010303 -1.47262e-05 -0.00013866 -0.0103767 0.000414645 -0.000194237 -0.0102419 
0.000990295 -0.000211875 -0.0103491 -0.000434167 2.90748e-05 -0.0103555 -0.000117111 2.09392e-06 -0.0103443 
8.59748e-06 7.98853e-05 -0.0102879 7.40228e-05 0.000200456 -0.0102608 -3.57039e-05 0.000180705 -0.01031 
0.000229625 0.000168516 -0.0103467 3.764e-05 0.000333994 -0.0102411 0.000154582 0.000351039 -0.0102861 
0.000248631 0.000318397 -0.0103136 -0.000838416 0.000590321 -0.0104121 0.00064274 0.00069387 -0.0102464 
-0.000768346 0.000839447 -0.0104638 6.45917e-05 -0.000890508 -0.0101829 -0.000374074 -0.000737572 -0.0102007 
0.000605173 0.000426932 0.00278524 0.000200942 -0.000238111 -0.0101073 -0.000294911 -0.000174633 -0.0102229 
-0.000142958 -0.000141242 -0.0102035 0.000211339 -6.97604e-05 -0.0100858 0.000848425 -0.000239568 -0.00996117 
-5.46077e-05 -6.23425e-05 -0.0102261 4.19597e-05 -3.07023e-05 -0.0101495 0.000194914 6.70345e-05 -0.010092 
0.000255553 2.9657e-05 -0.0102038 -0.000929051 0.000127789 -0.0102583 -0.000195265 0.000130701 -0.010187 
7.78458e-05 0.000191877 -0.0101513 0.000199449 0.000252871 -0.0101711 0.00021199 0.000445429 -0.0102719 
0.000331286 0.000533779 -0.0102551 0.000924144 0.000536 -0.0102392 0.000125889 0.000585517 -0.0102755 
0.000741962 0.000738313 -0.0102799 -0.000178682 0.000866976 -0.0102737 -0.000152873 0.000983782 -0.0102232 
-1.25561e-05 -0.000825057 -0.00999724 -0.000759242 -0.000500323 -0.0101535 -0.000265417 -0.000102945 -0.0100446 
5.43962e-05 -0.000117645 -0.0100844 0.000123539 -0.000100518 -0.00998848 0.000352531 -0.000249491 -0.00992144 
-0.000336821 3.87989e-06 -0.0100204 -0.000143007 -1.00774e-05 -0.0100672 -1.87841e-05 5.07657e-05 -0.0100574 
6.74548e-05 4.47354e-06 -0.00996471 0.000194803 7.66147e-06 -0.0100058 -0.000206862 0.00020881 -0.0100089 
-0.000101216 0.000188578 -0.0100503 0.000101768 0.000220449 -0.0100482 -0.000130966 0.000324696 -0.0100007 
-3.10731e-05 0.000300357 -0.00993221 8.40837e-05 0.000356017 -0.00998255 -0.000756413 0.000507718 -0.00998339 
0.000362377 0.000453774 -0.0100006 0.000403101 0.000401147 -0.0101073 -0.000473017 0.000598912 -0.0100293 
0.000523096 0.000627907 -0.0101154 -0.000345851 0.000770503 -0.0101909 7.13985e-05 0.000773373 -0.00999622 
-0.000957129 0.000898817 -0.0100818 -8.08591e-05 -0.000330738 -0.00976637 -0.000149581 -0.000107055 -0.00981546 
-3.0939e-05 -0.000204847 -0.00979312 9.16907e-05 -0.000209002 -0.00977185 -0.00037644 -2.19839e-05 -0.00991822 
-0.000202071 2.52901e-05 -0.00990801 -5.0661e-05 -5.46172e-05 -0.00992119 5.39893e-06 6.66991e-05 -0.00990185 
-2.10284e-05 -9.00291e-05 -0.00981485 6.33538e-06 2.00633e-05 -0.00978229 0.000338424 -2.18356e-05 -0.0098224 
0.000831602 -3.44969e-05 -0.00997953 -0.000172929 0.000172358 -0.00978059 0.000164909 9.50515e-05 -0.00991562 
0.000100393 0.000199302 -0.00991776 0.00013337 0.00012103 -0.00980597 0.00089788 0.000191194 -0.00987577 
-0.000156395 0.000312905 -0.00980454 -0.000124531 0.000807391 -0.00988314 -0.000492763 0.000905706 -0.00994855 
-0.000319855 -0.000649066 -0.00984238 0.000420608 -0.000530108 -0.00964606 -0.000605679 -0.000272099 -0.00968443 
-0.000117194 -0.00018042 -0.00962937 9.67323e-06 -0.00013708 -0.00966246 9.05504e-05 -0.000108881 -0.00974118 
0.000123376 -0.000143637 -0.00962388 -0.000525311 -2.04685e-05 -0.00980043 -0.000191483 -3.75997e-05 -0.00974669 
-0.000108444 -8.06124e-05 -0.00962922 -3.86196e-05 3.18971e-06 -0.0096235 0.000105519 1.36282e-05 -0.00965399 
-0.000678283 0.000137134 -0.00970263 -0.000217224 0.000160052 -0.00963943 -7.01058e-05 0.000115408 -0.00974015 
-4.69539e-05 0.000122398 -0.00961532 -0.000682678 0.000360206 -0.00971133 -1.51868e-05 0.000239382 -0.00962599 
0.000233768 0.000257147 -0.00974561 0.000196307 0.000275907 -0.00959807 0.000515368 0.000248081 -0.00979888 
0.000253225 0.000517259 -0.00969954 -0.000264572 0.000737875 -0.00969306 0.000708806 0.000762696 -0.00981405 
-2.55077e-05 -0.000863877 -0.00963679 0.000333736 -0.000639246 -0.00963913 -0.000126578 -0.000293228 -0.00956223 
-0.00017022 -0.000180386 -0.00952031 -0.000238156 -9.61855e-05 -0.00948647 -6.79988e-05 -0.000213737 -0.00947796 
5.53908e-05 -0.000143748 -0.00947507 0.000111134 -0.000236597 -0.00952469 0.00021596 -0.000142883 -0.00948294 
-0.000262253 7.20247e-05 -0.00949063 -0.000138619 4.90729e-05 -0.00959239 -0.000131485 -2.72377e-06 -0.00949929 
6.77618e-06 -6.22015e-05 -0.00953374 1.65981e-05 3.48936e-05 -0.00945464 0.000120794 6.24133e-05 -0.00947979 
0.000349182 -0.000357873 0.00341646 -7.33276e-05 0.000105578 -0.00951888 3.73221e-05 0.000116909 -0.00953596 
0.000240204 9.18429e-05 -0.00952278 0.000106793 0.00025464 -0.00947072 -7.92592e-05 0.000233243 -0.00951775 
0.000713481 0.000278789 -0.00958422 0.000416515 0.000518633 -0.00957532 0.000617647 0.000437869 -0.00960735 
-0.000157539 0.000616812 -0.00955308 0.00038637 -0.00055164 -0.0094725 -0.000444714 -0.000315718 -0.00950747 
-0.000122141 -0.000308457 -0.0092091 -1.10006e-05 -0.000326371 -0.00919107 0.000106588 -0.000310574 -0.00921479 
0.000232485 -0.000239878 -0.00921096 0.000849167 -0.000316826 -0.0095672 -0.000749771 -0.000119403 -0.00944079 
-0.000264651 -0.000201975 -0.00922098 -0.000361441 -0.00022082 -0.0095069 -0.000156041 -0.000203883 -0.00942154 
-0.000113799 -0.000111269 -0.00944675 -0.000150113 -0.000153675 -0.00931256 0.000109637 -0.000228502 -0.00938619 
0.000124496 -0.000114563 -0.00936024 0.00029837 -0.000141191 -0.00921663 -7.03252e-05 -0.000583833 0.00340205 
-0.000331671 4.12537e-05 -0.00922094 -0.000331398 -5.52066e-05 -0.0092154 -0.00021151 -6.26375e-05 -0.00925394 
-0.000157144 6.25831e-05 -0.009421 -0.000108551 -4.55331e-05 -0.00936618 1.943e-05 -6.92882e-05 -0.00936408 
9.43317e-06 1.53445e-05 -0.00928675 0.000132351 -1.51614e-05 -0.00941582 0.000114058 -1.29394e-05 -0.00929395 
8.27098e-05 8.98654e-05 -0.0093075 0.000332973 -5.19802e-05 -0.00919626 0.000242872 -1.97746e-05 -0.00929006 
-0.000303582 0.000133484 -0.00919241 -0.000117616 0.000181303 -0.00932942 1.23925e-05 0.000239114 -0.00933098 
-4.65008e-05 3.87108e-05 -0.00937342 2.48148e-05 0.000145613 -0.00941558 0.000312846 9.71691e-05 -0.0092154 
0.000493711 0.000155545 -0.0094969 0.000748418 0.000168516 -0.00949842 -0.000113225 0.000311219 -0.00917475 
-0.000194186 0.000265197 -0.00921571 2.78652e-05 0.000327312 -0.00921075 0.000120037 0.000308221 -0.00919187 
0.000213904 0.00024955 -0.00917831 -0.000838068 0.000975718 -0.00950157 -0.000554873 -0.000731377 -0.00944077 
-0.000100077 -0.000817999 -0.00936189 -0.000139652 -0.00063544 -0.00943834 0.000960068 -0.000501155 -0.00926444 
-0.000229332 -0.000232412 -0.0091209 -7.96715e-05 -0.000325145 -0.00905171 -0.000155226 -0.000293793 -0.00911489 
4.73585e-05 -0.000323279 -0.00904585 0.000188448 -0.000272428 -0.00907603 -0.000313723 -0.000106242 -0.00904142 
-0.000261908 -0.000211135 -0.00902953 -0.000299104 -0.000136935 -0.00916985 -0.000102891 -0.000215392 -0.00917513 
-0.000143175 -8.10046e-05 -0.00918064 1.53367e-05 -0.000200123 -0.00920321 -3.59409e-05 -0.00013504 -0.00926431 
8.17874e-05 -9.11431e-05 -0.00922981 3.07261e-05 -0.000219259 -0.00909788 -4.79202e-05 -0.000145782 -0.00912007 
4.65771e-05 -0.000116721 -0.00913398 0.000110368 -0.000199932 -0.00924439 0.000145187 -0.000137092 -0.0091326 
0.000281495 -0.000180761 -0.00914327 0.000254515 -0.000214104 -0.00903634 0.000646983 -0.000226186 -0.00929647 
-0.000328967 -4.07388e-05 -0.00912291 -0.000327232 6.15345e-05 -0.00906967 -0.000217564 4.47487e-05 -0.0092153 
-1.39126e-05 -5.68187e-05 -0.00920523 -9.71416e-05 1.77372e-05 -0.00917567 1.88113e-05 5.22692e-05 -0.00912956 
0.000118401 -3.61235e-05 -0.00912647 0.000213176 -6.523e-06 -0.00910837 0.000329153 -3.47657e-05 -0.00909607 
0.000327297 3.53402e-05 -0.00916085 0.000327501 3.59524e-05 -0.00903319 -0.000282911 0.000172922 -0.00909497 
-0.000168081 0.000137478 -0.00923359 -7.56061e-05 0.000129355 -0.0091826 -0.000222438 8.48509e-05 -0.00908355 
-5.21225e-05 0.000216095 -0.00923283 -1.01448e-05 0.000123928 -0.00925946 -5.77235e-05 0.000232062 -0.00912224 
0.0002021 6.40533e-05 -0.00922243 0.000129674 0.000203408 -0.00923332 0.000192005 0.000127562 -0.00911655 
0.000285141 0.00017074 -0.00914878 0.000285342 0.000175756 -0.00905699 -0.000157454 0.000291922 -0.00902295 
-0.000216764 0.000244217 -0.00912628 4.17308e-05 0.000327053 -0.0090343 -2.75088e-05 0.000330454 -0.00912194 
-4.9044e-05 0.00032886 -0.00902367 0.00016484 0.000282896 -0.00908094 0.000532015 0.000817996 -0.00931686 
-0.000281399 -0.000884705 -0.00925394 -0.000572819 0.000364695 0.00331358 0.000773316 -0.000933632 -0.00910781 
-0.000197782 -0.000266437 -0.00896949 -8.21488e-05 -0.000321779 -0.00888542 -1.38634e-05 -0.000331123 -0.00895191 
0.000127271 -0.000306985 -0.00896717 0.000901355 -0.000372113 -0.00915523 -0.000296052 -0.000149656 -0.00893397 
-0.000157139 -0.000174499 -0.00907432 -0.000214318 -9.16961e-05 -0.0090573 -0.000211202 -9.76799e-05 -0.00895594 
-0.000112442 -9.71904e-05 -0.00902273 -9.01496e-05 -0.000226419 -0.00899693 -1.60574e-05 -0.000142986 -0.00901777 
0.000208904 -6.39615e-05 -0.00897574 6.69466e-05 -0.000216605 -0.00900431 0.000169812 -0.00016773 -0.00894829 
0.000320643 -8.47658e-05 -0.00899994 0.000239713 -0.000228488 -0.0088747 0.000291762 -0.000151515 -0.0089202 
-0.000323595 -7.65818e-05 -0.0088794 -0.000331771 -3.48876e-06 -0.00899403 -0.000325382 5.4809e-05 -0.00887667 
-0.000229173 2.93549e-06 -0.00902687 -0.000145165 -2.4684e-05 -0.00909355 -0.000103094 6.63854e-05 -0.00908152 
-0.000132384 6.91987e-06 -0.00898812 -3.91875e-05 -3.15797e-05 -0.00908525 -3.31223e-05 5.75501e-05 -0.00900681 
2.59974e-05 -4.96159e-05 -0.00899937 0.00021524 4.83602e-05 -0.0090244 0.000129047 -1.07525e-05 -0.00901603 
0.000332315 2.44297e-06 -0.00894055 0.000929724 -0.000782498 0.00341571 -0.000261491 0.00020464 -0.00896041 
-0.000304646 0.000131513 -0.00900348 -0.000137427 0.000195025 -0.009058 -0.0002011 0.000119412 -0.00894416 
-0.000111741 0.000122053 -0.00899273 -1.80336e-05 0.000128841 -0.00907628 5.31865e-05 0.000111304 -0.00897486 
-3.70748e-05 0.000209944 -0.00900647 0.000134918 0.000178171 -0.00898396 0.000107723 7.10588e-05 -0.009078 
0.00028883 0.000168887 -0.00889288 0.000318767 9.63818e-05 -0.00895486 -0.000162941 0.00028874 -0.00892382 
-2.31371e-05 0.000326985 -0.00893445 5.26171e-05 0.00020149 -0.00906014 0.00017074 0.000280319 -0.0089799 
8.86638e-05 0.00031973 -0.00894449 0.000165364 0.000292444 -0.00888684 0.000237855 0.000232626 -0.00899343 
0.000467286 0.000328162 -0.00918273 0.000467867 0.000462076 -0.00909917 -0.00094764 0.000571567 -0.00906325 
0.000728849 0.000600161 -0.00912904 0.000592221 0.00067248 -0.00911023 0.000829059 0.000680351 -0.00922244 
0.000743616 -0.000861195 -0.00899848 0.000409102 -0.000416074 -0.00909414 -0.000199215 -0.00026301 -0.00886976 
-0.000154477 -0.000295873 -0.00878622 4.17977e-05 -0.000334618 -0.00876731 9.31665e-05 -0.00031907 -0.00885428 
0.000134995 -0.000305321 -0.00876765 0.000223025 -0.000252746 -0.00874689 -0.000265895 -0.000197034 -0.00878505 
-0.000110514 -0.000167676 -0.00891733 -0.000167193 -0.000131713 -0.00881063 -5.67076e-06 -0.000220538 -0.00892593 
5.04534e-05 -0.000136311 -0.00894175 1.19892e-05 -0.000207244 -0.00879628 -6.79017e-05 -0.000133638 -0.00883 
9.2791e-05 -0.00021151 -0.00885601 0.000176773 -0.000122539 -0.00885553 0.000300161 -0.000146344 -0.00881557 
-0.000324352 -5.33504e-05 -0.00878563 -0.000324803 5.54993e-05 -0.008726 -0.000235281 -1.21452e-05 -0.00889543 
-0.000142071 -5.43347e-05 -0.00889778 -0.000130563 5.30381e-05 -0.00889944 -0.000141005 -3.46898e-05 -0.00879869 
8.09489e-06 1.68906e-05 -0.00891497 -4.40683e-05 -7.1506e-05 -0.00891359 -5.2611e-05 -1.35241e-06 -0.00883623 
3.5e-05 -8.77445e-05 -0.00885192 0.000109897 -6.00639e-05 -0.0089124 0.000115131 4.10167e-05 -0.00891662 
0.00021686 -2.4527e-05 -0.00888038 0.000233145 5.78942e-05 -0.00882443 0.000126248 -7.91187e-06 -0.00882175 
0.000328036 -3.61976e-05 -0.00883122 0.000326024 4.69571e-05 -0.0088616 -0.0004172 0.00011827 -0.00900026 
-0.000311226 0.00012073 -0.0088068 -0.000260499 0.000199515 -0.00877464 -0.000117085 0.000194627 -0.00891971 
-0.000200824 9.68412e-05 -0.00884145 -0.000141154 0.000185712 -0.00880397 -4.58294e-05 0.000113601 -0.00891314 
-1.59051e-06 0.000202978 -0.00888415 5.66331e-05 0.000120955 -0.00885499 -4.86339e-05 0.000136594 -0.0087922 
0.000208673 9.38318e-05 -0.00893087 0.000109251 0.00020645 -0.00889028 0.000183902 0.000144533 -0.00883991 
0.000307607 0.000133176 -0.00879815 -0.00020642 0.000259212 -0.00883343 -0.000157989 0.000294104 -0.00877407 
3.42018e-05 0.000327666 -0.00879625 -5.14211e-05 0.000327359 -0.00883568 0.000155924 0.00029572 -0.00878669 
0.000221804 0.000243622 -0.00882487 -0.000771133 0.000779489 -0.00906292 -0.000771993 0.00087865 -0.00897241 
-0.000193187 -0.000528267 -0.00892046 0.000752208 -0.000470758 -0.00876852 -0.000154142 -0.000289572 -0.00866579 
6.08322e-05 -0.000322287 -0.00859873 -6.08618e-05 -0.000326389 -0.00869415 0.000177045 -0.000277161 -0.00861717 
8.25133e-05 -0.000325787 -0.00869732 0.000362214 -0.000261571 -0.00883256 -0.000313462 -0.000109842 -0.00857313 
-0.000265075 -0.000198222 -0.00867709 -0.000321474 -8.14484e-05 -0.00869133 -9.12109e-05 -0.000216893 -0.00876969 
-0.00014684 -0.000117097 -0.00871252 -9.69359e-05 -0.000192521 -0.00865528 8.21502e-06 -0.000145523 -0.00870443 
0.000107174 -0.000111739 -0.00878406 0.000100874 -0.000207117 -0.00863102 0.000204246 -0.000117754 -0.0086973 
0.000103685 -0.000102593 -0.00868131 0.000254903 -0.000210344 -0.00866217 0.000322085 -9.55998e-05 -0.00868616 
0.000300202 -0.000151233 -0.00860607 -0.000331763 9.09943e-06 -0.00861684 -0.000230918 4.18808e-06 -0.00875784 
-0.000125074 6.34997e-05 -0.00878145 -0.000220656 -6.1315e-05 -0.00866766 -0.000206726 4.42598e-05 -0.00866785 
-0.000130883 -2.08389e-05 -0.00869059 -2.63196e-05 -6.96166e-05 -0.00875993 6.22812e-05 -7.14764e-06 -0.00873407 
-4.07672e-05 2.01256e-05 -0.00871155 0.000204733 -4.39383e-05 -0.00877092 0.000167698 3.29025e-06 -0.00868829 
0.00032851 7.22739e-06 -0.00866819 0.000329514 -2.99748e-05 -0.00857617 -0.000418624 -0.000857785 0.00331839 
-0.000310728 0.000119744 -0.00857135 -0.000310027 0.000122975 -0.00867129 -0.000263995 0.000199867 -0.00867402 
-0.000264688 0.000197878 -0.00857473 -0.000115956 0.000212002 -0.00869795 3.42093e-05 8.84797e-05 -0.0087544 
2.53086e-05 0.000203464 -0.00873365 -5.16704e-05 0.000131287 -0.00869227 0.000138181 0.000194499 -0.00874513 
0.000159865 7.93949e-05 -0.00875861 0.000154998 0.000174712 -0.00864779 0.000221168 9.26763e-05 -0.0086402 
0.000102302 8.36223e-05 -0.0086766 0.000314096 9.98155e-05 -0.00868907 0.000275201 0.000187911 -0.00859351 
-0.000108163 0.000312419 -0.00868376 -0.000191281 0.00027165 -0.0086511 -9.78052e-05 0.000316104 -0.00858431 
-1.30395e-05 0.000331808 -0.00866316 0.000146476 0.00029859 -0.00869073 8.69586e-05 0.000321526 -0.00860761 
0.00020702 0.000265538 -0.00860053 0.000231304 0.000232648 -0.00870913 0.000659879 0.00024151 -0.00890112 
0.000937368 0.000321408 -0.00891006 -0.000869396 0.000439013 -0.00883137 0.000117705 0.000845705 -0.00889146 
0.000437525 -0.000858488 -0.00865215 -0.000200809 -0.000684778 -0.00877311 -0.000271265 -0.000539733 -0.00873875 
-9.77989e-05 -0.000317242 -0.0085638 -0.000223768 -0.000246998 -0.00855373 -0.000200978 -0.000264054 -0.00845804 
-0.000104591 -0.000311343 -0.00844551 -2.00721e-05 -0.00033112 -0.00848645 -1.2212e-05 -0.000228964 -0.00860048 
0.000225597 -0.000251181 -0.00847628 7.84559e-05 -0.000324163 -0.00843542 0.000127114 -0.000306307 -0.00852064 
0.000235717 -0.000232279 -0.00855533 -0.000303707 -0.000124748 -0.00847484 -0.000169379 -0.000130576 -0.00860649 
-0.000133496 -0.000185353 -0.0084961 3.60034e-05 -0.000126371 -0.00860414 -4.38306e-05 -0.00023267 -0.00849966 
-3.6541e-05 -0.000130425 -0.00853151 0.000162634 -0.000164536 -0.0085375 0.000220235 -8.51892e-05 -0.00856967 
6.48835e-05 -0.000217385 -0.0085238 7.72964e-05 -8.24981e-05 -0.00851333 0.0002816 -0.000168191 -0.00848196 
-0.000331236 -1.97439e-05 -0.00847895 -0.000229151 -4.09555e-05 -0.00853876 -7.39262e-05 -8.64011e-05 -0.00861745 
-0.000155941 1.52651e-05 -0.00858072 -0.000226136 6.10695e-05 -0.00850863 -0.000126757 -7.14276e-05 -0.00852803 
-0.000126961 5.62126e-05 -0.00848104 1.6519e-05 -3.35931e-05 -0.00864382 1.56746e-05 6.85842e-05 -0.00862028 
-5.09071e-05 1.63708e-06 -0.00856899 4.9992e-05 1.3977e-05 -0.00854345 0.000132284 -2.0637e-05 -0.00859446 
0.000332715 -2.68995e-05 -0.00845525 0.000325677 6.12503e-05 -0.00843059 0.000225866 1.78904e-05 -0.00857185 
0.000234897 -2.19607e-06 -0.00846492 -0.000721451 0.00012669 -0.00871412 -0.000294435 0.000145535 -0.00847825 
-0.000192469 0.000115881 -0.0085954 -0.000119528 0.000202234 -0.00859726 -7.86709e-05 0.00010165 -0.00859959 
-0.000167834 0.000154682 -0.00848753 -8.17959e-05 0.000210204 -0.00850073 -2.2865e-05 0.000243063 -0.00858549 
7.6373e-05 0.000218506 -0.00858683 1.1308e-05 0.000154289 -0.00853568 0.000126712 7.99826e-05 -0.00857613 
0.000168978 0.000172856 -0.0085406 0.000208775 9.75033e-05 -0.00848421 0.000314706 9.08587e-05 -0.00856462 
0.000275067 0.00017882 -0.00847255 -0.000167985 0.000283299 -0.00854264 -0.000230377 0.000238932 -0.00848076 
-3.86619e-05 0.000327014 -0.0084739 0.000119143 0.000310965 -0.00848351 0.000193892 0.000273621 -0.00844965 
-0.000555837 0.000396497 -0.00879341 -0.000227823 0.000392199 -0.00866265 -0.000738873 0.000630204 -0.00866401 
-0.000607969 0.000581116 -0.00866988 8.46833e-05 0.000697826 -0.00866132 -0.000983903 0.00086282 -0.00871108 
-0.000510582 -0.00049548 -0.00859461 -0.000416172 -0.000216642 -0.00862897 -0.000154318 -0.000289558 -0.0083297 
-2.80902e-05 -0.000329876 -0.00838809 6.68771e-05 -0.000321607 -0.00833684 3.41056e-05 -0.000229199 -0.00842262 
0.000200546 -0.000263241 -0.00827368 0.000228609 -0.000247075 -0.00837724 -0.000321392 -8.32951e-05 -0.00831975 
-0.000248078 -0.000214617 -0.00836343 -0.000203059 -0.000110612 -0.00846166 -7.9482e-05 -0.000213599 -0.0084015 
-8.71415e-05 -0.000112087 -0.00844424 -0.00016416 -0.000158007 -0.00836945 3.07111e-05 -0.000127729 -0.00843633 
0.000208097 -0.000105717 -0.00845472 0.000122058 -0.000179275 -0.00844335 0.000121714 -8.11219e-05 -0.00841038 
0.000180085 -0.000141812 -0.00834402 0.000109346 -0.000217555 -0.0083484 0.000278886 -0.000173563 -0.0083329 
-0.00032506 4.42832e-05 -0.00838087 -0.000331319 2.56375e-05 -0.00827932 -0.000241867 -1.69756e-05 -0.0084295 
-0.00014168 -1.9114e-05 -0.00840861 -0.000105502 -7.88739e-05 -0.00833348 -1.39586e-05 -3.95319e-05 -0.00847513 
3.90203e-05 3.84299e-05 -0.00843335 -4.64703e-05 1.17927e-06 -0.00837627 3.61846e-05 -5.96208e-05 -0.00836306 
0.000127209 2.28265e-06 -0.00847872 0.000212788 -4.3843e-05 -0.00836929 0.000121669 1.19329e-05 -0.00837229 
0.000329802 3.1851e-05 -0.00832939 0.000330946 -6.21959e-05 -0.00836426 0.000228144 6.55953e-05 -0.00836627 
0.000621481 -4.26507e-05 -0.00848915 -0.000925267 0.00016939 -0.0085348 -0.000651898 0.000100466 -0.00862953 
-0.000307245 0.000125326 -0.0082724 -0.000274179 0.000184391 -0.00837395 -0.000224567 9.19633e-05 -0.00839619 
-0.000163309 0.000173212 -0.00837924 -9.88627e-05 9.34543e-05 -0.00837849 -4.91073e-05 0.00011922 -0.0084619 
-5.63309e-05 0.000184853 -0.00837602 2.07628e-05 0.000243047 -0.00845846 3.45469e-05 0.000150627 -0.00840953 
0.000116507 0.000204758 -0.0084596 0.000180709 0.000155913 -0.00838242 0.000109108 0.000102094 -0.00847539 
0.000100723 0.000105828 -0.00834494 0.000279332 0.000174086 -0.00837633 -0.000106366 0.000313163 -0.00838646 
-0.000199101 0.000266179 -0.00839073 -0.000178193 0.000275421 -0.00828374 5.05493e-05 0.000328372 -0.00837689 
2.062e-05 0.000243106 -0.00832769 0.000188677 0.000275746 -0.00833531 0.000119168 0.000311562 -0.00827178 
-0.0005472 0.000411152 -0.00861191 0.000933267 0.000532715 -0.00859184 -0.000131691 0.000658257 -0.0086106 
0.000919295 0.000773065 -0.00856755 -0.000201273 -0.00026592 -0.0082013 -8.82384e-05 -0.000320262 -0.00817813 
-3.21738e-05 -0.000334631 -0.00823929 3.61571e-05 -0.000334868 -0.00815164 -9.10576e-06 -0.00023568 -0.00829209 
8.77036e-05 -0.000320186 -0.00822332 0.000141929 -0.00030105 -0.00814727 -0.000251611 -0.00021507 -0.00826241 
-0.000296031 -0.000148636 -0.00825106 -0.000108571 -0.000208996 -0.00829196 -0.000198763 -0.00013353 -0.00822411 
6.96988e-05 -0.000218846 -0.00822941 -2.39714e-05 -0.000143036 -0.0083387 7.94771e-05 -0.000136903 -0.00829294 
-6.54638e-05 -0.000149471 -0.00822401 2.22964e-05 -0.000117979 -0.00818738 0.000222494 -8.64473e-05 -0.0082438 
0.000161794 -0.00017715 -0.00823943 0.000116418 -9.05116e-05 -0.00820863 0.000242221 -0.000229814 -0.00815335 
0.00028777 -0.000168361 -0.00823495 0.000683789 -0.000192128 -0.00845294 -0.000323276 6.396e-05 -0.00818737 
-0.000328769 -4.17712e-05 -0.0081506 -0.000225066 3.89701e-05 -0.00829583 -0.000218589 -7.87077e-05 -0.00830871 
-0.000123938 2.03471e-05 -0.00830902 -0.00021637 -3.69252e-05 -0.00820142 -0.000114322 -4.91953e-05 -0.00823765 
3.412e-05 3.33945e-05 -0.00831685 -1.07202e-05 -5.96439e-05 -0.00827315 -4.6128e-05 3.26832e-05 -0.00824716 
6.39379e-05 -6.66094e-06 -0.00822798 0.000141976 -5.75008e-05 -0.00830019 0.000145356 4.4065e-05 -0.00827829 
0.000330457 2.80337e-05 -0.00813717 0.00033093 -6.2343e-05 -0.0082514 0.000327686 7.64043e-05 -0.00824332 
0.000239253 4.20165e-06 -0.00820388 0.000454145 6.99828e-05 -0.00838918 -0.000257207 0.000212114 -0.00822742 
-0.000179824 0.000157158 -0.0082812 -0.000177213 8.82036e-05 -0.00820773 -8.57246e-05 0.000121649 -0.00828348 
1.04607e-05 0.000135053 -0.00830896 -7.07795e-05 0.000224582 -0.00828432 -1.99646e-05 0.000126798 -0.00820565 
0.000119204 0.000206213 -0.00831518 0.000205188 0.000128924 -0.00828333 9.13047e-05 0.000216758 -0.00821729 
9.95169e-05 0.000116921 -0.00822117 0.000275891 0.000187702 -0.00821728 0.00030894 0.000107197 -0.00815099 
-0.000103153 0.000314392 -0.00820757 -0.000193281 0.000270147 -0.00817755 -8.1248e-06 0.000332265 -0.00821312 
-6.34969e-06 0.000230411 -0.00819562 0.000215219 0.000254204 -0.00816291 0.000132526 0.000311416 -0.00817312 
-0.000669819 0.000466731 -0.00833329 -0.000968233 0.000596084 -0.00836292 -0.000877672 0.000864347 -0.00843596 
-0.000241427 -0.000237884 -0.00805025 -0.000120866 -0.000309454 -0.00798471 -0.000135168 -0.000302438 -0.00808327 
-2.77051e-05 -0.00033014 -0.00805166 6.78209e-05 -0.00032241 -0.00806699 0.000177693 -0.000283964 -0.00802455 
-0.000270541 -0.000186378 -0.00797578 -0.000319493 -8.04664e-05 -0.00803392 -0.0002954 -0.000153697 -0.00809953 
-0.000127535 -0.000208045 -0.00813387 -0.000213872 -9.33285e-05 -0.00807631 -0.000123039 -0.000106556 -0.00815417 
-0.000163338 -0.000175203 -0.00804633 -2.78269e-05 -0.000224478 -0.00814829 4.49421e-05 -0.000222506 -0.00802814 
-6.02073e-05 -0.000231567 -0.00804615 -2.61477e-05 -0.00013439 -0.00810085 9.41552e-05 -0.000121766 -0.00806139 
8.94998e-05 -0.000206658 -0.00812256 0.000179289 -0.000166185 -0.0080977 0.000206492 -7.03305e-05 -0.00813101 
0.00021073 -9.93404e-05 -0.00800909 0.000293914 -0.000154343 -0.00800016 0.00030338 -0.000137063 -0.00811331 
0.00025466 -0.000219479 -0.00805641 -0.000331746 2.12909e-05 -0.0080803 -0.000134172 8.84209e-06 -0.00815684 
-0.000228369 4.71767e-06 -0.00809819 -9.99114e-05 -5.3314e-05 -0.00806995 -0.000141948 3.87863e-05 -0.00805594 
-4.32829e-05 -3.32537e-05 -0.0081673 6.01506e-05 -4.23152e-05 -0.00813163 1.08002e-05 5.02897e-05 -0.00814469 
6.03617e-05 4.01693e-05 -0.00804936 -4.12659e-05 2.91194e-05 -0.00804692 1.72873e-05 -5.45756e-05 -0.00803718 
0.000146113 3.27479e-06 -0.0081648 0.00013812 -3.20496e-05 -0.00804982 0.000327037 -5.9342e-05 -0.00807597 
0.000331165 -2.76704e-05 -0.00798737 0.000226358 2.58169e-05 -0.00809631 0.000434704 6.25224e-05 -0.00828174 
-0.000273289 0.000190129 -0.00804009 -0.000311804 0.000117749 -0.00808002 -0.00031654 8.92618e-05 -0.00798374 
-0.000157114 0.000177336 -0.00816051 -0.000212295 0.000106372 -0.00809887 -0.000147252 0.000173168 -0.00806059 
-8.28632e-05 9.35601e-05 -0.00811656 -6.24668e-05 0.000214486 -0.00811173 5.80448e-05 0.000209855 -0.00812028 
2.75023e-05 0.000136065 -0.00805937 0.000202365 9.56563e-05 -0.00817464 0.000152199 0.000179673 -0.00814078 
0.000109847 8.75233e-05 -0.00812212 0.000182272 0.000146283 -0.00805153 0.000270759 0.000187779 -0.0080741 
0.000326327 8.02524e-05 -0.00803334 -0.000101615 0.000314623 -0.0080779 -0.00017851 0.000275235 -0.00798821 
3.24926e-05 0.000331566 -0.00801049 -1.69658e-06 0.000334824 -0.00811304 0.000106419 0.000312506 -0.00806988 
0.000211286 0.00025437 -0.00806476 0.000225807 0.000245929 -0.0079679 0.000458484 0.000291189 -0.00818092 
-1.40752e-05 0.000437545 -0.00826338 0.000604212 0.000810325 -0.00816856 -0.000157127 -0.000525349 0.00286065 
0.000276424 0.000951906 -0.0082474 -0.000957954 0.000258526 0.00323207 -0.000122587 -0.000308649 -0.00786816 
-0.000202746 -0.000262664 -0.00790537 6.99116e-05 -0.000322641 -0.00796079 -3.17651e-05 -0.000330444 -0.0079448 
-2.95259e-05 -0.00022562 -0.00793518 0.000146518 -0.000293475 -0.00789319 0.000222841 -0.000251002 -0.00794095 
-0.000652249 -0.000129536 -0.00803904 -0.00026676 -0.000195849 -0.00784626 -0.000315046 -0.000104616 -0.00788704 
-0.000192061 -0.000110776 -0.00797088 -0.000129734 -0.000197435 -0.0079531 -0.000171377 -0.000159277 -0.00786998 
6.92885e-05 -0.000229506 -0.00791356 -5.96021e-05 -0.000119952 -0.00800626 3.86633e-05 -0.000137919 -0.0079701 
-8.07187e-05 -0.000120276 -0.007888 0.000141768 -0.000187198 -0.00799934 0.00015175 -0.000168396 -0.00790132 
0.000213903 -8.81987e-05 -0.00789644 0.000284072 -0.000171676 -0.00790332 -0.000773729 7.81384e-05 -0.00810701 
-0.000327885 -7.0139e-06 -0.00790457 -0.000242002 3.17796e-05 -0.00787063 -0.00023011 -1.30339e-05 -0.00796297 
-9.91978e-05 4.14943e-05 -0.00796186 -0.000221482 -7.255e-05 -0.00787038 -0.000138558 -3.94965e-05 -0.00791582 
4.83459e-05 1.06222e-05 -0.00792892 -3.91402e-05 -3.82401e-05 -0.00792896 0.000127067 -7.46276e-05 -0.00795123 
0.000146 2.78402e-05 -0.00794211 0.000235729 -1.28269e-05 -0.00795923 0.000327516 -4.10695e-05 -0.00786711 
0.00032743 6.50224e-05 -0.00789188 0.000236751 -2.06667e-06 -0.00784299 0.000628671 -6.0943e-08 -0.00803484 
-0.000293463 0.000168843 -0.00782775 -0.000272717 0.000190129 -0.00792469 -7.89948e-05 0.000229799 -0.00800749 
-0.000212066 0.000112288 -0.00799554 -0.000149234 0.000193902 -0.00793429 -0.000197148 0.000119536 -0.0078878 
-6.97278e-05 0.000122517 -0.00801828 1.15673e-05 9.75931e-05 -0.00796447 -3.55714e-05 0.000229917 -0.0078964 
5.49854e-05 0.000182332 -0.00789275 -7.31382e-05 0.000128471 -0.00791822 0.000223186 8.9777e-05 -0.00796153 
0.000124974 0.000208362 -0.00798368 0.000111018 0.000107823 -0.00799223 0.00019894 8.97727e-05 -0.00786323 
9.33405e-05 8.81375e-05 -0.00787933 0.000156501 0.000176771 -0.00789051 0.000261335 0.00021237 -0.0078744 
0.000290713 0.000164234 -0.00795105 0.000745292 0.000154053 -0.00806714 -0.00023148 0.000237819 -0.00782786 
-0.000148549 0.000301751 -0.00784686 -4.30674e-05 0.000329363 -0.00785369 -6.10793e-05 0.000330776 -0.00795909 
5.24331e-05 0.000327608 -0.00787761 2.00885e-05 0.000231692 -0.00798437 0.000160912 0.000286489 -0.00787271 
0.000112159 0.000313397 -0.00796136 0.000714309 0.000282848 -0.00817785 0.00022863 0.000635692 -0.00814759 
0.000509111 0.000562901 -0.00815307 1.4181e-05 0.000800347 -0.00803478 -0.000952711 -0.000795065 -0.00803781 
0.000138103 -0.000620318 -0.00795502 -0.00086599 -0.000512569 -0.00795692 -7.83538e-05 -0.000321429 -0.00767688 
-0.000194425 -0.000268939 -0.00770296 -0.000200496 -0.000264291 -0.00780417 4.29651e-05 -0.000329125 -0.00780438 
-6.06253e-05 -0.000325901 -0.00777345 5.54335e-05 -0.000327475 -0.00770533 1.09442e-05 -0.000233533 -0.00782974 
0.000144597 -0.000297681 -0.00768225 0.000144173 -0.000297682 -0.00778075 0.000886214 -0.000263269 -0.00794404 
-0.000255613 -0.000207313 -0.00774333 -0.000317818 -8.9596e-05 -0.0077684 -8.68475e-05 -0.000213998 -0.00785364 
-0.000192596 -0.000131045 -0.00776958 -8.92077e-05 -0.00018395 -0.00775566 6.96712e-05 -0.000106165 -0.00787552 
1.36459e-05 -0.000170513 -0.00775174 -2.99625e-05 -8.92904e-05 -0.00779892 4.34864e-05 -8.21052e-05 -0.00771571 
0.000183152 -0.000132751 -0.00781016 0.000105161 -0.000197443 -0.00781767 0.000126451 -0.000146145 -0.00772848 
0.000241918 -0.000224236 -0.00779183 0.000298468 -0.000159779 -0.00770681 0.000626599 -0.000227647 -0.00800905 
0.000643642 -0.000221596 -0.00790449 -0.000990782 -4.34428e-05 -0.0079478 -0.00032296 7.26981e-05 -0.00770477 
-0.000323044 6.97464e-05 -0.00780329 -0.000324859 -6.66212e-05 -0.00767084 -0.000210705 -2.82205e-05 -0.00778132 
-9.38403e-05 -1.65329e-05 -0.00782666 -0.000124807 -6.07367e-05 -0.00773736 -0.000154432 3.50423e-05 -0.0077274 
-2.61288e-05 4.85139e-05 -0.00787072 4.60021e-05 -1.89946e-05 -0.00780824 5.42796e-07 6.147e-05 -0.00776093 
0.000137766 -2.20681e-05 -0.00785466 0.000129067 5.23412e-05 -0.00778761 0.000128896 -4.26472e-05 -0.00775521 
0.0003328 -3.06307e-05 -0.0076728 0.000327916 3.64237e-05 -0.00775503 0.000325275 -6.89124e-05 -0.00777327 
0.000225035 4.72724e-05 -0.00775349 0.00022751 -5.98125e-05 -0.00775044 0.000519073 7.12616e-05 -0.00792408 
0.000643116 1.05466e-05 -0.00792855 -0.000280257 0.000180939 -0.00767547 -0.000112237 8.35076e-05 -0.00782556 
-0.000226546 8.65955e-05 -0.00778066 -0.000100182 0.000213875 -0.00780354 -0.000168832 0.000160391 -0.00772953 
-8.37135e-05 0.000106954 -0.00772779 -2.61356e-05 0.000145026 -0.00783019 6.54133e-05 0.00013188 -0.00779017 
0.000175347 0.000145435 -0.00778226 0.000106801 0.000220798 -0.00777034 0.000286813 0.000159304 -0.007785 
-0.000105476 0.000313397 -0.00775192 -0.000229857 0.000239768 -0.00773092 -2.46007e-05 0.000327188 -0.0076823 
1.14059e-05 0.000236015 -0.00780195 8.03765e-05 0.000327023 -0.00775294 0.000215516 0.000255651 -0.00777574 
0.000387204 0.000358595 -0.00795493 -0.000599974 0.000535479 -0.00790061 -8.00992e-05 0.000553772 -0.00798948 
-0.000151715 0.000502736 -0.00789655 0.00014195 0.000643367 -0.00794221 0.000504849 0.000664058 -0.00789362 
0.000577521 0.000660422 -0.00797795 -0.000649265 0.00091013 -0.00800916 -0.000202307 -0.000262948 -0.00755655 
-6.03289e-05 -0.000326198 -0.00756798 4.27548e-05 -0.000329163 -0.0075503 -3.15587e-05 -0.000227947 -0.00767922 
-1.24334e-06 -0.000243784 -0.00758473 0.000137433 -0.000300769 -0.00756355 0.00022811 -0.000235091 -0.00764968 
-0.000313223 -0.000111099 -0.00758251 -0.000266946 -0.00019536 -0.00763206 -0.000166737 -0.000175068 -0.00767965 
-0.0002164 -0.000108577 -0.00762159 -0.000174604 -0.000167054 -0.00755131 -0.000105053 -0.000217268 -0.00760595 
-7.70371e-05 -0.000124146 -0.00767312 6.55212e-06 -9.68981e-05 -0.00762393 7.49083e-05 -0.000208893 -0.0076493 
0.000162542 -0.00017037 -0.00761034 0.000107161 -8.24747e-05 -0.00763731 9.58625e-05 -0.000210836 -0.00754576 
0.000222693 -8.77406e-05 -0.00758713 0.000318964 -0.000104528 -0.00761026 0.000274907 -0.00018278 -0.00754007 
0.000819527 -0.000226071 -0.00772082 -0.00033094 2.96558e-05 -0.0076159 -0.000231458 -3.09938e-05 -0.00768349 
-0.000136792 -4.75679e-05 -0.00763822 -0.000117564 5.25124e-05 -0.00763557 -0.000227888 7.78552e-05 -0.00767262 
-0.000210104 1.74739e-05 -0.0075949 -3.62002e-05 -1.98824e-05 -0.00771286 4.31027e-05 -5.23026e-06 -0.007641 
-2.03532e-05 7.0558e-05 -0.00765783 -4.95628e-05 -1.18478e-05 -0.00759942 7.66317e-05 8.54879e-05 -0.00769479 
0.000139222 1.12729e-05 -0.0076636 0.000227236 5.09604e-05 -0.0075737 0.000149718 -2.10367e-05 -0.0075688 
0.000109685 7.61337e-05 -0.00759206 0.000333876 -2.20431e-05 -0.00754832 0.000235366 -1.56994e-05 -0.00765551 
0.00046671 5.45679e-05 -0.00778666 -0.000258704 0.000208732 -0.00756418 -0.000308341 0.000125118 -0.00756133 
-0.000189817 0.000155072 -0.00762117 -9.24569e-05 0.000171615 -0.00760155 4.43902e-06 0.000152551 -0.00771367 
-8.23436e-05 0.000213564 -0.00769991 3.73716e-05 0.000142031 -0.00761389 -1.55083e-05 0.000236886 -0.00760432 
0.000202383 9.08857e-05 -0.00766404 0.000149206 0.000174482 -0.00767954 0.0001143 0.000212339 -0.00758977 
0.000185525 0.000142697 -0.00757987 0.000317254 8.86524e-05 -0.00754064 0.000293267 0.000143684 -0.00765368 
0.000278667 0.000181863 -0.00755438 0.000491234 0.000174239 -0.00773248 0.000734263 0.000106842 -0.00780278 
-0.000167608 0.000283086 -0.00753643 -0.000144286 0.000304302 -0.00765124 4.30539e-05 0.000240822 -0.00768519 
-6.18244e-05 0.000326454 -0.00758955 8.84902e-05 0.000324422 -0.00756649 0.000109922 0.000311711 -0.00765607 
0.00018059 0.000283003 -0.00755142 0.000201532 0.000259893 -0.0076464 0.000307402 0.000340962 -0.00779333 
0.000406717 0.000322723 -0.00782819 0.000653925 0.000324329 -0.00785921 0.000602516 0.000321509 -0.00774223 
0.000462523 0.000481047 -0.00786515 -0.000954147 0.000665878 -0.00786195 -0.000581282 0.000622814 -0.00784891 
-0.000449983 0.000662032 -0.007832 0.000234051 0.00056099 -0.00779748 -0.000362683 -0.000872491 -0.00768269 
0.000842785 -0.000658765 -0.00765272 0.000573192 -0.000455319 -0.00761483 -0.000124253 -0.000307979 -0.00746642 
-0.000203476 -0.000259407 -0.00742901 -0.000133897 -0.000303449 -0.00737042 -2.98219e-05 -0.000330122 -0.00743543 
2.93548e-05 -0.000235644 -0.00747525 8.98462e-05 -0.00031962 -0.00746267 0.000235772 -0.000238376 -0.00747039 
-0.000262883 -0.000199561 -0.00750873 -0.000268907 -0.000192611 -0.00738867 -0.000318549 -9.19573e-05 -0.00739362 
-0.000320201 -8.61841e-05 -0.00749015 -9.04797e-05 -0.000101623 -0.0075581 -0.000220552 -8.61204e-05 -0.00750824 
-0.000144102 -0.000183832 -0.00745741 -0.000218949 -0.000106552 -0.00740609 -6.80092e-05 -0.000220387 -0.00751138 
1.91831e-06 -0.000153628 -0.00754144 -5.83772e-05 -0.000131652 -0.00746475 4.01835e-05 -0.000137634 -0.0074452 
0.000185519 -0.000145614 -0.00751366 9.16864e-05 -0.000108577 -0.00754191 0.000136325 -0.000159514 -0.0074277 
0.000222084 -9.75856e-05 -0.00743142 0.000320696 -9.07417e-05 -0.00746402 -0.000331645 2.18471e-05 -0.00738927 
-0.000323223 6.26669e-05 -0.00749565 -0.00021406 1.08192e-05 -0.00748161 -0.000130538 -9.02443e-06 -0.00754042 
-0.000135862 -6.7352e-05 -0.00745825 2.01028e-05 4.67776e-05 -0.00755804 8.71043e-06 -4.69036e-05 -0.00752379 
-5.95214e-05 5.37833e-05 -0.00746623 3.82579e-05 3.17174e-05 -0.00745961 -3.17186e-05 -4.16815e-05 -0.00742447 
0.000136263 -4.99342e-05 -0.00747337 0.000129369 4.79248e-05 -0.00749769 0.000237135 -1.07754e-05 -0.00748948 
0.000331251 1.75113e-05 -0.0074029 0.000233966 4.40992e-05 -0.00740305 0.000456914 7.05251e-05 -0.00766718 
-0.000913737 0.00023141 -0.00769547 -0.000274031 0.000187914 -0.00746118 -0.000313003 0.000117413 -0.00738232 
-0.000215962 9.6759e-05 -0.00753306 -0.000153761 0.000181916 -0.00752248 -0.000115846 9.09616e-05 -0.00754166 
-9.36977e-05 0.000153587 -0.00744451 -0.000189554 0.000116726 -0.00743831 -2.51415e-05 0.00013309 -0.00753465 
7.29523e-05 0.00013052 -0.00751492 3.90744e-05 0.00022632 -0.00752 7.4698e-06 0.000126613 -0.0074386 
7.10586e-05 0.000205004 -0.00742747 0.000147576 0.000192751 -0.00749089 0.000206604 0.000111183 -0.00748474 
0.000126701 0.00011984 -0.00742409 0.000308486 0.000115279 -0.00744968 0.000254113 0.000212466 -0.00746293 
0.000703193 0.000200629 -0.00772764 -0.000360077 0.000331796 -0.0076583 -0.000229823 0.000239347 -0.00738754 
-0.000133262 0.000304868 -0.00736814 -6.2566e-05 0.000233018 -0.00751015 -4.78623e-05 0.000331093 -0.00743841 
5.37166e-05 0.000327287 -0.00747291 -2.69199e-05 0.000229158 -0.00741376 0.000179519 0.000278658 -0.00744471 
-0.000902764 0.000440386 -0.00773658 -0.000157698 0.000438348 -0.00768463 0.000261313 0.000465948 -0.00766251 
0.000670321 0.000402666 -0.00761162 -0.000501135 0.000674897 -0.00769747 -0.000152251 0.000696045 -0.00771017 
0.000450796 0.000613769 -0.00766561 0.000435887 0.00085745 -0.00769132 0.000658435 0.000819225 -0.00773588 
0.000831867 0.000781939 -0.00763062 -0.000477996 0.000881519 -0.0076022 -5.64102e-05 -0.000647182 -0.00754736 
0.000593111 -0.000531838 -0.00752644 -0.000146911 -0.000295924 -0.00727548 -0.000224923 -0.000240005 -0.00730963 
7.21073e-05 -0.000321596 -0.00727149 -2.26581e-05 -0.000330915 -0.00729258 8.5894e-06 -0.000229327 -0.00730861 
-6.0521e-05 -0.000234 -0.00738952 0.000174404 -0.000287373 -0.00725114 0.000181564 -0.000281484 -0.00735807 
0.000677281 -0.000263893 -0.00749785 -0.000296816 -0.000149158 -0.00730415 -0.000128655 -0.000152593 -0.00736356 
-0.000221276 -7.70115e-05 -0.00729527 -0.000173496 -0.000163051 -0.00727178 -3.06426e-05 -0.000123246 -0.00736144 
6.45849e-05 -0.000136319 -0.00733137 -7.49526e-05 -0.000177295 -0.00728183 7.70419e-05 -0.000231979 -0.00738184 
0.000171343 -0.000156459 -0.00733357 0.000106518 -0.00022015 -0.0072863 0.000294549 -0.000159699 -0.00725547 
0.00023991 -0.000229945 -0.0072796 0.00027244 -0.000193219 -0.0073537 -0.000944028 -2.59981e-05 -0.00751703 
-0.000322106 7.61164e-05 -0.00729847 -0.00033146 -1.92557e-05 -0.00729843 -0.00023726 -1.01465e-05 -0.00736952 
-0.000144146 3.00506e-05 -0.0074123 -0.00021704 6.29144e-05 -0.00730253 -0.000146515 -5.42583e-05 -0.00735826 
-0.000121628 3.02764e-05 -0.00731103 6.55045e-05 -5.06946e-05 -0.00740223 -1.48875e-05 4.45671e-05 -0.00737585 
2.93794e-05 -4.37314e-05 -0.00730854 -2.86549e-05 2.84318e-05 -0.00726922 0.000172959 -5.78129e-05 -0.00735219 
0.000133689 2.33224e-05 -0.0073961 7.19753e-05 5.82793e-05 -0.00732504 0.000119627 -7.17235e-05 -0.00726778 
0.00033309 -6.20419e-05 -0.00729915 0.000329456 3.01272e-05 -0.00727295 0.000239277 -1.75893e-05 -0.00728739 
0.000724785 1.76276e-05 -0.00745531 -0.000284683 0.000176845 -0.00725708 -0.000189188 0.000151453 -0.00734364 
-0.000104593 0.000211672 -0.00734567 -8.39557e-05 0.000113171 -0.007353 4.0154e-05 0.000154376 -0.00734661 
0.000137852 0.000200923 -0.00735087 0.000194245 0.000117983 -0.00734557 0.000283715 0.000173027 -0.00734617 
0.000287306 0.000171439 -0.00723978 0.000407763 0.00021042 -0.00746037 0.000545686 0.000137558 -0.00750453 
0.000754686 0.000185267 -0.00749237 -0.000209758 0.000260701 -0.00729224 -9.95766e-05 0.000315282 -0.00727516 
-3.75157e-06 0.000332124 -0.00729776 -1.31287e-05 0.000231694 -0.00730922 9.21815e-05 0.000323373 -0.00736063 
0.00014421 0.00030075 -0.00723835 0.000219316 0.000246593 -0.00730978 0.000291188 0.000380239 -0.00750929 
0.000607568 0.000466693 -0.0075125 0.00083212 0.000434312 -0.00747113 0.000711088 0.000594242 -0.00756281 
-0.000983169 0.00089686 -0.00745703 -0.000660105 -0.000150255 0.00300682 0.000413545 -0.000916535 -0.00729642 
-0.000863748 -0.000718998 -0.00726014 0.000576956 -0.000677558 -0.00732632 -3.59037e-05 -0.000433219 -0.00730227 
-8.10211e-05 -0.000320751 -0.00709082 -0.000168296 -0.000286447 -0.00710197 -7.36083e-05 -0.000320661 -0.00719426 
5.71343e-05 -0.000322954 -0.00713673 -2.79642e-05 -0.000233524 -0.00721201 3.4865e-05 -0.000229378 -0.00710527 
0.0002262 -0.000249565 -0.00712268 -0.000783922 -0.000109561 -0.0074223 -0.000246456 -0.000222561 -0.0072104 
-0.000320776 -8.37501e-05 -0.00718111 -0.000262127 -0.000199706 -0.00711461 -0.000134401 -0.000203673 -0.00718761 
-0.00021621 -0.00010522 -0.00718747 -9.5755e-05 -0.000109787 -0.00717184 -0.000227236 -7.497e-05 -0.00709189 
-1.16445e-05 -0.000106964 -0.00724069 5.9013e-05 -0.000182947 -0.00720625 -5.7377e-05 -0.000190083 -0.00712502 
1.68863e-05 -0.000114631 -0.00714506 0.000180769 -0.000160365 -0.0072335 0.000216436 -9.32448e-05 -0.00716366 
0.000114538 -0.000104869 -0.00717273 0.000139555 -0.000198605 -0.00714342 0.00027919 -0.000172872 -0.00716285 
0.000321176 -8.34298e-05 -0.00711479 -0.000335009 3.31622e-05 -0.00708462 -0.00032948 4.29432e-05 -0.00720917 
-0.000235387 -3.52668e-06 -0.00722878 -0.000105674 -8.00086e-05 -0.00727059 -0.000136401 -8.50062e-06 -0.0072006 
-0.000130742 6.90527e-05 -0.00713654 6.06664e-05 -3.27516e-06 -0.00722172 -3.03495e-05 -2.88599e-05 -0.00717832 
7.64421e-05 -2.91801e-05 -0.00711942 0.000147851 2.47982e-05 -0.00726587 0.000126141 4.93339e-05 -0.00716501 
0.000328541 3.63398e-05 -0.00717798 0.000226623 5.3078e-06 -0.00718377 -0.000245297 0.000223898 -0.00709677 
-0.000302136 0.000133445 -0.00707291 -0.000166232 0.000165772 -0.00722325 -9.92493e-05 8.96969e-05 -0.0072304 
-0.000221553 9.07744e-05 -0.00718404 -9.34011e-05 0.000165951 -0.00715096 -8.03482e-05 0.000223939 -0.00723388 
-1.62256e-05 0.000141704 -0.00726483 7.89885e-05 0.000227619 -0.00726998 -7.43139e-06 8.88401e-05 -0.00718017 
1.39959e-05 0.00018762 -0.00717481 0.000183482 0.000143679 -0.00721469 8.35641e-05 0.000118266 -0.0072428 
0.000222816 9.31116e-05 -0.00713353 0.000132861 0.000203513 -0.00714878 0.000288812 0.000170616 -0.00713907 
-0.000624807 0.000386964 -0.0073669 -0.000230725 0.000238423 -0.00719738 -0.000114693 0.000311133 -0.00717772 
-5.32026e-05 0.000331427 -0.0070998 4.16255e-05 0.000325648 -0.00716229 0.000218566 0.000246038 -0.00720112 
0.000138682 0.00030819 -0.00707449 0.000425998 0.000359035 -0.00726975 -0.000737551 0.000419955 -0.00730872 
-0.000173967 0.000503899 -0.00736246 7.10279e-06 0.000541333 -0.00741944 0.000562876 0.000478033 -0.00731457 
-0.000503266 0.000626865 -0.00725689 -8.3381e-05 0.00060495 -0.0073036 0.000492392 0.000669061 -0.00730208 
0.000563997 0.00059176 -0.00730114 0.000923538 0.000566601 -0.00729322 0.000433262 0.00083135 -0.0074822 
-0.000142854 -0.000299227 -0.00693552 6.35452e-05 -0.000323075 -0.00692915 -1.66288e-05 -0.000328471 -0.00699329 
-3.30829e-05 -0.000214311 -0.00698719 0.000106035 -0.000319549 -0.00702611 0.000189679 -0.00027318 -0.00695647 
0.000319076 -0.000297382 -0.00717807 0.000904856 -0.000319736 -0.00723808 -0.000319166 -8.97026e-05 -0.00702328 
-0.000247917 -0.00021487 -0.00697916 -0.000165654 -0.000156178 -0.00710439 -0.000189366 -9.34013e-05 -0.00698981 
-8.54388e-05 -0.000129194 -0.00704928 1.87721e-05 -0.000145212 -0.00704876 -1.79704e-05 -8.01407e-05 -0.00697664 
0.000222049 -9.05125e-05 -0.00706369 0.000132022 -0.000136211 -0.00706453 8.40079e-05 -0.000106678 -0.00698021 
0.000198839 -0.000135101 -0.00697638 0.000274626 -0.000183401 -0.00702966 0.000319976 -9.0269e-05 -0.00696624 
0.000997323 -0.000133695 -0.00716314 -0.000331255 -1.93556e-05 -0.00695366 -0.000322489 7.2028e-05 -0.00698836 
-0.00023013 2.30924e-05 -0.00706263 -0.00011268 -3.05196e-05 -0.00709881 -0.000148821 1.11355e-07 -0.00700453 
-1.70458e-05 -5.09614e-05 -0.00707595 1.45799e-05 4.44239e-05 -0.00709102 -4.96361e-05 2.02111e-05 -0.0070135 
5.87205e-05 -1.48144e-05 -0.00701801 0.000234087 1.37486e-05 -0.00706891 0.000133745 4.44212e-05 -0.00706519 
0.000329057 3.1141e-05 -0.00693953 0.00032932 7.18597e-05 -0.00704143 0.000608821 -1.38708e-05 -0.00717532 
-0.000289321 0.000155615 -0.00691048 -0.000271275 0.000191813 -0.00700001 -0.000176769 0.000146971 -0.00709314 
-9.70876e-05 0.000206342 -0.00704627 -0.0001158 9.51865e-05 -0.00701968 -1.74778e-05 0.000143914 -0.00708234 
7.73614e-05 0.000128736 -0.00711147 2.9664e-05 7.87316e-05 -0.00699533 -3.97291e-05 0.000149214 -0.00697465 
0.000167023 0.000149773 -0.00706171 0.000131868 8.54447e-05 -0.00696859 7.91536e-05 0.000166659 -0.00700172 
0.000235976 0.000228112 -0.0070359 0.000280529 0.000177034 -0.00696602 -0.000652933 0.000354777 -0.00721984 
-0.000384506 0.000369188 -0.00713497 -0.000100291 0.000315357 -0.00700143 -0.000174703 0.000277676 -0.00705608 
7.25082e-06 0.000231209 -0.00703018 2.13045e-05 0.000334789 -0.00700895 0.000106476 0.000311811 -0.00697639 
0.000191574 0.000275764 -0.00691268 0.000327489 0.000303426 -0.00719546 0.000383816 0.00025336 -0.00712681 
0.000607057 0.00028246 -0.00715315 -0.00027745 0.000647757 -0.00722487 8.67261e-05 0.000757727 -0.00708425 
0.000264659 0.000700764 -0.00714525 -0.000371394 0.000739547 -0.00722151 -0.000179106 0.000781074 -0.00719011 
2.54812e-05 0.000896833 -0.0072215 0.000164302 0.000918545 -0.00724475 -0.000763289 -0.000284397 -0.0069769 
-0.000585517 -0.000357973 -0.00708801 -0.000115667 -0.000307592 -0.00681078 -5.86971e-05 -0.000326964 -0.00689667 
5.77369e-05 -0.000322925 -0.00682184 0.000183126 -0.000279404 -0.00683274 -0.000887476 -9.04974e-05 -0.00701407 
-0.000558165 -0.0001724 -0.00715023 -0.0002981 -0.000145788 -0.00690558 -0.000269442 -0.000192487 -0.00676916 
-0.000251936 -0.000217487 -0.00686934 -0.000308782 -0.000122876 -0.00680759 -0.000148612 -0.0001923 -0.00696771 
-0.000103003 -0.000109092 -0.0069299 6.71238e-05 -0.000228827 -0.0069897 -5.71835e-05 -0.000226766 -0.0068903 
2.72362e-05 -0.000122793 -0.00689647 5.25809e-05 -0.000223306 -0.00683504 0.000146041 -0.000175753 -0.00685807 
0.000213665 -0.000101866 -0.00687973 0.000246025 -0.00022028 -0.00690063 0.000312962 -0.00011686 -0.00685791 
0.000638588 -0.00017225 -0.00704491 -0.000330721 -2.92269e-05 -0.0067831 -0.000322809 5.77734e-05 -0.00686845 
-0.00023029 -7.12032e-05 -0.00689779 -0.000204243 2.61125e-05 -0.00687712 -8.72244e-05 -1.00913e-05 -0.00692348 
2.60917e-05 9.05754e-06 -0.00690932 -3.3614e-05 -5.91827e-05 -0.00684532 -5.10834e-05 4.92474e-05 -0.00684594 
0.000132053 -2.10405e-05 -0.00695002 0.000149865 4.54558e-05 -0.00687767 0.000124715 -5.26913e-05 -0.00685418 
0.000231065 -3.64174e-05 -0.00697987 0.000332111 -2.48456e-05 -0.0068367 -0.00027406 0.000188431 -0.00681762 
-0.000386006 0.000210457 -0.00696567 -0.00022122 8.88044e-05 -0.00697313 -0.000107414 9.35946e-05 -0.00691994 
-0.000128476 0.000195565 -0.00691241 -0.000206481 0.0001147 -0.00681666 3.1858e-05 0.000223873 -0.0069269 
-2.89079e-05 0.000159429 -0.0068708 0.000221877 9.8503e-05 -0.00692453 0.000155679 0.000179054 -0.00693579 
7.59285e-05 0.000120816 -0.00688173 0.000289865 0.000164085 -0.0068704 0.000252125 0.00022222 -0.00676598 
-0.000229197 0.000239931 -0.00689045 -0.000184092 0.000276437 -0.00680236 -9.84404e-05 0.000315761 -0.006835 
5.4936e-05 0.000327127 -0.00680085 -8.68675e-06 0.000332059 -0.00687757 0.000147238 0.000297557 -0.00681163 
-0.000520094 0.000419923 -0.00700963 0.000436934 0.000480933 -0.0070847 0.00040122 0.000690764 -0.00700163 
0.000299866 0.00060184 -0.00699091 -0.000238986 -0.00072963 -0.00686438 -0.000205829 -0.000260304 -0.00674095 
-8.25884e-05 -0.000320377 -0.00663843 -0.000198132 -0.00026599 -0.00664148 3.86821e-05 -0.000329694 -0.00662094 
-2.56664e-05 -0.000329093 -0.00673498 2.12252e-05 -0.000233207 -0.00672802 0.000132459 -0.000302654 -0.00673259 
0.000138933 -0.000300375 -0.00663425 -0.000297633 -0.000148643 -0.00668147 -0.000205616 -0.000119303 -0.00671738 
-0.000118956 -7.41716e-05 -0.00678644 -6.38658e-05 -0.000181756 -0.00679082 6.66836e-05 -0.000129308 -0.00680006 
-6.58674e-05 -0.000203297 -0.00668722 -9.55551e-06 -0.000122097 -0.00672257 0.000159392 -0.00017069 -0.00674851 
0.000253779 -0.000213079 -0.00674983 0.000288203 -0.000168428 -0.00666533 0.000304479 -0.000134753 -0.00675834 
-0.000323176 5.74581e-05 -0.006736 -0.000332982 -4.98975e-05 -0.00667676 -0.000225272 -3.85916e-05 -0.00678022 
-0.000125073 6.45032e-05 -0.00677875 -0.000231704 4.91865e-05 -0.00669318 2.77157e-05 -3.6551e-05 -0.00676968 
-6.71876e-05 -3.21939e-06 -0.00673266 4.92179e-05 4.20557e-05 -0.00671053 0.000104019 7.59655e-05 -0.00678938 
0.000224578 -1.94761e-05 -0.0068122 0.000211845 5.37832e-05 -0.00672863 0.000135118 -6.57328e-05 -0.00675551 
0.000327569 -5.20634e-05 -0.00664965 0.000330502 -2.71951e-05 -0.00674154 -0.000290804 0.000152527 -0.00661195 
-0.000289121 0.000155903 -0.00671425 -0.000152567 0.000175818 -0.00672461 -0.00013203 7.80247e-05 -0.00667867 
-1.00439e-05 0.000107102 -0.0067736 -4.87956e-05 0.000172756 -0.00667611 6.53312e-05 0.000171148 -0.00667849 
0.000186278 0.000138079 -0.00682961 0.000113203 0.000176406 -0.0067682 0.000313959 0.000110283 -0.00675689 
0.000321336 9.08606e-05 -0.00665059 0.000278781 0.000180834 -0.00666818 -0.000150606 0.000299429 -0.00668538 
-0.000227946 0.000241212 -0.00671977 2.63108e-05 0.000218794 -0.00679533 -2.77178e-05 0.000327528 -0.00675073 
5.67023e-05 0.00032431 -0.00664026 -7.59285e-05 0.000226271 -0.0067794 0.000167132 0.00028782 -0.00671498 
-0.000750224 0.000564371 -0.00686043 9.98716e-05 0.000605668 -0.0068164 0.000624707 0.00061937 -0.00691722 
-0.000533963 0.000728648 -0.00683009 -0.000205844 0.000753796 -0.00690227 -0.000446566 -0.000435953 -0.00670812 
-0.000549171 -0.000267089 -0.00675195 -0.000138803 -0.00030112 -0.00655819 -1.7488e-05 -0.000328248 -0.00653843 
8.39905e-05 -0.000320901 -0.00646152 0.000187371 -0.000271994 -0.00648462 0.000236455 -0.000231401 -0.00660197 
-0.000246007 -0.000223129 -0.00653717 -0.000298115 -0.000147697 -0.00649929 -0.000187603 -0.000130382 -0.00660878 
-9.68e-05 -0.000171319 -0.00658759 8.26777e-05 -0.000164242 -0.00668169 -8.57879e-07 -0.000230174 -0.0065897 
1.49421e-05 -0.000124327 -0.0066136 0.000167022 -0.000157128 -0.00661697 0.00029282 -0.000156031 -0.00654915 
-0.000324297 -7.42988e-05 -0.00657321 -0.000324016 5.13827e-05 -0.00656984 -0.000107936 -7.16696e-05 -0.00666664 
-0.000236248 -5.05068e-05 -0.00665076 -0.000115945 1.1125e-05 -0.00659964 -3.50997e-05 6.03027e-05 -0.00665769 
-3.78205e-06 -3.75851e-05 -0.00666305 -6.98629e-05 -6.57578e-05 -0.00655207 -1.55854e-05 2.06391e-05 -0.00656703 
0.000229577 -7.39378e-05 -0.00665271 0.00018917 3.99882e-05 -0.00662838 0.0001034 -4.42281e-05 -0.00664637 
0.000230613 -5.87393e-05 -0.00654955 0.000115045 5.94166e-06 -0.0065563 0.000329498 -3.65998e-05 -0.00653683 
0.000325755 5.91535e-05 -0.00650422 -0.000644986 9.24224e-05 -0.00667327 -0.000269086 0.000196016 -0.00650739 
-0.000209621 0.000117122 -0.00656576 -0.000135163 0.000175072 -0.00651303 -8.87795e-05 0.000103837 -0.00656754 
5.2569e-06 0.00013325 -0.00659734 0.000184908 0.000146773 -0.00670264 8.36165e-05 7.60636e-05 -0.00662292 
0.00015181 0.000168207 -0.00658208 0.000273179 0.000181592 -0.00648146 0.000249899 0.000221058 -0.00657006 
3.801e-05 0.000404424 0.00284724 -0.000228936 0.000240173 -0.00659893 -9.70551e-05 0.000315971 -0.0065359 
-0.000186001 0.000275147 -0.0065157 -8.57961e-06 0.000332483 -0.00649482 -2.57486e-05 0.000327425 -0.00659986 
2.45203e-05 0.00023105 -0.00660395 0.000104502 0.00031613 -0.00650465 0.000181403 0.000277091 -0.00655482 
0.000379108 0.000514985 -0.00670762 0.000777499 0.00041982 -0.00678342 -0.000127373 0.000687643 -0.00676489 
-8.27179e-05 -0.000320959 -0.00645672 -9.35574e-05 -0.000318973 -0.00631688 -0.000143066 -0.000297874 -0.00639785 
-0.000203913 -0.000261649 -0.0063286 -9.14238e-06 -0.000332242 -0.00638437 0.000135939 -0.000298393 -0.00638009 
0.000243322 -0.000230883 -0.00636306 -0.000264472 -0.000196923 -0.00642611 -0.000297619 -0.000149349 -0.0063414 
-0.000318782 -8.88576e-05 -0.00643073 -0.00013366 -0.000195319 -0.00646928 -5.04551e-05 -0.000108186 -0.00644561 
1.18109e-05 -0.000152746 -0.0065168 0.000165508 -0.000166334 -0.00647624 7.85893e-05 -0.000182913 -0.00640344 
0.000131963 -7.19349e-05 -0.00648806 0.000267848 -0.000194674 -0.00645607 0.000297541 -0.000156869 -0.00637165 
-0.000887636 -3.30185e-05 -0.0065038 -0.00033135 2.41423e-05 -0.00644521 -0.000323389 6.28968e-05 -0.00635339 
-0.000330246 -3.31589e-05 -0.00631129 -0.000213367 -6.64264e-05 -0.00646152 -0.000211349 -2.39161e-05 -0.00655488 
-0.000119925 -2.9182e-05 -0.00646868 2.55233e-05 -4.85228e-05 -0.00650477 0.000176076 5.48926e-05 -0.0064707 
9.30785e-05 1.51483e-05 -0.00642696 0.00022267 -8.64567e-05 -0.00640536 0.000329702 2.92571e-05 -0.00641096 
0.000326228 -6.66647e-05 -0.00643593 -0.000965333 0.000209518 -0.00666909 -0.00050735 0.000142363 -0.00650294 
-0.000239299 0.000229908 -0.00641835 -0.000304204 0.000131174 -0.00642489 -0.000148455 8.62829e-05 -0.00644826 
-3.42949e-05 0.000189919 -0.00647459 -3.3419e-05 6.95162e-05 -0.00646064 5.46943e-05 0.000111501 -0.00642594 
8.04879e-05 0.000106257 -0.00652579 0.000147797 0.000148544 -0.00645013 0.000234551 0.000230656 -0.00635124 
0.000295016 0.000158406 -0.00636863 0.000607427 0.000145829 -0.0066365 -0.000361917 0.000268992 -0.00657628 
-9.41674e-05 0.000316496 -0.00640762 -0.000174351 0.000277886 -0.00633837 6.46486e-05 0.000230271 -0.00646211 
1.07206e-05 0.000336208 -0.00634513 0.000196046 0.000263411 -0.00645019 0.000146683 0.000290932 -0.00635337 
-0.000907496 0.000469999 -0.00659465 0.000598167 0.00048513 -0.0067083 0.000498757 0.000631716 -0.00651553 
-0.000993923 0.000918328 -0.00653709 -0.000725485 0.000924541 -0.00661855 0.000884428 -0.000368722 0.00329785 
-0.000543131 -0.000740639 -0.00651321 -0.000667036 -0.000584681 -0.00644533 -5.65854e-05 -0.000659534 -0.00642932 
-0.000193216 -0.00026976 -0.00622999 -8.32912e-05 -0.00032013 -0.00622251 5.75624e-05 -0.000322931 -0.00621026 
0.000188021 -0.000273772 -0.00616808 0.000110755 -0.000312296 -0.00629245 0.000192239 -0.000270492 -0.00628802 
-0.000298135 -0.000148033 -0.00622368 -0.000164166 -0.000151806 -0.00634827 -7.458e-05 -9.91895e-05 -0.00630432 
6.69197e-06 -0.000226754 -0.00625384 -7.03736e-05 -0.000193925 -0.00638232 1.91625e-05 -9.67693e-05 -0.00637076 
0.000161391 -0.000164858 -0.00634861 0.000119766 -7.17476e-05 -0.00636357 0.000182676 -0.000125465 -0.00624883 
8.25784e-05 -0.000164783 -0.00627485 0.000290521 -0.000160597 -0.00621398 -0.000976736 6.32874e-05 -0.00648361 
-0.000563765 5.6676e-05 -0.00647593 -0.000326384 5.27018e-05 -0.00624939 -0.000331198 -2.00002e-05 -0.00615964 
-0.000203514 -4.87367e-05 -0.00636089 -0.000217903 4.18003e-05 -0.00630405 -0.000106203 -1.34441e-05 -0.00636302 
-1.12452e-05 2.52269e-06 -0.0063899 5.96698e-05 -5.60104e-05 -0.00628502 -3.08019e-05 -6.67864e-06 -0.00627342 
0.000129727 1.86038e-05 -0.00630045 0.000330215 -2.76655e-05 -0.00627013 0.000216025 9.40433e-07 -0.00634835 
0.000240562 1.2071e-05 -0.00624156 -0.000713222 0.000160812 -0.00643162 -0.000298987 0.000138851 -0.00616882 
-0.000291111 0.000151875 -0.00627845 -0.000247944 0.000221419 -0.00619206 -0.000204281 0.000128727 -0.0063651 
-8.33652e-05 8.93906e-05 -0.00630492 -0.000142203 0.00018883 -0.00625811 -6.03733e-05 0.000177706 -0.00637032 
1.27168e-05 0.000127812 -0.00630778 3.6032e-05 0.00022531 -0.00635387 -3.96261e-05 0.000233232 -0.00628599 
7.32788e-05 0.000224949 -0.00621642 0.00019569 0.000102838 -0.00637307 0.00011893 0.000168013 -0.00634839 
0.000187409 0.000114859 -0.00627421 0.000319448 8.73381e-05 -0.00626623 0.000270297 0.000196371 -0.00628417 
-0.000169366 0.000280909 -0.00619748 -8.87619e-05 0.000317342 -0.00615684 -0.000102388 0.000314333 -0.00627974 
4.97751e-05 0.000327936 -0.00616094 7.64089e-05 0.000326701 -0.00625375 -1.83584e-05 0.000327613 -0.00623379 
0.000181322 0.000277368 -0.00624582 0.000232259 0.000232703 -0.00618407 -0.000138186 0.000484973 -0.00644514 
-0.000747178 0.000617606 -0.00647268 -0.000880427 0.000819228 -0.00644339 -0.000131038 0.000762192 -0.00648972 
4.30721e-05 -0.000831039 -0.0063184 -0.00040741 -0.000451813 -0.00634744 -0.000148004 -0.000296599 -0.0060447 
6.67466e-05 -0.000322123 -0.00604948 -3.54083e-05 -0.000329809 -0.00609994 0.000109855 -0.000309355 -0.00612923 
0.000220169 -0.000250207 -0.00605371 -0.000268166 -0.000192675 -0.00608455 -0.000319085 -8.7277e-05 -0.00604644 
-0.000190558 -0.000103676 -0.00623906 -8.83197e-05 -0.000195069 -0.0062483 -0.000159564 -0.000176953 -0.00612748 
-3.36932e-05 -0.000190851 -0.00615879 1.70046e-05 -0.00012185 -0.00610605 0.000189024 -8.42771e-05 -0.00615356 
9.66681e-05 -9.83435e-05 -0.00619213 9.38696e-05 -0.000185545 -0.00612265 0.000268754 -0.000206783 -0.00612801 
0.000309064 -0.000114447 -0.0060923 -0.000960079 5.90684e-05 -0.00628987 -0.000326918 5.18368e-05 -0.00604821 
-0.000229539 -1.40105e-05 -0.0061793 -0.000124097 1.29413e-05 -0.00622459 -0.000223568 6.03294e-05 -0.00610276 
-0.000202474 -4.44703e-05 -0.00608324 -0.000135911 -6.35445e-05 -0.00616016 -0.000124171 4.48768e-05 -0.00612799 
4.90595e-05 2.93012e-05 -0.00622219 -8.86873e-06 -9.52401e-05 -0.00620006 -2.3558e-05 6.12622e-05 -0.00615763 
5.49733e-05 -2.70533e-05 -0.00612674 -4.6153e-05 -3.26471e-05 -0.00611673 0.000145033 3.88459e-06 -0.00618775 
0.000331807 -2.37747e-05 -0.00604701 0.000332561 4.97234e-06 -0.0061426 -0.000242918 0.000225273 -0.00609074 
-0.000197964 0.000112485 -0.00618637 -0.00014685 0.000192444 -0.00613968 8.87397e-05 0.000121881 -0.00621968 
-5.32343e-05 0.000168057 -0.00618617 -7.21966e-05 0.00013605 -0.00607469 4.05645e-05 0.000136964 -0.00612794 
-3.17339e-05 0.000238967 -0.00611009 0.000218623 7.47662e-05 -0.00615546 0.000146656 0.000146133 -0.00613382 
0.000320881 8.15981e-05 -0.00605027 0.000272729 0.00019108 -0.00602705 0.000296117 0.000146111 -0.00614298 
-0.000976473 0.0003607 -0.00637465 -0.000155503 0.000293831 -0.00608698 -6.31952e-06 0.00033209 -0.0060469 
0.000173443 0.000281166 -0.00612785 0.000182861 0.000276554 -0.00602115 -0.000884211 0.000464836 -0.00624807 
-0.000609854 0.000686818 -0.00626212 0.00056987 -0.000757909 0.00309415 -0.000489186 -0.000622213 -0.00616043 
-0.000350173 -0.000661467 -0.00616828 0.000426673 -0.000614783 -0.00613717 -0.000999115 -0.00043424 -0.00606211 
-0.00090066 -0.000325185 -0.00617293 -0.000832714 -0.000266612 -0.00607178 -0.000128645 -0.000306244 -0.00592529 
-0.000204122 -0.000261457 -0.00586607 4.69596e-05 -0.000328636 -0.00589493 -3.75442e-05 -0.000329754 -0.00600011 
0.000139554 -0.000300041 -0.00588117 0.000185846 -0.000274282 -0.00595716 -0.000289296 -0.000169214 -0.00587859 
-0.000266692 -0.000194617 -0.00598524 -0.00031641 -0.000100743 -0.00594744 -0.000170456 -0.000135324 -0.00603373 
-0.000127091 -0.000197593 -0.0059299 -6.34814e-05 -0.000225601 -0.00603052 -6.28622e-05 -0.000122869 -0.00604202 
4.5877e-05 -0.000207696 -0.00603731 5.2532e-07 -0.000127581 -0.00595831 0.000193795 -0.000150544 -0.00602704 
0.000133637 -0.000195957 -0.00591838 0.000303807 -0.00014356 -0.00596491 0.000301827 -0.000143635 -0.00586614 
-0.00067135 -3.49339e-05 -0.00621574 -0.000328506 -6.37388e-06 -0.00589972 -0.000228475 1.9807e-05 -0.00599706 
-0.000127756 -4.49961e-05 -0.00601448 2.172e-05 5.82261e-05 -0.00606687 -5.7982e-05 2.87255e-05 -0.00600496 
1.45753e-05 -4.15207e-05 -0.00602338 0.000126217 -8.77438e-05 -0.00607346 0.000146682 3.50798e-05 -0.00608952 
0.000197582 -2.58854e-05 -0.00596088 9.01679e-05 -8.43092e-05 -0.00597045 0.000154474 5.87221e-05 -0.00592395 
0.000227113 -3.72819e-05 -0.00606081 0.000331607 -6.01326e-07 -0.00590273 -0.000269028 0.000192008 -0.00598017 
-0.000306976 0.000128486 -0.00586358 -0.000317097 0.000112427 -0.00596624 -0.000183626 0.000142389 -0.00604286 
-8.04095e-05 0.000217873 -0.00597737 -0.000213407 0.000102244 -0.00592873 -0.000114185 0.000107408 -0.00597385 
4.9524e-05 0.000213947 -0.00605519 3.04702e-06 0.000133919 -0.00599861 0.000108779 0.000121724 -0.00603746 
0.000222547 9.26978e-05 -0.00601218 0.000167233 0.000154766 -0.00595159 0.000283785 0.000164996 -0.00588447 
0.000320429 9.08337e-05 -0.00594766 0.000437204 7.94893e-05 -0.00616957 -9.43852e-05 0.00031676 -0.0059842 
-0.000205972 0.000262753 -0.00588949 -7.68607e-06 0.000331982 -0.00594592 -5.63716e-05 0.000331946 -0.00586072 
7.66872e-05 0.000323154 -0.00599682 6.15158e-06 0.000218749 -0.00592288 0.000184765 0.000277421 -0.00592227 
0.00025849 0.000441779 -0.00614845 0.000403711 0.000398895 -0.00613655 -0.000166742 -0.00072682 -0.00593858 
0.000589781 -0.000571301 -0.00592729 -0.000598441 -0.000246831 -0.00597022 -8.126e-05 -0.000320165 -0.00583841 
-9.3191e-05 -0.000319339 -0.00572011 -0.000181235 -0.000283783 -0.00575579 -1.84552e-05 -0.000328031 -0.00576547 
3.07378e-05 -0.00022241 -0.00589553 0.000223535 -0.000245658 -0.00571489 0.00023067 -0.000242148 -0.00583144 
0.000129525 -0.000303438 -0.0057815 0.000250707 -0.000368775 -0.00592109 -0.000252724 -0.000214189 -0.00579123 
-0.000316338 -0.000101444 -0.00573313 -0.00032119 -8.2682e-05 -0.00583759 -0.00021806 -8.53888e-05 -0.00581578 
-0.000110812 -0.00021716 -0.00580962 -1.34443e-05 -0.000129502 -0.00577831 6.72588e-05 -0.000223791 -0.00578785 
0.000202302 -0.000120754 -0.00591398 0.000182147 -0.00015483 -0.00582083 7.5951e-05 -0.000127977 -0.00587069 
0.000306805 -0.000132583 -0.00575893 -0.000321846 7.26854e-05 -0.00578203 -0.000223546 1.93914e-05 -0.00577239 
-0.000225768 4.03657e-06 -0.00587212 -0.000128007 9.72905e-06 -0.00585015 -0.000114224 -8.49304e-05 -0.0059162 
-0.00011644 -8.73369e-05 -0.00580442 -8.24995e-06 9.28633e-06 -0.00591537 -2.41213e-05 -7.99939e-05 -0.00586642 
5.44722e-05 -3.52792e-05 -0.00578887 -1.82059e-05 2.92332e-05 -0.00581573 0.000126742 -3.97818e-05 -0.00587743 
0.000233941 -3.23827e-05 -0.00585155 0.000170534 -1.96033e-05 -0.00576344 0.000329773 -2.88673e-05 -0.00581191 
0.000326918 5.44056e-05 -0.00573654 -0.000285444 0.000178659 -0.00577956 -0.00013372 0.000115201 -0.00585795 
-8.12078e-05 0.000220046 -0.0058659 5.34096e-05 8.82041e-05 -0.00591413 7.43081e-05 0.000208077 -0.00578367 
-3.42093e-05 0.000131714 -0.00587206 6.31794e-05 0.000108492 -0.00580581 0.000108532 0.000184933 -0.00587484 
0.000204485 8.13552e-05 -0.00583692 0.000171712 0.000159413 -0.00575919 0.000263227 0.000202613 -0.00574589 
-0.000379167 0.000312646 -0.00603472 -0.000142854 0.000299697 -0.00582873 -0.000205716 0.000261467 -0.00576606 
-5.11268e-05 0.00033241 -0.00573583 6.94533e-05 0.000323528 -0.0057181 0.000171813 0.000277396 -0.00570903 
0.000117335 0.000308025 -0.0058168 0.00021659 0.000246131 -0.00582245 -0.000689881 0.000640921 -0.00596473 
0.000936538 0.000756557 -0.00596919 -0.000937849 -0.000870037 0.00332629 -0.000449976 0.000882333 -0.00597991 
0.000490501 0.000904108 -0.00595519 -0.000942623 -0.000964204 -0.005786 -0.00023144 -0.000998621 -0.00588413 
0.000540871 -0.000844216 -0.00587209 -4.80261e-05 -0.000669903 -0.00583342 -0.000230042 -0.000239219 -0.00567057 
-8.92817e-05 -0.000319382 -0.00561469 5.68966e-05 -0.000323001 -0.00569448 4.26592e-05 -0.000329078 -0.0055962 
-3.68588e-05 -0.00023249 -0.00571186 0.000137819 -0.000301277 -0.00559172 0.000342535 -0.000368088 -0.00585951 
-0.000735884 -0.00012926 -0.00583367 -0.000408032 -0.000216882 -0.005894 -0.000304209 -0.000129219 -0.00563137 
-0.000177483 -0.000151375 -0.00574902 -0.000123449 -0.000191923 -0.0056713 7.07551e-05 -0.000106815 -0.00572066 
-3.44573e-05 -0.00013279 -0.00567395 0.000169571 -0.000111737 -0.00568938 7.3233e-05 -0.000223287 -0.00567737 
0.000319656 -8.60757e-05 -0.00564336 0.000278934 -0.00018462 -0.00566415 0.000241596 -0.000227593 -0.00557468 
-0.000331533 -1.44356e-05 -0.00568631 -0.000321728 7.60535e-05 -0.00562841 -0.000331603 -1.36798e-05 -0.00558634 
-0.000213909 4.56117e-05 -0.0056757 -0.000128819 3.02599e-05 -0.00573753 -0.000229021 -6.11239e-05 -0.00570639 
-0.000131075 -5.08648e-05 -0.00567069 -5.22764e-05 -4.68725e-05 -0.00573633 1.76547e-05 3.24882e-05 -0.00571979 
-6.69546e-05 1.42925e-05 -0.0056298 1.28988e-05 -5.0866e-05 -0.00562917 0.000117716 5.84819e-05 -0.00572992 
0.000125368 -2.32313e-05 -0.00564756 0.000232955 3.83191e-05 -0.00570631 0.000336427 1.01761e-05 -0.00565114 
-0.000282616 0.000180652 -0.00567493 -0.000174522 0.000124118 -0.00573411 -0.000124628 0.000203582 -0.0056968 
-7.10369e-05 0.000111063 -0.00577908 -8.7835e-05 0.000101882 -0.0056761 -5.35743e-05 0.000225297 -0.00576923 
2.16704e-06 0.00014116 -0.00571735 8.29599e-05 0.000224199 -0.00568352 -2.90272e-05 0.000236271 -0.00565909 
0.000173734 9.11804e-05 -0.00563486 0.000144773 0.000185628 -0.00560119 7.68022e-05 0.000115395 -0.00565539 
0.00031658 8.73543e-05 -0.00559555 0.000236454 0.00022762 -0.0056029 0.000292689 0.00015272 -0.00566466 
-9.04904e-05 0.000316314 -0.0056417 -0.000206163 0.000261632 -0.00566457 -0.000227798 0.000241228 -0.0055706 
-2.95181e-05 0.000329305 -0.0055523 7.71891e-05 0.000323127 -0.00561843 0.000174579 0.00028142 -0.00556251 
-0.000779511 -0.000392531 0.00327706 -0.000944515 -0.00066213 -0.00565279 -0.000536538 -0.000592239 -0.00569966 
-0.000385265 -0.000331388 -0.00575124 -0.00046979 -0.000238807 -0.00573484 -0.00021394 -0.000248575 -0.00551795 
-0.000136148 -0.000302593 -0.00545412 -0.000224711 -0.000243487 -0.00541582 -4.30976e-05 -0.000329234 -0.00552668 
5.10196e-05 -0.000321921 -0.00549056 -3.66833e-05 -0.000329699 -0.00541919 0.000222536 -0.000253294 -0.00542688 
0.000180243 -0.000275592 -0.00550852 0.000129096 -0.000303761 -0.00540385 -0.000276563 -0.000178754 -0.00548189 
-0.00031697 -0.000114095 -0.00541001 -0.000320407 -8.53656e-05 -0.00550564 -0.000196633 -0.000137526 -0.0056008 
-0.000118834 -0.000205643 -0.00553715 -9.53941e-05 -0.000112366 -0.00558855 -0.000183983 -0.000141253 -0.00547571 
-4.19404e-05 -0.000230787 -0.00560166 0.000106058 -0.000202333 -0.00550429 6.98748e-05 -0.000155237 -0.00560239 
-1.58948e-05 -0.000208514 -0.00549623 1.67041e-05 -0.000110216 -0.00552444 -8.29413e-05 -9.37997e-05 -0.005472 
0.000173892 -0.000155358 -0.0055995 0.000211989 -8.42445e-05 -0.00550996 0.000182953 -0.000154194 -0.00544159 
0.000294317 -0.000161604 -0.00542235 0.000316885 -9.77175e-05 -0.00550374 -0.000330907 3.10329e-05 -0.00549691 
-0.000232696 -4.55774e-05 -0.00558444 -0.0002317 4.23318e-05 -0.0054825 -0.000169905 6.48012e-05 -0.00558524 
-0.000142122 -3.77291e-05 -0.00554015 -0.000129828 3.68018e-05 -0.00547451 2.47986e-05 4.05957e-05 -0.00558607 
-4.26906e-05 -2.33935e-05 -0.00553687 -2.7204e-05 5.60161e-05 -0.00547684 4.57268e-05 -1.68738e-05 -0.00548083 
0.000119811 5.59297e-05 -0.005557 0.000109048 -7.73639e-05 -0.0055538 0.00032822 3.43184e-05 -0.00549742 
0.000329878 -3.27359e-05 -0.00540623 0.000222269 -2.4356e-05 -0.00559049 0.000234286 1.56083e-05 -0.00546584 
-0.000268202 0.000196268 -0.00548732 -0.000309727 0.000124809 -0.00553736 -0.000307033 0.000129321 -0.00542208 
-0.000148714 0.000176214 -0.00559896 -8.32395e-05 0.000220176 -0.00550667 -0.000181975 0.000129245 -0.00549243 
-9.35026e-05 0.000109579 -0.00553807 -1.53606e-05 0.000163511 -0.00558377 7.53917e-05 0.00022995 -0.00554287 
0.000178976 0.000164437 -0.0055018 6.89415e-05 8.49667e-05 -0.0054727 0.000280423 0.0001779 -0.00549315 
-8.72592e-05 0.000317832 -0.00545384 -0.000160624 0.000286919 -0.00550175 6.90936e-05 0.00032444 -0.00546463 
7.7642e-06 0.000245076 -0.00546876 0.000181032 0.000282296 -0.00546353 -0.000850128 0.000518468 -0.00571036 
0.000192882 0.000513266 -0.00556672 0.000509047 0.000792747 -0.0056294 -0.000696694 -0.000910886 -0.00550864 
0.000195622 -0.000738834 -0.00556953 0.000552133 -0.000889451 -0.00556216 -0.00062466 -0.000685435 -0.0055525 
-0.000674615 -0.000555683 -0.00563186 0.000888995 -0.000583227 -0.00557563 -0.000231574 -0.000235683 -0.00528318 
-0.000145059 -0.000297601 -0.00532794 -4.25032e-05 -0.000329236 -0.00527032 3.30757e-05 -0.000330229 -0.00534756 
0.000126427 -0.000303082 -0.00529399 0.000191184 -0.000272829 -0.00533553 -0.000318503 -9.31722e-05 -0.00527903 
-0.000280772 -0.000170831 -0.00532839 -0.000117505 -0.000199774 -0.00542523 -0.000182208 -0.000143215 -0.00536947 
-0.000126844 -0.000199609 -0.00530174 9.24438e-05 -0.00020695 -0.00540247 -2.65942e-05 -0.000214268 -0.00538102 
1.00255e-05 -0.000120219 -0.00541503 6.94385e-05 -0.000216599 -0.0052993 -6.58522e-05 -0.000123021 -0.00534464 
0.000102458 -9.50465e-05 -0.00545268 0.000221932 -8.39316e-05 -0.00535531 0.000160167 -0.000178557 -0.0053234 
0.000271543 -0.000189249 -0.00530544 0.000315706 -9.91363e-05 -0.0053022 -0.000328534 8.57756e-06 -0.0053621 
-0.000330652 3.57874e-05 -0.0052588 -0.000229921 1.6282e-05 -0.00533949 -0.00023923 -4.69382e-05 -0.00541989 
-0.000139145 -3.51147e-05 -0.00540292 -0.000135143 5.08575e-05 -0.00535188 -3.52253e-05 -2.24517e-05 -0.00541406 
5.1164e-05 2.55845e-05 -0.00538333 -3.79955e-05 3.51275e-05 -0.00532892 0.000135807 1.42605e-05 -0.00544872 
0.000132237 -3.61882e-05 -0.00536213 0.00033256 5.03572e-06 -0.00529353 0.000329645 6.65562e-05 -0.00539803 
0.000241405 3.96639e-05 -0.00533963 0.00070211 7.60387e-05 -0.00550394 -0.000620217 0.000204281 -0.00561303 
-0.000267095 0.000198099 -0.00526714 -0.000307386 0.000129272 -0.00532328 -0.000252893 0.000216244 -0.00538996 
-0.000213923 0.000105145 -0.00538868 -9.36971e-05 0.000119159 -0.00541303 -0.000156568 0.000176903 -0.00534799 
-1.87476e-06 0.000149724 -0.00544031 6.24361e-05 0.000235212 -0.00537777 -1.50241e-05 0.000132644 -0.00533503 
0.000147115 0.000182244 -0.00540139 0.000215022 0.000104666 -0.00541464 8.19252e-05 0.000106435 -0.00532703 
0.000290076 0.000169182 -0.0053982 0.000241542 0.000228309 -0.00527093 0.00030386 0.000120211 -0.00530391 
-0.000345315 0.00028286 -0.00560558 -0.000154581 0.00029148 -0.00533943 -5.73536e-05 0.000327563 -0.00535679 
4.29547e-05 0.000329749 -0.0053477 -3.72037e-05 0.000229611 -0.00535543 0.000155953 0.000296138 -0.00536839 
0.000229472 0.000236474 -0.00537315 0.000176233 0.00028034 -0.00527804 6.70081e-05 0.00051193 -0.00558485 
0.000978931 0.000450572 -0.00561108 0.000690775 1.7297e-05 0.00272362 -0.000386131 -0.000789313 -0.00543553 
0.000322093 -0.000767521 -0.00544013 -0.000786356 -0.000640827 -0.00539755 -0.000381751 -0.000238788 -0.00533374 
-9.14463e-05 -0.000318771 -0.00518439 -0.000191539 -0.000270285 -0.00517814 4.28723e-05 -0.000329115 -0.00515164 
-3.50457e-05 -0.000228335 -0.00525738 2.18566e-06 -0.000230792 -0.00516419 0.000124965 -0.00030437 -0.00519922 
0.000191467 -0.000273684 -0.00520071 -0.00025397 -0.000207815 -0.00519585 -0.000322183 -7.84155e-05 -0.00517963 
-0.000215346 -9.43404e-05 -0.00528495 -0.00016787 -0.00014806 -0.00521433 -0.000102297 -0.000215768 -0.00518097 
-7.27643e-05 -0.000110322 -0.0052414 2.22478e-05 -0.000145512 -0.00524644 8.37143e-06 -7.32073e-05 -0.0051781 
0.000173376 -0.00014644 -0.00522968 8.50431e-05 -0.000112346 -0.00531687 9.43643e-05 -0.000205061 -0.00519424 
0.000270491 -0.000184276 -0.00511987 0.000291924 -0.000162012 -0.00522209 0.00032153 -9.28375e-05 -0.00509924 
-0.00079347 -6.44748e-05 -0.00529401 -0.000601712 -7.82328e-05 -0.00535549 -0.000330331 2.30278e-05 -0.00512113 
-0.000223398 -7.2904e-05 -0.00516157 -0.00012557 -4.63612e-05 -0.00530161 -0.000237086 -4.12829e-06 -0.00523738 
-0.000146567 3.81987e-05 -0.00523416 -0.000127009 -4.98348e-05 -0.00518162 1.80381e-06 -5.50367e-05 -0.0053081 
4.38442e-05 3.26168e-05 -0.00526743 -5.64213e-05 -8.08164e-06 -0.00524033 -8.92192e-06 6.2934e-05 -0.00517941 
0.000149961 3.87591e-05 -0.0052984 9.60401e-05 -6.22691e-05 -0.00522845 0.00022839 -8.65018e-05 -0.00516697 
0.000130937 2.86446e-05 -0.00520042 0.000234059 -1.54935e-05 -0.00525125 0.000328951 3.4765e-05 -0.00511143 
0.000328684 -5.46496e-05 -0.00519708 0.000600469 -4.17277e-05 -0.00534121 -0.000315679 9.28176e-05 -0.00518534 
-0.000265386 0.000201278 -0.0051624 -0.000215423 0.0001041 -0.00528871 -0.000164168 0.000175079 -0.00524039 
-8.20249e-05 0.000114808 -0.0052514 -0.000210878 0.000116846 -0.00516198 -7.48899e-05 0.000214553 -0.00526209 
3.28194e-05 0.000133369 -0.00523865 4.18268e-05 0.000224476 -0.00527985 -8.34331e-05 0.000200354 -0.00516024 
0.000134258 0.000186293 -0.0052886 0.00021831 7.92004e-05 -0.00521224 8.04289e-05 0.000221234 -0.00518599 
0.000133513 0.00013134 -0.00519436 0.000283555 0.000173978 -0.00520255 0.000320867 8.64489e-05 -0.00521354 
-0.000185646 0.000275491 -0.00513902 -9.89744e-05 0.000315404 -0.00523901 -9.29315e-05 0.00031721 -0.00511797 
-0.000185575 0.000275599 -0.00524192 6.33463e-05 0.000323478 -0.00524998 3.96575e-05 0.000330944 -0.00515507 
0.000223921 0.000242373 -0.0051118 0.000138373 0.000306793 -0.00517354 -0.00068959 0.00045101 -0.00528331 
-0.000476377 0.000414141 -0.00542969 0.000274392 0.000642907 -0.00545509 0.000394898 0.000724385 -0.00541389 
-5.57573e-05 -0.000817014 0.00281131 0.00013214 -0.000881352 -0.00522351 -0.00057586 -0.000828733 -0.00521493 
0.000481073 -0.000796442 -0.00520519 0.00058767 -0.000863869 -0.0052608 -0.000928567 -0.00068314 -0.00522459 
-0.000214079 -0.000248489 -0.00508496 -9.47522e-05 -0.000318154 -0.00497927 3.41719e-05 -0.000330052 -0.00495262 
-6.20877e-05 -0.00033208 -0.00507468 4.82401e-05 -0.000328372 -0.0050515 0.000186043 -0.000275414 -0.00504061 
0.000125482 -0.000304348 -0.00497788 0.00023469 -0.000235388 -0.00497165 0.000311609 -0.000373083 -0.00523194 
-0.000299981 -0.000149468 -0.00497083 -0.000299984 -0.000144492 -0.00506898 -0.000176641 -0.000145379 -0.00511062 
-0.000113755 -0.000215361 -0.00507653 -0.000174045 -0.000146661 -0.00499879 -1.63781e-05 -0.000235494 -0.00506311 
7.64596e-05 -0.000120171 -0.00511902 -4.67362e-05 -0.000137014 -0.00509158 0.000172468 -0.000163066 -0.00508617 
8.27561e-05 -0.000223325 -0.00509145 0.0001189 -0.000202148 -0.00498791 9.96086e-05 -0.000102716 -0.00501932 
0.000277801 -0.000174986 -0.0050207 0.000612801 -9.41372e-05 -0.00517576 -0.000442183 6.78521e-05 -0.00525808 
-0.000331857 -8.36097e-06 -0.00502851 -0.000231083 -7.31662e-05 -0.00505454 -0.000238529 1.45432e-05 -0.00499958 
-0.000224449 2.23918e-05 -0.00513075 -0.000144054 2.55428e-05 -0.00507048 -0.000119068 -7.22424e-05 -0.00506638 
6.02047e-05 2.57805e-06 -0.0051346 -5.20054e-05 -1.63274e-05 -0.00512072 -1.3028e-05 5.21224e-05 -0.00505829 
1.53915e-05 -6.14124e-05 -0.00506084 0.000152453 -5.37383e-05 -0.00511072 0.000223601 1.00443e-05 -0.00514024 
0.000134725 3.49797e-05 -0.00506339 0.000230325 6.43416e-05 -0.00501121 0.000331165 2.81099e-05 -0.00501201 
0.000240276 -4.81116e-05 -0.00505578 -0.000268559 0.000196085 -0.0049801 -0.000300754 0.000136602 -0.00508478 
-0.000158999 0.000174341 -0.00509737 -0.000103546 8.55547e-05 -0.00514196 -0.000208054 9.99678e-05 -0.0050499 
-0.000167182 0.00017599 -0.00499775 -2.52494e-05 0.000138496 -0.00510731 -7.9579e-05 0.000220886 -0.00505825 
-2.91343e-05 0.000148384 -0.00500547 6.76627e-05 0.000105248 -0.00501971 6.82171e-05 0.000102876 -0.00512056 
0.000197025 0.000101597 -0.00510524 0.000140012 0.000187417 -0.00510875 7.50737e-05 0.000206116 -0.00503482 
0.000161431 0.000141313 -0.00500569 0.000287517 0.000164698 -0.00505806 0.000306391 0.00013656 -0.00496845 
-0.000231053 0.000238061 -0.00505817 -0.000153847 0.00029421 -0.00497905 -4.97194e-05 0.000332537 -0.00499475 
5.20618e-05 0.000327815 -0.0050571 6.99122e-06 0.000238036 -0.00510619 0.000109452 0.000311291 -0.00497901 
0.000155147 0.000292266 -0.00508178 0.000231658 0.000234254 -0.00497216 0.000384137 0.000262158 -0.00528437 
0.00027606 0.000811928 -0.00519581 -9.59991e-05 -0.000683355 -0.0050619 0.000229313 -0.000637592 -0.005092 
-0.000527991 -0.000456945 -0.00510445 -0.00027324 -0.00048984 -0.00502046 0.000354082 -0.000493554 -0.00506158 
-0.000205402 -0.00026055 -0.00494479 -0.000212622 -0.000254741 -0.00482214 -8.82399e-05 -0.000318728 -0.00488559 
6.55554e-05 -0.000324593 -0.00485331 -5.71983e-06 -0.000243963 -0.00491648 0.000192071 -0.000271325 -0.0048898 
-0.000846913 -6.24895e-05 -0.00501783 -0.000263218 -0.000197788 -0.00489893 -8.18228e-05 -0.000215672 -0.00497774 
-8.85405e-05 -0.000115886 -0.00494645 -0.000168326 -0.000165583 -0.00488627 -8.28847e-05 -0.000221568 -0.00484772 
2.38577e-05 -0.000169554 -0.00498043 -1.20775e-05 -0.000144013 -0.00488727 0.000196714 -0.00011779 -0.00499006 
0.000175773 -0.000169397 -0.00490208 0.000228225 -8.31633e-05 -0.00487408 8.84085e-05 -0.000220171 -0.0048879 
8.75255e-05 -0.000122559 -0.0049102 0.000294052 -0.00015383 -0.00492875 0.000286407 -0.000163993 -0.0048013 
-0.00060401 -7.0579e-05 -0.00504005 -0.00032543 -5.90848e-05 -0.00490271 -0.000152663 -2.15091e-05 -0.0049631 
-0.000226822 -8.99517e-05 -0.00492075 -0.000232637 2.58311e-05 -0.00487435 -0.000137875 -6.73933e-05 -0.00487412 
-0.000111989 4.53842e-05 -0.00489944 -5.52592e-05 -4.89376e-06 -0.00498463 7.40134e-05 3.82722e-06 -0.00498937 
1.23356e-05 -7.23964e-05 -0.00495484 -1.07633e-05 7.39995e-05 -0.00494075 -4.00135e-05 -4.55855e-05 -0.0048725 
4.87803e-05 1.67686e-05 -0.00487889 0.00017611 -1.79019e-05 -0.00498425 0.00013329 -3.4908e-05 -0.00489436 
0.000224536 1.58014e-05 -0.00485244 0.00032561 4.96881e-05 -0.00485153 0.000327501 -5.39633e-05 -0.00481371 
0.00033044 -3.05587e-05 -0.00492936 -0.000320636 8.21844e-05 -0.00494218 -0.000303114 0.00013517 -0.00485677 
-0.000259216 0.000213168 -0.00487964 -0.000202701 9.52964e-05 -0.00494858 -8.65465e-05 0.000203784 -0.00494392 
-0.00010839 8.41523e-05 -0.00499713 -0.000170273 0.000162809 -0.00487428 4.14331e-05 0.000143318 -0.00488994 
-7.27111e-05 0.000134304 -0.00487036 8.68759e-05 0.000225987 -0.00492935 0.00011558 8.0184e-05 -0.00493195 
0.000206171 0.000106462 -0.00489067 0.00014994 0.000184492 -0.00486279 0.000283718 0.000166202 -0.00483453 
0.0003876 0.000196095 -0.00506145 0.000795251 0.000122169 -0.00510943 -0.000171022 0.000280044 -0.00485573 
-9.05263e-05 0.000317542 -0.00489669 5.83514e-05 0.000326572 -0.00489493 -5.35391e-07 0.000243032 -0.00497811 
-1.48513e-05 0.000238922 -0.00487389 0.000181615 0.00027734 -0.00488567 0.000118494 0.000308146 -0.00481185 
2.20403e-05 0.000981933 -0.00509016 0.000558248 0.000978953 -0.00510349 0.00099901 -0.000586365 -0.00489614 
-0.000644705 -0.000551193 -0.00489568 0.000350161 -0.000453609 -0.0049314 0.000553187 -0.000470651 -0.00496018 
-0.000198 -0.000266334 -0.00472393 -0.000119175 -0.000310684 -0.00478708 -0.000115948 -0.00031194 -0.00466711 
5.63609e-05 -0.000324633 -0.00471464 -4.28677e-05 -0.000329093 -0.00472529 1.28703e-05 -0.00024128 -0.00481821 
0.000173931 -0.000286576 -0.00477141 0.000236753 -0.00023736 -0.00472223 -0.000828698 -0.000159145 -0.00497401 
-0.000320633 -8.47652e-05 -0.00479235 -0.000273034 -0.000186842 -0.00468544 -0.000273629 -0.000185894 -0.00478722 
-0.00016849 -0.000143297 -0.00478462 -9.27725e-05 -0.000219558 -0.00474329 -6.9125e-05 -0.000122623 -0.00480722 
4.60433e-05 -7.77229e-05 -0.00483012 2.51799e-05 -0.000148929 -0.00476213 -6.17557e-05 -0.000128226 -0.00470742 
0.000178642 -0.000165601 -0.00476882 9.3573e-05 -0.000225068 -0.00476083 0.000108553 -9.98062e-05 -0.00471474 
0.000286676 -0.000162875 -0.00470315 -0.000976255 1.13015e-05 -0.00491594 -0.000329471 4.31995e-05 -0.00479017 
-0.000330464 -3.54861e-05 -0.00470803 -0.000242578 2.33803e-05 -0.00473905 -0.000222291 -6.18247e-05 -0.00481008 
-0.000128739 1.00984e-05 -0.00480641 -0.000229885 -7.22637e-05 -0.00470901 -0.000131467 -5.66648e-05 -0.00473091 
-3.47226e-05 4.59134e-05 -0.00482958 -2.89823e-05 -4.067e-05 -0.00476449 5.50231e-05 2.41868e-05 -0.00477382 
0.000133839 -3.70879e-05 -0.00479134 0.000231652 -5.16416e-05 -0.00477071 0.000135798 2.26236e-05 -0.00470938 
0.000329148 -4.02431e-05 -0.00471776 0.000328512 3.88736e-05 -0.00473645 0.000237117 2.70212e-05 -0.00468696 
-0.000293519 0.000148002 -0.00474645 -0.000239743 0.000229507 -0.00476846 -0.000191781 0.000105073 -0.00479501 
-8.44052e-05 0.00021026 -0.00479402 -0.000147953 0.000189424 -0.00470953 -8.79363e-05 0.000105232 -0.00476892 
-0.00020726 0.000107203 -0.00469607 1.06402e-05 0.000130426 -0.00479552 0.000196502 7.44638e-05 -0.00477206 
0.000111155 9.33616e-05 -0.00482649 0.000138815 0.000196388 -0.00474792 8.13285e-05 0.000114212 -0.00472603 
0.0003156 9.01814e-05 -0.00466182 0.000280943 0.000169257 -0.00473734 0.00096464 0.000207964 -0.00499716 
-0.000233897 0.000235445 -0.00466774 -0.000168655 0.000281465 -0.00475617 5.90508e-05 0.000221845 -0.00480713 
-2.19379e-05 0.00032796 -0.00474526 4.93354e-05 0.000324969 -0.00464666 2.93394e-06 0.00023119 -0.00472041 
0.000227756 0.000235058 -0.0046557 0.000144194 0.000303744 -0.0046548 0.000225738 0.000242077 -0.0047684 
0.000627729 0.000244859 -0.00497007 0.000698286 0.00034033 -0.00494151 0.000225392 0.000467195 -0.00495294 
-0.000511279 0.000655608 -0.00492723 0.00044347 0.000852104 -0.00490528 -0.000178185 -0.000564247 0.00322374 
-0.000497977 -0.00067044 -0.00484261 0.000756906 -0.000520075 -0.00473179 -8.72154e-05 -0.000319321 -0.00457112 
-0.000165158 -0.000284115 -0.00459688 4.51547e-05 -0.000328763 -0.004605 -8.23802e-06 -0.00023968 -0.00468255 
4.44751e-05 -0.000229845 -0.00458128 0.000161076 -0.0002911 -0.00461599 0.000236623 -0.000232138 -0.00462237 
0.000352631 -0.00032242 -0.00472891 -0.000317856 -0.000111707 -0.00464456 -0.0003015 -0.000142473 -0.00454198 
-0.000252871 -0.000221878 -0.00458459 -0.000164167 -0.000150937 -0.00467382 -0.000209034 -8.75361e-05 -0.00460247 
-0.000105997 -9.51972e-05 -0.00461362 -0.000106791 -0.000213138 -0.00455752 -3.43892e-05 -0.000166749 -0.00461334 
6.77419e-05 -0.000135491 -0.00460893 0.000136171 -0.000192148 -0.00467107 0.000211888 -0.000120678 -0.00458494 
0.000141205 -0.000196348 -0.00455457 0.000319736 -0.000103942 -0.00451817 0.000266497 -0.00019828 -0.00452749 
0.000318826 -9.11007e-05 -0.00463235 -0.000970215 6.7086e-05 -0.0047712 -0.000331343 -1.84649e-05 -0.00460973 
-0.000234518 8.73661e-06 -0.00461853 -0.000141015 1.239e-05 -0.00465603 -5.36184e-05 3.66418e-05 -0.00470258 
4.22721e-05 2.92712e-05 -0.0046613 1.4599e-05 -6.75484e-05 -0.00466575 -5.09669e-05 -1.02195e-05 -0.00460759 
2.43973e-05 3.7295e-05 -0.00456143 0.000206998 -7.647e-05 -0.00467616 0.000223925 1.05427e-05 -0.0045864 
0.000116333 -4.01352e-05 -0.00463406 0.00013239 5.77261e-05 -0.0046065 0.00033056 3.24952e-05 -0.00458343 
-0.000320905 8.05467e-05 -0.00453816 -0.000268053 0.000196681 -0.00458248 -0.000320543 8.21517e-05 -0.00463622 
-6.90034e-05 0.000228256 -0.00464564 -0.000145008 0.000187461 -0.00459242 -0.000196966 0.000101056 -0.00458905 
-9.64566e-05 9.91937e-05 -0.00463389 5.40142e-05 0.000224248 -0.00463289 -1.92022e-05 0.000135565 -0.00468761 
5.37563e-05 0.000123049 -0.00461456 -3.32548e-05 0.000147127 -0.00456658 0.000199168 0.000121759 -0.00467385 
0.000148227 0.000190738 -0.00461264 0.000199988 0.000123621 -0.00455746 0.000288838 0.000160051 -0.00451738 
0.000717512 0.00017319 -0.00468322 -0.000139636 0.000305865 -0.00464149 -0.000197942 0.000271001 -0.00457044 
-8.54848e-06 0.000244171 -0.00455727 -4.61253e-05 0.000332639 -0.0046096 -3.9913e-05 0.000331834 -0.00451106 
6.67792e-05 0.000322824 -0.0045467 0.000219629 0.000244836 -0.00455314 -4.94035e-05 0.000509153 -0.00473718 
0.000290924 -0.000731881 0.0030479 0.000696214 0.000678783 -0.00475168 0.000575579 0.000767873 -0.00480685 
-0.000210279 0.00092212 -0.00487133 3.8517e-05 0.000909402 -0.00470736 0.00083541 0.000934929 -0.00483773 
0.000452532 -0.000818163 -0.00462603 -0.000227909 -0.000587057 -0.00463734 0.000678983 -0.000548813 -0.00462181 
-0.000162009 -0.000287396 -0.0044349 -3.56672e-05 -0.000329239 -0.00445344 3.70777e-05 -0.000329672 -0.00438509 
2.99324e-05 -0.000227503 -0.00438723 0.000184296 -0.000276198 -0.00437061 0.000142337 -0.000297918 -0.00447308 
0.000861384 -0.000376728 -0.00459368 -0.000239846 -0.000229569 -0.00448096 -0.00032186 -7.97401e-05 -0.00436214 
-0.000300069 -0.000146583 -0.00443316 -0.000251837 -0.00022338 -0.00437285 -0.000181733 -0.000153183 -0.0045239 
-0.000107097 -0.000199961 -0.00445597 -0.000104328 -8.20325e-05 -0.00450187 -0.00020484 -0.000105895 -0.00443845 
-1.93704e-05 -0.000220625 -0.00450262 1.96452e-06 -7.3861e-05 -0.00453136 5.90976e-05 -0.0001554 -0.00450255 
-2.57253e-05 -0.000143122 -0.00443879 0.00018945 -9.03637e-05 -0.00449072 0.000131236 -0.000176883 -0.00443002 
0.000301796 -0.000135777 -0.0044198 0.000410531 -0.00019878 -0.00460057 0.000808853 -0.000179855 -0.0046132 
-0.000331382 -1.83588e-05 -0.00444037 -0.000239671 -4.64315e-05 -0.00451498 -0.000231108 5.3365e-05 -0.00450335 
-0.000156298 -1.07482e-05 -0.00455762 -0.00017484 -7.20672e-06 -0.00444002 2.41136e-05 4.06095e-05 -0.00445747 
-7.20207e-05 1.16984e-05 -0.00448585 1.42635e-05 -5.16888e-05 -0.0044187 0.000102138 -6.88305e-05 -0.00453903 
0.000141203 2.37711e-05 -0.00450928 0.000112105 -4.7603e-05 -0.00444185 0.000124749 7.15844e-05 -0.00440688 
0.000237824 -5.04958e-05 -0.00441204 0.000240455 3.68645e-05 -0.00449058 0.000331217 -2.8006e-05 -0.00445671 
0.00032896 -3.67339e-05 -0.00436206 0.00060465 1.45708e-05 -0.00463194 -0.000314394 9.69509e-05 -0.00439282 
-0.00028837 0.000157657 -0.00449273 -0.000261798 0.000200628 -0.00441834 -0.000115071 9.29888e-05 -0.00452883 
-9.18414e-05 0.00021047 -0.00450618 -0.000188306 0.000154762 -0.00449541 -0.000120382 7.90076e-05 -0.00442706 
-0.000136238 0.00018831 -0.00441665 -0.000213758 0.000109575 -0.00440118 5.77415e-05 0.000122234 -0.00450656 
-1.67566e-06 0.000229687 -0.00445415 -3.54446e-05 0.000122036 -0.00446946 4.61015e-05 0.000139468 -0.00439858 
0.000125887 0.000197076 -0.0045035 0.000193296 0.000130284 -0.00445715 0.000123785 0.000207725 -0.00438237 
0.000246811 0.000212955 -0.00438956 0.000319638 8.82531e-05 -0.0044225 -0.000192131 0.000270959 -0.0044727 
-0.000106566 0.000311225 -0.00443228 -0.000180706 0.000278983 -0.00437754 -1.14296e-05 0.000327854 -0.00440821 
0.000161633 0.000285704 -0.00446892 0.000137722 0.000305995 -0.00436853 0.000509129 0.000335047 -0.00463787 
-0.000552 0.000496718 -0.00457324 -0.000370745 0.000683346 -0.00469361 0.000178223 0.000851928 -0.00467843 
0.000365654 0.000766593 -0.0046597 0.000912814 0.000932861 -0.00462218 -0.000862693 -0.000840302 -0.00451967 
-0.000466857 -0.000557109 -0.00438848 -0.0001425 -0.000299508 -0.00433789 -9.57411e-05 -0.000317829 -0.00421737 
5.02129e-05 -0.00032409 -0.00421225 -4.8393e-05 -0.000328541 -0.00430233 1.22355e-06 -0.000242411 -0.00427769 
0.000185259 -0.000275696 -0.00427181 -0.000273029 -0.000186712 -0.00425274 -0.000103761 -8.63453e-05 -0.00439571 
-0.000171419 -0.000169014 -0.00434783 -9.14172e-05 -0.000217729 -0.00430736 -0.000211447 -9.83108e-05 -0.00427542 
-0.000103601 -0.000113328 -0.00429909 -1.95135e-05 -0.000153306 -0.00433835 7.66951e-05 -0.000114534 -0.00436741 
3.29526e-05 -0.000151224 -0.00425138 0.000178648 -0.000122699 -0.00433296 0.000103634 -0.000196923 -0.00431191 
0.000191198 -0.000151561 -0.00423364 0.000108216 -7.89845e-05 -0.00426917 0.000272142 -0.000193376 -0.0043141 
0.000316409 -9.24525e-05 -0.00425581 -0.000834644 -7.44065e-05 -0.00448702 -0.000331593 -1.68966e-05 -0.00426725 
-0.000231073 -3.59912e-05 -0.00435189 -0.000223715 4.31932e-05 -0.00428343 -0.000136627 -1.19645e-05 -0.00432364 
-5.54298e-05 1.31195e-05 -0.00438711 6.03804e-05 1.28343e-05 -0.0043565 -8.37958e-06 8.24927e-05 -0.00433251 
1.16928e-05 -6.18096e-05 -0.00430825 -5.2899e-05 1.26691e-05 -0.0042718 4.75908e-05 1.13687e-05 -0.00424981 
0.000232016 5.59759e-05 -0.0043709 0.000155223 -1.88256e-05 -0.00435505 0.000149446 1.66372e-05 -0.00426164 
0.000231815 7.36378e-05 -0.00425852 0.000329628 3.08426e-05 -0.00430296 0.000913878 -4.08212e-06 -0.00454072 
0.0008814 -2.75288e-05 -0.00444888 -0.00026628 0.000198757 -0.00432353 -0.000320843 7.88252e-05 -0.00428477 
-0.000286937 0.00015955 -0.00420314 -0.000167394 0.00017265 -0.0043203 -8.8001e-05 0.000212192 -0.00426144 
-0.00010758 9.23096e-05 -0.00432127 -5.26147e-05 0.000167623 -0.00436143 2.02513e-05 0.000234928 -0.00434099 
-1.58849e-06 0.000157202 -0.00426621 0.000179139 0.000133912 -0.00432413 0.000103797 0.000207006 -0.00428421 
9.75359e-05 0.000106608 -0.00426872 0.000269923 0.000183309 -0.0042625 -0.000156958 0.000289909 -0.00428632 
-6.45873e-05 0.000321975 -0.00421991 3.4486e-06 0.000332147 -0.00430299 0.000181123 0.000279143 -0.00420222 
0.000202652 0.000268094 -0.00430291 0.000119333 0.000306872 -0.00426987 0.000286049 0.00044962 -0.00443218 
0.000606036 0.000411322 -0.00449952 0.000798136 0.000608755 -0.00455153 -0.00061507 0.000805847 -0.00453822 
0.000159133 0.000904091 -0.00441318 0.000630696 0.000942193 -0.00447933 0.00081744 -0.000823065 -0.00423792 
0.000830619 -0.000417843 -0.00438071 -0.000310935 -0.000354735 -0.00438865 -0.000196405 -0.00026771 -0.00409035 
-9.40944e-05 -0.000317897 -0.00411455 -0.00021568 -0.000247074 -0.00418634 2.81575e-05 -0.000330635 -0.00406931 
0.000108604 -0.000309565 -0.00412455 0.000192457 -0.000271673 -0.00415971 -0.000271097 -0.000188753 -0.00406492 
-0.000321936 -7.95693e-05 -0.00406638 -0.000321535 -8.11958e-05 -0.00418516 -0.000145807 -0.000174699 -0.00421543 
-0.000183926 -0.000122524 -0.00413796 -0.000121254 -0.000204542 -0.00411078 -7.51284e-05 -0.00011683 -0.00414669 
-6.11008e-05 -0.000226531 -0.004192 2.37306e-05 -0.000195436 -0.00414129 2.12962e-05 -9.36659e-05 -0.00411631 
0.000101536 -0.000125698 -0.00417929 9.02656e-05 -0.000224012 -0.00421148 0.000195988 -0.000147564 -0.0041305 
0.000117255 -0.000214551 -0.00409296 0.000273274 -0.00018543 -0.00405812 0.000307389 -0.000114873 -0.00413175 
-0.000329778 2.538e-05 -0.00404704 -0.000243927 -2.25341e-05 -0.00420872 -0.000136816 -7.3428e-05 -0.00421243 
-0.00013722 2.7756e-05 -0.00421908 -0.000164435 -2.3266e-05 -0.00412323 -6.85291e-06 -6.13926e-05 -0.00420711 
-4.84183e-05 2.6553e-05 -0.00417267 4.4428e-05 -2.17719e-07 -0.00414373 0.000161493 -3.48421e-05 -0.00417662 
0.000221313 5.29179e-05 -0.0041573 0.000120223 5.95528e-05 -0.0041749 0.000240294 -2.71119e-05 -0.00424348 
0.000332646 8.31786e-06 -0.00415969 0.000328557 3.57616e-05 -0.00405357 0.000331897 -6.28762e-05 -0.00405237 
0.000235274 -3.55861e-05 -0.00410804 -0.000318484 8.8095e-05 -0.00411785 -0.000267652 0.000197526 -0.00404854 
-0.000163373 0.000181251 -0.00417856 -0.000209248 9.38163e-05 -0.0041967 -0.000208777 0.000125808 -0.00409992 
-8.06574e-05 0.000113103 -0.00421954 -0.000124279 7.05272e-05 -0.00412348 -7.29697e-05 0.000220811 -0.00415821 
2.49191e-05 9.61956e-05 -0.00419083 -4.11688e-05 0.000128477 -0.00411648 2.14648e-05 0.000221832 -0.00412059 
0.000102464 0.000206314 -0.0041821 0.000179923 0.000142223 -0.00418111 0.000288857 0.000163404 -0.00408889 
0.000315553 0.000102272 -0.00417781 0.000237325 0.000227247 -0.0041738 -0.000727776 0.000376713 -0.00431918 
-0.000181639 0.000278179 -0.00406897 -0.000167079 0.000282335 -0.00417934 6.00198e-05 0.000326182 -0.00418957 
6.69183e-05 0.000322658 -0.0040542 -6.61032e-05 0.000321604 -0.00412021 4.55085e-06 0.000244317 -0.00421678 
0.000181143 0.000276918 -0.00404935 0.000151859 0.000612903 -0.00437935 0.000843429 0.000598724 -0.00436943 
-0.000838364 0.000778832 -0.00418406 0.000262983 0.000779057 -0.0044142 0.000687602 -0.000979336 -0.00419728 
-0.000726397 -0.000751098 -0.00419115 -0.000119424 -0.000750666 -0.00416652 -0.000400895 -0.000344486 -0.00417428 
-0.000208543 -0.00025798 -0.00393203 -0.000101568 -0.000316042 -0.00401488 7.33677e-05 -0.000325727 -0.00395989 
-2.4274e-05 -0.000328391 -0.00397802 2.08798e-05 -0.000233722 -0.00404022 -2.18154e-05 -0.00024068 -0.0039254 
0.000151444 -0.000292145 -0.00402152 0.000139838 -0.000299813 -0.00389548 -0.000271106 -0.000188773 -0.00396785 
-0.000303206 -0.000133604 -0.00390275 -0.000178049 -0.000166329 -0.00403424 -9.46748e-05 -0.000212642 -0.00400283 
-0.000197941 -0.000128188 -0.00392451 -4.11192e-05 -0.000147018 -0.00405683 6.76642e-05 -0.000141585 -0.00404159 
6.01873e-06 -0.000149777 -0.00396173 0.000194514 -0.000122119 -0.00401978 0.000141221 -0.000198823 -0.00397307 
0.000112921 -0.000101781 -0.0039618 0.000308477 -0.000111517 -0.00396608 -0.000325865 -5.57844e-05 -0.00396939 
-0.000228342 4.12603e-05 -0.00404659 -0.000233508 -1.79052e-05 -0.00396347 -0.000222073 -7.73744e-05 -0.00404621 
-0.00012234 -8.33246e-05 -0.00403715 -0.000135122 1.56714e-05 -0.0040198 -0.000221167 8.226e-05 -0.00395415 
-5.03094e-05 -2.96011e-05 -0.00408849 -2.25913e-06 5.60088e-05 -0.00405886 5.66567e-05 -2.85746e-05 -0.00403327 
-3.33213e-05 -5.81901e-05 -0.00398693 -4.66237e-05 3.90312e-05 -0.00396759 5.28757e-05 4.32658e-05 -0.00395521 
0.000123679 -7.42848e-05 -0.00409215 0.000132275 2.78356e-05 -0.00407851 0.000218533 7.01732e-05 -0.00404995 
0.000241912 -2.62406e-05 -0.00399555 0.000144456 1.17051e-06 -0.0039768 0.000232872 5.72995e-05 -0.00394063 
0.000329845 3.06812e-05 -0.00391008 -0.000319446 8.61477e-05 -0.00397302 -0.00027814 0.000186755 -0.0039468 
-0.000126847 0.000193719 -0.00406788 -8.72007e-05 0.000105569 -0.00403067 -9.10576e-05 0.000225315 -0.0039699 
-0.000175054 0.000171402 -0.00395526 6.00498e-05 0.00013322 -0.0040942 1.08479e-05 0.000138367 -0.00400293 
0.000181451 0.000160561 -0.00408211 0.000102203 0.000211431 -0.00403404 0.000109368 0.000106813 -0.00401105 
0.000183808 0.000148506 -0.00395496 0.000274919 0.000182231 -0.00392245 0.000304499 0.000112957 -0.00399055 
-0.000742697 0.000277822 -0.00421797 -9.90143e-05 0.000314903 -0.00402832 -0.000197729 0.000270729 -0.003946 
5.67843e-05 0.000326935 -0.003933 -4.10619e-05 0.000332689 -0.00395062 -9.99851e-06 0.000240475 -0.00402669 
0.00021511 0.000248854 -0.00395051 0.000930585 0.000334344 -0.00410077 0.000314226 0.000795855 -0.0042226 
0.000464289 0.000839893 -0.00417629 -0.000122555 -0.000708474 0.00330638 -0.00070942 0.000641343 0.00304099 
-0.000235732 -6.3216e-05 0.0028416 0.000369036 -0.000740266 -0.00396788 -0.000564395 -0.000700145 -0.00405591 
0.000234021 -0.000464596 -0.00393873 0.00042535 -0.00048946 -0.00401885 -0.000552264 -0.000247711 -0.00412776 
-0.00029344 -0.000371897 -0.00402512 -0.000212274 -0.000254972 -0.0038113 -9.72756e-05 -0.000317361 -0.00386977 
4.04486e-05 -0.000329288 -0.00386555 -6.44226e-05 -0.000330738 -0.00376925 -1.54682e-05 -0.000243119 -0.00381504 
0.000187555 -0.000275305 -0.00376223 0.000118446 -0.000307082 -0.00380082 0.000234483 -0.000239983 -0.0038896 
-0.000823823 -0.00016179 -0.00400609 -0.000319743 -8.8944e-05 -0.00381615 -0.000276356 -0.000178652 -0.0038178 
-9.74983e-05 -0.00020633 -0.00386782 -9.5361e-05 -0.000125361 -0.00393871 -0.000219018 -7.59869e-05 -0.00384193 
-0.000175908 -0.000161357 -0.00380613 -9.65606e-05 -0.000109604 -0.00383947 -9.48268e-06 -0.000153612 -0.00386206 
6.95242e-05 -0.000207056 -0.00389949 0.000222113 -9.14831e-05 -0.00391677 0.000164804 -0.000177056 -0.00385482 
8.34182e-05 -0.000117534 -0.00385216 0.000224703 -9.50638e-05 -0.0038165 7.84626e-05 -0.000215535 -0.00379331 
0.000283067 -0.000167224 -0.00375782 0.000298423 -0.000156716 -0.00385808 -0.000331653 -1.1365e-05 -0.00387799 
-0.000327163 5.52366e-05 -0.00380152 -0.00023282 2.07749e-05 -0.00386878 -0.000147021 -4.14088e-05 -0.00391663 
-0.000128861 5.71959e-05 -0.00389877 -0.000145578 -1.15527e-05 -0.00382016 4.34345e-05 -4.73769e-05 -0.00391328 
-5.31759e-05 -3.08772e-05 -0.00388395 -1.62569e-05 6.26783e-05 -0.00387222 6.88008e-05 1.73483e-05 -0.00383967 
1.1669e-05 -6.02931e-05 -0.00381121 0.000135745 6.90101e-05 -0.0039023 0.000141799 -3.88375e-05 -0.00387954 
0.000235198 3.15142e-06 -0.00385391 0.000329225 2.69191e-05 -0.00374992 0.000330688 -6.4044e-05 -0.00377345 
0.000328186 -4.04374e-05 -0.00387027 0.000593211 2.99588e-05 -0.00410448 0.000846408 1.66764e-05 -0.00406989 
-0.000308011 0.000130172 -0.00387065 -0.00020836 0.000117196 -0.00385582 -0.000147351 0.000195369 -0.00384083 
-8.91605e-05 0.000115428 -0.00382544 -6.43145e-05 0.000137035 -0.0039288 3.23941e-05 0.000146653 -0.00389796 
-5.49461e-05 0.000234004 -0.00384198 -7.33339e-07 0.00016145 -0.00379938 0.000103088 0.000214276 -0.00393025 
0.000166504 0.000172536 -0.00385921 0.000226565 8.67881e-05 -0.0037954 9.02788e-05 0.000116733 -0.00382205 
0.000278892 0.000171758 -0.0038091 -0.000232426 0.000234832 -0.00379324 -0.000136874 0.00030245 -0.00387343 
-1.96578e-06 0.000332148 -0.00375732 7.63702e-05 0.000322317 -0.00382716 -4.06199e-05 0.000332641 -0.00384977 
5.38226e-06 0.000241563 -0.00392414 8.24157e-05 0.000218795 -0.00381266 0.000178012 0.000276976 -0.00386434 
0.000145478 0.000303202 -0.00375504 0.000535682 -0.00091527 -0.00374702 0.000237847 -0.000796483 -0.00390589 
-0.000537113 -0.000521348 -0.00384077 0.000996346 -0.000383072 -0.00393263 -0.000164741 -0.000289017 -0.00360426 
-0.000133971 -0.000304115 -0.00369805 4.71684e-05 -0.000324552 -0.00362763 3.83479e-05 -0.00032951 -0.00372697 
-9.32741e-06 -0.000239553 -0.00371525 0.000190923 -0.000271854 -0.00359399 0.000130843 -0.000303654 -0.00367665 
-0.000314169 -0.000113607 -0.00370041 -0.000300653 -0.000146597 -0.00360537 -0.000268228 -0.000191599 -0.00370002 
-9.95937e-05 -0.000213565 -0.00376467 -0.000170053 -0.000161278 -0.00370497 -0.00012396 -7.98623e-05 -0.00374775 
-0.000216161 -7.20137e-05 -0.00370489 -8.71406e-05 -0.00021022 -0.00365907 -3.66703e-05 -0.000135355 -0.00375552 
6.33724e-05 -0.000124719 -0.00375348 1.25089e-05 -0.000138829 -0.00366772 0.000218856 -0.00010605 -0.0037095 
8.45212e-05 -0.000211396 -0.00369155 0.000159541 -0.000166129 -0.00364285 0.000114294 -8.31756e-05 -0.00367771 
0.000316694 -9.25494e-05 -0.00360713 0.000247646 -0.000219218 -0.00364869 -0.000448381 5.3142e-05 -0.00383032 
-0.000331673 -3.73944e-05 -0.00361205 -0.00033186 -5.59929e-06 -0.00372175 -0.000228834 4.20727e-05 -0.00367377 
-0.000232693 3.13732e-06 -0.00376915 -0.000142829 1.45449e-05 -0.00372092 -5.62317e-05 8.0856e-06 -0.00377885 
4.6821e-05 -2.18727e-05 -0.00372376 -4.19211e-05 -5.75932e-05 -0.00369003 -4.3334e-05 4.4817e-05 -0.00368647 
0.000229025 -8.7556e-06 -0.00375043 0.000136852 4.43636e-05 -0.00377049 0.000134132 -5.69477e-05 -0.0037808 
0.000216703 7.90882e-05 -0.00369367 0.000144592 1.44481e-05 -0.00366558 -0.000762993 0.000217656 -0.0039239 
-0.000289626 0.000154845 -0.00371166 -0.000300041 0.000140366 -0.00361131 -0.000248669 0.000227076 -0.00361525 
-0.000146453 0.000194582 -0.00373837 -0.000176577 9.98061e-05 -0.0037613 -0.000199432 0.00014127 -0.00366645 
-0.000100209 0.000211977 -0.00365145 2.51508e-05 7.25803e-05 -0.00375494 -6.76955e-05 0.000133688 -0.0037281 
1.4492e-05 0.000136267 -0.00366817 0.000165015 0.000164684 -0.00375952 0.000112326 0.000216099 -0.00368605 
0.0001112 0.000107279 -0.00369704 0.000284243 0.000165959 -0.00369516 0.000319082 8.53608e-05 -0.00367598 
-0.000176374 0.000280456 -0.00366808 -0.000113323 0.000308189 -0.00373372 -4.26864e-05 0.000235285 -0.00373023 
2.64226e-05 0.000333176 -0.00366174 7.95491e-06 0.000232693 -0.00364097 0.000218487 0.000249795 -0.00362064 
0.000228157 0.00024175 -0.00372939 0.000133354 0.000305596 -0.00361593 0.000732652 0.000243384 -0.00393069 
-0.000996943 0.000532269 -0.0039066 0.000484333 0.00087848 -0.00391673 -0.000145766 -0.000995815 -0.00378505 
0.00028788 -0.000439514 -0.00368766 -0.000853229 -0.000244287 -0.00375898 -0.000217853 -0.000250408 -0.00352909 
-0.000133376 -0.000304497 -0.00351059 -4.91677e-05 -0.00032832 -0.00357194 4.10983e-05 -0.000329249 -0.00352907 
0.000204174 -0.000263211 -0.00347496 -0.000510452 -0.000181048 -0.00370474 -0.000301302 -0.000144514 -0.00350718 
-0.000195945 -0.000142131 -0.00360717 -0.000124181 -0.000201616 -0.00356347 -0.000182174 -0.000152372 -0.00349142 
-0.000118783 -8.02406e-05 -0.00352927 -1.81219e-05 -0.000234331 -0.00358721 -6.07457e-05 -0.000122308 -0.00360033 
-5.4496e-05 -0.000226446 -0.00349425 -1.97632e-06 -0.000139679 -0.00350329 0.000191718 -0.000115229 -0.00356181 
9.22108e-05 -0.000224583 -0.00357475 9.36741e-05 -0.000125807 -0.00353957 0.000267752 -0.000188404 -0.00353054 
0.000316105 -9.59198e-05 -0.00347084 -0.000720272 4.73792e-05 -0.00370681 -0.000325355 -5.74936e-05 -0.00349507 
-0.000235302 -5.09519e-05 -0.0035885 -0.000228456 -6.43442e-05 -0.00347002 -0.000134073 -6.82321e-05 -0.00364774 
-0.000154169 7.86227e-06 -0.00358259 4.96979e-05 4.44897e-05 -0.00364677 3.32942e-05 -5.22817e-05 -0.00362124 
-5.5782e-05 -5.78474e-06 -0.00360014 4.92554e-06 5.66969e-05 -0.00355075 4.2941e-05 -3.56205e-05 -0.00352311 
0.000203807 6.1055e-05 -0.00358285 0.000238056 -3.20392e-05 -0.00363647 0.000126579 -3.7366e-05 -0.0035818 
0.000104382 6.00495e-05 -0.00356278 0.000233473 -2.40322e-05 -0.00353267 0.000328524 -2.97792e-06 -0.00356876 
-0.000254711 0.000218842 -0.0035051 -0.000320014 7.99468e-05 -0.00350724 -0.000120156 8.6286e-05 -0.00363717 
-0.000161937 0.000181101 -0.00357675 -0.00021719 9.0529e-05 -0.00356395 -0.000114017 8.58149e-05 -0.00353445 
-9.07153e-05 0.000219017 -0.00349763 -4.57757e-05 0.000152181 -0.00358976 4.88342e-05 0.000143987 -0.00352232 
0.000175929 0.000153368 -0.00363616 0.000101101 0.000208125 -0.00357855 0.000166299 0.00014084 -0.00353116 
0.000245193 0.000217877 -0.00352116 0.000317984 9.08211e-05 -0.0035318 -0.000155364 0.000289786 -0.00352713 
-7.86318e-05 0.000318647 -0.00358174 6.28538e-05 0.000322739 -0.00352994 1.18965e-06 0.000239911 -0.00353888 
0.000152676 0.00029551 -0.00351137 -0.000680498 0.000556954 -0.00366889 -0.000540421 0.000574272 -0.00379069 
-0.000147451 -0.000297104 -0.00336006 -0.000215146 -0.000252833 -0.00341673 -3.16876e-05 -0.000328436 -0.00341942 
8.24694e-05 -0.00032187 -0.00343862 0.000110439 -0.000310627 -0.00333214 0.00023572 -0.000232991 -0.00338466 
0.000549282 -0.000903084 0.00348144 -0.000316743 -0.000108252 -0.00337894 -0.000267704 -0.000192036 -0.00332129 
-0.000275539 -0.000183431 -0.00342063 -0.000133318 -0.000196647 -0.00339265 -0.000205112 -0.0001154 -0.0033819 
-8.24735e-05 -0.000120663 -0.00344515 4.5206e-05 -0.000231126 -0.0034797 -2.0705e-05 -0.000215931 -0.00339846 
3.80305e-05 -0.000133619 -0.00337235 0.000199048 -0.000112702 -0.00346083 0.000124761 -0.000192086 -0.00342999 
0.000219434 -9.62336e-05 -0.00336382 0.000277471 -0.000175283 -0.00329316 0.00029491 -0.000159534 -0.00338555 
-0.000331766 -7.94799e-06 -0.00340883 -0.000235125 -1.01166e-05 -0.00338107 -0.000151309 1.27062e-06 -0.00348129 
-0.000134851 6.43855e-05 -0.00340511 -0.000226555 7.18557e-05 -0.00346453 -0.000133568 -4.5399e-05 -0.003391 
-5.21931e-05 -9.36374e-06 -0.00349971 1.89729e-05 4.28525e-05 -0.00344948 5.44149e-06 -5.74658e-05 -0.00343167 
-5.05118e-05 8.89153e-06 -0.00337844 5.45816e-05 -1.19309e-06 -0.00336359 0.000118833 -7.75618e-05 -0.00339242 
0.000139233 -1.93211e-05 -0.00348228 0.00023203 -1.99764e-05 -0.0034293 0.000150609 1.95856e-05 -0.00338655 
0.000329435 -3.14849e-05 -0.00329831 0.000331097 -2.95858e-05 -0.00341123 -0.000284169 0.000183814 -0.00339661 
-0.000157096 0.000148568 -0.00345661 -9.60686e-05 0.00021012 -0.00338107 -0.000176988 0.000150118 -0.00335748 
-4.25022e-05 0.000128765 -0.00347886 -6.86866e-06 0.000224943 -0.00343967 2.94644e-05 0.00013665 -0.00340983 
-6.73607e-05 0.000118784 -0.00335171 0.000210903 7.89192e-05 -0.00346348 9.29766e-05 0.000223493 -0.00347453 
0.000163269 0.000164421 -0.00342479 0.000109742 8.34004e-05 -0.00346393 7.84322e-05 0.000217389 -0.00335451 
0.000212987 9.7689e-05 -0.00336143 0.000272602 0.000185686 -0.00335914 0.000315874 9.31694e-05 -0.00331765 
0.000306432 0.000117185 -0.00342993 -0.000215301 0.000247951 -0.0033197 -0.000200415 0.000266242 -0.00343117 
-0.000114616 0.00030768 -0.00339691 7.36738e-05 0.000323584 -0.00340524 -2.28368e-05 0.000329377 -0.00331995 
-2.65809e-05 0.000329779 -0.00343827 9.56055e-05 0.000322669 -0.0033078 0.00022473 0.000241333 -0.00330684 
0.000219925 0.00024795 -0.00341675 -0.000847367 0.000492873 -0.00363299 0.000546388 0.000462743 -0.00349412 
0.000154373 0.000554862 -0.00361085 0.000536641 0.000989352 -0.00355835 0.000464596 0.00089379 0.00334753 
-0.000157674 -0.000291769 -0.00315085 -0.000213112 -0.000254383 -0.00322407 -9.80812e-05 -0.000317085 -0.00322244 
1.96456e-05 -0.000331305 -0.00324499 -4.95855e-05 -0.000328331 -0.00314355 7.06629e-05 -0.000322596 -0.00314283 
-4.7195e-06 -0.000235196 -0.00322336 4.05457e-05 -0.000233018 -0.0033133 0.000182228 -0.000273917 -0.00328772 
0.000228854 -0.000240159 -0.00320918 0.000132046 -0.000303412 -0.00321134 -0.000305419 -0.000127565 -0.00314308 
-0.000319195 -9.16973e-05 -0.00328083 -0.000275914 -0.000182731 -0.00322393 -0.000155964 -0.000175069 -0.00329378 
-0.000214449 -9.38481e-05 -0.00327282 -0.000101231 -0.000210054 -0.00321033 -0.000183897 -0.000155048 -0.00319203 
-6.86272e-05 -0.000233831 -0.00331147 -5.9709e-05 -0.000129277 -0.00334549 7.67235e-05 -0.000130903 -0.00327951 
-2.39519e-05 -0.000139354 -0.00324534 0.000153339 -0.000172445 -0.00333464 9.29523e-05 -0.000209515 -0.00320874 
0.000176617 -0.000153217 -0.0032192 0.000229778 -7.99311e-05 -0.00326524 0.000316934 -9.98937e-05 -0.00315587 
0.000273455 -0.000181636 -0.0031531 -0.000328427 -4.72e-05 -0.00319243 -0.000229448 -7.25106e-06 -0.00321996 
-0.000224344 6.1403e-05 -0.00330703 -0.000115238 -6.91779e-05 -0.00328235 -0.000127504 2.65421e-05 -0.00330963 
8.31348e-07 -5.95471e-05 -0.00330056 -5.30747e-05 -5.29164e-06 -0.00323451 5.16643e-05 3.77254e-06 -0.00323919 
-8.48964e-06 5.60631e-05 -0.00329971 7.32481e-06 -6.48028e-05 -0.00318123 0.000136924 -5.14689e-05 -0.0032924 
0.00013982 4.84927e-05 -0.00328106 0.000233407 1.12133e-05 -0.00330687 0.000139418 -1.58177e-06 -0.0031916 
0.000328521 3.70006e-05 -0.003236 0.000236618 2.34628e-05 -0.0031954 0.000642504 -3.32545e-05 -0.00340794 
-0.000645416 0.000154251 -0.00346962 -0.000319329 8.69463e-05 -0.00327524 -0.000306709 0.000132779 -0.00317018 
-0.00026237 0.00020072 -0.00321718 -0.000105486 0.000208221 -0.00327368 -0.000184037 0.000142472 -0.00325735 
-8.01112e-05 0.000112338 -0.0032503 -0.000135489 0.000189843 -0.00317916 -0.000217194 8.75725e-05 -0.00318037 
1.97628e-05 0.000145293 -0.00323924 7.50223e-05 0.000114045 -0.00332129 -1.30684e-05 0.000210253 -0.00331354 
0.000156148 0.000170049 -0.0032913 0.000223262 0.000101556 -0.003262 9.22472e-05 8.9847e-05 -0.00319714 
0.00014141 0.000184794 -0.00319176 0.000314919 9.77997e-05 -0.00316801 0.000270638 0.000198899 -0.00319925 
-0.00013767 0.000301943 -0.00328725 6.00098e-05 0.000326321 -0.00318503 -3.55111e-05 0.000332111 -0.0032134 
-2.58723e-05 0.000230709 -0.00321355 7.11185e-05 0.000231879 -0.00325225 0.000162336 0.000285373 -0.00321018 
-0.000610589 0.000585509 -0.00332078 0.000870396 0.000894779 -0.00337898 0.000930451 -0.000889114 -0.00315513 
-0.000153196 -0.000844048 -0.00321644 -0.000150254 -0.000681822 -0.00331903 -0.000108721 -0.000314164 -0.0030692 
-2.65795e-05 -0.000330365 -0.00304259 1.23207e-05 -0.000244991 -0.00311697 0.000176626 -0.000282119 -0.00300587 
8.86036e-05 -0.0003197 -0.00303633 0.000225276 -0.000243349 -0.00309166 -0.000257756 -0.000208878 -0.00312968 
-0.000231282 -7.57545e-05 -0.00310022 -8.25078e-05 -0.000122098 -0.00316041 -9.34529e-05 -0.000220154 -0.00311067 
-0.000162099 -0.000148214 -0.00309088 2.59787e-05 -0.00014546 -0.00312422 -2.64521e-05 -0.000225916 -0.00302539 
-5.64884e-05 -0.000133715 -0.0030641 0.000112806 -0.00021405 -0.00310912 0.00010555 -9.82492e-05 -0.00317297 
0.000191548 -0.000149594 -0.00310544 0.000106574 -0.000108055 -0.00307256 0.000225744 -9.4144e-05 -0.00301555 
0.000292357 -0.00015905 -0.00305375 0.000979983 -9.92369e-05 -0.00322337 -0.000330301 3.33956e-05 -0.00313584 
-0.000331652 -1.07409e-05 -0.0030463 -0.000216245 2.34806e-05 -0.00310315 -0.000151783 -5.09888e-05 -0.00317456 
-0.000120952 5.29159e-05 -0.00318067 -0.000120485 4.92343e-05 -0.00307571 -0.000137743 -4.99239e-05 -0.00307504 
-5.96267e-06 6.73021e-05 -0.00317962 6.51709e-05 9.33995e-06 -0.00312498 -6.28034e-05 -1.29697e-05 -0.00313036 
-1.72826e-05 6.15583e-05 -0.0030774 1.68522e-05 -6.1495e-05 -0.00306576 0.000142059 7.26516e-05 -0.00310811 
0.000215373 -7.09397e-05 -0.0031646 0.000139307 -1.46005e-05 -0.00305658 0.000330423 -2.70599e-05 -0.00309093 
0.000241041 2.28758e-05 -0.00308927 -0.000319718 8.45108e-05 -0.00299925 -0.00027613 0.000189574 -0.00309217 
-0.00028599 0.000170616 -0.0029955 -0.000181059 0.000140644 -0.00310219 -7.98207e-05 0.000127201 -0.00312367 
-0.000107158 0.000219347 -0.00302867 -5.85695e-05 0.000229771 -0.00311777 4.11002e-05 0.000193772 -0.00314358 
-2.53129e-05 0.000164849 -0.00304685 6.33345e-05 0.000123421 -0.00306867 0.000214517 0.000116475 -0.00316146 
0.000156456 0.000177168 -0.00307905 0.000217359 0.000105082 -0.00303345 0.000316065 9.09634e-05 -0.00304239 
0.000271088 0.000189812 -0.0030358 -0.000162619 0.000284935 -0.00311722 -0.000222993 0.00024172 -0.00301332 
1.03446e-05 0.000332086 -0.00301027 -7.63975e-05 0.000319868 -0.00307193 0.000165446 0.000281447 -0.00305454 
0.000235551 0.000236774 -0.00311625 -0.000495353 -0.000832276 -0.00312259 -0.000175487 -0.000280877 -0.00285996 
-9.55048e-05 -0.000317255 -0.00294299 -2.29582e-05 -0.000331606 -0.00286297 3.54856e-05 -0.000329835 -0.00295245 
7.42169e-05 -0.000222463 -0.00301682 9.53842e-06 -0.000235473 -0.00293127 0.000178117 -0.000280525 -0.00286813 
-0.000250893 -0.000217937 -0.00298561 -0.00030368 -0.000136021 -0.00297169 -0.000125356 -0.000203835 -0.00300852 
-0.000221183 -9.19216e-05 -0.00293593 -0.000132372 -8.94778e-05 -0.00298332 -0.000164692 -0.000171563 -0.00291399 
-8.43656e-05 -0.000228747 -0.00289706 4.42534e-05 -0.000129231 -0.00299432 -5.24941e-05 -0.000150123 -0.00296538 
3.48697e-05 -0.000151963 -0.0028804 0.000131861 -7.92358e-05 -0.0029784 0.000112379 -0.000197277 -0.00292619 
0.00019971 -0.00014046 -0.00288283 0.000254611 -0.000220488 -0.00285084 0.000248173 -0.000224875 -0.00298251 
0.0002921 -0.000157444 -0.00292677 0.000307744 -0.000128884 -0.00283662 -0.000322761 -6.46869e-05 -0.00291377 
-0.000321739 6.47157e-05 -0.00286349 -0.000238372 5.43673e-06 -0.00291601 -0.000228644 -2.75866e-05 -0.00301247 
-0.000146211 1.33504e-05 -0.00297232 -0.000219968 7.20627e-05 -0.00300679 -0.000115651 5.20276e-05 -0.00287677 
-0.000155334 -3.97715e-05 -0.00288061 -5.94556e-05 -1.87477e-05 -0.00301437 4.18143e-05 1.82263e-05 -0.00300925 
-2.74764e-05 5.052e-05 -0.00294437 3.39482e-05 -4.92007e-05 -0.00293465 -5.55773e-05 -2.87535e-05 -0.00288959 
5.98009e-05 2.3067e-05 -0.00286947 0.000126197 7.25993e-05 -0.0030072 0.000144198 6.9979e-06 -0.00292799 
0.00022894 -5.12767e-05 -0.00291731 0.000336162 1.08351e-05 -0.00298379 0.000327938 -4.29077e-05 -0.00287581 
0.000234614 4.19725e-05 -0.0029578 -0.000288935 0.000156177 -0.00289928 -0.000176514 0.000157842 -0.00297958 
-0.000200904 9.76109e-05 -0.00290249 -0.000118773 0.000213045 -0.00291702 -9.27889e-05 0.000105263 -0.00299732 
7.26187e-05 0.000216611 -0.00303158 -2.82816e-05 0.000221404 -0.0029637 2.98541e-05 0.000133265 -0.00296721 
8.12729e-05 0.0002113 -0.00291996 0.000162178 0.000163406 -0.00296664 0.00010686 0.000100612 -0.00291184 
0.000266488 0.000205988 -0.00285332 0.000242023 0.000222045 -0.00295016 0.00031867 8.83812e-05 -0.00291533 
-9.18414e-05 0.000317655 -0.00295917 -8.96979e-05 0.000318774 -0.00285783 -0.00021003 0.000258908 -0.00291362 
-5.85869e-06 0.000328119 -0.00290709 0.000105783 0.000314108 -0.00286261 0.000100736 0.00032064 -0.00296949 
-0.000256986 -0.000764861 -0.0029316 -8.91465e-05 -0.000661534 -0.0030112 -9.55033e-05 -0.000317094 -0.00279613 
-0.000161244 -0.000289017 -0.00273014 -4.38057e-05 -0.000328224 -0.00271263 6.0177e-05 -0.000323289 -0.0027753 
4.43217e-06 -0.000238195 -0.00283093 0.000135888 -0.000301767 -0.00271636 -0.000304209 -0.000131008 -0.00274016 
-0.000272193 -0.000186741 -0.0028061 -0.000213681 -0.000108126 -0.00283318 -0.000141559 -0.000195969 -0.00281809 
-0.000124881 -0.000102418 -0.00278705 -0.000206583 -8.93433e-05 -0.00272343 -6.71681e-05 -0.000227907 -0.00275718 
-6.87465e-05 -0.000126068 -0.00286909 4.79716e-05 -0.00022271 -0.00274069 6.95481e-05 -0.000129875 -0.00277119 
-3.05583e-05 -0.000134709 -0.00276656 0.000113127 -8.23309e-05 -0.00288015 0.00013084 -0.000198831 -0.00281686 
0.000190139 -0.000143074 -0.00272682 0.000301377 -0.000141388 -0.00269489 -0.000331465 -1.91916e-05 -0.00281097 
-0.000233407 -1.90443e-05 -0.0027898 -0.000143225 8.71952e-06 -0.00275671 -2.61066e-05 5.90346e-05 -0.00282904 
2.59441e-05 -6.38572e-05 -0.00283276 -5.46488e-05 -2.70566e-05 -0.00278626 4.84539e-05 1.88187e-05 -0.00277019 
-3.69075e-05 5.42946e-05 -0.00272711 0.00021885 -7.30244e-05 -0.00281134 0.000144893 1.52849e-07 -0.0028219 
0.000135652 -6.04825e-05 -0.00274233 0.000136287 3.81726e-05 -0.00272489 0.00033639 -9.34706e-06 -0.00278177 
0.000242849 2.60993e-05 -0.00282349 -0.000318999 8.12751e-05 -0.0027116 -0.000282867 0.000166637 -0.00269574 
-0.000293942 0.000148915 -0.00280044 -0.000166744 0.000168433 -0.00284053 -0.000222894 8.02989e-05 -0.00278256 
-0.00010206 0.000209409 -0.00274134 -0.000113452 0.000100472 -0.00278928 -0.00018674 0.000157091 -0.00272931 
-6.5939e-05 0.000141408 -0.00287051 3.31547e-05 0.000138917 -0.00285483 7.13143e-05 0.000226833 -0.0028134 
-2.32817e-05 0.000146307 -0.00276965 0.000157284 0.000187198 -0.00285126 0.000214673 0.000109581 -0.00288615 
0.000145404 0.000176674 -0.00275253 0.000118026 0.0001007 -0.00281233 0.000216606 9.99384e-05 -0.0027441 
0.000317722 9.5057e-05 -0.00277712 0.000298214 0.000145851 -0.00269331 0.000236237 0.00022993 -0.00274064 
-0.000116702 0.00031156 -0.00273889 -0.000226908 0.000239006 -0.00279544 -1.74941e-05 0.000239398 -0.00286272 
-1.34054e-05 0.000327797 -0.00277481 -5.85709e-06 0.000237747 -0.00273086 0.000169834 0.00028127 -0.00278694 
7.85199e-05 0.000321783 -0.00273892 -0.00052754 0.0004968 -0.00295084 -0.000148252 0.000609203 -0.00298586 
-0.000890956 0.000815627 -0.00307658 0.000142677 -0.000873024 -0.00283187 0.000294198 -0.00045075 -0.0028098 
-0.000201408 -0.000263942 -0.00264217 -0.000141025 -0.000300647 -0.00255581 -0.000101858 -0.000316117 -0.00264648 
4.62507e-05 -0.000324815 -0.00267835 -3.30469e-05 -0.000329046 -0.00258778 -1.05213e-05 -0.00024342 -0.00265435 
0.000214845 -0.000253665 -0.00257793 0.000228308 -0.000240244 -0.00268433 0.000111988 -0.00030848 -0.0026095 
-0.000321407 -8.06832e-05 -0.00265719 -0.000304439 -0.000131252 -0.00255168 -0.000275554 -0.000182921 -0.00264511 
-0.000243861 -0.000229478 -0.00254891 -0.000118308 -0.000212536 -0.00267216 -0.000182014 -0.000153754 -0.00262195 
-7.79533e-05 -0.000221104 -0.00258091 2.32882e-05 -0.000148317 -0.00267751 -6.85982e-05 -0.00013416 -0.00263428 
3.47845e-05 -0.000130523 -0.00257832 9.06667e-05 -0.000218541 -0.00265019 0.000164002 -0.000153513 -0.00263 
9.18491e-05 -7.98645e-05 -0.00265248 0.000287509 -0.000162414 -0.00254047 -0.000331951 -5.83862e-07 -0.00257681 
-0.000241543 1.83461e-05 -0.00269571 -0.000238418 3.24938e-05 -0.00259632 -0.000230611 -6.46583e-05 -0.00261847 
-9.49926e-05 -6.27867e-05 -0.0027001 -0.000149138 2.85479e-05 -0.00265886 -0.000131711 -5.44828e-05 -0.00260597 
1.03755e-05 -5.62434e-05 -0.00271565 4.60313e-05 2.54435e-05 -0.00267034 -5.18392e-05 1.38191e-05 -0.00263649 
4.52037e-05 -2.46765e-05 -0.00258317 9.32974e-06 7.73049e-05 -0.00258531 0.000234069 6.3022e-05 -0.00264581 
0.000157799 -2.85724e-06 -0.00263203 0.000231294 -4.1345e-05 -0.00271612 0.000230385 -7.9174e-05 -0.00262188 
0.000327288 -5.30597e-05 -0.00258365 0.000331366 -1.71951e-05 -0.0026825 0.000330372 6.57902e-05 -0.00261807 
-0.000253922 0.000212014 -0.00257597 -0.000318321 9.05879e-05 -0.00261179 -0.000100812 0.000209748 -0.00264077 
-0.000212209 0.000119198 -0.00263943 -0.000105722 0.000114899 -0.00268644 -0.000160704 0.000177153 -0.00256516 
-7.84699e-05 0.000125316 -0.00259041 6.60562e-05 0.000115024 -0.00272725 -1.30409e-05 0.000147225 -0.00266728 
7.76728e-05 0.000206142 -0.0026838 0.000178551 0.00014654 -0.00264422 0.000104507 8.56943e-05 -0.00261503 
0.000237602 0.000227828 -0.00264222 0.000295366 0.000145556 -0.00255688 -0.000137257 0.00030201 -0.00260546 
-0.000210516 0.000253125 -0.00268314 -4.51821e-05 0.00033336 -0.00256152 5.02648e-05 0.000325176 -0.00261587 
-4.25015e-05 0.000333364 -0.00266403 -3.23998e-06 0.00024022 -0.00263054 0.000135892 0.000305154 -0.00258309 
0.000170636 0.000279786 -0.00267237 -0.000901606 0.000669018 -0.00276706 -0.000422726 0.000789561 -0.00284689 
-0.000193054 -0.000267976 -0.00246924 -0.00010271 -0.000315423 -0.00239207 -2.54691e-05 -0.000328315 -0.00244683 
2.35778e-05 -0.000235061 -0.00255514 -3.72816e-05 -0.000228596 -0.00244068 6.29506e-05 -0.000228969 -0.00243497 
0.000104917 -0.000313343 -0.0024692 0.000178468 -0.00028027 -0.00243236 0.000234418 -0.000230975 -0.00248135 
-0.000277306 -0.000180285 -0.00243962 -0.000200366 -0.000106762 -0.0025328 -0.000131988 -0.00017728 -0.00250822 
-0.000191246 -0.00012625 -0.00243494 -8.28767e-05 -0.00010527 -0.00243623 -3.42009e-05 -0.000156315 -0.00251007 
8.80085e-05 -0.000125805 -0.00249018 0.000194984 -0.000132151 -0.00251397 0.000127439 -0.000207533 -0.00254336 
0.000152958 -0.000182964 -0.00243753 0.000311747 -0.000103109 -0.00241437 -0.000331118 -2.81628e-05 -0.00244691 
-0.000239496 4.85856e-05 -0.00242726 -0.000242716 -1.41785e-05 -0.002507 -0.00014662 5.16378e-05 -0.00256146 
-0.000125768 -4.56252e-05 -0.00250441 -0.000139847 2.70712e-05 -0.00243096 -4.28137e-05 -6.7878e-05 -0.00256196 
-5.66983e-05 2.85096e-05 -0.00252408 4.05224e-05 3.24161e-05 -0.00250115 6.23344e-06 -5.86929e-05 -0.00247302 
-4.02315e-05 2.40318e-05 -0.00242232 0.000132522 -6.98421e-05 -0.00256131 0.000134428 2.77109e-05 -0.00253799 
0.000237255 -4.61703e-05 -0.00245864 0.000233845 6.24152e-05 -0.00245057 0.000227755 -6.72216e-06 -0.00255167 
0.000134103 -4.11847e-05 -0.00246196 0.000134673 6.31763e-05 -0.00243568 0.000328226 3.75865e-05 -0.0025225 
0.00032856 -6.997e-06 -0.00242647 -0.000303436 0.000138342 -0.00238427 -0.000317947 9.10732e-05 -0.0024814 
-0.000270511 0.000194307 -0.00246638 -0.000216589 0.000106496 -0.00251501 -0.000127678 0.000208796 -0.00247584 
-0.000191639 0.000147434 -0.00242391 -0.000118964 0.000109382 -0.00248456 5.91185e-05 0.000216199 -0.00254933 
-1.74607e-05 0.000137531 -0.00250804 -5.4662e-05 0.0002234 -0.00254442 4.75547e-05 0.000132333 -0.00243007 
0.00015501 0.000183941 -0.00255405 0.000208303 9.67493e-05 -0.00254987 8.22918e-05 0.000121425 -0.00252382 
0.000181654 0.000148765 -0.00246307 0.000106759 0.000212236 -0.00244123 0.00024032 0.000228094 -0.00248531 
0.000303322 0.000139818 -0.00241636 -8.2563e-05 0.000319514 -0.00244916 -0.000205945 0.000264824 -0.00241994 
-0.000191577 0.000276399 -0.0025312 6.02945e-05 0.000322582 -0.00247741 4.89538e-06 0.000237272 -0.00246088 
0.000139069 0.000304332 -0.00241574 0.00018067 0.000275361 -0.002513 -0.000201954 -0.000262958 -0.00232294 
-6.94343e-05 -0.000329819 -0.00230012 3.18124e-05 -0.000330165 -0.00236491 -5.25359e-05 -0.000229294 -0.00234126 
3.68634e-05 -0.000239622 -0.00229373 0.000175068 -0.000283361 -0.00232939 0.000105094 -0.000310733 -0.00226495 
0.000238245 -0.000231993 -0.0023773 -0.000303394 -0.00013946 -0.00234901 -0.000127228 -0.00020018 -0.00240734 
-0.000190448 -0.000147969 -0.00233684 -9.03375e-05 -0.000129947 -0.00233948 -0.000129398 -0.000205777 -0.00227811 
1.26776e-05 -0.000143732 -0.00242064 6.81129e-06 -0.000146357 -0.0023151 0.000103771 -0.000104158 -0.00238946 
0.000205024 -0.000109202 -0.00238222 0.000132836 -0.000185115 -0.00233308 0.000201609 -0.000121216 -0.00225925 
0.000106406 -9.50394e-05 -0.00227981 0.000269318 -0.000193332 -0.00228069 -0.000331776 -8.63677e-06 -0.00230066 
-0.00023782 -5.16044e-05 -0.00235106 -0.000239303 2.52813e-05 -0.00228343 -0.000135797 -4.28931e-05 -0.00235955 
-0.000140393 3.25463e-05 -0.00226917 5.76904e-05 5.29272e-06 -0.00240519 -8.92774e-06 -6.08986e-05 -0.00236894 
-5.67476e-05 1.27389e-05 -0.00232023 0.000208782 6.23198e-05 -0.00232624 0.000143882 -1.72107e-05 -0.00235936 
0.000324784 -7.10937e-05 -0.00232058 0.000229683 -4.0286e-05 -0.00231241 -0.000312922 0.000123818 -0.00227568 
-0.000147003 0.000180355 -0.00232528 -0.000217216 0.000109321 -0.00233458 -0.000117813 8.66207e-05 -0.00235062 
-8.4325e-05 0.000228195 -0.0023875 -7.77383e-05 0.000231599 -0.00227268 -5.17188e-05 0.000130152 -0.00241347 
1.09213e-05 7.83264e-05 -0.00235409 -4.47875e-05 0.000139712 -0.00229769 5.43832e-05 0.000147299 -0.0022864 
9.80674e-05 0.000222669 -0.00233913 0.000170492 0.000154386 -0.00235085 0.000109654 7.47354e-05 -0.00233717 
0.000247163 0.00021057 -0.00238335 0.000283204 0.000170436 -0.00229496 0.000322566 7.89166e-05 -0.00233967 
-0.00022257 0.000246084 -0.00232327 -8.31933e-05 0.00031951 -0.00233286 -0.00017545 0.00028208 -0.00224288 
-2.54462e-05 0.000330707 -0.00224388 5.43806e-05 0.000324205 -0.00237289 -1.27216e-07 0.000243702 -0.00233568 
0.000177456 0.000277588 -0.00230867 8.40343e-05 0.00032135 -0.00225273 -6.98869e-05 -0.000691714 -0.00237307 
-0.000202427 -0.000263044 -0.00208627 -0.000100151 -0.000315982 -0.00220739 -0.000219124 -0.000249193 -0.0022261 
-2.07136e-05 -0.000327254 -0.00212202 5.05292e-07 -0.000336574 -0.00222626 -4.40173e-05 -0.000234534 -0.00223388 
0.00022873 -0.000239883 -0.00210492 0.000177277 -0.000280739 -0.00219287 0.000110826 -0.000305552 -0.00212042 
-0.000277587 -0.000179789 -0.00215973 -0.000318433 -9.58782e-05 -0.00212385 -0.000223776 -9.39367e-05 -0.00225164 
-0.000169419 -0.000168638 -0.00219184 -0.000210802 -9.3556e-05 -0.00214054 -0.000106767 -9.88834e-05 -0.00215583 
-9.54886e-05 -0.000217625 -0.00214486 -4.77838e-05 -0.00013423 -0.00223081 7.84792e-05 -0.000134053 -0.00218222 
3.71837e-05 -0.000225565 -0.00217437 -8.52153e-06 -0.000108357 -0.00213858 0.000120843 -0.000207161 -0.00223625 
0.000191825 -0.000151685 -0.00214931 0.000309309 -0.000116579 -0.00215725 -0.000322094 -7.01388e-05 -0.00222264 
-0.000329431 1.29897e-05 -0.00209073 -0.000244285 -1.37484e-05 -0.00219086 -0.000121969 -6.80875e-05 -0.00225949 
-0.000144225 -8.26819e-06 -0.00217784 -0.000129955 6.96389e-05 -0.00211579 8.5073e-06 -5.77558e-05 -0.00226624 
6.24849e-05 2.72171e-05 -0.00226241 -5.54866e-05 1.01951e-05 -0.0022203 6.09722e-05 -3.52802e-05 -0.00217894 
2.07688e-05 5.7533e-05 -0.00217612 -5.27077e-05 -1.76096e-05 -0.00212391 0.00014825 -1.21918e-05 -0.00222252 
0.000229926 -6.00497e-05 -0.00218495 0.000144723 -6.35059e-05 -0.00213125 0.000133731 6.0408e-05 -0.00212535 
0.000331778 2.32338e-05 -0.00209593 0.000332579 -2.65081e-05 -0.00222911 0.000242097 2.53599e-05 -0.00223724 
0.000232329 5.08612e-05 -0.002141 -0.000318974 8.72564e-05 -0.00218096 -0.000251474 0.000216047 -0.00221745 
-0.000160068 0.000172131 -0.0022263 -0.000219477 9.21562e-05 -0.00221167 -8.64515e-05 0.000214555 -0.00217218 
-8.57776e-05 0.000105165 -0.00220728 -0.000162633 0.000165985 -0.00212569 2.65642e-06 0.000153464 -0.00219879 
6.83541e-05 0.000138099 -0.00212417 4.74987e-05 0.000234768 -0.00214104 0.000146268 0.000186036 -0.00225804 
0.000209906 0.000120007 -0.00221593 0.000111417 0.000101489 -0.00221611 0.000140313 0.000199944 -0.00215599 
0.000315606 0.000101742 -0.00217093 0.000260894 0.000211737 -0.00218203 0.00029406 0.000153612 -0.00208829 
-0.000219811 0.000248758 -0.00210153 -0.000112192 0.000313011 -0.00216487 2.34613e-05 0.000243146 -0.00223773 
-2.25665e-06 0.000328071 -0.00213972 0.000129925 0.000305685 -0.00211354 0.000181955 0.00027576 -0.00220913 
0.000972262 0.000419231 -0.00233544 -9.92454e-05 -0.000316347 -0.00203277 -0.00022553 -0.000236135 -0.00197782 
4.47567e-05 -0.000324878 -0.00204132 4.33404e-05 -0.000325062 -0.00194183 -1.62382e-05 -0.000234942 -0.00196211 
0.000172156 -0.000285577 -0.00204327 7.46105e-05 -0.000232707 -0.0020102 -0.00030549 -0.000130211 -0.00201582 
-0.000170536 -0.000166986 -0.00208307 -9.76929e-05 -0.000216801 -0.00201917 -7.62319e-05 -0.000129218 -0.00206557 
-0.000166778 -0.000147176 -0.00198465 -1.42042e-05 -0.000210485 -0.00208155 1.76285e-05 -0.000150612 -0.00200487 
7.39547e-05 -0.000114018 -0.00208125 0.000115578 -0.000204722 -0.00210539 0.000182588 -0.000147739 -0.00204295 
0.000123379 -8.45867e-05 -0.00197612 0.000295991 -0.000150106 -0.00206401 0.000243769 -0.000228645 -0.00199269 
0.000310464 -0.000107447 -0.0019678 -0.000332086 -6.44183e-07 -0.00199102 -0.000230095 2.19088e-05 -0.00198941 
-0.000219124 -7.31243e-05 -0.00203119 -0.000229167 1.93357e-05 -0.00209739 -0.000141377 -2.9305e-05 -0.00207919 
-0.000128279 5.08007e-05 -0.0020175 -0.000137814 -4.15655e-05 -0.0019791 5.1787e-05 1.3361e-05 -0.0020918 
-3.35537e-05 5.26821e-05 -0.00205513 -3.99892e-05 -4.3119e-05 -0.00202534 5.53329e-05 2.40008e-05 -0.00199181 
0.000138148 -9.62089e-06 -0.00204696 0.000231976 2.89e-05 -0.00204078 0.000331276 -2.81124e-05 -0.00200157 
0.000319837 7.60423e-05 -0.00197617 0.000233871 -6.55609e-05 -0.00207455 0.000229901 -4.28368e-05 -0.00195161 
-0.000290836 0.000153807 -0.00206965 -0.000265654 0.000198501 -0.00195985 -0.000316706 9.43727e-05 -0.00199656 
-7.65472e-05 0.000226697 -0.00207255 -0.000203203 0.000107498 -0.00205281 -0.000125927 0.000158262 -0.00201446 
-5.04489e-05 0.000134299 -0.0021143 1.52273e-05 0.000138776 -0.00203838 -6.6385e-05 0.00022056 -0.00196293 
0.000194004 0.000147127 -0.00208552 0.000116153 0.00020873 -0.00205771 0.00010773 0.00010075 -0.00203654 
0.00019726 0.000109136 -0.0019879 0.000284967 0.000163057 -0.0019738 -8.90682e-05 0.000319286 -0.0019419 
-0.000160205 0.000286263 -0.00203541 6.44857e-05 0.000322147 -0.00193579 -3.52353e-05 0.00033315 -0.00202552 
6.7529e-05 0.000321942 -0.00203946 1.24783e-05 0.000237958 -0.0020224 0.000144704 0.000303034 -0.00198316 
0.000222309 0.000246664 -0.00205268 -0.00015885 -0.000289271 -0.00187904 -0.000127541 -0.000307235 -0.00178117 
-7.13093e-05 -0.000325054 -0.00192591 -1.41765e-05 -0.000328487 -0.00181245 0.000103375 -0.000311312 -0.00186319 
0.000175195 -0.000282452 -0.00192556 -0.000320551 -8.76526e-05 -0.00192863 -0.000278356 -0.000178459 -0.00183094 
-0.000279425 -0.000175765 -0.00192858 -0.000102076 -0.000202265 -0.00192013 -7.3145e-05 -0.000116716 -0.00196614 
-0.000185415 -0.000161017 -0.00188329 -0.000103771 -0.000111977 -0.00185259 -0.000120572 -0.000210367 -0.00182183 
5.37464e-05 -0.000226457 -0.00188975 -1.74079e-05 -0.000155973 -0.0018926 7.9519e-05 -0.000130162 -0.00189797 
0.000144043 -0.000185965 -0.00195386 0.000204986 -0.000125282 -0.00189585 0.000147291 -0.000183744 -0.00183888 
0.000321705 -8.17349e-05 -0.00187195 0.000282895 -0.000168069 -0.00181865 -0.000322069 -7.47903e-05 -0.00182517 
-0.000332043 1.51552e-06 -0.00189231 -0.000237877 3.60739e-05 -0.00189015 -0.000218502 -7.83916e-05 -0.00192942 
-0.000143603 1.60981e-05 -0.00186268 -0.000221817 -5.7487e-05 -0.0018307 -3.51079e-05 4.65705e-05 -0.00195532 
2.53751e-05 -6.36609e-05 -0.00195175 -6.84905e-05 -3.56738e-05 -0.00190699 6.63264e-05 2.15874e-05 -0.00189234 
-3.07442e-05 4.1914e-05 -0.00185515 9.43185e-06 -6.57447e-05 -0.00185159 0.000147944 1.74204e-05 -0.00195116 
0.000139542 -5.21743e-05 -0.00187675 0.000132713 6.56115e-05 -0.00182551 0.000326139 2.08403e-05 -0.00190271 
0.00033403 2.18721e-05 -0.00180923 0.000230482 5.04969e-05 -0.00190352 0.000234597 -3.93702e-05 -0.00184671 
0.000232989 6.16602e-05 -0.00180412 -0.000320491 7.83977e-05 -0.00181036 -0.000309678 0.000110043 -0.00189939 
-0.000213471 0.00011326 -0.00195227 -0.000136826 0.000190493 -0.00189813 -0.00012002 9.07165e-05 -0.00192498 
-0.000193685 0.000119658 -0.00185351 -0.000112917 0.000216605 -0.00180374 -4.64126e-06 0.000140692 -0.00194027 
-6.31963e-05 0.000136673 -0.0018564 4.68927e-05 0.000224268 -0.0019204 4.1058e-05 0.000114778 -0.00185238 
0.000139473 0.000200564 -0.00195 0.000176085 0.000132575 -0.00188609 9.4014e-05 0.000107527 -0.0019377 
0.000108485 0.000196992 -0.00184597 0.000250727 0.000219156 -0.00189152 0.000308552 0.000118254 -0.00188881 
-9.07901e-05 0.000317478 -0.00184397 -0.000200064 0.000269116 -0.00190648 4.69869e-05 0.000327052 -0.00181191 
-3.80594e-05 0.000233695 -0.00186795 0.000168246 0.000282096 -0.00182211 -0.000211979 -0.000255221 -0.00171951 
-4.50809e-05 -0.000328319 -0.00172497 -1.90692e-05 -0.000330699 -0.00163505 3.63675e-05 -0.000240424 -0.00168525 
0.000121446 -0.000307391 -0.00169856 0.000225851 -0.000241828 -0.00176358 -0.000277488 -0.000179942 -0.00171556 
-0.000194714 -0.000145513 -0.00178436 -0.000130722 -0.000196614 -0.00172312 -0.000118245 -9.79154e-05 -0.00174076 
-0.00019729 -0.000136622 -0.00167442 -3.89398e-05 -0.000231952 -0.00175628 5.73202e-05 -0.000231675 -0.00178696 
-2.54689e-05 -0.000139399 -0.00179356 7.88328e-05 -0.000118949 -0.00179777 -5.6148e-05 -0.000147986 -0.00167706 
5.38109e-05 -0.00014146 -0.00170301 0.000210318 -0.000109913 -0.00177605 0.000133238 -0.00019831 -0.00172498 
0.000190408 -0.000124805 -0.00167897 0.000320425 -8.58718e-05 -0.00173269 0.000265841 -0.000196947 -0.00168007 
-0.000331787 -1.08436e-05 -0.0017492 -0.000332444 3.08646e-05 -0.00164503 -0.000237633 -5.58661e-05 -0.00172773 
-0.000228592 4.42301e-05 -0.00178811 -0.000109454 7.7799e-05 -0.00178983 -0.00015224 -2.92425e-06 -0.00173864 
-7.65571e-05 -3.0038e-05 -0.0018022 -3.54266e-07 4.55403e-05 -0.00175965 5.68565e-06 -5.4978e-05 -0.0017482 
-6.22817e-05 5.01851e-06 -0.00169118 5.15666e-05 1.04561e-05 -0.00167992 0.000222955 -2.45611e-05 -0.00172532 
8.26964e-05 -1.80122e-05 -0.00180196 0.000224847 7.35799e-05 -0.00170432 0.000118413 -6.57032e-05 -0.00171976 
0.0001351 3.52172e-05 -0.00173022 0.000331597 -2.72504e-05 -0.00165249 0.000323839 7.47064e-05 -0.00168806 
-0.000263132 0.000200452 -0.00177406 -0.00031184 0.000125975 -0.00172468 -0.000253657 0.000212122 -0.00167666 
-0.000175312 0.000152718 -0.00175868 -0.000222556 8.88459e-05 -0.00169631 -0.000135662 0.000203617 -0.00167402 
-8.32428e-05 0.000117656 -0.00169576 2.55859e-05 0.000232434 -0.00178775 -1.65843e-05 0.000143874 -0.00176817 
1.78418e-05 0.000143313 -0.00167337 0.000177774 0.000149036 -0.00178397 0.000109125 0.000209341 -0.00173746 
7.94126e-05 0.0001147 -0.00175658 0.000175479 0.000157964 -0.00168163 0.000298573 0.000139939 -0.00177495 
0.000270871 0.00019169 -0.00169283 -8.68122e-05 0.000319812 -0.00174512 -0.000176187 0.000281825 -0.0017413 
-0.00013358 0.000308244 -0.00165773 2.48034e-06 0.000332293 -0.00171284 -5.17069e-05 0.000227938 -0.00172421 
3.69764e-05 0.000241406 -0.00167491 0.000146002 0.000302509 -0.00171848 0.000231769 0.000236017 -0.00177117 
-0.000159487 -0.000289934 -0.0016252 -0.000101813 -0.000315499 -0.00155698 -0.000221126 -0.000242186 -0.00148106 
-4.43956e-05 -0.000235279 -0.00161917 0.000171127 -0.000282551 -0.00161885 0.000102601 -0.000311837 -0.00154616 
-0.000258736 -0.000215441 -0.00156856 -0.000303223 -0.000142609 -0.00162705 -0.000321854 -9.95954e-05 -0.00149804 
-0.000133567 -0.000189828 -0.00161812 -0.00019666 -0.000137395 -0.0015599 -0.000114074 -0.000194455 -0.00151991 
-7.40284e-05 -0.000118712 -0.00158056 2.39673e-05 -0.000162682 -0.00160783 5.3417e-05 -0.0001039 -0.00153215 
0.000129014 -0.000191006 -0.0016135 9.69933e-05 -9.55129e-05 -0.00162281 0.000185939 -0.000126057 -0.00156293 
7.30227e-05 -0.000204739 -0.00153106 0.00030813 -0.000123814 -0.00162914 0.000270516 -0.000194735 -0.00155711 
-0.000332023 1.5215e-06 -0.00150651 -0.000238374 3.7944e-05 -0.00161155 -0.000239044 -4.10756e-05 -0.00151164 
-0.000230732 -6.18865e-05 -0.00161678 -0.000134967 -5.30052e-05 -0.00165143 -0.000143627 4.72901e-05 -0.0016506 
-0.000202745 8.57742e-05 -0.00153112 -0.000144596 -5.28684e-05 -0.00154727 3.31815e-06 -7.2499e-05 -0.00164946 
-1.36787e-05 6.19108e-05 -0.00162373 -6.10217e-05 -2.00297e-05 -0.00159145 4.2495e-05 -9.96135e-06 -0.0015819 
-2.62612e-05 5.18792e-05 -0.00152476 0.00014799 -9.46792e-06 -0.0016415 0.000139949 6.13516e-05 -0.00156333 
0.000144056 -3.69424e-05 -0.00154425 0.000330195 -3.21062e-05 -0.00153489 0.000236793 -5.54778e-05 -0.00161293 
0.000237988 4.48231e-05 -0.00160934 0.00023956 5.37331e-05 -0.00150949 -0.000299724 0.000143768 -0.00162367 
-0.000252491 0.000213885 -0.00150738 -0.000318352 9.03352e-05 -0.001549 -0.000191366 0.000144167 -0.00161545 
-0.000108301 0.000207291 -0.00154306 -9.62688e-05 0.000103772 -0.00157908 4.75633e-05 0.000135641 -0.00157739 
0.000112025 0.000202 -0.00161591 0.000102769 9.23223e-05 -0.00165113 0.000200054 0.000141023 -0.00158013 
0.000138258 0.000199612 -0.00151668 0.000308329 0.000121915 -0.00160256 0.000280865 0.000176244 -0.00152369 
-0.000208093 0.000260168 -0.00157714 -0.000171731 0.000284327 -0.00148764 -8.88423e-05 0.000319652 -0.00153586 
1.77549e-05 0.000236977 -0.00154986 -5.22753e-05 0.000226346 -0.00162364 -4.24986e-05 0.000333707 -0.00162293 
-8.06628e-06 0.000327886 -0.00149786 0.000177398 0.000277713 -0.00156552 7.71169e-05 0.000321276 -0.00157041 
0.000233798 0.000233554 -0.00161672 -0.00020533 -0.00026146 -0.00138738 -0.000104005 -0.000314848 -0.00136134 
-0.000141722 -0.000300578 -0.00145858 -4.75037e-05 -0.000328426 -0.00147615 2.73586e-05 -0.000330613 -0.00135571 
4.5632e-05 -0.000324871 -0.00145366 -1.36892e-05 -0.000235215 -0.0014905 5.05374e-05 -0.000228592 -0.00140925 
0.000134839 -0.000301191 -0.00144317 0.000136028 -0.000298716 -0.00134089 0.000222983 -0.000246313 -0.00147422 
0.000219807 -0.000248531 -0.00136754 -0.000280423 -0.000174039 -0.00139681 -0.000207838 -0.000127699 -0.00145986 
-9.29718e-05 -0.000217203 -0.00142415 -0.000151495 -0.000148705 -0.00137881 -3.79242e-05 -0.000136069 -0.00148892 
-5.80742e-05 -0.000100801 -0.00139754 0.000206447 -0.000123851 -0.00144112 0.000137652 -0.000200208 -0.00144998 
7.40009e-05 -0.000129596 -0.00141889 0.000319663 -8.82254e-05 -0.00142512 0.000282052 -0.000172924 -0.00138765 
-0.000323557 -7.3115e-05 -0.00138948 -0.000329259 4.6217e-05 -0.00134303 -0.000237861 -3.72624e-06 -0.00141693 
-0.000127581 3.96404e-05 -0.00148357 -0.000148214 -4.93655e-05 -0.00144085 -0.000148389 3.64278e-05 -0.00138582 
-6.24244e-05 -3.66384e-05 -0.00149244 1.96462e-05 -4.74584e-05 -0.00143628 7.45621e-05 1.59702e-05 -0.00149071 
-5.50396e-05 5.61979e-07 -0.00138888 3.42232e-05 4.56437e-05 -0.00140281 0.00016184 4.4417e-05 -0.00144715 
0.000132247 -5.19603e-05 -0.00144512 0.000331316 1.7641e-05 -0.00144839 0.000240693 -4.50098e-05 -0.00149223 
0.000240347 -4.16482e-05 -0.0013846 -0.000250362 0.00021703 -0.00140064 -0.000313189 0.000101884 -0.00141786 
-0.00017054 0.000164085 -0.00147767 -9.5298e-05 0.000216722 -0.00143759 -0.000214062 0.000109112 -0.00140598 
-0.0001614 0.000183455 -0.00136443 -7.1957e-05 0.000104976 -0.00143157 -2.81402e-05 0.000152907 -0.00151433 
2.21091e-05 0.000142 -0.00142697 6.13709e-05 0.000229383 -0.00145931 0.000200441 0.000136843 -0.0014698 
9.71055e-05 0.000113404 -0.0014869 0.000135447 0.000181423 -0.00140792 0.000212655 9.87973e-05 -0.00137319 
0.000303422 0.000128436 -0.00140587 -8.69572e-05 0.00031937 -0.00143541 -0.000168777 0.000286092 -0.00138809 
-3.73239e-07 0.000328118 -0.00139617 -9.15377e-06 0.000228845 -0.0013874 0.000226391 0.000242774 -0.00135718 
8.48038e-05 0.000320977 -0.00132986 0.000131173 0.000305936 -0.00143715 0.000222804 0.000252363 -0.00147394 
-0.000151062 -0.00029535 -0.00127537 -3.32879e-05 -0.000329905 -0.00126934 5.85273e-05 -0.00023758 -0.00130801 
-4.26374e-05 -0.000240623 -0.00133443 -1.65123e-05 -0.000238205 -0.00123247 0.000225099 -0.000244237 -0.00121834 
0.000119566 -0.000304664 -0.00121225 -0.000279903 -0.00017568 -0.00126421 -0.000104984 -0.000204589 -0.00126478 
-0.000181108 -0.000139086 -0.0012689 -6.82079e-05 -0.000116591 -0.00129556 -0.000229928 -8.16248e-05 -0.00135131 
9.2018e-06 -0.000155962 -0.00134745 1.53519e-05 -0.000144265 -0.00124809 0.000163713 -0.00016442 -0.00136026 
9.31941e-05 -0.000111587 -0.00130949 0.000215867 -0.000106257 -0.00128898 0.000141553 -0.000199143 -0.00126646 
0.00031536 -0.000102584 -0.00127551 0.000288179 -0.000168688 -0.00120642 -0.0003217 6.49876e-05 -0.00124863 
-0.000323965 -5.78256e-05 -0.00129186 -0.000218264 -1.23345e-05 -0.00127912 -0.000128057 -5.16598e-05 -0.0013429 
-0.000131696 -5.13752e-05 -0.0012426 -0.000132119 4.93406e-05 -0.00122783 1.38808e-05 -5.10085e-05 -0.00133581 
-6.12386e-05 1.15209e-05 -0.0012896 2.7742e-05 5.78328e-05 -0.00130273 -5.62707e-07 -4.66283e-05 -0.00123179 
0.000120861 6.23693e-05 -0.00135432 0.000147927 -3.35193e-05 -0.0013468 8.73792e-05 -1.50555e-05 -0.00126902 
0.000173711 -4.18358e-05 -0.00122477 0.000329787 2.72096e-05 -0.00130063 0.000332771 -2.61673e-05 -0.00118328 
0.000222646 2.20802e-05 -0.00129976 -0.000286241 0.00016082 -0.00131918 -0.00029115 0.000153674 -0.00120168 
-8.45542e-05 0.000226105 -0.00131497 -0.000202227 9.10047e-05 -0.00130369 -0.000102 9.80706e-05 -0.00132212 
-0.000158593 0.0001724 -0.0012649 -7.47522e-05 0.000191059 -0.00121005 -0.000229176 6.54525e-05 -0.00120977 
-1.35003e-05 0.000144588 -0.00133342 -4.34909e-05 9.92857e-05 -0.00123864 2.87252e-06 0.000230966 -0.00126557 
7.77959e-05 0.000220663 -0.001336 0.000163542 0.000159958 -0.00130903 9.74069e-05 0.000210554 -0.00123837 
0.000205856 0.000118492 -0.00122427 0.000111982 9.01714e-05 -0.00125851 0.000295025 0.000151906 -0.00126624 
-0.000235614 0.000234354 -0.00118192 -0.000102854 0.00031575 -0.00124096 -0.000204626 0.000264047 -0.00127728 
-2.03658e-05 0.00033067 -0.00125908 0.00012271 0.000305694 -0.00121731 0.000191666 0.000270756 -0.00125116 
-0.000102634 -0.000315035 -0.0010506 -0.000221422 -0.000241952 -0.00115762 -0.000130757 -0.000308608 -0.00117547 
-4.95164e-06 -0.000333229 -0.00102989 -5.16415e-06 -0.000337297 -0.00115134 7.1143e-05 -0.000220685 -0.00118663 
0.000113557 -0.000309819 -0.00105963 0.000171658 -0.000285685 -0.00112502 -0.000267763 -0.000190507 -0.00107928 
-0.000306552 -0.000124663 -0.00115963 -0.000209508 -9.09939e-05 -0.00118406 -0.000125191 -0.000202945 -0.00116681 
-0.000177165 -0.00014664 -0.00110224 -6.81051e-05 -0.000118401 -0.00119145 -2.64244e-05 -0.000212693 -0.00113587 
4.71972e-05 -0.000143459 -0.00112681 -5.97932e-05 -9.53489e-05 -0.00108788 8.82053e-05 -9.15202e-05 -0.00120365 
0.00018905 -0.00014304 -0.00119516 0.000134561 -0.000191116 -0.00110411 0.000212865 -0.000116948 -0.00110054 
0.000256897 -0.000209044 -0.00105862 0.000313596 -0.000104236 -0.0010807 -0.000328084 2.40373e-05 -0.00110643 
-0.000324642 -7.09469e-05 -0.0010738 -0.00023314 -1.50109e-05 -0.00112328 -0.000132849 -3.02139e-05 -0.00114073 
-0.000119346 6.34447e-05 -0.00110587 4.95828e-05 3.15703e-05 -0.00118826 -5.22026e-05 2.07139e-05 -0.00117367 
2.49393e-05 -4.46664e-05 -0.0011254 -3.53728e-05 1.75426e-05 -0.00107316 7.43554e-05 2.37801e-06 -0.00104721 
0.00014745 4.71487e-05 -0.00117517 0.000130954 -4.13129e-05 -0.00112452 0.000242815 2.65484e-05 -0.0012008 
0.000333276 -2.60842e-05 -0.00107883 0.000331785 6.17603e-05 -0.00116766 0.000225626 1.70914e-05 -0.00110097 
-0.000297973 0.000146054 -0.00108549 -0.000250448 0.000212265 -0.00103527 -0.000160783 0.000129972 -0.00117415 
-0.00021691 8.6486e-05 -0.00110361 -0.000163719 0.000168012 -0.00107787 -7.02831e-05 0.000222089 -0.00111226 
4.04671e-05 0.000132609 -0.00119561 -2.36061e-05 0.000118891 -0.00111891 0.000144799 0.000177427 -0.00115554 
0.000206364 0.00011766 -0.001098 9.35352e-05 0.000101714 -0.00110732 0.000102363 0.000197523 -0.00106721 
0.000285472 0.000169911 -0.00116888 0.000236516 0.000229394 -0.0010662 0.000312931 9.98451e-05 -0.00106911 
-0.000152793 0.000290633 -0.00103166 -0.000112413 0.000308651 -0.00114296 -4.34482e-05 0.000329421 -0.00107382 
5.02783e-05 0.000328149 -0.00115596 2.60095e-05 0.000227092 -0.00116344 1.37851e-05 0.000244707 -0.00106298 
0.000135691 0.00030448 -0.0010545 0.000189178 0.000271065 -0.00114642 0.000440617 0.000447394 -0.0012481 
-0.000209092 -0.00025769 -0.00102146 -0.000111793 -0.000310424 -0.000914488 -0.000219929 -0.000248505 -0.000923059 
-1.82063e-05 -0.000330281 -0.000912531 0.000171795 -0.000284037 -0.00098315 0.000104289 -0.000311512 -0.000914855 
-0.000302865 -0.000137018 -0.000895647 -0.000304656 -0.00013547 -0.000996711 -0.000111514 -0.000209637 -0.00104539 
-0.000145992 -0.000119161 -0.00100699 -2.75155e-06 -0.000179869 -0.00104348 -6.72144e-05 -0.000167871 -0.000960012 
5.32013e-05 -0.000215433 -0.00092104 3.99704e-05 -9.4888e-05 -0.000924087 9.87671e-05 -0.000207528 -0.0010106 
0.000106139 -0.00010438 -0.00104898 0.000177232 -0.000126305 -0.000981334 0.000313456 -0.000122075 -0.00098057 
0.000251496 -0.000220495 -0.000956755 -0.000319812 7.43245e-05 -0.000882635 -0.000327461 -4.7586e-05 -0.000880054 
-0.00033174 -1.44062e-05 -0.000974618 -0.000230369 -7.40459e-05 -0.00103746 -0.000209148 6.20191e-05 -0.00100395 
-0.000131153 -4.75072e-06 -0.00103178 -0.000202151 -3.50884e-05 -0.000947345 -0.000130248 5.75294e-05 -0.000922988 
1.34788e-05 -7.43552e-05 -0.00101864 -4.22757e-06 1.81104e-05 -0.000970048 -8.11251e-05 -4.6693e-05 -0.000953178 
0.000228609 5.77862e-05 -0.00100357 0.00023335 -4.5449e-05 -0.00101154 0.000160075 -8.7584e-06 -0.000950218 
0.000100038 7.07975e-05 -0.000976957 0.000329353 2.29317e-05 -0.000996562 -0.0003196 7.74216e-05 -0.000997541 
-0.000282412 0.000167766 -0.000962134 -0.00024712 0.000215853 -0.000883604 -9.36919e-05 0.000206419 -0.00101632 
-0.000165694 0.000148032 -0.000969613 2.9136e-05 0.000121883 -0.00103021 -6.92604e-05 9.86276e-05 -0.00101011 
-1.30833e-05 0.000237784 -0.000942179 7.98458e-05 0.000185854 -0.000949613 0.000186906 0.000144814 -0.000976453 
0.000310999 0.000108526 -0.000955637 0.000263905 0.000208912 -0.000969146 -0.000161965 0.000285326 -0.000934028 
3.60104e-05 0.000327769 -0.000994175 -6.65379e-05 0.000325095 -0.000955894 0.000150115 0.000300956 -0.000949963 
-0.000121097 -0.000309119 -0.000763726 -0.000223297 -0.000242409 -0.000744441 -0.000177027 -0.000276276 -0.000839065 
3.60602e-05 -0.000326529 -0.000752971 -3.70026e-05 -0.000328225 -0.000815367 0.000208891 -0.000261497 -0.000862174 
0.000130458 -0.000311326 -0.00080572 -0.000299808 -0.00014279 -0.000796233 -0.0002551 -0.000212958 -0.000838697 
-0.000134739 -0.000177301 -0.000877249 6.49204e-06 -0.000188679 -0.000791101 0.000157096 -0.000167341 -0.000877833 
0.000236637 -0.000228395 -0.00077912 0.000284989 -0.00017645 -0.000860544 -0.000332403 1.38596e-05 -0.000746255 
-0.000151359 -7.61196e-05 -0.00087034 -0.000164499 1.86633e-05 -0.000830232 -4.11162e-05 -9.1764e-05 -0.000863785 
7.29923e-05 -5.94908e-06 -0.000892907 -4.27931e-05 6.62761e-05 -0.000867914 3.58713e-05 -4.87619e-05 -0.000802595 
0.000139094 -7.78289e-05 -0.000823646 0.000185419 2.88222e-05 -0.00084105 0.000327102 -3.80255e-05 -0.000738317 
0.00032906 -7.01778e-05 -0.000839888 0.000328885 3.61884e-05 -0.000816054 0.00032357 7.55203e-05 -0.000724594 
-0.000247012 0.000222116 -0.000780545 -0.000302292 0.000140811 -0.000790372 -9.29155e-05 0.000169438 -0.000891703 
-0.00020478 0.000110352 -0.000857228 6.57928e-05 9.66294e-05 -0.000868487 -5.67703e-05 0.000232564 -0.000812734 
0.000160864 0.000158325 -0.000867456 0.000250949 0.000215742 -0.000800601 0.000301845 0.000139615 -0.000856804 
-0.000127014 0.000311647 -0.00084337 -0.000155005 0.00028919 -0.000752531 7.77062e-05 0.000221618 -0.000854369 
-2.22004e-05 0.000329274 -0.000840643 -9.58564e-06 0.000329588 -0.000737541 0.000188072 0.000272831 -0.000861446 
0.000102268 0.000320588 -0.000866899 0.000153233 0.000294881 -0.000749162 -0.000121668 -0.000308926 -0.000654548 
2.55712e-05 -0.000327667 -0.000575272 0.000110998 -0.000311105 -0.000650214 0.000193175 -0.00026549 -0.000697553 
-0.00026772 -0.00019178 -0.000643622 -0.000306354 -0.000127199 -0.000678954 -9.71324e-05 -0.000193765 -0.000770907 
0.000295203 -0.000167902 -0.000694852 0.000245529 -0.000224311 -0.000580864 -0.000331027 2.3623e-05 -0.00062156 
-0.000105909 -7.31582e-05 -0.000768618 -4.01167e-05 1.18481e-05 -0.000758199 0.00013867 -0.000106275 -0.000681237 
9.85172e-05 4.94465e-05 -0.000709818 0.000332153 2.15638e-05 -0.000614423 0.000327582 -7.56883e-05 -0.000590113 
-0.000247042 0.000222012 -0.000680933 -0.000316312 9.63434e-05 -0.000686712 -0.000308048 0.000114363 -0.000588741 
0.000287943 0.000152088 -0.000577246 0.000282784 0.000165208 -0.00067617 -9.01773e-05 0.000317346 -0.000677927 
-0.000146075 0.000297642 -0.000597565 -2.18177e-06 0.000328075 -0.000634787 0.000223116 0.000246083 -0.000697073 
0.000111513 0.000308552 -0.000653111 0.000228875 0.000240153 -0.000582633 -0.000103095 -0.000314815 -0.000441491 
-0.000153408 -0.000293228 -0.000561099 -0.00021196 -0.000256352 -0.000484529 3.85286e-05 -0.000327148 -0.000427557 
-3.76087e-05 -0.000328315 -0.000505979 0.000154649 -0.000293753 -0.000428097 0.000220003 -0.000249132 -0.000488808 
0.000114712 -0.00031247 -0.000546364 -0.000304115 -0.00013155 -0.000544106 -0.000305248 -0.000127112 -0.000451367 
-3.61497e-05 -0.000222993 -0.000555214 0.000292184 -0.000159903 -0.000479866 -0.000329337 1.27059e-05 -0.00042625 
-0.000330346 -5.29413e-05 -0.00056519 0.000331641 -2.71915e-05 -0.000433683 0.000328817 3.24474e-05 -0.000514808 
-0.000257752 0.00021071 -0.000550462 -0.000249067 0.000225596 -0.000437622 -0.000316019 9.71221e-05 -0.000477386 
6.34347e-05 9.453e-05 -0.00056234 0.000321672 8.25705e-05 -0.0004361 0.000279414 0.000173572 -0.000467676 
-0.000155041 0.000294751 -0.00048174 4.87472e-05 0.000326786 -0.00048039 -6.3327e-05 0.000326008 -0.000478731 
0.000189862 0.000272494 -0.000484304 0.000119658 0.00031001 -0.000538956 -2.96762e-05 -0.000551913 -0.000355502 
-0.000231229 -0.000240231 -0.000371806 -0.000100633 -0.000314755 -0.000342918 -0.000187077 -0.000275207 -0.000279564 
0.000161715 -0.000290326 -0.000286509 8.03992e-05 -0.000321824 -0.000319743 -0.000298246 -0.000146945 -0.000360646 
0.00025975 -0.000209435 -0.000337208 0.000322607 -8.14689e-05 -0.000343453 -0.000333021 6.87776e-06 -0.000326009 
0.000106557 -0.000111012 -0.000399401 0.00032977 3.44044e-05 -0.000357526 -0.000297969 0.000142597 -0.000364784 
-4.89659e-05 0.000150345 -0.000426612 0.000308722 0.000118813 -0.000343326 0.000261957 0.00020033 -0.000378584 
-0.000235156 0.00023482 -0.000311432 -0.000151649 0.000291292 -0.000310744 -8.99441e-05 0.000319138 -0.000382897 
-8.2489e-06 0.000333619 -0.000305426 0.000182638 0.000273355 -0.000289145 9.97456e-05 0.000315631 -0.000362853 
-0.000229176 -0.000240833 -0.000155677 -0.000157872 -0.000295208 -0.000160943 -4.88904e-05 -0.000326743 -0.00014784 
-1.86972e-05 -0.000334968 -0.000251041 0.000135072 -0.000296812 -0.000191069 0.000219934 -0.000248404 -0.000122738 
-0.000260365 -0.000202566 -0.000255226 -0.000313611 -0.000116118 -0.000264588 -0.000298883 -0.000137341 -0.000172814 
0.000255258 -0.000211698 -0.000250378 0.000306548 -0.000140703 -0.000205394 -0.000328254 -4.35358e-05 -0.000173551 
-0.000156015 -1.74188e-05 -0.000233083 0.000329683 -4.78101e-07 -0.00026594 0.000329256 -2.63337e-05 -0.000145756 
0.000326804 6.93901e-05 -0.000225656 -0.000321941 8.21158e-05 -0.000263614 -0.000267578 0.000196699 -0.000225774 
-0.000295144 0.000148733 -0.000150592 0.000272083 0.000197771 -0.000265153 0.000321172 8.70733e-05 -0.000135163 
0.000277732 0.00017806 -0.000164363 -9.28291e-05 0.000315782 -0.000233915 -0.000206835 0.000257387 -0.000184823 
-2.46407e-05 0.000333585 -0.000164316 4.47978e-05 0.000325847 -0.000217087 0.000218212 0.000251066 -0.000188581 
0.000131466 0.000304355 -0.000189788 -0.000158054 -0.000409157 -8.26356e-05 -0.000113118 -0.00031171 -5.93361e-05 
-0.000192914 -0.000269249 -4.56666e-05 3.44449e-06 -0.000334682 -3.94539e-05 5.42794e-05 -0.00032833 -0.000109637 
0.000128665 -0.000306433 -5.87521e-05 -0.000278706 -0.000187357 -4.17579e-05 2.25281e-05 -0.000168715 -8.78227e-05 
6.8776e-05 -4.23069e-05 -8.66508e-05 0.000261054 -0.000201881 -3.97856e-05 -0.000321007 7.24204e-05 -6.96897e-05 
-0.000329166 -2.64303e-05 -7.24761e-05 0.000322361 -7.55833e-05 -4.52451e-05 0.000330195 2.62977e-05 -4.54267e-05 
-0.000287692 0.000157913 -3.95208e-05 -7.16514e-05 0.000143338 -0.000104376 0.000250983 0.000213397 -6.35813e-05 
0.000304828 0.000136017 -4.42906e-05 -0.000233965 0.000238018 -5.58586e-05 -0.000154434 0.000295574 -8.11149e-05 
7.02222e-05 0.000326113 -4.26355e-05 -6.05427e-05 0.000328586 -7.0805e-05 0.000181486 0.000276995 -7.78687e-05 
-3.75251e-05 -0.000165706 3.58006e-05 -0.00022392 6.48509e-05 9.21497e-05 7.39423e-05 0.000166632 -1.78783e-05 
0.000236525 0.000277341 4.99999e-05 -0.000230851 -8.33869e-05 0.000240144 -5.22253e-05 -0.000124044 0.000258916 
1.5665e-05 2.58548e-05 0.00018147 -2.29758e-05 -0.000236783 0.000393221 -0.000119422 -0.000122913 0.000347249 
-5.18394e-07 -4.56531e-05 0.000327362 8.08164e-05 -0.000112456 0.000261016 -5.55481e-06 0.000217923 0.000373575 
0.000116754 0.000234049 0.000398902 6.74638e-05 -0.000352409 0.000643718 0.000158862 -0.000318755 0.00070075 
-0.000210134 -0.00010945 0.000703733 3.80535e-05 -0.000159896 0.000670018 0.000294233 6.45697e-05 0.000534449 
-0.000154116 0.000277993 0.000676415 -2.68228e-06 0.000255003 0.000658309 -7.53947e-05 -0.000360588 0.000784453 
-0.000250394 -0.00021284 0.000735881 -0.000319727 -0.000105541 0.00073832 0.000202156 0.000171568 0.000739341 
-8.18372e-05 0.000262312 0.000759928 0.000299338 0.000281396 0.00079908 -0.000196093 0.000281648 0.000859547 
0.000357646 -5.06628e-05 0.000915217 -0.000150535 0.000258538 0.000969913 2.7761e-05 5.17547e-05 0.000876052 
0.000196266 0.00013543 0.000878065 -4.27688e-06 0.000177493 0.00100066 1.17542e-05 0.000466868 0.000982622 
-0.000189065 -0.000417196 0.00104926 -0.000155171 -0.00044612 0.00114333 -7.1532e-06 -0.00044514 0.00113257 
-0.000168046 -0.000229536 0.00106158 0.000316555 5.03057e-05 0.00108004 -0.000349474 0.000196714 0.00103023 
-0.000328238 3.52117e-05 0.00107553 -0.000381448 0.000300415 0.00118107 -3.93557e-05 0.000474467 0.00110711 
-0.000262476 -0.000272352 0.00121515 -0.000489605 -8.0964e-05 0.00126694 -0.000299987 -8.75556e-05 0.0011942 
0.000113215 -0.000129416 0.00130794 0.000234462 -0.000154298 0.00131246 -0.000218514 0.000112959 0.00119335 
0.00011248 4.86764e-05 0.00123701 0.000370092 6.20273e-05 0.00124288 0.000355637 0.000243151 0.00122656 
0.000479344 0.000180475 0.00123303 -0.000421259 0.000230006 0.0012955 -0.00018664 0.000399877 0.00120839 
0.000212243 0.000275588 0.00124285 0.00024772 0.000462563 0.00126604 7.68678e-05 -0.000475099 0.001378 
-0.000373184 -0.000369924 0.00149218 -0.000490012 -0.000150627 0.00140511 -0.000551854 -1.93972e-05 0.00146089 
3.94959e-05 -2.38424e-05 0.00150045 -7.55248e-05 0.000128063 0.00143713 -0.000267908 -0.000301942 0.00160788 
-0.000234512 -4.68904e-05 0.00164156 0.000144277 -1.53244e-05 0.00151491 -0.00047085 0.000127866 0.00149833 
-0.000244826 0.000160675 0.00153061 0.000329015 0.000211901 0.00156146 0.000472048 0.000138546 0.00155502 
-0.000433824 0.00036704 0.00157695 -0.000232902 0.000380776 0.00151915 0.000269689 0.000418394 0.00156409 
-0.000260798 -0.000572261 0.00166016 0.000172897 -0.000603803 0.00178946 0.000257398 -0.000568951 0.00172093 
0.000534457 -0.000295021 0.00173161 -0.00012208 -0.000106164 0.00176993 -3.32806e-05 -0.000151749 0.00176387 
5.90766e-05 -0.000173136 0.0017957 4.47891e-05 -9.91799e-05 0.00172992 0.000137921 -0.000111981 0.0017891 
0.000458475 -8.08026e-05 0.00175428 -0.000147113 -1.03157e-05 0.00175628 -0.000205852 -1.04192e-06 0.0018368 
-7.78114e-05 3.35777e-05 0.00181433 -6.72127e-05 3.33075e-05 0.00171489 -4.81947e-05 -6.48487e-05 0.00171669 
-3.64051e-05 -5.76473e-05 0.00181573 2.66191e-05 7.08876e-08 0.00170297 4.89695e-05 6.17201e-06 0.00180025 
0.000116645 -2.99085e-05 0.00173608 0.000180872 1.93033e-05 0.00179484 0.000103205 6.91244e-05 0.00173943 
-0.000164546 8.00606e-05 0.00179537 -8.24564e-05 0.000122594 0.00175727 -0.00011462 0.000171707 0.00183822 
8.62313e-06 9.78139e-05 0.00172425 -2.17446e-05 0.000186644 0.00180429 6.96716e-05 0.00015465 0.00177941 
2.96219e-06 9.17505e-05 0.0018239 0.000155436 0.000114551 0.0018116 0.000581596 0.000236117 0.0016761 
-0.000478313 0.000225785 0.00169295 -0.000369601 0.000492133 0.00175591 3.46637e-05 0.000458877 0.00170024 
8.34267e-05 0.000603415 0.00170781 0.000182318 0.000582312 0.00167104 -0.000449371 -0.000501131 0.00190245 
-0.000151894 -0.000403344 0.0018715 0.00011746 -0.000447957 0.00182126 -0.000551348 -0.000272416 0.00181555 
-2.56109e-05 -0.000437223 0.00196386 -0.000113604 -0.000174206 0.00184271 -0.000163119 -0.000154034 0.00192722 
-0.00018513 -9.83223e-05 0.00184715 -9.67849e-05 -8.28363e-05 0.00189136 -7.67154e-05 -0.000209863 0.00192855 
-1.97742e-05 -0.000208638 0.00184592 5.63245e-05 -8.44665e-05 0.00184185 -8.55681e-06 -0.000128134 0.00190417 
7.45139e-05 -0.000207793 0.00188822 1.484e-05 -0.000219404 0.00196762 -6.8526e-05 -0.000127821 0.00198513 
0.000156912 -0.000151923 0.00187879 0.000125374 -0.000179576 0.00196956 0.000196772 -0.000102381 0.00195596 
0.000102014 -8.27166e-05 0.00193078 0.000599697 -0.000130133 0.001903 -0.00021412 -6.37843e-05 0.0019364 
-0.00012793 1.19498e-05 0.00189811 -0.000220101 3.57425e-05 0.00192874 -9.76666e-05 6.15723e-05 0.00197971 
-0.000111258 -3.74274e-05 0.00198346 -1.37808e-05 -4.70322e-05 0.00196331 -7.93924e-06 1.13206e-05 0.00188232 
3.28748e-05 4.96357e-05 0.00196518 0.000200831 -6.23866e-05 0.00184895 0.000119689 -5.28957e-06 0.00187002 
0.000125205 1.06208e-05 0.00196859 0.000223558 -9.4051e-06 0.00193071 0.000202589 7.00448e-05 0.00199051 
0.0003958 6.35741e-05 0.00188865 -0.000185264 0.000118761 0.00188522 -0.000128466 0.000183056 0.0019366 
-0.000184692 0.000110558 0.00198488 -7.14344e-05 9.81532e-05 0.00189042 -4.35102e-05 0.000217696 0.00189682 
1.30986e-05 0.00013982 0.00192385 5.6265e-05 0.00020734 0.00186334 8.63288e-05 8.85488e-05 0.00187904 
8.19844e-05 0.000204702 0.00195993 0.000205714 8.06743e-05 0.00189112 0.000149429 0.00016435 0.00189811 
0.000112425 0.000109692 0.00197323 0.000653551 0.000217618 0.00192954 -0.000583865 -0.000284938 0.0020034 
-0.000655083 -0.000228269 0.00206967 -0.000171999 -0.000109706 0.00201642 -2.01419e-05 -0.00018229 0.00205363 
3.86431e-05 -0.000126158 0.00199479 6.40482e-05 -0.000134737 0.00209113 -1.94102e-05 -8.28021e-05 0.00206371 
0.000149861 -0.000116446 0.00204315 0.000480554 -0.000202379 0.00194686 -0.000692601 -7.57891e-05 0.00208806 
-0.000134494 -4.27955e-05 0.00208057 -0.000146048 5.86461e-05 0.00206718 -0.000203439 -6.67425e-06 0.00201779 
3.70161e-05 -2.933e-05 0.00212661 -4.89799e-05 1.19543e-05 0.00205159 5.1344e-05 4.68349e-05 0.00206342 
0.00019784 -3.01349e-05 0.0020251 0.000147616 3.15275e-05 0.00208572 7.95472e-05 -4.55595e-05 0.00203757 
-0.000437091 0.000162069 0.00203192 -0.00011454 0.00015063 0.00204381 3.71305e-05 0.000183825 0.00204684 
-4.61715e-05 0.000205831 0.00199608 -2.16862e-05 0.000105197 0.00202791 -6.67792e-05 9.44512e-05 0.00211652 
0.00011363 0.000124584 0.0020721 0.000451398 0.000130806 0.00208325 0.000597569 0.000124257 0.00202795 
-0.00011782 0.000366442 0.00200077 0.000593817 0.000251305 0.00204788 -0.000194341 0.000499861 0.00202222 
-9.86824e-05 0.000516535 0.00197973 -0.000252204 -0.000657532 0.00223726 0.000106923 -0.000514657 0.00219914 
-0.000211233 -0.000397132 0.00225121 0.000487362 -0.000524804 0.00216055 0.000548117 -0.000252917 0.00215873 
-0.000665086 -0.000131501 0.00218651 -0.000703298 7.46486e-05 0.00214922 0.000217098 9.90865e-06 0.00217022 
0.000699445 3.57104e-05 0.00220862 -0.000690626 0.000207702 0.00217902 -0.000203172 0.000242556 0.00218337 
0.000687863 0.00029677 0.0021901 0.000254079 0.000496611 0.00213702 0.000486053 0.000469236 0.00213836 
0.000332319 -0.000601459 0.0022751 6.74089e-05 -0.000366219 0.00235492 0.000702041 -0.000343907 0.0023197 
-0.000643855 -0.000216689 0.00229637 0.000493714 -5.56071e-05 0.00236969 -0.000478057 0.000136243 0.00233245 
-0.000358022 0.000458691 0.0023147 -0.000223147 -0.00060414 0.00250161 0.000507328 -0.000609553 0.00239053 
-0.000613397 -0.000359808 0.00253218 -0.000764024 -0.000160343 0.00247486 -0.000627241 2.62668e-05 0.00254543 
-0.000110315 -7.2465e-05 0.0024963 0.000652252 1.4715e-05 0.0024164 -0.000478275 8.49934e-05 0.00250581 
0.000702466 0.000124171 0.00253554 0.000707503 0.000237071 0.00249125 -3.67274e-05 0.000329857 0.00252263 
-0.000607781 0.00051882 0.00243886 0.00033803 -0.000726258 0.00258414 -0.000692728 -0.000456941 0.00263297 
-0.000221701 -0.000476968 0.00257127 0.000331704 -0.00047284 0.00261128 0.000507379 -0.000541448 0.0026885 
0.000579436 -0.000346092 0.00267053 -3.98209e-05 -0.000264837 0.00255042 0.000734559 -0.000136142 0.00269408 
-0.000136992 -1.58355e-05 0.00269958 0.00039977 0.000203221 0.00258223 0.000377887 0.000350292 0.0025825 
0.000549734 0.00053971 0.00269185 -0.00048338 0.00055966 0.00257736 -0.000172098 0.000633144 0.00260668 
0.000192804 0.000589573 0.00259057 -0.000121444 0.000800612 0.0026744 
VERTICES 4842 4841
OFFSETS vtktypeint64
0 1 2 3 4 5 6 7 8 
9 10 11 12 13 14 15 16 17 
18 19 20 21 22 23 24 25 26 
27 28 29 30 31 32 33 34 35 
36 37 38 39 40 41 42 43 44 
45 46 47 48 49 50 51 52 53 
54 55 56 57 58 59 60 61 62 
63 64 65 66 67 68 69 70 71 
72 73 74 75 76 77 78 79 80 
81 82 83 84 85 86 87 88 89 
90 91 92 93 94 95 96 97 98 
99 100 101 102 103 104 105 106 107 
108 109 110 111 112 113 114 115 116 
117 118 119 120 121 122 123 124 125 
126 127 128 129 130 131 132 133 134 
135 136 137 138 139 140 141 142 143 
144 145 146 147 148 149 150 151 152 
153 154 155 156 157 158 159 160 161 
162 163 164 165 166 167 168 169 170 
171 172 173 174 175 176 177 178 179 
180 181 182 183 184 185 186 187 188 
189 190 191 192 193 194 195 196 197 
198 199 200 201 202 203 204 205 206 
207 208 209 210 211 212 213 214 215 
216 217 218 219 220 221 222 223 224 
225 226 227 228 229 230 231 232 233 
234 235 236 237 238 239 240 241 242 
243 244 245 246 247 248 249 250 251 
252 253 254 255 256 257 258 259 260 
261 262 263 264 265 266 267 268 269 
270 271 272 273 274 275 276 277 278 
279 280 281 282 283 284 285 286 287 
288 289 290 291 292 293 294 295 296 
297 298 299 300 301 302 303 304 305 
306 307 308 309 310 311 312 313 314 
315 316 317 318 319 320 321 322 323 
324 325 326 327 328 329 330 331 332 
333 334 335 336 337 338 339 340 341 
342 343 344 345 346 347 348 349 350 
351 352 353 354 355 356 357 358 359 
360 361 362 363 364 365 366 367 368 
369 370 371 372 373 374 375 376 377 
378 379 380 381 382 383 384 385 386 
387 388 389 390 391 392 393 394 395 
396 397 398 399 400 401 402 403 404 
405 406 407 408 409 410 411 412 413 
414 415 416 417 418 419 420 421 422 
423 424 425 426 427 428 429 430 431 
432 433 434 435 436 437 438 439 440 
441 442 443 444 445 446 447 448 449 
450 451 452 453 454 455 456 457 458 
459 460 461 462 463 464 465 466 467 
468 469 470 471 472 473 474 475 476 
477 478 479 480 481 482 483 484 485 
486 487 488 489 490 491 492 493 494 
495 496 497 498 499 500 501 502 503 
504 505 506 507 508 509 510 511 512 
513 514 515 516 517 518 519 520 521 
522 523 524 525 526 527 528 529 530 
531 532 533 534 535 536 537 538 539 
540 541 542 543 544 545 546 547 548 
549 550 551 552 553 554 555 556 557 
558 559 560 561 562 563 564 565 566 
567 568 569 570 571 572 573 574 575 
576 577 578 579 580 581 582 583 584 
585 586 587 588 589 590 591 592 593 
594 595 596 597 598 599 600 601 602 
603 604 605 606 607 608 609 610 611 
612 613 614 615 616 617 618 619 620 
621 622 623 624 625 626 627 628 629 
630 631 632 633 634 635 636 637 638 
639 640 641 642 643 644 645 646 647 
648 649 650 651 652 653 654 655 656 
657 658 659 660 661 662 663 664 665 
666 667 668 669 670 671 672 673 674 
675 676 677 678 679 680 681 682 683 
684 685 686 687 688 689 690 691 692 
693 694 695 696 697 698 699 700 701 
702 703 704 705 706 707 708 709 710 
711 712 713 714 715 716 717 718 719 
720 721 722 723 724 725 726 727 728 
729 730 731 732 733 734 735 736 737 
738 739 740 741 742 743 744 745 746 
747 748 749 750 751 752 753 754 755 
756 757 758 759 760 761 762 763 764 
765 766 767 768 769 770 771 772 773 
774 775 776 777 778 779 780 781 782 
783 784 785 786 787 788 789 790 791 
792 793 794 795 796 797 798 799 800 
801 802 803 804 805 806 807 808 809 
810 811 812 813 814 815 816 817 818 
819 820 821 822 823 824 825 826 827 
828 829 830 831 832 833 834 835 836 
837 838 839 840 841 842 843 844 845 
846 847 848 849 850 851 852 853 854 
855 856 857 858 859 860 861 862 863 
864 865 866 867 868 869 870 871 872 
873 874 875 876 877 878 879 880 881 
882 883 884 885 886 887 888 889 890 
891 892 893 894 895 896 897 898 899 
900 901 902 903 904 905 906 907 908 
909 910 911 912 913 914 915 916 917 
918 919 920 921 922 923 924 925 926 
927 928 929 930 931 932 933 934 935 
936 937 938 939 940 941 942 943 944 
945 946 947 948 949 950 951 952 953 
954 955 956 957 958 959 960 961 962 
963 964 965 966 967 968 969 970 971 
972 973 974 975 976 977 978 979 980 
981 982 983 984 985 986 987 988 989 
990 991 992 993 994 995 996 997 998 
999 1000 1001 1002 1003 1004 1005 1006 1007 
1008 1009 1010 1011 1012 1013 1014 1015 1016 
1017 1018 1019 1020 1021 1022 1023 1024 1025 
1026 1027 1028 1029 1030 1031 1032 1033 1034 
1035 1036 1037 1038 1039 1040 1041 1042 1043 
1044 1045 1046 1047 1048 1049 1050 1051 1052 
1053 1054 1055 1056 1057 1058 1059 1060 1061 
1062 1063 1064 1065 1066 1067 1068 1069 1070 
1071 1072 1073 1074 1075 1076 1077 1078 1079 
1080 1081 1082 1083 1084 1085 1086 1087 1088 
1089 1090 1091 1092 1093 1094 1095 1096 1097 
1098 1099 1100 1101 1102 1103 1104 1105 1106 
1107 1108 1109 1110 1111 1112 1113 1114 1115 
1116 1117 1118 1119 1120 1121 1122 1123 1124 
1125 1126 1127 1128 1129 1130 1131 1132 1133 
1134 1135 1136 1137 1138 1139 1140 1141 1142 
1143 1144 1145 1146 1147 1148 1149 1150 1151 
1152 1153 1154 1155 1156 1157 1158 1159 1160 
1161 1162 1163 1164 1165 1166 1167 1168 1169 
1170 1171 1172 1173 1174 1175 1176 1177 1178 
1179 1180 1181 1182 1183 1184 1185 1186 1187 
1188 1189 1190 1191 1192 1193 1194 1195 1196 
1197 1198 1199 1200 1201 1202 1203 1204 1205 
1206 1207 1208 1209 1210 1211 1212 1213 1214 
1215 1216 1217 1218 1219 1220 1221 1222 1223 
1224 1225 1226 1227 1228 1229 1230 1231 1232 
1233 1234 1235 1236 1237 1238 1239 1240 1241 
1242 1243 1244 1245 1246 1247 1248 1249 1250 
1251 1252 1253 1254 1255 1256 1257 1258 1259 
1260 1261 1262 1263 1264 1265 1266 1267 1268 
1269 1270 1271 1272 1273 1274 1275 1276 1277 
1278 1279 1280 1281 1282 1283 1284 1285 1286 
1287 1288 1289 1290 1291 1292 1293 1294 1295 
1296 1297 1298 1299 1300 1301 1302 1303 1304 
1305 1306 1307 1308 1309 1310 1311 1312 1313 
1314 1315 1316 1317 1318 1319 1320 1321 1322 
1323 1324 1325 1326 1327 1328 1329 1330 1331 
1332 1333 1334 1335 1336 1337 1338 1339 1340 
1341 1342 1343 1344 1345 1346 1347 1348 1349 
1350 1351 1352 1353 1354 1355 1356 1357 1358 
1359 1360 1361 1362 1363 1364 1365 1366 1367 
1368 1369 1370 1371 1372 1373 1374 1375 1376 
1377 1378 1379 1380 1381 1382 1383 1384 1385 
1386 1387 1388 1389 1390 1391 1392 1393 1394 
1395 1396 1397 1398 1399 1400 1401 1402 1403 
1404 1405 1406 1407 1408 1409 1410 1411 1412 
1413 1414 1415 1416 1417 1418 1419 1420 1421 
1422 1423 1424 1425 1426 1427 1428 1429 1430 
1431 1432 1433 1434 1435 1436 1437 1438 1439 
1440 1441 1442 1443 1444 1445 1446 1447 1448 
1449 1450 1451 1452 1453 1454 1455 1456 1457 
1458 1459 1460 1461 1462 1463 1464 1465 1466 
1467 1468 1469 1470 1471 1472 1473 1474 1475 
1476 1477 1478 1479 1480 1481 1482 1483 1484 
1485 1486 1487 1488 1489 1490 1491 1492 1493 
1494 1495 1496 1497 1498 1499 1500 1501 1502 
1503 1504 1505 1506 1507 1508 1509 1510 1511 
1512 1513 1514 1515 1516 1517 1518 1519 1520 
1521 1522 1523 1524 1525 1526 1527 1528 1529 
1530 1531 1532 1533 1534 1535 1536 1537 1538 
1539 1540 1541 1542 1543 1544 1545 1546 1547 
1548 1549 1550 1551 1552 1553 1554 1555 1556 
1557 1558 1559 1560 1561 1562 1563 1564 1565 
1566 1567 1568 1569 1570 1571 1572 1573 1574 
1575 1576 1577 1578 1579 1580 1581 1582 1583 
1584 1585 1586 1587 1588 1589 1590 1591 1592 
1593 1594 1595 1596 1597 1598 1599 1600 1601 
1602 1603 1604 1605 1606 1607 1608 1609 1610 
1611 1612 1613 1614 1615 1616 1617 1618 1619 
1620 1621 1622 1623 1624 1625 1626 1627 1628 
1629 1630 1631 1632 1633 1634 1635 1636 1637 
1638 1639 1640 1641 1642 1643 1644 1645 1646 
1647 1648 1649 1650 1651 1652 1653 1654 1655 
1656 1657 1658 1659 1660 1661 1662 1663 1664 
1665 1666 1667 1668 1669 1670 1671 1672 1673 
1674 1675 1676 1677 1678 1679 1680 1681 1682 
1683 1684 1685 1686 1687 1688 1689 1690 1691 
1692 1693 1694 1695 1696 1697 1698 1699 1700 
1701 1702 1703 1704 1705 1706 1707 1708 1709 
1710 1711 1712 1713 1714 1715 1716 1717 1718 
1719 1720 1721 1722 1723 1724 1725 1726 1727 
1728 1729 1730 1731 1732 1733 1734 1735 1736 
1737 1738 1739 1740 1741 1742 1743 1744 1745 
1746 1747 1748 1749 1750 1751 1752 1753 1754 
1755 1756 1757 1758 1759 1760 1761 1762 1763 
1764 1765 1766 1767 1768 1769 1770 1771 1772 
1773 1774 1775 1776 1777 1778 1779 1780 1781 
1782 1783 1784 1785 1786 1787 1788 1789 1790 
1791 1792 1793 1794 1795 1796 1797 1798 1799 
1800 1801 1802 1803 1804 1805 1806 1807 1808 
1809 1810 1811 1812 1813 1814 1815 1816 1817 
1818 1819 1820 1821 1822 1823 1824 1825 1826 
1827 1828 1829 1830 1831 1832 1833 1834 1835 
1836 1837 1838 1839 1840 1841 1842 1843 1844 
1845 1846 1847 1848 1849 1850 1851 1852 1853 
1854 1855 1856 1857 1858 1859 1860 1861 1862 
1863 1864 1865 1866 1867 1868 1869 1870 1871 
1872 1873 1874 1875 1876 1877 1878 1879 1880 
1881 1882 1883 1884 1885 1886 1887 1888 1889 
1890 1891 1892 1893 1894 1895 1896 1897 1898 
1899 1900 1901 1902 1903 1904 1905 1906 1907 
1908 1909 1910 1911 1912 1913 1914 1915 1916 
1917 1918 1919 1920 1921 1922 1923 1924 1925 
1926 1927 1928 1929 1930 1931 1932 1933 1934 
1935 1936 1937 1938 1939 1940 1941 1942 1943 
1944 1945 1946 1947 1948 1949 1950 1951 1952 
1953 1954 1955 1956 1957 1958 1959 1960 1961 
1962 1963 1964 1965 1966 1967 1968 1969 1970 
1971 1972 1973 1974 1975 1976 1977 1978 1979 
1980 1981 1982 1983 1984 1985 1986 1987 1988 
1989 1990 1991 1992 1993 1994 1995 1996 1997 
1998 1999 2000 2001 2002 2003 2004 2005 2006 
2007 2008 2009 2010 2011 2012 2013 2014 2015 
2016 2017 2018 2019 2020 2021 2022 2023 2024 
2025 2026 2027 2028 2029 2030 2031 2032 2033 
2034 2035 2036 2037 2038 2039 2040 2041 2042 
2043 2044 2045 2046 2047 2048 2049 2050 2051 
2052 2053 2054 2055 2056 2057 2058 2059 2060 
2061 2062 2063 2064 2065 2066 2067 2068 2069 
2070 2071 2072 2073 2074 2075 2076 2077 2078 
2079 2080 2081 2082 2083 2084 2085 2086 2087 
2088 2089 2090 2091 2092 2093 2094 2095 2096 
2097 2098 2099 2100 2101 2102 2103 2104 2105 
2106 2107 2108 2109 2110 2111 2112 2113 2114 
2115 2116 2117 2118 2119 2120 2121 2122 2123 
2124 2125 2126 2127 2128 2129 2130 2131 2132 
2133 2134 2135 2136 2137 2138 2139 2140 2141 
2142 2143 2144 2145 2146 2147 2148 2149 2150 
2151 2152 2153 2154 2155 2156 2157 2158 2159 
2160 2161 2162 2163 2164 2165 2166 2167 2168 
2169 2170 2171 2172 2173 2174 2175 2176 2177 
2178 2179 2180 2181 2182 2183 2184 2185 2186 
2187 2188 2189 2190 2191 2192 2193 2194 2195 
2196 2197 2198 2199 2200 2201 2202 2203 2204 
2205 2206 2207 2208 2209 2210 2211 2212 2213 
2214 2215 2216 2217 2218 2219 2220 2221 2222 
2223 2224 2225 2226 2227 2228 2229 2230 2231 
2232 2233 2234 2235 2236 2237 2238 2239 2240 
2241 2242 2243 2244 2245 2246 2247 2248 2249 
2250 2251 2252 2253 2254 2255 2256 2257 2258 
2259 2260 2261 2262 2263 2264 2265 2266 2267 
2268 2269 2270 2271 2272 2273 2274 2275 2276 
2277 2278 2279 2280 2281 2282 2283 2284 2285 
2286 2287 2288 2289 2290 2291 2292 2293 2294 
2295 2296 2297 2298 2299 2300 2301 2302 2303 
2304 2305 2306 2307 2308 2309 2310 2311 2312 
2313 2314 2315 2316 2317 2318 2319 2320 2321 
2322 2323 2324 2325 2326 2327 2328 2329 2330 
2331 2332 2333 2334 2335 2336 2337 2338 2339 
2340 2341 2342 2343 2344 2345 2346 2347 2348 
2349 2350 2351 2352 2353 2354 2355 2356 2357 
2358 2359 2360 2361 2362 2363 2364 2365 2366 
2367 2368 2369 2370 2371 2372 2373 2374 2375 
2376 2377 2378 2379 2380 2381 2382 2383 2384 
2385 2386 2387 2388 2389 2390 2391 2392 2393 
2394 2395 2396 2397 2398 2399 2400 2401 2402 
2403 2404 2405 2406 2407 2408 2409 2410 2411 
2412 2413 2414 2415 2416 2417 2418 2419 2420 
2421 2422 2423 2424 2425 2426 2427 2428 2429 
2430 2431 2432 2433 2434 2435 2436 2437 2438 
2439 2440 2441 2442 2443 2444 2445 2446 2447 
2448 2449 2450 2451 2452 2453 2454 2455 2456 
2457 2458 2459 2460 2461 2462 2463 2464 2465 
2466 2467 2468 2469 2470 2471 2472 2473 2474 
2475 2476 2477 2478 2479 2480 2481 2482 2483 
2484 2485 2486 2487 2488 2489 2490 2491 2492 
2493 2494 2495 2496 2497 2498 2499 2500 2501 
2502 2503 2504 2505 2506 2507 2508 2509 2510 
2511 2512 2513 2514 2515 2516 2517 2518 2519 
2520 2521 2522 2523 2524 2525 2526 2527 2528 
2529 2530 2531 2532 2533 2534 2535 2536 2537 
2538 2539 2540 2541 2542 2543 2544 2545 2546 
2547 2548 2549 2550 2551 2552 2553 2554 2555 
2556 2557 2558 2559 2560 2561 2562 2563 2564 
2565 2566 2567 2568 2569 2570 2571 2572 2573 
2574 2575 2576 2577 2578 2579 2580 2581 2582 
2583 2584 2585 2586 2587 2588 2589 2590 2591 
2592 2593 2594 2595 2596 2597 2598 2599 2600 
2601 2602 2603 2604 2605 2606 2607 2608 2609 
2610 2611 2612 2613 2614 2615 2616 2617 2618 
2619 2620 2621 2622 2623 2624 2625 2626 2627 
2628 2629 2630 2631 2632 2633 2634 2635 2636 
2637 2638 2639 2640 2641 2642 2643 2644 2645 
2646 2647 2648 2649 2650 2651 2652 2653 2654 
2655 2656 2657 2658 2659 2660 2661 2662 2663 
2664 2665 2666 2667 2668 2669 2670 2671 2672 
2673 2674 2675 2676 2677 2678 2679 2680 2681 
2682 2683 2684 2685 2686 2687 2688 2689 2690 
2691 2692 2693 2694 2695 2696 2697 2698 2699 
2700 2701 2702 2703 2704 2705 2706 2707 2708 
2709 2710 2711 2712 2713 2714 2715 2716 2717 
2718 2719 2720 2721 2722 2723 2724 2725 2726 
2727 2728 2729 2730 2731 2732 2733 2734 2735 
2736 2737 2738 2739 2740 2741 2742 2743 2744 
2745 2746 2747 2748 2749 2750 2751 2752 2753 
2754 2755 2756 2757 2758 2759 2760 2761 2762 
2763 2764 2765 2766 2767 2768 2769 2770 2771 
2772 2773 2774 2775 2776 2777 2778 2779 2780 
2781 2782 2783 2784 2785 2786 2787 2788 2789 
2790 2791 2792 2793 2794 2795 2796 2797 2798 
2799 2800 2801 2802 2803 2804 2805 2806 2807 
2808 2809 2810 2811 2812 2813 2814 2815 2816 
2817 2818 2819 2820 2821 2822 2823 2824 2825 
2826 2827 2828 2829 2830 2831 2832 2833 2834 
2835 2836 2837 2838 2839 2840 2841 2842 2843 
2844 2845 2846 2847 2848 2849 2850 2851 2852 
2853 2854 2855 2856 2857 2858 2859 2860 2861 
2862 2863 2864 2865 2866 2867 2868 2869 2870 
2871 2872 2873 2874 2875 2876 2877 2878 2879 
2880 2881 2882 2883 2884 2885 2886 2887 2888 
2889 2890 2891 2892 2893 2894 2895 2896 2897 
2898 2899 2900 2901 2902 2903 2904 2905 2906 
2907 2908 2909 2910 2911 2912 2913 2914 2915 
2916 2917 2918 2919 2920 2921 2922 2923 2924 
2925 2926 2927 2928 2929 2930 2931 2932 2933 
2934 2935 2936 2937 2938 2939 2940 2941 2942 
2943 2944 2945 2946 2947 2948 2949 2950 2951 
2952 2953 2954 2955 2956 2957 2958 2959 2960 
2961 2962 2963 2964 2965 2966 2967 2968 2969 
2970 2971 2972 2973 2974 2975 2976 2977 2978 
2979 2980 2981 2982 2983 2984 2985 2986 2987 
2988 2989 2990 2991 2992 2993 2994 2995 2996 
2997 2998 2999 3000 3001 3002 3003 3004 3005 
3006 3007 3008 3009 3010 3011 3012 3013 3014 
3015 3016 3017 3018 3019 3020 3021 3022 3023 
3024 3025 3026 3027 3028 3029 3030 3031 3032 
3033 3034 3035 3036 3037 3038 3039 3040 3041 
3042 3043 3044 3045 3046 3047 3048 3049 3050 
3051 3052 3053 3054 3055 3056 3057 3058 3059 
3060 3061 3062 3063 3064 3065 3066 3067 3068 
3069 3070 3071 3072 3073 3074 3075 3076 3077 
3078 3079 3080 3081 3082 3083 3084 3085 3086 
3087 3088 3089 3090 3091 3092 3093 3094 3095 
3096 3097 3098 3099 3100 3101 3102 3103 3104 
3105 3106 3107 3108 3109 3110 3111 3112 3113 
3114 3115 3116 3117 3118 3119 3120 3121 3122 
3123 3124 3125 3126 3127 3128 3129 3130 3131 
3132 3133 3134 3135 3136 3137 3138 3139 3140 
3141 3142 3143 3144 3145 3146 3147 3148 3149 
3150 3151 3152 3153 3154 3155 3156 3157 3158 
3159 3160 3161 3162 3163 3164 3165 3166 3167 
3168 3169 3170 3171 3172 3173 3174 3175 3176 
3177 3178 3179 3180 3181 3182 3183 3184 3185 
3186 3187 3188 3189 3190 3191 3192 3193 3194 
3195 3196 3197 3198 3199 3200 3201 3202 3203 
3204 3205 3206 3207 3208 3209 3210 3211 3212 
3213 3214 3215 3216 3217 3218 3219 3220 3221 
3222 3223 3224 3225 3226 3227 3228 3229 3230 
3231 3232 3233 3234 3235 3236 3237 3238 3239 
3240 3241 3242 3243 3244 3245 3246 3247 3248 
3249 3250 3251 3252 3253 3254 3255 3256 3257 
3258 3259 3260 3261 3262 3263 3264 3265 3266 
3267 3268 3269 3270 3271 3272 3273 3274 3275 
3276 3277 3278 3279 3280 3281 3282 3283 3284 
3285 3286 3287 3288 3289 3290 3291 3292 3293 
3294 3295 3296 3297 3298 3299 3300 3301 3302 
3303 3304 3305 3306 3307 3308 3309 3310 3311 
3312 3313 3314 3315 3316 3317 3318 3319 3320 
3321 3322 3323 3324 3325 3326 3327 3328 3329 
3330 3331 3332 3333 3334 3335 3336 3337 3338 
3339 3340 3341 3342 3343 3344 3345 3346 3347 
3348 3349 3350 3351 3352 3353 3354 3355 3356 
3357 3358 3359 3360 3361 3362 3363 3364 3365 
3366 3367 3368 3369 3370 3371 3372 3373 3374 
3375 3376 3377 3378 3379 3380 3381 3382 3383 
3384 3385 3386 3387 3388 3389 3390 3391 3392 
3393 3394 3395 3396 3397 3398 3399 3400 3401 
3402 3403 3404 3405 3406 3407 3408 3409 3410 
3411 3412 3413 3414 3415 3416 3417 3418 3419 
3420 3421 3422 3423 3424 3425 3426 3427 3428 
3429 3430 3431 3432 3433 3434 3435 3436 3437 
3438 3439 3440 3441 3442 3443 3444 3445 3446 
3447 3448 3449 3450 3451 3452 3453 3454 3455 
3456 3457 3458 3459 3460 3461 3462 3463 3464 
3465 3466 3467 3468 3469 3470 3471 3472 3473 
3474 3475 3476 3477 3478 3479 3480 3481 3482 
3483 3484 3485 3486 3487 3488 3489 3490 3491 
3492 3493 3494 3495 3496 3497 3498 3499 3500 
3501 3502 3503 3504 3505 3506 3507 3508 3509 
3510 3511 3512 3513 3514 3515 3516 3517 3518 
3519 3520 3521 3522 3523 3524 3525 3526 3527 
3528 3529 3530 3531 3532 3533 3534 3535 3536 
3537 3538 3539 3540 3541 3542 3543 3544 3545 
3546 3547 3548 3549 3550 3551 3552 3553 3554 
3555 3556 3557 3558 3559 3560 3561 3562 3563 
3564 3565 3566 3567 3568 3569 3570 3571 3572 
3573 3574 3575 3576 3577 3578 3579 3580 3581 
3582 3583 3584 3585 3586 3587 3588 3589 3590 
3591 3592 3593 3594 3595 3596 3597 3598 3599 
3600 3601 3602 3603 3604 3605 3606 3607 3608 
3609 3610 3611 3612 3613 3614 3615 3616 3617 
3618 3619 3620 3621 3622 3623 3624 3625 3626 
3627 3628 3629 3630 3631 3632 3633 3634 3635 
3636 3637 3638 3639 3640 3641 3642 3643 3644 
3645 3646 3647 3648 3649 3650 3651 3652 3653 
3654 3655 3656 3657 3658 3659 3660 3661 3662 
3663 3664 3665 3666 3667 3668 3669 3670 3671 
3672 3673 3674 3675 3676 3677 3678 3679 3680 
3681 3682 3683 3684 3685 3686 3687 3688 3689 
3690 3691 3692 3693 3694 3695 3696 3697 3698 
3699 3700 3701 3702 3703 3704 3705 3706 3707 
3708 3709 3710 3711 3712 3713 3714 3715 3716 
3717 3718 3719 3720 3721 3722 3723 3724 3725 
3726 3727 3728 3729 3730 3731 3732 3733 3734 
3735 3736 3737 3738 3739 3740 3741 3742 3743 
3744 3745 3746 3747 3748 3749 3750 3751 3752 
3753 3754 3755 3756 3757 3758 3759 3760 3761 
3762 3763 3764 3765 3766 3767 3768 3769 3770 
3771 3772 3773 3774 3775 3776 3777 3778 3779 
3780 3781 3782 3783 3784 3785 3786 3787 3788 
3789 3790 3791 3792 3793 3794 3795 3796 3797 
3798 3799 3800 3801 3802 3803 3804 3805 3806 
3807 3808 3809 3810 3811 3812 3813 3814 3815 
3816 3817 3818 3819 3820 3821 3822 3823 3824 
3825 3826 3827 3828 3829 3830 3831 3832 3833 
3834 3835 3836 3837 3838 3839 3840 3841 3842 
3843 3844 3845 3846 3847 3848 3849 3850 3851 
3852 3853 3854 3855 3856 3857 3858 3859 3860 
3861 3862 3863 3864 3865 3866 3867 3868 3869 
3870 3871 3872 3873 3874 3875 3876 3877 3878 
3879 3880 3881 3882 3883 3884 3885 3886 3887 
3888 3889 3890 3891 3892 3893 3894 3895 3896 
3897 3898 3899 3900 3901 3902 3903 3904 3905 
3906 3907 3908 3909 3910 3911 3912 3913 3914 
3915 3916 3917 3918 3919 3920 3921 3922 3923 
3924 3925 3926 3927 3928 3929 3930 3931 3932 
3933 3934 3935 3936 3937 3938 3939 3940 3941 
3942 3943 3944 3945 3946 3947 3948 3949 3950 
3951 3952 3953 3954 3955 3956 3957 3958 3959 
3960 3961 3962 3963 3964 3965 3966 3967 3968 
3969 3970 3971 3972 3973 3974 3975 3976 3977 
3978 3979 3980 3981 3982 3983 3984 3985 3986 
3987 3988 3989 3990 3991 3992 3993 3994 3995 
3996 3997 3998 3999 4000 4001 4002 4003 4004 
4005 4006 4007 4008 4009 4010 4011 4012 4013 
4014 4015 4016 4017 4018 4019 4020 4021 4022 
4023 4024 4025 4026 4027 4028 4029 4030 4031 
4032 4033 4034 4035 4036 4037 4038 4039 4040 
4041 4042 4043 4044 4045 4046 4047 4048 4049 
4050 4051 4052 4053 4054 4055 4056 4057 4058 
4059 4060 4061 4062 4063 4064 4065 4066 4067 
4068 4069 4070 4071 4072 4073 4074 4075 4076 
4077 4078 4079 4080 4081 4082 4083 4084 4085 
4086 4087 4088 4089 4090 4091 4092 4093 4094 
4095 4096 4097 4098 4099 4100 4101 4102 4103 
4104 4105 4106 4107 4108 4109 4110 4111 4112 
4113 4114 4115 4116 4117 4118 4119 4120 4121 
4122 4123 4124 4125 4126 4127 4128 4129 4130 
4131 4132 4133 4134 4135 4136 4137 4138 4139 
4140 4141 4142 4143 4144 4145 4146 4147 4148 
4149 4150 4151 4152 4153 4154 4155 4156 4157 
4158 4159 4160 4161 4162 4163 4164 4165 4166 
4167 4168 4169 4170 4171 4172 4173 4174 4175 
4176 4177 4178 4179 4180 4181 4182 4183 4184 
4185 4186 4187 4188 4189 4190 4191 4192 4193 
4194 4195 4196 4197 4198 4199 4200 4201 4202 
4203 4204 4205 4206 4207 4208 4209 4210 4211 
4212 4213 4214 4215 4216 4217 4218 4219 4220 
4221 4222 4223 4224 4225 4226 4227 4228 4229 
4230 4231 4232 4233 4234 4235 4236 4237 4238 
4239 4240 4241 4242 4243 4244 4245 4246 4247 
4248 4249 4250 4251 4252 4253 4254 4255 4256 
4257 4258 4259 4260 4261 4262 4263 4264 4265 
4266 4267 4268 4269 4270 4271 4272 4273 4274 
4275 4276 4277 4278 4279 4280 4281 4282 4283 
4284 4285 4286 4287 4288 4289 4290 4291 4292 
4293 4294 4295 4296 4297 4298 4299 4300 4301 
4302 4303 4304 4305 4306 4307 4308 4309 4310 
4311 4312 4313 4314 4315 4316 4317 4318 4319 
4320 4321 4322 4323 4324 4325 4326 4327 4328 
4329 4330 4331 4332 4333 4334 4335 4336 4337 
4338 4339 4340 4341 4342 4343 4344 4345 4346 
4347 4348 4349 4350 4351 4352 4353 4354 4355 
4356 4357 4358 4359 4360 4361 4362 4363 4364 
4365 4366 4367 4368 4369 4370 4371 4372 4373 
4374 4375 4376 4377 4378 4379 4380 4381 4382 
4383 4384 4385 4386 4387 4388 4389 4390 4391 
4392 4393 4394 4395 4396 4397 4398 4399 4400 
4401 4402 4403 4404 4405 4406 4407 4408 4409 
4410 4411 4412 4413 4414 4415 4416 4417 4418 
4419 4420 4421 4422 4423 4424 4425 4426 4427 
4428 4429 4430 4431 4432 4433 4434 4435 4436 
4437 4438 4439 4440 4441 4442 4443 4444 4445 
4446 4447 4448 4449 4450 4451 4452 4453 4454 
4455 4456 4457 4458 4459 4460 4461 4462 4463 
4464 4465 4466 4467 4468 4469 4470 4471 4472 
4473 4474 4475 4476 4477 4478 4479 4480 4481 
4482 4483 4484 4485 4486 4487 4488 4489 4490 
4491 4492 4493 4494 4495 4496 4497 4498 4499 
4500 4501 4502 4503 4504 4505 4506 4507 4508 
4509 4510 4511 4512 4513 4514 4515 4516 4517 
4518 4519 4520 4521 4522 4523 4524 4525 4526 
4527 4528 4529 4530 4531 4532 4533 4534 4535 
4536 4537 4538 4539 4540 4541 4542 4543 4544 
4545 4546 4547 4548 4549 4550 4551 4552 4553 
4554 4555 4556 4557 4558 4559 4560 4561 4562 
4563 4564 4565 4566 4567 4568 4569 4570 4571 
4572 4573 4574 4575 4576 4577 4578 4579 4580 
4581 4582 4583 4584 4585 4586 4587 4588 4589 
4590 4591 4592 4593 4594 4595 4596 4597 4598 
4599 4600 4601 4602 4603 4604 4605 4606 4607 
4608 4609 4610 4611 4612 4613 4614 4615 4616 
4617 4618 4619 4620 4621 4622 4623 4624 4625 
4626 4627 4628 4629 4630 4631 4632 4633 4634 
4635 4636 4637 4638 4639 4640 4641 4642 4643 
4644 4645 4646 4647 4648 4649 4650 4651 4652 
4653 4654 4655 4656 4657 4658 4659 4660 4661 
4662 4663 4664 4665 4666 4667 4668 4669 4670 
4671 4672 4673 4674 4675 4676 4677 4678 4679 
4680 4681 4682 4683 4684 4685 4686 4687 4688 
4689 4690 4691 4692 4693 4694 4695 4696 4697 
4698 4699 4700 4701 4702 4703 4704 4705 4706 
4707 4708 4709 4710 4711 4712 4713 4714 4715 
4716 4717 4718 4719 4720 4721 4722 4723 4724 
4725 4726 4727 4728 4729 4730 4731 4732 4733 
4734 4735 4736 4737 4738 4739 4740 4741 4742 
4743 4744 4745 4746 4747 4748 4749 4750 4751 
4752 4753 4754 4755 4756 4757 4758 4759 4760 
4761 4762 4763 4764 4765 4766 4767 4768 4769 
4770 4771 4772 4773 4774 4775 4776 4777 4778 
4779 4780 4781 4782 4783 4784 4785 4786 4787 
4788 4789 4790 4791 4792 4793 4794 4795 4796 
4797 4798 4799 4800 4801 4802 4803 4804 4805 
4806 4807 4808 4809 4810 4811 4812 4813 4814 
4815 4816 4817 4818 4819 4820 4821 4822 4823 
4824 4825 4826 4827 4828 4829 4830 4831 4832 
4833 4834 4835 4836 4837 4838 4839 4840 4841 

CONNECTIVITY vtktypeint64
0 1 2 3 4 5 6 7 8 
9 10 11 12 13 14 15 16 17 
18 19 20 21 22 23 24 25 26 
27 28 29 30 31 32 33 34 35 
36 37 38 39 40 41 42 43 44 
45 46 47 48 49 50 51 52 53 
54 55 56 57 58 59 60 61 62 
63 64 65 66 67 68 69 70 71 
72 73 74 75 76 77 78 79 80 
81 82 83 84 85 86 87 88 89 
90 91 92 93 94 95 96 97 98 
99 100 101 102 103 104 105 106 107 
108 109 110 111 112 113 114 115 116 
117 118 119 120 121 122 123 124 125 
126 127 128 129 130 131 132 133 134 
135 136 137 138 139 140 141 142 143 
144 145 146 147 148 149 150 151 152 
153 154 155 156 157 158 159 160 161 
162 163 164 165 166 167 168 169 170 
171 172 173 174 175 176 177 178 179 
180 181 182 183 184 185 186 187 188 
189 190 191 192 193 194 195 196 197 
198 199 200 201 202 203 204 205 206 
207 208 209 210 211 212 213 214 215 
216 217 218 219 220 221 222 223 224 
225 226 227 228 229 230 231 232 233 
234 235 236 237 238 239 240 241 242 
243 244 245 246 247 248 249 250 251 
252 253 254 255 256 257 258 259 260 
261 262 263 264 265 266 267 268 269 
270 271 272 273 274 275 276 277 278 
279 280 281 282 283 284 285 286 287 
288 289 290 291 292 293 294 295 296 
297 298 299 300 301 302 303 304 305 
306 307 308 309 310 311 312 313 314 
315 316 317 318 319 320 321 322 323 
324 325 326 327 328 329 330 331 332 
333 334 335 336 337 338 339 340 341 
342 343 344 345 346 347 348 349 350 
351 352 353 354 355 356 357 358 359 
360 361 362 363 364 365 366 367 368 
369 370 371 372 373 374 375 376 377 
378 379 380 381 382 383 384 385 386 
387 388 389 390 391 392 393 394 395 
396 397 398 399 400 401 402 403 404 
405 406 407 408 409 410 411 412 413 
414 415 416 417 418 419 420 421 422 
423 424 425 426 427 428 429 430 431 
432 433 434 435 436 437 438 439 440 
441 442 443 444 445 446 447 448 449 
450 451 452 453 454 455 456 457 458 
459 460 461 462 463 464 465 466 467 
468 469 470 471 472 473 474 475 476 
477 478 479 480 481 482 483 484 485 
486 487 488 489 490 491 492 493 494 
495 496 497 498 499 500 501 502 503 
504 505 506 507 508 509 510 511 512 
513 514 515 516 517 518 519 520 521 
522 523 524 525 526 527 528 529 530 
531 532 533 534 535 536 537 538 539 
540 541 542 543 544 545 546 547 548 
549 550 551 552 553 554 555 556 557 
558 559 560 561 562 563 564 565 566 
567 568 569 570 571 572 573 574 575 
576 577 578 579 580 581 582 583 584 
585 586 587 588 589 590 591 592 593 
594 595 596 597 598 599 600 601 602 
603 604 605 606 607 608 609 610 611 
612 613 614 615 616 617 618 619 620 
621 622 623 624 625 626 627 628 629 
630 631 632 633 634 635 636 637 638 
639 640 641 642 643 644 645 646 647 
648 649 650 651 652 653 654 655 656 
657 658 659 660 661 662 663 664 665 
666 667 668 669 670 671 672 673 674 
675 676 677 678 679 680 681 682 683 
684 685 686 687 688 689 690 691 692 
693 694 695 696 697 698 699 700 701 
702 703 704 705 706 707 708 709 710 
711 712 713 714 715 716 717 718 719 
720 721 722 723 724 725 726 727 728 
729 730 731 732 733 734 735 736 737 
738 739 740 741 742 743 744 745 746 
747 748 749 750 751 752 753 754 755 
756 757 758 759 760 761 762 763 764 
765 766 767 768 769 770 771 772 773 
774 775 776 777 778 779 780 781 782 
783 784 785 786 787 788 789 790 791 
792 793 794 795 796 797 798 799 800 
801 802 803 804 805 806 807 808 809 
810 811 812 813 814 815 816 817 818 
819 820 821 822 823 824 825 826 827 
828 829 830 831 832 833 834 835 836 
837 838 839 840 841 842 843 844 845 
846 847 848 849 850 851 852 853 854 
855 856 857 858 859 860 861 862 863 
864 865 866 867 868 869 870 871 872 
873 874 875 876 877 878 879 880 881 
882 883 884 885 886 887 888 889 890 
891 892 893 894 895 896 897 898 899 
900 901 902 903 904 905 906 907 908 
909 910 911 912 913 914 915 916 917 
918 919 920 921 922 923 924 925 926 
927 928 929 930 931 932 933 934 935 
936 937 938 939 940 941 942 943 944 
945 946 947 948 949 950 951 952 953 
954 955 956 957 958 959 960 961 962 
963 964 965 966 967 968 969 970 971 
972 973 974 975 976 977 978 979 980 
981 982 983 984 985 986 987 988 989 
990 991 992 993 994 995 996 997 998 
999 1000 1001 1002 1003 1004 1005 1006 1007 
1008 1009 1010 1011 1012 1013 1014 1015 1016 
1017 1018 1019 1020 1021 1022 1023 1024 1025 
1026 1027 1028 1029 1030 1031 1032 1033 1034 
1035 1036 1037 1038 1039 1040 1041 1042 1043 
1044 1045 1046 1047 1048 1049 1050 1051 1052 
1053 1054 1055 1056 1057 1058 1059 1060 1061 
1062 1063 1064 1065 1066 1067 1068 1069 1070 
1071 1072 1073 1074 1075 1076 1077 1078 1079 
1080 1081 1082 1083 1084 1085 1086 1087 1088 
1089 1090 1091 1092 1093 1094 1095 1096 1097 
1098 1099 1100 1101 1102 1103 1104 1105 1106 
1107 1108 1109 1110 1111 1112 1113 1114 1115 
1116 1117 1118 1119 1120 1121 1122 1123 1124 
1125 1126 1127 1128 1129 1130 1131 1132 1133 
1134 1135 1136 1137 1138 1139 1140 1141 1142 
1143 1144 1145 1146 1147 1148 1149 1150 1151 
1152 1153 1154 1155 1156 1157 1158 1159 1160 
1161 1162 1163 1164 1165 1166 1167 1168 1169 
1170 1171 1172 1173 1174 1175 1176 1177 1178 
1179 1180 1181 1182 1183 1184 1185 1186 1187 
1188 1189 1190 1191 1192 1193 1194 1195 1196 
1197 1198 1199 1200 1201 1202 1203 1204 1205 
1206 1207 1208 1209 1210 1211 1212 1213 1214 
1215 1216 1217 1218 1219 1220 1221 1222 1223 
1224 1225 1226 1227 1228 1229 1230 1231 1232 
1233 1234 1235 1236 1237 1238 1239 1240 1241 
1242 1243 1244 1245 1246 1247 1248 1249 1250 
1251 1252 1253 1254 1255 1256 1257 1258 1259 
1260 1261 1262 1263 1264 1265 1266 1267 1268 
1269 1270 1271 1272 1273 1274 1275 1276 1277 
1278 1279 1280 1281 1282 1283 1284 1285 1286 
1287 1288 1289 1290 1291 1292 1293 1294 1295 
1296 1297 1298 1299 1300 1301 1302 1303 1304 
1305 1306 1307 1308 1309 1310 1311 1312 1313 
1314 1315 1316 1317 1318 1319 1320 1321 1322 
1323 1324 1325 1326 1327 1328 1329 1330 1331 
1332 1333 1334 1335 1336 1337 1338 1339 1340 
1341 1342 1343 1344 1345 1346 1347 1348 1349 
1350 1351 1352 1353 1354 1355 1356 1357 1358 
1359 1360 1361 1362 1363 1364 1365 1366 1367 
1368 1369 1370 1371 1372 1373 1374 1375 1376 
1377 1378 1379 1380 1381 1382 1383 1384 1385 
1386 1387 1388 1389 1390 1391 1392 1393 1394 
1395 1396 1397 1398 1399 1400 1401 1402 1403 
1404 1405 1406 1407 1408 1409 1410 1411 1412 
1413 1414 1415 1416 1417 1418 1419 1420 1421 
1422 1423 1424 1425 1426 1427 1428 1429 1430 
1431 1432 1433 1434 1435 1436 1437 1438 1439 
1440 1441 1442 1443 1444 1445 1446 1447 1448 
1449 1450 1451 1452 1453 1454 1455 1456 1457 
1458 1459 1460 1461 1462 1463 1464 1465 1466 
1467 1468 1469 1470 1471 1472 1473 1474 1475 
1476 1477 1478 1479 1480 1481 1482 1483 1484 
1485 1486 1487 1488 1489 1490 1491 1492 1493 
1494 1495 1496 1497 1498 1499 1500 1501 1502 
1503 1504 1505 1506 1507 1508 1509 1510 1511 
1512 1513 1514 1515 1516 1517 1518 1519 1520 
1521 1522 1523 1524 1525 1526 1527 1528 1529 
1530 1531 1532 1533 1534 1535 1536 1537 1538 
1539 1540 1541 1542 1543 1544 1545 1546 1547 
1548 1549 1550 1551 1552 1553 1554 1555 1556 
1557 1558 1559 1560 1561 1562 1563 1564 1565 
1566 1567 1568 1569 1570 1571 1572 1573 1574 
1575 1576 1577 1578 1579 1580 1581 1582 1583 
1584 1585 1586 1587 1588 1589 1590 1591 1592 
1593 1594 1595 1596 1597 1598 1599 1600 1601 
1602 1603 1604 1605 1606 1607 1608 1609 1610 
1611 1612 1613 1614 1615 1616 1617 1618 1619 
1620 1621 1622 1623 1624 1625 1626 1627 1628 
1629 1630 1631 1632 1633 1634 1635 1636 1637 
1638 1639 1640 1641 1642 1643 1644 1645 1646 
1647 1648 1649 1650 1651 1652 1653 1654 1655 
1656 1657 1658 1659 1660 1661 1662 1663 1664 
1665 1666 1667 1668 1669 1670 1671 1672 1673 
1674 1675 1676 1677 1678 1679 1680 1681 1682 
1683 1684 1685 1686 1687 1688 1689 1690 1691 
1692 1693 1694 1695 1696 1697 1698 1699 1700 
1701 1702 1703 1704 1705 1706 1707 1708 1709 
1710 1711 1712 1713 1714 1715 1716 1717 1718 
1719 1720 1721 1722 1723 1724 1725 1726 1727 
1728 1729 1730 1731 1732 1733 1734 1735 1736 
1737 1738 1739 1740 1741 1742 1743 1744 1745 
1746 1747 1748 1749 1750 1751 1752 1753 1754 
1755 1756 1757 1758 1759 1760 1761 1762 1763 
1764 1765 1766 1767 1768 1769 1770 1771 1772 
1773 1774 1775 1776 1777 1778 1779 1780 1781 
1782 1783 1784 1785 1786 1787 1788 1789 1790 
1791 1792 1793 1794 1795 1796 1797 1798 1799 
1800 1801 1802 1803 1804 1805 1806 1807 1808 
1809 1810 1811 1812 1813 1814 1815 1816 1817 
1818 1819 1820 1821 1822 1823 1824 1825 1826 
1827 1828 1829 1830 1831 1832 1833 1834 1835 
1836 1837 1838 1839 1840 1841 1842 1843 1844 
1845 1846 1847 1848 1849 1850 1851 1852 1853 
1854 1855 1856 1857 1858 1859 1860 1861 1862 
1863 1864 1865 1866 1867 1868 1869 1870 1871 
1872 1873 1874 1875 1876 1877 1878 1879 1880 
1881 1882 1883 1884 1885 1886 1887 1888 1889 
1890 1891 1892 1893 1894 1895 1896 1897 1898 
1899 1900 1901 1902 1903 1904 1905 1906 1907 
1908 1909 1910 1911 1912 1913 1914 1915 1916 
1917 1918 1919 1920 1921 1922 1923 1924 1925 
1926 1927 1928 1929 1930 1931 1932 1933 1934 
1935 1936 1937 1938 1939 1940 1941 1942 1943 
1944 1945 1946 1947 1948 1949 1950 1951 1952 
1953 1954 1955 1956 1957 1958 1959 1960 1961 
1962 1963 1964 1965 1966 1967 1968 1969 1970 
1971 1972 1973 1974 1975 1976 1977 1978 1979 
1980 1981 1982 1983 1984 1985 1986 1987 1988 
1989 1990 1991 1992 1993 1994 1995 1996 1997 
1998 1999 2000 2001 2002 2003 2004 2005 2006 
2007 2008 2009 2010 2011 2012 2013 2014 2015 
2016 2017 2018 2019 2020 2021 2022 2023 2024 
2025 2026 2027 2028 2029 2030 2031 2032 2033 
2034 2035 2036 2037 2038 2039 2040 2041 2042 
2043 2044 2045 2046 2047 2048 2049 2050 2051 
2052 2053 2054 2055 2056 2057 2058 2059 2060 
2061 2062 2063 2064 2065 2066 2067 2068 2069 
2070 2071 2072 2073 2074 2075 2076 2077 2078 
2079 2080 2081 2082 2083 2084 2085 2086 2087 
2088 2089 2090 2091 2092 2093 2094 2095 2096 
2097 2098 2099 2100 2101 2102 2103 2104 2105 
2106 2107 2108 2109 2110 2111 2112 2113 2114 
2115 2116 2117 2118 2119 2120 2121 2122 2123 
2124 2125 2126 2127 2128 2129 2130 2131 2132 
2133 2134 2135 2136 2137 2138 2139 2140 2141 
2142 2143 2144 2145 2146 2147 2148 2149 2150 
2151 2152 2153 2154 2155 2156 2157 2158 2159 
2160 2161 2162 2163 2164 2165 2166 2167 2168 
2169 2170 2171 2172 2173 2174 2175 2176 2177 
2178 2179 2180 2181 2182 2183 2184 2185 2186 
2187 2188 2189 2190 2191 2192 2193 2194 2195 
2196 2197 2198 2199 2200 2201 2202 2203 2204 
2205 2206 2207 2208 2209 2210 2211 2212 2213 
2214 2215 2216 2217 2218 2219 2220 2221 2222 
2223 2224 2225 2226 2227 2228 2229 2230 2231 
2232 2233 2234 2235 2236 2237 2238 2239 2240 
2241 2242 2243 2244 2245 2246 2247 2248 2249 
2250 2251 2252 2253 2254 2255 2256 2257 2258 
2259 2260 2261 2262 2263 2264 2265 2266 2267 
2268 2269 2270 2271 2272 2273 2274 2275 2276 
2277 2278 2279 2280 2281 2282 2283 2284 2285 
2286 2287 2288 2289 2290 2291 2292 2293 2294 
2295 2296 2297 2298 2299 2300 2301 2302 2303 
2304 2305 2306 2307 2308 2309 2310 2311 2312 
2313 2314 2315 2316 2317 2318 2319 2320 2321 
2322 2323 2324 2325 2326 2327 2328 2329 2330 
2331 2332 2333 2334 2335 2336 2337 2338 2339 
2340 2341 2342 2343 2344 2345 2346 2347 2348 
2349 2350 2351 2352 2353 2354 2355 2356 2357 
2358 2359 2360 2361 2362 2363 2364 2365 2366 
2367 2368 2369 2370 2371 2372 2373 2374 2375 
2376 2377 2378 2379 2380 2381 2382 2383 2384 
2385 2386 2387 2388 2389 2390 2391 2392 2393 
2394 2395 2396 2397 2398 2399 2400 2401 2402 
2403 2404 2405 2406 2407 2408 2409 2410 2411 
2412 2413 2414 2415 2416 2417 2418 2419 2420 
2421 2422 2423 2424 2425 2426 2427 2428 2429 
2430 2431 2432 2433 2434 2435 2436 2437 2438 
2439 2440 2441 2442 2443 2444 2445 2446 2447 
2448 2449 2450 2451 2452 2453 2454 2455 2456 
2457 2458 2459 2460 2461 2462 2463 2464 2465 
2466 2467 2468 2469 2470 2471 2472 2473 2474 
2475 2476 2477 2478 2479 2480 2481 2482 2483 
2484 2485 2486 2487 2488 2489 2490 2491 2492 
2493 2494 2495 2496 2497 2498 2499 2500 2501 
2502 2503 2504 2505 2506 2507 2508 2509 2510 
2511 2512 2513 2514 2515 2516 2517 2518 2519 
2520 2521 2522 2523 2524 2525 2526 2527 2528 
2529 2530 2531 2532 2533 2534 2535 2536 2537 
2538 2539 2540 2541 2542 2543 2544 2545 2546 
2547 2548 2549 2550 2551 2552 2553 2554 2555 
2556 2557 2558 2559 2560 2561 2562 2563 2564 
2565 2566 2567 2568 2569 2570 2571 2572 2573 
2574 2575 2576 2577 2578 2579 2580 2581 2582 
2583 2584 2585 2586 2587 2588 2589 2590 2591 
2592 2593 2594 2595 2596 2597 2598 2599 2600 
2601 2602 2603 2604 2605 2606 2607 2608 2609 
2610 2611 2612 2613 2614 2615 2616 2617 2618 
2619 2620 2621 2622 2623 2624 2625 2626 2627 
2628 2629 2630 2631 2632 2633 2634 2635 2636 
2637 2638 2639 2640 2641 2642 2643 2644 2645 
2646 2647 2648 2649 2650 2651 2652 2653 2654 
2655 2656 2657 2658 2659 2660 2661 2662 2663 
2664 2665 2666 2667 2668 2669 2670 2671 2672 
2673 2674 2675 2676 2677 2678 2679 2680 2681 
2682 2683 2684 2685 2686 2687 2688 2689 2690 
2691 2692 2693 2694 2695 2696 2697 2698 2699 
2700 2701 2702 2703 2704 2705 2706 2707 2708 
2709 2710 2711 2712 2713 2714 2715 2716 2717 
2718 2719 2720 2721 2722 2723 2724 2725 2726 
2727 2728 2729 2730 2731 2732 2733 2734 2735 
2736 2737 2738 2739 2740 2741 2742 2743 2744 
2745 2746 2747 2748 2749 2750 2751 2752 2753 
2754 2755 2756 2757 2758 2759 2760 2761 2762 
2763 2764 2765 2766 2767 2768 2769 2770 2771 
2772 2773 2774 2775 2776 2777 2778 2779 2780 
2781 2782 2783 2784 2785 2786 2787 2788 2789 
2790 2791 2792 2793 2794 2795 2796 2797 2798 
2799 2800 2801 2802 2803 2804 2805 2806 2807 
2808 2809 2810 2811 2812 2813 2814 2815 2816 
2817 2818 2819 2820 2821 2822 2823 2824 2825 
2826 2827 2828 2829 2830 2831 2832 2833 2834 
2835 2836 2837 2838 2839 2840 2841 2842 2843 
2844 2845 2846 2847 2848 2849 2850 2851 2852 
2853 2854 2855 2856 2857 2858 2859 2860 2861 
2862 2863 2864 2865 2866 2867 2868 2869 2870 
2871 2872 2873 2874 2875 2876 2877 2878 2879 
2880 2881 2882 2883 2884 2885 2886 2887 2888 
2889 2890 2891 2892 2893 2894 2895 2896 2897 
2898 2899 2900 2901 2902 2903 2904 2905 2906 
2907 2908 2909 2910 2911 2912 2913 2914 2915 
2916 2917 2918 2919 2920 2921 2922 2923 2924 
2925 2926 2927 2928 2929 2930 2931 2932 2933 
2934 2935 2936 2937 2938 2939 2940 2941 2942 
2943 2944 2945 2946 2947 2948 2949 2950 2951 
2952 2953 2954 2955 2956 2957 2958 2959 2960 
2961 2962 2963 2964 2965 2966 2967 2968 2969 
2970 2971 2972 2973 2974 2975 2976 2977 2978 
2979 2980 2981 2982 2983 2984 2985 2986 2987 
2988 2989 2990 2991 2992 2993 2994 2995 2996 
2997 2998 2999 3000 3001 3002 3003 3004 3005 
3006 3007 3008 3009 3010 3011 3012 3013 3014 
3015 3016 3017 3018 3019 3020 3021 3022 3023 
3024 3025 3026 3027 3028 3029 3030 3031 3032 
3033 3034 3035 3036 3037 3038 3039 3040 3041 
3042 3043 3044 3045 3046 3047 3048 3049 3050 
3051 3052 3053 3054 3055 3056 3057 3058 3059 
3060 3061 3062 3063 3064 3065 3066 3067 3068 
3069 3070 3071 3072 3073 3074 3075 3076 3077 
3078 3079 3080 3081 3082 3083 3084 3085 3086 
3087 3088 3089 3090 3091 3092 3093 3094 3095 
3096 3097 3098 3099 3100 3101 3102 3103 3104 
3105 3106 3107 3108 3109 3110 3111 3112 3113 
3114 3115 3116 3117 3118 3119 3120 3121 3122 
3123 3124 3125 3126 3127 3128 3129 3130 3131 
3132 3133 3134 3135 3136 3137 3138 3139 3140 
3141 3142 3143 3144 3145 3146 3147 3148 3149 
3150 3151 3152 3153 3154 3155 3156 3157 3158 
3159 3160 3161 3162 3163 3164 3165 3166 3167 
3168 3169 3170 3171 3172 3173 3174 3175 3176 
3177 3178 3179 3180 3181 3182 3183 3184 3185 
3186 3187 3188 3189 3190 3191 3192 3193 3194 
3195 3196 3197 3198 3199 3200 3201 3202 3203 
3204 3205 3206 3207 3208 3209 3210 3211 3212 
3213 3214 3215 3216 3217 3218 3219 3220 3221 
3222 3223 3224 3225 3226 3227 3228 3229 3230 
3231 3232 3233 3234 3235 3236 3237 3238 3239 
3240 3241 3242 3243 3244 3245 3246 3247 3248 
3249 3250 3251 3252 3253 3254 3255 3256 3257 
3258 3259 3260 3261 3262 3263 3264 3265 3266 
3267 3268 3269 3270 3271 3272 3273 3274 3275 
3276 3277 3278 3279 3280 3281 3282 3283 3284 
3285 3286 3287 3288 3289 3290 3291 3292 3293 
3294 3295 3296 3297 3298 3299 3300 3301 3302 
3303 3304 3305 3306 3307 3308 3309 3310 3311 
3312 3313 3314 3315 3316 3317 3318 3319 3320 
3321 3322 3323 3324 3325 3326 3327 3328 3329 
3330 3331 3332 3333 3334 3335 3336 3337 3338 
3339 3340 3341 3342 3343 3344 3345 3346 3347 
3348 3349 3350 3351 3352 3353 3354 3355 3356 
3357 3358 3359 3360 3361 3362 3363 3364 3365 
3366 3367 3368 3369 3370 3371 3372 3373 3374 
3375 3376 3377 3378 3379 3380 3381 3382 3383 
3384 3385 3386 3387 3388 3389 3390 3391 3392 
3393 3394 3395 3396 3397 3398 3399 3400 3401 
3402 3403 3404 3405 3406 3407 3408 3409 3410 
3411 3412 3413 3414 3415 3416 3417 3418 3419 
3420 3421 3422 3423 3424 3425 3426 3427 3428 
3429 3430 3431 3432 3433 3434 3435 3436 3437 
3438 3439 3440 3441 3442 3443 3444 3445 3446 
3447 3448 3449 3450 3451 3452 3453 3454 3455 
3456 3457 3458 3459 3460 3461 3462 3463 3464 
3465 3466 3467 3468 3469 3470 3471 3472 3473 
3474 3475 3476 3477 3478 3479 3480 3481 3482 
3483 3484 3485 3486 3487 3488 3489 3490 3491 
3492 3493 3494 3495 3496 3497 3498 3499 3500 
3501 3502 3503 3504 3505 3506 3507 3508 3509 
3510 3511 3512 3513 3514 3515 3516 3517 3518 
3519 3520 3521 3522 3523 3524 3525 3526 3527 
3528 3529 3530 3531 3532 3533 3534 3535 3536 
3537 3538 3539 3540 3541 3542 3543 3544 3545 
3546 3547 3548 3549 3550 3551 3552 3553 3554 
3555 3556 3557 3558 3559 3560 3561 3562 3563 
3564 3565 3566 3567 3568 3569 3570 3571 3572 
3573 3574 3575 3576 3577 3578 3579 3580 3581 
3582 3583 3584 3585 3586 3587 3588 3589 3590 
3591 3592 3593 3594 3595 3596 3597 3598 3599 
3600 3601 3602 3603 3604 3605 3606 3607 3608 
3609 3610 3611 3612 3613 3614 3615 3616 3617 
3618 3619 3620 3621 3622 3623 3624 3625 3626 
3627 3628 3629 3630 3631 3632 3633 3634 3635 
3636 3637 3638 3639 3640 3641 3642 3643 3644 
3645 3646 3647 3648 3649 3650 3651 3652 3653 
3654 3655 3656 3657 3658 3659 3660 3661 3662 
3663 3664 3665 3666 3667 3668 3669 3670 3671 
3672 3673 3674 3675 3676 3677 3678 3679 3680 
3681 3682 3683 3684 3685 3686 3687 3688 3689 
3690 3691 3692 3693 3694 3695 3696 3697 3698 
3699 3700 3701 3702 3703 3704 3705 3706 3707 
3708 3709 3710 3711 3712 3713 3714 3715 3716 
3717 3718 3719 3720 3721 3722 3723 3724 3725 
3726 3727 3728 3729 3730 3731 3732 3733 3734 
3735 3736 3737 3738 3739 3740 3741 3742 3743 
3744 3745 3746 3747 3748 3749 3750 3751 3752 
3753 3754 3755 3756 3757 3758 3759 3760 3761 
3762 3763 3764 3765 3766 3767 3768 3769 3770 
3771 3772 3773 3774 3775 3776 3777 3778 3779 
3780 3781 3782 3783 3784 3785 3786 3787 3788 
3789 3790 3791 3792 3793 3794 3795 3796 3797 
3798 3799 3800 3801 3802 3803 3804 3805 3806 
3807 3808 3809 3810 3811 3812 3813 3814 3815 
3816 3817 3818 3819 3820 3821 3822 3823 3824 
3825 3826 3827 3828 3829 3830 3831 3832 3833 
3834 3835 3836 3837 3838 3839 3840 3841 3842 
3843 3844 3845 3846 3847 3848 3849 3850 3851 
3852 3853 3854 3855 3856 3857 3858 3859 3860 
3861 3862 3863 3864 3865 3866 3867 3868 3869 
3870 3871 3872 3873 3874 3875 3876 3877 3878 
3879 3880 3881 3882 3883 3884 3885 3886 3887 
3888 3889 3890 3891 3892 3893 3894 3895 3896 
3897 3898 3899 3900 3901 3902 3903 3904 3905 
3906 3907 3908 3909 3910 3911 3912 3913 3914 
3915 3916 3917 3918 3919 3920 3921 3922 3923 
3924 3925 3926 3927 3928 3929 3930 3931 3932 
3933 3934 3935 3936 3937 3938 3939 3940 3941 
3942 3943 3944 3945 3946 3947 3948 3949 3950 
3951 3952 3953 3954 3955 3956 3957 3958 3959 
3960 3961 3962 3963 3964 3965 3966 3967 3968 
3969 3970 3971 3972 3973 3974 3975 3976 3977 
3978 3979 3980 3981 3982 3983 3984 3985 3986 
3987 3988 3989 3990 3991 3992 3993 3994 3995 
3996 3997 3998 3999 4000 4001 4002 4003 4004 
4005 4006 4007 4008 4009 4010 4011 4012 4013 
4014 4015 4016 4017 4018 4019 4020 4021 4022 
4023 4024 4025 4026 4027 4028 4029 4030 4031 
4032 4033 4034 4035 4036 4037 4038 4039 4040 
4041 4042 4043 4044 4045 4046 4047 4048 4049 
4050 4051 4052 4053 4054 4055 4056 4057 4058 
4059 4060 4061 4062 4063 4064 4065 4066 4067 
4068 4069 4070 4071 4072 4073 4074 4075 4076 
4077 4078 4079 4080 4081 4082 4083 4084 4085 
4086 4087 4088 4089 4090 4091 4092 4093 4094 
4095 4096 4097 4098 4099 4100 4101 4102 4103 
4104 4105 4106 4107 4108 4109 4110 4111 4112 
4113 4114 4115 4116 4117 4118 4119 4120 4121 
4122 4123 4124 4125 4126 4127 4128 4129 4130 
4131 4132 4133 4134 4135 4136 4137 4138 4139 
4140 4141 4142 4143 4144 4145 4146 4147 4148 
4149 4150 4151 4152 4153 4154 4155 4156 4157 
4158 4159 4160 4161 4162 4163 4164 4165 4166 
4167 4168 4169 4170 4171 4172 4173 4174 4175 
4176 4177 4178 4179 4180 4181 4182 4183 4184 
4185 4186 4187 4188 4189 4190 4191 4192 4193 
4194 4195 4196 4197 4198 4199 4200 4201 4202 
4203 4204 4205 4206 4207 4208 4209 4210 4211 
4212 4213 4214 4215 4216 4217 4218 4219 4220 
4221 4222 4223 4224 4225 4226 4227 4228 4229 
4230 4231 4232 4233 4234 4235 4236 4237 4238 
4239 4240 4241 4242 4243 4244 4245 4246 4247 
4248 4249 4250 4251 4252 4253 4254 4255 4256 
4257 4258 4259 4260 4261 4262 4263 4264 4265 
4266 4267 4268 4269 4270 4271 4272 4273 4274 
4275 4276 4277 4278 4279 4280 4281 4282 4283 
4284 4285 4286 4287 4288 4289 4290 4291 4292 
4293 4294 4295 4296 4297 4298 4299 4300 4301 
4302 4303 4304 4305 4306 4307 4308 4309 4310 
4311 4312 4313 4314 4315 4316 4317 4318 4319 
4320 4321 4322 4323 4324 4325 4326 4327 4328 
4329 4330 4331 4332 4333 4334 4335 4336 4337 
4338 4339 4340 4341 4342 4343 4344 4345 4346 
4347 4348 4349 4350 4351 4352 4353 4354 4355 
4356 4357 4358 4359 4360 4361 4362 4363 4364 
4365 4366 4367 4368 4369 4370 4371 4372 4373 
4374 4375 4376 4377 4378 4379 4380 4381 4382 
4383 4384 4385 4386 4387 4388 4389 4390 4391 
4392 4393 4394 4395 4396 4397 4398 4399 4400 
4401 4402 4403 4404 4405 4406 4407 4408 4409 
4410 4411 4412 4413 4414 4415 4416 4417 4418 
4419 4420 4421 4422 4423 4424 4425 4426 4427 
4428 4429 4430 4431 4432 4433 4434 4435 4436 
4437 4438 4439 4440 4441 4442 4443 4444 4445 
4446 4447 4448 4449 4450 4451 4452 4453 4454 
4455 4456 4457 4458 4459 4460 4461 4462 4463 
4464 4465 4466 4467 4468 4469 4470 4471 4472 
4473 4474 4475 4476 4477 4478 4479 4480 4481 
4482 4483 4484 4485 4486 4487 4488 4489 4490 
4491 4492 4493 4494 4495 4496 4497 4498 4499 
4500 4501 4502 4503 4504 4505 4506 4507 4508 
4509 4510 4511 4512 4513 4514 4515 4516 4517 
4518 4519 4520 4521 4522 4523 4524 4525 4526 
4527 4528 4529 4530 4531 4532 4533 4534 4535 
4536 4537 4538 4539 4540 4541 4542 4543 4544 
4545 4546 4547 4548 4549 4550 4551 4552 4553 
4554 4555 4556 4557 4558 4559 4560 4561 4562 
4563 4564 4565 4566 4567 4568 4569 4570 4571 
4572 4573 4574 4575 4576 4577 4578 4579 4580 
4581 4582 4583 4584 4585 4586 4587 4588 4589 
4590 4591 4592 4593 4594 4595 4596 4597 4598 
4599 4600 4601 4602 4603 4604 4605 4606 4607 
4608 4609 4610 4611 4612 4613 4614 4615 4616 
4617 4618 4619 4620 4621 4622 4623 4624 4625 
4626 4627 4628 4629 4630 4631 4632 4633 4634 
4635 4636 4637 4638 4639 4640 4641 4642 4643 
4644 4645 4646 4647 4648 4649 4650 4651 4652 
4653 4654 4655 4656 4657 4658 4659 4660 4661 
4662 4663 4664 4665 4666 4667 4668 4669 4670 
4671 4672 4673 4674 4675 4676 4677 4678 4679 
4680 4681 4682 4683 4684 4685 4686 4687 4688 
4689 4690 4691 4692 4693 4694 4695 4696 4697 
4698 4699 4700 4701 4702 4703 4704 4705 4706 
4707 4708 4709 4710 4711 4712 4713 4714 4715 
4716 4717 4718 4719 4720 4721 4722 4723 4724 
4725 4726 4727 4728 4729 4730 4731 4732 4733 
4734 4735 4736 4737 4738 4739 4740 4741 4742 
4743 4744 4745 4746 4747 4748 4749 4750 4751 
4752 4753 4754 4755 4756 4757 4758 4759 4760 
4761 4762 4763 4764 4765 4766 4767 4768 4769 
4770 4771 4772 4773 4774 4775 4776 4777 4778 
4779 4780 4781 4782 4783 4784 4785 4786 4787 
4788 4789 4790 4791 4792 4793 4794 4795 4796 
4797 4798 4799 4800 4801 4802 4803 4804 4805 
4806 4807 4808 4809 4810 4811 4812 4813 4814 
4815 4816 4817 4818 4819 4820 4821 4822 4823 
4824 4825 4826 4827 4828 4829 4830 4831 4832 
4833 4834 4835 4836 4837 4838 4839 4840 
POINT_DATA 4841
FIELD FieldData 5
id 1 4841 int
48045 46067 45179 42426 49034 45195 44441 41713 45568 
46694 46342 45390 46624 45669 46851 45246 47040 47251 
46486 46116 48836 47160 47926 48317 45990 48389 44934 
47071 40429 41315 48457 44937 49043 47121 43759 48339 
45882 48407 40225 47673 46900 46262 49126 47663 45155 
48750 47064 40498 44638 45093 48628 48587 46375 46548 
44725 48077 45541 44888 45717 46028 40727 45306 47364 
48842 47362 45788 47388 46557 44920 45872 41727 46458 
49024 47700 48035 42867 46408 42362 48568 41129 36152 
46092 47765 49046 46552 47287 44731 43901 46281 45998 
46298 44736 45708 46222 46419 46051 47577 46833 45631 
46154 48858 45194 48689 46863 46792 46598 47685 45294 
48291 48656 46844 48017 45670 45753 48090 44786 44670 
48867 46358 46867 41420 46669 45592 46202 46094 1620 
46386 46354 44757 45385 46646 40158 46008 45587 46038 
45459 45469 46861 47996 48625 45124 44775 31445 43715 
47967 47170 46572 48611 46791 46583 47969 45170 21250 
42698 47257 48926 41153 44020 46730 47525 48935 46936 
46761 45956 49055 44984 45940 48164 40793 40241 46009 
47177 46305 44781 48430 5527 32733 47414 47701 47630 
46764 48929 44298 45166 47775 43851 48379 42722 43413 
45140 47114 41857 44977 46259 48034 48168 48420 45148 
47830 40659 45265 48406 46945 2618 45276 43147 44840 
47807 45944 46474 1465 42863 46417 42782 48386 49124 
37442 47773 47803 47657 46754 43506 48441 48266 46291 
43563 38469 46022 47798 45233 45121 47169 46160 39334 
48954 40781 46434 48012 7421 45286 45611 46691 46238 
45970 47687 47344 44955 47563 48426 45072 41766 48434 
48008 46019 41133 41838 42463 45351 47980 40709 45840 
45347 41357 48514 31491 47508 45544 45108 45321 46477 
48673 46274 7580 302 6128 45904 1420 45243 37381 
47321 46083 47503 761 49074 44771 47723 3868 45420 
46897 46369 44783 46795 44768 43595 45331 47280 43865 
33922 47936 45787 40367 44525 42081 47316 47337 47858 
48249 2029 38616 42087 49061 16829 48521 6546 46297 
43576 46525 32677 45578 48629 46982 45600 45584 49075 
2305 46680 42492 38397 45874 6447 1847 42947 6876 
47466 35895 45773 47570 47533 41871 40841 47428 37210 
43142 44240 47203 47637 47220 46333 45937 47090 44892 
46611 47111 34540 39768 45007 40674 42422 2858 11887 
44847 5055 1356 40512 46494 45206 46511 46188 46420 
6839 21622 41508 3475 44777 44924 44828 41739 40808 
34763 47983 48275 6947 7249 3173 42271 47021 6138 
40934 47013 48734 48414 43268 4450 43033 41369 48636 
47738 48792 41309 44841 46964 40295 47182 40657 46852 
45900 48269 40179 896 44832 44705 48717 5288 49023 
46133 5355 11794 4606 1235 48677 40629 46455 2040 
4738 48270 7039 42579 44854 44541 48050 48424 46827 
47854 42204 46412 716 4462 3954 35325 35710 38579 
48125 6909 3408 42512 5748 43081 47645 253 47042 
40230 41060 49081 3042 35714 48855 44754 3721 48015 
45982 97 45350 42539 45106 47627 43988 41273 48151 
47301 45465 48201 48033 49080 37695 3792 37818 878 
4526 41110 40758 1946 47431 3059 45087 2538 4841 
689 3776 5210 1236 42331 45009 4463 2596 4057 
32103 3458 1916 45547 44689 4937 47498 45505 47977 
1100 1520 6843 2575 48885 41883 48118 46467 40214 
37135 48056 44758 42203 3396 34441 10519 47440 115 
47146 2006 46984 45843 46172 48152 1372 1336 2107 
46894 613 1954 2449 11921 1708 707 42725 45855 
6591 5919 48733 5892 46901 1733 47640 47150 41252 
6845 647 43986 48709 48681 5852 48277 49114 45145 
622 538 6495 21878 5024 2653 46526 1642 1959 
6794 5397 2017 61 6801 7368 1831 45499 40611 
3126 39507 46921 46086 48850 47495 48742 46939 7016 
45019 344 1072 7007 43278 417 7344 45818 4683 
46531 46445 46314 48227 47598 48183 5137 994 16014 
3183 5665 6049 2109 583 11092 45423 1876 48605 
47361 47411 98 47530 46841 47796 45727 47011 1624 
4737 5650 6943 41995 5274 1077 3091 6437 6170 
45450 43409 46857 41026 45552 40843 6320 574 48069 
3712 2229 6699 52 37798 6617 3459 323 6963 
46659 45754 45483 46565 46913 1973 47434 46564 5667 
3346 7494 5364 46330 5977 6835 5161 3343 4627 
4569 19 71 1507 46430 48663 47705 45181 46246 
46931 1614 6679 1402 2617 48642 3201 7527 3485 
6333 45149 6382 15782 1835 47934 45748 47306 48349 
47783 45706 43108 48336 47999 509 1182 839 6788 
486 742 6102 2976 4837 928 17371 12185 5750 
6171 1528 46210 48822 45201 46739 45130 42814 49104 
41170 5968 3505 5580 736 3557 9640 1592 3658 
1166 7483 2567 44893 5042 5923 7223 6620 48807 
3841 45457 41610 45163 47054 47117 6732 1655 1378 
2350 46818 10224 3726 15201 2881 45152 5820 21479 
16737 47542 515 2047 2430 46535 44980 45271 48094 
46651 47855 5668 6744 22037 1397 3234 16118 1115 
3366 16484 26367 4132 27284 6448 44222 357 534 
6518 6249 2775 46671 44674 48535 47153 44662 47026 
15414 1071 3354 2812 45453 47931 6440 47233 4604 
19317 15818 5899 4858 25173 46072 22579 39646 5064 
7168 30627 10089 17547 5859 20242 16704 5543 6721 
7473 12058 6753 2333 1805 34353 47078 45739 5912 
17350 34843 179 7309 45010 40976 47480 49069 47293 
3011 4274 7340 2161 5121 1591 7596 4712 6881 
12151 16965 26028 14665 3753 23609 25966 5796 4219 
2615 3925 45424 7487 16429 17160 29445 26100 30131 
4161 1720 2863 4580 6782 10796 1577 2667 2783 
1644 20358 5281 2699 3474 3940 11896 10153 6002 
11071 398 2471 38632 14982 47404 45704 46390 47139 
1012 6259 16281 10966 47950 3702 4608 592 6273 
30515 955 26062 2095 1303 1222 395 653 21169 
22041 3189 5374 7855 19857 3510 25528 18639 12427 
29579 3310 21263 7256 40452 243 8570 4332 502 
16957 14239 6095 1552 5040 25988 87 1477 1016 
17027 5209 2231 7538 4552 9150 45274 47453 48903 
46777 48522 46286 46077 45767 4965 9770 7010 2314 
2565 7793 1858 5858 4175 7499 16360 6493 21985 
4440 5788 5866 4452 11274 3936 16929 4382 13172 
1019 57 24320 19377 12752 4644 1337 965 35334 
4873 31052 48126 3896 26591 2780 458 2767 5945 
20649 25196 19192 4834 23 686 2660 822 11722 
886 10527 2470 11533 47034 48079 45176 46057 5572 
420 4817 4365 4784 45714 982 8382 16691 2458 
4201 5082 34359 20322 630 5990 32693 6603 5416 
12042 1549 283 31103 15696 6109 35496 26329 29220 
13611 4751 20903 2034 16319 46151 632 7128 5002 
6197 476 33938 6326 34487 751 5022 11577 16584 
15546 1418 15691 4173 16204 25484 4005 168 4753 
9474 21006 48189 47513 45854 45185 46161 48580 47208 
1167 2554 3329 12407 2376 987 29 6441 9517 
43899 1694 2506 17246 34516 11496 21637 5984 2494 
644 31138 6195 3578 936 6290 34322 594 6951 
30134 21663 19420 35182 35481 30273 2026 3675 11883 
5908 48994 7277 4431 6364 22749 2928 19750 16618 
24634 26017 29369 1966 4816 7283 3857 7034 3427 
4166 11217 16719 45686 48213 46093 40405 48472 47171 
45129 46113 3489 3652 5765 6072 6262 9541 8634 
9032 21609 29710 20896 1459 35542 6604 12219 3130 
19080 12101 3981 10997 17245 19385 25828 7018 34065 
34185 34167 39034 2173 26340 34742 1905 21570 6998 
46979 42989 48013 10636 20823 26478 21525 15241 35055 
4076 11693 20532 21556 30578 13718 132 5811 6321 
4032 12451 5283 5068 667 8968 47141 48496 46279 
46146 927 44431 3019 20241 6703 9078 26258 6925 
12081 29309 21639 30989 21282 34313 36842 38688 26583 
21411 7320 683 7425 46638 7315 4781 19661 30342 
1202 30886 38866 35062 37881 1160 37816 25435 34729 
427 8866 39152 785 47391 2543 1958 20943 30031 
26413 21575 30426 21952 4927 20168 40103 207 7516 
995 7226 7230 35484 3934 10025 46738 46131 40769 
2127 2762 4417 5363 9733 5208 4708 12160 11157 
21098 30960 17146 34780 21510 40118 32985 26491 6652 
30941 19631 34822 7520 1426 7461 17305 4262 26008 
34623 39799 40163 40576 29650 1268 7530 38291 5028 
39950 43094 6329 3759 30158 47387 2176 5144 11373 
1840 35250 16695 2535 30227 16309 28403 19346 34374 
42527 33609 3906 5127 1870 3512 1327 17317 1246 
1463 7180 47958 47712 47562 44903 48221 45903 5255 
21159 12114 17120 12575 1880 16876 42920 854 4799 
19917 30937 26266 28509 38155 17125 35541 34792 17206 
16035 6653 45464 7495 21230 34165 35385 39603 35478 
17287 24637 1855 24901 20993 9386 3417 16351 41048 
2750 16205 25317 30451 39830 38841 39029 2583 39848 
38955 39584 33640 29337 25006 12380 44359 39829 5330 
16754 46340 505 15888 4589 10169 15869 26497 2811 
6714 44872 44770 46571 47891 44171 48817 49029 6010 
11471 17242 11221 5377 3215 33937 2975 4849 45566 
5868 4659 40132 38085 39232 34926 38711 43705 43419 
34236 34869 36556 6279 12997 45219 45664 41493 72 
3254 17166 39032 20553 1087 47985 43602 43823 30324 
5257 26483 6600 7102 9668 16923 36761 37729 45164 
47754 3817 3405 4786 37792 16641 39471 35094 15986 
27594 39456 5087 8763 10889 711 43431 6216 11727 
45969 44960 46634 47288 46261 47467 48487 47753 9820 
4582 12279 43879 1784 4346 8068 3133 11483 537 
29803 40127 44424 44156 36306 43897 42191 24877 48286 
4114 1085 11826 47038 86 38372 2640 46734 38040 
15229 33695 38405 39215 47766 44335 47945 21880 48057 
44011 9137 43540 46810 6486 5396 38530 40010 42923 
40153 11818 21126 43572 43084 38377 43098 1677 13908 
21859 47971 49066 4517 10618 14695 2958 1501 7474 
2591 3897 48219 46451 48347 47961 46289 47963 43314 
46770 46101 47201 47968 47041 11874 16306 26180 517 
48497 11178 7528 205 239 9130 24686 35189 31038 
47029 20091 14509 44495 44251 48240 46581 47741 45607 
39686 11498 7370 11053 29263 48106 12023 979 17302 
2093 34974 4294 5053 12617 3586 2296 20669 47248 
45640 21904 4722 21428 20734 42885 40162 3825 48695 
49003 16061 4933 23365 39267 48761 9942 7142 12486 
44991 47022 5392 35173 34161 1331 2889 3997 12315 
48616 44982 48922 48068 45715 44944 47445 46785 41395 
46597 47478 45105 45803 2288 39416 62 11945 49065 
46737 1380 5700 48029 6500 40826 39478 2649 11827 
2290 6540 44065 39566 29675 21903 1102 11137 48653 
894 2094 48608 6337 1015 4071 1824 17232 4945 
2140 34939 17691 5005 4488 35322 1872 6088 30590 
44915 11555 48772 35171 5 334 6633 44342 3791 
11618 46162 46364 47274 964 1387 10399 1300 1392 
2491 3802 48084 44986 48501 47625 40859 47617 47568 
46443 48630 46499 426 2597 6967 4075 2556 4348 
2021 43383 9965 5182 10544 4515 6202 6997 48172 
775 34709 39345 6671 47510 2804 6622 10904 6268 
2462 6415 2909 17284 12570 4587 7357 5806 1519 
1180 3815 1093 4366 34261 34975 1267 47302 1348 
39952 7278 15536 4423 12115 5705 2295 48966 34560 
44390 26145 6902 46473 3744 3563 5592 2058 10077 
12014 46449 48887 47367 45360 47788 45489 48891 45214 
47763 48495 42109 3770 1749 5831 16708 2688 5203 
45245 48432 4260 2821 3528 531 3585 6898 1842 
6992 3092 7095 7099 6204 16131 46332 8021 11106 
6678 7398 30277 720 2180 2469 588 39966 30357 
834 9931 46814 6686 46944 25899 7240 7152 5428 
10752 3943 2730 161 4958 5860 5865 12493 46689 
44719 966 5228 16668 12532 5728 11737 44714 48982 
44667 46805 46781 46243 45695 47333 47790 47052 47583 
48305 11532 464 9271 199 44985 46909 6954 6422 
16525 19889 3883 7063 404 1643 5106 14 4472 
48500 6621 12091 47315 2285 25035 2687 807 6192 
6478 7257 6527 3765 3128 6317 5891 167 1209 
48979 45367 3972 2772 5894 1340 3613 2425 293 
904 2560 6895 3358 9936 10554 4443 17316 12441 
44699 45283 47007 46800 42959 2388 2627 11334 1137 
3332 1984 6118 10359 2495 7447 5424 610 3847 
5774 6974 4827 3811 11348 35101 1117 11294 7321 
7208 2937 3874 294 2922 2550 3208 5605 4048 
7109 5487 4519 11107 2390 6654 2139 4039 6601 
28342 12393 1189 8240 9512 5844 10540 3703 316 
5465 24949 1934 47249 42669 45075 47006 48548 46641 
46128 353 7323 1711 2041 16074 6116 6503 3097 
2228 5357 1778 1398 7441 2925 10054 10679 6828 
3560 5092 529 6723 4338 347 1746 2518 1651 
1200 1879 639 2756 48243 1165 4184 1578 869 
3706 3977 5149 30278 6770 30910 45823 2573 5131 
10306 12974 14641 12363 7178 6708 46968 46250 46990 
319 717 6381 12122 3477 5443 7969 271 3211 
12271 5266 2566 2013 6451 5711 2356 12438 17462 
49015 2170 6677 12087 4436 1967 1950 2825 2635 
109 7004 3152 5698 47515 47943 5885 5932 6667 
2232 1256 6989 4643 6186 2342 8101 47188 47393 
1698 6976 2558 7134 2956 7261 48220 42281 44702 
47494 46617 45808 48113 46185 47096 1809 4002 3611 
6593 4771 17068 11022 4513 6777 7105 1888 1576 
5172 1410 2728 4668 2046 47727 45510 22649 10500 
2025 11692 4969 3194 1559 1740 1615 5227 2803 
364 47576 2253 7568 26291 2348 2366 4710 5366 
6598 2920 118 4522 3422 6241 3758 4532 11960 
5582 3713 3908 2779 4214 29823 5140 44165 40389 
46480 49016 47093 45885 48167 2410 2091 10932 16746 
2900 2050 8746 907 6193 4089 747 2070 1448 
322 5109 362 12297 46310 437 6867 7577 2110 
203 6265 192 2886 6606 4804 2562 6075 6398 
870 2328 10378 4724 2406 524 2142 3920 4672 
4490 1550 5269 5745 5086 11536 46409 2763 5342 
11385 1064 47921 46592 48572 46727 46163 40666 46667 
48953 44023 6483 11663 1248 35168 748 11566 93 
481 970 26350 5554 6143 5279 2685 811 7367 
5382 3244 6243 47839 15026 3336 2677 4661 758 
5496 5890 457 2380 1738 4715 2262 6479 135 
7550 16981 5241 2281 2515 1890 2052 5343 2178 
6211 6179 4925 21770 46631 912 7989 2533 11685 
26201 916 9328 48722 48000 47653 46824 45583 5437 
11109 26407 12041 3751 2606 8275 10677 45677 8485 
9926 41469 1221 5242 1898 7153 3639 5099 6811 
3784 2242 6014 305 1191 3515 3787 4654 7453 
4720 6196 4957 4938 2181 376 4258 6272 5940 
3169 5319 4059 4165 1225 5709 2394 296 106 
48593 94 10102 6565 12068 522 3168 40254 45076 
46835 41527 44929 48237 45593 45853 47143 46201 477 
4127 1525 17107 1127 2694 47112 48550 46461 563 
4406 2395 2698 3263 545 3716 453 5741 3826 
5933 2081 4879 4326 4188 6233 1457 3123 6850 
2443 79 3657 1504 120 6468 21005 3122 777 
6431 4025 496 781 301 3436 1931 3281 4226 
3783 4862 16962 5659 1866 10641 26397 282 2639 
45474 47286 48104 45056 48071 3376 2131 5080 12628 
2851 5110 601 7319 3275 245 2102 25937 3170 
2104 1602 360 3243 10826 1273 2845 2992 818 
2777 1279 3025 5589 3775 14670 3225 11726 1242 
5620 4535 3506 6799 3794 4567 1560 5997 981 
1748 4646 12490 10419 12349 11186 5107 1140 704 
2508 4480 579 1612 289 12431 3748 4556 10750 
3545 2009 48687 47326 44739 45498 47088 45239 45193 
48649 47602 26271 5340 9693 26356 1118 5967 12387 
14086 6111 3278 2028 6041 5972 449 388 12465 
4211 3679 4011 1050 12645 6027 6776 4457 6287 
11172 371 44 6499 3079 5460 3555 2486 20308 
4086 47300 41425 3159 12069 15420 1921 3669 5797 
5215 2381 2067 2546 765 6688 11648 5601 26468 
49039 12345 10670 10993 183 5176 16677 44154 45198 
40652 47528 46966 47919 46675 44668 6689 37920 11501 
3927 6655 4094 18556 10662 1653 5240 1136 4843 
1894 370 1226 832 2656 1685 2042 3096 10536 
48972 45585 11909 2963 5641 6969 6490 5230 6028 
3568 6356 1727 708 4475 1647 4445 3268 12340 
13916 48144 1223 10248 4121 2875 2842 2662 3654 
3198 4989 6162 2476 129 2464 7124 6403 7358 
6169 2287 4980 7921 1527 3062 1799 4864 45427 
46898 48362 47966 44917 42365 47660 45354 47116 45564 
3500 13681 58 1043 1049 2607 5519 7339 47483 
7432 1253 3612 2048 6230 5992 4743 2012 3973 
1625 3134 3833 20970 44660 45838 9278 4902 676 
306 1941 3968 3101 670 7000 7564 5413 6814 
3051 5134 5147 4351 335 1583 2435 6666 3071 
6842 4249 4908 4250 7336 2233 7194 312 18 
1891 4500 5217 7546 9424 3460 12397 4242 1830 
35310 7371 47781 44672 47981 45860 47331 48701 44684 
16301 3987 14432 6823 831 4055 45911 2164 492 
5949 5918 2277 3516 3000 1792 3063 470 3625 
1111 11068 1149 47676 15503 2764 5680 5907 3508 
4617 6949 6056 7089 2923 5212 3722 495 5821 
3402 22 7243 12281 6564 2915 12728 5664 3111 
5845 3749 2112 6081 3820 7209 5826 7362 6712 
47684 44559 2951 5061 9177 7185 1441 3247 16339 
48340 46425 46599 47837 46448 48458 5538 9128 17013 
1845 6808 1833 1510 15996 45835 4961 8999 21702 
3502 2860 263 3191 12095 7583 7024 814 17279 
43578 47460 11957 796 3725 7510 4923 4952 975 
578 2327 5273 3803 5597 5913 5657 7015 4564 
3370 43922 2411 5302 4548 4897 5102 4178 5056 
2079 2723 7464 772 3317 44864 187 10154 2188 
2966 24713 6891 2331 10397 30542 48311 47804 45407 
47678 45842 47482 47885 48314 2250 44517 16472 3287 
4318 1061 285 45377 26473 2837 9696 1722 156 
195 5675 3324 6694 7338 3121 7117 31084 5749 
8934 47469 2778 8914 5715 1055 2261 4448 1153 
6121 1518 6861 1070 669 6559 7192 6054 1621 
3637 7210 2813 2321 4991 5975 1036 3922 2795 
3668 1381 4836 48696 2598 17156 5791 7057 7112 
4960 12030 46050 46845 45338 46749 47358 45100 45090 
44911 46350 47681 6883 6303 8854 943 5838 11260 
45996 813 7472 5445 11701 6813 5499 590 5422 
1476 2987 3432 3129 3223 587 2211 46230 47709 
958 1338 5503 6264 4334 4064 12082 3319 5751 
2826 564 2666 4384 2427 4344 30992 48287 1878 
3711 30833 1762 2835 4527 12526 558 6563 6610 
2357 3034 1596 5334 12280 4187 4243 30496 2496 
8280 30742 763 6409 1938 46757 47914 45922 48359 
47553 47808 45576 48507 1213 2559 5718 12025 2664 
11233 438 900 5568 2940 3363 12210 800 6276 
8860 6682 35469 7438 1512 7529 10240 48729 141 
954 6375 2590 7366 2204 2805 1726 4058 3061 
6263 7501 1622 640 4901 46574 40514 1882 3418 
14606 2894 6153 12183 876 197 184 4758 3180 
6886 6034 333 4022 17130 12462 16958 22023 45099 
47512 46380 47394 44682 48623 47905 45431 48597 6981 
4487 10991 16505 3136 3245 4860 11788 10326 5896 
10587 6933 3881 468 16251 4038 949 2273 6380 
1808 3006 6450 7535 286 9609 4028 739 798 
3781 4992 17198 8698 905 528 5773 3992 22034 
3501 3049 5316 6983 4212 11967 1022 7342 1034 
11948 300 1144 436 6921 157 12311 34556 45978 
766 4247 2600 6142 5252 4412 4893 47059 46951 
48959 45543 46609 46760 45700 45968 3252 5058 35428 
697 1481 12613 850 20113 7486 3206 2974 7123 
2118 3974 14332 15361 3403 451 3166 3648 17109 
5170 4694 6304 6386 12503 7125 4415 11083 17029 
10756 5023 11253 5229 7639 5001 2955 5895 17258 
3493 617 15761 620 16235 4232 6465 3789 3032 
2719 6993 6880 1311 6795 26562 43912 4291 6236 
5775 11457 5372 4374 48059 45346 47767 43547 45497 
48415 46226 44823 46295 45011 44866 44956 121 1660 
4148 30684 5478 4846 48764 425 45811 4437 6062 
4983 13917 4825 2552 313 16121 17165 17372 4473 
3300 4170 12046 3038 21812 10817 2773 3039 6680 
14682 750 14052 14461 11611 17353 16944 15181 3411 
16056 846 15212 39411 46625 47956 17009 446 3895 
12536 7742 6638 6325 5290 2916 6011 2022 14987 
4763 1935 12358 6889 12571 35610 5802 4008 369 
23758 47879 47881 47634 44843 771 5801 48819 5850 
4045 2502 10229 1129 6958 8926 16644 3087 16245 
2439 2323 17100 11866 11464 4618 6207 10792 3594 
4728 6817 44717 3179 4392 17321 105 8812 8977 
16890 17293 11549 11712 6076 15673 6760 20574 44942 
3610 6519 13889 3104 358 7239 423 20778 2101 
9963 345 760 11911 475 22479 2057 2727 560 
1918 4072 221 5455 11191 45425 48210 46439 48831 
48909 45935 1690 12364 8940 450 902 45343 4863 
6114 11933 17138 16132 4854 9825 6670 5375 5638 
1126 18544 5837 11388 47246 148 7038 480 6841 
4997 11414 9837 15085 15046 20196 11943 12190 8083 
10724 2800 4899 11338 10382 10666 2291 651 5876 
550 489 16634 6972 11393 2099 1201 3603 5115 
11681 10828 5523 3595 45721 41343 12478 15597 96 
20956 1178 10469 48205 5853 12460 35591 7532 10360 
9974 1433 2609 15811 4390 1544 21819 3917 8227 
5579 15515 21549 8431 10960 14339 15190 19683 8276 
21105 18985 13394 12661 12365 16385 576 10717 2534 
11747 6587 6977 9334 12011 21069 16364 2461 4221 
2997 19539 4051 5118 6052 3645 10706 1464 8151 
10546 1662 3743 12141 7022 4628 10515 46157 48865 
46327 43858 47184 26119 2019 11891 1456 4337 31064 
2280 4731 6872 4507 10213 387 542 5766 11964 
5697 10106 3824 12372 11599 7740 20044 26 12411 
20867 12039 5900 42097 35499 519 1598 14363 14164 
17407 15415 21611 21279 9898 14678 20658 11315 20436 
5155 14391 48326 48795 1096 6650 2670 7598 16432 
1929 4163 19015 9777 10259 12016 15727 16464 15425 
12429 10842 15485 14483 6357 20676 8488 10800 2247 
45927 46432 47913 45493 45059 1329 6198 5284 147 
2867 12073 6391 10942 15658 9787 9298 21786 11117 
14638 16717 10713 12822 21738 20456 9637 45523 2537 
7972 8373 16799 3542 16924 17501 14384 25630 12124 
21255 26564 22050 2005 21713 2085 16065 1974 5663 
11769 12083 18401 17352 5515 12798 15490 16202 16588 
15694 17369 3084 14875 2311 6342 2634 9290 8773 
6347 48066 837 2500 30112 3372 15381 21619 3035 
2297 6324 15940 20236 13893 18930 21516 13303 21085 
17506 13552 18265 17813 5880 2755 2929 21897 2799 
10921 15737 11950 25970 16676 18548 25284 21303 12960 
22290 23679 23978 25218 22280 23800 15960 10197 14646 
10812 555 15209 10811 16057 19880 16847 9678 25050 
21308 9929 25076 21957 1610 1942 1557 7106 10970 
1349 1640 4886 48061 47841 853 1861 6684 5162 
18325 26226 1453 3362 13631 15363 20665 1109 18242 
14723 13945 14527 23791 19737 16137 25424 11738 12327 
19618 30079 22063 19166 18075 25770 20260 17717 24071 
24881 17958 4248 17271 6741 4141 21934 13115 20011 
21959 24321 21081 26561 19323 20477 19362 17006 1164 
14719 21489 17139 11721 7158 16040 547 4429 18367 
26580 13715 6747 11853 47911 47873 47366 48815 47863 
5696 16355 20088 17134 7505 18991 1562 2586 8146 
6931 2246 6214 11835 16314 20490 20865 23760 24570 
26414 21954 13048 25678 7295 5414 15588 15539 21248 
20568 23878 23226 30851 23651 31065 23258 28635 12763 
24912 14852 20487 695 1407 12576 5551 3222 16873 
18273 31174 14808 22347 21694 29179 19365 14446 22795 
2857 4428 2959 11045 4687 7311 12283 20507 597 
7030 46950 45528 4328 5181 34 19345 15712 20640 
1863 5337 39969 11299 21991 19986 20581 30294 23420 
25001 20281 14804 19828 4378 11344 21459 19962 22930 
23104 29895 30697 24792 27088 24993 25064 22231 28141 
30981 16895 21135 18134 18240 40 7198 2282 2793 
3517 25478 25422 26053 28160 20985 30377 21391 28017 
21408 25751 24678 12253 7815 30945 1233 586 1609 
26073 2689 25901 48 11153 5093 6115 12119 25136 
30832 3093 12483 7090 2547 17684 24900 19176 17296 
30290 28996 28490 24413 26447 25503 28020 4947 9836 
18572 25090 28890 29791 27473 26493 26443 22973 29290 
9562 23397 352 18487 22465 30329 20033 25721 29684 
30066 35337 29789 25518 22703 34968 533 1297 4370 
397 8376 30975 8626 10481 24811 3355 1865 44696 
2501 4341 4636 16818 1742 29871 287 6362 12502 
2377 4405 26602 31032 22800 22325 18697 30192 30662 
30146 35447 17949 26940 31 3228 21483 25286 28778 
27427 30897 34454 26143 32572 28866 24130 30623 28753 
21001 33432 30762 3456 6608 20422 22855 4215 7723 
21290 25593 21928 30685 28681 27465 27785 24635 26108 
25438 24733 19640 16448 8145 3494 3935 10599 26446 
4371 6388 23402 46635 6923 4442 4309 30267 29028 
4911 35064 2061 20760 24234 33032 30597 24482 32334 
33502 28819 35402 35012 21292 5498 4594 2154 21853 
20811 24929 28559 31242 33575 34781 33965 34577 29945 
30346 30823 4052 7265 29870 25567 3473 3629 26626 
30654 24337 27914 29439 22859 34689 30429 25981 34722 
29947 3621 687 4403 3532 9218 21669 24682 329 
1573 11808 22031 2692 11123 338 6690 34970 1756 
3098 28750 34779 34946 33302 35134 30935 31794 35069 
25777 19274 33623 3602 11543 11062 26595 30099 24910 
35444 35425 20968 29268 39572 37098 34380 34589 34056 
36984 38296 30289 2768 31548 30951 34919 43861 784 
19759 29910 29602 34178 34243 35195 33421 25747 38644 
30485 34700 28416 22225 328 5857 1524 11281 6796 
30336 1514 3941 1417 5248 34871 4305 10988 7108 
25397 34601 39273 39057 28180 26839 39079 37538 31509 
36952 32886 32160 38800 30788 1219 4419 5317 35587 
25584 40041 37579 31380 36369 39491 40106 42525 35453 
39274 28647 39223 34750 3903 16969 1044 2023 2448 
19773 33611 33210 35966 30755 38186 39374 28390 26199 
35875 28314 21899 6253 7359 3451 17048 2936 27715 
34433 10895 17843 2066 12038 34340 33751 327 6484 
5758 1919 10485 34168 44308 40038 36988 39924 41997 
39631 38574 34266 38861 110 7414 2512 29885 44625 
35372 31950 34530 37512 38965 44502 42405 37158 42715 
42079 38027 39636 37336 6520 31439 31106 38239 21579 
1294 1850 38669 39006 44603 39494 39191 36294 39486 
35772 5150 12028 4101 1764 12420 39657 33288 8395 
11869 5795 1088 21725 5507 4847 16653 7419 1666 
2269 32581 40434 44037 1468 5164 9840 1699 39322 
44057 43019 44398 42324 43544 37114 32729 12305 726 
6903 12304 39188 41471 44236 43023 26947 44087 44166 
48411 43645 42161 38787 4666 38933 44321 2343 2854 
33659 39426 35989 32663 44117 35186 48175 32174 31394 
41921 28333 39613 6994 11012 2396 21241 38145 12296 
4730 11392 12848 10125 7069 42679 43496 44064 1930 
11646 3984 41251 42999 48688 37097 49067 41684 42213 
33327 43052 43661 998 25534 614 10919 39668 42477 
48233 43358 35927 42677 47076 40109 35953 36786 40783 
48711 260 7008 34477 3705 12453 42212 44418 44873 
32611 42217 42202 43244 38475 38980 44268 38840 34778 
44530 40567 399 6446 15286 27908 3177 799 11653 
3425 6309 14909 4408 9451 44176 264 6526 291 
5980 44407 44007 35970 47313 42145 40247 46497 41145 
40465 48749 46908 1290 28650 75 12394 43060 45774 
44688 43438 48559 44521 45949 37850 47505 44630 49102 
6017 12021 47100 2892 18514 43080 47734 36404 42690 
48517 47016 48907 42813 48479 48402 3185 9884 10597 
7139 9414 16797 6855 48853 45168 9962 26460 48329 
971 931 11187 1330 30866 2705 6988 5732 48246 
48520 42691 44150 41024 45494 40511 47661 46922 2419 
5198 3480 5286 16800 43931 45476 49056 47829 41992 
41541 44322 47061 44080 46269 48506 48488 546 9523 
1886 3570 46743 47354 47082 45409 48279 45026 45777 
7448 2585 4050 2683 12375 1745 6535 2272 15832 
6420 26642 3117 4943 10426 21967 47101 45516 48728 
17382 6314 699 46588 46887 46975 48931 45387 45595 
47886 43191 769 1844 3033 12285 6074 4590 45817 
45752 46838 46695 46543 7558 16540 31097 6338 46073 
487 5583 16375 6331 2582 5981 3440 4427 12015 
1486 1790 49111 1802 2942 7073 46698 49058 47695 
45449 5275 10729 5917 10697 29582 9970 21280 21431 
5376 4663 5936 11983 2010 7456 3481 4550 821 
3388 3105 5803 11167 880 5717 47477 2340 1283 
6190 718 15402 9914 10155 10355 48573 15806 35040 
5505 1498 6613 1469 1730 45610 5603 835 2898 
3894 5964 4298 3959 11188 11631 42873 5771 8537 
41525 17341 1700 16529 5186 39805 11152 1148 2235 
540 11241 25823 12316 3797 8572 459 722 3693 
2368 3146 4987 45259 6288 6702 45443 3605 4446 
25408 17 1150 10149 2989 17086 7401 3527 12599 
29474 45858 737 15804 5974 5607 8110 9121 47506 
47599 6281 2383 4655 629 11256 16553 37498 4108 
5156 917 11651 8184 9162 3160 44856 40008 47658 
46011 47706 47386 46062 48879 47951 44803 45481 47866 
46751 47896 42005 41800 44588 43063 46383 46696 45057 
39576 48470 48678 46649 43733 45624 45016 48132 44957 
46746 45807 46147 41946 45144 45235 48551 41763 43473 
47472 48439 46682 45952 47175 42473 45675 45991 49119 
44729 45257 48396 47134 45723 47552 48511 48231 47166 
45887 44760 44975 47196 40222 48917 45795 47433 44382 
47237 45857 48234 45979 46137 48218 48968 45203 45375 
48170 5174 6607 3999 2278 12332 48821 830 5720 
4092 2781 5993 3077 4484 2930 1152 4844 6962 
5308 7422 3870 933 3851 1681 6163 3864 46988 
48053 41626 48449 47619 47988 45977 47247 48877 47964 
45615 413 2794 2051 5886 7574 6875 3099 1374 
1475 3980 12000 2244 279 8464 9054 46245 939 
4546 888 10626 356 14127 1635 2198 7013 4080 
4619 573 8048 47493 20 7307 9105 2184 158 
6763 6031 906 12103 9398 2074 11893 46666 46338 
46387 6467 35642 7617 16120 35405 8436 49093 46992 
30246 24693 10964 36813 4766 23376 17323 17255 9771 
48041 25479 8455 21130 19745 22093 5615 45562 44738 
46815 48076 46842 46265 45542 47347 46213 41143 47120 
47075 49017 47937 46796 47639 48159 47711 46577 48755 
45536 48890 49073 46566 44853 42807 47376 47023 48453 
45417 48465 40537 45264 45151 46271 40526 46231 47550 
45504 47864 48665 44798 45633 46495 41212 47133 48191 
48735 45614 47372 45897 45031 46563 47219 45815 
type 1 4841 int
1 1 1 1 1 1 1 1 1 
1 1 1 1 1 1 1 1 1 
1 1 1 1 1 1 1 1 1 
1 1 1 1 1 1 1 1 1 
1 1 1 1 1 1 1 1 1 
1 1 1 1 1 1 1 1 1 
1 1 1 1 1 1 1 1 1 
1 1 1 1 1 1 1 1 1 
1 1 1 1 1 1 1 1 1 
1 1 1 1 1 1 1 1 1 
1 1 1 1 1 1 1 1 1 
1 1 1 1 1 1 1 1 1 
1 1 1 1 1 1 1 1 1 
1 1 1 1 1 1 1 1 1 
1 1 1 1 1 1 1 1 1 
1 1 1 1 1 1 1 1 1 
1 1 1 1 1 1 1 1 1 
1 1 1 1 1 1 1 1 1 
1 1 1 1 1 1 1 1 1 
1 1 1 1 1 1 1 1 1 
1 1 1 1 1 1 1 1 1 
1 1 1 1 1 1 1 1 1 
1 1 1 1 1 1 1 1 1 
1 1 1 1 1 1 1 1 1 
1 1 1 1 1 1 1 1 1 
1 1 1 1 1 1 1 1 1 
1 1 1 1 1 1 1 1 1 
1 1 1 1 1 1 1 1 1 
1 1 1 1 1 1 1 1 1 
1 1 1 1 1 1 1 1 1 
1 1 1 1 1 1 1 1 1 
1 1 1 1 1 1 1 1 1 
1 1 1 1 1 1 1 1 1 
1 1 1 1 1 1 1 1 1 
1 1 1 1 1 1 1 1 1 
1 1 1 1 1 1 1 1 1 
1 1 1 1 1 1 1 1 1 
1 1 1 1 1 1 1 1 1 
1 1 1 1 1 1 1 1 1 
1 1 1 1 1 1 1 1 1 
1 1 1 1 1 1 1 1 1 
1 1 1 1 1 1 1 1 1 
1 1 1 1 1 1 1 1 1 
1 1 1 1 1 1 1 1 1 
1 1 1 1 1 1 1 1 1 
1 1 1 1 1 1 1 1 1 
1 1 1 1 1 1 1 1 1 
1 1 1 1 1 1 1 1 1 
1 1 1 1 1 1 1 1 1 
1 1 1 1 1 1 1 1 1 
1 1 1 1 1 1 1 1 1 
1 1 1 1 1 1 1 1 1 
1 1 1 1 1 1 1 1 1 
1 1 1 1 1 1 1 1 1 
1 1 1 1 1 1 1 1 1 
1 1 1 1 1 1 1 1 1 
1 1 1 1 1 1 1 1 1 
1 1 1 1 1 1 1 1 1 
1 1 1 1 1 1 1 1 1 
1 1 1 1 1 1 1 1 1 
1 1 1 1 1 1 1 1 1 
1 1 1 1 1 1 1 1 1 
1 1 1 1 1 1 1 1 1 
1 1 1 1 1 1 1 1 1 
1 1 1 1 1 1 1 1 1 
1 1 1 1 1 1 1 1 1 
1 1 1 1 1 1 1 1 1 
1 1 1 1 1 1 1 1 1 
1 1 1 1 1 1 1 1 1 
1 1 1 1 1 1 1 1 1 
1 1 1 1 1 1 1 1 1 
1 1 1 1 1 1 1 1 1 
1 1 1 1 1 1 1 1 1 
1 1 1 1 1 1 1 1 1 
1 1 1 1 1 1 1 1 1 
1 1 1 1 1 1 1 1 1 
1 1 1 1 1 1 1 1 1 
1 1 1 1 1 1 1 1 1 
1 1 1 1 1 1 1 1 1 
1 1 1 1 1 1 1 1 1 
1 1 1 1 1 1 1 1 1 
1 1 1 1 1 1 1 1 1 
1 1 1 1 1 1 1 1 1 
1 1 1 1 1 1 1 1 1 
1 1 1 1 1 1 1 1 1 
1 1 1 1 1 1 1 1 1 
1 1 1 1 1 1 1 1 1 
1 1 1 1 1 1 1 1 1 
1 1 1 1 1 1 1 1 1 
1 1 1 1 1 1 1 1 1 
1 1 1 1 1 1 1 1 1 
1 1 1 1 1 1 1 1 1 
1 1 1 1 1 1 1 1 1 
1 1 1 1 1 1 1 1 1 
1 1 1 1 1 1 1 1 1 
1 1 1 1 1 1 1 1 1 
1 1 1 1 1 1 1 1 1 
1 1 1 1 1 1 1 1 1 
1 1 1 1 1 1 1 1 1 
1 1 1 1 1 1 1 1 1 
1 1 1 1 1 1 1 1 1 
1 1 1 1 1 1 1 1 1 
1 1 1 1 1 1 1 1 1 
1 1 1 1 1 1 1 1 1 
1 1 1 1 1 1 1 1 1 
1 1 1 1 1 1 1 1 1 
1 1 1 1 1 1 1 1 1 
1 1 1 1 1 1 1 1 1 
1 1 1 1 1 1 1 1 1 
1 1 1 1 1 1 1 1 1 
1 1 1 1 1 1 1 1 1 
1 1 1 1 1 1 1 1 1 
1 1 1 1 1 1 1 1 1 
1 1 1 1 1 1 1 1 1 
1 1 1 1 1 1 1 1 1 
1 1 1 1 1 1 1 1 1 
1 1 1 1 1 1 1 1 1 
1 1 1 1 1 1 1 1 1 
1 1 1 1 1 1 1 1 1 
1 1 1 1 1 1 1 1 1 
1 1 1 1 1 1 1 1 1 
1 1 1 1 1 1 1 1 1 
1 1 1 1 1 1 1 1 1 
1 1 1 1 1 1 1 1 1 
1 1 1 1 1 1 1 1 1 
1 1 1 1 1 1 1 1 1 
1 1 1 1 1 1 1 1 1 
1 1 1 1 1 1 1 1 1 
1 1 1 1 1 1 1 1 1 
1 1 1 1 1 1 1 1 1 
1 1 1 1 1 1 1 1 1 
1 1 1 1 1 1 1 1 1 
1 1 1 1 1 1 1 1 1 
1 1 1 1 1 1 1 1 1 
1 1 1 1 1 1 1 1 1 
1 1 1 1 1 1 1 1 1 
1 1 1 1 1 1 1 1 1 
1 1 1 1 1 1 1 1 1 
1 1 1 1 1 1 1 1 1 
1 1 1 1 1 1 1 1 1 
1 1 1 1 1 1 1 1 1 
1 1 1 1 1 1 1 1 1 
1 1 1 1 1 1 1 1 1 
1 1 1 1 1 1 1 1 1 
1 1 1 1 1 1 1 1 1 
1 1 1 1 1 1 1 1 1 
1 1 1 1 1 1 1 1 1 
1 1 1 1 1 1 1 1 1 
1 1 1 1 1 1 1 1 1 
1 1 1 1 1 1 1 1 1 
1 1 1 1 1 1 1 1 1 
1 1 1 1 1 1 1 1 1 
1 1 1 1 1 1 1 1 1 
1 1 1 1 1 1 1 1 1 
1 1 1 1 1 1 1 1 1 
1 1 1 1 1 1 1 1 1 
1 1 1 1 1 1 1 1 1 
1 1 1 1 1 1 1 1 1 
1 1 1 1 1 1 1 1 1 
1 1 1 1 1 1 1 1 1 
1 1 1 1 1 1 1 1 1 
1 1 1 1 1 1 1 1 1 
1 1 1 1 1 1 1 1 1 
1 1 1 1 1 1 1 1 1 
1 1 1 1 1 1 1 1 1 
1 1 1 1 1 1 1 1 1 
1 1 1 1 1 1 1 1 1 
1 1 1 1 1 1 1 1 1 
1 1 1 1 1 1 1 1 1 
1 1 1 1 1 1 1 1 1 
1 1 1 1 1 1 1 1 1 
1 1 1 1 1 1 1 1 1 
1 1 1 1 1 1 1 1 1 
1 1 1 1 1 1 1 1 1 
1 1 1 1 1 1 1 1 1 
1 1 1 1 1 1 1 1 1 
1 1 1 1 1 1 1 1 1 
1 1 1 1 1 1 1 1 1 
1 1 1 1 1 1 1 1 1 
1 1 1 1 1 1 1 1 1 
1 1 1 1 1 1 1 1 1 
1 1 1 1 1 1 1 1 1 
1 1 1 1 1 1 1 1 1 
1 1 1 1 1 1 1 1 1 
1 1 1 1 1 1 1 1 1 
1 1 1 1 1 1 1 1 1 
1 1 1 1 1 1 1 1 1 
1 1 1 1 1 1 1 1 1 
1 1 1 1 1 1 1 1 1 
1 1 1 1 1 1 1 1 1 
1 1 1 1 1 1 1 1 1 
1 1 1 1 1 1 1 1 1 
1 1 1 1 1 1 1 1 1 
1 1 1 1 1 1 1 1 1 
1 1 1 1 1 1 1 1 1 
1 1 1 1 1 1 1 1 1 
1 1 1 1 1 1 1 1 1 
1 1 1 1 1 1 1 1 1 
1 1 1 1 1 1 1 1 1 
1 1 1 1 1 1 1 1 1 
1 1 1 1 1 1 1 1 1 
1 1 1 1 1 1 1 1 1 
1 1 1 1 1 1 1 1 1 
1 1 1 1 1 1 1 1 1 
1 1 1 1 1 1 1 1 1 
1 1 1 1 1 1 1 1 1 
1 1 1 1 1 1 1 1 1 
1 1 1 1 1 1 1 1 1 
1 1 1 1 1 1 1 1 1 
1 1 1 1 1 1 1 1 1 
1 1 1 1 1 1 1 1 1 
1 1 1 1 1 1 1 1 1 
1 1 1 1 1 1 1 1 1 
1 1 1 1 1 1 1 1 1 
1 1 1 1 1 1 1 1 1 
1 1 1 1 1 1 1 1 1 
1 1 1 1 1 1 1 1 1 
1 1 1 1 1 1 1 1 1 
1 1 1 1 1 1 1 1 1 
1 1 1 1 1 1 1 1 1 
1 1 1 1 1 1 1 1 1 
1 1 1 1 1 1 1 1 1 
1 1 1 1 1 1 1 1 1 
1 1 1 1 1 1 1 1 1 
1 1 1 1 1 1 1 1 1 
1 1 1 1 1 1 1 1 1 
1 1 1 1 1 1 1 1 1 
1 1 1 1 1 1 1 1 1 
1 1 1 1 1 1 1 1 1 
1 1 1 1 1 1 1 1 1 
1 1 1 1 1 1 1 1 1 
1 1 1 1 1 1 1 1 1 
1 1 1 1 1 1 1 1 1 
1 1 1 1 1 1 1 1 1 
1 1 1 1 1 1 1 1 1 
1 1 1 1 1 1 1 1 1 
1 1 1 1 1 1 1 1 1 
1 1 1 1 1 1 1 1 1 
1 1 1 1 1 1 1 1 1 
1 1 1 1 1 1 1 1 1 
1 1 1 1 1 1 1 1 1 
1 1 1 1 1 1 1 1 1 
1 1 1 1 1 1 1 1 1 
1 1 1 1 1 1 1 1 1 
1 1 1 1 1 1 1 1 1 
1 1 1 1 1 1 1 1 1 
1 1 1 1 1 1 1 1 1 
1 1 1 1 1 1 1 1 1 
1 1 1 1 1 1 1 1 1 
1 1 1 1 1 1 1 1 1 
1 1 1 1 1 1 1 1 1 
1 1 1 1 1 1 1 1 1 
1 1 1 1 1 1 1 1 1 
1 1 1 1 1 1 1 1 1 
1 1 1 1 1 1 1 1 1 
1 1 1 1 1 1 1 1 1 
1 1 1 1 1 1 1 1 1 
1 1 1 1 1 1 1 1 1 
1 1 1 1 1 1 1 1 1 
1 1 1 1 1 1 1 1 1 
1 1 1 1 1 1 1 1 1 
1 1 1 1 1 1 1 1 1 
1 1 1 1 1 1 1 1 1 
1 1 1 1 1 1 1 1 1 
1 1 1 1 1 1 1 1 1 
1 1 1 1 1 1 1 1 1 
1 1 1 1 1 1 1 1 1 
1 1 1 1 1 1 1 1 1 
1 1 1 1 1 1 1 1 1 
1 1 1 1 1 1 1 1 1 
1 1 1 1 1 1 1 1 1 
1 1 1 1 1 1 1 1 1 
1 1 1 1 1 1 1 1 1 
1 1 1 1 1 1 1 1 1 
1 1 1 1 1 1 1 1 1 
1 1 1 1 1 1 1 1 1 
1 1 1 1 1 1 1 1 1 
1 1 1 1 1 1 1 1 1 
1 1 1 1 1 1 1 1 1 
1 1 1 1 1 1 1 1 1 
1 1 1 1 1 1 1 1 1 
1 1 1 1 1 1 1 1 1 
1 1 1 1 1 1 1 1 1 
1 1 1 1 1 1 1 1 1 
1 1 1 1 1 1 1 1 1 
1 1 1 1 1 1 1 1 1 
1 1 1 1 1 1 1 1 1 
1 1 1 1 1 1 1 1 1 
1 1 1 1 1 1 1 1 1 
1 1 1 1 1 1 1 1 1 
1 1 1 1 1 1 1 1 1 
1 1 1 1 1 1 1 1 1 
1 1 1 1 1 1 1 1 1 
1 1 1 1 1 1 1 1 1 
1 1 1 1 1 1 1 1 1 
1 1 1 1 1 1 1 1 1 
1 1 1 1 1 1 1 1 1 
1 1 1 1 1 1 1 1 1 
1 1 1 1 1 1 1 1 1 
1 1 1 1 1 1 1 1 1 
1 1 1 1 1 1 1 1 1 
1 1 1 1 1 1 1 1 1 
1 1 1 1 1 1 1 1 1 
1 1 1 1 1 1 1 1 1 
1 1 1 1 1 1 1 1 1 
1 1 1 1 1 1 1 1 1 
1 1 1 1 1 1 1 1 1 
1 1 1 1 1 1 1 1 1 
1 1 1 1 1 1 1 1 1 
1 1 1 1 1 1 1 1 1 
1 1 1 1 1 1 1 1 1 
1 1 1 1 1 1 1 1 1 
1 1 1 1 1 1 1 1 1 
1 1 1 1 1 1 1 1 1 
1 1 1 1 1 1 1 1 1 
1 1 1 1 1 1 1 1 1 
1 1 1 1 1 1 1 1 1 
1 1 1 1 1 1 1 1 1 
1 1 1 1 1 1 1 1 1 
1 1 1 1 1 1 1 1 1 
1 1 1 1 1 1 1 1 1 
1 1 1 1 1 1 1 1 1 
1 1 1 1 1 1 1 1 1 
1 1 1 1 1 1 1 1 1 
1 1 1 1 1 1 1 1 1 
1 1 1 1 1 1 1 1 1 
1 1 1 1 1 1 1 1 1 
1 1 1 1 1 1 1 1 1 
1 1 1 1 1 1 1 1 1 
1 1 1 1 1 1 1 1 1 
1 1 1 1 1 1 1 1 1 
1 1 1 1 1 1 1 1 1 
1 1 1 1 1 1 1 1 1 
1 1 1 1 1 1 1 1 1 
1 1 1 1 1 1 1 1 1 
1 1 1 1 1 1 1 1 1 
1 1 1 1 1 1 1 1 1 
1 1 1 1 1 1 1 1 1 
1 1 1 1 1 1 1 1 1 
1 1 1 1 1 1 1 1 1 
1 1 1 1 1 1 1 1 1 
1 1 1 1 1 1 1 1 1 
1 1 1 1 1 1 1 1 1 
1 1 1 1 1 1 1 1 1 
1 1 1 1 1 1 1 1 1 
1 1 1 1 1 1 1 1 1 
1 1 1 1 1 1 1 1 1 
1 1 1 1 1 1 1 1 1 
1 1 1 1 1 1 1 1 1 
1 1 1 1 1 1 1 1 1 
1 1 1 1 1 1 1 1 1 
1 1 1 1 1 1 1 1 1 
1 1 1 1 1 1 1 1 1 
1 1 1 1 1 1 1 1 1 
1 1 1 1 1 1 1 1 1 
1 1 1 1 1 1 1 1 1 
1 1 1 1 1 1 1 1 1 
1 1 1 1 1 1 1 1 1 
1 1 1 1 1 1 1 1 1 
1 1 1 1 1 1 1 1 1 
1 1 1 1 1 1 1 1 1 
1 1 1 1 1 1 1 1 1 
1 1 1 1 1 1 1 1 1 
1 1 1 1 1 1 1 1 1 
1 1 1 1 1 1 1 1 1 
1 1 1 1 1 1 1 1 1 
1 1 1 1 1 1 1 1 1 
1 1 1 1 1 1 1 1 1 
1 1 1 1 1 1 1 1 1 
1 1 1 1 1 1 1 1 1 
1 1 1 1 1 1 1 1 1 
1 1 1 1 1 1 1 1 1 
1 1 1 1 1 1 1 1 1 
1 1 1 1 1 1 1 1 1 
1 1 1 1 1 1 1 1 1 
1 1 1 1 1 1 1 1 1 
1 1 1 1 1 1 1 1 1 
1 1 1 1 1 1 1 1 1 
1 1 1 1 1 1 1 1 1 
1 1 1 1 1 1 1 1 1 
1 1 1 1 1 1 1 1 1 
1 1 1 1 1 1 1 1 1 
1 1 1 1 1 1 1 1 1 
1 1 1 1 1 1 1 1 1 
1 1 1 1 1 1 1 1 1 
1 1 1 1 1 1 1 1 1 
1 1 1 1 1 1 1 1 1 
1 1 1 1 1 1 1 1 1 
1 1 1 1 1 1 1 1 1 
1 1 1 1 1 1 1 1 1 
1 1 1 1 1 1 1 1 1 
1 1 1 1 1 1 1 1 1 
1 1 1 1 1 1 1 1 1 
1 1 1 1 1 1 1 1 1 
1 1 1 1 1 1 1 1 1 
1 1 1 1 1 1 1 1 1 
1 1 1 1 1 1 1 1 1 
1 1 1 1 1 1 1 1 1 
1 1 1 1 1 1 1 1 1 
1 1 1 1 1 1 1 1 1 
1 1 1 1 1 1 1 1 1 
1 1 1 1 1 1 1 1 1 
1 1 1 1 1 1 1 1 1 
1 1 1 1 1 1 1 1 1 
1 1 1 1 1 1 1 1 1 
1 1 1 1 1 1 1 1 1 
1 1 1 1 1 1 1 1 1 
1 1 1 1 1 1 1 1 1 
1 1 1 1 1 1 1 1 1 
1 1 1 1 1 1 1 1 1 
1 1 1 1 1 1 1 1 1 
1 1 1 1 1 1 1 1 1 
1 1 1 1 1 1 1 1 1 
1 1 1 1 1 1 1 1 1 
1 1 1 1 1 1 1 1 1 
1 1 1 1 1 1 1 1 1 
1 1 1 1 1 1 1 1 1 
1 1 1 1 1 1 1 1 1 
1 1 1 1 1 1 1 1 1 
1 1 1 1 1 1 1 1 1 
1 1 1 1 1 1 1 1 1 
1 1 1 1 1 1 1 1 1 
1 1 1 1 1 1 1 1 1 
1 1 1 1 1 1 1 1 1 
1 1 1 1 1 1 1 1 1 
1 1 1 1 1 1 1 1 1 
1 1 1 1 1 1 1 1 1 
1 1 1 1 1 1 1 1 1 
1 1 1 1 1 1 1 1 1 
1 1 1 1 1 1 1 1 1 
1 1 1 1 1 1 1 1 1 
1 1 1 1 1 1 1 1 1 
1 1 1 1 1 1 1 1 1 
1 1 1 1 1 1 1 1 1 
1 1 1 1 1 1 1 1 1 
1 1 1 1 1 1 1 1 1 
1 1 1 1 1 1 1 1 1 
1 1 1 1 1 1 1 1 1 
1 1 1 1 1 1 1 1 1 
1 1 1 1 1 1 1 1 1 
1 1 1 1 1 1 1 1 1 
1 1 1 1 1 1 1 1 1 
1 1 1 1 1 1 1 1 1 
1 1 1 1 1 1 1 1 1 
1 1 1 1 1 1 1 1 1 
1 1 1 1 1 1 1 1 1 
1 1 1 1 1 1 1 1 1 
1 1 1 1 1 1 1 1 1 
1 1 1 1 1 1 1 1 1 
1 1 1 1 1 1 1 1 1 
1 1 1 1 1 1 1 1 1 
1 1 1 1 1 1 1 1 1 
1 1 1 1 1 1 1 1 1 
1 1 1 1 1 1 1 1 1 
1 1 1 1 1 1 1 1 1 
1 1 1 1 1 1 1 1 1 
1 1 1 1 1 1 1 1 1 
1 1 1 1 1 1 1 1 1 
1 1 1 1 1 1 1 1 1 
1 1 1 1 1 1 1 1 1 
1 1 1 1 1 1 1 1 1 
1 1 1 1 1 1 1 1 1 
1 1 1 1 1 1 1 1 1 
1 1 1 1 1 1 1 1 1 
1 1 1 1 1 1 1 1 1 
1 1 1 1 1 1 1 1 1 
1 1 1 1 1 1 1 1 1 
1 1 1 1 1 1 1 1 1 
1 1 1 1 1 1 1 1 1 
1 1 1 1 1 1 1 1 1 
1 1 1 1 1 1 1 1 1 
1 1 1 1 1 1 1 1 1 
1 1 1 1 1 1 1 1 1 
1 1 1 1 1 1 1 1 1 
1 1 1 1 1 1 1 1 1 
1 1 1 1 1 1 1 1 1 
1 1 1 1 1 1 1 1 1 
1 1 1 1 1 1 1 1 1 
1 1 1 1 1 1 1 1 1 
1 1 1 1 1 1 1 1 1 
1 1 1 1 1 1 1 1 1 
1 1 1 1 1 1 1 1 1 
1 1 1 1 1 1 1 1 1 
1 1 1 1 1 1 1 1 1 
1 1 1 1 1 1 1 1 1 
1 1 1 1 1 1 1 1 1 
1 1 1 1 1 1 1 1 1 
1 1 1 1 1 1 1 1 1 
1 1 1 1 1 1 1 1 1 
1 1 1 1 1 1 1 1 1 
1 1 1 1 1 1 1 1 1 
1 1 1 1 1 1 1 1 1 
1 1 1 1 1 1 1 1 1 
1 1 1 1 1 1 1 1 1 
1 1 1 1 1 1 1 1 1 
1 1 1 1 1 1 1 1 1 
1 1 1 1 1 1 1 1 1 
1 1 1 1 1 1 1 1 1 
1 1 1 1 1 1 1 1 1 
1 1 1 1 1 1 1 1 1 
1 1 1 1 1 1 1 1 1 
1 1 1 1 1 1 1 1 1 
1 1 1 1 1 1 1 1 1 
1 1 1 1 1 1 1 1 1 
1 1 1 1 1 1 1 1 1 
1 1 1 1 1 1 1 1 1 
1 1 1 1 1 1 1 1 1 
1 1 1 1 1 1 1 1 1 
1 1 1 1 1 1 1 1 1 
1 1 1 1 1 1 1 1 1 
1 1 1 1 1 1 1 1 1 
1 1 1 1 1 1 1 1 1 
1 1 1 1 1 1 1 1 1 
1 1 1 1 1 1 1 1 1 
1 1 1 1 1 1 1 1 1 
1 1 1 1 1 1 1 1 1 
1 1 1 1 1 1 1 1 1 
1 1 1 1 1 1 1 1 1 
1 1 1 1 1 1 1 1 1 
1 1 1 1 1 1 1 1 1 
1 1 1 1 1 1 1 1 1 
1 1 1 1 1 1 1 1 1 
1 1 1 1 1 1 1 1 1 
1 1 1 1 1 1 1 1 1 
1 1 1 1 1 1 1 1 1 
1 1 1 1 1 1 1 1 1 
1 1 1 1 1 1 1 1 1 
1 1 1 1 1 1 1 1 1 
1 1 1 1 1 1 1 1 1 
1 1 1 1 1 1 1 1 1 
1 1 1 1 1 1 1 1 1 
1 1 1 1 1 1 1 1 1 
1 1 1 1 1 1 1 1 1 
1 1 1 1 1 1 1 1 1 
1 1 1 1 1 1 1 1 1 
1 1 1 1 1 1 1 1 1 
1 1 1 1 1 1 1 1 1 
1 1 1 1 1 1 1 1 
v 3 4841 double
0.02399411724 -0.069776438372 0.013652287336 -0.0028844675544 0.024611823404 -0.013853685429 0.011934908614 0.012140347224 -0.006068631628 
-0.0027670979756 -0.019006905553 -0.010395875555 -0.00088124461282 0.047713574596 0.012902248351 0.035007355459 0.0035009755246 0.011781153483 
0.031296860567 -0.002658476905 -0.016464122835 0.025523450048 0.0033610846535 0.012854273042 -0.022178520221 -0.060898898199 0.0066526982095 
0.019729963236 -0.025803245622 -0.028665177764 0.067677109698 -0.02853541844 -0.031973476974 0.0061203204639 0.020877967655 0.074880371619 
0.013042854323 0.04180196424 0.01775458899 -0.011976988685 -0.0055085448839 -0.028254127756 0.01913733916 -0.060737141575 -0.011974305851 
0.033922955263 0.027692387831 0.021095007877 -0.0030040136163 -0.0022288752621 -0.023114935103 -0.008085904115 -0.011303121823 -0.016771772832 
-0.012741140029 0.0051357090453 -0.024900643903 -0.016723797848 -0.011755980654 -0.0079899255212 -0.037959726817 0.012466741744 0.015989609656 
0.011472581024 0.01951908643 -0.034267676019 0.011478661402 0.0068521474755 -0.0071961980104 -0.0027583487809 0.012489508073 -0.0057647458139 
-0.033244522913 -0.048450387433 0.028679804853 0.0044711885789 -0.044334578187 0.02457796971 -0.021717083577 -0.016597927707 0.021247645156 
-0.023303520405 -0.01699683157 0.043224666598 -0.017452413554 -0.028517601105 -0.0070133760595 -0.030877249825 -0.014616596138 0.018778391682 
0.040305916278 0.0076327636699 0.00068560117891 0.0081049622464 0.0025555328714 0.0043756905313 -0.0015651897387 -0.0020336361691 -0.012230366708 
0.01924010684 -0.03275367901 0.0077453389527 -0.026089295225 0.018426087455 0.04240629752 -0.019587178312 0.028668751976 0.014965511247 
0.0514538475 0.018397625726 0.0058804892607 -0.021653865087 -0.0024736187421 0.0094920411967 0.034919958598 0.048667919112 0.03052685412 
-0.0091019958271 0.019942153578 0.015040780347 0.026388992517 0.024990857775 0.027346769812 0.051413757313 -0.018647641402 0.011777429093 
0.031467061331 -0.015196896647 0.035472014869 -0.0056921485711 0.0029832922379 -0.016112163062 -0.064865624347 -0.032360067158 0.024891405203 
-0.04204860365 -0.0065342459911 0.0055971249091 0.067866480917 -0.0020604794621 -0.003246096986 0.0054196554906 0.043543212296 0.02658587722 
0.0057804458861 0.031889716452 0.012636248438 -0.02601562367 0.09881506837 -0.17322486091 -0.026183326342 0.033096921268 0.030334356384 
0.017441979648 0.093474370341 0.051847683842 -0.03379455178 -0.010536625925 -0.0076751467975 0.011761455321 -0.032852758412 -0.041759665956 
-0.0022904879203 -0.032053820991 0.020873020476 0.0042636440922 -0.0013126282306 0.0056297823997 0.060189810924 -0.038653518226 0.078527724132 
0.0058521480544 0.014140401078 0.017534294019 -0.0097485466436 0.015439159916 0.058631292591 0.0030712353962 -0.024737909495 0.0090356019797 
-0.032893504684 0.11367244894 -0.18821486727 -0.010423072621 0.0096488134217 0.012935247851 -0.011600535673 -0.0017255110089 0.029915027787 
0.014960589884 0.047052055463 0.043960829476 -0.04837443249 0.031602820305 0.014216160892 -0.045503245145 0.054626171684 -0.022822664146 
0.030216755821 0.012565318823 0.023156024767 0.0089046592898 -0.00056514099352 0.03757841187 -0.019853080101 -0.018005875989 0.033687157086 
0.0060114556275 -0.039193188988 -0.017888932704 0.014899204966 -0.014495686564 0.032090988395 -0.019706751937 0.007045339133 0.014023848019 
0.0979886762 0.027747448965 -0.18410689167 0.044136677901 0.0040202621596 -0.13929587922 -0.0007521327355 -0.015121826357 0.039054226089 
0.015871563019 -0.007444339443 0.013213502482 0.031288898413 0.013862079718 0.026563331891 -0.0054992944649 0.037511164302 0.012569116377 
-0.041966992495 -0.066704657571 -0.017828846816 0.017163314653 0.024866268791 0.013046481371 -0.0061853219072 -0.024013232293 0.067965034952 
0.064980738237 -0.029335896653 -0.070034189482 0.0048294234379 0.039935667445 -0.18278815553 0.016015010245 -0.0022121347202 0.042900038878 
0.0011358984759 -0.042679792635 0.035410430475 0.062827988981 -0.025693950153 -0.068042989235 -0.0024179388176 -0.039783794766 0.066463430623 
0.09754716301 0.0034788485304 -0.1408242194 -0.024194579549 -0.0064354257632 0.053144569532 0.027370088577 -0.0088481766183 0.031798422357 
0.0015595559979 -0.027955223114 0.06410524855 -0.02944838993 -0.019590620746 0.076565951623 0.0058185943709 -0.021552453029 0.023735911601 
-0.0067201847194 0.031083431332 0.076415207786 0.004974462162 0.031314293394 0.010528412522 0.025683768516 0.015619969765 0.011391052865 
0.037985301929 0.026773281687 0.028498183551 0.030071337651 0.03565259355 0.027789948804 0.05118175065 0.037358854553 0.040563790326 
0.0083537117308 0.028538031232 -0.023792442765 -0.037065777861 0.01298762592 0.0074754320551 -0.0076221246518 -0.035612003709 -0.017973182266 
-0.016882679091 -0.014176059642 0.034092381102 -0.0078954531304 0.00094929390721 -0.045887306657 -0.013971172715 -0.038340555423 0.051612003575 
-0.0022722475026 0.021228928098 -0.071380366664 0.017045190186 0.00039318906529 0.038958972006 -0.024345147679 0.0156235711 0.0148468103 
-0.032774635312 -0.016917402113 0.015421843376 0.028298382207 0.025177068217 0.027595475076 0.013329668633 0.014278531907 0.038691994652 
-0.072459175648 0.099281962094 -0.12007327973 0.024151198832 -0.013502186632 0.034036346866 0.021434248546 -0.018523891819 0.062528447349 
0.062352498727 0.0050989435159 0.019290633472 0.027507559264 0.014388313343 0.029715946309 0.025712837639 -0.012550223037 0.029283323355 
-0.072342458906 0.0079851348147 0.027452754484 0.031745138941 -0.00089184944374 0.091427416923 -0.01140264802 -0.0024862898284 -0.013279825775 
-0.0083061418979 0.012656936184 0.045059861576 -0.037007163191 0.0062682492529 0.081389810365 0.040801475513 0.041792407055 0.094189533003 
0.0329997332 0.0077558435582 0.016648621974 0.036582088586 -0.063606132478 -0.10174937685 0.062552253622 -0.081406607171 -0.033168619719 
-0.031714834506 0.010632185071 0.013091955519 -0.026339359652 -0.14831800421 -0.049195370314 -0.02562862078 -0.052475524235 0.032788813534 
-0.036714455877 -0.04560433811 -0.16894416899 -0.051531002732 -0.017570368231 0.027956997576 0.048774617729 -0.063724083305 -0.074952508419 
-0.01417725706 0.022451919222 -0.099669689728 -0.022682722288 0.004767315381 0.026159070865 0.021670567141 -0.074717390525 -0.029738157838 
0.026250853145 0.038349166592 0.074234842353 0.034011169317 0.044564187007 0.050447566337 0.040645636779 0.039401547889 -0.052911397505 
0.0078826953027 0.0074722547543 0.056423847687 -0.00042924965712 -0.0015728809501 0.050923944963 -0.04696302825 0.060655251875 0.061706890004 
0.05936357774 -0.021789713002 0.0046876613929 -0.010724930636 0.026509802854 -0.024198609564 0.084809726441 -0.093987496439 0.033315340785 
-0.0047622316026 -0.05443469017 0.046213008437 -0.043298125054 0.043484252503 0.039305774057 0.01317680608 -0.028202198801 -0.22443199796 
-0.068361214339 0.015844248108 -0.047874915971 0.034405580391 -0.086463352298 -0.0058502582182 0.053872034397 -0.058538229889 -0.18558634768 
0.03829849422 -0.001704367191 0.01555115603 0.028628417911 0.012068004572 -0.047588276957 -0.011837414093 0.04714270497 -0.18621258596 
0.069739465471 -0.00025402118308 -0.042689570091 0.03562306975 0.015959905747 0.0464807661 -0.0095395026559 0.054288212552 -0.052366256902 
-0.072978142634 -0.026841859556 -0.021008740947 -0.063278305193 0.040582536026 -0.10821811538 0.018056519742 -0.021527195002 -0.062777561563 
0.057328565561 0.01904402043 -0.063288474361 0.041593007217 -0.047875402697 -0.065041220607 0.013298444168 0.029328820888 0.061215750021 
0.0085333400547 0.017106847756 0.040108058516 -0.00025634102226 -0.0040570576139 0.036093820482 0.018778554093 0.023000129598 0.0053542178857 
0.032359171565 0.00080070855549 0.033228603928 0.084954623974 0.043239997291 -0.07969621084 -0.020614270758 0.010013321919 0.048920011846 
-0.031285506002 0.059724111316 0.02962073839 -0.002197016118 0.080467421764 -0.12523409894 -0.028710622747 0.014751200793 0.039561452929 
-0.056029913334 -0.0049852853214 0.074746859694 0.020890548027 0.030385235044 -0.1435931515 0.044779755968 0.020420905482 0.067420371869 
-0.0548672282 -0.012568546091 -0.054809749123 -0.095080224948 -0.010734005973 -0.080603202555 0.095097749001 -0.010822238072 -0.14986771399 
-0.11113273519 0.020748610868 -0.034101494818 0.011750019337 -0.054227213215 -0.23848626012 0.043643776648 0.0090492338401 -0.11505243088 
-0.044216397627 -0.026037414955 0.063511600508 -0.021377170418 -0.034099005914 -0.24241112251 -0.030330047114 -0.08442776657 -0.055856932574 
0.053002807829 -0.017110058355 -0.072329508411 0.076732300418 -0.019644438603 -0.11106900523 -0.093652293786 0.026316660325 -0.15790684652 
-0.026434070741 -0.033054769589 -0.10537399315 -0.026739428533 0.02442993748 -0.14210620146 0.012047368642 0.040272615373 -0.048600312643 
0.077725254594 -0.030682502907 -0.21152339932 -0.034181195727 -0.12775586977 -0.054827315741 -0.01549180345 -0.040580467434 -0.0074232581045 
-0.016803420996 0.029808487347 -0.051391202601 0.0028749801185 -0.063306938979 0.034585108707 -0.062793805191 -0.069089221123 -0.067671868433 
0.044568317411 0.009525354489 -0.048392301836 0.07288428596 -0.040105727551 -0.022723172123 0.044111789197 0.028855731443 0.021685833729 
-0.047407873856 0.091180534968 -0.045961349309 0.00044656588652 0.037325849234 0.0094547052833 -0.0019124415006 0.016626146992 -0.075628853698 
0.025463635543 -0.034950384126 0.038967298785 0.040475011963 -0.03910230369 0.028120425002 -0.03832538924 -0.062517034792 -0.12996177835 
-0.042259517395 0.0064731287889 -0.05652929482 0.0055907325797 -0.0010246211667 -0.05264608758 -0.0072631480083 -0.0066913598602 -0.068735106295 
0.052126375071 -0.016231799735 0.050683439338 0.021420968558 0.0015663556863 -2.8934636855e-05 -0.036200810692 0.016729051863 -0.24261714201 
0.054927221791 -0.042013287981 -0.10982017624 0.037455392678 0.049967374136 -0.031927672137 0.16577828179 0.042089974774 -0.11257206635 
-0.020100663176 0.070115710475 -0.06110859848 -0.0032934478927 0.013231239709 0.037275599541 -0.015501624785 0.0099432327199 -0.012640611926 
0.04912602314 -0.002210246761 -0.041750631352 0.012201525703 0.013463487194 0.076968764765 0.0060252537961 0.03686928657 0.061401085955 
0.02399323861 0.025202005134 0.067255152276 -0.037316567628 0.0038599117107 -0.044207171378 0.01765571399 -0.066758871953 -0.15570954576 
-0.043506513613 -0.103466089 -0.10674028438 -0.032660696062 -0.051739234373 -0.12622245098 -0.029644115485 0.0034964780795 -0.10379781145 
-0.042036850635 -0.060792737529 -0.039712403204 0.029483831294 -0.039954260677 -0.056461403421 0.034291988668 -0.053806701745 -0.0084858303802 
0.050146480235 -0.093811459044 -0.11364635429 -0.011625239057 -0.014213408538 -0.030799699882 0.036733426317 -0.0076399340263 0.038779220333 
-0.0061985905389 0.010968319461 -0.048120245977 0.08381839668 -0.10201535509 -0.16996973717 0.019495920621 0.030070412622 -0.039219821268 
0.0042768120297 -0.029721672641 -0.026696589442 0.00094765052499 0.020123677449 -0.058787051085 -0.019284576023 0.0064261514061 -0.07900291563 
0.012519128456 -0.03236334932 0.06302372604 0.005352941082 0.054297459713 -0.052684046777 0.023103750364 -0.015654354262 -0.010924623247 
0.055037901324 0.029468092807 -0.16996468528 0.045331781477 -0.053786628956 0.046172458502 0.025204626018 0.00021156917446 0.0066067091803 
-0.0073402478518 -0.011468489578 0.061667259682 -0.069914196624 -0.07163406697 -0.074449835584 -0.0017051893488 -0.024201769667 0.069307814473 
-0.023136887738 0.0057291368614 -0.097211655221 -0.098271765308 -0.006666572249 -0.023674261217 0.021077170768 0.055390325452 -0.012128242443 
-0.019272857162 0.0068661115957 0.0014930362915 -0.023532341734 -0.0074039764944 0.093323574937 -0.06468902146 -0.0056307117974 -0.072313530243 
-0.11579730948 0.00059443833345 0.048425353626 -0.020996488997 0.058480830579 0.0010422353268 0.035389470047 0.060824600356 -0.0073545431166 
0.014831525893 0.13242121623 -0.10358674367 -0.03632231432 0.10242283552 -0.098922847643 0.0057437325654 0.00070925755625 0.075174120353 
-0.063646532602 0.012479932801 -0.065081300203 -0.01067947635 0.035829210004 0.032038515892 0.010862674369 -0.031226378279 -0.042133905839 
0.0057602389553 0.0048466494408 0.075816886293 0.074520078364 0.061900372376 0.0045854614729 -0.018697385105 -0.02786877179 -0.0046235128189 
0.067082557372 -0.067520808212 -0.21616960831 -0.068950830376 -0.045503696642 -0.09884984306 -0.0041594438449 -0.012435163845 -0.033766550302 
0.039997948476 -0.0079261760585 0.077072042173 -0.012490525452 0.077401696104 0.024274379404 -0.010054304129 0.018259364178 0.059516269327 
0.054759214222 -0.022020760632 -0.064987701022 0.010392790304 0.0052307634297 0.0050630570519 0.0034625018494 0.0042636308475 -0.068759753479 
-0.01379698817 0.014872652341 -0.089381815969 -0.061560415909 0.090859544815 -0.0054076175004 0.047471149191 -0.088443998441 -0.057185350454 
0.050665486316 0.022114887656 -0.14927945299 -0.065931857762 0.022246600776 0.0073211704112 -0.011826724829 -0.042155043303 -0.067587105894 
-0.032976806174 -0.055962823456 -0.024303899721 0.088608928877 -0.033595726608 -0.0081050158687 -0.12775183974 -0.021832486458 -0.081413758916 
0.0040634425419 -0.013692452622 -0.091604602917 0.077253590868 -0.073000747721 -0.07547693002 0.099324745821 -0.00072735825349 0.013797472661 
-0.093620862849 0.048224274134 0.016568147992 -0.0051518680288 -0.030360138942 -0.14348694862 0.053191718819 -0.0086875634261 -0.041151775819 
0.02685976863 0.071245210291 -0.016611210251 0.010116468797 0.058910689218 -0.069206032073 0.098176840844 0.11880404522 -0.086034848974 
0.018627104331 0.012811079546 -0.00049326576926 0.059717351829 0.039418787219 -0.093384849063 -0.17631759817 0.044919072351 -0.14645704879 
0.026112006192 -0.079273126526 -0.0045575008748 0.043288749329 0.015487527931 -0.071649357559 0.029405386038 0.040118723051 -0.068607042563 
0.03994342031 0.14903896819 -0.071566211379 -0.0039072084877 -0.023609999237 -0.12928628409 0.034299006648 0.084258346805 0.045525138397 
0.012183466839 0.11259034162 -0.01000323502 -0.014507009677 0.02293003424 -0.15655315835 0.00088934153543 0.10386732998 -0.0070819647972 
-0.018131432977 0.039970215018 0.064507163971 -0.055244263352 0.0098472319706 -0.032730030616 0.011871175484 0.023311733486 -0.0060051337326 
0.057729305754 0.014274460579 -0.039204562686 -0.10130050115 -0.026941603568 -0.0063080441001 0.074481939288 -0.037985684111 -0.048631928844 
-0.052870053284 -0.019708040531 -0.20857661858 -0.025577660287 0.0056318185639 -0.042527449762 -0.049391420046 -0.025600259594 -0.12258500697 
-0.063188595553 -0.0058326714459 -0.12267391541 -0.070146420309 0.01142203875 -0.092142274169 -0.0069892528822 0.009897837917 0.076717214305 
0.015885792409 -0.053219985193 -0.15210661246 -0.048862823039 -0.02281211004 -0.042248952406 0.024449066399 -0.018894620621 -0.035213506328 
-0.0091797925515 -0.07177766207 -0.049210055869 0.057955939308 -0.013395793275 -0.026362198164 -0.011522944716 -0.0061268590896 -0.032449632632 
-0.036936161966 -0.04392366115 -0.091121337418 0.0058820382366 -0.066970597678 0.018001128672 0.047085657848 -0.071382171129 0.032603599618 
0.066051518112 -0.046027079448 -0.023299180051 -0.064521946816 0.021885702123 -0.10033463874 -0.048120886817 -0.0029414288828 -0.0095942503308 
-0.063506028801 -0.037562607828 -0.040204238204 0.0075739610448 -0.0030295767282 0.064510555559 -0.018868952036 0.073747266002 0.0096165217195 
-0.071653323737 0.024106414662 -0.21711064099 -0.034282420427 -0.062196502612 -0.091648689183 -0.015362194028 -0.063555773339 -0.21570278796 
-0.063617808175 0.04430470198 -0.10752048372 0.024795523833 -0.086617135919 0.015192246567 -0.040286210241 0.029381107691 -0.0061946565519 
-0.083558502543 -0.021635920869 -0.17292885167 0.12633660542 -0.0067257511089 0.033883439899 -0.0041332379354 -0.05477885829 -0.12774587564 
0.025629115625 0.032679179242 -0.030766351163 0.045720808783 0.069907505354 0.03026606656 0.075501543373 -0.0044063146326 -0.083910435446 
0.00056753207595 0.029942152493 0.090517815786 -0.028587574738 0.081724548287 0.0062958867543 0.01977008839 0.030243886103 -0.098836506042 
-0.085447872786 -0.073487032276 -0.12853640369 0.0095181718769 0.018989989879 0.072610639224 -0.019162731992 -0.0051849926789 -0.020607943884 
0.015365228883 0.022387298357 0.094548568646 -0.080007992218 0.035571737271 -0.037462788045 0.018848967162 -0.02308549208 -0.030314355153 
0.011901565526 -0.005289294731 0.047746136239 0.019639730519 0.061752942236 -0.080019988673 -0.011769556273 0.031734789865 -0.048965988986 
-0.083131362206 -0.0036421517138 -0.019816077404 -0.011054221526 0.055045648759 0.010576389304 0.062269336198 0.10456966027 -0.10023402277 
0.024948444034 0.014282402886 -0.1568598238 0.022628011247 0.091184167065 -0.039973232262 0.024192822473 -0.045161069034 -0.13372595238 
0.038214350905 -0.039922001637 -0.035321058278 0.075934296886 -0.10373474132 -0.07373424702 -0.090907139948 -0.032047957885 -0.0042243010534 
-0.0061765787632 -2.6154392753e-05 -0.028027304455 0.037446353911 -0.091136268222 0.0085361194089 0.01520987558 -0.014824531462 0.092960275294 
-0.017555065645 -0.025082682732 -0.28120394596 -0.048870473843 -0.053809912304 -0.084926495621 -0.0079012616873 -0.017193867696 -0.21991759448 
-0.02601653422 -0.045261883486 -0.035075554774 -0.034802223922 -0.055969950565 -0.03608594628 -0.020961121263 0.0035442487043 -0.054380566118 
-0.004314681466 -0.019550710751 -0.2631534395 0.03213675208 -0.035756398549 -0.058037227807 0.0084256028865 -0.0050500945301 -0.011533638503 
0.012814986378 -0.058376834897 -0.0059530553689 -0.13236963184 -0.002994173539 -0.074003067322 0.044786428965 0.01422341749 0.0077423068131 
0.099241999351 -0.017666913005 -0.10554191643 0.052397290043 0.019079180107 -0.038165766626 0.074039297306 -0.064462202948 -0.14481252011 
0.041681246181 -0.00031704973411 -0.024723216357 -0.073944665285 -0.0025529403669 -0.15964056606 -0.040688098169 -0.094930676855 -0.1014235124 
-0.099120950647 0.043518955035 -0.0096922027846 -0.068616323829 0.070238725732 -0.025169984785 -0.0085347642427 0.026487742466 -0.23174287305 
0.0085700118295 0.087838248643 -0.1389647165 -0.027246060809 0.067396393449 -0.0031683001505 0.051175677019 0.08037176568 -0.053672482543 
0.059972380721 0.056354809222 0.030929986695 0.077707992182 0.045508709525 -0.10028870046 -0.017636632789 -0.029002998995 -0.10637372577 
-0.046738767165 0.048763217058 0.029373430815 0.042576580799 -0.0095472179956 -0.061921209374 0.043184168455 0.044853336071 0.0043527744557 
-0.034847965166 0.043269260635 -0.016874934272 0.041795762883 0.059467218934 -0.039301810218 0.0078384385654 0.031538946369 0.086924352592 
0.020173769906 0.023774190096 0.018532781806 -0.036989277576 0.0060760696631 -0.15979692061 0.0053883630239 0.021446227384 -0.031644038388 
0.0079333066211 -0.019598856489 -0.054775164194 -0.026677101615 -0.089961039048 -0.06423437785 -0.072161383459 -0.024521121502 -0.005096840788 
-0.0075642944946 0.040057600214 -0.078865462813 -0.017614466325 -0.067574117355 -0.023277679265 -0.042766551592 -0.10293537948 -0.07867329012 
-0.038941406528 -0.03009340524 0.049216598415 0.042499037646 -0.029594490132 0.048018112895 -0.13180958935 -0.059361732911 -0.12358646653 
0.0065550294663 -0.058979839901 0.056929449168 0.019947463112 -0.12458735874 -0.17267845296 -0.035008249758 0.038834894398 -0.044736383088 
-0.02384663626 0.058354315853 -0.063711837833 0.037454687306 0.028039510313 -0.188631974 -0.079706366625 -0.022619526856 -0.2165004448 
0.050094232013 0.067045733486 -0.11958371595 -0.086043618391 -0.0074232981979 -0.21038766406 0.014046149571 0.0027394219872 0.034457903214 
0.10121232239 -0.0047956789811 -0.020661405068 -0.055715286626 0.029491023845 -0.012112756404 -0.030473772502 0.032266950671 -0.10416284222 
-0.0097547606303 -0.039537772891 -0.1801903525 -0.0059963763232 -0.02393754481 -0.13204882767 0.0052629182741 -0.048880019054 -0.15726333866 
-0.025197744189 -0.001878827139 0.0022858852406 0.12465586955 0.07575229816 -0.17330405387 -0.019160233696 0.04878277954 0.031002521613 
-0.060483674348 0.058049556371 -0.18474674978 0.079069844413 0.022435289774 0.026369783864 0.063401411687 0.037471071395 -0.078122102485 
0.012617143598 -0.0091326318069 -0.042971865268 -0.049199526251 0.027096273776 -0.019234899877 0.01416818947 -0.046028723495 -0.035421312657 
0.040045032562 -0.04459333208 -0.18860206877 0.0025234369888 -0.04692187812 -0.17362571385 -0.046449210571 -0.019955968293 -0.20514338256 
0.012071905808 -0.063622960407 -0.057135321093 0.09187419333 -0.070512052858 -0.12776245791 0.090084877726 0.016308522732 0.085805136494 
-0.055417420741 -0.0027413249946 -0.20240601432 0.0078502219623 0.020486177465 -0.008773859867 0.013994531365 -0.015279597909 -0.16179664176 
-0.076494504981 0.020518237545 -0.1105890772 -0.015893968506 -0.0062350418306 -0.23547865019 0.040239245807 0.092721398238 0.070885255737 
0.0051377567781 -0.04176958032 -0.1798385968 -0.022380841841 0.011363819963 -0.21905446789 -0.014694013358 -0.0016069399165 -0.024952952329 
-0.010913952788 -0.016275570681 0.023210139305 -0.052237567069 -0.021691670491 0.014863834817 0.060019701714 0.026802265875 -0.19808199262 
-0.029100825966 0.094250032266 -0.15164593604 0.019472117525 0.034318622051 -0.022160794984 0.031190668323 -0.0092851160996 0.03302719627 
-0.11921049924 -0.019891733913 -0.0079651346531 -0.005504404024 0.02707961586 -0.22945086772 -0.067120203096 -0.013005321252 -0.20500970563 
0.057745435682 0.088807393373 -0.046653359221 0.038865194162 0.12207136495 -0.10982371967 0.034490929487 0.033321854892 -0.07227498454 
0.050161646774 0.042423393615 -0.03889217849 -0.016925706824 0.075779637869 0.047275478299 0.00021034454197 0.069188626898 -0.11488367503 
-0.021082189749 0.085500063005 -0.050868400513 0.032513851091 0.0040911446265 -0.23961724216 -0.046073552242 0.0065312193449 0.045879646803 
0.089372998948 0.012514685666 -0.1513263308 0.0012117581147 -0.0024898889473 -0.015672402633 0.082380267222 -0.016067749589 -0.034737617514 
-0.0077956091614 0.0011408064199 -0.022979481064 -0.032397109326 0.059843511541 -0.0098200359953 -0.097708202935 -0.14295091575 -0.051614992841 
-0.069455518581 -0.02399584421 -0.00080443113297 -0.086090577915 -0.011479176796 0.026098675285 -0.029948875535 -0.011367739802 -0.13449225057 
0.11278742648 0.020055014662 -0.15301767336 -0.081528791083 -0.045951322441 0.039048540207 -0.049226737998 -0.0743731041 0.011313755414 
0.0061466732469 -0.0097421256997 -0.22918031198 -0.017675486975 -0.079746640722 -0.19689059396 -0.0054838414792 -0.0046214977459 -0.2303418081 
0.04987002591 0.0045345682063 -0.23582325975 0.016313900354 -0.013996416026 -0.22464495245 -0.061403615305 0.091644735587 -0.027414247125 
0.044510949096 -0.044596656626 -0.19150971218 0.0052670411697 -0.05319790047 -0.18939739793 -0.030742215173 5.1666629098e-05 -0.21539150664 
0.015277307305 -0.0068907587897 -0.23136893412 -0.0023035198983 -0.0089684089177 -0.015197336908 0.016745526531 -0.03220379999 -0.066232389072 
-0.0080158437038 0.0010284721132 -0.23967375211 -0.0098807789556 0.010565866534 -0.23366651408 0.018625842967 -0.034662562765 -0.14101076022 
0.04663059712 0.040425956518 -0.062949670174 0.068423501485 0.042485515665 -0.23119907957 0.0095444139181 -0.058924966897 -0.11241385453 
0.060025064873 0.035547286894 0.050632987841 0.0024047514772 -0.10523421337 -0.061729735195 -0.031994652173 -0.036687279126 -0.16150822433 
0 0 -0.215815095 0.039961422223 0.042840833203 0.0097817115052 0.1665802314 0.05631849867 -0.14425300024 
-0.016205611487 0.0083051499756 -0.20265612932 0.022810706696 0.027076023991 -0.20487578801 0.040526513758 0.0013772231288 -0.0040039867088 
0.010155450049 0.05227185855 -0.047577931918 -0.0035227952654 -0.015134201604 -0.025351500965 -0.021056474439 0.046554970345 -0.22151502465 
0.0083647655433 0.018279704126 -0.088380454542 -0.01301213046 0.018308585138 -0.24773505732 -0.022542932121 0.060618203632 -0.072115529175 
0.093666630789 0.033315184944 -0.0001246460326 -0.11227211317 0.048517378257 -0.024564346106 -0.037291964837 -0.015817484745 -0.077843602225 
-0.020817293906 0.0081591355353 -0.067736472548 0.05841645127 0.053066689823 -0.0072138274387 0.0047970447783 -0.066375871962 0.020758215156 
0.060239943483 -0.14052934204 -0.024935250598 -0.094462506725 -0.04423789632 -0.095052560536 0.015652300556 -0.019650049166 -0.22480435598 
0.047805192271 0.035760631759 -0.13646937583 -0.02546261328 -0.018981796422 -0.20370090072 0.040680595833 -0.059513861736 0.019174073061 
0.031389816144 -0.025963323485 -0.227813027 0.022185584618 0.0015721137026 -0.22353082709 -0.025215982396 -0.011974729685 -0.22516549143 
-0.011482735337 -0.012052882718 -0.22206228545 -0.018153823452 -0.0068724958701 -0.17383939826 0.015553541453 -0.017883050809 -0.1938477585 
-0.03002472026 0.025490359332 -0.27299852103 -0.019380844517 -0.0038736973848 -0.22990710868 -0.01589447928 -0.0035204129853 -0.22989960465 
-0.00072701411892 0.0092026673829 -0.2266385298 -0.036367696219 0.051228962316 -0.03849647935 -0.028272342309 0.0023912623548 -0.20549263501 
-0.017531661303 0.0060099109389 -0.21520507049 -0.019015050707 0.028991419446 -0.22763985976 -0.087607890608 0.0377120553 0.052153061256 
-0.028670434912 0.12841722839 -0.088320342171 0.007169544925 0.011231927239 -0.21364622421 0.0089764855133 -0.011325685067 -0.2062550038 
0.053548200809 0.060279784189 -0.18255607437 0.040462199598 -0.046638780661 -0.05748081081 -0.0015468003622 0.02131815203 -0.20707121966 
-0.090615710935 0.082921717363 0.056320319974 0.004205901165 0.076107302497 0.021495346116 -0.026674317825 -0.00095566939307 -0.075061780645 
0.0072583686103 0.017752942332 0.026304690361 0.051719067561 0.02389927984 -0.16820110933 0.01337427761 0.0081341318876 -0.26430210592 
0.06789365741 0.025610302147 -0.0023440001573 0.083549591753 -0.031404310539 -0.012408225963 0.014585723824 -0.017819587871 -0.042284498785 
0.026656568774 -0.010189788707 -0.16540622179 0.044821105825 -0.01308900658 -0.27280990365 0 0 -0.215815095 
-0.0060105978729 0.029624526466 -0.12276993482 0.00041909626913 -0.0048110981792 -0.21730009203 -0.0021253824018 -0.033752643798 -0.084970031123 
-0.15888696576 0.019080975028 -0.090076382892 -0.033654231818 0.062378346325 -0.12312748475 0.0017311585113 0.00069662194053 -0.21222646754 
0.044292771391 0.0048266863983 -0.20226769679 -0.0059622796632 -0.055774222451 -0.077366770645 -0.012936241598 -0.0009028372107 -0.22313158901 
-0.0024089728723 0.0034433104166 -0.22661990255 -0.0013981335179 -0.030158271027 -0.20493887298 0.014160880754 -0.011250638989 -0.22347730145 
-0.038378660279 0.029726899749 -0.14757161817 -0.0022644540502 -0.0047100146375 -0.21153723382 0.0082676179824 0.002920721359 -0.21916877328 
0.015951570631 0.037635683021 -0.14469204875 0.0087496289145 -9.6628772734e-05 -0.2062768919 0.083733541569 0.0338448461 0.015722487477 
-0.061045944236 0.061885300977 -0.15734625742 -0.013024614381 0.05833860779 -0.019408866739 -0.0080108269175 0.018618427936 -0.22014786541 
0.011287838644 -0.022333257006 -0.0030751182655 -0.038407612541 -0.027947502929 -0.060609244269 -0.022751915405 -0.025267424673 -0.17852727589 
-0.068989064779 -0.13129653971 -0.083569958599 -0.020324032755 0.0045570432771 -0.24124419958 -0.0053348391609 -0.014204060646 -0.19929712872 
-0.0029301037787 -0.0028574210328 -0.19275913331 -0.0066409476214 -0.028147742861 -0.20320322632 -0.059349504872 -0.031535346868 -0.16129557211 
-0.01020257745 -0.018348974906 -0.20976634212 0.073777241956 -0.057687813094 -0.081032741817 0.025129803938 0.012691836957 -0.20918758479 
0.021683887474 0.015063780075 -0.19976260121 -0.053751410481 0.0023124508643 0.0078545833906 0.0040750232714 0.025251094908 -0.19859368654 
0.0082446654668 -0.0049494440079 -0.2020916327 0.0090399187038 0.031112672917 -0.26017010338 0.036614695246 -0.033874968511 -0.20601209194 
-0.0029852334383 -0.0043206596182 -0.2238381738 -0.0067576610653 -0.081676643882 0.024143830371 0.0065439195795 -0.01741048552 -0.20540260362 
-0.0027023787135 -0.02801953074 -0.19926817797 -0.017723511156 -0.0054029322489 -0.19512662201 0.010721353945 -0.0027569092168 -0.1932731002 
0.02262715495 0.0021682974346 -0.19594667605 -0.005244423242 0.0035855114163 -0.2071462819 -2.4450632637e-05 0.0037664397571 -0.20300284861 
0.007764970526 0.002053336333 -0.20337285425 0.028980583721 0.0018279787362 -0.19611697362 0.002104769871 0.0051148766574 -0.20293759294 
-0.028281654177 0.0025667595663 -0.22012307515 0.0058295443223 0.015113732369 -0.17899104953 0.01194328226 0.012151377557 -0.23165753963 
0.030873272386 0.005784181392 -0.25715641952 -0.02329659297 0.015237751801 -0.22113087806 0.038787129057 0.073767764861 0.061710585217 
0.0031943940746 -0.020936548624 -0.25138175823 0.047982735107 -0.025185116232 -0.23109424283 0.0024625335541 -0.013847152287 -0.1961257629 
-0.018443684535 -0.0045649942942 -0.2078025919 -0.0054353731689 -0.019906663598 -0.21818613066 -0.0023216504174 -0.0054354145763 -0.17393558345 
0.0049561637672 0.0048204837731 -0.19910312874 0.0084010854606 -0.017418763969 -0.19992405091 0.017149617952 0.01567856371 -0.19311547458 
-0.019290140131 -0.024010938148 0.11796074563 -0.022341966622 0.0065791801721 -0.19417407947 -0.0056504463832 0.0062613649841 -0.18253229568 
0.016230751273 0.0050605497634 -0.18271252941 -0.025735269112 0.0189460267 -0.19803255635 0.0010678948701 0.01224157924 -0.18667015311 
0.0085936190664 0.0029565926213 -0.20377213286 0.033818164296 -0.022193620381 -0.047303199316 -0.0016495997475 -0.037047381242 -0.24132790538 
-0.021638804898 -0.026701201421 -0.20301601236 0.006084009983 -0.02300099278 -0.21646397413 -0.017179809645 -0.021090283251 -0.23753894161 
0.0087289754624 -0.022086917274 -0.16927933857 -0.0012538508903 -0.00033350680485 -0.17743091068 -0.013167665062 -0.0078082674638 -0.20570252234 
-0.0016876401633 0.0088300053458 -0.17605586264 0.0092743440976 0.0029772973548 -0.19634873949 0.011210076701 -0.0047142363694 -0.18691020576 
0.012223712875 0.0021612037268 -0.1725180853 -0.0031986688932 0.01456372566 0.091898590393 -0.00021515199693 0.0085104129604 -0.17836764819 
0.0036684976265 0.012193847183 -0.18007215054 -0.0073027067218 0.017923400806 -0.17894028421 0.0044659856089 0.025585004791 -0.17118164397 
0.013473933903 0.013919415412 -0.21822407539 0.012457455275 0.021980369933 -0.24877621433 0.012157812253 0.020233018132 -0.26893066581 
-0.078325646065 0.0092549715128 0.0062587270288 -0.0095261512135 -0.023123413849 -0.24793176417 -9.3190240699e-05 -0.022548894688 -0.16876462912 
0.012060633794 0.0098179985787 -0.23635618346 -0.019663178581 -0.012977130977 -0.20910052298 -0.0093865900687 -0.01590742453 -0.1756983521 
-0.0076853283874 -0.0046846643299 -0.17383708703 0.00075662313249 -0.0029831745619 -0.19054248767 0.020772403824 -0.015910522162 -0.15528197823 
0.098619162628 0.0092269217103 -0.266746114 -0.031803373258 0.0097836063925 -0.17734753381 0.0044328530588 -0.0053572952212 -0.1754471578 
0.015618037637 0.010985432467 -0.1918816907 0.0018087605482 0.023472707732 -0.16324842683 0.0027207693295 0.006463154294 -0.17591078424 
0.018497110896 0.029708618356 -0.17661361285 0.003135247413 0.017154208604 -0.1646177085 0.0050966272422 0.018535620634 -0.17023349919 
0.0096736451586 0.018140612346 -0.16391468481 -0.021200835626 0.026968072507 -0.23305548721 0.0085376031812 0.032402968351 -0.16399837704 
-0.033546762856 0.021254869105 -0.2568884781 0.017233708723 -0.026537042507 -0.22467538876 -0.030755222684 -0.02032682015 -0.26231660236 
0.064386640643 0.033693703295 -0.01056328465 0.020630282474 -0.0021884950898 -0.15492176745 -0.014047987972 -0.0099312616093 -0.17216306505 
-0.0049613592184 -0.0019640468365 -0.17613643739 0.009512705859 0.015848625018 -0.13951392745 -0.04332929519 -0.013799844876 0.049632016921 
-0.0086899549121 -0.00019267410631 -0.17793832375 -0.016116053174 0.0076254913689 -0.16671305337 0.012220606638 0.0085864909263 -0.16697020962 
0.010053224495 0.002255776974 -0.1695998885 -0.026710093523 -0.0044472012626 -0.20392081264 -0.02044262764 -0.0089482320961 -0.17262951 
-0.0043725071787 0.015308588436 -0.16608349643 0.0049420261107 0.017701372358 -0.16034645077 -9.8632632246e-05 0.0042789551843 -0.2165976622 
0.011887646715 0.0047853543202 -0.20184186871 0.024333103457 0.035127293614 -0.20266173461 -0.0010619479591 0.0070925064535 -0.2904190206 
0.016839844484 0.02046556419 -0.21170282951 -0.017798122814 -0.0024591599103 -0.26126001093 0.010715051357 0.052382410065 -0.27449153929 
0.016309450768 -0.01355491001 -0.21339854482 -0.016064801879 -0.0045168988477 -0.28155578058 -0.012209795516 -0.0048534894174 -0.16284125551 
0.0015320578428 0.0014811205833 -0.16348563385 0.02279758093 -0.0045549261865 -0.17284553341 0.033588365728 -0.021795906425 -0.14652887335 
-0.01942559462 -0.0065078242936 -0.15191433523 -0.01457545745 0.0079673190014 -0.16702868388 -0.0082144120608 -0.00099791785939 -0.15195302539 
0.0080682891983 0.00013624514599 -0.16442862036 0.014386850118 0.0074781784147 -0.15637651006 -0.011179036699 0.020691296305 -0.1633508397 
-0.012766342365 0.012719657484 -0.16504662855 0.0022690980153 0.019167099095 -0.16574506845 0.0062481254989 0.026549365421 -0.14983419605 
-0.0058628422563 0.015558769705 -0.15363455479 -0.0077176825812 0.025496265202 -0.15067810288 -0.022287020032 0.010762460035 -0.18441966215 
0.0055718896797 0.0053886246946 -0.21208411526 0.012441168191 0.0013256232063 -0.21770448331 -0.005996122139 0.028723710614 -0.22832169814 
0.0096835312574 0.018956959396 -0.20268192766 -0.0097413518038 0.010985857034 -0.28356840666 0.0067877287164 0.022631491318 -0.21446349458 
-0.030011323939 0.039449217609 -0.23326980534 -0.0024771895228 -0.025508113302 -0.12456517163 -0.018812467829 -0.021440477409 -0.15780599164 
-0.0011752179843 -0.026284537041 -0.15925302304 0.0016382147437 -0.01023341161 -0.14002543027 -0.030910310741 -0.0062245950743 -0.15392886183 
-0.012522315558 0.0018857185298 -0.16122401323 0.0010577826475 0.0046676198927 -0.16113546545 0.012369233288 0.0011548358402 -0.15782174411 
-0.01010413314 -0.019834714572 -0.15206487855 -0.010212786791 -0.0044764177602 -0.15576262899 0.028099726571 0.014173368705 -0.1406593897 
0.023679139007 -0.014671063361 -0.22034658025 0.0028342573309 0.0061299235507 -0.13631831716 0.0072480488546 0.012969933119 -0.14929396293 
0.0039041386813 0.02133511433 -0.16250671803 -0.0045082974955 0.010441177759 -0.14405566009 0.0089875606277 0.00023053913238 -0.22090947476 
-0.011451617393 0.027266866424 -0.13773288603 0.00068211704611 0.012935413735 -0.22020358889 -0.016834144928 0.0014886416976 -0.27683041851 
0.0013092726966 -0.021747456273 -0.22597122705 0.037961338487 -0.0051656742298 -0.14917190493 -0.013899116854 -0.0079316485802 -0.15619756247 
0.0036856672054 -0.0051300955616 -0.11366949216 0.0025202153751 -0.018196488626 -0.15736343875 -0.011547091542 5.4252567597e-05 -0.13914151739 
-0.0085881707845 -0.031129370225 -0.14291402218 -0.0049734062788 -0.0064070247872 -0.18516840699 -0.0080398012631 -0.01625221454 -0.15376424291 
-0.00045482817405 0.00064504133541 -0.14938681965 -0.0056825226331 0.0082056295077 -0.13027464955 0.012250371309 0.010276531108 -0.13618082365 
-0.011462913185 0.0063612882558 -0.20412671831 -0.02999112784 0.017359443115 -0.13227610518 -0.014646668531 -0.0059570523836 -0.14537808002 
0.001517908613 0.0022685057879 -0.13692759478 -0.01921054774 0.0084876446795 -0.20719196273 0.0087784414142 0.0013335526219 -0.11522323529 
0.011727688028 0.022963367115 -0.13256692548 0.028157229694 0.022255941072 -0.11686646371 0.011412754854 -0.0055569279237 -0.21961888586 
-0.0015061008449 0.0047169849295 -0.20894052479 -0.024335281044 0.015087082926 -0.21561979977 0.021324380119 0.015841045972 -0.20821225639 
0.012290525627 -0.027248073718 -0.22472498018 -0.0010745644721 -0.014943239051 -0.2152308776 -0.027499310609 -0.028323424663 -0.12097328767 
-0.010303139841 0.00042509338085 -0.11231404132 -0.011951222622 0.005051004151 -0.10878038001 0.010086206507 -0.0036346126374 -0.1318731982 
0.0076557918623 -0.015413907137 -0.14006201396 0.014012455443 -0.016870952542 -0.11373783685 0.011636285826 -0.0033902544443 -0.11560182179 
-0.015671318366 0.0093620036947 -0.13256832407 -0.0068591692871 -0.0095801978217 -0.15072376379 -0.0012710225923 -0.0094471717385 -0.13510921354 
0.00024549737203 -0.0033401717807 -0.14868772051 -0.013038959406 -0.0085580540432 -0.12670305153 0.013088543661 -0.0060209591928 -0.13790854904 
0.012850438831 0.041858940117 -0.012305412215 -0.0017587179176 0.006090383124 -0.1360673289 0.011782466706 -0.0019071767743 -0.13816199895 
0.012893923635 0.0029721463506 -0.11915526743 -0.0013376499487 0.027403775679 -0.10941150977 -0.019048243656 0.00096523950175 -0.11877616819 
0.020479162942 0.01484545218 -0.18875088643 0.012940117169 0.0052060815186 -0.24951791828 0.019446514968 0.0050358522306 -0.1744652698 
0.019202102731 0.018069854566 -0.20933293635 0.024307523095 -0.0058077869041 -0.27010001377 0 0 -0.215815095 
7.0512400407e-07 -1.7953735055e-05 1.8776899925e-06 3.4429962317e-06 -3.9719380593e-07 7.7426172531e-07 2.4177888871e-16 -1.2138579203e-16 1.5182114498e-16 
-4.5770087851e-16 4.6433493234e-18 -4.9845270729e-17 0.024301716174 -0.015795026195 -0.26094600391 -0.036513030245 0.0034183826361 -0.17745814834 
2.1669406464e-13 -3.471934742e-13 -2.1579501463e-13 0.018847173672 -0.0088148822255 -0.19857497767 -0.0041493126262 -0.017509814016 -0.1172902484 
-0.013896731682 -0.01495369297 -0.1409721757 -0.008987882915 -0.025452327334 -0.12559703453 -0.0049325542728 -0.016375053282 -0.099184760845 
0.0019459376191 -0.0095131402045 -0.11853708652 -6.6309308486e-09 -7.2562634759e-09 -1.3310406096e-08 0.0013911308034 -0.079017026995 0.011419872719 
-5.1371880061e-14 -5.3315358786e-13 4.3263229393e-13 6.1002556483e-12 -1.3740334066e-11 -8.7501388162e-11 0.032455379194 -0.0079718426866 -0.083491652999 
0.0058595666825 0.0042820618585 -0.14116587753 -0.021061685909 -0.013936141287 -0.12815667526 -0.00652474168 -0.011134729943 -0.11479423461 
-0.0031229801876 0.010116027602 -0.10577736361 0.010750644509 0.0099032107186 -0.12761697268 0.013346172087 0.012012867038 -0.109117783 
-0.011515672563 0.036923072906 -0.13034539293 -1.4146655604e-09 3.1646350161e-08 1.0452953315e-07 0.011814125197 0.0079909466873 -0.091387484191 
-4.3448399483e-05 -8.6239715849e-05 -6.87296319e-05 0.018219226211 0.014374065143 -0.10621974233 0.0049165199714 0.0087581952584 -0.11217635449 
0.018051497879 -0.04011652512 -0.12605274239 0.00053219502904 0.017387578347 -0.13879582523 -4.5284400428e-09 2.5662368789e-08 5.8013618615e-09 
0.0085367512464 -0.00069935373302 -0.23605642128 0.019535296424 0.0024154501376 -0.18509285137 4.422311386e-13 -2.9186320678e-12 -8.101741628e-12 
2.8082828477e-16 -9.7845321695e-18 -6.0067646963e-17 1.1049268896e-18 1.4764055776e-16 -1.4624720425e-16 1.8452688149e-16 2.335900808e-16 -6.2503955206e-17 
-7.7784932701e-06 6.5209552229e-06 2.4110578771e-05 -0.031176945073 0.033637226009 -0.2382622173 -0.047397729794 -0.017309431746 -0.28990557713 
0.0058134044151 -0.019585037594 -0.31969438391 -0.016629906803 -0.0090942672802 -0.27958936048 0.044489514657 -0.027577962328 -0.19528041464 
7.2989150355e-05 -8.4685329156e-05 0.00015440041354 7.2571329201e-17 -3.142981937e-16 -2.558850421e-17 3.20976174e-05 -1.3586460813e-05 -9.668130769e-05 
-3.466267985e-17 -7.4554062311e-17 -4.149387154e-17 2.1504890715e-10 1.5843882017e-10 -5.2829664936e-10 -8.8781014924e-07 1.2651716647e-06 7.1494308002e-07 
-9.9252318251e-06 8.0739352926e-07 -6.8181821092e-05 5.6723372155e-12 -6.2481990534e-12 -4.5780586421e-12 -0.037215663759 -0.0081194615294 -0.076013178412 
-0.018044069063 0.0050072450119 -0.0897837512 0.016013687678 0.037627089689 -0.076548930411 0.0016680674747 -0.010333143595 -0.11980676619 
0.0077591475126 0.020591875595 -0.10980615267 0.004998260757 -0.00043184669254 -0.050872793798 -0.02471959407 0.028827018235 -0.072152137497 
0.048677003443 0.030838556749 -0.081755744788 0.018521985203 0.0077605807435 -0.08436484984 -0.013470279165 -0.013228879187 -0.070887367684 
1.2542686399e-09 1.1886151665e-09 4.5065925163e-09 1.0248849945e-10 1.6270667209e-10 2.852262782e-10 0.010894845649 -0.011676776949 -0.1555540505 
8.3024253988e-11 4.3494321978e-11 -1.4641639712e-09 -1.8557364801e-07 -7.7336883655e-07 6.9752890538e-08 -0.0092758373169 0.00024744993642 -0.096995109181 
-0.0068240348209 -0.00076016957912 -0.11118282824 -0.026037096928 0.0048631294006 -0.12371161054 -0.023735844704 0.010455362104 -0.1095152492 
-0.03042634169 0.0070032246648 -0.11109604794 0.0011681071513 -0.004837497268 -0.030572721694 -5.3710961344e-08 -3.2732512754e-07 -1.1834033913e-06 
5.58171727e-08 -6.5734870566e-08 -9.1426361436e-08 -2.8729852874e-06 -2.6937397143e-06 -3.828105034e-06 3.4251053746e-06 7.6471149948e-06 6.8154010137e-05 
0.01442890023 0.016151903466 -0.096007009381 0.010607026931 0.0057236084353 -0.092156104147 -0.011543416959 -0.017424399415 -0.074241503993 
0.016520472541 0.0066143175382 -0.081784274441 -0.03353989104 0.0077785512332 -0.12008803157 0.0032539854725 0.010528336986 -0.092312255844 
-0.022222872052 -0.031441154228 -0.078745952197 0.0045027714726 0.016609881694 -0.10286429165 -0.004992772117 0.0082386698757 -0.051875071886 
3.4191475988e-12 -1.5338157605e-11 3.2873883591e-11 -4.8803146648e-13 -2.8233191644e-12 -7.8779217675e-13 1.5378300174e-05 1.4525117995e-05 -2.7255323898e-06 
2.6141837131e-16 1.2519914727e-16 -7.9489413806e-17 -7.6777270844e-11 -5.3092487119e-11 -2.316066511e-09 6.4920452262e-17 2.5320981894e-16 2.1982410507e-17 
4.4113913092e-09 2.9486027231e-10 -3.3429789101e-09 -3.764762483e-05 2.2385220783e-05 -1.8758822826e-05 0.019449704899 0.015664074645 -0.25782357961 
0.0057592970038 -0.023761919065 -0.25839344241 -0.013445866331 0.050548177905 -0.039767668853 0.026026472251 -0.023997383284 -0.2296333711 
4.8027009289e-09 -3.0319498628e-09 -9.9535233233e-09 1.4115494136e-14 3.0800034294e-14 6.9825786674e-14 -1.5487132e-13 -5.4831208005e-14 8.0693104008e-14 
-1.2042567737e-13 -6.6711859293e-14 4.055156026e-12 0.021503532409 -0.030162308035 -0.23227106695 1.936052836e-07 -1.6882910619e-07 2.8047146795e-06 
0.044567103764 0.0078410773139 -0.044342614743 -0.011032117793 -0.0047527414335 -0.058672821435 -0.0091527002923 0.011443094707 -0.049823811111 
-0.017558030749 0.044874144523 -0.049969562501 -0.011747209531 -0.0060220914335 -0.088839849091 0.00098228677371 0.028952341003 -0.11798023806 
-0.00066734868026 0.0044457940441 -0.074600496085 0.015033071639 -0.033084983335 -0.082670039624 0.012239065727 -0.0080623123386 -0.072461795974 
6.4434901532e-17 -8.2423345783e-17 -1.8699351335e-14 -4.5259537493e-17 1.3337349334e-16 3.0965648371e-18 -2.633578324e-07 -4.0400387073e-07 -2.0312529245e-05 
-2.0879396612e-06 6.2395833433e-06 2.578770646e-06 -6.5545627369e-08 1.5204608275e-07 5.8609076817e-07 -5.3029522086e-07 -3.9100261316e-06 2.5119277873e-05 
-0.014637955223 -0.026104719771 -0.044573838995 -0.032067076309 0.021523871524 -0.085506220002 -0.022498792167 0.010287802992 -0.098516272223 
0.015234333522 0.0083847455074 -0.10126029761 -0.011256735818 0.013807606673 -0.099753345994 -0.028202102307 0.013828799378 -0.093066782494 
-0.0055019485157 -0.0085487998331 -0.091050221924 0.023841279144 0.022937650549 -0.088044140345 0.015917128354 0.017463519767 -0.085911994791 
1.4879865538e-05 8.2247145986e-06 2.413188924e-06 0.011893594812 -0.039843577966 -0.0085938940486 -1.8393242105e-07 -2.0885899464e-07 -5.3884013994e-07 
2.2823849985e-07 1.8868480668e-07 -1.7472517535e-06 0.0063431322551 0.01374361363 -0.079675942103 0.015287214062 0.03147000101 -0.050311754352 
-0.015022754633 0.007660435843 -0.09880253504 -0.0072074362277 0.009294319455 -0.084378421278 -0.02155015872 0.0011421250555 -0.094611462196 
-0.0005014718912 0.0071594611401 -0.098157881086 0.025149343991 -0.011202480134 -0.042699706215 -0.016757615297 -0.013867241566 -0.07915259421 
-1.3621986814e-07 4.9769738766e-07 4.2324807495e-07 -5.2929653885e-07 -2.5215917296e-06 -3.0429847236e-06 -0.00012716547582 3.2069876553e-05 5.5318079434e-06 
-7.3544521814e-09 -6.0579458e-10 -1.0484206028e-09 0.012825793337 -0.023352886963 -0.082248192895 -2.3001616726e-10 2.4259028761e-10 1.3300263841e-10 
-2.3431746779e-10 2.469308486e-10 1.1723671827e-09 -1.0784066973e-10 1.9214750839e-10 1.9452880247e-11 -3.9572334196e-11 2.7725319475e-11 2.9295999806e-11 
0.0036675099669 0.003022367193 -0.22503321864 0.0096942835102 0.012155553549 -0.22088778889 -0.064373721614 -0.016486582167 -0.19328962381 
0.036729013898 0.030516463313 -0.17221199421 0.021858724484 0.020830419079 -0.18502986687 0.033104189122 0.012666303262 -0.23473418036 
0.069756516973 -0.072500624252 -0.17644827036 -0.0010233171873 0.001020111096 -0.23248080522 -1.6605184072e-08 1.2613449808e-08 -4.8909146016e-09 
8.89858476e-05 -2.7572776867e-05 0.0012052834071 3.3959630748e-12 -4.9663621408e-13 -1.1582919478e-11 -4.9423928095e-11 -1.4135921193e-11 2.1841037908e-11 
8.5164704075e-12 -3.6014348269e-12 -5.1397467086e-11 -1.8100414739e-09 -1.6918652658e-09 1.7114643991e-09 1.0061359531e-16 3.8089144787e-16 -1.8315443657e-19 
0.00010506523302 -0.0041232430316 -0.076710381366 -0.0091954226985 -0.00084074341868 -0.076792491771 0.020164165038 0.012566950758 -0.077641937673 
0.025141768535 -0.015501976069 -0.076251245301 -0.014550848889 -0.011693564188 -0.072261009448 0.002087763308 -0.011444290143 -0.066731111054 
-0.00012309285513 -0.023914216712 -0.089234854097 0.013663649621 -0.010623431894 -0.092319650694 3.3752878044e-17 -1.3986778334e-16 -1.2570420855e-16 
4.7654906402e-06 -2.088870397e-05 -7.0811531995e-06 0.048764608905 0.00078825490778 0.0018642906903 0.0016335198922 -0.020397455661 -0.083599737918 
-0.0013857940185 0.028233420647 -0.092037757335 -0.017685189592 0.024257612832 -0.095369780323 -0.008796843233 0.0042085754148 -0.071331266835 
-0.011114019545 -0.018836972247 -0.087330845617 -0.0083498014633 -0.00013896719703 -0.085689749725 0.012218233459 -0.0019884512028 -0.10693081122 
0.0057332674826 -0.023418517053 -0.08927763742 0.0059788579505 -0.016033481566 -0.088117690991 -0.0015625134925 -0.00462624339 -0.085445947628 
-0.020552559924 0.027947633048 -0.062682940365 -0.026515006205 0.0063946089962 -0.041288774121 0.0093331767437 -0.0064190512136 -0.092213975525 
-8.7991863202e-06 -2.5688604909e-06 2.178094285e-05 2.1737315295e-05 -6.5696638219e-07 4.9485706196e-06 0 0 -0.215815095 
1.9658371131e-06 9.1851232975e-06 -3.1763946984e-05 -3.9457538177e-06 -3.5734297118e-06 -8.3376583707e-06 0.016784738187 -0.034701250885 -0.043570617446 
0.024832612034 -0.0059585282688 -0.066868108637 0.0096535677263 -0.0097966275759 -0.030926906284 0.0053139078062 0.014778048358 -0.10388254637 
0.0025138193477 0.0050552314647 -0.10572090513 -0.0039464190954 0.012824895624 -0.088238853717 0.049096223499 -0.014317856235 -0.070596642938 
-0.0060135717517 -0.0029982984456 -0.044892284593 -0.00046851119509 0.018090224084 -0.057323034016 0.011247930039 -0.0012295485173 -0.079728520554 
-1.024683332e-15 -4.7597424533e-16 2.4164132772e-16 4.0025364939e-07 -7.5423482331e-08 -1.0723707153e-05 3.9684264336e-06 2.2510712646e-06 -1.5856437907e-05 
-2.9426708771e-11 1.0010100492e-11 4.2168616351e-10 3.5872497165e-11 -1.9170792437e-11 -3.2481277178e-10 -2.5448439926e-08 2.2743449357e-08 5.0495882748e-08 
-1.6935965465e-08 1.0338404988e-08 -4.2031799116e-08 -0.011867263339 0.033472074574 -0.21364297708 -0.02263824957 0.049184189015 -0.20998266311 
0.038371480051 -0.040965672601 -0.25058641434 0.024233326041 -0.014151106547 -0.20071212281 -1.7849573607e-07 8.136893359e-08 3.089983373e-05 
-1.0496971289e-06 -1.9387144294e-07 -4.4592212329e-06 1.1764139618e-15 3.2109963872e-15 -3.2470373633e-15 -2.5600837884e-06 -1.2720165723e-06 -2.7558807108e-06 
-3.2073941795e-12 1.450899353e-13 -1.1926710912e-12 0 0 -0.215815095 -5.7892863702e-06 -6.3067758405e-06 -2.5236092437e-05 
1.4928495167e-16 -5.180263486e-17 -5.3103850856e-19 -9.5977881492e-05 0.00010151337513 -2.5494815482e-05 0.036192514329 0.017686614041 -0.044788865506 
-0.010373633538 0.009004309631 -0.07303458505 -0.019098292889 -0.0089685465218 -0.076121040581 -0.0050365190496 -0.0049914786064 -0.072840710227 
-0.014431739702 -0.0099368077849 -0.077262722403 0.0071679033 -0.033551592252 -0.048056316577 0.021444800097 -0.011803859871 -0.077533911465 
0.013094556343 -0.0018683498595 -0.091145769837 6.0863318758e-09 6.1252284527e-09 -5.6116308159e-09 -1.232688577e-09 1.4622408041e-09 -3.6808243765e-09 
1.3602634812e-09 -1.5103272903e-09 1.2309063616e-08 -2.7919395955e-11 6.2650812981e-10 4.9556511506e-10 -0.016002446208 -0.0040121917588 -0.065225441666 
0.0085181793009 -0.010469764945 -0.077915656099 0.043416925339 0.019046891682 -0.02037858998 -0.0045386018393 0.01483485383 -0.098337611287 
-0.0027180105741 0.0058963642586 -0.086429959113 -0.0074632324219 -0.018062372895 -0.08864127972 0.00077792015746 -0.01107369948 -0.083971366044 
-0.0082544335172 -0.0092137669055 -0.089236170464 -0.00014559251277 0.00042027112946 -0.086250627719 0.00079583614746 0.0033717937951 -0.080641233667 
-3.2210612114e-08 -4.2943933468e-08 -1.3598585585e-07 2.6062801502e-08 2.1483448138e-08 -1.5398812758e-07 -0.009598479913 -0.015105389452 -0.056783275162 
0.014883873799 0.0070755643732 -0.011599853446 0.90921221777 -0.29659820214 -0.0061212244636 3.4553422305 -3.1407841238 -0.012496669933 
0.02481568911 -0.048066427015 0.025573444184 -0.024625211933 -0.0016743785908 -0.062327970086 -0.019534152861 -0.012841300991 -0.073408280262 
-0.0033054771172 4.6411860502e-05 -0.079701823704 -0.0056723448644 -0.0037102892566 -0.090303662751 -0.0033701317002 0.0035021181514 -0.059227440693 
-0.028667751681 0.0016921213309 -0.098913462267 0.0019531758446 -0.0075237349081 -0.065415412717 0.0089443952081 -0.0062874071432 -0.067808348818 
0.017373101585 0.01049072154 -0.062440484542 2.1418612956e-09 -1.7553284705e-09 4.0916114176e-08 -6.4525928033e-17 1.8811092796e-16 1.1619688193e-16 
5.851685044e-07 -6.4621600274e-07 -3.3724611287e-05 8.8551530717e-07 -3.6409593781e-07 1.0149397651e-05 9.0191539384e-07 1.6330511866e-07 1.7312950561e-05 
-2.6804702743e-06 1.0142683078e-06 -1.1815351583e-05 4.0464276414e-08 -1.8716502634e-08 3.2769105668e-08 -3.5469209285e-05 1.2229032657e-05 -1.8405686819e-06 
2.2573464037e-06 -2.0286303801e-06 -0.00041672785307 4.5294737895e-05 -4.5342897953e-05 8.3875854686e-05 0.015673703368 -0.0023598953473 -0.2254705591 
0.032545880719 0.019630131566 -0.21597934793 -0.025530052848 0.008084479868 -0.26641533786 0.018053309222 0.026126039559 -0.24079674175 
0.0060592413271 -0.02413940135 -0.20898599193 0.010696564339 -0.029055800369 -0.25087724982 -0.0027464531298 -0.0089638835125 -0.21673918317 
-2.8471823194e-07 7.1747837213e-08 1.4934674193e-06 3.9511503912e-12 -3.500009835e-12 4.7392357077e-12 -7.409321425e-12 7.0914138831e-12 -7.8360275259e-12 
4.317082901e-10 -4.3742887007e-11 2.8979833719e-10 -1.2332520499e-09 -3.4774649353e-11 -6.6720105816e-10 -0.029255524164 0.0016996768269 -0.053134312672 
-1.0104560146e-05 -1.0443120693e-05 1.859870594e-06 -1.4120483048e-09 5.349698697e-07 4.2318287775e-07 -2.7815161273e-06 -1.542658366e-06 -5.6659012459e-07 
-4.8951217779e-06 -8.5372228217e-06 -1.2916194864e-05 4.069536834e-06 3.6090623381e-06 -3.8803037633e-05 -0.0058167031858 -0.016736527378 -0.080384732567 
-0.013391326656 -0.020270618998 -0.061547327867 0.0030459972495 0.022877516261 -0.088875203326 0.0090375565027 -0.01479042914 -0.07416904157 
0.0011853235691 -0.013962843944 -0.072858724799 -0.0046152111064 0.018429223148 -0.050699590562 -0.0099350380671 0.0043739594249 -0.056924868863 
-0.020099760066 0.0032271464408 -0.062353011184 -0.00023535576019 0.025169178442 -0.087850152148 3.4156152893e-05 0.00013234102821 -0.00049548001612 
6.0504258921e-08 -1.479017102e-06 1.9849535062e-07 0.00052481520348 -0.016110762469 -0.067006454167 0.013674113434 -0.013148253327 -0.08492360078 
-0.024504298866 -0.0098512794557 -0.073316061672 0.002787596956 -0.0032557509407 -0.051125787361 0.005386813417 -0.013527971524 -0.079544112418 
-0.0027083084662 -0.0070729373512 -0.071801088638 0.0029359418762 0.019627710838 -0.080433650973 -0.048010332719 0.005698037944 -0.045278811726 
-0.0035150249776 -0.0061229279746 -0.08631521981 -0.006765531488 0.017390639457 -0.062441229919 -0.017419660904 -0.00099822246078 -0.08693385583 
-1.0025870899e-09 -1.6580268325e-08 -5.966999392e-09 -7.2656886232e-10 3.9583801981e-09 1.3380308257e-08 -0.020500330044 0.010917932365 -0.035148077488 
0.0063115050516 -0.0018692348774 -0.059485651597 -0.017941699125 -0.0049933965675 -0.2073265606 -0.00065125812747 0.0045865773094 0.010264000613 
0.0018484917809 -0.020118157868 -0.052990713261 0.00040407291783 0.0080269252485 -0.063872353902 0.0012867504478 0.011139223713 -0.065379781263 
0.0074925948269 -0.0091485650551 -0.047380113613 0.0015186333098 0.016444166906 -0.06545306091 0.0052586899026 -0.01332956008 -0.064244240381 
0.010922564027 0.005550617434 -0.033769299714 -0.0030474069497 -0.018178362748 -0.090118835023 0.007589898445 -0.007246961467 -0.08233487349 
-0.0016052138643 0.0064203093741 -0.064055568775 -0.0018358962728 -0.010474155468 -0.043047203288 2.0106090203e-12 -5.8649284174e-12 -3.0256157493e-12 
-8.4584861167e-07 -2.3146939756e-06 -7.3112932005e-06 1.944881124e-05 1.054446738e-05 4.5930091623e-05 -9.0885045888e-06 -7.3558986338e-05 3.8570130753e-05 
2.6179777884e-08 -7.9771293107e-10 1.7996578426e-06 2.2041826604e-06 -5.0845044713e-08 2.8302443777e-06 1.0129491778e-05 -4.836365381e-06 1.2640684644e-05 
-0.016135184992 -0.0025026702535 -0.23013126852 0.0054650820443 0.0055586647717 -0.19561579498 -0.031025818499 0.02879995161 -0.15913618502 
-0.027724944453 0.028626671932 -0.23037161266 0.010856979505 0.0075608782949 -0.21882504581 -0.027797559683 0.032197753116 -0.24951500909 
-0.0096750054707 -0.0033908557753 -0.21014119234 -0.017178361256 0.021650583054 -0.22420288947 2.3490364698e-06 -2.3638153898e-06 0.00030046904833 
3.6147675022e-10 2.091979592e-11 5.6368227196e-10 -3.8907643732e-07 8.5644293967e-08 -1.4147417326e-06 0.0044474159736 -0.0044801364793 -0.036622046846 
-0.00053681074293 0.0013381231525 0.00053837741639 -9.1126999414e-06 -1.1360831009e-05 7.5776987435e-06 1.2992201636e-12 -2.5272043745e-12 -3.4332422324e-12 
-4.6398381136e-08 5.1397836423e-08 -1.1033097468e-05 -0.0010212320273 -0.0081563227179 -0.050360472816 0.0038564500514 -0.007038826784 -0.065536437905 
-0.009270237685 0.0094222032793 -0.059557302943 0.0012537348538 -0.02585580348 -0.060570503947 -0.02291416722 -0.0041751907677 -0.050042392315 
-0.0097297456268 0.0090112831578 -0.04559367757 -0.022142098289 -0.018102638194 -0.062235615323 -0.029247270394 0.020466864922 -0.054640679291 
0.0039150524449 -0.018545255181 -0.057899957288 -0.0098825052696 0.013334214462 -0.027167776626 -5.800130887e-06 -7.3545747885e-06 1.5243953146e-05 
2.2976003386e-08 1.6776376979e-07 6.3691073712e-05 -3.1904855703e-09 -2.0484510299e-08 -2.5799356592e-08 0.011190492996 0.0085604456106 -0.048923888943 
-0.011877277946 0.0069018244548 -0.068177123649 0.0061976814914 -0.016874812813 -0.074713954701 0.0031766241592 0.0011448880175 -0.075180637001 
-0.0035754501724 -0.014970117223 -0.079953169196 -0.0069096699181 -0.025485954728 -0.087143557018 -0.034514203639 0.0040214173995 -0.057967273595 
-0.0064414661598 0.003190315058 -0.082053655814 -0.0016688354343 -0.0043625148445 -0.064310567831 0.0052191618779 0.018272880637 -0.072024213318 
-1.1931835074e-11 2.0139306799e-11 -1.1384027902e-11 7.984628789e-10 3.0890349147e-08 -7.9185437844e-08 -0.0025616117121 0.0056260514661 -0.050797104799 
0.020361510611 0.015204548702 -0.20521944558 -0.035161227093 -0.014989182994 -0.1978682904 -0.022850775458 -0.014834147883 -0.22251570705 
2.0755720991e-17 5.0258830392e-17 -3.1151775922e-19 -3.2341264429e-16 1.3512248034e-17 -2.8465274477e-18 0.017574517256 -0.015718748201 -0.041874100271 
-0.00038093861612 -0.015148765572 -0.0384194627 -0.02084841371 -0.022959994259 -0.069383346988 -0.010526546564 0.0023545754791 -0.076881970835 
0.0072140436725 -0.0060669413622 -0.055489729499 -0.018988447921 -0.01472764172 -0.04755286874 -0.0011001652372 0.019365732608 -0.075212916426 
-0.0066089090625 -0.0037000682852 -0.065312806501 0.010139695361 0.009800457417 -0.054924971558 -0.016004328023 0.0088329421507 -0.074746320084 
-0.0177303973 0.0065421388377 -0.065318981636 4.5038131361e-06 -6.4609597077e-06 -9.100365352e-06 -2.3909528003e-16 1.8097600049e-16 1.0984001521e-15 
0.00033135387119 1.4518030455e-05 -9.8812046056e-05 8.7841964955e-08 5.7410207173e-08 1.1390668909e-05 8.6033268679e-14 -1.3886306379e-13 -3.4722026816e-13 
-0.012456968254 -0.013781751384 -0.048678472973 -8.2329676976e-05 4.6921362013e-05 0.00041224902995 6.0593571034e-08 -2.3568887652e-08 -8.9934303304e-08 
-0.020911075916 -0.002931818497 -0.20466279756 0.035619834118 -0.0020748380182 -0.23417041448 -0.00089748218879 0.015156109479 -0.22526858885 
0.042196937878 0.019682774232 -0.23028489866 1.6276981928e-12 -3.8926975039e-12 -4.6497821334e-11 7.068089507e-13 1.1807822229e-12 3.9463347595e-11 
-8.8416031998e-13 -8.6985309204e-13 2.0700771342e-11 -5.2834169233e-08 2.8325510379e-09 -1.8510980684e-07 -0.018832037259 0.019205063055 -0.044062727157 
7.2988199161e-08 1.6454841821e-08 -7.1564145145e-08 -4.3668668895e-10 -1.0886205318e-09 -1.1851689263e-09 -1.2922135301e-12 2.3983369815e-12 3.3453166408e-11 
-5.2647962993e-13 1.4819979646e-12 2.8362755235e-11 -0.012357300887 0.0083244097682 -0.057389750064 -0.0050108183397 -0.0014207431458 -0.052108083316 
0.0052011468759 0.010999622569 -0.075027614907 0.0093343843044 -0.016217347137 -0.077643027745 -0.017512515389 0.051435069576 -0.053074968337 
0.0028646557939 0.019571858856 -0.072435403915 0.007285659471 0.014551557284 -0.057033001785 -0.0082328811985 -0.00018851557039 -0.046451522365 
-0.021106879748 0.0412512875 -0.02728297511 -0.00021528233709 0.04830670215 -0.058587580367 4.5899949602e-05 4.5925946014e-05 -3.0458534982e-05 
4.1127174333e-06 7.6648365653e-06 5.046088131e-06 0.019587392838 0.0078299658334 -0.21409839602 1.3218221258e-09 1.2769833802e-08 4.5224369201e-08 
1.7631078463e-07 1.0382648897e-06 -6.7044827864e-06 -0.0057964819103 0.0014399430164 -0.060281489754 -0.02048381405 0.022146112828 -0.066150454031 
-0.010273620155 -0.017832694657 -0.075760856152 -0.0066885818497 -0.011373667748 -0.063212023084 0.0066531566267 -0.013773827075 -0.069786895154 
0.0005902175966 -0.0099927832747 -0.078623519378 0.0006892039824 -0.0011279432289 -0.08043052381 -0.0065438619115 -0.0061114091436 -0.074729971076 
-3.9704955102e-05 -0.0057927109716 -0.066818651224 -0.0092555469489 0.004949446113 -0.065769374712 0.010361914631 0.024607845226 -0.062902518356 
-3.3920805655e-11 -1.854321786e-10 3.0681980675e-09 -1.0761757182e-08 -3.625243083e-08 4.0159036017e-06 5.4291757129e-11 -1.5703452942e-10 -2.4763454331e-10 
0.017546217658 0.0074059151404 -0.06450864887 0.001624582653 -0.00014095048783 -0.21481626901 -2.8928654559e-05 -1.6069740895e-05 8.6227339806e-05 
-0.017293074287 -0.0099875344091 -0.033432219314 -0.0070863545649 0.0050433322957 -0.047195968706 -0.015049469595 0.0083942022295 -0.046064478184 
-0.017716685543 -0.0089942896764 -0.080774550133 -0.013822125489 0.0050207632546 -0.07852806703 -0.0042241997544 0.0072084716644 -0.082645856485 
-0.014374721312 -0.0039166163319 -0.054552607256 0.0048584483722 0.01017134076 -0.055762496944 -0.003192317406 -0.0053755555395 -0.042555795591 
0.009877078382 -0.0087946835615 -0.072595511203 1.9126824749e-14 5.2327396123e-15 -4.3460005544e-14 1.8578909881e-10 -5.9346795139e-10 9.4030941832e-10 
-2.9005847656e-06 -6.4380961393e-07 4.6545352631e-05 0.00011994055844 -5.8696171532e-05 -0.00028678067341 1.3955696787e-06 -1.5488889688e-05 -9.2265329732e-06 
-0.019656373165 -0.021340873177 -0.038143707633 0.00085894686289 0.0011546426899 -0.00016337272732 3.1134793372e-08 -1.7265324381e-08 -2.3990937382e-07 
-0.018380706707 0.012363122966 -0.19253023618 -0.0046585819496 0.010204979015 -0.15312028228 -0.034284018025 0.023889171819 -0.23152940673 
-2.6312925442e-06 7.3123017868e-07 7.0644384376e-06 2.552655041e-06 -2.9714742857e-07 9.8424859707e-09 -1.4890009079e-06 6.624669978e-07 3.750663124e-06 
-4.3607394318e-09 -3.3130976635e-09 -2.5865019654e-07 1.9555611057e-09 -9.183571152e-09 5.3660842847e-08 1.4698122411e-07 1.0215617933e-07 7.9741138432e-08 
2.9279789101e-06 -2.194389011e-06 1.3063587486e-05 1.1972453224e-10 -4.0379183358e-10 -3.7424598947e-08 2.0723632911e-05 -4.2578770275e-05 -0.00024423603068 
-0.012308425171 -0.014090616438 -0.053173244157 0.0046984213232 0.0018255381637 -0.038620963085 -0.0086510266169 -0.00027022407567 -0.05881917626 
0.012194936882 -0.0059793622809 -0.052800420083 0.0076667172824 -0.0090886226322 -0.058240758646 0.0077053686159 -0.010942876091 -0.041449375592 
0.0040714141309 -0.0049697087588 -0.052393717137 0.0021210407809 -0.0060425948593 -0.057594663345 0.0082471892442 -0.0051292554295 -0.047357191792 
0.016968944589 0.012366327265 -0.052821892239 -0.0073422565602 0.015808803439 -0.029897654924 0.0029039334101 0.011605044371 -0.041799518062 
-0.0023105223766 0.014394103292 -0.040699118343 -0.00061847491248 0.00040715519739 0.00025357820049 -6.2258896597e-06 -2.3675093951e-05 1.2762179605e-05 
1.4276402714e-05 -6.6981203194e-05 -2.5654025335e-05 -2.8141146138e-07 -1.6503718404e-06 -1.3047035674e-06 0.00069552505373 -0.012975313683 -0.048790648052 
-0.0023218392732 0.0048401924251 -0.062454348756 -0.01052751183 0.0036245580814 -0.04278299417 -0.011955663503 -0.0037817802282 -0.098205697924 
0.016874121069 -0.015517157102 -0.063844612183 0.027651331426 0.013143946476 -0.056901949228 0.0049678518392 -0.0011445193422 -0.078684640625 
-0.0022961758929 0.011309814001 -0.062306688146 -0.010909058611 0.0017980528002 -0.078390933675 0.0035201746123 -0.0035409207651 -0.042854816206 
0.0013556860165 -0.01008833538 -0.073118594225 0.0099582138802 0.019046742127 -0.062116346796 5.1643555167e-06 3.348659894e-07 -8.3700460636e-06 
-5.8104297666e-06 9.0265549241e-06 -2.9142098294e-05 -0.0098838033684 0.00129925524 -0.065908541253 0 0 -0.215815095 
1.2141248699e-07 1.7406381323e-07 -3.1359504793e-06 -2.1019831101e-07 -3.698674821e-07 -2.6580695046e-06 -8.3291636953e-11 8.2721127479e-10 -1.4238214353e-06 
0.0068607173064 -0.013103138694 -0.064664761077 -0.015332284088 0.014107697949 -0.067695910026 -0.0057440582959 0.0084979633346 -0.045335362242 
0.010437966335 0.00068075008666 -0.067344745529 0.013252509623 0.0049115480084 -0.05385508326 -0.014607545139 0.031572313705 -0.062892227797 
0.0057131914906 0.0054021866921 -0.079773302433 -0.0096303106332 0.0066181104099 -0.062037096725 -0.0144742834 -0.012472175678 -0.072745621847 
-0.03066589166 0.020394054749 -0.066388337495 0.01415851353 -0.018462924619 -0.051240253002 -1.3368837564e-06 4.4145277455e-06 -7.3023523784e-06 
5.1515991154e-10 -2.0111579443e-09 5.3260237718e-08 1.3213917386e-10 3.2149845939e-11 4.1298616858e-08 -4.6270975782e-07 -3.0114843068e-07 4.4083622204e-05 
-1.0292119607e-07 1.5850231858e-08 1.5596539472e-06 -3.3426683056e-06 8.1388969451e-08 9.6705004511e-07 4.1568982591e-08 -7.4025277179e-09 9.8380341696e-08 
2.712032271e-05 0.0001171070001 -9.0003640148e-05 -7.8925062743e-06 2.592534101e-06 -1.5009767311e-05 0.0031272170619 0.0084343603523 -0.17967764571 
0 0 -0.215815095 0.00012159388291 0.0063731107987 -0.1367599609 0.0052554451608 0.031012699228 -0.0047386227174 
0.020109168589 0.042506437778 -0.22415823675 -0.016560603907 -0.013974818116 -0.03593594002 4.4462078918e-07 -4.5701697117e-06 -1.4594322122e-05 
-9.5991707996e-07 6.4499015915e-06 4.6170832648e-05 -4.2637445606e-11 -5.89663324e-12 -5.7202851512e-09 -3.4510986521e-07 -4.6791274145e-07 3.9484647774e-06 
0.011700129186 0.012526852307 -0.044346264251 -1.6872695707e-08 -5.0876112196e-09 -7.9412314697e-09 7.4230077219e-08 5.0138471843e-08 1.6109606897e-07 
-0.014307068962 -0.0172930424 -0.21412539765 4.5844778963e-13 -6.4387409494e-13 -5.3171875537e-11 0.00012079733446 0.00032323043009 -0.00024361892726 
-0.009341867954 0.0034837963668 -0.066635606777 0.0041535913285 -0.013821858664 -0.040220224595 0.0003516172183 0.0034707606991 -0.048342926842 
-0.0034323959468 -0.0030303478052 -0.048020996084 -0.0049675231229 0.0062638766779 -0.068161955064 -0.006178661918 -0.0003344951877 -0.065033631995 
-0.011576936977 -0.0024988110113 -0.070417950859 -0.0055828848982 -0.0042822400757 -0.040455351888 -0.0025550105703 -0.0027452520055 -0.044853893814 
-0.0042283668391 0.0089299331637 -0.042665025083 6.9133491125e-05 2.0246970859e-05 -2.4817138071e-05 -0.016110296872 0.0022885330626 -0.23556871273 
0.00053472012237 0.00075072205276 0.00024426611313 0.015615159192 0.0052068682703 -0.015524840498 -0.004535819302 0.0072947887322 -0.054916787066 
-0.00075366195724 0.0037159874609 -0.083046010865 0.0036224842494 -0.0022360833358 -0.047320949325 -0.024114887917 0.0012950823528 -0.07857174719 
-0.018248887375 0.0076995320532 -0.060516577485 -0.012023763189 -0.0036143160974 -0.084512894951 -0.0032185423015 0.012632212331 -0.064730414036 
-0.0053964079034 0.025006316638 -0.050852621148 -0.0094731387137 0.016054207617 -0.033874639759 -5.7405441093e-07 -4.9942560518e-06 9.3027658728e-06 
-7.7558296309e-08 4.0295175552e-07 -9.6761669127e-07 0.0002714990872 0.0014435940718 -0.046675739705 0.0104388506 0.0038913820055 -0.20288962841 
1.65365293e-05 1.9617428968e-05 -7.4213077015e-05 1.1740584281e-08 2.3123520412e-08 4.3715461986e-06 0.00051745533214 -0.0040962525048 -0.039491889645 
-0.0032239426809 -0.0039703111482 -0.043968907148 0.00040005855697 0.0070318695557 -0.043377356409 -0.0008122623918 0.010926293435 -0.043904437545 
-0.0046250076248 0.0080070481782 -0.072266444032 0.0073691160957 -0.0075191609524 -0.071898960154 -0.0029434447055 0.0028952113705 -0.059633486591 
-0.015918603351 -0.00057698651837 -0.055753495697 0.0028685286803 0.0020608623816 -0.069260719865 -0.00083536237308 0.0086594952962 -0.041663278379 
0.02492453468 0.00084025041712 -0.057852246488 0.0094504756866 0.00020868491518 -0.062203576326 -0.018454276447 0.0046055177353 -0.034472431437 
-0.014104892655 0.0092551658373 -0.054999656927 -0.0051709676483 -0.0061928881058 -0.038493707013 3.53366718e-07 -6.254413749e-07 -4.0473317478e-06 
5.3040744551e-07 -1.0050322048e-06 2.1277651908e-07 0.012236967208 -0.027317814528 -0.22235768031 4.3612007736e-05 -1.3554598067e-05 3.2565651348e-05 
3.4298118873e-08 2.2632704361e-08 -1.6155887936e-05 1.7753334793e-09 -2.7636634745e-10 7.2661787693e-09 2.4712913943e-07 4.7218157829e-08 3.0776477319e-05 
-3.5493069624e-09 5.8537796065e-10 -1.0360568972e-10 0.0050021137197 -0.019087414443 -0.036866271354 -9.6902241523e-10 5.348382699e-10 -4.0586468251e-09 
1.7575247196e-07 -4.2916602223e-08 2.1802852639e-06 0.0046908632732 0.0034029543956 -0.23929725256 0.031307990938 0.0045334512864 -0.22280321242 
0.036358272093 0.0032891879415 -0.21221180148 0.0065090532568 0.02144325646 -0.22350751521 -0.016976990202 -0.020637704743 -0.31278169759 
-0.011666791573 -0.01894130161 -0.19217999445 -0.034987254343 -0.0060278368308 -0.22049693352 4.1940463516e-08 -1.3720977903e-08 2.6808033354e-08 
-1.8703342364e-05 2.7793085434e-05 1.94427858e-05 -3.3742545393e-06 1.143801029e-05 -1.6201801852e-05 8.675343853e-06 1.4728629924e-06 2.4164129626e-05 
-7.7375460701e-08 2.548244042e-08 3.2360088076e-07 -1.260778229e-05 -1.4299091633e-06 6.2443697956e-07 0.018843830589 0.0089874071961 -0.044958079352 
-1.0477070083e-06 -2.2916600058e-06 -3.1729891323e-05 2.9792844687e-06 2.2310456406e-06 3.0966231087e-06 0.024332267312 0.0026646927463 -0.18557681783 
1.4759880322e-05 -1.1161785085e-05 9.2448419072e-05 -4.0637861571e-12 3.0869274692e-12 4.0198611659e-09 0.012732108653 -0.0038397921792 -0.033638518752 
0.0086998105133 -0.0057131766382 -0.037546998336 -0.0033351215185 0.0071131940971 -0.025217328218 -0.01157887599 -0.019729653718 -0.060071516874 
0.00072114354326 0.0083708525978 -0.045403632022 -0.015221850552 -0.0022641484592 -0.055984439723 -0.01209234904 0.015618122843 -0.049278256057 
-0.0093204852756 0.0027222600078 -0.026549125702 0.0059047024764 0.0077380101995 -0.040173543489 -0.019051052185 0.0015631382485 -0.031252626949 
-3.5736691048e-09 -7.1343475947e-09 -7.012853487e-08 -1.4454544007e-12 -3.2774998392e-12 1.0773533274e-11 0.018811608285 -0.0025404462511 -0.20321372521 
0.011526577388 -0.0030517106548 -0.22012832908 -0.035141214564 -0.014446620662 -0.2403568169 -1.8901729948e-06 -6.3592850643e-06 -9.6881242305e-07 
3.228907436e-06 1.1509927849e-06 1.563540249e-06 -5.3574214766e-07 2.2675146445e-06 -8.7269499221e-06 0.0044069422822 -0.0062507892207 -0.035064011538 
-0.021161221443 -3.9313472723e-05 -0.066673749185 0.0031808226464 -0.0021284063889 -0.044967728116 0.0008253477106 0.0081612683701 -0.04167242574 
-0.017409200821 0.0035036715952 -0.071104291051 -0.014802438899 -0.0041798031844 -0.065083606845 0.0089445720787 0.0091257524964 -0.066117222338 
0.00036874568315 -0.0024864144589 -0.059925163987 -0.00532386765 0.0047198368442 -0.06478489354 -0.0088292609537 0.0046440660348 -0.05740018484 
-3.6913926843e-07 -1.2426668722e-06 -1.9131912911e-06 5.4903443503e-08 -2.5180397666e-08 1.0152223171e-05 2.2351095138e-06 7.551165257e-06 2.8348993182e-06 
-0.018156231654 0.0047246763646 -0.041950777382 -0.005323029264 0.0043203681344 -0.028129562504 0.018647245272 -0.00098390402282 -0.20758208694 
0.0010489921688 -0.0069857012806 -0.21194221155 2.1206577058e-05 1.2904513237e-05 7.5832093266e-05 -0.0068712896573 0.0046708634687 -0.053938321285 
-0.002608280615 -0.0014526202444 -0.039637588927 -0.022802099091 0.0033224879479 -0.059539561692 -0.0099172776165 -0.0035495886572 -0.030105206226 
0.0028493950627 -0.0082515483378 -0.057933084005 -0.0086752468617 0.0067541463832 -0.058319655959 -0.0031711246015 0.012313015287 -0.06417280844 
3.4633268564e-06 0.011892112291 -0.041114570231 -0.0076056068752 0.016740073315 -0.033686008357 -1.1851850313e-05 1.8610455201e-05 -2.0645973506e-05 
2.1847720251e-09 9.8241765542e-10 6.07455901e-07 2.924099017e-05 -7.4769869254e-05 -4.1965288835e-05 3.3505744061e-05 1.3363816994e-05 0.00022885697746 
-0.01161779376 -0.004221592048 -0.046435586679 1.538764871e-05 -4.4957534021e-06 -0.0038853745693 -7.3279594332e-10 3.0924731299e-10 -4.5181593268e-09 
0.0036287591066 0.0041788464804 -0.22166163946 -0.029243955068 0.011780066213 -0.1874487684 0.031536140159 0.018160034201 -0.20812010201 
-0.010292989684 0.004090517504 -0.20253213086 0.0020923275312 0.019896437085 -0.21947075132 0.0090863687714 0.029098516555 -0.18231894763 
0.013286923683 0.023569559839 -0.193117819 -0.011099560205 0.02588619957 -0.21600248355 -0.00079579953533 -0.00094789731567 -0.00032793795619 
1.8812438945e-11 -3.2061672832e-12 -5.315193734e-09 -2.4401037883e-05 -5.864038535e-06 2.8000051339e-06 0.00097362383496 0.011627681241 -0.046890401767 
-0.0065125800302 -0.012352034006 -0.049454082166 -2.0200148306e-06 -4.7566397315e-06 9.1499329894e-05 3.3497396842e-05 -1.0552835056e-05 4.5254503672e-05 
-5.1818876615e-06 9.0032930074e-06 -5.5811444481e-07 -1.4569561057e-12 2.1013026707e-12 4.2226237844e-11 -0.01742423845 0.01538432717 -0.041343106592 
-0.017597680157 0.018064779352 -0.019089290884 -0.0024357267815 0.0010763045817 -0.036594580138 -0.011795086373 0.0013590287403 -0.050076465133 
-0.0054786967444 0.0017227773727 -0.032683177188 0.010395056324 0.0048729728313 -0.045947873698 0.019583459211 -0.0025476870684 -0.026868107819 
-0.016733941878 -0.0018061447054 -0.017775998446 -0.0042616309887 -0.00075414346065 -0.056384772171 -0.013812731179 0.0065728461529 -0.025194405037 
0.0043050511471 -0.0033019307404 -0.040509511116 -1.7189185077e-07 -4.1527509923e-07 2.9295694834e-06 -1.4162958686e-05 5.1577439176e-06 -8.3321113014e-05 
0.020374138795 -7.4371876563e-05 -0.18309027425 2.6473773858e-06 -1.09679636e-05 8.102658698e-06 0.0035408064182 -0.012384943741 -0.037692497937 
-0.014028762915 0.010172314985 -0.050063282234 0.0041819645615 0.012318953433 -0.0454584741 0.0081182574825 0.014884109064 -0.026835032086 
-0.0012939975237 -0.0027471935083 -0.03790747326 -0.016601493511 0.019001971348 -0.054040957015 0.0009264240254 0.0078063604222 -0.057612215205 
0.0053493498435 0.012921383832 -0.056863977671 -0.0087917931037 0.0073516546731 -0.052314410215 -0.00056583294062 0.01607964412 -0.066083304167 
-0.0022849965335 0.0076569496497 -0.058702636211 0.0038800000165 0.019400220384 -0.037450502662 -0.011451737411 0.011601440606 -0.052493131201 
-0.0021600324201 0.010421747778 -0.056063246322 -3.0020752063e-09 -1.3961395599e-08 3.5401591724e-06 0.00095268152421 0.0061078250029 -0.030622973905 
0.093382953145 0.012766194228 -0.12719161659 -2.9461672309e-07 -2.606179756e-06 3.2550633101e-05 1.2865753492e-06 -7.529183799e-06 0.00017580541248 
-0.011638370402 -0.0029145994976 -0.011024258111 0.00092326687219 -0.010286869866 -0.02589630068 0.0022596127636 0.0052340020263 -0.063862664436 
-0.0066598467824 0.002210984058 -0.061736001453 0.00076524831533 0.011022127894 -0.061657085174 0.014353717231 0.0078125174548 -0.032213750547 
-0.01360243233 0.017664181851 -0.015370086546 -0.0023671120123 0.0056448406993 -0.060888193753 0.028201329054 0.0076629201608 -0.053891624742 
-0.011487749322 0.014623436945 -0.041993555805 -3.8131152903e-11 3.3039662772e-10 -1.5380763246e-10 2.7324806591e-10 -4.0477957803e-10 -3.3605611395e-11 
-3.7434402771e-08 -3.3475977698e-07 3.2788934076e-07 0.0053032358582 -0.0073019314714 -0.20978473786 0.024890815644 0.0069050332589 -0.1996057574 
7.7663228837e-07 6.1381210857e-07 5.1111955902e-05 -6.3678054728e-06 -2.6189534262e-06 -0.0028925713532 0.006046479745 -0.0066305475101 -0.05325024084 
-3.3468226824e-05 -2.456753064e-05 0.00013941241679 2.7895244356e-06 -6.726389661e-07 -3.7020120775e-06 -6.5283502505e-07 2.0195263325e-07 -4.5568381833e-07 
1.8521605193e-10 -1.1661844079e-10 -2.0081622372e-10 -6.8212104983e-11 7.018131641e-11 4.1304752535e-11 0.033154661702 0.050881874859 -0.11902850655 
0.045883976579 0.0054311088611 -0.22651590162 0.01037192511 0.018316716587 -0.23476914331 0.011839455731 -0.0044957832112 -0.22643601231 
0.0036704807818 0.0077353024396 -0.21769649499 -0.026096296956 0.016286873541 -0.20974033207 -0.0076257760008 0.034002143535 -0.21299514127 
-0.0048364894615 0.014544239347 -0.21642957445 0.0039138786034 0.01919339555 -0.2193421328 -0.010282731209 -0.021842739645 -0.24380264637 
0.020679845502 -0.021201646683 -0.2193932687 0.021096382106 -0.005460048482 -0.21118814949 7.3872866436e-09 -3.4797055308e-09 -3.7943920128e-09 
-0.00015611708278 0.00012544301618 4.2301665166e-05 -2.032019147e-08 1.0094889701e-08 2.3109320819e-09 2.8833202854e-11 -6.6757218308e-13 -2.1877670543e-09 
-0.026195384311 -0.0054316951563 -0.040575103999 4.906989078e-06 2.9180377627e-07 -1.0668158732e-06 8.288594684e-05 7.6408527738e-05 4.787977898e-05 
3.4616776431e-05 -0.00018352586017 -0.00030165167896 1.3755200892e-07 5.5902362702e-08 -5.9044297026e-07 3.727793686e-06 -1.3990410797e-05 1.3013017585e-05 
-4.7748672555e-06 2.1800511556e-06 6.8237604135e-06 0.012862215796 0.0037300617906 -0.055976550806 0.0032108447759 -0.0090171390383 -0.034838388436 
-0.0048309560463 -0.012713819037 -0.042874848595 -0.00033696333302 -0.011438159235 -0.037074541454 0.0031228369454 -0.0047813775159 -0.035807765259 
0.0021276609613 0.015679605971 -0.051358272166 -0.001765820879 -0.016049862464 -0.051319830729 -0.01005793789 -0.0083324015638 -0.041329857034 
-0.010980416129 0.0014400840057 -0.033334950127 -0.020618333048 0.018437524565 -0.054679175148 0.001324893518 -0.0042119721153 -0.048539129237 
0.0029588102739 -0.0034511494479 -0.051736962761 -2.5410710291e-16 -1.7126998855e-16 7.5855636407e-19 7.5191123642e-07 5.5949985826e-06 1.3087750899e-05 
-1.0365862231e-05 -1.6190231856e-05 -7.0946277744e-05 0.012551231226 -0.0048583465271 -0.029255121289 0.0052408188619 0.0071506858012 -0.032538443589 
-0.0028584008408 -0.012837735553 -0.044452699571 0.0042539137846 0.010277124129 -0.059836846064 -0.027252417381 0.0053058914655 -0.05526412042 
0.014472845267 -0.0017579050952 -0.03854798422 0.00089608235531 0.0031551007738 -0.052659857676 0.0052648209415 -0.0012380364356 -0.059102325973 
-0.010867196202 0.0046629475668 -0.066922169157 0.0006757359064 0.005529928009 -0.058015716015 0.013185109073 0.013049771386 -0.038244771581 
5.763671058e-05 -0.00016438760041 -4.7410293636e-05 -0.010592165512 0.0049678306984 -0.034590921212 0.001244496388 0.0061078912207 -0.20432498838 
-0.024319805418 0.011302249069 -0.24197259635 -8.5663590172e-12 -6.2164923989e-12 -7.3097870209e-09 2.4749491592e-06 2.5673543619e-06 1.058902238e-05 
0.012637683196 0.0041540181976 -0.033867939133 0.0096748818 -0.013380469629 -0.032960883791 0.013701600803 0.001561914549 -0.04038496638 
0.0069701410202 -0.00081375626895 -0.021165235752 -0.0072290950779 -1.8843324321e-06 -0.027050000679 0.0046751991473 0.012546731556 -0.050551656885 
0.013861795389 0.011829642125 -0.04891203895 -0.00015581931743 0.00051243131407 -0.047439442146 0.019423770224 0.0018348310538 -0.046362477221 
-0.0036486922387 0.010694783093 -0.031620586355 0.0047587773872 0.010190777565 -0.036811731143 0.0084641270875 -0.00315980164 -0.051986326529 
-0.0052434084845 0.0031776916741 -0.056685072369 -6.4219372436e-11 -2.1175719367e-10 -5.3848421493e-09 -7.7732412872e-08 2.5997391183e-07 7.4619789705e-07 
0.016522272636 0.009033362511 -0.22592733603 0.0035904728437 0.017236556907 -0.23429767096 -4.1774913801e-06 -3.5919849159e-06 -4.7264619685e-06 
-0.00061501658277 0.00034834174052 -5.1459462778e-05 0.0075088369213 0.0084740675086 -0.043450166826 -1.3722858662e-16 -2.1101038444e-16 3.4797627643e-17 
-1.6476785955e-06 -8.9849182109e-08 -3.9111872963e-06 -0.0033370545991 -7.364024064e-05 -0.038739631263 6.560426282e-06 -4.1311930507e-06 3.9005205408e-06 
-0.023998725642 0.011628414119 -0.24065784707 0.00016277734019 0.0014731960211 -0.21431307498 0.0015282939988 -0.004261653729 -0.20718725593 
0.015211773858 0.0084417439293 -0.21565835003 -0.0037876761174 0.028419759042 -0.22235088411 -0.011356137799 0.0075593937111 -0.20947857974 
0.0070263211157 0.014069459751 -0.21927731882 -0.0050169820553 0.015275405867 -0.23883112885 0.013856651159 0.013933090281 -0.28313164539 
0.035696024983 0.038340911358 -0.2192136082 -0.0034695316275 0.012315869996 -0.1960255578 -0.021169167257 -0.017137429787 -0.2014199796 
0.01498200879 -0.0097093222524 -0.22005196736 5.2710369572e-09 -2.2830625598e-09 2.2633347266e-08 0.0030169723982 -0.00044682159673 0.0018565955821 
6.5579926859e-08 -7.5700969414e-09 -1.2119373514e-07 -3.1378769346e-08 6.3029769105e-11 2.4138604476e-08 0.00036814735513 0.0044434486755 -0.039048995897 
-0.00084502241423 0.0029957367672 -0.043068487891 1.3665814937e-07 -5.4447895039e-08 -2.8138913303e-06 -1.6168491947e-09 -9.7697614028e-10 3.0451612678e-07 
0.016467860896 -5.3429839009e-05 -0.22050715796 -2.3025332103e-07 -6.43729875e-09 -3.2953914127e-07 -0.0056992164963 0.0015414095159 -0.044295198202 
0.0002564702571 0.016806136739 -0.029342130851 0.0051042813081 0.016397063441 -0.013406069883 0.00017699061421 -0.0093538006453 -0.045140634847 
0.0033171419277 -0.011166853694 -0.04834321193 0.022440085748 -0.0055563598038 -0.034284238573 -0.013695394707 0.005467821397 -0.04689908098 
0.029079386342 0.013118427987 -0.035583414795 0.00064024353704 0.0073868320372 -0.040282926554 -1.040896792e-08 4.3338305734e-07 3.5719421325e-06 
-8.6171966853e-07 -6.9255904534e-07 -1.5742561239e-06 7.5990519728e-07 1.2712450617e-06 2.4200160518e-06 -0.023785306215 0.012319788869 -0.23379940136 
7.5503812316e-07 4.9528781466e-06 2.3202423853e-05 5.2777932551e-06 3.588180758e-06 7.0600134689e-06 -0.0029354775206 0.028579128751 -0.035489832029 
0.0021787326047 -0.013197913116 -0.043937317104 -0.00056435360135 -0.0027125639236 -0.02921953784 -0.0030896952043 -0.008935011354 -0.050525680385 
0.007550122739 -0.012226483996 -0.049665477103 -0.0018481423375 0.001850447335 -0.055061078079 -0.0036974063698 -0.009542369723 -0.055464064957 
-0.0052448617412 -0.0079784647363 -0.057822568424 0.007155282884 -0.0041263514173 -0.049157919656 -0.0069282266541 0.0022954174076 -0.0457588819 
0.00024782823821 0.0031473650755 -0.054047802177 -0.006298105095 0.0054171292384 -0.05211984628 -0.0088092707058 0.00086351222875 -0.051730473337 
1.4568081179e-06 5.4684005757e-06 1.1422288418e-05 4.3720540242e-07 -2.0731493524e-06 1.2261412503e-05 0.0034557353471 -0.01444464893 -0.035770294027 
0.0056967960523 0.025505669264 -0.21509014996 -1.6608041682e-07 -9.0551404453e-08 0.00013861753741 0.010922944792 0.0013862942916 -0.024925201686 
0.011502769973 -0.012849577534 -0.030714401331 -0.0038509429298 -0.014091559894 -0.055245928088 0.017785765876 0.0021506170507 -0.043559229101 
0.0027983937461 0.00054250063718 -0.021719012646 0.00038837428112 -0.0050451635216 -0.049609073415 -7.725276276e-11 1.2764894383e-10 8.6607754746e-11 
7.539890284e-11 1.2243343158e-10 2.8936247735e-09 0.0029336207754 -0.0062976412038 -0.19301972512 0.0089909827925 -0.002012231481 -0.22036713553 
0.0080806508873 0.0016801529775 -0.22331831273 -6.2052560264e-06 -8.8113687971e-06 1.7611046464e-06 -2.2975320197e-05 -9.1064890135e-06 5.6789887927e-05 
-5.4725155459e-05 7.5377189097e-06 -4.197049993e-05 0.012021929938 -0.00032578061663 -0.030649434405 -2.4823808083e-07 -1.5991716733e-07 0.00023512108256 
2.9602892965e-08 -1.137784106e-08 -3.9078072628e-09 7.5916384783e-06 3.2984714045e-06 0.00022332867079 0.0045248379101 0.014416881778 -0.19971945202 
0.020181729816 0.013188718384 -0.21000807477 0.017726048699 0.0045905905271 -0.19253620112 0.017359006792 0.012978423233 -0.2237519254 
-0.040631358143 0.036643741282 -0.21896328183 -0.018392903637 -0.014286523525 -0.042538320018 0.032820469821 -0.02648615946 -0.18179334541 
-0.030453994279 -0.017868945173 -0.19177588299 0.012512628099 -0.017207820794 -0.21642068636 0 0 -0.215815095 
1.3547876839e-10 -7.2082253407e-11 -2.7627419907e-09 -1.6224211659e-10 8.6951645632e-11 -4.968918941e-09 0.00041704867168 0.00044956237859 0.00024796286894 
-3.4050451016e-06 1.4606073053e-05 4.4771094755e-05 -0.0026976537475 -0.0024118282537 -0.025822986853 0.02274746846 0.015818579607 -0.016344608336 
0.00057973734401 0.00057918697681 -0.00065082809863 -0.0049806826372 -0.0038630001807 -0.24070471548 5.3071651942e-06 -6.6600741066e-06 -1.5483893966e-05 
-2.7913554891e-12 1.1345478434e-11 -8.160926352e-12 -4.2902762884e-06 4.7553960698e-06 1.9729474157e-05 -0.0013494107376 -0.011897041266 -0.033165376497 
0.0065299354686 0.0022831667263 -0.028804231685 -0.012797523991 -0.0033397031992 -0.046276693937 0.0048167375208 -0.0046502482668 -0.02902261531 
0.0035330274633 0.0024036330611 -0.048823961164 0.00066067734361 -0.0066072264061 -0.065592228053 -0.0018099702325 -0.00048824002428 -0.026318921968 
2.4726251159e-05 -0.0065098044599 -0.040291954511 0.0076230603118 0.0060553565907 -0.034721288036 0.0042215824343 0.00099921583324 -0.061459281337 
0.001346719839 -0.018682288815 -0.053237292154 -0.0016323888253 -0.020821662281 -0.051119336425 -3.4739735672e-07 -8.1478351446e-07 -1.1345889004e-06 
-3.4594520581e-08 -1.3019127843e-07 -7.0295569902e-08 5.9965445345e-07 1.7662586411e-06 -0.0011378656174 -9.9476682952e-07 -3.8100376712e-06 1.1847363506e-05 
-0.019141051093 -0.021459256543 -0.01907834348 0.011079418194 -0.01728180771 -0.063874036736 -0.0070205107573 -0.0047451002657 -0.05957335351 
-0.0083967945928 -0.0046611298414 -0.058624216983 -0.0041998248619 -0.0049411449125 -0.069741862768 -0.013828553659 0.0018650905486 -0.07211476044 
0.012280499815 -0.015838516945 -0.051093595366 0.0046187962427 -0.010519488797 -0.064003868501 0.010765230426 -0.0093283149987 -0.062803551433 
-4.2930446101e-07 1.369638935e-06 -2.2844345803e-06 -0.013370613982 0.0024568013182 -0.037391383112 -1.1422027473e-07 -5.3798477092e-06 -5.2636486694e-06 
-4.4569727393e-06 -4.1827957198e-06 1.7295697472e-05 0.0067534936459 0.010317829565 -0.035431336564 0.0044790521785 0.0062037588587 -0.055799137374 
0.0021617923823 0.010589697242 -0.0030611965001 0.017967845288 -0.014620688611 -0.061311938738 -0.0097006155713 -0.0079856540447 -0.024139556011 
0.0022039233994 -0.01919950111 -0.059825057866 -0.00079812762001 0.024160566979 -0.054337702089 4.7350279136e-05 -0.00072126178394 -0.059614208991 
-0.0044284629425 -0.0074380283673 -0.063014282776 0.00780070263 -0.014810194806 -0.035664427694 0.0012693178166 -0.0037198722985 -0.052565090239 
-0.00024349969207 -0.021190851777 -0.030976001533 0.011839632745 -0.01191627351 -0.038904145864 -3.1977192812e-06 1.5179025093e-05 7.556732218e-05 
-0.011234637338 0.016327516356 -0.22685327029 9.7845860898e-06 4.5079356022e-07 -5.4520066401e-06 1.0741169741e-05 4.9142050909e-06 2.4486189999e-05 
-2.6762656978e-10 -7.6313190825e-11 -3.3702283808e-07 -2.0404262167e-11 2.5116686786e-12 8.7296100234e-09 -3.6159986655e-09 7.4361342027e-09 1.2503116443e-08 
-7.6220176688e-08 3.0078850682e-08 5.1954382461e-08 0.005503448608 0.010685651976 -0.19352580968 -0.015407637001 0.019383926513 -0.19668443363 
0.016888450388 0.0091573009257 -0.20655058726 -0.011060796436 0.010798423687 -0.22322457973 0.018185311566 0.0061610492391 -0.19853176724 
-0.020759865197 0.011627136222 -0.1976760927 -0.0077035651586 0.009252971344 -0.20887955461 0.052580688497 0.066842281579 -0.18308439297 
0.027985224571 0.0052095914186 -0.20505880448 0.053033012697 -0.01554825407 -0.20864167304 0.011618589151 0.0063028884117 -0.30177970228 
0.00010790767211 -6.5727814987e-05 -0.00026568524623 6.9390876985e-16 -3.9326853217e-16 -4.8223786707e-14 -7.3444844451e-06 -1.3419382224e-07 0.00052709035455 
0.026575223031 0.019849785016 -0.051689475269 -5.05307934e-07 -8.1881481592e-07 0.0020292678992 -4.9952272082e-17 4.1583397706e-16 -4.0818212722e-19 
0 0 -0.215815095 0.033236486204 -0.016972184581 -0.21338995089 2.6989789367e-07 -3.1740835983e-07 -4.1801886942e-07 
-5.8934185564e-07 6.8731338383e-07 4.4656935254e-05 -0.015400161193 -0.0092181465183 -0.058035587898 -0.010964429019 -0.015440797425 -0.10001399301 
-0.0028462655976 -0.00054854883813 -0.058720654579 -0.027933290042 0.025810347444 -0.052240402556 0.016933710866 0.0025205527152 -0.056631556057 
-0.015522871058 -0.00088725059772 -0.031930583729 -0.0092314989322 -0.0075042450949 -0.072212188017 0.0086651823807 -0.0070584457134 -0.054012985941 
0.012529035446 -0.0015750554717 -0.066429991499 4.7852311443e-16 -2.9239680253e-16 4.1798576316e-17 1.231516427e-11 4.6509985198e-11 2.3967175058e-11 
0.028795951595 -0.0016483980074 -0.17668669438 -2.0684857885e-07 3.2864104174e-08 -2.3200764106e-07 -3.8561587042e-08 2.0558355116e-07 -8.0760563805e-07 
0.027803332045 0.023328818135 -0.030248717702 -0.009826012468 0.0098711628066 -0.073348439859 0.025988227854 -0.010403642041 -0.040841417638 
0.0031846605814 0.0089125026101 -0.070629917094 0.016222177151 -0.00089354450507 -0.042626084331 0.0046334319465 -0.0054631628182 -0.060723418094 
-0.00080225788049 -0.014277850371 -0.080857120941 0.02515052335 0.014832145834 -0.049439481236 -0.0024633768455 -0.016412345214 -0.065004066157 
-5.9118666068e-11 4.4027136942e-10 -7.0741387855e-06 6.5114833791e-13 -2.8633402183e-12 -3.0285826068e-12 0.015438973147 -0.021375537816 -0.19793381146 
2.8759035572e-05 7.8560622592e-06 -3.870315541e-05 1.6442457366e-06 1.6188067213e-05 9.2442988082e-06 0.0073085024687 -0.013544269809 -0.041314314063 
0.0031912056708 -0.019044132693 -0.053197145062 0.0098400562092 0.0012110487529 -0.049945923879 -0.0059496033836 0.007737757571 -0.06296232946 
-0.0050527971778 -0.016038393458 -0.051235341305 0.009691734364 0.000363025145 -0.047659291126 -0.0086152884916 -0.00060676350237 -0.085401407077 
-0.012573301425 0.0039444743401 -0.022258557419 0.047109050721 -0.0077571413139 -0.053673369858 0.025192484732 -0.0060750285892 -0.055648467873 
3.6876820395e-09 -4.6614187242e-09 2.744886591e-09 2.1108025236e-09 -1.6017098607e-09 3.543829515e-10 -0.012834094514 0.0042365832943 -0.20790696305 
-0.0045991861218 0.0047968201581 -0.19419319151 -3.8097322463e-06 -2.297128079e-06 8.2623462226e-06 6.0332784067e-06 5.4624759703e-06 -1.2338342227e-05 
0.014202750392 -0.021060877136 -0.055778296152 -2.2629199453e-06 -3.9840188549e-09 -2.1308574591e-05 1.1898775355e-06 -1.8225947713e-07 -3.5691649586e-06 
-6.0744732761e-06 3.7335085461e-06 4.9503106707e-05 -0.0010052773544 0.0019464148836 -0.19591191029 0.0026161875995 -0.0033785455944 -0.19785462147 
0.022706148538 0.011480066754 -0.18924150367 -0.012820016228 0.0080979184706 -0.20354110269 -0.035444788359 0.088340630206 -0.10452940159 
0.0034199292376 0.019258658259 -0.19156119593 -0.0086768322657 0.035027518385 -0.22023665263 -0.0096840237411 0.025905278736 -0.20473558345 
-0.019369521477 0.0050281138308 -0.22146489674 0.0066975466682 0.028502123928 -0.19826056283 -0.017728493254 -0.012728572437 -0.20045996755 
-0.010816173456 -0.029328457813 -0.19148577219 7.5429026025e-08 -2.7871070433e-08 -2.986992257e-05 -4.7388726686e-05 -6.8839810004e-06 0.00065543021411 
-3.953646618e-05 4.903729771e-05 -3.1965049131e-05 5.9147656619e-07 4.6449438679e-07 -8.931158958e-05 -0.01580582553 -0.012532324863 -0.22201277139 
-0.0080462299228 -0.0074434261139 -0.2492197594 3.2655134571e-16 6.8879809935e-17 4.4279064965e-16 3.4149518809e-05 -0.00010408161747 -0.00043912784497 
1.6772912742e-15 1.2487864374e-15 1.4826625154e-15 -0.00012573142903 0.00016387906163 -0.001138399854 -0.014552526633 -0.00039577139609 -0.059104456292 
-0.0053346913706 -0.0013158494391 -0.072413630307 2.8071006275e-05 -0.013633691351 -0.091290631168 -0.0092501183072 0.013875436347 -0.059360010724 
-0.011536347831 -0.020866751588 -0.048285395435 -0.012622624823 0.002164206799 -0.051293863081 0.008817501608 0.025404702144 -0.0581383184 
-0.0053318250958 -0.0092952130453 -0.075216253526 1.5673687527e-16 2.5239247524e-16 2.9419851975e-18 -3.9666675033e-06 3.9008822877e-06 5.6522644286e-05 
0.011903237637 -0.011080188343 -0.20929682629 0.00037324704214 6.8475207863e-05 0.00046814699111 3.8006934544e-16 -5.3667419564e-17 -3.8786621244e-16 
-0.020749542134 -0.017105266629 -0.0742114068 -0.057729337368 -0.0037728419897 -0.063614950832 -0.011706150622 0.022451910672 -0.033111123378 
-0.0093671952677 -0.060406636972 -0.059707702192 -0.0043694817582 -0.0057909752719 -0.072362377274 0.017963504681 -0.0042222404226 -0.081359259869 
-0.0052821768098 -0.0022650084929 -0.092170771078 0.003961194987 -0.014583334715 -0.098169706422 -0.01140637528 -0.004580797851 -0.071925956842 
0.0063322266924 -0.01343634223 -0.029587021429 7.242817953e-06 -1.9204541496e-05 2.2794398786e-05 -8.1777671725e-05 -6.0596157392e-05 -2.655682266e-05 
-0.0034569564087 -0.0069428317511 -0.20971208105 -0.016761906583 0.007308058922 -0.082729305024 -0.027068893677 0.015636089562 -0.036038037704 
-0.012782198944 0.020873295416 -0.074533725431 0.0017618791963 -0.0073607657608 -0.027583276743 -0.0037851319453 -0.053784953345 -0.065566741277 
-0.0052629835156 0.0010820840022 -0.036707774607 0.011660578719 0.0080644580137 -0.064068518059 0.027849655352 0.01659527665 -0.063672273061 
-0.0073401409824 -0.0052786901706 -0.077266905263 -6.4578554235e-10 1.1225702501e-09 5.9273297036e-11 -2.8826407963e-11 2.9650212522e-11 -6.6209189808e-11 
-3.1503795724e-05 4.7393796668e-05 -5.230584904e-06 0.00011173791827 -0.00013894804567 -3.8313542693e-05 -4.8577980111e-06 3.4887568624e-05 -0.00013784088316 
3.2873169192e-07 2.1588745796e-08 -2.9135920301e-07 -2.811389573e-07 -6.9016101623e-08 4.8180099773e-07 1.601159379e-07 -5.0352534909e-08 1.8878689215e-07 
-0.011921771114 -0.0013122886653 -0.2091744167 0.0077105729831 0.0093264512179 -0.20613924978 0.026942040516 0.027548212319 -0.19664688736 
0.010720691402 -0.0007365643219 -0.21800339977 0.0073425136112 -0.02048573723 -0.24133205912 -4.9085720187e-05 2.5186294619e-05 4.7703554111e-05 
-3.105363229e-09 1.7565933627e-09 -5.078659458e-09 8.3734118388e-05 -6.3302506291e-05 1.1087273503e-05 2.3631568847e-05 7.0522059823e-06 0.00010886296389 
4.3746370718e-08 1.9748400058e-08 2.4647493102e-07 0.0014015284739 -0.0085244692987 -0.061290094125 -1.5278057362e-12 8.1106011302e-13 -2.3347832038e-11 
1.2502280817e-12 -8.3557470255e-13 -2.4946431184e-11 -7.4992189548e-10 8.5193378606e-10 9.2254395566e-07 -0.047603497402 -0.0061874505394 -0.064947331209 
-0.045943084294 0.05687237352 -0.064902208824 -0.025922901142 -0.014176830678 -0.099295025936 -0.0010144355423 -0.024913835401 -0.057375668134 
-0.0018083032081 0.019210039328 -0.071902797371 -0.00064488665453 0.030313195364 -0.062774109749 -0.0057470057124 -0.0093244222381 -0.10188487614 
4.7588115486e-12 6.5101043543e-12 4.9946093716e-11 4.1181682568e-16 -2.3915549936e-16 -5.3838996448e-17 1.2896061241e-12 1.444862096e-11 -2.9419999492e-11 
6.808955916e-05 -0.00027721048274 0.00088996860581 0.00015248446031 -0.00024646665282 -0.010087291809 -0.023433238536 -0.02514565796 -0.079892078274 
0.032376562766 -0.016351544087 -0.086085024455 0.059475729626 -0.017807875349 -0.01232462284 0.027693840582 -0.014128726274 -0.069435777092 
-0.019035649588 -0.012644365007 -0.088078391595 -0.0016704049935 -0.0013182113962 -0.061623325373 0.0095100024191 0.0011019033509 -0.063986224071 
0.030021039167 0.015127843784 -0.11972399913 -0.039503528272 -0.031800744166 -0.019133205247 0.018550202803 0.0061950020891 -0.087602692121 
-0.00079813709336 -0.0001261440435 0.00048988537346 0.00010630717527 9.6129688006e-05 2.3114067074e-05 0.0016243243917 -0.0012207044846 0.0035736625601 
-2.6783250401e-08 -5.2287158211e-08 -6.8936394592e-06 -0.011702959491 -0.020346509 -0.035107786932 -0.0071415566323 -0.020544552117 -0.051373064724 
-0.013449324039 0.010945131366 -0.066993409522 0.035615254792 -0.0085754702122 -0.053207561075 0.0069829705673 0.0027068096234 -0.067926176619 
0.018935541265 0.01278345143 -0.076854016818 0.0010976651914 0.036968695503 -0.087686443804 -1.3264280146e-05 3.7808406799e-05 -2.1235628589e-05 
-7.586015505e-16 -4.9708812929e-16 7.7489886915e-17 -9.886784013e-16 -7.0972200935e-17 -1.0036622201e-16 1.2991746844e-15 -8.7072837938e-16 1.5688537301e-13 
0.0014164403874 -0.0026754472831 0.00087220487844 0.0017008012814 -0.029005482799 -0.050218525723 -6.2706702254e-08 1.567270348e-08 -4.9105591642e-07 
-4.4610566315e-07 2.7086438914e-09 -2.8239160246e-06 -0.015887107586 -0.0084367316363 -0.091416709357 4.8664336815e-08 -2.9488683528e-08 3.7411582726e-08 
-0.021973685199 0.039653185138 -0.21921285944 0.02378033971 0.014046448918 -0.18357015086 0.011532006776 0.028136107267 -0.20836303654 
-0.0072425238641 0.022328868873 -0.21349670265 0.0026273700979 0.039155657491 -0.16942179835 0 0 -0.215815095 
-0.0083686960667 0.0013336560676 -0.24105892431 8.2616827719e-09 -4.4935637718e-09 7.5546203218e-09 -1.8734170441e-05 -5.5483929011e-06 7.1845305426e-05 
2.0283462894e-10 5.5079268891e-09 -2.9182843301e-08 -1.1678161431e-07 -1.1067412172e-07 4.9293513129e-08 8.6435926086e-10 9.5658632435e-10 -1.6145234522e-07 
-3.015523477e-08 1.3302391092e-08 6.5605856608e-08 2.3643327037e-08 -5.0924895661e-08 -8.8756279686e-08 -0.011969397376 0.009075408484 -0.052880587779 
0.0048730372741 0.024057751159 -0.083737227112 0.040982518955 0.038743531193 -0.080359877168 -0.0083671287287 -0.027249804865 -0.10544390044 
-0.010099688917 0.0092709476721 -0.096190674899 -0.0062312272809 -0.044442194647 -0.064198100349 2.316546783e-14 2.4143665799e-14 -1.2007003683e-14 
5.5494478579e-17 1.9227974764e-16 2.7416129372e-19 -2.6419994084e-07 -1.7797933369e-06 0.00018338549546 0.01998174654 -0.0067904066157 -0.086205530051 
0.011964547328 -0.054790232635 -0.096438182934 0.0039972136087 -0.03361591288 -0.041637047744 0.010154281168 -0.00057390553569 -0.1069664433 
0.0087043845355 -0.034632839737 -0.054498524062 -0.013559682858 -0.016203779421 -0.11309245603 0.0052429914761 -0.005529715913 -0.084983827172 
-0.021543969334 0.0010382091275 -0.074341007907 -0.027043389882 -0.015080161485 0.003634220547 -0.010806779065 -0.0136561977 -0.066665861045 
0.0053122489914 0.003786734048 -0.045334847116 0.014542837436 0.015080616986 -0.055863826063 1.8667505396e-14 -1.0706634732e-14 -1.2777193423e-15 
-1.661245554e-15 7.8404653658e-17 -3.06743101e-16 -0.019381386873 -0.010153467072 -0.19083688078 2.8787314903e-06 2.4005936346e-06 9.3826316976e-06 
0.05850648582 -0.052809776922 -0.031170035347 0.0033282355611 -0.019824421308 -0.05713743448 -0.022513856716 -0.0018966831032 -0.072779663113 
-0.0019964578657 -0.013451779093 -0.081335241768 0.018671093369 -0.008503152129 -0.082446522565 0.015555045206 -0.0040201920723 -0.091524301778 
-0.0056317142816 -0.00142361122 -0.074909968411 -1.4998209023e-05 2.4176983385e-05 3.8621551716e-05 8.0626377684e-06 -4.4351910103e-06 3.8437999988e-05 
0.026321043834 -0.037953226057 -0.0055507469721 2.4909686755e-07 4.8272063744e-08 -1.119732795e-06 6.2919933894e-08 3.705416419e-08 1.9707808237e-06 
-2.8202743608e-07 -1.1172842303e-07 1.0908383486e-06 5.4233764536e-07 2.4392646253e-09 -3.1189014293e-07 1.9817997016e-07 -1.9416230781e-08 1.2031686604e-06 
0.00059962311313 -0.013399443226 -0.044551341318 7.8452504229e-06 9.3688025188e-06 -0.00012962399107 1.6050625725e-05 -1.5836963039e-05 1.3062923442e-06 
0.10463492998 0.081107236307 -0.24062600232 0.031483215625 0.017347543631 -0.18828506184 0.0092630768245 0.017770953503 -0.19991096816 
2.9726735307e-17 -2.335709364e-16 -4.0533712676e-17 -7.1245349997e-16 -1.2352904925e-15 4.8428860799e-17 -3.7208898549e-17 -1.7976485566e-16 7.0845275295e-18 
-2.3014796885e-16 -4.0694158428e-16 -2.6900839683e-16 -1.8894658864e-17 4.9614025599e-17 5.4116560046e-19 -5.3354605036e-09 -6.3990926985e-09 -3.1184381302e-09 
-7.6947771052e-08 -6.5860871021e-08 5.4352614242e-08 1.8405306027e-09 2.1880023568e-08 8.5762002682e-08 -1.1483850846e-16 1.8951682473e-17 -1.7289923226e-18 
-5.9420792173e-09 1.1176397991e-08 -1.1592748199e-07 -0.019383603057 0.010858763243 -0.13343982521 0.0079772575865 -0.0062313856596 -0.079791753349 
-0.0018726446819 0.0058390240712 -0.073805106053 0.0068779127744 0.046892025826 -0.029885078644 -0.012142160227 0.0020635935961 -0.091529567968 
-0.0023552959112 0.016431930008 -0.096404625252 -1.0227494528e-07 -1.0204721971e-07 9.6471210058e-08 -1.6529480569e-08 -8.7503024397e-10 4.7609243851e-07 
-0.025215162993 -0.008651252823 -0.18354959215 -8.7531064551e-14 1.1435357621e-12 -1.906724069e-12 4.1846883843e-14 -5.7511319546e-13 -2.1370609419e-12 
-4.187167802e-17 4.0785766008e-18 5.0232492942e-20 0.0091338217521 -0.011458123814 -0.057350477041 0.024973932748 -0.012854207797 -0.048631319428 
0.011161451106 -0.0013439651114 -0.062690483061 -0.032342888985 -0.017316385299 -0.086730414525 -0.010246743149 0.012247586718 -0.09633061591 
-0.01238130318 0.0046939141385 -0.10377958165 0.0010678216312 -0.031181638059 -0.07885984765 8.4762068423e-16 2.6745821937e-16 3.980642372e-16 
-7.6178742956e-15 8.9368869283e-15 -1.4258526337e-15 -0.019687564457 0.0021745214911 -0.22476952413 -0.0039057914989 0.01786150421 -0.19767952922 
-4.3610627566e-06 -2.8567375525e-06 1.096005608e-05 -1.0214415142e-16 2.4427504318e-16 -5.3268642253e-17 0.023135806008 -0.018329413118 -0.070963021229 
0.032481026635 -0.0021470303578 -0.091764896657 -0.038783771572 -0.008936278759 -0.1116697903 0.0080271984164 -0.015238512605 -0.075008199124 
-0.0030931340374 0.016840856036 -0.067085114715 0.027005838796 -0.028922237609 -0.040675155282 -2.3748923592e-11 3.299548244e-11 8.9668165696e-12 
-2.2332260213e-11 3.3338868531e-11 -3.003022515e-11 0.016256952907 0.0022843116308 -0.19548373503 0 0 -0.215815095 
7.0627837037e-17 -1.263137292e-16 -1.0873787077e-18 -3.4748135419e-05 -7.4953507694e-06 7.1609367225e-06 -0.019768289946 -0.037412139475 -0.01163418992 
5.6746645747e-17 7.9837293936e-17 -2.3341678218e-17 4.2840739231e-06 -3.1502568223e-06 -1.1334986093e-05 -2.3225139415 -3.509721754 9.7829179768e-05 
-0.032266090689 0.016179025949 -0.24351062802 0.023539503891 0.029502742392 -0.28544090145 0.029256840847 0.0090783635548 -0.17297071175 
-0.045259156681 0.023462412736 -0.21405639648 -0.0086581910653 0.037611993435 -0.18735123826 0.034438868469 0.0014604809182 -0.032543577797 
-0.0053403509751 -0.022002472376 -0.21789168989 -0.012645068577 -0.015879053823 -0.22756405932 0.010346134089 -0.015417836402 -0.21804109288 
8.0269169246e-16 1.4627123949e-15 4.9994840213e-16 2.2166530497e-17 -2.6751070105e-16 -3.9290232089e-17 -4.3816223016e-08 -1.4089924895e-08 1.2313940167e-08 
-1.3755755343e-08 -4.2737770196e-09 -5.538970128e-08 1.657568116e-08 -2.846925283e-09 3.1562763475e-08 -5.6659559792e-08 -6.9492650029e-08 2.4167303788e-07 
-1.1568698928e-06 1.7070012146e-06 0.00089408482545 0.010181150066 0.0036218714728 -0.06185051632 0.0072116082461 -0.010810449676 -0.099077066575 
-0.018767930762 -0.00175133621 -0.0527101066 0.049158337312 0.011775948931 -0.056479898951 0.012151783184 0.0032139250227 -0.11991569971 
-0.028783278042 0.0087508260005 -0.052015125222 -0.001258329272 0.0061426449891 -0.10562700333 0.0024991915418 -0.0045004555854 -0.096316402713 
-0.029081137161 -0.025427209538 -0.097055137395 -2.271030161e-07 -6.903470631e-07 8.6578906893e-07 -0.03120599887 -0.0024339736887 -0.22215485259 
-0.0030345581312 0.027141271705 -0.20085431021 -1.7098571036e-15 6.8066508428e-16 4.0219355651e-19 3.896886082e-08 2.0587881232e-07 -0.00037282749817 
0.0071321016665 -0.0026990399955 -0.08018311861 -0.018464155479 0.0028950631069 -0.081289861399 0.0067544955489 0.0090960635245 -0.10728860483 
0.01499482819 -0.0074670772683 -0.086137147316 0.0065435008857 -0.0076204256959 -0.096027930022 -0.00091064083175 -0.0004455742151 -0.10283169604 
-0.024643625807 -0.0011549975865 -0.08497410986 6.8217915589e-05 -0.00010679156467 -0.0017309494066 0.0034458540425 -0.0065171951908 -0.089653118787 
-0.029155999549 0.029421324487 -0.033478305497 -0.016849646224 -0.0022104618533 -0.23344003191 1.0919528669e-07 1.7962807297e-06 6.8128799545e-05 
4.3868132692e-09 8.1388974318e-09 -4.7685919429e-06 -8.6425302291e-07 -3.2863970955e-06 -6.7195165588e-06 0.025822282318 -0.0091915587868 -0.067408374454 
-0.0036288872272 -0.019143890462 -0.074582951922 0.0044635124075 0.0065462239641 -0.078781120409 0.0029689788955 -0.0078840633894 -0.084887803356 
-0.0020187271603 0.00019973417431 -0.072094192717 0.014950144228 0.012225562043 -0.076115781763 0.026993415703 -0.014540600901 -0.050494513718 
0.01141752058 -0.0002932024234 -0.059784822233 0.015165684237 -0.01614879972 -0.073430276423 -0.034599818119 0.011027376946 -0.068457277541 
0.029871243451 -0.0092647791635 -0.088359181279 -1.0213029287e-15 1.4678423316e-15 3.4021102992e-14 -4.9117355513e-11 7.4047592007e-11 1.4577262211e-10 
-4.2445132371e-06 -3.4536275988e-06 8.9268402855e-06 5.4555504736e-06 2.6874348884e-06 -2.0994007528e-05 -8.6628366625e-05 -2.9536436794e-05 9.5883707309e-05 
3.2905507112e-05 4.3480580495e-06 -3.6665497078e-05 -0.00012239803261 1.058829363e-05 2.1779125811e-05 -1.5729206828e-05 2.8684404722e-05 1.5833137751e-05 
6.2137084401e-10 5.0436152465e-10 -1.6102937554e-08 -5.3715929546e-09 5.8868200868e-09 1.0079307185e-08 -0.0028018072288 0.0075832601709 -0.18968305946 
-0.0210094675 0.012835263267 -0.21243068985 -0.032750853595 0.037643819179 -0.22009439269 0.010016500806 0.010715879435 -0.20465422323 
0.025270000748 -0.031556827004 -0.22346853409 -0.0047712441681 -0.012948836706 -0.217784319 -1.4032685661e-07 9.1922097672e-08 3.6404850306e-05 
2.2139614888e-08 1.4851705633e-08 1.7319630996e-07 9.6274613588e-15 4.2862101316e-15 4.6399108693e-14 2.5096463657e-09 1.6328330085e-09 2.0067050918e-09 
-2.1798723757e-07 -1.6017622053e-07 2.4762934969e-08 4.1179035651e-10 -1.1054067698e-10 1.2363112897e-08 5.4782248244e-07 -1.8348454084e-06 -5.1661916519e-06 
0.0024283425543 -0.007778704947 -0.10116047307 0.0050219162144 0.0080423449012 -0.097484604944 -0.0047922557547 -0.0099714115118 -0.073611140351 
-0.007069421 0.011794680732 -0.070638936938 0.0026218566494 -0.0016530728642 -0.092645610598 -0.0018385599305 -0.0069074356527 -0.083513686674 
0.0092993218595 -0.0055232232093 -0.094482828422 -0.0051083753233 -0.011203253883 -0.088033106243 -4.7265746435e-07 -3.5920454493e-07 4.8349300223e-07 
-8.2602417508e-17 -1.1359272095e-16 -1.432858143e-17 -0.032469282987 0.0081479694698 -0.22399481439 3.2721502711e-07 1.6455813166e-06 0.00023585018766 
-0.005080963307 0.0021029556527 -0.047737090396 0.0074345161042 0.025246106863 -0.097012024338 0.0062797608748 0.027375079437 -0.080563329689 
0.0059679921494 0.011202022781 -0.083894331553 -0.01973834526 -0.013257715954 -0.10628445017 -0.0028852844734 0.011367587171 -0.097071346653 
-0.0014786032356 0.0061980105682 -0.10882200028 0.00066638616891 -0.012763321515 -0.10148045826 -0.00097833312771 0.0090183166368 -0.10797355119 
0.037964707466 -0.0065430048977 -0.10431442276 0.0066328278476 0.013276341854 -0.065380915999 0.0076469582957 -0.0074643417279 -0.083721705798 
-3.4911183754e-08 3.4142384228e-07 -1.3321723746e-06 7.73605645e-08 -6.5092081075e-07 -6.9312812229e-07 7.3182639405e-12 6.8091625809e-12 8.9346010927e-11 
0.016474117854 -0.004817278782 -0.070188757172 0.018835577068 0.001681789603 -0.050309758233 0.014924382882 -0.0086672187408 -0.081992366613 
-0.0074068449517 0.0067594554441 -0.073526111824 -0.002106721887 -0.0012211809801 -0.060919676168 0.0078207067807 -0.0092182674423 -0.10085022065 
0.0033171442148 0.019791207451 -0.06526295612 -0.0027377348474 0.016436902163 -0.040434011755 0.015091539668 0.019879565284 -0.077995025821 
-6.235502775e-12 3.4030337092e-11 1.0055731556e-11 6.9092176899e-16 3.1240742722e-16 4.3800923097e-17 4.1657739187e-05 -6.8309573872e-05 -0.00019583062067 
-0.042790987503 -0.0041120448702 -0.24158534799 -1.315905701e-06 1.4946526077e-07 -3.853808182e-06 -1.0745136137e-05 -4.3038212278e-06 7.3968566587e-05 
-2.5646957649e-09 -3.0409300784e-10 1.940462034e-08 1.7432092783e-18 -4.9099018248e-17 1.2937492708e-16 -0.02134092056 0.02098057212 -0.24329306325 
-0.0218701839 0.024588863547 -0.2090451169 -0.0055539693244 -0.01765793661 -0.044581710504 -0.0014901269632 -0.033317092224 -0.21087761595 
-0.0047599231949 -0.015225631019 -0.21773185486 0.014479631804 -0.01024657063 -0.21505075496 -0.041544334966 -0.0178510441 -0.16924212072 
-0.023042918541 -0.024999291901 -0.18955568582 -0.029976321195 -0.0091669408226 -0.19065901927 9.8002237272e-07 -5.4853031107e-07 -3.8695406599e-07 
4.1937979004e-07 -3.5054778478e-07 -1.9433166185e-07 -4.9326537935e-06 -7.0017007599e-07 -4.2313813056e-05 -2.4231155297e-14 -1.9061653421e-14 1.6475938561e-14 
6.8844977636e-05 2.5583991398e-06 -2.7828561273e-05 5.48115303e-05 1.6450137286e-05 -6.2419966855e-05 2.6914172754e-13 -5.7943092389e-13 -1.075661849e-12 
-1.4556276355e-09 1.5449355876e-09 -1.2666887364e-08 -9.4481977809e-07 2.4458835556e-06 -1.9215597923e-06 0.004491760336 0.00046867538095 -0.10307201027 
0.00092893420601 -0.02658258707 -0.054652171449 -0.0050299669314 -0.017073175826 -0.068309032015 -0.004764117626 -0.0099206240486 -0.085539888619 
0.021404308819 -0.017488958093 -0.074788603241 -0.011520184303 -0.011256425658 -0.092705670897 0.0050789862159 0.00014615239096 -0.048556392501 
-0.023628556543 0.038762763389 -0.028903358246 2.5787171732e-09 1.9060781935e-08 -2.6462212608e-07 -3.9318727793e-09 -8.736099549e-08 1.324319375e-07 
-0.012985688117 -0.0038002957002 -0.22473512929 -5.828641254e-06 -2.2549933368e-06 -3.842207977e-05 -0.0012754364125 0.0056413817087 -0.066416813557 
0.011402746053 -0.019185760379 -0.08757927839 0.0059321271066 -0.021318895691 -0.083548386694 0.022229308277 0.00083054200705 -0.093471572999 
0.019201010645 -0.0056337063585 -0.095719747089 0.0023806547746 -0.0082868856264 -0.085874420386 0.0033535361359 0.015177253192 -0.10253792774 
-0.0094524752137 -0.0080152473395 -0.066883712437 -0.0064740622045 -0.0087398772676 -0.090922694452 0.010132177601 -0.012066631143 -0.054074698966 
0.00033690946187 -0.0084030124878 -0.077222163224 6.155980095e-12 4.1170016131e-10 6.4416743417e-11 1.475846444e-10 2.559876608e-10 1.8979712104e-09 
9.5618937885e-06 5.0525310227e-06 7.8931512591e-05 -2.433899089e-10 -5.1771222886e-10 3.2549788723e-10 -0.01436748176 -0.0092399974286 -0.083292374662 
0.0057532079834 0.00028862392269 -0.043236457371 -0.029557128298 -0.0022663108495 -0.066916186342 -0.027546604054 -0.011987901202 -0.074313396971 
-0.0064261247596 -0.010252610312 -0.079700102329 0.019113680848 0.006477186212 -0.080271532711 0.016675658263 0.0030477238115 -0.098828482155 
0.010110893306 0.00088284325314 -0.085022612566 -0.0012332157403 0.014422619875 -0.068324039467 2.7887529412e-16 4.9165363563e-17 -4.9302130019e-17 
-2.4889083046e-08 9.5519750079e-08 -1.2125839136e-07 0 0 -0.215815095 -5.4146485172e-06 6.1415883673e-07 -2.0481736974e-05 
-4.7915985254e-06 -1.7821348578e-06 1.0083614934e-05 7.9405774162e-08 5.3864452501e-06 1.3782510384e-06 7.7148588997e-06 -2.1747661778e-06 3.2128341789e-05 
1.5482694161e-05 7.6712363523e-08 -2.1255820364e-05 -0.0057534600449 -0.03522483614 -0.029537892863 -1.5330393147e-16 -2.764643561e-17 -9.3938470804e-17 
0 0 -0.215815095 0.0067196817529 0.0016186356405 -0.22987628609 0.0071467797776 -0.016843245104 -0.21375375883 
0.010343309772 -0.025129106275 -0.22171554538 -0.0071840774898 -0.00095832827417 -0.21305908977 -8.2199398011e-07 3.8029750349e-07 3.530545063e-06 
1.2941740229e-08 4.4579320063e-10 -1.4716141885e-07 4.2226213871e-06 -2.9170433078e-06 -0.0010589631816 2.804320448e-07 -7.6426291525e-08 -8.211686475e-07 
-0.013375504036 -0.0290531964 -0.067379335227 -8.2945649528e-09 -7.8006475712e-09 1.0378685888e-08 8.8154982093e-06 -6.009436317e-06 0.00011169045167 
-8.803399699e-05 4.672298932e-06 0.00013403983378 0 0 -0.215815095 1.764915392e-06 -2.4716790637e-06 -0.00057711025441 
-0.0065528421079 -0.0013788282892 -0.0011271061937 -5.4415279493e-05 -1.485651023e-05 -1.1203058991e-05 -0.02548127813 0.0023877474446 -0.038352248078 
-0.030957049242 -0.01480875585 -0.052940079005 0.048104540371 0.051111999486 -0.072904085429 -0.012285473775 0.012833062158 -0.020771243995 
0.0045242723322 -0.026728407373 -0.056291742756 -0.023303403147 0.0040362565451 -0.045260514603 -0.040986625248 0.043608553324 -0.047551264892 
4.9830732208e-15 -6.5220535878e-14 -3.150677699e-10 -1.0290390511e-05 -3.2490983776e-06 -5.2969674851e-05 0.031618218945 0.0019566089177 -0.014119313849 
0.024856712985 -0.0048584789721 -0.055168317227 0.0093355160145 -0.00031841949954 -0.085547544405 0.0039122668551 -0.011152955614 -0.095505027461 
0.036917240735 -0.01114741433 -0.12126977201 -0.0014476203413 -0.017538828241 -0.087904316607 -0.0034576465776 -0.0095812094023 -0.079098081134 
-0.0066174328515 -0.0022684208562 -0.078046980889 0.0078972752583 -0.012919845335 -0.092717812824 0.013981087633 -0.024733611549 -0.071957511944 
0.010089190205 -0.0051905784394 -0.053458205311 -0.0097779878264 -0.00020046787058 -0.06139995007 -3.9402329431e-14 1.6372963407e-10 4.9588972533e-11 
-0.00093743118768 -0.00015329673529 0.0014516359676 -1.3569538349e-15 8.7634360896e-16 -4.0679830107e-17 -0.0028865014647 -0.0066681560411 -0.066094163497 
-0.012406403495 0.0044670947306 -0.034211422353 -0.0080779256496 -0.011526063437 -0.07887641937 0.014546164311 0.018954612522 -0.079368634961 
-0.022119657931 -0.024419046932 -0.085871065491 -0.0081339109423 0.022554438574 -0.10912480578 -0.015633720942 -0.00043679701444 -0.071086609141 
-0.0041948107084 -0.002935751789 -0.083669237413 0.042225891548 0.016332614238 -0.062942843988 1.5392144244e-05 -2.2178198893e-05 -1.7945779783e-05 
-0.0055888268028 -0.00029358544152 -0.20802800585 -6.2805468186e-06 8.3877860899e-07 -2.0194653698e-05 7.5727969882e-06 5.9767856795e-06 1.1233885227e-05 
2.5840293327e-17 -1.7875153219e-17 -4.9864911072e-17 4.3801024215e-08 -8.7179233174e-09 -1.0857939356e-07 -9.0404732067e-12 5.8832735054e-12 1.6942142954e-11 
-7.9125249293e-13 1.251845858e-13 1.6458443222e-12 4.1512273102e-07 -6.1202289429e-07 -5.0194162618e-06 -0.0305314589 0.024002168387 -0.18927185699 
0.036889985669 0.014938137888 -0.24173845991 -0.01075180314 -0.06425093804 -0.035058516379 -0.012431224633 0.032814546786 -0.18801056794 
0.01721400653 0.022524115138 -0.20284585077 -0.029588388713 -0.027214571149 -0.19372466229 0.0046069090318 -0.02538268809 -0.30438004435 
0.0087823213034 -0.035543530147 -0.17620480944 0.0033868837527 -0.048659541532 -0.18168847455 -6.3160139392e-11 3.6621534335e-11 -5.7522140895e-10 
5.0667405551e-05 -4.944897073e-06 4.7912302898e-05 0.00040392941425 -0.00050334373243 0.00047527298453 0.00014183126547 0.00030348782088 0.00023191122847 
-0.0062967477563 -0.015002034747 -0.070334658169 7.6361634706e-05 3.9044504821e-05 9.832415617e-05 0.00086791343828 0.0026587745762 -0.22313852075 
-0.014086108357 -0.0044902934685 -0.21533371643 0.0019342244555 -0.0065993882874 -0.20333416785 1.0353136264e-11 2.5630948977e-10 -1.1282134809e-09 
-0.027965213513 0.01341990955 -0.03154808368 0.023589944331 -0.0084808075457 -0.013118383333 0.0083524294236 0.04694926461 -0.085919891343 
-0.023914484611 0.042888219025 -0.082958771396 -0.034929179045 -0.0076974310315 -0.033592219374 0.028230717891 0.062285502732 -0.016233459076 
2.5207843459e-05 6.7188805315e-05 0.00046860874919 3.3549573239e-11 -8.6699054037e-09 -1.9821889215e-08 1.6389667036e-07 1.6507229413e-07 -1.8981392682e-06 
-0.0007701535426 0.00011288241939 -0.00019831361852 1.2216753268e-07 7.4722624494e-06 3.2868407205e-05 1.4595353896e-05 -8.6688126713e-06 3.8377722099e-05 
0.021798720137 0.013713034593 -0.06292105004 0.039735744071 0.00037760839061 -0.07155622481 0.0033664539614 0.0060230296821 -0.062482937239 
0.07332719502 -0.0049235116776 -0.069167515558 0.028957778477 0.023855934083 -0.064139829683 -0.011981808739 -0.010948606961 -0.10818869545 
0.0039428692589 0.0020091855942 -0.057272777064 0.0044696414723 0.0056749763253 -0.063067269188 -0.010332948621 0.0014358381484 -0.079844782585 
0.000385749111 -0.043411828903 -0.071749301582 -0.042837202626 -0.012038088452 -0.047138340716 -9.4295829744e-05 0.0004045326129 0.00026485003094 
2.2326715528e-08 1.9755009637e-08 -5.800083163e-06 0.0035670080432 0.0094666079369 -0.071575756061 9.6353438231e-05 0.012548066851 -0.077864297707 
0.010778981868 -0.004670389438 -0.060899386029 -0.013634360573 -0.004530812447 -0.079640761909 -0.0032348364237 0.0046263708116 -0.078956678561 
-0.0045749742919 0.013820807272 -0.063203937249 0.037450916437 0.015238509848 -0.074185729558 0.011194050527 0.026946597604 -0.072220879977 
0.0039166005965 0.0084843193923 -0.086079688213 -0.024361297946 0.022127953695 -0.035130858832 -0.025872184801 0.015388531235 -0.098102442347 
2.4347044003e-05 -4.1017251246e-05 -9.4470928687e-05 -2.665523195e-05 -2.8313286909e-05 -8.5691905108e-05 -7.0249050332e-05 0.0001403446645 0.00014474776504 
-8.7113009244e-06 -2.5090111092e-06 0.00017203585909 -9.0241933047e-07 -7.5351928013e-07 7.6747879787e-07 1.7266596704e-06 1.3051452441e-06 -1.8620098478e-06 
1.9438751187e-16 -4.6589354937e-17 -3.2683433639e-17 -6.0419360027e-08 1.686830637e-08 -8.2299734929e-08 -1.6933106481e-05 1.6835639537e-05 -7.5545997201e-05 
-0.031949203714 -0.010030936516 -0.036438102187 -0.029235227019 -0.019546655493 -0.21441381943 -0.032682636041 -0.0043666017851 -0.2165471975 
0.0081820261512 0.0036982279682 -0.22068806427 -0.0034568103594 -0.0031694561881 -0.20614650779 -9.2594490145e-07 7.9000703982e-07 2.9232398599e-05 
1.4132194722e-05 -1.5348432579e-05 -0.00045669572312 1.3870663483e-13 -1.2729880982e-13 -1.6115231766e-11 -0.00020983103501 -1.2244879873e-05 -4.3578451945e-05 
-2.1651201539e-05 -3.7699296996e-06 -5.1036674305e-05 1.8934089643e-12 3.2110079439e-13 3.5503995825e-12 2.0600293686e-05 -6.2256839784e-05 -7.8396664549e-05 
-4.2187274041e-05 -1.3653025159e-05 1.7574415386e-05 5.449287414e-05 -0.00010123062853 0.00010417282113 -1.0174018644e-06 1.3456817481e-06 0.0004480463336 
-5.4885459817e-06 1.3230039497e-06 0.00011087144483 7.6673506432e-06 -3.2264476472e-07 4.2856271059e-05 -0.021061174407 -0.019919700578 -0.052260168945 
-0.0031056445395 -0.018048673943 -0.040369328429 -0.00075129201298 -0.0010715056403 -0.082820440773 -0.016498434728 0.012845920745 -0.055857467632 
0.020054170589 0.021639266997 -0.043869489235 0.01434617969 0.0024969067846 -0.033326857273 -0.0077621643568 0.0032054213342 -0.065068932158 
0.0043958444563 -0.01604115347 -0.059599083764 -0.013057064969 -0.022404075599 -0.077636773313 0.027368069984 -0.025253057667 -0.043393568684 
0.013558258227 -0.02126109751 -0.066826824418 -0.0055133832679 0.030734059555 -0.04711499603 0.009755047947 0.0065161762176 -0.026818404808 
-5.2439723994e-07 -1.2348538766e-06 -0.0018419003525 2.0275805887e-06 6.0547880861e-06 -0.0028759897527 -2.912258558e-05 -3.2153004397e-05 0.0001210223597 
-0.014549372587 -0.0076004120048 -0.040271562667 -0.0075301002469 0.004104604903 -0.056629644095 0.005564786559 0.01684434042 -0.033437576539 
0.018910587185 -0.0013481743771 -0.085769146474 -0.009918973492 0.012601322289 -0.082094208715 -0.023361839768 0.022279483959 -0.080499756097 
0.0041918461298 -0.013309768467 -0.073995516516 -0.0085302364528 0.0043195409483 -0.07139924899 0.019292532103 -0.01234176144 -0.0749515383 
0.027338077952 0.055635498192 -0.059004229091 0.012106159008 0.020045150257 -0.072930697516 -4.6209340846e-06 -3.8966958932e-06 -1.25493002e-05 
-1.1528684485e-16 8.779391937e-17 -9.9559334367e-18 -0.02123698138 -0.0059834997759 -0.075099679049 -0.0077701458147 -0.015814067276 -0.030905861495 
-1.6533978714e-08 -2.6545595584e-08 8.78222231e-08 2.6425742542e-08 4.1106377845e-08 3.1541840956e-07 -5.8342037036e-05 -6.0185650641e-05 -0.00061923259255 
-0.0046339237464 0.014182176488 -0.064662274899 -0.0079213877668 -0.00906195207 -0.034001469397 0.0069207442365 -0.01582954263 -0.025560497244 
-0.0051103061866 0.0082123850162 -0.073044627466 0.004786570562 -0.01512891945 -0.055791831849 -0.012221208735 0.0043283210902 -0.046187202934 
-0.00098708956611 0.00066874592329 -0.034762985509 -0.007729820284 0.0099916835251 -0.060902798627 4.2098115534e-05 -0.00017792378726 -0.00013450103518 
1.6783088567e-07 -2.9635072294e-06 4.8733620783e-05 1.8204471618e-06 4.0776821716e-06 3.7185059119e-05 4.0288844459e-05 -2.2198954419e-05 -0.0010220986763 
0.011023987364 0.00034604501138 -0.028981414311 5.3115177924e-07 3.4879606436e-07 1.6630276484e-05 -0.036896715779 0.03431797936 -0.19838323 
0.027454753005 0.00602346856 -0.16765514465 0.0071108817039 0.027355176005 -0.22882475145 -0.015417903886 -0.023694193984 -0.26341924895 
0.0062050945525 -0.0028121310911 -0.22872455591 0.0038620388467 -0.057584916996 -0.21383268479 -0.014239476854 -0.026763730154 -0.18090781394 
-0.032248971468 -0.013852444092 -0.25879645707 0.039617458926 -0.022813873335 -0.20560340832 3.4034396142e-07 6.8897367108e-08 7.4599822973e-06 
6.5085405513e-06 -4.2285745852e-06 0.00020164747745 2.1814470065e-07 -5.8006653819e-07 -1.0573385774e-08 -2.867801956e-12 -2.9452612947e-13 8.8454663757e-12 
4.6653444631e-05 -7.0232630881e-05 7.5453010859e-05 -0.00018274336007 0.00039981324666 0.00011707854232 1.0198705136e-07 -3.6226327192e-06 1.0583272138e-05 
1.3455669784e-06 -7.253938212e-07 3.8160478022e-07 0.011815776229 0.00054965418663 -0.057846311748 -0.0090984635359 0.020951311006 -0.045743835217 
-0.0050178913181 0.029107074606 -0.029531336893 0.019832032952 0.0099850931545 -0.03423196313 0.025866103571 -0.0078937955319 -0.030601034417 
0.0062954434806 -0.0043022517082 -0.061526761825 -0.0060785954557 -0.003817264 -0.042445718056 -0.017832955042 -0.0038833158758 -0.072971128731 
-0.0070178798351 0.0040203887746 -0.072597179388 0.020759126266 0.047022992848 -0.0085261709864 -0.013277457308 0.0072646096933 -0.046545219572 
1.9909022529e-13 2.779807146e-13 -7.2314908342e-14 2.3727934225e-07 4.3269664188e-07 1.0732150889e-08 -2.330349009e-07 -3.1127586516e-07 -0.00022707041508 
2.9095764841e-05 -0.00022545293069 -7.1477786165e-05 0.013677782326 0.0028107097318 -0.022903467867 0.0022888908318 0.015980732332 -0.040789925313 
-0.019372421792 -0.0084711745032 -0.070850504325 -0.014497892958 -8.0200140086e-05 -0.063825078575 0.015866468005 -0.011926185962 -0.056204887035 
0.022321629777 0.004116061698 -0.071498793351 -0.013901116456 -0.0055196980411 -0.067054976695 -0.019826533015 -0.020484650669 -0.062081350513 
-0.0038877413386 -0.001751410361 -0.068344312242 4.0364274441e-08 -4.6529313833e-07 2.4166806504e-07 9.6100386529e-17 3.2322691613e-17 2.6575592509e-17 
-0.0070938520291 0.005001277592 -0.023649537755 0.019569947006 0.043266163351 -0.18534057382 -0.01515640637 -0.0053808350355 -0.24283200472 
-1.1518718941e-05 -1.8228559602e-05 0.00036115546603 5.7215351007e-05 7.4670059968e-05 0.0002968879008 -7.1476601279e-11 -1.1496776237e-10 -2.3912234003e-09 
0.010655231661 -0.013343377927 -0.040878982877 -0.015299508115 0.020243893567 -0.074117640398 0.027485256338 0.0057343062856 -0.049684735914 
-0.015348439546 -0.014116476536 -0.038361494198 0.0075817002134 0.010837236426 -0.051957469069 0.0013607365144 -0.0026011748766 -0.067878556659 
-0.002161010669 0.0061626183149 -0.025584739354 -0.0019438807311 0.002104833039 -0.055069582105 -0.00076080362239 0.020284963099 -0.073776099414 
6.3726514435e-05 -8.6302916968e-05 -0.00010894277258 1.5236688987e-06 -1.1382814984e-06 -3.7445473161e-06 1.3874133413e-06 -4.2839594743e-06 -5.5599078287e-06 
0 0 -0.215815095 4.9089307308e-16 -6.1479914528e-16 -1.1163220073e-18 -0.00025245584787 -3.4476251044e-05 -8.2118831441e-06 
0.0001701046347 -2.1263054285e-05 -0.00038511140669 0.0010576545164 0.015297036433 -0.06990060041 -1.4212931287e-05 7.9558104796e-06 2.9911589996e-05 
1.5235207984e-05 3.9179555897e-06 -7.4911202165e-05 8.0232349393e-06 -1.5187507349e-06 1.155038948e-05 0.014322315416 0.0057932039995 -0.29021486801 
0.020230199127 0.026911622382 -0.24726793679 -0.017511497157 0.007716437964 -0.068186244317 -0.026638837517 -0.019318630285 -0.21196753222 
0.020408549762 -0.017582408715 -0.22517479171 -0.017592515214 -0.04274731803 -0.23770332046 -0.0019280873248 0.013146053035 -0.18583476859 
-1.427843568e-07 7.1072414219e-09 -2.5223242199e-07 -6.4538603188e-07 5.2625842977e-07 -9.8476057625e-07 1.0880912819e-06 1.6174069992e-07 2.8676174692e-06 
0.017449167152 -0.013872320671 -0.046941368108 -0.005650286687 0.0025186129869 -0.042727308746 -2.1474426789e-06 -4.0413165383e-06 -6.0960309014e-06 
-4.0893300131e-07 2.323625194e-07 -5.1952792186e-06 3.7231391042e-07 -1.2978728462e-07 3.304741235e-07 4.5316832531e-06 2.0938315481e-06 0.00019320374723 
-0.010792924951 0.0032885930072 -0.065566009844 0.0004406270628 -0.0030902383897 -0.067952995827 -0.015216770785 0.00050088665013 -0.026646062211 
0.0024398302205 0.010067242545 -0.064203123507 -0.010289234715 0.011005736981 -0.069815924662 -0.0020589590609 0.026324126624 -0.055764046867 
-0.020805919169 0.013818881413 -0.043901213961 0.00074350148446 -0.002786738537 -0.056639637579 0.009410711481 0.017956475926 -0.052568762679 
-4.6944903957e-06 -2.1030991392e-05 6.422344583e-05 -4.2647624673e-13 -5.0369579601e-13 1.7673071477e-12 2.6549978217e-07 1.0196255105e-06 1.9618602158e-07 
-0.022064478887 0.011924635356 -0.18662140842 -0.010175667518 -0.0085213663907 -0.18532307582 1.3100794854e-05 -0.00019730489521 -4.7310379978e-05 
0.011911724538 -0.015673171638 -0.055175307215 -0.010788828481 0.014355846635 -0.063476678503 -0.0045962737676 -0.016908302173 -0.0039664236296 
0.01438320989 0.00085304515964 -0.066914472789 0.011791123781 -0.0098937841017 -0.074039204167 -0.014852810092 -0.0059214684352 -0.066484040201 
-0.009787020943 0.0045715306178 -0.079018051089 -0.0049684481906 0.0086350960178 -0.057211308058 -0.0035941051683 -0.00049613073931 -0.058574698365 
-0.025617202442 -0.0017500269043 -0.070701369633 0.00073093672143 -0.0082779975772 -0.084426125723 -0.013635404397 -0.018801155125 -0.030245236202 
-0.011820661062 -4.0079126335e-05 -0.052457848622 0.0061599352676 -0.00051904093184 -0.052549374073 1.7143568486e-09 -2.893015173e-09 -3.2475685698e-09 
5.0043231213e-16 1.5732244846e-16 1.0068779415e-16 0.013751347978 0.012278542711 -0.19751341074 1.4371080218e-05 0.00015899562886 -0.00022155740487 
-0.0002104411466 -0.00026413188067 0.00091569441156 0.0094713251721 -0.00012510436759 -0.037186406958 0.0048939047799 -0.016853681118 -0.039772311287 
-0.007140400394 -0.012944277672 -0.062018294116 0.0027085307222 -0.013511776473 -0.031890271767 0.0046953369638 -0.0095245323067 -0.053674898909 
0.016247414292 0.0063902829195 -0.063254603619 0.0078888933825 0.010044160625 -0.037724842909 -0.0062227689176 0.011001693126 -0.051124914655 
-0.020744346811 -0.0065194785613 -0.04229924146 -0.0045875456531 0.019191320302 -0.045825119388 -0.0083543888695 0.0092019022532 -0.037838054287 
0.0041963252519 0.0037628651196 -0.058330492217 -6.5340972187e-07 -1.2696781488e-06 -1.1189853933e-05 -1.6061393433e-06 4.6027382995e-06 -5.1093619107e-07 
1.4471417149e-06 4.7222598939e-07 5.9938120384e-06 1.120343986e-06 -2.7843688997e-06 0.0001942289474 -9.15127236e-10 -1.7652702511e-10 -1.6563817218e-07 
3.8128874451e-06 -1.5089323602e-05 -8.0524865949e-05 0.00018359783809 -1.2115856333e-05 0.00030603180388 -0.00011997671884 8.4664358581e-05 0.0001524620428 
1.7013734105e-07 -1.0734775014e-07 1.1797906628e-08 4.4111948058e-07 -1.9596795887e-07 1.4028988692e-07 -0.020846931182 0.028965187896 -0.15706635155 
-0.013721360294 -8.5216012687e-05 -0.19330200431 -0.001343084613 0.017820867785 -0.22681192209 -0.0017472830857 0.021491548267 -0.22084104402 
0.0053510575581 0.025527627893 0.015401271139 0.012666872283 -0.019307682276 -0.1526319632 -0.016657553091 -0.029960061997 -0.17596927893 
-0.008749074933 -0.021131350449 -0.23985306994 0.042952325208 -0.028286196291 -0.23651239723 -0.018094993937 -0.00830393106 -0.25043255662 
6.9806606465e-07 -6.6820841775e-07 1.3460948303e-07 -2.1137179646e-16 -6.5161516239e-16 3.017292405e-17 2.6706210112e-07 6.0101248398e-09 1.1888187803e-08 
-2.6199103123e-09 3.1026247193e-10 3.5046763493e-09 -1.4404015528e-07 7.5666886862e-10 -5.8042653141e-08 7.4592015212e-06 7.6786421792e-06 -3.0601904095e-06 
1.070107221e-06 6.1667683916e-07 2.3726537193e-06 7.1150303385e-07 1.3633941255e-05 4.9630315578e-05 0.0017246049184 -0.0022879707381 -0.18993985608 
6.2526913599e-09 -1.2005682889e-08 6.0925100378e-08 -2.6527509868e-09 5.6557710653e-09 1.5040534441e-08 0.0049190508408 -0.0054095603248 -0.050988966023 
0.0057493613452 0.005906395998 -0.052072781632 -0.0075081679169 -0.0098647146803 -0.029468051274 0.0029408291346 -0.012578581162 -0.045161130029 
0.0078590275582 -0.011381093259 -0.073647118231 0.0097146414742 -0.0028816169814 -0.085614626138 0.0082027419714 -0.016191321997 -0.041927362047 
0.015648249832 0.00071857438297 -0.041830412503 0.010493370278 -0.0019580455805 -0.044610112132 0.0045533200077 -0.016410972251 -0.06702166428 
-8.7555882331e-06 -1.1690267946e-05 3.3779613605e-05 0.034274001626 0.0045366535872 -0.18723945646 -0.0013112858658 -0.0039262315175 -0.22139357121 
-7.1995690388e-07 0.00025617543317 -9.8975849603e-05 0.0045842330763 0.0033285762513 -0.064890401283 -0.0010447390475 -0.0099456855456 -0.020158549606 
-0.0041335917382 -0.014714292122 -0.053715681726 0.0082473992043 -0.0084505363375 -0.049540101632 0.022329966245 -0.0015784178612 -0.05736290785 
-0.0097148959755 -0.010000209642 -0.046474597918 -0.0084299550372 0.013445114984 -0.068606915805 -0.0055455673598 -0.00011548635235 -0.064115761135 
-0.013940050927 -0.0028737856661 -0.050644364091 -0.0099675861162 0.011043735627 -0.06035145272 -0.011855380384 0.0049216006084 -0.036470196252 
0.002896943307 0.026358117863 -0.06848953156 0.0019595038997 -0.0054252930325 -0.05346175666 -3.1627999614e-09 5.8110049723e-09 6.4160164973e-09 
-0.003050997714 -0.0247391296 -0.054574443627 1.1925964893e-06 1.0027531974e-06 4.5287804806e-06 -6.217489909e-09 -5.8170059177e-09 -1.3957814801e-07 
-0.0060474400689 0.014452640975 -0.021396157563 0.010166494674 0.014897626551 -0.041917705748 -0.0011587206447 -0.010076658729 -0.043288018905 
0.0067911116222 -0.0056750890584 -0.028822103617 -0.0068486351964 0.012970557323 -0.064768997752 -0.0021780893167 0.012494784122 -0.055738744885 
0.0075578766175 7.472859907e-05 -0.059993497637 -0.0022332116181 -0.015405063658 -0.042536717344 0.00081048106607 0.023280819713 -0.050237542114 
0.0012099366641 0.020622604588 -0.051719000485 0.00092590551714 -0.0018044159928 -0.057897298092 -0.0078587091566 -0.001111795669 -0.055535837236 
0.0033447789366 -0.005996335145 -0.040453186985 4.4904935409e-08 -9.9961042474e-08 -2.9688437523e-08 4.0701397281e-08 -1.2217332065e-07 3.1645490831e-08 
-2.8885268863e-06 -1.840402849e-06 -3.3577380303e-06 4.2832818317e-16 -4.5806104208e-17 2.1973915651e-18 1.6736666863e-16 -2.4753978188e-17 -1.3409369787e-17 
-0.0002715805817 0.00014167671806 0.00016170307993 -0.0018562287034 0.010194050523 -0.055704577667 7.7630469409e-05 0.00028791559267 -0.00045621593369 
6.778389798e-07 -2.6549600053e-07 9.795938552e-08 4.3497775734e-10 -4.8620898478e-10 9.8427998503e-09 -0.0016001339731 -0.0028257853707 -0.21964021424 
-0.0018438859723 0.023315639818 -0.22987064831 0.002486325621 -0.014665231362 -0.19975552319 -0.0043744560194 -0.015433900452 -0.22527572935 
-0.0067731830973 0.0052041854657 -0.18252068814 -0.030651916517 -0.0030415087678 -0.21816093963 -0.00088736310543 -0.0091516142411 -0.23089469247 
9.8792611094e-09 -1.053539483e-08 8.3719840475e-09 6.1329281885e-09 8.9964455684e-09 -1.5025332869e-08 1.403149538e-16 -3.66781594e-16 -1.9468976274e-17 
-3.9885826966e-08 2.1246764792e-09 3.0640005137e-06 0.006280560633 0.014649834459 -0.033888472989 -6.0132406085e-06 -5.5358030019e-06 3.3812591137e-05 
-0.034684498709 0.017159800677 -0.20057924886 -7.78593448e-10 -7.1047368222e-09 -4.1748221418e-08 -0.0059318073667 0.012700357256 -0.052938928887 
0.0054651626803 -0.0057893416873 -0.058329956986 0.00022751333712 -0.0031589849579 -0.063993442567 0.020694723685 -0.02049015965 -0.044076527163 
0.0018741999701 -0.01395487521 -0.033625488008 -0.00030680811722 0.025672941075 -0.054912166621 -0.017403611837 0.023515449549 -0.036534835313 
-0.00082095348199 -0.0014894281082 -0.020947296511 0.020649112797 -0.0032470690042 -0.051059178767 0.0079598458119 -0.0061219147456 -0.059360679717 
0.0019382491419 -0.003433971386 -0.060914330269 -1.7440225996e-05 -2.8544518407e-05 -5.7502507982e-05 3.7476232211e-11 6.8856438212e-11 9.6491274086e-11 
-0.0110351976 -0.01427628643 -0.21365589837 -1.4442133108e-07 7.8459996232e-07 0.00025712208713 0.0068071915857 -0.027368366213 -0.025649115552 
0.011774968455 -0.0027857207019 -0.041550157632 -0.0056433021095 -0.0043395802504 -0.050056439071 -0.0014572331589 -0.0089373281762 -0.051636907181 
0.011978122727 -0.0075286477629 -0.043932283331 0.00035266189862 -0.0018959467465 -0.052846736041 0.01597800784 0.0078533649396 -0.055162340467 
0.0070033550993 -0.0054929457465 -0.066053433188 -0.00014391901569 -0.0071977555639 -0.066334207564 -0.0079305704402 -0.012230287914 -0.070932038202 
0.0041059889459 -0.0026518911223 -0.05333999714 -0.0068585801776 -0.0070443489374 -0.063923141085 0.0070252766148 -0.00053326570977 -0.053717599827 
0.0036743307552 0.02014757381 -0.049948495585 1.2071052114e-13 7.62158428e-13 -3.8175386198e-12 -8.4241365792e-13 -6.1118972606e-12 -6.815857592e-11 
-3.2027385444e-17 7.0885087767e-17 -9.8228757794e-20 -1.4004444798e-16 2.1207562459e-16 -4.7416001802e-19 -2.0937865729e-13 -4.2471355575e-14 -4.5760486036e-12 
8.8317657478e-14 -2.0804777273e-13 -5.4548937033e-11 0.036771289331 0.0066237798279 -0.022056216466 0.0011951915619 -0.0031762231201 -0.043495666116 
0.0068104671765 -0.0013327737727 -0.060624737132 -0.012940642094 -0.010637274504 -0.037599313372 -0.0041273812237 -0.017827713747 -0.050147634708 
-0.0034929717225 -0.010453928168 -0.043450769387 0.003107915992 -0.047332596627 -0.0077506199995 0.020175273078 -0.002347745154 -0.057634845877 
0.0028123564223 0.0075694202673 -0.04510360919 0.0013693349197 -0.026664516061 -0.024710198466 -1.1020526257e-05 4.437255836e-05 -7.6197521495e-05 
-0.00024492769813 0.00095130282031 -0.20952039924 0.0071359888974 0.012857181106 -0.22366158022 2.4059058168e-07 1.7888118072e-07 3.1586249064e-08 
-1.6192835849e-07 -1.477013799e-07 -1.9988565451e-06 0.00020182471362 1.0555090391e-05 -4.1691821058e-05 -0.0021605346988 0.0034353647443 -0.048600547904 
-0.0060996723149 0.0026665911092 -0.035165659365 -0.00013288441044 -0.00025169019515 0.00022902223683 5.0503818776e-11 2.7375369251e-11 -2.8158889353e-08 
-0.0003644305406 0.036342113843 -0.17102883999 0.0039917208629 0.035996362756 -0.23734750529 0.051467672851 -0.009304849205 -0.22196909966 
-0.020415745576 -0.024941458802 -0.243534184 -0.0052300272536 -0.026598166801 -0.2285248264 0.0099451912713 -0.0023680185239 -0.20923743671 
6.4971343282e-08 -5.2684868319e-08 2.4753175864e-07 9.1995864783e-07 1.596187499e-06 -2.3643049878e-05 -1.1815659321e-05 -3.9940970986e-06 -4.9437120725e-05 
-1.1781979154e-06 1.2201942612e-07 3.5748503498e-05 1.5967416792e-06 -3.615721546e-07 -8.987494096e-06 0.0034248229578 0.010979712013 -0.049025630066 
1.039535975e-11 1.0133632331e-11 -1.7893934298e-11 -1.0807324404e-10 -1.1241950317e-10 -8.0730050716e-11 -0.02316010568 0.014877130582 -0.23434540967 
2.2864565675e-06 -7.2516257324e-07 -7.3791737831e-06 7.5806276618e-07 -1.9363457394e-06 5.5932552858e-06 -4.7976552491e-08 2.8491840553e-08 -5.1683805738e-07 
-0.013265567069 0.018916595488 -0.050532124095 -0.0055263064267 -0.013011907105 -0.060960929613 0.023016789705 -0.007529205736 -0.048176008414 
0.0012173688405 0.00079985141737 -0.052078935742 -0.0060830024829 -0.0055628738215 -0.07006672987 -0.0014882525663 -0.0055427193922 -0.058378419899 
0.014459727493 -0.0036019944352 -0.058696100794 -0.0091007971459 4.3185503371e-05 -0.045505119237 -0.001600855275 -0.0099105160942 -0.052574292028 
2.6291928296e-12 9.662917886e-12 -2.451136766e-11 -0.032852288357 -0.01375243337 -0.24809550068 1.2488333369e-08 -1.2736710684e-06 -0.00065428360538 
-1.9070390953e-06 1.3158597152e-06 -1.5916001896e-06 -0.0014020248578 0.0018713878208 -0.043764336055 0.0041061871277 -0.0055400452336 -0.044664422775 
-0.0017445728971 0.00063798235321 -0.06005571018 0.00062865575436 -0.00043458048135 -0.034377083763 -0.0060858329022 -0.0025379266339 -0.059775198562 
-0.0088713461893 -0.0084934312673 -0.056569718218 0.0075091629588 -0.00031457740928 -0.058488873545 0.010800305424 -0.00042517057348 -0.040416533939 
0.0089760378448 -0.011551218832 -0.058456122952 0.0070474931897 -0.0053229664091 -0.057062638758 -0.005749407522 -0.021324253992 -0.05989852662 
-2.1344507486e-12 -8.8868085863e-12 1.0635528157e-10 2.8244798792e-12 -3.2319560828e-12 2.3204123703e-11 0.014811457433 -0.0061011299518 -0.037224054103 
-6.3890290431e-10 -1.1339495249e-09 -2.7153538493e-07 7.9119659604e-08 3.5347861763e-08 -2.2746070927e-06 -0.0071071184653 0.015308061394 -0.054393982025 
0.0060199166295 0.015858289361 -0.054545865452 0.0050429499022 0.011727758697 -0.039424503262 -0.0030170943539 -0.0018380325553 -0.066206564545 
0.0061557016303 0.012047663133 -0.057889338361 -0.0094944977661 -0.011448582216 -0.058618715615 0.014500982603 0.01023739406 -0.049976038395 
0.0099061902725 0.005829588547 -0.049760021301 -0.017295114815 -0.013384259259 -0.038163991886 0.00097329824633 -0.0043458012906 -0.057846280017 
6.6620341431e-13 -1.6385178211e-12 1.0996131541e-11 4.7451837081e-05 6.6723904235e-05 4.716716309e-06 0.02793168155 -0.010912446482 -0.2334322907 
4.6944001529e-06 3.4441997176e-06 8.2762530926e-06 -1.3059428802e-07 -5.1676034819e-08 8.9696477258e-07 0.00065620131809 -0.02344152888 -0.053216348864 
-4.8228305821e-07 5.7724776517e-08 -8.2745039886e-05 2.0220410969e-06 -7.6490935431e-07 0.0001060944837 0.025042482448 -0.015662144458 -0.038234061874 
2.4294117559e-05 -2.5681082583e-05 -5.6101084032e-05 -1.9977466345e-06 6.4404433459e-07 3.3876588088e-05 -0.0001616924228 -0.00010049826466 0.00012561067002 
0.0092265746148 0.0086045305687 -0.20688614647 0.011687235624 0.009420562785 -0.22106462138 0.0028375386052 0.0015175186635 -0.23771817735 
-0.024465151465 0.021457127076 -0.20445764804 0.0046180136159 0.025293958492 -0.21742070729 -0.0024595491846 0.016285410235 -0.041463512305 
-0.0070794897358 -0.016999823455 -0.25215187491 0.029584670214 -0.00060776883767 -0.20346728633 -4.4235567188e-06 1.9936042276e-06 2.7053360786e-05 
-0.00052844216756 -0.00040703115092 -0.00094459683894 -7.8612751517e-07 9.4376769056e-08 -0.00030534018281 3.0574692858e-05 0.0024635656101 -0.053659981206 
-0.0015465285799 0.02054571922 -0.045602312683 3.5143499533e-11 3.7682069829e-11 1.0350869908e-09 4.3502737256e-10 4.3348681061e-10 9.0958176916e-11 
0 0 -0.215815095 -1.173726841e-06 -1.6473469346e-06 5.9623822854e-06 7.7687709389e-13 3.4139872016e-11 -1.4102499894e-11 
-4.1945518894e-08 6.2207486134e-08 -0.00019061878657 -0.016884305596 -0.0141740569 -0.03435083876 0.0085909092348 -0.0065102527102 -0.042304789302 
-0.00098024236106 -0.011304002172 -0.055432887467 -0.01103655066 0.002975995573 -0.047184319671 -0.0050517656297 0.0069090670204 -0.052755569292 
0.0021977738893 0.0025211919612 -0.05757629724 0.0010261058769 -0.00084131111235 -0.051997856307 -0.0074581867375 -0.0090420164072 -0.054767979499 
-0.0097355870296 -0.001965765503 -0.061299908528 -2.7145979228e-12 -1.2881732167e-11 -2.5721098033e-12 -6.3374638655e-08 -9.0781104082e-08 -8.0681690375e-08 
4.2155131898e-11 1.2156320504e-10 1.7629075179e-10 -0.051763080178 0.0095846773068 -0.15775799261 6.2772672354e-07 5.173927121e-06 -1.7150030038e-05 
-5.1487115014e-05 -0.0005786220047 -0.04276613901 -0.019414035018 -0.0094767401785 -0.067358196167 -0.0023360888871 0.0045872231951 -0.06221070932 
0.0044341305956 -0.026219943129 -0.041577516552 -0.0028644736772 0.01439299402 -0.073919125761 -0.0049125757241 0.00022124769352 -0.060601763188 
0.0052071332105 -0.013547339981 -0.044845876346 -0.0076127824195 -0.012519356989 -0.051227092961 0.011846668879 -0.019669900099 -0.041294883111 
0.0093634562961 -0.0062716617323 -0.049680870268 0.014685045852 -0.011389475406 -0.069197348655 -3.1811884242e-13 2.3366705006e-13 3.0910596659e-13 
2.2089631454e-06 5.4079753363e-06 -2.0897717617e-05 -3.6254460703e-06 2.9037874059e-07 -2.3502839564e-05 -3.5646273688e-07 -3.6497173711e-06 -3.4757968519e-06 
0.01287750065 -0.0023070587978 -0.028171113119 0.0013432962035 -0.0010836456498 -0.031080564664 -0.0041168460692 -0.0050981481217 -0.044485522176 
-0.016865454937 -0.022253408089 -0.045600708538 0.004309830741 -0.0056808456914 -0.029009868746 0.0010774008912 -0.013126169378 -0.047838972175 
0.00040737673171 -0.0057064906585 -0.061898763298 -0.002649191246 0.0035637473175 -0.06435262428 0.0021679351481 -0.001682554434 -0.044678862506 
0.011004433159 0.0002224004218 -0.049185239418 0.016885111678 -0.0098121638331 -0.051137970735 -1.2013965849e-16 5.6384970581e-17 -3.4941661949e-17 
0.020533379897 0.033934686246 -0.19046098126 2.5600748004e-07 4.7286329701e-07 1.0425406839e-06 -2.5811890357e-06 -2.1440627534e-06 4.0033869559e-06 
0.0072205732762 -0.0045604791609 -0.014692103683 5.764951176e-06 5.3514725329e-07 1.2030966747e-05 -3.4426778088e-06 -5.0546807779e-07 5.93657324e-06 
8.993704434e-12 8.6283117685e-13 2.0164044727e-09 1.1260476539e-07 -1.1055277842e-07 -4.8224725188e-07 -0.0097331736235 0.011845435291 -0.22513565602 
0.039785858298 0.015981078634 -0.020382395494 0.018216124298 0.023656903213 -0.21603013962 0.017662248706 0.017040093712 -0.24963307162 
-0.01687718221 0.017780399454 -0.23026512782 -0.0070393582941 0.02499930838 -0.19382594029 0.039148215018 0.028323449742 -0.20877262634 
-0.018643391345 -0.019976116287 -0.20111551123 0.0070380437499 -0.024176989961 -0.24168385342 0.012964974476 -0.033282703132 -0.21891708878 
-6.4555172859e-05 3.042652231e-05 0.00035662263306 -2.6641153733e-06 -4.3069763815e-07 -7.1130472664e-06 3.6866486381e-06 4.2157869323e-07 -1.1358507532e-05 
0.003988673032 0.0025386657887 -0.037843058466 5.1302627609e-12 2.5632654489e-12 -4.0960187642e-12 2.9296621458e-11 1.9213115454e-12 3.6560160432e-08 
0.036001025968 -0.0037751373601 -0.19213625456 1.7598920969e-08 -1.6393519608e-08 -1.5952929469e-06 -3.5782002075e-06 1.792777775e-06 -1.0805270902e-05 
9.2139901379e-07 -6.7284859983e-06 2.4639745573e-05 -6.3414666854e-05 -2.5962122653e-05 0.0009132091296 -0.0084253081278 0.0073368547646 -0.041772174401 
0.0011522024421 0.0041645387457 -0.039859772973 -0.0066521276671 0.0020516391617 -0.063906520319 0.0025386784069 -0.0075247879493 -0.049219720213 
0.020468449511 0.0013560175936 -0.040609324031 0.0091103459396 0.01299418772 -0.058655712884 -0.0048790672865 -0.0012393492436 -0.071072796927 
-0.0033181023252 0.022037798876 -0.041271136812 0.0046108174152 0.0053642471125 -0.049311991708 -0.00023169349181 0.0027969459347 -0.066904913952 
2.0108610811e-14 -3.2682273372e-14 -1.6464367292e-12 0 0 -0.215815095 0.024804872227 -0.0094477368741 -0.21455041192 
1.9077602377e-06 6.3958218414e-06 1.8014264955e-05 -0.003826211607 -9.8700023498e-05 -0.044151430288 -0.0051881348262 0.0091238475115 -0.053628185866 
-0.011134047483 0.0055828695765 -0.068595311082 -0.013337482835 0.00078665418175 -0.062799618779 -0.0074181220214 0.0088299403294 -0.057846473808 
-0.0030056535515 0.0081940106285 -0.057427997849 0.0085557137702 0.015500979745 -0.053372509448 0.0040691816764 0.002692106817 -0.054961271849 
0.0078951212332 0.0022029640561 -0.054518365959 0.0057085083881 0.0093949881475 -0.064677166563 0.014815694829 0.0091231108146 -0.052493891913 
0.018398197973 -0.0073026146124 -0.052073183256 -0.010340475919 -0.0038393183004 -0.046722195177 1.1988314032e-13 1.5074008843e-12 -1.3138372525e-11 
-3.4150577654e-12 8.5540553032e-12 -2.7525798272e-11 0.010899662676 -0.0061721765962 -0.21644385114 7.2434842237e-07 1.0542069376e-06 0.00023739121388 
1.2539039172e-06 1.0973345405e-06 -1.0952177653e-05 -1.9886089177e-06 -3.7575932743e-06 1.9855110215e-06 0.0040390823745 0.0041817392505 -0.053785698499 
0.0011318816273 -0.0016114378999 -0.033308918262 -0.0079122930918 0.0083815707166 -0.041443859921 0.005341488537 -0.0015014891008 -0.07154921172 
0.014192475397 0.014564425827 -0.040373310495 0.0013055964362 -0.0046022101019 -0.031904304001 -0.0002133630534 0.010551125485 -0.063064417356 
0.0034512306913 -0.011529805501 -0.02483057308 -0.00036817981012 0.016614179695 -0.065295987451 0.0023527992037 0.0098073360452 -0.053786891457 
-0.0014062596954 0.0087993748036 -0.046333814911 0.01313710613 -0.0042062152653 -0.061211449918 -0.0016663541592 0.0057488723258 -0.040023127942 
-5.0180876059e-06 5.0803599766e-06 6.1924486822e-05 1.424888251e-11 -5.2439237095e-11 5.7421137032e-09 7.8448704263e-06 4.3255706526e-06 2.5785448317e-06 
-1.6191919409e-06 -1.5413919811e-06 -3.0371018204e-05 8.3597028082e-06 4.0703960296e-06 6.8406287141e-06 -2.9405994007e-06 4.6219710366e-07 -1.3060233638e-06 
-4.4704332343e-06 2.3704015971e-06 -0.00028059019098 -4.6745397644e-09 -2.6877627461e-08 -2.5318248054e-07 0.0091641890407 -0.00057107340375 -0.2278968131 
-0.027844002412 0.0037820180329 -0.19202028804 -0.036071512831 0.014196929744 -0.22412298498 -0.001167376006 0.016435303931 -0.23459987265 
-0.002233097967 0.022669683424 -0.22706233443 0.027210048644 0.031266049388 -0.19839500995 -0.031245173902 -0.023471307359 -0.25520487014 
-0.021351142199 -0.0021125743354 -0.19645336954 1.5508739779e-05 -0.00011597330981 0.00011628259897 2.1744140113e-13 -6.2441780227e-15 3.1135305829e-13 
-1.719354057e-06 -2.6717089426e-07 -5.5725452228e-06 -5.2274566604e-13 5.2369473449e-14 -7.0417268146e-13 0.01160834912 0.0077375637598 -0.032903165561 
-7.2635885252e-12 -2.4946860169e-12 -2.5447341501e-11 5.7468961842e-17 7.593599961e-17 -2.3963418989e-18 -0.0091778177069 0.029187411537 -0.055727040307 
0.012031196581 -0.0030636424322 -0.037553596316 0.028698910725 0.010477108158 -0.024962177053 -0.013418336581 -0.0032583623351 -0.045896269164 
0.016368373607 0.027007095541 -0.060592369523 -0.0059775099683 0.0068315563005 -0.047312883609 -0.0054852621006 -0.0055410757282 -0.063475435899 
0.013087699165 -0.0079360707659 -0.046030884345 0.011554613804 -0.0058904730921 -0.04035947863 0.011225926405 0.0029881963807 -0.053723772324 
0.002577596854 7.644730637e-05 -0.033269583633 -0.010397586305 0.0063750985014 -0.048868133331 -7.2366477945e-10 -4.4685574543e-09 -1.1689542647e-08 
-4.3705745767e-05 7.8858727026e-05 -0.00071447291441 -0.0015495545 -0.044882646877 -0.22094781333 -5.4745883001e-07 1.6223420993e-06 -7.7766528711e-06 
0.0034463317486 0.0024415587014 -0.05138192591 0.0034672519792 0.0046327315198 -0.04192063197 0.015738990928 -0.0069736087995 -0.050535950799 
0.00414126511 0.009585713109 -0.053546117788 0.0065473203424 0.013452840069 -0.065746197287 0.013688743923 0.0056803877348 -0.054700926545 
0.0078272483002 -0.0027869962523 -0.052590521424 -0.0016009397245 0.012891276391 -0.043409106666 0.010938181185 -0.017140627676 -0.042079492534 
0.0034087268923 -0.011217680701 -0.04877510997 0.013523274953 -0.0066844938509 -0.064260687237 0.011665841572 -0.0038299609646 -0.050738401834 
-0.0081473625588 0.012339072813 -0.045444938083 1.0722146998e-11 -1.4908806072e-11 -1.0572691113e-10 0.042454909189 0.0082856211753 -0.23871995607 
-0.00018579020473 0.0037056375824 -0.21575987439 7.931194253e-07 8.4153956675e-07 4.8500893635e-07 3.839787732e-07 -1.0864540913e-06 2.5481484174e-05 
-9.1548395984e-08 -4.679993063e-07 -0.0002085505087 0.01259120846 0.0058166657362 -0.03720112166 -0.0016006425928 -0.0050530657634 -0.021484058022 
0.0099022372981 0.0040332587954 -0.060014900695 0.0055700866852 0.0028533686429 -0.033404392071 0.014012900456 0.012196506068 -0.035168409859 
0.017287263398 0.0026877785877 -0.048501238159 0.0079711886686 -0.0017383196812 -0.035563109104 0.00515742739 0.0018846441291 -0.037312206317 
0.012125499547 -0.0034877334983 -0.048790282498 -3.634162109e-12 6.0142698401e-12 -6.2323240565e-12 -2.8126426145e-06 -1.4332380665e-06 4.5929798309e-06 
-1.3128271704e-05 -3.1391335182e-06 3.0663855298e-05 -9.1058256698e-07 7.9120294857e-09 -0.0003040172248 -3.406261796e-06 6.1566658342e-07 3.8379521003e-06 
-1.5374954629e-07 1.1272188901e-07 2.183807823e-08 2.9011979019e-07 -6.0167107233e-08 -6.1530060929e-07 -0.0038909967542 0.0079491242209 -0.17959091579 
0.029104892412 -0.0029116645388 -0.24580079735 0.026389090094 0.007699799216 -0.23155323007 -0.0040135232016 0.026562422348 -0.22946130472 
0.0098584810572 0.035588789862 -0.20434491147 0.031222740606 0.039890759582 -0.20214192266 0.04157615591 -0.025869949171 -0.14981144129 
0.023162527902 -0.027432020667 -0.24108615268 0.0085501935178 -0.0076784991792 -0.20076793736 -3.9032658767e-05 -4.0131608837e-05 6.2153832913e-05 
-6.8086337731e-07 2.7384144851e-07 6.6693511817e-07 -2.472266923e-08 2.1685084342e-08 -7.7262709129e-07 -0.00013325067254 -0.00013142769421 -0.00038448566788 
-0.00017060501585 0.00019707492831 -7.8790991373e-05 1.7688706874e-05 8.0390206205e-05 0.00082419129816 -0.00010552089775 0.00016324088951 -0.0003635597681 
1.4291463015e-06 -1.7187964133e-05 -1.9912143482e-05 9.3665275424e-10 4.357506725e-07 -0.00042450074133 -0.0068845166121 -0.014254350394 -0.047918870936 
-0.007355190267 -0.00052082600975 -0.049051555369 -0.0022942447902 -0.0038231056064 -0.040661408717 0.0050009992413 -0.0013554334978 -0.051128599117 
-0.0036567569005 -0.0074399663185 -0.043480772076 0.012447009269 -0.016777694186 -0.049885313103 -0.0086806503325 0.0038148637151 -0.049379357037 
0.021246428573 -0.010095824738 -0.059343045135 -0.016821610582 -0.0093352710557 -0.053906320043 -0.017054087176 0.0085831407161 -0.043529715553 
0.0089886470763 0.019231527209 -0.013844331269 3.7231592437e-12 2.3048031592e-11 9.2564689304e-10 2.7396946297e-09 4.6182453542e-09 -2.0167198142e-09 
-6.2061428884e-08 -2.4956442649e-07 -5.7122138923e-06 -0.0078588354739 -0.004508279477 -0.032327592433 -0.01610546804 0.0048032393378 -0.049285648596 
0.0010156366942 -0.0035196120294 -0.053988252175 -0.0012508703357 0.009183256528 -0.04921838744 0.015561789279 0.00078617750426 -0.059528388839 
-0.0035111754996 -0.0090525710135 -0.054542017732 -0.0076032902331 -0.0093609546851 -0.057982661441 0.021637375342 -0.014944510917 -0.050198506627 
-0.0044262463361 -0.0057839275391 -0.035245058332 -0.0019635265847 -0.0058862572461 -0.065179239026 -0.020859102701 0.0063400832648 -0.034183275587 
-3.1145482777e-06 5.1070244776e-06 0.00017368836328 3.9068932226e-10 1.804428877e-09 -1.2812042103e-08 -4.0835105767e-09 -1.4672337726e-08 -6.6473250954e-09 
0.011813649088 -0.021276276927 -0.038238714623 7.1557150474e-07 8.0842013193e-08 -7.4658371306e-06 -9.6034858527e-10 -1.1425747999e-09 -4.6506082278e-07 
-0.0050474489704 -0.0024347375796 -0.027843533122 -0.00024296856063 -0.0096074219189 -0.019361175562 0.0038264160735 0.011812834231 -0.024979783652 
-0.0021038808445 0.0033933538659 -0.061781466279 -0.014249438183 -0.0032461377556 -0.057526793083 -0.0036163427129 0.0087051835795 -0.042942826194 
0.014301722758 -0.0084510802861 -0.049977535406 -0.0045756585546 -0.013229538277 -0.061406302926 0.00077291088654 -0.012118268923 -0.037973159002 
-0.00038127120759 -0.0039069428933 -0.042664752091 0.015419354105 0.0020885801146 -0.05100140821 1.792867088e-06 -3.2605814035e-06 -0.00015750472607 
6.311056383e-06 -1.1336634006e-05 -8.2472930307e-05 -1.546938691e-06 4.3334893917e-07 8.3338424084e-06 -0.01758416365 0.0089054161886 -0.22214747754 
-9.4071499938e-06 -4.7702205474e-06 8.8531765057e-07 -3.592369714e-08 -2.1882185155e-08 -2.4759810067e-05 2.660311393e-05 -3.9918780607e-06 7.8282980115e-06 
1.0854297906e-09 -1.4618134507e-11 -9.0198432294e-07 3.2511784837e-05 7.4524484117e-06 -1.0471760208e-05 0.003788289136 -0.0023284341729 -0.03046042429 
-7.1045345334e-17 2.4555321329e-18 -2.8232416861e-18 -0.0067957474501 0.016130552388 -0.19112928186 0.032783760168 0.013749794761 -0.22435049902 
-0.0094130656876 0.019413321781 -0.11209955164 0.010979070052 0.018409637079 -0.24205373263 0.014315291691 -0.042334290148 -0.21683237027 
-0.024796602846 -0.022680673422 -0.19542244404 -0.022266940255 -0.078891377794 -0.20624349704 0.002369760762 -0.017546985732 -0.20548019153 
-5.2794135124e-07 1.1457203874e-05 -7.8980132533e-05 5.6591716584e-06 -1.1153603065e-06 -1.1124033736e-06 -5.6504882662e-05 3.2972640684e-05 -0.000200263243 
-9.8463436335e-06 -5.8470450328e-07 -6.3955648778e-05 0.0052291504746 0.0096243997227 -0.018524797921 -0.0056096104502 0.0024272276501 -0.029326966362 
1.6071150533e-09 9.1433800645e-10 3.9256854171e-07 1.237589191e-05 -3.1489743479e-05 -0.00059919756779 -0.00013529859197 0.00013117478554 3.6786301465e-05 
1.1920428804e-05 -2.5592673277e-05 8.049361318e-06 0.0069705195967 -0.0064296578791 -0.029932854648 0.041009363918 0.010201935617 -0.020965192707 
0.018755717463 0.014347699714 -0.024060213679 -0.018849811196 0.0039503806544 -0.048679680253 0.0093430199103 0.016671722456 -0.027854753044 
0.0036550971503 -0.0090317167835 -0.054641810452 0.010728026754 0.0040936236881 -0.062871395738 -0.0027531458348 5.3981932314e-05 -0.052128166155 
-0.002412327064 -0.0044290978405 -0.061657363336 1.0084611533e-06 2.7655925757e-06 -1.7532985592e-05 -2.4234482966e-05 1.7660421473e-06 -6.8817307744e-05 
0.0048181052036 0.00016478509896 -0.029333996342 0.0022766815278 -6.3722078371e-05 -0.038143787756 0.0044121121491 -0.0046785039069 -0.031258168314 
0.0045323203154 -0.027200838736 -0.051615374318 0.0015511801152 -0.017340490774 -0.045441288461 -0.0045356809797 -0.006587870143 -0.04120049146 
0.0017189283119 -0.0057210258221 -0.055707814148 0.0036554173615 -0.001991830947 -0.052985979641 0.0064059996399 0.024208997264 -0.052779745699 
0.0048678468138 -0.0071928358535 -0.048155747811 0.0030119448546 0.0063112335622 -0.052192764239 0.0098120541143 0.016622245178 -0.059359430027 
0.017409260276 -0.0099945520242 -0.056641094151 0.0106352377 -0.0042778481441 -0.053431947858 0.0054530043959 -0.0073420125626 -0.049279883833 
0.014891794148 -3.0960505876e-05 -0.050351136371 0.0128833441 0.011788469797 -0.045715412295 -0.011362501602 -0.025411966392 -0.007357677618 
1.176747972e-08 -7.3326079444e-09 4.0230972165e-07 -6.3464762672e-07 9.1038983359e-08 -6.6837297566e-06 2.0745607182e-06 5.8196241886e-06 3.3407684766e-05 
-0.014228587447 0.0063070413009 -0.042764789124 0.0068270126353 -0.023107590869 -0.058256338319 0.0089428784154 0.0065626410719 -0.033905999069 
-0.0033698616576 0.011476750461 -0.041091970579 0.003578317639 -0.0066271800385 -0.048228204244 0.001684210693 0.0029246068129 -0.060139232243 
-0.0015866875132 -0.005177567429 -0.035215660125 -0.0060238148649 0.0087024255146 -0.038701826727 0.0067764961216 0.014481060515 -0.066488658706 
0.01206517304 -0.012819940251 -0.039924586827 -3.1831235391e-08 -6.2745505031e-08 1.6700043579e-07 9.2439539942e-05 -0.0002725371396 -0.00024843181492 
-0.033304950983 -0.0040787333091 -0.21595043495 -9.8249203629e-06 -2.6989256352e-06 -3.0219635147e-05 5.4779100534e-10 2.064562045e-10 -2.2623944351e-09 
1.2050052927e-06 2.1104852814e-06 -1.5162161329e-06 -1.9807573301e-06 6.2530013335e-07 -5.3190418804e-06 -0.011291046503 0.0038702883871 -0.031673869807 
-2.4320031854e-07 1.8605678908e-07 3.0589892714e-07 0.027587543185 0.013521899522 -0.20414025834 0.0049011154951 0.012676003089 -0.21952457523 
0.0052037574973 0.015340427967 -0.21347578539 0.013879055885 -0.0031906870224 -0.010601399044 0.011092499171 0.012100022128 0.034267983013 
-0.00094601276763 0.0071328880509 -0.040071556331 0.014096667977 -0.013093321799 -0.2098203605 -0.0093140242361 -0.025769870682 -0.21265675062 
0.0020964215478 0.0027818099055 -0.18661986794 -0.01376927645 -0.013976281367 -0.21869274749 -0.00028560509123 -0.0040211935199 -0.24488680474 
-0.0027154865454 -0.00084269493116 -0.21714031394 -6.6079641893e-05 -0.00011475227056 -5.9811674258e-05 -1.3637986207e-17 1.8433440433e-16 -2.2837557556e-18 
0.00015886422537 8.3410121396e-06 -1.7920651059e-05 6.3062889532e-06 -9.8340049157e-07 -0.0010650797256 0.0052931402506 0.0022829788473 -0.033040827452 
-5.460893177e-05 -3.3707303497e-05 -0.00054541834705 0.00014813559304 -0.00040140227267 -0.00046508303829 5.9388604308e-06 9.2214896265e-06 -0.00011748493366 
-0.023321517622 -0.021463136232 -0.22630980557 2.5562810823e-07 -3.893480911e-05 -9.3128552322e-05 -2.1708077691e-05 -8.3123485088e-06 0.00023124680031 
-0.0024374733148 0.010914615621 -0.02966788454 0.010707174437 -0.0030166783743 -0.059226314059 -0.013342817647 0.01239854785 -0.044207531113 
-0.0029256835289 0.013139437584 -0.033899494298 -0.012202538862 -0.0052973219335 -0.055972648167 -0.0038637072315 -0.0017293766503 -0.040264014149 
0.0033528258229 -0.0067250660228 -0.054952005439 0.0018150901468 -0.0082353152552 -0.049066154981 -0.0073950040155 0.002189964395 -0.025521285513 
-0.020770038389 0.0085097235631 -0.061644731513 0.0067278431779 -0.0064593268136 -0.051637823452 -0.014195373272 0.0085611370609 -0.034860402128 
1.6992885555e-07 2.9340769701e-07 3.311755856e-07 1.0142158181e-07 2.0607968182e-07 -7.1359583145e-07 -5.3187215894e-06 6.5872240897e-05 0.00011327530462 
3.0774393529e-09 1.6870858243e-08 -9.7611179399e-06 -0.00058665367622 -0.0057294657973 -0.041638482323 -0.0012445585365 -0.0067350647992 -0.055135976864 
-0.0066356700232 -0.0019652080322 -0.05133638487 -0.01189392494 -8.4480534144e-05 -0.049370096414 0.003035973596 0.013013816496 -0.056579135444 
-0.0086204872477 -0.0015812023513 -0.062357646341 -0.0048792709979 -0.00027913349401 -0.048886031578 0.003056344744 -0.0018207408178 -0.05586403011 
0.01671263368 0.0024853155176 -0.047353910837 -0.045206338148 -0.0061171642663 -0.043286402005 -0.0081544048009 0.010891336271 -0.06341534461 
-0.016363549916 0.011541204641 -0.045449874626 1.2129456761e-07 -8.919760833e-07 9.0017708264e-07 1.223148484e-07 2.5991031655e-07 -7.9592352513e-07 
-6.5665759576e-08 -2.789142047e-07 8.8040168797e-07 0.014620429531 -0.01424708529 -0.22959455546 0.029596501383 -0.026811974453 -0.19211167831 
-3.3123006241e-06 -8.0039919159e-06 5.3548640161e-05 0.0083278550879 0.0048763422639 -0.028690844561 -0.0039146861592 0.0066876219973 -0.038067442302 
0.005315404298 -0.0038749560568 -0.051470835986 0.0062114253561 -0.011651863598 -0.046115751873 0.015059055848 -0.0089453319231 -0.052824105315 
-0.0025758676993 -0.0016847933875 -0.03192306708 0.010313725046 0.003591348906 -0.057149247259 -0.0029976868488 0.0089394777676 -0.057278669816 
-0.00079644916544 0.0058048493505 -0.045175816456 0.004618735034 -0.017605478739 -0.048238803415 0.010983261583 -0.013511706508 -0.063922751814 
8.6701794237e-06 -4.901650609e-05 -4.3851597652e-05 2.2450589784e-08 3.2873204501e-08 2.563471098e-05 -1.0451315415e-09 -3.6229966723e-10 -8.1456004375e-11 
3.0363359692e-06 5.8864693826e-07 -4.9949246942e-06 1.3916322896e-09 -6.3305965004e-09 1.3827885195e-05 -2.4355710755e-05 -0.00014425750718 7.6660283021e-05 
0.0021205165257 -0.0072281829398 -0.04548357584 0.0058234381371 0.0024935794351 -0.033591523968 -2.779862369e-08 5.1951481105e-08 1.5717167052e-08 
-3.5102108315e-15 1.6467060841e-15 2.6998691436e-15 0.034856258326 -0.049873761448 -0.14349496915 0.00078617753862 -0.014913579996 -0.18247005435 
-0.006346223838 -0.010710282378 -0.20416142592 0.048322977341 0.0017168244016 -0.22471321818 6.4439788429e-07 -1.4164845059e-06 -1.4205633203e-05 
2.8876329394e-06 -2.4356084322e-06 -3.581184004e-06 6.9518377454e-05 8.9696119803e-06 -5.8340878668e-05 -9.7085893152e-05 6.9562772798e-06 -0.0001309172624 
0.014008207799 0.0050386400521 -0.049593052029 -6.4086884277e-07 -3.2714192913e-07 -5.217155225e-06 3.1565253712e-05 2.203295039e-06 -4.7791229771e-05 
-4.4127215505e-06 1.1756778761e-05 -2.6713939876e-05 -8.6745999169e-07 3.2917706395e-06 -5.9471721396e-07 -2.5041291565e-07 1.490035048e-06 -2.643026793e-05 
-0.0078247260075 -0.0085271286853 -0.049841791681 0.0049223870951 0.0033760387859 -0.031853107676 0.0035341006783 -0.00091322038306 -0.054876407097 
0.0084960252406 0.0089834529374 -0.03479602415 -0.013994034023 0.016088918995 -0.042866170619 -0.0038442700818 -0.0033684132531 -0.069159242042 
-0.0046853142557 0.019631091665 -0.044609770809 -0.020396056756 -0.011903682522 -0.054743730207 -0.0076486919932 -0.0075749001913 -0.043144414085 
-0.0012915428213 0.0077302179175 -0.036829422027 -0.0044866456863 -0.0051062364637 -0.037130123333 -0.0089785733889 0.0021403948457 -0.064975336751 
-6.7148252694e-09 1.7554158941e-08 -2.2571079975e-07 -5.3215857018e-08 -4.7740898105e-08 5.8568787379e-07 0 0 -0.215815095 
2.5683781098e-06 2.6959500534e-06 7.4086306897e-05 -4.2939569396e-08 6.3020356402e-07 8.236071055e-05 -0.00295285872 0.0018189447867 -0.034699979159 
-0.0039286839398 -0.0031106667547 -0.034924709461 0.001699969804 -0.0050610266625 -0.042703468711 -0.007010360479 0.0071149715935 -0.053677098547 
-0.00087221368344 -0.0078608774689 -0.067027588518 -0.00047618037692 0.003243589571 -0.06108553789 0.0044157519146 -0.0025041561616 -0.066504547011 
-0.0024508220446 0.0050445530607 -0.046622580409 -0.007681317743 0.0011596238763 -0.042848375985 -0.0046323323094 -0.0087508193969 -0.067473295026 
0.0059085604884 0.0031333409643 -0.037286653788 0.0023834004083 0.0046264529608 -0.054104703495 -0.017624249208 0.00057293086621 -0.21874072132 
-8.3962110212e-11 -1.3119082303e-10 -5.7767851215e-08 1.0780400348e-16 -9.3607901592e-17 8.2255651527e-18 2.1172420494e-07 3.5413976602e-07 0.00026102013247 
-0.011010453008 -0.0025553017698 -0.044836144983 0.013536298688 0.0049784321232 -0.045644732322 -0.0096911999275 0.0054427490552 -0.031134768506 
0.0082796025485 0.0096028956126 -0.036965911206 0.017157257932 -0.011191372696 -0.072051906226 0.0016604263478 0.003127753015 -0.053548511291 
-0.0013339650437 -0.010369209593 -0.061241489917 0.0068670996735 0.010605551256 -0.043823296023 -0.0071337615939 0.015862428476 -0.055326005407 
0.0086368124193 0.0059947580713 -0.045337334354 -6.9524503028e-06 9.870260371e-06 1.5738014769e-05 2.1506487412e-06 -2.718367531e-06 -9.1450417435e-06 
0.00014386245591 6.7403014438e-05 3.120215509e-05 -3.0603411442e-05 -1.0707578396e-05 -0.00013715878915 0.0062189797193 0.0015560250282 -0.039375735856 
-1.5899261952e-06 -2.4162290867e-07 2.6049600405e-06 -0.0089001391612 -0.00923071908 -0.029537064601 7.9626911086e-11 -6.9718689663e-11 2.1753135768e-10 
-3.4558820177e-08 1.3768591022e-08 -3.524540777e-08 -2.6840651398e-10 3.6070044478e-11 -8.1666888532e-10 0.027107144 -0.0032242124269 -0.21033697998 
-0.034053189249 0.014025041608 -0.21107226597 0.011115966738 0.033977271664 -0.19026308493 0.0020443261583 -0.026342398743 -0.2106921435 
-0.0036699499714 -0.01073860789 -0.20178951907 -0.024780342396 -0.010991508119 -0.20569801596 -3.894988156e-07 2.1594929841e-06 -9.2213889337e-06 
-2.8531240269e-06 2.3710653819e-06 -3.5009063702e-06 -1.7965631535e-05 -3.9359214923e-06 2.6977845019e-05 -4.372456807e-05 -1.9159799103e-06 -4.3520884202e-05 
-4.1767956097e-16 2.112798469e-16 -6.362162701e-19 -0.010054617864 0.00057018570184 -0.20674098711 -6.5734860792e-07 -5.0513971258e-08 8.7692733086e-06 
-0.00057319373371 -0.0075262444536 -0.030673479328 -0.0046114336089 -0.0063550131715 -0.043944528131 0.0030938685084 -0.016023522259 -0.032650454002 
-0.0098018792768 0.0028033642749 -0.051506058607 -0.010311560803 -0.0050111372581 -0.030295187417 -0.017605278215 0.0028840537867 -0.059655223299 
-0.0025407108912 -0.0061671946148 -0.05164297186 -0.0051040051033 -0.0069345255471 -0.063528419279 0.010011058282 -0.0016011017624 -0.040427491783 
0.010297527431 0.0081738319549 -0.035504638369 -0.0071766169027 0.011552688008 -0.041784197758 4.4418108554e-05 7.4706985583e-05 -0.00013879249664 
-1.1928255057e-06 -2.0236381589e-06 2.8258233808e-06 -0.011581756445 0.0019370674482 -0.20552523617 6.1601244271e-07 3.4547140867e-06 1.7611991456e-05 
0.0054933980371 0.010445009055 -0.031653783212 0.0080263151103 -0.0057618271964 -0.024500513317 -0.011034687892 -0.00021648489109 -0.056369067876 
0.011825233484 0.016523388859 -0.065708077641 -0.021501683132 -0.0023049420391 -0.062084439139 0.013803683726 -0.011055872034 -0.059532965143 
0.00046052364793 -0.0057335980564 -0.041879824204 0.0045128638327 0.00277291911 -0.064331358449 0.0025597544129 0.0046206847893 -0.06414446657 
0.0052320342082 0.0025076764058 -0.056841375198 0.0068040868137 0.0053438597933 -0.053968761361 -0.011873643787 -0.0036863564535 -0.055141692499 
0.0094891730579 0.005420414571 -0.063236372209 0.012065237885 0.016826125075 -0.049463137654 5.6000203211e-09 -3.4711032937e-08 -8.0451805534e-08 
1.3992009447e-12 1.6731495032e-12 3.4557846536e-09 4.4319161989e-09 3.170810807e-08 8.3258994487e-06 0.012188018846 0.00019266175647 -0.059256877489 
-0.0072685871178 -0.0027677846628 -0.045175609806 2.472421149e-05 -0.012467538578 -0.063446186271 0.0075492916108 0.0061948829944 -0.057466890213 
-0.0025239540827 -0.016146057432 -0.024299812458 0.033279719415 -0.023173270931 -0.042271200801 0.01195735512 -0.0056980027709 -0.046966285787 
0.0015859116901 0.018650287535 -0.044406951171 0.0042193798002 0.0026497863759 -0.051503814366 0.0102455937 -0.0017899624366 -0.039131883379 
7.3462422314e-08 -8.440027655e-08 -3.1395176598e-05 -1.3876068513e-16 6.6542725007e-17 -7.3530445287e-18 1.3754973899e-05 1.9110784668e-05 -9.6035887068e-05 
4.6701827164e-05 2.5629415877e-06 -0.00014555491065 4.0357069729e-05 9.4257233377e-06 -2.9468565735e-05 0.003742680032 -0.0066296094501 -0.025133220745 
2.7474750637e-05 7.9921896194e-05 4.7879532611e-05 -0.016264000991 0.020349831202 -0.20650094767 -0.0067100661801 0.01710634093 -0.21088187485 
5.5754250855e-06 -2.9935623114e-07 1.5616157761e-06 -4.6703199841e-06 2.0011375206e-06 1.1405668657e-05 4.222490095e-10 -7.4255884092e-11 1.376336587e-07 
1.7474521768e-05 -7.3113915566e-07 -2.1665543961e-05 -6.7374455082e-06 -3.7403496864e-06 -3.7276470603e-05 4.0647428096e-06 8.0979787176e-06 -3.2366677665e-05 
0.021030977712 -0.016394252609 0.0097473196469 5.7299391554e-06 -2.0893994234e-05 -2.4616366514e-05 -2.4681133674e-06 2.2053036719e-06 -2.5753435353e-05 
-6.5516667662e-07 9.3731372354e-07 -2.4066324314e-05 9.7012754599e-06 -0.0098707438878 -0.0525330479 -0.00068740601234 0.0029058342395 -0.01655390491 
-0.0025026157056 -0.0092619626022 -0.07212234295 0.0018190389094 -0.0044470588185 -0.045218644446 -0.0037425684105 -0.0090457009159 -0.042792277008 
-0.00040959467878 -0.0079996427153 -0.052754021172 0.0051217154447 0.0042922025403 -0.027541269168 -0.0065552583847 -0.0077868998861 -0.037618049029 
-0.0034854827022 0.0053824393208 -0.037314161548 -2.3379724254e-06 -7.1564798587e-06 -2.8823111363e-05 2.1208195072e-05 4.2245897857e-05 0.0001205052388 
-1.7652609245e-06 -6.7820231091e-06 1.8347203564e-05 -0.0038351410047 0.016494015814 -0.036058783117 0.0018128312253 -0.0057914831408 -0.062163901425 
-0.01205967825 -0.0081356015694 -0.053760659498 -0.00030378447395 -0.0011022940983 -0.059846627494 -0.0081897217908 0.013267742633 -0.064420400981 
0.0053934372209 -0.0019302571085 -0.043423336051 0.0052357876431 -0.0024758481266 -0.057252630648 -0.0012234640858 -0.0060989905716 -0.059673241667 
0.026401333015 0.013788477301 -0.053347243244 0.004136724818 -0.0030083667784 -0.062530929853 0.0006799977879 -0.002939548452 -0.051636885232 
0.0040281704358 0.0063510295943 -0.035961439503 0.0085424384048 -0.010042291888 -0.051073662684 -0.0019330179693 -0.0053146014742 -0.054857161733 
-1.5298867723e-06 -1.7783591544e-06 -1.1057920138e-05 -1.5352916411e-07 -2.5333381667e-07 8.7313522472e-07 1.0411281736e-09 1.5036019507e-09 5.2732988347e-09 
-0.011707054261 -0.0043291695479 -0.044753856679 0.0041523966475 0.0036555018952 -0.03140747334 -0.0070582327855 -0.011489159197 -0.048104926888 
-0.0029620010187 -0.0069083092334 -0.057903465639 0.010830025035 0.0037665070686 -0.033414370554 0.016832849496 -0.012712822646 -0.047194268262 
-0.0064681887603 -0.012592374106 -0.051255912436 -0.0032573814274 -0.0034658328175 -0.042630946637 -0.014445304556 -0.013204858723 -0.026266459626 
-0.005833813873 0.0018388796242 -0.039297856592 -0.0043581272563 0.0015193624653 -0.053017959491 0.0026097655464 -0.0053827890704 -0.043624570893 
0.0031385126486 -0.0023923995645 -0.044247541461 1.5928320531e-06 -1.1978338009e-06 1.5922808678e-05 -8.0016414422e-08 1.7237387991e-06 2.9608530924e-06 
-7.4419507721e-07 1.934459369e-06 -7.6644260982e-05 2.3528378733e-06 8.0669001834e-07 7.1642922215e-06 -1.4500534499e-15 -8.7183017714e-15 4.803573696e-12 
-2.3906661541e-06 -1.4847324806e-06 2.4455506097e-06 -1.5937950039e-07 -9.184147432e-07 8.3383330079e-06 -3.6113722923e-10 2.8113203898e-11 -9.3708662178e-08 
1.3462688449e-06 8.2805717763e-07 1.1477717227e-06 2.1890417244e-07 5.8766294972e-07 1.405651118e-05 2.5593678985e-07 -1.1131074891e-06 2.3881849053e-05 
1.990923555e-05 -9.8806380973e-06 2.884644674e-05 -0.020993145259 0.013010435592 -0.25063573717 0.02200616995 0.0044096987937 -0.20782313662 
0.00037152929161 0.0013076938056 -0.19132361158 0.035334641266 0.042033732747 -0.19404064709 0.014901453789 0.014933102103 0.01375153878 
-8.4950668992e-06 1.6814238706e-06 -2.0287093651e-05 1.0296012257e-05 -1.0818199658e-05 -2.8614448439e-05 6.0855639442e-06 -2.9537361146e-06 -1.7954352978e-06 
-3.74908389e-06 2.9492739817e-06 -0.00022502664675 -2.3462233847e-06 1.1210231618e-06 1.4469322308e-06 1.0461606913e-05 5.0057987638e-07 1.1774447224e-05 
-0.010221932927 0.016052538495 -0.02276461604 -0.001302111732 0.0035124805853 -0.029845523152 -1.3528699449e-05 -2.4794553927e-05 -2.1997090779e-05 
-9.0593247782e-05 -1.8065733519e-05 -7.0240012345e-05 -1.7684808985e-06 -3.8224016168e-06 -1.6085505885e-05 -0.0009319484247 -0.00026736879905 -0.00031592879396 
3.42371485e-05 -0.00011187480796 5.6647914891e-05 4.7745301137e-05 -6.0248202214e-05 -2.740090978e-05 -0.0021648203553 0.0019881325926 -0.04525071814 
-0.010241018072 0.010703932302 -0.047081313885 -0.014592390564 0.0012497904054 -0.050703799288 -0.020064996815 -0.0022497046941 -0.047501254748 
-0.0035739727839 0.0068553291017 -0.037081576713 0.00088502524367 0.0013911822556 -0.064308639885 -0.0044659439564 -0.0024600975463 -0.057430614778 
-0.0082591491329 0.00015474822814 -0.061045056114 0.0038365804075 -0.0062087373884 -0.056027413861 -0.0025185531616 0.0046785408778 -0.037721211673 
-0.002144594732 -0.0043383162122 -0.036232029168 0.0074101471402 0.010129565621 -0.038472000758 -8.0110644076e-05 -5.6498487687e-05 3.8422620649e-05 
0.00017110720471 0.00015895177863 0.00048113944042 -4.356812877e-06 7.8177937516e-06 -8.3906004612e-06 -0.011035071619 0.0007234067287 -0.041859867143 
-0.0025282291064 0.0037204457633 -0.039653800915 -0.0015196603977 -0.0094202494865 -0.064825903745 0.0013215796812 -0.016821723284 -0.035910550404 
-0.0037680515494 0.0020215459245 -0.066037255856 -0.0021832960181 -0.0065103217155 -0.053669486319 0.001571814052 -0.0068969041303 -0.046050762104 
-0.0034244048412 -0.0070365189232 -0.059338695775 -6.4967138304e-05 -0.000431435203 -0.053282873409 -0.0041547957956 -0.0043298969437 -0.057302810377 
0.0076364757796 0.0028341414428 -0.04732785202 0.0059512074312 0.00046959058726 -0.054823118265 -0.025532094422 0.0014101015556 -0.046981985404 
1.0916269809e-07 7.9608111047e-07 -2.2711536203e-06 0.0050757321739 0.0041657282029 -0.023689649595 0.021649208575 0.0032052001292 -0.12691618024 
-0.011280398562 -0.00020213664524 -0.19508817451 -7.9693958821e-17 1.4621762852e-17 4.1877947255e-18 -1.0280080838e-07 -1.4098448034e-07 1.0369351322e-06 
1.023985464e-08 4.3317892448e-08 4.0507387668e-07 -0.0021522853961 -0.0080527636619 -0.04071540237 -0.0098993609516 -0.0037130635247 -0.049574009245 
0.0060746864993 -0.0045917396929 -0.065802523029 -0.023123892807 0.0011582482511 -0.047056004496 -0.003863234477 0.0025991393511 -0.034457292114 
-0.00033222371046 0.0037890260757 -0.057904522975 -0.008982904498 -0.016082991848 -0.065195795705 0.007978442839 -0.014781390277 -0.037184744378 
0.0012661346023 -0.0055615695775 -0.031483363286 0.0038192960195 -0.0053514835533 -0.037874548142 0.0015484331332 -0.0044922225314 -0.058295026429 
-0.0019490269804 -0.0013250651977 -0.026106512776 3.93499588e-08 2.3292138144e-08 -1.1643898693e-06 -1.1652191247e-06 2.3102784225e-06 -4.1591938605e-06 
-3.109241883e-06 3.7664099777e-06 6.1151322965e-06 2.0550551415e-07 -4.5766228651e-08 3.6118287021e-08 -1.0514855692e-07 2.0183428827e-08 -8.7335644941e-08 
-0.001448504425 -0.0050859984616 -0.043450423378 -0.0067341348015 -0.00061255720235 -0.041011922154 -5.5442271575e-07 2.9413023259e-07 4.3221003738e-05 
-0.020131213742 0.024031924788 -0.18253983042 0.023504883085 0.026901667815 -0.18109993782 0.018196322652 -0.041172480741 -0.12656018983 
-0.019704445584 -0.019501989782 -0.2158063599 -0.0061596272023 -0.027906619233 -0.1965626976 -7.7487242866e-06 3.534922478e-06 -1.5557076549e-05 
2.5739531053e-06 -5.0595877627e-07 -2.0125137971e-05 -0.0012580240082 0.00056751139482 -0.028301615421 5.6987615027e-09 4.804282018e-09 -1.6985227888e-07 
-0.00022411155836 -5.8264255519e-05 9.2848868105e-05 -9.8646138897e-05 -0.00012582795425 -2.7628328176e-05 6.2805905531e-05 0.00011417874869 -0.00014408085723 
0.024735169427 0.015262126734 -0.011991269365 -0.0072856857453 -0.002346514218 -0.052779079947 -0.002529066649 -0.011315120195 -0.051692647419 
0.0042880229182 -0.01010108862 -0.05219637307 -3.9003687159e-05 -0.0060528634083 -0.042111329951 -0.002220320152 -0.0049632044842 -0.046547520924 
-0.00096669619696 -0.0053929483266 -0.05269837814 0.0099369400415 -0.01010423038 -0.03611078446 0.0073245384092 -0.0044663680949 -0.049665626216 
0.0097474996927 -0.0036046181135 -0.019603811834 -0.026534999151 0.019488135601 -0.041648102628 -4.3734076585e-05 0.010761345967 -0.027758944171 
-6.2462801657e-17 -1.938833213e-16 -4.7011558868e-17 0.037125585721 0.013503442481 -0.19455938077 -7.2408280655e-06 3.6629126138e-05 -2.7559465457e-06 
4.7167253297e-06 -2.8002273045e-06 -1.6241588873e-05 -0.0019345978917 -0.0055727571965 -0.041010026743 0.010148366902 -0.0016846154577 -0.051015443628 
-0.0021461431084 -0.0096612165493 -0.05062919628 0.013039538735 -0.0057875342321 -0.035769120006 0.024045224012 0.010879562887 -0.050922468807 
-0.0020010444399 0.00020224762508 -0.058612813622 0.0059140116185 0.0034782664655 -0.041676008482 -0.0047085553483 -0.010062839187 -0.054094293434 
-0.0022347881383 -0.0041386441189 -0.056986143365 -0.010347932668 -0.0056020376449 -0.054646463567 -0.028339255932 -0.0070902589491 -0.044361039995 
-0.00074426140504 -0.00059673672665 -0.015142792602 -0.0058807626623 -0.00070475385591 -0.059438369369 1.8428002317e-05 1.0892884063e-05 2.9946836638e-05 
0.0068552108669 0.021347482204 -0.035235462769 4.5396135144e-07 2.4273738463e-06 1.4626359532e-05 -1.1681957567e-06 -1.9891867236e-06 -1.6756740375e-06 
3.830294171e-06 1.2928142225e-05 1.5589906202e-05 -0.0029939202456 -0.0011607687005 -0.029120438918 -0.012766541974 0.015605208453 -0.040623370175 
-0.010845028124 0.0019645959853 -0.031590335651 -0.0088252709756 0.0089398300735 -0.042671397594 -0.00071874236462 0.0047447469001 -0.0571995973 
-0.0074646803857 0.0044490578864 -0.045737998084 -0.002352372656 0.00028766855492 -0.058192884658 -0.012315865608 0.0023458313254 -0.024443635083 
-0.00068653955094 0.0063550219367 -0.051776288574 -0.003055248304 -0.0031942049541 -0.035499638254 4.9381586607e-06 -1.5522523167e-05 2.7433014753e-05 
-9.7787097777e-06 2.056067422e-05 -5.6281763109e-06 1.9209237089e-10 1.092688456e-10 2.649689602e-07 -3.2010846604e-06 1.0514229838e-06 -2.7956893049e-06 
4.1184357611e-07 4.5170301264e-06 -4.7915039182e-05 -1.0306043041e-09 6.3282211254e-10 -2.2999196194e-06 2.2128242462e-06 -1.5341981345e-06 2.3103156922e-05 
1.2721767807e-07 3.8218956625e-07 6.7952466331e-06 -0.0027215611326 -0.040430700842 -0.18461134647 -5.414863866e-05 -8.3202112829e-05 0.00033660243699 
1.7338911318e-17 2.7238097937e-16 1.7201436062e-19 -5.1898749827e-06 2.9491817387e-06 3.525514214e-05 5.7414694239e-05 5.1712985103e-06 -2.8548061739e-05 
0.0060389981909 0.011370612883 -0.04489484739 -0.0085411537517 0.0068677287653 -0.040616911696 -5.4582456136e-09 -2.2263443154e-08 -2.419000476e-07 
-1.5585328066e-06 3.3074507241e-06 -2.8739295038e-06 9.4464732017e-07 -4.0558925082e-06 1.478693854e-05 -0.0085360083021 0.0061899507476 -0.037621131384 
-0.00055544304161 0.011692067093 -0.020948564264 -0.0059346842104 -0.00261110297 -0.052660668383 -0.0021560443398 -0.0005695425406 -0.025334306703 
0.0030451582185 0.0012507561277 -0.022303761319 -0.0080752070926 0.014929757602 -0.061660238676 -0.0035010899339 -0.0017963013397 -0.043484309145 
0.012128403828 0.0058919252077 -0.02963355973 -0.0013581066884 0.0010942635047 -0.04524664251 0.0092513592744 0.01086187475 -0.050850212054 
0.0022814191395 -0.014663693632 -0.043758298958 -9.2576514638e-08 -8.0380610179e-08 -1.0022437221e-07 5.1852849644e-09 -8.3890764491e-09 -1.0937015259e-07 
-4.7612672757e-08 -3.3080827399e-08 9.5554535851e-08 5.1985927247e-08 1.0770783175e-07 3.9360391262e-08 -1.2266937731e-06 7.5393375684e-07 5.2271577903e-05 
-1.4379720241e-05 2.5549043705e-06 -0.00012969136739 0.0049182727466 -0.0050379872598 -0.030931441433 0.0075294498373 0.0070924121732 -0.028169402418 
0.0022181390711 -0.014161357843 -0.038441591109 -0.0050517441933 0.00060997987403 -0.019255336787 0.00037572367877 0.0059930317018 -0.03364460841 
0.0072769201454 0.0025371451193 -0.021974874871 0.0068670077363 -0.0061580629745 -0.042071068483 -0.0053277937487 -0.0069712819109 -0.044982449185 
-0.0022494120822 -0.0061758822947 -0.036842456028 0.0088211163758 0.00096791445331 -0.036836289946 0.0050903673096 -0.00048169714184 -0.018084769535 
-0.00072459128713 0.0081778189784 -0.041513057343 -0.0040434039204 0.0074428598718 -0.049273250463 -0.0067050772674 0.0078533703178 -0.032572620151 
0.011428253586 0.00057385295618 -0.035341496689 8.442170607e-15 8.3476376148e-16 -6.9579355739e-06 5.4306197173e-09 1.0219036808e-08 -5.6050304249e-08 
0.0012577849452 0.0042033701497 -0.039954777873 -3.9015008963e-06 -4.881278283e-06 -1.2458381457e-05 0.012213871089 0.00083791539185 -0.01909961169 
0.0061885650783 0.0023441964509 -0.033158585007 0.0049958181386 0.015498127822 -0.033886817361 0.0071276663428 -0.0072538070026 -0.049963291355 
0.010531538339 0.010967323731 -0.051092150491 -0.002538649381 0.0033025668319 -0.038241147127 -0.0042791080803 -0.0013972981613 -0.043330944543 
0.007772602526 -0.0067215363872 -0.041717219343 0.0022399628954 0.0020439569622 -0.046830590919 -0.0027512825044 0.0078758264014 -0.048027077438 
-3.218090997e-05 4.5745213832e-05 6.5330713147e-05 1.023928957e-05 -1.0162009989e-05 3.1308735292e-05 4.381319644e-08 -1.3686209758e-07 4.3656852564e-06 
8.3779565858e-12 4.0675273611e-12 6.7178975755e-09 0.00031062404228 0.00010843157576 -0.00033386292382 2.5780352384e-09 1.9443529775e-09 6.0425387891e-07 
0.00062873659025 0.0025912117329 -0.00288219686 4.894539151e-08 -1.7141212587e-08 1.2190131502e-05 -1.293434119e-06 -2.4476218884e-06 -7.230408659e-05 
-0.025279783362 -0.021156586324 -0.19148626679 0.006123994756 -0.016045048901 -0.19272214477 7.2031623586e-06 -3.0683856467e-06 3.6746560085e-06 
5.8004881952e-07 1.6241454459e-06 -1.8499541937e-06 -2.4313233644e-06 -2.4575362313e-06 9.5869863909e-06 -5.4220416051e-06 7.0595314357e-08 -2.1243864466e-06 
0.00896648478 0.014968982168 -0.029913903714 -5.3148862177e-08 -8.8210795533e-07 -8.3774630093e-06 4.267080459e-05 -9.7822350316e-06 1.0806319915e-05 
-3.1538061285e-06 -1.0432304058e-05 3.125399529e-05 -0.0033984509905 -0.0021535821523 -0.03880510999 -0.0020297670096 0.009750363016 -0.027110283076 
-0.0050733018475 0.023345025734 -0.043169535508 0.017917024451 -0.0058841636557 -0.02832062412 0.006111116128 0.0088854011186 -0.042770199429 
-0.0019288319329 0.011283045962 -0.051865136567 0.03043259799 -0.0042394300732 -0.025423129562 0.00094939884445 -0.0054112888047 -0.042630097602 
0.004117989532 0.0024138900914 -0.04461412269 0.0032489367288 0.00019826442253 -0.043688650654 0.017112303266 -0.015089285384 -0.021649123538 
0.0044366958178 -0.0046555749819 -0.03628377521 4.1007957607e-11 8.6575404364e-11 -9.2372251324e-12 9.6716388316e-05 4.7755520413e-05 0.00023031641347 
0.0046641693903 -0.0058995432898 -0.020319514152 0.0068370907417 0.010622599387 -0.033140156965 0.0026228202288 0.011277907472 -0.031903015172 
0.006758724457 0.0091113051065 -0.02921588662 0.0075568721175 0.012090407153 -0.032981583548 0.0029831317175 0.0018169517392 -0.04115593177 
-0.0050504614927 -0.0006771406494 -0.046305319697 0.017754195203 -0.0030820826346 -0.04934903771 0.0011904325819 0.00040946256122 -0.045561431152 
-0.0042095921744 0.00093933064941 -0.039872095758 0.0055886273758 0.0010648490256 -0.043249552252 9.5141852518e-07 -2.5933452909e-06 -4.4285317757e-05 
-0.0052522789812 0.0007306835289 -0.025441325219 9.1839240659e-07 1.4111231057e-06 -2.2372426241e-05 -5.9770796816e-07 -1.0564086494e-06 -1.9107773136e-06 
-1.3134627319e-06 -1.5974498093e-06 2.7126863365e-05 0.0039811941101 0.013180710132 -0.035025513928 0.0023306488038 -0.0042345438986 -0.025891565945 
0.0061834046137 -0.0076282153704 -0.032553145005 -0.0087872465354 0.021327194217 -0.035297451028 0.0070659341723 0.0075665903061 -0.028960273515 
0.021958545577 -0.0066560431784 -0.040093535922 0.016130242022 -0.00046920327809 -0.038515740322 0.0029255600125 0.014281299334 -0.042097691138 
0.010624883965 0.0062191381441 -0.034433137168 0.0019801484127 -0.0054830758618 -0.032913487231 0.010587413081 0.0080056687564 -0.054936571015 
0.0036347022227 -0.00085465573593 -0.027505707893 0.0056506120803 0.0070777493366 -0.048165571564 0.0065340873134 0.0031860593052 -0.041045404358 
3.5194054259e-09 -1.1163733359e-08 -5.5088345522e-09 5.244088255e-09 -7.9412201754e-09 -1.1250864736e-08 9.1227134474e-07 -1.2639013447e-06 1.8388421596e-06 
2.8416588223e-08 1.0648788291e-08 9.0313222576e-05 -2.6537315369e-08 -2.4921313104e-08 -6.4624724792e-06 0.0021964080555 -0.0057537736789 -0.034478868835 
-0.00010332272043 -0.00010503948997 -0.00036901080447 0.0030267037195 -0.018489272797 -0.018952949567 -1.9357688775e-07 1.319886646e-07 1.0187634495e-06 
-9.7712400599e-05 7.100521294e-05 -0.00027415175209 -0.016919517363 0.005098621854 -0.23817413247 0.0076209925402 0.014990469943 -0.17585001582 
-0.028885421547 0.018874587146 -0.24668269081 -0.0017373703197 -0.019775595611 -0.16813284658 0.0082026813972 -0.00088947935728 -0.20936710485 
9.6018328208e-07 -3.7777928349e-06 -7.7993849387e-06 5.6103487205e-06 -2.5216683615e-06 2.2097015918e-07 -3.9688742978e-06 1.0235239274e-06 -1.4842281582e-05 
1.0193529238e-06 8.1273512115e-08 5.259711631e-06 6.1215504375e-06 -1.4744947753e-06 -1.0120418968e-05 -0.00050806606803 -0.013893949392 -0.048445368766 
1.3335015419e-07 1.3336996709e-07 -1.4943376737e-06 -7.8076664905e-06 -7.6217061737e-06 -9.9879307223e-05 2.9121847844e-06 3.3822983007e-07 -9.6882360129e-07 
7.1172485098e-05 1.913336653e-05 -1.4116061968e-05 8.2587079781e-17 2.6258141562e-17 1.6915883577e-16 -6.2354077411e-06 -3.7300199173e-06 -3.3303604846e-05 
-1.309148053e-11 1.0729859728e-11 -6.4243597132e-11 -0.0080267595449 -0.0048283431263 -0.023949636892 0.0081572045402 0.015618215529 -0.028158135338 
0.0067369232236 -0.00040962808785 -0.031250457137 0.0034009556243 -0.0036547558757 -0.032200870957 -0.0027716625636 0.014522807551 -0.021587912579 
0.0022098141953 0.013752832251 -0.035894095259 0.0059440926334 -0.0047288112926 -0.012847219597 -0.0031681022135 0.00011719780833 -0.042695715111 
0.00365865014 0.0024848022997 -0.047750574858 -3.7324167533e-09 -6.4022115001e-09 6.3625427257e-07 0.00045374502399 0.00032610696518 0.00033955702052 
0.0025637307639 -0.0090457057603 -0.023765916466 0.0015428891169 0.00022506297443 -0.017760084105 0.0093635721189 -0.0049232621675 -0.021511096789 
0.0097542712525 0.0067190780924 -0.023170350146 0.0043271815209 0.012600801477 -0.035815327042 0.0072822235697 -0.005065029713 -0.043399451175 
0.009398462104 -0.0037635580015 -0.040591845866 -0.0055312941547 0.00076328822467 -0.03898822446 0.0022317974086 -0.0023661749637 -0.035793573521 
0.0079948939533 0.00081566564798 -0.038484111293 0.0012586518597 -0.0032652036756 -0.036394650534 0.010731512107 -0.00037226883869 -0.041223508307 
-0.0004799605617 -0.0052896813285 -0.044244164117 0.0027541780184 -0.010444176384 -0.04710109914 -0.0077510929479 -0.00073487963816 -0.037607072798 
2.3096483369e-10 4.9144071711e-09 1.7037276446e-05 -1.5560496873e-06 3.2939626872e-06 4.4024568551e-06 -9.2234763523e-08 6.4395078088e-07 -1.2742327103e-06 
4.2955163527e-07 -7.0222784625e-06 2.0627763828e-06 -0.00052567850619 -0.0003930746918 0.00077301191701 -0.0052316155949 0.0022093631203 -0.036133732412 
0.0038982562624 -0.0078077188588 -0.025378630891 0.010416810295 -0.0098361073654 -0.044572091583 0.003345791426 -0.0057027860588 -0.023653274723 
0.003715691859 -0.0056299265289 -0.036235403722 0.0024790153741 0.0024327086772 -0.049609657827 0.0005132046147 0.0076080295487 -0.0489455659 
0.0089073737493 -0.0075546926224 -0.017304030668 0.0044194737183 -0.00946218069 -0.027704288384 -0.00059358113402 -0.004589313747 -0.036502343507 
2.206510272e-06 -1.5268691499e-06 -5.9027420077e-06 3.1107268453e-05 0.00013983396373 -0.00012355217073 -8.9073893936e-11 -3.0836763259e-11 -2.6374891645e-11 
9.2227990338e-16 -3.2944300379e-16 -2.4092219535e-18 -1.4211303298e-07 2.4828720279e-08 9.5698973867e-05 2.5195754712e-07 1.2949287892e-07 -1.1800945165e-05 
3.5804794948e-07 -4.7693031398e-08 -0.00036912395752 -0.0021838100713 -0.011650014628 -0.0067579184785 3.2159791253e-06 -5.6271157261e-07 3.302308555e-06 
2.4384153263e-06 1.3227961533e-06 -6.6225342659e-06 -0.032270234588 0.013076470623 -0.18399200581 -0.018348429187 0.019890413353 -0.22001352739 
1.044348324e-08 -7.0605916218e-09 -8.4076336848e-07 3.8911465841e-07 -2.1248407934e-08 2.8890440584e-06 1.1235400623e-06 2.8435318768e-07 3.9982868204e-06 
-0.0045389487271 0.0036064541057 -0.042106422723 0.0066755455887 -0.0023369782945 -0.035529328493 -0.010955253521 0.0067379039418 -0.015298756178 
1.2931054748e-05 -5.1337666126e-05 -9.8638898951e-05 9.8587691396e-06 -9.2915590327e-07 1.9198513364e-05 1.5794247121e-06 2.8601216093e-06 1.7478448936e-05 
-7.7615788118e-08 1.1690368605e-07 6.819505412e-05 -0.0071817575361 -0.0063030175095 -0.040066164663 -0.0043825419567 -0.0032856930054 -0.0443305861 
0.00027280177579 0.0071984126392 -0.026129753043 0.0099145716349 -0.011212527688 -0.035128511958 0.011343044887 -0.0040035345871 -0.036155637752 
0.011477796133 -0.0054792249607 -0.0270537093 -0.003431750692 -0.007992347641 -0.02422501295 -0.0076174851624 0.011206336583 -0.03034189406 
-0.0038873558368 -0.0011643863395 -0.034963796258 -7.0155774426e-06 -3.0126280865e-05 7.6641904585e-05 -2.4928017357e-07 2.1493564905e-06 0.00014390710238 
-0.00063404549752 0.0057576423959 -0.020500969763 -0.015154480115 -0.00052638337049 -0.031683108598 0.0086488754419 -0.0029107781662 -0.032066608905 
0.010409173793 0.0074992890042 -0.035248585571 0.002122875797 0.0045037856213 -0.040322828466 0.015637701979 -0.00071823291008 -0.042373932757 
0.015443792228 -4.5722605538e-05 -0.030844208377 0.0038932119414 -0.001679109604 -0.04240733512 0.0054784036555 0.014334847486 -0.037898398733 
0.00084298122675 0.0056899340854 -0.035095703159 0.007673399559 -0.012560240761 -0.045466986377 -0.0025511782881 -0.0077976404333 -0.036139734165 
0.0098029098806 0.0030454934614 -0.036769054516 0.006444209743 0.0010207264581 -0.032088118975 0.0093951195741 -0.01000372126 -0.045559955619 
0.011649994778 0.017930321393 -0.04877895542 0.0069054458701 -0.00017134660382 -0.046121653942 4.8363982739e-08 -2.994127558e-07 -3.1674627065e-08 
1.2935803899e-06 -3.2797630957e-06 0.0001203902495 2.3523426799e-13 4.5489473311e-13 9.2643088269e-11 1.074089957e-08 2.5177099165e-08 9.2767856088e-06 
-2.4128141271e-07 -3.3394310357e-07 -2.7571463547e-05 0.0025400491657 0.0015534750217 -0.024702959222 0.0067163923051 -0.0028147503976 -0.024485427263 
0.012435659125 0.0072289578431 -0.026458980932 0.00047778561104 0.0020338080947 -0.032722953488 -0.0047200471543 -0.0022540828749 -0.035195342458 
0.0018723339918 0.0019328129233 -0.038572055385 -0.0022817908749 0.0034200635598 -0.041897594689 0.0078984910785 0.0043290898298 -0.035401790504 
0.0038875589924 0.0087181160986 -0.032471857178 -0.0061962198216 -0.0020183658698 -0.042759113651 0.0034554936835 0.0060085436497 -0.039769303047 
0.013354792381 0.0060165247631 -0.033788262688 0.0080527808014 0.00010029580498 -0.025410602167 6.3975086917e-07 -7.9900791341e-07 -1.2614065579e-06 
1.7495024902e-07 -6.4116139855e-06 4.795252776e-05 -1.1299131586e-11 -2.195753141e-12 -3.3610626309e-09 -2.4915075451e-05 -2.2373628783e-05 -7.663161868e-05 
7.1885084473e-11 6.2379132237e-11 1.1348902624e-10 -1.8498898524e-07 1.0423252937e-06 0.00019837003344 -0.0099065576805 -0.015053581327 -0.021778083772 
-1.4934528063e-07 -1.9924023516e-08 -1.4774238193e-06 9.0209200912e-07 -1.0318125272e-06 -1.0103724951e-06 -2.1048392781e-05 2.2116389474e-05 2.4274779961e-06 
-2.5686931941e-07 7.2518518398e-08 6.6881050175e-07 -2.9223244172e-06 -5.7088539327e-07 5.453872389e-06 0.0013806595153 0.0066615666782 -0.03173034816 
-0.0061860465265 -0.007465112158 -0.035384666253 3.1043705942e-06 1.7851403445e-06 2.2437607068e-05 -1.7299005796e-06 -2.2452237478e-06 -1.7907258521e-06 
-5.8464903082e-06 -5.4395505041e-06 2.9459268176e-05 4.7651402035e-14 -1.7801119704e-14 1.2173309472e-10 -0.012507468988 -0.0054779266224 -0.043666295407 
-0.0030964908642 -0.0013958105475 -0.025882020039 -0.0016937191315 -0.0057620471158 -0.036927496381 -0.0086789289109 0.0083076020605 -0.020010712438 
-0.0076493554537 0.0089100126556 -0.047767520926 0.0091044165969 -0.0096401641016 -0.051915218628 0.00046218146278 -0.0062314376041 -0.057986032299 
-0.0029969798904 0.01544662787 -0.030664256292 0.010046861448 -0.00033643826026 -0.037764964286 -0.0055275549638 -4.2491440974e-05 -0.022655617641 
-0.0044276102453 0.0052354768171 -0.036343135468 -1.1098037844e-05 -1.7903760692e-05 5.5367205886e-05 0.00058264380225 0.00033907867242 8.0795727407e-05 
0.0011493386216 0.0073465032055 -0.021031959892 0.0038300148034 0.014098347621 -0.01916804636 0.0073463670712 -0.0015038997231 -0.041080742043 
-0.0026670766463 0.012065881833 -0.030961291817 0.0062641330432 0.002112285975 -0.044010101963 -0.00041056919654 0.0057392634396 -0.039266410129 
-0.004523580948 0.0079738094417 -0.040595537664 -0.004862687704 0.0045016009589 -0.020905933809 0.00628726493 -0.0098608834499 -0.049237939376 
-5.9071459931e-05 4.3120614311e-05 -4.6301752205e-05 -0.0070178520837 -0.0012569963817 -0.023143602404 2.906568616e-07 6.7011009444e-07 0.00010403519344 
0.00084429464928 0.0015222734512 -0.025207510539 0.0096303362248 0.011557968175 -0.02179268177 -0.0027323007847 0.0022859220907 -0.048154802315 
0.0015478762215 0.0079005160896 -0.020251256042 0.0037175259052 0.0016022863364 -0.026610706637 0.0058024138745 0.0075459430822 -0.026458480172 
-0.0028803501895 0.0078613077476 -0.051597857311 0.002973986663 0.00067617404807 -0.041836264241 -0.0019528088076 0.0052702845987 -0.04388225041 
0.0029436815325 0.012046301525 -0.042400708403 -0.01188919589 -0.010379091447 -0.016308075234 -0.0061411601992 -0.013974497686 -0.038577292553 
-7.9119142599e-07 4.4315046219e-05 -0.00012197057402 -1.7921631939e-11 3.3215666058e-11 1.0462816746e-10 1.870582044e-05 -3.4282733538e-05 8.9873084022e-07 
3.6572686453e-05 1.9148205477e-05 -3.3950154094e-05 1.1998349377e-10 -1.1634548327e-12 5.3897346701e-08 -1.7512599355e-05 -3.8798150211e-06 7.2481314417e-05 
-7.4230513481e-08 2.2348755551e-08 1.4261545629e-06 1.5736171827e-07 3.9342907124e-08 3.1436588771e-06 0.0035743506373 -0.0024848820721 -0.033697632715 
-1.2076102186e-06 6.0996209095e-07 -1.6219236945e-05 9.9890171082e-05 0.0010468288479 -0.002388404914 -0.0077861766152 -0.013810741516 -0.17204699669 
-1.6379359222e-05 2.1968879131e-08 0.00019685714623 6.165215677e-08 -8.7223717206e-09 6.8622592545e-08 1.2435381268e-05 7.3059680141e-06 3.8206677099e-06 
2.8714045554e-12 -1.5399483439e-12 2.7884437457e-11 -3.0508176344e-06 1.7125635087e-07 0.00027535845897 -0.0069601262243 -0.011542046118 -0.032443166537 
1.9963890678e-07 1.9771237486e-07 2.5170612047e-07 5.443091269e-11 3.9280900783e-11 -1.9482125342e-08 -5.2412869466e-06 -1.8709794151e-06 1.1694691439e-05 
-3.6478627665e-09 7.2862433518e-08 8.2432142211e-07 1.2163047734e-08 -1.4329968457e-07 -1.1137638815e-08 0.0017368027159 0.012182931663 -0.033151704438 
-0.0062195909838 -0.013709147674 -0.043437523284 -0.0015752051006 0.0062081981187 -0.017836928216 0.012387746637 0.0091032057328 -0.040019493504 
-0.00041185932825 0.003145744809 -0.023055170392 -0.0037028477231 0.00019196823757 -0.047712551244 0.020459586815 0.0030217649315 -0.044350963555 
0.0077030875839 0.0047497549716 -0.038436260917 0.0037746474061 -0.00075153468819 -0.051283399263 0.0056450594717 -0.0066279219679 -0.035880398965 
-0.011108824577 0.0066146358959 -0.020885894856 -1.7356518699e-08 1.7939653376e-08 5.0704456301e-08 1.1632333428e-05 0.00010430850576 0.00010605814697 
4.3662619613e-13 -3.112865536e-12 -3.5186071147e-10 0.0023880421679 -0.0043211676326 -0.016193132102 -0.0060611186947 0.00635200721 -0.046403072956 
0.0018049955124 0.0072501692468 -0.038768749436 0.00048200202457 0.0052194718537 -0.040953764721 0.012983226466 0.0030487439872 -0.052425920949 
0.00062904385555 -0.0094948124513 -0.042089987109 -0.002680366543 -0.0049867000931 -0.044079030561 0.0057417707235 -0.0051583571888 -0.040120232078 
0.0062885329236 -0.0088964102032 -0.038119792616 0.0074671687699 -0.0056196427821 -0.040702480396 0.0055975430437 -0.0025346696278 -0.034100927005 
0.0091986766665 0.0077907109846 -0.025233542753 0.0041978522268 -8.5854427201e-05 -0.035436225687 -0.00036730882405 -0.0040664764648 -0.045426465254 
-3.9436795333e-15 1.1943835374e-15 -2.3018128573e-15 9.8629816797e-16 -1.0040693056e-15 -2.1198241597e-14 -9.5336582989e-05 0.00062912340245 -0.029171432837 
-0.014440440523 -0.0098905035887 -0.025517498588 4.4988455741e-17 7.103256367e-17 4.6734419808e-20 -6.0205060329e-07 -7.4726327879e-07 -1.2713659663e-06 
0.011520647919 0.0081975757541 -0.024692710168 -0.0044859646529 0.009870922274 -0.021073583536 0.0084339235696 0.0025832097588 -0.015847772342 
0.0074765866739 0.0049942326 -0.041161366395 0.0019357484026 0.0073053463732 -0.021906177524 -0.00078729984695 -0.0030326831663 -0.038471113642 
-0.014329345185 -0.0089790187377 -0.040471229644 0.0034771769181 0.012761911247 -0.028377351845 0.0017097439759 0.0042394842368 -0.040369244606 
-0.0086956740792 0.0026468382201 -0.025433197568 -0.0084381260594 0.0014977753586 -0.055391482222 -0.0071169729132 -0.0095889851314 -0.021678100077 
-2.9436819507e-06 3.8191062129e-06 1.2594974761e-05 -4.0764341887e-13 4.4447474266e-13 2.9916376278e-12 4.5812872804e-06 -5.2185754127e-06 1.6097661931e-05 
7.1807093115e-06 -6.7149320108e-06 -4.0494392872e-05 2.6511511992e-08 9.740762566e-09 9.0508194288e-06 -0.0038288878313 -0.01136995476 -0.028045502783 
-2.6251040417e-08 -2.8183565968e-10 -5.9557638115e-06 5.5541010864e-07 -1.0031844116e-07 -6.3313175663e-06 1.4033504304e-06 -6.8253060327e-07 1.5219530938e-05 
0.035911861261 0.039112335389 -0.2033468292 2.9032060583e-15 -2.2081312864e-14 8.2226424723e-14 1.3487815875e-06 -1.1805054479e-06 -2.7008133856e-06 
-4.7885915266e-06 -7.865270051e-07 1.9938502754e-06 1.2586794013e-05 2.8962667739e-07 -4.8514823546e-06 0.0003217783946 -0.0012665651905 -0.035723325572 
-1.457333613e-07 -1.6205670629e-07 -8.929556842e-07 -0.0025747102455 -0.00042086408263 -0.032779282927 3.4042642362e-06 -1.4916057693e-05 1.1216672256e-05 
0.0044219276419 0.0012149575485 -0.033608533614 -0.003470234724 0.0044531583717 -0.038166723348 0.0083258489724 0.0043558538312 -0.039303716759 
-0.0029375016989 0.014556058291 -0.027372796041 -0.0043348838372 -0.00065136157062 -0.042106425981 -0.0060662750576 3.4591529553e-05 -0.040099463667 
0.0097103940901 -0.0079001301239 -0.040551549824 -0.0070252332725 -0.0084384989281 -0.048644210957 -0.003690266802 -0.0065667414706 -0.04046495304 
0.009463656903 0.0041590779554 -0.038492472549 3.7826854016e-08 -3.1048704267e-08 -1.1215853363e-07 4.0905938864e-16 2.8347604108e-16 -4.0965545521e-19 
-1.030262903e-05 -1.8030381687e-05 -5.3714327035e-06 3.6389609701e-05 7.6627249902e-06 3.4798563274e-06 0.0070551354127 -0.0034687705815 -0.026616929953 
0.00047123875715 0.002404932033 -0.03695719651 -0.0067259968593 -0.0092932200103 -0.017379480716 0.0040239919825 -0.0025076722964 -0.03998117057 
-0.0032337458699 -0.0092411174685 -0.029751085044 0.0026549496708 -0.0073721459124 -0.030358590878 -0.0019110695579 -0.012893368672 -0.035873482987 
-0.0061104155457 -0.0052411790335 -0.041807403467 0.00010872481601 -0.00059263200548 -0.030042425326 0.0045061445142 -0.00113936561 -0.041245343807 
0.016442176767 0.0045909655825 -0.034698401335 0.015252297679 -0.0010949184773 -0.046876583185 7.9306707803e-07 2.6344025221e-06 1.4902558067e-05 
-6.6485499853e-07 -5.5873853931e-07 -1.4749524732e-06 -0.0058312275483 -0.0052842682943 -0.036080777603 0.0045972495523 0.0017183529758 -0.027055381026 
6.2873517738e-06 1.110581346e-05 4.9532878269e-06 0.00014321021215 -0.00025734178165 0.0001748791172 9.1810516442e-06 3.5463033007e-06 -6.8638837781e-05 
-0.0019057759734 -0.00055373972464 -0.026085382982 0.0085609677166 0.0038931826155 -0.033322668048 -0.00028537713445 -0.0067463936283 -0.03368787181 
0.0058788727021 0.0052598084393 -0.03632682914 0.0016501819322 -0.0056782346805 -0.039150583567 -0.002500216011 0.00075874890853 -0.032243096086 
0.0079790845748 -0.0031322661996 -0.031371722662 0.00059752029854 -1.6849943365e-05 -0.03697143147 0.0032584148855 -0.0036659518274 -0.044225673724 
0.0031293808016 -0.0089577087039 -0.037399774235 -4.9614829347e-07 2.949762129e-07 -1.7680233697e-06 2.9455870409e-08 2.3568143883e-08 1.0361268569e-06 
-6.4719961753e-06 3.1190283515e-06 2.0113612149e-05 1.8948585071e-06 1.3972156419e-06 -1.8903224861e-05 7.4219189308e-17 1.3570803908e-16 -6.459218646e-20 
6.7688325647e-06 -2.4274101355e-06 -1.5767675084e-05 0.0017568490817 -0.0097997494328 -0.012485163903 -4.4058119069e-06 9.8692479798e-07 -2.3648867637e-05 
1.7247305433e-06 -1.6548839275e-06 -7.5516709903e-05 8.1443017514e-11 -5.2004172263e-11 1.2075084689e-08 -9.1199563262e-07 3.8332949907e-07 0.00024900087332 
2.0851364622e-09 -4.0553649553e-10 1.1554697603e-05 7.9327871812e-06 -4.2855662942e-07 7.6766185459e-06 -1.6904634242e-07 1.4292257668e-06 9.4369438145e-06 
-5.6731397857e-06 -1.4180754086e-06 1.2001756693e-05 1.9550260789e-05 3.9573231894e-05 -6.7868995641e-05 5.8728361608e-06 -1.2389249403e-05 -3.6400698831e-05 
-8.6496167839e-06 5.7278326095e-06 3.5437429331e-06 -0.0023890407988 0.0040428092164 -0.036588895594 0.0057404728668 0.0048295920066 -0.042981960979 
0.0040759540424 0.0010386766406 -0.022800240729 0.0059782056817 -0.004963598215 -0.037430421144 -0.0013016756454 0.0036745642635 -0.032000977267 
-0.0034368097472 -0.0071394158006 -0.037622169574 0.011349702056 -0.0017825546091 -0.037072675766 -0.0032641603559 -0.005017360683 -0.050395567921 
0.0091076349142 -0.014336132137 -0.040075035687 0.0082496035825 -0.0024441072929 -0.036526754017 0.0030323402599 -0.0051032053218 -0.049636131999 
-4.2427658979e-05 -8.8632119629e-06 1.6948662927e-05 3.3217117288e-08 5.5972651592e-08 0.00025953130759 -1.0484341689e-09 -1.6474204012e-08 -6.0793301827e-08 
4.5724636117e-05 -1.0491925023e-05 6.60874205e-05 -0.00073549920189 0.011609330634 -0.025506345012 0.004881788565 -0.0018527728751 -0.034172824308 
0.0065005672085 -0.0017628560573 -0.044750955672 0.0020265771079 -0.0020190585931 -0.030473480854 -0.0049446949851 -0.0025781885939 -0.044225340294 
0.0060504911301 -0.0052969274967 -0.038507087224 -0.00036056670935 -0.0019483586971 -0.043862778574 -0.0052070304747 0.0021606276639 -0.045626738489 
-0.0011144022628 -0.0049416867518 -0.035940845928 -0.003809354735 -0.0074804809641 -0.042501640162 0.0032925430031 0.004621303653 -0.044815551963 
-0.006206336795 0.0076273340312 -0.049499469405 0.00020291251236 -0.0017970158682 -0.040198910471 -3.4046733837e-07 8.7753459211e-07 -4.3826278361e-07 
-5.6539648926e-07 -6.1382064295e-06 6.0622564633e-06 0.00083086154293 0.00057672332549 -0.026262456147 -0.0083570289784 -0.0039654981779 -0.014994460307 
0.00055444008773 0.0018499708529 -0.027002687096 2.9393405674e-06 5.5614455668e-06 -1.202195077e-05 -6.883633835e-06 -1.9450342837e-05 -6.544776266e-06 
0.0064197618047 -0.0081050741642 -0.024640887163 -0.0027897251856 0.016099967797 -0.02703871547 -0.0058531954611 -0.0065502547552 -0.035214199027 
-0.0094912973676 -0.0087694764711 -0.020722051395 0.0006100633118 -0.003242167254 -0.0356364574 0.0026517037374 -0.0039097529333 -0.048729981882 
-0.0017876775236 -0.011377617217 -0.05054579816 -0.0051098120891 -0.0015124059816 -0.022228162404 -0.0050524748307 -9.0405414072e-05 -0.039572413173 
-0.0089247370948 0.0003748348078 -0.033510982823 -0.00071962248573 0.002468981283 -0.0394865619 0.0016002609331 -0.0085165520913 -0.045255127838 
0.0034446257628 0.0052176372049 -0.026060709578 -3.7936495265e-12 4.359208437e-12 1.6037781925e-11 4.3291195701e-08 -1.0369709311e-06 1.0674601108e-06 
-1.9043602475e-07 -1.5942455805e-08 -2.1918038914e-07 2.5696789719e-06 2.7125444919e-06 3.7085276784e-05 -5.4934887453e-05 -0.00025029368521 0.00025637165054 
0.0063832544214 0.0025923733035 -0.02351927962 -1.1690898472e-06 -3.0741770651e-06 -1.6841426196e-05 -8.9694619618e-05 9.5616514026e-05 -3.9299678711e-05 
9.3075979166e-06 -2.0102199967e-06 -1.2329112453e-06 9.9159257334e-05 -0.00011965156699 -6.5319705145e-05 -4.8259040588e-05 0.0022436310557 -0.026857565643 
6.7884624917e-08 -5.4646025947e-07 2.428384587e-06 5.5313981345e-09 5.4885941886e-09 5.4691783801e-09 -2.2390044564e-05 -5.1736478994e-05 7.8335688514e-05 
-0.010114823236 -0.004808411343 -0.01857975164 0.0045121960843 -0.0074382230234 -0.031338742406 0.0020432054444 0.0014583038607 -0.04464550952 
-0.0025474557912 0.014214593086 -0.028704481154 -0.0026543893144 -0.0050292343332 -0.030555578052 0.00079413340305 -0.0062270252016 -0.029217101546 
0.00063163372019 -0.0070482746534 -0.038117328115 0.010925498859 0.00058027607588 -0.04546719664 0.0096239207324 -0.0085045758173 -0.040309241144 
0.0069601554971 0.00047375075918 -0.040558425173 -0.012167113434 -0.0029741418367 -0.022955142464 0.0074387747303 -0.0012805306016 -0.03738751071 
-0.0075742871661 0.002166235555 -0.016782417545 -3.9388133007e-16 1.5177807387e-16 -1.6708345955e-16 6.1530468574e-05 8.5804484303e-05 -0.0002687757632 
4.4820770055e-10 2.4093466364e-08 -5.3529993188e-08 4.0801940724e-05 -3.4992901617e-06 0.00027805479751 0.0045174860704 -0.0049067000378 -0.025587722977 
0.0047297718609 -0.0052322314004 -0.0352656073 0.010706345681 -0.0020273163198 -0.038883257114 -0.00029699836428 -0.0031964165408 -0.039924678759 
-0.009495438533 -0.002966347693 -0.04303458568 -0.0013562493316 -0.0079354199056 -0.039556340309 -0.0044746941118 -0.0039185221946 -0.044950196573 
0.0028824165108 -0.012090889203 -0.042272701973 0.0038182928591 0.0038873752059 -0.035583633392 -0.0057667149994 0.010788627894 -0.02205363428 
0.003184012204 -0.00078840051575 -0.050448121447 0.0045344899052 0.0028172816786 -0.023710819407 -0.0020808645761 0.0060013125265 -0.042574259764 
0.0060626845025 -0.0044889162381 -0.039501809232 -6.6655369723e-16 -6.7103233325e-17 4.6752698139e-16 1.8769310549e-05 -2.748803491e-05 -5.985327134e-06 
1.9163093722e-06 6.0143306314e-06 -1.5513908151e-05 -3.4602577008e-06 -5.9282955623e-06 1.1878504011e-05 -1.6540837224e-06 -4.5336356357e-06 -5.2067168968e-05 
0.0091794207244 -0.0019270003476 -0.028124381896 0.010311438369 -0.0051013092389 -0.025053561376 0.0013368862892 0.0058038249834 -0.014218470337 
0.011428040849 0.0005809223777 -0.024443088364 -0.0091035942617 -0.011275888571 -0.02250395617 -0.0024987653484 -0.0011787155344 -0.04290818808 
0.0082531653055 -0.0053707624089 -0.044940147087 -0.0053124647498 0.00010509205258 -0.037562124265 -0.0032729200505 -0.0012573667096 -0.031689777655 
0.0026164175231 -0.0019373317323 -0.042299344806 0.01030773398 0.010770136048 -0.026280564764 4.8675240422e-08 -9.8831489448e-08 7.8820939795e-08 
-3.343538053e-05 6.4431808889e-05 -3.2799046342e-05 3.1014475248e-07 4.357721561e-10 -1.7575407519e-06 1.067437095e-07 1.6476125778e-08 1.2842781668e-07 
1.4855123755e-07 -2.5885330172e-08 -3.802941408e-07 -8.0353151925e-07 5.2453586062e-08 -5.0506459624e-07 0.002660392829 -0.010110139514 -0.020521158782 
0.0026220842685 -0.010934703142 -0.025197299851 1.0836616356e-06 -4.4473492587e-07 8.7784636402e-05 -2.5949488209e-06 -5.0737134059e-06 -4.3148204657e-05 
-2.4897118981e-07 -7.1470310515e-08 8.7297444215e-07 8.2240073088e-06 -9.4479007373e-07 -2.406331556e-06 3.4387893351e-05 4.7219426847e-05 6.1705889635e-05 
0.0075997858691 -0.0052971175398 -0.017442059169 -3.9280745625e-07 -1.3377753141e-07 -1.2188101757e-06 7.9201151055e-10 4.1984099065e-10 1.8242002335e-07 
7.7623628585e-05 0.00018426712932 -4.8721330126e-05 9.0301177716e-05 7.6581825698e-05 -0.00029059433296 1.0350157687e-06 -2.7580080226e-06 -0.00080857366882 
-0.0035832425941 0.00046169748318 -0.028507178183 0.0019375660631 0.010316825854 -0.028380315484 -0.0042530321792 -0.0043827978418 -0.029523178363 
0.018327930504 0.011433966455 -0.028151446271 0.0016911763558 0.0087466743239 -0.040997637509 0.0088252358108 0.0037785648284 -0.038408887259 
-0.0036278344912 0.0013108981802 -0.03950763365 0.0097971164691 0.0085520647609 -0.039501958518 1.3162628597e-06 -0.0057017334376 -0.029052835481 
-0.00052848390623 0.0041908338214 -0.034126738699 8.7256690231e-05 -0.00015373303843 0.00014777533737 -3.3699155095e-11 -1.8037707708e-11 -1.1494445655e-10 
-2.1724956276e-08 -2.4732817941e-07 -6.8070379547e-07 0.0091735919995 0.0038130459178 -0.018701771426 -0.00039793132403 -0.01146996621 -0.034927839293 
-0.0038624723278 0.0062809895927 -0.023121621333 -0.0079130239574 -0.0011918854551 -0.044792426143 0.0046145325745 -0.007983342174 -0.032513649225 
0.0071396561412 0.020887737694 -0.024110469608 -0.0080326949025 0.0080576677133 -0.053615015615 0.004624747673 -0.0041495517928 -0.040011486572 
0.0017097051636 0.0040276623503 -0.043510163327 0.00067844372231 0.0063089409907 -0.054041835722 0.00035231982094 -0.0003433971134 -0.048674943172 
-0.0016395585725 0.0076384634783 -0.050084586526 0.006584793649 0.0055836949131 -0.04275366308 -0.004571761181 0.0016314913299 -0.047443316752 
0.0077435677931 -0.010859682997 -0.041705054836 0.00036520194664 0.00018249461946 -0.00044174896407 -0.0057771074255 0.0058729388311 -0.012923924415 
0.0026334353081 0.0054226518061 -0.024672010992 -2.9683890968e-05 -0.0087181105879 -0.023921226834 -2.9611083118e-06 -4.0913725498e-06 -6.7517330716e-06 
-4.6598627327e-07 5.5044371658e-07 1.777476633e-05 1.9337155162e-06 2.1835977044e-06 3.1158102566e-06 -0.014081033056 -0.0043228215674 -0.037739162179 
-0.0043781028394 0.0086399904913 -0.017567040904 0.0040598669533 0.0031058188372 -0.03863705741 -0.0012473613636 -0.0051712729116 -0.042719511673 
0.0049131435715 0.0064966071441 -0.018587447751 0.0012405176504 0.0012819963078 -0.043856296116 0.0039759858349 0.012531689826 -0.02504769361 
-0.0093509050267 0.00097288271702 -0.014787377943 7.1284407314e-06 -3.6048289183e-05 -2.9109188542e-05 -5.554415542e-06 2.6118080449e-06 2.0851681486e-06 
-2.501926737e-07 -1.131496535e-06 -1.3503796301e-05 -3.6907378008e-06 -3.2471880181e-06 3.4279634951e-07 4.6708740854e-07 -5.5382206657e-09 4.5313907453e-06 
0.011627798514 0.0062828697261 -0.030204524442 -0.0064751024123 -0.0048245231978 -0.027834577457 -1.2533046008e-06 7.0303347788e-09 -1.8656993954e-06 
5.9893617454e-07 -3.8590033648e-08 5.1036404183e-07 -0.00014075557665 6.6810203387e-06 0.00010496303184 -8.5562867748e-13 2.3050098488e-13 -3.287107404e-10 
-2.3751528686e-06 -8.7685618878e-05 7.973437565e-05 -1.653990925e-05 -2.4031541895e-06 2.2713788456e-05 6.307788723e-05 -1.559341307e-05 -6.2191537113e-05 
-6.3228906033e-06 4.1281367067e-08 1.4352430477e-05 -2.4972812137e-05 1.4811924233e-06 4.2036986026e-05 1.4063094444e-05 -1.2964799886e-06 2.2080619724e-05 
-6.4604965165e-06 2.7083025485e-07 -2.0405057354e-05 0.0045220760656 -0.0053732194968 -0.025563846034 -0.0036954369637 0.035984478989 -0.0082649577808 
-1.7659061451e-06 -2.0542950032e-06 -0.00011998854401 -1.2770275995e-10 -4.7154636091e-11 -1.6046885594e-09 0.00083315192787 -0.00020721375953 -0.00015589350085 
5.3295382547e-05 6.6113434704e-05 0.00020700567998 -8.6848758432e-12 -1.85245783e-12 1.8472659336e-08 -0.0067012752975 0.0022119710935 -0.023891307131 
0.0053814981976 -0.013619643338 -0.02794922798 -0.0028034501373 -0.00079490016682 -0.031380141385 0.0032601325214 4.7631284201e-05 -0.04862204968 
-0.0064531908764 -0.0084320917531 -0.030728108925 0.0085355809181 -0.0054336564588 -0.037343438598 -0.009360117122 -0.0061592063053 -0.029542121736 
-0.012951121446 0.0017709805253 -0.047886046065 0.0004938699794 -0.00017941402107 0.00032280083901 -1.3579575496e-05 -6.2582907654e-05 -0.00014480748209 
-5.9102050706e-09 3.5411146099e-08 3.2277477117e-08 -0.00014933493768 8.003506884e-06 -0.00018914438836 -0.0093622896717 0.0076301095004 -0.03565106202 
0.0046127667914 0.0074314057467 -0.023303390673 -0.0038303849518 0.0027252156524 -0.039333356902 -0.0058908308974 -0.0060080431486 -0.037709818947 
-0.011946954317 0.0041943741353 -0.044308155606 -0.010481644845 -0.0030373203567 -0.041548097721 -0.0060724529555 -0.013831972326 -0.039488457073 
-0.0048419413602 0.0012124322499 -0.045897793593 -0.014922521555 -0.0078948668892 -0.036936544747 -0.0073947442359 0.0047653448677 -0.031360507258 
0.0066382247235 -0.0056053517303 -0.038132529939 -9.9428396727e-08 1.3123974124e-07 -3.4473193924e-06 -0.0031326593454 0.00017721499638 -0.036146217699 
0.0044176365742 0.019644499848 -0.020530080045 2.4578549082e-10 2.8844075305e-10 4.8605596345e-08 -5.3725753953e-06 -2.3614688505e-05 -7.1259027362e-05 
0.0025690784452 0.0099390798677 -0.0087328858513 -0.0071911576589 -0.0042389660157 -0.024126683114 0.0020053761758 0.0041542240625 -0.01466984774 
0.011455149001 0.0077998795225 -0.024065200967 0.0086960747038 0.00053112594547 -0.035883622411 -0.0018643153358 -0.0028865328615 -0.043989512413 
-0.021170490499 0.0087365213692 -0.035263633078 -0.015628936887 0.01395903763 -0.020207037938 -0.0020389368945 -0.0038862858783 -0.022129597786 
-0.011824611727 -0.011867599881 -0.034368483458 -1.523527458e-05 0.0018550966609 -0.027919033537 0.0040113710715 -0.0050438113869 -0.027508496553 
6.7586340196e-06 1.4039607267e-05 1.8880731313e-06 9.802035192e-06 6.069155206e-06 -5.3205174227e-06 8.2240987815e-07 -6.357924448e-07 -5.3720497029e-07 
-5.847787703e-06 1.8869123677e-05 -4.2615022802e-06 -0.0095869347563 -0.00099996583178 -0.018546389009 2.1835100879e-16 2.5207496768e-16 -6.3878990623e-17 
-1.0335731092e-13 1.5084406005e-12 -1.8559077189e-09 -1.2670952695e-09 8.3175318758e-11 4.0489135602e-09 5.5121694972e-05 -5.3593342335e-05 0.0002231080426 
0.00011535275779 -1.8199438895e-05 1.6737003498e-05 5.9824120649e-06 -5.4880919737e-07 -0.00014723575198 0.0068398604581 -0.0042339623641 -0.048202421401 
0.015043350374 -0.0059492564072 -0.019587539735 0.0031770748136 0.0054989572495 -0.027430161345 -1.7049380464e-07 2.5684774046e-07 -1.2009565898e-06 
-6.4456044637e-05 -7.5520259283e-06 -0.00010310912424 1.4755288928e-08 -2.8723214103e-08 -1.1516544086e-05 -0.0012630161023 0.0090387254656 -0.028016502256 
-0.0015560604394 0.007188434487 -0.036473663054 0.010146129478 0.0014256247301 -0.037905395931 0.0017350198899 -0.0087879399598 -0.046620068774 
-0.0016719793783 -0.00076958058373 -0.041413710806 0.0087173224853 0.0034805604921 -0.038992515508 -0.010843905377 0.0055763135109 -0.031161204728 
-0.0040749606341 0.0069350482352 -0.039675936248 0.011917047609 -0.0033376829458 -0.034385929981 -0.00043955043229 -0.0018751911023 -0.033439758877 
2.4381836191e-07 -1.2038580595e-06 -4.9374416352e-07 1.694787976e-06 3.2089857414e-06 -3.9712543888e-06 2.996969076e-05 -7.2832598232e-05 -0.00014000707248 
2.9463204247e-09 -1.8244396935e-08 7.3350630089e-08 0.0046579797582 -0.0029643241683 -0.033650341936 -0.0048363436566 -0.013723100158 -0.046426199541 
0.00023798681065 -0.0018097330156 -0.042790417325 -0.0023195393355 -0.0075503239516 -0.044664928653 -0.017288491313 0.0094862966359 -0.027813313366 
-0.0086961202407 -0.004939932845 -0.046597693466 -0.018538295033 0.00098518484016 -0.040152763905 -0.0072116831522 0.0060447050561 -0.052033488392 
-0.0056136515179 -0.0060864900698 -0.036112929395 -0.015328528413 0.00016499251228 -0.032141273737 -0.011470113945 -0.0043694522397 -0.025286706085 
0.009094087613 0.017816957386 -0.029347232917 -2.4288855806e-14 -5.5395158997e-15 2.8511679586e-06 -1.8365073881e-06 -1.2895585705e-07 3.2007899667e-05 
-0.0058233152207 0.0054413530079 -0.026348756575 2.4442215703e-08 1.2358339411e-08 -5.1525651573e-05 -3.7220776914e-07 -1.3435200165e-07 -9.2123279012e-06 
0.0034558550902 -0.0073475243804 -0.0062392725282 0.011114700775 -0.011479158052 -0.014256835529 -0.0018474199919 -0.0072951016469 -0.034625491057 
0.0018084698261 -0.01812430576 -0.032989254785 0.0086045937947 -0.0048509449125 -0.031105425631 0.01559565172 -0.0027940491698 -0.0095755262665 
-0.007969379138 0.0065880344865 -0.02729498633 -0.0010261189704 -0.0078268716873 -0.032954372658 0.011038731046 0.0022272932762 -0.029303392994 
0.003445084532 0.0045486748036 -0.029297995561 0.00072618905188 0.014518495474 -0.023244362895 0.014164302781 0.0023160182785 -0.023394119 
0.0038467322023 0.0039875630028 -0.049463964463 -0.0050697569506 0.0098231148853 -0.034360123998 -4.1294518289e-14 3.2316138271e-14 3.7376861229e-14 
6.4577057715e-07 2.6169852248e-07 -6.4571024866e-06 1.9544187726e-05 9.5582086241e-06 -9.0877954039e-05 -1.6240327411e-07 -1.6309763657e-07 0.00017904685575 
1.2398165944e-06 -9.0329421108e-07 6.6315762182e-06 2.5232462609e-08 -1.3622952071e-09 1.5184168135e-07 -9.9534186878e-09 -3.0422345696e-10 -4.5129340145e-08 
-1.5055988056e-13 1.0983558379e-15 3.7059329334e-11 -7.0574547535e-07 6.5370569948e-07 -8.5762747019e-07 -2.4344071815e-06 1.0782867137e-06 -1.3231003219e-05 
6.422360749e-15 7.4716799976e-15 4.7024910184e-13 -2.0527246927e-16 3.9129725903e-16 -1.1320563269e-16 0.00046264059993 -0.001307537822 -0.029331152884 
2.0148376681e-10 1.5197244046e-10 2.3098742007e-09 8.1652736106e-10 4.8818031605e-10 1.2996494602e-09 -1.8270467406e-07 1.6925214843e-07 -2.6158744969e-05 
1.2881661945e-16 -6.199164731e-17 -5.063891604e-16 0.0037263706244 0.00024555925385 -0.035038718994 0.0011529447547 -0.010167589733 -0.018232063505 
-0.0013305566995 -0.002317414513 -0.033837107838 0.0048823527449 -0.0017681075704 -0.042502331633 0.0024889241301 0.0037911876938 -0.024209339595 
0.0077341184285 0.025949600503 -0.033666801012 -0.0092589048543 -0.013617907473 -0.042245031253 0.0097282442263 -0.004268546801 -0.023968822621 
-0.0060887837745 1.7068283212e-05 -0.039056794829 0.0059971330413 0.0075656996123 -0.030752282211 0.00086756277357 -0.011361923368 -0.03559260517 
-3.2183760095e-16 6.6933396878e-16 -1.261970789e-17 6.1924996048e-08 -2.0659263202e-08 5.8222075238e-07 -2.1728507954e-08 -2.3046244237e-06 3.4248507609e-06 
-1.4126833143e-08 -2.3414114184e-07 5.158772364e-06 0.0031656100419 -0.0050067945065 -0.029599098274 -0.0015198610475 -0.0060587600718 -0.052346884596 
-0.00028259934705 -0.0040409878931 -0.038102775011 0.0030161322394 0.014857017267 -0.051644343962 0.00058305006343 -0.0011957889752 -0.044414165875 
0.0076034178938 -0.00502742088 -0.038733856215 -0.012729318702 0.01019885116 -0.030400590149 -0.0056458902695 -0.014036251896 -0.030897485743 
-0.015690723013 0.0032808964634 -0.03847472613 0.0047354347226 0.0026815683482 -0.039653696339 0.00036091223918 0.0045732482909 -0.030607861955 
1.8192731886e-07 4.9767934755e-07 -8.4115283599e-07 -2.9079719688e-06 1.5883738409e-05 -2.5267786521e-05 -0.0045512351156 -0.0099340296945 -0.033021253533 
3.2681415433e-10 -5.818379008e-10 2.5198172868e-09 4.5815003512e-09 8.3726119838e-09 5.8836782107e-09 -0.0074218910021 -0.014635066415 -0.030444395189 
-0.019673087067 0.00080746963221 -0.022737570301 -0.011257684385 -0.0026128467962 -0.040329487458 -0.0037524511083 -0.013261025886 -0.026506742467 
0.0055537689539 -0.002596915366 -0.036970730682 0.0035896080222 0.0047588048069 -0.042943651048 0.0050969492692 -0.00033486852089 -0.039976707548 
0.0055526247122 -0.0088352900856 -0.029656511109 -0.0047145690276 -0.0043021588495 -0.038836084208 0.0087723610856 -0.0022184579836 -0.030011871596 
-1.4939074971e-14 4.7104756498e-15 -7.8122345722e-15 4.1168563669e-11 -3.676450981e-11 5.7657101459e-09 -3.3878757257e-16 -2.2464706519e-16 5.1862762507e-16 
-1.1942222956e-09 -5.1090993324e-10 -2.6399152344e-09 -7.3504192886e-05 8.7306663096e-06 8.1977753316e-05 7.8962454146e-05 -5.9768259047e-06 -8.1561573001e-05 
-7.1490655807e-08 1.1808277227e-08 2.2038491827e-08 0.01262150346 -0.0056204802479 -0.041011233692 -0.0032294933757 -0.0028155612622 -0.025248131546 
-4.7847587999e-17 2.675694694e-16 1.2978060359e-18 -1.0012731172e-09 2.5609540334e-09 8.054642939e-07 0 0 -0.215815095 
-1.5453239592e-08 1.3596612078e-08 1.5203146152e-07 1.076803569e-16 1.0946664334e-16 1.3704338174e-17 3.0790758616e-08 -2.8507283233e-08 -6.9607997635e-08 
-1.0692318346e-16 -6.8241187262e-16 -3.8851188722e-18 -1.5390361043e-09 -9.6871463027e-11 -4.3119008787e-11 1.5813721916e-09 2.2040901705e-10 8.7329855956e-09 
4.8568842209e-08 -1.1062990799e-07 7.5261845773e-08 -6.2731972041e-10 1.4922773914e-09 -4.0689960975e-07 0.011331024383 -0.018783481409 -0.031383177264 
0.0042973063288 0.0091375268659 -0.019357737269 0.015358191866 -7.3638434058e-06 -0.023111352541 0.0030819362382 0.003313698624 -0.011315588296 
-0.010450554533 -0.030325572827 -0.029625146492 -0.00082675422376 0.0046053764946 -0.039409142321 0.0010060435563 0.006419186251 -0.028288797842 
-0.002503207327 0.0084456259306 -0.036935519046 -0.023787286424 -0.0023498598646 -0.00089453099876 -5.2052886424e-16 -2.7621165618e-17 -1.7127418701e-17 
-3.9491029016e-16 -3.7867012467e-16 1.619822435e-15 -3.1603853187e-09 3.555404052e-09 -9.0825519022e-06 5.3766353763e-09 -1.0858459736e-08 5.8593035327e-08 
-3.4803551459e-14 -2.162016104e-14 2.2779643037e-14 -0.0017100097853 0.0038417921368 -0.013080565847 0.0029221445076 0.004791637227 -0.041828389061 
-0.0047528538817 -0.028527368552 -0.037234179579 0.0081050863281 -0.0010650654852 -0.0030593309447 0.0072455868576 0.0042147222913 -0.039198379816 
-0.016829958798 -0.005766047938 -0.03188427669 -0.00786797796 0.0089023055135 -0.026276128704 0.0047746904741 0.0077861606915 -0.022945674745 
-0.0013625896945 1.2030497792e-05 -0.031634587809 0.0031226597944 0.0036855574913 -0.029724493762 -0.00056301057824 -0.013046943017 -0.039376347422 
0.0060103546439 -0.00095531835407 -0.030005745863 -3.7230218144e-08 -4.2501540025e-06 1.9508094469e-05 5.2471181485e-15 -1.3987376922e-14 9.8926419455e-14 
-4.6678791865e-09 -5.2214525078e-09 1.763945802e-09 3.378811281e-09 1.290274152e-09 -4.4818678244e-09 0.0034993581605 0.001252337629 -0.037857611749 
-0.0086831176087 0.001798411421 -0.035518644107 -0.0087860278162 0.003183328274 -0.034522994204 -0.0084663423468 -0.0098228037546 -0.043840647896 
-0.0080994182235 0.0092976826067 -0.047809406222 0.0012916949357 0.0071038299358 -0.014702703536 -0.0017226956739 0.018440104006 -0.040170532708 
-2.6345752816e-07 -4.0832797267e-07 2.1506611286e-05 3.5512076412e-06 -5.2286834055e-06 0.00051911791459 1.7708255267e-09 8.2160004413e-10 -1.3534043739e-09 
-5.9703245269e-10 1.4718582762e-10 -8.01574789e-08 1.3662027908e-15 -6.0988970286e-15 -1.5579697134e-13 -5.0641888347e-11 1.8263658568e-11 1.3140597868e-10 
-4.9018840987e-08 -2.8517217291e-08 1.6922392235e-08 -3.3748969925e-16 8.5487241235e-18 -1.5390252477e-18 5.3467046359e-08 2.9846769423e-08 -1.1932636829e-07 
-1.419710344e-17 -4.0361763727e-16 2.4858766536e-17 2.7696387985e-17 -1.567894133e-16 1.8283168891e-17 -9.8470195866e-10 -8.0794469294e-10 -3.8776170921e-10 
-1.2231689704e-13 -1.8565248115e-14 1.4679735083e-12 -6.7322290419e-09 5.3283918075e-08 7.0310563286e-08 -7.9807521858e-08 2.0402442053e-08 8.3145230743e-08 
-0.028899282501 -0.013634174434 -0.045128010733 0.0041047114436 -0.0051390790441 -0.040321963522 0.010898909916 0.0050727160409 -0.028533531594 
1.157627988e-10 3.2456909282e-10 -1.2722177816e-09 1.3375586398e-14 -2.1025316091e-15 -8.4869623075e-16 -2.9490647573e-16 1.3828561255e-16 7.5183168372e-19 
0.0023459041982 -0.012607960187 -0.034423129315 -0.011705020388 -0.0020387609971 -0.057157280041 0.012686190706 -0.026257823893 -0.045367117114 
0.0046776914486 0.0051936762799 -0.03462570019 0.015325972684 -0.0042727068093 -0.043252741059 -0.00861513116 -0.01271539215 -0.043115189288 
0.021578079907 -0.021184583916 -0.047239052525 -0.0068006394553 -0.036095706019 -0.026612132837 -1.4964653442e-17 -9.8874481963e-17 7.778437622e-18 
2.0674915479e-06 1.3630235878e-05 -0.00028193482445 5.4061064956e-17 -6.4344593263e-16 -8.8434065644e-17 1.433748103e-15 1.6547890763e-15 -1.4142991516e-15 
1.019610064e-06 1.0732097295e-06 1.890815271e-06 -7.7687163185e-08 -2.82767661e-08 8.0126051717e-06 0.00022701283074 -0.00025355430763 -0.041695743285 
0.00072607472804 0.0017418182867 -0.042483362223 0.0023449852114 -0.0051971255349 -0.051481654443 -0.012863910522 0.0090448628297 -0.042105830065 
0.0044774064324 0.0089586475147 -0.051334172633 -1.4586468385e-08 1.7158827523e-08 -3.8184173829e-06 -4.5887487244e-17 2.5404254596e-16 1.6133445655e-17 
-1.2953072478e-06 -3.3571267848e-07 1.1035721854e-05 1.2741342517e-06 3.242156981e-07 1.1103890301e-05 0.018491093562 -0.010830767198 -0.042384393125 
7.7130383444e-13 1.6555158181e-12 2.7454228072e-09 1.1924300006e-16 6.8206224305e-16 -5.0213391973e-19 1.639171018e-12 -1.886431471e-12 1.0474387978e-10 
4.9838970028e-11 -2.0279415564e-11 1.2940458433e-10 -1.4307481627e-06 -1.8568873878e-06 4.1859754055e-06 -1.969277994e-16 -1.1403275308e-16 4.7942094977e-18 
-2.0169714756e-17 5.9275862936e-17 -1.4212033131e-16 1.3101434098e-16 1.9569641875e-17 8.9172001147e-18 4.7008528677e-10 1.621436768e-10 7.1589333229e-10 
-6.4666165713e-16 -1.3656230269e-16 -2.1599231119e-17 -2.7002825885e-16 -3.9538670081e-16 -4.7038451873e-17 -0.010310378596 -0.017738809496 -0.048646231895 
-4.9514971803e-13 -8.0191673882e-13 2.9775528833e-12 4.0836971768e-16 -2.4192630513e-16 1.9380960629e-16 1.174653571e-16 -9.0364666313e-18 4.2243375057e-17 
0.0086510744959 -0.0061187699443 -0.053369114092 -0.015484878389 -0.0033031224475 -0.054897226877 -0.0080056689439 -0.047752521322 -0.049169708025 
-0.023239170696 -0.0088507863123 -0.11887620584 -1.7454537713e-16 3.9516673497e-17 -2.4841170907e-18 -1.5360784962e-06 -3.9701121175e-06 -2.8569481488e-05 
-9.2501767745e-07 -1.0438287745e-06 -5.9904511045e-06 -8.5975723881e-17 1.7096975224e-16 7.2893788414e-18 -4.3035941198e-17 -4.5361129409e-17 -3.751566367e-17 
1.5823636951e-16 8.9163024103e-17 7.5667100431e-17 3.4439134569e-17 9.73866176e-17 7.3249986798e-18 -2.3136874025e-14 2.5815330071e-15 1.6831292699e-13 
2.2791100445e-14 1.8485896924e-14 8.7635720499e-14 2.2327700879e-14 2.0367230795e-14 2.4420980887e-14 1.148540399e-06 2.0617985272e-06 4.6486269979e-06 
1.1762178605e-08 -4.2263071263e-09 -6.197953212e-06 -5.9317280547e-05 6.344034553e-05 -0.00061614999135 -8.3524649126e-17 -1.2239500268e-16 1.1044482238e-16 
-1.5283377857e-16 -3.738966023e-16 3.5422132435e-17 1.486941903e-09 -1.9721477629e-09 -1.7610074604e-08 5.8520497151e-18 1.3672226777e-16 6.6009175804e-18 
-1.5153444565e-17 1.1295200464e-16 -4.7972430131e-18 -2.042321924e-17 7.6008971842e-17 4.8409886561e-17 -1.9081868704e-16 5.1007198456e-16 6.7484316188e-17 
1.3629334215e-16 -6.430107841e-16 -2.7490252715e-17 1.0719516984e-16 -1.5421403655e-16 7.594800586e-18 3.5833207512e-16 8.2376062238e-18 -7.3106360093e-18 
0.046822590167 -0.0084121242005 -0.043924371067 8.9332265872e-17 -8.3639047591e-17 4.1765587655e-19 6.0217530223e-17 4.8322292167e-17 5.5826630429e-18 
9.0030019531e-16 4.8818125936e-16 4.5443626725e-18 2.5855029584e-17 -2.1419968901e-17 -9.1388430766e-18 -4.5629819562e-16 -2.6141386504e-16 -4.029716983e-17 
-4.5940187723e-17 2.0234468963e-16 6.4723516861e-19 -1.6857690307e-11 -1.5034766027e-11 5.7600708774e-09 -1.7080500112e-17 6.3714126735e-17 1.6025812676e-17 
0.0011269794964 -0.037815473301 -0.1336937822 -2.3268815865e-16 -1.913448766e-16 -1.0573158564e-17 -3.9933202752e-16 2.3860757751e-16 5.223625506e-17 
1.2455227196e-16 -7.8339780349e-18 1.3708782262e-17 5.1044655845e-17 1.0142833818e-15 1.0317422663e-16 2.6464056295e-16 -3.3820513445e-16 -1.55501777e-17 
7.73971721e-16 1.2466300727e-15 2.6333373679e-17 1.2736559227e-15 2.6341019358e-15 1.1101099399e-16 -0.0016208136777 -0.016456397437 -0.087157755269 
7.1918430089e-17 2.9683275991e-16 3.7924266883e-19 1.3131824403e-16 -3.6984314057e-16 3.2288973685e-17 -3.5620126625e-17 -1.0366243529e-15 -6.2689277302e-17 
8.969750281e-16 -1.2098128953e-15 -4.4582870424e-17 3.6625666988e-16 -1.4249904103e-15 2.6532644229e-17 7.7371901519e-17 1.6366009649e-16 -5.7355535793e-17 
-4.1687452037e-16 -2.4894482631e-16 1.8529271552e-16 1.1376565872e-15 -5.5256347254e-16 -5.5857408032e-17 1.4208747751e-16 3.3092019399e-17 3.3576703515e-17 
-0.086614339331 -0.056402165188 -0.031015137449 -1.9383238845e-16 3.4039314341e-17 -7.9706552567e-17 -1.189416887e-15 1.1893701287e-16 1.7729515301e-19 
-0.0053868020949 0.021447583631 -0.094996680488 -1.5391745456e-16 1.6642339762e-16 5.6437591645e-17 4.9771160224e-18 -1.2541219051e-16 7.4677424016e-17 
-5.3758223499e-16 3.5263338492e-16 4.5927198849e-18 -1.2671026081e-16 -9.9930972405e-17 1.7118658055e-17 -3.9849676776e-17 6.0296070338e-16 1.8478735153e-17 
-6.3654821518e-17 -3.3141895452e-18 -2.8333936717e-18 9.3913643314e-17 2.6639712402e-16 7.6222064747e-17 3.9604215347e-16 -1.0001034001e-17 -1.2520602149e-17 
-3.8233562221e-16 -9.9380097833e-16 -1.499395979e-16 1.3462653257e-16 5.7275747039e-17 -1.0576662246e-17 6.5969913394e-18 -3.7350654151e-17 -1.2477334524e-17 
2.1487971467e-16 1.2912966464e-14 -2.6360447758e-15 1.1565141214e-16 7.9921512832e-17 -3.4278738234e-17 -0.00010207769606 -9.335308112e-05 -0.00010660504472 
3.1903071492e-16 -3.2298519967e-17 -3.5211497666e-18 -6.9672208337e-16 -3.756934355e-16 1.4014652746e-16 -3.0896825391e-16 -2.4321398288e-16 -4.0083808754e-18 
-2.0861463987e-16 3.8238231936e-16 -8.5988702584e-17 8.0186507318e-17 -2.2641096584e-16 4.8987147699e-17 -1.5055830261e-17 -1.382617443e-16 4.6672918212e-18 
0.027008987685 0.013135404362 -0.065929024927 -7.3094770049e-16 4.5908127507e-16 5.0054740149e-17 -3.878826367e-16 -1.889484991e-17 -2.2703230884e-17 
-4.8441098747e-16 -4.7608401057e-16 -2.9019387896e-16 2.4411681412e-16 -5.7069471604e-17 7.3269920849e-18 1.0735439585e-16 2.2847944345e-16 1.0964589185e-16 
-1.6674533469e-16 2.4279747942e-16 -9.3401515114e-17 7.2206353704e-16 4.0142535454e-16 -5.7423647647e-17 -3.6088459935e-16 -4.7983468435e-16 1.9808512438e-16 
3.7226234916e-16 3.2275365538e-16 1.9913820593e-16 -2.2629228176e-16 3.3041464655e-17 3.6887842278e-17 3.1011300416e-16 -2.5758618989e-16 4.0026121869e-17 
-1.604695419e-17 1.8415926908e-16 3.9453493114e-17 6.8754646653e-17 2.6216986167e-16 8.8538421269e-17 -3.4813910385e-16 -3.032817926e-16 6.0068847017e-18 
-3.1926097012e-16 -2.5874639319e-17 -1.3183801794e-16 0 0 -0.081408838362 5.0452415885e-17 4.0029764005e-19 5.0624261169e-17 
-2.0419185476e-16 -1.0621840015e-16 -1.1278018352e-16 -6.6944881972e-17 5.3783545081e-16 1.2787725533e-16 1.4610420686e-16 -3.7358334044e-16 9.0708695017e-18 
1.9516511282e-17 3.8229177285e-16 1.1483140367e-17 2.9587318235e-18 -1.7342596369e-16 -9.1454586153e-17 0.062745863863 -0.0049923813573 -0.090929613741 
-0.042229658347 0.09194537154 -0.0038801720518 1.9660908886e-16 -1.8372530631e-16 -1.8094320065e-16 2.4197083363e-11 9.7946934767e-11 5.8553806306e-10 
1.2167654654e-11 1.2651279912e-10 4.4425742936e-10 1.4560319241e-16 -4.4240902769e-17 1.4683563331e-16 1.2003854295e-16 -3.3954556887e-17 -1.043375753e-16 
9.2124972937e-12 1.7543866559e-11 -3.7447125667e-11 0.028684925387 0.0093320927121 -0.10882140343 -5.4905858077e-16 -5.7862216097e-16 1.1951668611e-17 
3.3860538292e-17 3.4370772321e-17 1.4067663477e-16 1.1107617631e-11 1.6948142038e-11 1.9790671038e-11 4.2352726877e-16 -1.0167308085e-15 2.0786417783e-16 
-1.1472010522e-16 -2.3941671817e-16 -1.8987112045e-16 8.3326712453e-17 -9.3830222364e-16 -6.3106669808e-18 -1.7265189709e-16 -2.0180661404e-16 1.867799074e-17 
0.028351308366 0.079967299292 -0.05761348638 0.067283940364 0.01292933858 -0.072219957798 0.025420703161 -0.011255350729 -0.1241741417 
0 0 -2.1784696516e-15 -0.10611075084 0.020557369485 -0.041184578545 -0.02712005507 -0.034270078547 -0.12525337411 
-0.022330423076 0.075973160246 -0.10061509578 0.063355054645 0.067711615856 -0.017316218599 -0.068993060511 -0.0059488547125 -0.087621507381 
-0.070280088007 0.047764109214 -0.063438158632 -0.081109547188 0.082609155436 -0.12341159652 0.067213470331 -0.031695743887 -0.088231215298 
0.027387543027 -0.025545002579 -0.13066200029 -0.052838945811 -0.016908199993 -0.061703065762 -0.022000783973 -0.083696051084 -0.081066153724 
-0.02068978546 -0.025205139789 -0.074859858563 -0.073346228444 0.024601799669 -0.11863964601 0.0088807476289 0.058167093601 -0.10915500796 
0.023198053293 -0.015701263247 -0.08831349668 -0.046453012977 -0.047688413702 -0.060567898745 0.018348546151 0.031729291204 -0.069975488306 
-0.016649984261 0.074775324444 -0.10627199017 -0.028256143553 -0.095129904219 -0.061134069195 -0.042822639292 -0.02841832531 -0.087935795086 
0.083239868908 -0.043038569436 -0.019546611323 -0.004007571997 -0.025274870705 -0.02354388271 -0.027138421302 -0.10439059099 -0.077671170027 
-0.037099684989 0.019039511564 -0.048490830251 -0.050609101338 0.030012956515 -0.090909569022 -0.081442968583 -0.079256774233 -0.1090014395 
0.0070551805007 -0.031977197508 -0.07773875975 0.019042191142 -0.063527538997 -0.074734579486 0.026243578397 -0.078629429331 -0.063643489501 
0.042605052578 0.016512823704 -0.089952562818 0.0080103970412 0.04170320896 -0.0868413198 -0.044573236221 -0.00067308047624 -0.080692832786 
0.029455596941 -0.04009716703 -0.094413090001 -0.013253767998 -0.017391316685 -0.067405509413 -0.019032598772 0.022572232016 -0.11480911014 
-0.032027665669 -0.075831867948 -0.059439539403 0.032428686164 0.025306497379 -0.022661961612 0.025368439927 0.011307084707 -0.10805447189 
0.013418977726 0.036880838701 -0.11670335183 0.059920978764 0.065365319013 -0.038740929352 0.064536295095 0.060772874745 -0.051851226539 
-0.0089704179991 0.026349881175 -0.02939709004 -0.031585221287 0.040372773067 -0.076539324339 0.010799291844 0.045622210286 -0.093091147373 
0.043921325748 0.054076854251 -0.089663365099 0.074215472272 -0.050668975414 -0.044312820787 0.060302991663 0.037013358541 -0.032741658704 
0.046196776349 -0.013436289836 -0.042889162252 0.037675646345 -0.043264036049 -0.044368794124 0.0042232540775 0.02758571578 -0.1194612722 
-0.015380060966 -0.0035253153438 -0.024306390176 0.015821928429 -0.029195053832 -0.057689952469 -0.017056996151 0.076666640909 -0.042561580693 
0.029962784618 0.039601152046 -0.036855762502 0.061371942037 0.020430528745 -0.052783172156 0.018442034283 0.042560015707 -0.043966839942 
0.019384819646 -0.01815553011 -0.026152134784 0.0077660697221 0.031083382645 -0.037090407361 0.033521390937 0.011929013128 -0.038744663428 
0.015497454293 -0.0014399656636 -0.043442609692 -0.028565438493 -0.038539462204 -0.075078145483 -0.034751827729 0.033711208219 -0.074489847523 
-0.079194831313 -0.04399786331 -0.06831685667 -0.047411143879 0.021649813739 -0.054049152037 -0.041708006208 0.0087027133499 -0.052508253483 
-0.041456140719 -0.0088893110064 -0.05717264721 0.02677253251 0.0370503568 -0.034302108897 -0.02957003264 0.0167666634 -0.095595234298 
-0.046613047245 0.082193367724 -0.097298815975 0.077218996227 0.027087532574 -0.035873014427 0.0016621337439 0.045807881456 -0.023308807877 
-0.02540111073 0.018095563199 -0.055301302338 2.0429783427e-08 -1.1747551059e-08 5.2533789356e-09 1.4072502561e-08 1.2654062405e-08 -2.1599748143e-08 
-1.5519327796e-08 -1.0717522905e-08 -2.1925621719e-08 7.7157680776e-09 -1.0221685731e-08 -5.6890245089e-09 -4.1791476896e-09 -1.5975564166e-09 1.6315031481e-10 
0.018567864097 0.061642278425 -0.015725398486 -1.1896492885e-08 -2.4664699356e-09 2.1779521618e-08 1.0928571759e-08 -7.4524018665e-09 -1.3062185482e-08 
1.9198853895e-08 -1.3570453043e-07 7.8454003609e-08 1.1841750048e-08 6.0221954539e-09 1.7619925768e-08 2.357784292e-08 1.3094248823e-08 -5.3945344189e-09 
-3.7926234103e-08 9.168695752e-08 -7.7075929897e-09 -6.2765746168e-08 1.4096184193e-07 -2.9481670914e-08 -5.25334499e-08 6.4779219547e-08 -9.7434159224e-08 
-3.4342626713e-08 2.367283398e-09 -4.3054553341e-08 -2.8923503151e-08 7.1254943212e-09 -7.6371714869e-08 -1.0448074555e-08 -7.0390210774e-09 -1.903800668e-08 
3.7104059708e-09 1.0249521256e-08 -9.6344478905e-10 -7.2568302637e-09 -1.7521445861e-09 -2.0575231268e-09 -3.9710388107e-08 -3.7845198709e-08 1.7109214877e-08 
3.0802153045e-09 1.5341602274e-08 2.9445189486e-10 -3.5623982348e-08 -2.4453132948e-09 -7.8008912864e-09 -1.0253738935e-08 -2.7803010131e-09 -9.5732426317e-09 
-5.9049877107e-08 3.547626937e-08 -1.1924691933e-08 -8.8241724653e-09 1.1370538658e-08 -3.4990901422e-08 0.0068021793523 0.022260404711 -0.063954651122 
0.024865377741 -0.026929276883 -0.0037864793713 -0.0013660963288 -0.017543979332 -0.045061532403 -0.058576842957 0.052674463774 -0.079273380432 
-0.051599550989 0.030626796475 0.0028211443792 0.0028175395492 -0.0037358570824 -0.10027358938 -0.037579995169 0.02434320941 -0.091838092838 
0.0077678214812 0.034205985135 -0.11313497128 -0.029393911619 -0.015787862268 -0.026205860992 0.0059933365056 -0.030111363516 -0.036619255822 
0.022133256051 -0.067887131607 -0.028660034086 -1.6806708081e-08 1.2194840776e-08 4.28662801e-08 1.6914762593e-09 -7.8207697172e-09 1.4255081828e-08 
-1.2263084263e-09 -2.1044114566e-08 1.6820844491e-08 4.2506703187e-08 -8.3613162766e-08 -6.7627172942e-08 2.444603239e-08 -1.7703250286e-08 6.0641474944e-08 
4.1373007334e-08 -1.0148390868e-08 4.2007767382e-08 1.1690587674e-08 3.5158230551e-08 -2.5624588011e-07 1.1316894059e-07 7.1019284837e-08 -5.9107617375e-08 
1.7693810118e-08 7.4119663173e-09 1.7276624334e-08 -6.4086747155e-08 -4.1549976427e-08 -5.0779269143e-08 2.8474328831e-07 8.9252796753e-09 1.1689514301e-07 
1.0092494161e-08 9.9969697457e-09 -6.2689814634e-09 1.116646755e-08 2.7549672842e-08 -3.4646362564e-09 1.9934185098e-08 1.0258457324e-08 7.9563736338e-09 
8.3270060045e-08 -3.5826616878e-08 -3.4737850312e-07 0.0026286488684 0.056845649826 5.7267008477e-05 -2.1208356321e-08 5.3579607598e-08 -4.7781278131e-08 
-4.1532680493e-08 -1.5090021174e-07 3.7121871052e-08 -1.8406968782e-08 -4.4955275119e-09 -7.7340260435e-08 2.7640582398e-07 -8.8465113967e-08 2.7342228304e-07 
9.9604021142e-08 -7.2140814622e-08 5.1521069542e-08 1.7191989704e-07 4.5951758139e-08 7.7897865939e-08 1.6774542058e-07 6.8551403505e-09 -5.708024181e-09 
2.8417651042e-07 -1.9750889015e-07 -1.1455973574e-08 -1.5420378074e-08 3.1428954032e-08 -3.264612217e-08 8.0889607945e-10 8.3841567208e-08 -1.6623304434e-07 
3.9244908874e-07 1.17626884e-07 -3.1094537596e-07 8.5056685151e-09 -9.2635573346e-09 -8.6504711715e-08 4.6772465145e-08 1.333712674e-07 -8.3368418128e-08 
-0.016788058654 -0.012485333055 -0.011645771067 3.3029303363e-09 -1.2647507539e-08 1.093558936e-08 5.4777719159e-09 -1.7930072997e-09 3.0189835085e-08 
1.3204667916e-07 5.2305466639e-08 6.5348324435e-08 -6.1998338716e-09 -7.0155682372e-08 8.8548992077e-08 1.8488987387e-08 9.9222028768e-10 -6.1680360682e-09 
-2.1634837092e-08 -2.6093516012e-08 2.7452391434e-08 -5.2833410786e-08 5.1405074121e-09 1.234650864e-08 -7.3168700575e-08 9.6920342742e-09 -8.3875423442e-08 
4.9301182476e-08 -3.4973697803e-08 6.9329824505e-09 9.1746863846e-09 2.5735710936e-08 -2.9987108997e-08 -6.37357405e-08 3.8968639213e-08 -1.6266549954e-07 
6.914605912e-08 9.080156402e-08 -1.7073016666e-07 -0.0025256785628 -0.067470833474 -0.052733289874 -0.043637314338 0.0017024471822 -0.057818750915 
0.02952185582 -0.0073925801077 -0.036720932152 8.0684953507e-08 -5.8189160196e-08 6.3690717078e-08 3.696065358e-07 -1.4479224044e-08 7.0990160027e-08 
2.9169423682e-07 -1.2632689781e-07 -2.5571610054e-07 5.5802787207e-07 -1.7503439127e-07 -3.1205056718e-07 1.2342511941e-06 -5.4934706692e-08 5.2461848227e-07 
7.624199334e-07 -3.8729408944e-07 1.8809189942e-07 -0.078023463566 -0.072883185384 -0.054137386902 -0.079504267161 -0.0010044480787 -0.053160307903 
-1.7138051892e-07 1.3332106309e-07 3.5099556874e-08 1.0056954349e-08 2.7014607204e-07 -2.3438678734e-07 -2.8994153041e-08 1.4190978468e-07 -1.2343896217e-07 
2.620211089e-06 -6.9459329218e-07 2.9316444354e-09 4.8729039974e-07 -2.7980801441e-07 3.0936628692e-07 1.0132050319e-06 -4.7664415184e-07 -2.1591555775e-07 
1.1454773101e-06 -1.5774323689e-08 1.7435931692e-07 1.1898787789e-06 3.4650896174e-07 -1.965791366e-08 1.0434133163e-06 -4.3262865934e-07 -6.1210963665e-07 
0.03248433374 0.02102945825 -0.04511788834 1.0516076622e-07 2.5075322107e-07 -1.2239975771e-07 1.8675303474e-07 -1.4610269807e-07 8.2189673527e-08 
2.8569238241e-07 9.1443126467e-08 8.5015510562e-09 4.7476633205e-07 -4.1326494041e-07 2.9051698573e-07 5.4497768567e-08 -1.6464347913e-07 9.5886211575e-08 
3.4108651352e-07 4.0302220526e-08 -2.5801047901e-07 0.051322636937 -0.012140091432 -0.032053120041 -0.046039574525 -0.055348976192 -0.050294449708 
0.028078846277 -0.017965422861 -0.030254246814 -0.03652620721 0.0069969804062 -0.073547483111 -0.043798342326 -0.017920068716 -0.055830889869 
-0.032421638759 0.033985485271 -0.091651875474 0.027827684356 -0.0081110902316 -0.040237252922 -0.025783627281 0.11045216577 -0.022992124261 
-0.00052450675652 0.019816516643 -0.037859484363 -0.011787732705 -0.00043090510528 2.2284322375e-08 0.012306369612 0.018757594413 -0.025005270946 
-0.010723092005 -0.018117835996 -0.054648173113 -0.016455927586 0.0028387200393 -0.055657172918 0.033382060191 -0.0063070997921 -0.043477314382 
0.073880357751 -0.012144138843 -0.072227822384 0.01865068048 -0.0059718060916 -0.098479248488 -0.05702557066 -0.0074328577889 -0.063576760983 
0.016397508747 0.0055292201494 -0.047670637678 -0.022474701209 -0.012029766701 -0.083002304201 -0.012564572741 -0.025784683664 -0.065820264873 
-0.042351527144 0.0039722394571 -0.073594093581 -0.025383022055 -0.046703563814 -0.018384189753 0.033889682975 -0.028056254917 -0.074859501314 
0.032177270303 -0.010299492694 -0.022882219389 -0.046193861481 0.0078619131835 -0.048026506156 0.00062311637972 -0.007957262099 -0.068984045066 
0.023496469321 0.031963580406 -0.014892158604 0.012935267801 0.018689917174 -0.053472903186 0.0078724353896 0.021726712448 -0.068691955262 
-0.0023873847057 -0.023838332999 -0.058862002047 -0.035059761102 -0.060792578655 -0.037102421854 -0.035575174462 -0.042548891923 -0.035815550451 
-0.04842077333 -0.018145729878 -0.09122246742 -0.0032623805483 0.045464910002 -0.035273875951 0.041060051786 -0.039798927239 0.031720613304 
0.013292077475 0.0010959270455 -0.031505467607 -0.0043602276135 0.060642764928 -0.0086503078874 -0.024152269075 -0.013723790866 -0.045868981039 
-0.021873973779 3.6177122583e-05 -0.026033019996 0.0086236662071 0.013588363122 -0.038949821029 -0.055514129288 0.006391405784 -0.021903244635 
-0.0067840400512 -0.024126243281 -0.031831030713 -0.022675899857 -0.033885415795 -0.036816469632 -0.00091211587882 -0.030448215182 -0.03925350439 
0.048388227093 0.021656481743 -0.032575028394 0.057013056834 -0.036070042876 -0.089597796239 0.054526787903 0.018547388735 -0.037693916542 
-0.025091409914 -0.0085545669588 0.02185073071 0.020383045305 -0.0044769788728 -0.019257291973 -0.014685866789 -0.053570480441 -0.053836502253 
-0.0049726096925 0.054533954077 -0.053881092014 0.020256239069 -0.030966180746 -0.03768065196 -0.0043699087922 0.010807430494 -0.029071705016 
-0.02989860576 -0.0094192723714 -0.038947208029 0.0024606345461 -0.0098406977275 -0.017882481549 
f 3 4841 double
0 0 -5.1365039886e-09 0 0 -5.1365039886e-09 0 0 -5.1365039886e-09 
0 0 -5.1365039886e-09 0 0 -5.1365039886e-09 0 0 -5.1365039886e-09 
0 0 -5.1365039886e-09 0 0 -5.1365039886e-09 0 0 -5.1365039886e-09 
0 0 -5.1365039886e-09 0 0 -5.1365039886e-09 0 0 -5.1365039886e-09 
0 0 -5.1365039886e-09 0 0 -5.1365039886e-09 0 0 -5.1365039886e-09 
0 0 -5.1365039886e-09 0 0 -5.1365039886e-09 0 0 -5.1365039886e-09 
0 0 -5.1365039886e-09 0 0 -5.1365039886e-09 0 0 -5.1365039886e-09 
0 0 -5.1365039886e-09 0 0 -5.1365039886e-09 0 0 -5.1365039886e-09 
0 0 -5.1365039886e-09 0 0 -5.1365039886e-09 0 0 -5.1365039886e-09 
0 0 -5.1365039886e-09 0 0 -5.1365039886e-09 0 0 -5.1365039886e-09 
0 0 -5.1365039886e-09 0 0 -5.1365039886e-09 0 0 -5.1365039886e-09 
0 0 -5.1365039886e-09 0 0 -5.1365039886e-09 0 0 -5.1365039886e-09 
0 0 -5.1365039886e-09 0 0 -5.1365039886e-09 0 0 -5.1365039886e-09 
0 0 -5.1365039886e-09 0 0 -5.1365039886e-09 0 0 -5.1365039886e-09 
0 0 -5.1365039886e-09 0 0 -5.1365039886e-09 0 0 -5.1365039886e-09 
0 0 -5.1365039886e-09 0 0 -5.1365039886e-09 0 0 -5.1365039886e-09 
0 0 -5.1365039886e-09 0 0 -5.1365039886e-09 0 0 -5.1365039886e-09 
0 0 -5.1365039886e-09 0 0 -5.1365039886e-09 0 0 -5.1365039886e-09 
0 0 -5.1365039886e-09 0 0 -5.1365039886e-09 0 0 -5.1365039886e-09 
0 0 -5.1365039886e-09 0 0 -5.1365039886e-09 0 0 -5.1365039886e-09 
0 0 -5.1365039886e-09 0 0 -5.1365039886e-09 0 0 -5.1365039886e-09 
0 0 -5.1365039886e-09 0 0 -5.1365039886e-09 0 0 -5.1365039886e-09 
0 0 -5.1365039886e-09 0 0 -5.1365039886e-09 0 0 -5.1365039886e-09 
0 0 -5.1365039886e-09 0 0 -5.1365039886e-09 0 0 -5.1365039886e-09 
0 0 -5.1365039886e-09 0 0 -5.1365039886e-09 0 0 -5.1365039886e-09 
0 0 -5.1365039886e-09 0 0 -5.1365039886e-09 0 0 -5.1365039886e-09 
0 0 -5.1365039886e-09 0 0 -5.1365039886e-09 0 0 -5.1365039886e-09 
0 0 -5.1365039886e-09 0 0 -5.1365039886e-09 0 0 -5.1365039886e-09 
0 0 -5.1365039886e-09 0 0 -5.1365039886e-09 0 0 -5.1365039886e-09 
0 0 -5.1365039886e-09 0 0 -5.1365039886e-09 0 0 -5.1365039886e-09 
0 0 -5.1365039886e-09 0 0 -5.1365039886e-09 0 0 -5.1365039886e-09 
0 0 -5.1365039886e-09 0 0 -5.1365039886e-09 0 0 -5.1365039886e-09 
0 0 -5.1365039886e-09 0 0 -5.1365039886e-09 0 0 -5.1365039886e-09 
0 0 -5.1365039886e-09 0 0 -5.1365039886e-09 0 0 -5.1365039886e-09 
0 0 -5.1365039886e-09 0 0 -5.1365039886e-09 0 0 -5.1365039886e-09 
0 0 -5.1365039886e-09 0 0 -5.1365039886e-09 0 0 -5.1365039886e-09 
0 0 -5.1365039886e-09 0 0 -5.1365039886e-09 0 0 -5.1365039886e-09 
0 0 -5.1365039886e-09 0 0 -5.1365039886e-09 0 0 -5.1365039886e-09 
0 0 -5.1365039886e-09 0 0 -5.1365039886e-09 0 0 -5.1365039886e-09 
0 0 -5.1365039886e-09 0 0 -5.1365039886e-09 0 0 -5.1365039886e-09 
0 0 -5.1365039886e-09 0 0 -5.1365039886e-09 0 0 -5.1365039886e-09 
0 0 -5.1365039886e-09 0 0 -5.1365039886e-09 0 0 -5.1365039886e-09 
0 0 -5.1365039886e-09 0 0 -5.1365039886e-09 0 0 -5.1365039886e-09 
0 0 -5.1365039886e-09 0 0 -5.1365039886e-09 0 0 -5.1365039886e-09 
0 0 -5.1365039886e-09 0 0 -5.1365039886e-09 0 0 -5.1365039886e-09 
0 0 -5.1365039886e-09 0 0 -5.1365039886e-09 0 0 -5.1365039886e-09 
0 0 -5.1365039886e-09 0 0 -5.1365039886e-09 0 0 -5.1365039886e-09 
0 0 -5.1365039886e-09 0 0 -5.1365039886e-09 0 0 -5.1365039886e-09 
0 0 -5.1365039886e-09 0 0 -5.1365039886e-09 0 0 -5.1365039886e-09 
0 0 -5.1365039886e-09 0 0 -5.1365039886e-09 0 0 -5.1365039886e-09 
0 0 -5.1365039886e-09 0 0 -5.1365039886e-09 0 0 -5.1365039886e-09 
0 0 -5.1365039886e-09 0 0 -5.1365039886e-09 0 0 -5.1365039886e-09 
0 0 -5.1365039886e-09 0 0 -5.1365039886e-09 0 0 -5.1365039886e-09 
0 0 -5.1365039886e-09 0 0 -5.1365039886e-09 0 0 -5.1365039886e-09 
0 0 -5.1365039886e-09 0 0 -5.1365039886e-09 0 0 -5.1365039886e-09 
0 0 -5.1365039886e-09 0 0 -5.1365039886e-09 0 0 -5.1365039886e-09 
0 0 -5.1365039886e-09 0 0 -5.1365039886e-09 0 0 -5.1365039886e-09 
0 0 -5.1365039886e-09 0 0 -5.1365039886e-09 0 0 -5.1365039886e-09 
0 0 -5.1365039886e-09 0 0 -5.1365039886e-09 0 0 -5.1365039886e-09 
0 0 -5.1365039886e-09 0 0 -5.1365039886e-09 0 0 -5.1365039886e-09 
0 0 -5.1365039886e-09 0 0 -5.1365039886e-09 0 0 -5.1365039886e-09 
0 0 -5.1365039886e-09 0 0 -5.1365039886e-09 0 0 -5.1365039886e-09 
0 0 -5.1365039886e-09 0 0 -5.1365039886e-09 0 0 -5.1365039886e-09 
0 0 -5.1365039886e-09 0 0 -5.1365039886e-09 0 0 -5.1365039886e-09 
0 0 -5.1365039886e-09 0 0 -5.1365039886e-09 0 0 -5.1365039886e-09 
0 0 -5.1365039886e-09 0 0 -5.1365039886e-09 0 0 -5.1365039886e-09 
0 0 -5.1365039886e-09 0 0 -5.1365039886e-09 0 0 -5.1365039886e-09 
0 0 -5.1365039886e-09 0 0 -5.1365039886e-09 0 0 -5.1365039886e-09 
0 0 -5.1365039886e-09 0 0 -5.1365039886e-09 0 0 -5.1365039886e-09 
0 0 -5.1365039886e-09 0 0 -5.1365039886e-09 0 0 -5.1365039886e-09 
0 0 -5.1365039886e-09 0 0 -5.1365039886e-09 0 0 -5.1365039886e-09 
0 0 -5.1365039886e-09 0 0 -5.1365039886e-09 0 0 -5.1365039886e-09 
0 0 -5.1365039886e-09 0 0 -5.1365039886e-09 0 0 -5.1365039886e-09 
0 0 -5.1365039886e-09 0 0 -5.1365039886e-09 0 0 -5.1365039886e-09 
0 0 -5.1365039886e-09 0 0 -5.1365039886e-09 0 0 -5.1365039886e-09 
0 0 -5.1365039886e-09 0 0 -5.1365039886e-09 0 0 -5.1365039886e-09 
0 0 -5.1365039886e-09 0 0 -5.1365039886e-09 0 0 -5.1365039886e-09 
0 0 -5.1365039886e-09 0 0 -5.1365039886e-09 0 0 -5.1365039886e-09 
0 0 -5.1365039886e-09 0 0 -5.1365039886e-09 0 0 -5.1365039886e-09 
0 0 -5.1365039886e-09 0 0 -5.1365039886e-09 0 0 -5.1365039886e-09 
0 0 -5.1365039886e-09 0 0 -5.1365039886e-09 0 0 -5.1365039886e-09 
0 0 -5.1365039886e-09 0 0 -5.1365039886e-09 0 0 -5.1365039886e-09 
0 0 -5.1365039886e-09 0 0 -5.1365039886e-09 0 0 -5.1365039886e-09 
0 0 -5.1365039886e-09 0 0 -5.1365039886e-09 0 0 -5.1365039886e-09 
0 0 -5.1365039886e-09 0 0 -5.1365039886e-09 0 0 -5.1365039886e-09 
0 0 -5.1365039886e-09 0 0 -5.1365039886e-09 0 0 -5.1365039886e-09 
0 0 -5.1365039886e-09 0 0 -5.1365039886e-09 0 0 -5.1365039886e-09 
0 0 -5.1365039886e-09 0 0 -5.1365039886e-09 0 0 -5.1365039886e-09 
0 0 -5.1365039886e-09 0 0 -5.1365039886e-09 0 0 -5.1365039886e-09 
0 0 -5.1365039886e-09 0 0 -5.1365039886e-09 0 0 -5.1365039886e-09 
0 0 -5.1365039886e-09 0 0 -5.1365039886e-09 0 0 -5.1365039886e-09 
0 0 -5.1365039886e-09 0 0 -5.1365039886e-09 0 0 -5.1365039886e-09 
0 0 -5.1365039886e-09 0 0 -5.1365039886e-09 0 0 -5.1365039886e-09 
0 0 -5.1365039886e-09 0 0 -5.1365039886e-09 0 0 -5.1365039886e-09 
0 0 -5.1365039886e-09 0 0 -5.1365039886e-09 0 0 -5.1365039886e-09 
0 0 -5.1365039886e-09 0 0 -5.1365039886e-09 0 0 -5.1365039886e-09 
0 0 -5.1365039886e-09 0 0 -5.1365039886e-09 0 0 -5.1365039886e-09 
0 0 -5.1365039886e-09 0 0 -5.1365039886e-09 0 0 -5.1365039886e-09 
0 0 -5.1365039886e-09 0 0 -5.1365039886e-09 0 0 -5.1365039886e-09 
0 0 -5.1365039886e-09 0 0 -5.1365039886e-09 0 0 -5.1365039886e-09 
0 0 -5.1365039886e-09 0 0 -5.1365039886e-09 0 0 -5.1365039886e-09 
0 0 -5.1365039886e-09 0 0 -5.1365039886e-09 0 0 -5.1365039886e-09 
0 0 -5.1365039886e-09 0 0 -5.1365039886e-09 0 0 -5.1365039886e-09 
0 0 -5.1365039886e-09 0 0 -5.1365039886e-09 0 0 -5.1365039886e-09 
0 0 -5.1365039886e-09 0 0 -5.1365039886e-09 0 0 -5.1365039886e-09 
0 0 -5.1365039886e-09 0 0 -5.1365039886e-09 0 0 -5.1365039886e-09 
0 0 -5.1365039886e-09 0 0 -5.1365039886e-09 0 0 -5.1365039886e-09 
0 0 -5.1365039886e-09 0 0 -5.1365039886e-09 0 0 -5.1365039886e-09 
0 0 -5.1365039886e-09 0 0 -5.1365039886e-09 0 0 -5.1365039886e-09 
0 0 -5.1365039886e-09 0 0 -5.1365039886e-09 0 0 -5.1365039886e-09 
0 0 -5.1365039886e-09 0 0 -5.1365039886e-09 0 0 -5.1365039886e-09 
0 0 -5.1365039886e-09 0 0 -5.1365039886e-09 0 0 -5.1365039886e-09 
0 0 -5.1365039886e-09 0 0 -5.1365039886e-09 0 0 -5.1365039886e-09 
0 0 -5.1365039886e-09 0 0 -5.1365039886e-09 0 0 -5.1365039886e-09 
0 0 -5.1365039886e-09 0 0 -5.1365039886e-09 0 0 -5.1365039886e-09 
0 0 -5.1365039886e-09 0 0 -5.1365039886e-09 0 0 -5.1365039886e-09 
0 0 -5.1365039886e-09 0 0 -5.1365039886e-09 0 0 -5.1365039886e-09 
0 0 -5.1365039886e-09 0 0 -5.1365039886e-09 0 0 -5.1365039886e-09 
0 0 -5.1365039886e-09 0 0 -5.1365039886e-09 0 0 -5.1365039886e-09 
0 0 -5.1365039886e-09 0 0 -5.1365039886e-09 0 0 -5.1365039886e-09 
0 0 -5.1365039886e-09 0 0 -5.1365039886e-09 0 0 -5.1365039886e-09 
0 0 -5.1365039886e-09 0 0 -5.1365039886e-09 0 0 -5.1365039886e-09 
0 0 -5.1365039886e-09 0 0 -5.1365039886e-09 0 0 -5.1365039886e-09 
0 0 -5.1365039886e-09 0 0 -5.1365039886e-09 0 0 -5.1365039886e-09 
0 0 -5.1365039886e-09 0 0 -5.1365039886e-09 0 0 -5.1365039886e-09 
0 0 -5.1365039886e-09 0 0 -5.1365039886e-09 0 0 -5.1365039886e-09 
0 0 -5.1365039886e-09 0 0 -5.1365039886e-09 0 0 -5.1365039886e-09 
0 0 -5.1365039886e-09 0 0 -5.1365039886e-09 0 0 -5.1365039886e-09 
0 0 -5.1365039886e-09 0 0 -5.1365039886e-09 0 0 -5.1365039886e-09 
0 0 -5.1365039886e-09 0 0 -5.1365039886e-09 0 0 -5.1365039886e-09 
0 0 -5.1365039886e-09 0 0 -5.1365039886e-09 0 0 -5.1365039886e-09 
0 0 -5.1365039886e-09 0 0 -5.1365039886e-09 0 0 -5.1365039886e-09 
0 0 -5.1365039886e-09 0 0 -5.1365039886e-09 0 0 -5.1365039886e-09 
0 0 -5.1365039886e-09 0 0 -5.1365039886e-09 0 0 -5.1365039886e-09 
0 0 -5.1365039886e-09 0 0 -5.1365039886e-09 0 0 -5.1365039886e-09 
0 0 -5.1365039886e-09 0 0 -5.1365039886e-09 0 0 -5.1365039886e-09 
0 0 -5.1365039886e-09 0 0 -5.1365039886e-09 0 0 -5.1365039886e-09 
0 0 -5.1365039886e-09 0 0 -5.1365039886e-09 0 0 -5.1365039886e-09 
0 0 -5.1365039886e-09 0 0 -5.1365039886e-09 0 0 -5.1365039886e-09 
0 0 -5.1365039886e-09 0 0 -5.1365039886e-09 0 0 -5.1365039886e-09 
0 0 -5.1365039886e-09 0 0 -5.1365039886e-09 0 0 -5.1365039886e-09 
0 0 -5.1365039886e-09 0 0 -5.1365039886e-09 0 0 -5.1365039886e-09 
0 0 -5.1365039886e-09 0 0 -5.1365039886e-09 0 0 -5.1365039886e-09 
0 0 -5.1365039886e-09 0 0 -5.1365039886e-09 0 0 -5.1365039886e-09 
0 0 -5.1365039886e-09 0 0 -5.1365039886e-09 0 0 -5.1365039886e-09 
0 0 -5.1365039886e-09 0 0 -5.1365039886e-09 0 0 -5.1365039886e-09 
0 0 -5.1365039886e-09 0 0 -5.1365039886e-09 0 0 -5.1365039886e-09 
0 0 -5.1365039886e-09 0 0 -5.1365039886e-09 0 0 -5.1365039886e-09 
0 0 -5.1365039886e-09 0 0 -5.1365039886e-09 0 0 -5.1365039886e-09 
0 0 -5.1365039886e-09 0 0 -5.1365039886e-09 0 0 -5.1365039886e-09 
0 0 -5.1365039886e-09 0 0 -5.1365039886e-09 0 0 -5.1365039886e-09 
0 0 -5.1365039886e-09 0 0 -5.1365039886e-09 0 0 -5.1365039886e-09 
0 0 -5.1365039886e-09 0 0 -5.1365039886e-09 0 0 -5.1365039886e-09 
0 0 -5.1365039886e-09 0 0 -5.1365039886e-09 0 0 -5.1365039886e-09 
0 0 -5.1365039886e-09 0 0 -5.1365039886e-09 0 0 -5.1365039886e-09 
0 0 -5.1365039886e-09 0 0 -5.1365039886e-09 0 0 -5.1365039886e-09 
0 0 -5.1365039886e-09 0 0 -5.1365039886e-09 0 0 -5.1365039886e-09 
0 0 -5.1365039886e-09 0 0 -5.1365039886e-09 0 0 -5.1365039886e-09 
0 0 -5.1365039886e-09 0 0 -5.1365039886e-09 0 0 -5.1365039886e-09 
0 0 -5.1365039886e-09 0 0 -5.1365039886e-09 0 0 -5.1365039886e-09 
0 0 -5.1365039886e-09 0 0 -5.1365039886e-09 0 0 -5.1365039886e-09 
0 0 -5.1365039886e-09 0 0 -5.1365039886e-09 0 0 -5.1365039886e-09 
0 0 -5.1365039886e-09 0 0 -5.1365039886e-09 0 0 -5.1365039886e-09 
0 0 -5.1365039886e-09 0 0 -5.1365039886e-09 0 0 -5.1365039886e-09 
0 0 -5.1365039886e-09 0 0 -5.1365039886e-09 0 0 -5.1365039886e-09 
0 0 -5.1365039886e-09 0 0 -5.1365039886e-09 0 0 -5.1365039886e-09 
0 0 -5.1365039886e-09 0 0 -5.1365039886e-09 0 0 -5.1365039886e-09 
0 0 -5.1365039886e-09 0 0 -5.1365039886e-09 0 0 -5.1365039886e-09 
0 0 -5.1365039886e-09 0 0 -5.1365039886e-09 0 0 -5.1365039886e-09 
0 0 -5.1365039886e-09 0 0 -5.1365039886e-09 0 0 -5.1365039886e-09 
0 0 -5.1365039886e-09 0 0 -5.1365039886e-09 0 0 -5.1365039886e-09 
0 0 -5.1365039886e-09 0 0 -5.1365039886e-09 0 0 -5.1365039886e-09 
0 0 -5.1365039886e-09 0 0 -5.1365039886e-09 0 0 -5.1365039886e-09 
0 0 -5.1365039886e-09 0 0 -5.1365039886e-09 0 0 -5.1365039886e-09 
0 0 -5.1365039886e-09 0 0 -5.1365039886e-09 0 0 -5.1365039886e-09 
0 0 -5.1365039886e-09 0 0 -5.1365039886e-09 0 0 -5.1365039886e-09 
0 0 -5.1365039886e-09 0 0 -5.1365039886e-09 0 0 -5.1365039886e-09 
0 0 -5.1365039886e-09 0 0 -5.1365039886e-09 0 0 -5.1365039886e-09 
0 0 -5.1365039886e-09 0 0 -5.1365039886e-09 0 0 -5.1365039886e-09 
0 0 -5.1365039886e-09 0 0 -5.1365039886e-09 0 0 -5.1365039886e-09 
0 0 -5.1365039886e-09 0 0 -5.1365039886e-09 0 0 -5.1365039886e-09 
0 0 -5.1365039886e-09 0 0 -5.1365039886e-09 0 0 -5.1365039886e-09 
0 0 -5.1365039886e-09 0 0 -5.1365039886e-09 0 0 -5.1365039886e-09 
0 0 -5.1365039886e-09 0 0 -5.1365039886e-09 0 0 -5.1365039886e-09 
0 0 -5.1365039886e-09 0 0 -5.1365039886e-09 0 0 -5.1365039886e-09 
0 0 -5.1365039886e-09 0 0 -5.1365039886e-09 0 0 -5.1365039886e-09 
0 0 -5.1365039886e-09 0 0 -5.1365039886e-09 0 0 -5.1365039886e-09 
0 0 -5.1365039886e-09 0 0 -5.1365039886e-09 0 0 -5.1365039886e-09 
0 0 -5.1365039886e-09 0 0 -5.1365039886e-09 0 0 -5.1365039886e-09 
0 0 -5.1365039886e-09 0 0 -5.1365039886e-09 0 0 -5.1365039886e-09 
0 0 -5.1365039886e-09 0 0 -5.1365039886e-09 0 0 -5.1365039886e-09 
0 0 -5.1365039886e-09 0 0 -5.1365039886e-09 0 0 -5.1365039886e-09 
0 0 -5.1365039886e-09 0 0 -5.1365039886e-09 0 0 -5.1365039886e-09 
0 0 -5.1365039886e-09 0 0 -5.1365039886e-09 0 0 -5.1365039886e-09 
0 0 -5.1365039886e-09 0 0 -5.1365039886e-09 0 0 -5.1365039886e-09 
0 0 -5.1365039886e-09 0 0 -5.1365039886e-09 0 0 -5.1365039886e-09 
0 0 -5.1365039886e-09 0 0 -5.1365039886e-09 0 0 -5.1365039886e-09 
0 0 -5.1365039886e-09 0 0 -5.1365039886e-09 0 0 -5.1365039886e-09 
0 0 -5.1365039886e-09 0 0 -5.1365039886e-09 0 0 -5.1365039886e-09 
0 0 -5.1365039886e-09 0 0 -5.1365039886e-09 0 0 -5.1365039886e-09 
0 0 -5.1365039886e-09 0 0 -5.1365039886e-09 0 0 -5.1365039886e-09 
0 0 -5.1365039886e-09 0 0 -5.1365039886e-09 0 0 -5.1365039886e-09 
0 0 -5.1365039886e-09 0 0 -5.1365039886e-09 0 0 -5.1365039886e-09 
0 0 -5.1365039886e-09 0 0 -5.1365039886e-09 0 0 -5.1365039886e-09 
0 0 -5.1365039886e-09 0 0 -5.1365039886e-09 0 0 -5.1365039886e-09 
0 0 -5.1365039886e-09 0 0 -5.1365039886e-09 0 0 -5.1365039886e-09 
0 0 -5.1365039886e-09 0 0 -5.1365039886e-09 0 0 -5.1365039886e-09 
0 0 -5.1365039886e-09 0 0 -5.1365039886e-09 0 0 -5.1365039886e-09 
0 0 -5.1365039886e-09 0 0 -5.1365039886e-09 0 0 -5.1365039886e-09 
0 0 -5.1365039886e-09 0 0 -5.1365039886e-09 0 0 -5.1365039886e-09 
0 0 -5.1365039886e-09 0 0 -5.1365039886e-09 0 0 -5.1365039886e-09 
0 0 -5.1365039886e-09 0 0 -5.1365039886e-09 0 0 -5.1365039886e-09 
0 0 -5.1365039886e-09 0 0 -5.1365039886e-09 0 0 -5.1365039886e-09 
0 0 -5.1365039886e-09 0 0 -5.1365039886e-09 0 0 -5.1365039886e-09 
0 0 -5.1365039886e-09 0 0 -5.1365039886e-09 0 0 -5.1365039886e-09 
0 0 -5.1365039886e-09 0 0 -5.1365039886e-09 0 0 -5.1365039886e-09 
0 0 -5.1365039886e-09 0 0 -5.1365039886e-09 0 0 -5.1365039886e-09 
0 0 -5.1365039886e-09 0 0 -5.1365039886e-09 0 0 -5.1365039886e-09 
0 0 -5.1365039886e-09 0 0 -5.1365039886e-09 0 0 -5.1365039886e-09 
0 0 -5.1365039886e-09 0 0 -5.1365039886e-09 0 0 -5.1365039886e-09 
0 0 -5.1365039886e-09 0 0 -5.1365039886e-09 0 0 -5.1365039886e-09 
0 0 -5.1365039886e-09 0 0 -5.1365039886e-09 0 0 -5.1365039886e-09 
0 0 -5.1365039886e-09 0 0 -5.1365039886e-09 0 0 -5.1365039886e-09 
0 0 -5.1365039886e-09 0 0 -5.1365039886e-09 0 0 -5.1365039886e-09 
0 0 -5.1365039886e-09 0 0 -5.1365039886e-09 0 0 -5.1365039886e-09 
0 0 -5.1365039886e-09 0 0 -5.1365039886e-09 0 0 -5.1365039886e-09 
0 0 -5.1365039886e-09 0 0 -5.1365039886e-09 0 0 -5.1365039886e-09 
0 0 -5.1365039886e-09 0 0 -5.1365039886e-09 0 0 -5.1365039886e-09 
0 0 -5.1365039886e-09 0 0 -5.1365039886e-09 0 0 -5.1365039886e-09 
0 0 -5.1365039886e-09 0 0 -5.1365039886e-09 0 0 -5.1365039886e-09 
0 0 -5.1365039886e-09 0 0 -5.1365039886e-09 0 0 -5.1365039886e-09 
0 0 -5.1365039886e-09 0 0 -5.1365039886e-09 0 0 -5.1365039886e-09 
0 0 -5.1365039886e-09 0 0 -5.1365039886e-09 0 0 -5.1365039886e-09 
0 0 -5.1365039886e-09 0 0 -5.1365039886e-09 0 0 -5.1365039886e-09 
0 0 -5.1365039886e-09 0 0 -5.1365039886e-09 0 0 -5.1365039886e-09 
0 0 -5.1365039886e-09 0 0 -5.1365039886e-09 0 0 -5.1365039886e-09 
0 0 -5.1365039886e-09 0 0 -5.1365039886e-09 0 0 -5.1365039886e-09 
0 0 -5.1365039886e-09 0 0 -5.1365039886e-09 0 0 -5.1365039886e-09 
0 0 -5.1365039886e-09 0 0 -5.1365039886e-09 0 0 -5.1365039886e-09 
0 0 -5.1365039886e-09 0 0 -5.1365039886e-09 0 0 -5.1365039886e-09 
0 0 -5.1365039886e-09 0 0 -5.1365039886e-09 0 0 -5.1365039886e-09 
0 0 -5.1365039886e-09 0 0 -5.1365039886e-09 0 0 -5.1365039886e-09 
0 0 -5.1365039886e-09 0 0 -5.1365039886e-09 0 0 -5.1365039886e-09 
0 0 -5.1365039886e-09 0 0 -5.1365039886e-09 0 0 -5.1365039886e-09 
0 0 -5.1365039886e-09 0 0 -5.1365039886e-09 0 0 -5.1365039886e-09 
0 0 -5.1365039886e-09 0 0 -5.1365039886e-09 0 0 -5.1365039886e-09 
0 0 -5.1365039886e-09 0 0 -5.1365039886e-09 0 0 -5.1365039886e-09 
0 0 -5.1365039886e-09 0 0 -5.1365039886e-09 0 0 -5.1365039886e-09 
0 0 -5.1365039886e-09 0 0 -5.1365039886e-09 0 0 -5.1365039886e-09 
0 0 -5.1365039886e-09 0 0 -5.1365039886e-09 0 0 -5.1365039886e-09 
0 0 -5.1365039886e-09 0 0 -5.1365039886e-09 0 0 -5.1365039886e-09 
0 0 -5.1365039886e-09 0 0 -5.1365039886e-09 0 0 -5.1365039886e-09 
0 0 -5.1365039886e-09 0 0 -5.1365039886e-09 0 0 -5.1365039886e-09 
0 0 -5.1365039886e-09 0 0 -5.1365039886e-09 0 0 -5.1365039886e-09 
0 0 -5.1365039886e-09 0 0 -5.1365039886e-09 0 0 -5.1365039886e-09 
0 0 -5.1365039886e-09 0 0 -5.1365039886e-09 0 0 -5.1365039886e-09 
0 0 -5.1365039886e-09 0 0 -5.1365039886e-09 0 0 -5.1365039886e-09 
0 0 -5.1365039886e-09 0 0 -5.1365039886e-09 0 0 -5.1365039886e-09 
0 0 -5.1365039886e-09 0 0 -5.1365039886e-09 0 0 -5.1365039886e-09 
0 0 -5.1365039886e-09 0 0 -5.1365039886e-09 0 0 -5.1365039886e-09 
0 0 -5.1365039886e-09 0 0 -5.1365039886e-09 0 0 -5.1365039886e-09 
0 0 -5.1365039886e-09 0 0 -5.1365039886e-09 0 0 -5.1365039886e-09 
0 0 -5.1365039886e-09 0 0 -5.1365039886e-09 0 0 -5.1365039886e-09 
0 0 -5.1365039886e-09 0 0 -5.1365039886e-09 0 0 -5.1365039886e-09 
-3.1939229462e-09 -3.2154043498e-09 -3.7787575202e-09 -1.4466782092e-09 1.6696087789e-10 -3.2349004316e-10 1.3679582098e-19 -1.5924219408e-19 0 
9.4867690092e-20 -6.776263578e-20 0 0 0 -5.1365039886e-09 0 0 -5.1365039886e-09 
-9.7828917276e-17 4.6399109598e-16 -3.4846257824e-16 0 0 -5.1365039886e-09 0 0 -5.1365039886e-09 
0 0 -5.1365039886e-09 0 0 -5.1365039886e-09 0 0 -5.1365039886e-09 
0 0 -5.1365039886e-09 -1.410657615e-12 -2.2341702327e-12 -4.4741944524e-13 0 0 -5.1365039886e-09 
1.143833292e-17 1.088738881e-15 -8.6291650908e-16 -4.7263625305e-15 9.3145163891e-15 4.0692384358e-14 0 0 -5.1365039886e-09 
0 0 -5.1365039886e-09 0 0 -5.1365039886e-09 0 0 -5.1365039886e-09 
0 0 -5.1365039886e-09 0 0 -5.1365039886e-09 0 0 -5.1365039886e-09 
0 0 -5.1365039886e-09 1.9293389586e-12 -7.8885237372e-12 -2.3574397846e-11 0 0 -5.1365039886e-09 
9.1728105504e-10 1.8215627929e-09 1.4429675587e-09 0 0 -5.1365039886e-09 0 0 -5.1365039886e-09 
0 0 -5.1365039886e-09 0 0 -5.1365039886e-09 3.382673197e-12 -1.7034423636e-11 6.570957862e-12 
0 0 -5.1365039886e-09 0 0 -5.1365039886e-09 3.1481669485e-13 1.024259887e-13 8.2655324913e-14 
1.3552527156e-19 -1.3552527156e-20 0 -2.3716922523e-20 -3.388131789e-21 0 -4.7433845046e-20 -4.0657581468e-20 -2.8799120207e-20 
-7.8102384515e-10 6.5486863886e-10 2.4234453717e-09 0 0 -5.1365039886e-09 0 0 -5.1365039886e-09 
0 0 -5.1365039886e-09 0 0 -5.1365039886e-09 0 0 -5.1365039886e-09 
1.920301653e-09 -2.2748424012e-09 4.7372075426e-09 1.3552527156e-20 -5.4210108624e-20 -3.388131789e-21 3.644923788e-10 -1.2902135407e-09 -3.5688899967e-09 
-4.0657581468e-20 2.7105054312e-20 6.776263578e-21 1.9542310478e-14 1.4376846068e-14 -4.9142242738e-14 -8.6072918161e-11 1.2209622983e-10 6.8971337905e-11 
-4.0154444971e-10 3.3002782397e-10 -1.1418800259e-09 -4.6117962422e-15 6.5991184956e-15 5.5948321876e-15 0 0 -5.1365039886e-09 
0 0 -5.1365039886e-09 0 0 -5.1365039886e-09 0 0 -5.1365039886e-09 
0 0 -5.1365039886e-09 0 0 -5.1365039886e-09 -2.405836374e-06 -9.3987668168e-07 -1.1383932872e-07 
2.405836374e-06 9.3987668168e-07 1.0356632075e-07 0 0 -5.1365039886e-09 0 0 -5.1365039886e-09 
6.6348521729e-13 1.5661631605e-12 2.0683946906e-13 9.0009922259e-15 1.4435989296e-14 2.6016230728e-14 0 0 -5.1365039886e-09 
-2.1651625805e-14 -5.5863056151e-14 5.5221203044e-13 8.8327784756e-12 3.4457699172e-11 -3.7649214394e-12 0 0 -5.1365039886e-09 
0 0 -5.1365039886e-09 0 0 -5.1365039886e-09 0 0 -5.1365039886e-09 
0 0 -5.1365039886e-09 0 0 -5.1365039886e-09 6.5393900256e-11 3.2403525731e-11 1.1125725045e-10 
3.540936305e-11 -3.7641226236e-11 -5.0221391173e-12 2.4685601057e-10 -3.0274079656e-10 1.4788198475e-10 8.9031771667e-11 1.9271860193e-10 1.5512101425e-09 
0 0 -5.1365039886e-09 0 0 -5.1365039886e-09 -3.4083884288e-07 2.1627687586e-06 -1.8108721316e-06 
0 0 -5.1365039886e-09 0 0 -5.1365039886e-09 0 0 -5.1365039886e-09 
0 0 -5.1365039886e-09 0 0 -5.1365039886e-09 0 0 -5.1365039886e-09 
7.3519749316e-16 -2.9885727953e-15 5.5328801978e-15 5.1141816476e-16 -7.4030340777e-16 -1.6069909075e-17 -2.2877519251e-09 -1.3761481662e-09 3.8947855871e-10 
-5.4210108624e-20 -2.7105054312e-20 0 1.997914231e-14 1.4889348435e-15 2.1769132991e-14 -4.0657581468e-20 -5.4210108624e-20 1.3552527156e-20 
1.2741871902e-13 9.6229448021e-15 -8.1557292387e-14 -2.3747440481e-10 1.4131378337e-10 -1.1788510085e-10 0 0 -5.1365039886e-09 
0 0 -5.1365039886e-09 0 0 -5.1365039886e-09 0 0 -5.1365039886e-09 
-6.9746346285e-13 4.2569273844e-13 1.3532653e-12 -1.4907779872e-18 3.3610267347e-18 -8.1528615239e-17 1.7619640556e-16 4.884330787e-17 -1.0129836423e-16 
2.677979366e-17 8.7820375971e-18 -7.7055095431e-16 0 0 -5.1365039886e-09 5.5742952927e-12 -1.4392926582e-11 -1.5116289959e-10 
0 0 -5.1365039886e-09 0 0 -5.1365039886e-09 0 0 -5.1365039886e-09 
0 0 -5.1365039886e-09 0 0 -5.1365039886e-09 0 0 -5.1365039886e-09 
0 0 -5.1365039886e-09 0 0 -5.1365039886e-09 0 0 -5.1365039886e-09 
1.9481757787e-20 -1.1011428314e-20 4.3501759286e-19 2.7105054312e-20 -5.4210108624e-20 3.1763735522e-22 -2.2594764764e-11 -3.4639687847e-11 -1.7381920808e-09 
-4.4764949126e-10 3.8609598732e-10 -4.4599646133e-10 3.3530579572e-12 -5.526904261e-12 -2.3448678612e-11 3.2928615726e-11 2.0760316518e-10 -7.4234697794e-10 
3.4083884288e-07 -2.1627687586e-06 1.8005991236e-06 0 0 -5.1365039886e-09 0 0 -5.1365039886e-09 
-1.4370480615e-08 -1.4111943613e-07 -2.8771417546e-07 0 0 -5.1365039886e-09 0 0 -5.1365039886e-09 
0 0 -5.1365039886e-09 0 0 -5.1365039886e-09 0 0 -5.1365039886e-09 
-2.6933730926e-09 1.1748469317e-09 -2.4604450116e-10 0 0 -5.1365039886e-09 9.074859733e-12 1.0245047866e-11 2.1879636415e-11 
-1.1632980712e-11 -9.8054399344e-12 8.4186679297e-11 0 0 -5.1365039886e-09 0 0 -5.1365039886e-09 
0 0 -5.1365039886e-09 0 0 -5.1365039886e-09 0 0 -5.1365039886e-09 
0 0 -5.1365039886e-09 0 0 -5.1365039886e-09 0 0 -5.1365039886e-09 
-2.4554963369e-12 1.6633455792e-10 4.5040195596e-11 6.061446411e-10 6.6997291994e-10 5.6977575913e-10 1.5007918834e-08 1.4728987863e-08 4.1472093248e-09 
-2.1350571661e-13 -1.70728774e-14 -4.9705467979e-14 0 0 -5.1365039886e-09 1.6368037568e-14 -1.7605966056e-14 -1.1001239355e-14 
1.5227917668e-14 -1.7199132743e-14 -7.3740229875e-14 -1.570951265e-14 9.8503900891e-15 -1.3258957077e-14 2.7611918828e-15 -1.9757416189e-15 -2.2278931629e-15 
0 0 -5.1365039886e-09 0 0 -5.1365039886e-09 0 0 -5.1365039886e-09 
0 0 -5.1365039886e-09 0 0 -5.1365039886e-09 0 0 -5.1365039886e-09 
0 0 -5.1365039886e-09 0 0 -5.1365039886e-09 2.4345948976e-12 -1.8387765404e-12 7.0772470458e-13 
2.7272404044e-08 1.8072772782e-08 -1.3363030047e-07 -2.1722677681e-15 1.150539093e-15 1.5084762919e-14 4.0235501562e-14 1.2354917436e-14 -1.7786421343e-14 
-1.1238514459e-14 -2.2930875948e-16 3.0683727857e-14 5.8373336546e-14 5.4306385777e-14 -5.4074899296e-14 1.6940658945e-21 7.1150767569e-20 1.3234889801e-22 
0 0 -5.1365039886e-09 0 0 -5.1365039886e-09 0 0 -5.1365039886e-09 
0 0 -5.1365039886e-09 0 0 -5.1365039886e-09 0 0 -5.1365039886e-09 
0 0 -5.1365039886e-09 0 0 -5.1365039886e-09 1.0842021725e-19 -2.7105054312e-20 -4.4045713257e-20 
7.5581157722e-10 -5.7096204957e-10 -9.959913059e-10 -9.7799448372e-06 -3.4435486251e-05 -9.8591052812e-06 0 0 -5.1365039886e-09 
0 0 -5.1365039886e-09 1.4370480615e-08 1.4111943613e-07 2.7744116749e-07 0 0 -5.1365039886e-09 
0 0 -5.1365039886e-09 0 0 -5.1365039886e-09 0 0 -5.1365039886e-09 
0 0 -5.1365039886e-09 0 0 -5.1365039886e-09 0 0 -5.1365039886e-09 
0 0 -5.1365039886e-09 0 0 -5.1365039886e-09 0 0 -5.1365039886e-09 
6.6210158305e-09 2.8913016061e-09 5.6313367375e-10 -1.9465451974e-09 3.188908147e-09 8.6648791958e-10 0 0 -5.1365039886e-09 
-8.2375400446e-11 -4.3462384417e-10 1.5651362471e-09 3.0129024254e-10 3.1330508346e-10 7.2005149868e-10 0 0 -5.1365039886e-09 
0 0 -5.1365039886e-09 0 0 -5.1365039886e-09 0 0 -5.1365039886e-09 
0 0 -5.1365039886e-09 0 0 -5.1365039886e-09 0 0 -5.1365039886e-09 
0 0 -5.1365039886e-09 0 0 -5.1365039886e-09 0 0 -5.1365039886e-09 
-2.168404345e-19 8.1315162936e-20 -2.7105054312e-20 -1.6714806957e-10 -4.6807071774e-10 -7.7581902382e-10 2.1973574051e-10 1.108561127e-11 -1.0976372855e-09 
1.3727354756e-15 -5.9468489161e-16 -1.9223705811e-14 -1.5601398212e-15 1.2085195041e-15 1.5140390577e-14 1.1304385704e-12 -1.1011690691e-12 -2.57232772e-12 
9.3071679378e-13 -5.4391110756e-13 2.2900844903e-12 0 0 -5.1365039886e-09 0 0 -5.1365039886e-09 
0 0 -5.1365039886e-09 0 0 -5.1365039886e-09 9.215412179e-12 -4.2009186928e-12 -1.595314323e-09 
6.616751171e-11 1.2220666265e-11 2.8108914822e-10 -2.671859553e-19 4.7815009873e-19 -2.0180559968e-19 -1.6731800509e-09 -7.3648240604e-10 -6.0690327273e-09 
2.9198919758e-15 9.9085236543e-16 3.5609807204e-15 0 0 -5.1365039886e-09 2.1336085481e-10 2.2337769086e-10 8.7360695759e-10 
-3.7269449679e-20 -2.0328790734e-20 4.2351647363e-22 1.5261834313e-08 1.9614686473e-08 -4.3763434076e-09 0 0 -5.1365039886e-09 
0 0 -5.1365039886e-09 0 0 -5.1365039886e-09 0 0 -5.1365039886e-09 
0 0 -5.1365039886e-09 0 0 -5.1365039886e-09 0 0 -5.1365039886e-09 
0 0 -5.1365039886e-09 -1.8795631284e-13 -1.8895074307e-13 1.7695992783e-13 3.6169201315e-14 -4.8827722464e-14 8.5684561219e-14 
-4.2537154354e-14 4.1052339479e-14 -3.2161391063e-13 1.8551978191e-15 -4.1562629396e-14 -3.2883028999e-14 0 0 -5.1365039886e-09 
0 0 -5.1365039886e-09 0 0 -5.1365039886e-09 0 0 -5.1365039886e-09 
0 0 -5.1365039886e-09 0 0 -5.1365039886e-09 0 0 -5.1365039886e-09 
0 0 -5.1365039886e-09 0 0 -5.1365039886e-09 0 0 -5.1365039886e-09 
-1.7687058144e-11 2.45700347e-11 5.6110516314e-11 1.2424204948e-11 -4.319472348e-11 -2.3719692555e-10 0 0 -5.1365039886e-09 
1.2317021391e-05 -1.022713815e-05 -1.1484196623e-05 0.0001176104127 -0.00028136068886 2.5601635883e-06 -0.0011412802448 -0.00027409887494 4.5993529416e-05 
-1.4817569195e-05 -1.5813300333e-06 4.6307531439e-06 0 0 -5.1365039886e-09 0 0 -5.1365039886e-09 
0 0 -5.1365039886e-09 0 0 -5.1365039886e-09 0 0 -5.1365039886e-09 
0 0 -5.1365039886e-09 0 0 -5.1365039886e-09 0 0 -5.1365039886e-09 
0 0 -5.1365039886e-09 -2.137879097e-12 1.131484895e-12 5.7719077178e-11 0 -2.7105054312e-20 -5.4210108624e-20 
9.2207246341e-12 -1.7056653616e-11 -7.886998895e-10 1.5560889654e-11 -9.4210391441e-12 2.7173235859e-10 2.5644629839e-11 -2.18293546e-10 7.5792304355e-09 
-6.7246239278e-11 3.0813002323e-11 -2.919323022e-10 -1.7016923894e-12 7.8314568372e-13 -1.4729198187e-12 5.5078627517e-09 -1.8866307359e-09 2.9603418635e-10 
4.0496307371e-11 -3.6397001515e-11 -7.4786801772e-09 1.418010525e-09 -1.4195030887e-09 2.6267888481e-09 0 0 -5.1365039886e-09 
0 0 -5.1365039886e-09 0 0 -5.1365039886e-09 0 0 -5.1365039886e-09 
0 0 -5.1365039886e-09 0 0 -5.1365039886e-09 0 0 -5.1365039886e-09 
4.7515160209e-17 -1.2359904766e-17 -2.4944972066e-16 3.3778318684e-16 -2.9506562124e-16 3.5856217558e-16 -6.41793476e-16 5.7294663805e-16 -7.0275930766e-16 
1.9453839581e-14 -2.1420582322e-15 2.1911263638e-14 -5.6079469681e-14 -1.6222917107e-15 -3.4915653539e-14 0 0 -5.1365039886e-09 
-1.2503822081e-09 -1.1791274085e-09 -7.5567161033e-10 2.0479298385e-11 -1.5415072159e-11 -2.0863645521e-12 8.4473418359e-11 5.4796338691e-11 2.0693466042e-11 
-1.7067801325e-10 -2.0460736088e-09 -5.7963075564e-09 -1.4975142675e-10 -1.2758669018e-10 1.3446479266e-09 0 0 -5.1365039886e-09 
0 0 -5.1365039886e-09 0 0 -5.1365039886e-09 0 0 -5.1365039886e-09 
0 0 -5.1365039886e-09 0 0 -5.1365039886e-09 0 0 -5.1365039886e-09 
0 0 -5.1365039886e-09 0 0 -5.1365039886e-09 -1.3499159238e-07 5.0683327233e-08 -2.1885995931e-08 
-1.6989073346e-12 4.1527460602e-11 -5.5731145668e-12 0 0 -5.1365039886e-09 0 0 -5.1365039886e-09 
0 0 -5.1365039886e-09 0 0 -5.1365039886e-09 0 0 -5.1365039886e-09 
0 0 -5.1365039886e-09 0 0 -5.1365039886e-09 0 0 -5.1365039886e-09 
0 0 -5.1365039886e-09 0 0 -5.1365039886e-09 0 0 -5.1365039886e-09 
-5.2857979766e-14 -5.359361094e-13 -2.2169105507e-13 -1.5344167858e-14 8.5300852753e-14 3.3398780669e-13 0 0 -5.1365039886e-09 
0 0 -5.1365039886e-09 0 0 -5.1365039886e-09 -2.7914257994e-07 1.625094483e-06 2.8564860585e-06 
0 0 -5.1365039886e-09 0 0 -5.1365039886e-09 0 0 -5.1365039886e-09 
0 0 -5.1365039886e-09 0 0 -5.1365039886e-09 0 0 -5.1365039886e-09 
0 0 -5.1365039886e-09 0 0 -5.1365039886e-09 0 0 -5.1365039886e-09 
0 0 -5.1365039886e-09 0 0 -5.1365039886e-09 1.6286071883e-16 -4.1290484486e-16 -2.1641352989e-16 
-3.9393201578e-11 -1.0677965299e-10 -3.384459958e-10 -3.6443911978e-09 1.5378797904e-09 -1.6981810301e-09 -1.5612823215e-08 2.0424206212e-08 6.5916753105e-10 
2.1254929782e-13 -7.1991295304e-15 1.4466427658e-11 -3.5829359768e-10 -2.0849383662e-11 -4.4666124828e-10 -1.528264921e-09 7.7697067719e-10 -1.9515750393e-09 
0 0 -5.1365039886e-09 0 0 -5.1365039886e-09 0 0 -5.1365039886e-09 
0 0 -5.1365039886e-09 0 0 -5.1365039886e-09 0 0 -5.1365039886e-09 
0 0 -5.1365039886e-09 0 0 -5.1365039886e-09 7.9961110975e-12 -1.11020275e-11 -1.8820359474e-09 
1.7017806706e-14 1.0675190116e-15 2.4726140257e-14 1.2832205337e-11 -8.0852160362e-12 1.3318437073e-10 0 0 -5.1365039886e-09 
1.7664061777e-07 -5.7573144628e-07 -3.4610739169e-07 1.2466057117e-09 1.475692684e-09 -9.2277592848e-10 -1.0484235008e-16 1.8529015128e-16 2.934782815e-16 
-1.2770761499e-11 1.4156262127e-11 -2.9837280019e-09 0 0 -5.1365039886e-09 0 0 -5.1365039886e-09 
0 0 -5.1365039886e-09 0 0 -5.1365039886e-09 0 0 -5.1365039886e-09 
0 0 -5.1365039886e-09 0 0 -5.1365039886e-09 0 0 -5.1365039886e-09 
0 0 -5.1365039886e-09 0 0 -5.1365039886e-09 5.6070880361e-10 7.6040072196e-10 -1.2773295069e-09 
-5.0652353405e-14 -3.6983541501e-13 -1.4040596041e-10 -1.8218553836e-13 -1.2611180139e-12 -1.7001351623e-12 0 0 -5.1365039886e-09 
0 0 -5.1365039886e-09 0 0 -5.1365039886e-09 0 0 -5.1365039886e-09 
0 0 -5.1365039886e-09 0 0 -5.1365039886e-09 0 0 -5.1365039886e-09 
0 0 -5.1365039886e-09 1.0482953252e-06 4.9296191757e-07 -1.9000058806e-06 0 0 -5.1365039886e-09 
-1.3507939342e-15 2.0644293566e-15 -1.8324473612e-15 3.7167426255e-14 9.4099874377e-13 -3.1560463607e-12 0 0 -5.1365039886e-09 
0 0 -5.1365039886e-09 0 0 -5.1365039886e-09 0 0 -5.1365039886e-09 
-4.2351647363e-21 -2.2022856629e-20 -2.1175823681e-22 -5.4210108624e-20 0 8.4703294725e-21 0 0 -5.1365039886e-09 
0 0 -5.1365039886e-09 -6.9321829662e-08 -1.7762752835e-07 -2.7413447663e-07 0 0 -5.1365039886e-09 
0 0 -5.1365039886e-09 0 0 -5.1365039886e-09 0 0 -5.1365039886e-09 
0 0 -5.1365039886e-09 0 0 -5.1365039886e-09 0 0 -5.1365039886e-09 
0 0 -5.1365039886e-09 2.5941109173e-10 -3.9955769747e-10 -4.9021463092e-10 2.7105054312e-20 4.0657581468e-20 1.2325652872e-19 
-5.5365134058e-08 7.3092904183e-08 -1.1864342764e-08 -1.2330448809e-11 -8.058706751e-12 -1.5989304159e-09 -1.5787338884e-16 4.7000164177e-17 4.5161086242e-16 
0 0 -5.1365039886e-09 9.0577662239e-09 -5.347618688e-09 -4.9417710698e-08 -2.5837295262e-11 1.2613432949e-11 4.0347579241e-11 
0 0 -5.1365039886e-09 0 0 -5.1365039886e-09 0 0 -5.1365039886e-09 
0 0 -5.1365039886e-09 -7.0798401863e-17 2.307182223e-16 2.5793508497e-15 -7.662598854e-17 -1.5094804746e-16 -3.7474160602e-15 
8.6729397535e-17 1.2649928847e-16 -2.1020308432e-15 8.9317866288e-11 2.6634980788e-11 2.1338956518e-10 0 0 -5.1365039886e-09 
-1.3135521189e-10 -3.7697944809e-11 2.0285323467e-10 5.8984883818e-11 1.9386149837e-11 -8.9288197819e-11 5.7950606119e-17 -1.3975366003e-16 -2.0197127933e-15 
3.138087663e-17 -1.0269088639e-16 -2.0954028104e-15 0 0 -5.1365039886e-09 0 0 -5.1365039886e-09 
0 0 -5.1365039886e-09 0 0 -5.1365039886e-09 0 0 -5.1365039886e-09 
0 0 -5.1365039886e-09 0 0 -5.1365039886e-09 0 0 -5.1365039886e-09 
0 0 -5.1365039886e-09 0 0 -5.1365039886e-09 2.4637129793e-11 9.608240147e-10 -3.9250800713e-09 
-5.0273321107e-10 -9.5759172304e-10 -5.9098013275e-10 0 0 -5.1365039886e-09 7.1904694655e-14 7.7802831723e-13 2.6407528641e-12 
-1.0327304929e-11 -3.1504855399e-11 2.8834483514e-10 0 0 -5.1365039886e-09 0 0 -5.1365039886e-09 
0 0 -5.1365039886e-09 0 0 -5.1365039886e-09 0 0 -5.1365039886e-09 
0 0 -5.1365039886e-09 0 0 -5.1365039886e-09 0 0 -5.1365039886e-09 
0 0 -5.1365039886e-09 -1.0482953252e-06 -4.9296191757e-07 1.8897328726e-06 0 0 -5.1365039886e-09 
-7.8989549276e-15 -2.5364293185e-14 8.0380500704e-13 -1.3480525723e-11 -4.3111689349e-11 5.1415206934e-09 7.2229955307e-15 -2.0597381494e-14 -3.6500669024e-14 
0 0 -5.1365039886e-09 0 0 -5.1365039886e-09 3.293011265e-09 2.3488087024e-09 -3.8668341942e-09 
0 0 -5.1365039886e-09 0 0 -5.1365039886e-09 6.9321829662e-08 1.7762752835e-07 2.6386146865e-07 
0 0 -5.1365039886e-09 0 0 -5.1365039886e-09 0 0 -5.1365039886e-09 
0 0 -5.1365039886e-09 0 0 -5.1365039886e-09 0 0 -5.1365039886e-09 
0 0 -5.1365039886e-09 2.8189256485e-18 5.4210108624e-18 2.1941541466e-17 3.4049423437e-14 -1.0969400572e-13 1.6712097946e-13 
-4.9124301645e-11 1.9471341487e-10 6.1609191689e-09 -3.5911166086e-09 8.5719393194e-09 5.8278154215e-10 -2.237235087e-10 1.1278818644e-09 -4.060293897e-09 
0 0 -5.1365039886e-09 -2.1291056884e-07 -3.9558408761e-07 8.7850516859e-08 -1.0241492441e-12 9.8771576855e-14 7.8315604408e-11 
0 0 -5.1365039886e-09 0 0 -5.1365039886e-09 0 0 -5.1365039886e-09 
-3.0586786023e-10 -2.1006959247e-10 -4.1810965897e-10 -5.8589587121e-11 2.3354220684e-11 9.1617755726e-11 1.1796903874e-11 -6.8020466511e-12 6.6330840176e-11 
-6.6507195598e-12 -1.9221990807e-12 -3.5609497019e-11 -6.3779606942e-11 -1.2396824019e-11 1.3789673505e-10 2.8896534146e-12 2.0075907083e-12 1.565470457e-12 
-2.5649780295e-10 -6.3766976521e-10 3.1484641025e-10 -2.0791202961e-14 7.0265089591e-14 6.514702021e-12 -6.2603608669e-10 1.2871402753e-09 7.3833087338e-09 
0 0 -5.1365039886e-09 0 0 -5.1365039886e-09 0 0 -5.1365039886e-09 
0 0 -5.1365039886e-09 0 0 -5.1365039886e-09 0 0 -5.1365039886e-09 
0 0 -5.1365039886e-09 0 0 -5.1365039886e-09 0 0 -5.1365039886e-09 
0 0 -5.1365039886e-09 0 0 -5.1365039886e-09 0 0 -5.1365039886e-09 
0 0 -5.1365039886e-09 -1.8649866544e-07 3.1036111779e-08 1.8272698488e-08 -1.092381198e-09 -2.3976072247e-09 -1.5184499839e-09 
-6.6590352653e-09 2.0385652623e-08 1.7500308901e-08 1.459964788e-11 5.1317854649e-11 9.1264331392e-11 0 0 -5.1365039886e-09 
0 0 -5.1365039886e-09 0 0 -5.1365039886e-09 0 0 -5.1365039886e-09 
0 0 -5.1365039886e-09 0 0 -5.1365039886e-09 0 0 -5.1365039886e-09 
-4.8457908783e-07 -8.6867905088e-07 9.3652585457e-07 0 0 -5.1365039886e-09 0 0 -5.1365039886e-09 
0 0 -5.1365039886e-09 0 0 -5.1365039886e-09 2.6536278383e-11 -2.607793161e-09 4.7270730748e-10 
4.3312785396e-09 2.2925109397e-09 1.0626972408e-08 0 0 -5.1365039886e-09 0 0 -5.1365039886e-09 
-4.9887401068e-12 -9.5695314195e-12 2.4166444216e-11 8.209429447e-12 1.5196982019e-11 -1.1668429586e-11 2.5157285109e-15 2.1098669144e-13 -2.7354001917e-10 
0 0 -5.1365039886e-09 0 0 -5.1365039886e-09 0 0 -5.1365039886e-09 
0 0 -5.1365039886e-09 0 0 -5.1365039886e-09 0 0 -5.1365039886e-09 
0 0 -5.1365039886e-09 0 0 -5.1365039886e-09 1.797696026e-07 6.6408075666e-07 -1.1847944032e-06 
4.8457908783e-07 8.6867905088e-07 -9.4679886255e-07 -1.797696026e-07 -6.6408075666e-07 1.1745213952e-06 1.6892386155e-10 2.0803948245e-10 2.0758353998e-10 
-1.4814098705e-13 5.7805092296e-13 -1.5307038582e-11 -4.8213088253e-14 -1.174277689e-14 -1.5079575554e-11 -1.0901322678e-11 -7.0949932127e-12 1.0385953056e-09 
1.005742853e-11 -1.8812355103e-12 -8.6571702925e-11 3.9126087227e-10 -9.6346515835e-12 -1.1449377649e-10 -3.8661866406e-12 7.3936999101e-13 -6.4468813588e-12 
7.3875418756e-09 -1.280056529e-09 -4.4939011274e-08 -1.1564537794e-09 -1.2361742223e-10 -5.7576167664e-09 0 0 -5.1365039886e-09 
0 0 -5.1365039886e-09 0 0 -5.1365039886e-09 0 0 -5.1365039886e-09 
0 0 -5.1365039886e-09 0 0 -5.1365039886e-09 4.886270712e-11 -1.443161118e-11 -2.3679848204e-11 
-2.8630429624e-11 -4.3930548381e-11 -5.8610841895e-13 1.7835091856e-14 2.4685115063e-15 2.40604696e-12 4.4642661414e-11 1.1312848553e-11 -1.6051671101e-10 
0 0 -5.1365039886e-09 3.2361997468e-12 7.4252098068e-13 -8.7648063042e-13 -1.7529823567e-11 -1.1756213461e-11 -3.7872637901e-11 
0 0 -5.1365039886e-09 1.1230640441e-16 -1.2789519877e-16 -1.2968874392e-14 1.2997136188e-08 -2.3422333348e-08 -3.0451807441e-10 
0 0 -5.1365039886e-09 0 0 -5.1365039886e-09 0 0 -5.1365039886e-09 
0 0 -5.1365039886e-09 0 0 -5.1365039886e-09 0 0 -5.1365039886e-09 
0 0 -5.1365039886e-09 0 0 -5.1365039886e-09 0 0 -5.1365039886e-09 
0 0 -5.1365039886e-09 -1.2457266527e-08 1.1963654138e-08 2.3509014517e-08 0 0 -5.1365039886e-09 
-2.8006622766e-07 -2.1024507821e-07 -8.8635794381e-08 0 0 -5.1365039886e-09 0 0 -5.1365039886e-09 
0 0 -5.1365039886e-09 0 0 -5.1365039886e-09 0 0 -5.1365039886e-09 
0 0 -5.1365039886e-09 0 0 -5.1365039886e-09 0 0 -5.1365039886e-09 
-1.4726294826e-07 1.0478182655e-07 5.8215111078e-08 1.4726294826e-07 -1.0478182655e-07 -6.8488119055e-08 -4.8195995941e-11 -2.7695340568e-10 3.5026773173e-10 
-1.1317976287e-11 5.8716964708e-11 -1.4093942744e-10 0 0 -5.1365039886e-09 0 0 -5.1365039886e-09 
9.648989201e-10 6.1716934102e-10 1.0490568497e-09 -1.4807480329e-13 -2.9030895526e-13 -5.5110353656e-11 0 0 -5.1365039886e-09 
0 0 -5.1365039886e-09 4.0669307511e-07 9.2046951128e-07 -6.0685978307e-07 -4.0669307511e-07 -9.2046951128e-07 5.9658677509e-07 
0 0 -5.1365039886e-09 0 0 -5.1365039886e-09 0 0 -5.1365039886e-09 
0 0 -5.1365039886e-09 0 0 -5.1365039886e-09 0 0 -5.1365039886e-09 
0 0 -5.1365039886e-09 0 0 -5.1365039886e-09 0 0 -5.1365039886e-09 
0 0 -5.1365039886e-09 0 0 -5.1365039886e-09 3.7014409753e-11 -7.1213470884e-11 -3.9654525898e-10 
4.444886798e-11 -8.0528467792e-11 9.148609279e-12 0 0 -5.1365039886e-09 7.8463855612e-09 -5.7690515707e-09 1.1608019214e-09 
1.5693587326e-11 1.037085424e-11 -7.2839138541e-09 1.3382623866e-13 -2.1648481618e-14 5.5781201556e-13 2.803628003e-12 5.3556215452e-13 3.4906583496e-10 
-2.6430578917e-13 4.541473534e-14 1.3530929679e-13 0 0 -5.1365039886e-09 -3.0022301512e-13 1.6505183721e-13 -1.2495521009e-12 
-1.1340800342e-11 2.2890165241e-12 -1.1747960145e-10 0 0 -5.1365039886e-09 0 0 -5.1365039886e-09 
0 0 -5.1365039886e-09 0 0 -5.1365039886e-09 0 0 -5.1365039886e-09 
0 0 -5.1365039886e-09 0 0 -5.1365039886e-09 -1.2017051444e-12 4.0780432416e-13 -5.0049757311e-13 
2.1180277597e-09 1.4512554869e-09 2.938698446e-10 -1.8724865025e-09 7.0499380113e-10 9.5450096424e-11 2.8788150076e-10 4.8295279017e-11 8.6262467308e-10 
2.1694357058e-12 -7.3566684428e-13 -5.0771727249e-12 -4.1478283591e-10 -4.7182773097e-11 -1.4299545058e-11 0 0 -5.1365039886e-09 
-2.8112773462e-11 -7.1088622768e-11 -1.0528094134e-09 9.1172424902e-11 6.9167736087e-11 7.8743816964e-11 0 0 -5.1365039886e-09 
2.535320229e-10 -1.7522936753e-10 -1.1155945045e-08 1.714286265e-15 -1.3479750085e-15 -1.7096991777e-12 0 0 -5.1365039886e-09 
0 0 -5.1365039886e-09 0 0 -5.1365039886e-09 0 0 -5.1365039886e-09 
0 0 -5.1365039886e-09 0 0 -5.1365039886e-09 0 0 -5.1365039886e-09 
0 0 -5.1365039886e-09 0 0 -5.1365039886e-09 0 0 -5.1365039886e-09 
-9.2344860057e-13 -1.8502028455e-12 -1.8098805275e-11 5.3559587321e-17 5.2095914388e-17 -2.3681347139e-16 0 0 -5.1365039886e-09 
0 0 -5.1365039886e-09 0 0 -5.1365039886e-09 -3.7687117161e-10 -7.6438947489e-10 1.5015785742e-09 
-4.042073536e-10 -4.0752164436e-10 2.3304803772e-09 -1.2471224379e-10 6.2836993538e-10 -1.6998631159e-09 0 0 -5.1365039886e-09 
0 0 -5.1365039886e-09 0 0 -5.1365039886e-09 0 0 -5.1365039886e-09 
0 0 -5.1365039886e-09 0 0 -5.1365039886e-09 0 0 -5.1365039886e-09 
0 0 -5.1365039886e-09 0 0 -5.1365039886e-09 0 0 -5.1365039886e-09 
-4.8081490585e-11 -1.4692702225e-10 -2.3902241741e-10 1.2322126067e-11 -5.8068182831e-12 2.2638795046e-09 1.4442234106e-10 5.6446572273e-10 1.319670269e-10 
0 0 -5.1365039886e-09 0 0 -5.1365039886e-09 0 0 -5.1365039886e-09 
0 0 -5.1365039886e-09 -4.7629342983e-10 -1.2144075055e-09 -2.6020807516e-10 0 0 -5.1365039886e-09 
0 0 -5.1365039886e-09 0 0 -5.1365039886e-09 0 0 -5.1365039886e-09 
0 0 -5.1365039886e-09 0 0 -5.1365039886e-09 7.6253948932e-08 -1.4468184236e-07 -2.3622803295e-07 
0 0 -5.1365039886e-09 0 0 -5.1365039886e-09 -7.0558425454e-10 1.1080002337e-09 -1.2296862082e-09 
-3.8952794169e-13 -1.7501632603e-13 -1.0834229717e-10 -9.7493488001e-11 1.2318836542e-09 3.5483082897e-10 -2.9392098083e-10 -3.8893410953e-10 -7.3365277272e-09 
0 0 -5.1365039886e-09 -5.7788239905e-11 1.6883116324e-11 1.459318841e-08 2.0347009566e-14 -7.3595985458e-15 1.5522162769e-13 
0 0 -5.1365039886e-09 0 0 -5.1365039886e-09 0 0 -5.1365039886e-09 
0 0 -5.1365039886e-09 0 0 -5.1365039886e-09 0 0 -5.1365039886e-09 
0 0 -5.1365039886e-09 0 0 -5.1365039886e-09 2.8366880286e-07 3.7722184454e-07 1.7662932074e-07 
1.1693283061e-14 -1.9870173215e-15 -3.3250483343e-12 2.6483170826e-09 1.2905791702e-10 2.5972066804e-09 0 0 -5.1365039886e-09 
0 0 -5.1365039886e-09 -2.3244750503e-10 2.2369836358e-09 -1.0296626538e-09 1.6051165555e-09 3.5708074963e-09 -7.1721950806e-09 
-1.0508479254e-10 1.0465000313e-09 -2.1465965365e-10 2.1123646452e-16 -2.9022059278e-16 1.444521015e-15 0 0 -5.1365039886e-09 
0 0 -5.1365039886e-09 5.1696723724e-07 6.9445476745e-07 3.1782180602e-07 0 0 -5.1365039886e-09 
0 0 -5.1365039886e-09 0 0 -5.1365039886e-09 0 0 -5.1365039886e-09 
0 0 -5.1365039886e-09 0 0 -5.1365039886e-09 0 0 -5.1365039886e-09 
0 0 -5.1365039886e-09 2.6417351379e-12 1.0826203061e-10 4.2778903459e-10 2.3430789359e-09 1.6733002332e-09 4.047293024e-10 
0 0 -5.1365039886e-09 -7.1185322177e-10 1.4448688085e-09 -1.3071179939e-10 0 0 -5.1365039886e-09 
0 0 -5.1365039886e-09 0 0 -5.1365039886e-09 0 0 -5.1365039886e-09 
0 0 -5.1365039886e-09 0 0 -5.1365039886e-09 0 0 -5.1365039886e-09 
0 0 -5.1365039886e-09 0 0 -5.1365039886e-09 0 0 -5.1365039886e-09 
0 0 -5.1365039886e-09 0 0 -5.1365039886e-09 0 0 -5.1365039886e-09 
0 0 -5.1365039886e-09 9.7254669595e-14 4.5447846875e-13 -1.1570023882e-10 0 0 -5.1365039886e-09 
0 0 -5.1365039886e-09 -3.7438929398e-11 -5.6353439764e-11 2.1347965625e-09 -6.8621085843e-10 -6.5840028226e-10 9.9808161057e-09 
7.8182415635e-07 -1.1193575322e-07 -2.6657145394e-08 0 0 -5.1365039886e-09 -7.6253948932e-08 1.4468184236e-07 2.2595502497e-07 
0 0 -5.1365039886e-09 0 0 -5.1365039886e-09 -9.488506308e-07 -5.657808899e-07 7.7469665157e-07 
0 0 -5.1365039886e-09 0 0 -5.1365039886e-09 0 0 -5.1365039886e-09 
0 0 -5.1365039886e-09 1.2023395517e-15 -9.4451491984e-15 -3.3265389412e-15 9.7830990813e-14 -1.4478586244e-13 -1.161557287e-14 
1.8079900977e-10 -6.1022780389e-10 3.3085608792e-09 0 0 -5.1365039886e-09 0 0 -5.1365039886e-09 
-8.2100314936e-11 -6.4890468704e-11 -5.4329392664e-09 -1.4633236571e-12 -6.0154583138e-13 -6.6546242895e-10 9.488506308e-07 5.657808899e-07 -7.8496965955e-07 
1.278298076e-09 4.1018074083e-10 -4.8129816253e-09 1.4457403536e-11 -2.9797404778e-12 -3.0135385134e-11 -3.0788255653e-12 8.6772158469e-13 -2.9302223422e-12 
-5.2998241646e-14 3.5040763693e-14 7.4184231417e-14 5.2063822004e-14 -5.1599729264e-14 -3.1376295876e-14 0 0 -5.1365039886e-09 
0 0 -5.1365039886e-09 0 0 -5.1365039886e-09 0 0 -5.1365039886e-09 
0 0 -5.1365039886e-09 0 0 -5.1365039886e-09 0 0 -5.1365039886e-09 
0 0 -5.1365039886e-09 0 0 -5.1365039886e-09 0 0 -5.1365039886e-09 
0 0 -5.1365039886e-09 0 0 -5.1365039886e-09 1.2827266376e-13 -6.0420093408e-14 -7.6783594267e-14 
-4.3401197382e-10 6.0107989224e-11 2.5349194968e-10 -3.5308420684e-13 1.7444737061e-13 4.3976083761e-14 -1.0335689146e-14 2.4410811914e-16 7.8458183878e-13 
0 0 -5.1365039886e-09 -3.1810570503e-09 -4.1475410237e-10 2.7093925796e-09 1.3220235239e-09 2.5103939695e-09 3.7243526961e-09 
1.1538174344e-08 2.3477172229e-08 2.0850985824e-08 1.50452373e-09 -2.3835007149e-09 8.0084560482e-09 5.437248967e-10 -1.7559811595e-09 1.6533334945e-09 
-1.7101916367e-10 6.5823962118e-10 7.6002338668e-10 0 0 -5.1365039886e-09 0 0 -5.1365039886e-09 
0 0 -5.1365039886e-09 0 0 -5.1365039886e-09 0 0 -5.1365039886e-09 
0 0 -5.1365039886e-09 0 0 -5.1365039886e-09 0 0 -5.1365039886e-09 
0 0 -5.1365039886e-09 0 0 -5.1365039886e-09 0 0 -5.1365039886e-09 
0 0 -5.1365039886e-09 -2.7105054312e-20 0 5.0821976835e-21 9.7186877892e-10 2.5240487922e-10 -5.2167264789e-10 
-4.9834469683e-10 -1.2246333204e-09 -6.4164366397e-09 0 0 -5.1365039886e-09 0 0 -5.1365039886e-09 
0 0 -5.1365039886e-09 0 0 -5.1365039886e-09 0 0 -5.1365039886e-09 
0 0 -5.1365039886e-09 0 0 -5.1365039886e-09 0 0 -5.1365039886e-09 
0 0 -5.1365039886e-09 0 0 -5.1365039886e-09 0 0 -5.1365039886e-09 
3.4243172337e-08 -1.58677512e-08 -2.8996131748e-09 0 0 -5.1365039886e-09 0 0 -5.1365039886e-09 
0 0 -5.1365039886e-09 1.2565903179e-16 1.0158974356e-16 1.115596076e-13 2.9072530646e-10 2.9327013989e-10 2.2321391782e-10 
0 0 -5.1365039886e-09 0 0 -5.1365039886e-09 0 0 -5.1365039886e-09 
0 0 -5.1365039886e-09 0 0 -5.1365039886e-09 0 0 -5.1365039886e-09 
0 0 -5.1365039886e-09 0 0 -5.1365039886e-09 0 0 -5.1365039886e-09 
0 0 -5.1365039886e-09 0 0 -5.1365039886e-09 0 0 -5.1365039886e-09 
0 0 -5.1365039886e-09 -1.9138336749e-15 1.6522346642e-14 2.7550837588e-14 -2.5816324854e-10 4.6169600819e-10 1.3642226243e-09 
0 0 -5.1365039886e-09 0 0 -5.1365039886e-09 4.471825951e-10 4.1751514111e-10 2.3341412059e-10 
1.1964378372e-07 -5.0309954105e-08 -1.8806371253e-08 0 0 -5.1365039886e-09 -2.0328790734e-20 5.4210108624e-20 3.388131789e-20 
-1.2137424868e-11 1.2962022948e-12 -3.06509329e-11 0 0 -5.1365039886e-09 6.0831894372e-11 -3.4727175345e-11 4.3601931891e-11 
0 0 -5.1365039886e-09 0 0 -5.1365039886e-09 0 0 -5.1365039886e-09 
0 0 -5.1365039886e-09 0 0 -5.1365039886e-09 0 0 -5.1365039886e-09 
0 0 -5.1365039886e-09 0 0 -5.1365039886e-09 0 0 -5.1365039886e-09 
0 0 -5.1365039886e-09 0 0 -5.1365039886e-09 0 0 -5.1365039886e-09 
0 0 -5.1365039886e-09 9.1872906852e-14 -3.9387899409e-14 3.9079544646e-13 -4.9492422282e-08 1.2866304103e-07 6.4386126378e-08 
-3.1281630118e-13 2.6490853781e-14 5.3146937263e-13 1.4313826817e-13 2.0753689566e-14 -6.155619854e-13 0 0 -5.1365039886e-09 
0 0 -5.1365039886e-09 -9.977082951e-11 2.5413422126e-11 6.3002680684e-10 -6.599072417e-14 -3.987977483e-14 1.2424660562e-11 
0 0 -5.1365039886e-09 -4.0831741884e-10 5.6640717156e-10 1.3401422268e-11 0 0 -5.1365039886e-09 
0 0 -5.1365039886e-09 3.1620036389e-08 2.0181372582e-08 5.0683899176e-10 0 0 -5.1365039886e-09 
0 0 -5.1365039886e-09 0 0 -5.1365039886e-09 0 0 -5.1365039886e-09 
0 0 -5.1365039886e-09 0 0 -5.1365039886e-09 1.1970728814e-10 3.4190406691e-11 -9.0472958429e-10 
3.6257252306e-10 2.6576155827e-10 8.3865860711e-10 -2.6580089778e-10 -4.2446458132e-10 -7.7110881608e-10 0 0 -5.1365039886e-09 
1.6346658935e-10 -3.4356408579e-10 -9.4867335748e-10 1.1572085255e-09 2.0158117498e-11 -5.2299327737e-10 0 0 -5.1365039886e-09 
0 0 -5.1365039886e-09 0 0 -5.1365039886e-09 -1.1557533077e-07 -4.3749260408e-07 -1.8291344814e-08 
1.1557533077e-07 4.3749260408e-07 8.0183368367e-09 0 0 -5.1365039886e-09 7.4199087956e-08 -3.8586011667e-08 -7.4721694462e-08 
0 0 -5.1365039886e-09 0 0 -5.1365039886e-09 0 0 -5.1365039886e-09 
0 0 -5.1365039886e-09 0 0 -5.1365039886e-09 0 0 -5.1365039886e-09 
9.619859347e-11 3.6487973523e-10 7.932613567e-10 2.1877912195e-11 -1.0486088788e-10 7.3710125841e-10 0 0 -5.1365039886e-09 
0 0 -5.1365039886e-09 8.3096340139e-12 4.5203150034e-12 -6.9748766291e-09 0 0 -5.1365039886e-09 
0 0 -5.1365039886e-09 -7.4199087956e-08 3.8586011667e-08 6.4448686485e-08 0 0 -5.1365039886e-09 
0 0 -5.1365039886e-09 0 0 -5.1365039886e-09 -9.2699285748e-16 1.5413560185e-15 1.0400683678e-15 
-1.8578888428e-15 -3.8412266532e-15 -8.0866975781e-14 0 0 -5.1365039886e-09 0 0 -5.1365039886e-09 
0 0 -5.1365039886e-09 4.9656178041e-11 1.7140890042e-10 -7.9407015885e-11 1.9898928424e-08 -8.4493542958e-09 -7.4294397893e-09 
4.847972538e-09 -6.0637812542e-09 2.4376958274e-09 0 0 -5.1365039886e-09 -1.3514032558e-12 -9.0711509484e-13 1.3109974187e-09 
-1.796280518e-12 6.890312973e-13 2.9534997359e-13 4.5936967892e-09 -1.3764304545e-09 -1.5856554735e-08 0 0 -5.1365039886e-09 
0 0 -5.1365039886e-09 0 0 -5.1365039886e-09 0 0 -5.1365039886e-09 
0 0 -5.1365039886e-09 0 0 -5.1365039886e-09 0 0 -5.1365039886e-09 
0 0 -5.1365039886e-09 0 0 -5.1365039886e-09 0 0 -5.1365039886e-09 
-5.359014827e-15 2.8842488294e-15 1.0152076459e-13 6.471819608e-15 -3.5072856078e-15 1.1579371868e-13 4.1859598184e-08 1.4804897954e-08 1.6738365581e-08 
3.9378040528e-09 4.9088224403e-09 -1.4698255268e-09 4.260898331e-07 6.0899880065e-07 -1.707302132e-07 0 0 -5.1365039886e-09 
-1.6243069478e-08 -1.6235275276e-08 1.7988618487e-08 0 0 -5.1365039886e-09 1.8376410528e-11 -1.8304913249e-11 -7.4568078545e-11 
6.2156971735e-17 -2.741786358e-16 1.9887825382e-16 -1.4512082535e-11 1.3181247706e-11 3.9494135448e-11 0 0 -5.1365039886e-09 
0 0 -5.1365039886e-09 0 0 -5.1365039886e-09 0 0 -5.1365039886e-09 
0 0 -5.1365039886e-09 0 0 -5.1365039886e-09 0 0 -5.1365039886e-09 
4.2672609701e-07 -5.0913572659e-07 -1.7944564222e-06 0 0 -5.1365039886e-09 0 0 -5.1365039886e-09 
0 0 -5.1365039886e-09 0 0 -5.1365039886e-09 1.5943301258e-11 5.7986148625e-11 6.9516691619e-11 
-1.6835627944e-12 -6.336011441e-12 -3.4209790556e-12 1.5792147321e-12 6.1415633186e-12 -1.8690133231e-09 4.6378737027e-10 8.3968261507e-10 -8.2133726918e-10 
0 0 -5.1365039886e-09 0 0 -5.1365039886e-09 0 0 -5.1365039886e-09 
0 0 -5.1365039886e-09 0 0 -5.1365039886e-09 0 0 -5.1365039886e-09 
0 0 -5.1365039886e-09 0 0 -5.1365039886e-09 0 0 -5.1365039886e-09 
-2.1676374888e-11 7.2857006371e-11 -8.1769382833e-11 0 0 -5.1365039886e-09 -4.1207450803e-10 2.1324591176e-10 -1.3841804338e-09 
3.2695904689e-10 -4.5950803271e-10 -1.3689065054e-10 0 0 -5.1365039886e-09 0 0 -5.1365039886e-09 
0 0 -5.1365039886e-09 0 0 -5.1365039886e-09 0 0 -5.1365039886e-09 
0 0 -5.1365039886e-09 0 0 -5.1365039886e-09 0 0 -5.1365039886e-09 
0 0 -5.1365039886e-09 0 0 -5.1365039886e-09 0 0 -5.1365039886e-09 
0 0 -5.1365039886e-09 0 0 -5.1365039886e-09 3.6687883517e-10 -2.6071563236e-09 -1.4828679977e-08 
0 0 -5.1365039886e-09 -4.7552841574e-10 9.8901008162e-10 2.4421127182e-10 2.3413038555e-09 -1.5287347039e-09 -9.3368919587e-09 
1.4421406777e-14 4.1013199781e-15 1.8146340073e-11 -4.3315198162e-15 5.3565008332e-16 1.8535355542e-12 2.8544830074e-13 -5.6296404306e-13 -9.2695770053e-13 
-6.0087618475e-12 2.3699380132e-12 4.0748580589e-12 0 0 -5.1365039886e-09 0 0 -5.1365039886e-09 
0 0 -5.1365039886e-09 0 0 -5.1365039886e-09 0 0 -5.1365039886e-09 
0 0 -5.1365039886e-09 0 0 -5.1365039886e-09 0 0 -5.1365039886e-09 
0 0 -5.1365039886e-09 0 0 -5.1365039886e-09 0 0 -5.1365039886e-09 
3.1909535174e-09 -1.2526576425e-08 -1.4984202621e-08 3.388131789e-21 -1.0842021725e-19 2.4335256575e-18 3.2404239814e-11 5.4610141279e-13 -2.3351921603e-09 
0 0 -5.1365039886e-09 3.5535841305e-12 5.7961920853e-12 -1.4402026448e-08 -1.3213713977e-19 -4.4045713257e-20 -3.9175273811e-21 
0 0 -5.1365039886e-09 0 0 -5.1365039886e-09 -2.5705583929e-11 3.0325696354e-11 3.2823982099e-11 
1.277552776e-11 -1.4899312957e-11 -9.6805950678e-10 0 0 -5.1365039886e-09 0 0 -5.1365039886e-09 
0 0 -5.1365039886e-09 0 0 -5.1365039886e-09 0 0 -5.1365039886e-09 
0 0 -5.1365039886e-09 0 0 -5.1365039886e-09 0 0 -5.1365039886e-09 
0 0 -5.1365039886e-09 0 4.0657581468e-20 -4.2351647363e-21 -5.4719683645e-16 -2.1671846175e-15 -1.127610917e-15 
0 0 -5.1365039886e-09 1.946882087e-11 -3.4632844417e-12 2.8643201719e-11 3.7623138925e-12 -1.9211885263e-11 7.7682956727e-11 
0 0 -5.1365039886e-09 0 0 -5.1365039886e-09 0 0 -5.1365039886e-09 
-4.2672609701e-07 5.0913572659e-07 1.7841834142e-06 0 0 -5.1365039886e-09 0 0 -5.1365039886e-09 
0 0 -5.1365039886e-09 0 0 -5.1365039886e-09 0 0 -5.1365039886e-09 
4.6827206826e-14 -3.4717983154e-13 5.5935149327e-09 1.7455654977e-17 -1.2492719532e-16 -1.3146628968e-16 0 0 -5.1365039886e-09 
-6.1927746837e-09 -5.8082906709e-09 -8.0313105979e-09 3.839769171e-11 -3.9628489401e-09 2.5927827078e-09 0 0 -5.1365039886e-09 
0 0 -5.1365039886e-09 0 0 -5.1365039886e-09 0 0 -5.1365039886e-09 
0 0 -5.1365039886e-09 0 0 -5.1365039886e-09 0 0 -5.1365039886e-09 
0 0 -5.1365039886e-09 0 0 -5.1365039886e-09 0 0 -5.1365039886e-09 
1.3820996756e-12 -1.7013585636e-12 8.5986179657e-13 5.5100455448e-13 -4.2943101332e-13 9.9857891528e-14 0 0 -5.1365039886e-09 
0 0 -5.1365039886e-09 -4.771298799e-10 -2.8052838133e-10 9.5674930172e-10 6.2414937395e-10 6.7984365658e-10 -1.4762245569e-09 
0 0 -5.1365039886e-09 2.6411349804e-10 -6.8733748727e-11 1.0917847562e-09 -8.6532970256e-11 1.068320405e-11 2.6843556877e-10 
1.1286119582e-09 -6.9450345388e-10 -9.2245928157e-09 0 0 -5.1365039886e-09 0 0 -5.1365039886e-09 
0 0 -5.1365039886e-09 0 0 -5.1365039886e-09 0 0 -5.1365039886e-09 
0 0 -5.1365039886e-09 0 0 -5.1365039886e-09 0 0 -5.1365039886e-09 
0 0 -5.1365039886e-09 0 0 -5.1365039886e-09 0 0 -5.1365039886e-09 
0 0 -5.1365039886e-09 1.8409449854e-12 -6.8021087894e-13 -7.2970071643e-10 1.1786711113e-08 -2.2764936883e-08 1.9942674312e-08 
-4.1224626816e-09 -1.2356110866e-08 3.838355817e-09 -1.6886888085e-10 -1.3231164049e-10 2.5548317095e-08 0 0 -5.1365039886e-09 
0 0 -5.1365039886e-09 8.8091426514e-20 -2.3716922523e-20 3.388131789e-21 -1.3436388799e-08 2.4143420464e-08 5.0156196104e-08 
-1.6263032587e-19 1.6263032587e-19 -2.3716922523e-20 3.5386976078e-08 3.4297497611e-08 1.2464499876e-07 0 0 -5.1365039886e-09 
0 0 -5.1365039886e-09 0 0 -5.1365039886e-09 0 0 -5.1365039886e-09 
0 0 -5.1365039886e-09 0 0 -5.1365039886e-09 0 0 -5.1365039886e-09 
0 0 -5.1365039886e-09 1.0842021725e-19 5.4210108624e-20 0 -7.9836161813e-10 -1.225586484e-09 -1.1918235179e-08 
0 0 -5.1365039886e-09 6.8183643473e-08 2.0002959236e-07 -9.9310370711e-08 0 2.0328790734e-20 -7.4538899358e-20 
0 0 -5.1365039886e-09 0 0 -5.1365039886e-09 0 0 -5.1365039886e-09 
0 0 -5.1365039886e-09 -7.6447447226e-08 -7.031489627e-08 -3.6573289478e-07 0 0 -5.1365039886e-09 
-8.0585106826e-07 -2.1124295166e-06 -1.2329025189e-06 8.0585106826e-07 2.1124295166e-06 1.222629511e-06 0 0 -5.1365039886e-09 
0 0 -5.1365039886e-09 6.4280098759e-09 -9.5287794591e-09 -2.327973991e-09 -6.2878432137e-08 1.2063227826e-07 4.4854880335e-09 
0 0 -5.1365039886e-09 0 0 -5.1365039886e-09 0 0 -5.1365039886e-09 
0 0 -5.1365039886e-09 0 0 -5.1365039886e-09 0 0 -5.1365039886e-09 
0 0 -5.1365039886e-09 0 0 -5.1365039886e-09 0 0 -5.1365039886e-09 
0 0 -5.1365039886e-09 -2.55519347e-13 4.4310972805e-13 1.9235086546e-14 -1.1299961617e-14 1.1547386718e-14 -2.5809876561e-14 
-1.8145844615e-08 1.0670061444e-09 -7.677070049e-09 5.6161866284e-08 -1.6897679951e-07 9.4519415046e-08 -8.8376642939e-09 7.3681021322e-09 1.6397639604e-09 
2.6321799815e-10 1.882558161e-11 -2.7564146023e-10 -2.43155336e-10 -3.5553511957e-11 7.3113165901e-10 1.3884032923e-10 -5.5882146024e-11 1.1871551227e-10 
0 0 -5.1365039886e-09 0 0 -5.1365039886e-09 0 0 -5.1365039886e-09 
0 0 -5.1365039886e-09 0 0 -5.1365039886e-09 2.6275888153e-09 -3.8109696958e-09 -4.903508686e-09 
-1.6256791106e-12 8.686316911e-13 -2.5030730308e-12 -8.2675109001e-11 -5.0252055018e-10 -2.1768853236e-09 -9.986042554e-10 -3.6495116803e-10 -4.5961578168e-09 
-4.1597895105e-12 -1.6938564809e-12 1.0059817291e-10 0 0 -5.1365039886e-09 3.4162532829e-16 -2.0892575864e-16 4.498132044e-15 
-2.6909897921e-16 2.3382852729e-16 4.9199281937e-15 6.9106504373e-13 -7.919914724e-13 -8.505479757e-10 0 0 -5.1365039886e-09 
0 0 -5.1365039886e-09 0 0 -5.1365039886e-09 0 0 -5.1365039886e-09 
0 0 -5.1365039886e-09 0 0 -5.1365039886e-09 0 0 -5.1365039886e-09 
-1.1329912702e-17 -4.6620693417e-18 -5.5487434309e-17 0 5.4210108624e-20 2.2022856629e-20 -2.5695591488e-17 -6.0945714621e-17 1.6107856151e-16 
-4.3742989657e-07 1.095969975e-07 -1.7136849584e-07 9.4335770698e-08 -4.0219882874e-09 -5.5300550342e-08 0 0 -5.1365039886e-09 
0 0 -5.1365039886e-09 0 0 -5.1365039886e-09 7.6447447226e-08 7.031489627e-08 3.554598868e-07 
0 0 -5.1365039886e-09 0 0 -5.1365039886e-09 0 0 -5.1365039886e-09 
0 0 -5.1365039886e-09 0 0 -5.1365039886e-09 0 0 -5.1365039886e-09 
-1.5327260929e-07 -3.7840387919e-08 -7.7554022169e-08 -2.146038451e-08 1.7596161956e-09 1.3276529547e-08 1.0639376481e-07 2.4052239841e-07 -6.2038133372e-07 
-2.9522934661e-12 -5.7635270254e-12 -7.5986443818e-10 8.2504014785e-07 -1.5097389056e-06 4.3836457692e-07 0 0 -5.1365039886e-09 
0 0 -5.1365039886e-09 0 0 -5.1365039886e-09 0 0 -5.1365039886e-09 
0 0 -5.1365039886e-09 0 0 -5.1365039886e-09 1.2312895984e-08 -3.4988385487e-08 1.9494697252e-08 
-1.0842021725e-19 5.4210108624e-20 4.2351647363e-21 -1.6263032587e-19 1.3552527156e-19 -1.3552527156e-20 -3.388131789e-20 5.7598240413e-20 -1.4624129713e-17 
4.2047920829e-07 -6.7573201487e-07 1.489470427e-07 0 0 -5.1365039886e-09 -3.3241310942e-11 9.6112110241e-12 -2.9178633359e-10 
3.4047005697e-10 7.4582986271e-12 1.7068467745e-09 0 0 -5.1365039886e-09 2.266397939e-11 -1.2830949519e-11 1.8133682548e-11 
0 0 -5.1365039886e-09 0 0 -5.1365039886e-09 0 0 -5.1365039886e-09 
0 0 -5.1365039886e-09 0 0 -5.1365039886e-09 0 0 -5.1365039886e-09 
0 0 -5.1365039886e-09 4.123141932e-12 -2.1390874098e-12 4.4389108095e-12 7.8445948949e-10 2.4630371305e-10 -3.1311639086e-09 
1.5869147952e-12 2.7110880713e-12 -1.9799078034e-11 -6.1590864136e-11 -6.2750827592e-11 1.1933079972e-11 5.9100361866e-14 6.5401365421e-14 -1.1038468539e-11 
5.2444301072e-13 4.1730041731e-13 -1.817793407e-12 -2.343385902e-13 8.5591451461e-13 5.8935315666e-12 0 0 -5.1365039886e-09 
0 0 -5.1365039886e-09 0 0 -5.1365039886e-09 0 0 -5.1365039886e-09 
0 0 -5.1365039886e-09 0 0 -5.1365039886e-09 -1.0842021725e-17 2.7105054312e-18 -5.7547418436e-18 
0 2.7105054312e-20 -1.5881867761e-22 -3.7620682394e-13 -2.5343410638e-12 2.6112244991e-10 0 0 -5.1365039886e-09 
0 0 -5.1365039886e-09 0 0 -5.1365039886e-09 0 0 -5.1365039886e-09 
0 0 -5.1365039886e-09 0 0 -5.1365039886e-09 0 0 -5.1365039886e-09 
0 0 -5.1365039886e-09 0 0 -5.1365039886e-09 0 0 -5.1365039886e-09 
0 0 -5.1365039886e-09 0 0 -5.1365039886e-09 -1.0354130747e-17 -2.6562953226e-18 -1.1836756042e-18 
-1.6940658945e-19 3.388131789e-21 -3.0493186101e-20 0 0 -5.1365039886e-09 -3.7894356121e-10 -2.8971606424e-10 -1.2420879727e-09 
1.3184940371e-06 -5.3502744678e-07 1.0201278401e-06 0 0 -5.1365039886e-09 0 0 -5.1365039886e-09 
8.2687119339e-08 -1.8638242982e-06 3.9748963477e-07 0 0 -5.1365039886e-09 0 0 -5.1365039886e-09 
0 0 -5.1365039886e-09 -2.50834726e-09 3.6163094211e-09 3.7403776144e-09 3.1313898306e-11 -1.2177718371e-09 -6.4168303559e-09 
0 0 -5.1365039886e-09 -8.6282174981e-13 1.7565964265e-10 5.3938257803e-10 -2.4385755927e-11 -8.8448342305e-11 -1.4933792451e-09 
9.4467238014e-11 -7.3764402897e-11 -2.3751672965e-10 -4.7120810819e-10 -3.003605459e-11 3.1240539715e-10 -1.7976825719e-10 3.4722836151e-11 -1.0957582978e-09 
-8.2687119339e-08 1.8638242982e-06 -4.0776264275e-07 -1.1325432097e-09 -7.360504349e-10 2.010611755e-08 -1.0082757226e-09 3.9466215518e-09 1.0924521087e-09 
0 0 -5.1365039886e-09 0 0 -5.1365039886e-09 0 0 -5.1365039886e-09 
-2.7105054312e-20 0 5.4210108624e-20 1.3552527156e-19 1.8973538018e-19 -1.6940658945e-20 1.219727444e-19 1.6940658945e-20 -5.3574833914e-20 
0 1.6263032587e-19 5.5057141572e-20 6.776263578e-21 0 -3.388131789e-21 -8.9056821813e-12 -5.2748862678e-12 -9.1513596085e-12 
8.9432515213e-12 6.7570721154e-12 -1.1382193622e-11 -6.9061158973e-13 -6.9293133514e-13 -5.7789926476e-12 0 0 5.2939559203e-23 
3.5386698725e-13 -1.5264024311e-13 7.1390000027e-12 0 0 -5.1365039886e-09 0 0 -5.1365039886e-09 
0 0 -5.1365039886e-09 0 0 -5.1365039886e-09 0 0 -5.1365039886e-09 
0 0 -5.1365039886e-09 1.8671084224e-11 1.9187679088e-11 -1.6440960037e-11 2.1640010747e-12 -1.5134071297e-12 -6.9504411368e-11 
0 0 -5.1365039886e-09 3.469446952e-18 1.7714847059e-17 -3.503791491e-17 -5.3668007538e-18 -3.8963515574e-18 -3.5511009281e-17 
-1.6940658945e-21 5.0821976835e-21 3.9704669403e-23 0 0 -5.1365039886e-09 0 0 -5.1365039886e-09 
0 0 -5.1365039886e-09 0 0 -5.1365039886e-09 1.0970744531e-07 -7.5382676514e-07 -1.7445027172e-07 
0 0 -5.1365039886e-09 0 0 -5.1365039886e-09 3.388131789e-19 3.5914196964e-19 2.634272466e-19 
9.7578195524e-19 8.944667923e-19 2.2022856629e-20 0 0 -5.1365039886e-09 0 0 -5.1365039886e-09 
5.7448925489e-10 3.3818158316e-10 -1.3361334524e-09 -6.776263578e-21 -2.7105054312e-20 7.4115382885e-21 0 0 -5.1365039886e-09 
0 0 -5.1365039886e-09 -6.5759832574e-07 1.1085110967e-06 -4.8817824628e-07 0 0 -5.1365039886e-09 
0 0 -5.1365039886e-09 -1.0970744531e-07 7.5382676514e-07 1.6417726374e-07 9.6222265182e-16 -1.3436585286e-15 -4.1301326508e-17 
4.5665240252e-16 -8.9611681248e-16 7.0203445921e-16 0 0 -5.1365039886e-09 0 0 -5.1365039886e-09 
-4.0657581468e-20 -2.7105054312e-20 -1.5881867761e-22 -1.4510141413e-08 -1.5120676735e-08 1.2482442803e-08 0 0 -5.1365039886e-09 
0 2.7105054312e-20 -1.0376153604e-20 1.4430621928e-09 -1.0611468386e-09 -3.8181756826e-09 0.00050181017244 0.0014657360154 0.00029064052643 
0 0 -5.1365039886e-09 0 0 -5.1365039886e-09 0 0 -5.1365039886e-09 
0 0 -5.1365039886e-09 0 0 -5.1365039886e-09 0 0 -5.1365039886e-09 
0 0 -5.1365039886e-09 0 0 -5.1365039886e-09 0 0 -5.1365039886e-09 
-1.3880752423e-19 -2.7909735612e-19 -9.439123406e-20 -2.0328790734e-20 -8.1315162936e-20 2.5410988418e-21 2.8026437128e-11 9.348655205e-12 -7.5107322747e-12 
6.6582320136e-12 2.065085473e-12 3.231943637e-11 -1.5868103625e-11 -3.7095596777e-12 -1.982065078e-11 7.2106390954e-12 1.0251222112e-11 -4.4943031211e-11 
2.1780847525e-12 -1.7988313747e-12 -1.6970620107e-09 0 0 -5.1365039886e-09 0 0 -5.1365039886e-09 
0 0 -5.1365039886e-09 0 0 -5.1365039886e-09 0 0 -5.1365039886e-09 
0 0 -5.1365039886e-09 0 0 -5.1365039886e-09 0 0 -5.1365039886e-09 
0 0 -5.1365039886e-09 2.562142306e-11 8.3852627478e-11 -8.4567428079e-11 0 0 -5.1365039886e-09 
0 0 -5.1365039886e-09 -5.4210108624e-20 -2.7105054312e-20 3.1763735522e-22 1.83154273e-15 1.0051346962e-14 -1.8143403814e-11 
0 0 -5.1365039886e-09 0 0 -5.1365039886e-09 -4.0237763923e-07 -2.3281835096e-07 3.1748260597e-07 
1.059975965e-06 -8.7569274572e-07 1.5528612834e-07 0 0 -5.1365039886e-09 0 0 -5.1365039886e-09 
0 0 -5.1365039886e-09 -2.312072437e-08 2.2707033517e-08 6.8158781934e-08 0 0 -5.1365039886e-09 
0 0 -5.1365039886e-09 0 0 -5.1365039886e-09 1.8447422409e-11 1.1646315235e-10 3.235937979e-09 
-1.3375028082e-12 -2.4814917374e-12 1.4538439366e-09 1.9650713527e-10 8.0061048232e-11 3.0360985508e-10 0 0 -5.1365039886e-09 
0 0 -5.1365039886e-09 0 0 -5.1365039886e-09 0 0 -5.1365039886e-09 
0 0 -5.1365039886e-09 0 0 -5.1365039886e-09 0 0 -5.1365039886e-09 
0 0 -5.1365039886e-09 4.2255132171e-07 3.9854023956e-07 -1.3075111556e-06 0 0 -5.1365039886e-09 
-4.2255132171e-07 -3.9854023956e-07 1.2972381476e-06 1.5585406229e-19 1.3552527156e-20 -1.6656902908e-18 1.1907250359e-16 9.2910027545e-16 -6.0854235063e-16 
-1.8757105206e-10 -1.8968762986e-10 -2.3368717702e-11 3.9577512963e-10 1.8108257645e-10 -1.795723428e-09 1.1854434314e-08 6.5775943344e-09 -2.6322453296e-08 
-2.4061821801e-09 2.3810884939e-09 9.8877179891e-09 5.9615093201e-10 -3.9168012305e-09 1.830807886e-09 -6.7845543394e-09 -3.3467478716e-09 -4.1629898415e-09 
2.0140627447e-14 1.7347885281e-14 -8.0944415938e-13 -3.0999363504e-13 3.5382619584e-13 5.9671366427e-13 0 0 -5.1365039886e-09 
0 0 -5.1365039886e-09 0 0 -5.1365039886e-09 0 0 -5.1365039886e-09 
0 0 -5.1365039886e-09 0 0 -5.1365039886e-09 8.367763947e-15 -5.4937608282e-15 -2.1722741301e-12 
8.8871495138e-12 -7.1129607738e-12 -7.3810840035e-11 4.2190711103e-18 6.5153774303e-18 1.5795840977e-17 -2.5621105742e-11 -3.5935019066e-12 -1.6464842016e-11 
2.7699874404e-11 2.0294965144e-11 -2.1949721339e-12 -4.2287137333e-15 -7.3454697186e-17 -3.7304612134e-13 2.4508414409e-11 -8.7386160225e-11 -2.3948983254e-10 
0 0 -5.1365039886e-09 0 0 -5.1365039886e-09 0 0 -5.1365039886e-09 
0 0 -5.1365039886e-09 0 0 -5.1365039886e-09 0 0 -5.1365039886e-09 
0 0 -5.1365039886e-09 0 0 -5.1365039886e-09 5.0569783278e-11 3.6664673142e-11 -5.6017707427e-11 
0 -8.1315162936e-20 1.0164395367e-20 0 0 -5.1365039886e-09 -4.2031706295e-11 -2.1164028792e-10 -3.034967987e-08 
0 0 -5.1365039886e-09 0 0 -5.1365039886e-09 0 0 -5.1365039886e-09 
0 0 -5.1365039886e-09 0 0 -5.1365039886e-09 0 0 -5.1365039886e-09 
0 0 -5.1365039886e-09 0 0 -5.1365039886e-09 0 0 -5.1365039886e-09 
0 0 -5.1365039886e-09 0 0 -5.1365039886e-09 0 0 -5.1365039886e-09 
3.2714777014e-11 -2.0335281107e-10 9.7837362576e-10 -7.1639999271e-11 4.0235842942e-10 4.1444959541e-10 -5.0403881372e-16 -4.7014436682e-16 -6.1747740472e-15 
0 0 -5.1365039886e-09 0 0 -5.1365039886e-09 0 0 -5.1365039886e-09 
0 0 -5.1365039886e-09 0 0 -5.1365039886e-09 0 0 -5.1365039886e-09 
0 0 -5.1365039886e-09 0 0 -5.1365039886e-09 0 0 -5.1365039886e-09 
-7.9537749e-16 4.2711187438e-15 1.293588717e-15 3.2526065175e-19 1.6263032587e-19 -6.776263578e-20 2.4739153653e-09 -4.0469336742e-09 -1.171098635e-08 
0 0 -5.1365039886e-09 -1.1582050531e-10 2.4507662094e-11 -3.3623586689e-10 -5.5721019369e-10 -1.7407429925e-10 3.6421120035e-09 
-1.251121221e-13 -9.6982968531e-15 1.2948988839e-12 0 0 -5.0821976835e-21 0 0 -5.1365039886e-09 
0 0 -5.1365039886e-09 0 0 -5.1365039886e-09 0 0 -5.1365039886e-09 
0 0 -5.1365039886e-09 0 0 -5.1365039886e-09 0 0 -5.1365039886e-09 
0 0 -5.1365039886e-09 0 0 -5.1365039886e-09 6.8853470018e-12 4.5213530185e-12 -3.2209915594e-11 
6.7091627428e-11 -5.6080350426e-11 -3.108886537e-11 -4.6597669754e-09 1.5092714177e-10 3.9109258305e-09 -9.5274265907e-18 3.2526065175e-19 8.6969107859e-18 
1.9378082037e-08 -6.4328669491e-09 1.0860121898e-08 -9.1659964297e-09 6.6906360997e-08 -1.2782171937e-08 -3.3827107782e-17 6.7328954911e-17 1.3339074853e-16 
3.3397987338e-14 -4.1472467821e-14 2.6140579754e-13 -4.2549724052e-11 1.1597514106e-10 -9.4912838858e-11 0 0 -5.1365039886e-09 
0 0 -5.1365039886e-09 0 0 -5.1365039886e-09 0 0 -5.1365039886e-09 
0 0 -5.1365039886e-09 0 0 -5.1365039886e-09 0 0 -5.1365039886e-09 
0 0 -5.1365039886e-09 -1.933250245e-13 -1.2375659918e-12 1.6521037473e-11 2.7610515464e-13 6.6694981142e-12 -1.0757867595e-11 
0 0 -5.1365039886e-09 4.3097741543e-10 -1.8458021633e-09 -8.5537419881e-09 0 0 -5.1365039886e-09 
0 0 -5.1365039886e-09 0 0 -5.1365039886e-09 0 0 -5.1365039886e-09 
0 0 -5.1365039886e-09 0 0 -5.1365039886e-09 0 0 -5.1365039886e-09 
0 0 -5.1365039886e-09 0 0 -5.1365039886e-09 0 0 -5.1365039886e-09 
0 0 -5.1365039886e-09 4.5612385396e-16 3.5508258118e-14 5.6827237143e-15 1.6337734117e-14 2.8058095127e-14 2.1476011819e-13 
2.2428042355e-10 1.7799932383e-10 2.4575303919e-09 -2.6582035184e-14 -5.5945048941e-14 1.5897584627e-13 0 0 -5.1365039886e-09 
0 0 -5.1365039886e-09 0 0 -5.1365039886e-09 0 0 -5.1365039886e-09 
0 0 -5.1365039886e-09 0 0 -5.1365039886e-09 0 0 -5.1365039886e-09 
0 0 -5.1365039886e-09 0 0 -5.1365039886e-09 -2.7105054312e-20 6.776263578e-21 1.3552527156e-20 
7.6251170532e-12 -2.9509164975e-11 3.7462580909e-11 0 0 -5.1365039886e-09 -2.1028302623e-10 1.8978113148e-11 -9.324187433e-10 
-1.1391995024e-10 -4.478648214e-11 2.4440264118e-10 -2.8588001846e-10 1.9408463281e-10 -2.3019606083e-10 4.3416033476e-10 -5.5738761371e-11 1.0942908469e-09 
8.2040987396e-10 6.3504006741e-12 -9.331410602e-10 0 0 -5.1365039886e-09 5.4210108624e-20 0 2.7105054312e-20 
0 0 -5.1365039886e-09 0 0 -5.1365039886e-09 0 0 -5.1365039886e-09 
0 0 -5.1365039886e-09 0 0 -5.1365039886e-09 2.2951011859e-11 -1.061920159e-11 -1.9349077779e-10 
5.4090517059e-13 -5.729404581e-13 2.5448762956e-11 -1.1368381713e-11 7.8530961031e-12 2.8505748992e-09 -1.8389911908e-11 5.5253453722e-12 1.0349249241e-10 
0 0 -5.1365039886e-09 -2.8751703709e-12 -2.7805002224e-12 3.3248555479e-12 -2.1404483804e-08 3.7625480202e-08 4.8672455591e-09 
1.6599852256e-08 4.1794305819e-08 -1.1585141519e-07 0 0 -5.1365039886e-09 -2.1040233325e-10 2.6841129558e-10 7.5168405089e-08 
1.2863847313e-06 -1.7769396004e-08 1.8349406623e-07 -6.0807029792e-09 5.9486252379e-09 2.7295773885e-09 0 0 -5.1365039886e-09 
0 0 -5.1365039886e-09 0 0 -5.1365039886e-09 0 0 -5.1365039886e-09 
0 0 -5.1365039886e-09 0 0 -5.1365039886e-09 0 0 -5.1365039886e-09 
-3.8489177123e-18 -2.454362668e-17 -1.1881531881e-13 -2.259255449e-10 -1.4835413437e-10 -1.7138479757e-09 0 0 -5.1365039886e-09 
0 0 -5.1365039886e-09 0 0 -5.1365039886e-09 0 0 -5.1365039886e-09 
0 0 -5.1365039886e-09 0 0 -5.1365039886e-09 0 0 -5.1365039886e-09 
0 0 -5.1365039886e-09 0 0 -5.1365039886e-09 0 0 -5.1365039886e-09 
0 0 -5.1365039886e-09 0 0 -5.1365039886e-09 5.8411392043e-18 1.0080274831e-14 2.8813003077e-15 
1.8048821484e-07 -2.0063096709e-07 1.9151106714e-07 0 -1.0842021725e-19 -2.0328790734e-20 0 0 -5.1365039886e-09 
0 0 -5.1365039886e-09 0 0 -5.1365039886e-09 0 0 -5.1365039886e-09 
0 0 -5.1365039886e-09 0 0 -5.1365039886e-09 0 0 -5.1365039886e-09 
0 0 -5.1365039886e-09 0 0 -5.1365039886e-09 2.8328815227e-09 -4.2500697164e-09 -2.3465191081e-09 
0 0 -5.1365039886e-09 -1.6963559019e-10 1.7402680534e-11 -5.6289123454e-10 1.676904927e-10 1.3107294881e-10 2.3896796235e-10 
0 0 -1.6940658945e-21 -6.8849422894e-12 1.5501853409e-12 1.7661659626e-11 3.7501197894e-16 -2.413976137e-16 -6.9563427826e-16 
1.6601845766e-18 2.2632720351e-17 -3.3203691532e-18 -3.9263913067e-11 6.0485200914e-11 -8.9701035733e-11 0 0 -5.1365039886e-09 
0 0 -5.1365039886e-09 0 0 -5.1365039886e-09 0 0 -5.1365039886e-09 
0 0 -5.1365039886e-09 0 0 -5.1365039886e-09 0 0 -5.1365039886e-09 
0 0 -5.1365039886e-09 0 0 -5.1365039886e-09 1.8184157522e-14 -1.0614610319e-14 1.689049867e-13 
2.4768979459e-09 3.0440762303e-08 -2.0608116345e-08 8.1637643742e-08 -3.2851010097e-07 -8.4412306227e-08 3.4245082794e-08 2.4843874153e-08 5.474835024e-08 
0 0 -5.1365039886e-09 1.7695274563e-08 8.935793891e-09 1.5318878121e-08 0 0 -5.1365039886e-09 
0 0 -5.1365039886e-09 0 0 -5.1365039886e-09 2.6230103159e-15 6.6344553549e-14 -2.8859807746e-13 
0 0 -5.1365039886e-09 0 0 -5.1365039886e-09 0 0 -5.1365039886e-09 
0 0 -5.1365039886e-09 6.8959336434e-08 5.1937402823e-08 -1.5760290624e-07 0 0 -5.1365039886e-09 
4.937502158e-09 7.9423027467e-10 -1.2922724554e-08 6.7855985587e-14 -2.8635812475e-12 -6.9402145147e-12 -2.9670542878e-11 -2.9892966303e-11 3.4376005496e-10 
5.7634414146e-08 -7.9920519151e-09 -3.791952998e-08 -3.3829048613e-09 3.3539525036e-09 3.9945160896e-09 1.2513997649e-08 -6.586985457e-09 -2.746552417e-09 
0 0 -5.1365039886e-09 0 0 -5.1365039886e-09 3.2055921866e-06 3.603218561e-07 5.2563275236e-07 
0 0 -5.1365039886e-09 0 0 -5.1365039886e-09 0 0 -5.1365039886e-09 
0 0 -5.1365039886e-09 0 0 -5.1365039886e-09 0 0 -5.1365039886e-09 
0 0 -5.1365039886e-09 0 0 -5.1365039886e-09 -1.1752510614e-08 3.065028146e-08 4.8392597331e-08 
-1.728788228e-12 -1.5290414334e-12 4.5094942737e-10 0 0 -5.1365039886e-09 0 0 -5.1365039886e-09 
0 0 -5.1365039886e-09 0 0 -5.1365039886e-09 0 0 -5.1365039886e-09 
0 0 -5.1365039886e-09 0 0 -5.1365039886e-09 0 0 -5.1365039886e-09 
0 0 -5.1365039886e-09 0 0 -5.1365039886e-09 0 0 -5.1365039886e-09 
3.6518697287e-09 -1.4446662332e-08 4.0295360788e-08 4.6011928647e-09 8.1274159229e-09 2.6375444961e-08 -7.1173469396e-09 7.6605064277e-09 1.5924528497e-08 
1.6481337751e-09 4.8219155399e-10 -3.2778800662e-08 -4.6560517377e-11 -4.0308239358e-11 3.7506402397e-11 8.8454780393e-11 6.9454372863e-11 -1.0731098531e-10 
2.7105054312e-20 5.4210108624e-20 -1.990527426e-20 9.5397800716e-12 -2.9268086435e-12 1.2126029125e-11 1.1934589935e-09 -4.5524631714e-09 1.8140948516e-08 
0 0 -5.1365039886e-09 0 0 -5.1365039886e-09 0 0 -5.1365039886e-09 
0 0 -5.1365039886e-09 0 0 -5.1365039886e-09 9.2362150371e-12 -7.880385797e-12 -2.9110264805e-10 
1.6756421915e-09 2.5255123859e-09 2.624539987e-09 1.6263032587e-19 -6.0715321659e-18 -2.3578623219e-16 6.1150386838e-09 -2.3895067273e-09 -1.7067702246e-08 
-1.1901167903e-09 -2.072954627e-10 -2.8060699202e-09 -4.3563391521e-16 -7.9926875936e-17 -9.3521086543e-16 1.9796608801e-09 -4.1022685939e-09 -2.9477445245e-08 
-7.295082224e-09 -3.6443043706e-09 -1.1286851114e-08 3.1054792709e-08 -9.9276809248e-09 1.1493191283e-08 8.6334025324e-12 -1.154386176e-11 -3.7883682116e-09 
-1.0408653334e-10 3.1002258703e-11 2.1049610517e-09 1.4463684926e-10 -8.8974156818e-12 8.0752880004e-10 0 0 -5.1365039886e-09 
0 0 -5.1365039886e-09 0 0 -5.1365039886e-09 0 0 -5.1365039886e-09 
0 0 -5.1365039886e-09 0 0 -5.1365039886e-09 -1.1262508461e-06 -2.7446416844e-06 -1.8231820293e-06 
0 0 -5.1365039886e-09 0 0 -5.1365039886e-09 0 0 -5.1365039886e-09 
-6.8959336434e-08 -5.1937402823e-08 1.4732989827e-07 0 0 -5.1365039886e-09 0 0 -5.1365039886e-09 
-1.6244781128e-12 -3.8137747084e-12 -5.6855870475e-09 -3.0872786966e-13 1.5781976962e-12 -8.4538955328e-12 1.9616247293e-09 1.1093582854e-08 1.0230832806e-08 
0 0 -5.1365039886e-09 0 0 -5.1365039886e-09 0 0 -5.1365039886e-09 
0 0 -5.1365039886e-09 0 0 -5.1365039886e-09 0 0 -5.1365039886e-09 
0 0 -5.1365039886e-09 0 0 -5.1365039886e-09 0 0 -5.1365039886e-09 
0 0 -5.1365039886e-09 1.1262508461e-06 2.7446416844e-06 1.8129090213e-06 1.264780342e-09 -4.5594262439e-09 -2.3565314864e-08 
0 1.0842021725e-19 1.5881867761e-21 0 0 -5.1365039886e-09 6.0803179045e-07 -1.1006450349e-08 -7.4797662264e-08 
2.5326495458e-12 4.1141405061e-12 -1.1779913857e-11 -3.9326243e-12 -6.087270011e-12 -3.2565957235e-11 4.1985442824e-09 4.4385028962e-09 3.9914928479e-09 
0 0 -5.1365039886e-09 0 0 -5.1365039886e-09 0 0 -5.1365039886e-09 
0 0 -5.1365039886e-09 0 0 -5.1365039886e-09 0 0 -5.1365039886e-09 
0 0 -5.1365039886e-09 0 0 -5.1365039886e-09 5.734376603e-09 -1.3871673592e-08 -7.4512882687e-09 
-8.8772768575e-11 6.1233025321e-10 -8.5037020777e-09 -3.0756681002e-10 -8.3036880201e-10 -6.2542296454e-09 7.5813008992e-09 7.6580578473e-09 1.5481436367e-09 
2.2857465023e-08 4.3550910928e-07 -7.5333557194e-08 -8.4964379604e-10 -3.1751984778e-10 -2.0663756679e-09 0 0 -5.1365039886e-09 
0 0 -5.1365039886e-09 0 0 -5.1365039886e-09 0 0 -5.1365039886e-09 
0 0 -5.1365039886e-09 0 0 -5.1365039886e-09 0 0 -5.1365039886e-09 
0 0 -5.1365039886e-09 0 0 -5.1365039886e-09 2.4848929299e-11 -2.4290734886e-11 2.4114864648e-11 
1.5307378682e-09 -1.3700366204e-09 4.8925034092e-08 1.7885171367e-10 -3.7177615869e-10 2.1975666368e-10 6.846601194e-16 8.3591987499e-17 -1.9213969644e-15 
-7.638145349e-09 1.5150746504e-08 5.1647844216e-09 1.6430818886e-09 5.4654344528e-08 -9.4267347423e-09 -1.2229555476e-12 5.7804166456e-12 8.0744967419e-13 
6.6213538558e-13 -2.9239535055e-12 2.9815824448e-11 0 0 -5.1365039886e-09 0 0 -5.1365039886e-09 
0 0 -5.1365039886e-09 0 0 -5.1365039886e-09 0 0 -5.1365039886e-09 
0 0 -5.1365039886e-09 0 0 -5.1365039886e-09 0 0 -5.1365039886e-09 
0 0 -5.1365039886e-09 0 0 -5.1365039886e-09 -9.6938393787e-08 -3.7967186615e-07 -6.5530777425e-07 
2.5635367445e-16 3.3775576415e-16 -6.581685287e-16 -1.9448813328e-11 -3.5636054004e-11 -8.0906363152e-13 -8.4420180324e-10 3.8880493721e-10 1.0036168461e-08 
-8.2670383549e-09 9.090869248e-09 5.4275823107e-09 0 0 -5.1365039886e-09 0 0 -5.1365039886e-09 
0 0 -5.1365039886e-09 0 0 -5.1365039886e-09 0 0 -5.1365039886e-09 
0 0 -5.1365039886e-09 0 0 -5.1365039886e-09 -6.0803179045e-07 1.1006450349e-08 6.4524654287e-08 
-1.3200601654e-07 -3.1161007882e-07 -7.507238456e-07 9.8933995761e-12 -1.1404683349e-10 5.9234382166e-11 -2.7105054312e-20 4.4045713257e-20 -1.3552527156e-20 
-8.0792298574e-07 -9.2990229763e-08 -2.4080302444e-08 0 0 -5.1365039886e-09 0 0 -5.1365039886e-09 
-6.7869131853e-10 1.3828003375e-09 3.8337593524e-08 -5.1036885131e-09 -1.009980208e-08 3.0940489054e-08 5.3672344347e-15 8.6440186606e-15 1.8141194158e-13 
-1.172463112e-07 5.1231010542e-08 -2.6743807283e-07 0 0 -5.1365039886e-09 0 0 -5.1365039886e-09 
-2.2857465023e-08 -4.3550910928e-07 6.5060549217e-08 0 0 -5.1365039886e-09 0 0 -5.1365039886e-09 
0 0 -5.1365039886e-09 0 0 -5.1365039886e-09 0 0 -5.1365039886e-09 
2.8109342453e-08 2.84665763e-08 -1.2020924213e-08 7.1196394602e-10 -8.0958525083e-10 -3.6314051819e-09 3.7999295876e-10 -8.0992788817e-10 6.3354387772e-10 
0 0 -5.1365039886e-09 5.4210108624e-20 -6.776263578e-20 -1.5881867761e-22 -1.5002002318e-08 -2.6390340204e-09 9.3929321678e-11 
-7.7925449218e-09 8.531029546e-10 1.8107933277e-08 0 0 -5.1365039886e-09 3.7469726443e-09 -2.3763636163e-09 -3.9174563981e-09 
8.632514212e-09 -7.7149716539e-09 -6.222375777e-09 -1.4625983116e-09 -1.2701979827e-10 -5.9801035182e-09 0 0 -5.1365039886e-09 
0 0 -5.1365039886e-09 0 0 -5.1365039886e-09 0 0 -5.1365039886e-09 
0 0 -5.1365039886e-09 0 0 -5.1365039886e-09 0 0 -5.1365039886e-09 
-8.1521643921e-11 5.5648320086e-12 -1.0589839183e-10 2.5896289347e-11 -2.1550227775e-11 1.438907057e-10 2.3516211022e-10 2.0048087225e-10 -1.7824977233e-10 
0 0 -5.1365039886e-09 0 0 -5.1365039886e-09 5.1832963437e-10 -1.9664949219e-09 3.5671299255e-10 
1.6689409819e-10 -3.1900640011e-11 -1.4484273677e-10 -8.6461678745e-12 1.1535827496e-11 -1.4586272677e-11 -2.7516464457e-09 1.5828058718e-10 -1.7313293785e-09 
0 0 -5.1365039886e-09 -2.7984254094e-07 1.6954485036e-07 1.0874054305e-08 2.7984254094e-07 -1.6954485036e-07 -2.1147062282e-08 
0 0 -5.1365039886e-09 0 0 -5.1365039886e-09 0 0 -5.1365039886e-09 
6.3537118645e-08 6.7568970192e-07 8.2503558362e-07 0 0 -5.1365039886e-09 0 0 -5.1365039886e-09 
-5.6413436205e-11 -2.2265081836e-10 9.7676482945e-10 -2.4318654729e-16 -1.5921508903e-16 -3.1509625638e-15 3.6689018794e-12 1.4133452844e-11 2.6823366526e-12 
0 0 -5.1365039886e-09 0 0 -5.1365039886e-09 2.7953941987e-09 1.6141367089e-09 1.1645031873e-08 
0 0 -5.1365039886e-09 0 0 -5.1365039886e-09 -3.2339752953e-07 6.0577682696e-09 1.1634602812e-08 
3.2339752953e-07 -6.0577682696e-09 -2.190761079e-08 0 0 -5.1365039886e-09 0 0 -5.1365039886e-09 
0 0 -5.1365039886e-09 0 0 -5.1365039886e-09 0 0 -5.1365039886e-09 
1.3200601654e-07 3.1161007882e-07 7.4045083762e-07 0 0 -5.1365039886e-09 0 0 -5.1365039886e-09 
0 0 -5.1365039886e-09 0 0 -5.1365039886e-09 2.0127256524e-13 -3.6221922e-13 -5.4984653445e-13 
1.0842021725e-19 1.3552527156e-20 1.3552527156e-20 0 0 -5.1365039886e-09 -1.5923917937e-09 -5.7236821008e-09 1.7930918955e-08 
-9.3646653662e-08 -2.8050988235e-09 -2.0037184001e-08 1.0855620691e-07 -1.2703273883e-07 1.9201065637e-07 -1.6010436924e-08 7.3268450252e-08 5.6920751819e-08 
0 0 -5.1365039886e-09 0 0 -5.1365039886e-09 2.470054122e-08 2.5332780381e-09 -2.039351311e-09 
0 0 -5.1365039886e-09 0 0 -5.1365039886e-09 0 0 -5.1365039886e-09 
0 0 -5.1365039886e-09 1.5727999359e-07 2.6249640881e-07 -2.5594562883e-07 0 0 -5.1365039886e-09 
0 0 -5.1365039886e-09 -2.6637098798e-10 1.5389965452e-10 -6.5160984666e-09 -2.4806357396e-09 4.2474790834e-09 2.7692834021e-09 
-1.7888209008e-10 -4.6292785686e-11 -7.0028970983e-10 9.6135717887e-10 4.4751775152e-10 1.4265657504e-08 -9.5451614278e-14 -1.8399778229e-14 -1.7269473083e-11 
2.5370727979e-09 -4.9218150399e-10 -3.8982329157e-09 -1.7455550177e-09 -2.9335002119e-09 9.052209852e-09 1.2349488628e-08 -4.4015683655e-09 2.8173539253e-08 
4.8308775193e-12 -3.282322622e-12 -2.4697279812e-13 2.3065517107e-11 -9.9474352366e-12 5.9790175401e-12 0 0 -5.1365039886e-09 
0 0 -5.1365039886e-09 0 0 -5.1365039886e-09 0 0 -5.1365039886e-09 
0 0 -5.1365039886e-09 0 0 -5.1365039886e-09 0 0 -5.1365039886e-09 
0 0 -5.1365039886e-09 0 0 -5.1365039886e-09 0 0 -5.1365039886e-09 
-3.2519058572e-11 3.4780843895e-11 7.5996942165e-12 5.4210108624e-20 9.4867690092e-20 1.1858461262e-20 3.8338572158e-12 -5.2342798065e-12 2.0725301715e-11 
1.1925318589e-13 -1.402860033e-14 -1.605298739e-13 1.9310678965e-11 5.7341399424e-12 1.0940020517e-10 2.4224449736e-10 2.5840385723e-10 -2.245622168e-10 
3.4144672919e-11 1.6112888178e-11 5.3537309826e-11 -4.1494734558e-10 8.7033266878e-11 9.4327001325e-10 0 0 -5.1365039886e-09 
-2.7345465302e-13 4.2792974568e-13 -1.2898668102e-12 1.0983284798e-13 -1.9087714418e-13 -4.4861776414e-13 0 0 -5.1365039886e-09 
0 0 -5.1365039886e-09 0 0 -5.1365039886e-09 0 0 -5.1365039886e-09 
0 0 -5.1365039886e-09 0 0 -5.1365039886e-09 0 0 -5.1365039886e-09 
0 0 -5.1365039886e-09 0 0 -5.1365039886e-09 0 0 -5.1365039886e-09 
7.1481401581e-11 8.3611425753e-11 1.0436421313e-09 0 0 -5.1365039886e-09 0 0 -5.1365039886e-09 
1.7483541753e-08 1.6603615551e-08 -5.3174011584e-09 0 0 -5.1365039886e-09 0 0 -5.1365039886e-09 
0 0 -5.1365039886e-09 0 0 -5.1365039886e-09 0 0 -5.1365039886e-09 
0 0 -5.1365039886e-09 0 0 -5.1365039886e-09 0 0 -5.1365039886e-09 
0 0 -5.1365039886e-09 0 0 -5.1365039886e-09 -1.5727999359e-07 -2.6249640881e-07 2.4567262086e-07 
0 0 -5.1365039886e-09 0 0 -5.1365039886e-09 -3.6485117838e-13 6.909926258e-13 7.2154456889e-13 
0 0 -5.1365039886e-09 -1.5486551321e-10 -1.2964490701e-10 -6.1051573263e-10 1.9803589378e-12 1.8569816773e-12 4.4712901256e-11 
3.3889285123e-07 -1.4051400567e-08 -5.6329689282e-07 0 0 -5.1365039886e-09 0 0 -5.1365039886e-09 
-3.3889285123e-07 1.4051400567e-08 5.5302388484e-07 0 0 -5.1365039886e-09 0 0 -5.1365039886e-09 
0 0 -5.1365039886e-09 0 0 -5.1365039886e-09 0 0 -5.1365039886e-09 
0 0 -5.1365039886e-09 0 0 -5.1365039886e-09 0 0 -5.1365039886e-09 
0 0 -5.1365039886e-09 -7.4136709684e-12 1.6636615805e-11 5.1061891675e-12 -5.7358240336e-12 1.7061700712e-11 -4.5077284326e-12 
3.6480692425e-10 2.2757935635e-10 4.081722894e-10 0 1.0842021725e-19 1.2705494209e-21 2.7105054312e-20 0 3.388131789e-21 
-3.662470239e-09 -2.784448326e-08 1.03660853e-08 0 0 -5.1365039886e-09 8.457930572e-08 1.2230149958e-07 -1.9226408251e-08 
2.7392068695e-11 -1.0600589254e-11 5.5066377077e-12 -2.0541481385e-13 2.2795905314e-13 -4.6567667897e-12 0 0 -5.1365039886e-09 
0 0 -5.1365039886e-09 0 0 -5.1365039886e-09 0 0 -5.1365039886e-09 
0 0 -5.1365039886e-09 0 0 -5.1365039886e-09 0 0 -5.1365039886e-09 
3.8402316266e-13 -5.3929246051e-14 -1.694167674e-13 -1.6782758451e-12 -1.7970844539e-12 7.8729322967e-14 -6.776263578e-21 4.0657581468e-20 2.3716922523e-20 
-1.6534354859e-12 8.8974726024e-14 1.2472882756e-10 0 0 -5.1365039886e-09 -1.8454732081e-10 -1.4632217301e-10 2.2753306144e-09 
0 0 -5.1365039886e-09 -1.827172311e-13 3.3842731135e-13 2.317496279e-12 0 0 -5.1365039886e-09 
0 0 -5.1365039886e-09 0 0 -5.1365039886e-09 0 0 -5.1365039886e-09 
0 0 -5.1365039886e-09 0 0 -5.1365039886e-09 0 0 -5.1365039886e-09 
0 0 -5.1365039886e-09 0 0 -5.1365039886e-09 0 0 -5.1365039886e-09 
0 0 -5.1365039886e-09 7.0737955207e-11 1.9287200136e-10 -9.3681279551e-11 2.580634274e-14 4.5319271339e-14 5.2145672491e-14 
0 0 -5.1365039886e-09 4.3298058281e-12 -2.3555208755e-11 -7.7238623369e-09 0 0 -5.1365039886e-09 
0 0 -5.1365039886e-09 0 0 -5.1365039886e-09 0 0 -5.1365039886e-09 
0 0 -5.1365039886e-09 0 0 -5.1365039886e-09 0 0 -5.1365039886e-09 
0 0 -5.1365039886e-09 0 0 -5.1365039886e-09 0 0 -5.1365039886e-09 
0 0 -5.1365039886e-09 0 0 -5.1365039886e-09 0 0 -5.1365039886e-09 
0 0 -5.1365039886e-09 5.9360068944e-17 2.1502439586e-16 -1.1018287164e-15 1.2576745201e-17 3.730468625e-16 -1.4197254754e-15 
0 5.4210108624e-20 -1.3234889801e-23 2.0328790734e-20 1.3552527156e-20 -2.6469779602e-23 3.376408853e-16 4.954668403e-16 4.0886943167e-15 
-4.0072112295e-16 -7.4690687663e-16 2.4746931528e-14 0 0 -5.1365039886e-09 0 0 -5.1365039886e-09 
0 0 -5.1365039886e-09 0 0 -5.1365039886e-09 0 0 -5.1365039886e-09 
0 0 -5.1365039886e-09 0 0 -5.1365039886e-09 0 0 -5.1365039886e-09 
0 0 -5.1365039886e-09 0 0 -5.1365039886e-09 1.1547272102e-08 1.6009411173e-09 1.5767436317e-08 
0 0 -5.1365039886e-09 0 0 -5.1365039886e-09 -1.8421819978e-11 -1.4213746553e-11 -3.576380745e-12 
1.1976984237e-11 1.2029768783e-11 1.5559187092e-10 -8.7558105718e-09 -8.3140638834e-09 3.5220087579e-08 0 0 -5.1365039886e-09 
0 0 -5.1365039886e-09 -4.0443515482e-08 -5.6110251763e-08 5.2011391176e-08 4.6313457626e-15 -3.469446952e-17 -3.1496051998e-12 
0 0 -5.1365039886e-09 0 0 -5.1365039886e-09 0 0 -5.1365039886e-09 
0 0 -5.1365039886e-09 0 0 -5.1365039886e-09 0 0 -5.1365039886e-09 
-1.1330982214e-11 9.180711909e-12 -3.7525785379e-11 -6.0346212706e-10 1.0665155239e-10 -4.3374985528e-11 -1.3171055187e-09 -5.821754928e-09 -4.2150206052e-09 
1.1000169535e-10 -8.2041437988e-12 -2.5763593003e-09 8.3174562395e-10 -3.1513719466e-10 -1.5367337869e-09 0 0 -5.1365039886e-09 
-3.9984461326e-15 -3.6448446054e-15 2.7621049843e-15 1.4950107802e-14 1.6200604565e-14 6.7772944171e-15 0 0 -5.1365039886e-09 
-2.9237152955e-11 1.000344334e-10 2.0755966878e-10 -2.33294843e-11 6.1736288302e-11 -1.8479830289e-10 8.716441902e-12 -4.5728958814e-12 9.0679069472e-11 
0 0 -5.1365039886e-09 0 0 -5.1365039886e-09 0 0 -5.1365039886e-09 
0 0 -5.1365039886e-09 0 0 -5.1365039886e-09 0 0 -5.1365039886e-09 
0 0 -5.1365039886e-09 0 0 -5.1365039886e-09 0 0 -5.1365039886e-09 
7.0345747456e-15 1.0811094858e-14 -4.0019442092e-14 0 0 -5.1365039886e-09 8.4199140715e-16 -8.6043653214e-14 -4.4200523653e-11 
1.3607027907e-10 -2.8297335022e-10 9.9547487085e-11 0 0 -5.1365039886e-09 0 0 -5.1365039886e-09 
0 0 -5.1365039886e-09 0 0 -5.1365039886e-09 0 0 -5.1365039886e-09 
0 0 -5.1365039886e-09 0 0 -5.1365039886e-09 0 0 -5.1365039886e-09 
0 0 -5.1365039886e-09 0 0 -5.1365039886e-09 3.5700833651e-07 4.4813189327e-07 -6.3908214334e-07 
1.5601669262e-16 2.5188726972e-16 5.9730561155e-15 -1.1121203784e-16 -1.866996141e-16 7.1794986948e-15 0 0 -5.1365039886e-09 
-1.8793468301e-13 -3.3350687663e-13 -7.9829308062e-11 -6.2057068197e-12 -2.5403438813e-12 1.7822022283e-10 0 0 -5.1365039886e-09 
0 0 -5.1365039886e-09 0 0 -5.1365039886e-09 0 0 -5.1365039886e-09 
0 0 -5.1365039886e-09 0 0 -5.1365039886e-09 0 0 -5.1365039886e-09 
0 0 -5.1365039886e-09 0 0 -5.1365039886e-09 0 0 -5.1365039886e-09 
-3.6199668243e-16 1.4975428158e-15 -1.8646384778e-15 -1.1326635069e-08 -3.5245353752e-08 1.0834839911e-08 0 0 -5.1365039886e-09 
-4.1763084901e-10 -4.2421317408e-10 -3.0300730714e-10 1.0095272898e-11 3.6614583978e-12 -6.6874664447e-11 0 0 -5.1365039886e-09 
-8.4467446275e-11 9.0148079431e-12 -1.4251420881e-08 1.6743053669e-10 -6.312110345e-11 8.7965053432e-09 0 0 -5.1365039886e-09 
3.0380281786e-10 -3.2121044783e-10 -7.0278436469e-10 -1.599798834e-10 4.9696823046e-11 3.3317421947e-09 -8.3364642981e-08 -1.534977814e-08 3.588037719e-08 
0 0 -5.1365039886e-09 0 0 -5.1365039886e-09 0 0 -5.1365039886e-09 
0 0 -5.1365039886e-09 0 0 -5.1365039886e-09 0 0 -5.1365039886e-09 
0 0 -5.1365039886e-09 0 0 -5.1365039886e-09 -4.1672116961e-09 1.9398249654e-09 -2.7190551602e-09 
-2.751477157e-07 -1.7394295903e-07 -5.9675635238e-07 1.7476838561e-10 -2.2129629477e-10 -2.3091579068e-10 0 0 -5.1365039886e-09 
0 0 -5.1365039886e-09 -4.8415048012e-15 -5.2517669033e-15 -1.1910595462e-13 -6.0671032e-14 -6.0261962521e-14 -1.6102835999e-14 
0 0 -5.1365039886e-09 5.0623099029e-11 2.2962446668e-11 -1.4897188957e-10 1.3735486273e-17 -8.7017388737e-17 4.0051529394e-17 
1.0665817188e-13 -1.5813825943e-13 4.8762762585e-10 0 0 -5.1365039886e-09 0 0 -5.1365039886e-09 
0 0 -5.1365039886e-09 3.5194538274e-07 2.594625598e-07 6.7801211004e-07 0 0 -5.1365039886e-09 
0 0 -5.1365039886e-09 0 0 -5.1365039886e-09 0 0 -5.1365039886e-09 
0 0 -5.1365039886e-09 -1.0972125986e-16 -4.8081655844e-16 -3.369736351e-16 -2.4740304423e-11 -3.5438684485e-11 -3.1495797937e-11 
1.0231615902e-15 2.5198484792e-15 5.4765359897e-15 0 0 -5.1365039886e-09 2.3715699109e-11 -5.65585068e-11 4.2178485793e-10 
0 0 -5.1365039886e-09 0 0 -5.1365039886e-09 0 0 -5.1365039886e-09 
0 0 -5.1365039886e-09 0 0 -5.1365039886e-09 0 0 -5.1365039886e-09 
0 0 -5.1365039886e-09 0 0 -5.1365039886e-09 0 0 -5.1365039886e-09 
-3.5700833651e-07 -4.4813189327e-07 6.2880913536e-07 0 0 -5.1365039886e-09 8.2304497419e-17 -7.7947359938e-17 -6.3563893461e-17 
-1.7373722885e-10 -3.7817743204e-10 6.5789348676e-10 1.141264817e-10 -1.6380306378e-10 1.0671468151e-09 -8.0205566445e-12 1.2609580337e-10 2.3335330145e-10 
0 0 -5.1365039886e-09 0 0 -5.1365039886e-09 0 0 -5.1365039886e-09 
0 0 -5.1365039886e-09 0 0 -5.1365039886e-09 0 0 -5.1365039886e-09 
0 0 -5.1365039886e-09 0 0 -5.1365039886e-09 0 0 -5.1365039886e-09 
0 0 -5.1365039886e-09 0 0 -5.1365039886e-09 1.3552527156e-20 3.7269449679e-20 2.7105054312e-20 
0 0 -5.1365039886e-09 -4.2642142036e-10 -1.3500494093e-10 1.1584089938e-09 -2.3997476055e-10 -2.6100803134e-10 2.114682423e-09 
0 0 -5.1365039886e-09 4.6045404834e-10 3.0270342114e-11 1.0359830029e-09 -2.7267315597e-10 -3.1382003916e-11 4.4034391897e-10 
-6.8442566068e-15 -5.8942651107e-16 -1.5604730448e-12 2.0550910623e-12 -1.9933288418e-12 -8.6497870701e-12 0 0 -5.1365039886e-09 
0 0 -5.1365039886e-09 0 0 -5.1365039886e-09 0 0 -5.1365039886e-09 
0 0 -5.1365039886e-09 0 0 -5.1365039886e-09 0 0 -5.1365039886e-09 
0 0 -5.1365039886e-09 0 0 -5.1365039886e-09 0 0 -5.1365039886e-09 
-4.9727399854e-10 -1.0130731286e-08 -1.7627204232e-09 -3.4911185334e-10 -5.530396191e-11 -7.5707262258e-10 4.8755586959e-10 5.8571837918e-11 -1.4880985404e-09 
0 0 -5.1365039886e-09 1.1169450781e-15 5.5847253905e-16 -1.1319714426e-15 1.2479492266e-14 7.0952900673e-16 1.5719876181e-11 
0 0 -5.1365039886e-09 7.0243715392e-13 -6.3969533473e-13 -6.2120214013e-11 -3.7393048662e-10 1.8315144711e-10 -1.1971495977e-09 
1.0493083095e-10 -7.2126531549e-10 2.6320276326e-09 4.9512819667e-09 -3.4219965635e-09 6.4476471398e-09 0 0 -5.1365039886e-09 
0 0 -5.1365039886e-09 0 0 -5.1365039886e-09 0 0 -5.1365039886e-09 
0 0 -5.1365039886e-09 0 0 -5.1365039886e-09 0 0 -5.1365039886e-09 
0 0 -5.1365039886e-09 0 0 -5.1365039886e-09 0 0 -5.1365039886e-09 
1.1926223897e-18 -2.0257639967e-17 -9.5831722113e-16 0 0 -5.1365039886e-09 0 0 -5.1365039886e-09 
1.8659140693e-10 6.9664899364e-10 2.071685165e-09 0 0 -5.1365039886e-09 0 0 -5.1365039886e-09 
0 0 -5.1365039886e-09 0 0 -5.1365039886e-09 0 0 -5.1365039886e-09 
0 0 -5.1365039886e-09 0 0 -5.1365039886e-09 1.5236680354e-07 -2.164809274e-07 -4.4898365547e-07 
0 0 -5.1365039886e-09 -1.5236680354e-07 2.164809274e-07 4.3871064749e-07 0 0 -5.1365039886e-09 
0 0 -5.1365039886e-09 0 0 -5.1365039886e-09 -4.1179353764e-17 -1.2203373078e-16 -7.7072205497e-16 
-4.315395697e-16 9.0243567827e-16 -3.5811909265e-15 0 0 -5.1365039886e-09 -1.7425484487e-10 -1.0308478292e-10 1.1837664732e-08 
-1.2690048041e-10 -2.1763363103e-10 4.1441716697e-10 1.0510540588e-10 1.8973455256e-10 -8.5473809927e-11 0 0 -5.1365039886e-09 
0 0 -5.1365039886e-09 0 0 -5.1365039886e-09 0 0 -5.1365039886e-09 
0 0 -5.1365039886e-09 0 0 -5.1365039886e-09 0 0 -5.1365039886e-09 
0 0 -5.1365039886e-09 0 0 -5.1365039886e-09 0 0 -5.1365039886e-09 
0 0 -5.1365039886e-09 0 0 -5.1365039886e-09 0 0 -5.1365039886e-09 
1.4731556806e-10 -1.4930726813e-10 -1.8055100862e-09 6.5619896534e-16 -2.4167662636e-15 2.642919959e-13 1.1280165989e-09 5.7241265894e-10 7.9935268626e-10 
-2.5244114484e-10 -2.3589376952e-10 -6.1042625837e-09 1.531207111e-09 8.565699003e-10 1.3809307333e-09 -5.1463696896e-10 8.027392607e-11 -6.3894484976e-10 
-1.8483415238e-11 9.7912738572e-12 -1.1533672804e-09 -1.0270283028e-12 -9.7675204132e-13 -2.187093688e-11 0 0 -5.1365039886e-09 
0 0 -5.1365039886e-09 0 0 -5.1365039886e-09 0 0 -5.1365039886e-09 
0 0 -5.1365039886e-09 0 0 -5.1365039886e-09 0 0 -5.1365039886e-09 
0 0 -5.1365039886e-09 -4.7592368638e-09 -3.5473798239e-08 1.6766602247e-08 -1.6690784226e-17 4.255493527e-18 -2.4195972594e-17 
-1.0528056644e-11 -1.6359513028e-12 -3.4121868767e-11 4.6471615618e-17 -1.1926223897e-17 3.9082100186e-17 0 0 -5.1365039886e-09 
-1.5586490432e-15 -5.3787269777e-16 -7.5575582983e-15 -6.776263578e-21 -1.0164395367e-20 -4.2351647363e-22 0 0 -5.1365039886e-09 
0 0 -5.1365039886e-09 0 0 -5.1365039886e-09 0 0 -5.1365039886e-09 
0 0 -5.1365039886e-09 0 0 -5.1365039886e-09 0 0 -5.1365039886e-09 
0 0 -5.1365039886e-09 0 0 -5.1365039886e-09 0 0 -5.1365039886e-09 
0 0 -5.1365039886e-09 0 0 -5.1365039886e-09 5.1383593561e-15 2.4132497216e-14 6.0786763806e-14 
-1.6572147787e-08 2.9734366379e-08 5.8120837094e-08 0 0 -5.1365039886e-09 4.9735029463e-12 -2.5478737772e-12 -2.7307514906e-11 
0 0 -5.1365039886e-09 0 0 -5.1365039886e-09 0 0 -5.1365039886e-09 
0 0 -5.1365039886e-09 0 0 -5.1365039886e-09 0 0 -5.1365039886e-09 
0 0 -5.1365039886e-09 0 0 -5.1365039886e-09 0 0 -5.1365039886e-09 
0 0 -5.1365039886e-09 0 0 -5.1365039886e-09 0 0 -5.1365039886e-09 
0 0 -5.1365039886e-09 1.2739578815e-15 -1.4004673343e-15 -1.9627840901e-14 0 0 -5.1365039886e-09 
0 0 -5.1365039886e-09 -1.0348794521e-11 -6.0397415422e-11 5.5466912489e-11 -8.915033425e-13 -8.8765775871e-13 -1.3207500966e-10 
3.7027987555e-12 -9.4832374212e-11 1.1623501734e-08 0 0 -5.1365039886e-09 0 0 -5.1365039886e-09 
0 0 -5.1365039886e-09 0 0 -5.1365039886e-09 0 0 -5.1365039886e-09 
0 0 -5.1365039886e-09 0 0 -5.1365039886e-09 0 0 -5.1365039886e-09 
0 0 -5.1365039886e-09 -3.9882376915e-16 6.2474439684e-16 -6.5018249031e-16 -4.86815839e-10 -3.383487319e-10 1.0077511921e-09 
-9.405492986e-12 -1.6840326334e-12 -1.3168968698e-10 -1.158610561e-13 1.0047301532e-15 -3.8682702524e-11 -1.431455416e-10 1.9744203803e-11 1.5370366097e-10 
-7.3695701166e-12 5.3013113647e-12 2.2622798546e-12 6.2250083458e-12 -1.2121854085e-12 -1.6458126179e-11 0 0 -5.1365039886e-09 
0 0 -5.1365039886e-09 0 0 -5.1365039886e-09 0 0 -5.1365039886e-09 
0 0 -5.1365039886e-09 0 0 -5.1365039886e-09 0 0 -5.1365039886e-09 
0 0 -5.1365039886e-09 0 0 -5.1365039886e-09 4.2670548169e-09 4.4907673667e-09 2.247759544e-09 
-1.208658242e-09 4.8035960573e-10 -3.8142849683e-10 -1.3680854952e-12 1.1999923082e-12 -4.2754908771e-11 -4.1028120288e-08 -2.7364863754e-08 5.4926484087e-08 
-1.227373845e-08 4.1913215069e-08 1.7739433308e-08 -1.3457489209e-08 3.6393274442e-08 -5.3048260803e-08 3.5908549623e-08 -3.4554180242e-08 5.7837357153e-08 
-2.5103719136e-10 -1.1781186062e-09 -1.4659084582e-09 1.1600963246e-17 7.1415041849e-15 -6.957638825e-12 0 0 -5.1365039886e-09 
0 0 -5.1365039886e-09 0 0 -5.1365039886e-09 0 0 -5.1365039886e-09 
0 0 -5.1365039886e-09 0 0 -5.1365039886e-09 0 0 -5.1365039886e-09 
0 0 -5.1365039886e-09 0 0 -5.1365039886e-09 0 0 -5.1365039886e-09 
0 0 -5.1365039886e-09 -1.0193739299e-13 -4.723378264e-13 -2.7067793212e-11 6.7274419542e-14 1.2088350069e-13 -4.0036248497e-14 
-2.1069740191e-12 -5.6391166083e-12 -1.6279968326e-10 0 0 -5.1365039886e-09 0 0 -5.1365039886e-09 
0 0 -5.1365039886e-09 0 0 -5.1365039886e-09 0 0 -5.1365039886e-09 
0 0 -5.1365039886e-09 0 0 -5.1365039886e-09 0 0 -5.1365039886e-09 
0 0 -5.1365039886e-09 0 0 -5.1365039886e-09 0 0 -5.1365039886e-09 
-4.1766027052e-11 7.3634316086e-11 2.4625892186e-09 1.0793232627e-14 3.7989332817e-14 -3.0576562688e-13 -1.1518574723e-13 -4.1944786945e-13 -2.138637676e-13 
0 0 -5.1365039886e-09 1.2775023823e-11 2.2882124797e-13 -2.3129521945e-10 9.4488793959e-13 1.1258378669e-12 4.5846334468e-10 
0 0 -5.1365039886e-09 0 0 -5.1365039886e-09 0 0 -5.1365039886e-09 
0 0 -5.1365039886e-09 0 0 -5.1365039886e-09 -4.3448692574e-07 -5.1895516696e-07 5.0925405771e-07 
0 0 -5.1365039886e-09 0 0 -5.1365039886e-09 0 0 -5.1365039886e-09 
0 0 -5.1365039886e-09 0 0 -5.1365039886e-09 2.5661471646e-13 -4.6666072699e-13 -2.254268784e-11 
8.5578361021e-11 -1.6262259052e-10 -1.1882907849e-09 -6.2539276953e-11 2.2112052003e-11 3.4810495057e-10 0 0 -5.1365039886e-09 
-1.8563454956e-10 -1.67477839e-10 -5.6506338373e-10 -1.6907094756e-12 -1.0970100696e-12 -9.5069794817e-10 -3.483745948e-09 5.2165560993e-10 -1.0235541565e-09 
1.0773357846e-13 -1.3702147056e-15 -8.931044382e-11 -5.6708719169e-11 3.7940183926e-11 1.4709174969e-10 4.3448692574e-07 5.1895516696e-07 -5.1952706569e-07 
-3.7269449679e-20 -6.776263578e-20 4.2351647363e-22 0 0 -5.1365039886e-09 0 0 -5.1365039886e-09 
0 0 -5.1365039886e-09 0 0 -5.1365039886e-09 0 0 -5.1365039886e-09 
0 0 -5.1365039886e-09 0 0 -5.1365039886e-09 0 0 -5.1365039886e-09 
-2.935630259e-09 8.999253166e-09 -3.1482801091e-09 2.0140311974e-09 -4.1859181e-10 -1.8403180168e-08 -3.7565504725e-09 1.2515784719e-09 -5.3719667275e-10 
-1.7459862586e-09 4.0044534935e-10 -2.3445784299e-08 0 0 -5.1365039886e-09 0 0 -5.1365039886e-09 
-1.0220578724e-13 -5.7923988956e-14 -2.5647016031e-11 8.7776993562e-09 -1.0640105534e-08 1.3322382747e-08 1.573289098e-08 -1.2313611523e-08 1.7144490497e-08 
-1.367595811e-09 8.4055087113e-10 -3.2923612582e-09 2.5772321536e-07 -3.8222807902e-07 7.2087902172e-08 0 0 -5.1365039886e-09 
-2.9996681899e-07 -7.6001289905e-07 -9.6946764652e-07 0 0 -5.1365039886e-09 -3.0065360442e-09 -1.5878452541e-07 -3.5926389376e-07 
0 0 -5.1365039886e-09 0 0 -5.1365039886e-09 0 0 -5.1365039886e-09 
3.0065360442e-09 1.5878452541e-07 3.4899088578e-07 7.0711207289e-11 1.9391752196e-10 -1.2293672643e-09 -4.2091293127e-09 -5.5889260533e-10 -5.61616449e-09 
0 0 -5.1365039886e-09 1.0516317537e-08 3.1331324953e-09 1.0471487147e-09 -2.5772321536e-07 3.8222807902e-07 -8.2360910149e-08 
0 0 -5.1365039886e-09 0 0 -5.1365039886e-09 0 0 -5.1365039886e-09 
0 0 -5.1365039886e-09 0 0 -5.1365039886e-09 0 0 -5.1365039886e-09 
0 0 -5.1365039886e-09 0 0 -5.1365039886e-09 0 0 -5.1365039886e-09 
0 0 -5.1365039886e-09 0 0 -5.1365039886e-09 0 0 -5.1365039886e-09 
0 0 -5.1365039886e-09 0 0 -5.1365039886e-09 0 0 -5.1365039886e-09 
1.4167021031e-12 -1.9450719654e-12 3.1929962285e-11 -1.0253538524e-11 3.1681301598e-12 -1.8366467753e-10 -2.3938176774e-10 -8.2196906128e-10 -4.4035488713e-09 
0 0 -5.1365039886e-09 0 0 -5.1365039886e-09 0 0 -5.1365039886e-09 
0 0 -5.1365039886e-09 0 0 -5.1365039886e-09 0 0 -5.1365039886e-09 
0 0 -5.1365039886e-09 0 0 -5.1365039886e-09 0 0 -5.1365039886e-09 
0 0 -5.1365039886e-09 -1.7635817096e-11 -1.8147889719e-11 2.6860883303e-10 6.3644129393e-09 -1.9479382263e-08 -2.1023013902e-08 
0 0 -5.1365039886e-09 4.4453478035e-10 1.2608841542e-10 -1.484228413e-11 -1.4378859973e-13 -4.3007233923e-14 5.8996667023e-13 
1.4915157133e-10 -8.3912589659e-11 6.5787443282e-11 -2.8326954427e-10 -2.2415330903e-11 2.4647159528e-10 0 0 -5.1365039886e-09 
-1.5482884742e-10 1.1904085037e-10 1.753570144e-10 0 0 -5.1365039886e-09 0 0 -5.1365039886e-09 
0 0 -5.1365039886e-09 0 0 -5.1365039886e-09 0 0 -5.1365039886e-09 
0 0 -5.1365039886e-09 0 0 -5.1365039886e-09 0 0 -5.1365039886e-09 
0 0 -5.1365039886e-09 0 0 -5.1365039886e-09 0 0 -5.1365039886e-09 
0 0 -5.1365039886e-09 -1.3712053918e-08 -1.3013695555e-08 -4.0235511487e-09 -2.7105054312e-20 4.0657581468e-20 1.0587911841e-21 
-2.0018013185e-09 -3.1690433058e-10 3.1005075868e-10 4.8756278095e-11 -7.6025864207e-12 -8.2350568572e-09 0 0 -5.1365039886e-09 
5.5011705198e-09 -2.1338635564e-08 7.2882735753e-08 -2.3117935437e-09 1.9682913256e-08 5.9425823424e-08 -4.3220831395e-09 1.4492276144e-09 -1.656999591e-08 
0 0 -5.1365039886e-09 5.2191274854e-09 -1.1487116081e-08 1.2282183096e-09 9.1128880185e-11 -4.2639424096e-09 -1.1546136267e-09 
0 0 -5.1365039886e-09 0 0 -5.1365039886e-09 2.9996681899e-07 7.6001289905e-07 9.5919463855e-07 
0 0 -5.1365039886e-09 0 0 -5.1365039886e-09 0 0 -5.1365039886e-09 
0 0 -5.1365039886e-09 0 0 -5.1365039886e-09 0 0 -5.1365039886e-09 
0 0 -5.1365039886e-09 0 0 -5.1365039886e-09 0 0 -5.1365039886e-09 
-4.2435600932e-11 -7.3257824557e-11 -8.2678431067e-11 -9.4525481192e-12 -1.9247869412e-11 6.702706566e-11 1.0463824848e-09 -2.1467569885e-09 -6.8108909392e-10 
-3.0341072536e-14 -1.6680629317e-13 9.6738532135e-11 0 0 -5.1365039886e-09 -1.1792390617e-06 3.5666490019e-07 -7.6207587262e-07 
0 0 -5.1365039886e-09 0 0 -5.1365039886e-09 0 0 -5.1365039886e-09 
1.1792390617e-06 -3.5666490019e-07 7.5180286465e-07 0 0 -5.1365039886e-09 0 0 -5.1365039886e-09 
0 0 -5.1365039886e-09 0 0 -5.1365039886e-09 0 0 -5.1365039886e-09 
0 0 -5.1365039886e-09 1.6765478667e-11 -2.0158303366e-10 1.4487277792e-10 9.8657665154e-12 -6.6590650908e-12 -6.7921845682e-11 
-3.0733913136e-12 -9.2192231768e-12 3.9913418497e-11 0 0 -5.1365039886e-09 0 0 -5.1365039886e-09 
3.7748705691e-10 1.1139417643e-09 -6.0337688319e-09 0 0 -5.1365039886e-09 0 0 -5.1365039886e-09 
0 0 -5.1365039886e-09 0 0 -5.1365039886e-09 0 0 -5.1365039886e-09 
-8.1067684623e-08 -4.1372368333e-07 2.4717841183e-07 0 0 -5.1365039886e-09 0 0 -5.1365039886e-09 
0 0 -5.1365039886e-09 0 0 -5.1365039886e-09 0 0 -5.1365039886e-09 
-3.5003287625e-10 1.9236827748e-09 1.7192890425e-09 -2.3138756875e-12 -3.3537446637e-12 -2.6089464371e-09 2.7815868098e-13 7.6677596564e-14 -1.160575544e-14 
8.9772603119e-11 9.0596920157e-12 -1.5660021661e-10 -2.1635959083e-14 8.9914444705e-14 -1.9825640928e-10 -2.1835184159e-08 -1.1143684161e-07 5.2127364686e-08 
0 0 -5.1365039886e-09 0 0 -5.1365039886e-09 -1.5623448032e-11 2.0344491147e-11 1.083882707e-11 
-3.2526065175e-19 1.0842021725e-19 1.6686549061e-19 0 0 -5.1365039886e-09 0 0 -5.1365039886e-09 
0 0 -5.1365039886e-09 0 0 -5.1365039886e-09 6.5679790708e-12 -1.0465541302e-11 -1.1647478399e-10 
2.4379936384e-11 -1.8264114396e-11 -3.1370475402e-11 -2.2033548077e-09 -8.948795665e-11 2.0795064502e-09 4.8283655718e-09 1.6110136573e-09 3.3406081383e-09 
0 0 -5.1365039886e-09 -4.2769319569e-10 -2.2689788776e-10 -3.3935462462e-09 -1.4971500087e-09 -1.8773440203e-10 -4.7632297101e-09 
-2.3609841523e-10 6.3835718832e-10 -1.4416632256e-09 -2.6277573216e-11 -4.4151683449e-11 6.5937706549e-10 -2.078616405e-11 7.8582408077e-11 -1.3924888776e-09 
0 0 -5.1365039886e-09 0 0 -5.1365039886e-09 -1.4356168799e-07 -1.1108677537e-06 6.3701755237e-08 
0 0 -5.1365039886e-09 0 0 -5.1365039886e-09 0 0 -5.1365039886e-09 
0 0 -5.1365039886e-09 0 0 -5.1365039886e-09 0 0 -5.1365039886e-09 
0 0 -5.1365039886e-09 0 0 -5.1365039886e-09 0 0 -5.1365039886e-09 
8.9240436872e-13 -1.8772960617e-12 2.4508214064e-11 -4.5801687584e-10 -3.2549133994e-10 1.0679830823e-09 0 0 -5.1365039886e-09 
-3.4503281239e-09 -1.4525949524e-09 -7.8418937793e-09 1.1086075634e-14 -1.6259129459e-13 -2.1248922142e-11 0 0 -5.1365039886e-09 
0 0 -5.1365039886e-09 1.4356168799e-07 1.1108677537e-06 -7.3974763215e-08 0 0 -5.1365039886e-09 
0 0 -5.1365039886e-09 0 0 -5.1365039886e-09 0 0 -5.1365039886e-09 
0 0 -5.1365039886e-09 0 0 -5.1365039886e-09 0 0 -5.1365039886e-09 
0 0 -5.1365039886e-09 0 0 -5.1365039886e-09 0 0 -5.1365039886e-09 
-3.4815851374e-13 -5.3334623502e-13 -2.1351462831e-10 0 6.0986372202e-20 -4.2351647363e-22 8.1814329617e-12 1.3673576485e-11 1.0051703334e-08 
-1.709648542e-07 -6.0246126786e-08 -3.2692491748e-07 0 0 -5.1365039886e-09 0 0 -5.1365039886e-09 
1.709648542e-07 6.0246126786e-08 3.166519095e-07 0 0 -5.1365039886e-09 0 0 -5.1365039886e-09 
0 0 -5.1365039886e-09 0 0 -5.1365039886e-09 0 0 -5.1365039886e-09 
0 0 -5.1365039886e-09 -1.4121027807e-09 2.0122568445e-09 3.1421539735e-09 4.0286990619e-10 -5.4152916843e-10 -1.6467261157e-09 
-1.5056365915e-08 -7.2616516097e-09 -2.8216413678e-09 2.4338423492e-09 8.5492664494e-10 1.2062467802e-08 0 0 -5.1365039886e-09 
-4.702832641e-11 -4.7476714942e-12 6.7521940034e-11 0 0 -5.1365039886e-09 -9.7383039133e-15 8.5531625185e-15 -2.6872181238e-14 
-1.1210221648e-11 4.4428372114e-12 -1.1402642577e-11 1.4926282459e-14 -2.0288946304e-15 4.5947478407e-14 0 0 -5.1365039886e-09 
0 0 -5.1365039886e-09 0 0 -5.1365039886e-09 0 0 -5.1365039886e-09 
0 0 -5.1365039886e-09 0 0 -5.1365039886e-09 -5.7664653217e-12 1.5772261372e-11 -8.1446165096e-11 
-2.3917630084e-11 1.7928617358e-11 -3.0758031632e-11 1.0281857776e-10 -1.820730088e-10 8.0915797279e-10 7.8140309652e-10 -2.5872458473e-11 1.2029426156e-09 
-1.0842021725e-19 8.1315162936e-20 -8.1315162936e-20 0 0 -5.1365039886e-09 8.4042706496e-11 -1.4868710961e-10 -6.6728467565e-12 
0 0 -5.1365039886e-09 0 0 -5.1365039886e-09 0 0 -5.1365039886e-09 
0 0 -5.1365039886e-09 0 0 -5.1365039886e-09 0 0 -5.1365039886e-09 
0 0 -5.1365039886e-09 0 0 -5.1365039886e-09 0 0 -5.1365039886e-09 
0 0 -5.1365039886e-09 0 0 -5.1365039886e-09 -4.770275023e-10 -8.0225617794e-10 1.484825538e-09 
-1.0169247668e-10 -1.7254324385e-10 2.3662630301e-10 0 0 -5.1365039886e-09 6.7278837666e-12 1.0360796184e-10 3.5298015847e-10 
0 0 -5.1365039886e-09 0 0 -5.1365039886e-09 0 0 -5.1365039886e-09 
0 0 -5.1365039886e-09 0 0 -5.1365039886e-09 0 0 -5.1365039886e-09 
0 0 -5.1365039886e-09 0 0 -5.1365039886e-09 0 0 -5.1365039886e-09 
0 0 -5.1365039886e-09 0 0 -5.1365039886e-09 0 0 -5.1365039886e-09 
0 0 -5.1365039886e-09 0 0 -5.1365039886e-09 -7.3088160957e-13 3.8106092446e-12 7.8982115478e-12 
-1.6046192153e-17 -2.6888213878e-17 -5.5584876198e-14 1.7202843425e-13 1.23252641e-12 3.2341513111e-10 0 0 -5.1365039886e-09 
0 0 -5.1365039886e-09 0 0 -5.1365039886e-09 0 0 -5.1365039886e-09 
0 0 -5.1365039886e-09 0 0 -5.1365039886e-09 0 0 -5.1365039886e-09 
0 0 -5.1365039886e-09 0 0 -5.1365039886e-09 0 0 -5.1365039886e-09 
-6.3652479555e-14 7.313756805e-14 2.720307884e-11 -6.0986372202e-20 2.0328790734e-20 -3.388131789e-21 2.7326631801e-09 3.4684559038e-09 -1.9604447455e-08 
7.2152630201e-09 9.3932711059e-10 -2.7763183972e-08 1.7196422886e-09 -1.5129392233e-09 1.0230039229e-08 0 0 -5.1365039886e-09 
6.4281039217e-09 -1.205073783e-08 2.5180219113e-08 0 0 -5.1365039886e-09 0 0 -5.1365039886e-09 
-4.3086914787e-12 -5.9113838607e-11 -1.3999213719e-10 -1.1665031576e-10 3.9209440317e-10 3.52583749e-10 -1.1675461487e-14 2.0377037731e-15 -3.7942204159e-12 
1.0123871549e-11 -1.065490852e-10 8.7524751728e-10 -2.51836769e-09 -1.8412949143e-09 -2.2514803875e-09 7.9055195013e-10 -5.8129130339e-10 -3.2954944875e-10 
0 0 -5.1365039886e-09 -7.8813867021e-10 2.5318841656e-09 1.979208848e-09 -7.3440522066e-10 1.0367335915e-10 7.5467822298e-09 
1.7769762825e-10 -2.1069893192e-10 1.0496023338e-09 0 0 -5.1365039886e-09 0 0 -5.1365039886e-09 
0 0 -5.1365039886e-09 0 0 -5.1365039886e-09 0 0 -5.1365039886e-09 
0 0 -5.1365039886e-09 0 0 -5.1365039886e-09 0 0 -5.1365039886e-09 
0 0 -5.1365039886e-09 -2.9802036327e-11 1.5796699608e-10 -7.9142839454e-11 2.5247029575e-10 5.9221083294e-10 1.7890108789e-09 
-1.0245514214e-10 -9.2174606642e-11 3.9897483228e-10 0 0 -5.1365039886e-09 0 0 -5.1365039886e-09 
0 0 -5.1365039886e-09 0 0 -5.1365039886e-09 0 0 -5.1365039886e-09 
0 0 -5.1365039886e-09 0 0 -5.1365039886e-09 0 0 -5.1365039886e-09 
0 0 -5.1365039886e-09 0 0 -5.1365039886e-09 0 0 -5.1365039886e-09 
0 0 -5.1365039886e-09 0 0 -5.1365039886e-09 0 0 -5.1365039886e-09 
1.5072310225e-10 3.5031780179e-10 1.2930735814e-09 -7.7501816e-12 -1.4589454821e-11 4.5307004091e-11 2.18489506e-14 3.1542151703e-14 1.1041458004e-13 
0 0 -5.1365039886e-09 0 0 -5.1365039886e-09 0 0 -5.1365039886e-09 
0 0 -5.1365039886e-09 0 0 -5.1365039886e-09 0 0 -5.1365039886e-09 
0 0 -5.1365039886e-09 0 0 -5.1365039886e-09 0 0 -5.1365039886e-09 
0 0 -5.1365039886e-09 0 0 -5.1365039886e-09 0 0 -5.1365039886e-09 
0 0 -5.1365039886e-09 -3.0078544736e-10 -4.2051359472e-11 -3.3238598166e-09 -4.2397281825e-11 -4.6464348279e-11 -1.0565762857e-10 
-1.0149806939e-11 2.6383469303e-11 -1.0453192565e-09 7.8264357695e-10 2.4168024833e-09 -9.375716967e-09 -3.2526065175e-19 2.4936649967e-18 -4.2726713552e-16 
2.547692336e-11 1.8138932197e-11 2.1443330664e-11 2.909763332e-11 1.5752645249e-10 -1.2030188983e-09 2.4850442342e-14 -1.8990885253e-15 6.4765576809e-12 
-1.2340906522e-11 -9.7072224391e-12 -1.1352723297e-11 -3.6342231958e-11 -1.0112818113e-10 -2.0341520729e-09 3.1189199804e-10 1.6110663503e-10 -6.0223787885e-09 
-3.6655941962e-09 1.7420230255e-09 -5.4407225314e-09 0 0 -5.1365039886e-09 0 0 -5.1365039886e-09 
0 0 -5.1365039886e-09 0 0 -5.1365039886e-09 0 0 -5.1365039886e-09 
2.5881360163e-10 8.2063892032e-11 1.8181731129e-09 3.0104646635e-10 -9.5345432667e-11 1.3350307441e-09 1.8300183127e-10 1.6143656716e-10 -5.910940499e-10 
2.614528482e-10 1.5770411099e-10 -9.4318065307e-09 8.2781476132e-11 -4.3334268465e-11 2.3952304843e-09 -9.9914222038e-11 3.7504848042e-10 8.9138960166e-10 
0 0 -5.1365039886e-09 0 0 -5.1365039886e-09 -2.5647458003e-09 6.9699447729e-09 2.7527646617e-09 
-1.2857942768e-08 3.9161104782e-08 1.7065651157e-08 8.0164835988e-10 -9.9155680578e-10 -2.6011505046e-09 -2.198847762e-07 -1.9868538315e-07 4.9663613091e-08 
9.7776117454e-10 4.3314621477e-09 -7.8958729719e-10 1.1834897308e-10 2.394380542e-09 1.8799701642e-09 0 0 -5.1365039886e-09 
0 0 -5.1365039886e-09 0 0 -5.1365039886e-09 0 0 -5.1365039886e-09 
0 0 -5.1365039886e-09 0 0 -5.1365039886e-09 0 0 -5.1365039886e-09 
0 0 -5.1365039886e-09 0 0 -5.1365039886e-09 0 0 -5.1365039886e-09 
0 0 -5.1365039886e-09 0 0 -5.1365039886e-09 -7.652209552e-09 5.8254550371e-09 4.8565167364e-08 
-1.6920204665e-08 5.460074902e-09 -1.0290143815e-08 -2.4306899502e-08 3.6870622541e-09 -4.1282532526e-08 0 0 -5.1365039886e-09 
0 0 -5.1365039886e-09 0 0 -5.1365039886e-09 0 0 -5.1365039886e-09 
0 0 -5.1365039886e-09 0 0 -5.1365039886e-09 -7.1087569119e-07 -1.7536685549e-07 -8.950591784e-08 
0 0 -5.1365039886e-09 0 0 -5.1365039886e-09 0 0 -5.1365039886e-09 
0 0 -5.1365039886e-09 0 0 -5.1365039886e-09 7.1087569119e-07 1.7536685549e-07 7.9232909863e-08 
3.7022535645e-12 -1.6519898183e-10 4.4310961628e-10 0 0 -5.1365039886e-09 0 0 -5.1365039886e-09 
0 0 -5.1365039886e-09 4.0657581468e-20 0 0 4.1529930536e-12 5.7319228574e-12 -1.351323306e-11 
-5.2258479662e-13 -1.7456258336e-12 -1.2520259362e-11 0 0 -5.1365039886e-09 0 0 -5.1365039886e-09 
0 0 -5.1365039886e-09 0 0 -5.1365039886e-09 0 0 -5.1365039886e-09 
0 0 -5.1365039886e-09 0 0 -5.1365039886e-09 0 0 -5.1365039886e-09 
0 0 -5.1365039886e-09 0 0 -5.1365039886e-09 0 0 -5.1365039886e-09 
0 0 -5.1365039886e-09 -4.660787625e-10 4.9505857042e-10 3.3674210946e-10 -5.7959017014e-11 1.4083834672e-10 -3.021275448e-10 
-6.2798663315e-09 1.6973352043e-08 -1.2075233682e-08 4.406709386e-12 -1.0392475725e-12 4.7808645793e-12 -2.2806261071e-12 4.6347093643e-13 -1.1922356052e-12 
0 0 -5.1365039886e-09 0 0 -5.1365039886e-09 6.5670592879e-12 -3.4851800807e-12 -5.1446159954e-10 
0 0 -5.1365039886e-09 0 0 -5.1365039886e-09 0 0 -5.1365039886e-09 
0 0 -5.1365039886e-09 0 0 -5.1365039886e-09 -2.0769054998e-10 -2.7758231624e-10 -4.1422023062e-10 
-1.7743206484e-10 4.2314370432e-11 4.3946336891e-10 0 0 -5.1365039886e-09 -5.641385796e-14 -4.1674888367e-14 1.8612703863e-12 
-5.7300610665e-09 -1.7102853219e-09 2.8935220507e-09 -9.5376100575e-09 -2.1856463379e-08 3.6770497477e-08 -5.9297799808e-08 1.2609843197e-08 9.0355896251e-09 
0 0 -5.1365039886e-09 0 0 -5.1365039886e-09 0 0 -5.1365039886e-09 
0 0 -5.1365039886e-09 0 0 -5.1365039886e-09 0 0 -5.1365039886e-09 
0 0 -5.1365039886e-09 0 0 -5.1365039886e-09 0 0 -5.1365039886e-09 
0 0 -5.1365039886e-09 0 0 -5.1365039886e-09 0 0 -5.1365039886e-09 
0 -5.4210108624e-20 -1.0164395367e-20 0 0 -5.1365039886e-09 2.1730154616e-09 -3.0815746868e-09 2.8489241947e-09 
-4.0810120485e-10 -1.3543366076e-09 1.5162283228e-09 0 0 -5.1365039886e-09 0 0 -5.1365039886e-09 
0 0 -5.1365039886e-09 0 0 -5.1365039886e-09 0 0 -5.1365039886e-09 
0 0 -5.1365039886e-09 0 0 -5.1365039886e-09 0 0 -5.1365039886e-09 
0 0 -5.1365039886e-09 0 0 -5.1365039886e-09 0 0 -5.1365039886e-09 
0 0 -5.1365039886e-09 0 0 -5.1365039886e-09 -1.5602495462e-09 8.241956662e-10 1.5889663191e-08 
0 0 -5.1365039886e-09 8.4956611245e-12 -7.5943879616e-10 -2.9556378535e-09 2.7439951719e-10 5.2000916989e-10 6.8791804916e-10 
-4.5215898332e-10 -1.645978863e-09 -1.304032226e-09 0 0 -5.1365039886e-09 0 0 -5.1365039886e-09 
-3.2852866868e-08 5.4178870775e-08 -3.6489636808e-09 0 0 -5.1365039886e-09 0 0 -5.1365039886e-09 
3.2852866868e-08 -5.4178870775e-08 -6.6240442965e-09 0 0 -5.1365039886e-09 0 0 -5.1365039886e-09 
0 0 -5.1365039886e-09 0 0 -5.1365039886e-09 1.167529883e-09 -3.6935866404e-09 6.5468794435e-09 
7.5360511641e-11 -3.8448687115e-11 1.4114117388e-11 5.4651308435e-13 2.9609436647e-13 9.7506888873e-10 2.2273484462e-10 -2.0047284096e-10 1.2857889988e-09 
-1.3125222263e-11 -1.518457815e-10 1.5156150426e-09 -9.7808859536e-14 5.893424854e-14 -2.1375585724e-10 -5.6960701021e-11 3.9531666271e-11 -5.965307739e-10 
-1.280130548e-11 3.0356923897e-11 6.0959228753e-10 0 0 -5.1365039886e-09 2.7926959572e-09 3.6605460683e-08 -6.3737226289e-09 
5.4210108624e-20 -1.3552527156e-20 0 1.1548804537e-09 -5.3245919934e-10 -5.6766250877e-10 1.1010963465e-09 -6.3305962642e-10 -1.5274455268e-09 
0 0 -5.1365039886e-09 0 0 -5.1365039886e-09 -9.3943397441e-12 -1.7867208472e-11 -2.651128205e-10 
-2.3359724214e-10 -9.8031406235e-11 1.1265745401e-10 1.2412226229e-10 1.9951249448e-10 1.5816532395e-10 0 0 -5.1365039886e-09 
0 0 -5.1365039886e-09 0 0 -5.1365039886e-09 0 0 -5.1365039886e-09 
0 0 -5.1365039886e-09 0 0 -5.1365039886e-09 0 0 -5.1365039886e-09 
0 0 -5.1365039886e-09 0 0 -5.1365039886e-09 0 0 -5.1365039886e-09 
-6.2936350502e-08 -1.9355852986e-07 6.7365272521e-08 -1.0871243001e-10 -1.0104679149e-10 -1.1993067041e-10 -1.3447587228e-13 1.5960540181e-15 1.1051013577e-12 
5.625592223e-13 4.1114193213e-13 -5.2723800938e-13 -2.2155497922e-13 -4.3020735628e-13 3.416312914e-14 1.5839401069e-10 1.6906114623e-10 1.2932312777e-09 
-1.3840102177e-09 1.1304711816e-08 1.0640949321e-08 0 0 -5.1365039886e-09 0 0 -5.1365039886e-09 
0 0 -5.1365039886e-09 -6.2439471568e-07 -9.8815798142e-07 -7.1200142958e-08 0 0 -5.1365039886e-09 
0 0 -5.1365039886e-09 0 0 -5.1365039886e-09 0 0 -5.1365039886e-09 
0 0 -5.1365039886e-09 0 0 -5.1365039886e-09 0 0 -5.1365039886e-09 
0 0 -5.1365039886e-09 0 0 -5.1365039886e-09 0 0 -5.1365039886e-09 
6.2936350502e-08 1.9355852986e-07 -7.7638280498e-08 2.7105054312e-18 2.7105054312e-20 5.690129351e-10 -4.5880671224e-14 -8.8182689232e-14 -5.4378668181e-14 
0 0 -5.1365039886e-09 3.5893827759e-10 4.7772833088e-10 1.9653249798e-09 6.2439471568e-07 9.8815798142e-07 6.0927134981e-08 
0 0 -5.1365039886e-09 0 0 -5.1365039886e-09 0 0 -5.1365039886e-09 
0 0 -5.1365039886e-09 0 0 -5.1365039886e-09 0 0 -5.1365039886e-09 
0 0 -5.1365039886e-09 0 0 -5.1365039886e-09 0 0 -5.1365039886e-09 
1.6182237716e-09 -2.3005870142e-09 -3.2936925633e-09 2.5248648132e-10 1.5617788378e-10 1.6843281715e-10 1.6337661475e-12 -5.1081485504e-12 1.6299124496e-10 
-2.9108524402e-15 -1.4158460645e-15 -2.3363158188e-12 -1.1658327384e-08 1.1519286073e-08 4.8421560838e-09 -1.2196336606e-13 -9.1928201162e-14 -2.8588810702e-11 
-2.7317934122e-07 -6.7408112192e-07 6.7274506782e-07 3.6834470207e-12 -1.2909254828e-12 9.1661358969e-10 4.2727154876e-11 8.2384389566e-11 2.3028096805e-09 
0 0 -5.1365039886e-09 0 0 -5.1365039886e-09 1.5174656154e-10 -2.9427110962e-10 -7.1940303744e-11 
-6.0307169499e-10 5.8955783858e-11 -1.7096479878e-10 -1.2217894136e-12 -4.3217315685e-11 -6.5042138934e-10 -7.1058665901e-10 1.6928138822e-10 -6.2650307533e-10 
0 0 -5.1365039886e-09 6.7309445222e-11 -6.1339074702e-11 -2.423823569e-09 -3.2758374506e-09 6.1450207739e-09 -7.8945461727e-10 
1.8954968392e-09 1.1349240866e-09 -8.2959258536e-11 0 0 -5.1365039886e-09 -4.0316499413e-08 -4.8044544484e-07 -3.4307995475e-07 
4.0316499413e-08 4.8044544484e-07 3.3280694677e-07 0 0 -5.1365039886e-09 0 0 -5.1365039886e-09 
0 0 -5.1365039886e-09 0 0 -5.1365039886e-09 0 0 -5.1365039886e-09 
0 0 -5.1365039886e-09 0 0 -5.1365039886e-09 0 0 -5.1365039886e-09 
0 0 -5.1365039886e-09 -1.1848161341e-15 -2.5021759838e-15 2.8160457364e-16 1.9123110985e-08 3.4196633891e-09 8.7506934464e-10 
-1.1906395491e-07 8.258789172e-09 -1.0480523809e-08 1.2115754897e-08 -4.3016816032e-09 -1.2158076327e-09 0 0 -5.1365039886e-09 
0 0 -5.1365039886e-09 1.0694820002e-07 -3.9571075687e-09 -3.713180524e-09 0 0 -5.1365039886e-09 
0 0 -5.1365039886e-09 0 0 -5.1365039886e-09 0 0 -5.1365039886e-09 
0 0 -5.1365039886e-09 0 0 -5.1365039886e-09 -1.5908824063e-11 4.1328332087e-11 7.0598573732e-10 
0 0 -5.1365039886e-09 -4.6923073445e-11 -7.0743041382e-11 1.1270383527e-09 2.748447585e-11 5.1126814208e-11 5.6288313653e-11 
-1.2489360091e-10 8.7646335014e-11 -3.6146465086e-09 0 0 -5.1365039886e-09 0 0 -5.1365039886e-09 
0 0 -5.1365039886e-09 0 0 -5.1365039886e-09 0 0 -5.1365039886e-09 
0 0 -5.1365039886e-09 0 0 -5.1365039886e-09 0 0 -5.1365039886e-09 
0 0 -5.1365039886e-09 1.1446584477e-08 1.6948570831e-08 -3.3995860062e-08 0 0 -5.1365039886e-09 
-1.1446584477e-08 -1.6948570831e-08 2.3722852085e-08 0 0 -5.1365039886e-09 0 0 -5.1365039886e-09 
-1.2836337895e-12 3.921747882e-12 1.2542360961e-12 -2.0326583298e-12 3.2516961129e-12 4.0172286719e-12 -2.1129677028e-10 3.6680245213e-11 2.0132177338e-10 
-1.0000504656e-13 -3.8630340246e-14 -3.1832335941e-10 -1.3543969684e-12 -1.2715908242e-12 -3.2967750327e-10 -4.7551736888e-07 -1.7276561971e-06 1.4374534706e-06 
3.4316191422e-09 -5.3717192138e-08 5.0724007205e-08 0 0 -5.1365039886e-09 3.245904332e-11 7.2542515777e-11 6.2480194323e-11 
9.4990642136e-09 -3.0584297411e-08 -6.6518735634e-08 0 0 -5.1365039886e-09 0 0 -5.1365039886e-09 
0 0 -5.1365039886e-09 0 0 -5.1365039886e-09 0 0 -5.1365039886e-09 
8.8088753739e-11 7.7346234121e-10 -2.8447657909e-11 1.1450415621e-10 -3.276352193e-11 -2.8414480984e-10 -3.535543852e-11 -1.1923381676e-10 -5.0804427081e-10 
-5.6669777039e-11 -1.1914343264e-11 5.1053118186e-10 3.8928721293e-10 -5.4454824713e-11 -4.3495079159e-10 0 0 -5.1365039886e-09 
1.3322838926e-14 1.3327663625e-14 -1.4931765682e-13 -1.6281951915e-14 -1.5906059022e-14 -2.0837005473e-13 -2.8076461325e-10 -7.9605014692e-11 5.2152981871e-10 
-7.882721706e-08 5.641353284e-08 3.4651553753e-08 2.7105054312e-20 3.388131789e-20 5.0821976835e-21 1.1062190605e-09 3.0382304042e-10 -1.3561452821e-09 
-6.8345614677e-14 5.1395330049e-14 -2.7344270647e-13 0 0 -5.1365039886e-09 0 0 -5.1365039886e-09 
0 0 -5.1365039886e-09 0 0 -5.1365039886e-09 0 0 -5.1365039886e-09 
0 0 -5.1365039886e-09 0 0 -5.1365039886e-09 -1.1254191508e-07 -3.5730908239e-08 -4.5634678963e-08 
0 0 -5.1365039886e-09 1.2690888379e-12 2.1805475177e-12 -2.169509833e-10 -5.6886370803e-08 -3.5215217389e-08 8.8074698835e-09 
0 0 -5.1365039886e-09 2.0305846185e-07 7.7642733623e-07 2.3556612221e-07 -6.742710477e-08 -7.8395383742e-07 -2.3786082584e-07 
0 0 -5.1365039886e-09 -4.3934846269e-08 3.027557967e-07 -1.8388663266e-07 4.3934846269e-08 -3.027557967e-07 1.7361362469e-07 
-1.9438550281e-07 -1.5868080415e-07 -2.2637076974e-07 1.9438550281e-07 1.5868080415e-07 2.1609776177e-07 0 0 -5.1365039886e-09 
0 0 -5.1365039886e-09 0 0 -5.1365039886e-09 0 0 -5.1365039886e-09 
0 0 -5.1365039886e-09 0 0 -5.1365039886e-09 1.1254191508e-07 3.5730908239e-08 3.5361670986e-08 
1.0913579068e-15 3.8006070188e-14 1.7224830759e-10 2.5889519695e-11 -5.2629081309e-11 -6.9679630338e-11 1.1021081834e-11 -7.8081260641e-11 1.2563226116e-10 
-1.4978218224e-08 1.7855055257e-09 -4.0094229939e-09 -2.2835322699e-07 -6.8945956517e-08 2.2077886847e-10 0 0 -5.1365039886e-09 
0 0 -5.1365039886e-09 0 0 -5.1365039886e-09 0 0 -5.1365039886e-09 
0 0 -5.1365039886e-09 0 0 -5.1365039886e-09 0 0 -5.1365039886e-09 
0 0 -5.1365039886e-09 0 0 -5.1365039886e-09 0 0 -5.1365039886e-09 
-3.2111658225e-10 -4.0062672006e-10 -5.948726684e-10 -1.9600108908e-08 -4.6070578335e-08 2.9231103795e-08 -9.8278048026e-15 -3.6567970874e-15 -2.135163384e-15 
-1.0842021725e-19 5.4210108624e-20 -8.4703294725e-22 1.870068831e-12 -3.2765316068e-13 -1.2632500723e-09 6.1266741124e-11 4.5754854983e-11 -1.003770995e-09 
1.484177344e-12 -1.9647185354e-13 -1.5117058068e-09 0 0 -5.1365039886e-09 2.0430423795e-10 -2.3707673113e-11 2.7224749518e-10 
1.6162100355e-10 3.6121508155e-11 -6.0734317375e-10 0 0 -5.1365039886e-09 0 0 -5.1365039886e-09 
-1.5149693972e-12 1.0281205141e-12 1.2397831935e-10 6.6232702035e-11 -5.0345358037e-12 3.1368103463e-10 2.5228122204e-10 4.8993139786e-11 6.5271712246e-10 
0 0 -5.1365039886e-09 0 0 -5.1365039886e-09 8.1964116885e-08 -1.7052940763e-07 -7.8946673758e-08 
-6.3252545719e-09 1.1487067224e-08 1.3586255404e-08 4.9808256885e-09 -7.6703447521e-10 8.1324414494e-10 5.3418609735e-10 1.6114123611e-10 -1.3135742472e-09 
2.5818639761e-12 -4.0463784802e-12 -2.2746646451e-09 0 0 -5.1365039886e-09 0 0 -5.1365039886e-09 
0 0 -5.1365039886e-09 0 0 -5.1365039886e-09 0 0 -5.1365039886e-09 
0 0 -5.1365039886e-09 0 0 -5.1365039886e-09 0 0 -5.1365039886e-09 
0 0 -5.1365039886e-09 1.6139144671e-09 3.8294608091e-10 -3.1142923197e-09 1.1506203976e-14 -9.8898171011e-14 -6.6916839212e-12 
0 0 -5.1365039886e-09 0 0 -5.1365039886e-09 0 0 -5.1365039886e-09 
0 0 -5.1365039886e-09 0 0 -5.1365039886e-09 0 0 -5.1365039886e-09 
-6.4879482498e-07 2.4035051573e-08 -2.4372586229e-07 6.4879482498e-07 -2.4035051573e-08 2.3345285431e-07 0 0 -5.1365039886e-09 
0 0 -5.1365039886e-09 0 0 -5.1365039886e-09 0 0 -5.1365039886e-09 
0 0 -5.1365039886e-09 0 0 -5.1365039886e-09 0 0 -5.1365039886e-09 
0 0 -5.1365039886e-09 0 0 -5.1365039886e-09 -5.6433321286e-12 3.6181056984e-11 1.7725837498e-12 
-8.4413671506e-10 9.5311529548e-10 4.0939358773e-10 -8.5001450323e-17 -1.4609624274e-16 -3.1076211452e-14 -2.744761341e-13 -6.4385058699e-13 -2.3734297237e-10 
5.5803932357e-11 5.0706552753e-11 8.1677896339e-09 0 0 -5.1365039886e-09 0 0 -5.1365039886e-09 
0 0 -5.1365039886e-09 0 0 -5.1365039886e-09 0 0 -5.1365039886e-09 
0 0 -5.1365039886e-09 0 0 -5.1365039886e-09 0 0 -5.1365039886e-09 
0 0 -5.1365039886e-09 0 0 -5.1365039886e-09 0 0 -5.1365039886e-09 
0 0 -5.1365039886e-09 0 0 -5.1365039886e-09 2.934599632e-10 -5.1642468849e-10 -9.1533217726e-10 
-2.9783835042e-09 -4.3269130284e-09 8.8864747721e-10 8.7365011059e-16 1.7499023064e-16 2.5945927192e-13 -3.4001156599e-10 -3.149853696e-10 -9.4468893048e-10 
8.0124708951e-15 7.0397247059e-15 1.2698016602e-14 -6.9690082222e-10 1.0097416273e-10 1.636929417e-09 0 0 -5.1365039886e-09 
-1.0551580843e-11 -3.0319147258e-13 -1.0091535382e-10 2.6363177605e-10 -1.7872688635e-10 -4.7930924111e-10 -3.1772485107e-09 1.4378479134e-09 1.9656089311e-09 
-1.5188962447e-11 3.8582007597e-12 3.4606343888e-11 -6.0236839012e-10 -9.3528167958e-11 1.1645332813e-09 0 0 -5.1365039886e-09 
0 0 -5.1365039886e-09 -2.5838050102e-10 1.3029083595e-10 2.8014098746e-09 -2.6561867761e-10 -3.9602869654e-10 -6.0403427958e-10 
-6.0518933381e-10 5.0375759163e-10 -2.7697298526e-11 2.4611389315e-17 -8.1315162936e-20 3.2200739275e-14 0 0 -5.1365039886e-09 
0 0 -5.1365039886e-09 0 0 -5.1365039886e-09 0 0 -5.1365039886e-09 
-8.1964116885e-08 1.7052940763e-07 6.867366578e-08 0 0 -5.1365039886e-09 0 0 -5.1365039886e-09 
0 0 -5.1365039886e-09 0 0 -5.1365039886e-09 0 0 -5.1365039886e-09 
0 0 -5.1365039886e-09 6.0883821629e-10 9.8850640498e-10 -3.0669941359e-09 -8.4824771024e-08 -6.7687324441e-08 6.0840472328e-09 
0 0 -5.1365039886e-09 1.0807988785e-07 1.6605696356e-08 5.0665186302e-08 0 0 -5.1365039886e-09 
-2.5293144724e-07 4.7878352675e-08 1.4771785757e-07 0 0 -5.1365039886e-09 0 0 -5.1365039886e-09 
2.2110118035e-07 -2.64515318e-07 -6.2304794509e-07 0 0 -5.1365039886e-09 0 0 -5.1365039886e-09 
6.1938515328e-09 5.6357772635e-09 -3.4334594692e-09 0 0 -5.1365039886e-09 -1.5819316343e-12 -3.6488482591e-12 -5.6715982573e-10 
0 0 -5.1365039886e-09 0 0 -5.1365039886e-09 0 0 -5.1365039886e-09 
0 0 -5.1365039886e-09 0 0 -5.1365039886e-09 0 0 -5.1365039886e-09 
0 0 -5.1365039886e-09 0 0 -5.1365039886e-09 0 0 -5.1365039886e-09 
0 0 -5.1365039886e-09 0 0 -5.1365039886e-09 0 0 -5.1365039886e-09 
5.7397230571e-09 1.7137259553e-08 -8.0043484028e-09 1.9763921402e-15 -3.6228073493e-15 -1.1358745704e-14 2.454477447e-10 -1.9448890141e-09 -2.1530882458e-09 
6.3693830445e-10 3.9245893888e-10 -4.9681733881e-10 3.5519615135e-15 -4.079310674e-17 1.5901044932e-12 -3.6842188767e-10 -1.0671170881e-10 1.3680016188e-09 
-5.8643006087e-12 1.9176452418e-12 1.1601967036e-10 1.0948816628e-11 1.2922074977e-12 2.3856648827e-10 0 0 -5.1365039886e-09 
7.2230509226e-11 -3.897912551e-11 9.4412931357e-10 5.8045551581e-08 -7.3187955069e-08 2.3660418067e-07 0 0 -5.1365039886e-09 
4.6433189872e-09 -1.8044334901e-09 -9.0621303775e-08 -3.3722735365e-12 1.0902223338e-12 9.5388237578e-13 -1.2157352826e-09 -4.0166213447e-09 4.5436438686e-09 
-8.5448683719e-18 -2.5478751053e-18 -2.4972225351e-17 2.4152604091e-11 -1.3549968439e-12 -2.1810921475e-09 0 0 -5.1365039886e-09 
-5.5997409238e-11 -5.6680020161e-11 -6.8188983878e-11 -2.955426702e-15 -2.1275299231e-15 1.0583860873e-12 -9.3020830771e-11 -3.3171590935e-11 2.0803162821e-10 
1.0082261631e-13 -3.5177448994e-12 -4.2978871342e-11 -4.3750127219e-13 6.9006080418e-12 -1.510532834e-12 0 0 -5.1365039886e-09 
5.0554656158e-07 -1.2719076058e-06 -7.3196783459e-07 -5.0554656158e-07 1.2719076058e-06 7.2169482661e-07 -1.2999475266e-08 4.2969548255e-08 -4.7382449438e-08 
0 0 -5.1365039886e-09 0 0 -5.1365039886e-09 0 0 -5.1365039886e-09 
0 0 -5.1365039886e-09 0 0 -5.1365039886e-09 0 0 -5.1365039886e-09 
0 0 -5.1365039886e-09 -4.3828789014e-11 -4.4386606315e-11 3.7005302025e-10 -7.1915477337e-09 -2.6693030835e-08 1.2789882859e-09 
-2.0708261494e-17 2.48783741e-16 2.8327005006e-14 0 0 -5.1365039886e-09 0 0 -5.1365039886e-09 
0 0 -5.1365039886e-09 0 0 -5.1365039886e-09 0 0 -5.1365039886e-09 
0 0 -5.1365039886e-09 3.1830266889e-08 2.1663696533e-07 4.5992057556e-07 0 0 -5.1365039886e-09 
0 0 -5.1365039886e-09 6.4258645192e-08 6.6399405739e-09 -5.1904084256e-09 0 0 -5.1365039886e-09 
0 0 -5.1365039886e-09 0 0 -5.1365039886e-09 0 0 -5.1365039886e-09 
-4.1769312211e-20 1.6035392483e-19 -4.3569257224e-20 -3.9641141932e-19 1.0503208546e-19 7.8223492679e-19 0 0 -5.1365039886e-09 
0 0 -5.1365039886e-09 0 -3.388131789e-20 -2.6469779602e-23 -3.4375052446e-11 -4.2951771859e-11 -7.2259232301e-11 
0 0 -5.1365039886e-09 0 0 -5.1365039886e-09 0 0 -5.1365039886e-09 
0 0 -5.1365039886e-09 0 0 -5.1365039886e-09 -1.9727358934e-07 -7.0470727191e-07 1.0689426389e-07 
0 0 -5.1365039886e-09 9.2734873235e-09 -1.1756125641e-07 2.0624921233e-07 0 0 -5.1365039886e-09 
0 0 -5.1365039886e-09 0 0 -5.1365039886e-09 0 0 -5.1365039886e-09 
1.1039156243e-11 -2.8957099758e-10 1.3815244558e-09 2.230821864e-14 -2.5343008941e-14 -5.1310016891e-14 -1.6945013752e-11 4.110450874e-10 7.9183190537e-11 
4.7585983998e-10 -4.2830350204e-10 -2.8493884331e-09 -1.2623183748e-12 -4.6385616702e-13 -4.310949701e-10 1.8800010202e-07 8.2226852832e-07 -3.2855298818e-07 
4.0097148217e-12 4.3043314139e-14 9.097193346e-10 1.8413241919e-11 -4.270151832e-12 -1.9320936803e-10 -8.3626108345e-11 4.2917683527e-11 -9.7927651372e-10 
0 0 -5.1365039886e-09 2.8549245487e-18 1.4643611471e-18 1.3233817775e-17 1.6005727272e-10 -1.919180564e-10 1.7083765087e-10 
4.6202814686e-11 7.6127548818e-12 -1.0649279064e-11 -1.1229831583e-10 -5.2660030199e-12 3.9552896433e-11 0 0 -5.1365039886e-09 
4.1147978091e-11 4.6654556086e-11 2.6268362464e-10 0 0 -5.1365039886e-09 -4.080860812e-10 7.8682142501e-10 -8.4643676276e-10 
0 0 -5.1365039886e-09 0 0 -5.1365039886e-09 1.2999475266e-08 -4.2969548255e-08 3.710944146e-08 
0 0 -5.1365039886e-09 0 0 -5.1365039886e-09 0 0 -5.1365039886e-09 
0 0 -5.1365039886e-09 0 0 -5.1365039886e-09 0 0 -5.1365039886e-09 
0 0 -5.1365039886e-09 9.098164984e-11 8.7402541693e-11 3.5631779845e-10 0 0 -8.4703294725e-22 
3.9533191331e-10 5.7169122745e-10 9.5477142091e-10 -1.1484094734e-09 -3.449650214e-09 -3.3977281181e-09 0 0 -5.1365039886e-09 
0 0 -5.1365039886e-09 0 0 -5.1365039886e-09 -6.4258645192e-08 -6.6399405739e-09 -5.0825995516e-09 
0 0 -5.1365039886e-09 -1.0103538766e-07 2.3037801133e-07 -1.4229686664e-07 -1.7747408521e-07 5.0663376123e-08 -9.8618068524e-08 
0 0 -5.1365039886e-09 0 0 -5.1365039886e-09 0 0 -5.1365039886e-09 
1.7747408521e-07 -5.0663376123e-08 8.8345060547e-08 0 0 -5.1365039886e-09 1.5607039763e-11 2.0501926085e-11 -3.881489276e-11 
-1.259069093e-10 -3.9048777691e-10 3.0290411314e-10 0 0 -5.1365039886e-09 0 0 -5.1365039886e-09 
-7.6804697414e-10 -8.6576629551e-10 2.2480563838e-09 -5.2318609442e-08 1.2248026571e-07 -8.1679201905e-08 -3.0262271485e-10 -8.2628265578e-10 1.0236750375e-09 
0 0 -5.1365039886e-09 0 0 -5.1365039886e-09 0 0 -5.1365039886e-09 
0 0 -5.1365039886e-09 0 0 -5.1365039886e-09 -1.4556419882e-07 -4.8138644421e-08 -3.6338869059e-07 
0 0 -5.1365039886e-09 0 0 -5.1365039886e-09 0 0 -5.1365039886e-09 
0 0 -5.1365039886e-09 -5.2395812401e-10 -1.6610284263e-10 -1.6480363819e-10 -4.3904818285e-11 9.2004893829e-12 -1.0816039457e-09 
-4.2699227446e-10 1.9738610583e-10 1.4115395694e-09 6.0706401603e-11 4.3086880526e-11 -7.0314968393e-10 6.776263578e-21 1.3552527156e-20 -1.5881867761e-22 
2.0536614233e-10 -7.0400625921e-11 -5.5198074235e-10 0 0 -5.1365039886e-09 -1.4348512434e-10 3.0707827665e-11 -8.889968201e-10 
1.2429684018e-13 -1.1926234739e-13 -5.4423092671e-12 -1.07475579e-13 6.8528136724e-14 -1.5944148874e-11 1.2084867449e-11 -5.0800650579e-12 -3.3009190601e-09 
4.6578517952e-14 -9.0528712998e-15 2.5822528735e-10 -2.3781979278e-10 -2.7663875693e-11 -3.2438263088e-10 5.1810461981e-12 -8.5806304011e-12 -8.3773633358e-11 
4.4900790009e-11 1.0158905943e-11 -7.5024654713e-11 -2.8885766442e-09 -2.8939178503e-09 3.4808564073e-09 -1.0882100614e-09 3.2129586069e-10 -1.0061256576e-09 
-7.2784011023e-11 -9.4100036204e-10 3.8143291584e-10 0 0 -5.1365039886e-09 1.0103538766e-07 -2.3037801133e-07 1.3202385866e-07 
0 0 -5.1365039886e-09 -4.4771871323e-07 -4.0606146443e-07 -2.848835522e-07 0 0 -5.1365039886e-09 
0 0 -5.1365039886e-09 0 0 -5.1365039886e-09 0 0 -5.1365039886e-09 
0 0 -5.1365039886e-09 8.9011883657e-07 -3.1855416465e-07 -3.7927645455e-07 -5.3485186676e-07 -2.5453653843e-07 5.3232882144e-07 
-5.1272803023e-09 4.2750071134e-09 -1.3894050908e-10 6.0514548559e-12 1.0270993664e-11 4.7628656884e-08 -7.0619866292e-13 -1.8719269671e-11 -4.6167724959e-11 
-8.1317591183e-09 -2.1577676939e-09 -5.5938806536e-09 0 0 -5.1365039886e-09 0 0 -5.1365039886e-09 
0 0 -5.1365039886e-09 0 0 -5.1365039886e-09 0 0 -5.1365039886e-09 
0 0 -5.1365039886e-09 0 0 -5.1365039886e-09 0 0 -5.1365039886e-09 
0 0 -5.1365039886e-09 0 0 -5.1365039886e-09 0 0 -5.1365039886e-09 
1.4866178085e-07 4.3906473869e-07 -6.8418837317e-07 0 0 -5.1365039886e-09 -1.2478861445e-10 -3.2006672753e-10 -2.3385172037e-11 
-1.67186822e-10 -4.3103462474e-10 3.6347591853e-10 2.352173019e-08 -1.7548584914e-08 -1.1000414151e-09 0 0 -5.1365039886e-09 
0 0 -5.1365039886e-09 -1.7949184831e-10 -1.4932937447e-10 3.6852788372e-09 2.9801654189e-10 1.0377245208e-09 1.1723027284e-09 
-1.183349788e-06 9.01101084e-09 -7.2925526394e-07 0 0 -5.1365039886e-09 1.183349788e-06 -9.01101084e-09 7.1898225596e-07 
0 0 -5.1365039886e-09 0 0 -5.1365039886e-09 0 0 -5.1365039886e-09 
0 0 -5.1365039886e-09 0 0 -5.1365039886e-09 0 0 -5.1365039886e-09 
0 0 -5.1365039886e-09 -2.352173019e-08 1.7548584914e-08 -9.1729665621e-09 0 0 -5.1365039886e-09 
0 0 -5.1365039886e-09 1.266131297e-15 -1.479231234e-15 -5.3801093355e-15 -1.7512641492e-10 1.417935559e-10 -1.2597539109e-10 
2.4969941605e-10 1.1278655572e-10 2.4961653587e-10 -1.1210425999e-09 -5.8291827908e-10 2.267375663e-08 -2.5815264078e-08 -2.2023414738e-08 3.4254923272e-08 
1.4556419882e-07 4.8138644421e-08 3.5311568262e-07 -1.9574562626e-09 5.8250561818e-11 -4.1777484686e-09 -3.6746713495e-09 5.7586013786e-09 -3.2558176578e-09 
4.1219089188e-10 -1.4091045951e-09 -7.1688913682e-10 9.9825815194e-08 -1.2230936086e-07 -5.9947187503e-08 0 0 -5.1365039886e-09 
-1.3180908754e-11 -1.3122871533e-10 7.8733491611e-10 4.0838545653e-13 4.052416497e-13 4.0383221737e-13 1.2812484878e-08 2.2998943677e-08 1.8847631591e-08 
0 0 -5.1365039886e-09 0 0 -5.1365039886e-09 0 0 -5.1365039886e-09 
0 0 -5.1365039886e-09 0 0 -5.1365039886e-09 0 0 -5.1365039886e-09 
0 0 -5.1365039886e-09 0 0 -5.1365039886e-09 -2.4833331817e-07 -2.8535363331e-07 6.4268507333e-08 
0 0 -5.1365039886e-09 0 0 -5.1365039886e-09 0 0 -5.1365039886e-09 
0 0 -5.1365039886e-09 -1.0842021725e-19 5.4210108624e-20 -1.1382005229e-20 1.8321955549e-08 1.6416587464e-09 2.3495600431e-08 
-2.5879255336e-13 2.6579825758e-11 -7.7833830186e-11 1.5760911331e-08 6.7762406998e-09 -4.1270555003e-09 0 0 -5.1365039886e-09 
0 0 -5.1365039886e-09 0 0 -5.1365039886e-09 0 0 -5.1365039886e-09 
4.4771871323e-07 4.0606146443e-07 2.7461054422e-07 0 0 -5.1365039886e-09 0 0 -5.1365039886e-09 
0 0 -5.1365039886e-09 0 0 -5.1365039886e-09 0 0 -5.1365039886e-09 
-5.0392875066e-07 1.340259644e-07 5.1058999032e-07 0 0 -5.1365039886e-09 0 0 -5.1365039886e-09 
0 0 -5.1365039886e-09 1.219727444e-19 6.776263578e-20 1.794651057e-20 -1.250542151e-09 1.0539534581e-09 3.3147847285e-10 
6.0705440891e-11 -7.0061199472e-10 2.3241553897e-09 5.3662881723e-10 8.0799469464e-10 -1.3694455335e-09 -1.4298465472e-10 2.2963656953e-10 5.7766975876e-09 
0 0 -5.1365039886e-09 0 0 -5.1365039886e-09 0 0 -5.1365039886e-09 
0 0 -5.1365039886e-09 -1.5129492597e-07 -4.178945271e-07 1.3752546867e-07 0 0 -5.1365039886e-09 
-3.4234256564e-08 -8.7968867507e-07 -4.1892813261e-08 0 0 -5.1365039886e-09 0 0 -5.1365039886e-09 
0 0 -5.1365039886e-09 0 0 -5.1365039886e-09 -2.6273803283e-12 5.3077323623e-12 -4.3216761821e-12 
1.2960628051e-08 -1.9304414036e-09 2.5568439469e-09 -1.1476096122e-11 -2.0438262336e-11 -1.2147876541e-10 -3.8813165464e-12 -6.0480324091e-12 1.1771723566e-11 
6.7252936076e-12 9.3436727539e-13 -4.4821376618e-11 -5.6743048262e-11 -1.1647943894e-12 -8.0111649751e-11 0 0 -5.1365039886e-09 
3.4234256564e-08 8.7968867507e-07 3.1619805283e-08 4.19033637e-11 -1.7182494685e-11 3.3884548287e-09 4.3664016542e-09 -5.9258926063e-09 -9.0042424081e-09 
-2.6657105586e-11 2.1779197312e-11 4.9453115637e-11 1.880640106e-10 -1.2093148768e-11 -1.5518872354e-10 1.4098434369e-08 -6.5374404958e-09 1.0696084304e-08 
-1.0009957846e-07 1.2329175956e-07 5.360342757e-08 -1.0845779114e-10 -6.2922366753e-11 -3.607202442e-10 -8.6723115939e-14 -4.5587177696e-14 -1.9741992436e-11 
-6.9784454572e-08 -8.3900193389e-08 -1.4918146921e-08 -1.5203532304e-08 4.0013216612e-09 -3.1013205006e-09 -7.1902617324e-12 1.9160781902e-11 5.6185069908e-09 
0 0 -5.1365039886e-09 0 0 -5.1365039886e-09 0 0 -5.1365039886e-09 
0 0 -5.1365039886e-09 0 0 -5.1365039886e-09 0 0 -5.1365039886e-09 
0 0 -5.1365039886e-09 0 0 -5.1365039886e-09 0 0 -5.1365039886e-09 
0 0 -5.1365039886e-09 4.135508075e-08 -4.258435358e-08 1.962496975e-08 -5.9442675832e-16 -3.0522324035e-16 -2.028871337e-15 
-1.3994312436e-12 1.9354619654e-11 1.1683159912e-10 0 0 -5.1365039886e-09 0 0 -5.1365039886e-09 
0 0 -5.1365039886e-09 0 0 -5.1365039886e-09 0 0 -5.1365039886e-09 
0 0 -5.1365039886e-09 0 0 -5.1365039886e-09 2.4833331817e-07 2.8535363331e-07 -7.454151531e-08 
1.5036515857e-07 1.5102154775e-07 -1.2434686214e-07 -1.5036515857e-07 -1.5102154775e-07 1.1407385417e-07 0 0 -5.1365039886e-09 
0 0 -5.1365039886e-09 0 0 -5.1365039886e-09 0 0 -5.1365039886e-09 
0 0 -5.1365039886e-09 2.0176828518e-07 1.0098659735e-07 -2.4181015469e-07 0 0 -5.1365039886e-09 
0 0 -5.1365039886e-09 0 0 -5.1365039886e-09 4.803030295e-10 6.1177190283e-10 9.6384927571e-10 
-1.6554345509e-09 2.6431325754e-09 1.6401950806e-09 -3.2994409375e-10 -3.2422804076e-10 -5.5299916941e-10 0 0 -5.1365039886e-09 
-1.3183501909e-07 -2.6176875248e-07 3.6676429041e-07 0 0 -5.1365039886e-09 0 0 -5.1365039886e-09 
0 0 -5.1365039886e-09 0 0 -5.1365039886e-09 0 0 -5.1365039886e-09 
0 0 -5.1365039886e-09 -1.4894369043e-10 1.1977942701e-09 1.5918371518e-09 -8.7851009562e-11 4.3400797534e-10 3.6766838155e-11 
-2.1168387258e-10 -5.4651295598e-10 -9.8394320136e-10 -3.1572304081e-10 -3.2249583852e-10 -4.302945191e-10 -2.9244016063e-11 9.1163654316e-13 -3.0330931107e-10 
0 0 -5.1365039886e-09 1.3183501909e-07 2.6176875248e-07 -3.7703729839e-07 8.0709716264e-11 -1.6011742713e-12 1.1096230653e-10 
-4.0791391247e-11 3.0261397229e-12 -2.9271911487e-11 -2.0036546343e-08 2.7507909472e-08 7.5360486647e-08 5.3518252113e-16 -1.6805133674e-16 2.0257207342e-13 
1.1624482949e-08 -1.4605986527e-08 9.1561519253e-08 4.9794157852e-10 -2.1526777422e-09 1.1651066013e-08 2.9935042625e-09 3.7107010151e-08 1.2242407568e-08 
6.8394086022e-11 2.9377279721e-10 1.61891282e-09 -6.0535712235e-10 5.0025769616e-10 -1.1560606737e-09 8.9367140093e-10 -1.8262288036e-10 -1.8672763262e-09 
-1.0637321056e-09 -1.4147361451e-11 -5.9684715713e-10 0 0 -5.1365039886e-09 0 0 -5.1365039886e-09 
-2.0040121849e-10 -8.6064116039e-11 -1.5414057695e-09 -5.8189943749e-15 -2.1648264778e-15 -7.2775092159e-14 -1.6166069252e-07 1.3555102029e-07 7.2244807078e-08 
-8.9903543016e-09 -6.3299000654e-09 1.963858672e-08 5.4754920216e-16 1.0920456976e-16 -1.1462117005e-12 0 0 -5.1365039886e-09 
0 0 -5.1365039886e-09 0 0 -5.1365039886e-09 0 0 -5.1365039886e-09 
0 0 -5.1365039886e-09 0 0 -5.1365039886e-09 -3.2550715712e-07 3.4080983281e-07 9.4846486032e-08 
7.7458911539e-08 1.3598560623e-07 -1.626858255e-07 -1.8556326221e-07 4.8670727257e-08 3.3658649306e-08 -1.2801795058e-08 -9.2536089626e-09 -9.23526315e-09 
8.9105296492e-13 -5.7500995339e-12 -4.8144401809e-12 -1.5507891922e-08 -2.7849056251e-08 -1.1706338516e-08 0 0 -5.1365039886e-09 
-2.3196962341e-08 1.0233384569e-08 -9.640482252e-08 0 0 -5.1365039886e-09 2.3196962341e-08 -1.0233384569e-08 8.6131814543e-08 
0 0 -5.1365039886e-09 0 0 -5.1365039886e-09 0 0 -5.1365039886e-09 
0 0 -5.1365039886e-09 0 0 -5.1365039886e-09 0 0 -5.1365039886e-09 
0 0 -5.1365039886e-09 -1.0412070576e-10 1.3743190235e-10 -3.610022792e-09 -2.4053122156e-07 -1.1992836496e-07 2.886052639e-07 
0 0 -5.1365039886e-09 1.0240820778e-13 1.203488806e-13 2.0214005786e-11 -3.6127250432e-09 -7.8436846382e-09 2.1429582618e-08 
0 0 -5.1365039886e-09 0 0 -5.1365039886e-09 0 0 -5.1365039886e-09 
0 0 -5.1365039886e-09 0 0 -5.1365039886e-09 0 0 -5.1365039886e-09 
0 0 -5.1365039886e-09 0 0 -5.1365039886e-09 0 0 -5.1365039886e-09 
0 0 -5.1365039886e-09 0 0 -5.1365039886e-09 0 0 -5.1365039886e-09 
-4.1691370245e-10 1.1432161584e-09 -7.984243576e-09 -2.3154688031e-09 -1.2760530534e-09 1.0806212319e-10 4.3948556274e-10 5.5347750645e-10 -6.3098150074e-10 
2.0364030842e-09 -4.8563045774e-09 -1.979744776e-09 0 0 -5.1365039886e-09 0 -5.4210108624e-20 1.5246593051e-20 
-6.4445654759e-17 8.4642138947e-16 -1.0396949905e-12 -8.0876630263e-14 5.1082727458e-15 2.558115632e-13 -8.1898353225e-11 7.9553731983e-11 -3.0561274414e-10 
2.9843725964e-09 3.0824954573e-09 7.3401214634e-09 -1.6484421326e-10 5.5553240317e-10 -2.5135982325e-11 0 0 -5.1365039886e-09 
1.7405723947e-08 6.3032239636e-08 3.3126906764e-08 0 0 -5.1365039886e-09 1.0239802875e-11 -1.2339481325e-11 3.675571951e-11 
-3.4545180047e-09 1.9068949971e-09 -2.3032292217e-09 2.7978696833e-12 -5.4476951277e-12 -2.1838253722e-09 0 0 -5.1365039886e-09 
0 0 -5.1365039886e-09 0 0 -5.1365039886e-09 0 0 -5.1365039886e-09 
-7.7458911539e-08 -1.3598560623e-07 1.5241281752e-07 0 0 -5.1365039886e-09 0 0 -5.1365039886e-09 
0 0 -5.1365039886e-09 0 0 -5.1365039886e-09 0 0 -5.1365039886e-09 
-1.7156414635e-11 5.0516247137e-11 2.8691460062e-11 -7.8735293784e-11 -1.4933071809e-10 1.9373968067e-10 7.7968845066e-08 -9.9676365551e-09 4.0061993539e-08 
-4.3658327821e-13 2.9315576049e-12 -1.2169065975e-11 0 0 -5.1365039886e-09 0 0 -5.1365039886e-09 
0 0 -5.1365039886e-09 0 0 -5.1365039886e-09 0 0 -5.1365039886e-09 
0 0 -5.1365039886e-09 0 0 -5.1365039886e-09 0 0 -5.1365039886e-09 
-1.1060821652e-06 1.2332204005e-06 -1.2530705782e-07 1.1060821652e-06 -1.2332204005e-06 1.1503404984e-07 0 0 -5.1365039886e-09 
0 0 -5.1365039886e-09 -1.9854452284e-18 9.7578195524e-19 -6.4312860708e-10 -3.2442212946e-10 -3.0857311527e-10 9.8281570504e-09 
0 0 -5.1365039886e-09 -6.262250538e-12 -3.0448706978e-12 1.3482820103e-08 9.7867192865e-12 2.8381043717e-12 2.4839132894e-10 
0 0 -5.1365039886e-09 0 0 -5.1365039886e-09 0 0 -5.1365039886e-09 
0 0 -5.1365039886e-09 0 0 -5.1365039886e-09 0 0 -5.1365039886e-09 
0 0 -5.1365039886e-09 0 0 -5.1365039886e-09 0 0 -5.1365039886e-09 
0 0 -5.1365039886e-09 0 0 -5.1365039886e-09 0 0 -5.1365039886e-09 
0 0 -5.1365039886e-09 0 0 -5.1365039886e-09 5.3447778972e-19 8.3110872785e-18 6.5136833644e-19 
-1.7157613438e-11 -5.9361710426e-12 1.6521741418e-10 -1.1810462459e-09 -1.0647510117e-09 3.2403922432e-09 -2.8773241385e-11 -2.8373071254e-11 3.9368336891e-08 
-1.0523101268e-10 3.1502822443e-10 -2.7614578865e-10 2.1853123491e-12 -1.0984274471e-13 1.3330217118e-11 -8.1375772548e-13 1.3925899279e-14 -3.4898599598e-12 
-1.2095630487e-18 -7.5623101531e-18 1.9396546272e-16 7.9370138391e-12 -7.3517663311e-12 9.645204462e-12 -1.3995127062e-10 6.2045181167e-11 -7.5897709593e-10 
-9.7578195524e-19 -1.5178830415e-18 -9.3654520536e-17 -1.3552527156e-20 0 -6.776263578e-21 0 0 -5.1365039886e-09 
-2.4808016156e-14 -1.6396389454e-14 -1.0987919423e-13 -7.2121386012e-14 -4.2130953775e-14 -1.0693657446e-13 5.3638273293e-12 -4.9218842164e-12 7.8244138831e-10 
-2.7105054312e-20 -3.7269449679e-20 -5.4845383335e-20 0 0 -5.1365039886e-09 0 0 -5.1365039886e-09 
0 0 -5.1365039886e-09 0 0 -5.1365039886e-09 0 0 -5.1365039886e-09 
0 0 -5.1365039886e-09 0 0 -5.1365039886e-09 0 0 -5.1365039886e-09 
0 0 -5.1365039886e-09 0 0 -5.1365039886e-09 0 0 -5.1365039886e-09 
-4.0657581468e-20 -2.7105054312e-20 -5.717472394e-20 -8.130198988e-13 1.1870691333e-12 -1.0850962252e-11 9.0496948992e-12 7.4089885473e-10 -1.1092033522e-09 
5.9592701867e-12 3.5501368501e-11 -7.638949967e-10 0 0 -5.1365039886e-09 0 0 -5.1365039886e-09 
0 0 -5.1365039886e-09 -7.8706525715e-07 -3.3232116996e-07 2.8988614969e-07 0 0 -5.1365039886e-09 
0 0 -5.1365039886e-09 0 0 -5.1365039886e-09 0 0 -5.1365039886e-09 
7.8706525715e-07 3.3232116996e-07 -3.0015915767e-07 0 0 -5.1365039886e-09 0 0 -5.1365039886e-09 
-2.3872596608e-12 1.7244431523e-12 1.553433185e-11 -6.6888073964e-10 3.3042273348e-09 -5.7001305614e-09 0 0 -5.1365039886e-09 
7.1773993406e-13 3.9371800362e-13 2.2461032994e-12 9.3993129252e-12 1.382893252e-11 1.1983912594e-11 0 0 -5.1365039886e-09 
0 0 -5.1365039886e-09 0 0 -5.1365039886e-09 1.2402932031e-08 1.0838509922e-07 -1.6422858697e-07 
0 0 -5.1365039886e-09 0 0 -5.1365039886e-09 0 0 -5.1365039886e-09 
0 0 -5.1365039886e-09 0 0 -5.1365039886e-09 0 0 -5.1365039886e-09 
5.5294310797e-18 4.5536491244e-18 -1.6017393033e-18 -3.927115794e-15 3.5112022881e-15 -5.499117706e-13 0 2.7105054312e-20 1.2718729099e-20 
1.1628973609e-13 4.7355186179e-14 2.6034287946e-13 -1.8961359197e-09 -6.4324712743e-09 -2.3196526703e-09 3.3675618281e-10 2.9678785876e-09 -3.5349483835e-09 
-6.2225030223e-12 9.7399150377e-13 3.1240455135e-12 0 0 -5.1365039886e-09 0 0 -5.1365039886e-09 
2.7105054312e-20 1.3552527156e-19 -1.0587911841e-22 -3.1025034701e-13 7.951117656e-13 2.4843942165e-10 0 0 -5.1365039886e-09 
-3.255617889e-13 2.8670571776e-13 3.3824333037e-12 0 0 0 6.4285621097e-13 -5.9011665996e-13 -1.5874351326e-12 
-2.3716922523e-20 8.1315162936e-20 -3.7269449679e-20 4.4559774165e-14 9.9998676874e-16 -7.6742698669e-14 -1.96132173e-15 6.4038401318e-16 9.4887020655e-14 
1.0272765711e-12 -2.3457951619e-12 1.6012851344e-12 1.077946326e-13 -2.5639887891e-13 6.9915023936e-11 0 0 -5.1365039886e-09 
0 0 -5.1365039886e-09 0 0 -5.1365039886e-09 0 0 -5.1365039886e-09 
0 0 -5.1365039886e-09 -8.842900528e-07 -2.1807087327e-06 -5.5742413937e-07 0 0 -5.1365039886e-09 
0 0 -5.1365039886e-09 0 0 -5.1365039886e-09 1.6263032587e-19 -8.1315162936e-20 -1.6940658945e-20 
2.7105054312e-20 -2.7105054312e-20 1.219727444e-19 -1.5759149628e-14 2.1828906412e-14 -4.618606988e-11 1.1080220942e-13 -2.2906513925e-13 1.2051348434e-12 
2.9273458657e-18 3.2255014631e-18 -1.5670109524e-18 0 0 -5.1365039886e-09 0 0 -5.1365039886e-09 
0 0 -5.1365039886e-09 0 0 -5.1365039886e-09 0 0 -5.1365039886e-09 
0 0 -5.1365039886e-09 0 0 -5.1365039886e-09 0 0 -5.1365039886e-09 
0 0 -5.1365039886e-09 0 0 -5.1365039886e-09 0 0 -5.1365039886e-09 
0 0 -5.1365039886e-09 -1.4515697943e-12 2.8997588713e-11 3.4737249103e-11 6.5052130349e-18 7.4538899358e-19 -9.8061004304e-18 
-6.6396088931e-12 -7.6858092373e-12 -1.1851753443e-11 3.4905643913e-12 1.1056626534e-12 3.7329105159e-12 -1.2402932031e-08 -1.0838509922e-07 1.5395557899e-07 
0 0 -5.1365039886e-09 0 0 -5.1365039886e-09 0 0 -5.1365039886e-09 
0 0 -5.1365039886e-09 0 0 -5.1365039886e-09 0 0 -5.1365039886e-09 
4.4024578904e-12 -2.9191783268e-12 6.5823901149e-11 -6.5065061628e-12 9.5769878573e-12 -9.5013941056e-10 -1.7316050395e-13 -7.7251302143e-14 1.1756977905e-13 
-4.932091248e-14 1.2185727687e-14 -6.6151109419e-12 -2.5749801597e-18 9.2157184661e-18 3.482046567e-18 -9.3137303425e-15 3.3538710004e-15 3.3675109413e-14 
-1.0476025429e-12 -5.8881903259e-13 3.6491610769e-13 0 -1.0842021725e-19 1.0587911841e-22 1.1242971343e-12 6.2535561582e-13 -2.6257291612e-12 
6.776263578e-21 0 -5.0821976835e-21 5.4210108624e-20 5.4210108624e-20 -3.388131789e-21 -1.0173811663e-13 -8.3421117236e-14 -4.1340615284e-14 
8.2128314566e-18 3.2526065175e-19 -8.654982655e-17 -1.4209206728e-13 1.1348927711e-12 1.4808182621e-12 -1.6547556511e-12 4.0696889218e-13 1.9507972288e-12 
0 0 -5.1365039886e-09 0 0 -5.1365039886e-09 0 0 -5.1365039886e-09 
1.5751668633e-14 3.6270113432e-14 -1.4309677033e-13 -6.0444271116e-18 2.1650162132e-18 4.0657581468e-19 0 2.0328790734e-20 -7.9409338805e-23 
0 0 -5.1365039886e-09 0 0 -5.1365039886e-09 0 0 -5.1365039886e-09 
8.842900528e-07 2.1807087327e-06 5.4715113139e-07 0 0 -5.1365039886e-09 0 0 -5.1365039886e-09 
0 0 -5.1365039886e-09 0 0 -5.1365039886e-09 0 0 -2.5410988418e-21 
9.754645995e-11 6.4346051241e-10 -1.3295424197e-08 -2.7105054312e-20 5.4210108624e-20 1.3552527156e-20 1.0842021725e-19 -5.4210108624e-20 6.6915602833e-20 
-6.5896135391e-11 -6.9282856579e-11 -1.1335941322e-10 5.2857812528e-12 1.943437761e-12 -5.2390014505e-10 0 0 -5.1365039886e-09 
0 0 -5.1365039886e-09 0 0 -5.1365039886e-09 0 0 -5.1365039886e-09 
0 0 -5.1365039886e-09 9.682283187e-14 -1.1427333689e-13 2.5489628278e-11 -1.3552527156e-20 4.0657581468e-20 -3.0493186101e-20 
-8.104731079e-12 -2.4476846331e-12 7.0974099048e-11 7.9539071727e-12 2.3672046311e-12 7.0018743811e-11 0 0 -5.1365039886e-09 
-6.1704656142e-17 -1.2113248772e-16 -2.1635930072e-13 5.4210108624e-20 1.6263032587e-19 -2.1175823681e-22 3.2909601693e-16 -3.5754277143e-16 1.931493883e-14 
9.261580218e-15 -3.7897202737e-15 3.3408766679e-14 -1.7141599744e-10 -2.1959448984e-10 5.6711401686e-10 -2.7105054312e-20 0 -2.3293406049e-21 
-2.7105054312e-20 0 6.776263578e-21 2.0328790734e-20 -5.4210108624e-20 3.388131789e-21 5.0883586624e-14 1.9496015045e-14 8.6526824735e-14 
5.4210108624e-20 0 -3.388131789e-21 2.7105054312e-20 1.3552527156e-20 1.863472484e-20 0 0 -5.1365039886e-09 
3.4369208868e-17 1.8431436932e-17 -1.1225558243e-16 -1.0842021725e-19 -1.2281977735e-19 -1.6940658945e-20 0 0 1.0164395367e-20 
0 0 -5.1365039886e-09 0 0 -5.1365039886e-09 0 0 -5.1365039886e-09 
0 0 -5.1365039886e-09 0 -4.0657581468e-20 2.1175823681e-22 -4.0413216718e-11 -1.0436442818e-10 -7.5174293637e-10 
5.951203278e-11 6.7320380444e-11 3.6862471295e-10 0 1.3552527156e-20 2.1175823681e-22 0 2.7105054312e-20 -4.2351647363e-21 
-1.3552527156e-20 -2.7105054312e-20 2.0328790734e-20 0 0 1.0164395367e-20 4.2825985813e-18 -1.0028870095e-18 -1.9264917352e-17 
-3.5778671692e-18 -3.2526065175e-19 -8.270429697e-18 -9.3512437377e-19 -8.2941466195e-18 -1.8499199568e-18 1.3350588853e-10 2.4724661093e-10 6.2959750361e-10 
3.8242239236e-13 -1.3740538655e-13 -2.015109727e-10 -3.4635196187e-13 3.7042797215e-13 -3.5976879274e-12 3.388131789e-20 -1.0164395367e-20 4.1081097942e-20 
3.0493186101e-20 -5.4210108624e-20 -1.4108392528e-20 1.9505165712e-13 -2.5875357629e-13 -2.2830428632e-12 0 -5.4210108624e-20 1.1858461262e-20 
0 5.4210108624e-20 2.3293406049e-21 0 1.0842021725e-19 4.2351647363e-22 5.4210108624e-20 -1.3552527156e-20 -1.5246593051e-20 
-5.4210108624e-20 1.0842021725e-19 1.0164395367e-20 1.0842021725e-19 5.4210108624e-20 -1.4823076577e-20 8.6820877094e-20 1.9481757787e-20 -4.2881042955e-21 
0 0 -5.1365039886e-09 -1.6940658945e-20 5.0821976835e-20 -1.3552527156e-20 1.0842021725e-19 3.388131789e-21 -2.5410988418e-21 
0 2.7105054312e-20 -1.0164395367e-20 0 -1.3552527156e-20 3.388131789e-20 -1.4907779872e-19 -4.0657581468e-20 1.6940658945e-20 
0 0 2.6469779602e-23 1.015572175e-15 8.9349101035e-16 -3.4396104779e-13 0 -1.3552527156e-20 -8.4703294725e-22 
0 0 -5.1365039886e-09 1.0164395367e-20 -3.2187251996e-20 -1.0587911841e-22 0 8.1315162936e-20 -5.4210108624e-20 
0 1.0842021725e-19 -2.9646153154e-21 -2.7105054312e-20 5.4210108624e-20 3.388131789e-21 -5.4210108624e-20 0 -6.1409888676e-21 
-6.0986372202e-20 -2.1175823681e-20 -7.8350547621e-21 -5.4210108624e-20 0 1.3552527156e-20 0 0 -5.1365039886e-09 
5.4210108624e-20 0 1.0587911841e-22 -3.7269449679e-20 -1.219727444e-19 1.9058241313e-21 -5.4210108624e-20 1.0842021725e-19 2.0328790734e-20 
0 0 -3.388131789e-21 -2.7105054312e-20 0 3.388131789e-21 0 -5.4210108624e-20 4.2351647363e-21 
-5.4210108624e-20 -9.7408788934e-20 8.1315162936e-20 -1.6263032587e-19 -2.7105054312e-20 1.3552527156e-20 0 -6.776263578e-21 1.6940658945e-21 
0 0 -5.1365039886e-09 0 1.3552527156e-20 1.863472484e-20 -1.0842021725e-19 2.5410988418e-20 -9.2644228606e-23 
0 0 -5.1365039886e-09 -1.0842021725e-19 -1.0842021725e-19 6.776263578e-21 -5.4210108624e-20 -2.7105054312e-20 -2.7105054312e-20 
0 -5.4210108624e-20 5.0821976835e-21 -5.4210108624e-20 -5.4210108624e-20 -3.388131789e-21 0 0 6.776263578e-21 
-1.3552527156e-20 0 -4.2351647363e-22 3.388131789e-20 2.7105054312e-20 2.0328790734e-20 -2.7105054312e-20 0 1.0164395367e-20 
-5.4210108624e-20 0 -6.776263578e-21 -8.1315162936e-20 0 -5.0821976835e-20 1.0164395367e-20 -1.3552527156e-20 8.4703294725e-22 
-2.761327408e-19 4.1131919919e-18 -1.124859754e-18 -4.0657581468e-20 2.7105054312e-20 3.7269449679e-20 -1.4892754047e-08 -1.3626764487e-08 -1.571905133e-08 
1.0842021725e-19 5.4210108624e-20 0 0 0 2.0328790734e-20 0 -1.0842021725e-19 -1.6940658945e-20 
0 -2.7105054312e-20 -5.0821976835e-20 0 0 0 0 5.251604273e-20 1.6940658945e-21 
0 0 -5.1365039886e-09 5.4210108624e-20 -5.4210108624e-20 -9.6561755987e-20 6.0986372202e-20 1.6940658945e-20 2.1705219273e-21 
0 5.4210108624e-20 6.776263578e-20 0 0 5.0821976835e-21 -8.1315162936e-20 1.4907779872e-19 0 
-2.7105054312e-20 5.9292306308e-21 -1.1858461262e-20 4.0657581468e-20 -7.6232965253e-20 8.4703294725e-21 -4.0657581468e-20 8.1315162936e-20 -5.4210108624e-20 
-5.4210108624e-20 0 6.776263578e-20 2.7105054312e-20 -5.4210108624e-20 1.2705494209e-21 -5.4210108624e-20 -1.0842021725e-19 -1.6940658945e-21 
0 -2.168404345e-19 2.0328790734e-20 0 5.4210108624e-20 -3.0493186101e-20 0 0 -1.1858461262e-20 
7.4538899358e-20 0 -1.1858461262e-20 0 0 -5.1365039886e-09 -3.6422416732e-20 -2.7105054312e-19 0 
-1.6940658945e-20 -5.7598240413e-20 0 2.7105054312e-20 1.9651164376e-19 0 1.0842021725e-19 0 5.4210108624e-20 
1.2874900798e-19 0 -6.776263578e-21 -3.388131789e-20 -2.0328790734e-19 -5.4210108624e-20 0 0 -5.1365039886e-09 
0 0 -5.1365039886e-09 -1.1519648083e-19 2.7105054312e-20 -5.4210108624e-20 9.4986952331e-16 4.233511328e-15 2.1228217751e-14 
6.8001160258e-16 5.2104079786e-15 1.8764788443e-14 3.388131789e-21 -2.7105054312e-20 2.7105054312e-20 0 -6.776263578e-21 -2.7105054312e-20 
3.5239281111e-16 6.4520193658e-16 -1.1250223843e-15 0 0 -5.1365039886e-09 5.4210108624e-20 -5.4210108624e-20 8.0468129989e-21 
6.0986372202e-20 3.3034284943e-20 -5.4210108624e-20 3.8272336689e-16 5.5890621992e-16 6.8570366399e-16 -2.168404345e-19 0 1.3552527156e-20 
2.2022856629e-20 -4.7433845046e-20 0 0 0 4.0657581468e-20 -2.5410988418e-21 4.7433845046e-20 -5.0821976835e-21 
0 0 -5.1365039886e-09 0 0 -5.1365039886e-09 0 0 -5.1365039886e-09 
0 0 -7.4868117242e-20 0 0 -5.1365039886e-09 0 0 -5.1365039886e-09 
0 0 -5.1365039886e-09 0 0 -5.1365039886e-09 0 0 -5.1365039886e-09 
0 0 -5.1365039886e-09 0 0 -5.1365039886e-09 0 0 -5.1365039886e-09 
0 0 -5.1365039886e-09 0 0 -5.1365039886e-09 0 0 -5.1365039886e-09 
0 0 -5.1365039886e-09 0 0 -5.1365039886e-09 0 0 -5.1365039886e-09 
0 0 -5.1365039886e-09 0 0 -5.1365039886e-09 0 0 -5.1365039886e-09 
0 0 -5.1365039886e-09 0 0 -5.1365039886e-09 0 0 -5.1365039886e-09 
0 0 -5.1365039886e-09 0 0 -5.1365039886e-09 0 0 -5.1365039886e-09 
0 0 -5.1365039886e-09 0 0 -5.1365039886e-09 0 0 -5.1365039886e-09 
0 0 -5.1365039886e-09 0 0 -5.1365039886e-09 0 0 -5.1365039886e-09 
0 0 -5.1365039886e-09 0 0 -5.1365039886e-09 0 0 -5.1365039886e-09 
0 0 -5.1365039886e-09 0 0 -5.1365039886e-09 0 0 -5.1365039886e-09 
0 0 -5.1365039886e-09 0 0 -5.1365039886e-09 0 0 -5.1365039886e-09 
0 0 -5.1365039886e-09 0 0 -5.1365039886e-09 0 0 -5.1365039886e-09 
0 0 -5.1365039886e-09 0 0 -5.1365039886e-09 0 0 -5.1365039886e-09 
0 0 -5.1365039886e-09 0 0 -5.1365039886e-09 0 0 -5.1365039886e-09 
0 0 -5.1365039886e-09 0 0 -5.1365039886e-09 0 0 -5.1365039886e-09 
0 0 -5.1365039886e-09 0 0 -5.1365039886e-09 0 0 -5.1365039886e-09 
0 0 -5.1365039886e-09 0 0 -5.1365039886e-09 0 0 -5.1365039886e-09 
0 0 -5.1365039886e-09 0 0 -5.1365039886e-09 0 0 -5.1365039886e-09 
0 0 -5.1365039886e-09 0 0 -5.1365039886e-09 0 0 -5.1365039886e-09 
0 0 -5.1365039886e-09 0 0 -5.1365039886e-09 0 0 -5.1365039886e-09 
0 0 -5.1365039886e-09 0 0 -5.1365039886e-09 0 0 -5.1365039886e-09 
0 0 -5.1365039886e-09 0 0 -5.1365039886e-09 0 0 -5.1365039886e-09 
0 0 -5.1365039886e-09 -3.814909141e-14 1.0386150841e-13 -2.7960570228e-14 6.2235900808e-14 7.7063082675e-14 -7.2133646615e-14 
-8.0286609009e-16 7.2357081982e-15 -6.3083077197e-14 3.432053048e-14 6.4885983877e-14 -7.1394767311e-14 -4.9305529169e-14 4.715697944e-15 -9.6361602772e-14 
0 0 -5.1365039886e-09 1.7699971464e-13 1.4242248687e-14 -1.8060077978e-13 -1.3023961201e-13 -4.1529389387e-14 4.1358068613e-13 
1.164567881e-12 1.2713894176e-13 -3.6429873648e-13 1.7438442403e-13 1.1073876425e-14 -1.5295086862e-13 6.5630546966e-14 -5.1095091687e-14 -3.84289577e-14 
3.4200047222e-13 3.3995286863e-13 -2.0464077594e-13 4.6040095333e-15 2.4507868904e-13 3.137319146e-15 6.4934990331e-13 3.5362283132e-13 -1.3115680601e-13 
3.756311309e-14 -2.4815527611e-14 -7.0411126727e-14 7.6315665765e-14 1.1686210193e-14 1.032726901e-13 2.4533903227e-14 5.6324703537e-14 1.6927516155e-14 
-2.8126528361e-14 -1.8700546268e-13 -4.0120168014e-15 1.1297610879e-14 -3.7637067008e-15 -1.7046661264e-14 3.1377646469e-13 2.1022721914e-13 -4.4505520505e-14 
9.2565014794e-14 -9.910532972e-14 -5.6516152237e-14 -7.395332063e-14 1.9358398483e-14 -2.163141503e-13 3.8780005922e-14 6.9755898234e-14 1.6154961494e-13 
7.0666331135e-13 3.1702159845e-13 -1.8144371822e-14 1.1527056188e-13 -1.6427703969e-13 -3.4352237914e-14 0 0 -5.1365039886e-09 
0 0 -5.1365039886e-09 0 0 -5.1365039886e-09 0 0 -5.1365039886e-09 
0 0 -5.1365039886e-09 0 0 -5.1365039886e-09 0 0 -5.1365039886e-09 
0 0 -5.1365039886e-09 0 0 -5.1365039886e-09 0 0 -5.1365039886e-09 
0 0 -5.1365039886e-09 -1.7002970495e-13 -1.9744972652e-14 -5.9404288155e-14 6.4037221434e-13 -6.747348058e-13 1.5797183469e-13 
1.6557540334e-13 -3.6719802242e-13 2.3605314192e-13 4.1394002905e-13 3.4878709542e-13 -9.2299935515e-14 5.8252282552e-13 -3.9711546954e-13 -7.7908280168e-13 
-1.857934988e-13 2.0058577071e-13 -3.7384285321e-13 3.7043622713e-13 1.2346517749e-13 -6.1618262578e-13 4.9508518973e-13 2.4183545544e-13 -4.137222857e-13 
2.1507859191e-13 1.0219699826e-13 1.5212685971e-13 -4.316766107e-13 -6.5887719703e-14 -3.3761969108e-13 -2.3798030964e-13 -1.3671996037e-13 -1.307297855e-12 
2.0071112529e-13 2.5666227947e-13 -3.5836925061e-14 -1.0833826388e-13 7.8269274412e-16 6.3302268622e-14 -1.8161557328e-13 -1.0663807421e-13 3.8389010492e-13 
-2.5078538819e-13 -3.9813583918e-13 -4.5633412447e-13 0 0 -5.1365039886e-09 -4.4027720039e-13 8.9820111009e-13 -1.0160926543e-12 
-3.5623307347e-13 2.6132204067e-13 -1.7431008206e-12 -2.874986521e-13 -2.755844169e-13 -2.1189204459e-12 1.1120146852e-13 1.2365548048e-13 -1.0094956608e-12 
-7.9245193856e-13 1.7439323487e-14 -1.9713537011e-12 -5.8445251529e-13 2.3212747215e-13 -4.543483053e-13 9.7127098375e-13 6.8606843178e-14 -2.6336759332e-13 
2.0368584477e-13 -2.7878716559e-13 1.2731924088e-13 9.1447407203e-15 -7.7669646638e-14 3.887118371e-14 1.1856333751e-13 -3.4166696472e-14 3.3455635924e-13 
7.6283141953e-13 -3.1388627513e-13 6.1653775547e-13 -2.9718173533e-13 8.7326537459e-13 2.6714994614e-12 1.5351209165e-13 1.7434412789e-13 -6.7044149583e-14 
0 0 -5.1365039886e-09 1.7042025331e-14 1.938550495e-13 -1.1520750998e-13 1.1340088639e-13 3.3720469971e-14 -9.239167151e-14 
4.0855096197e-13 5.2281640247e-13 -2.3640056576e-13 6.9184838887e-13 3.5356045699e-13 -4.1973553997e-13 2.9608584539e-13 1.6828992411e-13 -3.4511796754e-13 
6.9992396378e-13 6.4665582276e-13 -2.5865930752e-13 -1.3975636344e-13 2.9622891971e-14 1.8781858275e-14 4.8765998618e-13 -8.4812867987e-15 2.4496472965e-13 
-6.181191676e-14 -1.6066757158e-13 7.383416855e-14 -1.6390637793e-13 4.8859630978e-13 4.4530066245e-13 4.9833707567e-13 -4.3349176257e-13 4.260158804e-13 
-5.3830084545e-14 -2.6408302916e-13 4.9403987718e-13 0 0 -5.1365039886e-09 0 0 -5.1365039886e-09 
0 0 -5.1365039886e-09 -6.5550340854e-13 8.4885849166e-13 -2.5988668e-13 -4.3655522414e-13 -6.7207898092e-14 -3.5012474404e-13 
-3.8613632595e-13 9.2779684354e-14 -2.6264822732e-13 3.0010843151e-13 -7.5527492252e-13 -6.5419855513e-13 -7.4079465759e-13 -3.1776145286e-13 -2.8115151865e-13 
9.1556278279e-13 -6.4519980834e-13 6.2603426345e-13 0 0 -5.1365039886e-09 0 0 -5.1365039886e-09 
-4.3780132191e-12 5.9488590975e-12 -2.6200841523e-12 -1.6789150517e-12 3.6235211099e-12 -2.904560767e-12 -2.1073905696e-12 5.5850322195e-12 -4.5926696111e-12 
-7.051314945e-13 -5.0990460214e-13 -1.3317174763e-13 -1.4430861701e-12 -9.5990079692e-13 -1.3792221892e-12 -1.3815709553e-13 -5.402572323e-13 5.9229517576e-14 
-3.8248043232e-13 -1.8189242393e-12 2.3176440254e-12 -3.7276569771e-13 -3.7080170966e-13 1.0939575424e-12 5.3144946326e-13 -7.2094582267e-13 4.393331791e-13 
0 0 -5.1365039886e-09 9.015148095e-13 2.5285415007e-12 -1.5115218052e-12 -4.2982192506e-13 -2.7581225089e-13 4.354338629e-13 
9.59604898e-13 2.2708710778e-12 -7.3960019811e-13 -3.2714119831e-13 -7.0418263007e-13 2.2953496093e-13 -1.0352989574e-12 -1.1127823098e-12 3.3188471875e-14 
-3.0098922064e-13 -2.2086301267e-13 2.9837849485e-13 0 0 -5.1365039886e-09 0 0 -5.1365039886e-09 
0 0 -5.1365039886e-09 0 0 -5.1365039886e-09 0 0 -5.1365039886e-09 
0 0 -5.1365039886e-09 0 0 -5.1365039886e-09 0 0 -5.1365039886e-09 
0 0 -5.1365039886e-09 0 0 -5.1365039886e-09 0 0 -5.1365039886e-09 
0 0 -5.1365039886e-09 0 0 -5.1365039886e-09 0 0 -5.1365039886e-09 
0 0 -5.1365039886e-09 0 0 -5.1365039886e-09 0 0 -5.1365039886e-09 
0 0 -5.1365039886e-09 0 0 -5.1365039886e-09 0 0 -5.1365039886e-09 
0 0 -5.1365039886e-09 0 0 -5.1365039886e-09 0 0 -5.1365039886e-09 
0 0 -5.1365039886e-09 0 0 -5.1365039886e-09 0 0 -5.1365039886e-09 
0 0 -5.1365039886e-09 0 0 -5.1365039886e-09 0 0 -5.1365039886e-09 
0 0 -5.1365039886e-09 0 0 -5.1365039886e-09 0 0 -5.1365039886e-09 
0 0 -5.1365039886e-09 0 0 -5.1365039886e-09 0 0 -5.1365039886e-09 
0 0 -5.1365039886e-09 0 0 -5.1365039886e-09 0 0 -5.1365039886e-09 
0 0 -5.1365039886e-09 0 0 -5.1365039886e-09 0 0 -5.1365039886e-09 
0 0 -5.1365039886e-09 0 0 -5.1365039886e-09 0 0 -5.1365039886e-09 
0 0 -5.1365039886e-09 0 0 -5.1365039886e-09 0 0 -5.1365039886e-09 
0 0 -5.1365039886e-09 0 0 -5.1365039886e-09 0 0 -5.1365039886e-09 
0 0 -5.1365039886e-09 0 0 -5.1365039886e-09 0 0 -5.1365039886e-09 
0 0 -5.1365039886e-09 0 0 -5.1365039886e-09 
radius 1 4841 double
5e-05 5e-05 5e-05 5e-05 5e-05 5e-05 5e-05 5e-05 5e-05 
5e-05 5e-05 5e-05 5e-05 5e-05 5e-05 5e-05 5e-05 5e-05 
5e-05 5e-05 5e-05 5e-05 5e-05 5e-05 5e-05 5e-05 5e-05 
5e-05 5e-05 5e-05 5e-05 5e-05 5e-05 5e-05 5e-05 5e-05 
5e-05 5e-05 5e-05 5e-05 5e-05 5e-05 5e-05 5e-05 5e-05 
5e-05 5e-05 5e-05 5e-05 5e-05 5e-05 5e-05 5e-05 5e-05 
5e-05 5e-05 5e-05 5e-05 5e-05 5e-05 5e-05 5e-05 5e-05 
5e-05 5e-05 5e-05 5e-05 5e-05 5e-05 5e-05 5e-05 5e-05 
5e-05 5e-05 5e-05 5e-05 5e-05 5e-05 5e-05 5e-05 5e-05 
5e-05 5e-05 5e-05 5e-05 5e-05 5e-05 5e-05 5e-05 5e-05 
5e-05 5e-05 5e-05 5e-05 5e-05 5e-05 5e-05 5e-05 5e-05 
5e-05 5e-05 5e-05 5e-05 5e-05 5e-05 5e-05 5e-05 5e-05 
5e-05 5e-05 5e-05 5e-05 5e-05 5e-05 5e-05 5e-05 5e-05 
5e-05 5e-05 5e-05 5e-05 5e-05 5e-05 5e-05 5e-05 5e-05 
5e-05 5e-05 5e-05 5e-05 5e-05 5e-05 5e-05 5e-05 5e-05 
5e-05 5e-05 5e-05 5e-05 5e-05 5e-05 5e-05 5e-05 5e-05 
5e-05 5e-05 5e-05 5e-05 5e-05 5e-05 5e-05 5e-05 5e-05 
5e-05 5e-05 5e-05 5e-05 5e-05 5e-05 5e-05 5e-05 5e-05 
5e-05 5e-05 5e-05 5e-05 5e-05 5e-05 5e-05 5e-05 5e-05 
5e-05 5e-05 5e-05 5e-05 5e-05 5e-05 5e-05 5e-05 5e-05 
5e-05 5e-05 5e-05 5e-05 5e-05 5e-05 5e-05 5e-05 5e-05 
5e-05 5e-05 5e-05 5e-05 5e-05 5e-05 5e-05 5e-05 5e-05 
5e-05 5e-05 5e-05 5e-05 5e-05 5e-05 5e-05 5e-05 5e-05 
5e-05 5e-05 5e-05 5e-05 5e-05 5e-05 5e-05 5e-05 5e-05 
5e-05 5e-05 5e-05 5e-05 5e-05 5e-05 5e-05 5e-05 5e-05 
5e-05 5e-05 5e-05 5e-05 5e-05 5e-05 5e-05 5e-05 5e-05 
5e-05 5e-05 5e-05 5e-05 5e-05 5e-05 5e-05 5e-05 5e-05 
5e-05 5e-05 5e-05 5e-05 5e-05 5e-05 5e-05 5e-05 5e-05 
5e-05 5e-05 5e-05 5e-05 5e-05 5e-05 5e-05 5e-05 5e-05 
5e-05 5e-05 5e-05 5e-05 5e-05 5e-05 5e-05 5e-05 5e-05 
5e-05 5e-05 5e-05 5e-05 5e-05 5e-05 5e-05 5e-05 5e-05 
5e-05 5e-05 5e-05 5e-05 5e-05 5e-05 5e-05 5e-05 5e-05 
5e-05 5e-05 5e-05 5e-05 5e-05 5e-05 5e-05 5e-05 5e-05 
5e-05 5e-05 5e-05 5e-05 5e-05 5e-05 5e-05 5e-05 5e-05 
5e-05 5e-05 5e-05 5e-05 5e-05 5e-05 5e-05 5e-05 5e-05 
5e-05 5e-05 5e-05 5e-05 5e-05 5e-05 5e-05 5e-05 5e-05 
5e-05 5e-05 5e-05 5e-05 5e-05 5e-05 5e-05 5e-05 5e-05 
5e-05 5e-05 5e-05 5e-05 5e-05 5e-05 5e-05 5e-05 5e-05 
5e-05 5e-05 5e-05 5e-05 5e-05 5e-05 5e-05 5e-05 5e-05 
5e-05 5e-05 5e-05 5e-05 5e-05 5e-05 5e-05 5e-05 5e-05 
5e-05 5e-05 5e-05 5e-05 5e-05 5e-05 5e-05 5e-05 5e-05 
5e-05 5e-05 5e-05 5e-05 5e-05 5e-05 5e-05 5e-05 5e-05 
5e-05 5e-05 5e-05 5e-05 5e-05 5e-05 5e-05 5e-05 5e-05 
5e-05 5e-05 5e-05 5e-05 5e-05 5e-05 5e-05 5e-05 5e-05 
5e-05 5e-05 5e-05 5e-05 5e-05 5e-05 5e-05 5e-05 5e-05 
5e-05 5e-05 5e-05 5e-05 5e-05 5e-05 5e-05 5e-05 5e-05 
5e-05 5e-05 5e-05 5e-05 5e-05 5e-05 5e-05 5e-05 5e-05 
5e-05 5e-05 5e-05 5e-05 5e-05 5e-05 5e-05 5e-05 5e-05 
5e-05 5e-05 5e-05 5e-05 5e-05 5e-05 5e-05 5e-05 5e-05 
5e-05 5e-05 5e-05 5e-05 5e-05 5e-05 5e-05 5e-05 5e-05 
5e-05 5e-05 5e-05 5e-05 5e-05 5e-05 5e-05 5e-05 5e-05 
5e-05 5e-05 5e-05 5e-05 5e-05 5e-05 5e-05 5e-05 5e-05 
5e-05 5e-05 5e-05 5e-05 5e-05 5e-05 5e-05 5e-05 5e-05 
5e-05 5e-05 5e-05 5e-05 5e-05 5e-05 5e-05 5e-05 5e-05 
5e-05 5e-05 5e-05 5e-05 5e-05 5e-05 5e-05 5e-05 5e-05 
5e-05 5e-05 5e-05 5e-05 5e-05 5e-05 5e-05 5e-05 5e-05 
5e-05 5e-05 5e-05 5e-05 5e-05 5e-05 5e-05 5e-05 5e-05 
5e-05 5e-05 5e-05 5e-05 5e-05 5e-05 5e-05 5e-05 5e-05 
5e-05 5e-05 5e-05 5e-05 5e-05 5e-05 5e-05 5e-05 5e-05 
5e-05 5e-05 5e-05 5e-05 5e-05 5e-05 5e-05 5e-05 5e-05 
5e-05 5e-05 5e-05 5e-05 5e-05 5e-05 5e-05 5e-05 5e-05 
5e-05 5e-05 5e-05 5e-05 5e-05 5e-05 5e-05 5e-05 5e-05 
5e-05 5e-05 5e-05 5e-05 5e-05 5e-05 5e-05 5e-05 5e-05 
5e-05 5e-05 5e-05 5e-05 5e-05 5e-05 5e-05 5e-05 5e-05 
5e-05 5e-05 5e-05 5e-05 5e-05 5e-05 5e-05 5e-05 5e-05 
5e-05 5e-05 5e-05 5e-05 5e-05 5e-05 5e-05 5e-05 5e-05 
5e-05 5e-05 5e-05 5e-05 5e-05 5e-05 5e-05 5e-05 5e-05 
5e-05 5e-05 5e-05 5e-05 5e-05 5e-05 5e-05 5e-05 5e-05 
5e-05 5e-05 5e-05 5e-05 5e-05 5e-05 5e-05 5e-05 5e-05 
5e-05 5e-05 5e-05 5e-05 5e-05 5e-05 5e-05 5e-05 5e-05 
5e-05 5e-05 5e-05 5e-05 5e-05 5e-05 5e-05 5e-05 5e-05 
5e-05 5e-05 5e-05 5e-05 5e-05 5e-05 5e-05 5e-05 5e-05 
5e-05 5e-05 5e-05 5e-05 5e-05 5e-05 5e-05 5e-05 5e-05 
5e-05 5e-05 5e-05 5e-05 5e-05 5e-05 5e-05 5e-05 5e-05 
5e-05 5e-05 5e-05 5e-05 5e-05 5e-05 5e-05 5e-05 5e-05 
5e-05 5e-05 5e-05 5e-05 5e-05 5e-05 5e-05 5e-05 5e-05 
5e-05 5e-05 5e-05 5e-05 5e-05 5e-05 5e-05 5e-05 5e-05 
5e-05 5e-05 5e-05 5e-05 5e-05 5e-05 5e-05 5e-05 5e-05 
5e-05 5e-05 5e-05 5e-05 5e-05 5e-05 5e-05 5e-05 5e-05 
5e-05 5e-05 5e-05 5e-05 5e-05 5e-05 5e-05 5e-05 5e-05 
5e-05 5e-05 5e-05 5e-05 5e-05 5e-05 5e-05 5e-05 5e-05 
5e-05 5e-05 5e-05 5e-05 5e-05 5e-05 5e-05 5e-05 5e-05 
5e-05 5e-05 5e-05 5e-05 5e-05 5e-05 5e-05 5e-05 5e-05 
5e-05 5e-05 5e-05 5e-05 5e-05 5e-05 5e-05 5e-05 5e-05 
5e-05 5e-05 5e-05 5e-05 5e-05 5e-05 5e-05 5e-05 5e-05 
5e-05 5e-05 5e-05 5e-05 5e-05 5e-05 5e-05 5e-05 5e-05 
5e-05 5e-05 5e-05 5e-05 5e-05 5e-05 5e-05 5e-05 5e-05 
5e-05 5e-05 5e-05 5e-05 5e-05 5e-05 5e-05 5e-05 5e-05 
5e-05 5e-05 5e-05 5e-05 5e-05 5e-05 5e-05 5e-05 5e-05 
5e-05 5e-05 5e-05 5e-05 5e-05 5e-05 5e-05 5e-05 5e-05 
5e-05 5e-05 5e-05 5e-05 5e-05 5e-05 5e-05 5e-05 5e-05 
5e-05 5e-05 5e-05 5e-05 5e-05 5e-05 5e-05 5e-05 5e-05 
5e-05 5e-05 5e-05 5e-05 5e-05 5e-05 5e-05 5e-05 5e-05 
5e-05 5e-05 5e-05 5e-05 5e-05 5e-05 5e-05 5e-05 5e-05 
5e-05 5e-05 5e-05 5e-05 5e-05 5e-05 5e-05 5e-05 5e-05 
5e-05 5e-05 5e-05 5e-05 5e-05 5e-05 5e-05 5e-05 5e-05 
5e-05 5e-05 5e-05 5e-05 5e-05 5e-05 5e-05 5e-05 5e-05 
5e-05 5e-05 5e-05 5e-05 5e-05 5e-05 5e-05 5e-05 5e-05 
5e-05 5e-05 5e-05 5e-05 5e-05 5e-05 5e-05 5e-05 5e-05 
5e-05 5e-05 5e-05 5e-05 5e-05 5e-05 5e-05 5e-05 5e-05 
5e-05 5e-05 5e-05 5e-05 5e-05 5e-05 5e-05 5e-05 5e-05 
5e-05 5e-05 5e-05 5e-05 5e-05 5e-05 5e-05 5e-05 5e-05 
5e-05 5e-05 5e-05 5e-05 5e-05 5e-05 5e-05 5e-05 5e-05 
5e-05 5e-05 5e-05 5e-05 5e-05 5e-05 5e-05 5e-05 5e-05 
5e-05 5e-05 5e-05 5e-05 5e-05 5e-05 5e-05 5e-05 5e-05 
5e-05 5e-05 5e-05 5e-05 5e-05 5e-05 5e-05 5e-05 5e-05 
5e-05 5e-05 5e-05 5e-05 5e-05 5e-05 5e-05 5e-05 5e-05 
5e-05 5e-05 5e-05 5e-05 5e-05 5e-05 5e-05 5e-05 5e-05 
5e-05 5e-05 5e-05 5e-05 5e-05 5e-05 5e-05 5e-05 5e-05 
5e-05 5e-05 5e-05 5e-05 5e-05 5e-05 5e-05 5e-05 5e-05 
5e-05 5e-05 5e-05 5e-05 5e-05 5e-05 5e-05 5e-05 5e-05 
5e-05 5e-05 5e-05 5e-05 5e-05 5e-05 5e-05 5e-05 5e-05 
5e-05 5e-05 5e-05 5e-05 5e-05 5e-05 5e-05 5e-05 5e-05 
5e-05 5e-05 5e-05 5e-05 5e-05 5e-05 5e-05 5e-05 5e-05 
5e-05 5e-05 5e-05 5e-05 5e-05 5e-05 5e-05 5e-05 5e-05 
5e-05 5e-05 5e-05 5e-05 5e-05 5e-05 5e-05 5e-05 5e-05 
5e-05 5e-05 5e-05 5e-05 5e-05 5e-05 5e-05 5e-05 5e-05 
5e-05 5e-05 5e-05 5e-05 5e-05 5e-05 5e-05 5e-05 5e-05 
5e-05 5e-05 5e-05 5e-05 5e-05 5e-05 5e-05 5e-05 5e-05 
5e-05 5e-05 5e-05 5e-05 5e-05 5e-05 5e-05 5e-05 5e-05 
5e-05 5e-05 5e-05 5e-05 5e-05 5e-05 5e-05 5e-05 5e-05 
5e-05 5e-05 5e-05 5e-05 5e-05 5e-05 5e-05 5e-05 5e-05 
5e-05 5e-05 5e-05 5e-05 5e-05 5e-05 5e-05 5e-05 5e-05 
5e-05 5e-05 5e-05 5e-05 5e-05 5e-05 5e-05 5e-05 5e-05 
5e-05 5e-05 5e-05 5e-05 5e-05 5e-05 5e-05 5e-05 5e-05 
5e-05 5e-05 5e-05 5e-05 5e-05 5e-05 5e-05 5e-05 5e-05 
5e-05 5e-05 5e-05 5e-05 5e-05 5e-05 5e-05 5e-05 5e-05 
5e-05 5e-05 5e-05 5e-05 5e-05 5e-05 5e-05 5e-05 5e-05 
5e-05 5e-05 5e-05 5e-05 5e-05 5e-05 5e-05 5e-05 5e-05 
5e-05 5e-05 5e-05 5e-05 5e-05 5e-05 5e-05 5e-05 5e-05 
5e-05 5e-05 5e-05 5e-05 5e-05 5e-05 5e-05 5e-05 5e-05 
5e-05 5e-05 5e-05 5e-05 5e-05 5e-05 5e-05 5e-05 5e-05 
5e-05 5e-05 5e-05 5e-05 5e-05 5e-05 5e-05 5e-05 5e-05 
5e-05 5e-05 5e-05 5e-05 5e-05 5e-05 5e-05 5e-05 5e-05 
5e-05 5e-05 5e-05 5e-05 5e-05 5e-05 5e-05 5e-05 5e-05 
5e-05 5e-05 5e-05 5e-05 5e-05 5e-05 5e-05 5e-05 5e-05 
5e-05 5e-05 5e-05 5e-05 5e-05 5e-05 5e-05 5e-05 5e-05 
5e-05 5e-05 5e-05 5e-05 5e-05 5e-05 5e-05 5e-05 5e-05 
5e-05 5e-05 5e-05 5e-05 5e-05 5e-05 5e-05 5e-05 5e-05 
5e-05 5e-05 5e-05 5e-05 5e-05 5e-05 5e-05 5e-05 5e-05 
5e-05 5e-05 5e-05 5e-05 5e-05 5e-05 5e-05 5e-05 5e-05 
5e-05 5e-05 5e-05 5e-05 5e-05 5e-05 5e-05 5e-05 5e-05 
5e-05 5e-05 5e-05 5e-05 5e-05 5e-05 5e-05 5e-05 5e-05 
5e-05 5e-05 5e-05 5e-05 5e-05 5e-05 5e-05 5e-05 5e-05 
5e-05 5e-05 5e-05 5e-05 5e-05 5e-05 5e-05 5e-05 5e-05 
5e-05 5e-05 5e-05 5e-05 5e-05 5e-05 5e-05 5e-05 5e-05 
5e-05 5e-05 5e-05 5e-05 5e-05 5e-05 5e-05 5e-05 5e-05 
5e-05 5e-05 5e-05 5e-05 5e-05 5e-05 5e-05 5e-05 5e-05 
5e-05 5e-05 5e-05 5e-05 5e-05 5e-05 5e-05 5e-05 5e-05 
5e-05 5e-05 5e-05 5e-05 5e-05 5e-05 5e-05 5e-05 5e-05 
5e-05 5e-05 5e-05 5e-05 5e-05 5e-05 5e-05 5e-05 5e-05 
5e-05 5e-05 5e-05 5e-05 5e-05 5e-05 5e-05 5e-05 5e-05 
5e-05 5e-05 5e-05 5e-05 5e-05 5e-05 5e-05 5e-05 5e-05 
5e-05 5e-05 5e-05 5e-05 5e-05 5e-05 5e-05 5e-05 5e-05 
5e-05 5e-05 5e-05 5e-05 5e-05 5e-05 5e-05 5e-05 5e-05 
5e-05 5e-05 5e-05 5e-05 5e-05 5e-05 5e-05 5e-05 5e-05 
5e-05 5e-05 5e-05 5e-05 5e-05 5e-05 5e-05 5e-05 5e-05 
5e-05 5e-05 5e-05 5e-05 5e-05 5e-05 5e-05 5e-05 5e-05 
5e-05 5e-05 5e-05 5e-05 5e-05 5e-05 5e-05 5e-05 5e-05 
5e-05 5e-05 5e-05 5e-05 5e-05 5e-05 5e-05 5e-05 5e-05 
5e-05 5e-05 5e-05 5e-05 5e-05 5e-05 5e-05 5e-05 5e-05 
5e-05 5e-05 5e-05 5e-05 5e-05 5e-05 5e-05 5e-05 5e-05 
5e-05 5e-05 5e-05 5e-05 5e-05 5e-05 5e-05 5e-05 5e-05 
5e-05 5e-05 5e-05 5e-05 5e-05 5e-05 5e-05 5e-05 5e-05 
5e-05 5e-05 5e-05 5e-05 5e-05 5e-05 5e-05 5e-05 5e-05 
5e-05 5e-05 5e-05 5e-05 5e-05 5e-05 5e-05 5e-05 5e-05 
5e-05 5e-05 5e-05 5e-05 5e-05 5e-05 5e-05 5e-05 5e-05 
5e-05 5e-05 5e-05 5e-05 5e-05 5e-05 5e-05 5e-05 5e-05 
5e-05 5e-05 5e-05 5e-05 5e-05 5e-05 5e-05 5e-05 5e-05 
5e-05 5e-05 5e-05 5e-05 5e-05 5e-05 5e-05 5e-05 5e-05 
5e-05 5e-05 5e-05 5e-05 5e-05 5e-05 5e-05 5e-05 5e-05 
5e-05 5e-05 5e-05 5e-05 5e-05 5e-05 5e-05 5e-05 5e-05 
5e-05 5e-05 5e-05 5e-05 5e-05 5e-05 5e-05 5e-05 5e-05 
5e-05 5e-05 5e-05 5e-05 5e-05 5e-05 5e-05 5e-05 5e-05 
5e-05 5e-05 5e-05 5e-05 5e-05 5e-05 5e-05 5e-05 5e-05 
5e-05 5e-05 5e-05 5e-05 5e-05 5e-05 5e-05 5e-05 5e-05 
5e-05 5e-05 5e-05 5e-05 5e-05 5e-05 5e-05 5e-05 5e-05 
5e-05 5e-05 5e-05 5e-05 5e-05 5e-05 5e-05 5e-05 5e-05 
5e-05 5e-05 5e-05 5e-05 5e-05 5e-05 5e-05 5e-05 5e-05 
5e-05 5e-05 5e-05 5e-05 5e-05 5e-05 5e-05 5e-05 5e-05 
5e-05 5e-05 5e-05 5e-05 5e-05 5e-05 5e-05 5e-05 5e-05 
5e-05 5e-05 5e-05 5e-05 5e-05 5e-05 5e-05 5e-05 5e-05 
5e-05 5e-05 5e-05 5e-05 5e-05 5e-05 5e-05 5e-05 5e-05 
5e-05 5e-05 5e-05 5e-05 5e-05 5e-05 5e-05 5e-05 5e-05 
5e-05 5e-05 5e-05 5e-05 5e-05 5e-05 5e-05 5e-05 5e-05 
5e-05 5e-05 5e-05 5e-05 5e-05 5e-05 5e-05 5e-05 5e-05 
5e-05 5e-05 5e-05 5e-05 5e-05 5e-05 5e-05 5e-05 5e-05 
5e-05 5e-05 5e-05 5e-05 5e-05 5e-05 5e-05 5e-05 5e-05 
5e-05 5e-05 5e-05 5e-05 5e-05 5e-05 5e-05 5e-05 5e-05 
5e-05 5e-05 5e-05 5e-05 5e-05 5e-05 5e-05 5e-05 5e-05 
5e-05 5e-05 5e-05 5e-05 5e-05 5e-05 5e-05 5e-05 5e-05 
5e-05 5e-05 5e-05 5e-05 5e-05 5e-05 5e-05 5e-05 5e-05 
5e-05 5e-05 5e-05 5e-05 5e-05 5e-05 5e-05 5e-05 5e-05 
5e-05 5e-05 5e-05 5e-05 5e-05 5e-05 5e-05 5e-05 5e-05 
5e-05 5e-05 5e-05 5e-05 5e-05 5e-05 5e-05 5e-05 5e-05 
5e-05 5e-05 5e-05 5e-05 5e-05 5e-05 5e-05 5e-05 5e-05 
5e-05 5e-05 5e-05 5e-05 5e-05 5e-05 5e-05 5e-05 5e-05 
5e-05 5e-05 5e-05 5e-05 5e-05 5e-05 5e-05 5e-05 5e-05 
5e-05 5e-05 5e-05 5e-05 5e-05 5e-05 5e-05 5e-05 5e-05 
5e-05 5e-05 5e-05 5e-05 5e-05 5e-05 5e-05 5e-05 5e-05 
5e-05 5e-05 5e-05 5e-05 5e-05 5e-05 5e-05 5e-05 5e-05 
5e-05 5e-05 5e-05 5e-05 5e-05 5e-05 5e-05 5e-05 5e-05 
5e-05 5e-05 5e-05 5e-05 5e-05 5e-05 5e-05 5e-05 5e-05 
5e-05 5e-05 5e-05 5e-05 5e-05 5e-05 5e-05 5e-05 5e-05 
5e-05 5e-05 5e-05 5e-05 5e-05 5e-05 5e-05 5e-05 5e-05 
5e-05 5e-05 5e-05 5e-05 5e-05 5e-05 5e-05 5e-05 5e-05 
5e-05 5e-05 5e-05 5e-05 5e-05 5e-05 5e-05 5e-05 5e-05 
5e-05 5e-05 5e-05 5e-05 5e-05 5e-05 5e-05 5e-05 5e-05 
5e-05 5e-05 5e-05 5e-05 5e-05 5e-05 5e-05 5e-05 5e-05 
5e-05 5e-05 5e-05 5e-05 5e-05 5e-05 5e-05 5e-05 5e-05 
5e-05 5e-05 5e-05 5e-05 5e-05 5e-05 5e-05 5e-05 5e-05 
5e-05 5e-05 5e-05 5e-05 5e-05 5e-05 5e-05 5e-05 5e-05 
5e-05 5e-05 5e-05 5e-05 5e-05 5e-05 5e-05 5e-05 5e-05 
5e-05 5e-05 5e-05 5e-05 5e-05 5e-05 5e-05 5e-05 5e-05 
5e-05 5e-05 5e-05 5e-05 5e-05 5e-05 5e-05 5e-05 5e-05 
5e-05 5e-05 5e-05 5e-05 5e-05 5e-05 5e-05 5e-05 5e-05 
5e-05 5e-05 5e-05 5e-05 5e-05 5e-05 5e-05 5e-05 5e-05 
5e-05 5e-05 5e-05 5e-05 5e-05 5e-05 5e-05 5e-05 5e-05 
5e-05 5e-05 5e-05 5e-05 5e-05 5e-05 5e-05 5e-05 5e-05 
5e-05 5e-05 5e-05 5e-05 5e-05 5e-05 5e-05 5e-05 5e-05 
5e-05 5e-05 5e-05 5e-05 5e-05 5e-05 5e-05 5e-05 5e-05 
5e-05 5e-05 5e-05 5e-05 5e-05 5e-05 5e-05 5e-05 5e-05 
5e-05 5e-05 5e-05 5e-05 5e-05 5e-05 5e-05 5e-05 5e-05 
5e-05 5e-05 5e-05 5e-05 5e-05 5e-05 5e-05 5e-05 5e-05 
5e-05 5e-05 5e-05 5e-05 5e-05 5e-05 5e-05 5e-05 5e-05 
5e-05 5e-05 5e-05 5e-05 5e-05 5e-05 5e-05 5e-05 5e-05 
5e-05 5e-05 5e-05 5e-05 5e-05 5e-05 5e-05 5e-05 5e-05 
5e-05 5e-05 5e-05 5e-05 5e-05 5e-05 5e-05 5e-05 5e-05 
5e-05 5e-05 5e-05 5e-05 5e-05 5e-05 5e-05 5e-05 5e-05 
5e-05 5e-05 5e-05 5e-05 5e-05 5e-05 5e-05 5e-05 5e-05 
5e-05 5e-05 5e-05 5e-05 5e-05 5e-05 5e-05 5e-05 5e-05 
5e-05 5e-05 5e-05 5e-05 5e-05 5e-05 5e-05 5e-05 5e-05 
5e-05 5e-05 5e-05 5e-05 5e-05 5e-05 5e-05 5e-05 5e-05 
5e-05 5e-05 5e-05 5e-05 5e-05 5e-05 5e-05 5e-05 5e-05 
5e-05 5e-05 5e-05 5e-05 5e-05 5e-05 5e-05 5e-05 5e-05 
5e-05 5e-05 5e-05 5e-05 5e-05 5e-05 5e-05 5e-05 5e-05 
5e-05 5e-05 5e-05 5e-05 5e-05 5e-05 5e-05 5e-05 5e-05 
5e-05 5e-05 5e-05 5e-05 5e-05 5e-05 5e-05 5e-05 5e-05 
5e-05 5e-05 5e-05 5e-05 5e-05 5e-05 5e-05 5e-05 5e-05 
5e-05 5e-05 5e-05 5e-05 5e-05 5e-05 5e-05 5e-05 5e-05 
5e-05 5e-05 5e-05 5e-05 5e-05 5e-05 5e-05 5e-05 5e-05 
5e-05 5e-05 5e-05 5e-05 5e-05 5e-05 5e-05 5e-05 5e-05 
5e-05 5e-05 5e-05 5e-05 5e-05 5e-05 5e-05 5e-05 5e-05 
5e-05 5e-05 5e-05 5e-05 5e-05 5e-05 5e-05 5e-05 5e-05 
5e-05 5e-05 5e-05 5e-05 5e-05 5e-05 5e-05 5e-05 5e-05 
5e-05 5e-05 5e-05 5e-05 5e-05 5e-05 5e-05 5e-05 5e-05 
5e-05 5e-05 5e-05 5e-05 5e-05 5e-05 5e-05 5e-05 5e-05 
5e-05 5e-05 5e-05 5e-05 5e-05 5e-05 5e-05 5e-05 5e-05 
5e-05 5e-05 5e-05 5e-05 5e-05 5e-05 5e-05 5e-05 5e-05 
5e-05 5e-05 5e-05 5e-05 5e-05 5e-05 5e-05 5e-05 5e-05 
5e-05 5e-05 5e-05 5e-05 5e-05 5e-05 5e-05 5e-05 5e-05 
5e-05 5e-05 5e-05 5e-05 5e-05 5e-05 5e-05 5e-05 5e-05 
5e-05 5e-05 5e-05 5e-05 5e-05 5e-05 5e-05 5e-05 5e-05 
5e-05 5e-05 5e-05 5e-05 5e-05 5e-05 5e-05 5e-05 5e-05 
5e-05 5e-05 5e-05 5e-05 5e-05 5e-05 5e-05 5e-05 5e-05 
5e-05 5e-05 5e-05 5e-05 5e-05 5e-05 5e-05 5e-05 5e-05 
5e-05 5e-05 5e-05 5e-05 5e-05 5e-05 5e-05 5e-05 5e-05 
5e-05 5e-05 5e-05 5e-05 5e-05 5e-05 5e-05 5e-05 5e-05 
5e-05 5e-05 5e-05 5e-05 5e-05 5e-05 5e-05 5e-05 5e-05 
5e-05 5e-05 5e-05 5e-05 5e-05 5e-05 5e-05 5e-05 5e-05 
5e-05 5e-05 5e-05 5e-05 5e-05 5e-05 5e-05 5e-05 5e-05 
5e-05 5e-05 5e-05 5e-05 5e-05 5e-05 5e-05 5e-05 5e-05 
5e-05 5e-05 5e-05 5e-05 5e-05 5e-05 5e-05 5e-05 5e-05 
5e-05 5e-05 5e-05 5e-05 5e-05 5e-05 5e-05 5e-05 5e-05 
5e-05 5e-05 5e-05 5e-05 5e-05 5e-05 5e-05 5e-05 5e-05 
5e-05 5e-05 5e-05 5e-05 5e-05 5e-05 5e-05 5e-05 5e-05 
5e-05 5e-05 5e-05 5e-05 5e-05 5e-05 5e-05 5e-05 5e-05 
5e-05 5e-05 5e-05 5e-05 5e-05 5e-05 5e-05 5e-05 5e-05 
5e-05 5e-05 5e-05 5e-05 5e-05 5e-05 5e-05 5e-05 5e-05 
5e-05 5e-05 5e-05 5e-05 5e-05 5e-05 5e-05 5e-05 5e-05 
5e-05 5e-05 5e-05 5e-05 5e-05 5e-05 5e-05 5e-05 5e-05 
5e-05 5e-05 5e-05 5e-05 5e-05 5e-05 5e-05 5e-05 5e-05 
5e-05 5e-05 5e-05 5e-05 5e-05 5e-05 5e-05 5e-05 5e-05 
5e-05 5e-05 5e-05 5e-05 5e-05 5e-05 5e-05 5e-05 5e-05 
5e-05 5e-05 5e-05 5e-05 5e-05 5e-05 5e-05 5e-05 5e-05 
5e-05 5e-05 5e-05 5e-05 5e-05 5e-05 5e-05 5e-05 5e-05 
5e-05 5e-05 5e-05 5e-05 5e-05 5e-05 5e-05 5e-05 5e-05 
5e-05 5e-05 5e-05 5e-05 5e-05 5e-05 5e-05 5e-05 5e-05 
5e-05 5e-05 5e-05 5e-05 5e-05 5e-05 5e-05 5e-05 5e-05 
5e-05 5e-05 5e-05 5e-05 5e-05 5e-05 5e-05 5e-05 5e-05 
5e-05 5e-05 5e-05 5e-05 5e-05 5e-05 5e-05 5e-05 5e-05 
5e-05 5e-05 5e-05 5e-05 5e-05 5e-05 5e-05 5e-05 5e-05 
5e-05 5e-05 5e-05 5e-05 5e-05 5e-05 5e-05 5e-05 5e-05 
5e-05 5e-05 5e-05 5e-05 5e-05 5e-05 5e-05 5e-05 5e-05 
5e-05 5e-05 5e-05 5e-05 5e-05 5e-05 5e-05 5e-05 5e-05 
5e-05 5e-05 5e-05 5e-05 5e-05 5e-05 5e-05 5e-05 5e-05 
5e-05 5e-05 5e-05 5e-05 5e-05 5e-05 5e-05 5e-05 5e-05 
5e-05 5e-05 5e-05 5e-05 5e-05 5e-05 5e-05 5e-05 5e-05 
5e-05 5e-05 5e-05 5e-05 5e-05 5e-05 5e-05 5e-05 5e-05 
5e-05 5e-05 5e-05 5e-05 5e-05 5e-05 5e-05 5e-05 5e-05 
5e-05 5e-05 5e-05 5e-05 5e-05 5e-05 5e-05 5e-05 5e-05 
5e-05 5e-05 5e-05 5e-05 5e-05 5e-05 5e-05 5e-05 5e-05 
5e-05 5e-05 5e-05 5e-05 5e-05 5e-05 5e-05 5e-05 5e-05 
5e-05 5e-05 5e-05 5e-05 5e-05 5e-05 5e-05 5e-05 5e-05 
5e-05 5e-05 5e-05 5e-05 5e-05 5e-05 5e-05 5e-05 5e-05 
5e-05 5e-05 5e-05 5e-05 5e-05 5e-05 5e-05 5e-05 5e-05 
5e-05 5e-05 5e-05 5e-05 5e-05 5e-05 5e-05 5e-05 5e-05 
5e-05 5e-05 5e-05 5e-05 5e-05 5e-05 5e-05 5e-05 5e-05 
5e-05 5e-05 5e-05 5e-05 5e-05 5e-05 5e-05 5e-05 5e-05 
5e-05 5e-05 5e-05 5e-05 5e-05 5e-05 5e-05 5e-05 5e-05 
5e-05 5e-05 5e-05 5e-05 5e-05 5e-05 5e-05 5e-05 5e-05 
5e-05 5e-05 5e-05 5e-05 5e-05 5e-05 5e-05 5e-05 5e-05 
5e-05 5e-05 5e-05 5e-05 5e-05 5e-05 5e-05 5e-05 5e-05 
5e-05 5e-05 5e-05 5e-05 5e-05 5e-05 5e-05 5e-05 5e-05 
5e-05 5e-05 5e-05 5e-05 5e-05 5e-05 5e-05 5e-05 5e-05 
5e-05 5e-05 5e-05 5e-05 5e-05 5e-05 5e-05 5e-05 5e-05 
5e-05 5e-05 5e-05 5e-05 5e-05 5e-05 5e-05 5e-05 5e-05 
5e-05 5e-05 5e-05 5e-05 5e-05 5e-05 5e-05 5e-05 5e-05 
5e-05 5e-05 5e-05 5e-05 5e-05 5e-05 5e-05 5e-05 5e-05 
5e-05 5e-05 5e-05 5e-05 5e-05 5e-05 5e-05 5e-05 5e-05 
5e-05 5e-05 5e-05 5e-05 5e-05 5e-05 5e-05 5e-05 5e-05 
5e-05 5e-05 5e-05 5e-05 5e-05 5e-05 5e-05 5e-05 5e-05 
5e-05 5e-05 5e-05 5e-05 5e-05 5e-05 5e-05 5e-05 5e-05 
5e-05 5e-05 5e-05 5e-05 5e-05 5e-05 5e-05 5e-05 5e-05 
5e-05 5e-05 5e-05 5e-05 5e-05 5e-05 5e-05 5e-05 5e-05 
5e-05 5e-05 5e-05 5e-05 5e-05 5e-05 5e-05 5e-05 5e-05 
5e-05 5e-05 5e-05 5e-05 5e-05 5e-05 5e-05 5e-05 5e-05 
5e-05 5e-05 5e-05 5e-05 5e-05 5e-05 5e-05 5e-05 5e-05 
5e-05 5e-05 5e-05 5e-05 5e-05 5e-05 5e-05 5e-05 5e-05 
5e-05 5e-05 5e-05 5e-05 5e-05 5e-05 5e-05 5e-05 5e-05 
5e-05 5e-05 5e-05 5e-05 5e-05 5e-05 5e-05 5e-05 5e-05 
5e-05 5e-05 5e-05 5e-05 5e-05 5e-05 5e-05 5e-05 5e-05 
5e-05 5e-05 5e-05 5e-05 5e-05 5e-05 5e-05 5e-05 5e-05 
5e-05 5e-05 5e-05 5e-05 5e-05 5e-05 5e-05 5e-05 5e-05 
5e-05 5e-05 5e-05 5e-05 5e-05 5e-05 5e-05 5e-05 5e-05 
5e-05 5e-05 5e-05 5e-05 5e-05 5e-05 5e-05 5e-05 5e-05 
5e-05 5e-05 5e-05 5e-05 5e-05 5e-05 5e-05 5e-05 5e-05 
5e-05 5e-05 5e-05 5e-05 5e-05 5e-05 5e-05 5e-05 5e-05 
5e-05 5e-05 5e-05 5e-05 5e-05 5e-05 5e-05 5e-05 5e-05 
5e-05 5e-05 5e-05 5e-05 5e-05 5e-05 5e-05 5e-05 5e-05 
5e-05 5e-05 5e-05 5e-05 5e-05 5e-05 5e-05 5e-05 5e-05 
5e-05 5e-05 5e-05 5e-05 5e-05 5e-05 5e-05 5e-05 5e-05 
5e-05 5e-05 5e-05 5e-05 5e-05 5e-05 5e-05 5e-05 5e-05 
5e-05 5e-05 5e-05 5e-05 5e-05 5e-05 5e-05 5e-05 5e-05 
5e-05 5e-05 5e-05 5e-05 5e-05 5e-05 5e-05 5e-05 5e-05 
5e-05 5e-05 5e-05 5e-05 5e-05 5e-05 5e-05 5e-05 5e-05 
5e-05 5e-05 5e-05 5e-05 5e-05 5e-05 5e-05 5e-05 5e-05 
5e-05 5e-05 5e-05 5e-05 5e-05 5e-05 5e-05 5e-05 5e-05 
5e-05 5e-05 5e-05 5e-05 5e-05 5e-05 5e-05 5e-05 5e-05 
5e-05 5e-05 5e-05 5e-05 5e-05 5e-05 5e-05 5e-05 5e-05 
5e-05 5e-05 5e-05 5e-05 5e-05 5e-05 5e-05 5e-05 5e-05 
5e-05 5e-05 5e-05 5e-05 5e-05 5e-05 5e-05 5e-05 5e-05 
5e-05 5e-05 5e-05 5e-05 5e-05 5e-05 5e-05 5e-05 5e-05 
5e-05 5e-05 5e-05 5e-05 5e-05 5e-05 5e-05 5e-05 5e-05 
5e-05 5e-05 5e-05 5e-05 5e-05 5e-05 5e-05 5e-05 5e-05 
5e-05 5e-05 5e-05 5e-05 5e-05 5e-05 5e-05 5e-05 5e-05 
5e-05 5e-05 5e-05 5e-05 5e-05 5e-05 5e-05 5e-05 5e-05 
5e-05 5e-05 5e-05 5e-05 5e-05 5e-05 5e-05 5e-05 5e-05 
5e-05 5e-05 5e-05 5e-05 5e-05 5e-05 5e-05 5e-05 5e-05 
5e-05 5e-05 5e-05 5e-05 5e-05 5e-05 5e-05 5e-05 5e-05 
5e-05 5e-05 5e-05 5e-05 5e-05 5e-05 5e-05 5e-05 5e-05 
5e-05 5e-05 5e-05 5e-05 5e-05 5e-05 5e-05 5e-05 5e-05 
5e-05 5e-05 5e-05 5e-05 5e-05 5e-05 5e-05 5e-05 5e-05 
5e-05 5e-05 5e-05 5e-05 5e-05 5e-05 5e-05 5e-05 5e-05 
5e-05 5e-05 5e-05 5e-05 5e-05 5e-05 5e-05 5e-05 5e-05 
5e-05 5e-05 5e-05 5e-05 5e-05 5e-05 5e-05 5e-05 5e-05 
5e-05 5e-05 5e-05 5e-05 5e-05 5e-05 5e-05 5e-05 5e-05 
5e-05 5e-05 5e-05 5e-05 5e-05 5e-05 5e-05 5e-05 5e-05 
5e-05 5e-05 5e-05 5e-05 5e-05 5e-05 5e-05 5e-05 5e-05 
5e-05 5e-05 5e-05 5e-05 5e-05 5e-05 5e-05 5e-05 5e-05 
5e-05 5e-05 5e-05 5e-05 5e-05 5e-05 5e-05 5e-05 5e-05 
5e-05 5e-05 5e-05 5e-05 5e-05 5e-05 5e-05 5e-05 5e-05 
5e-05 5e-05 5e-05 5e-05 5e-05 5e-05 5e-05 5e-05 5e-05 
5e-05 5e-05 5e-05 5e-05 5e-05 5e-05 5e-05 5e-05 5e-05 
5e-05 5e-05 5e-05 5e-05 5e-05 5e-05 5e-05 5e-05 5e-05 
5e-05 5e-05 5e-05 5e-05 5e-05 5e-05 5e-05 5e-05 5e-05 
5e-05 5e-05 5e-05 5e-05 5e-05 5e-05 5e-05 5e-05 5e-05 
5e-05 5e-05 5e-05 5e-05 5e-05 5e-05 5e-05 5e-05 5e-05 
5e-05 5e-05 5e-05 5e-05 5e-05 5e-05 5e-05 5e-05 5e-05 
5e-05 5e-05 5e-05 5e-05 5e-05 5e-05 5e-05 5e-05 5e-05 
5e-05 5e-05 5e-05 5e-05 5e-05 5e-05 5e-05 5e-05 5e-05 
5e-05 5e-05 5e-05 5e-05 5e-05 5e-05 5e-05 5e-05 5e-05 
5e-05 5e-05 5e-05 5e-05 5e-05 5e-05 5e-05 5e-05 5e-05 
5e-05 5e-05 5e-05 5e-05 5e-05 5e-05 5e-05 5e-05 5e-05 
5e-05 5e-05 5e-05 5e-05 5e-05 5e-05 5e-05 5e-05 5e-05 
5e-05 5e-05 5e-05 5e-05 5e-05 5e-05 5e-05 5e-05 5e-05 
5e-05 5e-05 5e-05 5e-05 5e-05 5e-05 5e-05 5e-05 5e-05 
5e-05 5e-05 5e-05 5e-05 5e-05 5e-05 5e-05 5e-05 5e-05 
5e-05 5e-05 5e-05 5e-05 5e-05 5e-05 5e-05 5e-05 5e-05 
5e-05 5e-05 5e-05 5e-05 5e-05 5e-05 5e-05 5e-05 5e-05 
5e-05 5e-05 5e-05 5e-05 5e-05 5e-05 5e-05 5e-05 5e-05 
5e-05 5e-05 5e-05 5e-05 5e-05 5e-05 5e-05 5e-05 5e-05 
5e-05 5e-05 5e-05 5e-05 5e-05 5e-05 5e-05 5e-05 5e-05 
5e-05 5e-05 5e-05 5e-05 5e-05 5e-05 5e-05 5e-05 5e-05 
5e-05 5e-05 5e-05 5e-05 5e-05 5e-05 5e-05 5e-05 5e-05 
5e-05 5e-05 5e-05 5e-05 5e-05 5e-05 5e-05 5e-05 5e-05 
5e-05 5e-05 5e-05 5e-05 5e-05 5e-05 5e-05 5e-05 5e-05 
5e-05 5e-05 5e-05 5e-05 5e-05 5e-05 5e-05 5e-05 5e-05 
5e-05 5e-05 5e-05 5e-05 5e-05 5e-05 5e-05 5e-05 5e-05 
5e-05 5e-05 5e-05 5e-05 5e-05 5e-05 5e-05 5e-05 5e-05 
5e-05 5e-05 5e-05 5e-05 5e-05 5e-05 5e-05 5e-05 5e-05 
5e-05 5e-05 5e-05 5e-05 5e-05 5e-05 5e-05 5e-05 5e-05 
5e-05 5e-05 5e-05 5e-05 5e-05 5e-05 5e-05 5e-05 5e-05 
5e-05 5e-05 5e-05 5e-05 5e-05 5e-05 5e-05 5e-05 5e-05 
5e-05 5e-05 5e-05 5e-05 5e-05 5e-05 5e-05 5e-05 5e-05 
5e-05 5e-05 5e-05 5e-05 5e-05 5e-05 5e-05 5e-05 5e-05 
5e-05 5e-05 5e-05 5e-05 5e-05 5e-05 5e-05 5e-05 5e-05 
5e-05 5e-05 5e-05 5e-05 5e-05 5e-05 5e-05 5e-05 5e-05 
5e-05 5e-05 5e-05 5e-05 5e-05 5e-05 5e-05 5e-05 5e-05 
5e-05 5e-05 5e-05 5e-05 5e-05 5e-05 5e-05 5e-05 5e-05 
5e-05 5e-05 5e-05 5e-05 5e-05 5e-05 5e-05 5e-05 5e-05 
5e-05 5e-05 5e-05 5e-05 5e-05 5e-05 5e-05 5e-05 5e-05 
5e-05 5e-05 5e-05 5e-05 5e-05 5e-05 5e-05 5e-05 5e-05 
5e-05 5e-05 5e-05 5e-05 5e-05 5e-05 5e-05 5e-05 5e-05 
5e-05 5e-05 5e-05 5e-05 5e-05 5e-05 5e-05 5e-05 5e-05 
5e-05 5e-05 5e-05 5e-05 5e-05 5e-05 5e-05 5e-05 5e-05 
5e-05 5e-05 5e-05 5e-05 5e-05 5e-05 5e-05 5e-05 5e-05 
5e-05 5e-05 5e-05 5e-05 5e-05 5e-05 5e-05 5e-05 5e-05 
5e-05 5e-05 5e-05 5e-05 5e-05 5e-05 5e-05 5e-05 5e-05 
5e-05 5e-05 5e-05 5e-05 5e-05 5e-05 5e-05 5e-05 5e-05 
5e-05 5e-05 5e-05 5e-05 5e-05 5e-05 5e-05 5e-05 5e-05 
5e-05 5e-05 5e-05 5e-05 5e-05 5e-05 5e-05 5e-05 5e-05 
5e-05 5e-05 5e-05 5e-05 5e-05 5e-05 5e-05 5e-05 5e-05 
5e-05 5e-05 5e-05 5e-05 5e-05 5e-05 5e-05 5e-05 5e-05 
5e-05 5e-05 5e-05 5e-05 5e-05 5e-05 5e-05 5e-05 5e-05 
5e-05 5e-05 5e-05 5e-05 5e-05 5e-05 5e-05 5e-05 5e-05 
5e-05 5e-05 5e-05 5e-05 5e-05 5e-05 5e-05 5e-05 5e-05 
5e-05 5e-05 5e-05 5e-05 5e-05 5e-05 5e-05 5e-05 5e-05 
5e-05 5e-05 5e-05 5e-05 5e-05 5e-05 5e-05 5e-05 5e-05 
5e-05 5e-05 5e-05 5e-05 5e-05 5e-05 5e-05 5e-05 5e-05 
5e-05 5e-05 5e-05 5e-05 5e-05 5e-05 5e-05 5e-05 5e-05 
5e-05 5e-05 5e-05 5e-05 5e-05 5e-05 5e-05 5e-05 5e-05 
5e-05 5e-05 5e-05 5e-05 5e-05 5e-05 5e-05 5e-05 5e-05 
5e-05 5e-05 5e-05 5e-05 5e-05 5e-05 5e-05 5e-05 5e-05 
5e-05 5e-05 5e-05 5e-05 5e-05 5e-05 5e-05 5e-05 5e-05 
5e-05 5e-05 5e-05 5e-05 5e-05 5e-05 5e-05 5e-05 5e-05 
5e-05 5e-05 5e-05 5e-05 5e-05 5e-05 5e-05 5e-05 5e-05 
5e-05 5e-05 5e-05 5e-05 5e-05 5e-05 5e-05 5e-05 5e-05 
5e-05 5e-05 5e-05 5e-05 5e-05 5e-05 5e-05 5e-05 5e-05 
5e-05 5e-05 5e-05 5e-05 5e-05 5e-05 5e-05 5e-05 5e-05 
5e-05 5e-05 5e-05 5e-05 5e-05 5e-05 5e-05 5e-05 5e-05 
5e-05 5e-05 5e-05 5e-05 5e-05 5e-05 5e-05 5e-05 5e-05 
5e-05 5e-05 5e-05 5e-05 5e-05 5e-05 5e-05 5e-05 5e-05 
5e-05 5e-05 5e-05 5e-05 5e-05 5e-05 5e-05 5e-05 5e-05 
5e-05 5e-05 5e-05 5e-05 5e-05 5e-05 5e-05 5e-05 5e-05 
5e-05 5e-05 5e-05 5e-05 5e-05 5e-05 5e-05 5e-05 5e-05 
5e-05 5e-05 5e-05 5e-05 5e-05 5e-05 5e-05 5e-05 5e-05 
5e-05 5e-05 5e-05 5e-05 5e-05 5e-05 5e-05 5e-05 5e-05 
5e-05 5e-05 5e-05 5e-05 5e-05 5e-05 5e-05 5e-05 5e-05 
5e-05 5e-05 5e-05 5e-05 5e-05 5e-05 5e-05 5e-05 5e-05 
5e-05 5e-05 5e-05 5e-05 5e-05 5e-05 5e-05 5e-05 5e-05 
5e-05 5e-05 5e-05 5e-05 5e-05 5e-05 5e-05 5e-05 5e-05 
5e-05 5e-05 5e-05 5e-05 5e-05 5e-05 5e-05 5e-05 5e-05 
5e-05 5e-05 5e-05 5e-05 5e-05 5e-05 5e-05 5e-05 5e-05 
5e-05 5e-05 5e-05 5e-05 5e-05 5e-05 5e-05 5e-05 5e-05 
5e-05 5e-05 5e-05 5e-05 5e-05 5e-05 5e-05 5e-05 5e-05 
5e-05 5e-05 5e-05 5e-05 5e-05 5e-05 5e-05 5e-05 5e-05 
5e-05 5e-05 5e-05 5e-05 5e-05 5e-05 5e-05 5e-05 5e-05 
5e-05 5e-05 5e-05 5e-05 5e-05 5e-05 5e-05 5e-05 5e-05 
5e-05 5e-05 5e-05 5e-05 5e-05 5e-05 5e-05 5e-05 5e-05 
5e-05 5e-05 5e-05 5e-05 5e-05 5e-05 5e-05 5e-05 5e-05 
5e-05 5e-05 5e-05 5e-05 5e-05 5e-05 5e-05 5e-05 5e-05 
5e-05 5e-05 5e-05 5e-05 5e-05 5e-05 5e-05 5e-05 5e-05 
5e-05 5e-05 5e-05 5e-05 5e-05 5e-05 5e-05 5e-05 5e-05 
5e-05 5e-05 5e-05 5e-05 5e-05 5e-05 5e-05 5e-05 5e-05 
5e-05 5e-05 5e-05 5e-05 5e-05 5e-05 5e-05 5e-05 5e-05 
5e-05 5e-05 5e-05 5e-05 5e-05 5e-05 5e-05 5e-05 5e-05 
5e-05 5e-05 5e-05 5e-05 5e-05 5e-05 5e-05 5e-05 5e-05 
5e-05 5e-05 5e-05 5e-05 5e-05 5e-05 5e-05 5e-05 5e-05 
5e-05 5e-05 5e-05 5e-05 5e-05 5e-05 5e-05 5e-05 5e-05 
5e-05 5e-05 5e-05 5e-05 5e-05 5e-05 5e-05 5e-05 5e-05 
5e-05 5e-05 5e-05 5e-05 5e-05 5e-05 5e-05 5e-05 5e-05 
5e-05 5e-05 5e-05 5e-05 5e-05 5e-05 5e-05 5e-05 5e-05 
5e-05 5e-05 5e-05 5e-05 5e-05 5e-05 5e-05 5e-05 5e-05 
5e-05 5e-05 5e-05 5e-05 5e-05 5e-05 5e-05 5e-05 5e-05 
5e-05 5e-05 5e-05 5e-05 5e-05 5e-05 5e-05 5e-05 5e-05 
5e-05 5e-05 5e-05 5e-05 5e-05 5e-05 5e-05 5e-05 5e-05 
5e-05 5e-05 5e-05 5e-05 5e-05 5e-05 5e-05 5e-05 5e-05 
5e-05 5e-05 5e-05 5e-05 5e-05 5e-05 5e-05 5e-05 5e-05 
5e-05 5e-05 5e-05 5e-05 5e-05 5e-05 5e-05 5e-05 5e-05 
5e-05 5e-05 5e-05 5e-05 5e-05 5e-05 5e-05 5e-05 5e-05 
5e-05 5e-05 5e-05 5e-05 5e-05 5e-05 5e-05 5e-05 5e-05 
5e-05 5e-05 5e-05 5e-05 5e-05 5e-05 5e-05 5e-05 5e-05 
5e-05 5e-05 5e-05 5e-05 5e-05 5e-05 5e-05 5e-05 5e-05 
5e-05 5e-05 5e-05 5e-05 5e-05 5e-05 5e-05 5e-05 5e-05 
5e-05 5e-05 5e-05 5e-05 5e-05 5e-05 5e-05 5e-05 5e-05 
5e-05 5e-05 5e-05 5e-05 5e-05 5e-05 5e-05 5e-05 5e-05 
5e-05 5e-05 5e-05 5e-05 5e-05 5e-05 5e-05 5e-05 5e-05 
5e-05 5e-05 5e-05 5e-05 5e-05 5e-05 5e-05 5e-05 5e-05 
5e-05 5e-05 5e-05 5e-05 5e-05 5e-05 5e-05 5e-05 5e-05 
5e-05 5e-05 5e-05 5e-05 5e-05 5e-05 5e-05 5e-05 5e-05 
5e-05 5e-05 5e-05 5e-05 5e-05 5e-05 5e-05 5e-05 5e-05 
5e-05 5e-05 5e-05 5e-05 5e-05 5e-05 5e-05 5e-05 5e-05 
5e-05 5e-05 5e-05 5e-05 5e-05 5e-05 5e-05 5e-05 5e-05 
5e-05 5e-05 5e-05 5e-05 5e-05 5e-05 5e-05 5e-05 5e-05 
5e-05 5e-05 5e-05 5e-05 5e-05 5e-05 5e-05 5e-05 5e-05 
5e-05 5e-05 5e-05 5e-05 5e-05 5e-05 5e-05 5e-05 5e-05 
5e-05 5e-05 5e-05 5e-05 5e-05 5e-05 5e-05 5e-05 5e-05 
5e-05 5e-05 5e-05 5e-05 5e-05 5e-05 5e-05 5e-05 5e-05 
5e-05 5e-05 5e-05 5e-05 5e-05 5e-05 5e-05 5e-05 5e-05 
5e-05 5e-05 5e-05 5e-05 5e-05 5e-05 5e-05 5e-05 5e-05 
5e-05 5e-05 5e-05 5e-05 5e-05 5e-05 5e-05 5e-05 5e-05 
5e-05 5e-05 5e-05 5e-05 5e-05 5e-05 5e-05 5e-05 5e-05 
5e-05 5e-05 5e-05 5e-05 5e-05 5e-05 5e-05 5e-05 5e-05 
5e-05 5e-05 5e-05 5e-05 5e-05 5e-05 5e-05 5e-05 5e-05 
5e-05 5e-05 5e-05 5e-05 5e-05 5e-05 5e-05 5e-05 5e-05 
5e-05 5e-05 5e-05 5e-05 5e-05 5e-05 5e-05 5e-05 5e-05 
5e-05 5e-05 5e-05 5e-05 5e-05 5e-05 5e-05 5e-05 5e-05 
5e-05 5e-05 5e-05 5e-05 5e-05 5e-05 5e-05 5e-05 5e-05 
5e-05 5e-05 5e-05 5e-05 5e-05 5e-05 5e-05 5e-05 5e-05 
5e-05 5e-05 5e-05 5e-05 5e-05 5e-05 5e-05 5e-05 5e-05 
5e-05 5e-05 5e-05 5e-05 5e-05 5e-05 5e-05 5e-05 5e-05 
5e-05 5e-05 5e-05 5e-05 5e-05 5e-05 5e-05 5e-05 5e-05 
5e-05 5e-05 5e-05 5e-05 5e-05 5e-05 5e-05 5e-05 5e-05 
5e-05 5e-05 5e-05 5e-05 5e-05 5e-05 5e-05 5e-05 5e-05 
5e-05 5e-05 5e-05 5e-05 5e-05 5e-05 5e-05 5e-05 5e-05 
5e-05 5e-05 5e-05 5e-05 5e-05 5e-05 5e-05 5e-05 5e-05 
5e-05 5e-05 5e-05 5e-05 5e-05 5e-05 5e-05 5e-05 5e-05 
5e-05 5e-05 5e-05 5e-05 5e-05 5e-05 5e-05 5e-05 5e-05 
5e-05 5e-05 5e-05 5e-05 5e-05 5e-05 5e-05 5e-05 5e-05 
5e-05 5e-05 5e-05 5e-05 5e-05 5e-05 5e-05 5e-05 5e-05 
5e-05 5e-05 5e-05 5e-05 5e-05 5e-05 5e-05 5e-05 5e-05 
5e-05 5e-05 5e-05 5e-05 5e-05 5e-05 5e-05 5e-05 5e-05 
5e-05 5e-05 5e-05 5e-05 5e-05 5e-05 5e-05 5e-05 5e-05 
5e-05 5e-05 5e-05 5e-05 5e-05 5e-05 5e-05 5e-05 5e-05 
5e-05 5e-05 5e-05 5e-05 5e-05 5e-05 5e-05 5e-05 5e-05 
5e-05 5e-05 5e-05 5e-05 5e-05 5e-05 5e-05 5e-05 5e-05 
5e-05 5e-05 5e-05 5e-05 5e-05 5e-05 5e-05 5e-05 5e-05 
5e-05 5e-05 5e-05 5e-05 5e-05 5e-05 5e-05 5e-05 5e-05 
5e-05 5e-05 5e-05 5e-05 5e-05 5e-05 5e-05 5e-05 5e-05 
5e-05 5e-05 5e-05 5e-05 5e-05 5e-05 5e-05 5e-05 5e-05 
5e-05 5e-05 5e-05 5e-05 5e-05 5e-05 5e-05 5e-05 5e-05 
5e-05 5e-05 5e-05 5e-05 5e-05 5e-05 5e-05 5e-05 5e-05 
5e-05 5e-05 5e-05 5e-05 5e-05 5e-05 5e-05 5e-05 5e-05 
5e-05 5e-05 5e-05 5e-05 5e-05 5e-05 5e-05 5e-05 5e-05 
5e-05 5e-05 5e-05 5e-05 5e-05 5e-05 5e-05 5e-05 5e-05 
5e-05 5e-05 5e-05 5e-05 5e-05 5e-05 5e-05 5e-05 5e-05 
5e-05 5e-05 5e-05 5e-05 5e-05 5e-05 5e-05 5e-05 5e-05 
5e-05 5e-05 5e-05 5e-05 5e-05 5e-05 5e-05 5e-05 5e-05 
5e-05 5e-05 5e-05 5e-05 5e-05 5e-05 5e-05 5e-05 5e-05 
5e-05 5e-05 5e-05 5e-05 5e-05 5e-05 5e-05 5e-05 5e-05 
5e-05 5e-05 5e-05 5e-05 5e-05 5e-05 5e-05 5e-05 5e-05 
5e-05 5e-05 5e-05 5e-05 5e-05 5e-05 5e-05 5e-05 5e-05 
5e-05 5e-05 5e-05 5e-05 5e-05 5e-05 5e-05 5e-05 5e-05 
5e-05 5e-05 5e-05 5e-05 5e-05 5e-05 5e-05 5e-05 5e-05 
5e-05 5e-05 5e-05 5e-05 5e-05 5e-05 5e-05 5e-05 5e-05 
5e-05 5e-05 5e-05 5e-05 5e-05 5e-05 5e-05 5e-05 5e-05 
5e-05 5e-05 5e-05 5e-05 5e-05 5e-05 5e-05 5e-05 
