# vtk DataFile Version 5.1
Generated by LIGGGHTS
ASCII
DATASET POLYDATA
POINTS 7003 float
-0.000894007 -0.000908272 -0.0139777 -0.000563974 -0.000970845 -0.0139901 -0.000141243 -0.000868028 -0.0138998 
-3.72624e-05 -0.000911117 -0.0138885 -0.000735592 -0.000700953 -0.0138493 -0.00024612 -0.000801339 -0.0139032 
-8.35526e-05 -0.000721203 -0.0138617 0.000328119 -0.000675836 -0.013872 -0.000967937 -0.000518707 -0.0138567 
-0.000334081 -0.000502934 -0.0139826 -0.000898883 -0.000285423 -0.0138626 0.000423747 -0.000380363 -0.0139202 
0.000824276 -0.000323894 -0.0139608 0.000915105 -0.000338776 -0.0138508 -0.000252854 -0.000203874 -0.0139783 
-0.000206533 -0.000132143 -0.0138544 8.61079e-05 -7.75108e-05 -0.0139698 0.000432938 -7.89461e-05 -0.0139457 
-0.000956243 6.03994e-05 -0.013983 -0.000780337 -1.57168e-05 -0.013853 -0.000690619 5.15758e-05 -0.0138731 
-0.000496191 -4.69066e-05 -0.0139383 0.00056626 -5.02908e-05 -0.0139649 0.000841798 -6.30847e-05 -0.0139746 
-0.000682541 0.000177571 -0.0139492 -0.000387233 0.00011785 -0.0139126 1.83724e-05 0.000225108 -0.013888 
0.000342345 8.70987e-05 -0.0139716 0.000912421 0.000220494 -0.0139437 0.000881106 9.82509e-05 -0.0139653 
-0.00085485 0.000245089 -0.013866 -0.000401053 0.00023767 -0.0139075 -0.000414284 0.000338717 -0.0139623 
-0.000118569 0.000265806 -0.013873 0.000280715 0.000367105 -0.0139093 0.000800368 0.000318513 -0.01385 
-0.000769271 0.000431225 -0.0139819 -0.000624239 0.000524473 -0.0138743 -0.00028026 0.000403238 -0.0139856 
0.000481823 0.000429752 -0.013978 0.000581662 0.000464566 -0.0139755 0.000950046 0.000533427 -0.0139194 
0.00092477 0.000401927 -0.0139738 -0.000314769 0.00056758 -0.013867 -0.000169405 0.000574123 -0.0139807 
-3.23552e-05 0.000586983 -0.0139872 0.000206649 0.000602077 -0.0139803 0.000141198 0.000569944 -0.0138771 
0.000291446 0.000569026 -0.013917 0.000439823 0.000612044 -0.0139401 0.000573986 0.000572168 -0.013943 
-0.0007057 0.000716041 -0.0139789 -0.000280349 0.000760471 -0.0139624 -0.000162763 0.000729229 -0.0138938 
0.000202624 0.000776066 -0.0138673 0.000271772 0.0007395 -0.0139441 0.000498502 0.000746719 -0.0138599 
-0.000641563 0.000876097 -0.0139684 -0.000379139 0.000852088 -0.013857 -0.000317725 0.00088948 -0.0139983 
0.000356028 0.000930153 -0.0138635 0.000521677 0.000984791 -0.0138569 0.000525134 0.000851771 -0.0139197 
-0.000282009 -0.00088045 -0.0137705 7.11991e-05 -0.000943115 -0.0137697 -0.000844102 -0.000766813 -0.0138489 
-0.000531831 -0.000769197 -0.0138106 -0.000301069 -0.000758885 -0.0138082 -0.000895933 -0.000652136 -0.0137347 
-0.000359688 -0.00064854 -0.013826 0.000753455 -0.000668704 -0.0138112 -0.000807729 -0.000531562 -0.013781 
-0.000562638 -0.000411835 -0.0138141 0.000573559 -0.0004878 -0.0137996 -0.000756107 -0.000382 -0.0137281 
-0.000366478 -0.000353491 -0.0137777 0.000129565 -0.000321513 -0.0138096 0.000381471 -0.00024335 -0.0137049 
-0.000473722 -0.000165495 -0.0138277 0.000129859 -0.000103795 -0.0137978 0.000349896 -0.000191716 -0.0138078 
0.000453779 -0.00016768 -0.013817 0.000840179 -7.83549e-05 -0.0137451 0.000842471 -0.000223502 -0.0138334 
0.000989524 -0.000145137 -0.0137549 -0.000845923 1.99334e-05 -0.0137725 -0.000499253 -2.77345e-05 -0.0137236 
-0.000204986 4.8199e-05 -0.0137828 5.07763e-06 -5.91337e-05 -0.0137604 0.000661441 5.4709e-05 -0.0138123 
0.000626042 -4.47496e-05 -0.013819 0.00075188 9.70325e-06 -0.0138356 -0.000636627 0.000133295 -0.0136996 
0.000108271 0.000110376 -0.0137337 0.000301798 0.000213243 -0.0137265 0.000578959 0.000132983 -0.0138096 
0.000740936 0.000159829 -0.0137266 0.000829872 0.000137769 -0.0138313 -0.000728008 0.000421201 -0.0138314 
-0.000305848 0.000436842 -0.0138042 0.000152209 0.000388672 -0.0137856 -0.000842001 0.000664325 -0.0138193 
-0.000639963 0.000666826 -0.0137091 -0.000634037 0.00069145 -0.0138295 0.000241198 0.000608672 -0.0138362 
0.000356008 0.000670271 -0.0138439 0.000326004 0.000616174 -0.0137147 -0.000786602 0.000822743 -0.0137109 
-0.000494307 0.000792265 -0.0137657 -0.00041938 0.000696273 -0.0138019 -0.000217845 0.000783673 -0.0138218 
0.000367627 0.000755027 -0.0137525 0.000264103 0.000760692 -0.0137614 -0.000141499 0.000960914 -0.0137924 
0.000134599 0.000962635 -0.013849 0.000394834 0.000886287 -0.0137554 -0.000360245 -0.000920409 -0.0136199 
-8.81861e-05 -0.00084913 -0.0136564 -0.00014992 -0.000932801 -0.0136682 0.000230565 -0.000884671 -0.01358 
0.000508865 -0.000946602 -0.0136225 0.000888698 -0.000909101 -0.013661 -0.000483086 -0.000736988 -0.0135709 
0.00031134 -0.000832094 -0.0136959 0.000555514 -0.000753116 -0.0136172 5.18033e-05 -0.000684393 -0.0136725 
0.000255592 -0.000541269 -0.013634 0.00071146 -0.000584997 -0.0136485 -0.000242174 -0.000430454 -0.0135735 
-1.41801e-05 -0.00038794 -0.0136405 0.000935536 -0.000520552 -0.0135971 0.00036493 -0.000312163 -0.0135832 
0.000659332 -0.000300743 -0.0136205 0.000880487 -0.00027211 -0.0135632 -0.000205587 -0.000126109 -0.0135907 
-2.72551e-05 -0.000123364 -0.0136279 0.000171398 -0.00012243 -0.0135847 0.00046147 -0.000230265 -0.0136023 
0.000357651 2.94114e-05 -0.0136444 0.0004287 -5.92483e-05 -0.0135582 0.000849434 2.71664e-05 -0.0136047 
0.000950971 6.07294e-05 -0.0135862 0.000175507 0.000339132 -0.013682 0.000453217 0.000236681 -0.0136197 
-0.000579306 0.000422536 -0.0136518 -0.000136078 0.000448409 -0.0135847 0.000502628 0.000497223 -0.0135976 
0.000649818 0.000400366 -0.013623 0.000801407 0.0004253 -0.0136437 -0.000407951 0.000621181 -0.013678 
-0.000190334 0.000633924 -0.0136665 0.000802302 0.000562991 -0.0136517 -0.000969008 0.000721321 -0.0136981 
-0.000674952 0.000792944 -0.013657 0.000693552 0.000748477 -0.0135989 0.000188516 0.000874803 -0.0135696 
-0.00046781 -0.000898085 -0.0134794 -0.000188662 -0.000872023 -0.0135041 0.000587209 -0.00089779 -0.0134071 
-0.000292198 -0.000789616 -0.0134673 0.00041877 -0.000833557 -0.0134337 0.000568798 -0.0007017 -0.0134747 
0.000775516 -0.000794221 -0.0134275 0.000978337 -0.00079785 -0.013505 -0.000973095 -0.000620417 -0.0134605 
-0.000501086 -0.000632759 -0.0134656 0.000298468 -0.000644962 -0.0133994 0.000403815 -0.000547745 -0.0134594 
-0.000885545 -0.00044387 -0.0134153 -8.7078e-05 -0.000401447 -0.0135041 0.000727577 -0.000460064 -0.0135231 
-0.000941112 -0.000268828 -0.0135098 -0.000132769 -0.000233936 -0.0134232 0.000112837 -0.000233293 -0.0134329 
0.000594212 -0.000313182 -0.0134786 -0.000702231 -8.43197e-05 -0.0134341 -0.000470423 -0.000193612 -0.0135102 
-0.000301247 -0.000211894 -0.013461 8.03951e-05 -0.000156464 -0.0135326 0.000453942 -0.000149041 -0.0134906 
-0.000911277 -3.05395e-05 -0.0135335 0.000432835 -2.33874e-05 -0.0134387 -0.000587662 0.000152135 -0.013521 
-0.000683753 0.000120199 -0.013402 0.000589397 8.68481e-05 -0.013495 0.000844039 0.000117135 -0.0134272 
-0.00060822 0.000243936 -0.0134204 -0.000481757 0.000292818 -0.0134883 -0.000333548 0.000256293 -0.0135113 
3.66188e-05 0.000291644 -0.0134294 0.000337585 0.000264031 -0.0135031 0.000606868 0.000332437 -0.0134854 
0.000780738 0.00034127 -0.013514 0.000731632 0.000295004 -0.0134334 -0.000265057 0.000408502 -0.0134276 
-2.06423e-05 0.000525393 -0.013488 0.000552428 0.000401511 -0.013425 -0.000364613 0.00056641 -0.0134677 
-0.00019839 0.000676334 -0.0134504 2.517e-05 0.000654736 -0.0135409 0.000225296 0.000645461 -0.013493 
0.000842928 0.00062525 -0.0135202 -0.000492398 0.000789255 -0.0134 -0.000243074 0.000837707 -0.0135412 
-0.000356522 0.000890903 -0.0134355 7.11954e-05 0.0009796 -0.013458 0.00052683 0.000849364 -0.0135043 
-7.04388e-05 -0.000891267 -0.0133416 0.000302336 -0.000946171 -0.0133266 0.00040555 -0.000856298 -0.0132977 
0.000466284 -0.000764303 -0.0132549 0.000901326 -0.000738643 -0.0132646 -0.000782371 -0.000685668 -0.0133528 
-0.000822369 -0.000583206 -0.0133323 -0.000604151 -0.000645026 -0.0133773 -0.000528694 -0.000625776 -0.0132538 
-0.000179719 -0.0005472 -0.0132841 0.000457189 -0.000669742 -0.0133627 0.000628866 -0.000606782 -0.0133386 
0.000815168 -0.000599096 -0.0133328 -0.000615491 -0.000421855 -0.0132818 0.000379008 -0.000467591 -0.0132606 
0.000510182 -0.000529884 -0.0132644 0.000489206 -0.000428592 -0.0132902 0.000565918 -0.000514727 -0.0133672 
-0.000898824 -0.000255787 -0.0132486 -0.000539329 -0.000302395 -0.0132635 -0.000193469 -0.000312133 -0.0133147 
9.64869e-05 -0.000336012 -0.0133418 0.000378989 -0.000247153 -0.0133357 0.000822297 -0.000334785 -0.0133352 
0.000969078 -0.000273083 -0.013271 -0.000989175 -0.000186756 -0.0132678 0.000222105 -0.000127877 -0.0133058 
0.00073053 -0.000134963 -0.0133688 -0.000529403 -3.5903e-05 -0.0133654 -0.000256875 -4.9796e-07 -0.013286 
-2.02897e-05 7.79485e-06 -0.0132871 0.000700457 -6.55227e-05 -0.0132711 -0.000720347 0.000168927 -0.013266 
-0.000115427 9.57352e-05 -0.0133275 -0.000672078 0.00027466 -0.0132932 0.000873018 0.00023165 -0.0133119 
-0.000724713 0.000443837 -0.0133583 -0.000382647 0.000500067 -0.0133046 0.000723016 0.000470489 -0.0133399 
0.000897951 0.000593796 -0.0133825 0.000183484 0.000700726 -0.0132748 0.000476353 0.000835037 -0.0133621 
-0.000587712 0.000873184 -0.0133451 -0.000420237 0.000968311 -0.0132989 -0.000247095 0.000919538 -0.0133301 
-0.00093177 -0.000978681 -0.0131754 -0.000485075 -0.000940852 -0.0132207 0.00038272 -0.00091702 -0.0132015 
0.000482938 -0.000899282 -0.0132065 0.000892666 -0.000948943 -0.0131452 4.49317e-05 -0.000785945 -0.0131994 
0.000611542 -0.000814944 -0.0131271 0.000649909 -0.000708747 -0.0131848 0.000801824 -0.000759118 -0.0131874 
-0.000658431 -0.000596481 -0.0131135 -0.000219671 -0.000555069 -0.013179 -0.000112071 -0.00059207 -0.0130964 
0.000135714 -0.000586511 -0.0131671 0.000636742 -0.000572736 -0.0131051 0.000755827 -0.000606369 -0.0132156 
0.000836715 -0.00055404 -0.0131597 -0.000391665 -0.000513038 -0.0131735 0.000589653 -0.000422709 -0.0131085 
-0.000790223 -0.000320919 -0.0131604 0.000435801 -0.000342523 -0.0132322 0.000976997 -0.000255879 -0.0131548 
-0.000546072 -0.000152739 -0.0132152 -0.000421822 -0.000134758 -0.0131936 -0.000245975 -0.000186018 -0.0131132 
-0.000334024 -0.000147309 -0.0131453 0.000382894 -0.000157373 -0.0131462 0.000373044 -0.000225942 -0.0132331 
0.000581064 -0.000126576 -0.0132453 0.000922225 -0.000121765 -0.0131658 -0.000729888 4.46535e-05 -0.0131165 
-0.00061294 3.55418e-06 -0.0131085 -0.000163844 7.61693e-05 -0.0131172 4.38844e-05 1.04828e-05 -0.013131 
0.000767463 -3.61146e-05 -0.0131733 -0.000245171 0.000181338 -0.0131169 0.000793636 8.91725e-05 -0.0131084 
-0.000621917 0.000261609 -0.0131001 0.00045319 0.000309667 -0.0131825 -0.000487201 0.000482657 -0.0132019 
-0.000392895 0.000511719 -0.0131613 0.00055762 0.000496274 -0.0131307 0.000932071 0.000529371 -0.0131601 
-0.000650575 0.000644157 -0.0131063 0.000313818 0.000629647 -0.0132183 0.000824872 0.000576312 -0.0131921 
5.01683e-05 0.000728265 -0.0131122 0.000689981 0.000766892 -0.0132175 -0.000217048 0.000999105 -0.013235 
-4.87647e-05 0.000901162 -0.0132318 0.000299604 0.000921425 -0.0131301 0.000467086 0.000979366 -0.0132359 
-0.000965402 -0.000848654 -0.0130466 -7.70648e-05 -0.000862681 -0.0129454 4.47714e-05 -0.000885211 -0.0130459 
0.000336385 -0.000952398 -0.0129655 -0.000821908 -0.000792793 -0.0130411 -0.000223789 -0.000737813 -0.0129917 
0.0004182 -0.000779786 -0.0130854 0.000650113 -0.000808548 -0.0129592 -0.000625099 -0.000573453 -0.0129889 
0.000789586 -0.000575222 -0.0129826 -0.000870164 -0.000478063 -0.0130123 1.9083e-05 -0.000534183 -0.0130424 
0.000255047 -0.000514652 -0.0129504 0.000495253 -0.000396093 -0.0130461 0.000652435 -0.000473066 -0.0129709 
-0.000553487 -0.000376174 -0.0130102 0.000364275 -0.000291141 -0.0130812 0.000697797 -0.000340359 -0.0130739 
-9.87986e-05 -0.000157777 -0.0130447 0.000516437 -0.000109757 -0.0130095 0.000548961 -0.000224786 -0.0130619 
-0.000551744 9.70189e-05 -0.0130834 -0.000149314 0.000181404 -0.0130568 4.79669e-05 0.00037751 -0.0130402 
0.00050582 0.000325346 -0.0130117 -0.000422079 0.000521609 -0.0130198 -6.81283e-05 0.000571351 -0.013066 
0.000735134 0.00057526 -0.0129798 -0.000893256 0.000810353 -0.0130284 0.000209419 0.000731527 -0.0129966 
0.000908942 0.000747018 -0.0129927 -0.000915039 -0.000963668 -0.0129038 -0.000631427 -0.000968145 -0.0128618 
-0.000334781 -0.000883451 -0.0128474 0.000174813 -0.000964352 -0.0128272 0.000993542 -0.000898096 -0.0128527 
-0.000202987 -0.000743368 -0.0128867 0.000140418 -0.000786782 -0.0129097 0.00051513 -0.000837099 -0.0129172 
0.000904612 -0.000833293 -0.0128515 -0.000482563 -0.000604271 -0.012921 -0.000314457 -0.000668397 -0.0128603 
-0.000173044 -0.000621521 -0.0129276 7.10629e-05 -0.000550714 -0.0128416 0.000201867 -0.000645638 -0.0128863 
0.000363772 -0.000547673 -0.0129215 0.000437011 -0.000686268 -0.0128169 0.000808558 -0.000648233 -0.0129174 
-0.000768114 -0.000397976 -0.0129413 -0.000503718 -0.000504513 -0.0129264 -0.000181853 -0.000412584 -0.0128419 
0.000259606 -0.000439751 -0.0128256 0.000688761 -0.000407852 -0.0128246 -0.000586352 -0.00031064 -0.0128096 
-0.000506668 -0.000291367 -0.0128694 -1.33788e-05 -0.000293041 -0.0128732 0.000120642 -0.000317678 -0.0129331 
0.000736549 -0.000342131 -0.0128846 -0.000958924 -0.000154613 -0.0128012 0.000109149 -3.38544e-05 -0.01289 
0.000267876 1.79098e-05 -0.0129122 0.000982862 -5.03133e-06 -0.0128281 -0.000682962 7.82857e-05 -0.012915 
-0.000473551 0.000120516 -0.0128694 -1.57613e-05 0.00034223 -0.0128701 -7.30019e-05 0.00027661 -0.0128225 
-0.000439011 0.000508845 -0.0128583 -0.000196654 0.000393229 -0.0128449 -0.000163528 0.000511763 -0.0128443 
0.000560914 0.000399382 -0.0129408 6.81666e-05 0.000581036 -0.0128853 0.00072435 0.000643075 -0.012831 
-0.00044844 0.000782435 -0.0128983 -0.000979842 0.000911649 -0.0128722 -0.000568581 0.000907 -0.0128751 
0.000369015 0.000898991 -0.0129287 -0.000287268 -0.000785131 -0.012785 -0.000357304 -0.000731045 -0.0127381 
0.00068314 -0.000693417 -0.012677 0.000561767 -0.000782273 -0.0127711 -0.000838472 -0.000656012 -0.0127757 
-0.000550174 -0.000664038 -0.0127828 -9.86588e-05 -0.000644412 -0.0126763 -0.000138759 -0.00055751 -0.0127067 
0.000280488 -0.000547681 -0.0126984 -0.00068609 -0.000438312 -0.012667 0.000598298 -0.000407578 -0.01273 
-0.000634364 -0.000371701 -0.0127294 -0.000422538 -0.000383132 -0.012774 -9.97558e-05 -0.000252668 -0.0126627 
0.000682461 -0.000316963 -0.0127665 -0.000466394 -0.000152807 -0.0126911 0.000418664 -9.79779e-05 -0.012676 
-0.000691829 -6.88498e-05 -0.0127382 -0.000290596 -3.14207e-05 -0.0127214 0.000499228 -4.75583e-05 -0.012781 
0.000814855 1.76938e-09 -0.0127614 -0.000434097 0.000226214 -0.0127578 -0.000314524 0.000198627 -0.0126759 
0.000253181 9.28584e-05 -0.01272 0.000621831 0.000201222 -0.0127918 -0.000719097 0.000270318 -0.0126882 
-0.000372586 0.000379264 -0.0126918 0.000298187 0.000331888 -0.0127863 -0.000488253 0.000476767 -0.0127278 
-0.000817878 0.000595397 -0.0127635 0.000102881 0.00064321 -0.0127281 0.000428624 0.000539929 -0.012781 
0.000755264 0.000690684 -0.0126435 0.000633291 0.000838889 -0.0127016 -0.000350368 0.000862606 -0.0127867 
-0.00095016 -0.000847024 -0.0125216 -0.000763146 -0.000927005 -0.0126109 -0.000467599 -0.000958393 -0.0124992 
-0.000328564 -0.000851751 -0.0125292 -0.000148317 -0.000866624 -0.0126232 -0.000723158 -0.000726738 -0.0125517 
-0.000214948 -0.000693815 -0.0125352 8.90681e-05 -0.000810723 -0.0126413 0.000804875 -0.000807614 -0.012515 
-0.000281917 -0.000636813 -0.0126126 -0.0005405 -0.000530701 -0.0125805 0.000454529 -0.000469952 -0.0125353 
-0.00080198 -0.000242611 -0.0125569 -0.000837634 -0.000367222 -0.012571 -0.000700673 -0.000349975 -0.0125364 
-0.000419715 -0.000361429 -0.012562 -0.000408824 -0.000104249 -0.0125029 -0.000322773 -8.84322e-05 -0.0126174 
0.000353993 -0.00015644 -0.0126273 0.000517879 -7.91304e-05 -0.0125676 -0.000355572 5.56936e-05 -0.012523 
-0.000613692 0.000221505 -0.0125117 7.98699e-05 0.000196411 -0.0125127 0.000515886 0.000172223 -0.0125553 
-0.000111946 0.000250821 -0.0125551 3.24019e-05 0.00030794 -0.0126368 -0.000177947 0.000391715 -0.0125322 
0.000651572 0.000444044 -0.0126362 0.00099414 0.000410869 -0.0126242 -0.000722961 0.000649404 -0.0125776 
-0.000839246 0.000686377 -0.0125446 -0.00047873 0.00064449 -0.012587 -0.000196897 0.000595925 -0.012607 
-7.03781e-05 0.000627968 -0.0125796 0.000964734 0.000574751 -0.0125383 -0.000618219 0.000699542 -0.0125296 
-0.00016291 0.000769142 -0.012639 -0.000671691 0.000895029 -0.012582 -0.000725065 -0.000918722 -0.0124305 
-0.000272293 -0.000755259 -0.0123703 0.000877691 -0.000721421 -0.0124702 -0.000802725 -0.000637569 -0.0124585 
-0.000255352 -0.000577168 -0.0124872 -0.000612741 -0.000460855 -0.0123476 9.19556e-05 -0.000419183 -0.0124853 
0.000133062 -0.000386842 -0.0123776 -0.000267974 -0.000346584 -0.01244 0.00050308 -0.000231998 -0.0124499 
0.000802045 -0.000273956 -0.0123827 0.000907848 -0.000317912 -0.0124856 -0.000724967 -0.000184529 -0.0123595 
-3.02812e-06 -0.000214016 -0.0124898 0.00047946 -0.000125361 -0.0123531 0.000941729 -1.49639e-05 -0.0124342 
-0.00034642 0.000123891 -0.0124408 0.000813788 0.000226809 -0.0123502 0.000986556 0.000128792 -0.0124736 
-0.00043774 0.000280871 -0.0123562 0.000655674 0.000533839 -0.0124498 -0.00067698 0.000563054 -0.0123668 
-0.000380579 0.000680668 -0.0123441 -0.000108351 0.000558642 -0.0124066 0.000335203 0.000580143 -0.0123498 
0.000874053 0.000638317 -0.0124256 -0.000605463 0.000775699 -0.012393 0.000182426 0.000749911 -0.0124658 
0.000386696 0.000763984 -0.012447 0.000735495 0.000976034 -0.0124677 -0.000648918 -0.000968792 -0.0123018 
-0.000327325 -0.000859309 -0.0123049 0.000300502 -0.000702432 -0.0122506 -6.63613e-05 -0.00055941 -0.0122801 
-0.000364643 -0.00049409 -0.0122809 0.000712616 -0.000482359 -0.0122324 -0.00094852 -0.000281414 -0.0122915 
-0.000451968 -0.000277119 -0.0123348 5.67878e-05 -0.000345221 -0.0122153 -0.000833401 -0.000125411 -0.0123217 
0.00029863 -0.000118568 -0.0122457 -0.000957906 -4.37649e-05 -0.012292 -1.25274e-05 -4.58055e-05 -0.012237 
-3.16998e-05 0.000191396 -0.0122134 0.000205031 0.00019338 -0.0123003 0.000340368 0.000245535 -0.0122194 
0.000304865 0.000336282 -0.0122599 0.000455671 0.000238765 -0.0122494 0.000482246 0.00032545 -0.0122951 
-0.000834256 0.000454885 -0.0123334 -0.000598406 0.000531661 -0.0123129 -0.000113119 0.00046699 -0.0122636 
0.000465606 0.000476834 -0.0122479 -0.000488211 0.000616367 -0.0122393 -0.000246565 0.000770037 -0.0123399 
0.000581507 0.000703249 -0.0121979 -0.000372777 0.000889176 -0.0122515 0.000178143 0.000906322 -0.0123009 
-0.000387706 -0.000921661 -0.0120692 -0.00018434 -0.000756133 -0.0120765 0.000897638 -0.000812345 -0.0120807 
-0.000949395 -0.000646367 -0.0120681 -0.000537494 -0.000669905 -0.0121605 -0.000333036 -0.000635837 -0.0121789 
-6.06743e-05 -0.000599232 -0.012045 -8.08008e-05 -0.00044355 -0.0121154 0.000379976 -0.000462588 -0.0121304 
-0.000512632 -0.000261754 -0.0121885 -0.000431422 -0.000374478 -0.0121661 -0.000423839 -0.000377761 -0.0120594 
0.000678484 -0.000273176 -0.0121609 -0.000765724 -0.000179272 -0.0121417 -0.000540494 -0.000147292 -0.0121616 
-0.000801989 -1.30103e-05 -0.0121318 -0.000382892 2.27714e-05 -0.0121138 1.19857e-05 -7.32084e-05 -0.0120561 
0.00034373 7.1766e-05 -0.0120632 0.000392348 2.9353e-05 -0.0121803 0.000900543 -6.17555e-05 -0.0121055 
-0.000874774 0.000182163 -0.0120392 -0.000805909 9.2887e-05 -0.0120715 9.46422e-05 9.7973e-05 -0.0121576 
0.000106837 0.000146107 -0.0120556 0.000254721 0.000140899 -0.0121796 0.000626922 0.000209711 -0.0121611 
0.000341075 0.000357566 -0.0120632 0.000712364 0.000273376 -0.0121639 -0.000561527 0.000510416 -0.0120887 
9.55545e-05 0.000505528 -0.0121005 0.000234 0.000415148 -0.0121376 -0.000144137 0.000671675 -0.0121777 
-4.60858e-05 0.000636004 -0.01215 -7.43519e-05 0.000844643 -0.0121628 0.000173142 0.000773708 -0.012146 
-0.000248801 0.000983909 -0.0121445 -0.00060298 -0.000869211 -0.0119952 -0.000128295 -0.000848049 -0.0119416 
-4.35104e-06 -0.000841346 -0.0120333 0.000222987 -0.000797077 -0.0120026 5.16783e-05 -0.000541496 -0.0119859 
-0.000696765 -0.000419775 -0.0120032 -0.00014486 -0.000409217 -0.0119259 0.000161239 -0.000494728 -0.0119239 
0.000775321 -0.000435708 -0.0119099 -0.00052184 -0.000247757 -0.011961 -0.000284497 -0.000373138 -0.0119494 
0.000502204 -0.00034983 -0.0119241 -0.000812631 -0.000103675 -0.0119026 0.000562117 -0.000185852 -0.0119405 
-0.000945606 3.53413e-05 -0.011934 -0.000542897 3.43968e-05 -0.0119973 0.000319684 5.27774e-05 -0.0119629 
0.000492369 2.61646e-05 -0.011984 -0.000771454 8.55901e-05 -0.0119431 -0.000104823 0.000144919 -0.0119521 
-0.00010527 0.000333644 -0.0119726 0.000691061 0.000384349 -0.0119991 0.000702271 0.000269235 -0.0119503 
-0.000983673 0.000500062 -0.0119661 -0.000671773 0.000440889 -0.0119085 -2.07342e-05 0.000499494 -0.0118956 
0.000210547 0.00044389 -0.0120383 0.000706526 0.000538164 -0.0118969 0.000380704 0.000618952 -0.0119392 
0.000507867 0.000551555 -0.012014 -0.000204164 0.000735573 -0.0119779 -0.000689021 0.000902862 -0.0120055 
-7.56651e-05 0.000862478 -0.0119529 -0.000679085 -0.000938841 -0.0118765 -0.000508302 -0.000857998 -0.0118758 
0.000367233 -0.000855029 -0.0118487 0.000517924 -0.000852225 -0.0118233 -0.000358718 -0.000842619 -0.0118734 
0.000681837 -0.000841223 -0.0118128 -0.0007901 -0.000688359 -0.0117404 -0.000148531 -0.000674738 -0.0118825 
-0.00096256 -0.000436787 -0.0117505 5.26917e-05 -0.000397335 -0.0118116 0.000590003 -0.000456586 -0.0118298 
0.00060042 -0.000272128 -0.0118338 -0.00016923 -9.32198e-05 -0.0118405 -3.34057e-06 -0.000106892 -0.0117793 
0.000160691 -0.000211037 -0.0118506 0.000266204 -0.000153402 -0.0118686 0.000374238 -0.000169587 -0.0117743 
0.000505605 -0.000177718 -0.0117644 0.00087779 -0.000209749 -0.0117969 -0.000114285 3.93723e-06 -0.0118802 
0.000812814 5.593e-06 -0.011749 0.000883195 3.74706e-05 -0.0118788 -0.000472099 0.000203728 -0.01182 
-0.000242675 0.000225989 -0.0118369 0.000856404 0.000220437 -0.011772 -0.000823918 0.000291008 -0.0117764 
-0.000636999 0.000242078 -0.0118449 0.000189961 0.00035116 -0.011787 0.000410659 0.00031724 -0.0118034 
-0.000814748 0.000422145 -0.011839 -0.000990809 0.000567634 -0.0118101 0.000567577 0.000549039 -0.0117788 
0.000745485 0.000599012 -0.0117441 0.000488499 0.000792488 -0.0118388 0.00018387 0.00093388 -0.0118576 
-0.000902806 -0.000900062 -0.0116934 -0.000642349 -0.000921138 -0.0116667 -0.000535948 -0.000884735 -0.0116553 
0.000157443 -0.000847819 -0.0116189 0.000344963 -0.000914573 -0.0116102 -0.000381085 -0.000751218 -0.0116501 
4.76448e-05 -0.000842145 -0.0116583 0.000403819 -0.000810085 -0.0117135 0.000598935 -0.000790733 -0.0116363 
0.000443702 -0.000611082 -0.0115867 -0.000154829 -0.000423587 -0.0116417 -6.00546e-05 -0.000514266 -0.0116757 
0.000817054 -0.00045718 -0.0116393 -0.000124455 -0.000282804 -0.0116128 0.000127668 -0.000280527 -0.0117207 
0.000176053 -0.000359574 -0.0116695 0.000953503 -0.000268142 -0.0117007 -0.000665787 -0.000173408 -0.0117272 
-0.00050043 -0.000193027 -0.0117192 0.000326447 -0.000157126 -0.0116696 0.000785629 -0.000104575 -0.0116947 
-0.000164915 7.25571e-05 -0.011628 -5.11825e-05 -1.77722e-05 -0.0116874 7.58483e-05 0.000111081 -0.0117208 
0.000701471 8.31815e-05 -0.0116562 8.11428e-05 0.000360345 -0.0116582 -0.000381386 0.000537652 -0.0116589 
-7.31778e-06 0.000459028 -0.0117187 -0.000831904 0.000629181 -0.0116386 6.67381e-05 0.000679062 -0.011705 
0.000165033 0.000645396 -0.0116653 0.000375921 0.000675066 -0.0116511 0.000622202 0.000687884 -0.0117019 
0.000894512 0.000677179 -0.0116717 -0.00086753 0.000835453 -0.011705 -0.000467407 0.00071837 -0.0116405 
0.000610905 0.000790643 -0.0115998 0.000119009 0.000935284 -0.0115891 -0.000757515 -0.00086491 -0.0114996 
0.000433327 -0.000881762 -0.0115468 -0.000524584 -0.000795649 -0.0115448 -0.0004173 -0.000719012 -0.0115373 
-0.000538113 -0.000727434 -0.0114529 1.87992e-06 -0.000697435 -0.0115789 0.000204571 -0.000735868 -0.0115644 
8.71528e-05 -0.000717161 -0.0115268 0.000436146 -0.00073321 -0.0115793 0.000957956 -0.000748434 -0.0114643 
-0.000835238 -0.000689415 -0.0114429 8.47644e-05 -0.000579268 -0.0115626 0.000621185 -0.000683238 -0.0115157 
-0.000752277 -0.000532504 -0.0114989 -0.000686506 -0.000425126 -0.0115794 0.000722937 -0.000508281 -0.0114733 
0.000879273 -0.000521722 -0.0114589 -0.000877449 -0.000238767 -0.0115295 -0.000540487 -0.000263175 -0.0115552 
-5.35259e-05 -0.000321829 -0.0114969 0.000189027 -0.000294702 -0.0115202 0.00075988 -0.000282399 -0.0115728 
0.000118559 -0.000220203 -0.0115222 0.000717758 -9.11261e-05 -0.0115812 -0.000950055 -5.76654e-05 -0.0115638 
-0.000743501 3.41549e-05 -0.0114821 -0.000160411 -6.12931e-05 -0.0115401 0.000739265 7.02465e-05 -0.0115571 
0.000232777 0.000148667 -0.0114675 -0.000101646 0.000308714 -0.0115607 -0.000201882 0.000379187 -0.0114362 
-0.000673944 0.000507433 -0.0114473 -0.000272972 0.000393832 -0.0115308 -0.000214463 0.000472061 -0.0114803 
0.000367015 0.000481348 -0.011581 0.000631812 0.000414698 -0.0114861 -0.000992864 0.000682157 -0.0114373 
-5.94038e-05 0.00061523 -0.0115756 0.000307205 0.000578434 -0.0115568 0.000536319 0.000677607 -0.0114831 
0.000601158 0.000561542 -0.0115098 -0.000511459 0.000742897 -0.0114358 -0.000257455 0.000787742 -0.0115674 
3.02965e-05 0.000763132 -0.0115641 -0.000789985 0.000878348 -0.0114578 0.000234574 0.000970667 -0.0115568 
0.000801288 -0.000942238 -0.0113359 -0.000261872 -0.000722676 -0.011333 0.000677575 -0.000769796 -0.0114343 
7.42941e-05 -0.000561715 -0.011381 0.000972314 -0.000560779 -0.0113267 0.000905957 -0.000655928 -0.0113624 
-0.000346377 -0.000397952 -0.0113364 -0.000239969 -0.000446448 -0.0113619 0.000295613 -0.000525449 -0.0114276 
0.00027328 -0.000422957 -0.0113225 0.000571256 -0.000463583 -0.0113431 -0.000265414 -0.000374425 -0.0114256 
9.21889e-06 -0.00029121 -0.0113173 0.000139666 -0.000242198 -0.0114221 -0.000361136 -0.000192436 -0.0114329 
-0.00019316 -9.32205e-05 -0.01137 0.000401297 -0.000181904 -0.0113795 0.00044347 -8.78361e-05 -0.0113733 
-0.00070691 4.57154e-05 -0.011384 -0.000803066 -5.33387e-05 -0.01136 -0.000428675 -3.41157e-05 -0.0114213 
-0.000355509 5.76062e-05 -0.0113873 -0.000227133 4.4557e-05 -0.0113059 2.79072e-05 -2.52026e-05 -0.011427 
-9.27344e-06 -5.25908e-05 -0.0113264 0.000269898 3.09401e-05 -0.0113993 0.000487576 2.25069e-05 -0.0113972 
0.000663734 -3.73733e-05 -0.0114132 -0.000544238 0.000162941 -0.0113169 0.000518716 0.000137733 -0.0114081 
0.000387685 0.000212963 -0.0113234 -0.000994153 0.000382834 -0.011428 -0.000814544 0.0002813 -0.011341 
-0.000610668 0.000324129 -0.0112868 0.000216519 0.000272258 -0.0112888 0.000330338 0.000357226 -0.0114161 
0.000953213 0.00032996 -0.0113031 5.44003e-05 0.000520946 -0.0113358 0.000156412 0.000456727 -0.0113711 
0.000444898 0.000530938 -0.0113516 -0.000750219 0.0006666 -0.0113026 -0.000152369 0.000550153 -0.011338 
0.000980104 0.000573118 -0.0114 0.000998767 0.000662274 -0.0113466 -0.000658602 0.000817001 -0.0113153 
-3.00156e-05 0.000804151 -0.0113618 -0.000731787 0.0008481 -0.0113752 -0.000874742 -0.000854269 -0.0112645 
-0.000200024 -0.000924543 -0.0111596 -0.000237514 -0.000701828 -0.0111811 -0.000100871 -0.000740774 -0.011144 
0.000459329 -0.000753934 -0.0112747 0.000294058 -0.000629992 -0.0112821 -0.000740796 -0.00030799 -0.0111778 
-8.72149e-05 -0.000244099 -0.011265 0.000488068 -0.000294207 -0.0111601 -0.000291877 -0.000218351 -0.0111512 
6.63639e-05 -0.000182378 -0.0111501 -6.5439e-05 -0.000144545 -0.0112658 0.000160878 -0.000125321 -0.011255 
0.000258638 -0.000144558 -0.0111783 0.000385234 -0.000182858 -0.0112283 0.000455341 -0.000157386 -0.011152 
-0.000796282 -4.12822e-05 -0.0111556 0.000245241 -1.18032e-05 -0.0111833 -0.000222157 0.000136598 -0.011266 
0.000140816 0.000200786 -0.0112295 0.00038765 0.000127724 -0.0112109 0.000963774 0.000212218 -0.0112352 
-0.000346572 0.000255678 -0.0112516 0.000312244 0.00035049 -0.0111839 -0.000256992 0.000469991 -0.0111972 
9.29086e-05 0.00049835 -0.0112129 0.00078288 0.000405114 -0.011268 0.000914002 0.000423488 -0.0112526 
-0.000618115 0.000645788 -0.0112002 -0.000199002 0.000665671 -0.0111455 5.41948e-05 0.000655765 -0.0112808 
0.000488443 0.000697994 -0.0112283 0.000687525 0.000701927 -0.0111466 -0.000556343 0.000864216 -0.0112475 
0.000163544 0.000876375 -0.0111696 0.000237974 0.000903695 -0.0112322 -0.000927028 -0.000898615 -0.0110492 
-0.000809388 -0.000917355 -0.0109976 -0.000438479 -0.000988143 -0.0111283 0.000722171 -0.000872909 -0.0111171 
-6.7824e-05 -0.000811622 -0.0110798 4.424e-05 -0.000761104 -0.0110142 0.000285432 -0.000772907 -0.0110269 
-0.000988125 -0.000541254 -0.0109898 -0.000650323 -0.000664404 -0.0110855 -0.000531463 -0.000623209 -0.0109958 
0.000433549 -0.000545019 -0.0111082 0.000545668 -0.000663239 -0.0110507 0.000998793 -0.00066564 -0.0110149 
-0.000675494 -0.000460303 -0.0111305 -0.000253007 -0.00046833 -0.0110572 0.000151034 -0.000410639 -0.0110918 
0.000360757 -0.000519284 -0.0110073 -0.000734476 -0.000347796 -0.011032 -0.000733468 -0.000100583 -0.011007 
-0.000334121 -0.000193266 -0.011056 -0.000123814 -0.000148748 -0.0109838 0.000535501 -0.000120972 -0.0110826 
0.00041594 -0.000205976 -0.0110097 0.000917836 -8.03909e-05 -0.0110023 0.000127456 6.93559e-05 -0.0110966 
-0.000598687 0.000163124 -0.0110897 0.00045854 0.000103855 -0.011118 0.000665035 0.000132744 -0.0111259 
-0.000514034 0.000343583 -0.0111144 -0.000191575 0.000438399 -0.0110536 -0.000882185 0.00063001 -0.0110016 
-0.000697355 0.000622528 -0.0110213 -0.000143665 0.000591348 -0.0110067 -1.58841e-06 0.00056902 -0.0110207 
0.000189082 0.000608604 -0.0109917 0.000274595 0.000669334 -0.0109945 0.000393146 0.000652981 -0.0111225 
0.000503024 0.000672991 -0.0110783 -0.000934224 0.000802912 -0.01101 -0.000494464 0.000694575 -0.0110387 
0.000679679 0.00076564 -0.0110464 -0.00066704 0.000851429 -0.0110777 -0.000428265 0.00088239 -0.011057 
-0.000245518 0.000969576 -0.0111001 -1.00428e-05 0.000956311 -0.0111244 0.000374182 0.000925835 -0.0111062 
-0.000592331 -0.000975251 -0.0109248 0.00020752 -0.000847046 -0.0109512 -0.00071845 -0.000791723 -0.0108342 
-0.000228075 -0.000709911 -0.0109705 0.000107966 -0.00082631 -0.0108896 0.000684813 -0.00077668 -0.0108381 
-0.00086231 -0.000562031 -0.0108411 0.00090114 -0.000559434 -0.0109295 -0.000229207 -0.000477404 -0.0108534 
0.000571935 -0.000464267 -0.0109485 -0.000938274 -0.000278336 -0.0109091 -0.000179019 -0.000368426 -0.0109649 
-0.000364983 -0.000181149 -0.0108624 -0.000623459 3.85017e-06 -0.0108698 -0.000490821 -2.66196e-06 -0.0108801 
7.02068e-05 5.53799e-05 -0.0109536 0.000480014 -3.88624e-05 -0.0109743 0.000389332 -3.37861e-05 -0.0109284 
0.000463726 3.43881e-05 -0.0108331 -0.000265967 0.000167273 -0.0108533 0.00095608 0.000257009 -0.0108413 
-0.000794073 0.00042479 -0.0108757 -0.000316946 0.000558076 -0.0109823 -0.000834144 0.000804072 -0.0109313 
-0.000421614 0.000710731 -0.0109172 -0.000103751 0.000761213 -0.0109074 0.000361823 0.000708696 -0.0109297 
-0.000590744 0.000909452 -0.0109602 0.00072411 0.000912344 -0.0109096 -0.00045 -0.000854671 -0.0107107 
1.49832e-05 -0.000818325 -0.0107255 0.00077167 -0.00071291 -0.0108072 -0.000735304 -0.000486469 -0.0108279 
-0.000656287 -0.000423728 -0.0107863 -4.20786e-05 -0.000480584 -0.0107284 9.19041e-05 -0.000533416 -0.0107224 
-0.000277347 -0.000318259 -0.0108042 0.00014286 -0.000265045 -0.0107786 -0.000533894 -0.000187152 -0.0107427 
0.000649324 -0.000210142 -0.010727 0.000621208 3.62949e-05 -0.0108263 -0.000510033 0.000194022 -0.0107436 
-0.000100478 0.000167796 -0.0107623 0.000533139 0.000154422 -0.0108087 0.000313982 0.000350347 -0.0107291 
-0.000295658 0.000444354 -0.0107661 1.83087e-05 0.000426776 -0.0107717 0.000578774 0.000492544 -0.0108257 
0.000717248 0.00039114 -0.0107919 0.000960295 0.000438926 -0.0107514 0.00067844 0.000614169 -0.0107691 
0.000652275 0.000738983 -0.0107444 -0.00085752 0.000850204 -0.0108181 0.000719015 -0.000899944 -0.0106548 
-0.00084348 -0.000716881 -0.0106087 0.000939534 -0.000740362 -0.0106657 -0.000259587 -0.00058133 -0.0106543 
0.000685496 -0.000687801 -0.010667 -0.000798663 -0.000502768 -0.0105846 0.000284863 -0.000387591 -0.0106802 
-0.000939125 -0.000282987 -0.010641 -0.000333205 -0.000257048 -0.010648 -0.000638318 -0.000156847 -0.0105799 
0.000558576 6.91293e-06 -0.0106443 -0.000900097 0.00010805 -0.0105616 -0.000600816 0.000259682 -0.010655 
-0.000294764 0.000271988 -0.0106206 6.6136e-05 0.000275644 -0.0105895 0.000348945 0.000255844 -0.0105808 
0.000396919 0.000507534 -0.0106097 -0.000587715 0.000607915 -0.0106193 0.000406758 0.000761072 -0.0105561 
0.000751244 0.000832023 -0.0105876 -0.000724115 -0.000821339 -0.01049 -0.000205377 -0.000734241 -0.0104146 
6.69077e-05 -0.000810881 -0.01047 0.000182426 -0.000794464 -0.0104584 0.000902965 -0.00046854 -0.0104971 
0.000384098 -0.000258229 -0.0104555 0.000684497 -0.000180228 -0.0104356 0.000243904 5.55359e-05 -0.0103806 
0.000325746 6.66458e-05 -0.0105273 0.000895361 -3.02315e-05 -0.0103935 -0.000968157 0.000139228 -0.010431 
0.000606414 0.000211897 -0.0104549 -0.000616674 0.00032362 -0.0103999 -0.000298199 0.000482732 -0.0104752 
0.000628986 0.000563133 -0.0103812 -0.000369719 0.000849015 -0.0104008 0.000195671 0.000989857 -0.0104386 
-0.000656588 -0.000936695 -0.0103202 -0.000411212 -0.00098457 -0.0102775 0.000494907 -0.000984579 -0.0103585 
0.000644182 -0.000946858 -0.0102363 0.000817129 -0.000896323 -0.0102376 -3.75207e-05 -0.000799014 -0.0103637 
-0.000301162 -0.00057731 -0.0103037 0.000361483 -0.000388 -0.0102329 -0.000644321 -0.000338376 -0.0103736 
0.000596966 -0.000143725 -0.0102367 -0.00029479 0.00021552 -0.0102658 4.09225e-05 0.000171415 -0.01035 
0.000145296 0.000125076 -0.0102375 0.000504623 0.000120521 -0.010351 -0.000429758 0.000649379 -0.010297 
-0.000155091 0.000693957 -0.0103518 0.000618509 0.000962577 -0.0103454 0.000198143 -0.000891447 -0.0101798 
-0.000380808 -0.000616908 -0.0101679 0.000911914 -0.000560523 -0.0102209 -0.000244919 -0.000525658 -0.0101144 
-0.000377798 -0.000477929 -0.0100861 0.000722069 -0.00053341 -0.0101552 -0.000194682 -8.51217e-05 -0.0101835 
0.000791577 -0.000171873 -0.0102155 -0.000294566 -2.32399e-05 -0.010101 9.36617e-05 1.24505e-05 -0.010162 
0.000570613 0.000228755 -0.0102108 -0.000744153 0.000254107 -0.0101682 -0.000307867 0.000823208 -0.0102191 
-0.00064763 0.000887805 -0.0101681 -0.000596272 -0.00085906 -0.00993118 0.000744993 -0.000860831 -0.00994292 
-0.000340002 -0.000733052 -0.010008 0.000240808 -0.000663308 -0.0100394 0.000718242 -0.000665893 -0.0100077 
0.000663205 -0.000510861 -0.0100011 -0.000857153 -0.000230166 -0.0100553 -0.000759841 -0.000122775 -0.0100313 
0.000252194 -0.000107041 -0.00995775 -0.000726426 0.000186596 -0.00994185 -0.000935438 0.000440529 -0.0100448 
-0.000444264 0.000672911 -0.010017 0.000830876 0.000654261 -0.0100468 -0.000666556 0.000705784 -0.00995958 
0.000978454 0.000984759 -0.0100109 -0.000937144 -0.000917433 -0.00978481 -0.000766435 -0.000873129 -0.00990125 
0.000148648 -0.000917672 -0.00983902 -0.00092632 -0.000791173 -0.00989495 -0.000924897 -0.000659252 -0.00988809 
-0.000643296 -0.000561571 -0.00991443 -0.000988257 -0.000322961 -0.00985961 0.000630046 -0.000317736 -0.00984916 
-0.000571519 2.55139e-05 -0.00978735 -0.000348069 -6.06796e-05 -0.00982754 0.000416663 7.03791e-05 -0.00978416 
-0.000127861 7.72234e-05 -0.00992463 1.14529e-07 0.00047325 -0.00984991 -0.000410111 0.000662899 -0.00985333 
9.52335e-05 0.00058325 -0.00980528 -0.000449586 0.000882114 -0.00983478 -0.000141759 -0.00077121 -0.00973497 
7.2546e-05 -0.000807462 -0.00976947 0.000797691 -0.000825175 -0.00976381 -0.000897156 -0.00055842 -0.00976989 
9.90239e-05 -0.000690722 -0.0096349 0.000281875 -0.000641308 -0.00969644 0.000685811 -0.000659415 -0.00968228 
0.000304661 -0.000508778 -0.00967499 0.000588975 -0.000203616 -0.0096799 -0.000520932 4.33996e-05 -0.00965189 
-0.000156932 -6.83668e-05 -0.00965655 9.66585e-05 2.68425e-05 -0.00970339 -0.000626638 0.00023041 -0.00965627 
0.000234189 0.000251111 -0.00977373 0.00092305 0.000396056 -0.00964478 -0.000417984 0.000662975 -0.00968935 
-0.000611929 0.000695985 -0.00974766 0.000988172 0.00070971 -0.00962886 0.00049977 0.000885767 -0.00969434 
0.000140526 -0.000912024 -0.00961096 -0.000675465 -0.000744396 -0.00957551 -6.12284e-05 -0.000568226 -0.00954873 
-0.000771254 -0.000453838 -0.00960852 -0.000820084 -0.000348825 -0.00949557 -0.000567153 -0.000252352 -0.00951687 
-0.000443534 -0.000279519 -0.00949469 -0.000259478 -0.00027609 -0.009507 0.000314305 -0.000204373 -0.0096151 
-0.000451844 -3.27684e-05 -0.00951809 0.000319398 -2.42853e-05 -0.00960181 0.000241008 0.000218175 -0.00953969 
0.000276367 0.000388494 -0.00951314 0.000668045 0.000485941 -0.00954346 -0.000722123 0.000691149 -0.00960741 
0.000601765 0.000566534 -0.00955726 -0.000559818 0.000761764 -0.00960392 0.000329819 0.000871195 -0.00947459 
0.000756557 -0.000772504 -0.0093398 -0.000161445 -0.000407496 -0.00943598 0.00082115 -0.000473678 -0.00940867 
-0.000453662 -0.000273075 -0.00935803 -0.000245834 -0.000366588 -0.00937399 0.000173802 -0.000278353 -0.00941696 
0.000457951 -0.000243011 -0.00946688 -0.000570193 -0.000201644 -0.00934576 -0.000174757 -0.000148744 -0.00941867 
-2.52023e-05 -8.75132e-05 -0.00933957 0.000887836 -9.3858e-05 -0.00936167 -0.000581752 -6.39865e-05 -0.00939666 
-0.000136 2.12663e-05 -0.00938709 2.9682e-06 2.97661e-05 -0.00936113 0.000250812 -2.5162e-05 -0.00932552 
0.000837176 3.78624e-05 -0.00944774 -0.00067363 0.000179989 -0.00937461 -0.000544092 0.000220661 -0.0093245 
0.000309525 0.000189019 -0.00944069 0.00092422 0.000176137 -0.00940438 -0.000372149 0.000236326 -0.00936607 
-0.00010306 0.000264837 -0.00941233 0.000693224 0.000292544 -0.00938077 -0.000206325 0.000440818 -0.00944803 
-0.000564403 0.000642488 -0.00941464 -0.000150391 0.000592963 -0.00936039 -0.000492832 0.000710901 -0.00934207 
-6.6117e-06 0.000781521 -0.00941595 0.000399856 0.000795698 -0.00944576 -0.000907794 0.000990277 -0.00933207 
-0.000529018 0.000999028 -0.00940392 3.09343e-05 0.00086748 -0.00946427 -0.000511765 -0.00065309 -0.00929819 
0.000827589 -0.000552747 -0.00931978 -0.000993093 -0.000426892 -0.00931013 -4.24555e-05 -0.000432122 -0.00932219 
0.000128403 -0.000531708 -0.00932212 -0.000122141 -0.000308457 -0.0092091 -1.10021e-05 -0.000326371 -0.00919107 
0.000106588 -0.000310573 -0.00921479 0.000232485 -0.000239878 -0.00921096 -0.000747934 -0.000151827 -0.00930535 
-0.000264651 -0.000201973 -0.00922098 -0.000181638 -0.000128386 -0.00922569 -7.10197e-05 -0.000201459 -0.00921449 
6.68558e-05 -9.18334e-05 -0.0091833 8.86129e-05 -0.000203101 -0.00930015 0.000298371 -0.000141197 -0.00921669 
0.000564805 -0.000213868 -0.00922086 -0.000530369 -4.06512e-05 -0.00927524 -0.00033165 4.10426e-05 -0.00922092 
-0.000216851 3.08523e-05 -0.00927098 -0.000147906 -3.44691e-05 -0.00921855 -7.71191e-05 5.24352e-05 -0.00923032 
-2.18087e-05 -3.36282e-05 -0.00922007 3.78919e-05 5.52785e-05 -0.0091734 0.000331356 -5.16059e-05 -0.00919583 
0.00055976 8.29503e-06 -0.00929224 -0.000303589 0.000133472 -0.00919242 -9.25967e-05 0.000191631 -0.00928058 
-0.000203627 0.0001303 -0.00922581 -4.2712e-05 0.000164637 -0.00918924 0.000211329 0.0001261 -0.00931993 
9.74101e-05 0.000110491 -0.00923608 0.000417731 9.17458e-05 -0.00918971 0.000773183 9.294e-05 -0.00921884 
-0.000880806 0.000300902 -0.00930498 -0.000925086 0.000271508 -0.00919459 -0.000409669 0.000257066 -0.00921867 
-0.000113225 0.000311219 -0.00917475 -0.000194186 0.000265197 -0.00921571 0.00011971 0.00030824 -0.00919203 
0.000213902 0.000249552 -0.0091783 -0.000552125 0.000517949 -0.00921556 -8.06319e-05 0.00040548 -0.00930606 
-2.08227e-05 0.000498851 -0.00920013 0.000230035 0.000504546 -0.00925991 0.000376545 0.000444339 -0.00917889 
0.000845376 0.000486891 -0.00924659 -0.00057118 0.000675298 -0.00923711 -0.000188202 0.000609666 -0.00925418 
0.000557041 0.000553206 -0.00919799 0.000768106 0.000748188 -0.00924393 -0.000210798 -0.000742777 -0.00909119 
0.000878977 -0.000600612 -0.00915113 6.35651e-06 -0.00046316 -0.00915848 0.000171689 -0.000416875 -0.00912946 
0.000549071 -0.000477908 -0.00916069 -0.000229331 -0.000232412 -0.0091209 -7.9671e-05 -0.000325144 -0.00905171 
-0.000155226 -0.000293793 -0.00911489 4.73557e-05 -0.000323279 -0.00904585 -2.72671e-05 -0.00023517 -0.00910052 
0.000188447 -0.000272429 -0.00907603 0.000227264 -0.000368145 -0.00904412 0.000336851 -0.000324326 -0.00905176 
0.000971821 -0.000292476 -0.00906093 -0.000458926 -0.000130457 -0.00902366 -0.000313723 -0.000106241 -0.00904142 
-0.000261908 -0.000211135 -0.00902953 -0.000299149 -0.000136865 -0.00916989 -0.00019669 -0.000126647 -0.0090828 
-0.000102635 -0.000206847 -0.00902216 -4.65315e-05 -0.000111234 -0.00915309 0.000168091 -0.000130481 -0.00916915 
8.67808e-05 -0.000178993 -0.00907711 0.000281496 -0.000180757 -0.00914327 0.000254515 -0.000214104 -0.00903634 
0.00051071 -0.000135591 -0.00907985 -0.000328839 -4.08014e-05 -0.00912361 -0.000327233 6.1532e-05 -0.00906967 
-0.000127719 -3.65766e-05 -0.00906224 -0.000212651 5.01995e-05 -0.00904595 0.000218947 4.92654e-05 -0.00914337 
0.000329116 -3.46011e-05 -0.00909609 0.000327629 3.63566e-05 -0.00916268 0.000327507 3.59508e-05 -0.00903318 
0.00053904 2.03828e-06 -0.00908116 -0.000557697 7.80289e-05 -0.00908961 -0.00028291 0.000172922 -0.00909497 
-0.000132968 0.000171396 -0.00914063 6.48523e-05 0.000158754 -0.00909004 0.00019122 0.000122562 -0.00904076 
0.000285141 0.00017074 -0.00914878 0.000285342 0.000175756 -0.00905699 0.00049309 0.000181242 -0.00902991 
0.000607102 0.000127036 -0.00909005 -0.000323332 0.000309204 -0.00903434 -0.000157455 0.000291922 -0.00902295 
-0.000216764 0.000244217 -0.00912628 -2.52099e-05 0.000242935 -0.00906798 4.06158e-05 0.000325357 -0.00903451 
-2.75105e-05 0.000330454 -0.00912194 0.00016484 0.000282896 -0.00908094 0.000424878 0.000234318 -0.00912449 
0.00052349 0.000346403 -0.0091352 0.000899469 0.000276645 -0.00915391 -0.000807611 0.000511761 -0.00913311 
-0.000259055 0.000446491 -0.00909889 -0.00025376 0.00062342 -0.00907697 9.30003e-05 0.000548841 -0.00916085 
0.000260607 0.000581185 -0.00909973 0.000529206 0.000632442 -0.00911836 -0.000380648 0.000754161 -0.00916713 
-6.32151e-05 0.000712362 -0.00902645 0.000386097 0.000785423 -0.00911467 -0.000328437 0.000847949 -0.00917241 
0.000169409 0.000878657 -0.00905396 -0.000268398 -0.000462366 -0.00896815 -0.000118845 -0.000434665 -0.00901892 
0.000209353 -0.000400274 -0.00891642 0.00042682 -0.000432345 -0.00901908 -0.000197783 -0.000266438 -0.00896946 
-8.21461e-05 -0.000321779 -0.00888542 -1.38635e-05 -0.000331123 -0.00895191 1.01272e-05 -0.000233117 -0.00897261 
0.000127271 -0.000306985 -0.00896717 0.000334725 -0.000273303 -0.00893077 0.000584536 -0.000329883 -0.00900995 
-0.000296052 -0.000149656 -0.00893397 -0.000176259 -0.000158434 -0.00894121 -4.9795e-05 -0.000119783 -0.00893007 
-3.73654e-05 -0.00022719 -0.00888017 0.000175467 -0.000157227 -0.00899308 0.000102326 -0.000137193 -0.00892622 
0.000196923 -0.000136708 -0.00887644 0.000320645 -8.47654e-05 -0.00899996 0.000239713 -0.000228488 -0.0088747 
0.000291762 -0.000151515 -0.0089202 0.000526541 -0.000105924 -0.00893834 0.000416304 -0.000108591 -0.00897159 
-0.000936597 -7.51319e-05 -0.00901751 -0.000705458 -3.30373e-05 -0.00900057 -0.000323595 -7.65818e-05 -0.0088794 
-0.000331769 -3.49062e-06 -0.00899406 -0.000325382 5.48091e-05 -0.00887667 -0.000236279 1.13496e-05 -0.00895027 
-0.000145275 -3.44533e-05 -0.00894437 -9.06593e-05 6.96948e-05 -0.00888447 3.13106e-05 -8.96846e-06 -0.00899486 
0.000197085 1.55509e-05 -0.008983 9.36288e-05 7.47666e-05 -0.00898493 0.00011595 -4.00992e-05 -0.00894859 
0.000136308 3.36919e-05 -0.00887827 0.000332314 2.46595e-06 -0.00894056 -0.00090534 0.000111912 -0.00894682 
-0.000261491 0.000204643 -0.00896041 -0.000304627 0.000131522 -0.00900348 -0.000158381 0.000172058 -0.00892823 
-8.63443e-05 0.000171894 -0.00901669 4.65376e-05 0.000230347 -0.00899901 -2.15434e-05 7.87392e-05 -0.00895796 
1.68433e-05 0.000209024 -0.00887765 0.000219217 8.99914e-05 -0.00891587 0.000141585 0.000164845 -0.00890769 
0.000288829 0.00016889 -0.00889288 0.000318733 9.64027e-05 -0.0089548 0.000561898 0.00019163 -0.00888777 
-0.00058773 0.000334775 -0.00889223 -0.00016294 0.00028874 -0.00892382 -2.35138e-05 0.000327189 -0.0089355 
0.00017074 0.000280319 -0.0089799 8.86663e-05 0.000319736 -0.00894449 0.000165358 0.000292443 -0.00888684 
0.000237855 0.000232626 -0.00899343 0.000279715 0.000349263 -0.00900799 0.000439773 0.000324549 -0.00895051 
0.000796596 0.000244133 -0.00891793 -7.93644e-07 0.000476921 -0.00896407 0.000201677 0.000438432 -0.00895814 
-0.00042917 0.000549404 -0.00889129 -0.000167985 0.000608337 -0.00891862 -0.000664999 0.000842302 -0.00901172 
0.00049531 0.000776066 -0.00895001 0.000982387 0.000845024 -0.00892882 0.000435852 0.000878084 -0.00895005 
0.000681793 -0.00097914 -0.00873012 0.000267179 -0.000554792 -0.00879734 -0.00080281 -0.000257291 -0.00873267 
-0.000199214 -0.000263011 -0.00886975 -0.000154476 -0.000295873 -0.00878623 4.17978e-05 -0.000334618 -0.00876731 
9.31687e-05 -0.00031907 -0.00885428 0.000134995 -0.000305321 -0.00876765 0.000223025 -0.000252746 -0.00874688 
0.000365103 -0.00026288 -0.00875736 -0.000265926 -0.000197037 -0.00878505 -0.000157721 -0.00011468 -0.00884224 
-0.000164133 -0.00017891 -0.00874433 -7.62984e-05 -0.000223813 -0.00876713 3.43814e-05 -0.000161356 -0.00885255 
-5.32634e-05 -0.000124611 -0.00881815 9.07638e-05 -0.000215433 -0.00878782 7.88666e-05 -0.000100795 -0.00875906 
0.000300162 -0.000146343 -0.00881557 -0.000324352 -5.33506e-05 -0.00878563 -0.000324504 5.52647e-05 -0.00872603 
-0.000227512 -3.18605e-05 -0.00885595 -0.000158418 6.18099e-05 -0.00875693 -7.7721e-05 -3.17394e-05 -0.00884586 
-0.000144133 -3.80649e-05 -0.00874926 4.13724e-05 7.10245e-05 -0.00885549 4.64562e-05 -3.8171e-05 -0.00883923 
-2.86578e-05 7.57179e-05 -0.00878084 0.000215309 -3.83782e-05 -0.00885808 0.000127876 -8.48565e-06 -0.00876865 
0.000328036 -3.61963e-05 -0.00883122 0.000326021 4.69756e-05 -0.00886161 0.000527581 2.0427e-05 -0.00878352 
-0.000441642 0.000145138 -0.00881822 -0.000311226 0.00012073 -0.0088068 -0.000260499 0.000199515 -0.00877464 
-0.000204273 0.000100862 -0.00886972 -0.000154971 0.000181711 -0.00877339 -5.4188e-05 0.000200948 -0.00880486 
3.70191e-05 0.000227127 -0.00875929 0.00021649 8.02467e-05 -0.00878708 0.00012794 0.00013118 -0.00881272 
0.000307607 0.000133176 -0.00879815 0.000982194 0.000136026 -0.00877528 -0.000453349 0.00034919 -0.00881146 
-0.000357777 0.000260036 -0.00885321 -0.00020642 0.000259212 -0.00883343 -0.000157989 0.000294104 -0.00877407 
3.42018e-05 0.000327665 -0.00879625 -5.14208e-05 0.000327359 -0.00883568 0.000155926 0.000295719 -0.00878669 
0.000221803 0.000243624 -0.00882487 0.000314884 0.000313618 -0.00872726 0.000698663 0.000331452 -0.0087404 
0.000981939 0.000240058 -0.00885321 2.0136e-05 0.000426525 -0.00872258 0.000146601 0.000415982 -0.00879586 
0.000257301 0.000503298 -0.00883282 0.000649285 0.000494006 -0.00875521 0.000141023 0.000668251 -0.00886416 
0.00050164 0.000546546 -0.00886992 0.000451653 0.0005602 -0.00876477 -1.86841e-05 0.00078782 -0.0088568 
0.000213707 0.000829903 -0.0087362 -0.000876286 -0.000925473 -0.00867983 0.000426053 -0.000903006 -0.00870284 
-0.000406682 -0.000808081 -0.00870666 0.000364301 -0.000579014 -0.00858579 6.45491e-05 -0.000436904 -0.00867607 
-3.8772e-05 -0.000428544 -0.00858029 0.000174036 -0.000408582 -0.00867335 0.000224049 -0.00039795 -0.00857001 
0.000747524 -0.000407986 -0.00865689 -0.000154142 -0.000289572 -0.00866579 6.08323e-05 -0.000322287 -0.00859873 
-6.08649e-05 -0.000326392 -0.00869415 1.72448e-05 -0.000239463 -0.00871885 -2.60864e-05 -0.000231314 -0.00861341 
0.000177437 -0.000276956 -0.0086167 8.25134e-05 -0.000325787 -0.00869732 0.000315546 -0.00035988 -0.00863152 
-0.000313469 -0.000109844 -0.00857313 -0.000265075 -0.000198222 -0.00867709 -0.000321474 -8.14481e-05 -0.00869133 
-8.56501e-05 -0.000126814 -0.00870664 -0.000118119 -0.000198742 -0.00864094 -0.000180013 -8.56215e-05 -0.00865527 
-7.79764e-05 -0.000127966 -0.00858102 2.46951e-05 -0.000150623 -0.00867347 0.00014449 -0.000181542 -0.0087081 
0.000203408 -0.00012522 -0.00860172 0.000217274 -0.000111044 -0.00870182 0.000103616 -0.000194203 -0.00861632 
0.000125504 -8.43894e-05 -0.00867041 0.000254902 -0.000210344 -0.00866217 0.000322677 -9.34882e-05 -0.00870745 
0.000300204 -0.000151227 -0.00860608 -0.000575236 -3.27063e-05 -0.00868553 -0.000331764 9.10022e-06 -0.00861684 
-0.000243634 -8.8211e-06 -0.00871556 -0.000168375 3.57752e-05 -0.00865617 -0.000224371 7.22734e-06 -0.00857097 
-0.000136033 -4.30587e-05 -0.00857311 -5.95905e-05 -2.59465e-05 -0.00868599 1.29462e-05 5.56624e-05 -0.0086779 
3.49174e-05 -3.97644e-05 -0.00865508 -3.31707e-05 -3.27396e-05 -0.00857985 0.000116726 7.58429e-05 -0.00871535 
0.000138528 2.09016e-05 -0.00862432 0.000224655 5.45108e-05 -0.00866442 0.00032851 7.2274e-06 -0.00866819 
0.000329514 -2.99747e-05 -0.00857617 0.000231097 -9.27615e-06 -0.00858744 0.000431544 -4.30795e-05 -0.00858092 
-0.000311148 0.000119282 -0.0085714 -0.000308986 0.000122142 -0.00867123 -0.000262734 0.000197412 -0.00867189 
-0.000264736 0.000197437 -0.00857315 -8.09673e-05 0.000114203 -0.00868493 -0.000126907 0.000181563 -0.00861711 
-0.000102754 7.83118e-05 -0.00858684 -0.000198228 0.000109633 -0.00859355 -5.18603e-05 0.000228726 -0.00868377 
4.9083e-05 0.000230343 -0.00858551 -2.11827e-05 0.000150305 -0.00858335 0.00012415 0.000174905 -0.00870356 
8.69004e-05 0.000116835 -0.00861813 0.000180717 0.000162595 -0.00857047 0.000314096 9.98155e-05 -0.00868907 
0.000275201 0.000187911 -0.00859351 0.000793688 0.00012567 -0.00867158 -0.000508927 0.000276828 -0.00862105 
-0.000385736 0.000266281 -0.00862073 -0.000108163 0.000312419 -0.00868376 -0.000191281 0.00027165 -0.0086511 
-9.78053e-05 0.000316104 -0.00858431 -1.30397e-05 0.000331808 -0.00866316 0.000146475 0.00029859 -0.00869073 
8.69589e-05 0.000321526 -0.00860761 0.000207017 0.00026554 -0.00860013 0.000231304 0.000232648 -0.00870913 
0.000301558 0.00037517 -0.00862281 0.000465054 0.000337663 -0.00864781 0.000223251 0.000390051 -0.00870639 
0.000198861 0.000488066 -0.00867166 0.000571955 0.000504704 -0.00865901 -0.000130907 0.000558617 -0.00866582 
0.000440474 0.000620531 -0.00864953 -0.00034835 0.000814504 -0.00857521 -0.000946459 0.000966353 -0.00857038 
0.000506805 0.000953024 -0.00860411 -3.98383e-05 -0.00056016 -0.0084227 -0.000523641 -0.000531381 -0.0084274 
-9.77448e-05 -0.000317255 -0.00856409 -0.000223768 -0.000246998 -0.00855373 -0.000200978 -0.000264054 -0.00845804 
-0.000104591 -0.000311343 -0.00844551 -2.0072e-05 -0.00033112 -0.00848645 0.00022553 -0.000249189 -0.00848061 
7.84566e-05 -0.000324163 -0.00843542 0.000127112 -0.000306309 -0.00852066 0.000373847 -0.00033669 -0.00842394 
0.000526337 -0.000273406 -0.00855953 -0.000303703 -0.000124747 -0.00847483 -0.000181226 -0.000150955 -0.00855996 
-9.97534e-05 -0.000214421 -0.00848304 -0.000199321 -0.000109799 -0.00846765 -9.48185e-05 -0.000110187 -0.00847421 
-1.42258e-06 -0.000228844 -0.00851254 2.10114e-05 -0.000145484 -0.00856578 2.20487e-05 -0.00014447 -0.0084638 
0.000113194 -0.000102202 -0.00856334 0.000229262 -8.21417e-05 -0.00849752 0.00010039 -0.000221848 -0.00843482 
0.000165906 -0.000143548 -0.00843606 0.000281724 -0.000168022 -0.00848187 0.000374303 -0.000226522 -0.00841995 
-0.000703118 7.43399e-05 -0.00844696 -0.000331233 -1.97446e-05 -0.00847894 -0.000235249 -1.36294e-05 -0.00844114 
-0.000139774 -1.20085e-05 -0.00847635 -0.00021927 7.52382e-05 -0.00848787 6.43372e-05 -1.05858e-05 -0.00855571 
-1.74766e-05 5.53318e-05 -0.00853507 -7.92979e-06 -5.0046e-05 -0.00847944 5.56971e-05 3.75138e-05 -0.00846578 
-4.02739e-05 3.58293e-05 -0.00843768 0.000158584 6.5916e-07 -0.00851716 9.04186e-05 -7.15289e-05 -0.00847006 
0.000223952 7.68954e-05 -0.00850562 0.000332715 -2.68995e-05 -0.00845525 0.000325677 6.12506e-05 -0.00843059 
0.000239823 -1.63816e-05 -0.00841935 0.000534948 -3.10452e-06 -0.0084939 -0.000457705 0.000174263 -0.00856337 
-0.000294423 0.000145523 -0.00847821 -0.000150253 0.000179713 -0.00849457 -0.00011816 8.56402e-05 -0.00847945 
-6.5183e-06 0.000134967 -0.00845707 9.85823e-05 0.000213091 -0.00847708 0.000126629 0.000103684 -0.00850957 
0.000179616 0.000161792 -0.00844713 0.000314706 9.08587e-05 -0.00856462 0.000275067 0.00017882 -0.00847255 
0.000423706 0.000167525 -0.00855153 -0.000293801 0.000339125 -0.00846775 -0.000167985 0.000283299 -0.00854264 
-0.000230377 0.000238932 -0.00848076 -6.76686e-05 0.000231919 -0.00853382 -3.86619e-05 0.000327014 -0.0084739 
3.14954e-06 0.00023551 -0.00845524 0.000119143 0.000310964 -0.00848351 0.000193891 0.000273621 -0.00844965 
0.000722596 0.000378024 -0.008542 -0.000588734 0.000525494 -0.00847945 -0.000351797 0.000509357 -0.008539 
0.000321503 0.000454145 -0.00856393 0.000412944 0.000436936 -0.00848118 0.000178532 0.00066466 -0.0085609 
0.000508215 0.000605639 -0.00852576 0.000364863 0.000829201 -0.00856289 -0.000769607 0.000875578 -0.00853062 
-0.000100726 0.000856643 -0.00852197 0.000758557 0.000932266 -0.00854984 8.09068e-05 -0.000813933 -0.008309 
-0.000262845 -0.0006101 -0.00839183 0.000401703 -0.00052323 -0.00839143 0.00057569 -0.000517631 -0.00840842 
-0.000154318 -0.000289558 -0.0083297 -2.80925e-05 -0.000329879 -0.00838809 6.68771e-05 -0.000321607 -0.00833684 
3.59664e-06 -0.000231079 -0.00840822 -6.99438e-05 -0.000233431 -0.00833679 0.000200547 -0.000263244 -0.00827369 
0.00022856 -0.00024711 -0.00837729 0.000608061 -0.000252764 -0.00838055 -0.000321392 -8.32951e-05 -0.00831975 
-0.000248077 -0.000214618 -0.00836343 -0.000143442 -0.000173788 -0.00840054 -0.000213371 -0.000104488 -0.00836518 
-0.000120699 -0.000104874 -0.00832701 -0.000153655 -0.000189192 -0.0082823 -3.98233e-05 -0.000144462 -0.00838113 
2.99466e-05 -0.000227175 -0.00830896 7.65413e-05 -0.00012977 -0.00837864 -3.83196e-05 -0.000157188 -0.00828005 
0.000176258 -0.000118133 -0.00833415 0.000130108 -0.000207316 -0.00833531 8.64655e-05 -0.00010364 -0.00828154 
0.000278882 -0.000173579 -0.0083329 0.000756874 -0.000181642 -0.00828391 -0.000517159 -1.49544e-05 -0.00840292 
-0.00032506 4.42832e-05 -0.00838087 -0.000331316 2.56368e-05 -0.00827931 -0.000239061 -9.09113e-06 -0.00832435 
-0.00014713 2.39975e-05 -0.00837906 -0.000145006 -1.3055e-05 -0.00828366 -7.09769e-05 -5.04969e-05 -0.00839746 
4.44296e-05 -2.91869e-05 -0.00839019 -5.34929e-05 2.45988e-05 -0.00833346 -1.42166e-05 -6.50934e-05 -0.00831131 
3.72895e-05 1.96217e-05 -0.0082916 0.000137913 7.72341e-07 -0.00841617 0.0001354 -1.96716e-05 -0.0083133 
0.000228306 1.59649e-05 -0.00832431 0.00012504 7.60404e-05 -0.00835101 0.000329875 3.19048e-05 -0.00832919 
0.000330946 -6.21951e-05 -0.00836426 -0.000307245 0.000125326 -0.0082724 -0.000274179 0.000184391 -0.00837395 
-0.000229619 8.26608e-05 -0.00837084 -0.000175707 0.000166256 -0.00839083 -8.89271e-05 0.00010856 -0.00838229 
-8.54035e-05 0.00020323 -0.00841745 -0.000119848 0.000186834 -0.00830954 -0.000207436 0.000106507 -0.00827024 
2.17907e-05 7.85368e-05 -0.00837142 -2.62081e-05 0.000151421 -0.00831671 6.48635e-05 0.000123948 -0.00828471 
0.000220107 8.15646e-05 -0.00840239 8.22706e-05 0.000156042 -0.00839585 0.000170848 0.000173604 -0.0083476 
9.03556e-05 0.000218641 -0.0083056 0.000212835 0.00010702 -0.00828408 0.000279332 0.000174086 -0.00837633 
0.000584396 0.000102131 -0.00833619 -0.000372635 0.000283983 -0.00836513 -0.000106366 0.000313163 -0.00838646 
-0.000199102 0.00026618 -0.00839073 -0.000178193 0.000275421 -0.00828374 1.7373e-06 0.000244279 -0.00835283 
5.05493e-05 0.000328372 -0.00837689 0.000188678 0.000275745 -0.00833532 0.000119168 0.000311562 -0.00827178 
0.000614109 0.000337293 -0.00839755 -0.000714213 0.000509869 -0.00841623 0.000295086 0.000465865 -0.00828018 
0.000818141 0.000404692 -0.00831978 -0.000477644 0.000650811 -0.00839891 2.97973e-05 0.000677281 -0.0083642 
3.02425e-05 0.000643217 -0.00826884 0.000304767 0.000652027 -0.00829409 0.000534103 0.000628641 -0.00837721 
0.000182592 0.00070477 -0.00832716 -0.000562369 0.000907145 -0.00834763 -0.000106728 0.0009712 -0.0082804 
-0.000464983 -0.000911001 -0.00814781 0.000490874 -0.000990281 -0.00822002 -7.2796e-06 -0.000762027 -0.00818124 
0.000214358 -0.000843853 -0.00818241 0.00091823 -0.000744501 -0.0082459 -0.000537511 -0.000606789 -0.00811737 
0.000110152 -0.000635378 -0.00819896 -0.000274232 -0.0004193 -0.00815871 0.000521441 -0.00052124 -0.00824857 
0.000670791 -0.000483972 -0.00812587 -0.000201273 -0.00026592 -0.0082013 -3.35453e-05 -0.00033447 -0.00823704 
3.61571e-05 -0.000334868 -0.00815164 1.11269e-05 -0.000242087 -0.00820939 -3.36776e-05 -0.000242701 -0.00811939 
8.77036e-05 -0.000320186 -0.00822332 0.000141929 -0.00030105 -0.00814727 -0.000572265 -0.000158739 -0.00824237 
-0.000251611 -0.00021507 -0.00826241 -0.000296031 -0.000148636 -0.00825106 -0.000204728 -8.97557e-05 -0.00825907 
-8.11604e-05 -8.08684e-05 -0.00823053 -9.06516e-05 -0.000222527 -0.00820036 -0.00018723 -0.000149131 -0.00817834 
-6.50626e-06 -0.000139016 -0.00818672 0.000101257 -0.000207857 -0.00823657 0.00018526 -0.000149386 -0.00817068 
9.10454e-05 -0.000114135 -0.00817956 0.000110216 -0.000207428 -0.00812424 0.000242221 -0.000229814 -0.00815335 
0.000287777 -0.000168363 -0.00823495 -0.000563762 -4.11641e-05 -0.00812616 -0.000517758 6.16816e-05 -0.00825198 
-0.000323278 6.39603e-05 -0.00818737 -0.000328769 -4.17711e-05 -0.0081506 -0.00024081 1.94997e-05 -0.00822651 
-0.000235619 4.33191e-05 -0.00812455 -0.000229696 -6.08078e-05 -0.00814926 -0.000143498 1.29683e-05 -0.00818649 
-0.000130202 -7.54975e-05 -0.00814158 -5.39765e-05 1.769e-05 -0.00823083 2.44008e-05 -4.88616e-05 -0.00821839 
3.81682e-05 5.38457e-05 -0.00819762 6.18101e-05 -2.20117e-05 -0.00812894 -3.83438e-05 -3.67807e-05 -0.00813095 
0.000217806 -6.6912e-05 -0.00825778 0.000133007 7.66024e-05 -0.00822649 0.000222044 2.79043e-05 -0.00822267 
0.000126121 -2.50028e-05 -0.00821373 0.000221379 -5.3368e-05 -0.00815429 0.000132766 5.84482e-05 -0.00812702 
0.000330458 2.80311e-05 -0.00813717 0.00033093 -6.23433e-05 -0.00825137 0.000550092 -2.03879e-05 -0.00816571 
-0.000257207 0.000212114 -0.00822742 -0.000188911 0.000133996 -0.00816981 -0.000110763 0.000103944 -0.00824413 
-0.00011435 0.000197295 -0.00820137 -0.000102823 8.6646e-05 -0.00813144 -1.08217e-05 0.000141869 -0.00821754 
-2.47339e-05 0.000148069 -0.00811679 0.000152842 0.000190193 -0.00823191 8.24963e-05 0.000146652 -0.00817566 
0.000201955 0.00012724 -0.0081677 0.000275891 0.000187702 -0.00821728 0.00030896 0.00010717 -0.00815103 
-0.000103153 0.000314392 -0.00820756 -0.000193281 0.000270147 -0.00817754 5.01588e-05 0.000239667 -0.00821216 
-8.12479e-06 0.000332265 -0.00821312 -4.00179e-05 0.000238256 -0.00825672 -3.64074e-05 0.000241772 -0.00815121 
0.000215218 0.000254202 -0.00816291 0.000132526 0.000311416 -0.00817312 0.000247373 0.000373753 -0.00821434 
0.000625113 0.000362384 -0.00819198 -0.000896594 0.000493034 -0.00823651 -0.000684558 0.000395044 -0.00823043 
-0.00015771 0.000409876 -0.00825006 0.000678443 0.000508537 -0.00820133 -0.000244281 0.000595646 -0.0081907 
-0.000429449 0.000786094 -0.0082215 0.00062565 -0.000870275 -0.00804065 -0.000953233 -0.0007616 -0.00797607 
-2.59712e-05 -0.000600175 -0.00811544 -0.000774862 -0.000405589 -0.00805072 -0.000107513 -0.000431741 -0.00805244 
0.00011931 -0.000421698 -0.00806398 -0.000241427 -0.000237884 -0.00805025 -0.000120867 -0.000309454 -0.00798471 
-0.000135168 -0.000302438 -0.00808327 -2.7705e-05 -0.00033014 -0.00805166 6.78209e-05 -0.00032241 -0.00806699 
-2.33636e-06 -0.000237733 -0.0080129 0.000177693 -0.000283964 -0.00802455 0.000354224 -0.000331928 -0.00805827 
0.000906141 -0.000317161 -0.00803659 -0.000477266 -0.000184773 -0.0080536 -0.000270541 -0.000186377 -0.00797579 
-0.000319493 -8.04664e-05 -0.00803392 -0.0002954 -0.000153697 -0.00809953 -0.000140892 -0.000199925 -0.00810567 
-0.000190692 -0.000139581 -0.00804232 -9.58682e-05 -0.000196359 -0.00801645 -6.18531e-05 -0.000138352 -0.00810312 
3.61501e-05 -0.000120177 -0.008095 -2.91923e-05 -0.000121833 -0.00800951 0.000138479 -7.75776e-05 -0.00809351 
9.67846e-05 -0.000223938 -0.0080264 0.000171101 -0.000159703 -0.008046 7.81842e-05 -0.000127575 -0.00800396 
0.000293913 -0.000154343 -0.00800016 0.00030338 -0.000137063 -0.00811331 0.00025466 -0.000219479 -0.00805641 
0.000549321 -0.000205872 -0.00810501 -0.000331746 2.12909e-05 -0.0080803 -0.000234536 -2.89407e-05 -0.00805179 
-0.000148722 2.05988e-05 -0.00807169 -0.000112283 -7.5012e-05 -0.00803974 -0.000223703 4.6558e-05 -0.00798682 
-1.63299e-05 4.49788e-05 -0.00807675 3.24013e-05 -4.19762e-05 -0.00802918 -6.05761e-06 5.902e-05 -0.00797375 
-4.95571e-05 -3.10147e-05 -0.00797284 9.70057e-05 3.4866e-05 -0.0080361 0.000151714 -3.91955e-05 -0.00799502 
0.000231854 -7.35413e-05 -0.00804719 0.000233946 3.50583e-05 -0.0081049 0.000327037 -5.9342e-05 -0.00807597 
0.000331165 -2.76703e-05 -0.00798737 0.000235408 1.9094e-05 -0.00800592 -0.000273289 0.000190129 -0.00804009 
-0.000311804 0.000117749 -0.00808002 -0.00031654 8.92618e-05 -0.00798374 -0.000198104 0.000123443 -0.00804868 
-0.00012982 0.000194937 -0.0080976 -0.000103624 9.79555e-05 -0.00801789 -9.24862e-05 0.000223434 -0.00798661 
6.3672e-05 0.000228058 -0.00811033 6.36561e-05 0.000119224 -0.00807999 -1.7039e-05 0.000150335 -0.00801386 
7.47434e-05 0.000117814 -0.00797914 7.74133e-05 0.000223123 -0.00801018 0.00021308 0.0001108 -0.00804302 
0.000143979 0.000180456 -0.00807208 0.000163878 0.000166505 -0.00797061 0.000270759 0.000187779 -0.0080741 
0.000321393 8.24271e-05 -0.00803749 -0.000101615 0.000314623 -0.0080779 -0.00017851 0.000275235 -0.00798821 
-0.000190283 0.000382687 -0.00803282 3.24926e-05 0.000331566 -0.00801049 -1.6965e-06 0.000334824 -0.00811305 
-1.974e-05 0.000243366 -0.00805229 0.000106419 0.000312506 -0.00806988 0.000211286 0.00025437 -0.00806476 
0.000225807 0.000245929 -0.0079679 0.000829786 0.000322466 -0.00805208 5.31516e-05 0.000467947 -0.00806654 
0.000991378 0.000484602 -0.00800775 -0.000933641 0.000661447 -0.00807614 -0.000635008 0.000622898 -0.00806172 
-0.000206316 0.000688005 -0.00801223 -5.53345e-05 0.000740656 -0.00810809 -0.000395834 0.000859809 -0.00805387 
-0.000993755 -0.000996882 -0.00789339 0.000852537 -0.000837271 -0.00782325 0.000500595 -0.000660115 -0.00782495 
0.000735448 -0.000617051 -0.0078452 -0.000523745 -0.000436655 -0.00781618 0.000139603 -0.000455005 -0.00785748 
0.000500512 -0.000439133 -0.00792163 0.000855051 -0.000530767 -0.00783611 -0.000122587 -0.000308641 -0.00786814 
-0.000202744 -0.000262672 -0.00790544 6.99127e-05 -0.000322643 -0.00796079 -3.17651e-05 -0.000330444 -0.0079448 
6.19224e-05 -0.000231794 -0.00791982 -5.82046e-05 -0.000232206 -0.00792811 2.30609e-06 -0.000237092 -0.00783935 
0.000146517 -0.000293475 -0.00789319 0.000222841 -0.000251002 -0.00794095 -0.000464918 -0.000187031 -0.00789018 
-0.00026676 -0.000195849 -0.00784626 -0.000315048 -0.00010461 -0.00788613 -0.000178164 -0.000165908 -0.00794251 
-9.54765e-05 -0.00011159 -0.00792801 -0.000218778 -8.98884e-05 -0.0078634 -0.000144191 -0.00014379 -0.00782404 
1.50278e-05 -0.00014329 -0.00792243 -4.59261e-05 -0.00014494 -0.00784315 0.000227384 -8.7454e-05 -0.00794476 
0.000148143 -0.000184912 -0.00794938 0.000105856 -0.000103446 -0.00790954 0.000130113 -0.000205724 -0.00784811 
0.000145168 -0.000112132 -0.00781588 0.000284072 -0.000171676 -0.00790332 -0.000994005 -5.79866e-05 -0.00785025 
-0.000499892 6.09183e-05 -0.00794989 -0.000327886 -7.01718e-06 -0.00790457 -0.000238442 -5.30296e-05 -0.00795426 
-0.000233682 8.4349e-06 -0.00787469 -0.000147107 -1.24077e-05 -0.00795983 -0.000140454 -2.50291e-05 -0.00786084 
-0.000116651 6.81854e-05 -0.0078332 3.61803e-05 -3.02639e-05 -0.0079156 -4.0131e-05 2.78496e-05 -0.00788381 
5.54961e-05 7.13393e-05 -0.00788515 6.89401e-05 -5.74619e-06 -0.00782282 0.000144172 5.01408e-05 -0.00794907 
0.000152893 -2.16481e-05 -0.00787477 0.000148523 7.50866e-05 -0.00784824 0.000233137 -7.21249e-05 -0.00784156 
0.000327516 -4.10696e-05 -0.00786711 0.00032743 6.50221e-05 -0.00789188 0.000244009 9.4305e-06 -0.00790557 
-0.000293463 0.000168843 -0.00782775 -0.000272717 0.000190129 -0.00792469 -0.000174719 0.000170986 -0.00796371 
-0.000185585 9.07938e-05 -0.00790482 -9.07117e-05 0.000120168 -0.00791667 -0.00010458 0.00021517 -0.00787493 
4.11659e-06 0.000151962 -0.00791557 -5.56187e-06 0.000230348 -0.00784267 -4.24991e-05 0.000135217 -0.00782617 
0.00021907 0.000106179 -0.00791213 8.18977e-05 0.000224166 -0.00789958 0.00016649 0.000179915 -0.00786854 
7.95512e-05 0.000158358 -0.00782408 0.000261335 0.00021237 -0.0078744 0.000290713 0.000164234 -0.00795105 
-0.00023148 0.000237819 -0.00782786 -0.000148549 0.000301751 -0.00784687 -4.30674e-05 0.000329363 -0.00785369 
-6.10793e-05 0.000330776 -0.00795909 5.24331e-05 0.000327608 -0.00787761 -1.59666e-06 0.000245397 -0.00795078 
0.000160912 0.000286489 -0.00787271 0.000112159 0.000313397 -0.00796136 0.000381549 0.000381961 -0.0078665 
-0.000149782 0.000399454 -0.0079232 -0.000597353 0.000624981 -0.00782118 -0.000311693 0.000660932 -0.00790886 
-0.000801472 0.000747573 -0.00785096 -0.000136444 0.000893424 -0.0078597 2.3232e-05 -0.000971794 -0.00773583 
0.000498905 -0.000891384 -0.00767563 -0.000898253 -0.000826653 -0.00780384 -0.000114756 -0.000747987 -0.0077564 
-0.000647648 -0.000508611 -0.00769821 -0.000498685 -0.000537024 -0.00772298 -0.000169564 -0.000488128 -0.00780272 
-2.87201e-05 -0.000435072 -0.00779219 0.000387285 -0.000428348 -0.00771118 -0.000303661 -0.000328346 -0.00771295 
-7.83534e-05 -0.00032143 -0.00767688 -0.000194425 -0.000268939 -0.00770296 -0.000200494 -0.000264289 -0.00780417 
4.2965e-05 -0.000329125 -0.00780438 -6.06252e-05 -0.000325901 -0.00777345 5.54336e-05 -0.000327475 -0.00770533 
-2.58898e-05 -0.000242538 -0.00772966 7.34842e-05 -0.000231389 -0.00772636 0.000144598 -0.000297683 -0.00768225 
0.000144173 -0.000297682 -0.00778075 0.000762851 -0.000370491 -0.00767483 -0.000986886 -0.00020743 -0.0077807 
-0.000563736 -0.000191348 -0.00769771 -0.000424285 -0.000127724 -0.00774508 -0.000255614 -0.000207314 -0.00774333 
-0.000317818 -8.9596e-05 -0.0077684 -9.13595e-05 -0.000226743 -0.00780591 -0.000144661 -0.00018467 -0.00773247 
-0.000215365 -0.000114534 -0.00774269 -0.000132163 -7.86885e-05 -0.00770023 5.51959e-05 -0.000163233 -0.00779725 
-5.09335e-05 -0.000145026 -0.00773353 4.15081e-05 -0.000136614 -0.00769297 0.000159985 -0.000185453 -0.0077469 
0.000221828 -0.000103865 -0.00774732 0.000129917 -9.19492e-05 -0.0077095 0.000241918 -0.000224236 -0.00779183 
0.000298468 -0.000159779 -0.00770681 0.000401193 -0.000146684 -0.00780612 0.000415682 -8.82052e-05 -0.00769759 
0.000398206 -0.000190159 -0.00767863 -0.000322969 7.26953e-05 -0.00770477 -0.000323044 6.97458e-05 -0.00780329 
-0.000324859 -6.66209e-05 -0.00767084 -0.000241145 -2.55996e-05 -0.00778075 -0.000212209 7.65081e-05 -0.00780463 
-8.68659e-05 -6.96144e-05 -0.00778915 -0.000148053 5.63556e-06 -0.00776159 -0.000230351 -3.4669e-05 -0.00768082 
-9.7137e-05 1.3508e-05 -0.00767574 1.23542e-05 -7.4933e-05 -0.00777796 -4.75721e-05 2.14663e-05 -0.00777649 
5.78437e-05 -4.77777e-06 -0.00772244 -2.36871e-05 -5.8812e-05 -0.00768606 -6.77844e-06 5.7633e-05 -0.00767672 
0.000165821 -2.37388e-05 -0.00777388 0.000146522 7.08659e-05 -0.00774812 0.000148325 4.11043e-06 -0.00767254 
0.000238415 3.75584e-05 -0.00780941 0.0003328 -3.06307e-05 -0.0076728 0.000327916 3.64237e-05 -0.00775503 
0.000325275 -6.89123e-05 -0.00777327 0.000237025 5.68974e-05 -0.0077078 0.00045283 -3.86201e-05 -0.00780583 
0.000441485 4.63905e-05 -0.00772641 -0.0007222 0.000152718 -0.00771442 -0.00061257 0.000139239 -0.00775776 
-0.000280257 0.000180939 -0.00767547 -0.00016497 0.000164306 -0.00781254 -0.000148359 0.000181389 -0.00771537 
-0.000105092 9.33768e-05 -0.00773645 -0.000220027 0.00010735 -0.00770982 3.42597e-05 7.92366e-05 -0.00778251 
-7.06727e-05 0.000220343 -0.00776487 -1.85318e-05 0.000143838 -0.00772693 7.30294e-05 0.000115925 -0.00769735 
0.000180172 0.000162265 -0.00777094 0.000119291 0.000210761 -0.00767738 0.000185807 0.000135904 -0.00767291 
0.000286819 0.000159296 -0.00778499 -0.000583675 0.00025924 -0.00766893 -0.000105476 0.000313397 -0.00775192 
-0.000229857 0.000239768 -0.00773092 -2.46019e-05 0.000327189 -0.00768231 5.23372e-05 0.000231373 -0.00776117 
2.48517e-05 0.000242191 -0.00766423 8.03768e-05 0.000327023 -0.00775302 0.000215516 0.000255652 -0.00777574 
-0.000457994 0.00053684 -0.00768527 -0.000244636 0.000441152 -0.00778 -0.000131082 0.000480348 -0.0076873 
6.69642e-05 0.000453052 -0.00777949 -5.84164e-06 0.000532964 -0.00776428 -0.000780394 0.000622797 -0.00768151 
5.85171e-05 0.000637269 -0.00773666 0.000241076 0.00059251 -0.0078061 -0.000604456 -0.000928077 -0.00762903 
-0.000562215 -0.000849253 -0.00755931 -0.000340251 -0.000859698 -0.00754227 -0.000138073 -0.000987505 -0.00764468 
0.000357009 -0.000837835 -0.00751634 -7.1294e-05 -0.000601022 -0.00760818 0.000183433 -0.000632702 -0.00755458 
-0.000853668 -0.000447667 -0.00761813 -0.000332205 -0.000486233 -0.00761923 -7.25696e-05 -0.000499528 -0.00760171 
-0.000902183 -0.000274937 -0.00758807 -0.000202299 -0.000262937 -0.00755655 -6.03289e-05 -0.000326198 -0.00756798 
4.27541e-05 -0.000329164 -0.0075503 1.02182e-05 -0.000239791 -0.00763299 2.06912e-05 -0.000237265 -0.00751764 
0.000137433 -0.000300769 -0.00756355 0.000228117 -0.000235084 -0.00764967 0.000345717 -0.00029918 -0.00755108 
0.000498144 -0.000344456 -0.00757932 -0.000313223 -0.000111097 -0.00758251 -0.000266946 -0.00019536 -0.00763206 
-9.23801e-05 -0.000224473 -0.00765688 -0.000216067 -9.22311e-05 -0.00759697 -0.000162036 -0.000176076 -0.00760393 
-0.000116315 -8.69908e-05 -0.00760172 -0.000119456 -0.000149978 -0.00751523 -7.17309e-05 -0.000226245 -0.00755903 
-3.92996e-05 -0.000142996 -0.00763358 6.0554e-05 -0.00016199 -0.00759525 -1.70209e-05 -0.00014613 -0.0075341 
0.000132957 -0.000203725 -0.00765014 0.000203407 -0.000134628 -0.0076334 0.00015992 -0.000184354 -0.00755287 
0.000217887 -0.000100799 -0.00753345 0.000318964 -0.000104528 -0.00761026 0.000274907 -0.00018278 -0.00754007 
-0.000330941 2.96561e-05 -0.0076159 -0.000244402 -1.18741e-06 -0.00756566 -0.000187518 4.53687e-05 -0.0076384 
-0.000106935 5.10441e-05 -0.00757949 -0.000153641 -2.14968e-05 -0.00752893 6.22588e-05 1.02077e-05 -0.00762198 
-4.05164e-05 -2.21631e-05 -0.00759455 -2.70946e-06 6.76391e-05 -0.00757208 4.21808e-05 -6.89793e-05 -0.00756349 
6.03972e-05 1.59402e-05 -0.00751394 0.000134473 -6.8482e-05 -0.00760392 0.000144943 3.649e-05 -0.00757084 
0.000232132 7.25469e-05 -0.00760483 0.000333876 -2.2043e-05 -0.00754832 0.000235135 -4.22134e-05 -0.00765466 
0.000237056 -1.72995e-06 -0.00753368 0.000469392 1.37937e-05 -0.00758864 0.000645655 2.76759e-05 -0.00753255 
-0.000478181 9.3479e-05 -0.00762111 -0.000258704 0.000208732 -0.00756418 -0.000308344 0.000125118 -0.00756133 
-7.95168e-05 0.000226732 -0.00765787 -0.000189534 0.000155456 -0.00762756 -8.2023e-05 0.000126499 -0.00764416 
-0.00021365 9.45571e-05 -0.00755162 -0.000157299 0.000183589 -0.00753711 1.38182e-05 0.00015099 -0.00762476 
-6.93995e-05 0.000135783 -0.00754197 3.3027e-05 0.0001492 -0.00752648 7.76802e-05 0.000223116 -0.00758072 
0.000110907 0.000124217 -0.00760517 0.000185111 0.000149137 -0.0075413 0.000317254 8.86524e-05 -0.00754064 
0.000293267 0.000143684 -0.00765368 0.000278671 0.000181865 -0.00755439 0.000680415 0.000125143 -0.00763552 
-0.00035442 0.000260052 -0.00758152 -0.000167608 0.000283086 -0.00753643 -0.000144285 0.000304302 -0.00765122 
-6.18229e-05 0.000326457 -0.00758956 -4.88756e-05 0.000232119 -0.0075591 8.84915e-05 0.00032442 -0.00756649 
0.000109921 0.000311711 -0.00765607 0.00018059 0.000283003 -0.00755142 0.000201532 0.000259893 -0.0076464 
0.000332026 0.000288554 -0.00756469 0.000714675 0.000235532 -0.00758008 0.000845659 0.000297734 -0.00760969 
-0.000564184 0.000396061 -0.00758195 -0.000433601 0.000392793 -0.00755929 7.15021e-05 0.000435695 -0.00760439 
0.000183566 0.000499728 -0.00752047 0.000260754 0.000428979 -0.00761209 -4.71354e-06 0.000542971 -0.00761105 
0.000537047 0.000725463 -0.00755425 4.78673e-05 0.000866672 -0.00761135 -0.000546897 -0.00099127 -0.00742351 
0.000886733 -0.00071163 -0.00738088 -0.000401927 -0.000593644 -0.00744318 -0.000124253 -0.000307979 -0.00746642 
-0.000203477 -0.000259406 -0.00742901 -0.000133897 -0.000303449 -0.00737042 -2.9822e-05 -0.000330122 -0.00743543 
2.83119e-05 -0.000242487 -0.00741582 8.9847e-05 -0.000319619 -0.00746266 0.000235773 -0.000238375 -0.00747039 
-0.000262883 -0.00019956 -0.00750872 -0.000268907 -0.000192611 -0.00738867 -0.000318553 -9.19623e-05 -0.00739362 
-0.0003202 -8.61858e-05 -0.00749015 -0.000211211 -0.000112341 -0.00749782 -0.00012294 -9.47061e-05 -0.00743091 
-0.000137303 -0.000189293 -0.00740152 -0.00021821 -9.38402e-05 -0.00739904 -6.149e-05 -0.000230315 -0.00745898 
-3.22903e-05 -0.000137402 -0.00743544 5.8207e-05 -0.000127567 -0.00739303 8.21874e-05 -0.000124323 -0.00749047 
0.000107936 -0.000219222 -0.00747221 0.000182546 -0.000155593 -0.00745219 0.000112376 -0.000209155 -0.00737237 
0.000320697 -9.07415e-05 -0.00746402 -0.000526475 1.19259e-05 -0.00746077 -0.000331645 2.18473e-05 -0.00738927 
-0.000323223 6.26671e-05 -0.00749565 -0.00024382 -1.92963e-05 -0.00746726 -0.000234817 -7.03362e-07 -0.0073662 
-0.000153855 1.16239e-06 -0.00742864 -6.54892e-05 -6.31123e-05 -0.00750661 -5.16366e-05 3.50258e-05 -0.00749118 
1.85717e-05 -5.26762e-05 -0.00745342 2.14214e-05 4.51901e-05 -0.00742358 -5.82506e-05 -1.28368e-05 -0.00740286 
0.000142423 -4.08761e-05 -0.00750669 0.000191835 2.4074e-05 -0.00744649 0.000103226 -1.2748e-05 -0.0074179 
0.000227168 -6.84016e-05 -0.00743212 0.000331135 1.84277e-05 -0.00740782 -0.000950497 0.00014711 -0.00737223 
-0.00043761 9.54784e-05 -0.00745284 -0.000274031 0.000187914 -0.00746118 -0.000313003 0.000117413 -0.00738232 
-0.000379064 0.00019942 -0.00747529 -0.000100227 7.7015e-05 -0.00738674 -0.000139463 8.26097e-05 -0.00748507 
-0.000230635 7.7034e-05 -0.00744296 -9.49692e-05 0.000224911 -0.00747048 -0.000170223 0.000166191 -0.00743942 
-0.000121092 0.00021162 -0.00736327 -4.80816e-05 0.000139886 -0.00744438 5.06794e-05 0.000141784 -0.00742808 
0.000117638 0.000204602 -0.00749079 0.000206134 0.000123643 -0.00744646 0.00011286 9.86391e-05 -0.00749373 
0.00010036 0.000223188 -0.00739392 0.000126266 8.41358e-05 -0.00739529 0.000308486 0.000115278 -0.00744968 
0.000254113 0.000212466 -0.00746293 0.000569709 0.000204433 -0.00744394 -0.000229823 0.000239347 -0.00738754 
-4.78623e-05 0.000331093 -0.00743841 5.37157e-05 0.000327289 -0.00747294 1.32732e-05 0.000236141 -0.00748084 
-2.99407e-05 0.000242512 -0.00739069 0.00017952 0.000278658 -0.00744471 0.000742213 0.000365282 -0.00739234 
0.000544082 0.000522351 -0.00742531 -0.000420064 0.000582718 -0.00743382 1.37011e-05 0.000689194 -0.00747019 
0.000268596 0.000590252 -0.00741022 0.000406349 0.000602466 -0.00738398 -0.000991086 0.00090612 -0.00736517 
0.000579299 0.000868903 -0.00745958 0.000206945 -0.000727002 -0.00734342 -0.000532492 -0.000688538 -0.00735366 
-0.000200981 -0.000403888 -0.00727998 0.000171434 -0.000450423 -0.00734841 -0.000146911 -0.000295924 -0.00727548 
7.21073e-05 -0.000321596 -0.00727149 -2.26581e-05 -0.000330915 -0.00729258 -5.5283e-05 -0.000233305 -0.00735843 
3.48064e-05 -0.000237016 -0.00731164 0.000174404 -0.000287374 -0.00725114 0.000181564 -0.000281484 -0.00735807 
7.93287e-05 -0.000231829 -0.00721246 0.000534736 -0.000268309 -0.00735294 -0.000296816 -0.000149157 -0.00730415 
-0.000138319 -0.000199854 -0.00730186 -0.000196739 -0.000118626 -0.00730354 -9.68672e-05 -0.000120418 -0.00725748 
-3.42837e-05 -0.000126346 -0.00733604 -4.68313e-05 -0.000207843 -0.0072618 5.61366e-05 -0.00013988 -0.00729354 
0.000186529 -0.000142065 -0.00735259 0.000145085 -0.000193787 -0.00727771 0.000205689 -0.000113956 -0.00725851 
0.000113599 -8.45531e-05 -0.00723295 0.00029455 -0.000159699 -0.00725547 0.00023991 -0.000229945 -0.0072796 
0.000272441 -0.00019322 -0.0073537 -0.000322106 7.61161e-05 -0.00729847 -0.000331464 -1.92585e-05 -0.00729844 
-0.000241432 1.151e-06 -0.00726005 -0.000124033 -5.8884e-05 -0.00733747 -0.000156332 3.50728e-05 -0.00731524 
-0.000150832 -3.75047e-05 -0.00724282 -0.000138468 5.89551e-05 -0.00721892 2.7211e-05 -3.38279e-05 -0.00735538 
2.22639e-05 6.49935e-05 -0.00732547 -5.811e-05 8.83814e-06 -0.00730449 -1.06414e-05 -6.9501e-05 -0.00725721 
6.45904e-05 -4.40875e-06 -0.00726724 -4.56377e-06 5.94416e-05 -0.00722822 0.00011799 -7.10921e-05 -0.00733609 
0.000149053 2.36009e-05 -0.00731893 0.000151663 7.22656e-06 -0.00721922 0.000231829 7.35981e-05 -0.00736097 
0.00033309 -6.20419e-05 -0.00729914 0.000329455 3.01275e-05 -0.00727295 0.000232583 -2.723e-05 -0.00734094 
0.000231266 4.75981e-05 -0.00726437 -0.000867852 0.000168909 -0.00722073 -0.000284683 0.000176845 -0.00725708 
-0.000199988 0.000138982 -0.00734793 -0.000151239 0.000182156 -0.00727185 -8.89213e-05 0.000106462 -0.00729165 
-0.000221194 9.92385e-05 -0.00725851 -2.08439e-05 0.000152116 -0.00734894 -5.93853e-05 0.000222556 -0.00728481 
1.40931e-05 0.000158311 -0.00725525 0.000179126 0.000164259 -0.00735913 7.88513e-05 0.000147415 -0.00733222 
0.000187781 0.0001512 -0.00726029 0.000106526 8.94059e-05 -0.00725554 0.000104617 0.000207142 -0.00724989 
0.000283715 0.000173026 -0.00734617 0.000287306 0.000171439 -0.00723978 0.000421441 0.000156585 -0.00728032 
-0.000209758 0.000260701 -0.00729224 -9.96028e-05 0.000315267 -0.00727524 -3.75793e-06 0.000332124 -0.00729795 
3.59913e-05 0.00024068 -0.00731524 9.21815e-05 0.000323373 -0.00736063 0.00014421 0.00030075 -0.00723835 
0.000219316 0.000246594 -0.00730979 0.000380256 0.000284567 -0.00732555 9.45111e-05 0.000447594 -0.00729622 
0.000747778 0.000536839 -0.00730096 -0.000333066 0.00065574 -0.00735534 0.000228817 0.000840484 -0.00729669 
-0.000605755 0.000961723 -0.00722 0.000378525 -0.000821461 -0.00713147 -0.00045038 -0.000650366 -0.00715149 
-0.000288867 -0.000602265 -0.0071766 -0.000123107 -0.000649519 -0.00715651 0.000773025 -0.000548637 -0.00717446 
0.000902843 -0.00059356 -0.00707952 0.000580369 -0.000492867 -0.00718498 -8.10211e-05 -0.000320751 -0.00709082 
-0.000168296 -0.000286447 -0.00710197 -7.36081e-05 -0.000320659 -0.00719426 5.71344e-05 -0.000322954 -0.00713673 
-1.25413e-05 -0.000243917 -0.00717484 0.000226164 -0.000249599 -0.00712248 -0.000246456 -0.000222561 -0.0072104 
-0.000320285 -8.57047e-05 -0.00718905 -0.000262127 -0.000199706 -0.00711461 -0.00014879 -0.000183206 -0.00719823 
-0.000221065 -0.000103615 -0.00720535 -0.000132532 -9.2063e-05 -0.00716019 -9.21188e-05 -0.000221757 -0.00710566 
-0.000171403 -0.000160601 -0.00709844 -5.43586e-05 -0.000153106 -0.00717283 4.359e-05 -0.000141258 -0.00718955 
-1.42495e-06 -9.85234e-05 -0.00710709 4.6069e-06 -0.000214513 -0.0070808 0.000170606 -0.000172585 -0.0071833 
9.94868e-05 -0.000222312 -0.00711496 0.000116412 -0.000102736 -0.00713264 0.000217093 -7.9657e-05 -0.007121 
0.00017712 -0.000165993 -0.00708255 0.00027919 -0.000172872 -0.00716285 0.000321181 -8.34272e-05 -0.00711475 
0.000390602 -0.00015995 -0.00718044 -0.000546288 1.14811e-05 -0.00711307 -0.00033501 3.3162e-05 -0.00708464 
-0.000329479 4.29427e-05 -0.00720917 -0.000238157 5.23721e-05 -0.00716935 -0.000232719 -7.6654e-05 -0.00710908 
-0.000236753 1.80599e-05 -0.00707329 -0.000157255 2.33407e-06 -0.00713832 -0.000118128 6.39397e-05 -0.00706998 
-6.59121e-05 -1.28662e-05 -0.00719607 4.25136e-05 -4.11541e-05 -0.00717626 -1.03055e-05 5.8424e-05 -0.0071231 
-6.67957e-05 -1.96143e-05 -0.00709627 5.34346e-05 -8.37449e-06 -0.00708222 8.00448e-05 5.19948e-05 -0.00716553 
0.000146566 -7.45324e-06 -0.00712031 0.000241626 -3.50356e-05 -0.00720792 0.000328537 3.63302e-05 -0.00717798 
0.000243868 1.68321e-05 -0.0071181 -0.000302041 0.000133556 -0.00707266 -9.81966e-05 0.000213415 -0.00719287 
-0.000183956 0.000151366 -0.00718162 -0.000129935 0.000179439 -0.00710173 -0.000204069 0.000111979 -0.00709193 
3.33005e-05 0.000144136 -0.00715702 -6.98969e-05 0.00011839 -0.00717674 -4.68197e-05 0.000134054 -0.0070687 
0.000223598 0.000101511 -0.00718043 0.000134044 0.000146539 -0.00717549 8.88797e-05 0.000227782 -0.00713749 
9.60044e-05 0.000110577 -0.00708489 0.000205813 0.000102116 -0.00708196 0.000288812 0.000170617 -0.00713907 
-0.000230725 0.000238424 -0.00719738 -0.000114693 0.000311132 -0.00717773 -5.3203e-05 0.000331429 -0.0070998 
4.16254e-05 0.000325647 -0.00716229 -7.93881e-07 0.00023753 -0.00718361 -4.73774e-05 0.000232971 -0.00708339 
0.000218566 0.000246038 -0.00720112 0.000138682 0.00030819 -0.00707449 -0.000398793 0.000442977 -0.00717774 
-0.000195132 0.000421653 -0.00719472 -0.000105764 0.000429805 -0.00714702 -1.51613e-05 0.000428201 -0.00720829 
9.8616e-05 0.000439622 -0.00716684 0.000277529 0.000393828 -0.00719949 0.000238035 0.000543964 -0.00718978 
1.67509e-05 0.000804117 -0.00710402 -0.000580458 -0.000608935 -0.00697379 0.00010231 -0.000603772 -0.00702061 
0.000382639 -0.000683356 -0.00696156 -0.000378351 -0.000466853 -0.00697765 -2.74026e-07 -0.000526028 -0.0069763 
-0.000142852 -0.000299228 -0.00693552 6.35451e-05 -0.000323075 -0.00692915 -1.66289e-05 -0.000328471 -0.00699329 
0.000106035 -0.000319549 -0.00702623 0.000189682 -0.000273191 -0.00695645 0.000440668 -0.000322479 -0.00698094 
-0.000319166 -8.97026e-05 -0.00702328 -0.000247917 -0.00021487 -0.00697917 -0.000211659 -0.00012211 -0.0070059 
-0.000144322 -0.000196426 -0.00700899 -0.000116711 -0.00010663 -0.00696817 -2.50352e-05 -0.000229324 -0.00698337 
-6.96991e-05 -0.000142613 -0.00704882 7.20777e-05 -0.000145788 -0.00705367 -1.76667e-05 -0.000132072 -0.00696121 
7.79733e-05 -0.000226416 -0.00699471 8.17675e-05 -0.00010982 -0.00696067 0.000163864 -0.000174816 -0.00698349 
0.000228212 -7.74446e-05 -0.00701718 0.000214515 -0.000114404 -0.00692015 0.000274638 -0.000183395 -0.00702967 
0.000319976 -9.0269e-05 -0.00696624 -0.000626137 -6.10099e-05 -0.00691075 -0.000331255 -1.93555e-05 -0.00695366 
-0.000322489 7.2028e-05 -0.00698836 -0.000144079 -7.18162e-05 -0.00706019 -0.000196068 -2.27873e-05 -0.0069889 
-9.55171e-05 -9.67074e-06 -0.00698193 -1.14393e-05 -5.05942e-05 -0.00701888 -2.25797e-05 4.88687e-05 -0.00702228 
6.44071e-05 4.78387e-06 -0.00698277 -8.62952e-06 -4.2145e-05 -0.00691792 7.47414e-07 5.7352e-05 -0.00692533 
0.000130006 -6.53391e-05 -0.00704047 0.000144341 4.09166e-05 -0.00703131 0.000149757 -3.78523e-05 -0.00694638 
0.000242896 2.20231e-05 -0.00701731 0.000329057 3.11407e-05 -0.00693953 0.00032932 7.18597e-05 -0.00704143 
0.000240972 -1.02762e-05 -0.00691435 -0.000289237 0.0001557 -0.00691083 -0.000211255 8.20972e-05 -0.00699625 
-0.000113701 0.00021355 -0.00700893 -0.000101152 0.000116467 -0.00698587 -0.000179946 0.000163322 -0.0069446 
-8.47741e-05 0.000220497 -0.00691335 3.75206e-05 0.000187072 -0.00705734 7.51403e-06 0.000155047 -0.00694629 
0.000140737 0.000197707 -0.00705655 0.000192399 0.000133629 -0.0069879 8.51911e-05 0.000214094 -0.00697313 
8.90258e-05 0.00011126 -0.00698505 0.000235976 0.000228112 -0.0070359 0.000280529 0.000177034 -0.00696602 
-0.000941372 0.000320554 -0.00694641 -0.000247079 0.000346507 -0.00700171 -0.000100166 0.000315347 -0.00700162 
-0.000174988 0.000277465 -0.00705629 2.13045e-05 0.000334789 -0.00700895 -1.81165e-05 0.000242519 -0.00698809 
0.000106476 0.00031181 -0.00697639 0.000191575 0.000275764 -0.00691268 0.000619323 0.000343187 -0.00703163 
0.000935883 0.000250093 -0.00696225 -6.61175e-05 0.000685283 -0.00700416 -0.000460962 -0.00088765 -0.00682985 
0.000187667 -0.000812735 -0.00686966 0.000357315 -0.000733436 -0.00680762 -0.000199322 -0.000591466 -0.00682948 
-0.000306289 -0.000426585 -0.00685414 -0.00021128 -0.000463345 -0.00680398 0.000656588 -0.000475977 -0.00685218 
-0.000723675 -0.000322624 -0.00680669 -0.000115667 -0.000307592 -0.00681078 -5.86983e-05 -0.000326963 -0.00689665 
5.7737e-05 -0.000322925 -0.00682184 -4.02398e-05 -0.000239947 -0.00684426 0.000183126 -0.000279404 -0.00683274 
0.000852752 -0.000325277 -0.00685689 -0.0002981 -0.000145788 -0.00690558 -0.000269442 -0.000192485 -0.00676916 
-0.000251936 -0.000217487 -0.00686934 -0.000308811 -0.000122883 -0.00680758 -0.000198704 -0.00011738 -0.00689702 
-0.000133939 -0.00020336 -0.00690728 -8.25724e-05 -0.000123602 -0.00687503 -0.000182862 -0.000153905 -0.00680528 
5.56848e-05 -0.000224926 -0.00689613 1.70045e-05 -0.000140085 -0.00685705 -3.01145e-05 -0.000138023 -0.00676745 
0.000151667 -0.00019174 -0.00688391 0.000101846 -0.00015182 -0.00680443 0.000246027 -0.00022028 -0.00690064 
0.000312962 -0.00011686 -0.00685791 0.00047333 -0.000120343 -0.00681491 -0.000996511 -4.82901e-06 -0.00680506 
-0.000330654 -2.9209e-05 -0.00678311 -0.000322809 5.77738e-05 -0.00686845 -0.000242231 -2.60515e-05 -0.00685003 
-0.000153501 -1.61796e-05 -0.00689795 -0.000225364 6.7792e-05 -0.00689065 -0.000155716 4.70828e-05 -0.0068197 
-0.000109366 -5.20048e-05 -0.00680804 -6.73337e-05 2.35819e-05 -0.00686028 4.67682e-05 2.79091e-05 -0.00684101 
-9.56237e-06 -5.18083e-05 -0.00681832 8.05116e-05 -6.4231e-05 -0.0068712 0.00014911 2.56867e-05 -0.0068684 
0.000131634 -3.654e-05 -0.00678821 0.000230314 -6.45071e-05 -0.00683094 0.000332111 -2.4846e-05 -0.0068367 
0.000232807 3.72551e-05 -0.00681442 0.000436485 3.49548e-06 -0.00689073 0.000575468 -3.49835e-05 -0.00678822 
-0.000762852 0.000123905 -0.00681209 -0.000274057 0.000188441 -0.00681767 -0.000163279 0.000147208 -0.00684295 
-8.04792e-05 0.000112594 -0.00678859 -7.68309e-05 0.000122302 -0.00688814 4.9165e-05 0.000219261 -0.00687783 
-4.95714e-05 0.000216428 -0.00681929 1.56314e-05 0.000128836 -0.00681664 0.000158906 0.000178453 -0.00690494 
0.000223666 8.78477e-05 -0.00690372 9.0297e-05 0.000108783 -0.00688394 0.000195232 0.000132269 -0.00681545 
0.000109469 9.01756e-05 -0.00678457 0.000113347 0.000198166 -0.00679795 0.000289865 0.000164085 -0.0068704 
0.000252103 0.000222239 -0.00676596 0.000708097 0.000186838 -0.00686606 0.000968171 0.000227748 -0.00686732 
-0.000391401 0.00024768 -0.00676525 -0.000226661 0.000242462 -0.00689975 -0.000184101 0.000276424 -0.0068024 
-9.84442e-05 0.000315762 -0.006835 5.49361e-05 0.00032713 -0.00680085 -8.68692e-06 0.000332056 -0.00687757 
0.000147237 0.000297558 -0.00681163 0.000205116 0.00037748 -0.00688692 0.000619009 0.000287615 -0.00680697 
-0.000462757 0.000483234 -0.00678276 -0.00015676 0.000414222 -0.00685067 -1.149e-05 0.000451929 -0.0067863 
0.000153732 0.000504851 -0.00680215 0.000310146 0.000512003 -0.00690456 0.000452985 0.000406043 -0.00682812 
0.000573311 0.000423165 -0.00681983 -0.000820789 0.000663625 -0.00683602 7.63576e-05 0.000618535 -0.00685832 
0.000223361 0.000626341 -0.00679507 -5.26432e-05 0.000701583 -0.00684069 0.000176489 0.000764472 -0.00677545 
-0.000402958 -0.000963621 -0.00663762 0.000618116 -0.000976142 -0.00663171 -0.000939846 -0.000731299 -0.00663388 
-0.000740781 -0.000702476 -0.00661741 8.90206e-05 -0.000744469 -0.0067095 -0.000682091 -0.000445461 -0.00661817 
-0.000131138 -0.000534784 -0.00674046 0.000231492 -0.000468558 -0.00669706 -0.000205828 -0.000260306 -0.00674093 
-8.25896e-05 -0.00032038 -0.00663843 -0.000198127 -0.000265993 -0.0066395 3.8682e-05 -0.000329691 -0.00662093 
-2.56678e-05 -0.000329093 -0.00673498 3.24617e-05 -0.00023659 -0.0067561 0.000132459 -0.000302654 -0.00673259 
0.000138933 -0.000300375 -0.00663425 -0.000297633 -0.000148643 -0.00668147 -0.000198187 -0.000135141 -0.00670771 
-8.66841e-05 -0.000224225 -0.00674286 -0.000124997 -0.000188489 -0.00665116 5.21845e-05 -7.81713e-05 -0.00674384 
3.17604e-05 -0.000151149 -0.00667836 0.000184768 -0.000116601 -0.00675847 0.000138909 -0.000187401 -0.00670153 
0.000202486 -9.69786e-05 -0.00665471 0.000254104 -0.000212565 -0.00674991 0.000288202 -0.000168431 -0.00666533 
-0.000323183 5.74589e-05 -0.00673601 -0.000332982 -4.98971e-05 -0.00667672 -0.000215605 -1.05353e-05 -0.00675144 
-0.000122016 -6.1488e-05 -0.00670226 -0.000141265 5.57325e-05 -0.00671824 -0.000219567 -1.92679e-05 -0.00664416 
-9.25456e-05 2.21951e-05 -0.00662656 -5.7225e-05 1.84503e-05 -0.00675858 4.59888e-05 4.14389e-05 -0.00672277 
-2.07512e-05 -5.40327e-05 -0.00667718 3.34712e-05 7.48177e-05 -0.00662761 0.000103542 -5.72648e-05 -0.00666057 
0.000236466 5.73295e-06 -0.00669736 0.000327568 -5.20641e-05 -0.00664964 0.000330493 -2.72035e-05 -0.00674154 
0.000918354 3.78529e-05 -0.00667959 -0.000290793 0.000152525 -0.00661192 -0.000289122 0.000155903 -0.00671427 
-0.000154928 0.000164996 -0.00674014 -0.000193026 0.000149094 -0.00664487 -6.68405e-05 0.000221504 -0.00669177 
1.81445e-05 0.000206123 -0.00674437 -3.56358e-05 0.000124283 -0.00669812 2.8012e-05 0.000206364 -0.00662649 
0.000125691 0.000123969 -0.00668545 0.00031396 0.000110282 -0.00675689 0.000321336 9.08605e-05 -0.00665059 
0.000278781 0.000180834 -0.00666818 0.000438631 7.86437e-05 -0.00668237 0.000720972 0.000224776 -0.00664042 
-0.000150245 0.00029991 -0.00668539 -0.000227929 0.000241191 -0.00671974 -2.77176e-05 0.000327528 -0.00675073 
5.67023e-05 0.00032431 -0.00664026 0.000167132 0.00028782 -0.00671498 0.000325774 0.000323957 -0.00664969 
0.000451796 0.000246783 -0.00661165 -0.000374918 0.000522593 -0.00671398 -0.00019507 0.00047226 -0.00668269 
-6.62102e-05 0.000431861 -0.00668441 0.000423917 0.000399889 -0.0067266 0.000851269 0.000471345 -0.00675826 
-0.000629537 0.000568159 -0.00673377 -0.000265557 0.000549438 -0.0067243 4.19578e-05 0.000550321 -0.0066721 
0.000418711 0.000568788 -0.00665177 0.000889879 0.000793296 -0.00670547 0.000625468 -0.000918999 -0.00653726 
-0.0008534 -0.000695667 -0.00654725 -0.000160567 -0.000808223 -0.00652877 -0.000614661 -0.000455432 -0.00652104 
-0.000167503 -0.000533389 -0.00659239 -0.000124524 -0.000469538 -0.00652067 -0.000345589 -0.000325294 -0.00657847 
-0.0001388 -0.000301113 -0.00655818 -1.74875e-05 -0.00032825 -0.00653843 8.40068e-05 -0.000320899 -0.00646158 
0.000187371 -0.000271994 -0.00648462 0.000236455 -0.000231401 -0.00660197 0.000453049 -0.00024454 -0.00659713 
-0.000750028 -0.000217602 -0.00654326 -0.000246007 -0.00022313 -0.00653717 -0.000298115 -0.000147697 -0.00649929 
-0.000203308 -0.000124092 -0.00656853 -0.000139832 -0.000184915 -0.00651573 -0.000161736 -9.8102e-05 -0.00646827 
-3.26582e-05 -0.000183471 -0.00660386 4.11433e-05 -0.00015838 -0.00653716 -4.20542e-05 -9.67928e-05 -0.00654907 
0.000116647 -0.000206361 -0.0065852 0.000141315 -9.58349e-05 -0.00657496 0.000181142 -8.47874e-05 -0.00646578 
0.000292804 -0.000156009 -0.00654904 -0.000324297 -7.42999e-05 -0.00657321 -0.000324016 5.13827e-05 -0.00656983 
-0.00023448 -3.01562e-05 -0.00646188 -0.0002276 2.27158e-05 -0.00655064 3.37519e-05 -2.65607e-05 -0.00655359 
0.000163017 6.24153e-05 -0.0065927 9.55084e-05 -1.03724e-05 -0.00646666 0.000211902 4.74754e-05 -0.00649644 
0.000231561 -5.15059e-05 -0.00657044 0.000329495 -3.66027e-05 -0.00653681 0.000325755 5.91533e-05 -0.00650422 
0.000438896 -3.5637e-05 -0.00648303 0.000754466 -3.59102e-05 -0.00655564 -0.000419203 0.000192073 -0.00655525 
-0.000269093 0.000196009 -0.00650737 -0.000151763 8.86458e-05 -0.00654535 -7.95694e-05 9.21328e-05 -0.00646895 
-0.000127302 0.000194683 -0.00648346 -6.22416e-05 0.000195315 -0.00657336 -1.48117e-05 0.000105638 -0.00654541 
4.49085e-05 8.78226e-05 -0.00645788 -2.51443e-05 0.000184132 -0.00646304 0.00011196 0.000149339 -0.00657396 
0.000124606 0.000179608 -0.00647406 0.000273179 0.000181591 -0.00648146 0.000249899 0.000221058 -0.00657006 
0.000457299 0.00014945 -0.00658039 0.000541302 9.39169e-05 -0.00658503 0.000635747 0.000222811 -0.00653201 
0.000594914 0.000127824 -0.00646951 -0.000906357 0.00023376 -0.00652526 -0.000612658 0.000321314 -0.00648721 
-0.000346276 0.000241357 -0.00660411 -0.000286593 0.000327186 -0.00657489 -0.000349758 0.000269109 -0.0065014 
-0.000228904 0.000240204 -0.00658743 -9.70636e-05 0.000315967 -0.0065359 -0.000185908 0.000275209 -0.00650437 
-8.58302e-06 0.00033247 -0.00649484 -2.57489e-05 0.000327425 -0.00659986 0.000104502 0.00031613 -0.00650464 
0.000181403 0.000277091 -0.00655481 0.000286755 0.000312566 -0.00647951 0.000995731 0.000379021 -0.00654051 
-0.000859466 0.000480062 -0.00656605 -0.000526705 0.00049731 -0.006602 -0.000439388 0.000503826 -0.00645811 
-0.000341617 0.000448728 -0.00658954 -0.00025756 0.000529417 -0.00645997 -0.00032284 0.000430076 -0.00647036 
-0.000219234 0.000532282 -0.00655744 -9.33893e-05 0.000506701 -0.00653094 0.000254157 0.000453736 -0.00655306 
0.000481508 0.000402514 -0.00655506 0.000456793 0.000480126 -0.0064881 0.000763162 0.000407608 -0.00658065 
0.000796616 0.000433166 -0.00646576 -0.000216039 0.000641574 -0.00649707 2.99599e-05 0.000542705 -0.00655098 
0.000483498 0.000561249 -0.0065498 -0.000113534 0.000816183 -0.00651076 -0.000684675 0.000961128 -0.00651316 
-0.000868702 -0.000989039 -0.00643657 2.08549e-05 -0.00090257 -0.00643687 0.000589113 -0.000957165 -0.0064284 
-0.000505378 -0.000675506 -0.00631622 0.000264709 -0.000551167 -0.00641499 -0.00081762 -0.000388352 -0.00633812 
-0.000613721 -0.000447412 -0.00638111 -7.81378e-05 -0.00045451 -0.00638581 0.000159182 -0.00048054 -0.00635201 
-0.000239651 -0.000379953 -0.006415 -8.27178e-05 -0.000320959 -0.00645672 -9.35577e-05 -0.000318973 -0.00631688 
-0.000143067 -0.000297873 -0.00639785 -0.000203905 -0.000261651 -0.0063286 -9.14328e-06 -0.000332242 -0.00638437 
0.000135939 -0.000298391 -0.00638007 0.000243317 -0.000230876 -0.00636305 0.000333026 -0.000288676 -0.00641475 
0.000536573 -0.000327054 -0.00642184 -0.000264473 -0.000196922 -0.00642611 -0.00029762 -0.000149348 -0.0063414 
-0.000318782 -8.88577e-05 -0.00643073 -0.000122759 -0.000154159 -0.00632331 -1.94154e-05 -0.000216868 -0.0063347 
9.91374e-05 -0.000190548 -0.00645259 0.000134236 -0.000178959 -0.00635559 0.000207207 -8.05643e-05 -0.00636439 
0.000267851 -0.000194671 -0.00645606 0.000297541 -0.000156868 -0.00637166 0.000735997 -0.000114753 -0.00641348 
-0.00048421 4.38044e-05 -0.00633541 -0.000331349 2.41372e-05 -0.00644506 -0.00032339 6.29018e-05 -0.00635338 
-0.000330276 -3.31307e-05 -0.00631127 -0.000219262 6.25706e-05 -0.00634875 -0.000123008 -1.13449e-05 -0.00635172 
6.56749e-05 -6.89164e-05 -0.00636396 0.000329702 2.92584e-05 -0.00641096 0.000326165 -6.66397e-05 -0.00643602 
-0.000901977 0.000136082 -0.00638377 -0.000574219 0.000171729 -0.00636751 -0.00046817 0.000178005 -0.00637787 
-0.000239296 0.000229906 -0.00641835 -0.000304209 0.000131172 -0.00642489 -0.0002011 0.000121481 -0.00645438 
-0.000140904 0.000165008 -0.00638489 -2.3579e-05 0.000113915 -0.00638351 7.03518e-05 0.000139487 -0.00632829 
0.000169302 0.000107654 -0.00639519 0.000234551 0.000230656 -0.00635124 0.000295016 0.000158406 -0.00636863 
0.000438493 0.000153691 -0.00631198 0.000593595 0.00013994 -0.00632082 -0.00043607 0.000287191 -0.00640917 
-9.41697e-05 0.000316495 -0.00640762 -0.000174355 0.000277881 -0.00633835 -0.000207636 0.000371315 -0.00645281 
5.73833e-05 0.000237759 -0.00641076 1.07195e-05 0.000336179 -0.00634518 0.000196053 0.000263406 -0.0064502 
0.000146832 0.000295819 -0.00635128 0.000451778 0.000267516 -0.00638899 0.000744737 0.000349868 -0.00640341 
0.000978586 0.00023593 -0.00638474 6.12209e-05 0.000493715 -0.00633604 0.000155013 0.000407252 -0.00640005 
0.000438424 0.000430945 -0.00639555 -0.000262839 0.000549213 -0.00634502 -0.000108663 0.00056603 -0.00630955 
6.46331e-05 0.000650985 -0.00642999 0.000556721 0.000566014 -0.0063207 -0.000585097 0.000730696 -0.00632791 
0.000270743 0.000730743 -0.00633844 -0.000208567 -0.000697585 -0.00624348 0.000289963 -0.000832733 -0.0062354 
0.000357802 -0.000710556 -0.00630327 0.000533887 -0.000748459 -0.00625802 0.000728506 -0.000830963 -0.00621289 
-0.000435202 -0.000558036 -0.00618505 -2.49193e-05 -0.000604035 -0.00622238 0.000181725 -0.000555211 -0.00625222 
0.000902935 -0.000538881 -0.00616945 -0.000363147 -0.000404544 -0.00617329 -0.000145583 -0.00043105 -0.00626776 
-0.000720503 -0.000288713 -0.0061817 -0.00049913 -0.000356712 -0.00618632 -0.000343706 -0.000256539 -0.00622699 
-0.00019322 -0.000269759 -0.00622999 -8.32912e-05 -0.00032013 -0.00622251 5.75616e-05 -0.000322931 -0.00621026 
0.000188025 -0.00027376 -0.00616808 0.00011076 -0.000312293 -0.00629244 0.000192242 -0.000270496 -0.00628801 
0.000551769 -0.000363346 -0.00628799 -0.000489228 -9.35509e-05 -0.00629927 -0.000456991 -0.000132599 -0.00620194 
-0.000298136 -0.000148031 -0.00622368 -0.000190632 -8.17227e-05 -0.00622343 -2.10298e-05 -0.000143104 -0.00623096 
6.23578e-05 -0.00015807 -0.00628682 3.63699e-05 -0.000224685 -0.00620817 0.000119083 -9.92492e-05 -0.00622429 
0.000290489 -0.000160664 -0.00624118 0.00040813 -0.000222827 -0.00616057 0.000764492 -0.00014365 -0.00619129 
-0.000967928 -7.67372e-05 -0.00630314 -0.000696333 2.27724e-05 -0.00620405 -0.000642157 -7.06213e-05 -0.00626939 
-0.000326384 5.27019e-05 -0.00624939 -0.000231098 2.43944e-05 -0.00622622 -0.000111667 1.83419e-05 -0.00617578 
-4.11695e-05 4.69647e-05 -0.00627246 1.36573e-05 -1.86838e-05 -0.0061872 0.000233602 -6.99461e-05 -0.00621095 
0.000232612 2.86944e-05 -0.00627804 0.000330256 -2.76272e-05 -0.00627013 0.000430338 -6.40374e-05 -0.00625395 
0.000563655 -2.42595e-05 -0.00620805 0.000950822 4.82087e-05 -0.00619156 -0.000487 9.70417e-05 -0.00619528 
-0.000298984 0.000138846 -0.00616883 -0.000291112 0.000151875 -0.00627841 -0.000247967 0.000221429 -0.00619205 
-9.40393e-05 0.000204646 -0.00629621 6.79499e-05 0.000210986 -0.00625019 -3.8995e-05 0.000133938 -0.0062234 
6.01702e-05 0.000111768 -0.00621145 0.000185325 0.000130868 -0.00627261 0.000319448 8.73381e-05 -0.00626623 
0.000270296 0.000196373 -0.00628417 0.000881956 0.000108309 -0.00628097 -0.000461103 0.000247504 -0.006281 
-0.000399436 0.00030209 -0.00619245 -0.000169358 0.000280906 -0.00619746 -8.87096e-05 0.00031731 -0.00615687 
-0.000102384 0.000314337 -0.00627974 4.97714e-05 0.000327937 -0.00616093 7.63825e-05 0.000326669 -0.00625368 
-1.8357e-05 0.000327629 -0.00623379 0.000183521 0.000276552 -0.00624365 0.00034495 0.000355143 -0.00629095 
0.000518637 0.000250132 -0.0062295 0.0004464 0.000343956 -0.00617027 -0.000448773 0.000490621 -0.00626391 
0.000121525 0.000520427 -0.0062524 -0.000390486 0.000664046 -0.00623396 0.000210166 0.000567826 -0.006295 
-0.0007346 0.000695074 -0.00622635 -8.94917e-05 0.000908131 -0.00629096 -0.000257549 -0.0009326 -0.00612153 
-7.99565e-06 -0.000999568 -0.00611179 -0.000144953 -0.000701079 -0.00612589 -0.000735954 -0.000559945 -0.00606743 
0.000194077 -0.000588287 -0.00605985 0.000348652 -0.000609704 -0.00603401 -0.000409471 -0.000475829 -0.00606212 
-7.29946e-05 -0.000427749 -0.00606323 0.000304922 -0.000402661 -0.00615278 -0.000872485 -0.000255007 -0.00611928 
-0.000451933 -0.000320965 -0.00608623 -0.000366258 -0.000266087 -0.00611098 -0.000306621 -0.00033344 -0.00603045 
-0.000215053 -0.000361804 -0.00615077 -0.000147942 -0.000296626 -0.00606145 6.6755e-05 -0.000322122 -0.00604946 
-3.61187e-05 -0.000329883 -0.00609967 0.000109852 -0.000309356 -0.00612923 0.000220163 -0.000250204 -0.00605371 
0.000716023 -0.000314342 -0.00602625 -0.000858474 -9.24043e-05 -0.00609788 -0.000548457 -0.000219726 -0.00607104 
-0.000268168 -0.000192675 -0.00608455 -0.000319085 -8.72786e-05 -0.00604643 -0.000378874 -0.000225262 -0.00601188 
-0.000115677 -0.000125623 -0.00603652 -5.01176e-05 -0.000222015 -0.00613606 4.05217e-05 -0.000138711 -0.00606131 
0.000109263 -0.000197367 -0.00611166 0.000268754 -0.000206783 -0.00612801 0.000309064 -0.000114447 -0.0060923 
0.000562389 -0.000143584 -0.00601948 0.000853605 -0.000163067 -0.00610664 -0.000429092 6.47975e-05 -0.00610491 
-0.000485371 -4.45561e-05 -0.00606005 -0.000331111 -2.14583e-05 -0.00613969 -0.000326904 5.18187e-05 -0.00604818 
-0.00012956 4.21014e-05 -0.00605611 -5.17105e-05 -5.52871e-05 -0.00606852 -3.20096e-05 4.44756e-05 -0.00603385 
0.00020769 -2.94606e-05 -0.00607359 0.000101065 -5.31049e-05 -0.0060498 0.00033181 -2.3774e-05 -0.00604702 
0.00033255 5.00847e-06 -0.00614265 -0.000569618 9.76607e-05 -0.0061337 -0.000242918 0.000225275 -0.00609074 
-0.000181876 0.000118011 -0.00612997 -0.000139486 0.000176819 -0.00605006 -1.23344e-06 0.000199205 -0.00606159 
0.000134079 0.000151364 -0.00606142 0.000204763 8.96333e-05 -0.00600452 0.000320881 8.15986e-05 -0.00605027 
0.000272729 0.000191079 -0.00602704 0.000296115 0.000146114 -0.00614298 0.000606969 0.000211939 -0.00606407 
-0.000584074 0.000368249 -0.0061105 -0.000155501 0.000293842 -0.00608698 -2.80854e-05 0.000232396 -0.00615288 
-6.32108e-06 0.00033209 -0.0060469 0.00017419 0.000280849 -0.00612827 0.000182869 0.000276551 -0.00602113 
0.000241853 0.000381468 -0.00613404 0.000298423 0.000297446 -0.00612684 0.000722304 0.000327087 -0.00603413 
-0.000720708 0.000464218 -0.0060576 -0.000447765 0.000421837 -0.00606686 -0.000304556 0.000465198 -0.00606877 
5.08949e-05 0.000443213 -0.00614689 0.000164682 0.000523463 -0.00615231 0.00057874 0.000503662 -0.00612256 
-0.000453494 0.000720005 -0.00613862 0.00052448 0.000844471 -0.00613857 0.000206346 -0.000929672 -0.00596332 
0.000165083 -0.000753521 -0.00592665 -0.000982521 -0.00055294 -0.0059359 -0.000364222 -0.000651014 -0.00585696 
0.000551517 -0.000551015 -0.00593177 -0.000392812 -0.0004604 -0.00592308 -0.000107166 -0.000461476 -0.00591408 
-0.000200321 -0.0004257 -0.00598474 0.000139509 -0.000430611 -0.00599576 0.000116962 -0.000512069 -0.0059 
0.000428365 -0.000431652 -0.00592878 0.000682936 -0.000413344 -0.00590995 -0.000737087 -0.000337297 -0.00585591 
-0.000461998 -0.000352532 -0.00598235 -0.00038403 -0.000284325 -0.00589928 -0.00030579 -0.00035028 -0.00590331 
-0.000128641 -0.000306244 -0.00592534 -0.000204128 -0.000261461 -0.00586467 4.69552e-05 -0.000328636 -0.00589493 
0.000139544 -0.000300052 -0.00588117 0.000185849 -0.000274279 -0.00595716 -0.00055214 -0.00019025 -0.00593877 
-0.000289295 -0.000169213 -0.00587859 -0.000266694 -0.000194611 -0.00598524 -0.000316421 -0.000100708 -0.00594614 
-9.90224e-05 -0.000138769 -0.00593256 -1.9482e-05 -0.000209763 -0.00599222 3.23598e-05 -0.000145453 -0.00589587 
9.69395e-05 -0.000194751 -0.00599295 0.000162878 -8.45705e-05 -0.00595321 0.000303807 -0.000143561 -0.00596491 
0.000301826 -0.000143635 -0.00586614 -0.000791113 2.85904e-05 -0.00590849 -0.000328542 -6.48282e-06 -0.00589962 
-0.000229379 1.70258e-06 -0.00598137 -0.000123727 -2.89511e-05 -0.00596122 -0.000198988 4.77239e-06 -0.00588459 
4.81345e-05 3.66441e-06 -0.00591355 -6.27609e-05 2.01109e-05 -0.00589618 0.000237993 -4.6887e-06 -0.0059724 
0.000331606 -5.98594e-07 -0.00590272 0.000604955 -7.10127e-06 -0.0059053 -0.000269028 0.000192008 -0.00598017 
-0.000306976 0.000128488 -0.00586358 -0.000317097 0.000112427 -0.00596624 -0.000198313 0.000103846 -0.00590942 
-9.47047e-05 0.000223371 -0.00592619 6.97126e-05 0.000210808 -0.0059124 0.00010276 8.5778e-05 -0.00596265 
0.000102338 8.5096e-05 -0.00585445 0.000182366 0.000154112 -0.00586608 0.000283785 0.000164996 -0.00588447 
0.000320429 9.08337e-05 -0.00594766 -0.000928597 0.000273696 -0.00597729 -9.43861e-05 0.000316759 -0.0059842 
-0.000205972 0.000262753 -0.00588949 -7.68623e-06 0.000331982 -0.00594592 -5.63715e-05 0.000331946 -0.00586072 
7.66868e-05 0.000323154 -0.00599682 0.000184756 0.000277427 -0.00592226 0.000119038 0.00043315 -0.00598383 
0.000681212 0.000497834 -0.0059812 -0.000885423 0.000640965 -0.00599697 0.000306283 0.000543271 -0.00586786 
0.00041609 0.00055858 -0.00592496 0.000905091 0.000565866 -0.00599714 -0.00094212 0.000970455 -0.0059903 
0.000532833 0.000962568 -0.00590292 -0.000150231 -0.000827357 -0.00576387 -0.000640793 -0.000601435 -0.00585333 
0.000110957 -0.0006883 -0.00579415 -0.000748022 -0.000515588 -0.00582918 -7.9518e-05 -0.000427777 -0.00581767 
0.000669792 -0.000493828 -0.00583357 -0.000392036 -0.000344347 -0.00581617 -8.12631e-05 -0.000320165 -0.00583842 
-9.31855e-05 -0.000319335 -0.00572012 -0.000181235 -0.000283783 -0.00575572 -1.84568e-05 -0.000328029 -0.00576547 
0.000223535 -0.000245658 -0.00571489 0.00023067 -0.000242148 -0.00583144 0.000129527 -0.000303437 -0.0057815 
0.000592494 -0.00035586 -0.00580032 -0.000762212 -8.3657e-05 -0.00575164 -0.000417868 -0.000133312 -0.00572141 
-0.000513724 -0.00016991 -0.00573143 -0.000252726 -0.000214187 -0.00579121 -0.000316262 -0.000101566 -0.00573911 
-0.000155979 -0.000160961 -0.00575185 1.77425e-05 -0.000114006 -0.00579525 -6.10737e-05 -0.000209677 -0.0058502 
9.54007e-07 -0.000218697 -0.00570314 0.000119908 -8.01677e-05 -0.00578078 0.000172591 -0.0001547 -0.00582197 
9.88313e-05 -0.00021889 -0.00573266 0.000306805 -0.000132583 -0.00575893 0.000457357 -0.000184249 -0.00585333 
-0.000443448 -3.11872e-05 -0.00574384 -0.000321846 7.26849e-05 -0.00578203 -0.000205675 -7.55688e-05 -0.00579662 
-0.000131832 2.39625e-06 -0.00580603 -0.000230063 2.02977e-05 -0.00575232 -7.02488e-05 5.7088e-05 -0.00572077 
9.63231e-05 1.55729e-05 -0.00574492 0.000212761 4.77787e-05 -0.00577674 0.000329773 -2.88675e-05 -0.00581191 
0.000326918 5.44052e-05 -0.00573653 -0.000424168 0.000128943 -0.00572803 -0.000285443 0.00017866 -0.00577956 
-0.000165596 0.000179449 -0.00584569 -0.000174713 0.000134184 -0.00571167 -8.59448e-05 0.000226593 -0.00574739 
-1.73402e-05 0.000176164 -0.00582899 4.399e-05 0.000103687 -0.00577192 1.15758e-05 0.000230601 -0.00572172 
0.000149239 0.000124805 -0.00572324 0.000263189 0.000202611 -0.00574611 -0.000805605 0.000320585 -0.005738 
-0.000142854 0.000299697 -0.00582873 -0.000205715 0.000261467 -0.00576606 -5.11268e-05 0.00033241 -0.00573583 
6.94541e-05 0.000323527 -0.00571809 0.000171815 0.000277395 -0.00570903 0.000117355 0.000308037 -0.00581678 
-0.000509888 0.000412308 -0.00576688 0.000541035 0.000495413 -0.00578724 -0.000165354 0.00063009 -0.00581508 
0.000947731 0.000905575 -0.00584953 8.80558e-05 -0.000809964 -0.0056733 0.000981725 -0.000834319 -0.00560286 
-0.000236411 -0.00046132 -0.00562287 7.05404e-05 -0.000427747 -0.0055524 -0.000519666 -0.000306665 -0.00568975 
-0.000365276 -0.000253376 -0.00563815 -0.000230042 -0.000239219 -0.00567056 -8.92806e-05 -0.000319382 -0.00561468 
5.68974e-05 -0.000323001 -0.00569449 4.2658e-05 -0.00032908 -0.0055962 0.000137809 -0.000301273 -0.00559172 
-0.000304208 -0.00012922 -0.00563137 -0.000192072 -0.000111182 -0.0056268 -0.000119849 -0.000200887 -0.00563722 
-8.47949e-05 -0.000110205 -0.00556614 5.84287e-05 -9.52311e-05 -0.0056509 5.97974e-05 -0.000226578 -0.00557711 
0.000158678 -0.000165225 -0.00563972 0.000319656 -8.60756e-05 -0.00564336 0.000278934 -0.00018462 -0.00566415 
0.000241595 -0.000227593 -0.00557468 -0.000331528 -1.44625e-05 -0.00568831 -0.000321736 7.60527e-05 -0.00562841 
-0.000331589 -1.36823e-05 -0.00558637 -0.000117046 -6.08707e-05 -0.00569751 -0.000215919 4.55972e-05 -0.00563641 
-7.24301e-05 1.963e-06 -0.00557985 8.56032e-05 7.58881e-06 -0.00564361 0.000215797 3.58294e-05 -0.00565635 
0.000148012 -4.45922e-05 -0.00557827 0.000336427 1.01768e-05 -0.00565114 0.000495949 -6.23728e-05 -0.00565435 
-0.000282616 0.000180652 -0.00567493 -9.06079e-05 0.000214439 -0.00564501 -0.000153956 8.96585e-05 -0.0055643 
-3.44427e-06 8.17924e-05 -0.00561947 1.89259e-05 0.000205929 -0.00561797 8.75148e-05 0.000131466 -0.0055854 
0.000316579 8.73557e-05 -0.00559554 0.000236454 0.00022762 -0.0056029 0.000292688 0.000152728 -0.00566467 
-9.04907e-05 0.000316314 -0.0056417 -0.000206167 0.000261636 -0.00566457 -0.000227793 0.000241218 -0.00557061 
-2.95177e-05 0.000329305 -0.0055523 7.71914e-05 0.000323126 -0.005618 0.00017458 0.00028142 -0.00556251 
0.00044292 0.000273361 -0.00558038 0.000899729 0.000332556 -0.00562174 0.000205231 0.000496779 -0.00567841 
-0.000564326 0.000731023 -0.00565226 -0.00031165 0.000812221 -0.00568057 0.000392985 0.000810035 -0.00566409 
-0.000650353 -0.000775023 -0.00545715 2.46978e-05 -0.000827336 -0.00553662 0.000393363 -0.000772058 -0.00553359 
-0.000325826 -0.000614457 -0.00553137 -5.38793e-05 -0.000438175 -0.00554747 0.000753026 -0.000474389 -0.00548855 
-0.000966877 -0.000371085 -0.00543924 -0.000667918 -0.000266865 -0.00554687 -0.00021394 -0.000248575 -0.00551795 
-0.000136439 -0.000302455 -0.00546977 -0.000224711 -0.000243487 -0.00541582 -4.30997e-05 -0.000329234 -0.00552664 
5.10193e-05 -0.000321921 -0.00549057 -3.66888e-05 -0.0003297 -0.00541919 -1.34289e-05 -0.000231107 -0.00550597 
0.000222536 -0.000253294 -0.00542688 0.000180242 -0.000275592 -0.00550852 0.000129096 -0.000303761 -0.00540385 
-0.000276563 -0.000178754 -0.00548189 -0.00031697 -0.000114093 -0.00541 -0.000320406 -8.53669e-05 -0.00550567 
-0.000175757 -0.000109692 -0.00551478 -0.0001299 -0.000185487 -0.00544476 3.16078e-05 -0.000110492 -0.00552745 
9.96592e-05 -0.000222785 -0.00545462 0.000171867 -0.000158296 -0.00548276 0.00029531 -0.000159796 -0.00542105 
0.000315921 -0.000100926 -0.00552136 -0.00058842 -1.27372e-05 -0.00547992 -0.00033088 3.13501e-05 -0.00547562 
-0.0002346 3.116e-05 -0.00541085 -0.000230591 6.48664e-06 -0.00553313 3.99223e-05 9.76915e-07 -0.00552004 
-5.41547e-05 -6.48797e-05 -0.00547783 7.34434e-05 4.63274e-05 -0.0054266 0.000130911 5.06482e-05 -0.00551931 
0.000139159 -6.67605e-05 -0.00544426 0.000181506 7.17659e-05 -0.00542859 0.000234294 -3.98772e-05 -0.00546587 
0.00032822 3.43181e-05 -0.00549742 0.000329878 -3.27359e-05 -0.00540623 0.000893107 -1.2773e-05 -0.00543204 
-0.000978133 0.000229321 -0.00544358 -0.000268207 0.000196269 -0.00548731 -0.000309728 0.000124809 -0.00553735 
-0.000307033 0.000129321 -0.00542208 -0.000132961 0.000181015 -0.00546368 -4.6842e-05 0.000130391 -0.00553666 
7.9943e-06 0.000145859 -0.00545195 0.000228098 8.48855e-05 -0.00554568 8.01608e-05 0.000225644 -0.00554084 
0.00015554 0.000160727 -0.00548704 0.000280424 0.000177897 -0.00549315 -0.000577004 0.000248632 -0.0054908 
-8.72594e-05 0.000317832 -0.00545384 -0.000160624 0.000286919 -0.00550175 6.82214e-05 0.000324608 -0.00546285 
0.000181026 0.000282295 -0.0054635 -0.000882145 0.000434421 -0.00554384 -0.000454327 0.000463902 -0.00544642 
0.000260703 0.000534097 -0.00550715 0.000568966 0.000394834 -0.00549781 0.000472607 0.000683175 -0.00541666 
0.00039176 -0.000895808 -0.00535608 0.000544472 -0.000885463 -0.00533192 0.000806752 -0.000944585 -0.00533407 
0.000268214 -0.000789809 -0.00537533 0.000265203 -0.000429294 -0.00530294 -0.00086668 -0.000319533 -0.0053242 
-0.000231619 -0.000235681 -0.00528322 -0.000286556 -0.000316852 -0.00526356 -0.000145059 -0.000297601 -0.00532794 
-4.25032e-05 -0.000329236 -0.00527032 3.30845e-05 -0.000330228 -0.00534765 0.000126427 -0.000303082 -0.00529399 
0.000191183 -0.000272827 -0.00533552 0.000634517 -0.000289704 -0.005374 -0.000943596 -0.000160946 -0.00535604 
-0.000695081 -0.000201436 -0.00532031 -0.000318501 -9.31709e-05 -0.00527904 -0.000280777 -0.000170826 -0.00532841 
-0.000104307 -0.000170318 -0.00533377 -1.69097e-05 -0.000223143 -0.00537044 3.77268e-05 -0.0001244 -0.00537457 
0.000167073 -0.000175519 -0.00535902 0.000218594 -9.09831e-05 -0.00526063 0.000271543 -0.000189249 -0.00530544 
0.000315706 -9.91362e-05 -0.0053022 -0.000328534 8.57772e-06 -0.0053621 -0.000330652 3.57889e-05 -0.0052588 
-0.00022208 -7.3425e-05 -0.00529818 -0.000229978 3.36929e-05 -0.00528896 -0.000138235 -5.34073e-05 -0.00538898 
-2.38954e-05 4.84889e-05 -0.00532409 5.47747e-05 -2.07566e-05 -0.00534731 0.000161953 -2.54846e-05 -0.00532341 
0.000332555 5.03708e-06 -0.00529356 0.000329645 6.65562e-05 -0.00539803 -0.000267095 0.000198099 -0.00526714 
-0.000307386 0.000129272 -0.00532328 -0.000252893 0.000216244 -0.00538996 -0.000135892 7.74538e-05 -0.00539434 
-0.000183745 0.000151083 -0.00531379 -9.98255e-05 0.000207759 -0.00526185 -7.13857e-05 0.000223314 -0.00538007 
-4.68763e-06 0.000150444 -0.00530481 0.000123768 9.43742e-05 -0.00533907 8.87093e-05 0.000212462 -0.00539271 
0.000118999 0.000211795 -0.00528862 0.000290077 0.000169181 -0.0053982 0.000240992 0.000229074 -0.00527075 
0.000303856 0.000120218 -0.00530391 -0.000310374 0.000332494 -0.00529405 -0.000154581 0.00029148 -0.00533943 
-5.73533e-05 0.000327556 -0.00535678 4.29545e-05 0.000329749 -0.0053477 0.00015601 0.000296053 -0.00536789 
0.000229479 0.000236465 -0.00537314 0.000262649 0.000346753 -0.00528894 1.61569e-05 0.000445887 -0.00526272 
0.000142692 0.000425414 -0.00525884 0.00047165 0.000438043 -0.00537312 -0.000668139 0.000538915 -0.00539298 
0.00033957 0.000558758 -0.00527692 0.000709864 0.000746835 -0.00530759 0.000544383 0.000884947 -0.00527232 
0.000370999 -0.000834376 -0.00510264 0.000720793 -0.000576079 -0.0051683 -0.000351106 -0.000497909 -0.00516124 
-0.000183573 -0.000503157 -0.00523779 7.3099e-05 -0.000425425 -0.00512239 0.000390816 -0.000405431 -0.00512106 
-0.000608048 -0.00025076 -0.00517385 -0.00034297 -0.000294646 -0.00518007 -9.14463e-05 -0.000318771 -0.00518439 
4.28723e-05 -0.000329115 -0.00515164 0.000124965 -0.00030437 -0.00519922 0.000191467 -0.000273684 -0.00520071 
0.000537194 -0.000309859 -0.00515233 -0.000252554 -0.000209415 -0.00519539 -0.000322126 -7.77866e-05 -0.00517027 
-0.000156721 -0.000163911 -0.00524898 -0.000115034 -0.000209604 -0.00514678 -0.000150588 -0.000105009 -0.0051667 
-7.75878e-05 -0.000225935 -0.00523898 -6.63302e-05 -9.92346e-05 -0.00523934 3.21494e-05 -0.000134768 -0.00521435 
3.33116e-05 -0.000210484 -0.00514824 0.000137899 -0.00014793 -0.00523309 0.000163375 -0.000165379 -0.00513698 
0.000270476 -0.000184299 -0.00511983 0.000291924 -0.000162011 -0.0052221 0.00032153 -9.28375e-05 -0.00509924 
0.000588105 -0.000123675 -0.00520291 -0.000811939 -5.85841e-05 -0.00524331 -0.000654771 -2.56956e-05 -0.00514384 
-0.000330331 2.30276e-05 -0.00512112 -0.000198971 2.46854e-05 -0.00518742 -0.000139408 -2.99146e-05 -0.00524745 
-8.02449e-05 2.83784e-05 -0.00515341 -0.000122262 7.21177e-05 -0.00523556 -1.76273e-05 -1.1982e-05 -0.00522992 
1.91524e-05 5.4835e-06 -0.00511835 8.92625e-05 -3.68461e-05 -0.00524647 0.000209269 -4.8754e-05 -0.00515471 
0.00011039 -4.58385e-05 -0.00513681 0.000328951 3.4765e-05 -0.00511143 0.000328684 -5.46496e-05 -0.00519708 
0.000233572 7.17091e-05 -0.0051434 -0.000500023 0.000180189 -0.00520728 -0.00031568 9.28165e-05 -0.00518534 
-0.000265387 0.000201278 -0.0051624 -0.000148465 0.000154114 -0.00517507 -1.78797e-05 8.9333e-05 -0.00521965 
6.26121e-05 0.000206607 -0.00512355 -3.38272e-05 0.000229331 -0.00516902 0.000128606 8.39068e-05 -0.00523867 
0.000100643 8.64437e-05 -0.00513304 0.000283556 0.00017404 -0.00520269 0.000320881 8.64216e-05 -0.00521354 
-0.000185656 0.000275484 -0.00514195 -9.89743e-05 0.000315404 -0.00523901 -9.29315e-05 0.00031721 -0.00511797 
-0.000185575 0.000275599 -0.00524193 6.3346e-05 0.000323478 -0.00524999 3.96583e-05 0.000330944 -0.00515507 
0.000222952 0.000243132 -0.0051111 0.000138397 0.000306688 -0.00517282 0.000361703 0.000298813 -0.00515553 
0.000695667 0.000379459 -0.00510856 0.000901664 0.000368438 -0.00523669 0.000354252 0.000395448 -0.00511613 
-0.000126093 0.000654944 -0.00509922 0.000512041 0.000539473 -0.00519765 0.000187077 0.000705824 -0.00522077 
0.000698778 -0.000757927 -0.00499607 -0.000451244 -0.000549766 -0.00501327 -0.000578966 -0.00051854 -0.00509413 
-0.000187347 -0.000409149 -0.00495645 -5.336e-05 -0.000427061 -0.00498679 9.91567e-05 -0.000407347 -0.00500925 
0.000253098 -0.000505772 -0.00506315 0.000515852 -0.000414301 -0.00502492 -0.000543923 -0.000325742 -0.00498392 
-0.000213967 -0.000248548 -0.00508517 -9.47522e-05 -0.000318154 -0.00497927 3.41713e-05 -0.000330048 -0.00495262 
-6.20877e-05 -0.00033208 -0.00507468 4.82407e-05 -0.000328376 -0.0050515 -2.76552e-05 -0.000232007 -0.004989 
0.000186043 -0.000275414 -0.0050406 0.000125482 -0.000304348 -0.00497788 0.00023469 -0.000235389 -0.00497166 
0.000266143 -0.00038387 -0.00503619 0.000304067 -0.000323733 -0.00495038 0.000410354 -0.000259607 -0.00508712 
-0.00078431 -0.000134661 -0.00496882 -0.000406444 -0.000104903 -0.00507579 -0.000299981 -0.000149468 -0.00497083 
-0.000299984 -0.000144492 -0.00506898 -0.000118356 -0.000209638 -0.00504663 -0.000184004 -0.000139668 -0.00507873 
-8.34727e-05 -7.91639e-05 -0.00509414 -0.000216235 -7.99834e-05 -0.00497535 5.60593e-05 -0.000129395 -0.00508924 
-5.14497e-05 -0.000128027 -0.00499741 6.41228e-05 -0.000123303 -0.00497105 9.95911e-05 -0.000209317 -0.00502477 
0.000182893 -0.000119238 -0.00504074 0.000277803 -0.000174983 -0.0050207 -0.000437972 2.31577e-07 -0.00502504 
-0.000331857 -8.36036e-06 -0.00502851 -0.00012108 -1.06484e-05 -0.00502891 -0.000228372 6.30295e-05 -0.00509871 
-0.000219974 3.66188e-05 -0.00499198 6.62161e-05 5.09947e-05 -0.00500769 -5.03104e-06 -2.68573e-05 -0.00499299 
0.000211391 7.62496e-06 -0.00506888 0.000223877 5.97124e-06 -0.00496341 0.000119728 -3.38456e-05 -0.00502973 
0.000331165 2.81099e-05 -0.00501201 0.000624597 -5.18001e-05 -0.00496184 -0.000796267 0.000172088 -0.00509557 
-0.000423805 0.000101856 -0.0050622 -0.000268559 0.000196085 -0.0049801 -0.000300743 0.000136609 -0.00508477 
-0.000114775 0.000208011 -0.00508729 -0.000159989 0.000113848 -0.00502469 -7.77584e-05 0.000211809 -0.00497508 
-6.62761e-05 0.000120381 -0.0050947 3.6777e-05 0.000137453 -0.00505287 -5.15432e-05 9.79875e-05 -0.00499621 
0.000175785 0.000147954 -0.00509522 0.000115259 0.000189399 -0.00501699 0.000202579 9.30698e-05 -0.00501561 
0.000287517 0.000164698 -0.00505806 0.000306391 0.00013656 -0.00496845 0.000396396 0.000144065 -0.00507895 
-0.000450741 0.000244962 -0.00503379 -0.000231053 0.000238061 -0.00505817 -0.000153847 0.00029421 -0.00497905 
-1.38795e-05 0.000243178 -0.00505175 -4.97194e-05 0.000332537 -0.00499475 5.20603e-05 0.000327815 -0.0050571 
0.000109453 0.000311292 -0.00497901 0.000231658 0.000234254 -0.00497216 0.000273153 0.000380641 -0.00502099 
0.000481767 0.000351198 -0.00509443 -0.000675218 0.000434151 -0.00504446 8.44115e-05 0.000434457 -0.00503634 
-0.000400363 0.000606627 -0.00508808 -0.000151801 0.000643811 -0.00497174 0.000319401 0.000602078 -0.00506838 
0.000452683 0.000604223 -0.00503315 0.000884412 0.000697507 -0.00498104 -0.000990826 0.000922047 -0.00496513 
-0.000310531 0.000870898 -0.00508803 0.000187203 0.000880534 -0.00508543 0.000342307 0.000952894 -0.00496351 
-0.000235606 -0.000576141 -0.00487256 0.000115928 -0.00066552 -0.00485627 0.000300932 -0.000584757 -0.00487287 
0.000509813 -0.000600525 -0.00481019 -0.000561411 -0.000469284 -0.00486593 -0.000164787 -0.000408303 -0.00485801 
7.16104e-05 -0.000443392 -0.00488869 0.000183346 -0.000486149 -0.00491771 0.000422737 -0.000428309 -0.00493559 
-0.000883146 -0.000255151 -0.0049183 -0.000532898 -0.000238733 -0.00485297 -0.00033149 -0.000287423 -0.00489752 
-0.000268019 -0.000356462 -0.00484755 -0.000205402 -0.00026055 -0.00494479 -0.000212622 -0.000254741 -0.00482214 
-8.82399e-05 -0.000318728 -0.00488559 6.55554e-05 -0.000324593 -0.00485331 1.73809e-05 -0.000240583 -0.00481068 
0.000192071 -0.000271325 -0.0048898 -0.000427458 -0.000198474 -0.00488553 -0.000263218 -0.000197788 -0.00489892 
-0.00014175 -0.000175657 -0.0049419 -0.00020012 -0.000117654 -0.00488165 -0.000139134 -0.000183308 -0.00482951 
-7.08103e-05 -8.2397e-05 -0.00485158 -5.6286e-05 -0.000222786 -0.00487887 9.87831e-06 -0.000140757 -0.0048713 
5.33647e-05 -0.000221786 -0.00492377 0.000171891 -0.000172848 -0.00490929 0.000222769 -8.46411e-05 -0.00490913 
0.000129479 -9.14582e-05 -0.00485537 0.000110283 -0.00019541 -0.00483166 0.000294052 -0.000153829 -0.00492875 
0.000286407 -0.000164017 -0.00480113 -0.000898425 -4.51127e-05 -0.00494155 -0.000469746 -6.01756e-06 -0.00487569 
-0.000329936 4.00166e-05 -0.00482392 -0.00032543 -5.90849e-05 -0.00490271 -0.000234424 -2.20835e-05 -0.00488384 
-0.000119861 -6.66007e-05 -0.00494116 -0.000116 6.36381e-05 -0.0049097 -0.000143058 -1.1059e-05 -0.00484011 
4.95563e-05 -1.90888e-05 -0.0049 -2.60617e-05 4.00873e-05 -0.0048561 0.000152835 7.1626e-06 -0.00488485 
8.08792e-05 1.96775e-05 -0.00480426 0.000230104 -7.65587e-05 -0.00480975 0.00032561 4.9688e-05 -0.00485153 
0.000327501 -5.39632e-05 -0.00481371 0.00033044 -3.0558e-05 -0.00492936 -0.000320636 8.21844e-05 -0.00494218 
-0.000303114 0.00013517 -0.00485677 -0.000259216 0.000213168 -0.00487964 -0.00021276 8.20172e-05 -0.0048883 
-0.00017031 0.000172718 -0.00492254 -0.00013414 0.000189868 -0.00483045 -4.74255e-05 0.000228334 -0.00487755 
-1.64929e-05 0.000133823 -0.00489753 8.8072e-05 8.20223e-05 -0.00490671 0.000227782 8.35873e-05 -0.00489826 
0.000113777 0.000196346 -0.00485633 0.000158321 0.000150816 -0.00493427 0.000184444 0.00013894 -0.00481458 
0.000283718 0.000166202 -0.00483453 0.000463191 0.000118928 -0.00486275 -0.000885002 0.000366816 -0.00483423 
-0.000171027 0.000280036 -0.00485579 -9.05231e-05 0.000317544 -0.00489668 -0.000204269 0.000381934 -0.00486003 
3.52529e-05 0.00023734 -0.0049347 5.83481e-05 0.000326574 -0.00489494 3.49047e-05 0.000237445 -0.00481068 
0.000181615 0.000277339 -0.00488567 0.000118494 0.000308146 -0.00481185 0.000836359 0.000304652 -0.00493056 
-0.000452943 0.000387969 -0.00485939 6.89466e-05 0.000437552 -0.00493414 -1.4662e-05 0.000444369 -0.00484437 
9.71269e-05 0.000411073 -0.00484131 0.000669944 0.000482701 -0.00490863 -0.000557787 0.000608176 -0.00486112 
-0.000304755 0.000575448 -0.00483396 -0.000827848 0.000817303 -0.00492781 -0.000152322 0.000890203 -0.00481192 
0.000586549 0.000874872 -0.00493698 -0.000656342 -0.000754238 -0.00472591 -8.56859e-05 -0.000462577 -0.0047807 
-8.78725e-05 -0.000410492 -0.00468442 0.000116413 -0.000442023 -0.0047439 0.000208257 -0.000388183 -0.00473756 
0.000307171 -0.000537685 -0.00475118 0.000686416 -0.000436223 -0.00467822 -0.000198127 -0.000266241 -0.00470129 
-0.000119189 -0.000310687 -0.0047871 -0.000116489 -0.000311587 -0.00466565 5.63509e-05 -0.000324634 -0.00471464 
-4.30264e-05 -0.000329107 -0.0047254 -1.93591e-05 -0.000233731 -0.00470707 0.000173989 -0.000286526 -0.00477141 
0.000237171 -0.000236744 -0.00472204 0.000437187 -0.000248675 -0.00473861 -0.000320639 -8.47676e-05 -0.00479231 
-0.000273034 -0.000186842 -0.00468543 -0.000273629 -0.000185894 -0.00478722 -0.000123249 -0.000101043 -0.00476323 
-0.000118734 -0.000210245 -0.00473495 -0.000172595 -0.000135675 -0.00468085 -0.000224543 -9.60132e-05 -0.00476432 
-4.42779e-05 -0.000161062 -0.00478914 4.94088e-05 -0.000110623 -0.00478438 -3.92894e-05 -8.88069e-05 -0.00471022 
7.48743e-05 -0.000199176 -0.00473571 2.2355e-05 -0.000154271 -0.00465331 0.000176686 -0.000156854 -0.00476287 
0.00020959 -0.000122686 -0.00467216 0.000108833 -0.000104052 -0.00467248 0.000380247 -0.000192544 -0.00467731 
0.00038971 -0.000160218 -0.0047718 0.000577976 -0.000162948 -0.00473026 -0.000467367 -2.85148e-05 -0.00474397 
-0.000330454 -3.54804e-05 -0.004708 -0.000234673 2.3056e-05 -0.00479408 -0.000231391 -1.69837e-05 -0.00470132 
-0.000115867 6.475e-05 -0.0047799 -0.000132118 -4.16484e-06 -0.00470738 -5.02749e-05 -1.07647e-05 -0.00477264 
1.44992e-05 5.84676e-05 -0.00473182 4.44258e-05 -3.40975e-05 -0.00470596 -4.13229e-05 1.66985e-06 -0.00466505 
0.000134393 -4.84943e-05 -0.00475235 0.000151641 6.24228e-05 -0.00474058 0.000229671 -2.84305e-05 -0.00472109 
0.000135007 -2.16535e-09 -0.00465976 0.000217618 6.52819e-05 -0.00466477 0.000240602 4.65796e-05 -0.00479436 
0.000329148 -4.02433e-05 -0.00471776 0.000328512 3.88736e-05 -0.00473645 0.000654672 -4.93446e-05 -0.0047324 
-0.000293523 0.000147996 -0.00474644 -0.000224653 8.58629e-05 -0.00469923 -0.000200227 0.000119624 -0.0047948 
-0.000152806 0.0001796 -0.00472172 -8.88528e-05 0.000102839 -0.00469002 -7.6997e-05 0.00022285 -0.00466563 
-3.50047e-05 0.000132134 -0.00479435 -4.96133e-07 0.000148508 -0.00467916 8.30864e-05 0.000120087 -0.00478736 
0.000111633 0.000215904 -0.00475006 0.000184989 0.000153766 -0.00471252 9.55581e-05 0.000121132 -0.004682 
9.27811e-05 0.000216475 -0.00465171 0.0003156 9.01812e-05 -0.00466182 0.000280943 0.000169256 -0.00473734 
-0.000233897 0.000235435 -0.00466786 -0.00017305 0.000278784 -0.0047566 -6.9028e-05 0.000234158 -0.00476738 
-2.19379e-05 0.00032796 -0.00474526 4.93357e-05 0.00032497 -0.00464666 1.57384e-05 0.000242229 -0.00471007 
0.000227754 0.00023506 -0.0046557 0.000144193 0.000303744 -0.0046548 0.000225738 0.000242077 -0.0047684 
0.00026879 0.000328923 -0.00474225 0.000599203 0.000354138 -0.00470019 -1.27661e-05 0.000440169 -0.00467298 
0.000104863 0.000425889 -0.00471861 0.000347431 0.000422987 -0.00468631 0.000346971 0.000534117 -0.00464735 
0.000436459 0.000529736 -0.00472166 0.000777417 0.000418634 -0.00472156 -7.57059e-05 0.000601877 -0.00475861 
0.000583356 0.000579893 -0.00471141 0.000977942 0.000660303 -0.00471676 0.000289049 -0.00056541 -0.00460603 
2.43249e-05 -0.000460752 -0.00464556 0.000132433 -0.000468246 -0.00464277 0.000161805 -0.000492676 -0.00452448 
0.000803949 -0.00040643 -0.0045733 -8.81538e-05 -0.000319008 -0.00457128 4.51522e-05 -0.000328767 -0.00461537 
-9.56153e-06 -0.000243364 -0.00458778 0.000161076 -0.0002911 -0.00461605 0.000236626 -0.000232132 -0.00462232 
0.000279887 -0.000343014 -0.00459818 0.000789272 -0.000307447 -0.00451306 -0.000317855 -0.000111708 -0.00464456 
-0.0003015 -0.000142473 -0.00454198 -0.000252871 -0.000221878 -0.00458458 -0.000169465 -0.000150792 -0.00458018 
-9.44084e-05 -0.000218732 -0.00463572 -0.00010745 -0.000215434 -0.00453533 -9.18679e-05 -0.000108701 -0.00452319 
-7.2378e-05 -0.000122188 -0.00462179 -3.1666e-06 -0.000152758 -0.00454553 0.000118713 -0.000196133 -0.00462433 
0.000203324 -0.000123657 -0.00457236 0.000104615 -0.000122375 -0.00455548 7.74986e-05 -0.000229124 -0.00453776 
0.000164776 -0.000179304 -0.00449844 0.000319736 -0.000103942 -0.00451817 0.000266496 -0.00019828 -0.00452749 
0.000318826 -9.11016e-05 -0.00463235 0.000985927 -0.000114711 -0.00450209 -0.000230965 -7.47981e-05 -0.00451877 
-0.000331347 -1.8466e-05 -0.00460968 -0.000238951 2.92039e-05 -0.00460816 -0.000227909 -7.60815e-05 -0.00461904 
-0.000133187 -4.33088e-05 -0.00460919 -0.000140813 5.6614e-05 -0.0046176 -0.000160908 -3.3494e-06 -0.00452095 
4.74204e-05 4.55906e-05 -0.00463691 5.7053e-05 -4.82387e-05 -0.00460348 -3.2141e-05 5.9524e-05 -0.00457411 
-3.89797e-05 -4.07247e-05 -0.0045743 6.07699e-05 2.73688e-05 -0.00453802 3.16665e-05 -6.32001e-05 -0.00450692 
0.000148425 -3.13816e-05 -0.00456209 0.000132424 7.43826e-05 -0.00458986 0.000239939 -3.47758e-05 -0.00460458 
0.00033056 3.24952e-05 -0.00458343 0.00023448 6.09467e-05 -0.00456215 0.000726707 -5.61034e-05 -0.00454287 
-0.000320905 8.05465e-05 -0.00453816 -0.000268054 0.000196687 -0.00458249 -0.000320543 8.21517e-05 -0.00463622 
-0.000191702 0.000144259 -0.00462094 -8.80253e-05 0.000141463 -0.00459692 -0.00017477 0.000171027 -0.00452523 
-0.000118788 8.75395e-05 -0.00451846 3.52616e-05 0.000133788 -0.00458695 -3.25597e-05 0.000140499 -0.00450816 
0.000195105 0.000149298 -0.00461259 0.000117963 0.000185563 -0.00455958 0.000288838 0.000160051 -0.00451738 
0.000500246 9.36201e-05 -0.00462433 0.000756362 7.96562e-05 -0.00461398 -0.000815169 0.000255564 -0.00463235 
-0.00084194 0.000349815 -0.00456073 -0.000139636 0.000305865 -0.00464149 -0.000197942 0.000271001 -0.00457043 
-7.96454e-05 0.000230978 -0.00455276 2.90867e-06 0.000245008 -0.00460857 -4.61252e-05 0.000332639 -0.0046096 
-3.9913e-05 0.000331834 -0.00451106 6.67794e-05 0.000322824 -0.0045467 2.07837e-05 0.000230946 -0.00450943 
0.000219629 0.000244836 -0.00455314 0.00030204 0.000355307 -0.00457587 -0.000711755 0.000476485 -0.00451753 
-0.000610881 0.000524707 -0.00452121 -0.000604201 0.00041892 -0.00452743 -8.79474e-05 0.000446545 -0.0045436 
0.000190458 0.000393437 -0.00459116 0.000283431 0.000430137 -0.00449806 -8.4588e-05 0.000574834 -0.00452129 
0.000793107 0.000560524 -0.00458386 0.000212732 0.000838268 -0.00460013 -0.00077959 0.000880286 -0.00459986 
-0.000555015 0.000899775 -0.00460551 0.000180185 -0.000908243 -0.00442735 0.000489633 -0.000788646 -0.00448522 
0.000418464 -0.00081956 -0.00439041 0.000805676 -0.000757008 -0.00441609 -0.000952026 -0.000638492 -0.00435522 
-0.000589849 -0.000661146 -0.00440393 -0.000337451 -0.000661213 -0.004377 -0.000613245 -0.00023643 -0.00441798 
-0.000162009 -0.000287396 -0.0044349 -3.56674e-05 -0.000329239 -0.00445344 3.70781e-05 -0.000329673 -0.00438509 
-1.20476e-05 -0.00024234 -0.00438715 -2.17246e-05 -0.000235565 -0.00448774 0.000184296 -0.000276198 -0.00437061 
0.000142337 -0.000297918 -0.00447308 -0.000558332 -0.00011252 -0.00442273 -0.000492792 -0.000192264 -0.00436503 
-0.000239846 -0.000229569 -0.00448096 -0.000321859 -7.97412e-05 -0.00436214 -0.000300068 -0.000146583 -0.00443316 
-0.000251837 -0.00022338 -0.00437283 -0.000178101 -0.000148279 -0.00447619 -0.000100241 -0.000200792 -0.00443579 
-0.000173808 -0.000159434 -0.0043767 -2.84837e-05 -0.000131623 -0.00444709 7.14997e-05 -0.000131164 -0.00444495 
-7.19454e-05 -0.000113706 -0.00435109 2.05675e-05 -0.000151391 -0.00436079 8.23708e-05 -0.000229359 -0.00442861 
0.000219102 -8.18155e-05 -0.00439939 0.000172121 -0.000173412 -0.00438893 0.000116474 -9.45724e-05 -0.00436272 
0.000301796 -0.000135777 -0.0044198 -0.000331383 -1.8357e-05 -0.00444036 -0.000233829 -4.03177e-05 -0.00442377 
-0.000127636 -6.67901e-05 -0.00443951 -0.000225089 4.69438e-05 -0.00437455 -0.000141755 3.22613e-05 -0.00442949 
-0.000230258 6.61265e-05 -0.00449245 -0.000143837 -2.68291e-05 -0.00434825 -6.46453e-05 7.49821e-06 -0.00449015 
1.65922e-05 5.17376e-05 -0.00445095 6.44345e-05 -2.98744e-05 -0.00441843 -3.89639e-05 -3.4227e-05 -0.00440232 
-3.07581e-05 5.78375e-05 -0.00436173 0.000151301 3.07828e-05 -0.00446301 0.000146766 -6.94194e-05 -0.004468 
0.000142826 4.99866e-06 -0.00436668 0.000233092 -2.38745e-05 -0.00449456 0.000331217 -2.8006e-05 -0.00445671 
0.00032896 -3.67339e-05 -0.00436206 -0.000314394 9.69509e-05 -0.00439282 -0.000288369 0.000157657 -0.00449273 
-0.000261798 0.000200628 -0.00441834 -0.000106907 0.000207875 -0.00445849 -0.000187885 0.000132664 -0.00443103 
-8.80974e-05 0.000116434 -0.00442113 1.07088e-05 0.000144385 -0.00441328 8.34015e-05 0.000117928 -0.00449453 
0.000151282 0.000186163 -0.00446505 0.000213501 0.000108004 -0.00447588 0.000225506 8.21725e-05 -0.0043782 
0.00016303 0.000159735 -0.00436924 9.81555e-05 8.89958e-05 -0.00439939 0.00024681 0.000212955 -0.00438955 
0.000323057 7.73441e-05 -0.00440001 -0.00019213 0.000270959 -0.0044727 -0.000106566 0.000311225 -0.00443228 
-0.000180706 0.000278983 -0.00437754 3.78049e-05 0.000240705 -0.00441051 -1.14297e-05 0.000327854 -0.00440821 
-5.82223e-05 0.000236937 -0.00437594 0.000161632 0.000285704 -0.00446892 0.000137722 0.000305999 -0.00436856 
-0.000107132 0.000431424 -0.00438232 0.000181023 0.00046233 -0.00448989 0.000107277 0.000427258 -0.00440735 
0.000806276 0.000522532 -0.00441073 0.000662476 -0.000708604 -0.00425883 0.000926429 -0.000802379 -0.00432171 
0.000233415 -0.000569791 -0.00428517 -0.000227978 -0.000464797 -0.00431316 0.000233308 -0.000460968 -0.00423669 
0.000531047 -0.00045779 -0.00424172 -0.000802583 -0.000349687 -0.0042749 -0.000231413 -0.000357354 -0.00429004 
-0.0001425 -0.000299509 -0.00433789 -9.57413e-05 -0.000317829 -0.00421737 5.02129e-05 -0.00032409 -0.00421225 
-4.83924e-05 -0.000328541 -0.00430233 -1.13749e-05 -0.000237265 -0.00428268 0.000185259 -0.000275696 -0.00427181 
0.000550506 -0.000261977 -0.00424347 -0.000807366 -0.000227826 -0.00430951 -0.000273029 -0.000186712 -0.00425274 
-9.2637e-05 -0.000210817 -0.0043361 -0.000225817 -8.52348e-05 -0.00433253 -0.000176586 -0.000169544 -0.00427607 
-0.00020482 -8.26601e-05 -0.00423472 -0.000107486 -9.64397e-05 -0.0042574 -9.95795e-05 -0.000219582 -0.00423626 
-1.14042e-05 -0.000126957 -0.00426713 7.35946e-05 -0.000215097 -0.00423226 9.68947e-05 -0.000221869 -0.00432931 
0.000204719 -9.55023e-05 -0.00430078 0.000162928 -0.00017855 -0.00426364 8.94317e-05 -0.000110573 -0.00426722 
0.000214345 -0.000114696 -0.00420309 0.000272141 -0.000193386 -0.0043141 0.000316409 -9.24524e-05 -0.0042558 
0.000492364 -0.000106979 -0.00429429 0.00090568 -0.000169547 -0.00424289 -0.000583718 4.63926e-05 -0.00430971 
-0.000331594 -1.68965e-05 -0.00426725 -0.000234823 4.36254e-06 -0.00428074 -0.000139152 1.65611e-05 -0.00425305 
-0.000129353 7.3563e-05 -0.00433744 3.11811e-05 -5.59151e-05 -0.0043276 -5.70922e-05 -1.88439e-05 -0.0042988 
6.2428e-05 4.08667e-05 -0.00431887 -1.39556e-05 6.14943e-05 -0.00425719 4.17848e-05 -1.58554e-05 -0.00422705 
-5.78954e-05 -8.25393e-06 -0.00419883 0.000183721 6.49617e-05 -0.00428846 0.000136158 -2.20363e-05 -0.00427025 
0.000329628 3.08425e-05 -0.00430296 0.000237256 -6.98019e-06 -0.00433451 0.000232268 -1.00777e-05 -0.00423466 
-0.00026628 0.000198757 -0.00432353 -0.000320843 7.88252e-05 -0.00428477 -0.000286937 0.00015955 -0.00420313 
-0.000156045 0.000185668 -0.00434027 -0.000216934 0.000104728 -0.00429318 -8.776e-05 0.000225251 -0.00425408 
-0.000172404 0.000173911 -0.00423582 -8.2129e-05 0.000128488 -0.00422779 -6.32562e-05 0.000148335 -0.00432949 
3.69681e-05 0.000137725 -0.00431566 1.71042e-05 0.000148979 -0.00421554 9.62993e-05 0.000223446 -0.00433044 
0.000171967 0.000164437 -0.00426956 8.9073e-05 0.000219328 -0.00423067 9.92101e-05 9.92168e-05 -0.00424642 
0.00021811 0.000106709 -0.00420203 0.00026992 0.000183313 -0.0042625 -0.000930755 0.000284128 -0.00430551 
-0.000438308 0.000350446 -0.00431551 -0.000303368 0.000301776 -0.00423899 -0.000156958 0.000289909 -0.00428632 
-6.45873e-05 0.000321975 -0.00421991 3.43425e-06 0.000332147 -0.00430778 4.81977e-06 0.000233214 -0.0042913 
0.000183508 0.00027803 -0.00420159 0.000202661 0.00026809 -0.0043029 0.000119394 0.000306854 -0.0042697 
0.000317503 0.000276608 -0.0042181 -0.000220881 0.000486836 -0.00425691 2.84531e-05 0.000434837 -0.00434237 
-5.30059e-05 0.000455637 -0.00423989 0.000167116 0.000414571 -0.00420311 0.000954699 0.000666101 -0.00430529 
-9.50238e-05 0.000772395 -0.00424467 0.000337118 0.000811247 -0.00428237 -0.000583919 -0.000710194 -0.00415582 
0.000280935 -0.000559977 -0.00408996 5.33682e-05 -0.000507923 -0.0040568 0.000143214 -0.00040925 -0.00410346 
0.000911453 -0.000513819 -0.00407825 -0.000822299 -0.000336977 -0.00413787 -0.000240506 -0.000371115 -0.00407511 
-0.000196444 -0.000267679 -0.00408659 -9.40944e-05 -0.000317897 -0.00411455 -0.00021568 -0.000247074 -0.00418634 
2.54061e-05 -0.000330939 -0.0040647 -1.36707e-05 -0.000234056 -0.00418234 0.000108587 -0.000309566 -0.00412454 
0.000192456 -0.000271673 -0.00415971 0.000363769 -0.00036005 -0.00417752 0.000549065 -0.000295142 -0.00411137 
-0.000271097 -0.000188753 -0.00406492 -0.000321936 -7.95693e-05 -0.00406638 -0.000321589 -8.09754e-05 -0.00417796 
-0.000160299 -0.000164011 -0.00417732 -0.000221081 -0.000103947 -0.00412449 -0.000103802 -0.000218366 -0.00411218 
-0.000109924 -9.97745e-05 -0.00410154 -0.000173197 -0.000167891 -0.00406081 5.66201e-05 -0.000224937 -0.00411101 
-6.20069e-05 -0.000144588 -0.00418151 3.79986e-05 -0.000138471 -0.00417825 -2.38978e-05 -0.000218515 -0.00405191 
8.94474e-06 -0.00012347 -0.00404865 0.000139048 -0.000175194 -0.0041665 0.000205783 -0.000114174 -0.00410325 
0.000143448 -0.000196202 -0.00406868 9.98757e-05 -0.000101636 -0.00408543 0.000273276 -0.000185431 -0.00405812 
0.000307389 -0.000114873 -0.00413175 0.000646595 -0.000163004 -0.00415721 0.000973405 -0.000141239 -0.00417151 
-0.000329778 2.53801e-05 -0.00404704 -0.000244045 -7.66138e-06 -0.00418145 -0.000243942 -1.65639e-05 -0.00408134 
-0.000148878 -2.54212e-05 -0.00415638 -0.000115676 6.93344e-05 -0.00415414 -0.00016144 3.02681e-05 -0.00404958 
1.04527e-05 6.08649e-05 -0.00415941 -1.79484e-05 -7.06905e-05 -0.00413043 6.32696e-05 -1.3537e-05 -0.00411847 
-7.5464e-05 1.72125e-06 -0.00409213 7.96702e-06 4.6739e-05 -0.00406029 0.000124257 -7.62551e-05 -0.00417913 
0.000130177 2.70139e-05 -0.00418331 0.000161013 -2.04569e-05 -0.00409848 0.000113698 5.98392e-05 -0.00406222 
0.000225041 6.21792e-05 -0.00404869 0.000236368 2.86282e-05 -0.00414224 0.000332651 8.31521e-06 -0.0041597 
0.000328557 3.57616e-05 -0.00405357 0.000331897 -6.28762e-05 -0.00405237 -0.000410816 0.000155066 -0.0041724 
-0.000435706 8.62715e-05 -0.00408595 -0.000404225 0.000184623 -0.00407577 -0.000318484 8.8095e-05 -0.00411785 
-0.000267652 0.000197526 -0.00404854 -0.000216837 8.86143e-05 -0.00418668 -8.88286e-05 0.000227453 -0.00415003 
-0.000171911 0.000172237 -0.00413561 -0.000223128 9.96367e-05 -0.00408672 -9.89244e-05 0.000216823 -0.00405111 
-0.000107712 0.000113472 -0.00406467 -3.775e-05 0.000143537 -0.00413021 5.05285e-05 0.000137572 -0.00406026 
0.000161821 0.000183777 -0.00417197 8.2814e-05 0.000229798 -0.00413107 9.39422e-05 0.000114597 -0.00414739 
0.000187636 0.000148743 -0.00408196 0.000288942 0.000163238 -0.00408293 0.000315554 0.000102271 -0.00417781 
0.00044962 0.000187628 -0.0041261 0.000625764 0.00022371 -0.00409577 0.000699852 0.000135787 -0.00419243 
0.000900617 0.000216424 -0.00405551 0.000869943 0.000112904 -0.00408718 -0.000334904 0.000275835 -0.00412163 
-0.000181639 0.000278179 -0.00406897 -0.000167082 0.000282335 -0.00417935 6.00196e-05 0.000326182 -0.00418957 
6.69183e-05 0.000322658 -0.0040542 -6.61033e-05 0.000321604 -0.00412021 7.54159e-07 0.000244883 -0.00419106 
-8.75555e-06 0.000235526 -0.00409047 0.000181143 0.000276918 -0.00404935 0.000275925 0.000369629 -0.00418791 
0.000344908 0.000255709 -0.00411653 0.000418896 0.000286444 -0.00404722 0.000226102 0.000409733 -0.00406955 
0.000366947 0.000516258 -0.00418294 -5.42957e-05 0.000567176 -0.00407824 -0.00050994 0.000706844 -0.00407966 
-0.000183519 0.000729186 -0.00414966 0.000905471 0.000716648 -0.00415482 -2.85032e-05 0.000848074 -0.00411681 
0.000725718 -0.000979762 -0.00395769 -0.000339631 -0.000677312 -0.00403651 -0.000144843 -0.000622703 -0.00399687 
-2.45327e-05 -0.000643439 -0.0039077 -0.000367887 -0.00038744 -0.00398142 -0.000228737 -0.000387459 -0.00393085 
-0.000133817 -0.000473753 -0.00392035 0.000207335 -0.000457839 -0.00398355 0.000425507 -0.000458283 -0.00393015 
-0.000208543 -0.000257979 -0.00393203 -0.000101559 -0.000316041 -0.00401489 -2.41892e-05 -0.000328423 -0.003978 
-2.77916e-05 -0.000233506 -0.00394647 6.24673e-05 -0.000236407 -0.00390267 0.000151444 -0.000292145 -0.00402152 
0.000139286 -0.000300225 -0.00389544 -0.000271107 -0.000188775 -0.00396785 -0.000303206 -0.000133604 -0.00390275 
-0.000110215 -0.000217346 -0.0040008 -0.00022339 -9.28112e-05 -0.00401743 -0.000176871 -0.000157344 -0.00395659 
-8.59394e-05 -0.000120104 -0.00400648 -0.000105092 -0.000107784 -0.00390705 -0.000112195 -0.000209249 -0.00389488 
7.03597e-05 -0.000226527 -0.004005 -5.58236e-06 -0.000135814 -0.00394798 0.000199831 -0.0001409 -0.00400696 
8.60185e-05 -0.000111287 -0.00398049 0.000143759 -0.000194215 -0.00394336 0.000209132 -0.000112382 -0.00391157 
0.000308477 -0.000111517 -0.00396608 -0.000525332 6.15492e-05 -0.00394018 -0.000325865 -5.57844e-05 -0.00396939 
-0.000233273 8.37249e-07 -0.00398143 -0.000141534 -4.06623e-05 -0.0039818 -7.94933e-05 4.36614e-05 -0.00399387 
-0.000149609 3.96632e-05 -0.00392247 -0.00021902 -7.38497e-05 -0.0039159 -2.52071e-05 -3.94743e-05 -0.0040062 
6.96351e-05 -7.80715e-06 -0.00400322 1.1566e-05 5.81242e-05 -0.00395474 2.84636e-05 -4.58539e-05 -0.00392036 
-6.67079e-05 -1.56973e-05 -0.00391393 0.000161324 -4.87026e-05 -0.00400257 0.000146622 3.17775e-05 -0.00394487 
0.000125495 -5.88833e-05 -0.00389982 0.000329856 2.82574e-05 -0.00390847 0.000242199 -1.8593e-05 -0.00395168 
0.000470033 7.4025e-05 -0.00398719 0.000619824 3.97652e-05 -0.00398934 -0.00041113 0.00013756 -0.00398202 
-0.000319447 8.6148e-05 -0.00397302 -0.00027814 0.000186755 -0.0039468 -0.000168496 0.000177327 -0.0039911 
-0.000221639 9.96966e-05 -0.00395723 -8.35696e-05 0.000226502 -0.00395246 -9.10591e-05 0.000122983 -0.00393274 
-0.000155713 0.000188132 -0.00389251 -3.39988e-05 0.000153046 -0.00400914 3.24068e-06 0.000146814 -0.00390826 
9.99138e-05 0.000220152 -0.00403285 0.000181567 0.000159585 -0.00398255 0.000102991 0.000205125 -0.00393367 
0.000227991 8.80702e-05 -0.00392778 9.38676e-05 0.000112707 -0.00397136 0.000274919 0.000182231 -0.00392245 
0.0003045 0.000112951 -0.00399056 0.000385049 0.000198151 -0.00399659 -0.000813047 0.000245073 -0.00398025 
-0.000516636 0.000381002 -0.00390812 -9.90142e-05 0.000314903 -0.00402832 -0.000197729 0.000270728 -0.003946 
5.67843e-05 0.000326935 -0.003933 -4.10619e-05 0.000332689 -0.00395062 1.08865e-05 0.000244278 -0.00399245 
0.000215111 0.000248852 -0.00395051 0.000317013 0.000317304 -0.00401504 0.000345975 0.000271216 -0.00391702 
0.000273118 0.000350543 -0.00391882 0.000532509 0.000242975 -0.00401627 -0.000405442 0.000425052 -0.00400137 
-0.000342655 0.000477441 -0.00394283 6.04031e-05 0.000525714 -0.00403541 -4.21015e-05 0.000445044 -0.0038929 
0.000185955 0.000434161 -0.00393396 0.000353637 0.0004376 -0.00402775 0.000343501 0.000487606 -0.00393556 
0.000497656 0.000396624 -0.00396317 -0.000157982 0.000655709 -0.00398594 -2.30641e-07 0.000585981 -0.00390988 
-0.000414697 0.000957 -0.00401993 0.000135991 0.000954145 -0.0039557 -5.71597e-05 -0.00091948 -0.00385492 
0.000438495 -0.000849938 -0.00383884 -0.000658992 -0.000793714 -0.00381934 -0.000402223 -0.000736672 -0.00378132 
-0.000151879 -0.000649399 -0.00389167 0.000373251 -0.000391791 -0.00381824 -0.000293468 -0.00031362 -0.0038675 
-0.000207464 -0.000258832 -0.00377933 -9.72756e-05 -0.000317361 -0.00386977 4.05781e-05 -0.000329267 -0.00384529 
-6.44287e-05 -0.000330737 -0.00376822 -2.80765e-05 -0.000241845 -0.00383501 6.96299e-05 -0.000234361 -0.00380244 
0.000185424 -0.000275915 -0.00376318 0.000234483 -0.000239983 -0.0038896 -0.000779447 -0.000158288 -0.00383751 
-0.000319736 -8.89508e-05 -0.00381614 -0.000276349 -0.000178665 -0.0038178 -0.000188307 -0.000135613 -0.00384328 
-0.000132457 -0.000195638 -0.00375842 -0.000112566 -9.88595e-05 -0.00378041 6.48024e-05 -0.000135679 -0.00387683 
-3.46279e-05 -0.000142387 -0.00384411 6.44364e-05 -0.000137079 -0.00377679 -2.98707e-05 -0.000146415 -0.00374427 
0.000157315 -0.000170234 -0.00384671 0.000227566 -8.97448e-05 -0.00381593 0.000283067 -0.000167224 -0.00375782 
0.000298423 -0.000156716 -0.00385808 -0.000331659 -1.13588e-05 -0.00387789 -0.000327163 5.52369e-05 -0.00380152 
-0.000232149 1.49064e-05 -0.00387107 -0.000229422 -4.87438e-05 -0.00379177 -0.000230558 5.1288e-05 -0.00377522 
-0.000146126 -3.31151e-05 -0.00385153 -0.000135369 2.17309e-05 -0.00376665 -1.99285e-05 5.5987e-05 -0.00385941 
-3.96424e-05 -4.43028e-05 -0.00382176 5.362e-05 -6.65148e-06 -0.0038312 -3.65236e-05 3.5895e-05 -0.00376122 
0.00014825 2.2717e-05 -0.00384516 0.00013161 -6.62246e-05 -0.00380028 0.000146179 2.91367e-05 -0.00374484 
0.000245537 1.17324e-06 -0.00385358 0.000329226 2.69238e-05 -0.00374992 0.000330681 -6.40351e-05 -0.0037735 
0.000237039 -1.16024e-05 -0.0037542 0.000583753 1.81325e-05 -0.00381071 0.000862992 -3.38453e-05 -0.00387862 
-0.000520105 9.43157e-05 -0.00377396 -0.000308011 0.000130172 -0.00387065 -0.000114374 8.54509e-05 -0.00384082 
-0.000210179 0.000112064 -0.00385683 -0.000141362 0.000193547 -0.00379242 -0.000101221 0.000116391 -0.00374321 
-3.77437e-05 0.000144413 -0.00381525 7.49585e-05 8.23558e-05 -0.00387787 6.00038e-05 0.000136999 -0.00379547 
0.000176039 0.000160311 -0.00388105 0.000102429 0.000218771 -0.00383432 0.000220088 8.80085e-05 -0.0038105 
0.000158909 0.000159545 -0.00377663 0.000278892 0.000171758 -0.0038091 -0.00080389 0.000283424 -0.0038291 
-0.000232426 0.000234833 -0.00379324 -0.00025587 0.000356914 -0.00374235 -0.000136877 0.000302453 -0.00387344 
-6.91049e-05 0.000232963 -0.00384949 -1.96585e-06 0.000332148 -0.00375732 7.63702e-05 0.000322317 -0.00382716 
2.19045e-05 0.000243744 -0.00388949 -1.06209e-05 0.000231487 -0.00376795 0.000178001 0.000276975 -0.00386432 
0.00014548 0.000303204 -0.00375502 0.000342704 0.000322334 -0.00382127 0.000464185 0.0003015 -0.00388331 
-0.000394114 0.000470458 -0.00377547 -0.000224888 0.000420196 -0.00387046 0.000454288 0.000511081 -0.00378526 
0.000841753 0.000535084 -0.00376056 -0.000324161 0.000594226 -0.00382263 2.45874e-05 0.000608828 -0.00380458 
0.000182344 0.000601271 -0.0038491 0.000462748 0.000658581 -0.003865 0.000224268 0.000781602 -0.00378078 
0.000301964 0.000759545 -0.00383887 -0.000186079 0.000850985 -0.00380394 0.000728751 -0.000937363 -0.0036723 
0.000435725 -0.000727718 -0.00362845 -0.000423706 -0.000654573 -0.00372261 -0.000195651 -0.000580065 -0.00366366 
2.68041e-05 -0.000566473 -0.00369539 0.00086686 -0.000608464 -0.00370032 -0.000519927 -0.000529058 -0.00359382 
-0.000199709 -0.000467559 -0.0037364 -0.000385622 -0.000381481 -0.003647 -0.000164744 -0.000289017 -0.00360425 
-0.000133973 -0.000304117 -0.00369805 3.83639e-05 -0.000329156 -0.0037412 -5.30665e-05 -0.000327967 -0.00360534 
1.41201e-05 -0.000234449 -0.00371897 0.000190923 -0.000271854 -0.00359399 0.000130743 -0.000303682 -0.00367654 
0.000739941 -0.000253376 -0.00360452 0.000948556 -0.000364432 -0.00372848 -0.000610859 -0.000166711 -0.00372669 
-0.00042005 -0.000115189 -0.00372863 -0.000405184 -0.000212388 -0.00364045 -0.000457741 -0.000100521 -0.00362656 
-0.000314169 -0.000113607 -0.00370041 -0.000300656 -0.000146587 -0.00360536 -0.000268228 -0.000191599 -0.00370002 
-0.00020233 -0.000121657 -0.00372825 -7.72463e-05 -0.00022386 -0.00367964 -9.21913e-05 -0.000127452 -0.00365763 
-0.000209151 -0.000101048 -0.00362473 -0.000154396 -0.000189438 -0.00360104 -2.48707e-06 -0.000170948 -0.00363897 
0.000190732 -0.000133682 -0.00373396 0.000124213 -0.000207396 -0.00372179 0.000202853 -0.000120305 -0.00363524 
7.89708e-05 -0.000125382 -0.00367657 7.9041e-05 -0.000228767 -0.00363496 0.000316694 -9.25495e-05 -0.00360712 
0.000247646 -0.000219218 -0.00364869 -0.000331675 -3.73971e-05 -0.00361205 -0.000331882 -4.9782e-06 -0.00372183 
-0.000234382 -9.8664e-06 -0.00369584 -0.000141 -4.9102e-05 -0.00369614 -0.000123141 5.04726e-05 -0.0036713 
-0.000145592 -1.67381e-05 -0.00360072 5.66742e-05 -4.36333e-05 -0.00373731 5.37018e-05 6.32721e-05 -0.00372795 
-4.07717e-05 -5.20108e-05 -0.00371313 -1.74476e-05 4.03262e-05 -0.00366149 4.56095e-05 -3.63231e-05 -0.00363808 
-5.0912e-05 -4.66016e-05 -0.00361372 0.00014909 -5.41679e-05 -0.00368955 0.000140995 6.21369e-05 -0.00365007 
0.000155124 -2.20354e-05 -0.00359503 0.000241901 -2.54734e-05 -0.00364928 0.000425615 7.65397e-05 -0.0037121 
0.000749741 2.58326e-05 -0.00373853 -0.000289626 0.000154844 -0.00371166 -0.000300041 0.000140366 -0.00361131 
-0.000248668 0.000227076 -0.00361486 -0.00018967 0.000151605 -0.00371179 -9.13898e-05 0.000213927 -0.00370761 
-0.000220075 7.86691e-05 -0.00364699 -0.000162868 0.000175055 -0.00361819 -7.44607e-05 0.000134877 -0.00364787 
-5.82129e-06 0.000143354 -0.00372051 6.23136e-05 0.000124424 -0.00364926 0.000220416 8.85714e-05 -0.0037104 
0.000152332 0.000158865 -0.00367609 8.32688e-05 0.000226015 -0.00373354 9.23899e-05 0.000214156 -0.00361652 
0.000229931 8.21429e-05 -0.00360797 0.000284243 0.000165959 -0.00369516 0.000319082 8.53598e-05 -0.00367598 
0.000408534 0.000195559 -0.00364749 0.000583842 0.000101124 -0.00366305 -0.000380148 0.000293844 -0.00368033 
-0.000176375 0.000280455 -0.00366808 -0.000113322 0.000308189 -0.00373371 2.64226e-05 0.000333176 -0.00366174 
3.48485e-06 0.00023095 -0.00366893 0.000218488 0.000249795 -0.00362064 0.000228157 0.00024175 -0.00372939 
0.000133354 0.000305596 -0.00361593 0.000400299 0.000270525 -0.00373944 0.000813011 0.000323821 -0.0036017 
-0.000310258 0.000432294 -0.00368571 0.000148536 0.000431436 -0.00373664 0.000160788 0.000537373 -0.00366997 
0.000213054 0.000411751 -0.00360219 0.00036716 0.000386421 -0.00373025 0.000242553 0.000394128 -0.00372935 
0.000505815 0.000502656 -0.003598 0.000223724 0.000589133 -0.00373565 0.000676497 0.000547777 -0.00365438 
-0.000793927 0.000777222 -0.00365048 -0.000187476 0.000814132 -0.00368031 0.000346905 0.000863342 -0.00361409 
-0.000486551 -0.000638317 -0.00355608 -2.33169e-05 -0.000581291 -0.00358942 0.000520256 -0.000556457 -0.00353963 
0.000500816 -0.000392016 -0.00356932 0.0009822 -0.000389972 -0.00359044 -0.000843811 -0.000258041 -0.00359008 
-0.000733143 -0.000361036 -0.00349004 -0.00065139 -0.000285406 -0.00357061 -0.000415223 -0.000282706 -0.00346425 
-0.000217848 -0.00025041 -0.00352902 -0.000133483 -0.000304442 -0.00350271 4.07643e-05 -0.000329297 -0.003556 
-6.61127e-05 -0.000231902 -0.00358042 -5.91028e-05 -0.00023724 -0.00348078 0.000204173 -0.000263211 -0.00347496 
8.57793e-05 -0.000321032 -0.00344192 -0.000301261 -0.000144637 -0.00350695 -0.000116543 -0.000104937 -0.00356326 
-0.000209453 -0.000101148 -0.00351722 -0.000138987 -0.000177391 -0.00349339 3.28812e-05 -0.000228961 -0.00354031 
-2.43612e-05 -0.000145356 -0.00354455 6.30725e-05 -0.000129346 -0.00348879 -2.39402e-05 -0.00015278 -0.00344029 
0.000151673 -0.00018324 -0.0035692 9.56963e-05 -0.000100973 -0.00357932 0.000228509 -7.97275e-05 -0.00354576 
0.000114156 -0.000216673 -0.00348252 0.000190849 -0.000152369 -0.00347782 0.000267755 -0.000188405 -0.00353055 
0.000316105 -9.59197e-05 -0.00347084 0.00040401 -0.000156515 -0.00358378 -0.000325352 -5.75052e-05 -0.00349501 
-0.000243391 9.95288e-07 -0.0035851 -0.000241862 -3.78341e-06 -0.00348123 -0.000143087 1.61591e-06 -0.00350229 
5.98363e-05 4.75306e-05 -0.00358535 -4.10056e-05 3.74305e-05 -0.00356021 1.94247e-05 -4.68284e-05 -0.00354195 
-6.10629e-05 -7.20988e-05 -0.00348683 4.13206e-05 3.48531e-05 -0.00348751 -5.25068e-05 2.23631e-05 -0.00345512 
0.000154714 6.41045e-05 -0.00354422 0.000118641 -2.78856e-05 -0.00349961 0.000224789 -4.60014e-05 -0.0034491 
0.000130267 6.65934e-05 -0.00344728 0.000328525 -2.97806e-06 -0.00356876 0.000241654 1.86671e-05 -0.00352423 
-0.000447869 0.000143217 -0.00349065 -0.000254712 0.000218842 -0.0035051 -0.000320013 7.99468e-05 -0.00350724 
-0.000128233 8.92586e-05 -0.00357687 -0.000219723 8.5234e-05 -0.00353634 -9.20447e-05 0.000220214 -0.0035629 
-0.000167617 0.000171418 -0.00351836 -0.000104182 0.0002213 -0.00345918 -0.000117386 9.51203e-05 -0.00347765 
-5.15484e-06 0.000129872 -0.00357551 -1.91143e-05 0.00011392 -0.00347774 7.7558e-05 0.000122705 -0.00351947 
0.00017052 0.000160052 -0.00357753 8.54393e-05 0.000221611 -0.00350679 0.000207855 0.000125416 -0.00348046 
0.000257434 0.000209847 -0.00350098 0.000317984 9.08211e-05 -0.0035318 0.000579886 0.000192527 -0.00355174 
-0.000469592 0.000349265 -0.00346219 -0.000155363 0.000289786 -0.00352713 -7.86312e-05 0.000318647 -0.00358174 
6.58828e-06 0.000235964 -0.00356852 6.28538e-05 0.000322739 -0.00352994 -5.09703e-06 0.000232966 -0.00346584 
0.000152676 0.00029551 -0.00351137 0.000350422 0.000245517 -0.00347248 0.00029125 0.000352317 -0.00347686 
0.000591371 0.000375869 -0.0035467 -0.000501914 0.000398916 -0.00356684 -0.000226262 0.000411924 -0.00358001 
0.000376329 0.000397288 -0.00351233 0.000314021 0.000471564 -0.00354856 0.000683428 0.000436165 -0.00354736 
0.000868708 0.000409633 -0.00346155 0.000285612 0.000628392 -0.00349999 3.60213e-05 0.000713572 -0.00352053 
-0.000123167 -0.000650575 -0.00333504 3.08546e-05 -0.000681017 -0.00337632 0.0002907 -0.000473085 -0.00340142 
0.000859377 -0.0004016 -0.00335573 -0.000147503 -0.000297005 -0.00336011 -0.000215969 -0.000252005 -0.00341644 
-3.16877e-05 -0.000328436 -0.00341942 2.93757e-05 -0.000238901 -0.00343261 -5.61562e-05 -0.000238123 -0.00338082 
4.9156e-05 -0.000231168 -0.00332477 0.000110442 -0.000310626 -0.00333214 0.00023572 -0.000232992 -0.00338466 
0.000373869 -0.00029419 -0.00342667 -0.00031655 -0.000108678 -0.0033792 -0.0002677 -0.000192055 -0.0033213 
-0.000168142 -0.000171562 -0.00338124 -9.91325e-05 -0.000101315 -0.00339895 -0.000219646 -8.72322e-05 -0.0033966 
-0.000116463 -0.000214579 -0.00330446 5.56321e-05 -0.000145925 -0.00337969 -3.58595e-05 -0.000149792 -0.00333859 
0.000141452 -0.000198432 -0.00338605 0.00013737 -9.84463e-05 -0.00341282 0.000211273 -0.000116394 -0.00334692 
0.000277471 -0.000175283 -0.00329316 0.000294911 -0.000159533 -0.00338555 -0.000578991 -3.84424e-06 -0.00333006 
-0.00033177 -7.94808e-06 -0.00340881 -0.000240292 2.12132e-05 -0.00338066 -0.000150202 -1.53889e-05 -0.00340392 
-0.000114706 7.44466e-05 -0.00337797 -0.000136886 -6.97735e-05 -0.0033118 -0.000140592 3.04761e-05 -0.00329138 
2.31788e-05 -5.00797e-05 -0.00343744 -5.69983e-05 -1.78062e-05 -0.00336363 1.667e-05 4.58913e-05 -0.00338684 
2.97474e-05 -5.94717e-05 -0.00333605 0.000219094 4.68082e-05 -0.00340571 9.99194e-05 -9.48308e-06 -0.00338679 
0.000227769 -1.91361e-05 -0.00333033 0.000132236 -6.38857e-05 -0.00330931 0.000329436 -3.14847e-05 -0.00329831 
0.000331097 -2.95858e-05 -0.00341123 0.000431074 5.68271e-05 -0.00338382 -0.000504729 0.000130208 -0.0032993 
-0.000284169 0.000183814 -0.00339662 -0.000216077 0.000103436 -0.00343798 -0.000166321 0.0001782 -0.00339354 
-0.000218788 0.000108867 -0.00333772 -8.11025e-05 0.000111633 -0.00329124 5.9567e-05 0.000131242 -0.00341833 
-3.31344e-05 0.000132297 -0.00337971 -6.89755e-05 0.000224517 -0.00336519 2.96935e-05 0.000134367 -0.00330183 
0.000143116 0.000185102 -0.00342916 0.000187252 0.000133775 -0.00335384 0.000120608 0.000211152 -0.00333498 
0.000103113 8.07018e-05 -0.00334377 0.0002726 0.00018568 -0.00335915 0.000315874 9.31693e-05 -0.00331765 
0.000306432 0.000117185 -0.00342993 -0.000355836 0.000283419 -0.00335111 -0.000215299 0.000247952 -0.0033197 
-0.000200415 0.000266242 -0.00343117 -0.000114617 0.000307678 -0.00339692 7.3674e-05 0.000323586 -0.00340525 
-2.28368e-05 0.000329377 -0.00331995 -2.65805e-05 0.00032978 -0.00343827 3.02343e-05 0.000235008 -0.00337228 
9.56052e-05 0.000322668 -0.00330781 0.000224733 0.000241331 -0.00330684 0.000219926 0.000247957 -0.00341673 
-0.000955677 0.000423415 -0.00338507 -0.000169163 0.000479298 -0.00331377 0.000294018 0.000486239 -0.00333629 
0.000495702 0.000417656 -0.00342229 0.000179362 0.000567946 -0.00334045 0.000890725 0.000593751 -0.00334677 
-0.000435774 0.000838687 -0.00332318 -0.000196951 0.000730211 -0.00338881 0.000328689 0.000765033 -0.00330709 
0.000514331 0.000841187 -0.00335039 0.000914778 0.000737949 -0.00334426 -0.000786153 -0.000713042 -0.00326242 
-0.000200899 -0.000719894 -0.00328745 -0.00038317 -0.00066206 -0.00321145 0.000240771 -0.000552871 -0.00321245 
-0.000729817 -0.00049933 -0.00318343 -0.000157679 -0.000291765 -0.00315085 -0.000213111 -0.000254385 -0.00322408 
-9.80729e-05 -0.000317081 -0.00322238 1.96459e-05 -0.000331305 -0.00324499 -4.95853e-05 -0.000328329 -0.00314354 
-2.93403e-05 -0.000242747 -0.0032624 7.06801e-05 -0.00032259 -0.00314283 -1.22024e-06 -0.000241806 -0.00316271 
0.000182266 -0.000273908 -0.00328769 0.000229181 -0.000239543 -0.00320892 0.000132046 -0.000303413 -0.00321134 
0.000549254 -0.000283626 -0.00319674 0.000729856 -0.000290635 -0.00313949 -0.00074518 -0.000218883 -0.00323174 
-0.000305451 -0.000127339 -0.00314332 -0.000319226 -9.16364e-05 -0.0032809 -0.000275918 -0.000182734 -0.00322397 
-0.000181077 -0.000162414 -0.00324862 -9.51807e-05 -0.000214341 -0.00318603 -0.000106438 -0.000114146 -0.00320256 
-0.000204373 -0.000106109 -0.00316933 6.10122e-05 -0.00013688 -0.00328032 -1.56955e-05 -0.000154381 -0.00321732 
7.5117e-05 -0.000221782 -0.00322807 6.098e-05 -0.000144519 -0.00315299 0.000152433 -0.000177361 -0.00328783 
0.000223835 -8.7069e-05 -0.00325091 0.000180033 -0.000156041 -0.00318418 0.000316013 -0.000100632 -0.00315553 
0.000966263 -9.25114e-05 -0.00325001 0.000901633 -0.000184091 -0.00324392 -0.000445382 3.35657e-05 -0.00314924 
-0.000240347 2.55508e-05 -0.00328052 -0.000244161 -1.3178e-05 -0.00318275 -0.000223232 -7.14135e-05 -0.00326142 
-0.000147658 -2.30064e-05 -0.00320717 -0.000116524 7.34054e-05 -0.00320403 6.33621e-05 1.55634e-05 -0.00327915 
-3.6208e-05 2.3725e-05 -0.00327473 -4.54079e-05 -7.59184e-05 -0.00327191 3.49836e-05 -5.64945e-05 -0.00321569 
1.95607e-05 5.81718e-05 -0.00319924 -5.08793e-05 -1.46701e-05 -0.00318349 0.000146794 1.54511e-05 -0.00322279 
0.00012605 -7.19276e-05 -0.0031774 0.000223533 7.0183e-05 -0.00328546 0.000218476 -7.56273e-05 -0.00313886 
0.000328524 3.70027e-05 -0.003236 0.000242997 -1.73823e-06 -0.00320169 0.000968246 2.0047e-05 -0.00322726 
-0.000522508 0.000118038 -0.00314958 -0.000504807 0.000207235 -0.00320528 -0.000319329 8.69463e-05 -0.00327524 
-0.000306709 0.000132779 -0.00317018 -0.00026237 0.00020072 -0.00321718 -0.00011575 0.00020456 -0.00327843 
-0.000184911 0.000138825 -0.00324843 -0.000218106 8.30894e-05 -0.00317227 -0.000141974 0.000180557 -0.003157 
-2.21999e-05 0.000149239 -0.00321761 4.29831e-05 0.000137262 -0.00314269 0.000175019 0.000167883 -0.00326062 
8.00017e-05 0.000223933 -0.00324274 0.000217123 0.000111852 -0.00318906 9.98957e-05 0.000104715 -0.00323707 
0.000132891 7.86377e-05 -0.00314633 0.000146749 0.000185637 -0.00316513 0.00031492 9.77999e-05 -0.00316801 
0.000270629 0.000198798 -0.00319922 -0.00046134 0.000336743 -0.00327523 -0.000137121 0.000302226 -0.00327875 
5.99566e-05 0.000326347 -0.00318504 -3.55161e-05 0.000332107 -0.0032134 -1.42251e-05 0.000235892 -0.00328221 
-6.42217e-05 0.00023548 -0.0031891 6.28369e-05 0.000235566 -0.00314326 0.000162337 0.000285373 -0.00321018 
0.000402605 0.000345124 -0.00328433 0.000425074 0.000340456 -0.00314721 -0.000868488 0.000474287 -0.00321588 
-0.000242075 0.000415451 -0.00328434 -6.26025e-06 0.000495242 -0.00318419 0.000164684 0.000475541 -0.00315977 
0.000496673 0.000509973 -0.0032757 -0.00074702 0.000837014 -0.00320239 0.000677871 -0.000872102 -0.00311277 
-0.000890621 -0.000705027 -0.00302411 -0.000402163 -0.000710042 -0.00310935 0.000175744 -0.000776458 -0.0030488 
-5.41796e-05 -0.000653977 -0.00301092 -0.000979179 -0.000420223 -0.00301481 -0.000678169 -0.00051503 -0.0030983 
-0.000396379 -0.000488599 -0.00299992 -0.000330606 -0.000429904 -0.00311898 -8.87535e-05 -0.000516549 -0.00313182 
-0.000176624 -0.000406363 -0.00313336 0.000447787 -0.000490222 -0.00301586 -0.000616679 -0.000324011 -0.00301135 
-0.00010872 -0.000314164 -0.00306919 -2.65787e-05 -0.000330365 -0.00304259 4.31864e-05 -0.000232636 -0.00305488 
0.000176625 -0.000282137 -0.00300588 8.86228e-05 -0.000319736 -0.00303614 0.000229033 -0.000239021 -0.00309446 
-0.000257768 -0.000208856 -0.00312972 -0.000157444 -0.000172045 -0.00310367 -0.000114084 -0.000197566 -0.00300324 
-0.000206074 -0.000118849 -0.00300256 -5.4145e-05 -0.000230578 -0.00307771 -5.02674e-05 -0.000140091 -0.00312261 
2.22314e-05 -0.000134799 -0.00305389 0.000124373 -0.000210236 -0.00311208 0.000193761 -0.000143854 -0.0030653 
0.000109143 -9.25664e-05 -0.00308099 0.000126293 -0.000195996 -0.00301253 0.000292356 -0.000159051 -0.00305375 
0.000668871 -0.000196258 -0.00305923 -0.000523764 3.22124e-05 -0.00303509 -0.000330274 3.31908e-05 -0.00313589 
-0.000331532 -1.60156e-05 -0.00300062 -0.000242066 3.65749e-05 -0.00307758 -0.000235868 -6.61982e-05 -0.00308312 
-0.000128199 -6.71839e-05 -0.00311704 -0.000149691 3.04703e-05 -0.00311841 -0.000155054 -2.14578e-05 -0.00303159 
1.09028e-05 -5.94739e-05 -0.0031187 5.31592e-05 3.06546e-05 -0.00310907 -4.59712e-05 2.26699e-05 -0.00309053 
-5.75568e-05 -7.49536e-05 -0.00304653 3.11544e-05 -3.55585e-05 -0.003022 1.49273e-05 6.30518e-05 -0.00301922 
-6.45462e-05 7.96443e-06 -0.00299091 0.000148424 -4.2835e-07 -0.0030863 0.000228191 -5.19096e-05 -0.00304214 
0.000131782 4.33528e-05 -0.00299688 0.000125063 -5.87158e-05 -0.00298822 0.000239727 4.5651e-05 -0.00311297 
0.000330358 -2.70923e-05 -0.00309095 0.000232099 4.49734e-05 -0.00301243 -0.00042648 0.00015238 -0.00305423 
-0.000319718 8.45091e-05 -0.00299926 -0.000276128 0.000189578 -0.00309217 -0.000285999 0.000170598 -0.00299551 
-0.000192903 0.00013728 -0.00307354 -0.000116233 0.000213749 -0.00306082 -0.000109412 8.79831e-05 -0.00304657 
-0.000220437 9.15865e-05 -0.00298895 -6.17109e-05 0.000118026 -0.00313076 3.86739e-06 0.000160828 -0.00303869 
0.000197511 0.000133249 -0.00308446 0.000103455 0.000206079 -0.0030327 9.30495e-05 0.000110465 -0.00306011 
0.000316065 9.09627e-05 -0.00304239 0.000271094 0.000189813 -0.00303579 -0.000886162 0.000339899 -0.00311419 
-0.000162619 0.000284935 -0.00311722 -0.000222994 0.000241719 -0.00301331 -2.56529e-05 0.000236983 -0.00309667 
1.03424e-05 0.000332084 -0.00301026 -7.63998e-05 0.000319867 -0.00307192 0.000165447 0.000281447 -0.00305454 
0.000235544 0.000236773 -0.00311624 -0.000813815 0.000434771 -0.00309169 0.000223003 0.000392631 -0.0031148 
0.000607075 0.000521601 -0.00304591 0.000293308 0.000563595 -0.0031234 -0.000935303 0.00072217 -0.00312905 
0.000111485 0.00071027 -0.00312278 -0.000404424 -0.000760301 -0.00290404 0.000317457 -0.000709853 -0.00291639 
0.000860882 -0.00075007 -0.00286761 -0.000722951 -0.000618496 -0.00294591 -0.000529555 -0.000539573 -0.00286202 
-0.000910067 -0.000419375 -0.00286113 -0.000546834 -0.000527622 -0.00298048 -0.000430663 -0.000401164 -0.002894 
-8.01647e-05 -0.000437544 -0.0029099 -0.000399609 -0.000232345 -0.00293912 -0.000282894 -0.000372891 -0.00284094 
-0.000175487 -0.000280877 -0.00285997 -9.55048e-05 -0.000317255 -0.00294299 -2.29566e-05 -0.000331606 -0.00286297 
3.55089e-05 -0.000329833 -0.00295203 6.41573e-05 -0.000234834 -0.0029349 -2.41768e-05 -0.000242999 -0.00298108 
-3.37455e-06 -0.000232796 -0.00286088 0.000178117 -0.000280525 -0.00286813 0.000543267 -0.000320794 -0.00290239 
-0.000494799 -0.000214818 -0.00297592 -0.000244969 -0.00022449 -0.00298434 -0.000303622 -0.000136124 -0.0029717 
-0.000118206 -8.81493e-05 -0.00296565 -9.29231e-05 -0.000223663 -0.00290785 -0.000175184 -0.000167695 -0.00292002 
-8.26144e-05 -0.000128084 -0.00287943 -0.000224663 -7.83597e-05 -0.0028989 -3.55364e-05 -0.000144363 -0.00296925 
6.38578e-05 -0.000135418 -0.00296285 1.72768e-05 -0.000135133 -0.00287398 0.000205664 -0.000120783 -0.00296717 
0.000150332 -0.000187434 -0.00291477 0.000121068 -9.44696e-05 -0.00289176 0.000208405 -0.000117708 -0.00284833 
9.15178e-05 -0.00020942 -0.00283692 0.000254611 -0.000220488 -0.00285084 0.000248168 -0.000224876 -0.00298249 
0.000292103 -0.000157442 -0.00292678 0.000307742 -0.000128886 -0.00283662 -0.000322758 -6.46972e-05 -0.00291377 
-0.000321745 6.47147e-05 -0.00286348 -0.000235727 -6.85464e-06 -0.00296845 -0.000134772 6.43909e-05 -0.00294524 
-0.000225852 2.88722e-05 -0.00287508 -0.00014073 -2.29079e-05 -0.00289295 5.46843e-05 2.08594e-05 -0.00293616 
-1.15492e-05 -5.43424e-05 -0.00293289 -4.90106e-05 4.37416e-05 -0.00289776 4.59617e-05 -4.17486e-05 -0.00285179 
3.23223e-05 5.75126e-05 -0.00284123 -5.50704e-05 -3.93291e-05 -0.00284238 0.000153221 -1.5506e-06 -0.00290982 
0.000242366 -2.93495e-05 -0.00294569 0.000336162 1.08351e-05 -0.00298379 0.000327938 -4.2908e-05 -0.00287581 
0.000237089 -1.12066e-05 -0.0028475 0.000541474 1.0805e-05 -0.00287332 -0.000546626 8.78784e-05 -0.0029442 
-0.000400002 0.000163625 -0.00294891 -0.000288923 0.000156212 -0.00289924 -0.00015981 0.000170952 -0.00298032 
-0.00013238 0.000200933 -0.00288768 -0.00019595 0.000124397 -0.00287672 -7.16503e-05 0.000217662 -0.00296583 
-5.34556e-05 0.000117958 -0.00296863 7.40103e-05 0.000118907 -0.00295939 -2.36549e-05 0.000137495 -0.00287398 
7.69036e-05 0.000144806 -0.00286129 0.000168755 0.000146528 -0.00298419 0.00021359 7.97764e-05 -0.00291598 
0.000105743 0.000219934 -0.0029217 0.000177287 0.000165552 -0.00287717 0.000266503 0.000205968 -0.00285335 
0.000242023 0.000222045 -0.00295016 0.00031867 8.83811e-05 -0.00291533 -0.000620751 0.000271647 -0.00296342 
-0.000265425 0.000357868 -0.00284228 -9.18414e-05 0.000317655 -0.00295917 -8.96988e-05 0.000318774 -0.00285783 
-0.00021003 0.000258908 -0.00291362 4.27143e-06 0.00023346 -0.00287628 -5.86426e-06 0.000328103 -0.00290707 
2.54244e-05 0.000238275 -0.00297892 0.000105783 0.000314108 -0.00286261 0.000100738 0.000320641 -0.0029695 
0.000347031 0.000323652 -0.00294112 -0.000119259 0.000472708 -0.00298679 0.000129705 0.000434663 -0.00294092 
0.000417107 0.000446268 -0.00290103 0.000855911 0.00049128 -0.00291594 -2.84677e-05 0.000719709 -0.00291158 
-0.000629913 -0.000808248 -0.00279837 0.000434428 -0.000777024 -0.00268799 -0.000720894 -0.000598921 -0.00280801 
-0.000428844 -0.000555685 -0.00269195 -0.000658399 -0.000464144 -0.00277067 -0.000551099 -0.000251947 -0.00274336 
-9.54972e-05 -0.000317089 -0.00279614 -0.000161243 -0.000289018 -0.00273015 -4.38071e-05 -0.000328223 -0.00271263 
6.01771e-05 -0.00032329 -0.0027753 1.27739e-05 -0.000236106 -0.00276214 0.000135889 -0.000301771 -0.00271636 
0.000361267 -0.000374503 -0.0027428 -0.000304209 -0.000131008 -0.00274016 -0.000272193 -0.000186741 -0.0028061 
-0.000122863 -0.000208613 -0.00281054 -0.000185994 -0.000131267 -0.00282288 -9.73843e-05 -0.0001078 -0.00278237 
-0.000163162 -0.000181734 -0.00271804 -0.000212697 -9.48785e-05 -0.00272184 -7.57018e-05 -0.000230198 -0.00271583 
6.90318e-05 -0.000115965 -0.00278885 2.35111e-07 -0.000144267 -0.00272151 0.000156834 -0.000161919 -0.00277484 
0.000228455 -8.71736e-05 -0.00275323 9.46556e-05 -0.000210892 -0.00271037 0.000301377 -0.000141387 -0.00269489 
0.000491312 -0.000175342 -0.00276003 0.000473923 -8.9325e-05 -0.00271164 0.000695215 -0.000154082 -0.00282879 
-0.000731435 -6.21258e-05 -0.00273378 -0.000331456 -1.91937e-05 -0.00281098 -0.000234155 -4.17569e-05 -0.00280426 
-0.000237024 1.35315e-05 -0.00272006 -0.000143598 1.16702e-05 -0.00279827 -0.000140165 -2.78043e-05 -0.00270643 
-0.000120034 6.99936e-05 -0.0027139 7.33027e-05 6.58609e-07 -0.00276496 -4.52871e-05 4.55327e-05 -0.0027774 
-1.55974e-05 -4.59121e-05 -0.00274934 0.000131327 5.21128e-05 -0.00282833 0.000149985 -4.58098e-05 -0.0028093 
0.000208548 1.84378e-05 -0.00275635 0.000144947 -3.22191e-05 -0.00269816 0.000336389 -9.34682e-06 -0.00278177 
0.000511468 3.38292e-05 -0.00274984 -0.000557773 0.000172145 -0.00281565 -0.000318998 8.12763e-05 -0.0027116 
-0.000282867 0.000166638 -0.00269574 -0.000293946 0.000148894 -0.00280039 -0.000211382 8.53475e-05 -0.00278494 
-8.76681e-05 0.000225774 -0.00280176 -0.000107911 9.96543e-05 -0.00283435 -0.000150516 0.000163997 -0.00275063 
-8.68605e-05 0.000226423 -0.00269567 1.61264e-05 0.000136818 -0.00278218 -4.5312e-05 0.000135769 -0.00270315 
8.31128e-05 0.00022952 -0.00280797 0.000220358 9.73748e-05 -0.00281749 0.000158838 0.000171604 -0.00277778 
9.97743e-05 9.62726e-05 -0.00274389 8.80789e-05 0.000227706 -0.00270546 0.000209285 0.000100504 -0.00269918 
0.000317967 9.43005e-05 -0.0027947 0.000298225 0.000145851 -0.00269336 0.000236237 0.00022993 -0.00274064 
0.000441027 9.76856e-05 -0.00280435 0.000441251 0.000148897 -0.00271254 -0.000411274 0.000284671 -0.0027684 
-0.000116703 0.00031156 -0.00273887 -0.000226908 0.000239006 -0.00279545 -1.34055e-05 0.000327796 -0.00277481 
-7.77084e-07 0.00023097 -0.00275253 0.000169834 0.00028127 -0.00278694 7.85201e-05 0.000321783 -0.00273892 
0.000333198 0.000360315 -0.00273984 0.000401334 0.000266796 -0.00276304 -0.000913149 0.000450528 -0.00279598 
-0.000233219 0.00042619 -0.0026933 -0.000184603 0.000385379 -0.00277645 -9.86979e-05 0.000432379 -0.00275196 
0.000354949 0.000495689 -0.00278679 0.00052229 0.000403288 -0.00269564 -0.00047948 0.000657934 -0.00282843 
7.14745e-05 0.000808603 -0.00283566 0.000186578 0.000816473 -0.00277717 0.000677582 0.000751722 -0.00276816 
0.000448121 0.00099101 -0.00272114 -0.000383988 -0.000978356 -0.00259463 -3.44666e-05 -0.000745624 -0.00267562 
0.000712108 -0.000800206 -0.00266142 -0.000519749 -0.000649276 -0.00255166 -0.000628003 -0.000463212 -0.00261145 
-0.000213296 -0.000406539 -0.0025415 0.000212848 -0.000448709 -0.00258915 0.000582726 -0.000386688 -0.00253573 
-0.00094301 -0.000359574 -0.00256107 -0.000342323 -0.000259475 -0.00266016 -0.000201407 -0.00026394 -0.00264218 
-0.000140973 -0.000300676 -0.00254809 -0.000101858 -0.000316117 -0.00264648 4.62507e-05 -0.000324815 -0.00267835 
-3.30471e-05 -0.000329046 -0.00258778 -3.61164e-05 -0.000231105 -0.00256562 0.000214827 -0.000253683 -0.00257772 
0.000228714 -0.000239848 -0.00267914 0.000111988 -0.00030848 -0.0026095 0.000697697 -0.000315603 -0.00267438 
0.000776021 -0.000336243 -0.0025528 0.000956514 -0.00032198 -0.00254753 -0.000704626 -0.000110111 -0.0025639 
-0.000321407 -8.06826e-05 -0.00265719 -0.000304439 -0.000131252 -0.00255168 -0.000275554 -0.000182921 -0.00264511 
-0.000243861 -0.000229478 -0.00254891 -0.000119149 -0.000207999 -0.0026262 -0.000188209 -0.000135815 -0.00263153 
-8.3994e-05 -0.000107418 -0.00268199 1.14047e-05 -0.000229343 -0.00265421 4.23007e-05 -0.000169045 -0.0025677 
-5.40432e-05 -0.000135963 -0.00259074 0.000184866 -0.000148406 -0.00267945 8.98459e-05 -0.000114539 -0.00268391 
0.000122209 -0.000208293 -0.00261417 0.000193813 -0.000149782 -0.00257579 0.000109391 -9.73716e-05 -0.00258729 
0.000287509 -0.000162414 -0.00254047 0.000403966 -0.000229486 -0.00253663 0.000601627 -0.000183998 -0.00255116 
-0.000518694 -3.06113e-05 -0.00268318 -0.000331951 -5.83879e-07 -0.00257681 -0.000232441 2.73431e-05 -0.00261929 
-0.000236379 -5.98751e-05 -0.00257035 -0.000143065 -4.98724e-05 -0.00260764 -0.000148717 4.12719e-05 -0.00256608 
5.77692e-06 -7.67891e-05 -0.00264491 3.31887e-05 4.46168e-05 -0.00268459 -5.45287e-05 1.14752e-06 -0.00266368 
6.8869e-05 -8.15133e-06 -0.00260738 -7.36715e-06 5.74833e-05 -0.00259373 -5.01913e-05 -3.77227e-05 -0.00257163 
0.000130008 5.73117e-05 -0.00265604 0.000155086 -8.85612e-06 -0.00255615 0.000235505 -6.52493e-05 -0.00265572 
0.000327288 -5.30597e-05 -0.00258365 0.000331366 -1.71955e-05 -0.0026825 0.000330372 6.57901e-05 -0.00261807 
0.000244015 1.4988e-05 -0.00259612 0.000234872 -6.6992e-05 -0.00253571 0.000935708 9.33163e-06 -0.00255606 
-0.000404701 0.000159477 -0.00259451 -0.000253922 0.000212014 -0.00257597 -0.000318322 9.05868e-05 -0.00261179 
-0.000205306 0.000106427 -0.00267633 -0.000155425 0.000183767 -0.00263665 -0.000213357 0.000117535 -0.00257689 
-9.19808e-05 0.000107499 -0.0026192 -7.67942e-05 0.000223939 -0.00258973 4.92578e-05 0.000142344 -0.00267065 
-1.98204e-06 0.000157612 -0.00258578 0.000155244 0.000172425 -0.0026555 8.67277e-05 0.000219042 -0.00259913 
0.000210362 0.000109329 -0.00259956 8.21563e-05 0.000103716 -0.0025815 0.000164305 0.000181325 -0.00254735 
0.0002376 0.000227828 -0.00264223 0.000295366 0.000145556 -0.00255688 0.000664946 0.000216266 -0.00262816 
0.000666132 0.000144292 -0.0025345 -0.000514045 0.000289334 -0.00268217 -0.000137258 0.000302011 -0.00260546 
-0.000210516 0.000253125 -0.00268313 -4.51821e-05 0.00033336 -0.00256152 5.02649e-05 0.000325176 -0.00261588 
-4.25015e-05 0.000333364 -0.00266403 3.20958e-06 0.000231888 -0.00265258 0.000135892 0.000305154 -0.00258309 
0.000170636 0.000279786 -0.00267237 0.000389442 0.000287901 -0.00260488 0.000576371 0.000305325 -0.00263855 
-0.000737277 0.000461716 -0.00259818 -4.22778e-05 0.000437263 -0.00260187 -8.44032e-06 0.000538652 -0.0026172 
0.000556387 0.000690643 -0.0026605 -0.000144145 0.000765215 -0.00255378 -7.4665e-05 0.000819714 -0.00260944 
-0.000574032 -0.000983724 -0.00248745 -0.000658953 -0.00053953 -0.00250875 -0.000460923 -0.000689309 -0.00248099 
-5.74648e-05 -0.000657337 -0.00253311 0.000809555 -0.000651508 -0.00245359 -0.00056534 -0.000481231 -0.0024215 
-0.000339498 -0.00041342 -0.00243793 -9.41531e-05 -0.000431065 -0.00246873 -0.000713116 -0.000292512 -0.00242519 
-0.000609078 -0.000255254 -0.00241572 -0.00051211 -0.000242877 -0.00251935 -0.000469725 -0.000283923 -0.00239223 
-0.000347379 -0.000266621 -0.0024444 -0.000193055 -0.000267975 -0.00246924 -0.00010271 -0.000315423 -0.00239208 
-2.54694e-05 -0.000328315 -0.00244683 7.35491e-05 -0.000233148 -0.002417 0.00010495 -0.000313325 -0.0024692 
0.000179335 -0.000279609 -0.00243359 0.000347099 -0.000300227 -0.00246782 -0.000917239 -7.95904e-05 -0.00252708 
-0.000277306 -0.000180285 -0.00243962 -0.000123044 -0.000201404 -0.00252605 -0.000200929 -0.000138892 -0.00251972 
-0.000109427 -9.85846e-05 -0.00251621 -0.000110871 -0.000217616 -0.00242814 -0.000183965 -0.000162808 -0.00238682 
-1.34191e-05 -0.000230635 -0.00246808 -2.83817e-05 -0.00013153 -0.0024677 6.43663e-05 -0.000134339 -0.00243035 
0.000119976 -0.000189646 -0.0025076 0.000201712 -0.000137296 -0.00246456 0.000123661 -8.00734e-05 -0.00248979 
0.000152226 -0.000178623 -0.0023881 0.000311747 -0.000103109 -0.00241436 0.000429802 -0.000130263 -0.0024126 
0.000800409 -0.000211908 -0.00246501 -0.000645558 -7.58111e-05 -0.00242021 -0.000231874 -7.20608e-05 -0.00244662 
-0.000331149 -2.78779e-05 -0.00243465 -0.000243227 2.59087e-05 -0.00251843 -0.000237441 5.16738e-05 -0.00242198 
-0.000156863 -1.63599e-05 -0.00248389 -0.00012981 6.70409e-05 -0.00243582 2.72283e-05 -6.00561e-05 -0.0025123 
-6.04711e-05 2.9148e-05 -0.00249787 7.09817e-05 3.04821e-05 -0.00251403 -7.05189e-05 -4.73003e-05 -0.00243399 
1.44557e-05 5.06741e-05 -0.00243323 2.56872e-05 -4.51956e-05 -0.0024061 0.0001476 6.82861e-06 -0.00244633 
0.000225273 -5.26468e-05 -0.00241617 0.000328226 3.75866e-05 -0.0025225 0.00032856 -6.99702e-06 -0.00242647 
0.000236269 3.4836e-05 -0.00248328 0.000427785 -2.22257e-05 -0.00239853 0.000557122 6.96796e-05 -0.00251084 
-0.000303436 0.000138342 -0.00238427 -0.000317948 9.10732e-05 -0.0024814 -0.000270511 0.000194307 -0.00246638 
-0.000126148 0.000206826 -0.00250105 -0.000191127 0.000133881 -0.00247928 -0.000131404 0.000184419 -0.00240374 
-6.759e-05 0.000127096 -0.00251673 3.10417e-05 0.000126715 -0.00249653 -3.95397e-05 0.000228302 -0.00240809 
-4.88706e-05 0.000128173 -0.00241823 6.23101e-05 0.000228821 -0.00240185 8.12453e-05 0.000216388 -0.00249931 
0.000157176 8.51819e-05 -0.00251805 0.000160907 0.000181039 -0.00244582 0.000103754 9.59642e-05 -0.00243413 
0.00024032 0.000228094 -0.00248531 0.000303322 0.000139818 -0.00241636 0.000412544 0.000134837 -0.00243131 
-0.000426891 0.000315754 -0.00243847 -8.2563e-05 0.000319514 -0.00244916 -0.000205943 0.000264825 -0.00241993 
-0.000191577 0.000276399 -0.0025312 6.02944e-05 0.000322582 -0.00247741 -1.97537e-05 0.000231567 -0.00250793 
0.000139069 0.000304331 -0.00241574 0.00018067 0.000275361 -0.002513 0.000321471 0.00033538 -0.00246347 
0.000439389 0.000247339 -0.00248217 0.000134465 0.00052253 -0.00252173 0.000169233 0.000408274 -0.00244841 
0.000123277 0.000503566 -0.00240509 0.000390412 0.000406664 -0.00241133 0.000601481 0.000536331 -0.00238409 
0.000713424 0.000425742 -0.00253041 0.000968385 0.000413883 -0.00248773 -0.000230663 0.000609486 -0.00247692 
0.000626354 0.00057228 -0.00249122 0.000572101 0.000889764 -0.00238906 -2.66261e-05 -0.000754004 -0.00228901 
0.000635751 -0.000562763 -0.00235675 -0.000564015 -0.000533094 -0.0022828 -0.000108062 -0.000451463 -0.00225553 
0.000109719 -0.000486551 -0.00237468 0.000150042 -0.000473555 -0.00226469 -0.000201959 -0.000262959 -0.00232294 
-6.94343e-05 -0.00032982 -0.00230012 3.18128e-05 -0.000330164 -0.00236493 -3.24493e-05 -0.00024073 -0.00237019 
-3.71436e-05 -0.000240685 -0.00226663 5.5903e-05 -0.000236654 -0.00231853 0.000175066 -0.000283364 -0.00232946 
0.000105097 -0.000310729 -0.00226495 0.000238298 -0.000231961 -0.00237743 0.000424826 -0.000236304 -0.00235282 
0.000825083 -0.000322155 -0.00226811 -0.000303394 -0.00013946 -0.00234901 -0.000116757 -0.000210729 -0.00232046 
-0.000105391 -0.000106323 -0.00236118 -0.000190143 -0.000138689 -0.00228958 -1.17827e-05 -0.000142038 -0.00236559 
-6.32138e-05 -0.000138334 -0.00227616 8.14887e-05 -0.00013896 -0.00232952 0.000197874 -0.000128525 -0.00231442 
0.000139341 -0.000200483 -0.00227586 0.000269318 -0.000193332 -0.00228069 0.000564673 -0.000190469 -0.00223367 
-0.000331775 -8.63686e-06 -0.00230066 -0.000241638 4.02243e-05 -0.0023227 -0.000234917 -6.50669e-05 -0.00234647 
-0.000156419 -1.50578e-05 -0.00238335 -0.000119827 -5.39448e-05 -0.00227391 -0.000127522 7.28145e-05 -0.00233571 
-0.000221449 -5.45619e-05 -0.00224491 -0.00016911 3.10789e-05 -0.00225447 -4.68803e-05 -2.83993e-05 -0.00233864 
1.65801e-05 4.82883e-05 -0.00232877 6.43758e-05 -4.15669e-05 -0.00231333 -6.05671e-05 3.29585e-05 -0.00226043 
-1.13933e-05 -5.64831e-05 -0.00224926 4.16846e-05 2.90698e-05 -0.00223389 0.000130151 -6.98488e-05 -0.00238327 
0.000125628 3.78977e-05 -0.00235266 0.000148203 -3.16293e-05 -0.00225841 0.000324784 -7.10934e-05 -0.00232059 
0.000232688 4.13349e-05 -0.00238223 0.000232115 -3.33775e-05 -0.00231318 0.000236217 6.08698e-05 -0.00227969 
0.00052492 3.29538e-05 -0.00232117 -0.000312922 0.000123818 -0.00227568 -0.000205605 0.000128154 -0.00236598 
-0.00015982 0.00017549 -0.00229047 -9.75106e-05 0.000122129 -0.00223333 4.23364e-05 0.000137325 -0.00236667 
-4.46936e-05 0.000126637 -0.00231834 -7.37598e-05 0.000222496 -0.00231026 2.6128e-05 0.000219484 -0.00230681 
0.000189555 0.000129603 -0.00236336 0.000120858 0.000193782 -0.00232845 0.000190224 0.000148356 -0.00226424 
9.10569e-05 0.000109245 -0.00228113 0.000247163 0.00021057 -0.00238335 0.000283204 0.000170436 -0.00229496 
0.000322566 7.89166e-05 -0.00233967 0.000413242 0.000196302 -0.00228486 -0.000222565 0.000246088 -0.00232328 
-8.31931e-05 0.000319511 -0.00233286 -0.000175457 0.000282077 -0.00224278 -2.54462e-05 0.000330707 -0.00224388 
5.43806e-05 0.000324205 -0.00237289 0.000177456 0.000277588 -0.00230867 8.40398e-05 0.000321349 -0.00225237 
0.000339804 0.000287767 -0.00235038 -0.000548096 0.000421272 -0.0022866 7.08294e-05 0.000429172 -0.00234508 
0.000121761 0.000436729 -0.00224725 0.000245936 0.000386716 -0.0023288 0.000316563 0.000537965 -0.00237648 
0.000279092 0.00046386 -0.00226093 0.000583653 0.000497334 -0.00229273 -0.000793995 0.000646545 -0.00229626 
-0.000197196 0.000592456 -0.00230355 -1.79598e-05 0.000673072 -0.00235905 0.000510158 0.000551646 -0.00233775 
0.000763919 0.000685547 -0.00234579 0.000987545 0.000620778 -0.00230832 0.000207472 -0.000881095 -0.00213732 
-0.000157971 -0.000641993 -0.00217394 0.000172057 -0.000555663 -0.0020826 0.000362313 -0.000550678 -0.00214185 
-0.00088263 -0.000501559 -0.00209387 -0.00050514 -0.000480906 -0.00217139 -0.00035527 -0.000441807 -0.00220971 
-0.000224454 -0.000486245 -0.00221084 0.000339914 -0.000455114 -0.0021853 -0.000567914 -0.000274109 -0.0021517 
-0.000341923 -0.000284537 -0.00210796 -0.000202427 -0.000263044 -0.00208628 -0.00010015 -0.000315984 -0.00220739 
-0.000219124 -0.000249193 -0.0022261 -2.07135e-05 -0.000327254 -0.00212202 5.02189e-07 -0.000336574 -0.00222598 
-5.35101e-05 -0.000237153 -0.00216692 0.00022873 -0.000239883 -0.00210492 0.000177277 -0.00028074 -0.00219287 
0.000110826 -0.000305552 -0.00212042 -0.000482 -0.000225945 -0.00219186 -0.000277587 -0.000179787 -0.00215973 
-0.000318465 -9.57751e-05 -0.00210865 -0.000127827 -0.00019741 -0.00222089 -0.000192351 -0.00012664 -0.00217988 
-9.55688e-05 -0.000102037 -0.0021884 -0.000140195 -0.000192298 -0.00212168 5.56089e-05 -0.000227637 -0.00215206 
1.59833e-05 -0.000164441 -0.00222031 -2.74204e-05 -0.000147953 -0.00212985 0.00021297 -0.000115224 -0.00221284 
0.000106595 -0.000118519 -0.00222811 0.000147852 -0.000188092 -0.00216831 0.000129121 -0.000105197 -0.00211541 
0.000309312 -0.000116583 -0.00215725 -0.000667026 -6.83358e-05 -0.00216203 -0.000322094 -7.01393e-05 -0.00222264 
-0.000329431 1.29897e-05 -0.00209073 -0.000238867 -4.50111e-05 -0.00214301 -0.000228746 5.5701e-05 -0.00214964 
-0.000128735 5.48427e-05 -0.00216582 -0.000144567 -2.74296e-05 -0.00211103 -5.41182e-05 -1.15744e-05 -0.00217064 
5.0043e-05 -4.89842e-05 -0.00216777 1.45384e-05 5.60265e-05 -0.00214094 -6.9001e-05 4.17027e-05 -0.00208616 
-1.91898e-05 -5.72549e-05 -0.00208858 0.000128736 3.15567e-05 -0.00218316 0.000225769 5.53245e-05 -0.0021768 
0.000157401 -1.10121e-05 -0.00209728 0.000239992 -4.57156e-05 -0.00214454 0.000331778 2.32327e-05 -0.00209593 
0.000332579 -2.65081e-05 -0.00222911 0.000422084 4.85863e-05 -0.00222527 0.0005299 3.69706e-05 -0.00210954 
-0.000669463 0.000144395 -0.00216538 -0.000318974 8.72564e-05 -0.00218096 -0.000251474 0.000216047 -0.00221745 
-0.000211674 0.000117967 -0.00222713 -0.0001169 0.000211496 -0.0021826 -0.00018746 0.000156401 -0.00213709 
-9.02647e-05 0.000227987 -0.00208435 -2.50337e-05 0.000227359 -0.00222109 2.37635e-06 0.000125579 -0.00223 
-5.46782e-05 0.000130992 -0.00214341 3.48375e-05 0.000138989 -0.00208763 9.44765e-05 0.000210631 -0.00223223 
0.000183456 0.000151774 -0.0021598 0.000104946 0.000208195 -0.0021292 8.97938e-05 0.000123944 -0.00218152 
0.00011602 8.0699e-05 -0.00209493 0.000315608 0.000101745 -0.00217092 0.000260894 0.000211737 -0.00218203 
0.000294056 0.000153612 -0.00208831 0.000445521 0.000178355 -0.0021703 0.000547995 0.000150303 -0.00220725 
-0.000522645 0.000318177 -0.00219261 -0.000381044 0.000374324 -0.00217627 -0.000383914 0.000249074 -0.00215345 
-0.000219811 0.000248758 -0.00210154 -0.000112192 0.000313011 -0.00216488 -2.25666e-06 0.000328071 -0.00213972 
5.75389e-06 0.000231501 -0.00211214 0.000129925 0.000305685 -0.00211354 0.000181955 0.00027576 -0.00220913 
0.000224829 0.000381663 -0.00218658 0.000329006 0.000292462 -0.00211971 0.000494392 0.000373456 -0.00216892 
0.000622071 0.000368722 -0.00223022 0.000897389 0.000337549 -0.00209164 0.000161404 0.000497413 -0.00210148 
0.000228739 0.000565484 -0.00213082 0.000515837 0.000658474 -0.00215403 0.000530339 0.000791559 -0.00215076 
-0.000204164 -0.000885274 -0.00195315 -0.000549209 -0.000741342 -0.00196414 -9.7052e-06 -0.000746143 -0.00200203 
0.00012014 -0.000753634 -0.00206669 0.000223559 -0.000672985 -0.00204531 0.000273191 -0.000575415 -0.00198421 
0.000393666 -0.000553692 -0.00202254 -0.000300391 -0.000534507 -0.00198269 -0.000140626 -0.000431489 -0.00203491 
-2.62107e-05 -0.000450267 -0.00204787 -9.92457e-05 -0.000316346 -0.00203277 -0.000225286 -0.000236307 -0.00197713 
4.47587e-05 -0.000324877 -0.00204132 -1.6181e-05 -0.000239831 -0.00207374 4.33358e-05 -0.000325064 -0.00194183 
1.7203e-05 -0.000234968 -0.00197921 0.000172156 -0.000285577 -0.00204327 0.000453074 -0.000358859 -0.00205702 
0.000557452 -0.000372051 -0.0020254 0.000593337 -0.000269812 -0.0019695 -0.000395159 -0.000223691 -0.00200217 
-0.000442944 -0.000133125 -0.00205839 -0.000305512 -0.000130123 -0.0020157 -0.000207847 -0.000123552 -0.00207226 
-0.000106849 -0.000110729 -0.00206969 -0.0001226 -0.000211211 -0.00201359 -0.000184032 -0.000142051 -0.00197563 
4.78913e-05 -0.000133828 -0.00206434 -3.68299e-05 -0.000159754 -0.00201753 2.85522e-05 -9.19701e-05 -0.00197501 
9.03751e-05 -0.000226397 -0.00205282 0.000177302 -0.000152929 -0.00201153 0.000105109 -0.000193348 -0.00195488 
0.000295991 -0.000150103 -0.002064 0.000243769 -0.000228645 -0.00199269 0.000310465 -0.000107447 -0.0019678 
0.000401321 -0.000153483 -0.00207988 -0.000434638 4.42749e-05 -0.00196277 -0.000332101 -5.98891e-07 -0.00199111 
-0.000236555 2.24263e-05 -0.0020545 -0.000236597 -5.98476e-05 -0.00199765 -0.00023484 3.64848e-05 -0.00195532 
-0.000151564 -8.37893e-06 -0.00201179 5.9474e-05 1.92131e-06 -0.00206931 -1.52592e-06 5.94132e-05 -0.00201453 
-6.31722e-05 -5.56297e-05 -0.00199831 -6.01953e-05 2.64047e-05 -0.00193923 5.80526e-05 2.45352e-06 -0.00195431 
0.000217496 -5.96417e-05 -0.00202336 0.000116623 -7.03629e-05 -0.00202189 0.000153172 2.07264e-05 -0.00200184 
0.00023909 3.14616e-05 -0.00205836 0.000331276 -2.81124e-05 -0.00200157 0.000319837 7.60425e-05 -0.00197617 
0.000231004 1.61777e-06 -0.00194089 -0.00077368 8.81342e-05 -0.00200925 -0.000591235 0.00010009 -0.00199209 
-0.000517381 0.000213293 -0.00205894 -0.000290836 0.000153808 -0.00206965 -0.000265655 0.000198501 -0.00195985 
-0.000316689 9.44093e-05 -0.00199655 -0.000169371 0.0001763 -0.0020402 -0.000159647 8.29967e-05 -0.00207497 
-0.000125446 8.96412e-05 -0.00198121 -0.000108437 0.000196532 -0.00196208 6.98706e-05 0.000221753 -0.00203451 
-5.64301e-05 0.000142653 -0.00204411 8.48285e-06 0.000147543 -0.00196811 0.000200884 0.000124412 -0.00206522 
0.000154176 0.00018062 -0.00199692 0.000206122 9.69847e-05 -0.00196267 9.12791e-05 0.000100134 -0.00199827 
8.77624e-05 0.000224329 -0.00193542 0.000284967 0.000163057 -0.0019738 0.000808437 7.83306e-05 -0.00204998 
0.000871289 0.000213137 -0.0020427 -0.000267677 0.000359961 -0.00207495 -0.000332127 0.000296466 -0.00200472 
-8.90682e-05 0.000319286 -0.0019419 -0.000160205 0.000286263 -0.00203541 6.44857e-05 0.000322147 -0.00193579 
-3.52354e-05 0.000333151 -0.00202553 6.7529e-05 0.000321942 -0.00203946 -2.41469e-05 0.000237498 -0.00199828 
0.000144704 0.000303034 -0.00198316 0.000221793 0.000247162 -0.00203137 0.000778659 0.000330219 -0.00198437 
-0.000614861 0.000523132 -0.00195017 -0.000214336 0.000495427 -0.00198604 -0.000135137 0.000397296 -0.00202032 
-0.000722478 0.000718457 -0.00204976 -3.60673e-05 0.000778393 -0.00207613 7.3184e-05 0.000982366 -0.00201004 
0.000826138 -0.000806456 -0.00179238 0.000671971 -0.000646864 -0.00190976 0.00098533 -0.000610737 -0.00178209 
-0.00042011 -0.000525309 -0.00186468 -0.000314449 -0.0004696 -0.00182491 -0.00017818 -0.000432634 -0.00178603 
-4.3099e-05 -0.000458569 -0.00184173 0.000369273 -0.00040492 -0.00179091 0.000516074 -0.000510932 -0.00190792 
-0.000336388 -0.000315438 -0.00189548 -0.000337978 -0.000323114 -0.00179302 -0.00015885 -0.000289271 -0.00187904 
-0.000127541 -0.000307235 -0.00178118 -7.13095e-05 -0.000325054 -0.00192588 -1.41764e-05 -0.000328487 -0.00181245 
0.000103376 -0.00031131 -0.00186319 0.000175197 -0.000282452 -0.00192557 0.000300925 -0.000329445 -0.00182065 
-0.000278361 -0.000178461 -0.00183097 -0.000279588 -0.000175388 -0.00192868 -8.53424e-05 -0.000225353 -0.00192106 
-9.53663e-05 -0.000124123 -0.00193103 -0.000185067 -0.000142566 -0.00187566 -0.000114939 -9.93995e-05 -0.00181219 
-0.000219942 -8.49194e-05 -0.00180099 -0.000130597 -0.00019866 -0.00181287 -2.72855e-05 -0.000227085 -0.00183554 
-3.1255e-06 -0.00016333 -0.00191232 -1.76893e-05 -0.000126917 -0.00182001 7.01869e-05 -0.000228304 -0.00181315 
7.67023e-05 -0.000137626 -0.00185542 0.000222219 -9.44533e-05 -0.00190911 0.000169871 -0.000173734 -0.00187466 
0.000196944 -9.49337e-05 -0.00180643 0.000321703 -8.17352e-05 -0.00187194 0.000282895 -0.000168069 -0.00181865 
-0.00042307 -4.86657e-05 -0.00186108 -0.000470141 5.70165e-05 -0.001814 -0.00032207 -7.47905e-05 -0.00182517 
-0.000331949 8.96745e-07 -0.00189278 -0.000243026 2.75438e-05 -0.00184533 -0.000235746 -5.91525e-05 -0.00189759 
-0.000138718 -3.28465e-05 -0.0019151 -0.000145791 6.42127e-05 -0.00188398 -0.000154611 -6.441e-06 -0.00180937 
8.72097e-06 4.91648e-05 -0.00186887 2.90279e-05 -5.07467e-05 -0.00187352 -6.18031e-05 -1.78739e-05 -0.00184548 
0.000122485 -7.07869e-05 -0.00191991 0.000139253 4.06201e-05 -0.00190461 0.000134316 -5.13246e-06 -0.00181511 
0.000326139 2.08398e-05 -0.00190271 0.00033403 2.1872e-05 -0.00180923 0.000241248 -1.06557e-05 -0.00183904 
0.000468407 -3.44331e-05 -0.00190685 -0.000543317 0.000138961 -0.00188058 -0.000424616 0.000174577 -0.00180805 
-0.000309919 0.000109537 -0.00189893 -0.000188342 0.000145578 -0.00192489 -0.00013299 0.000206223 -0.00186084 
-0.000211661 0.000122616 -0.00182976 -0.000104232 0.000121479 -0.00181287 -6.69456e-05 0.000121728 -0.00190671 
7.64225e-05 0.000120144 -0.00189906 -6.80998e-06 0.000145596 -0.00183044 0.000165717 0.000165229 -0.00189779 
0.000216973 8.71853e-05 -0.00186192 9.20699e-05 0.000212273 -0.00183554 0.000176164 0.000155127 -0.00179866 
7.81981e-05 0.000101153 -0.00180011 0.000250727 0.000219156 -0.00189152 0.000308552 0.000118254 -0.00188881 
0.00041995 9.85382e-05 -0.00191179 -0.000650875 0.0002958 -0.0018957 -0.00047126 0.000262677 -0.00178619 
-0.000333835 0.000295534 -0.0018397 -9.07901e-05 0.000317478 -0.00184397 -0.000200064 0.000269116 -0.00190648 
4.69859e-05 0.000327049 -0.00181191 -2.43113e-05 0.000240356 -0.00189829 -6.50278e-06 0.000242833 -0.00179948 
0.000168246 0.000282096 -0.00182211 0.00042091 0.000361414 -0.00185791 0.000533692 0.000283444 -0.00184648 
-0.000561454 0.000439041 -0.00182018 -0.000171079 0.000478566 -0.0018927 -6.43958e-05 0.000471325 -0.0019122 
0.000358775 0.000414533 -0.00179026 0.000657493 0.000394767 -0.00179301 0.000811168 0.000408264 -0.00184266 
-0.000642224 0.000540972 -0.00180494 -0.000855781 0.000835132 -0.00183174 -0.000130105 0.000692881 -0.00187314 
0.000174018 0.000695643 -0.00183205 0.000174643 0.000813828 -0.00185166 -0.000353774 0.000916251 -0.00185449 
0.000982076 0.000883597 -0.00180191 -0.00058344 -0.0008601 -0.00175659 -0.0006086 -0.00056069 -0.00167136 
8.30011e-05 -0.000419465 -0.00173175 0.000845469 -0.000418291 -0.00169013 0.000745619 -0.000401055 -0.00170292 
-0.000344556 -0.000322568 -0.00168986 -0.000211978 -0.00025522 -0.00171949 -4.50809e-05 -0.000328319 -0.00172497 
-1.90694e-05 -0.000330699 -0.00163505 0.000121446 -0.000307391 -0.00169856 0.000225851 -0.000241828 -0.00176358 
-0.000619379 -0.000112963 -0.00169926 -0.000414079 -0.000150509 -0.00172761 -0.000277488 -0.000179943 -0.00171556 
-0.000177812 -0.000161469 -0.00172699 -0.000229131 -8.32549e-05 -0.00168688 -9.13868e-05 -0.000213013 -0.00163514 
-2.60505e-05 -0.000230122 -0.00171134 -7.58065e-05 -0.000142612 -0.00172496 4.0681e-05 -0.000162334 -0.00174324 
8.70284e-07 -0.000145812 -0.001653 0.000148248 -0.000177011 -0.00177523 9.75331e-05 -7.8213e-05 -0.00175564 
0.000112579 -0.000208047 -0.0016863 0.000206642 -0.000120362 -0.00170786 0.000105104 -0.000111867 -0.00166005 
0.000320568 -8.54435e-05 -0.00175476 0.000265841 -0.000196946 -0.00168007 -0.000444493 4.05069e-06 -0.00167124 
-0.000331787 -1.08437e-05 -0.0017492 -0.000332444 3.08647e-05 -0.00164503 -0.000237052 5.82176e-05 -0.00172784 
-0.000235794 5.13433e-06 -0.00164023 -0.000136494 6.1655e-05 -0.00173748 -0.000132062 -6.00667e-05 -0.0017084 
-0.000137507 2.33259e-05 -0.00164468 4.71599e-05 1.07405e-05 -0.00176678 -4.05217e-05 5.92853e-05 -0.00176621 
-2.00392e-06 -7.18397e-05 -0.00173746 1.7374e-05 6.40303e-05 -0.00168422 -4.78834e-05 -1.23454e-05 -0.00167147 
5.06629e-05 -2.80308e-05 -0.00166367 0.000229724 6.79579e-05 -0.00176445 0.000129852 5.21302e-05 -0.00172829 
0.00015969 -2.97991e-05 -0.00167726 0.000228175 4.95694e-05 -0.00166289 0.000241063 -2.78832e-05 -0.00173534 
0.000331604 -2.72521e-05 -0.0016525 0.000323839 7.47066e-05 -0.00168806 0.000735888 5.2769e-05 -0.00173126 
0.000922289 2.51395e-05 -0.00174003 -0.000389116 0.000206255 -0.00170749 -0.000416676 0.000107531 -0.00165352 
-0.000263132 0.000200452 -0.00177406 -0.000311871 0.00012586 -0.00172496 -0.000253657 0.000212122 -0.00167666 
-9.83973e-05 0.000219915 -0.00176747 -0.000176664 0.000166692 -0.00173544 -7.75257e-05 0.000140396 -0.0017099 
-0.000188587 0.000108862 -0.00165389 -0.00013204 0.000191258 -0.00164057 5.72623e-05 0.000186547 -0.001745 
1.46667e-07 0.000155544 -0.00164722 0.000189267 0.000133954 -0.00170096 8.04296e-05 0.000229899 -0.00165304 
9.38735e-05 0.000129691 -0.00167107 0.000298573 0.000139939 -0.00177495 0.000270872 0.00019169 -0.00169283 
0.000409991 0.000175276 -0.00168777 0.000539985 0.000138671 -0.00175918 0.000695234 9.5566e-05 -0.00164905 
0.00085476 0.000169287 -0.00170398 -0.00032345 0.00029353 -0.0016891 -8.68117e-05 0.000319813 -0.00174512 
-0.000176188 0.000281825 -0.0017413 -0.00013358 0.000308244 -0.00165773 2.48024e-06 0.000332294 -0.00171284 
-2.72331e-05 0.000238265 -0.00169625 0.000146002 0.000302509 -0.00171847 0.000231769 0.000236016 -0.00177117 
-0.000577542 0.000489925 -0.00169669 -0.000409982 0.000474802 -0.00166289 -3.73258e-05 0.000489073 -0.00171121 
-0.000332284 0.000544616 -0.00173219 -0.000206981 0.000624713 -0.00164534 0.000444753 0.000766492 -0.00172864 
0.000764346 -0.000871541 -0.00157407 0.000508301 -0.000551463 -0.00149108 -0.000634843 -0.000530724 -0.00157283 
-0.00044953 -0.000510701 -0.00153355 0.000384172 -0.000402794 -0.00150525 0.000536741 -0.000410165 -0.00161941 
0.000623619 -0.000478954 -0.00154572 -0.000436261 -0.000237392 -0.00159703 -0.000159496 -0.000289934 -0.0016252 
-0.000101824 -0.000315441 -0.00155701 2.77449e-05 -0.000242529 -0.00162736 -3.68389e-05 -0.000239696 -0.00155066 
0.000171127 -0.000282551 -0.00161885 0.000102601 -0.000311837 -0.00154616 0.000613744 -0.000242455 -0.00157987 
-0.000400535 -0.000130992 -0.00159806 -0.000258685 -0.000215482 -0.00156705 -0.000303224 -0.000142609 -0.00162704 
-0.000321845 -9.96188e-05 -0.00149817 -0.000180569 -0.000165706 -0.00162518 -9.52183e-05 -0.000113242 -0.00161848 
-0.000130605 -0.00020659 -0.00153958 -0.000200872 -0.000137809 -0.00152019 -0.00010086 -0.00011367 -0.00151712 
3.37424e-06 -0.000148704 -0.00153954 0.0001105 -0.000213575 -0.00157922 0.000196697 -0.000132166 -0.00160842 
0.000104695 -0.000115085 -0.00155921 0.000197464 -0.00014376 -0.00150117 0.00030813 -0.000123816 -0.00162913 
0.000270516 -0.000194735 -0.00155711 -0.000664447 -7.69146e-05 -0.00149788 -0.000664491 -3.63003e-05 -0.00160255 
-0.000436655 -1.3485e-06 -0.00155831 -0.000332023 1.5215e-06 -0.00150651 -0.000240568 -4.07156e-05 -0.00151266 
-0.000221791 5.32033e-05 -0.00155365 -0.000188975 -6.99625e-05 -0.00159336 -0.000102597 -2.39736e-05 -0.00156372 
-1.06514e-05 -6.53829e-05 -0.00159312 1.84926e-05 2.94832e-05 -0.00157823 -6.71686e-05 6.03642e-05 -0.00152128 
4.95534e-05 -4.4474e-05 -0.00151476 0.000112361 4.18648e-05 -0.00162612 0.000152852 -2.76544e-05 -0.00156652 
0.000130031 6.28146e-05 -0.00152973 0.00024011 -4.11655e-05 -0.00161483 0.000330197 -3.21066e-05 -0.00153489 
0.000240308 4.35499e-05 -0.00156172 0.00023362 -4.33387e-05 -0.00150546 -0.000431473 0.000152414 -0.00153869 
-0.000299724 0.000143768 -0.00162367 -0.000252491 0.000213885 -0.00150738 -0.000318352 9.03351e-05 -0.001549 
-0.000187082 0.000146892 -0.00154641 -0.000112764 0.000209953 -0.00152408 -5.82823e-05 7.89359e-05 -0.00161939 
6.17623e-05 0.000120189 -0.00157617 -3.07275e-05 0.000150871 -0.00155217 3.60779e-05 0.000225253 -0.00155083 
0.000178236 0.00011359 -0.00160327 0.000130609 0.000189885 -0.00155567 0.000192631 0.00013503 -0.00149948 
0.000308329 0.000121916 -0.00160256 0.000280865 0.000176244 -0.00152369 0.000458648 9.66812e-05 -0.00154627 
-0.00058787 0.00035017 -0.00158691 -0.000504767 0.000266982 -0.00160209 -0.000344938 0.000310614 -0.00159285 
-0.000282838 0.000376834 -0.00151399 -0.000208093 0.000260168 -0.00157714 -0.000171731 0.000284327 -0.00148764 
-8.88423e-05 0.000319652 -0.00153586 -5.14836e-05 0.000237187 -0.00159828 -4.24986e-05 0.000333707 -0.00162293 
-8.06628e-06 0.000327886 -0.00149786 0.000177397 0.000277713 -0.00156551 7.7117e-05 0.000321276 -0.00157041 
0.000233799 0.000233553 -0.00161672 0.000488755 0.00028614 -0.00159915 0.000266445 0.000506823 -0.00158783 
0.00035983 0.000446879 -0.00155809 -0.000460318 0.00062692 -0.00162583 -0.000683118 0.000739189 -0.00155625 
0.000572984 0.000752065 -0.00150688 0.000641211 -0.000837369 -0.00145925 0.000105451 -0.000678622 -0.00137818 
0.000495667 -0.000404798 -0.00138335 -0.000661597 -0.000286597 -0.00145632 -0.000565132 -0.000245347 -0.00135905 
-0.000205323 -0.000261437 -0.00138779 -0.000104005 -0.000314847 -0.00136134 -0.00014177 -0.000300576 -0.00145864 
-4.79119e-05 -0.000328441 -0.00147644 2.75869e-05 -0.000330596 -0.00135563 4.65274e-05 -0.000324684 -0.00145356 
0.000136028 -0.000298716 -0.00134089 0.000222979 -0.00024631 -0.00147422 0.000219808 -0.000248529 -0.00136755 
-0.000753959 -8.54238e-05 -0.00145155 -0.000434132 -0.000154627 -0.00146057 -0.000280423 -0.000174039 -0.00139681 
-0.000219309 -9.56503e-05 -0.00143081 -0.000160568 -0.00017098 -0.00138171 -0.000119697 -8.76778e-05 -0.00142071 
-0.000219557 -0.000107628 -0.00133145 -7.41886e-05 -0.000226666 -0.00145704 2.67468e-05 -0.000225931 -0.00147417 
-3.41904e-05 -0.000133677 -0.00144498 6.42475e-05 -0.000130421 -0.00146206 3.12497e-05 -0.000228971 -0.00137366 
-1.74502e-05 -0.000141704 -0.00134652 0.00012541 -0.00020869 -0.0014762 0.000222141 -9.25805e-05 -0.00141839 
0.000128354 -0.000198781 -0.00137675 7.69252e-05 -0.000113664 -0.00136411 0.000196647 -0.000143311 -0.00132838 
0.000319888 -8.75488e-05 -0.00144208 0.000282053 -0.000172923 -0.00138765 0.000368251 -0.000229006 -0.00134568 
0.000480318 -0.000150842 -0.00144369 0.000615439 -0.00012625 -0.00144807 -0.000323557 -7.31141e-05 -0.00138948 
-0.000329259 4.6216e-05 -0.00134303 -0.000244162 -1.35125e-05 -0.00137664 -0.000151554 -1.06273e-05 -0.00147718 
-0.000144694 -1.83518e-06 -0.00137542 -0.000120888 7.60756e-05 -0.00143556 -5.03786e-05 -3.60713e-05 -0.00147842 
1.78277e-05 4.04468e-05 -0.00147229 1.91796e-05 -4.24429e-05 -0.0014058 -3.37583e-05 5.85602e-05 -0.00138804 
4.80115e-05 2.64951e-05 -0.00133928 0.000139926 -6.56994e-05 -0.00147447 0.000144802 2.71592e-05 -0.00143557 
0.000149829 -4.51866e-05 -0.00136516 0.00023815 5.82084e-05 -0.001454 0.000331311 1.764e-05 -0.0014484 
0.000244398 -2.2829e-06 -0.00137435 -0.000433052 0.000116849 -0.00141173 -0.000469771 0.000189477 -0.00133859 
-0.000250362 0.00021703 -0.00140064 -0.000313189 0.000101885 -0.00141786 -0.00021931 8.7999e-05 -0.00145996 
-0.000167203 0.000163379 -0.00141894 -8.49149e-05 0.000219631 -0.00142805 -0.000216106 9.53003e-05 -0.00136026 
-8.70739e-05 0.00014601 -0.00136031 6.05506e-05 0.000130945 -0.00146765 -4.06153e-05 0.000133498 -0.00145418 
1.64656e-05 0.00021979 -0.00144992 1.43724e-05 0.000146528 -0.00136851 8.20324e-05 0.00022531 -0.00136863 
0.000124906 0.000207235 -0.00145726 0.000187187 0.000152684 -0.00140044 0.000103023 0.000101984 -0.00138125 
0.000227659 8.92973e-05 -0.00133407 0.000306394 0.000127768 -0.00138269 0.000429328 0.000212722 -0.00143653 
0.000577357 8.11147e-05 -0.00137534 0.000788582 0.000192734 -0.00134351 -8.69572e-05 0.00031937 -0.00143541 
-0.000168777 0.000286092 -0.00138809 -3.73063e-07 0.000328118 -0.00139617 -2.00511e-05 0.000239418 -0.00135433 
0.000226391 0.000242774 -0.00135718 8.48039e-05 0.000320977 -0.00132986 0.000131173 0.000305936 -0.00143715 
0.000222803 0.000252363 -0.00147394 -0.000258957 0.000491622 -0.00144708 0.000283016 0.000506517 -0.00147549 
-0.000462235 0.000557669 -0.00140777 0.000413956 0.000621019 -0.0013735 0.000865141 0.000581509 -0.00145864 
0.000468084 0.000948097 -0.00136961 0.000770151 -0.000986919 -0.00127962 0.000235067 -0.000726389 -0.0012548 
0.000710716 -0.000695351 -0.00126468 0.000894534 -0.00077926 -0.00122166 -0.000514004 -0.000551914 -0.0013205 
4.58124e-05 -0.00054197 -0.00120712 0.00097553 -0.000543653 -0.00132088 -0.000338158 -0.000418372 -0.00127154 
0.000217086 -0.000384652 -0.00130009 0.0001732 -0.000499752 -0.00131981 -0.000430555 -0.00033354 -0.00117971 
-0.000151062 -0.00029535 -0.00127537 -3.38531e-05 -0.000329842 -0.00126596 2.31048e-05 -0.000240779 -0.001274 
-2.85107e-05 -0.000241537 -0.0011839 0.000225099 -0.000244237 -0.00121834 0.000119679 -0.000304624 -0.00121206 
0.000828943 -0.000239749 -0.00124477 -0.000754821 -8.96658e-05 -0.00121075 -0.000279903 -0.00017568 -0.00126421 
-0.000110101 -0.000103369 -0.00132154 -0.000127693 -0.00019645 -0.00128952 -0.000191384 -0.000135843 -0.00123706 
-0.000103837 -9.60752e-05 -0.00120833 -0.000123407 -0.000209069 -0.00119018 -4.01608e-05 -0.000161016 -0.00125108 
5.75647e-05 -0.000141336 -0.00126914 7.14351e-05 -0.000218912 -0.00118888 0.000136829 -0.00020242 -0.00127167 
0.000162579 -0.000111558 -0.00123805 0.00031536 -0.000102584 -0.00127551 0.000288179 -0.000168688 -0.00120642 
0.00067236 -0.000188674 -0.00132185 0.000582873 -0.000124491 -0.00125504 -0.000540818 -6.98483e-05 -0.00127776 
-0.000321699 6.49876e-05 -0.00124863 -0.000323965 -5.7826e-05 -0.00129186 -0.000236633 -4.65457e-05 -0.00124448 
-0.000224441 5.01688e-05 -0.00127129 -0.000144673 -2.1503e-05 -0.00127522 -0.000132702 7.28514e-05 -0.00130903 
-5.74638e-05 -1.46517e-05 -0.00132416 -6.89287e-06 -6.52728e-05 -0.0012537 3.54058e-05 2.5931e-05 -0.00123823 
-6.59032e-05 1.21119e-05 -0.00122231 0.000143364 4.04396e-05 -0.00131108 9.28235e-05 -4.85336e-05 -0.00128308 
0.000226398 -5.51381e-05 -0.00129067 0.000149848 3.51809e-05 -0.00120613 0.000329787 2.72096e-05 -0.00130063 
0.000332771 -2.61674e-05 -0.00118328 0.000241606 3.72628e-05 -0.00124984 0.000235875 -6.1445e-05 -0.00118756 
0.000423731 -4.89469e-05 -0.0013094 -0.000544149 0.000117185 -0.00120024 -0.000286241 0.00016082 -0.00131917 
-0.00029115 0.000153673 -0.00120168 -0.000176402 0.000167929 -0.00130291 -0.000193411 0.000132625 -0.00120679 
-9.32763e-05 0.000114576 -0.00122546 -0.000128052 0.000207995 -0.00119788 -1.95382e-05 9.01945e-05 -0.00129314 
7.27117e-05 0.000135597 -0.00128747 -3.47778e-06 0.000158332 -0.00121254 0.000158094 0.000183519 -0.00130924 
0.000202304 0.000129293 -0.00123643 0.000124815 0.000191615 -0.00121261 7.77849e-05 0.000103594 -0.00119084 
0.000295024 0.000151908 -0.00126624 0.000485124 0.000228004 -0.00128398 -0.00070893 0.0002572 -0.00123467 
-0.000450143 0.000235912 -0.00125065 -0.000235614 0.000234354 -0.00118193 -0.000102854 0.00031575 -0.00124096 
-0.000204626 0.000264047 -0.00127728 -5.32077e-05 0.00023098 -0.00126011 -2.03658e-05 0.00033067 -0.00125908 
5.16864e-05 0.000232123 -0.0012722 0.00012271 0.000305694 -0.00121731 0.000191666 0.000270756 -0.00125116 
0.000378168 0.000330088 -0.00124872 0.000594627 0.000267895 -0.00122376 -1.71741e-05 0.000499152 -0.00128567 
0.000570395 0.000454846 -0.00129105 -0.000769921 -0.000663032 -0.00116747 -1.00307e-05 -0.000687413 -0.00111743 
-0.000415557 -0.000462469 -0.00112438 -0.000267892 -0.000521785 -0.00109433 -0.000537132 -0.000256816 -0.00110209 
-0.000368791 -0.00023476 -0.00106834 -0.000102634 -0.000315034 -0.0010506 -0.000221422 -0.000241952 -0.00115762 
-0.000130752 -0.000308609 -0.00117545 -4.95163e-06 -0.000333229 -0.00102989 -5.1641e-06 -0.000337297 -0.00115134 
3.27203e-05 -0.00024131 -0.00109894 0.000113557 -0.000309819 -0.00105963 0.000171658 -0.000285685 -0.00112502 
-0.000267763 -0.000190507 -0.00107928 -0.000306548 -0.000124657 -0.00115967 -0.000212801 -9.07116e-05 -0.00114661 
-0.000169834 -0.000173628 -0.00110468 -0.000112202 -9.18656e-05 -0.00110847 -0.000218138 -0.000106418 -0.00104723 
-1.44091e-05 -0.000112578 -0.0011655 -6.62031e-05 -0.00020051 -0.00109657 2.49636e-05 -0.000141027 -0.00107807 
8.50705e-05 -0.000120778 -0.00117344 0.000195589 -0.00014575 -0.00114976 0.000129312 -0.000199458 -0.00109617 
0.000117392 -0.000103141 -0.00106715 0.000214434 -0.000118588 -0.00104027 0.000256897 -0.000209044 -0.00105862 
0.000313596 -0.000104236 -0.0010807 -0.000834437 -3.81405e-05 -0.0010576 -0.000470932 -2.57253e-05 -0.00110443 
-0.000328085 2.40379e-05 -0.00110643 -0.000324642 -7.0947e-05 -0.0010738 -0.000239835 2.57267e-05 -0.00117521 
-0.000145466 -1.53929e-05 -0.00116497 -0.00011406 7.60098e-05 -0.00113554 -0.000208366 1.15119e-06 -0.00108182 
-0.000116864 2.85597e-05 -0.00104749 4.09119e-05 -2.94755e-05 -0.00115292 -1.66825e-05 7.35443e-05 -0.00116058 
-5.31431e-05 -1.04003e-05 -0.00112052 3.78015e-06 5.43139e-05 -0.00106452 0.000154044 -3.64903e-05 -0.00113563 
0.000123455 6.53498e-05 -0.00111005 8.15116e-05 -1.00126e-05 -0.00105922 0.000235598 3.64479e-05 -0.00103519 
0.000333276 -2.60843e-05 -0.00107883 0.000331785 6.17606e-05 -0.00116766 0.00023481 3.29902e-05 -0.00114893 
0.000745343 -6.11228e-05 -0.0010301 -0.000297973 0.000146054 -0.00108549 -0.000250448 0.000212264 -0.00103527 
-0.000211648 9.93285e-05 -0.00111348 -0.000159428 0.000184691 -0.00110335 -5.70685e-05 0.000223631 -0.00112881 
-6.29934e-05 0.000138307 -0.00107329 3.88968e-05 0.000139438 -0.00110515 4.65217e-05 0.000227625 -0.0011578 
0.000201388 0.000126216 -0.00113438 0.000127983 0.000196291 -0.00110837 0.000102242 0.000118698 -0.00102767 
0.00028547 0.000169904 -0.00116887 0.000236516 0.000229394 -0.0010662 0.000312931 9.98451e-05 -0.00106911 
0.000684924 0.000141505 -0.00106725 -0.000818831 0.000323623 -0.00114136 -0.000336811 0.000295548 -0.00109581 
-0.000152793 0.000290633 -0.00103166 -0.000112413 0.000308652 -0.00114296 -4.34485e-05 0.000329421 -0.00107382 
5.02783e-05 0.000328149 -0.00115596 1.57548e-05 0.000242845 -0.00105951 0.000135691 0.00030448 -0.0010545 
0.000189178 0.000271065 -0.00114642 0.00036456 0.000358973 -0.00112943 0.000338724 0.000367615 -0.00103225 
0.000617589 0.000414073 -0.00111735 0.000295092 0.000546527 -0.00112844 0.000433402 0.000684797 -0.00106983 
-0.000468139 0.000729066 -0.00117593 0.000149327 0.000792627 -0.00115581 0.000894102 0.000757647 -0.0010511 
-9.24731e-05 -0.00071548 -0.00100392 0.0001869 -0.000780793 -0.000927075 0.000795265 -0.000703584 -0.000925264 
-0.000427586 -0.000519961 -0.000947711 -0.000209092 -0.00025769 -0.00102146 -0.000111793 -0.000310424 -0.000914488 
-0.000219928 -0.000248506 -0.000923057 -1.82064e-05 -0.000330281 -0.000912531 0.000171796 -0.000284038 -0.00098315 
0.000104289 -0.000311511 -0.000914855 -0.000563259 -0.000165733 -0.00100814 -0.000302863 -0.00013702 -0.000895645 
-0.000304656 -0.00013547 -0.000996711 -0.000147712 -0.000179203 -0.00100732 -0.000177991 -0.000109398 -0.000935717 
-0.000124962 -0.000209928 -0.000914625 -2.25716e-05 -0.000220822 -0.0009727 -5.843e-05 -0.000135432 -0.00101876 
3.56435e-05 -0.000148321 -0.000922825 4.91537e-05 -8.16304e-05 -0.000996768 -4.80308e-05 -8.90488e-05 -0.000921929 
8.45301e-05 -0.000200295 -0.00100615 0.000163333 -0.000167259 -0.000945921 0.000104764 -0.0002162 -0.000880861 
0.000213649 -9.8349e-05 -0.000887574 0.000313456 -0.000122076 -0.000980569 0.000251496 -0.000220495 -0.000956755 
-0.000319812 7.43243e-05 -0.000882637 -0.000327461 -4.75865e-05 -0.000880052 -0.00033174 -1.44061e-05 -0.000974617 
-0.000225873 -1.87185e-05 -0.000953316 -0.000132135 -6.66642e-05 -0.00101365 -0.000131158 1.62061e-05 -0.000948575 
-0.000220014 7.62915e-05 -0.00101623 -3.36047e-05 -1.27877e-05 -0.000997215 5.04716e-05 5.31564e-05 -0.000966086 
-3.9925e-05 4.98714e-05 -0.000918099 3.86108e-05 -3.4896e-05 -0.000908737 0.000135033 -7.00169e-05 -0.000944859 
0.000148447 1.90209e-05 -0.000989052 0.000127322 4.40495e-05 -0.000892753 0.000234084 -4.30801e-05 -0.000973795 
0.000329353 2.29321e-05 -0.000996564 0.000231504 4.94896e-05 -0.000932916 0.00098192 1.74253e-05 -0.000878104 
-0.000319599 7.74215e-05 -0.000997541 -0.000282412 0.000167766 -0.000962133 -0.00024712 0.000215853 -0.000883605 
-0.000163098 0.000174822 -0.00100388 -9.42104e-05 0.000103549 -0.000982648 -0.000211165 0.000110004 -0.000922186 
-0.000138078 0.000181669 -0.000906013 7.02082e-06 0.000141358 -0.00100173 -7.14815e-05 0.000222524 -0.00101362 
-3.90255e-05 0.000155918 -0.000911404 2.6415e-05 0.000229773 -0.000932337 0.000103241 0.000218976 -0.00100227 
0.000176067 0.000157341 -0.000959059 8.2428e-05 0.000145756 -0.000909964 0.000310999 0.000108526 -0.000955639 
0.000263905 0.000208913 -0.000969187 0.000435377 8.97993e-05 -0.000941836 -0.000835846 0.000300157 -0.000886432 
-0.000558281 0.000244208 -0.000960233 -0.000161965 0.000285326 -0.000934028 3.60099e-05 0.000327769 -0.000994175 
-6.6538e-05 0.000325095 -0.000955894 0.000150116 0.000300956 -0.000949963 0.000586589 0.000492455 -0.000898428 
6.86039e-05 0.000657891 -0.000890006 0.000572969 0.000634672 -0.00102215 -0.000900998 0.000906163 -0.000945186 
-0.000519152 -0.000515065 -0.00073608 -0.000121098 -0.000309118 -0.000763725 -0.000223297 -0.000242409 -0.000744441 
-0.000177027 -0.000276278 -0.000839064 3.60602e-05 -0.000326529 -0.000752971 -3.70026e-05 -0.000328225 -0.000815367 
2.20029e-05 -0.000236208 -0.00082722 0.000208894 -0.000261495 -0.000862174 0.000130456 -0.000311327 -0.000805721 
-0.00029981 -0.000142789 -0.00079623 -0.000255104 -0.000212951 -0.000838708 -0.000172173 -0.000156052 -0.000829905 
-0.000158756 -0.000155864 -0.000730281 -7.11487e-05 -0.000184627 -0.000831108 2.72529e-06 -0.00011319 -0.000800662 
5.73539e-05 -0.000225348 -0.000730266 0.000139304 -0.00019993 -0.000787241 0.0002051 -0.000106791 -0.000769798 
8.64801e-05 -8.2189e-05 -0.000755356 0.000236637 -0.000228394 -0.000779116 0.000284989 -0.00017645 -0.000860544 
0.000909195 -0.000215833 -0.000752936 -0.000332404 1.38547e-05 -0.000746249 -0.000233414 -7.29189e-05 -0.000835416 
-0.000209217 2.62962e-05 -0.000855361 -0.000124486 -4.85482e-05 -0.000871152 -0.000157243 -4.82744e-05 -0.000761618 
-8.83903e-05 2.21135e-05 -0.000800298 3.61055e-05 7.4052e-05 -0.000856098 1.69668e-05 8.86518e-08 -0.000777627 
0.000149937 -4.28142e-06 -0.000789573 0.000236824 -1.35343e-05 -0.000838203 0.00032708 -3.80482e-05 -0.000738316 
0.000329059 -7.01833e-05 -0.000839776 0.000328885 3.61929e-05 -0.000816043 0.000323568 7.55169e-05 -0.00072442 
-0.000247009 0.000222117 -0.00078049 -0.000302292 0.000140811 -0.000790353 -0.000125593 8.46911e-05 -0.000869645 
-0.000152829 0.000190518 -0.000806025 -0.000178676 0.000101267 -0.000758145 -6.38342e-05 0.000130551 -0.000803805 
-4.50841e-05 0.00022539 -0.000834038 2.83178e-05 0.000115786 -0.000755573 -2.04362e-06 0.000226438 -0.000727459 
8.17751e-05 0.000220298 -0.000835582 0.000189896 0.000126644 -0.000861496 0.000215834 9.84552e-05 -0.000765186 
0.000118234 9.33036e-05 -0.000798009 0.000148338 0.000183404 -0.000745802 0.00025095 0.000215741 -0.000800602 
0.000301845 0.000139614 -0.000856802 -0.000542469 0.000370123 -0.000818965 -0.000127008 0.000311646 -0.000843388 
-0.000154755 0.00028929 -0.00075255 -2.22009e-05 0.000329274 -0.000840645 -9.58006e-06 0.000329581 -0.000737542 
0.000188072 0.000272831 -0.000861446 0.000102268 0.000320588 -0.0008669 0.000153219 0.000294881 -0.000748321 
0.000497267 0.000257939 -0.000873564 0.000828899 0.000296688 -0.000869212 0.000742027 0.000409111 -0.000862303 
0.000906072 0.000677446 -0.000854857 1.16645e-05 0.000734793 -0.000733112 -0.000833767 -0.000962077 -0.000711401 
-0.000453962 -0.000939996 -0.000700672 -0.000121662 -0.00030893 -0.000654562 2.55708e-05 -0.000327667 -0.000575272 
-4.07594e-05 -0.000238897 -0.000696138 0.000110996 -0.000311105 -0.000650217 0.000193174 -0.000265491 -0.000697541 
-0.000521294 -0.000121917 -0.00064906 -0.000267716 -0.00019178 -0.000643641 -0.000306354 -0.000127199 -0.00067896 
4.4711e-05 -0.000162926 -0.000617041 0.000133305 -0.000155511 -0.000664285 0.000295196 -0.00016791 -0.000694854 
0.000245528 -0.000224311 -0.000580865 -0.000331016 2.3614e-05 -0.000621559 -0.000175322 -7.40087e-05 -0.000640953 
-0.000196271 3.1911e-05 -0.000686631 -2.56165e-05 -6.83418e-05 -0.000705847 -5.33397e-05 3.60363e-05 -0.000701341 
5.05001e-05 5.36614e-05 -0.000633904 0.000202497 -7.04573e-05 -0.000652918 0.000121261 4.6658e-05 -0.000704505 
0.000332153 2.15652e-05 -0.000614422 0.000327592 -7.5662e-05 -0.000589935 -0.000246479 0.000222641 -0.000680591 
-0.00031634 9.62803e-05 -0.000686713 -0.000256784 0.000210055 -0.000582017 -0.000308063 0.000114337 -0.000588685 
-0.000166765 0.000176949 -0.000639377 -7.27205e-05 0.000165909 -0.000682949 -7.25996e-05 0.000139888 -0.000584689 
8.703e-05 0.000206337 -0.000636529 0.000180147 0.000111531 -0.000580739 0.000287944 0.000152085 -0.000577245 
0.000282778 0.000165216 -0.000676172 -9.01777e-05 0.000317344 -0.000677924 -0.000146067 0.000297648 -0.000597512 
-2.17913e-06 0.000328075 -0.000634787 -2.08618e-05 0.000232059 -0.000586362 0.000223072 0.000246128 -0.000695981 
0.00011152 0.000308549 -0.000653122 0.000570991 0.000529131 -0.000697907 0.000125755 0.000939862 -0.000649345 
-0.000475919 -0.00061557 -0.000489153 0.000644587 -0.000445933 -0.000481324 -0.000103064 -0.000314863 -0.000441491 
-0.000153408 -0.000293227 -0.000561099 -0.00021196 -0.000256353 -0.000484531 3.85303e-05 -0.000327144 -0.000427556 
-3.76073e-05 -0.000328314 -0.000505985 0.000154606 -0.000293781 -0.000427886 0.000219991 -0.000249138 -0.000488803 
0.000114708 -0.000312471 -0.000546367 -0.000656752 -8.14376e-05 -0.000512872 -0.000518227 -0.000106937 -0.000526155 
-0.000304115 -0.00013155 -0.000544112 -0.00030525 -0.000127113 -0.000451368 -0.000144574 -0.000159292 -0.000476543 
-7.36701e-05 -0.000118562 -0.000560374 -2.10797e-05 -0.000221587 -0.00049106 0.000104299 -0.000186933 -0.000513571 
0.000292184 -0.000159903 -0.000479866 -0.000427501 -8.07766e-06 -0.000519501 -0.000329333 1.27e-05 -0.000426258 
-0.000330345 -5.29386e-05 -0.000565186 -0.000162922 -1.37356e-05 -0.000555444 -0.000200587 -2.56184e-05 -0.000449537 
-5.10139e-05 9.7956e-06 -0.000560927 -4.34779e-05 1.38973e-05 -0.000442117 0.000102221 -5.18617e-05 -0.000564929 
0.000149433 2.99822e-05 -0.000525454 0.000230538 -3.0321e-05 -0.000562161 0.000331644 -2.72012e-05 -0.00043373 
0.000328818 3.24411e-05 -0.000514818 -0.000249069 0.000225593 -0.00043762 -0.000316027 9.7131e-05 -0.000477331 
-0.000178048 9.60758e-05 -0.000564059 -0.000155748 7.80192e-05 -0.000458422 -0.0001479 0.000187279 -0.000492896 
-4.42764e-05 0.000220002 -0.000463046 5.69104e-05 0.00021387 -0.000484665 3.98258e-05 0.000103611 -0.000464069 
0.000159641 0.000167753 -0.000490839 0.000321659 8.26124e-05 -0.000436176 -0.000155036 0.000294756 -0.000481741 
4.87467e-05 0.000326786 -0.00048039 -6.33354e-05 0.000326014 -0.000478691 0.000230146 0.000238794 -0.000569339 
0.00018986 0.000272496 -0.000484297 0.000119654 0.000310012 -0.000538952 0.000110698 -0.00075888 -0.000306223 
0.00077279 -0.000791801 -0.000301223 0.000225372 -0.000625243 -0.00034071 -0.000561384 -0.000425927 -0.000401777 
-0.000231229 -0.000240232 -0.000371806 -0.000100638 -0.000314756 -0.000342915 -0.000187077 -0.000275206 -0.000279573 
0.000161731 -0.000290295 -0.000286458 8.04028e-05 -0.000321848 -0.000319474 -0.000298249 -0.000146941 -0.000360648 
-9.42671e-05 -0.000108965 -0.000322484 4.22886e-05 -0.00017439 -0.000389603 0.000146722 -0.000136565 -0.00040805 
0.000130402 -0.000153183 -0.000280981 0.000259749 -0.000209437 -0.000337207 0.000322607 -8.14688e-05 -0.000343453 
-0.000333022 6.87651e-06 -0.000325991 -0.000179466 1.50782e-05 -0.000313473 -4.36845e-05 -7.21169e-06 -0.000337904 
6.34779e-05 9.34401e-06 -0.000374404 0.000234318 -3.46458e-05 -0.000378186 0.000329799 3.44672e-05 -0.000358086 
-0.000822884 9.18403e-05 -0.000315439 -0.000555974 9.56634e-05 -0.000291102 -0.000297968 0.000142598 -0.000364784 
-0.000182221 0.000132826 -0.000368436 -8.50835e-05 0.000195723 -0.000367891 -0.000142946 0.00010446 -0.000280735 
-1.44141e-05 0.00012445 -0.000378343 4.9524e-05 0.000198815 -0.000321588 0.00030872 0.000118808 -0.000343331 
0.000262429 0.000199968 -0.000379517 -0.000235141 0.00023481 -0.000311392 -0.000151603 0.000291323 -0.000310795 
-8.24897e-06 0.000333619 -0.000305426 0.00018264 0.000273354 -0.000289147 9.97456e-05 0.000315631 -0.000362854 
0.000715542 0.000307082 -0.000301867 0.000423168 0.000599551 -0.000378697 -0.000537702 -0.000739234 -0.000169659 
0.000124317 -0.00047463 -0.00016779 -0.000841478 -0.000360229 -0.000187099 -0.000229177 -0.000240833 -0.00015568 
-0.000157872 -0.000295208 -0.000160945 -4.88909e-05 -0.000326743 -0.000147842 -1.86998e-05 -0.000334968 -0.000251052 
0.00013506 -0.000296818 -0.000191073 0.000219907 -0.000248428 -0.000122744 -0.000260369 -0.000202561 -0.00025524 
-0.000313611 -0.000116124 -0.000264618 -0.000298883 -0.000137337 -0.000172813 -0.000154396 -0.000127962 -0.000220007 
1.73742e-05 -0.000148836 -0.000192296 -3.77904e-05 -0.000220061 -0.000125694 0.000216331 -0.000108697 -0.00013733 
0.000255257 -0.000211699 -0.000250378 0.000306548 -0.000140704 -0.000205394 -0.000328254 -4.35421e-05 -0.000173564 
-0.000194912 -7.02634e-05 -0.000142524 1.23651e-05 -4.91668e-05 -0.000266931 8.6401e-05 -2.63909e-05 -0.000171534 
0.000195215 -2.16722e-05 -0.000203527 0.000337034 5.19016e-06 -0.000268745 0.000329256 -2.63338e-05 -0.000145756 
0.000729207 -6.13613e-05 -0.000166481 -0.000321929 8.21025e-05 -0.000263591 -0.000267582 0.000196706 -0.000225774 
-0.000295144 0.000148734 -0.000150593 -0.000181949 0.000143445 -0.00015698 -8.0057e-05 0.000209164 -0.000263681 
-4.58158e-06 7.84119e-05 -0.00026252 3.10687e-05 0.000171273 -0.00018965 0.000126272 0.000117268 -0.000136055 
0.000168903 0.000157059 -0.000231682 0.000272091 0.0001978 -0.000265101 0.000321129 8.68948e-05 -0.000135978 
0.000277732 0.00017806 -0.000164366 -9.28199e-05 0.000315776 -0.00023388 -0.000206845 0.000257385 -0.000184837 
-2.46387e-05 0.0003336 -0.000164308 4.47995e-05 0.00032584 -0.000217069 0.000218213 0.000251065 -0.000188582 
0.000131487 0.000304339 -0.000189798 -0.000533606 0.000386475 -0.000150691 -0.000113131 -0.000311706 -5.93575e-05 
-0.000192946 -0.000269287 -4.60365e-05 3.58057e-06 -0.000334684 -4.03038e-05 5.42988e-05 -0.000328327 -0.000109689 
0.00012867 -0.000306436 -5.87474e-05 -0.00027864 -0.000187292 -4.23927e-05 1.66968e-05 -9.27816e-05 -5.59238e-05 
0.000142149 -0.000177635 -8.22052e-05 0.000260975 -0.000201836 -4.04216e-05 -0.000320997 7.24071e-05 -6.97083e-05 
-0.000329175 -2.64195e-05 -7.24459e-05 -0.000151846 -1.98543e-05 -5.56615e-05 -5.50452e-05 7.52757e-05 -9.5355e-05 
0.00013984 -1.09065e-05 -5.06385e-05 0.00032233 -7.55506e-05 -4.57396e-05 0.000330241 2.63248e-05 -4.57215e-05 
-0.000287615 0.000157845 -4.03578e-05 1.77846e-05 0.000168232 -8.63321e-05 0.000206669 0.000119807 -5.9659e-05 
0.000250979 0.000213399 -6.35554e-05 0.00030476 0.000136011 -4.47633e-05 -0.00023398 0.000237998 -5.59073e-05 
-0.000154434 0.000295574 -8.11145e-05 7.01912e-05 0.000326152 -4.33659e-05 -6.05424e-05 0.000328586 -7.08054e-05 
0.0001815 0.000276996 -7.78751e-05 -0.000192663 -0.000183643 0.000174691 -0.000444877 -4.78805e-05 5.0521e-05 
-1.36869e-05 -4.62671e-05 7.59447e-05 0.000158166 -1.88821e-05 0.000161436 -2.491e-05 0.000116383 0.000135196 
0.000135728 0.000166022 0.000124865 -0.000134137 0.000233752 0.00012686 0.000717 0.000484943 0.000122178 
0.000266497 -0.000406913 0.000225107 0.0002165 -9.07177e-05 0.000326239 -0.00014583 -6.62093e-05 0.000238391 
0.00024152 3.4009e-05 0.000194695 -0.000149465 0.000149594 0.000197558 4.82653e-05 0.000157688 0.000230556 
-0.000133371 0.000256854 0.000280534 -0.000332084 -0.000339185 0.000466187 -0.000281722 -0.000125366 0.000418083 
9.89381e-05 -5.16899e-05 0.000423057 0.000898768 -2.33182e-06 0.000433259 -0.000448966 0.000226353 0.000412683 
-0.000116949 0.000179598 0.000348777 0.000121319 0.000201542 0.000344312 2.79085e-06 -0.000255132 0.000523074 
-0.000220737 -0.000207046 0.000519637 -0.000152913 -0.000138444 0.000622549 0.000296357 -9.87929e-05 0.000571534 
-0.000284813 -4.77131e-07 0.000575666 -0.000354726 7.34241e-05 0.000566425 0.000149081 0.000157504 0.000602913 
1.2796e-05 0.000323566 0.000565084 -0.000747264 0.0005097 0.000593514 -0.000816847 -0.000386222 0.000728512 
-0.000283895 -0.000287796 0.000731365 -0.000198201 -0.000251062 0.00064434 0.000416117 -0.000324369 0.000658072 
-9.64765e-05 -0.000137544 0.00078108 -0.00034048 0.000152088 0.000692057 1.1757e-06 0.000194481 0.00068818 
0.000122765 -0.000413261 0.000919592 0.00041403 -0.000395112 0.000886243 -0.000190671 -0.000339448 0.000784645 
-8.65957e-05 -0.000249159 0.000800868 -6.84414e-05 -0.000363641 0.000836137 0.000150305 -0.000270254 0.000807473 
-9.36582e-05 -2.2359e-05 0.000800585 0.000103048 -4.79058e-05 0.000800578 0.000325429 3.13134e-05 0.000934543 
-0.000325714 0.00021269 0.000878763 -0.000151967 0.000370836 0.000871108 0.000220962 0.000530355 0.000932204 
-0.000351393 -0.000917895 0.00101276 -0.000253764 -0.000392326 0.00104557 4.18093e-05 -0.000451842 0.00106669 
-0.000421369 -0.000196175 0.00105751 -0.000359418 -0.000220729 0.00097126 -3.73978e-05 -0.000115305 0.00108346 
5.23055e-05 -9.02466e-05 0.000965994 0.000283961 -0.000205668 0.000993213 0.000106268 -2.69451e-05 0.00104811 
0.000419118 -1.59842e-05 0.00094159 0.000453895 8.59351e-05 0.00106849 -0.000284376 0.000286676 0.000998049 
0.000207759 0.000299923 0.000984302 -7.47387e-05 -0.00044493 0.00119484 -0.000273258 -0.000357539 0.00115355 
0.000117164 -0.000274911 0.00109446 -0.000499129 -7.70909e-05 0.00117459 -0.000243459 -0.000206963 0.00119259 
-0.000392782 9.93124e-05 0.00121173 0.000285094 0.000153097 0.0011664 9.97624e-05 0.000326654 0.00117304 
0.000202287 0.000248796 0.00123598 0.000351064 0.00027097 0.00112066 -5.90972e-06 0.0004476 0.00115133 
0.000592804 0.000595873 0.0011793 -0.000234044 -0.000430385 0.00134218 -2.25494e-05 -0.000518446 0.00135192 
-0.000414932 -0.000316994 0.00133647 -0.00022004 -0.000322399 0.00131335 9.38214e-05 -0.000328797 0.00124858 
0.00033551 -0.000258882 0.00129448 -0.0004578 -0.00012561 0.00129021 -0.000188343 -0.000110155 0.00126249 
5.84188e-05 -0.000144993 0.0012688 0.000474208 -0.000143537 0.00124463 0.000302896 2.04013e-05 0.00130445 
0.000426202 -2.21484e-05 0.00133377 0.000423317 0.000179544 0.00127048 0.00050535 0.000124572 0.00128557 
-0.000108563 0.000509982 0.00133679 0.00011682 0.000533021 0.00135148 -0.000200754 -0.000472743 0.00144969 
0.000205438 -0.000425481 0.00145351 0.000369403 -0.00042494 0.00143748 0.000141083 -0.000326309 0.00146552 
0.000381804 -0.000355499 0.00151175 0.000312396 -0.000315825 0.00140274 0.000401616 -0.000258498 0.00139947 
-0.00027571 -0.000217047 0.00145658 -0.000214166 -0.000147651 0.0014985 4.78444e-05 -9.57996e-05 0.00140319 
0.000228036 -0.000221944 0.00152228 0.000322472 -0.000188815 0.00139876 0.000243741 -7.98273e-05 0.00149241 
0.000531975 -0.00018702 0.0014903 -0.000456926 2.47997e-05 0.00149799 -0.000358439 7.09608e-05 0.00150103 
-0.000181684 -5.31468e-05 0.00149551 -0.000214901 6.31491e-05 0.00148122 -7.51137e-05 -4.99879e-05 0.00140505 
-5.79331e-05 -3.67711e-05 0.00153351 0.000364109 6.45785e-05 0.00152048 0.000231221 6.94675e-05 0.00153649 
0.000528174 6.49804e-05 0.00149474 -0.000513156 0.000164997 0.00147842 -0.000182019 0.000105248 0.00139609 
-1.46018e-05 0.000137702 0.00148251 0.00077125 8.59574e-05 0.00144143 -0.000378987 0.000348536 0.00140892 
-0.000295898 0.000379818 0.00152182 -0.000205148 0.000260445 0.00147869 0.000223103 0.000241673 0.00140971 
0.000362575 0.00024763 0.00146292 0.000476112 0.000261982 0.00142874 0.000220924 0.000393866 0.00144805 
0.000363697 0.000434136 0.00148197 -8.06316e-05 -0.000624961 0.00168099 2.05424e-05 -0.000568612 0.00165159 
0.0001358 -0.000598215 0.00168772 -0.00026194 -0.000527686 0.00157772 -0.00034416 -0.000419309 0.00162849 
-0.000203426 -0.000438112 0.00156043 0.000189511 -0.000510627 0.00163314 0.000264604 -0.000395647 0.00164704 
0.000344214 -0.000455458 0.0016469 0.000421631 -0.000417459 0.00157928 -0.000412515 -0.000304027 0.00160162 
9.17508e-06 -0.000332395 0.00162244 0.000363739 -0.000310498 0.00162529 0.000500873 -0.000351181 0.00166134 
-0.000410053 -0.00015693 0.00158246 -0.000307351 -0.0001774 0.00166395 -9.83246e-05 -0.000199816 0.00165369 
2.39514e-05 -0.000103388 0.00155328 2.60877e-05 -0.000226929 0.0016873 0.000480349 -0.000119777 0.00164484 
0.000562846 -0.000150082 0.0015918 -0.00042425 -4.77997e-05 0.00159706 -0.000298798 4.02827e-05 0.00166936 
-0.0002183 -2.36884e-05 0.00159449 0.000150863 -1.14594e-05 0.00159861 0.000464995 2.51017e-05 0.00161469 
0.000590622 6.12246e-05 0.00159236 -0.000436707 0.000211448 0.00154289 -0.000463068 0.000147988 0.00167102 
-0.000281069 9.472e-05 0.00157005 -0.000104708 0.000125451 0.0016023 0.000173748 0.000161597 0.00154516 
0.000344231 0.000158162 0.0015752 0.000450093 0.000154559 0.0016653 0.000556843 0.00018464 0.00157495 
-0.000487429 0.000311373 0.00167465 -0.000242372 0.000332564 0.0016593 -1.55243e-05 0.000248441 0.00161898 
4.39501e-05 0.000343304 0.00165115 0.000219853 0.000242107 0.00160747 0.000159268 0.00031194 0.00166858 
0.0003936 0.000351652 0.0016723 -0.000333338 0.000491394 0.00160213 5.18344e-05 0.000489449 0.00167565 
-0.000148631 0.000561054 0.00159426 -3.91056e-06 0.000618336 0.00162009 -0.000334554 -0.00053881 0.00171749 
-0.000327647 -0.000545786 0.00182985 -0.000465459 -0.00043677 0.00182731 -0.000213254 -0.000400468 0.00170589 
-0.000181694 -0.000421738 0.00180097 0.000147622 -0.000452887 0.00171683 0.000217207 -0.000427005 0.0018111 
0.000429532 -0.000437202 0.0017499 -0.000528352 -0.000309672 0.00181944 -0.000297787 -0.00033081 0.00183431 
-0.000200771 -0.000258513 0.00182602 0.000312829 -0.000323305 0.0017202 0.000399531 -0.000366893 0.00182803 
0.000564839 -0.00023135 0.00169351 0.000545917 -0.000307107 0.00182012 -0.000567047 -0.000164819 0.00171267 
-0.000378175 -0.000127094 0.00171356 -0.000294203 -0.000132754 0.00179423 -0.000131802 -0.000101817 0.00177581 
-4.77705e-05 -0.000155852 0.00177146 4.48602e-05 -0.00018056 0.00180138 3.168e-05 -0.000109222 0.00173256 
0.000122827 -0.000121008 0.00178203 0.000235253 -0.000202012 0.00178897 0.000562814 -0.000130254 0.00178309 
-0.000574483 -1.23586e-05 0.0017903 -0.000624767 7.42486e-05 0.00182829 -0.000472378 1.62964e-05 0.00183053 
-0.000329291 -2.78228e-05 0.00174472 -0.000156914 -5.52707e-06 0.00176592 -8.04017e-05 3.19324e-05 0.00181829 
-7.8358e-05 3.40298e-05 0.00171833 -5.74112e-05 -6.57067e-05 0.00171955 -4.97783e-05 -6.33014e-05 0.00181931 
1.46869e-05 1.29575e-06 0.00170188 3.00659e-05 -6.11966e-06 0.00180041 0.000102181 -3.83611e-05 0.00172966 
0.000173213 6.10866e-06 0.00178422 9.30187e-05 6.11953e-05 0.00173169 0.000192184 -7.59032e-05 0.0018382 
0.0002714 -2.70813e-06 0.00169585 0.00039973 -1.80957e-06 0.00178325 0.000651317 -6.57918e-06 0.00175289 
-0.000606231 0.000134492 0.00173257 -0.0003738 9.39912e-05 0.00172051 -0.000170535 8.4921e-05 0.00180739 
-9.02351e-05 0.00012334 0.00176183 -1.26737e-06 9.74534e-05 0.00172422 -2.0533e-05 0.000184123 0.00179989 
6.9161e-05 0.00014913 0.00177289 6.34082e-06 8.99888e-05 0.00182365 0.000153808 0.000103011 0.00179948 
0.000363338 0.000113438 0.00170709 0.000326076 0.000218439 0.00172352 0.000500675 0.000110307 0.00179355 
-0.000522995 0.000296897 0.001776 -0.000249176 0.000331148 0.00180492 -0.000129895 0.000282859 0.0017764 
0.000232525 0.000338094 0.00178665 0.000424276 0.000244967 0.00179484 0.000540326 0.000248628 0.00179001 
-0.000413684 0.000458403 0.00174917 -0.000321009 0.00045012 0.00183645 -0.000115952 0.000398398 0.0017199 
-0.000182173 0.000489126 0.00179687 -6.203e-06 0.000452826 0.0017535 8.82416e-05 0.000392725 0.00180209 
0.000248919 0.000475282 0.00172696 0.000439657 0.000407282 0.00179353 -6.74292e-05 0.00056511 0.00177538 
0.000181448 0.000565364 0.00184004 0.000311243 0.000588313 0.00182046 -0.000214227 -0.000639169 0.00186766 
-0.000185413 -0.000652801 0.00198999 -2.99598e-07 -0.000674141 0.00188801 4.35608e-05 -0.000564697 0.00185803 
0.000220718 -0.00064029 0.00187731 -0.000410263 -0.000486017 0.00196509 -0.000343765 -0.000459722 0.00188403 
-0.000237359 -0.000435186 0.00188754 -9.45717e-05 -0.000435528 0.00195622 0.000117069 -0.000506712 0.00195709 
0.000275453 -0.00049241 0.00186769 -0.000611748 -0.000276391 0.00192384 -0.000371585 -0.000341286 0.00191557 
0.000274511 -0.000311671 0.00198609 0.000541897 -0.000236078 0.00197686 -0.000653337 -0.000167335 0.00193326 
-0.000411327 -8.75768e-05 0.00189974 -0.000289948 -0.000198688 0.00193765 -0.000126782 -0.000170854 0.00185442 
-0.000167384 -0.000146922 0.00194262 -0.000190739 -9.40052e-05 0.00185622 -0.000102225 -8.22844e-05 0.00190234 
-8.62222e-05 -0.000205443 0.00194193 -3.45367e-05 -0.000209457 0.00185487 4.15555e-05 -9.27204e-05 0.00184908 
-1.50869e-05 -0.000135631 0.00191946 6.01751e-06 -0.000215257 0.00198177 5.66825e-05 -0.000214279 0.00189555 
0.000140056 -0.00016532 0.00187001 0.0001174 -0.000178718 0.00196661 0.00019007 -0.000106308 0.00193345 
0.000252011 -0.00020238 0.00194735 0.000506171 -0.000194249 0.00184608 0.000664149 -9.59704e-05 0.00196855 
-0.000325369 -5.36329e-06 0.00191071 -0.000210628 3.79252e-06 0.00184995 -0.000217248 -4.96373e-05 0.00194182 
-0.000128694 1.97484e-05 0.00190501 -0.000217956 5.03056e-05 0.00193818 -1.80497e-05 -4.73641e-05 0.0019664 
-1.14515e-05 1.5384e-05 0.0018888 3.55559e-05 4.01359e-05 0.00197354 8.2543e-05 -7.3326e-05 0.00193822 
0.000110807 -2.10749e-05 0.00185749 0.000133869 1.26636e-05 0.00194881 0.000222446 -1.4354e-05 0.00191097 
9.22294e-05 7.63387e-05 0.00187372 0.000347648 -3.15835e-05 0.00190099 0.000544624 -2.03027e-05 0.00184983 
-0.000608489 0.00014999 0.00198551 -0.000476646 9.23696e-05 0.00193051 -0.000449321 0.000216534 0.00189187 
-0.000178442 0.000131946 0.00189606 -0.000113664 0.000189964 0.00195415 -0.000104144 0.000184582 0.00185473 
-7.70802e-05 8.59241e-05 0.00198972 -6.69889e-05 9.91531e-05 0.0018911 -1.9705e-05 0.000220415 0.00189456 
7.59048e-06 0.000138444 0.00194497 7.14727e-05 0.000200708 0.00185853 8.10841e-05 0.000205332 0.00195797 
0.000205148 7.98155e-05 0.0018821 0.000152561 0.000162335 0.00190272 0.000106985 0.000110112 0.0019748 
0.000201552 7.83659e-05 0.00198202 0.000474987 0.00017753 0.00195748 0.000594775 0.000104201 0.00193844 
-0.00060077 0.000247745 0.00192264 -0.000569067 0.000379469 0.00193075 -0.000312448 0.000262499 0.00187196 
0.000110126 0.000384245 0.00197254 0.000403408 0.000344518 0.00192596 0.000551444 0.000273904 0.00198009 
0.000563636 0.00037469 0.00197457 -0.000397868 0.000518096 0.00187498 -0.000160426 0.000482603 0.00198566 
-4.52619e-05 0.000420431 0.00187037 0.000243282 0.000407899 0.00186725 -9.32246e-05 0.000592735 0.00195467 
9.72437e-05 0.00063186 0.00190093 0.000326613 0.000597152 0.00193896 -0.000357137 -0.000614127 0.00206152 
-0.000192759 -0.000564951 0.00208429 -6.75101e-05 -0.000598859 0.00208726 3.70498e-05 -0.000621869 0.00204455 
0.000216829 -0.000540282 0.0020179 0.000234947 -0.000635401 0.00206554 0.000307043 -0.000598986 0.00199242 
-0.000489219 -0.000454256 0.0020291 -0.000100541 -0.000435054 0.00206284 3.13925e-05 -0.0004392 0.00211029 
8.33735e-05 -0.000531627 0.00209561 0.000345291 -0.000484295 0.00199901 0.000452047 -0.000440976 0.00204015 
-0.000615418 -0.000240875 0.00202075 -0.000420662 -0.0003306 0.00207909 -0.000197279 -0.000347368 0.00200114 
6.84169e-06 -0.000344519 0.00202771 0.000160125 -0.000369297 0.00200514 0.000113001 -0.000378516 0.00210147 
0.000410656 -0.000293382 0.0020032 0.000507664 -0.000343772 0.00206394 0.000643046 -0.000268249 0.00200841 
-0.000655445 -0.000114047 0.002055 -0.0005091 -0.000226537 0.00199291 -0.00043448 -8.90094e-05 0.00205012 
-0.000176544 -9.17026e-05 0.0020255 -8.28735e-05 -0.000118993 0.00199697 -4.52582e-05 -8.49173e-05 0.00211001 
1.55566e-05 -0.000123778 0.00202162 7.62092e-05 -9.83016e-05 0.00209788 0.000153254 -0.000117561 0.00203714 
0.000491862 -0.00020459 0.00207446 0.000627034 -0.000136052 0.00211265 -0.000559756 3.42252e-06 0.00208253 
-0.00010647 -1.21662e-05 0.00199714 -0.000125518 -8.62813e-06 0.00209758 -0.000193242 2.84743e-05 0.00203259 
-7.60924e-06 -7.82368e-06 0.00205765 -4.5181e-05 4.98006e-05 0.00213044 6.35039e-05 3.4213e-05 0.00211677 
8.60196e-05 -2.79087e-05 0.00202727 0.000165792 3.42928e-05 0.00206455 0.000204649 -3.73756e-05 0.00200665 
0.000345562 -7.41109e-05 0.00205936 0.000343323 5.49403e-05 0.00205574 0.000527316 -5.22914e-05 0.00208145 
0.000433666 -1.52556e-05 0.00210774 0.000673079 -4.35597e-05 0.00207934 -0.000575202 0.000104708 0.00210152 
-0.000476556 0.000217424 0.00205056 -0.000123666 9.26649e-05 0.00207801 -0.000172729 0.000120437 0.00199526 
9.43208e-07 9.16483e-05 0.00205201 -5.7765e-05 0.000173691 0.00203546 4.11539e-05 0.000183062 0.00204691 
0.000108196 0.000115098 0.00207692 0.000642483 0.000228689 0.00204033 0.000620213 0.000107298 0.00204643 
-0.000456154 0.000312307 0.00212212 -0.000409672 0.000342165 0.00201768 -0.000171805 0.00033412 0.0019951 
-0.000221476 0.000379816 0.00209676 0.000201692 0.00032191 0.00207362 0.000294789 0.00024113 0.00212181 
0.000589308 0.000261706 0.00212757 -0.000317316 0.000499682 0.00201075 -0.00022807 0.000485598 0.00211819 
1.19297e-05 0.000389945 0.00204867 0.000227867 0.000482805 0.00212591 0.000485947 0.000453758 0.00200178 
-0.000451458 0.000556904 0.00210891 -0.000289073 0.000604603 0.00212645 -0.000221214 0.000549724 0.00203721 
-9.96079e-05 0.000676663 0.00202059 0.000338038 0.000586811 0.00206632 0.000238489 0.000659934 0.00205266 
0.000330721 0.000664432 0.00214145 0.000421936 0.000558614 0.00212657 -0.00026341 -0.00055135 0.00215969 
-0.000232337 -0.00069039 0.00229273 -7.70615e-05 -0.000551718 0.00221239 -2.36742e-05 -0.000599764 0.00228356 
0.000127289 -0.00067507 0.00227118 0.000240161 -0.000663494 0.00217537 0.000407838 -0.000572434 0.0021616 
0.000415424 -0.00061538 0.00226596 -0.000469276 -0.000414446 0.00221736 -0.000157583 -0.000403933 0.00216812 
4.8983e-05 -0.000527531 0.00220251 7.08339e-05 -0.00040029 0.00225213 0.00024131 -0.000505919 0.00226238 
0.000459751 -0.000513212 0.00223041 0.000566047 -0.00048486 0.00224246 -0.000572043 -0.000322221 0.00228389 
-0.00053726 -0.000354663 0.00214719 -0.00040144 -0.000257903 0.00215119 -0.000246315 -0.000245229 0.0022554 
0.000426894 -0.000301689 0.00214818 0.000395357 -0.000315086 0.00227472 0.000546386 -0.000317303 0.00223856 
0.000639285 -0.000372157 0.00214874 0.000633736 -0.000240263 0.00223175 -0.00073475 -0.000119473 0.00223376 
-0.000585749 -0.000157198 0.00214673 -0.000354212 -0.000222248 0.00225372 0.000464134 -8.61634e-05 0.00223764 
0.000694579 -0.000105743 0.00219473 -0.000747388 -2.81291e-05 0.00219232 -0.000645606 -3.14669e-05 0.00214679 
-0.000492279 -3.37833e-05 0.00224877 0.000654716 3.245e-05 0.00223115 -0.000733502 0.000156265 0.00226748 
-0.000599938 0.000151601 0.00221677 -0.00068044 0.000229519 0.00220507 -0.000493539 0.000158363 0.00217497 
0.000224569 9.28639e-05 0.00227165 0.000349991 0.000206947 0.00220981 0.00049115 0.00010095 0.00223864 
0.000631747 0.00012393 0.00215216 -0.000660639 0.000382964 0.00226616 -0.000576565 0.000280181 0.0021662 
-0.000146259 0.000301658 0.00221724 0.000205917 0.000384597 0.00218319 0.000480666 0.000240705 0.00223688 
0.000602299 0.000236749 0.00226206 0.000702101 0.000254984 0.0022682 -0.000495373 0.000428299 0.0022642 
-0.000319372 0.000521452 0.00227535 -3.15769e-05 0.000510941 0.0022621 0.000408444 0.000395797 0.00216143 
0.000501305 0.000471654 0.00216386 0.000491435 0.000391242 0.00226694 0.000478299 0.000501541 0.00228266 
-0.000377541 0.000594694 0.00222445 1.28851e-05 0.000576573 0.00215825 0.000107549 0.000583603 0.00223178 
0.000180152 0.000646704 0.00217236 0.000231399 0.000584433 0.00226878 0.000363566 0.000640601 0.00225024 
-5.30001e-05 0.000699475 0.00223166 -0.000294994 -0.000729384 0.00238074 0.000115866 -0.000791515 0.00241876 
0.000217517 -0.000744858 0.00234216 -0.000429837 -0.000603946 0.00233879 -0.000152379 -0.000646033 0.00243712 
6.28542e-05 -0.000665407 0.00238512 0.000529336 -0.000581645 0.00236107 -0.000567137 -0.00045272 0.00233048 
-0.000631219 -0.000468659 0.00242983 -0.000452081 -0.000502941 0.00229325 -0.000533602 -0.000508206 0.00241514 
-0.000328641 -0.000511247 0.0023054 -0.000339333 -0.000413798 0.0024101 -0.000163642 -0.000524199 0.00232631 
-9.83042e-06 -0.000503276 0.00240628 0.000164075 -0.00041602 0.00230551 0.000581982 -0.000390016 0.0023825 
0.000675037 -0.000399149 0.00244233 -0.000378399 -0.000328189 0.00236805 -0.000227752 -0.000294744 0.00239629 
-1.41145e-05 -0.000332042 0.00234117 8.3612e-05 -0.000336582 0.00242044 0.000491743 -0.000234314 0.00229335 
0.000396812 -0.000339202 0.00241446 0.00063146 -0.000325942 0.00230066 -0.000761006 -0.000150642 0.00236482 
-0.000601357 -0.000120526 0.00237712 -0.000513939 -0.000154069 0.00232283 0.00054737 -0.000148219 0.00231218 
0.000646971 -0.000142049 0.00232538 0.000752732 -0.000149886 0.00232684 -0.000786964 -4.72799e-05 0.00238756 
-0.000791821 3.71541e-05 0.00244092 -0.000593993 -1.44385e-06 0.00232706 -0.000396416 5.54693e-05 0.00230208 
-0.00051302 -6.44841e-05 0.00243728 -0.00033307 -1.95167e-05 0.00232621 -0.000175101 -5.27255e-05 0.00234401 
0.00059776 6.74345e-06 0.00238496 0.000712787 -3.98842e-05 0.00235814 -0.000779591 0.000143529 0.00243826 
-0.000658681 0.000199157 0.00234284 -0.000633457 9.17281e-05 0.00238973 -0.000422846 0.000108978 0.0024252 
-0.00012324 0.000217788 0.00244258 7.40537e-05 0.000110619 0.00230056 0.000679253 0.000139572 0.00244326 
0.000761528 0.000105457 0.00234502 -0.000735892 0.000332353 0.00242453 -0.000559627 0.000345603 0.00233012 
-0.000419435 0.000322888 0.00241502 -0.000286636 0.000341686 0.00240942 0.000627953 0.000382653 0.00229809 
0.000697977 0.000334412 0.00236302 0.000735089 0.000278703 0.00244265 -0.000660904 0.000445571 0.00244036 
-0.000520362 0.000536283 0.00243528 -0.000444002 0.000451404 0.00243032 -0.000267726 0.000525359 0.00236981 
6.63693e-05 0.000529525 0.0024221 0.000266625 0.00041434 0.00243435 0.000503212 0.000427081 0.0024303 
-0.000464083 0.000584265 0.00229736 -0.000397701 0.000593356 0.00238192 -0.000288661 0.000680355 0.00232695 
-0.000144445 0.000654056 0.00232004 -0.000139331 0.00058161 0.00244036 1.68689e-05 0.00059454 0.00232225 
0.000154928 0.000561016 0.00234908 0.000163197 0.000679373 0.00233253 -0.000167238 0.000734107 0.00243304 
-0.000102569 0.000754682 0.00234325 0.000343763 0.000700513 0.00244288 -0.000322764 -0.000747786 0.00248237 
-0.000221204 -0.000746623 0.00248175 -5.61887e-05 -0.000793786 0.00251769 -0.000562724 -0.000628973 0.00258161 
-0.000354288 -0.000561873 0.00250168 -9.44393e-05 -0.000584165 0.00251046 0.00040509 -0.000671819 0.00246232 
0.000472486 -0.000588774 0.00251249 -0.000255454 -0.000400197 0.00258524 8.62408e-05 -0.000437587 0.00254908 
0.000261704 -0.000532828 0.00246305 0.000271203 -0.000425822 0.0024832 0.000353231 -0.00049146 0.00255037 
0.000451266 -0.000481078 0.00245809 0.000655155 -0.000488973 0.0025462 -0.000741162 -0.000242479 0.00246901 
-0.00074689 -0.000299647 0.00257944 -0.000477475 -0.000242507 0.00250462 -0.000473532 -0.000380171 0.00247414 
-0.000497105 -0.000362377 0.00257033 -2.19213e-05 -0.00036601 0.00254344 0.000218795 -0.000320084 0.0025155 
0.000290001 -0.000254838 0.00246063 0.00046358 -0.000254852 0.00254697 0.000545142 -0.000298792 0.00244443 
0.000587867 -0.000370904 0.00250735 -0.00070144 -0.000112345 0.00250336 -0.000630733 -0.000226514 0.00246191 
-0.000687224 -0.000201514 0.00255511 -0.00039127 -0.000127718 0.00251102 5.46137e-05 -0.000137366 0.00251229 
0.000333733 -0.000220445 0.00256399 0.00042961 -0.000164801 0.00250719 0.000635548 -8.94488e-05 0.00252942 
0.000761357 -0.000169161 0.00253146 -0.000819749 -3.79877e-05 0.00255753 -0.000659739 -5.6076e-06 0.00248037 
-0.000581672 1.11265e-05 0.00257935 -0.000469689 7.32468e-05 0.002554 2.58746e-05 7.22625e-05 0.00249457 
0.000144766 4.73603e-05 0.00248971 0.000401734 -1.38674e-05 0.00247603 0.0005041 4.26018e-05 0.00257048 
0.0005721 -1.00411e-05 0.00248347 0.000672211 4.63688e-05 0.00248567 0.000670075 7.66029e-05 0.00258505 
0.000784887 4.47545e-06 0.00250183 -0.000797557 7.91468e-05 0.00255504 -0.000689962 9.04602e-05 0.00249446 
-0.000598409 0.000191844 0.00258743 -0.000530629 0.00016359 0.00244683 -0.000442458 0.000224639 0.0024661 
-0.000394355 0.000151762 0.00252977 -0.000486313 0.000175975 0.00258697 -0.000296707 0.000190257 0.00245961 
-6.39713e-06 0.000197725 0.00256614 0.000315057 9.85405e-05 0.00253737 0.000662061 0.00022976 0.00253454 
0.000788713 0.0002076 0.00250807 -0.000556228 0.000326868 0.0024836 -2.37379e-05 0.000284077 0.00250888 
0.000378604 0.000236659 0.00246847 0.00051204 0.000260244 0.00246752 1.55972e-05 0.000405094 0.00245477 
5.21522e-05 0.000446131 0.00259407 0.000219338 0.000519625 0.0025703 0.000326096 0.000518377 0.00256095 
0.000456638 0.000533794 0.00249741 0.000635545 0.00038559 0.00245014 0.00058105 0.000522733 0.00246708 
0.000668224 0.00047662 0.00252753 -0.000363936 0.00058419 0.00249572 6.92862e-05 0.000630732 0.00255154 
-2.99146e-05 0.000682479 0.00257895 0.000277827 0.000673654 0.00258778 0.000451849 0.000659241 0.00253232 
-0.000258261 0.000799852 0.00254918 -5.13972e-05 0.000804516 0.00252828 5.2274e-05 0.00079598 0.00256867 
0.000245039 0.00072567 0.00246413 -0.000363615 -0.00071479 0.00262616 -0.000260761 -0.000730634 0.00272572 
-0.000108511 -0.000738864 0.00264849 2.64182e-05 -0.000806552 0.0026176 0.000110558 -0.000705837 0.00264658 
0.000257043 -0.000834981 0.00272622 0.000303202 -0.000742146 0.00265914 0.000378558 -0.000717938 0.00259779 
-0.000622231 -0.000544038 0.00263775 -0.000677178 -0.000539215 0.00273091 -0.000425002 -0.000626095 0.00259765 
-0.000237557 -0.000559081 0.00274357 -0.000196949 -0.000585619 0.00262844 -8.78253e-05 -0.000622804 0.00269798 
0.000505372 -0.000553453 0.00267605 0.000439858 -0.000642689 0.00273941 -0.000603052 -0.000454195 0.00259483 
-0.000355105 -0.000527152 0.00262618 0.000213304 -0.000384969 0.00271846 0.000665314 -0.000391814 0.00260001 
0.000581212 -0.000439404 0.00273226 0.000699828 -0.000489685 0.00269675 -0.000643352 -0.000283258 0.00263929 
-0.00066224 -0.000348741 0.00272453 -0.000483338 -0.000360379 0.00267894 -0.000390999 -0.000316448 0.00266191 
-6.1055e-05 -0.000363689 0.00272175 9.04108e-05 -0.00027326 0.00261267 0.000268684 -0.000298855 0.00272063 
0.000437573 -0.000348747 0.00261103 0.000527529 -0.000239193 0.00268904 0.000716846 -0.000244248 0.0026052 
0.000775558 -0.000320171 0.00271359 -0.000751373 -0.000159495 0.00269064 -0.000843099 -0.00018297 0.00274292 
-0.000626548 -0.000155624 0.00262966 -0.000513516 -0.000173653 0.00261298 -0.00040093 -0.000184437 0.00268298 
-0.000247294 -0.000138844 0.00273935 -0.000167979 -0.000208232 0.00260274 -0.000175582 -9.94833e-05 0.00266957 
-0.000113433 -0.00021222 0.00270723 0.000583179 -0.000102012 0.00271319 0.000806779 -0.000195244 0.00267715 
-0.000814512 -6.03438e-05 0.00265864 -0.000552046 -5.10893e-05 0.00265223 -0.000130652 7.63662e-05 0.00261272 
0.000225329 -1.54071e-05 0.00261844 8.05838e-05 -5.03784e-06 0.00270252 0.000516487 -6.2846e-05 0.00261641 
0.000401699 -1.0276e-05 0.00270985 0.000656653 4.35259e-06 0.00271624 0.000735832 -6.77544e-05 0.00262083 
0.000863759 5.88704e-06 0.00267752 -0.000811098 0.000103709 0.00274427 -0.000514843 0.000223446 0.00274225 
-0.0003494 0.00019005 0.00265711 -4.57602e-05 9.02148e-05 0.00267882 0.000787265 0.000162398 0.00273049 
-0.000625538 0.000383577 0.00272237 -0.000441426 0.000254746 0.00264868 -0.000521596 0.000323442 0.00274371 
-0.000365265 0.000332625 0.00264222 -0.000210714 0.000290848 0.00260198 -7.12609e-05 0.00034133 0.00263931 
0.000203802 0.000279959 0.00266411 0.000537659 0.000312636 0.00262771 0.000417792 0.000275075 0.00274077 
0.000559811 0.000363076 0.00273516 0.000759512 0.000373846 0.00265362 -0.000633088 0.000411032 0.00262453 
-0.000578481 0.000501282 0.0026579 -0.000459845 0.000489133 0.00274301 -0.000276767 0.000509607 0.00273947 
-9.82002e-05 0.000447036 0.00270768 0.000120061 0.000529882 0.00267789 0.000264177 0.00039791 0.00263723 
0.000346495 0.000405196 0.00270605 -0.000457854 0.000667026 0.00263278 -0.000523098 0.000684851 0.00273547 
-0.000239522 0.000585592 0.00264372 -0.000275728 0.000647728 0.00271383 -0.000111083 0.000603697 0.00261221 
9.20913e-05 0.000627058 0.00267753 0.000247465 0.00063391 0.0027132 0.000343078 0.000678636 0.00270145 
0.000400244 0.000585098 0.0027101 0.000653283 0.000541754 0.002664 -0.000367034 0.000708316 0.00261519 
-0.000197501 0.000705093 0.00264773 -4.37435e-05 0.000763339 0.00265511 0.000117361 0.000782833 0.00273945 
0.000239547 0.000796996 0.00261982 0.000485468 0.000694951 0.00265767 -0.000520139 -0.000705067 0.00280122 
-0.000385704 -0.000719459 0.00287681 -0.000185301 -0.000843482 0.00280018 -0.000215242 -0.000726827 0.00288634 
-2.70128e-05 -0.00074376 0.00275362 1.91844e-05 -0.00073518 0.0028424 0.000101133 -0.000809348 0.00281223 
0.000204798 -0.000799401 0.0028372 -0.00062608 -0.000650279 0.00283753 -0.000402223 -0.000684819 0.00275128 
-0.00049663 -0.00054238 0.0028578 -0.000323401 -0.000610695 0.00279022 -0.000168067 -0.000553518 0.00286705 
7.6472e-05 -0.000649759 0.00284318 6.16784e-05 -0.00055943 0.00275906 0.000228898 -0.000614816 0.00280188 
0.000663554 -0.000573256 0.00275726 -0.000251672 -0.000498679 0.00289218 -0.000168989 -0.000425859 0.00284098 
4.99666e-05 -0.000484669 0.00285016 0.000150564 -0.000499639 0.00277424 0.000481648 -0.000459225 0.00278117 
-0.000574902 -0.000263375 0.00281725 -0.000419046 -0.000233998 0.00288789 -0.000259359 -0.000349014 0.00276557 
-0.000108684 -0.000325473 0.0028695 0.000288983 -0.000384007 0.00281499 0.000442238 -0.000332934 0.0027639 
0.000584034 -0.00023451 0.00282523 0.00065325 -0.000378467 0.00282426 0.00084048 -0.000258547 0.00280887 
-0.000768325 -0.000113687 0.00277925 -0.000576261 -0.000110401 0.00275469 -0.000619962 -0.000143454 0.00289594 
-0.000510915 -0.000165621 0.00285249 -0.00034226 -0.00015558 0.00279999 0.000194313 -0.000226364 0.00283555 
7.8599e-05 -0.000155861 0.00287071 0.000305466 -0.000223819 0.00282389 0.000671707 -9.06959e-05 0.00279735 
0.000752076 -0.000185095 0.00276587 0.000846557 -0.000158378 0.00279706 -0.000861095 -4.89372e-05 0.00285177 
-0.000732152 6.07005e-05 0.00279866 -0.000392367 1.71682e-05 0.00283038 -0.000236577 5.23847e-05 0.0027747 
-0.000156106 -7.08134e-05 0.00282177 0.000189411 7.44014e-05 0.00281681 0.000467725 3.37651e-05 0.00279592 
0.00054381 -5.1075e-05 0.0028203 0.000816349 -3.83648e-05 0.00276463 0.000860615 -5.20819e-05 0.00288513 
-0.000655069 0.000219199 0.00279606 -0.000453994 0.000143687 0.00284387 -0.000361352 0.000100532 0.00277947 
-2.85192e-06 0.000136094 0.00285281 0.000220088 0.000181734 0.00287656 0.000341889 0.000137788 0.00280262 
0.000665084 0.000155453 0.00278968 0.000567563 0.000193658 0.00281409 0.000755588 0.000179628 0.00282535 
0.00087163 9.47586e-05 0.00284382 -0.000848491 0.000246783 0.00284128 -0.000628301 0.000337576 0.00282986 
-0.000307749 0.00032573 0.00279053 7.60796e-05 0.000247379 0.00278133 0.000245289 0.000249095 0.0027839 
0.000317388 0.000307678 0.00288376 0.000805642 0.000260087 0.00276212 -0.000717953 0.0005145 0.0028383 
-0.000584333 0.00047459 0.0027937 -0.000374858 0.000424769 0.00289371 -3.63037e-05 0.000398515 0.00285004 
0.000197601 0.000438563 0.00285451 0.000311796 0.000517278 0.00275709 0.000509081 0.000485708 0.00285772 
0.000658236 0.000396547 0.00288915 0.000688305 0.000533517 0.00284089 -0.000617759 0.000566429 0.00282699 
-0.000506579 0.000562861 0.00288018 -0.000273426 0.000664172 0.00282706 -0.000181375 0.000597526 0.00278446 
-3.45784e-05 0.000556083 0.00281885 7.93975e-05 0.000691315 0.00281987 0.00034037 0.000645967 0.00285171 
0.000619658 0.000577973 0.00275873 -0.000394458 0.000757948 0.00287315 -0.000303072 0.000752015 0.00277085 
-0.000272464 0.000758366 0.00287638 -0.000131358 0.000737367 0.00284605 0.000247079 0.000764339 0.00274697 
0.000382279 0.00080306 0.0027682 0.000256354 0.000798465 0.00286151 0.000407007 0.000712333 0.00280994 
0.000485406 0.000728452 0.00287638 9.53902e-05 0.000855992 0.00281507 -0.000130491 -0.000861506 0.00299302 
-0.00022594 -0.000888857 0.00301989 -0.000532258 -0.000757435 0.00303751 -0.000316033 -0.000804762 0.00292049 
-6.93456e-05 -0.000824424 0.00291603 2.24584e-05 -0.000746847 0.00302385 8.22265e-05 -0.00082169 0.00292082 
0.00027811 -0.000775737 0.00295117 -0.000540604 -0.000687493 0.00293679 -0.000420769 -0.000681927 0.00301274 
-6.2262e-05 -0.000593596 0.00296537 0.000500837 -0.000685719 0.00291212 0.000618338 -0.000654793 0.00292891 
-0.000736812 -0.000460153 0.00289729 -0.000392165 -0.00043436 0.00290388 -0.000346566 -0.000523364 0.00296947 
-0.000252242 -0.000421317 0.0029703 1.56453e-05 -0.000448026 0.00294319 0.000701039 -0.00041685 0.00294734 
-0.000715212 -0.000250644 0.00304562 -0.000554888 -0.000296948 0.00304046 -0.00053412 -0.00025524 0.0029219 
2.9198e-06 -0.000269063 0.00293987 0.000343403 -0.000355549 0.00291335 0.000442829 -0.000245379 0.00298997 
0.000431837 -0.000370183 0.00302503 0.000687375 -0.000285813 0.00304291 0.000590375 -0.000291463 0.00296836 
0.000786017 -0.000303258 0.00302038 0.000698473 -0.000253706 0.00292465 0.000873511 -0.000312269 0.00296309 
-0.000183276 -0.000139591 0.00296667 -7.75575e-05 -0.000127974 0.00300356 0.000164144 -0.000227114 0.00295663 
0.000248998 -9.9384e-05 0.00298123 0.000461709 -0.000196184 0.00290391 0.000765881 -0.000122648 0.00299831 
0.000880231 -0.000200041 0.00294957 -0.000777346 1.51067e-05 0.00301086 -0.000598154 -2.29476e-05 0.00296918 
-0.000501655 4.44279e-05 0.00294376 -0.000265014 -5.69227e-06 0.00300285 4.6547e-05 -6.51151e-05 0.00301315 
9.18859e-05 7.79073e-06 0.00295486 0.000302897 -1.59697e-06 0.00290948 0.000454378 -8.2332e-07 0.00291064 
0.000437709 -4.91579e-05 0.00302305 0.000488639 7.37446e-05 0.00304152 -0.000885652 0.000128728 0.00289714 
-0.00087441 0.000198884 0.00298929 -0.000545207 0.000217331 0.00293645 -0.000658611 7.77193e-05 0.00301193 
-0.000571897 0.000130032 0.00300024 -0.000288802 0.000168423 0.00301342 -0.000130569 0.000199897 0.0029372 
0.000348377 8.57161e-05 0.00298296 0.000537345 9.71802e-05 0.00289739 0.0003918 0.000199245 0.0029619 
0.000658896 8.4597e-05 0.00292578 0.000685439 0.000206456 0.00299033 0.000879968 0.000151706 0.002961 
-0.000757956 0.000316279 0.00289919 -0.000589327 0.00030744 0.00300367 -0.000479445 0.000346668 0.00294335 
-0.000326686 0.000260383 0.00303242 -0.00022525 0.000260311 0.00302273 0.000164547 0.000324522 0.00294398 
0.000590687 0.000260843 0.00292278 0.000752611 0.000348662 0.00290675 -0.000805273 0.000427905 0.00289965 
-0.000549904 0.000426284 0.00290239 -0.000542389 0.000394571 0.00302369 4.48753e-05 0.000489808 0.00301191 
0.000116966 0.000532812 0.00290444 0.000634291 0.000492227 0.00294802 0.000762815 0.000466851 0.00298558 
-0.000662019 0.000608589 0.00293078 -0.000299795 0.000675814 0.00298548 -9.54038e-05 0.000618106 0.00298115 
0.000184029 0.000655683 0.00298053 0.000104998 0.000584078 0.00300679 0.000416347 0.000589546 0.00298292 
0.000571217 0.00059744 0.0029541 0.000598832 0.00068782 0.00289949 -0.000628059 0.00069385 0.00298741 
-0.000530636 0.00069462 0.002912 -0.000181265 0.000696273 0.00294292 -0.000164443 0.000693173 0.00304405 
-0.000168367 0.000796173 0.0029533 9.96888e-05 0.000817607 0.00303522 0.000377274 0.000724297 0.00290902 
0.000237319 0.00080922 0.00300161 0.00041048 0.000695832 0.0030379 0.000387507 0.000820099 0.00300264 
-0.000255632 0.000861211 0.00297032 0.000300792 0.00085903 0.00292756 -0.000268472 -0.000859706 0.00314214 
0.000266234 -0.000884917 0.00317972 -0.000518708 -0.000823442 0.00312199 -0.000345076 -0.000703258 0.0031431 
-2.40143e-05 -0.00072334 0.00319648 0.000160541 -0.000742594 0.00317443 7.87784e-05 -0.000825585 0.00318601 
0.000456248 -0.000825975 0.00319055 0.00041734 -0.000793494 0.00306063 -0.000780484 -0.000538892 0.00318407 
-0.000374363 -0.000570092 0.00309274 -0.000175415 -0.000658303 0.00316601 -0.000196739 -0.000630322 0.00305175 
-7.54082e-06 -0.000632011 0.00309263 0.000111206 -0.000649101 0.00306473 0.000540964 -0.000619609 0.00317985 
0.000551742 -0.00065801 0.00304805 0.00070139 -0.000591497 0.00306382 -0.000861413 -0.000449586 0.00319031 
-0.000853016 -0.000445961 0.00307481 -0.000415403 -0.000426041 0.00307474 -0.000371688 -0.00047151 0.00317874 
0.000194006 -0.000418716 0.00317146 0.000435564 -0.000507601 0.00310166 0.000528047 -0.000445817 0.00309483 
0.00074723 -0.000445017 0.0030802 -0.000839159 -0.000309399 0.00319667 -0.000488827 -0.000358904 0.00309294 
0.000150424 -0.000283692 0.0030644 0.000286025 -0.000330698 0.00309525 0.000532188 -0.000313278 0.00305881 
0.000411273 -0.000255681 0.00310902 0.000935933 -0.000275484 0.00311215 -0.000798046 -8.2572e-05 0.00307642 
-0.000560937 -0.000137978 0.00308182 -0.000363497 -0.000201037 0.00312715 -0.00019802 -0.000188307 0.00315508 
-8.63139e-05 -8.71858e-05 0.00315395 0.000469113 -0.000101338 0.00318188 0.000622692 -0.000123425 0.00315928 
0.000655971 -0.000198209 0.00310119 0.000818167 -0.000197208 0.00313093 0.000941283 -0.000159585 0.00315099 
-0.000877572 2.87243e-06 0.00310277 -0.000294292 6.8344e-05 0.00307109 0.000106169 -2.31885e-05 0.00318638 
0.000584369 -6.73544e-05 0.00305219 0.000632933 3.54558e-06 0.00311015 0.000784734 -4.90479e-05 0.00313649 
0.000700432 4.96314e-05 0.0031804 0.000884561 -1.8663e-05 0.00317757 -0.0007825 0.000217394 0.00307596 
-0.000656355 0.0001384 0.00315102 -0.000421403 0.000168897 0.00308273 0.000166921 0.000181747 0.00306778 
0.000182833 9.75108e-05 0.0031846 0.000360486 0.000168428 0.00309206 0.000809244 0.000162813 0.00319476 
0.000927565 0.000170776 0.00312082 -0.000719571 0.000244178 0.00315321 -0.000830422 0.000320265 0.00314451 
-0.000732828 0.00031855 0.00305849 -0.000472462 0.000380988 0.00310939 -0.00023041 0.000343366 0.0030943 
-5.51046e-05 0.00024679 0.00315572 -5.07784e-05 0.000352705 0.00308648 0.000328124 0.000327329 0.00308793 
0.000395008 0.000296882 0.00316818 0.00048788 0.000299492 0.00305474 0.00072929 0.000346505 0.00315683 
0.000893498 0.00027474 0.00318601 0.000866027 0.000313838 0.00304765 -0.000891384 0.000399463 0.00319268 
-0.000662651 0.000392943 0.00308503 -0.000418499 0.000506925 0.00306218 -3.74748e-05 0.000455641 0.00306318 
0.000213944 0.000532284 0.00308625 0.000348538 0.000520238 0.00312078 0.000405889 0.000452573 0.00319423 
0.000494832 0.000460105 0.0031415 0.000755996 0.000499976 0.00312723 -0.000662055 0.000629478 0.00311469 
-0.000271405 0.000557155 0.00305202 -0.000169815 0.00060575 0.00309947 -0.000229347 0.000668351 0.00315771 
6.45648e-05 0.000564397 0.00319799 5.71672e-05 0.000655867 0.00306479 0.000226758 0.000673068 0.00307623 
0.000654274 0.000565681 0.00305804 0.000713394 0.000605866 0.00315168 -0.000613492 0.000761845 0.00315608 
-0.000426322 0.00075951 0.00309493 -0.000347376 0.000808978 0.00317924 -0.000138128 0.000797913 0.0030779 
-4.31444e-05 0.000801448 0.00319661 0.000292074 0.000735373 0.00313047 0.000536605 0.000830294 0.00317729 
-0.000403237 0.000847854 0.00304935 -8.34375e-05 0.000949487 0.0031795 -0.000228619 0.000867159 0.00315847 
4.86752e-05 0.000852135 0.00316012 0.000426036 0.00085782 0.00312763 -0.000511324 -0.000914274 0.00322984 
-4.3183e-05 -0.000943506 0.00331804 0.000111157 -0.0009866 0.00328006 0.000256495 -0.000932593 0.00331679 
-0.000448977 -0.00080867 0.00324766 -0.000353585 -0.000739151 0.00328771 -0.000423187 -0.000642853 0.00332566 
-8.68617e-05 -0.000546922 0.00331976 -0.000219703 -0.000605284 0.00332554 0.000326324 -0.000582112 0.00328495 
0.000766055 -0.000549074 0.00322648 -0.000201828 -0.000449523 0.00333698 -5.03292e-05 -0.000467797 0.00320009 
7.58115e-05 -0.000497822 0.00321349 0.000109134 -0.000399524 0.00324781 0.000664174 -0.000446874 0.00329374 
-0.000747488 -0.000236869 0.00320527 -0.000675509 -0.000327962 0.00328549 -0.000474094 -0.000283294 0.00320191 
0.000419812 -0.000311548 0.00331558 0.000490339 -0.000372647 0.00320567 0.000560742 -0.000257837 0.00328152 
0.000907578 -0.000343421 0.00324278 0.000202629 -9.55462e-05 0.0033193 0.000206456 -0.000102103 0.0032179 
0.000293554 -0.000188636 0.00320281 0.000418098 -0.000183961 0.00323255 0.000415867 -0.000121539 0.00331666 
0.00083101 -0.000195332 0.00329358 0.000930818 -0.000183255 0.00331825 -0.000901831 4.32032e-05 0.00329007 
-0.000587694 5.57822e-05 0.00331538 -0.000659437 1.11033e-05 0.00321106 -0.000525169 -6.03785e-05 0.00326293 
-0.000128901 -1.27963e-05 0.00328823 0.000295239 3.9877e-05 0.00330782 0.000541074 -1.35129e-05 0.0033292 
-0.000504016 0.000134616 0.00331646 0.000107137 0.000163325 0.00321046 0.00036168 0.000192082 0.00330575 
0.000493652 0.00015361 0.00330995 0.000883426 0.000103754 0.00323868 -0.000578343 0.000289437 0.00321729 
-0.000478226 0.000276245 0.00321419 -0.000132758 0.000326488 0.00321449 0.000252535 0.000258813 0.0032806 
0.000752372 0.000319109 0.00328379 -0.000944955 0.000502157 0.00329338 -0.000739719 0.000506134 0.00331135 
0.000158766 0.000480221 0.00329368 0.000564092 0.000511113 0.00322464 0.000844397 0.000468962 0.00321324 
-0.000162159 0.000684545 0.00323112 4.73761e-05 0.000626966 0.00330379 0.000366676 0.000668692 0.0032282 
0.000529531 0.000650776 0.00328674 -0.0003852 0.000732148 0.00328707 -0.000286858 0.000726271 0.00334066 
-0.000265325 0.00077489 0.0032305 5.73257e-05 0.000723931 0.00326958 -4.67957e-05 0.000726231 0.00326238 
0.000332249 0.000796111 0.00324359 0.000240895 0.000712484 0.0033433 -0.000694495 0.000854529 0.00333903 
0.000211732 0.000919149 0.00325075 0.000256646 0.000878082 0.0033467 -0.000276275 -0.000927659 0.00339913 
0.000670565 -0.000955753 0.00346304 -0.000891535 -0.000713728 0.00337188 -0.000771413 -0.000785549 0.00347273 
-0.000548871 -0.000840944 0.00339072 -0.000494954 -0.000718418 0.00336045 0.00014748 -0.00078647 0.00342345 
0.000357637 -0.000724418 0.00347737 0.00047954 -0.000721616 0.00336973 -0.000774827 -0.000563843 0.00348947 
-0.000375804 -0.000661968 0.0034593 8.8773e-05 -0.000545308 0.00346287 0.000671453 -0.000548833 0.00340674 
-0.000735762 -0.000447683 0.00343549 -0.000509202 -0.000519286 0.00343091 3.42847e-05 -0.000408494 0.0034492 
-0.000646287 -0.000243538 0.00338908 -0.000304306 -0.000356236 0.00345864 0.000337305 -0.000314462 0.00339342 
0.000476353 -0.000309147 0.00346631 0.000581886 -0.000354314 0.00335272 0.000829866 -0.000356768 0.00337576 
-0.000492963 -0.000123614 0.0034957 -0.000369663 -0.000192192 0.00341578 -0.000202962 -0.000124019 0.00348563 
-0.000221573 -0.000160908 0.00335494 0.000473095 -0.00010389 0.00345469 0.000639812 -0.000147925 0.00342418 
0.000782822 -0.000227283 0.00338211 0.000773684 -8.89463e-05 0.003392 -0.000124572 -5.75964e-05 0.003461 
9.39442e-06 -2.8927e-05 0.00344288 0.000344093 3.85016e-06 0.00340839 0.000451347 6.03172e-05 0.00339342 
0.000666197 6.98231e-05 0.0033508 0.000615754 2.52638e-05 0.00344785 0.000817122 3.68118e-05 0.00343906 
0.000930849 4.141e-05 0.00344871 -0.000341664 0.000146943 0.00336932 -5.17155e-05 0.000136396 0.00338893 
8.60766e-05 0.000158847 0.00339817 0.00026194 0.000139341 0.00341776 -0.000880668 0.000337603 0.00336643 
-0.00081529 0.000261952 0.00337423 -0.000549493 0.000377841 0.00346684 -0.000318395 0.000311372 0.00345503 
-0.000117724 0.000317572 0.00335343 0.000226019 0.000377855 0.00338344 0.000502947 0.000238833 0.0033923 
0.000602587 0.000272854 0.00336558 -0.000452756 0.000531597 0.00343162 -0.000283085 0.000507251 0.00344758 
0.000510439 0.000435651 0.00337817 0.000672757 0.000385214 0.00349428 0.000702646 0.00040743 0.00336683 
-0.00053918 0.000546122 0.00335916 -8.56779e-05 0.000684528 0.00335937 -0.000169506 0.000580214 0.00338391 
0.000313156 0.00066244 0.00339272 0.000507035 0.000680582 0.00339998 0.000519005 0.000576257 0.00336911 
0.000586104 0.000617519 0.00343706 0.000689489 0.000566169 0.00335015 -0.000591204 0.000761032 0.0034047 
-0.000231143 0.000694947 0.00341986 -0.000191489 0.000829939 0.00341058 -3.90158e-05 0.000764915 0.00349909 
0.000266515 0.000813884 0.00346701 0.000587107 0.000725897 0.0034956 -0.000793194 0.000962449 0.00347141 
-0.000283972 0.000996973 0.00338139 5.62948e-05 0.000929932 0.00335402 0.000141824 0.000853138 0.00345696 
0.000576687 0.000949432 0.00347007 
VERTICES 7004 7003
OFFSETS vtktypeint64
0 1 2 3 4 5 6 7 8 
9 10 11 12 13 14 15 16 17 
18 19 20 21 22 23 24 25 26 
27 28 29 30 31 32 33 34 35 
36 37 38 39 40 41 42 43 44 
45 46 47 48 49 50 51 52 53 
54 55 56 57 58 59 60 61 62 
63 64 65 66 67 68 69 70 71 
72 73 74 75 76 77 78 79 80 
81 82 83 84 85 86 87 88 89 
90 91 92 93 94 95 96 97 98 
99 100 101 102 103 104 105 106 107 
108 109 110 111 112 113 114 115 116 
117 118 119 120 121 122 123 124 125 
126 127 128 129 130 131 132 133 134 
135 136 137 138 139 140 141 142 143 
144 145 146 147 148 149 150 151 152 
153 154 155 156 157 158 159 160 161 
162 163 164 165 166 167 168 169 170 
171 172 173 174 175 176 177 178 179 
180 181 182 183 184 185 186 187 188 
189 190 191 192 193 194 195 196 197 
198 199 200 201 202 203 204 205 206 
207 208 209 210 211 212 213 214 215 
216 217 218 219 220 221 222 223 224 
225 226 227 228 229 230 231 232 233 
234 235 236 237 238 239 240 241 242 
243 244 245 246 247 248 249 250 251 
252 253 254 255 256 257 258 259 260 
261 262 263 264 265 266 267 268 269 
270 271 272 273 274 275 276 277 278 
279 280 281 282 283 284 285 286 287 
288 289 290 291 292 293 294 295 296 
297 298 299 300 301 302 303 304 305 
306 307 308 309 310 311 312 313 314 
315 316 317 318 319 320 321 322 323 
324 325 326 327 328 329 330 331 332 
333 334 335 336 337 338 339 340 341 
342 343 344 345 346 347 348 349 350 
351 352 353 354 355 356 357 358 359 
360 361 362 363 364 365 366 367 368 
369 370 371 372 373 374 375 376 377 
378 379 380 381 382 383 384 385 386 
387 388 389 390 391 392 393 394 395 
396 397 398 399 400 401 402 403 404 
405 406 407 408 409 410 411 412 413 
414 415 416 417 418 419 420 421 422 
423 424 425 426 427 428 429 430 431 
432 433 434 435 436 437 438 439 440 
441 442 443 444 445 446 447 448 449 
450 451 452 453 454 455 456 457 458 
459 460 461 462 463 464 465 466 467 
468 469 470 471 472 473 474 475 476 
477 478 479 480 481 482 483 484 485 
486 487 488 489 490 491 492 493 494 
495 496 497 498 499 500 501 502 503 
504 505 506 507 508 509 510 511 512 
513 514 515 516 517 518 519 520 521 
522 523 524 525 526 527 528 529 530 
531 532 533 534 535 536 537 538 539 
540 541 542 543 544 545 546 547 548 
549 550 551 552 553 554 555 556 557 
558 559 560 561 562 563 564 565 566 
567 568 569 570 571 572 573 574 575 
576 577 578 579 580 581 582 583 584 
585 586 587 588 589 590 591 592 593 
594 595 596 597 598 599 600 601 602 
603 604 605 606 607 608 609 610 611 
612 613 614 615 616 617 618 619 620 
621 622 623 624 625 626 627 628 629 
630 631 632 633 634 635 636 637 638 
639 640 641 642 643 644 645 646 647 
648 649 650 651 652 653 654 655 656 
657 658 659 660 661 662 663 664 665 
666 667 668 669 670 671 672 673 674 
675 676 677 678 679 680 681 682 683 
684 685 686 687 688 689 690 691 692 
693 694 695 696 697 698 699 700 701 
702 703 704 705 706 707 708 709 710 
711 712 713 714 715 716 717 718 719 
720 721 722 723 724 725 726 727 728 
729 730 731 732 733 734 735 736 737 
738 739 740 741 742 743 744 745 746 
747 748 749 750 751 752 753 754 755 
756 757 758 759 760 761 762 763 764 
765 766 767 768 769 770 771 772 773 
774 775 776 777 778 779 780 781 782 
783 784 785 786 787 788 789 790 791 
792 793 794 795 796 797 798 799 800 
801 802 803 804 805 806 807 808 809 
810 811 812 813 814 815 816 817 818 
819 820 821 822 823 824 825 826 827 
828 829 830 831 832 833 834 835 836 
837 838 839 840 841 842 843 844 845 
846 847 848 849 850 851 852 853 854 
855 856 857 858 859 860 861 862 863 
864 865 866 867 868 869 870 871 872 
873 874 875 876 877 878 879 880 881 
882 883 884 885 886 887 888 889 890 
891 892 893 894 895 896 897 898 899 
900 901 902 903 904 905 906 907 908 
909 910 911 912 913 914 915 916 917 
918 919 920 921 922 923 924 925 926 
927 928 929 930 931 932 933 934 935 
936 937 938 939 940 941 942 943 944 
945 946 947 948 949 950 951 952 953 
954 955 956 957 958 959 960 961 962 
963 964 965 966 967 968 969 970 971 
972 973 974 975 976 977 978 979 980 
981 982 983 984 985 986 987 988 989 
990 991 992 993 994 995 996 997 998 
999 1000 1001 1002 1003 1004 1005 1006 1007 
1008 1009 1010 1011 1012 1013 1014 1015 1016 
1017 1018 1019 1020 1021 1022 1023 1024 1025 
1026 1027 1028 1029 1030 1031 1032 1033 1034 
1035 1036 1037 1038 1039 1040 1041 1042 1043 
1044 1045 1046 1047 1048 1049 1050 1051 1052 
1053 1054 1055 1056 1057 1058 1059 1060 1061 
1062 1063 1064 1065 1066 1067 1068 1069 1070 
1071 1072 1073 1074 1075 1076 1077 1078 1079 
1080 1081 1082 1083 1084 1085 1086 1087 1088 
1089 1090 1091 1092 1093 1094 1095 1096 1097 
1098 1099 1100 1101 1102 1103 1104 1105 1106 
1107 1108 1109 1110 1111 1112 1113 1114 1115 
1116 1117 1118 1119 1120 1121 1122 1123 1124 
1125 1126 1127 1128 1129 1130 1131 1132 1133 
1134 1135 1136 1137 1138 1139 1140 1141 1142 
1143 1144 1145 1146 1147 1148 1149 1150 1151 
1152 1153 1154 1155 1156 1157 1158 1159 1160 
1161 1162 1163 1164 1165 1166 1167 1168 1169 
1170 1171 1172 1173 1174 1175 1176 1177 1178 
1179 1180 1181 1182 1183 1184 1185 1186 1187 
1188 1189 1190 1191 1192 1193 1194 1195 1196 
1197 1198 1199 1200 1201 1202 1203 1204 1205 
1206 1207 1208 1209 1210 1211 1212 1213 1214 
1215 1216 1217 1218 1219 1220 1221 1222 1223 
1224 1225 1226 1227 1228 1229 1230 1231 1232 
1233 1234 1235 1236 1237 1238 1239 1240 1241 
1242 1243 1244 1245 1246 1247 1248 1249 1250 
1251 1252 1253 1254 1255 1256 1257 1258 1259 
1260 1261 1262 1263 1264 1265 1266 1267 1268 
1269 1270 1271 1272 1273 1274 1275 1276 1277 
1278 1279 1280 1281 1282 1283 1284 1285 1286 
1287 1288 1289 1290 1291 1292 1293 1294 1295 
1296 1297 1298 1299 1300 1301 1302 1303 1304 
1305 1306 1307 1308 1309 1310 1311 1312 1313 
1314 1315 1316 1317 1318 1319 1320 1321 1322 
1323 1324 1325 1326 1327 1328 1329 1330 1331 
1332 1333 1334 1335 1336 1337 1338 1339 1340 
1341 1342 1343 1344 1345 1346 1347 1348 1349 
1350 1351 1352 1353 1354 1355 1356 1357 1358 
1359 1360 1361 1362 1363 1364 1365 1366 1367 
1368 1369 1370 1371 1372 1373 1374 1375 1376 
1377 1378 1379 1380 1381 1382 1383 1384 1385 
1386 1387 1388 1389 1390 1391 1392 1393 1394 
1395 1396 1397 1398 1399 1400 1401 1402 1403 
1404 1405 1406 1407 1408 1409 1410 1411 1412 
1413 1414 1415 1416 1417 1418 1419 1420 1421 
1422 1423 1424 1425 1426 1427 1428 1429 1430 
1431 1432 1433 1434 1435 1436 1437 1438 1439 
1440 1441 1442 1443 1444 1445 1446 1447 1448 
1449 1450 1451 1452 1453 1454 1455 1456 1457 
1458 1459 1460 1461 1462 1463 1464 1465 1466 
1467 1468 1469 1470 1471 1472 1473 1474 1475 
1476 1477 1478 1479 1480 1481 1482 1483 1484 
1485 1486 1487 1488 1489 1490 1491 1492 1493 
1494 1495 1496 1497 1498 1499 1500 1501 1502 
1503 1504 1505 1506 1507 1508 1509 1510 1511 
1512 1513 1514 1515 1516 1517 1518 1519 1520 
1521 1522 1523 1524 1525 1526 1527 1528 1529 
1530 1531 1532 1533 1534 1535 1536 1537 1538 
1539 1540 1541 1542 1543 1544 1545 1546 1547 
1548 1549 1550 1551 1552 1553 1554 1555 1556 
1557 1558 1559 1560 1561 1562 1563 1564 1565 
1566 1567 1568 1569 1570 1571 1572 1573 1574 
1575 1576 1577 1578 1579 1580 1581 1582 1583 
1584 1585 1586 1587 1588 1589 1590 1591 1592 
1593 1594 1595 1596 1597 1598 1599 1600 1601 
1602 1603 1604 1605 1606 1607 1608 1609 1610 
1611 1612 1613 1614 1615 1616 1617 1618 1619 
1620 1621 1622 1623 1624 1625 1626 1627 1628 
1629 1630 1631 1632 1633 1634 1635 1636 1637 
1638 1639 1640 1641 1642 1643 1644 1645 1646 
1647 1648 1649 1650 1651 1652 1653 1654 1655 
1656 1657 1658 1659 1660 1661 1662 1663 1664 
1665 1666 1667 1668 1669 1670 1671 1672 1673 
1674 1675 1676 1677 1678 1679 1680 1681 1682 
1683 1684 1685 1686 1687 1688 1689 1690 1691 
1692 1693 1694 1695 1696 1697 1698 1699 1700 
1701 1702 1703 1704 1705 1706 1707 1708 1709 
1710 1711 1712 1713 1714 1715 1716 1717 1718 
1719 1720 1721 1722 1723 1724 1725 1726 1727 
1728 1729 1730 1731 1732 1733 1734 1735 1736 
1737 1738 1739 1740 1741 1742 1743 1744 1745 
1746 1747 1748 1749 1750 1751 1752 1753 1754 
1755 1756 1757 1758 1759 1760 1761 1762 1763 
1764 1765 1766 1767 1768 1769 1770 1771 1772 
1773 1774 1775 1776 1777 1778 1779 1780 1781 
1782 1783 1784 1785 1786 1787 1788 1789 1790 
1791 1792 1793 1794 1795 1796 1797 1798 1799 
1800 1801 1802 1803 1804 1805 1806 1807 1808 
1809 1810 1811 1812 1813 1814 1815 1816 1817 
1818 1819 1820 1821 1822 1823 1824 1825 1826 
1827 1828 1829 1830 1831 1832 1833 1834 1835 
1836 1837 1838 1839 1840 1841 1842 1843 1844 
1845 1846 1847 1848 1849 1850 1851 1852 1853 
1854 1855 1856 1857 1858 1859 1860 1861 1862 
1863 1864 1865 1866 1867 1868 1869 1870 1871 
1872 1873 1874 1875 1876 1877 1878 1879 1880 
1881 1882 1883 1884 1885 1886 1887 1888 1889 
1890 1891 1892 1893 1894 1895 1896 1897 1898 
1899 1900 1901 1902 1903 1904 1905 1906 1907 
1908 1909 1910 1911 1912 1913 1914 1915 1916 
1917 1918 1919 1920 1921 1922 1923 1924 1925 
1926 1927 1928 1929 1930 1931 1932 1933 1934 
1935 1936 1937 1938 1939 1940 1941 1942 1943 
1944 1945 1946 1947 1948 1949 1950 1951 1952 
1953 1954 1955 1956 1957 1958 1959 1960 1961 
1962 1963 1964 1965 1966 1967 1968 1969 1970 
1971 1972 1973 1974 1975 1976 1977 1978 1979 
1980 1981 1982 1983 1984 1985 1986 1987 1988 
1989 1990 1991 1992 1993 1994 1995 1996 1997 
1998 1999 2000 2001 2002 2003 2004 2005 2006 
2007 2008 2009 2010 2011 2012 2013 2014 2015 
2016 2017 2018 2019 2020 2021 2022 2023 2024 
2025 2026 2027 2028 2029 2030 2031 2032 2033 
2034 2035 2036 2037 2038 2039 2040 2041 2042 
2043 2044 2045 2046 2047 2048 2049 2050 2051 
2052 2053 2054 2055 2056 2057 2058 2059 2060 
2061 2062 2063 2064 2065 2066 2067 2068 2069 
2070 2071 2072 2073 2074 2075 2076 2077 2078 
2079 2080 2081 2082 2083 2084 2085 2086 2087 
2088 2089 2090 2091 2092 2093 2094 2095 2096 
2097 2098 2099 2100 2101 2102 2103 2104 2105 
2106 2107 2108 2109 2110 2111 2112 2113 2114 
2115 2116 2117 2118 2119 2120 2121 2122 2123 
2124 2125 2126 2127 2128 2129 2130 2131 2132 
2133 2134 2135 2136 2137 2138 2139 2140 2141 
2142 2143 2144 2145 2146 2147 2148 2149 2150 
2151 2152 2153 2154 2155 2156 2157 2158 2159 
2160 2161 2162 2163 2164 2165 2166 2167 2168 
2169 2170 2171 2172 2173 2174 2175 2176 2177 
2178 2179 2180 2181 2182 2183 2184 2185 2186 
2187 2188 2189 2190 2191 2192 2193 2194 2195 
2196 2197 2198 2199 2200 2201 2202 2203 2204 
2205 2206 2207 2208 2209 2210 2211 2212 2213 
2214 2215 2216 2217 2218 2219 2220 2221 2222 
2223 2224 2225 2226 2227 2228 2229 2230 2231 
2232 2233 2234 2235 2236 2237 2238 2239 2240 
2241 2242 2243 2244 2245 2246 2247 2248 2249 
2250 2251 2252 2253 2254 2255 2256 2257 2258 
2259 2260 2261 2262 2263 2264 2265 2266 2267 
2268 2269 2270 2271 2272 2273 2274 2275 2276 
2277 2278 2279 2280 2281 2282 2283 2284 2285 
2286 2287 2288 2289 2290 2291 2292 2293 2294 
2295 2296 2297 2298 2299 2300 2301 2302 2303 
2304 2305 2306 2307 2308 2309 2310 2311 2312 
2313 2314 2315 2316 2317 2318 2319 2320 2321 
2322 2323 2324 2325 2326 2327 2328 2329 2330 
2331 2332 2333 2334 2335 2336 2337 2338 2339 
2340 2341 2342 2343 2344 2345 2346 2347 2348 
2349 2350 2351 2352 2353 2354 2355 2356 2357 
2358 2359 2360 2361 2362 2363 2364 2365 2366 
2367 2368 2369 2370 2371 2372 2373 2374 2375 
2376 2377 2378 2379 2380 2381 2382 2383 2384 
2385 2386 2387 2388 2389 2390 2391 2392 2393 
2394 2395 2396 2397 2398 2399 2400 2401 2402 
2403 2404 2405 2406 2407 2408 2409 2410 2411 
2412 2413 2414 2415 2416 2417 2418 2419 2420 
2421 2422 2423 2424 2425 2426 2427 2428 2429 
2430 2431 2432 2433 2434 2435 2436 2437 2438 
2439 2440 2441 2442 2443 2444 2445 2446 2447 
2448 2449 2450 2451 2452 2453 2454 2455 2456 
2457 2458 2459 2460 2461 2462 2463 2464 2465 
2466 2467 2468 2469 2470 2471 2472 2473 2474 
2475 2476 2477 2478 2479 2480 2481 2482 2483 
2484 2485 2486 2487 2488 2489 2490 2491 2492 
2493 2494 2495 2496 2497 2498 2499 2500 2501 
2502 2503 2504 2505 2506 2507 2508 2509 2510 
2511 2512 2513 2514 2515 2516 2517 2518 2519 
2520 2521 2522 2523 2524 2525 2526 2527 2528 
2529 2530 2531 2532 2533 2534 2535 2536 2537 
2538 2539 2540 2541 2542 2543 2544 2545 2546 
2547 2548 2549 2550 2551 2552 2553 2554 2555 
2556 2557 2558 2559 2560 2561 2562 2563 2564 
2565 2566 2567 2568 2569 2570 2571 2572 2573 
2574 2575 2576 2577 2578 2579 2580 2581 2582 
2583 2584 2585 2586 2587 2588 2589 2590 2591 
2592 2593 2594 2595 2596 2597 2598 2599 2600 
2601 2602 2603 2604 2605 2606 2607 2608 2609 
2610 2611 2612 2613 2614 2615 2616 2617 2618 
2619 2620 2621 2622 2623 2624 2625 2626 2627 
2628 2629 2630 2631 2632 2633 2634 2635 2636 
2637 2638 2639 2640 2641 2642 2643 2644 2645 
2646 2647 2648 2649 2650 2651 2652 2653 2654 
2655 2656 2657 2658 2659 2660 2661 2662 2663 
2664 2665 2666 2667 2668 2669 2670 2671 2672 
2673 2674 2675 2676 2677 2678 2679 2680 2681 
2682 2683 2684 2685 2686 2687 2688 2689 2690 
2691 2692 2693 2694 2695 2696 2697 2698 2699 
2700 2701 2702 2703 2704 2705 2706 2707 2708 
2709 2710 2711 2712 2713 2714 2715 2716 2717 
2718 2719 2720 2721 2722 2723 2724 2725 2726 
2727 2728 2729 2730 2731 2732 2733 2734 2735 
2736 2737 2738 2739 2740 2741 2742 2743 2744 
2745 2746 2747 2748 2749 2750 2751 2752 2753 
2754 2755 2756 2757 2758 2759 2760 2761 2762 
2763 2764 2765 2766 2767 2768 2769 2770 2771 
2772 2773 2774 2775 2776 2777 2778 2779 2780 
2781 2782 2783 2784 2785 2786 2787 2788 2789 
2790 2791 2792 2793 2794 2795 2796 2797 2798 
2799 2800 2801 2802 2803 2804 2805 2806 2807 
2808 2809 2810 2811 2812 2813 2814 2815 2816 
2817 2818 2819 2820 2821 2822 2823 2824 2825 
2826 2827 2828 2829 2830 2831 2832 2833 2834 
2835 2836 2837 2838 2839 2840 2841 2842 2843 
2844 2845 2846 2847 2848 2849 2850 2851 2852 
2853 2854 2855 2856 2857 2858 2859 2860 2861 
2862 2863 2864 2865 2866 2867 2868 2869 2870 
2871 2872 2873 2874 2875 2876 2877 2878 2879 
2880 2881 2882 2883 2884 2885 2886 2887 2888 
2889 2890 2891 2892 2893 2894 2895 2896 2897 
2898 2899 2900 2901 2902 2903 2904 2905 2906 
2907 2908 2909 2910 2911 2912 2913 2914 2915 
2916 2917 2918 2919 2920 2921 2922 2923 2924 
2925 2926 2927 2928 2929 2930 2931 2932 2933 
2934 2935 2936 2937 2938 2939 2940 2941 2942 
2943 2944 2945 2946 2947 2948 2949 2950 2951 
2952 2953 2954 2955 2956 2957 2958 2959 2960 
2961 2962 2963 2964 2965 2966 2967 2968 2969 
2970 2971 2972 2973 2974 2975 2976 2977 2978 
2979 2980 2981 2982 2983 2984 2985 2986 2987 
2988 2989 2990 2991 2992 2993 2994 2995 2996 
2997 2998 2999 3000 3001 3002 3003 3004 3005 
3006 3007 3008 3009 3010 3011 3012 3013 3014 
3015 3016 3017 3018 3019 3020 3021 3022 3023 
3024 3025 3026 3027 3028 3029 3030 3031 3032 
3033 3034 3035 3036 3037 3038 3039 3040 3041 
3042 3043 3044 3045 3046 3047 3048 3049 3050 
3051 3052 3053 3054 3055 3056 3057 3058 3059 
3060 3061 3062 3063 3064 3065 3066 3067 3068 
3069 3070 3071 3072 3073 3074 3075 3076 3077 
3078 3079 3080 3081 3082 3083 3084 3085 3086 
3087 3088 3089 3090 3091 3092 3093 3094 3095 
3096 3097 3098 3099 3100 3101 3102 3103 3104 
3105 3106 3107 3108 3109 3110 3111 3112 3113 
3114 3115 3116 3117 3118 3119 3120 3121 3122 
3123 3124 3125 3126 3127 3128 3129 3130 3131 
3132 3133 3134 3135 3136 3137 3138 3139 3140 
3141 3142 3143 3144 3145 3146 3147 3148 3149 
3150 3151 3152 3153 3154 3155 3156 3157 3158 
3159 3160 3161 3162 3163 3164 3165 3166 3167 
3168 3169 3170 3171 3172 3173 3174 3175 3176 
3177 3178 3179 3180 3181 3182 3183 3184 3185 
3186 3187 3188 3189 3190 3191 3192 3193 3194 
3195 3196 3197 3198 3199 3200 3201 3202 3203 
3204 3205 3206 3207 3208 3209 3210 3211 3212 
3213 3214 3215 3216 3217 3218 3219 3220 3221 
3222 3223 3224 3225 3226 3227 3228 3229 3230 
3231 3232 3233 3234 3235 3236 3237 3238 3239 
3240 3241 3242 3243 3244 3245 3246 3247 3248 
3249 3250 3251 3252 3253 3254 3255 3256 3257 
3258 3259 3260 3261 3262 3263 3264 3265 3266 
3267 3268 3269 3270 3271 3272 3273 3274 3275 
3276 3277 3278 3279 3280 3281 3282 3283 3284 
3285 3286 3287 3288 3289 3290 3291 3292 3293 
3294 3295 3296 3297 3298 3299 3300 3301 3302 
3303 3304 3305 3306 3307 3308 3309 3310 3311 
3312 3313 3314 3315 3316 3317 3318 3319 3320 
3321 3322 3323 3324 3325 3326 3327 3328 3329 
3330 3331 3332 3333 3334 3335 3336 3337 3338 
3339 3340 3341 3342 3343 3344 3345 3346 3347 
3348 3349 3350 3351 3352 3353 3354 3355 3356 
3357 3358 3359 3360 3361 3362 3363 3364 3365 
3366 3367 3368 3369 3370 3371 3372 3373 3374 
3375 3376 3377 3378 3379 3380 3381 3382 3383 
3384 3385 3386 3387 3388 3389 3390 3391 3392 
3393 3394 3395 3396 3397 3398 3399 3400 3401 
3402 3403 3404 3405 3406 3407 3408 3409 3410 
3411 3412 3413 3414 3415 3416 3417 3418 3419 
3420 3421 3422 3423 3424 3425 3426 3427 3428 
3429 3430 3431 3432 3433 3434 3435 3436 3437 
3438 3439 3440 3441 3442 3443 3444 3445 3446 
3447 3448 3449 3450 3451 3452 3453 3454 3455 
3456 3457 3458 3459 3460 3461 3462 3463 3464 
3465 3466 3467 3468 3469 3470 3471 3472 3473 
3474 3475 3476 3477 3478 3479 3480 3481 3482 
3483 3484 3485 3486 3487 3488 3489 3490 3491 
3492 3493 3494 3495 3496 3497 3498 3499 3500 
3501 3502 3503 3504 3505 3506 3507 3508 3509 
3510 3511 3512 3513 3514 3515 3516 3517 3518 
3519 3520 3521 3522 3523 3524 3525 3526 3527 
3528 3529 3530 3531 3532 3533 3534 3535 3536 
3537 3538 3539 3540 3541 3542 3543 3544 3545 
3546 3547 3548 3549 3550 3551 3552 3553 3554 
3555 3556 3557 3558 3559 3560 3561 3562 3563 
3564 3565 3566 3567 3568 3569 3570 3571 3572 
3573 3574 3575 3576 3577 3578 3579 3580 3581 
3582 3583 3584 3585 3586 3587 3588 3589 3590 
3591 3592 3593 3594 3595 3596 3597 3598 3599 
3600 3601 3602 3603 3604 3605 3606 3607 3608 
3609 3610 3611 3612 3613 3614 3615 3616 3617 
3618 3619 3620 3621 3622 3623 3624 3625 3626 
3627 3628 3629 3630 3631 3632 3633 3634 3635 
3636 3637 3638 3639 3640 3641 3642 3643 3644 
3645 3646 3647 3648 3649 3650 3651 3652 3653 
3654 3655 3656 3657 3658 3659 3660 3661 3662 
3663 3664 3665 3666 3667 3668 3669 3670 3671 
3672 3673 3674 3675 3676 3677 3678 3679 3680 
3681 3682 3683 3684 3685 3686 3687 3688 3689 
3690 3691 3692 3693 3694 3695 3696 3697 3698 
3699 3700 3701 3702 3703 3704 3705 3706 3707 
3708 3709 3710 3711 3712 3713 3714 3715 3716 
3717 3718 3719 3720 3721 3722 3723 3724 3725 
3726 3727 3728 3729 3730 3731 3732 3733 3734 
3735 3736 3737 3738 3739 3740 3741 3742 3743 
3744 3745 3746 3747 3748 3749 3750 3751 3752 
3753 3754 3755 3756 3757 3758 3759 3760 3761 
3762 3763 3764 3765 3766 3767 3768 3769 3770 
3771 3772 3773 3774 3775 3776 3777 3778 3779 
3780 3781 3782 3783 3784 3785 3786 3787 3788 
3789 3790 3791 3792 3793 3794 3795 3796 3797 
3798 3799 3800 3801 3802 3803 3804 3805 3806 
3807 3808 3809 3810 3811 3812 3813 3814 3815 
3816 3817 3818 3819 3820 3821 3822 3823 3824 
3825 3826 3827 3828 3829 3830 3831 3832 3833 
3834 3835 3836 3837 3838 3839 3840 3841 3842 
3843 3844 3845 3846 3847 3848 3849 3850 3851 
3852 3853 3854 3855 3856 3857 3858 3859 3860 
3861 3862 3863 3864 3865 3866 3867 3868 3869 
3870 3871 3872 3873 3874 3875 3876 3877 3878 
3879 3880 3881 3882 3883 3884 3885 3886 3887 
3888 3889 3890 3891 3892 3893 3894 3895 3896 
3897 3898 3899 3900 3901 3902 3903 3904 3905 
3906 3907 3908 3909 3910 3911 3912 3913 3914 
3915 3916 3917 3918 3919 3920 3921 3922 3923 
3924 3925 3926 3927 3928 3929 3930 3931 3932 
3933 3934 3935 3936 3937 3938 3939 3940 3941 
3942 3943 3944 3945 3946 3947 3948 3949 3950 
3951 3952 3953 3954 3955 3956 3957 3958 3959 
3960 3961 3962 3963 3964 3965 3966 3967 3968 
3969 3970 3971 3972 3973 3974 3975 3976 3977 
3978 3979 3980 3981 3982 3983 3984 3985 3986 
3987 3988 3989 3990 3991 3992 3993 3994 3995 
3996 3997 3998 3999 4000 4001 4002 4003 4004 
4005 4006 4007 4008 4009 4010 4011 4012 4013 
4014 4015 4016 4017 4018 4019 4020 4021 4022 
4023 4024 4025 4026 4027 4028 4029 4030 4031 
4032 4033 4034 4035 4036 4037 4038 4039 4040 
4041 4042 4043 4044 4045 4046 4047 4048 4049 
4050 4051 4052 4053 4054 4055 4056 4057 4058 
4059 4060 4061 4062 4063 4064 4065 4066 4067 
4068 4069 4070 4071 4072 4073 4074 4075 4076 
4077 4078 4079 4080 4081 4082 4083 4084 4085 
4086 4087 4088 4089 4090 4091 4092 4093 4094 
4095 4096 4097 4098 4099 4100 4101 4102 4103 
4104 4105 4106 4107 4108 4109 4110 4111 4112 
4113 4114 4115 4116 4117 4118 4119 4120 4121 
4122 4123 4124 4125 4126 4127 4128 4129 4130 
4131 4132 4133 4134 4135 4136 4137 4138 4139 
4140 4141 4142 4143 4144 4145 4146 4147 4148 
4149 4150 4151 4152 4153 4154 4155 4156 4157 
4158 4159 4160 4161 4162 4163 4164 4165 4166 
4167 4168 4169 4170 4171 4172 4173 4174 4175 
4176 4177 4178 4179 4180 4181 4182 4183 4184 
4185 4186 4187 4188 4189 4190 4191 4192 4193 
4194 4195 4196 4197 4198 4199 4200 4201 4202 
4203 4204 4205 4206 4207 4208 4209 4210 4211 
4212 4213 4214 4215 4216 4217 4218 4219 4220 
4221 4222 4223 4224 4225 4226 4227 4228 4229 
4230 4231 4232 4233 4234 4235 4236 4237 4238 
4239 4240 4241 4242 4243 4244 4245 4246 4247 
4248 4249 4250 4251 4252 4253 4254 4255 4256 
4257 4258 4259 4260 4261 4262 4263 4264 4265 
4266 4267 4268 4269 4270 4271 4272 4273 4274 
4275 4276 4277 4278 4279 4280 4281 4282 4283 
4284 4285 4286 4287 4288 4289 4290 4291 4292 
4293 4294 4295 4296 4297 4298 4299 4300 4301 
4302 4303 4304 4305 4306 4307 4308 4309 4310 
4311 4312 4313 4314 4315 4316 4317 4318 4319 
4320 4321 4322 4323 4324 4325 4326 4327 4328 
4329 4330 4331 4332 4333 4334 4335 4336 4337 
4338 4339 4340 4341 4342 4343 4344 4345 4346 
4347 4348 4349 4350 4351 4352 4353 4354 4355 
4356 4357 4358 4359 4360 4361 4362 4363 4364 
4365 4366 4367 4368 4369 4370 4371 4372 4373 
4374 4375 4376 4377 4378 4379 4380 4381 4382 
4383 4384 4385 4386 4387 4388 4389 4390 4391 
4392 4393 4394 4395 4396 4397 4398 4399 4400 
4401 4402 4403 4404 4405 4406 4407 4408 4409 
4410 4411 4412 4413 4414 4415 4416 4417 4418 
4419 4420 4421 4422 4423 4424 4425 4426 4427 
4428 4429 4430 4431 4432 4433 4434 4435 4436 
4437 4438 4439 4440 4441 4442 4443 4444 4445 
4446 4447 4448 4449 4450 4451 4452 4453 4454 
4455 4456 4457 4458 4459 4460 4461 4462 4463 
4464 4465 4466 4467 4468 4469 4470 4471 4472 
4473 4474 4475 4476 4477 4478 4479 4480 4481 
4482 4483 4484 4485 4486 4487 4488 4489 4490 
4491 4492 4493 4494 4495 4496 4497 4498 4499 
4500 4501 4502 4503 4504 4505 4506 4507 4508 
4509 4510 4511 4512 4513 4514 4515 4516 4517 
4518 4519 4520 4521 4522 4523 4524 4525 4526 
4527 4528 4529 4530 4531 4532 4533 4534 4535 
4536 4537 4538 4539 4540 4541 4542 4543 4544 
4545 4546 4547 4548 4549 4550 4551 4552 4553 
4554 4555 4556 4557 4558 4559 4560 4561 4562 
4563 4564 4565 4566 4567 4568 4569 4570 4571 
4572 4573 4574 4575 4576 4577 4578 4579 4580 
4581 4582 4583 4584 4585 4586 4587 4588 4589 
4590 4591 4592 4593 4594 4595 4596 4597 4598 
4599 4600 4601 4602 4603 4604 4605 4606 4607 
4608 4609 4610 4611 4612 4613 4614 4615 4616 
4617 4618 4619 4620 4621 4622 4623 4624 4625 
4626 4627 4628 4629 4630 4631 4632 4633 4634 
4635 4636 4637 4638 4639 4640 4641 4642 4643 
4644 4645 4646 4647 4648 4649 4650 4651 4652 
4653 4654 4655 4656 4657 4658 4659 4660 4661 
4662 4663 4664 4665 4666 4667 4668 4669 4670 
4671 4672 4673 4674 4675 4676 4677 4678 4679 
4680 4681 4682 4683 4684 4685 4686 4687 4688 
4689 4690 4691 4692 4693 4694 4695 4696 4697 
4698 4699 4700 4701 4702 4703 4704 4705 4706 
4707 4708 4709 4710 4711 4712 4713 4714 4715 
4716 4717 4718 4719 4720 4721 4722 4723 4724 
4725 4726 4727 4728 4729 4730 4731 4732 4733 
4734 4735 4736 4737 4738 4739 4740 4741 4742 
4743 4744 4745 4746 4747 4748 4749 4750 4751 
4752 4753 4754 4755 4756 4757 4758 4759 4760 
4761 4762 4763 4764 4765 4766 4767 4768 4769 
4770 4771 4772 4773 4774 4775 4776 4777 4778 
4779 4780 4781 4782 4783 4784 4785 4786 4787 
4788 4789 4790 4791 4792 4793 4794 4795 4796 
4797 4798 4799 4800 4801 4802 4803 4804 4805 
4806 4807 4808 4809 4810 4811 4812 4813 4814 
4815 4816 4817 4818 4819 4820 4821 4822 4823 
4824 4825 4826 4827 4828 4829 4830 4831 4832 
4833 4834 4835 4836 4837 4838 4839 4840 4841 
4842 4843 4844 4845 4846 4847 4848 4849 4850 
4851 4852 4853 4854 4855 4856 4857 4858 4859 
4860 4861 4862 4863 4864 4865 4866 4867 4868 
4869 4870 4871 4872 4873 4874 4875 4876 4877 
4878 4879 4880 4881 4882 4883 4884 4885 4886 
4887 4888 4889 4890 4891 4892 4893 4894 4895 
4896 4897 4898 4899 4900 4901 4902 4903 4904 
4905 4906 4907 4908 4909 4910 4911 4912 4913 
4914 4915 4916 4917 4918 4919 4920 4921 4922 
4923 4924 4925 4926 4927 4928 4929 4930 4931 
4932 4933 4934 4935 4936 4937 4938 4939 4940 
4941 4942 4943 4944 4945 4946 4947 4948 4949 
4950 4951 4952 4953 4954 4955 4956 4957 4958 
4959 4960 4961 4962 4963 4964 4965 4966 4967 
4968 4969 4970 4971 4972 4973 4974 4975 4976 
4977 4978 4979 4980 4981 4982 4983 4984 4985 
4986 4987 4988 4989 4990 4991 4992 4993 4994 
4995 4996 4997 4998 4999 5000 5001 5002 5003 
5004 5005 5006 5007 5008 5009 5010 5011 5012 
5013 5014 5015 5016 5017 5018 5019 5020 5021 
5022 5023 5024 5025 5026 5027 5028 5029 5030 
5031 5032 5033 5034 5035 5036 5037 5038 5039 
5040 5041 5042 5043 5044 5045 5046 5047 5048 
5049 5050 5051 5052 5053 5054 5055 5056 5057 
5058 5059 5060 5061 5062 5063 5064 5065 5066 
5067 5068 5069 5070 5071 5072 5073 5074 5075 
5076 5077 5078 5079 5080 5081 5082 5083 5084 
5085 5086 5087 5088 5089 5090 5091 5092 5093 
5094 5095 5096 5097 5098 5099 5100 5101 5102 
5103 5104 5105 5106 5107 5108 5109 5110 5111 
5112 5113 5114 5115 5116 5117 5118 5119 5120 
5121 5122 5123 5124 5125 5126 5127 5128 5129 
5130 5131 5132 5133 5134 5135 5136 5137 5138 
5139 5140 5141 5142 5143 5144 5145 5146 5147 
5148 5149 5150 5151 5152 5153 5154 5155 5156 
5157 5158 5159 5160 5161 5162 5163 5164 5165 
5166 5167 5168 5169 5170 5171 5172 5173 5174 
5175 5176 5177 5178 5179 5180 5181 5182 5183 
5184 5185 5186 5187 5188 5189 5190 5191 5192 
5193 5194 5195 5196 5197 5198 5199 5200 5201 
5202 5203 5204 5205 5206 5207 5208 5209 5210 
5211 5212 5213 5214 5215 5216 5217 5218 5219 
5220 5221 5222 5223 5224 5225 5226 5227 5228 
5229 5230 5231 5232 5233 5234 5235 5236 5237 
5238 5239 5240 5241 5242 5243 5244 5245 5246 
5247 5248 5249 5250 5251 5252 5253 5254 5255 
5256 5257 5258 5259 5260 5261 5262 5263 5264 
5265 5266 5267 5268 5269 5270 5271 5272 5273 
5274 5275 5276 5277 5278 5279 5280 5281 5282 
5283 5284 5285 5286 5287 5288 5289 5290 5291 
5292 5293 5294 5295 5296 5297 5298 5299 5300 
5301 5302 5303 5304 5305 5306 5307 5308 5309 
5310 5311 5312 5313 5314 5315 5316 5317 5318 
5319 5320 5321 5322 5323 5324 5325 5326 5327 
5328 5329 5330 5331 5332 5333 5334 5335 5336 
5337 5338 5339 5340 5341 5342 5343 5344 5345 
5346 5347 5348 5349 5350 5351 5352 5353 5354 
5355 5356 5357 5358 5359 5360 5361 5362 5363 
5364 5365 5366 5367 5368 5369 5370 5371 5372 
5373 5374 5375 5376 5377 5378 5379 5380 5381 
5382 5383 5384 5385 5386 5387 5388 5389 5390 
5391 5392 5393 5394 5395 5396 5397 5398 5399 
5400 5401 5402 5403 5404 5405 5406 5407 5408 
5409 5410 5411 5412 5413 5414 5415 5416 5417 
5418 5419 5420 5421 5422 5423 5424 5425 5426 
5427 5428 5429 5430 5431 5432 5433 5434 5435 
5436 5437 5438 5439 5440 5441 5442 5443 5444 
5445 5446 5447 5448 5449 5450 5451 5452 5453 
5454 5455 5456 5457 5458 5459 5460 5461 5462 
5463 5464 5465 5466 5467 5468 5469 5470 5471 
5472 5473 5474 5475 5476 5477 5478 5479 5480 
5481 5482 5483 5484 5485 5486 5487 5488 5489 
5490 5491 5492 5493 5494 5495 5496 5497 5498 
5499 5500 5501 5502 5503 5504 5505 5506 5507 
5508 5509 5510 5511 5512 5513 5514 5515 5516 
5517 5518 5519 5520 5521 5522 5523 5524 5525 
5526 5527 5528 5529 5530 5531 5532 5533 5534 
5535 5536 5537 5538 5539 5540 5541 5542 5543 
5544 5545 5546 5547 5548 5549 5550 5551 5552 
5553 5554 5555 5556 5557 5558 5559 5560 5561 
5562 5563 5564 5565 5566 5567 5568 5569 5570 
5571 5572 5573 5574 5575 5576 5577 5578 5579 
5580 5581 5582 5583 5584 5585 5586 5587 5588 
5589 5590 5591 5592 5593 5594 5595 5596 5597 
5598 5599 5600 5601 5602 5603 5604 5605 5606 
5607 5608 5609 5610 5611 5612 5613 5614 5615 
5616 5617 5618 5619 5620 5621 5622 5623 5624 
5625 5626 5627 5628 5629 5630 5631 5632 5633 
5634 5635 5636 5637 5638 5639 5640 5641 5642 
5643 5644 5645 5646 5647 5648 5649 5650 5651 
5652 5653 5654 5655 5656 5657 5658 5659 5660 
5661 5662 5663 5664 5665 5666 5667 5668 5669 
5670 5671 5672 5673 5674 5675 5676 5677 5678 
5679 5680 5681 5682 5683 5684 5685 5686 5687 
5688 5689 5690 5691 5692 5693 5694 5695 5696 
5697 5698 5699 5700 5701 5702 5703 5704 5705 
5706 5707 5708 5709 5710 5711 5712 5713 5714 
5715 5716 5717 5718 5719 5720 5721 5722 5723 
5724 5725 5726 5727 5728 5729 5730 5731 5732 
5733 5734 5735 5736 5737 5738 5739 5740 5741 
5742 5743 5744 5745 5746 5747 5748 5749 5750 
5751 5752 5753 5754 5755 5756 5757 5758 5759 
5760 5761 5762 5763 5764 5765 5766 5767 5768 
5769 5770 5771 5772 5773 5774 5775 5776 5777 
5778 5779 5780 5781 5782 5783 5784 5785 5786 
5787 5788 5789 5790 5791 5792 5793 5794 5795 
5796 5797 5798 5799 5800 5801 5802 5803 5804 
5805 5806 5807 5808 5809 5810 5811 5812 5813 
5814 5815 5816 5817 5818 5819 5820 5821 5822 
5823 5824 5825 5826 5827 5828 5829 5830 5831 
5832 5833 5834 5835 5836 5837 5838 5839 5840 
5841 5842 5843 5844 5845 5846 5847 5848 5849 
5850 5851 5852 5853 5854 5855 5856 5857 5858 
5859 5860 5861 5862 5863 5864 5865 5866 5867 
5868 5869 5870 5871 5872 5873 5874 5875 5876 
5877 5878 5879 5880 5881 5882 5883 5884 5885 
5886 5887 5888 5889 5890 5891 5892 5893 5894 
5895 5896 5897 5898 5899 5900 5901 5902 5903 
5904 5905 5906 5907 5908 5909 5910 5911 5912 
5913 5914 5915 5916 5917 5918 5919 5920 5921 
5922 5923 5924 5925 5926 5927 5928 5929 5930 
5931 5932 5933 5934 5935 5936 5937 5938 5939 
5940 5941 5942 5943 5944 5945 5946 5947 5948 
5949 5950 5951 5952 5953 5954 5955 5956 5957 
5958 5959 5960 5961 5962 5963 5964 5965 5966 
5967 5968 5969 5970 5971 5972 5973 5974 5975 
5976 5977 5978 5979 5980 5981 5982 5983 5984 
5985 5986 5987 5988 5989 5990 5991 5992 5993 
5994 5995 5996 5997 5998 5999 6000 6001 6002 
6003 6004 6005 6006 6007 6008 6009 6010 6011 
6012 6013 6014 6015 6016 6017 6018 6019 6020 
6021 6022 6023 6024 6025 6026 6027 6028 6029 
6030 6031 6032 6033 6034 6035 6036 6037 6038 
6039 6040 6041 6042 6043 6044 6045 6046 6047 
6048 6049 6050 6051 6052 6053 6054 6055 6056 
6057 6058 6059 6060 6061 6062 6063 6064 6065 
6066 6067 6068 6069 6070 6071 6072 6073 6074 
6075 6076 6077 6078 6079 6080 6081 6082 6083 
6084 6085 6086 6087 6088 6089 6090 6091 6092 
6093 6094 6095 6096 6097 6098 6099 6100 6101 
6102 6103 6104 6105 6106 6107 6108 6109 6110 
6111 6112 6113 6114 6115 6116 6117 6118 6119 
6120 6121 6122 6123 6124 6125 6126 6127 6128 
6129 6130 6131 6132 6133 6134 6135 6136 6137 
6138 6139 6140 6141 6142 6143 6144 6145 6146 
6147 6148 6149 6150 6151 6152 6153 6154 6155 
6156 6157 6158 6159 6160 6161 6162 6163 6164 
6165 6166 6167 6168 6169 6170 6171 6172 6173 
6174 6175 6176 6177 6178 6179 6180 6181 6182 
6183 6184 6185 6186 6187 6188 6189 6190 6191 
6192 6193 6194 6195 6196 6197 6198 6199 6200 
6201 6202 6203 6204 6205 6206 6207 6208 6209 
6210 6211 6212 6213 6214 6215 6216 6217 6218 
6219 6220 6221 6222 6223 6224 6225 6226 6227 
6228 6229 6230 6231 6232 6233 6234 6235 6236 
6237 6238 6239 6240 6241 6242 6243 6244 6245 
6246 6247 6248 6249 6250 6251 6252 6253 6254 
6255 6256 6257 6258 6259 6260 6261 6262 6263 
6264 6265 6266 6267 6268 6269 6270 6271 6272 
6273 6274 6275 6276 6277 6278 6279 6280 6281 
6282 6283 6284 6285 6286 6287 6288 6289 6290 
6291 6292 6293 6294 6295 6296 6297 6298 6299 
6300 6301 6302 6303 6304 6305 6306 6307 6308 
6309 6310 6311 6312 6313 6314 6315 6316 6317 
6318 6319 6320 6321 6322 6323 6324 6325 6326 
6327 6328 6329 6330 6331 6332 6333 6334 6335 
6336 6337 6338 6339 6340 6341 6342 6343 6344 
6345 6346 6347 6348 6349 6350 6351 6352 6353 
6354 6355 6356 6357 6358 6359 6360 6361 6362 
6363 6364 6365 6366 6367 6368 6369 6370 6371 
6372 6373 6374 6375 6376 6377 6378 6379 6380 
6381 6382 6383 6384 6385 6386 6387 6388 6389 
6390 6391 6392 6393 6394 6395 6396 6397 6398 
6399 6400 6401 6402 6403 6404 6405 6406 6407 
6408 6409 6410 6411 6412 6413 6414 6415 6416 
6417 6418 6419 6420 6421 6422 6423 6424 6425 
6426 6427 6428 6429 6430 6431 6432 6433 6434 
6435 6436 6437 6438 6439 6440 6441 6442 6443 
6444 6445 6446 6447 6448 6449 6450 6451 6452 
6453 6454 6455 6456 6457 6458 6459 6460 6461 
6462 6463 6464 6465 6466 6467 6468 6469 6470 
6471 6472 6473 6474 6475 6476 6477 6478 6479 
6480 6481 6482 6483 6484 6485 6486 6487 6488 
6489 6490 6491 6492 6493 6494 6495 6496 6497 
6498 6499 6500 6501 6502 6503 6504 6505 6506 
6507 6508 6509 6510 6511 6512 6513 6514 6515 
6516 6517 6518 6519 6520 6521 6522 6523 6524 
6525 6526 6527 6528 6529 6530 6531 6532 6533 
6534 6535 6536 6537 6538 6539 6540 6541 6542 
6543 6544 6545 6546 6547 6548 6549 6550 6551 
6552 6553 6554 6555 6556 6557 6558 6559 6560 
6561 6562 6563 6564 6565 6566 6567 6568 6569 
6570 6571 6572 6573 6574 6575 6576 6577 6578 
6579 6580 6581 6582 6583 6584 6585 6586 6587 
6588 6589 6590 6591 6592 6593 6594 6595 6596 
6597 6598 6599 6600 6601 6602 6603 6604 6605 
6606 6607 6608 6609 6610 6611 6612 6613 6614 
6615 6616 6617 6618 6619 6620 6621 6622 6623 
6624 6625 6626 6627 6628 6629 6630 6631 6632 
6633 6634 6635 6636 6637 6638 6639 6640 6641 
6642 6643 6644 6645 6646 6647 6648 6649 6650 
6651 6652 6653 6654 6655 6656 6657 6658 6659 
6660 6661 6662 6663 6664 6665 6666 6667 6668 
6669 6670 6671 6672 6673 6674 6675 6676 6677 
6678 6679 6680 6681 6682 6683 6684 6685 6686 
6687 6688 6689 6690 6691 6692 6693 6694 6695 
6696 6697 6698 6699 6700 6701 6702 6703 6704 
6705 6706 6707 6708 6709 6710 6711 6712 6713 
6714 6715 6716 6717 6718 6719 6720 6721 6722 
6723 6724 6725 6726 6727 6728 6729 6730 6731 
6732 6733 6734 6735 6736 6737 6738 6739 6740 
6741 6742 6743 6744 6745 6746 6747 6748 6749 
6750 6751 6752 6753 6754 6755 6756 6757 6758 
6759 6760 6761 6762 6763 6764 6765 6766 6767 
6768 6769 6770 6771 6772 6773 6774 6775 6776 
6777 6778 6779 6780 6781 6782 6783 6784 6785 
6786 6787 6788 6789 6790 6791 6792 6793 6794 
6795 6796 6797 6798 6799 6800 6801 6802 6803 
6804 6805 6806 6807 6808 6809 6810 6811 6812 
6813 6814 6815 6816 6817 6818 6819 6820 6821 
6822 6823 6824 6825 6826 6827 6828 6829 6830 
6831 6832 6833 6834 6835 6836 6837 6838 6839 
6840 6841 6842 6843 6844 6845 6846 6847 6848 
6849 6850 6851 6852 6853 6854 6855 6856 6857 
6858 6859 6860 6861 6862 6863 6864 6865 6866 
6867 6868 6869 6870 6871 6872 6873 6874 6875 
6876 6877 6878 6879 6880 6881 6882 6883 6884 
6885 6886 6887 6888 6889 6890 6891 6892 6893 
6894 6895 6896 6897 6898 6899 6900 6901 6902 
6903 6904 6905 6906 6907 6908 6909 6910 6911 
6912 6913 6914 6915 6916 6917 6918 6919 6920 
6921 6922 6923 6924 6925 6926 6927 6928 6929 
6930 6931 6932 6933 6934 6935 6936 6937 6938 
6939 6940 6941 6942 6943 6944 6945 6946 6947 
6948 6949 6950 6951 6952 6953 6954 6955 6956 
6957 6958 6959 6960 6961 6962 6963 6964 6965 
6966 6967 6968 6969 6970 6971 6972 6973 6974 
6975 6976 6977 6978 6979 6980 6981 6982 6983 
6984 6985 6986 6987 6988 6989 6990 6991 6992 
6993 6994 6995 6996 6997 6998 6999 7000 7001 
7002 7003 
CONNECTIVITY vtktypeint64
0 1 2 3 4 5 6 7 8 
9 10 11 12 13 14 15 16 17 
18 19 20 21 22 23 24 25 26 
27 28 29 30 31 32 33 34 35 
36 37 38 39 40 41 42 43 44 
45 46 47 48 49 50 51 52 53 
54 55 56 57 58 59 60 61 62 
63 64 65 66 67 68 69 70 71 
72 73 74 75 76 77 78 79 80 
81 82 83 84 85 86 87 88 89 
90 91 92 93 94 95 96 97 98 
99 100 101 102 103 104 105 106 107 
108 109 110 111 112 113 114 115 116 
117 118 119 120 121 122 123 124 125 
126 127 128 129 130 131 132 133 134 
135 136 137 138 139 140 141 142 143 
144 145 146 147 148 149 150 151 152 
153 154 155 156 157 158 159 160 161 
162 163 164 165 166 167 168 169 170 
171 172 173 174 175 176 177 178 179 
180 181 182 183 184 185 186 187 188 
189 190 191 192 193 194 195 196 197 
198 199 200 201 202 203 204 205 206 
207 208 209 210 211 212 213 214 215 
216 217 218 219 220 221 222 223 224 
225 226 227 228 229 230 231 232 233 
234 235 236 237 238 239 240 241 242 
243 244 245 246 247 248 249 250 251 
252 253 254 255 256 257 258 259 260 
261 262 263 264 265 266 267 268 269 
270 271 272 273 274 275 276 277 278 
279 280 281 282 283 284 285 286 287 
288 289 290 291 292 293 294 295 296 
297 298 299 300 301 302 303 304 305 
306 307 308 309 310 311 312 313 314 
315 316 317 318 319 320 321 322 323 
324 325 326 327 328 329 330 331 332 
333 334 335 336 337 338 339 340 341 
342 343 344 345 346 347 348 349 350 
351 352 353 354 355 356 357 358 359 
360 361 362 363 364 365 366 367 368 
369 370 371 372 373 374 375 376 377 
378 379 380 381 382 383 384 385 386 
387 388 389 390 391 392 393 394 395 
396 397 398 399 400 401 402 403 404 
405 406 407 408 409 410 411 412 413 
414 415 416 417 418 419 420 421 422 
423 424 425 426 427 428 429 430 431 
432 433 434 435 436 437 438 439 440 
441 442 443 444 445 446 447 448 449 
450 451 452 453 454 455 456 457 458 
459 460 461 462 463 464 465 466 467 
468 469 470 471 472 473 474 475 476 
477 478 479 480 481 482 483 484 485 
486 487 488 489 490 491 492 493 494 
495 496 497 498 499 500 501 502 503 
504 505 506 507 508 509 510 511 512 
513 514 515 516 517 518 519 520 521 
522 523 524 525 526 527 528 529 530 
531 532 533 534 535 536 537 538 539 
540 541 542 543 544 545 546 547 548 
549 550 551 552 553 554 555 556 557 
558 559 560 561 562 563 564 565 566 
567 568 569 570 571 572 573 574 575 
576 577 578 579 580 581 582 583 584 
585 586 587 588 589 590 591 592 593 
594 595 596 597 598 599 600 601 602 
603 604 605 606 607 608 609 610 611 
612 613 614 615 616 617 618 619 620 
621 622 623 624 625 626 627 628 629 
630 631 632 633 634 635 636 637 638 
639 640 641 642 643 644 645 646 647 
648 649 650 651 652 653 654 655 656 
657 658 659 660 661 662 663 664 665 
666 667 668 669 670 671 672 673 674 
675 676 677 678 679 680 681 682 683 
684 685 686 687 688 689 690 691 692 
693 694 695 696 697 698 699 700 701 
702 703 704 705 706 707 708 709 710 
711 712 713 714 715 716 717 718 719 
720 721 722 723 724 725 726 727 728 
729 730 731 732 733 734 735 736 737 
738 739 740 741 742 743 744 745 746 
747 748 749 750 751 752 753 754 755 
756 757 758 759 760 761 762 763 764 
765 766 767 768 769 770 771 772 773 
774 775 776 777 778 779 780 781 782 
783 784 785 786 787 788 789 790 791 
792 793 794 795 796 797 798 799 800 
801 802 803 804 805 806 807 808 809 
810 811 812 813 814 815 816 817 818 
819 820 821 822 823 824 825 826 827 
828 829 830 831 832 833 834 835 836 
837 838 839 840 841 842 843 844 845 
846 847 848 849 850 851 852 853 854 
855 856 857 858 859 860 861 862 863 
864 865 866 867 868 869 870 871 872 
873 874 875 876 877 878 879 880 881 
882 883 884 885 886 887 888 889 890 
891 892 893 894 895 896 897 898 899 
900 901 902 903 904 905 906 907 908 
909 910 911 912 913 914 915 916 917 
918 919 920 921 922 923 924 925 926 
927 928 929 930 931 932 933 934 935 
936 937 938 939 940 941 942 943 944 
945 946 947 948 949 950 951 952 953 
954 955 956 957 958 959 960 961 962 
963 964 965 966 967 968 969 970 971 
972 973 974 975 976 977 978 979 980 
981 982 983 984 985 986 987 988 989 
990 991 992 993 994 995 996 997 998 
999 1000 1001 1002 1003 1004 1005 1006 1007 
1008 1009 1010 1011 1012 1013 1014 1015 1016 
1017 1018 1019 1020 1021 1022 1023 1024 1025 
1026 1027 1028 1029 1030 1031 1032 1033 1034 
1035 1036 1037 1038 1039 1040 1041 1042 1043 
1044 1045 1046 1047 1048 1049 1050 1051 1052 
1053 1054 1055 1056 1057 1058 1059 1060 1061 
1062 1063 1064 1065 1066 1067 1068 1069 1070 
1071 1072 1073 1074 1075 1076 1077 1078 1079 
1080 1081 1082 1083 1084 1085 1086 1087 1088 
1089 1090 1091 1092 1093 1094 1095 1096 1097 
1098 1099 1100 1101 1102 1103 1104 1105 1106 
1107 1108 1109 1110 1111 1112 1113 1114 1115 
1116 1117 1118 1119 1120 1121 1122 1123 1124 
1125 1126 1127 1128 1129 1130 1131 1132 1133 
1134 1135 1136 1137 1138 1139 1140 1141 1142 
1143 1144 1145 1146 1147 1148 1149 1150 1151 
1152 1153 1154 1155 1156 1157 1158 1159 1160 
1161 1162 1163 1164 1165 1166 1167 1168 1169 
1170 1171 1172 1173 1174 1175 1176 1177 1178 
1179 1180 1181 1182 1183 1184 1185 1186 1187 
1188 1189 1190 1191 1192 1193 1194 1195 1196 
1197 1198 1199 1200 1201 1202 1203 1204 1205 
1206 1207 1208 1209 1210 1211 1212 1213 1214 
1215 1216 1217 1218 1219 1220 1221 1222 1223 
1224 1225 1226 1227 1228 1229 1230 1231 1232 
1233 1234 1235 1236 1237 1238 1239 1240 1241 
1242 1243 1244 1245 1246 1247 1248 1249 1250 
1251 1252 1253 1254 1255 1256 1257 1258 1259 
1260 1261 1262 1263 1264 1265 1266 1267 1268 
1269 1270 1271 1272 1273 1274 1275 1276 1277 
1278 1279 1280 1281 1282 1283 1284 1285 1286 
1287 1288 1289 1290 1291 1292 1293 1294 1295 
1296 1297 1298 1299 1300 1301 1302 1303 1304 
1305 1306 1307 1308 1309 1310 1311 1312 1313 
1314 1315 1316 1317 1318 1319 1320 1321 1322 
1323 1324 1325 1326 1327 1328 1329 1330 1331 
1332 1333 1334 1335 1336 1337 1338 1339 1340 
1341 1342 1343 1344 1345 1346 1347 1348 1349 
1350 1351 1352 1353 1354 1355 1356 1357 1358 
1359 1360 1361 1362 1363 1364 1365 1366 1367 
1368 1369 1370 1371 1372 1373 1374 1375 1376 
1377 1378 1379 1380 1381 1382 1383 1384 1385 
1386 1387 1388 1389 1390 1391 1392 1393 1394 
1395 1396 1397 1398 1399 1400 1401 1402 1403 
1404 1405 1406 1407 1408 1409 1410 1411 1412 
1413 1414 1415 1416 1417 1418 1419 1420 1421 
1422 1423 1424 1425 1426 1427 1428 1429 1430 
1431 1432 1433 1434 1435 1436 1437 1438 1439 
1440 1441 1442 1443 1444 1445 1446 1447 1448 
1449 1450 1451 1452 1453 1454 1455 1456 1457 
1458 1459 1460 1461 1462 1463 1464 1465 1466 
1467 1468 1469 1470 1471 1472 1473 1474 1475 
1476 1477 1478 1479 1480 1481 1482 1483 1484 
1485 1486 1487 1488 1489 1490 1491 1492 1493 
1494 1495 1496 1497 1498 1499 1500 1501 1502 
1503 1504 1505 1506 1507 1508 1509 1510 1511 
1512 1513 1514 1515 1516 1517 1518 1519 1520 
1521 1522 1523 1524 1525 1526 1527 1528 1529 
1530 1531 1532 1533 1534 1535 1536 1537 1538 
1539 1540 1541 1542 1543 1544 1545 1546 1547 
1548 1549 1550 1551 1552 1553 1554 1555 1556 
1557 1558 1559 1560 1561 1562 1563 1564 1565 
1566 1567 1568 1569 1570 1571 1572 1573 1574 
1575 1576 1577 1578 1579 1580 1581 1582 1583 
1584 1585 1586 1587 1588 1589 1590 1591 1592 
1593 1594 1595 1596 1597 1598 1599 1600 1601 
1602 1603 1604 1605 1606 1607 1608 1609 1610 
1611 1612 1613 1614 1615 1616 1617 1618 1619 
1620 1621 1622 1623 1624 1625 1626 1627 1628 
1629 1630 1631 1632 1633 1634 1635 1636 1637 
1638 1639 1640 1641 1642 1643 1644 1645 1646 
1647 1648 1649 1650 1651 1652 1653 1654 1655 
1656 1657 1658 1659 1660 1661 1662 1663 1664 
1665 1666 1667 1668 1669 1670 1671 1672 1673 
1674 1675 1676 1677 1678 1679 1680 1681 1682 
1683 1684 1685 1686 1687 1688 1689 1690 1691 
1692 1693 1694 1695 1696 1697 1698 1699 1700 
1701 1702 1703 1704 1705 1706 1707 1708 1709 
1710 1711 1712 1713 1714 1715 1716 1717 1718 
1719 1720 1721 1722 1723 1724 1725 1726 1727 
1728 1729 1730 1731 1732 1733 1734 1735 1736 
1737 1738 1739 1740 1741 1742 1743 1744 1745 
1746 1747 1748 1749 1750 1751 1752 1753 1754 
1755 1756 1757 1758 1759 1760 1761 1762 1763 
1764 1765 1766 1767 1768 1769 1770 1771 1772 
1773 1774 1775 1776 1777 1778 1779 1780 1781 
1782 1783 1784 1785 1786 1787 1788 1789 1790 
1791 1792 1793 1794 1795 1796 1797 1798 1799 
1800 1801 1802 1803 1804 1805 1806 1807 1808 
1809 1810 1811 1812 1813 1814 1815 1816 1817 
1818 1819 1820 1821 1822 1823 1824 1825 1826 
1827 1828 1829 1830 1831 1832 1833 1834 1835 
1836 1837 1838 1839 1840 1841 1842 1843 1844 
1845 1846 1847 1848 1849 1850 1851 1852 1853 
1854 1855 1856 1857 1858 1859 1860 1861 1862 
1863 1864 1865 1866 1867 1868 1869 1870 1871 
1872 1873 1874 1875 1876 1877 1878 1879 1880 
1881 1882 1883 1884 1885 1886 1887 1888 1889 
1890 1891 1892 1893 1894 1895 1896 1897 1898 
1899 1900 1901 1902 1903 1904 1905 1906 1907 
1908 1909 1910 1911 1912 1913 1914 1915 1916 
1917 1918 1919 1920 1921 1922 1923 1924 1925 
1926 1927 1928 1929 1930 1931 1932 1933 1934 
1935 1936 1937 1938 1939 1940 1941 1942 1943 
1944 1945 1946 1947 1948 1949 1950 1951 1952 
1953 1954 1955 1956 1957 1958 1959 1960 1961 
1962 1963 1964 1965 1966 1967 1968 1969 1970 
1971 1972 1973 1974 1975 1976 1977 1978 1979 
1980 1981 1982 1983 1984 1985 1986 1987 1988 
1989 1990 1991 1992 1993 1994 1995 1996 1997 
1998 1999 2000 2001 2002 2003 2004 2005 2006 
2007 2008 2009 2010 2011 2012 2013 2014 2015 
2016 2017 2018 2019 2020 2021 2022 2023 2024 
2025 2026 2027 2028 2029 2030 2031 2032 2033 
2034 2035 2036 2037 2038 2039 2040 2041 2042 
2043 2044 2045 2046 2047 2048 2049 2050 2051 
2052 2053 2054 2055 2056 2057 2058 2059 2060 
2061 2062 2063 2064 2065 2066 2067 2068 2069 
2070 2071 2072 2073 2074 2075 2076 2077 2078 
2079 2080 2081 2082 2083 2084 2085 2086 2087 
2088 2089 2090 2091 2092 2093 2094 2095 2096 
2097 2098 2099 2100 2101 2102 2103 2104 2105 
2106 2107 2108 2109 2110 2111 2112 2113 2114 
2115 2116 2117 2118 2119 2120 2121 2122 2123 
2124 2125 2126 2127 2128 2129 2130 2131 2132 
2133 2134 2135 2136 2137 2138 2139 2140 2141 
2142 2143 2144 2145 2146 2147 2148 2149 2150 
2151 2152 2153 2154 2155 2156 2157 2158 2159 
2160 2161 2162 2163 2164 2165 2166 2167 2168 
2169 2170 2171 2172 2173 2174 2175 2176 2177 
2178 2179 2180 2181 2182 2183 2184 2185 2186 
2187 2188 2189 2190 2191 2192 2193 2194 2195 
2196 2197 2198 2199 2200 2201 2202 2203 2204 
2205 2206 2207 2208 2209 2210 2211 2212 2213 
2214 2215 2216 2217 2218 2219 2220 2221 2222 
2223 2224 2225 2226 2227 2228 2229 2230 2231 
2232 2233 2234 2235 2236 2237 2238 2239 2240 
2241 2242 2243 2244 2245 2246 2247 2248 2249 
2250 2251 2252 2253 2254 2255 2256 2257 2258 
2259 2260 2261 2262 2263 2264 2265 2266 2267 
2268 2269 2270 2271 2272 2273 2274 2275 2276 
2277 2278 2279 2280 2281 2282 2283 2284 2285 
2286 2287 2288 2289 2290 2291 2292 2293 2294 
2295 2296 2297 2298 2299 2300 2301 2302 2303 
2304 2305 2306 2307 2308 2309 2310 2311 2312 
2313 2314 2315 2316 2317 2318 2319 2320 2321 
2322 2323 2324 2325 2326 2327 2328 2329 2330 
2331 2332 2333 2334 2335 2336 2337 2338 2339 
2340 2341 2342 2343 2344 2345 2346 2347 2348 
2349 2350 2351 2352 2353 2354 2355 2356 2357 
2358 2359 2360 2361 2362 2363 2364 2365 2366 
2367 2368 2369 2370 2371 2372 2373 2374 2375 
2376 2377 2378 2379 2380 2381 2382 2383 2384 
2385 2386 2387 2388 2389 2390 2391 2392 2393 
2394 2395 2396 2397 2398 2399 2400 2401 2402 
2403 2404 2405 2406 2407 2408 2409 2410 2411 
2412 2413 2414 2415 2416 2417 2418 2419 2420 
2421 2422 2423 2424 2425 2426 2427 2428 2429 
2430 2431 2432 2433 2434 2435 2436 2437 2438 
2439 2440 2441 2442 2443 2444 2445 2446 2447 
2448 2449 2450 2451 2452 2453 2454 2455 2456 
2457 2458 2459 2460 2461 2462 2463 2464 2465 
2466 2467 2468 2469 2470 2471 2472 2473 2474 
2475 2476 2477 2478 2479 2480 2481 2482 2483 
2484 2485 2486 2487 2488 2489 2490 2491 2492 
2493 2494 2495 2496 2497 2498 2499 2500 2501 
2502 2503 2504 2505 2506 2507 2508 2509 2510 
2511 2512 2513 2514 2515 2516 2517 2518 2519 
2520 2521 2522 2523 2524 2525 2526 2527 2528 
2529 2530 2531 2532 2533 2534 2535 2536 2537 
2538 2539 2540 2541 2542 2543 2544 2545 2546 
2547 2548 2549 2550 2551 2552 2553 2554 2555 
2556 2557 2558 2559 2560 2561 2562 2563 2564 
2565 2566 2567 2568 2569 2570 2571 2572 2573 
2574 2575 2576 2577 2578 2579 2580 2581 2582 
2583 2584 2585 2586 2587 2588 2589 2590 2591 
2592 2593 2594 2595 2596 2597 2598 2599 2600 
2601 2602 2603 2604 2605 2606 2607 2608 2609 
2610 2611 2612 2613 2614 2615 2616 2617 2618 
2619 2620 2621 2622 2623 2624 2625 2626 2627 
2628 2629 2630 2631 2632 2633 2634 2635 2636 
2637 2638 2639 2640 2641 2642 2643 2644 2645 
2646 2647 2648 2649 2650 2651 2652 2653 2654 
2655 2656 2657 2658 2659 2660 2661 2662 2663 
2664 2665 2666 2667 2668 2669 2670 2671 2672 
2673 2674 2675 2676 2677 2678 2679 2680 2681 
2682 2683 2684 2685 2686 2687 2688 2689 2690 
2691 2692 2693 2694 2695 2696 2697 2698 2699 
2700 2701 2702 2703 2704 2705 2706 2707 2708 
2709 2710 2711 2712 2713 2714 2715 2716 2717 
2718 2719 2720 2721 2722 2723 2724 2725 2726 
2727 2728 2729 2730 2731 2732 2733 2734 2735 
2736 2737 2738 2739 2740 2741 2742 2743 2744 
2745 2746 2747 2748 2749 2750 2751 2752 2753 
2754 2755 2756 2757 2758 2759 2760 2761 2762 
2763 2764 2765 2766 2767 2768 2769 2770 2771 
2772 2773 2774 2775 2776 2777 2778 2779 2780 
2781 2782 2783 2784 2785 2786 2787 2788 2789 
2790 2791 2792 2793 2794 2795 2796 2797 2798 
2799 2800 2801 2802 2803 2804 2805 2806 2807 
2808 2809 2810 2811 2812 2813 2814 2815 2816 
2817 2818 2819 2820 2821 2822 2823 2824 2825 
2826 2827 2828 2829 2830 2831 2832 2833 2834 
2835 2836 2837 2838 2839 2840 2841 2842 2843 
2844 2845 2846 2847 2848 2849 2850 2851 2852 
2853 2854 2855 2856 2857 2858 2859 2860 2861 
2862 2863 2864 2865 2866 2867 2868 2869 2870 
2871 2872 2873 2874 2875 2876 2877 2878 2879 
2880 2881 2882 2883 2884 2885 2886 2887 2888 
2889 2890 2891 2892 2893 2894 2895 2896 2897 
2898 2899 2900 2901 2902 2903 2904 2905 2906 
2907 2908 2909 2910 2911 2912 2913 2914 2915 
2916 2917 2918 2919 2920 2921 2922 2923 2924 
2925 2926 2927 2928 2929 2930 2931 2932 2933 
2934 2935 2936 2937 2938 2939 2940 2941 2942 
2943 2944 2945 2946 2947 2948 2949 2950 2951 
2952 2953 2954 2955 2956 2957 2958 2959 2960 
2961 2962 2963 2964 2965 2966 2967 2968 2969 
2970 2971 2972 2973 2974 2975 2976 2977 2978 
2979 2980 2981 2982 2983 2984 2985 2986 2987 
2988 2989 2990 2991 2992 2993 2994 2995 2996 
2997 2998 2999 3000 3001 3002 3003 3004 3005 
3006 3007 3008 3009 3010 3011 3012 3013 3014 
3015 3016 3017 3018 3019 3020 3021 3022 3023 
3024 3025 3026 3027 3028 3029 3030 3031 3032 
3033 3034 3035 3036 3037 3038 3039 3040 3041 
3042 3043 3044 3045 3046 3047 3048 3049 3050 
3051 3052 3053 3054 3055 3056 3057 3058 3059 
3060 3061 3062 3063 3064 3065 3066 3067 3068 
3069 3070 3071 3072 3073 3074 3075 3076 3077 
3078 3079 3080 3081 3082 3083 3084 3085 3086 
3087 3088 3089 3090 3091 3092 3093 3094 3095 
3096 3097 3098 3099 3100 3101 3102 3103 3104 
3105 3106 3107 3108 3109 3110 3111 3112 3113 
3114 3115 3116 3117 3118 3119 3120 3121 3122 
3123 3124 3125 3126 3127 3128 3129 3130 3131 
3132 3133 3134 3135 3136 3137 3138 3139 3140 
3141 3142 3143 3144 3145 3146 3147 3148 3149 
3150 3151 3152 3153 3154 3155 3156 3157 3158 
3159 3160 3161 3162 3163 3164 3165 3166 3167 
3168 3169 3170 3171 3172 3173 3174 3175 3176 
3177 3178 3179 3180 3181 3182 3183 3184 3185 
3186 3187 3188 3189 3190 3191 3192 3193 3194 
3195 3196 3197 3198 3199 3200 3201 3202 3203 
3204 3205 3206 3207 3208 3209 3210 3211 3212 
3213 3214 3215 3216 3217 3218 3219 3220 3221 
3222 3223 3224 3225 3226 3227 3228 3229 3230 
3231 3232 3233 3234 3235 3236 3237 3238 3239 
3240 3241 3242 3243 3244 3245 3246 3247 3248 
3249 3250 3251 3252 3253 3254 3255 3256 3257 
3258 3259 3260 3261 3262 3263 3264 3265 3266 
3267 3268 3269 3270 3271 3272 3273 3274 3275 
3276 3277 3278 3279 3280 3281 3282 3283 3284 
3285 3286 3287 3288 3289 3290 3291 3292 3293 
3294 3295 3296 3297 3298 3299 3300 3301 3302 
3303 3304 3305 3306 3307 3308 3309 3310 3311 
3312 3313 3314 3315 3316 3317 3318 3319 3320 
3321 3322 3323 3324 3325 3326 3327 3328 3329 
3330 3331 3332 3333 3334 3335 3336 3337 3338 
3339 3340 3341 3342 3343 3344 3345 3346 3347 
3348 3349 3350 3351 3352 3353 3354 3355 3356 
3357 3358 3359 3360 3361 3362 3363 3364 3365 
3366 3367 3368 3369 3370 3371 3372 3373 3374 
3375 3376 3377 3378 3379 3380 3381 3382 3383 
3384 3385 3386 3387 3388 3389 3390 3391 3392 
3393 3394 3395 3396 3397 3398 3399 3400 3401 
3402 3403 3404 3405 3406 3407 3408 3409 3410 
3411 3412 3413 3414 3415 3416 3417 3418 3419 
3420 3421 3422 3423 3424 3425 3426 3427 3428 
3429 3430 3431 3432 3433 3434 3435 3436 3437 
3438 3439 3440 3441 3442 3443 3444 3445 3446 
3447 3448 3449 3450 3451 3452 3453 3454 3455 
3456 3457 3458 3459 3460 3461 3462 3463 3464 
3465 3466 3467 3468 3469 3470 3471 3472 3473 
3474 3475 3476 3477 3478 3479 3480 3481 3482 
3483 3484 3485 3486 3487 3488 3489 3490 3491 
3492 3493 3494 3495 3496 3497 3498 3499 3500 
3501 3502 3503 3504 3505 3506 3507 3508 3509 
3510 3511 3512 3513 3514 3515 3516 3517 3518 
3519 3520 3521 3522 3523 3524 3525 3526 3527 
3528 3529 3530 3531 3532 3533 3534 3535 3536 
3537 3538 3539 3540 3541 3542 3543 3544 3545 
3546 3547 3548 3549 3550 3551 3552 3553 3554 
3555 3556 3557 3558 3559 3560 3561 3562 3563 
3564 3565 3566 3567 3568 3569 3570 3571 3572 
3573 3574 3575 3576 3577 3578 3579 3580 3581 
3582 3583 3584 3585 3586 3587 3588 3589 3590 
3591 3592 3593 3594 3595 3596 3597 3598 3599 
3600 3601 3602 3603 3604 3605 3606 3607 3608 
3609 3610 3611 3612 3613 3614 3615 3616 3617 
3618 3619 3620 3621 3622 3623 3624 3625 3626 
3627 3628 3629 3630 3631 3632 3633 3634 3635 
3636 3637 3638 3639 3640 3641 3642 3643 3644 
3645 3646 3647 3648 3649 3650 3651 3652 3653 
3654 3655 3656 3657 3658 3659 3660 3661 3662 
3663 3664 3665 3666 3667 3668 3669 3670 3671 
3672 3673 3674 3675 3676 3677 3678 3679 3680 
3681 3682 3683 3684 3685 3686 3687 3688 3689 
3690 3691 3692 3693 3694 3695 3696 3697 3698 
3699 3700 3701 3702 3703 3704 3705 3706 3707 
3708 3709 3710 3711 3712 3713 3714 3715 3716 
3717 3718 3719 3720 3721 3722 3723 3724 3725 
3726 3727 3728 3729 3730 3731 3732 3733 3734 
3735 3736 3737 3738 3739 3740 3741 3742 3743 
3744 3745 3746 3747 3748 3749 3750 3751 3752 
3753 3754 3755 3756 3757 3758 3759 3760 3761 
3762 3763 3764 3765 3766 3767 3768 3769 3770 
3771 3772 3773 3774 3775 3776 3777 3778 3779 
3780 3781 3782 3783 3784 3785 3786 3787 3788 
3789 3790 3791 3792 3793 3794 3795 3796 3797 
3798 3799 3800 3801 3802 3803 3804 3805 3806 
3807 3808 3809 3810 3811 3812 3813 3814 3815 
3816 3817 3818 3819 3820 3821 3822 3823 3824 
3825 3826 3827 3828 3829 3830 3831 3832 3833 
3834 3835 3836 3837 3838 3839 3840 3841 3842 
3843 3844 3845 3846 3847 3848 3849 3850 3851 
3852 3853 3854 3855 3856 3857 3858 3859 3860 
3861 3862 3863 3864 3865 3866 3867 3868 3869 
3870 3871 3872 3873 3874 3875 3876 3877 3878 
3879 3880 3881 3882 3883 3884 3885 3886 3887 
3888 3889 3890 3891 3892 3893 3894 3895 3896 
3897 3898 3899 3900 3901 3902 3903 3904 3905 
3906 3907 3908 3909 3910 3911 3912 3913 3914 
3915 3916 3917 3918 3919 3920 3921 3922 3923 
3924 3925 3926 3927 3928 3929 3930 3931 3932 
3933 3934 3935 3936 3937 3938 3939 3940 3941 
3942 3943 3944 3945 3946 3947 3948 3949 3950 
3951 3952 3953 3954 3955 3956 3957 3958 3959 
3960 3961 3962 3963 3964 3965 3966 3967 3968 
3969 3970 3971 3972 3973 3974 3975 3976 3977 
3978 3979 3980 3981 3982 3983 3984 3985 3986 
3987 3988 3989 3990 3991 3992 3993 3994 3995 
3996 3997 3998 3999 4000 4001 4002 4003 4004 
4005 4006 4007 4008 4009 4010 4011 4012 4013 
4014 4015 4016 4017 4018 4019 4020 4021 4022 
4023 4024 4025 4026 4027 4028 4029 4030 4031 
4032 4033 4034 4035 4036 4037 4038 4039 4040 
4041 4042 4043 4044 4045 4046 4047 4048 4049 
4050 4051 4052 4053 4054 4055 4056 4057 4058 
4059 4060 4061 4062 4063 4064 4065 4066 4067 
4068 4069 4070 4071 4072 4073 4074 4075 4076 
4077 4078 4079 4080 4081 4082 4083 4084 4085 
4086 4087 4088 4089 4090 4091 4092 4093 4094 
4095 4096 4097 4098 4099 4100 4101 4102 4103 
4104 4105 4106 4107 4108 4109 4110 4111 4112 
4113 4114 4115 4116 4117 4118 4119 4120 4121 
4122 4123 4124 4125 4126 4127 4128 4129 4130 
4131 4132 4133 4134 4135 4136 4137 4138 4139 
4140 4141 4142 4143 4144 4145 4146 4147 4148 
4149 4150 4151 4152 4153 4154 4155 4156 4157 
4158 4159 4160 4161 4162 4163 4164 4165 4166 
4167 4168 4169 4170 4171 4172 4173 4174 4175 
4176 4177 4178 4179 4180 4181 4182 4183 4184 
4185 4186 4187 4188 4189 4190 4191 4192 4193 
4194 4195 4196 4197 4198 4199 4200 4201 4202 
4203 4204 4205 4206 4207 4208 4209 4210 4211 
4212 4213 4214 4215 4216 4217 4218 4219 4220 
4221 4222 4223 4224 4225 4226 4227 4228 4229 
4230 4231 4232 4233 4234 4235 4236 4237 4238 
4239 4240 4241 4242 4243 4244 4245 4246 4247 
4248 4249 4250 4251 4252 4253 4254 4255 4256 
4257 4258 4259 4260 4261 4262 4263 4264 4265 
4266 4267 4268 4269 4270 4271 4272 4273 4274 
4275 4276 4277 4278 4279 4280 4281 4282 4283 
4284 4285 4286 4287 4288 4289 4290 4291 4292 
4293 4294 4295 4296 4297 4298 4299 4300 4301 
4302 4303 4304 4305 4306 4307 4308 4309 4310 
4311 4312 4313 4314 4315 4316 4317 4318 4319 
4320 4321 4322 4323 4324 4325 4326 4327 4328 
4329 4330 4331 4332 4333 4334 4335 4336 4337 
4338 4339 4340 4341 4342 4343 4344 4345 4346 
4347 4348 4349 4350 4351 4352 4353 4354 4355 
4356 4357 4358 4359 4360 4361 4362 4363 4364 
4365 4366 4367 4368 4369 4370 4371 4372 4373 
4374 4375 4376 4377 4378 4379 4380 4381 4382 
4383 4384 4385 4386 4387 4388 4389 4390 4391 
4392 4393 4394 4395 4396 4397 4398 4399 4400 
4401 4402 4403 4404 4405 4406 4407 4408 4409 
4410 4411 4412 4413 4414 4415 4416 4417 4418 
4419 4420 4421 4422 4423 4424 4425 4426 4427 
4428 4429 4430 4431 4432 4433 4434 4435 4436 
4437 4438 4439 4440 4441 4442 4443 4444 4445 
4446 4447 4448 4449 4450 4451 4452 4453 4454 
4455 4456 4457 4458 4459 4460 4461 4462 4463 
4464 4465 4466 4467 4468 4469 4470 4471 4472 
4473 4474 4475 4476 4477 4478 4479 4480 4481 
4482 4483 4484 4485 4486 4487 4488 4489 4490 
4491 4492 4493 4494 4495 4496 4497 4498 4499 
4500 4501 4502 4503 4504 4505 4506 4507 4508 
4509 4510 4511 4512 4513 4514 4515 4516 4517 
4518 4519 4520 4521 4522 4523 4524 4525 4526 
4527 4528 4529 4530 4531 4532 4533 4534 4535 
4536 4537 4538 4539 4540 4541 4542 4543 4544 
4545 4546 4547 4548 4549 4550 4551 4552 4553 
4554 4555 4556 4557 4558 4559 4560 4561 4562 
4563 4564 4565 4566 4567 4568 4569 4570 4571 
4572 4573 4574 4575 4576 4577 4578 4579 4580 
4581 4582 4583 4584 4585 4586 4587 4588 4589 
4590 4591 4592 4593 4594 4595 4596 4597 4598 
4599 4600 4601 4602 4603 4604 4605 4606 4607 
4608 4609 4610 4611 4612 4613 4614 4615 4616 
4617 4618 4619 4620 4621 4622 4623 4624 4625 
4626 4627 4628 4629 4630 4631 4632 4633 4634 
4635 4636 4637 4638 4639 4640 4641 4642 4643 
4644 4645 4646 4647 4648 4649 4650 4651 4652 
4653 4654 4655 4656 4657 4658 4659 4660 4661 
4662 4663 4664 4665 4666 4667 4668 4669 4670 
4671 4672 4673 4674 4675 4676 4677 4678 4679 
4680 4681 4682 4683 4684 4685 4686 4687 4688 
4689 4690 4691 4692 4693 4694 4695 4696 4697 
4698 4699 4700 4701 4702 4703 4704 4705 4706 
4707 4708 4709 4710 4711 4712 4713 4714 4715 
4716 4717 4718 4719 4720 4721 4722 4723 4724 
4725 4726 4727 4728 4729 4730 4731 4732 4733 
4734 4735 4736 4737 4738 4739 4740 4741 4742 
4743 4744 4745 4746 4747 4748 4749 4750 4751 
4752 4753 4754 4755 4756 4757 4758 4759 4760 
4761 4762 4763 4764 4765 4766 4767 4768 4769 
4770 4771 4772 4773 4774 4775 4776 4777 4778 
4779 4780 4781 4782 4783 4784 4785 4786 4787 
4788 4789 4790 4791 4792 4793 4794 4795 4796 
4797 4798 4799 4800 4801 4802 4803 4804 4805 
4806 4807 4808 4809 4810 4811 4812 4813 4814 
4815 4816 4817 4818 4819 4820 4821 4822 4823 
4824 4825 4826 4827 4828 4829 4830 4831 4832 
4833 4834 4835 4836 4837 4838 4839 4840 4841 
4842 4843 4844 4845 4846 4847 4848 4849 4850 
4851 4852 4853 4854 4855 4856 4857 4858 4859 
4860 4861 4862 4863 4864 4865 4866 4867 4868 
4869 4870 4871 4872 4873 4874 4875 4876 4877 
4878 4879 4880 4881 4882 4883 4884 4885 4886 
4887 4888 4889 4890 4891 4892 4893 4894 4895 
4896 4897 4898 4899 4900 4901 4902 4903 4904 
4905 4906 4907 4908 4909 4910 4911 4912 4913 
4914 4915 4916 4917 4918 4919 4920 4921 4922 
4923 4924 4925 4926 4927 4928 4929 4930 4931 
4932 4933 4934 4935 4936 4937 4938 4939 4940 
4941 4942 4943 4944 4945 4946 4947 4948 4949 
4950 4951 4952 4953 4954 4955 4956 4957 4958 
4959 4960 4961 4962 4963 4964 4965 4966 4967 
4968 4969 4970 4971 4972 4973 4974 4975 4976 
4977 4978 4979 4980 4981 4982 4983 4984 4985 
4986 4987 4988 4989 4990 4991 4992 4993 4994 
4995 4996 4997 4998 4999 5000 5001 5002 5003 
5004 5005 5006 5007 5008 5009 5010 5011 5012 
5013 5014 5015 5016 5017 5018 5019 5020 5021 
5022 5023 5024 5025 5026 5027 5028 5029 5030 
5031 5032 5033 5034 5035 5036 5037 5038 5039 
5040 5041 5042 5043 5044 5045 5046 5047 5048 
5049 5050 5051 5052 5053 5054 5055 5056 5057 
5058 5059 5060 5061 5062 5063 5064 5065 5066 
5067 5068 5069 5070 5071 5072 5073 5074 5075 
5076 5077 5078 5079 5080 5081 5082 5083 5084 
5085 5086 5087 5088 5089 5090 5091 5092 5093 
5094 5095 5096 5097 5098 5099 5100 5101 5102 
5103 5104 5105 5106 5107 5108 5109 5110 5111 
5112 5113 5114 5115 5116 5117 5118 5119 5120 
5121 5122 5123 5124 5125 5126 5127 5128 5129 
5130 5131 5132 5133 5134 5135 5136 5137 5138 
5139 5140 5141 5142 5143 5144 5145 5146 5147 
5148 5149 5150 5151 5152 5153 5154 5155 5156 
5157 5158 5159 5160 5161 5162 5163 5164 5165 
5166 5167 5168 5169 5170 5171 5172 5173 5174 
5175 5176 5177 5178 5179 5180 5181 5182 5183 
5184 5185 5186 5187 5188 5189 5190 5191 5192 
5193 5194 5195 5196 5197 5198 5199 5200 5201 
5202 5203 5204 5205 5206 5207 5208 5209 5210 
5211 5212 5213 5214 5215 5216 5217 5218 5219 
5220 5221 5222 5223 5224 5225 5226 5227 5228 
5229 5230 5231 5232 5233 5234 5235 5236 5237 
5238 5239 5240 5241 5242 5243 5244 5245 5246 
5247 5248 5249 5250 5251 5252 5253 5254 5255 
5256 5257 5258 5259 5260 5261 5262 5263 5264 
5265 5266 5267 5268 5269 5270 5271 5272 5273 
5274 5275 5276 5277 5278 5279 5280 5281 5282 
5283 5284 5285 5286 5287 5288 5289 5290 5291 
5292 5293 5294 5295 5296 5297 5298 5299 5300 
5301 5302 5303 5304 5305 5306 5307 5308 5309 
5310 5311 5312 5313 5314 5315 5316 5317 5318 
5319 5320 5321 5322 5323 5324 5325 5326 5327 
5328 5329 5330 5331 5332 5333 5334 5335 5336 
5337 5338 5339 5340 5341 5342 5343 5344 5345 
5346 5347 5348 5349 5350 5351 5352 5353 5354 
5355 5356 5357 5358 5359 5360 5361 5362 5363 
5364 5365 5366 5367 5368 5369 5370 5371 5372 
5373 5374 5375 5376 5377 5378 5379 5380 5381 
5382 5383 5384 5385 5386 5387 5388 5389 5390 
5391 5392 5393 5394 5395 5396 5397 5398 5399 
5400 5401 5402 5403 5404 5405 5406 5407 5408 
5409 5410 5411 5412 5413 5414 5415 5416 5417 
5418 5419 5420 5421 5422 5423 5424 5425 5426 
5427 5428 5429 5430 5431 5432 5433 5434 5435 
5436 5437 5438 5439 5440 5441 5442 5443 5444 
5445 5446 5447 5448 5449 5450 5451 5452 5453 
5454 5455 5456 5457 5458 5459 5460 5461 5462 
5463 5464 5465 5466 5467 5468 5469 5470 5471 
5472 5473 5474 5475 5476 5477 5478 5479 5480 
5481 5482 5483 5484 5485 5486 5487 5488 5489 
5490 5491 5492 5493 5494 5495 5496 5497 5498 
5499 5500 5501 5502 5503 5504 5505 5506 5507 
5508 5509 5510 5511 5512 5513 5514 5515 5516 
5517 5518 5519 5520 5521 5522 5523 5524 5525 
5526 5527 5528 5529 5530 5531 5532 5533 5534 
5535 5536 5537 5538 5539 5540 5541 5542 5543 
5544 5545 5546 5547 5548 5549 5550 5551 5552 
5553 5554 5555 5556 5557 5558 5559 5560 5561 
5562 5563 5564 5565 5566 5567 5568 5569 5570 
5571 5572 5573 5574 5575 5576 5577 5578 5579 
5580 5581 5582 5583 5584 5585 5586 5587 5588 
5589 5590 5591 5592 5593 5594 5595 5596 5597 
5598 5599 5600 5601 5602 5603 5604 5605 5606 
5607 5608 5609 5610 5611 5612 5613 5614 5615 
5616 5617 5618 5619 5620 5621 5622 5623 5624 
5625 5626 5627 5628 5629 5630 5631 5632 5633 
5634 5635 5636 5637 5638 5639 5640 5641 5642 
5643 5644 5645 5646 5647 5648 5649 5650 5651 
5652 5653 5654 5655 5656 5657 5658 5659 5660 
5661 5662 5663 5664 5665 5666 5667 5668 5669 
5670 5671 5672 5673 5674 5675 5676 5677 5678 
5679 5680 5681 5682 5683 5684 5685 5686 5687 
5688 5689 5690 5691 5692 5693 5694 5695 5696 
5697 5698 5699 5700 5701 5702 5703 5704 5705 
5706 5707 5708 5709 5710 5711 5712 5713 5714 
5715 5716 5717 5718 5719 5720 5721 5722 5723 
5724 5725 5726 5727 5728 5729 5730 5731 5732 
5733 5734 5735 5736 5737 5738 5739 5740 5741 
5742 5743 5744 5745 5746 5747 5748 5749 5750 
5751 5752 5753 5754 5755 5756 5757 5758 5759 
5760 5761 5762 5763 5764 5765 5766 5767 5768 
5769 5770 5771 5772 5773 5774 5775 5776 5777 
5778 5779 5780 5781 5782 5783 5784 5785 5786 
5787 5788 5789 5790 5791 5792 5793 5794 5795 
5796 5797 5798 5799 5800 5801 5802 5803 5804 
5805 5806 5807 5808 5809 5810 5811 5812 5813 
5814 5815 5816 5817 5818 5819 5820 5821 5822 
5823 5824 5825 5826 5827 5828 5829 5830 5831 
5832 5833 5834 5835 5836 5837 5838 5839 5840 
5841 5842 5843 5844 5845 5846 5847 5848 5849 
5850 5851 5852 5853 5854 5855 5856 5857 5858 
5859 5860 5861 5862 5863 5864 5865 5866 5867 
5868 5869 5870 5871 5872 5873 5874 5875 5876 
5877 5878 5879 5880 5881 5882 5883 5884 5885 
5886 5887 5888 5889 5890 5891 5892 5893 5894 
5895 5896 5897 5898 5899 5900 5901 5902 5903 
5904 5905 5906 5907 5908 5909 5910 5911 5912 
5913 5914 5915 5916 5917 5918 5919 5920 5921 
5922 5923 5924 5925 5926 5927 5928 5929 5930 
5931 5932 5933 5934 5935 5936 5937 5938 5939 
5940 5941 5942 5943 5944 5945 5946 5947 5948 
5949 5950 5951 5952 5953 5954 5955 5956 5957 
5958 5959 5960 5961 5962 5963 5964 5965 5966 
5967 5968 5969 5970 5971 5972 5973 5974 5975 
5976 5977 5978 5979 5980 5981 5982 5983 5984 
5985 5986 5987 5988 5989 5990 5991 5992 5993 
5994 5995 5996 5997 5998 5999 6000 6001 6002 
6003 6004 6005 6006 6007 6008 6009 6010 6011 
6012 6013 6014 6015 6016 6017 6018 6019 6020 
6021 6022 6023 6024 6025 6026 6027 6028 6029 
6030 6031 6032 6033 6034 6035 6036 6037 6038 
6039 6040 6041 6042 6043 6044 6045 6046 6047 
6048 6049 6050 6051 6052 6053 6054 6055 6056 
6057 6058 6059 6060 6061 6062 6063 6064 6065 
6066 6067 6068 6069 6070 6071 6072 6073 6074 
6075 6076 6077 6078 6079 6080 6081 6082 6083 
6084 6085 6086 6087 6088 6089 6090 6091 6092 
6093 6094 6095 6096 6097 6098 6099 6100 6101 
6102 6103 6104 6105 6106 6107 6108 6109 6110 
6111 6112 6113 6114 6115 6116 6117 6118 6119 
6120 6121 6122 6123 6124 6125 6126 6127 6128 
6129 6130 6131 6132 6133 6134 6135 6136 6137 
6138 6139 6140 6141 6142 6143 6144 6145 6146 
6147 6148 6149 6150 6151 6152 6153 6154 6155 
6156 6157 6158 6159 6160 6161 6162 6163 6164 
6165 6166 6167 6168 6169 6170 6171 6172 6173 
6174 6175 6176 6177 6178 6179 6180 6181 6182 
6183 6184 6185 6186 6187 6188 6189 6190 6191 
6192 6193 6194 6195 6196 6197 6198 6199 6200 
6201 6202 6203 6204 6205 6206 6207 6208 6209 
6210 6211 6212 6213 6214 6215 6216 6217 6218 
6219 6220 6221 6222 6223 6224 6225 6226 6227 
6228 6229 6230 6231 6232 6233 6234 6235 6236 
6237 6238 6239 6240 6241 6242 6243 6244 6245 
6246 6247 6248 6249 6250 6251 6252 6253 6254 
6255 6256 6257 6258 6259 6260 6261 6262 6263 
6264 6265 6266 6267 6268 6269 6270 6271 6272 
6273 6274 6275 6276 6277 6278 6279 6280 6281 
6282 6283 6284 6285 6286 6287 6288 6289 6290 
6291 6292 6293 6294 6295 6296 6297 6298 6299 
6300 6301 6302 6303 6304 6305 6306 6307 6308 
6309 6310 6311 6312 6313 6314 6315 6316 6317 
6318 6319 6320 6321 6322 6323 6324 6325 6326 
6327 6328 6329 6330 6331 6332 6333 6334 6335 
6336 6337 6338 6339 6340 6341 6342 6343 6344 
6345 6346 6347 6348 6349 6350 6351 6352 6353 
6354 6355 6356 6357 6358 6359 6360 6361 6362 
6363 6364 6365 6366 6367 6368 6369 6370 6371 
6372 6373 6374 6375 6376 6377 6378 6379 6380 
6381 6382 6383 6384 6385 6386 6387 6388 6389 
6390 6391 6392 6393 6394 6395 6396 6397 6398 
6399 6400 6401 6402 6403 6404 6405 6406 6407 
6408 6409 6410 6411 6412 6413 6414 6415 6416 
6417 6418 6419 6420 6421 6422 6423 6424 6425 
6426 6427 6428 6429 6430 6431 6432 6433 6434 
6435 6436 6437 6438 6439 6440 6441 6442 6443 
6444 6445 6446 6447 6448 6449 6450 6451 6452 
6453 6454 6455 6456 6457 6458 6459 6460 6461 
6462 6463 6464 6465 6466 6467 6468 6469 6470 
6471 6472 6473 6474 6475 6476 6477 6478 6479 
6480 6481 6482 6483 6484 6485 6486 6487 6488 
6489 6490 6491 6492 6493 6494 6495 6496 6497 
6498 6499 6500 6501 6502 6503 6504 6505 6506 
6507 6508 6509 6510 6511 6512 6513 6514 6515 
6516 6517 6518 6519 6520 6521 6522 6523 6524 
6525 6526 6527 6528 6529 6530 6531 6532 6533 
6534 6535 6536 6537 6538 6539 6540 6541 6542 
6543 6544 6545 6546 6547 6548 6549 6550 6551 
6552 6553 6554 6555 6556 6557 6558 6559 6560 
6561 6562 6563 6564 6565 6566 6567 6568 6569 
6570 6571 6572 6573 6574 6575 6576 6577 6578 
6579 6580 6581 6582 6583 6584 6585 6586 6587 
6588 6589 6590 6591 6592 6593 6594 6595 6596 
6597 6598 6599 6600 6601 6602 6603 6604 6605 
6606 6607 6608 6609 6610 6611 6612 6613 6614 
6615 6616 6617 6618 6619 6620 6621 6622 6623 
6624 6625 6626 6627 6628 6629 6630 6631 6632 
6633 6634 6635 6636 6637 6638 6639 6640 6641 
6642 6643 6644 6645 6646 6647 6648 6649 6650 
6651 6652 6653 6654 6655 6656 6657 6658 6659 
6660 6661 6662 6663 6664 6665 6666 6667 6668 
6669 6670 6671 6672 6673 6674 6675 6676 6677 
6678 6679 6680 6681 6682 6683 6684 6685 6686 
6687 6688 6689 6690 6691 6692 6693 6694 6695 
6696 6697 6698 6699 6700 6701 6702 6703 6704 
6705 6706 6707 6708 6709 6710 6711 6712 6713 
6714 6715 6716 6717 6718 6719 6720 6721 6722 
6723 6724 6725 6726 6727 6728 6729 6730 6731 
6732 6733 6734 6735 6736 6737 6738 6739 6740 
6741 6742 6743 6744 6745 6746 6747 6748 6749 
6750 6751 6752 6753 6754 6755 6756 6757 6758 
6759 6760 6761 6762 6763 6764 6765 6766 6767 
6768 6769 6770 6771 6772 6773 6774 6775 6776 
6777 6778 6779 6780 6781 6782 6783 6784 6785 
6786 6787 6788 6789 6790 6791 6792 6793 6794 
6795 6796 6797 6798 6799 6800 6801 6802 6803 
6804 6805 6806 6807 6808 6809 6810 6811 6812 
6813 6814 6815 6816 6817 6818 6819 6820 6821 
6822 6823 6824 6825 6826 6827 6828 6829 6830 
6831 6832 6833 6834 6835 6836 6837 6838 6839 
6840 6841 6842 6843 6844 6845 6846 6847 6848 
6849 6850 6851 6852 6853 6854 6855 6856 6857 
6858 6859 6860 6861 6862 6863 6864 6865 6866 
6867 6868 6869 6870 6871 6872 6873 6874 6875 
6876 6877 6878 6879 6880 6881 6882 6883 6884 
6885 6886 6887 6888 6889 6890 6891 6892 6893 
6894 6895 6896 6897 6898 6899 6900 6901 6902 
6903 6904 6905 6906 6907 6908 6909 6910 6911 
6912 6913 6914 6915 6916 6917 6918 6919 6920 
6921 6922 6923 6924 6925 6926 6927 6928 6929 
6930 6931 6932 6933 6934 6935 6936 6937 6938 
6939 6940 6941 6942 6943 6944 6945 6946 6947 
6948 6949 6950 6951 6952 6953 6954 6955 6956 
6957 6958 6959 6960 6961 6962 6963 6964 6965 
6966 6967 6968 6969 6970 6971 6972 6973 6974 
6975 6976 6977 6978 6979 6980 6981 6982 6983 
6984 6985 6986 6987 6988 6989 6990 6991 6992 
6993 6994 6995 6996 6997 6998 6999 7000 7001 
7002 
POINT_DATA 7003
FIELD FieldData 5
id 1 7003 int
18551 22136 24584 29923 26055 29071 26994 30421 27642 
29149 23003 27272 28484 26992 29659 27625 30994 28908 
30574 25766 29073 28364 23582 28491 28928 27156 27499 
30775 22917 17607 22490 30263 22632 27241 29501 27154 
30786 31037 28530 28435 27019 31099 22456 26717 27652 
28144 27895 24903 28636 25449 29985 27053 25140 21554 
29393 29319 28319 23567 26735 26767 30903 29538 28516 
22680 27431 31034 28501 27940 23706 29969 22086 27332 
29122 21915 27124 29314 27632 30593 27518 28320 27238 
29371 26714 29386 27969 29964 26950 29381 30351 27227 
26764 28845 26786 23599 28389 27628 24210 29759 24339 
29633 27057 26577 26212 31155 29360 29438 27492 26485 
22940 24489 22793 28131 26741 26398 28013 30527 25578 
24476 22138 28697 26921 28962 27950 25406 30968 24398 
29902 27597 25255 27693 21307 23842 27665 29677 28090 
28127 23768 30835 30523 29640 27460 22132 27335 30889 
25070 30883 27430 29095 26816 28587 30581 27724 26623 
22677 29732 26366 24603 29212 30637 25066 28747 28803 
27588 17763 26611 29396 24367 29550 24272 27512 28857 
24111 26988 29464 27767 26853 27691 27240 29552 28512 
29465 20423 27040 25814 26894 19118 26520 16627 28824 
26551 29329 28100 29452 29997 22363 29932 22189 27835 
20223 27471 30893 26984 30843 26955 30104 27150 25817 
24305 27360 28246 30569 27980 25815 23544 30921 29372 
23008 24211 29990 28926 22992 28666 30621 29527 23738 
23863 27030 28285 31080 26758 27031 31063 25430 31019 
27286 26159 30656 30197 30124 29104 27117 27757 28418 
26700 30916 28212 26646 29609 27013 30765 17839 28705 
31117 30758 30875 29835 26383 26665 25819 29255 29948 
23330 25361 27299 24940 27115 23879 10672 30254 27884 
26734 22644 31035 24338 26864 18555 22621 25989 26763 
29249 22664 28955 17817 18459 30896 24800 24546 27410 
22968 27535 27306 25892 28135 24974 26091 24732 25308 
26689 19295 30392 26810 27006 30183 29699 25093 22864 
19228 30584 29292 29610 24124 18071 26046 30783 29692 
27252 22957 26828 30391 26302 24094 25925 26769 27128 
30365 30361 26789 29678 27513 23513 22400 27193 31175 
22932 24051 23387 25311 18228 23585 29861 18015 26346 
27855 26086 26578 30167 24946 23938 26254 22654 24220 
15312 31048 29993 22762 21032 28594 24846 22567 24519 
25921 22704 27235 27494 23189 24996 26805 27316 23487 
24653 26709 29056 23497 27189 25230 30424 22813 21457 
18944 15492 25118 23743 21145 20430 18032 22160 27170 
30020 27549 25346 23709 25190 27278 25327 23899 23565 
23047 27358 22768 29592 20835 23714 23615 24364 29191 
25565 28638 24594 22507 22948 25556 25775 23435 25821 
23788 24012 22307 26523 22876 22088 24759 25860 23726 
25938 22534 24358 23597 26951 24692 31164 25278 18668 
26081 22112 21703 25949 28988 23883 19650 24266 24064 
27185 22811 18698 25469 22434 23115 30130 18352 30348 
25150 22769 13445 22582 23249 19311 25097 24935 24889 
16972 25149 22852 28310 26476 23891 29767 22440 25998 
22219 23091 25329 22206 24689 22078 23307 28200 28679 
19379 22670 22310 22357 28443 17685 18729 22438 23646 
28132 25213 22907 24557 23761 24033 22586 21658 23127 
20878 23069 25699 21932 22083 23054 20457 26301 24028 
25902 22741 22469 25375 22111 25739 22911 22784 18954 
17834 28210 23161 26440 23818 23752 31136 25778 25675 
16784 22259 17497 26521 25061 25445 22208 29727 23143 
22684 19433 22236 25340 28689 30366 14069 23021 18313 
22706 20152 11694 17767 22159 25162 25101 24307 17097 
24448 27203 24430 23099 25539 29190 22104 18314 21565 
23101 25835 23097 14247 15698 25788 24186 22372 29856 
28820 30615 26252 28417 20769 25138 31100 23456 24884 
18132 19713 22908 24801 22799 23415 14561 22284 23741 
25300 24508 23432 22470 23414 18885 26317 23296 25859 
25021 22345 28806 26315 19565 23116 24593 19217 25838 
23002 23673 20018 25603 21208 18833 24000 25586 26118 
25071 24138 18347 24009 8782 22076 22701 29416 19024 
20972 21467 20869 20551 26552 25244 25773 482 22619 
24786 28332 26585 26095 23248 22422 24293 25410 13556 
26361 27303 14101 19744 25027 24922 18133 22863 22169 
21318 23485 22356 23318 27750 3026 24277 12834 23427 
27277 21916 19855 18584 23550 17673 22057 26023 18111 
23731 24127 24868 15829 23906 22738 19457 25008 18417 
26380 19627 23918 26296 19755 29365 23798 24221 11873 
22321 18850 17976 19343 4822 30644 28738 22915 22958 
18899 21564 19259 19734 21898 25598 8415 25439 31025 
21233 16318 20331 26153 22788 25335 23262 28773 25353 
22683 30343 21628 26316 19442 12456 23344 18312 17910 
23613 20072 26593 1688 30385 18561 26727 28875 23822 
25004 28010 22975 23138 31036 27324 23701 21674 22714 
26233 19238 29818 18678 1230 28194 25084 19028 24056 
17941 25803 22942 25886 22266 25391 26297 18710 21970 
1875 15560 17533 27233 22179 19139 19007 25496 28028 
4689 28892 4652 23876 26321 1395 28980 26807 25960 
24445 30516 4158 20560 23794 30465 27374 17491 27058 
30313 28003 25550 21355 27119 19789 18266 24383 28561 
22452 3551 27347 23661 17988 29929 28748 26537 28478 
30689 17953 26056 31141 7941 3524 19808 26625 30767 
19620 29455 1335 28511 525 3912 24079 30749 20871 
627 21963 24738 26862 27865 28234 24068 27163 27570 
1521 31049 23671 17011 31046 22555 22543 24704 4955 
19617 14451 18421 30282 22601 27287 7213 24451 23982 
28713 27264 21984 20188 21804 28577 4253 27649 30860 
29408 19985 30785 27437 29389 20146 22707 28411 25995 
13305 24998 28946 23734 20571 28302 23037 29226 2403 
2459 29063 18117 29395 29472 28734 28881 30103 27246 
23540 30899 29763 20304 30233 30504 21994 28905 28691 
27714 29778 27566 1490 28604 26956 30284 29401 27383 
28432 30998 7544 27846 30319 30647 31070 28328 26854 
29567 15557 15928 3757 11352 30009 25806 17095 30913 
25121 23703 30083 28801 27256 28096 29814 26870 30688 
28301 30184 1608 599 25343 6543 30044 27830 30427 
31071 28299 24709 29772 23278 26293 28359 6215 25910 
2527 21560 27007 30293 29652 28578 25760 27858 30166 
28708 26679 23218 29523 28336 27857 29088 28770 24348 
26354 20155 27438 30760 28722 28245 27827 19023 28894 
25169 29620 28746 24289 30018 27571 29877 28168 6407 
28426 26933 29848 26708 31127 22230 6323 22803 26599 
7317 2965 28717 24313 27433 28085 29711 25002 30976 
27880 25492 28154 30019 23357 28611 23951 30375 1354 
29308 5394 20277 30386 23237 26658 30502 27617 30575 
29222 2829 31143 23391 30500 27516 28684 27069 16964 
1775 24428 30596 349 7517 5027 25945 30159 29367 
4951 22005 28259 15467 24736 29364 30616 30557 30679 
24446 29047 23018 22299 24730 28494 3116 30440 27022 
27552 15414 1071 3354 2812 28953 6440 11600 2572 
1425 4653 25173 29502 24832 22579 12548 2417 5467 
2330 3353 5543 28656 7473 442 11782 15677 5529 
24060 30283 29489 22408 25018 27572 5912 17350 179 
7309 30109 27764 29336 30631 23852 24576 28817 27160 
29070 27350 27734 28015 29039 26960 28961 3011 4274 
7340 2161 1048 5121 28380 27515 24185 27615 1591 
7596 4712 21342 2119 7559 4920 20707 2615 3925 
29770 7487 16429 2599 2175 16272 2863 4580 6782 
29121 30781 10796 1826 7347 6720 11896 10153 28382 
27239 27769 6002 11071 7065 398 2471 14982 27113 
27001 23160 29228 24782 28515 30585 28185 30605 28309 
24606 29353 22952 29927 30089 28094 27868 29995 1012 
6259 16281 4509 10966 28710 30203 3702 26553 1556 
232 5812 3438 848 395 653 21169 24615 27864 
29798 27065 22041 3189 5374 21635 1112 1215 17136 
21943 3566 11654 3521 7256 21778 243 8570 16892 
3217 1099 5724 30842 2745 7604 87 1477 28377 
29339 1016 17027 2231 7538 4552 9150 31060 27872 
30827 28146 27149 30801 22551 22141 24002 26814 27169 
27011 27143 29808 4965 9770 7010 2314 2565 7793 
30326 1858 6529 3672 21288 593 3469 6390 1580 
5866 4452 11274 20925 5351 17356 1584 3447 1848 
3932 17498 3457 4873 31052 30826 26888 3896 26591 
21451 7503 6858 6781 7588 21622 2660 28412 28282 
30972 822 11722 886 10527 2470 11533 30969 18365 
28076 28064 30214 30892 29771 27136 23833 27393 27304 
20540 24717 28295 28337 28833 27602 29996 27664 28171 
27469 5572 420 4817 19193 1280 4365 4784 27076 
982 8382 16691 7259 1141 1359 4489 3773 133 
20991 7381 5544 2200 6603 5416 12042 31087 1549 
21562 2647 37 2391 14731 6167 4396 5447 729 
664 2785 2034 16319 20679 27748 632 7128 5002 
6197 5468 4845 582 1281 19172 2644 5044 3154 
21513 6218 1418 15691 27982 27100 27583 4173 16204 
25484 4005 168 4753 9474 21006 27603 27531 31045 
30568 26797 28896 27313 30045 30135 28248 29264 31081 
1167 2554 3329 12407 2376 29 6441 9517 29698 
30820 1694 1488 20633 1487 5305 16810 1986 6797 
696 5346 12400 12489 6195 29037 29231 3578 20820 
2130 4426 7469 544 988 1245 112 5535 5370 
776 2026 3675 3048 24532 28690 7277 16113 999 
2007 21538 2038 6168 7283 3857 30367 30331 7034 
3427 12369 4166 6536 11217 16719 26996 26223 30248 
29779 28682 22241 30023 27121 30990 28983 30262 30256 
28840 22305 26003 3489 3652 5765 439 4360 6262 
9541 30213 8634 9032 1535 3374 6071 6866 6428 
1092 5123 5852 2413 22008 2618 3981 30577 30974 
10997 17245 5057 7205 1420 3893 6636 5300 1224 
1957 1555 6784 3396 866 1905 21570 10636 20823 
2716 5645 7443 2150 6361 968 4303 6701 5935 
12457 6717 1001 5926 1461 5811 27188 29128 6321 
4032 12451 30681 5283 667 8968 24187 29792 29854 
29960 28190 29044 29820 28404 27634 22223 28044 29569 
30709 27692 28472 26859 27718 30360 24500 28175 28695 
29548 927 3019 20241 12351 12621 9078 26258 30116 
6925 12081 1478 189 1206 8781 5025 5527 6909 
2035 1217 683 7425 27678 27871 7315 4781 15461 
1523 5293 3923 2445 2148 3918 1811 744 3470 
1916 277 1642 2669 2177 7489 427 8866 28031 
2543 3219 1465 11828 6013 7138 32 5644 78 
2711 207 7516 995 7226 12558 7230 4081 3949 
3934 10025 29512 26958 29905 23232 29106 27544 30036 
25364 30345 24435 27716 31111 28087 24392 2127 2762 
4417 5363 9733 1847 5208 30839 28261 30633 4708 
12160 11157 11887 6128 878 6834 5024 6843 4739 
6495 12361 7421 1426 7461 17305 27766 4262 7249 
1513 2152 16829 6590 7580 5034 1377 2814 4194 
6845 4841 6329 3759 3954 2176 5144 11373 21250 
3616 1499 647 1100 1620 5614 746 3868 4738 
6935 1733 3906 5127 1870 3512 29825 1327 17317 
2040 1246 1463 7180 22572 30999 27837 27749 30247 
27510 29350 29252 22889 31163 29983 25527 28793 28324 
28421 27343 5255 21159 12114 17120 4526 344 3183 
1880 16876 29478 854 4799 115 1356 3475 7016 
2305 896 3458 2538 7113 538 6947 6653 26494 
27840 7495 3408 11921 4603 929 4450 4206 689 
4916 3094 1429 3710 2575 7344 9386 3417 583 
2750 16205 11794 21878 6546 61 595 6801 4377 
97 1876 4683 1235 5330 16754 505 15888 4589 
10169 15869 5919 2811 6714 27326 27931 29466 31165 
22473 28536 28447 25791 30582 30837 27116 27943 22520 
26952 30815 29628 6010 11471 17242 11221 5377 3215 
1614 2617 2975 4849 27775 28799 29817 27690 5868 
4659 1973 3712 1624 302 6839 3483 4462 6320 
5364 2659 6279 12997 26936 31170 30141 72 3254 
17166 622 10519 6573 7242 6679 98 3792 761 
254 2312 7039 3638 4387 2858 52 7102 9668 
16923 1835 29536 29428 29387 27330 3817 1072 5274 
2002 994 716 6437 4606 5288 3091 1507 1708 
5087 29957 8763 10889 711 6170 19 6216 11727 
30487 26533 30632 30088 27805 31001 27676 28522 28219 
30543 26840 29742 30614 30558 31072 23320 27710 30334 
24669 9820 4582 12279 1182 5899 4346 8068 29390 
28655 3133 11483 5667 6744 6732 1946 3059 5968 
6138 1336 2006 6788 7527 2567 3485 1085 11826 
86 22037 5977 3721 1372 1236 2029 6447 3173 
1520 5055 5892 1528 9137 6333 6620 28523 29143 
29245 6486 5396 323 486 6876 5750 6835 5355 
253 4057 6382 3042 71 1677 13908 21859 30152 
28898 4517 10618 2958 3841 1501 7474 2591 3897 
28596 27184 24540 28068 29312 25543 27328 30142 30707 
31098 30403 30364 26911 26991 11874 16306 26180 517 
16965 11178 7528 205 239 9130 24686 5668 6794 
4604 592 1397 2107 1831 736 16118 1115 4858 
11498 30675 7370 11053 5137 7855 1959 5210 5748 
2653 3776 6591 707 2047 3126 6518 2296 25028 
29124 21904 4722 26913 1954 613 5064 5042 3557 
5820 1077 4463 2775 2430 4937 1644 2596 7142 
12486 27397 5392 1331 2889 515 5281 12315 30909 
28396 26817 28777 28459 26915 26386 23931 30230 29164 
28204 28661 2288 62 11945 6881 5796 1380 5700 
4440 29227 6500 955 4608 1402 574 3753 4569 
4219 1303 1720 6699 21903 1102 11137 894 2094 
3936 2229 4737 509 5161 2449 5397 6049 6943 
16014 2109 417 7368 3459 6448 1872 6088 6721 
2699 27650 11555 3366 12058 5665 7168 7007 1577 
5650 6249 2017 3474 11092 6753 3791 11618 27405 
964 1387 10399 5209 1392 2491 3802 29434 29916 
28779 26671 20785 25654 30538 28838 28544 28973 28625 
23036 31132 426 2597 6967 4075 7499 2021 9965 
5182 10544 5858 6273 1592 2458 4201 839 7494 
6102 6493 1222 5788 3201 2095 1337 6268 2462 
28287 28626 6415 2909 502 4175 283 9640 10224 
3346 3343 4627 742 17371 15782 12185 3310 4366 
4834 1267 1552 2783 4332 458 6617 6963 928 
7223 5040 23 6171 686 6902 3744 3563 5592 
2058 2333 2780 10077 12014 27325 28290 27770 29934 
26785 27216 29208 24268 29432 24995 28401 27411 28576 
3770 1749 5831 2688 5203 30648 4260 2821 2506 
5082 19317 987 5580 4837 1655 630 1378 5990 
4751 2494 6204 16131 30272 8021 11106 3726 15696 
26367 2976 3658 1166 2881 3505 5923 3940 2350 
965 834 9931 11883 6686 6109 2767 16484 4431 
6364 20649 16737 751 5022 6326 21479 5865 12493 
26768 29621 966 5228 12532 476 5728 11737 28023 
28103 30467 29815 29528 27686 28423 26796 29406 26450 
27140 11532 464 9271 11496 199 27803 6954 6422 
16525 19889 21609 17246 26028 1459 644 3234 23609 
5984 12219 6621 12091 28878 25229 2285 25035 936 
15818 594 17160 12151 4132 15201 10089 20242 7483 
16704 5908 167 4816 31082 28266 29647 1209 2928 
3510 357 16618 19750 2667 11577 16584 534 1966 
20358 24634 2560 6895 28993 27700 29601 3358 9936 
10554 4443 17316 12441 28120 27402 29023 27355 28968 
31051 29197 26848 30741 23580 23076 24421 29661 22322 
30958 26871 27487 28071 30475 23024 28079 29720 2388 
2627 11334 1137 3332 6072 6118 10359 2495 19385 
29710 6290 14665 25966 6604 12101 26340 3811 11348 
1117 11294 25528 30515 26478 19661 19857 27284 5859 
30627 17547 4161 6998 7109 5487 27818 4519 11107 
16957 20943 4076 11693 14239 21556 30578 1189 8240 
9512 30090 28809 5844 10540 316 5465 1934 29521 
27258 29199 28756 30016 28791 30393 31121 27793 27363 
29518 28537 29351 30554 24360 30430 29392 29142 30441 
353 7323 1711 2041 16074 28227 26683 6116 6503 
29309 30989 21985 6703 29445 26062 21411 19080 21263 
2925 10054 10679 30342 30886 18639 1805 25988 4927 
785 639 2756 27045 30511 26998 1165 13172 16929 
21525 5068 26100 6095 5945 21952 19346 6770 30910 
28960 28508 27390 28276 27755 27737 26935 27157 28192 
2573 5131 10306 12974 14641 7178 6708 23570 24091 
29577 29884 28128 30199 29904 26691 27928 29507 25324 
29383 29140 28510 27259 28600 29072 27881 21008 24397 
24752 30694 24344 23909 30620 25951 30952 29845 27341 
28669 319 717 6381 12122 3477 5443 7969 28907 
27618 271 3211 12271 21639 21098 16360 19631 26583 
12438 17462 27723 28457 2170 6677 12087 4382 57 
4644 3152 5698 27292 29683 29890 5885 5932 1958 
12427 30131 25196 30158 2342 8101 30657 27958 26924 
1698 6976 27386 20168 7134 2956 7261 28939 27094 
22308 29424 25930 30838 27990 30128 28826 28888 25133 
22355 27851 29581 31020 27231 28534 29277 26891 27109 
30649 27015 27346 29668 28362 27667 1809 4002 3611 
6593 4771 17068 27598 27877 28479 11022 26329 30960 
30941 21637 20322 2046 27080 30561 29008 30182 30190 
22649 26008 29220 29579 19377 7520 12752 5227 28597 
28922 28073 28086 2253 7568 26291 19192 12380 24320 
1019 20903 4532 11960 30915 28252 27874 5582 3713 
3908 2779 4214 29823 5140 30274 27579 27228 30722 
29937 28696 24914 27900 24174 26954 30469 28158 30629 
26731 26742 26716 29313 29786 26435 28431 30279 27641 
28610 2410 2091 10932 16746 2900 29153 23647 28764 
2050 8746 29944 30451 6951 21663 21510 362 12297 
29922 29189 23845 28716 10500 437 21230 13611 30227 
20993 13718 870 2328 30982 10378 21575 16695 15546 
29369 26413 5745 5086 11536 29813 30228 2763 16309 
5342 11385 1064 27521 28471 30509 30579 31015 29562 
29952 27206 28970 30032 29807 22262 29442 22836 30413 
27060 27297 26865 28918 29052 30223 29627 28788 22646 
30862 24200 29541 6483 11663 1248 748 11566 29258 
93 481 970 19917 25828 16035 30273 21282 3244 
6243 23117 15026 22749 31103 1840 2173 26497 16351 
6479 28040 135 7550 16981 15241 30426 29337 25317 
17206 17146 4925 21770 29611 912 7989 2533 11685 
26201 9328 31104 26681 28107 29510 22521 25813 30305 
29752 27234 23345 29346 29529 27359 29176 28934 5437 
11109 26407 12041 2606 8275 10677 29281 30518 29260 
28156 8485 9926 537 19420 12575 20896 28509 30937 
17125 3784 28831 29833 2242 30134 26017 1202 20532 
3130 28403 376 4258 27493 6272 30031 1160 31038 
2535 25435 27594 21428 106 22145 94 10102 6565 
12068 522 3168 29939 23954 26903 24774 28264 24148 
30682 30030 27936 28038 477 4127 1525 17107 2694 
563 3405 1784 26266 31138 6652 132 453 5741 
3826 5933 2081 4879 16641 29650 4786 7320 26483 
1087 6468 28936 21005 15229 3825 21126 7018 3997 
3783 4862 16962 5659 1866 10641 26397 282 2639 
29041 29340 29499 29842 29098 27336 29756 29810 27158 
26804 29076 30759 24404 26710 3376 2131 5080 12628 
2851 5110 14509 601 7319 3275 245 2102 25937 
26491 1300 1268 4114 17691 5589 3775 29862 14670 
979 24637 2583 17287 9942 25006 6600 23365 24901 
981 1748 20670 25336 10419 12349 11186 17302 20091 
1855 24877 20734 14695 12431 27640 3748 4556 10750 
2009 25676 30911 29229 27218 30014 27967 24978 27089 
24944 30954 30690 26271 29318 5340 9693 26356 1118 
5967 27002 29271 27796 12387 14086 29675 5028 29803 
6633 21880 1050 12645 6027 6776 1824 29263 20553 
5257 30590 11827 2486 20308 3159 12069 15420 2640 
6202 1348 15986 2093 20669 30324 4423 11648 5601 
26468 29004 12345 10670 10993 5176 16677 29724 26881 
29898 27262 27941 30033 30645 30900 22636 27934 30201 
30350 29946 28643 26867 30059 6689 11501 4094 18556 
30792 10662 1653 16708 3528 531 2649 11818 2556 
17232 2804 10904 2042 3096 10536 30763 29280 27674 
11909 4515 1015 12570 7530 12617 12115 3586 2425 
3815 12340 13916 28342 27727 1223 10248 6337 16061 
25899 16668 26145 5053 6403 7358 6169 2287 4980 
7921 1527 3062 1799 4864 30138 27356 27209 27175 
30595 28240 29414 29243 27587 26729 27810 29204 27906 
27689 30165 30301 3500 13681 58 1043 1049 4827 
2607 5519 7339 27194 29451 26860 24943 28371 7432 
1253 4071 3585 6540 3883 6671 404 775 1984 
30357 20970 27250 9278 5 30277 2687 4933 4294 
3208 5605 5005 5147 27777 27461 26687 335 1583 
7278 2937 5894 15536 17284 12023 2295 2730 3977 
4500 5217 28673 28464 7546 9424 7240 3460 12397 
1830 7371 28923 27537 29765 29193 29912 25856 27477 
27581 30559 30642 26322 29743 28863 26766 27236 29235 
30499 26847 30932 28856 27728 27261 28944 27451 30572 
28300 16301 3987 14432 6823 2228 4055 29079 2164 
5774 1643 4436 6997 3097 4472 7099 5891 7095 
2140 4048 11068 1149 31177 30984 11957 15503 3560 
4348 6678 4587 2290 334 1093 5806 1200 22 
7243 12281 6564 2915 12728 1578 3613 5366 2772 
4945 4488 1746 24949 30278 6186 6712 28865 30189 
2951 5061 29725 293 9177 10752 3247 16339 28724 
27207 29531 27919 26809 29049 28195 29440 30927 30092 
17728 30425 28313 31149 28528 29462 31096 30882 5538 
9128 17013 1845 6808 5711 1510 15996 27073 4961 
8999 21702 7398 5266 4513 1967 1842 6622 720 
5357 6898 6451 7004 3092 27939 27988 30789 30387 
796 6667 11692 5428 7357 14 1519 1180 2180 
6992 5860 2803 4958 3422 2518 5657 7015 30300 
3370 4724 2348 4710 7152 2920 5705 3943 161 
12393 2558 1340 2232 772 3317 187 10154 2390 
2966 24713 12363 2331 10397 30542 29111 30664 29555 
29460 28979 22805 24967 29672 27575 27101 30216 29968 
27311 31137 29404 31133 2250 16472 7105 1061 285 
30120 28775 26473 2837 9696 907 1778 6193 7063 
5106 610 5172 2728 3847 4668 5109 31084 5749 
8934 26477 203 2778 6867 2025 7447 2469 807 
6478 588 3972 6192 6527 7257 3765 3128 1448 
6559 364 26823 7192 6054 1621 2406 4184 2281 
7208 3703 2139 1550 6241 4836 28255 26934 30977 
28352 2598 17156 118 4522 7057 7112 4960 2052 
12030 30725 29578 29933 30816 30266 29663 28330 27120 
29629 27344 22234 29563 30368 29942 28438 24269 28355 
28555 27672 26787 6883 6303 8854 3751 747 5838 
11260 29338 28439 813 7472 5445 11701 4089 6143 
26350 5424 6974 1888 1398 2685 7367 5382 7441 
2211 958 3336 6828 2515 6654 2110 5092 7321 
294 3874 6723 529 2550 6317 1651 2262 4344 
30992 1878 3711 30833 4490 5241 4039 6601 904 
5709 3758 2635 6179 5149 4243 30496 2496 8280 
30742 916 763 3169 6409 1938 26927 30769 28402 
22798 27656 27523 30796 30715 28393 29780 27074 27825 
1213 2559 5718 12025 1127 11233 28368 26548 438 
5554 1221 4406 6233 2566 2395 1576 3716 7153 
3639 545 2013 120 7529 10240 29415 28226 28740 
141 305 1950 869 1879 4338 2922 347 2825 
3194 6211 2356 4901 2380 4938 1882 3418 14606 
777 3122 2142 5107 1256 3706 4643 6989 4059 
296 301 109 4715 6034 27214 30046 27875 333 
4022 17130 496 12462 16958 22023 30492 28945 28879 
30449 28854 30468 30327 28570 30443 29324 29809 26822 
22508 29542 28081 6981 4487 10991 16505 3243 3136 
3245 25427 29903 4860 11788 10326 3170 3225 2104 
6265 360 10826 6777 1559 2845 2070 5099 2777 
3025 322 3006 6450 29837 24042 7535 6014 11726 
4969 2366 7577 6598 6606 2886 1740 4804 1410 
1615 6398 5269 4646 2394 5773 3992 22034 29097 
30241 30528 3049 5316 4326 3436 704 1921 1140 
3920 4672 2178 1931 3281 524 1612 157 12311 
28043 30123 28229 30432 26021 28540 766 4247 2600 
6142 5252 579 3545 4893 28932 26834 29702 30444 
30041 27165 30296 26762 20967 27017 30472 27260 27133 
30625 28383 27759 29458 28188 27843 3252 5058 697 
5972 388 850 20113 7486 3206 6111 6287 3278 
5279 5242 2028 6041 811 1279 5890 4011 3679 
3648 30185 17109 4457 2677 192 1890 5240 2562 
457 4661 5496 6075 1738 4957 2181 3493 12490 
27302 29166 28238 617 15761 5797 4121 3654 5940 
2875 5343 4165 2546 2476 2381 765 5319 6795 
26562 26757 28420 27479 4291 6236 5775 11457 183 
4374 28985 27726 29776 29426 28825 27429 28138 29636 
29471 27644 27684 28201 24354 31068 26923 27322 27245 
27442 30547 22096 28910 28847 27946 121 1660 4148 
30684 3927 1685 4846 425 28982 4437 6062 1136 
4843 3787 6811 1898 2698 3263 832 3268 3038 
21812 10817 2773 6969 2963 306 3515 1457 758 
7453 4654 6196 3657 1504 1560 4086 846 15212 
6814 30224 22934 30849 17009 1191 2662 2435 4188 
6431 1225 4226 129 2464 7194 7124 4763 30304 
1935 30003 12358 6162 6889 12571 4989 4242 369 
23758 27134 24768 28675 26850 29100 24826 29446 28574 
29768 29658 24203 23148 30337 24086 26872 31062 30521 
25796 29616 28026 27118 26775 771 5801 5850 8940 
6655 2502 10229 27951 29379 27349 30556 27911 27323 
1129 6958 8926 3612 2048 1602 4902 6230 2992 
3973 1625 1647 1273 5992 4728 6817 3179 4392 
676 5620 1242 4535 4720 6850 3123 2443 79 
6799 5997 5460 3555 4351 29908 29223 3610 6519 
13889 3071 4908 5664 6842 4025 781 289 5134 
312 18 3820 5826 475 22479 27132 28698 28592 
2057 2727 1918 7185 221 5455 11191 27948 30306 
28029 27320 29709 26993 28357 28442 22095 27601 30085 
28732 29322 29624 29646 29363 28762 29132 23557 31140 
29195 28022 28733 1690 12364 450 492 2277 902 
20956 4863 11172 5680 5918 831 818 449 12465 
2656 4211 1792 3134 470 5837 11388 23767 148 
5907 3725 371 3506 3794 4567 44 6499 3079 
708 4475 5597 4445 4899 495 27435 11338 10382 
2508 2411 3111 3749 5302 3669 4480 5215 6688 
1891 2188 7362 1201 3603 27923 29417 5115 11681 
1441 10828 6891 3595 28405 30255 28546 28933 27032 
27886 29084 30973 31158 29300 22900 27657 27712 28743 
30923 12478 15597 96 1833 2860 3287 1178 10469 
29857 5853 12460 3502 5641 7510 1722 370 1894 
3063 4743 7024 3917 8227 29758 5579 4952 6490 
2842 5230 1941 6028 6356 3568 1226 4564 3402 
1518 5413 576 10717 25386 29603 2534 5102 4548 
2813 6666 3198 2067 3637 4249 2723 5056 3668 
2233 6052 3645 10706 26802 1464 8151 10546 1662 
3743 12141 4991 7022 4628 10515 25067 28811 28758 
27253 28215 31167 26938 29407 28814 26277 26084 26845 
29362 31091 29480 30490 26119 2019 11891 1456 4337 
5675 31064 1476 6872 4507 10213 23337 23857 26688 
387 542 5766 6813 5499 3968 1338 3516 2012 
4318 3000 3625 6861 7338 5900 29134 27514 29126 
8914 5503 156 2764 5845 3101 1727 670 7564 
7000 6949 3051 3833 2795 7117 5155 1381 30169 
30643 29170 1096 6650 2670 5791 7210 4527 2835 
4250 2112 7209 5334 12280 7336 6056 4758 10842 
15485 28183 14483 6357 20676 2357 197 4187 2247 
27005 29899 28072 28230 27696 29150 30010 22824 25804 
27604 30318 25193 29737 31166 31145 30325 28451 30140 
29734 30512 27993 1329 6198 7583 147 2867 12073 
6391 5422 5568 3363 2940 5949 3191 943 814 
1111 12095 9637 30384 27110 2537 7972 6563 954 
3508 4617 4923 7089 2923 578 263 3722 5913 
5212 5821 6682 17279 3803 3121 2085 4384 29042 
1974 5663 11769 558 6153 4897 2894 6081 4178 
6263 3180 2079 3084 14875 29715 2311 6342 4412 
2634 9290 8773 6347 23541 29165 26756 27859 24214 
30080 28084 28621 28444 24434 25893 28721 27198 30908 
28419 27543 29882 837 2500 30112 3372 2664 468 
6933 3035 23687 29080 2297 6324 975 10587 5896 
4448 286 2327 5273 3324 587 2273 7438 6380 
8860 5880 2755 2929 21897 2799 10921 6375 2321 
4212 5715 1070 6694 1055 3223 6121 1153 2427 
528 10197 14646 3501 29532 29487 30699 555 5975 
620 6983 1034 7464 2261 1036 669 640 8698 
436 6921 21957 1610 1942 26897 26904 1557 7106 
10970 5372 1349 1144 1640 4886 27242 29600 30641 
29295 26160 26990 27348 30526 24871 27584 27384 30320 
853 1861 6684 5162 7123 26226 28159 1453 3362 
590 6304 195 2118 4694 2974 3432 3129 1808 
3403 1481 11738 29349 25618 30029 29285 12327 5170 
7125 6264 4334 12526 5751 1762 2987 2826 564 
2955 7501 4248 28505 30667 6741 4141 21934 11967 
5802 3922 4232 6325 3034 876 2719 5001 1311 
6610 2916 17258 11721 7158 16040 30220 30395 30286 
547 4429 26580 6993 6747 11853 29525 24073 25702 
28250 29680 29880 22874 29892 27176 23331 31131 22417 
24245 30995 23537 22389 24982 29714 27729 29673 28316 
24506 28823 5696 16355 20088 17134 7505 5478 1562 
2586 8146 27000 28284 29843 30193 6931 2246 6214 
11835 4983 2552 900 12613 949 800 451 6276 
4473 4170 1512 7295 24947 23555 30250 5414 3039 
4825 2590 4028 3319 4064 12082 2204 2805 7366 
2666 1622 17372 695 1407 12576 16056 4618 23974 
28153 5551 3222 6465 3895 446 12183 560 1596 
184 6011 760 2022 6886 345 2857 4428 26441 
30874 24069 2959 11045 4687 7311 12283 4008 597 
7030 28228 28548 28379 27635 29148 23252 29200 27399 
26861 30751 30288 27099 25759 27023 29660 30323 27453 
29539 27276 31160 28102 4328 5181 34 6207 1863 
5337 28006 24250 11299 16644 3087 9609 2323 6114 
4045 12210 16251 17165 12046 17198 10792 4378 26403 
22991 23846 2439 11344 105 358 739 7342 1726 
4058 3061 798 3781 4992 11712 5638 40 7198 
6760 28385 25746 2282 2793 3517 423 3104 2291 
1022 11948 5523 300 4221 11393 905 6972 7639 
30945 1233 22343 30790 586 1609 26073 2689 4072 
48 11153 29232 27746 27221 27105 23865 27270 29225 
25233 27542 29282 29974 23675 30253 29869 30322 28816 
28864 27788 5093 6115 12119 4854 6670 1433 3093 
12483 7090 28608 27977 2547 11933 3881 17138 3974 
13917 14332 1126 4731 4947 27314 9836 17321 7038 
4415 6386 16235 480 12503 4038 11083 17029 5023 
10756 11253 5229 5895 3166 9562 12190 4390 2800 
31011 352 7239 11747 7742 3789 3032 550 6638 
11943 2099 2997 6880 533 1297 4370 30409 397 
8376 30975 8626 10481 3355 1865 27407 30888 27294 
29051 30544 30970 27138 22647 29943 28956 29622 23179 
30074 24031 28662 26980 27489 30287 27448 29246 25705 
28524 26877 27808 28414 2501 4341 4636 16818 1742 
12372 287 6362 12502 30507 2377 4405 7532 10360 
6680 11964 2609 16121 313 1544 15361 26 3300 
31 30086 3228 21483 15515 10960 14682 750 14461 
14052 17353 8977 16944 3411 2461 15673 12365 3456 
6608 28092 28449 29630 4215 7723 651 6587 6977 
7598 12011 11611 5290 14987 4051 15727 10800 15181 
6076 16448 8145 3494 27038 30276 28454 27956 28281 
3935 10599 4371 12016 6388 23402 27611 27624 30592 
28571 30481 26837 30735 20927 27713 28035 30414 29594 
26838 28703 26937 27475 29114 28151 28095 6923 4442 
4309 2280 30267 5284 4911 28653 29635 27201 27456 
30733 2061 5697 16245 10106 3824 11866 17100 11464 
12411 20867 16717 21292 5498 4594 29301 27529 2154 
1598 519 19015 8812 16890 20778 17293 11549 11414 
12039 3594 20574 11315 4052 7265 14391 30713 28974 
27960 3473 3629 26626 16432 12536 10666 4163 12429 
2101 9963 5118 16588 16464 11911 15694 3621 28391 
27838 28525 26682 687 4403 3532 9218 21669 8488 
329 1573 28286 30466 31113 28104 27551 28749 27298 
30208 31125 27182 29573 28521 29950 30251 28365 28591 
30719 28668 11808 22031 2692 11123 338 6690 30955 
1756 3098 9787 6841 10942 16132 9298 15940 9974 
9825 5375 15381 18544 2005 12822 20456 3602 11543 
29526 29380 11062 26595 16676 8373 4997 5876 21549 
15046 9837 15085 21819 8083 12661 30289 2768 16065 
27267 27921 30950 784 12083 17352 15209 9334 489 
10724 16634 9929 17369 16847 17006 19539 328 5857 
30136 30519 28958 30646 1524 11281 6796 5515 9678 
1514 30811 27339 30096 28222 28075 29881 26674 30876 
28468 23388 28292 30493 29975 30859 29183 29606 27004 
29006 27033 27794 29011 3941 1417 5248 4305 10988 
29721 27412 7108 18930 20236 21516 11117 14339 15811 
11599 21619 13394 13945 18265 7740 30788 1219 30918 
4419 5317 11950 19618 8431 14164 3542 20196 15190 
8276 19683 21105 18985 10812 16385 14678 17271 15960 
3903 16969 26744 29286 27662 27711 1044 2023 2448 
16057 10811 16364 15737 21959 21069 9777 1164 14719 
10259 21899 6253 28395 27944 22982 24672 30545 7359 
3451 17048 2936 21308 10895 17843 29614 27081 27025 
26969 28686 29461 31139 27647 30959 28467 29421 29587 
28304 27062 2066 12038 18325 15363 327 6484 29729 
29757 5758 1919 10485 13631 14363 20665 1109 15658 
20044 21954 16137 10713 25424 110 7414 22997 29168 
29248 2512 15588 20011 16799 15415 17407 21279 14384 
21611 20658 20436 22050 17813 6520 17717 20487 27079 
21579 1294 1850 13115 16873 1929 15425 12798 20477 
17139 14446 12763 5150 12028 29240 27014 30416 28954 
28744 4101 1764 12420 18367 8395 11869 5795 1088 
21725 22754 29265 30073 29554 30163 27362 22820 26698 
30586 28065 29112 5507 4847 16653 7419 1666 2269 
1468 5164 9840 22896 28533 1699 21248 20490 17501 
21991 16314 18242 14638 21786 18991 21085 19345 20281 
14804 13303 13048 12305 726 27811 27533 28018 6903 
12304 15539 12124 16924 18401 9898 25630 26564 21255 
12960 21738 21713 13552 14852 4666 21135 28308 26836 
2343 2854 18273 14808 20507 25478 19880 16202 15490 
13715 25050 20985 19365 21408 22280 25751 6994 27254 
30710 29925 11012 2396 21241 21391 12296 4730 11392 
12848 29984 30879 26965 29101 31146 30553 27903 28058 
28407 31129 29375 29139 29802 28730 30508 28036 28815 
10125 7069 15712 17684 1930 11646 27054 28667 3984 
13893 19986 20581 25284 24900 20865 17506 25136 20640 
19828 998 25534 27443 28855 28573 614 10919 19962 
21459 25970 21081 21303 23679 25218 23978 23800 19737 
30981 24071 260 7008 16895 23397 29399 28539 3705 
12453 25422 26053 26561 18487 22290 25076 19323 7815 
12253 25518 21489 399 30156 29949 29615 6446 15286 
27908 20033 3177 25901 799 11653 31008 27798 26916 
30460 27890 28048 27047 26966 30540 26745 3425 6309 
14909 4408 9451 17296 264 6526 291 5980 18572 
26602 23791 22800 14723 31032 23760 14527 24413 26447 
25678 21001 1290 28650 30777 29358 75 12394 25090 
18548 24321 25286 30079 19166 22063 18075 20260 24881 
17958 25770 20422 6017 12021 22973 30533 2892 18514 
22465 21290 25721 19362 21694 24811 22703 26108 22795 
3185 9884 10597 27484 29844 28761 7139 9414 16797 
6855 26446 9962 26460 29930 28155 27095 30081 30236 
26946 29366 28441 28624 28572 27898 29656 971 931 
11187 1330 30866 2705 27730 6988 5732 20760 30597 
24234 18697 24570 23420 26414 30697 30832 25503 25001 
26940 2419 5198 3480 5286 16800 20811 20568 23878 
24929 30851 23651 31065 23258 22231 24912 28141 22855 
546 30429 27725 9523 1886 3570 25593 31174 24337 
28681 29179 21928 22347 29789 19640 25438 24678 7448 
2585 28529 30065 28208 4050 2683 12375 1745 28008 
27568 29427 27852 27064 6535 2272 15832 6420 26642 
29871 3117 4943 10426 21967 28750 28890 30294 24993 
30146 17949 29870 30290 17382 6314 28413 699 24910 
21853 23226 23104 24792 28635 27088 18134 30823 769 
1844 3033 12285 6074 4590 22930 27914 28160 30377 
30654 28017 24682 24635 25981 29947 18240 30485 7558 
16540 27338 31097 6338 487 5583 16375 6331 2582 
27197 27049 29347 30476 30967 29760 30268 5981 3440 
24482 4427 12015 27273 1486 1790 28819 28490 1802 
2942 7073 26493 29895 19176 25064 27473 25567 29290 
5275 10729 5917 10697 9914 29582 19759 29684 26443 
25747 28753 9970 21280 21431 5376 4663 30336 5936 
11983 27155 31054 29192 30562 7456 3481 4550 821 
3388 3105 5803 11167 27636 28694 880 5717 30099 
29028 22325 25777 2340 29590 1283 6190 28778 28559 
30192 30329 28996 26143 28020 718 15402 10155 10355 
29791 29910 19773 22225 24733 30951 30762 15806 5505 
1498 6613 2010 1469 1730 28014 30495 27440 29015 
5603 835 2898 3894 5964 4298 27427 30066 19274 
30662 3959 11188 11631 25397 30685 30623 28314 5771 
27497 29625 8537 30897 29439 25584 27465 22859 17341 
1700 16529 5186 11152 1148 2235 30452 26794 28130 
29089 20594 540 11241 25823 12316 3797 8572 459 
722 3693 28180 28866 29945 28647 2368 3146 4987 
29268 30935 26199 30346 6288 6702 28780 3605 4446 
25408 29885 28390 26839 24130 27785 30755 17 1150 
10149 2989 17086 7401 3527 12599 29474 29059 737 
15804 5974 5607 8110 9121 20968 28333 6281 2383 
4655 26947 29602 31106 629 11256 16553 27715 28416 
4108 5156 917 11651 8184 9162 3160 23411 29891 
29584 31095 23498 30473 29152 27210 27771 31168 28005 
23096 31047 30639 28848 28935 30242 30309 28800 30737 
28545 28834 30611 27783 29535 28033 30764 28986 27449 
26267 29279 29230 27012 27102 26704 30363 24438 26693 
27887 28099 29330 22089 29632 27122 23118 27373 27555 
22210 30925 29860 26668 28566 28136 28000 28199 27580 
20452 29251 30048 27983 18768 29517 29704 28885 30077 
30589 28363 30149 30388 26909 29086 27282 28056 27340 
28900 27659 30234 27965 27378 24415 30204 29453 27281 
25722 28059 30708 31148 28952 27268 28639 27179 26390 
27127 28406 17445 30610 28331 27112 26914 27333 26747 
26949 28157 23322 26777 29218 17881 30750 20086 27072 
31130 28162 29475 27392 22502 26181 30049 30678 27225 
22780 24769 29146 27476 24854 23745 18525 26829 27334 
26753 28348 30987 28727 29641 29608 24479 28701 30404 
28942 30315 24165 27765 27834 28054 28873 28774 22553 
29970 28369 30055 27735 30740 27376 29302 29917 27633 
28317 29398 22518 27646 29795 28720 28169 30217 29077 
29722 30869 28640 23128 30617 25847 28161 28270 27361 
30791 26720 26788 30478 29967 27289 27930 26803 28470 
27616 31005 27613 26752 30402 27008 28959 18521 5174 
6607 3999 2278 12332 29062 27420 23627 29261 22976 
28813 830 4092 2781 5993 3077 4484 2930 1152 
4844 6962 7013 29787 30600 29648 29402 29014 5308 
7422 933 3851 1681 6163 3864 31186 29012 25047 
29468 28930 31172 28622 27996 29091 26926 20475 27966 
29036 31128 28453 28375 27432 28837 29935 29382 28032 
30303 30464 22191 21808 28312 27801 30895 24549 22421 
29186 30847 27538 28757 26944 29161 27560 27454 413 
2794 2051 5886 7574 6875 3099 1374 3980 1475 
2244 279 8464 26750 18229 29178 28792 5720 939 
4546 888 14127 1635 2198 9054 4080 4619 573 
906 30782 29560 30133 27899 28599 20 7307 3870 
10626 2184 158 6763 6031 12103 9398 2074 11893 
8048 28218 29069 30748 27086 27772 30821 31043 28063 
25082 25574 25525 27998 29027 28338 28089 30784 23905 
30106 28712 27428 28644 28884 30550 27204 26943 27301 
27917 24930 27756 29409 30399 27345 23453 28852 30173 
30243 26941 26773 27719 27097 26772 6467 12000 30246 
7617 16120 8436 29551 29883 29694 356 24693 10964 
4766 22093 23376 9771 17255 17323 29209 28236 30696 
28924 29216 29598 28209 25479 9105 19745 21130 8455 
5615 30004 26721 27660 30087 29719 28895 31003 30400 
27883 30606 31031 29612 29217 27907 26703 27590 27546 
27315 28598 27608 27490 27699 30215 23611 26684 28893 
20951 27789 30946 29486 27912 30964 30522 28567 27585 
28325 22585 28994 29394 24483 30700 28789 25069 21228 
29205 30855 30714 27220 30928 27856 25431 28109 27694 
28503 18959 23325 28940 26723 30501 28588 25935 26725 
28340 22531 28634 28349 27561 29766 22451 23177 29213 
28977 28858 27237 28765 28687 25769 29979 22279 30264 
26843 28274 31024 26702 25240 25794 29482 30691 26953 
29819 29686 29093 29171 27888 28593 28497 25836 27630 
29109 28709 26800 30027 28189 23450 27003 29994 29450 
27090 29596 27104 30724 28196 25102 28267 27137 22323 
26279 27706 27548 28984 25490 27066 27380 27833 30061 
22410 28869 28225 26907 28821 27821 26876 28057 29053 
27530 28329 31102 28718 31058 27052 27924 31017 27441 
27564 28605 22328 28047 28992 30037 31088 29341 27522 
23552 18246 28532 29425 29731 29708 29158 25822 29662 
29050 25222 27504 30514 27663 29344 25748 29388 29918 
28233 25961 30985 22831 27415 29034 27708 26985 30659 
30753 22287 28685 28818 29938 29484 29533 28584 26999 
30717 23132 24493 19812 29470 28088 22412 27596 28909 
25964 28976 24915 28784 27860 28140 28904 25845 27468 
23508 27508 28293 25488 30563 12930 29154 30139 29576 
23173 27550 29182 30734 27224 22364 27319 29682 27251 
28235 30513 27876 30095 31152 29736 17628 29868 24025 
27309 27932 28149 29087 28139 30012 28822 29316 28652 
29965 29651 28388 22935 22873 27103 28769 30524 24359 
30448 29697 30635 28477 24734 30389 28971 25939 29753 
23455 27732 31053 29328 22750 27171 30373 31122 28768 
29102 26515 22227 30317 27024 25755 29738 30401 30078 
27776 30181 23208 29572 27854 30186 27503 30868 28981 
29356 28676 23469 28166 23348 31159 30819 26791 31004 
25085 28541 28458 29999 28911 27501 30110 30884 30665 
30541 27093 31077 21722 31028 26780 29524 29096 28247 
27414 28899 25691 28767 29514 29821 26893 30028 23016 
29303 28066 31183 26363 29241 29591 30525 29739 30281 
30352 26759 29083 30172 27269 30410 30618 26896 30706 
28589 29516 23204 22260 30292 25225 29954 28211 31179 
23145 28654 27114 28683 28399 26737 29321 15124 29003 
30477 28097 27707 22359 27745 30813 23468 28649 29773 
29066 27922 29914 28496 30050 25373 26503 24120 28663 
27144 22079 30461 27446 25693 25434 25337 27528 29368 
28937 29909 23153 29631 26928 30210 25990 22302 28575 
30474 30091 27130 28476 30408 27792 31135 30145 27804 
27381 29304 29135 30126 26035 23011 29873 30551 23028 
26968 26798 28051 28205 30548 27318 21815 18568 20340 
23146 27784 30993 29859 22925 23409 28206 22827 26699 
29713 29289 30809 27614 29915 26806 26920 28725 30453 
27177 23421 31154 22184 29250 27683 26868 30042 27417 
27567 29838 31009 31182 30390 25581 24659 30836 22395 
25158 28860 29953 28693 29007 26116 30380 24057 29370 
28143 24302 28053 30382 29546 22745 23765 29287 29481 
23807 28615 28198 30602 27331 27191 30295 28997 27661 
23304 27978 30863 29872 29477 25389 28565 30947 29067 
27999 28569 27638 29973 27540 30494 24304 30168 30406 
22760 28499 29906 28776 26749 26666 28672 22390 31018 
24746 27631 30877 26092 24619 27626 28507 22331 22779 
29597 22710 30054 29846 23150 26770 28343 30021 30772 
23859 27511 31076 24770 30854 25997 17252 26436 25717 
27034 25566 28034 30094 30931 29509 30570 26018 28133 
26368 20569 23474 28170 27388 28538 28700 20582 26487 
27018 28214 27547 28427 31069 27481 22253 30113 29239 
19899 28711 27162 23658 30948 26826 24925 29294 27809 
22905 28785 26917 28244 28648 23316 25957 25323 22381 
28021 25456 26795 30848 28851 22166 27351 29852 28263 
27190 29359 25385 29634 30239 20225 27954 26978 17655 
26286 29219 29586 28142 29655 22782 26852 26889 29888 
24833 29447 29138 28828 30394 22295 27576 25366 23830 
24765 28760 26260 28213 28370 22384 27621 23542 26801 
26851 23353 29559 28832 22309 29032 30498 26673 24340 
26858 26979 23907 18908 26939 28670 29403 27180 24146 
29543 28880 24742 26811 30591 28114 29545 22809 24199 
29977 26846 24176 25250 27920 27654 27148 23806 28002 
29733 23030 30370 24739 29599 28112 24024 23046 30372 
29033 26890 22376 30938 27106 27849 28965 28560 27082 
28137 23813 26784 28350 29706 28037 24973 23172 24388 
22351 29676 27593 22375 24001 29794 30000 31016 28967 
26155 22354 30244 28617 27828 28466 29971 29519 29110 
30006 27565 22291 26667 27780 28808 22108 29048 29685 
23268 28543 30653 29244 30446 27152 27527 27787 30922 
19240 29924 28283 30188 27070 24040 30881 30729 28217 
28360 27591 31090 28424 27681 28306 27300 25900 29334 
29173 28110 30299 29561 29534 25754 29690 25896 26977 
24590 28601 24257 30567 30154 26453 26869 29010 30560 
29827 
type 1 7003 int
1 1 1 1 1 1 1 1 1 
1 1 1 1 1 1 1 1 1 
1 1 1 1 1 1 1 1 1 
1 1 1 1 1 1 1 1 1 
1 1 1 1 1 1 1 1 1 
1 1 1 1 1 1 1 1 1 
1 1 1 1 1 1 1 1 1 
1 1 1 1 1 1 1 1 1 
1 1 1 1 1 1 1 1 1 
1 1 1 1 1 1 1 1 1 
1 1 1 1 1 1 1 1 1 
1 1 1 1 1 1 1 1 1 
1 1 1 1 1 1 1 1 1 
1 1 1 1 1 1 1 1 1 
1 1 1 1 1 1 1 1 1 
1 1 1 1 1 1 1 1 1 
1 1 1 1 1 1 1 1 1 
1 1 1 1 1 1 1 1 1 
1 1 1 1 1 1 1 1 1 
1 1 1 1 1 1 1 1 1 
1 1 1 1 1 1 1 1 1 
1 1 1 1 1 1 1 1 1 
1 1 1 1 1 1 1 1 1 
1 1 1 1 1 1 1 1 1 
1 1 1 1 1 1 1 1 1 
1 1 1 1 1 1 1 1 1 
1 1 1 1 1 1 1 1 1 
1 1 1 1 1 1 1 1 1 
1 1 1 1 1 1 1 1 1 
1 1 1 1 1 1 1 1 1 
1 1 1 1 1 1 1 1 1 
1 1 1 1 1 1 1 1 1 
1 1 1 1 1 1 1 1 1 
1 1 1 1 1 1 1 1 1 
1 1 1 1 1 1 1 1 1 
1 1 1 1 1 1 1 1 1 
1 1 1 1 1 1 1 1 1 
1 1 1 1 1 1 1 1 1 
1 1 1 1 1 1 1 1 1 
1 1 1 1 1 1 1 1 1 
1 1 1 1 1 1 1 1 1 
1 1 1 1 1 1 1 1 1 
1 1 1 1 1 1 1 1 1 
1 1 1 1 1 1 1 1 1 
1 1 1 1 1 1 1 1 1 
1 1 1 1 1 1 1 1 1 
1 1 1 1 1 1 1 1 1 
1 1 1 1 1 1 1 1 1 
1 1 1 1 1 1 1 1 1 
1 1 1 1 1 1 1 1 1 
1 1 1 1 1 1 1 1 1 
1 1 1 1 1 1 1 1 1 
1 1 1 1 1 1 1 1 1 
1 1 1 1 1 1 1 1 1 
1 1 1 1 1 1 1 1 1 
1 1 1 1 1 1 1 1 1 
1 1 1 1 1 1 1 1 1 
1 1 1 1 1 1 1 1 1 
1 1 1 1 1 1 1 1 1 
1 1 1 1 1 1 1 1 1 
1 1 1 1 1 1 1 1 1 
1 1 1 1 1 1 1 1 1 
1 1 1 1 1 1 1 1 1 
1 1 1 1 1 1 1 1 1 
1 1 1 1 1 1 1 1 1 
1 1 1 1 1 1 1 1 1 
1 1 1 1 1 1 1 1 1 
1 1 1 1 1 1 1 1 1 
1 1 1 1 1 1 1 1 1 
1 1 1 1 1 1 1 1 1 
1 1 1 1 1 1 1 1 1 
1 1 1 1 1 1 1 1 1 
1 1 1 1 1 1 1 1 1 
1 1 1 1 1 1 1 1 1 
1 1 1 1 1 1 1 1 1 
1 1 1 1 1 1 1 1 1 
1 1 1 1 1 1 1 1 1 
1 1 1 1 1 1 1 1 1 
1 1 1 1 1 1 1 1 1 
1 1 1 1 1 1 1 1 1 
1 1 1 1 1 1 1 1 1 
1 1 1 1 1 1 1 1 1 
1 1 1 1 1 1 1 1 1 
1 1 1 1 1 1 1 1 1 
1 1 1 1 1 1 1 1 1 
1 1 1 1 1 1 1 1 1 
1 1 1 1 1 1 1 1 1 
1 1 1 1 1 1 1 1 1 
1 1 1 1 1 1 1 1 1 
1 1 1 1 1 1 1 1 1 
1 1 1 1 1 1 1 1 1 
1 1 1 1 1 1 1 1 1 
1 1 1 1 1 1 1 1 1 
1 1 1 1 1 1 1 1 1 
1 1 1 1 1 1 1 1 1 
1 1 1 1 1 1 1 1 1 
1 1 1 1 1 1 1 1 1 
1 1 1 1 1 1 1 1 1 
1 1 1 1 1 1 1 1 1 
1 1 1 1 1 1 1 1 1 
1 1 1 1 1 1 1 1 1 
1 1 1 1 1 1 1 1 1 
1 1 1 1 1 1 1 1 1 
1 1 1 1 1 1 1 1 1 
1 1 1 1 1 1 1 1 1 
1 1 1 1 1 1 1 1 1 
1 1 1 1 1 1 1 1 1 
1 1 1 1 1 1 1 1 1 
1 1 1 1 1 1 1 1 1 
1 1 1 1 1 1 1 1 1 
1 1 1 1 1 1 1 1 1 
1 1 1 1 1 1 1 1 1 
1 1 1 1 1 1 1 1 1 
1 1 1 1 1 1 1 1 1 
1 1 1 1 1 1 1 1 1 
1 1 1 1 1 1 1 1 1 
1 1 1 1 1 1 1 1 1 
1 1 1 1 1 1 1 1 1 
1 1 1 1 1 1 1 1 1 
1 1 1 1 1 1 1 1 1 
1 1 1 1 1 1 1 1 1 
1 1 1 1 1 1 1 1 1 
1 1 1 1 1 1 1 1 1 
1 1 1 1 1 1 1 1 1 
1 1 1 1 1 1 1 1 1 
1 1 1 1 1 1 1 1 1 
1 1 1 1 1 1 1 1 1 
1 1 1 1 1 1 1 1 1 
1 1 1 1 1 1 1 1 1 
1 1 1 1 1 1 1 1 1 
1 1 1 1 1 1 1 1 1 
1 1 1 1 1 1 1 1 1 
1 1 1 1 1 1 1 1 1 
1 1 1 1 1 1 1 1 1 
1 1 1 1 1 1 1 1 1 
1 1 1 1 1 1 1 1 1 
1 1 1 1 1 1 1 1 1 
1 1 1 1 1 1 1 1 1 
1 1 1 1 1 1 1 1 1 
1 1 1 1 1 1 1 1 1 
1 1 1 1 1 1 1 1 1 
1 1 1 1 1 1 1 1 1 
1 1 1 1 1 1 1 1 1 
1 1 1 1 1 1 1 1 1 
1 1 1 1 1 1 1 1 1 
1 1 1 1 1 1 1 1 1 
1 1 1 1 1 1 1 1 1 
1 1 1 1 1 1 1 1 1 
1 1 1 1 1 1 1 1 1 
1 1 1 1 1 1 1 1 1 
1 1 1 1 1 1 1 1 1 
1 1 1 1 1 1 1 1 1 
1 1 1 1 1 1 1 1 1 
1 1 1 1 1 1 1 1 1 
1 1 1 1 1 1 1 1 1 
1 1 1 1 1 1 1 1 1 
1 1 1 1 1 1 1 1 1 
1 1 1 1 1 1 1 1 1 
1 1 1 1 1 1 1 1 1 
1 1 1 1 1 1 1 1 1 
1 1 1 1 1 1 1 1 1 
1 1 1 1 1 1 1 1 1 
1 1 1 1 1 1 1 1 1 
1 1 1 1 1 1 1 1 1 
1 1 1 1 1 1 1 1 1 
1 1 1 1 1 1 1 1 1 
1 1 1 1 1 1 1 1 1 
1 1 1 1 1 1 1 1 1 
1 1 1 1 1 1 1 1 1 
1 1 1 1 1 1 1 1 1 
1 1 1 1 1 1 1 1 1 
1 1 1 1 1 1 1 1 1 
1 1 1 1 1 1 1 1 1 
1 1 1 1 1 1 1 1 1 
1 1 1 1 1 1 1 1 1 
1 1 1 1 1 1 1 1 1 
1 1 1 1 1 1 1 1 1 
1 1 1 1 1 1 1 1 1 
1 1 1 1 1 1 1 1 1 
1 1 1 1 1 1 1 1 1 
1 1 1 1 1 1 1 1 1 
1 1 1 1 1 1 1 1 1 
1 1 1 1 1 1 1 1 1 
1 1 1 1 1 1 1 1 1 
1 1 1 1 1 1 1 1 1 
1 1 1 1 1 1 1 1 1 
1 1 1 1 1 1 1 1 1 
1 1 1 1 1 1 1 1 1 
1 1 1 1 1 1 1 1 1 
1 1 1 1 1 1 1 1 1 
1 1 1 1 1 1 1 1 1 
1 1 1 1 1 1 1 1 1 
1 1 1 1 1 1 1 1 1 
1 1 1 1 1 1 1 1 1 
1 1 1 1 1 1 1 1 1 
1 1 1 1 1 1 1 1 1 
1 1 1 1 1 1 1 1 1 
1 1 1 1 1 1 1 1 1 
1 1 1 1 1 1 1 1 1 
1 1 1 1 1 1 1 1 1 
1 1 1 1 1 1 1 1 1 
1 1 1 1 1 1 1 1 1 
1 1 1 1 1 1 1 1 1 
1 1 1 1 1 1 1 1 1 
1 1 1 1 1 1 1 1 1 
1 1 1 1 1 1 1 1 1 
1 1 1 1 1 1 1 1 1 
1 1 1 1 1 1 1 1 1 
1 1 1 1 1 1 1 1 1 
1 1 1 1 1 1 1 1 1 
1 1 1 1 1 1 1 1 1 
1 1 1 1 1 1 1 1 1 
1 1 1 1 1 1 1 1 1 
1 1 1 1 1 1 1 1 1 
1 1 1 1 1 1 1 1 1 
1 1 1 1 1 1 1 1 1 
1 1 1 1 1 1 1 1 1 
1 1 1 1 1 1 1 1 1 
1 1 1 1 1 1 1 1 1 
1 1 1 1 1 1 1 1 1 
1 1 1 1 1 1 1 1 1 
1 1 1 1 1 1 1 1 1 
1 1 1 1 1 1 1 1 1 
1 1 1 1 1 1 1 1 1 
1 1 1 1 1 1 1 1 1 
1 1 1 1 1 1 1 1 1 
1 1 1 1 1 1 1 1 1 
1 1 1 1 1 1 1 1 1 
1 1 1 1 1 1 1 1 1 
1 1 1 1 1 1 1 1 1 
1 1 1 1 1 1 1 1 1 
1 1 1 1 1 1 1 1 1 
1 1 1 1 1 1 1 1 1 
1 1 1 1 1 1 1 1 1 
1 1 1 1 1 1 1 1 1 
1 1 1 1 1 1 1 1 1 
1 1 1 1 1 1 1 1 1 
1 1 1 1 1 1 1 1 1 
1 1 1 1 1 1 1 1 1 
1 1 1 1 1 1 1 1 1 
1 1 1 1 1 1 1 1 1 
1 1 1 1 1 1 1 1 1 
1 1 1 1 1 1 1 1 1 
1 1 1 1 1 1 1 1 1 
1 1 1 1 1 1 1 1 1 
1 1 1 1 1 1 1 1 1 
1 1 1 1 1 1 1 1 1 
1 1 1 1 1 1 1 1 1 
1 1 1 1 1 1 1 1 1 
1 1 1 1 1 1 1 1 1 
1 1 1 1 1 1 1 1 1 
1 1 1 1 1 1 1 1 1 
1 1 1 1 1 1 1 1 1 
1 1 1 1 1 1 1 1 1 
1 1 1 1 1 1 1 1 1 
1 1 1 1 1 1 1 1 1 
1 1 1 1 1 1 1 1 1 
1 1 1 1 1 1 1 1 1 
1 1 1 1 1 1 1 1 1 
1 1 1 1 1 1 1 1 1 
1 1 1 1 1 1 1 1 1 
1 1 1 1 1 1 1 1 1 
1 1 1 1 1 1 1 1 1 
1 1 1 1 1 1 1 1 1 
1 1 1 1 1 1 1 1 1 
1 1 1 1 1 1 1 1 1 
1 1 1 1 1 1 1 1 1 
1 1 1 1 1 1 1 1 1 
1 1 1 1 1 1 1 1 1 
1 1 1 1 1 1 1 1 1 
1 1 1 1 1 1 1 1 1 
1 1 1 1 1 1 1 1 1 
1 1 1 1 1 1 1 1 1 
1 1 1 1 1 1 1 1 1 
1 1 1 1 1 1 1 1 1 
1 1 1 1 1 1 1 1 1 
1 1 1 1 1 1 1 1 1 
1 1 1 1 1 1 1 1 1 
1 1 1 1 1 1 1 1 1 
1 1 1 1 1 1 1 1 1 
1 1 1 1 1 1 1 1 1 
1 1 1 1 1 1 1 1 1 
1 1 1 1 1 1 1 1 1 
1 1 1 1 1 1 1 1 1 
1 1 1 1 1 1 1 1 1 
1 1 1 1 1 1 1 1 1 
1 1 1 1 1 1 1 1 1 
1 1 1 1 1 1 1 1 1 
1 1 1 1 1 1 1 1 1 
1 1 1 1 1 1 1 1 1 
1 1 1 1 1 1 1 1 1 
1 1 1 1 1 1 1 1 1 
1 1 1 1 1 1 1 1 1 
1 1 1 1 1 1 1 1 1 
1 1 1 1 1 1 1 1 1 
1 1 1 1 1 1 1 1 1 
1 1 1 1 1 1 1 1 1 
1 1 1 1 1 1 1 1 1 
1 1 1 1 1 1 1 1 1 
1 1 1 1 1 1 1 1 1 
1 1 1 1 1 1 1 1 1 
1 1 1 1 1 1 1 1 1 
1 1 1 1 1 1 1 1 1 
1 1 1 1 1 1 1 1 1 
1 1 1 1 1 1 1 1 1 
1 1 1 1 1 1 1 1 1 
1 1 1 1 1 1 1 1 1 
1 1 1 1 1 1 1 1 1 
1 1 1 1 1 1 1 1 1 
1 1 1 1 1 1 1 1 1 
1 1 1 1 1 1 1 1 1 
1 1 1 1 1 1 1 1 1 
1 1 1 1 1 1 1 1 1 
1 1 1 1 1 1 1 1 1 
1 1 1 1 1 1 1 1 1 
1 1 1 1 1 1 1 1 1 
1 1 1 1 1 1 1 1 1 
1 1 1 1 1 1 1 1 1 
1 1 1 1 1 1 1 1 1 
1 1 1 1 1 1 1 1 1 
1 1 1 1 1 1 1 1 1 
1 1 1 1 1 1 1 1 1 
1 1 1 1 1 1 1 1 1 
1 1 1 1 1 1 1 1 1 
1 1 1 1 1 1 1 1 1 
1 1 1 1 1 1 1 1 1 
1 1 1 1 1 1 1 1 1 
1 1 1 1 1 1 1 1 1 
1 1 1 1 1 1 1 1 1 
1 1 1 1 1 1 1 1 1 
1 1 1 1 1 1 1 1 1 
1 1 1 1 1 1 1 1 1 
1 1 1 1 1 1 1 1 1 
1 1 1 1 1 1 1 1 1 
1 1 1 1 1 1 1 1 1 
1 1 1 1 1 1 1 1 1 
1 1 1 1 1 1 1 1 1 
1 1 1 1 1 1 1 1 1 
1 1 1 1 1 1 1 1 1 
1 1 1 1 1 1 1 1 1 
1 1 1 1 1 1 1 1 1 
1 1 1 1 1 1 1 1 1 
1 1 1 1 1 1 1 1 1 
1 1 1 1 1 1 1 1 1 
1 1 1 1 1 1 1 1 1 
1 1 1 1 1 1 1 1 1 
1 1 1 1 1 1 1 1 1 
1 1 1 1 1 1 1 1 1 
1 1 1 1 1 1 1 1 1 
1 1 1 1 1 1 1 1 1 
1 1 1 1 1 1 1 1 1 
1 1 1 1 1 1 1 1 1 
1 1 1 1 1 1 1 1 1 
1 1 1 1 1 1 1 1 1 
1 1 1 1 1 1 1 1 1 
1 1 1 1 1 1 1 1 1 
1 1 1 1 1 1 1 1 1 
1 1 1 1 1 1 1 1 1 
1 1 1 1 1 1 1 1 1 
1 1 1 1 1 1 1 1 1 
1 1 1 1 1 1 1 1 1 
1 1 1 1 1 1 1 1 1 
1 1 1 1 1 1 1 1 1 
1 1 1 1 1 1 1 1 1 
1 1 1 1 1 1 1 1 1 
1 1 1 1 1 1 1 1 1 
1 1 1 1 1 1 1 1 1 
1 1 1 1 1 1 1 1 1 
1 1 1 1 1 1 1 1 1 
1 1 1 1 1 1 1 1 1 
1 1 1 1 1 1 1 1 1 
1 1 1 1 1 1 1 1 1 
1 1 1 1 1 1 1 1 1 
1 1 1 1 1 1 1 1 1 
1 1 1 1 1 1 1 1 1 
1 1 1 1 1 1 1 1 1 
1 1 1 1 1 1 1 1 1 
1 1 1 1 1 1 1 1 1 
1 1 1 1 1 1 1 1 1 
1 1 1 1 1 1 1 1 1 
1 1 1 1 1 1 1 1 1 
1 1 1 1 1 1 1 1 1 
1 1 1 1 1 1 1 1 1 
1 1 1 1 1 1 1 1 1 
1 1 1 1 1 1 1 1 1 
1 1 1 1 1 1 1 1 1 
1 1 1 1 1 1 1 1 1 
1 1 1 1 1 1 1 1 1 
1 1 1 1 1 1 1 1 1 
1 1 1 1 1 1 1 1 1 
1 1 1 1 1 1 1 1 1 
1 1 1 1 1 1 1 1 1 
1 1 1 1 1 1 1 1 1 
1 1 1 1 1 1 1 1 1 
1 1 1 1 1 1 1 1 1 
1 1 1 1 1 1 1 1 1 
1 1 1 1 1 1 1 1 1 
1 1 1 1 1 1 1 1 1 
1 1 1 1 1 1 1 1 1 
1 1 1 1 1 1 1 1 1 
1 1 1 1 1 1 1 1 1 
1 1 1 1 1 1 1 1 1 
1 1 1 1 1 1 1 1 1 
1 1 1 1 1 1 1 1 1 
1 1 1 1 1 1 1 1 1 
1 1 1 1 1 1 1 1 1 
1 1 1 1 1 1 1 1 1 
1 1 1 1 1 1 1 1 1 
1 1 1 1 1 1 1 1 1 
1 1 1 1 1 1 1 1 1 
1 1 1 1 1 1 1 1 1 
1 1 1 1 1 1 1 1 1 
1 1 1 1 1 1 1 1 1 
1 1 1 1 1 1 1 1 1 
1 1 1 1 1 1 1 1 1 
1 1 1 1 1 1 1 1 1 
1 1 1 1 1 1 1 1 1 
1 1 1 1 1 1 1 1 1 
1 1 1 1 1 1 1 1 1 
1 1 1 1 1 1 1 1 1 
1 1 1 1 1 1 1 1 1 
1 1 1 1 1 1 1 1 1 
1 1 1 1 1 1 1 1 1 
1 1 1 1 1 1 1 1 1 
1 1 1 1 1 1 1 1 1 
1 1 1 1 1 1 1 1 1 
1 1 1 1 1 1 1 1 1 
1 1 1 1 1 1 1 1 1 
1 1 1 1 1 1 1 1 1 
1 1 1 1 1 1 1 1 1 
1 1 1 1 1 1 1 1 1 
1 1 1 1 1 1 1 1 1 
1 1 1 1 1 1 1 1 1 
1 1 1 1 1 1 1 1 1 
1 1 1 1 1 1 1 1 1 
1 1 1 1 1 1 1 1 1 
1 1 1 1 1 1 1 1 1 
1 1 1 1 1 1 1 1 1 
1 1 1 1 1 1 1 1 1 
1 1 1 1 1 1 1 1 1 
1 1 1 1 1 1 1 1 1 
1 1 1 1 1 1 1 1 1 
1 1 1 1 1 1 1 1 1 
1 1 1 1 1 1 1 1 1 
1 1 1 1 1 1 1 1 1 
1 1 1 1 1 1 1 1 1 
1 1 1 1 1 1 1 1 1 
1 1 1 1 1 1 1 1 1 
1 1 1 1 1 1 1 1 1 
1 1 1 1 1 1 1 1 1 
1 1 1 1 1 1 1 1 1 
1 1 1 1 1 1 1 1 1 
1 1 1 1 1 1 1 1 1 
1 1 1 1 1 1 1 1 1 
1 1 1 1 1 1 1 1 1 
1 1 1 1 1 1 1 1 1 
1 1 1 1 1 1 1 1 1 
1 1 1 1 1 1 1 1 1 
1 1 1 1 1 1 1 1 1 
1 1 1 1 1 1 1 1 1 
1 1 1 1 1 1 1 1 1 
1 1 1 1 1 1 1 1 1 
1 1 1 1 1 1 1 1 1 
1 1 1 1 1 1 1 1 1 
1 1 1 1 1 1 1 1 1 
1 1 1 1 1 1 1 1 1 
1 1 1 1 1 1 1 1 1 
1 1 1 1 1 1 1 1 1 
1 1 1 1 1 1 1 1 1 
1 1 1 1 1 1 1 1 1 
1 1 1 1 1 1 1 1 1 
1 1 1 1 1 1 1 1 1 
1 1 1 1 1 1 1 1 1 
1 1 1 1 1 1 1 1 1 
1 1 1 1 1 1 1 1 1 
1 1 1 1 1 1 1 1 1 
1 1 1 1 1 1 1 1 1 
1 1 1 1 1 1 1 1 1 
1 1 1 1 1 1 1 1 1 
1 1 1 1 1 1 1 1 1 
1 1 1 1 1 1 1 1 1 
1 1 1 1 1 1 1 1 1 
1 1 1 1 1 1 1 1 1 
1 1 1 1 1 1 1 1 1 
1 1 1 1 1 1 1 1 1 
1 1 1 1 1 1 1 1 1 
1 1 1 1 1 1 1 1 1 
1 1 1 1 1 1 1 1 1 
1 1 1 1 1 1 1 1 1 
1 1 1 1 1 1 1 1 1 
1 1 1 1 1 1 1 1 1 
1 1 1 1 1 1 1 1 1 
1 1 1 1 1 1 1 1 1 
1 1 1 1 1 1 1 1 1 
1 1 1 1 1 1 1 1 1 
1 1 1 1 1 1 1 1 1 
1 1 1 1 1 1 1 1 1 
1 1 1 1 1 1 1 1 1 
1 1 1 1 1 1 1 1 1 
1 1 1 1 1 1 1 1 1 
1 1 1 1 1 1 1 1 1 
1 1 1 1 1 1 1 1 1 
1 1 1 1 1 1 1 1 1 
1 1 1 1 1 1 1 1 1 
1 1 1 1 1 1 1 1 1 
1 1 1 1 1 1 1 1 1 
1 1 1 1 1 1 1 1 1 
1 1 1 1 1 1 1 1 1 
1 1 1 1 1 1 1 1 1 
1 1 1 1 1 1 1 1 1 
1 1 1 1 1 1 1 1 1 
1 1 1 1 1 1 1 1 1 
1 1 1 1 1 1 1 1 1 
1 1 1 1 1 1 1 1 1 
1 1 1 1 1 1 1 1 1 
1 1 1 1 1 1 1 1 1 
1 1 1 1 1 1 1 1 1 
1 1 1 1 1 1 1 1 1 
1 1 1 1 1 1 1 1 1 
1 1 1 1 1 1 1 1 1 
1 1 1 1 1 1 1 1 1 
1 1 1 1 1 1 1 1 1 
1 1 1 1 1 1 1 1 1 
1 1 1 1 1 1 1 1 1 
1 1 1 1 1 1 1 1 1 
1 1 1 1 1 1 1 1 1 
1 1 1 1 1 1 1 1 1 
1 1 1 1 1 1 1 1 1 
1 1 1 1 1 1 1 1 1 
1 1 1 1 1 1 1 1 1 
1 1 1 1 1 1 1 1 1 
1 1 1 1 1 1 1 1 1 
1 1 1 1 1 1 1 1 1 
1 1 1 1 1 1 1 1 1 
1 1 1 1 1 1 1 1 1 
1 1 1 1 1 1 1 1 1 
1 1 1 1 1 1 1 1 1 
1 1 1 1 1 1 1 1 1 
1 1 1 1 1 1 1 1 1 
1 1 1 1 1 1 1 1 1 
1 1 1 1 1 1 1 1 1 
1 1 1 1 1 1 1 1 1 
1 1 1 1 1 1 1 1 1 
1 1 1 1 1 1 1 1 1 
1 1 1 1 1 1 1 1 1 
1 1 1 1 1 1 1 1 1 
1 1 1 1 1 1 1 1 1 
1 1 1 1 1 1 1 1 1 
1 1 1 1 1 1 1 1 1 
1 1 1 1 1 1 1 1 1 
1 1 1 1 1 1 1 1 1 
1 1 1 1 1 1 1 1 1 
1 1 1 1 1 1 1 1 1 
1 1 1 1 1 1 1 1 1 
1 1 1 1 1 1 1 1 1 
1 1 1 1 1 1 1 1 1 
1 1 1 1 1 1 1 1 1 
1 1 1 1 1 1 1 1 1 
1 1 1 1 1 1 1 1 1 
1 1 1 1 1 1 1 1 1 
1 1 1 1 1 1 1 1 1 
1 1 1 1 1 1 1 1 1 
1 1 1 1 1 1 1 1 1 
1 1 1 1 1 1 1 1 1 
1 1 1 1 1 1 1 1 1 
1 1 1 1 1 1 1 1 1 
1 1 1 1 1 1 1 1 1 
1 1 1 1 1 1 1 1 1 
1 1 1 1 1 1 1 1 1 
1 1 1 1 1 1 1 1 1 
1 1 1 1 1 1 1 1 1 
1 1 1 1 1 1 1 1 1 
1 1 1 1 1 1 1 1 1 
1 1 1 1 1 1 1 1 1 
1 1 1 1 1 1 1 1 1 
1 1 1 1 1 1 1 1 1 
1 1 1 1 1 1 1 1 1 
1 1 1 1 1 1 1 1 1 
1 1 1 1 1 1 1 1 1 
1 1 1 1 1 1 1 1 1 
1 1 1 1 1 1 1 1 1 
1 1 1 1 1 1 1 1 1 
1 1 1 1 1 1 1 1 1 
1 1 1 1 1 1 1 1 1 
1 1 1 1 1 1 1 1 1 
1 1 1 1 1 1 1 1 1 
1 1 1 1 1 1 1 1 1 
1 1 1 1 1 1 1 1 1 
1 1 1 1 1 1 1 1 1 
1 1 1 1 1 1 1 1 1 
1 1 1 1 1 1 1 1 1 
1 1 1 1 1 1 1 1 1 
1 1 1 1 1 1 1 1 1 
1 1 1 1 1 1 1 1 1 
1 1 1 1 1 1 1 1 1 
1 1 1 1 1 1 1 1 1 
1 1 1 1 1 1 1 1 1 
1 1 1 1 1 1 1 1 1 
1 1 1 1 1 1 1 1 1 
1 1 1 1 1 1 1 1 1 
1 1 1 1 1 1 1 1 1 
1 1 1 1 1 1 1 1 1 
1 1 1 1 1 1 1 1 1 
1 1 1 1 1 1 1 1 1 
1 1 1 1 1 1 1 1 1 
1 1 1 1 1 1 1 1 1 
1 1 1 1 1 1 1 1 1 
1 1 1 1 1 1 1 1 1 
1 1 1 1 1 1 1 1 1 
1 1 1 1 1 1 1 1 1 
1 1 1 1 1 1 1 1 1 
1 1 1 1 1 1 1 1 1 
1 1 1 1 1 1 1 1 1 
1 1 1 1 1 1 1 1 1 
1 1 1 1 1 1 1 1 1 
1 1 1 1 1 1 1 1 1 
1 1 1 1 1 1 1 1 1 
1 1 1 1 1 1 1 1 1 
1 1 1 1 1 1 1 1 1 
1 1 1 1 1 1 1 1 1 
1 1 1 1 1 1 1 1 1 
1 1 1 1 1 1 1 1 1 
1 1 1 1 1 1 1 1 1 
1 1 1 1 1 1 1 1 1 
1 1 1 1 1 1 1 1 1 
1 1 1 1 1 1 1 1 1 
1 1 1 1 1 1 1 1 1 
1 1 1 1 1 1 1 1 1 
1 1 1 1 1 1 1 1 1 
1 1 1 1 1 1 1 1 1 
1 1 1 1 1 1 1 1 1 
1 1 1 1 1 1 1 1 1 
1 1 1 1 1 1 1 1 1 
1 1 1 1 1 1 1 1 1 
1 1 1 1 1 1 1 1 1 
1 1 1 1 1 1 1 1 1 
1 1 1 1 1 1 1 1 1 
1 1 1 1 1 1 1 1 1 
1 1 1 1 1 1 1 1 1 
1 1 1 1 1 1 1 1 1 
1 1 1 1 1 1 1 1 1 
1 1 1 1 1 1 1 1 1 
1 1 1 1 1 1 1 1 1 
1 1 1 1 1 1 1 1 1 
1 1 1 1 1 1 1 1 1 
1 1 1 1 1 1 1 1 1 
1 1 1 1 1 1 1 1 1 
1 1 1 1 1 1 1 1 1 
1 1 1 1 1 1 1 1 1 
1 1 1 1 1 1 1 1 1 
1 1 1 1 1 1 1 1 1 
1 1 1 1 1 1 1 1 1 
1 1 1 1 1 1 1 1 1 
1 1 1 1 1 1 1 1 1 
1 1 1 1 1 1 1 1 1 
1 1 1 1 1 1 1 1 1 
1 1 1 1 1 1 1 1 1 
1 1 1 1 1 1 1 1 1 
1 1 1 1 1 1 1 1 1 
1 1 1 1 1 1 1 1 1 
1 1 1 1 1 1 1 1 1 
1 1 1 1 1 1 1 1 1 
1 1 1 1 1 1 1 1 1 
1 1 1 1 1 1 1 1 1 
1 1 1 1 1 1 1 1 1 
1 1 1 1 1 1 1 1 1 
1 1 1 1 1 1 1 1 1 
1 1 1 1 1 1 1 1 1 
1 1 1 1 1 1 1 1 1 
1 1 1 1 1 1 1 1 1 
1 1 1 1 1 1 1 1 1 
1 1 1 1 1 1 1 1 1 
1 1 1 1 1 1 1 1 1 
1 1 1 1 1 1 1 1 1 
1 1 1 1 1 1 1 1 1 
1 1 1 1 1 1 1 1 1 
1 1 1 1 1 1 1 1 1 
1 1 1 1 1 1 1 1 1 
1 1 1 1 1 1 1 1 1 
1 1 1 1 1 1 1 1 1 
1 1 1 1 1 1 1 1 1 
1 1 1 1 1 1 1 1 1 
1 1 1 1 1 1 1 1 1 
1 1 1 1 1 1 1 1 1 
1 1 1 1 1 1 1 1 1 
1 1 1 1 1 1 1 1 1 
1 1 1 1 1 1 1 1 1 
1 1 1 1 1 1 1 1 1 
1 1 1 1 1 1 1 1 1 
1 1 1 1 1 1 1 1 1 
1 1 1 1 1 1 1 1 1 
1 1 1 1 1 1 1 1 1 
1 1 1 1 1 1 1 1 1 
1 1 1 1 1 1 1 1 1 
1 1 1 1 1 1 1 1 1 
1 1 1 1 1 1 1 1 1 
1 1 1 1 1 1 1 1 1 
1 1 1 1 1 1 1 1 1 
1 1 1 1 1 1 1 1 1 
1 1 1 1 1 1 1 1 1 
1 1 1 1 1 1 1 1 1 
1 1 1 1 1 1 1 1 1 
1 1 1 1 1 1 1 1 1 
1 1 1 1 1 1 1 1 1 
1 1 1 1 1 1 1 1 1 
1 1 1 1 1 1 1 1 1 
1 1 1 1 1 1 1 1 1 
1 1 1 1 1 1 1 1 1 
1 1 1 1 1 1 1 1 1 
1 1 1 1 1 1 1 1 1 
1 1 1 1 1 1 1 1 1 
1 1 1 1 1 1 1 1 1 
1 1 1 1 1 1 1 1 1 
1 1 1 1 1 1 1 1 1 
1 1 1 1 1 1 1 1 1 
1 1 1 1 1 1 1 1 1 
1 1 1 1 1 1 1 1 1 
1 1 1 1 1 1 1 1 1 
1 1 1 1 1 1 1 1 1 
1 1 1 1 1 1 1 1 1 
1 1 1 1 1 1 1 1 1 
1 1 1 1 1 1 1 1 1 
1 1 1 1 1 1 1 1 1 
1 1 1 1 1 1 1 1 1 
1 1 1 1 1 1 1 1 1 
1 1 1 1 1 1 1 1 1 
1 1 1 1 1 1 1 1 1 
1 1 1 1 1 1 1 1 1 
1 1 1 1 1 1 1 1 1 
1 1 1 1 1 1 1 1 1 
1 1 1 1 1 1 1 1 1 
1 1 1 1 1 1 1 1 1 
1 1 1 1 1 1 1 1 1 
1 1 1 1 1 1 1 1 1 
1 1 1 1 1 1 1 1 1 
1 1 1 1 1 1 1 1 1 
1 1 1 1 1 1 1 1 1 
1 1 1 1 1 1 1 1 1 
1 1 1 1 1 1 1 1 1 
1 1 1 1 1 1 1 1 1 
1 1 1 1 1 1 1 1 1 
1 1 1 1 1 1 1 1 1 
1 1 1 1 1 1 1 1 1 
1 1 1 1 1 1 1 1 1 
1 1 1 1 1 1 1 1 1 
1 1 1 1 1 1 1 1 1 
1 1 1 1 1 1 1 1 1 
1 1 1 1 1 1 1 1 1 
1 1 1 1 1 1 1 1 1 
1 1 1 1 1 1 1 1 1 
1 1 1 1 1 1 1 1 1 
1 1 1 1 1 1 1 1 1 
1 1 1 1 1 1 1 1 1 
1 1 1 1 1 1 1 1 1 
1 1 1 1 1 1 1 1 1 
1 1 1 1 1 1 1 1 1 
1 1 1 1 1 1 1 1 1 
1 1 1 1 1 1 1 1 1 
1 1 1 1 1 1 1 1 1 
1 1 1 1 1 1 1 1 1 
1 1 1 1 1 1 1 1 1 
1 1 1 1 1 1 1 1 1 
1 1 1 1 1 1 1 1 1 
1 1 1 1 1 1 1 1 1 
1 1 1 1 1 1 1 1 1 
1 1 1 1 1 1 1 1 1 
1 1 1 1 1 1 1 1 1 
1 1 1 1 1 1 1 1 1 
1 1 1 1 1 1 1 1 1 
1 1 1 1 1 1 1 1 1 
1 1 1 1 1 1 1 1 1 
1 1 1 1 1 1 1 1 1 
1 1 1 1 1 1 1 1 1 
1 1 1 1 1 1 1 1 1 
1 1 1 1 1 1 1 1 1 
1 1 1 1 1 1 1 1 1 
1 1 1 1 1 1 1 1 1 
1 1 1 1 1 1 1 1 1 
1 
v 3 7003 double
-0.1441295711 -0.0056323935043 0.10063587903 -0.022585636799 -0.088196852729 0.17051969159 -0.012234239819 -0.07729481825 0.24548956362 
0.1106328668 -0.17085803074 0.30579426153 -0.04799842131 -0.13945575226 0.1981270795 0.035270168095 -0.10594147541 0.23597528157 
-0.073415520623 -0.14111512594 0.17488698324 -0.091690100535 -0.13238776451 0.30112101489 -0.17675940536 -0.049504098642 0.2197816263 
-0.17004351024 -0.17794740201 0.27918126704 -0.043209501131 -0.1492044469 0.29112857566 -0.01923907885 -0.087323184511 0.22464031343 
0.070440154944 0.014698796947 0.29413244167 0.13027974824 -0.020508351709 0.32471427758 -0.040260121731 0.10859069458 0.26283043576 
-0.16492474245 0.029294213389 0.26863970576 0.063515583064 0.062454964173 0.19764254847 -0.08019894948 0.02245899208 0.21051274748 
-0.050459921359 0.039461242999 0.18300086684 -0.066017354809 -0.046772346293 0.18596639537 0.057496207902 0.0095664836496 0.22198034977 
-0.10778146945 -0.099010433179 0.2316268516 -0.095932630794 -0.10554510003 0.25311093742 0.059739341867 0.019493141707 0.2916617511 
-0.1070852647 0.0091183538417 0.3154833416 -0.0061304674558 -0.0028409499637 0.29147528249 0.060947295106 -0.070202313741 0.39863456307 
0.072926901059 0.13288567465 0.22591399532 0.10379915378 0.046416596703 0.27246591795 0.03219660682 0.0027896397007 0.18915584489 
-0.066460523322 -0.014751504627 0.21996437227 -0.049818238639 0.050341471322 0.32558560393 0.020779818531 0.099410009026 0.26293527621 
0.14638838315 0.092657560818 0.16655411482 -0.072815820755 0.11486503988 0.41751977898 0.062579241997 0.0052025653948 0.26393027651 
-0.11256816918 0.061031581709 0.32915493396 -0.15776021044 0.021783990204 0.34351367816 0.049733705152 0.01229269962 0.27324252561 
0.063729173152 0.051818511221 0.42980483036 0.084231780786 0.00531286863 0.29446175472 0.11743417714 0.10357895667 0.23996195699 
0.12472914001 0.056211830026 0.27339524952 -0.026819689245 -0.012241962949 0.32118525088 -0.078876939072 0.043271387768 0.33222901059 
-0.064570443083 0.044971246547 0.30240984606 0.058857006819 0.056479699191 0.30385916521 0.011951190495 0.089403878505 0.26341712836 
0.048423147337 0.035298540857 0.32407003206 0.054372616529 0.075362599304 0.39194361415 0.16202473406 0.056534125353 0.15648794832 
-0.10334706216 0.026463495937 0.22536035621 -0.012069745839 0.10095289151 0.28413190374 -0.13995882732 0.12525396463 0.23197262494 
0.076648350747 0.064275801946 0.34233568888 -0.00021713537034 0.048280434442 0.17124174049 0.060629201099 0.093664312915 0.41356211826 
-0.090952275793 0.083761537348 0.31597501694 -0.050299492356 0.13455587128 0.26523501399 -0.070384214493 0.10804067088 0.34850631556 
0.024480568275 0.10035876486 0.32526820467 0.09971029638 0.074169130792 0.078173687633 0.085207340147 0.0038816223797 0.28126846459 
-0.0091253887898 -0.073132790855 0.095756037017 0.088019867762 -0.10031934518 0.30836408895 -0.1064038503 -0.14037252976 0.22571398192 
-0.20723901611 -0.048030233335 0.22073661744 0.0055154278694 -0.050309536548 0.36240494109 -0.03191683241 -0.13714849164 0.32689195998 
-0.071859573394 -0.038047463149 0.40913706058 0.13942294002 -0.0035314522274 0.35119829225 -0.10078567794 -0.13050177269 0.32368680242 
-0.029452548815 0.10167628276 0.30718674363 -0.062639051082 -0.039653350097 0.26256486917 -0.054715196596 0.079328260718 0.20650383137 
-0.21050552083 -0.071601319781 0.3928367573 -0.10991295494 0.0034420460215 0.22310187522 0.015990811694 -0.015684257632 0.3660901813 
0.011546770219 -0.019749665436 0.31173936543 -0.075819068016 0.052559699231 0.23982633801 0.08471359039 -0.10421950542 0.34798212174 
-0.04402406982 0.10351395678 0.23232930307 0.16929787085 -0.018640129495 0.27414688084 0.098951205782 -0.12954869109 0.21717235387 
0.1197781522 0.022023445101 0.22236581479 -0.086730651023 0.043940705968 0.44692269891 -0.14715335787 0.11524055667 0.39555631651 
0.070261057406 0.089955751307 0.26368614106 -0.049040768294 -0.029371689365 0.30581159198 0.01690257741 -0.10930158746 0.31881388143 
0.035374085729 -0.15148707095 0.24709868456 0.050725599972 0.038554430072 0.22269212663 -0.075951838144 -0.059577131358 0.25778856173 
-0.055359009708 0.069506943939 0.43287830503 0.046694794132 -0.12113578664 0.41884871567 0.015641440818 0.014812306424 0.21952519998 
0.04819684657 -0.02885404856 0.25652816169 0.040374047511 0.021001989388 0.1894457198 0.038189029466 0.10139125552 0.30628553273 
0.082192274176 0.010197536223 0.23716960187 -0.079676096438 0.023374551897 0.29818207977 -0.1072726669 0.094754758383 0.2760844824 
-0.06251466224 0.067954532141 0.29520014458 0.011584768035 0.044321903273 0.16602666251 -0.053166616666 0.083217639755 0.34093474533 
0.023126188315 0.066345409844 0.13734978552 0.084252450895 0.12523409683 0.32597013729 -0.073414449292 0.16512839568 0.42526232414 
-0.0087964555594 0.0042027530052 0.32552960188 -0.048042392471 0.063737514364 0.38453383558 -0.018283713871 0.051850377778 0.34960239161 
0.018643333284 0.12193824033 0.27105711196 0.0079943735107 -0.02974188158 0.40817388526 0.023948105217 0.036894704332 0.32847717889 
0.068601203523 0.04470625523 0.19804954734 0.093029476481 0.13369453718 0.38919233085 0.041600708017 -0.22798246506 0.21983718735 
-0.10817323178 -0.14806485188 0.28228554396 0.0613453813 -0.10496551809 0.36907635729 -0.077663100223 -0.20085460695 0.33616530974 
0.20000735937 -0.12687320554 0.29644072825 0.18223715145 -0.12111512275 0.1900264268 -0.033878037791 -0.090795159574 0.28337558542 
-0.050088204696 -0.13578106486 0.31689006603 0.17847544766 -0.21003227686 0.1703007676 0.082632560488 0.025428111507 0.36602731418 
-0.0099036261794 -0.065686479395 0.24973822868 0.068584696634 -0.0093917321259 0.2655713119 0.13964554621 -0.10658077477 0.26555020404 
0.073113381456 -0.11060107437 0.12727218442 0.036447176439 -0.081203918271 0.22242829149 -0.062685306924 -0.020353275606 0.37833265307 
0.04268782723 -0.03336884584 0.37794206509 0.08283627375 -0.049663340137 0.1762682413 0.029199567583 -0.020876542944 0.32635831459 
0.071910173602 0.0062313297506 0.37663708909 -0.047805776302 0.043196886421 0.35169160646 0.048902579395 -0.19442856992 0.32897336378 
-0.017999946041 -0.050039847606 0.2935729379 0.072374322733 0.13839617565 0.30170104022 0.09105309112 -0.01472650057 0.28237014558 
0.09753698135 -0.03680255872 0.26051027225 0.037666563425 0.086146402261 0.32323855443 0.014168170122 -0.041606366748 0.40710878765 
-0.075133100329 -0.041429319111 0.42066720946 -0.028510418935 0.026521579188 0.38226854876 0.19090727666 -0.0076147181363 0.34592190122 
0.10472299535 0.045420692289 0.36491470042 0.073851828692 0.058946838991 0.30797502039 -0.090861656011 0.037575411696 0.28399437593 
-0.094446020817 0.00034126102917 0.4400352066 0.12428439733 0.011264598003 0.38019591546 -0.13179496704 0.11656873006 0.34263321793 
-0.15115384919 0.074114105239 0.36457112457 0.015504783187 0.072585405509 0.36788604331 -0.012592158736 0.047697048323 0.43031859472 
-0.085361869923 -0.13037988482 0.28191562641 -0.084370103413 -0.087929082045 0.18834944122 0.054461535409 -0.12688449871 0.26198725924 
0.053770258991 -0.083005441891 0.23389566037 -0.017014261668 -0.15624636162 0.16655888237 0.026635081185 -0.074251126613 0.29014173142 
0.10819094632 -0.13902077723 0.22535355006 0.18295394736 -0.021653513852 0.16861359409 -0.080244310659 0.0020313007086 0.13288802216 
0.017715150494 -0.15452105846 0.31706883836 0.031242927304 -0.061087819065 0.20455638513 0.11188680394 -0.097821914209 0.28419460567 
-0.011912723297 -0.0091923228416 0.12522547369 -0.063105342134 0.075454236262 0.30638877282 0.025992867585 -0.033331236913 0.22475564462 
-0.094263691556 -0.17674705807 0.42393357273 -0.06798454372 -0.037518128738 0.23730525235 0.034481491572 -0.053828777299 0.26474915119 
0.085911066797 0.040024504536 0.27923747344 -0.014439011374 0.079625707305 0.17555043374 0.0049284676684 -0.011627933614 0.25230885589 
-0.14465690086 0.030454434398 0.22740029823 -0.060718050219 0.026861062738 0.25948304889 0.015863724234 0.029680618893 0.31415218814 
-0.14778475622 -0.039532394396 0.37887708712 0.11222198963 0.054535717189 0.39745401984 -0.080064403458 0.10405401115 0.35660154356 
-0.1137560013 0.15364337073 0.14009307241 0.023044594513 0.012576331208 0.3871586626 0.10088721572 -0.00085088722063 0.21778481232 
-0.1738717114 -0.038498734801 0.4231576144 -0.11591685317 0.25151429643 0.27853236974 -0.0043798605767 -0.12740781466 0.4251573853 
0.080659778105 -0.0036873940471 0.47960353589 -0.0043746557429 0.086719575666 0.25440811272 0.022506482391 0.060993476193 0.28799691411 
0.089895728006 0.046814832822 0.30662371658 0.037152042458 0.076384098642 0.27343753785 -0.082744367185 -0.07351916867 0.27822082135 
-0.097435781448 -0.017152411138 0.42281693804 0.10401050345 -0.033832919173 0.42571498449 -0.035366904118 0.071384307453 0.37859703083 
0.061720782346 0.15384695658 0.23407591071 -0.12455387371 0.00044018726736 0.27800816471 -0.074563230892 0.051665552486 0.28285093197 
0.055391226439 0.14635110911 0.2048865997 -0.039713731998 0.029866184012 0.45744677611 0.068041997077 0.18967693123 0.32799303728 
-0.085588848148 0.048634172004 0.44537312185 0.059856153785 0.2375194328 0.32837512881 0.034182576024 0.059996818882 0.046759827527 
-0.084032394322 -0.15543002967 0.17218809384 0.048348199764 -0.17928584012 0.24265630846 0.04393166421 -0.010420448308 0.27149791619 
0.097511451387 -0.19034117062 0.31297787039 0.10966335028 -0.09132384162 0.36491950359 -0.051302251955 -0.10354991955 0.21423721918 
-0.048269837345 -0.08634787017 0.10438756927 -0.026840214912 -0.021946349898 0.25682114745 -0.044482265403 -0.011438992083 0.36411486599 
-0.0092412841595 0.085961872308 0.16436845933 0.11257100067 -0.08382237083 0.11124175877 0.092743661932 -0.040227890917 0.21245673898 
0.17741706454 -0.071035890332 0.20514804438 -0.010824063519 -0.00038406752297 0.087455434003 0.065576295879 -0.1205120206 0.32505899897 
0.10576330648 -0.098983275947 0.30513406108 0.052018106733 -0.069657781437 0.34286125347 -0.072226499683 -0.039081512925 0.2724080142 
-0.12483353133 -0.0077162239713 0.24412860398 -0.21702092069 0.046814601908 0.094567649275 0.065215519577 0.052922888145 0.22513253378 
-0.042815459122 0.021023692006 0.28095103792 -0.076975375151 -0.020840073156 0.2568286051 0.090385562705 -0.080533122174 0.19242981072 
0.16432910104 0.020652281101 0.31740171007 -0.083763720128 0.11094173824 0.36151260759 0.13063104894 -0.076841944319 0.2670932803 
0.037223485979 -0.021904710393 0.33124745064 -0.05936406162 0.072824237239 0.088085081098 -0.021082446777 0.011646449433 0.30205638706 
-0.043753827711 0.20093489786 0.24398414814 0.0078002179923 0.01915151198 0.33173361761 -0.098770525133 0.0473967286 0.35894739364 
0.073210735646 0.047442947477 0.18868600833 -0.06065873447 -0.019243096024 0.37475196668 0.084520404585 -0.0070060791537 0.43972484068 
0.010005364983 0.079768921343 0.25947614253 0.027082288943 0.066120264788 0.37728385801 0.062053254255 0.010844927813 0.37108085355 
0.064772436367 0.10084755385 0.21630499843 0.039279721303 -0.039856184749 0.42758340462 0.069781541334 0.00037926512909 0.20628623719 
-0.032692500785 0.11672559464 0.11923104071 -0.041503428893 0.16376662516 0.25467318775 -0.081171636908 0.11231839085 0.42936955832 
-0.01478743647 -0.15164206643 0.24891232666 -0.03028984227 -0.14257561348 0.32397217727 0.026571702544 -0.062144160183 0.28931245589 
0.062653318738 -0.12011573154 0.39875076489 -0.0058047297273 -0.071707915157 0.1799310085 0.1173495896 -0.046767834031 0.25319499056 
0.10183667329 -0.089018417603 0.36834241942 0.10607012848 -0.065687373479 0.30014054461 0.087760450083 -0.059352289681 0.32381961925 
-0.029413320549 -0.053093345835 0.43918624061 0.11302549875 -0.077458560062 0.30125365029 0.034731347802 -0.057953538181 0.33088725026 
0.0086499838645 -0.029704040816 0.098384096755 0.18070038271 -0.074829193722 0.391815927 -0.0055969650941 -0.055710954234 0.34206995593 
0.11706011702 -0.042291529116 0.26538422981 0.02700763834 -0.17009974652 0.34502402757 0.038559094901 -0.067428510697 0.41522477967 
-0.083729989499 0.0086761736442 0.32027009908 0.021984195989 0.15021270592 0.3136758981 0.1185781278 -0.0022879163484 0.25207647979 
0.0055689503414 -0.11657304998 0.11880343654 -0.031832999704 0.039929560614 0.23552574144 0.013606847191 0.046640358007 0.26291355741 
0.027300963152 0.083032561051 0.17944191146 0.070263607474 -0.014483481912 0.31406541874 -0.017197820496 -0.015114630674 0.3403520266 
0.012007964547 0.029734515322 0.22119725791 0.04516764504 -0.07329988153 0.32885077438 -0.072389339907 0.082933114612 0.34012028156 
-0.12932697651 -0.020232938138 0.28100081813 0.052186009724 0.124628061 0.27034482382 -0.01445873419 0.10564249519 0.2252611157 
0.077181769939 0.08083881713 0.22619438286 0.024411512085 -0.11624393887 0.34432113204 0.039444667459 -0.12278492106 0.15408625465 
-8.9256864065e-05 0.017278528605 0.40936331061 -0.0028503336593 -0.0043130332291 0.41533068147 -0.06967270266 0.072962115532 0.22672976837 
0.057614905685 -0.069443679979 0.50025594544 0.025252134165 0.11387622526 0.43236937478 0.19809006229 0.013253137142 0.37661863074 
-0.12318733984 0.10966606417 0.30545104191 -0.063834295028 -0.0073262470781 0.23074550282 0.071714784731 0.08435968317 0.42445271278 
-0.011725365218 0.0078281580177 0.36985034694 0.12147413349 -0.017825252749 0.28429910384 -0.05681199447 0.13240643288 0.49596444207 
0.086354094813 0.066620795641 0.26233556209 0.1803211877 0.092114911912 0.44386783646 0.16763465665 0.084350667377 0.47919786389 
-0.15163010647 -0.0048780091081 0.13198097231 0.17259310614 -0.062770441444 0.29093767868 -0.12007281802 -0.070678397727 0.46077641967 
-0.020721348676 -0.077949864615 0.23445562745 -0.12698014237 -0.086040815027 0.27868913272 -0.0035677008858 -0.04395964322 0.29605191456 
0.09057020146 0.047029619619 0.24842873934 0.15139348062 -0.068331739981 0.28071903039 -0.26648112776 -0.22330580799 0.42484051722 
0.098923318492 -0.10850498912 0.19116463383 -0.12002441298 0.080871309522 0.31312461712 -0.086946806392 0.20690739983 0.07034384063 
0.02787431083 -0.051831142131 0.29559440956 0.10941488156 -0.029265141413 0.16100077821 0.14448258699 -0.16397024184 0.13456951588 
-0.077588868286 -0.021511691328 0.4235695756 -0.018980053734 -0.0090472305611 0.22811069832 0.096050228334 -0.062523477331 0.17909293131 
-0.063873626077 -0.080653006636 0.37230195922 0.074454234769 0.02977049273 0.39862521239 0.078290693414 0.018209809364 0.33955151846 
-0.098914496262 -0.02169931065 0.29775014725 0.0020115449295 -0.068030787564 0.41363276636 0.038352354505 -0.023006893161 0.44210211781 
0.020087182428 -0.042645706772 0.44447876289 0.079686871003 -0.00089472571823 0.36234610148 0.062278991789 -0.087723690146 0.41152848617 
0.21873694007 0.017451539476 0.2920177895 -0.18833799449 0.11229719781 0.13674936457 -0.040218907691 0.10411543936 0.47713007835 
0.081691173351 0.03212248163 0.31491597185 -0.088660721214 -0.14149512225 0.26196352735 -0.026271216316 -0.10676556456 0.11804824897 
-0.0094401237007 -0.1202827975 0.20877255596 0.092324861054 -0.31289608662 0.15614914933 0.1626088144 -0.15464469969 0.14171923188 
-0.11628466736 -0.06343451929 0.30942837823 0.067192291501 -0.080891786167 0.15116828195 0.14283084516 -0.15561539527 0.24063432903 
0.11267143757 0.023275306339 0.23252529774 -0.048596275394 -0.097826401432 0.38088863588 -0.023435048198 -0.0018935171912 0.15100687001 
0.0063243122407 -0.12685193218 0.24712827268 0.012899598171 0.023618292674 0.099013352861 -0.033641858156 -0.035720894046 0.13559310094 
0.13944553064 0.0045119279041 0.25975068719 0.049401350795 -0.064843395146 0.31475731073 0.089609941426 -0.11005211951 0.16229662968 
-0.07395998356 -0.055622635155 0.17582796994 -0.046051490667 -0.080178294466 0.33702810046 0.06131401542 -0.18350730031 0.37339358336 
0.0031645080252 -0.14172394216 0.17484886755 0.02534362996 -0.091743398419 0.28314939398 -0.021131655601 0.0037376063856 0.36787218624 
-0.023803470664 0.035053242197 0.30314847671 -0.0052315069783 0.04040766385 0.31955806907 -0.011129471728 -0.044342367547 0.12195049715 
0.11484222448 -0.0067060131846 0.23928905204 -0.14335640906 -0.06742897612 0.14225358173 -0.023700832557 -0.019460492504 0.31132600181 
0.023398959365 0.14556394623 0.24376896996 0.15836491595 0.036484024697 0.28786557251 -0.040634977174 0.056302836843 0.1309263191 
0.014882125285 -0.10254759008 0.25109667974 0.0021798623432 -0.026212520187 0.44503104949 0.016545616003 -0.0021780265181 0.16014093941 
0.064062662852 0.082547672478 0.28086206345 -0.035808229151 -0.024057588337 0.39113628985 -0.079140254651 0.040558144017 0.25800658443 
0.19018638536 -0.11596047094 0.20333678943 0.052882133861 0.11352527304 0.36461206105 0.057394841801 -0.013707179397 0.083306906488 
-0.1414958741 0.066019460357 0.3605610608 -0.10899443163 -0.0070631734052 0.17927001941 -0.042006469041 0.054211257803 0.48818065446 
0.029675388647 0.037822401472 0.098592823785 0.060541181047 -0.15690679802 0.14067874868 -0.11485034932 -0.22111724606 0.22108571177 
0.0056462331205 -0.0031891879468 0.16385747603 0.00027345203394 -0.033923902251 -0.090525704811 -0.097352749678 0.009501499278 0.12430306764 
-0.12077376174 -0.051350088308 0.29500822502 0.099745029321 -0.11797641854 0.18037921562 -0.035240046206 -0.06330617074 0.30021380139 
-0.069904141656 -0.023426137165 0.33708310371 -0.033162887642 -0.13201714255 0.29388948841 0.033797080683 0.021712092462 0.1646385305 
0.043242247758 -0.043886092526 0.31955550388 0.020433672838 -0.13660735206 0.17759822875 -0.059222049874 -0.041163648372 0.36833193992 
0.0094894742501 0.012321127904 0.16971377997 0.017474424767 -0.10022242307 0.17359399093 0.0024598131677 0.023816757097 0.24337502595 
-0.04103310972 -0.010895612343 -0.15281400986 0.040285282988 -0.073398980917 0.43100303866 0.04842006018 -0.0011568413485 0.41883239318 
0.048739867798 -0.069049024274 0.36617611956 -0.015081806534 -0.010364651416 0.16339534563 0.016446045774 0.024774521065 0.12326734991 
-0.009153830879 0.062863792293 0.24396541918 -0.0054715996322 -0.048390712904 0.361910359 -0.086024173267 -0.063388665814 0.048581560402 
0.013498053754 0.05340708766 0.20899275903 0.03959927221 0.0034341896482 0.3836822953 -0.090617596365 -0.038652717934 0.18247245808 
-0.094212589271 0.12088822763 0.45696122219 -0.041303323991 0.1773667905 0.27715962158 0.054487644765 -0.039262673594 0.29240948613 
0.035559452567 0.033097943704 0.11051630083 -0.043326198002 0.080342080152 0.25756548541 0.027265870246 0.05039737903 0.38147982432 
-0.03945062966 -0.049613700403 0.11292858848 -0.10665162025 -0.040947974718 0.12228479683 -0.027319796961 -0.043736524826 0.18727344067 
-0.053294281632 -0.012189656807 0.26079870918 -0.079006318043 -0.18453430823 0.35742085399 -0.090734987517 -0.17302406385 0.16601959946 
-0.11163447037 -0.11238783505 0.32767105928 -0.021738752069 -0.095968528309 -0.22811412163 0.055066640075 0.036815812276 -0.21806921696 
-0.091181662675 -0.1241735064 0.35983624646 -0.022625684886 -0.0048563277126 0.37472998809 0.074429737107 -0.014915291821 0.14259253093 
-0.10212024555 -0.088468902657 0.36200830454 -0.12814499607 -0.030809669957 0.20809828228 -0.0062810855246 -0.012287099819 0.12798569862 
-0.15564396793 -0.071575671023 0.46044384875 -0.067065802901 0.015160179258 -0.077078961975 -0.061918355235 -0.033523215305 0.16467326869 
0.068852605566 0.073350286683 0.28106582895 0.087028617065 -0.05701106668 0.3117094209 0.023392959508 -0.061389186874 0.17346669362 
-0.10487832748 0.037449806933 0.1438752013 0.039511360896 -0.0062277113254 0.30466230166 0.052097253923 -0.026104692065 0.45571426832 
0.10741842289 0.066037394261 0.33612335635 0.020111076679 -0.027519245447 0.24450153516 -0.0011789278772 0.019376608464 0.15377072101 
0.063665090075 0.0018048731228 0.41162665754 0.14893708178 0.019281912277 0.28012181218 -0.095431008113 0.047496514837 0.32212329358 
-0.019433069955 0.059340505529 0.13353760496 -0.074828443242 0.1008886487 0.23821606683 0.062867975949 0.11930632386 0.36949083919 
0.054714767189 0.070261891696 0.16837142109 0.075613034365 0.09158286603 0.0052716741505 -0.070037387392 0.11284357555 0.13100263736 
0.017834793233 0.028547554996 0.15939789628 -0.063214474627 0.059826972644 0.20747050328 0.0014192893167 -0.058200892208 0.15363569041 
-0.10591944184 -0.17187221288 0.074872758509 0.10036117353 -0.037661557521 0.030950719568 -0.11519021324 -0.0019895260173 0.29990566507 
-0.016952591884 -0.042202684979 0.14558971924 0.00022208646513 -0.24960053428 0.28387645202 0.040357874302 0.0036091146415 0.25471853999 
-0.013487177694 -0.12596681679 0.033202406 0.073663227943 -0.2435004531 0.36422327692 0.13364151094 -0.13274130357 0.25934991249 
0.1503725831 -0.11196521872 0.48155907572 0.19663972606 -0.10134742445 0.23531858642 0.034383162656 0.014886646239 0.087393030905 
0.020575743837 -0.070385651808 0.4718707927 0.067274382447 -0.049585512182 0.17297033275 0.032512376578 0.015677955073 0.12103291493 
-0.071940343276 0.11397699319 0.31630648741 0.0038333608173 0.11453642453 0.21378310046 0.1717618001 0.084815992426 0.31818906768 
-0.23796767107 0.1081774046 0.07791150239 0.03961826043 0.027022142224 0.16399965895 -0.02523825313 0.0477749607 0.15652361295 
-0.086359090759 0.06804207615 0.30527210721 -0.016485341442 0.15680298804 0.43417539102 0.13829741334 0.23914168596 0.11235413724 
0.014796017492 0.037985463698 0.049580331453 -0.034656249806 0.10669194283 0.33217451708 -0.0088396508995 0.05647286187 0.12237406211 
-0.0057745289917 0.11692689074 0.38437930603 0.15071636054 0.21186070542 0.28321898848 -0.10429718903 -0.34055607941 0.08500192154 
0.0053954071816 -0.0081856904953 0.14202715102 -0.023298771595 -0.015687313922 0.1807881639 0.021397769952 -0.0015114669263 0.11776722771 
0.07303407635 -0.08891060364 0.30391711499 -0.017358501693 -0.021830147756 0.20702528608 -0.073020276226 -0.10108417535 0.18375869303 
-0.051492798498 0.046766396852 0.094726311551 0.017253253926 -0.12124621826 0.21167237403 -0.041009290869 0.024060560738 0.11559727096 
-0.017162299157 -0.077126624552 0.25005364657 -0.075246373004 0.051264074642 0.17938184916 0.14455201716 -0.0051135602117 0.42693700125 
-0.0017732095896 0.1006065202 -0.084438273741 0.1813325116 0.084174626344 0.23548735899 0.055991141208 0.063544838678 0.19740941296 
0.0093648104844 0.035739275355 0.12460312951 0.062960819776 -0.0043504032025 0.19862341186 0.0078787416468 0.031597899275 0.15323846823 
-0.1309648189 -0.018966198714 0.11500687996 -0.057317301097 -0.034762487128 0.18781179322 -0.008928748575 3.4241285077e-05 0.36045230558 
0.038011064581 0.055500270932 -0.11184269478 -0.01601732458 0.21201186743 0.026479175462 -0.08530596827 0.10036404722 0.27341003214 
-0.068627617986 0.014297548856 -0.042927215924 -0.040253362469 0.082532052642 -0.036084872563 -0.062832079606 0.11058213909 0.079684102196 
-0.013657174887 -0.072512470615 -0.035695524844 0.003555021967 0.00049035739126 0.16110489606 0.05999103116 -0.071772153496 0.016938310465 
-0.062591731383 0.011347689469 0.046890710769 -0.114931911 -0.10827698936 0.32844907025 -0.060765440883 -0.018468120761 0.17727652976 
-0.0074128705629 -0.016187395964 0.12779670203 -0.027722110587 -0.093588042985 0.12013670124 -0.0092128242158 -0.01183300991 0.14584558947 
-0.056907938116 0.096480483919 0.19977751668 -0.076366434699 -0.11510999883 0.35715537529 0.057803647136 -0.12962620635 0.42242856676 
0.042161172021 0.015380606367 0.12760962202 -0.037834142006 0.005203545701 0.18221905157 -0.014241465314 -0.078485804314 0.37911046817 
-0.0064614234767 -0.003579688554 0.078372361067 -0.063909003822 0.0090266947497 0.1586351992 -0.10766217685 0.074804712524 0.20244555084 
0.070824867628 0.017119815629 -0.38947606202 0.099821127944 0.089725097021 0.53436588312 0.26213106694 -0.071699486837 0.14227126028 
-0.042939638316 0.0016698183013 0.080680373462 0.0051720024437 -0.016740110347 -0.06366772776 0.26440833088 -0.18942552169 -0.006704656586 
0.16134743386 0.042899084263 0.24554041114 0.075850972056 -0.027068203892 0.24635030335 0.044037379083 0.083464278422 0.48729787028 
0.07442365437 -0.035067291349 0.14545106281 0.058774971893 0.0071554223731 0.10511757244 -0.086385157462 0.15978176253 -0.18181329164 
-0.14493394217 0.050748854456 0.37083403202 0.14370031966 -0.0099196958834 -0.35252817045 0.0624950133 0.15892156989 -0.010635587875 
0.049708801153 0.025013631945 0.025478063085 -0.080177915558 0.10272250329 0.20463900028 0.026333803517 0.072306147371 0.16511873823 
0.020322150639 0.11760670189 0.39628304162 0.023496888655 -0.034005909281 -0.24046279745 -5.1283103841e-05 -0.088008398211 0.040160951441 
-0.0073516041299 -0.11718078346 0.10199266831 0.13586139157 -0.082061204682 -0.33587184875 0.02228855697 -0.011988019564 0.15924790131 
-0.14835754613 -0.072632095458 0.47061510932 0.086227795202 -0.14394453123 -0.079516705334 0.08243031729 -0.12744522949 0.49185420799 
0.062130518852 -0.083499418513 0.12747738114 0.080813359459 0.074595410982 0.2673000048 -0.24030031172 0.04254505838 0.06388832045 
0.080759272424 -0.041734332866 0.090680600521 -0.069426982522 0.070764893276 0.19283540382 -0.0084755217142 -0.094541038817 0.24255839348 
-0.39674265046 -0.051340185383 -0.067813758778 -0.001448461108 -0.074762134476 -0.054216932923 -0.069167467039 -0.038381986477 0.12724616891 
-0.064997859449 -0.22121104424 0.049630780578 -0.18601420241 -0.037602021477 0.17789104348 -0.42197833205 -0.055648048902 0.13816771611 
0.034465437995 0.074353496908 -0.44485079288 0.083949232719 0.048304587918 -0.02934617514 0.093713643015 0.21366586407 -0.29323943773 
-0.13283588591 0.029628346002 0.54580401861 -0.040657898194 0.048723161722 0.43796362552 0.066170093004 0.023906854708 -0.082395066768 
0.10694467751 0.0088828871211 -0.19043670698 0.072859324286 0.28565569843 0.27089045092 -0.0025331001028 0.068038214489 0.18535247802 
-0.0028503148771 0.11018283844 -0.27562140798 -0.016034811754 0.077755951024 -0.28530175511 -0.031352110752 -0.0079655396293 0.047661902003 
-0.14003536167 0.14265604473 0.13132372274 -0.20180504594 -0.17371377676 -0.044355975472 -0.1057753025 -0.0079659788976 0.11600245707 
0.030672654537 -0.054256564518 0.0080102001205 -0.22812399714 -0.12889401016 0.36897089885 0.067247354293 0.047130876961 -0.18005159153 
0.27477445194 -0.081861785163 0.17945678835 -0.010197158999 -0.058979384159 0.11307578106 -0.042052289301 -0.067420964092 0.14162825351 
-0.23012695265 0.12963078831 0.30511113361 0.16293264157 -0.12538993393 -0.052619024084 0.036573317676 -0.029505500494 0.20221152711 
0.22891447551 -0.098408168957 0.040467268897 0.13681149837 0.095144756788 0.36507580426 0.18441361657 -0.25330105971 -0.050767335931 
0.0067469568296 -0.026719590035 0.27312134053 0.10292953725 -0.042429445918 0.50017670936 0.12250574405 -0.037587367344 0.20215371699 
0.17657544775 0.058883307641 0.26904843224 -0.042707909516 0.03160363046 -0.21940143502 0.063847815767 0.0061218426254 0.065721622439 
-0.029302784892 -0.092961527806 -0.065250245137 0.33263119854 0.10616643541 0.28225919065 0.044104201478 -0.081350935527 0.10241141466 
-0.093666764975 -0.037558614445 0.47015885712 0.052194538144 0.3049662849 0.035849035031 -0.05407155589 -0.049350968426 -0.13166173144 
-0.011299908066 -0.1286405295 -0.25539556073 -0.10649935642 0.047626196542 0.27390224678 0.07954337704 0.010692936497 -0.25433798874 
0.009360672645 -0.00082923480489 0.28018499117 -0.059174667641 0.023969377175 0.18693732069 0.00604692304 -0.054265430622 0.1355683053 
0.10435626776 0.084055470304 0.1883435269 0.028438081939 0.028034122513 0.20940283818 -0.052217398359 0.018674533187 0.093641667941 
-0.014039001595 -0.033132655302 0.032328860257 -0.090358202675 -0.11389458032 0.16129254244 -0.094101752684 -0.21136924292 -0.28863335524 
0.0022589700696 -0.01896802083 0.12683305115 0.21582997043 -0.088021131702 -0.06612040177 0.028737530729 -0.082377522226 0.48251981373 
-0.036301823476 0.0098793776871 -0.060418137095 0.069596775476 -0.053320468412 -0.16342109919 -0.038562463935 -0.0051958599565 -0.016540162615 
-0.003856484363 0.0053824914249 -0.1412148938 -0.10040938834 -0.11967400573 -0.022483715613 -0.093631739641 -0.046962616581 0.28358489391 
0.031933677952 -0.0019556044857 0.22741447066 -0.14994867987 0.047088584105 -0.11869314235 0.0015071361457 -0.16289466955 0.43965263923 
0.013428591593 -0.044557019663 -0.19158005904 0.21975184341 -0.12687626837 -0.14555596832 0.010110133142 -0.031107254228 -0.14548224848 
-0.046714562256 -0.079126147827 0.04409910031 -0.048321466958 0.062061686378 0.50674560493 0.070763824995 -0.016290971913 0.14267584635 
0.095151613926 0.10387853067 -0.087569791549 -0.19238507651 0.067521023839 0.068283369274 0.082533378446 0.017947581969 0.08150119681 
0.064071073489 0.127428184 0.26155080649 0.03179837563 0.040932535674 0.59032855568 -0.0035301400628 0.0013809321703 0.078056994553 
-0.10515184272 -0.1248183881 -0.065657652236 -0.15061508835 0.19402300911 -0.13761669779 -0.012809353437 -0.073619568824 -0.0047112853257 
0.20813367477 0.052380849945 0.031633503122 -0.006089436522 0.075750643632 0.21539163375 0.23440890353 0.045716179552 0.17905979869 
0.22697426463 -0.021658790192 0.034639136768 -0.018538939847 0.029163660752 0.047998471967 -0.009916259373 0.059600181086 0.12939537623 
0.13350909253 0.18221569159 0.33988032679 -0.090555472343 0.31846248983 -0.12560637123 -0.032160424527 0.02090768729 -0.17634942822 
0.041493260206 -0.14401319851 -0.11064335639 -0.067122284283 -0.053036234313 0.074140860551 0.088576810439 -0.0025840570025 -0.15650432158 
-0.21215822619 0.12800822378 -0.014326152051 -0.15976029938 -0.074304312826 -0.1527993933 -0.0013490020973 -0.24495666686 0.5143338081 
0.11078024051 -0.10977120025 -0.14105841263 0.2493518913 -0.20368272327 0.32704729302 0.16014737247 -0.18868653409 -0.02275334283 
-0.037690295204 -0.12181336502 0.07841727374 0.048148194939 0.0048175365934 0.16353427453 0.10415409283 -0.13862689026 -0.24604302659 
-0.0031778128256 -0.012086426851 0.099750987692 -0.053105002974 -0.033819265853 0.18083100475 -0.0070894474871 -0.066814757535 0.060108959938 
0.0091691200098 -0.13701407873 0.048196192195 -0.12827805522 -0.037665398583 0.08486375202 -0.044217701507 -0.14623627093 0.2279320245 
-0.075793404867 -0.071156552555 -0.012906919956 -0.056310999083 -0.044368591257 -0.17411984294 0.0061737638137 -0.063913270469 0.18187269501 
0.16078667196 0.091968546423 0.054242799149 0.086899705555 -0.0690050552 0.28352241819 -0.27581928658 -0.13767666196 -0.061523900964 
-0.26358121842 -0.15493137039 0.21599934766 0.11969994874 -0.08614770559 -0.04615745184 0.032595515958 -0.076459948134 -0.29697013847 
0.083449321475 0.028475875308 -0.22791760435 -0.013774727881 0.014981298779 -0.23147687888 0.015078232982 0.23072324393 -0.15651360601 
-0.15496311146 0.064900192488 -0.058749231161 -0.058184813856 0.045453510485 -0.028474030397 -0.058639779557 0.068807266997 -0.047834381965 
0.032447588812 0.14620008253 -0.10804173494 0.11962688473 0.21939848128 -0.29427343168 -0.13518878433 0.10508974159 -0.34517362159 
-0.18326099813 0.065390314751 -0.1919887915 0.17537033591 0.041511090967 -0.10745268418 0.028763102726 0.0016029529718 0.21647465209 
0.04214245483 0.012374698368 0.23223505599 -0.10905321333 0.27644425585 -0.20035289455 -0.11368865144 0.057861443862 -0.38742303353 
-0.088469396483 -0.079209045238 0.28338142079 -0.2552835267 0.092943017599 -0.14288601507 0.25191393946 0.28574739043 -0.14857718528 
0.082378665776 -0.2286699765 -0.13351937027 -0.051750574205 0.0076527137066 -0.18710899916 0.097713788838 -0.02524617578 -0.25617369952 
0.053467825334 -0.099530293239 0.12980661597 0.1375475197 -0.02928879037 0.19981817893 0.04243420573 -0.029767608611 -0.18853656653 
-0.037715073014 0.0027432578113 -0.24936421615 -0.19197341259 -0.20044011348 -0.11770322777 -0.021592897997 -0.021104086305 0.12659247792 
0.044278276397 -0.13392117056 -0.1201141492 0.095859145704 -0.042642172525 -0.3627437209 -0.029019504231 0.019609853297 0.11466184012 
0.022050522134 -0.074607704287 -0.00020459918657 -0.040924504484 -0.060099037883 -0.38167177898 -0.028690448266 -0.12532892924 -0.053665287706 
-0.04348175878 -0.086925151683 -0.17645044341 0.06303639857 0.085320765717 0.098256104808 0.095808276538 0.087966668121 -0.12730077048 
0.098453333327 -0.010422054826 0.29116907095 0.029950151813 -0.13051122201 -0.23761898104 -0.095634976305 0.14188288954 -0.18703329478 
-0.14100342395 -0.0718252337 -0.028125025834 -0.070388026306 0.023355674777 -0.26447729731 -0.017838235109 0.031550299528 -0.17964315134 
-0.073150179802 -0.15507246424 -0.18068699531 -0.019145465958 -0.12674612219 -0.10914126022 -0.071489279106 0.0088649483097 0.11571679303 
-0.02083302754 0.080424956286 -0.16151784269 -0.085279877086 0.13599318838 -0.033825939324 0.061225206405 -0.049984801963 0.0029397440723 
0.0014485775172 0.13608202088 -0.17516999177 -0.061242519092 0.14412721559 -0.20323049669 -0.13962055018 0.092600239437 -0.33003380395 
-0.12236440335 0.055966158661 -0.30848005657 -0.051577055721 0.050233183603 -0.00028850065969 0.051642390472 0.059906616978 -0.38902300108 
0.16313305158 0.16808206821 -0.071111969959 -0.052741973459 0.27097578245 -0.023147839675 -0.047414647639 -0.046644258768 -0.12108578916 
0.014195383894 0.1832017955 0.020812951656 -0.028843052424 -0.01551109745 0.0095058256344 0.025315488577 0.076592460571 -0.23601978688 
0.025953089147 0.057205495043 0.22489366341 0.012508606818 -0.029482096138 0.11144073964 0.050045129522 0.045555038278 -0.060443124385 
-0.041496602629 0.025278979714 -0.33399210967 -0.10228434033 0.16185421252 0.1370221456 -0.040521488859 -0.066122718348 0.22423845852 
-0.054784778395 -0.1476105552 -0.0057519812806 0.0071963745857 0.0058883150902 -0.089572512186 0.0040791818067 -0.16523136275 0.016138650153 
0.10259623329 0.038987042354 0.075192868152 0.0066128679243 -0.052099494919 0.14861959171 -0.081955409867 -0.035902593616 0.1002353164 
-0.07901940188 0.064772911589 -0.30516687132 0.070567298646 -0.12736249715 -0.070862236738 0.013988741904 -0.018899242496 0.22868607618 
0.026648799653 0.0095030972463 -0.037003048989 -0.064252296689 -0.04553165921 -0.158730584 0.064210517193 -0.08245215677 0.15959231062 
-0.12338654907 -0.083016708332 -0.053229848526 0.17618734513 0.06660862018 -0.070770684775 0.142219501 -0.20874761981 0.057783550066 
-0.13885432545 -0.11566348404 0.035888615953 0.0035193620216 0.011731728377 0.15521143636 0.028106656347 0.19538825253 -0.25766963993 
0.012979019909 0.10557893035 -0.16054962171 0.11920734563 -0.028581800698 0.054660354886 0.077256150693 -0.063376101136 -0.090444538116 
-0.023643583967 0.015909902331 0.18881848545 0.043126216491 0.2483593285 -0.19300971512 -0.23866435189 0.015941243807 -0.1614165951 
-0.013267596651 0.012347812845 -0.28208926262 0.0098567850143 0.038928626837 -0.18887140263 0.13139696778 0.051363657499 -0.030256840467 
-0.12442299037 0.004084224273 -0.052094344386 -0.068366133313 0.13127980921 -0.30694869447 0.022498836033 0.11884070864 -0.45535247477 
-0.041012830258 0.033022460169 -0.064437572793 0.09707827364 -0.050165914087 -0.19748286283 0.11740289775 -0.058849336906 0.010850227713 
0.057661870521 0.14599840123 -0.30174484587 -0.040291804313 0.055303165059 0.044178197843 -0.21044897728 -0.024801901929 -0.11939450486 
-0.032624225654 -0.1342408562 -0.14713987168 -0.05573064815 -0.12690933375 -0.30216643637 0.037816834184 -0.18446620993 -0.25999845826 
0.1211707411 -0.045147803605 0.024996884902 0.0021189184689 -0.21922274285 -0.22019551145 -0.020674032678 -0.08072749755 0.15261175756 
-0.079715179402 0.043625444058 0.060678085311 -0.047598470767 -0.037036051312 0.17808526807 -0.22450966707 -0.044362283579 -0.14360529472 
0.043712645614 -0.042617553426 0.14570029293 0.11331636034 -0.019282746135 0.065292196021 0.15455665554 -0.10120904098 -0.2609957685 
-0.040168645237 -0.043065652669 0.13234038754 0.092790805458 -0.11150146358 0.097052542927 0.11412020766 -0.039649491837 -0.38086041068 
0.078035677226 -0.10760773729 -0.32372095374 -0.0024559866253 -0.11085748554 -0.15902182079 -0.13130675662 0.022908368443 -0.26976550725 
-0.057543640486 -0.0011405057438 -0.2905931169 0.014602140025 0.006602610621 -0.10925388417 0.067174612605 0.034795301894 0.20027442745 
0.068480196458 -0.033590102175 -0.36259146013 0.14693656547 -0.038221070263 -0.19908764692 -0.088048248597 0.029538573577 0.079680097256 
-0.01888024127 0.083471845709 -0.13211196281 -0.017835200968 -0.043314068687 -0.026624152602 0.041351194157 0.042537648332 -0.28413724129 
-0.11266277633 -0.021339631301 0.019806683578 -0.020254509134 -0.13191581648 0.23326797789 -0.053996902471 0.1060519127 -0.30408962761 
-0.13670342224 0.090935815848 -0.31933078787 -0.0088845041821 0.1497908451 -0.44959165414 0.022247035635 0.21348374687 -0.1621149662 
-0.025533141029 0.034788037664 0.095736002219 -0.10074151978 0.070098121068 -0.0057156199599 0.033449698516 0.010294911911 -0.22339852124 
0.14390463053 -0.038850520792 -0.061561919369 -0.10403381547 -0.025784878562 -0.17090207233 -0.096062688046 0.0062667716363 0.087667276892 
0.015308917582 0.17552641558 0.01467695991 -0.13537317256 0.15200073786 -0.27522188036 -0.08220107659 0.11127010613 -0.29465202245 
-0.069212124404 0.17191913924 -0.38693907555 -0.015538297079 0.14714131851 -0.20222612619 0.033382270357 0.136328622 -0.2874154368 
0.045843587887 -0.089565570009 -0.016186596727 0.094276547446 -0.033747312896 -0.18693863156 -0.018318788682 -0.13173018009 0.15905013928 
0.022602450715 -0.10642331974 -0.064383626134 -0.12738754803 -0.071718597144 -0.14276185223 0.054293073922 0.0121213299 -0.14646308285 
-0.041917448823 -0.0098736218411 0.054564465821 0.12160782135 -0.021031753981 -0.043791757089 -0.1665252706 -0.12846565326 -0.2387535063 
-0.038819638297 -0.0061273671838 -0.051291636631 -0.094608567512 0.045689973324 -0.0042327055231 -0.057443253799 -0.019776034713 0.075639523708 
-0.049203762318 -0.16903383038 -0.14914499452 -0.080453661443 -0.066642734778 -0.18049551912 -0.066605346024 0.02998020988 -0.25077041932 
-0.16142531665 0.076888748444 -0.13547240926 0.062902337814 0.020058651578 0.21259211975 0.24187262451 0.013028085187 -0.041032128595 
-0.022061508181 0.060935333518 -0.16155939344 -0.0039155812336 0.02240776677 -0.24959437012 0.059947645764 0.016053281347 -0.17725185105 
-0.033958976604 0.2133981995 -0.12788656322 -0.028407693572 0.15771017837 -0.26374241165 -0.12632135371 0.15335108017 -0.22625032518 
-0.041323792813 0.020784150504 0.13092922083 -0.022013917357 0.063315186053 -0.048772743382 0.065432370075 0.055709970892 -0.23747093895 
-0.091759389098 0.15231232379 -0.24109735666 0.1152778047 0.077097368604 0.0026514192835 -0.06516353697 -0.17848486764 -0.22495313108 
0.0090040882768 -0.10655779315 -0.23099380314 0.15285060833 -0.23826168558 -0.075578196888 -0.11823175585 -0.13315394879 -0.0011653228163 
0.02526728023 -0.02669988066 0.027345265209 -0.019919295693 -0.044121839374 -0.24107112642 0.046566607619 -0.06018703683 -0.2809360208 
0.13897646113 -0.038529060008 -0.1376337729 0.14560466268 -0.06513800895 -0.037187368488 -0.084422996096 0.039471745402 -0.26337978219 
-0.052737890444 0.062449733772 0.046348551411 0.081337042569 0.060505702092 0.12282555 -0.086611507359 -0.023468972104 -0.17903040585 
-0.12741187215 -0.066897974579 -0.0018495180164 0.098924374212 -0.02902365271 -0.30917553016 -0.038990001564 0.042195197743 -0.23091024529 
0.040120028055 0.1260945742 -0.23868842675 -0.078522604801 0.016464029701 -0.24412253841 -0.036918132684 -0.03014583536 -0.04223851323 
0.10100584157 0.11088102964 -0.25104550574 0.11893599987 0.080242637028 -0.21122485653 0.0576195319 0.066529383688 -0.13313325084 
0.035884481827 0.2318163946 -0.14000666512 -0.22082800749 0.13294149819 -0.33284644877 0.082310370344 -0.12817824064 -0.21158064807 
-0.094407359613 -0.20883184347 0.00117182706 0.29846654706 -0.20410317487 0.070745189759 -0.052408403584 -0.065327223774 -0.19408479506 
-0.0059173960673 -0.13617853442 -0.016239426783 -0.08630016542 0.011701246384 -0.044733825394 -0.041711856126 -0.041638270433 -0.16835189848 
-0.20367845822 -0.090347732893 0.0052931670157 -0.042541829689 -0.019724949053 -0.24852492595 -0.070949589177 0.043304984714 0.053500206647 
0.03440458549 0.089756901781 -0.22253794631 -0.075824309991 -0.087738978262 0.076732510769 -0.10000158452 0.023888700902 -0.20950456713 
-0.034647858733 0.062967036518 -0.23086146075 -0.025975874083 0.034865698479 -0.20778945671 0.036027659082 0.06512630285 -0.22840451039 
0.10762515657 0.03503557417 -0.2168761078 -0.085612537405 0.089494321997 -0.23979368619 0.069967735364 0.16414538981 -0.081683181816 
0.10310282157 0.037332486314 -0.21109747248 -0.050138892487 -0.13456215926 -0.13460444261 -0.036751539997 -0.098718376721 -0.17253228723 
0.021052543966 -0.081234398308 -0.18290245077 0.014187167758 -0.091976529693 -0.20750260863 0.11740939887 -0.050274113505 -0.16691098808 
0.024013432375 -0.021874437917 -0.21789015993 0.11674629156 -0.0053020808532 -0.14938905602 0.077563876721 -0.0057757270148 -0.15226071099 
0.023256730149 -0.018567049627 -0.29195738476 0.15810689329 -0.057279411254 -0.18374259006 -0.10591929364 0.0019228452492 0.18200509086 
0.18063680257 -0.049874149596 -0.06171953218 -0.098193628203 0.033728940417 -0.19091774743 -0.018054462856 0.076422972439 0.03253382744 
0.10269629238 0.13098812118 -0.20729655282 -0.069433610804 0.20982632321 -0.22231162228 0.026476798006 0.11880312219 -0.19951578193 
-0.017716266614 -0.066468238412 -0.19499826804 -0.067291418507 -0.15493085926 -0.16804493857 0.069579383104 -0.13038464768 -0.14596730199 
0.051583307201 -0.097362787409 -0.13720725373 0.12276002034 -0.11764531318 -0.13043413559 0.085705221433 -0.20899289153 0.13973854816 
0.020119328988 -0.17815874753 -0.17536986462 0.033573331312 -0.025501578664 -0.15836738586 -0.06282303859 -0.056918246863 -0.14881477925 
0.031435871743 -0.029634148464 -0.095705966595 -0.025730580107 0.031996729721 -0.15925873486 0.024159320159 0.00077570154076 -0.30146619755 
-0.0052447745408 0.040459181617 -0.27057472453 0.07449231212 0.028403232149 -0.13784209079 -0.077549068516 0.1321477807 -0.29061546367 
-0.08050123351 0.090623928244 -0.2596741747 0.0365641336 0.13525552925 -0.15111844986 0.081719238326 -0.0847380835 -0.19567445552 
-0.046233213611 0.029093060863 -0.072011398702 0.10703810818 -0.095971586842 -0.1359557413 0.021995070525 -0.023205263152 -0.15283926011 
-0.095753124482 -0.047491788784 0.057958666301 0.091566494432 0.018756317547 -0.072893590155 -0.078400571709 -0.062139881608 -0.24961305143 
0.089235208609 -0.11383577105 -0.20697971806 -0.057382915142 0.022359164621 -0.26767774114 -0.01972090225 0.01250890232 -0.21998669552 
0.11550387117 0.027930164222 -0.30202335967 -0.14751106312 0.0031982231691 -0.15866245475 -0.069197587444 0.091808256492 -0.17614099295 
-0.16203069248 0.063558822188 0.029627987036 -0.041701481415 -0.047137053097 -0.10216928679 0.12141703491 -0.17354267348 -0.03271901076 
-0.019084317404 -0.087479354665 0.0084243629365 -0.0017758337147 -0.076640250109 -0.095626927369 0.081310492171 -0.0073185648585 -0.055511513721 
0.083379533994 -0.054184138568 -0.11437910065 -0.13309165424 -0.019513324829 0.0023478320513 0.053695461174 0.10850279402 -0.09050592764 
-0.0035203114959 0.025981094594 -0.13877527334 -0.10648943996 0.066087875152 0.093587937162 -0.14075119558 -0.0016014855179 -0.13401053997 
-0.021899876094 0.059914690811 -0.1027711674 0.086642659725 0.043535552613 -0.17690572379 -0.036326805792 0.052128942512 -0.16981872862 
0.036346443704 0.043491221187 -0.1628369738 -0.11653536345 -0.086057262262 -0.092605062881 -0.12583915153 -0.11491698239 -0.13157249244 
-0.04057214566 -0.11314845195 -0.053324069508 -0.11828767968 -0.10165036263 -0.1722934162 -0.1412521491 -0.086767510767 -0.071485470915 
-0.040221562052 -0.023983967685 -0.11495675893 -0.076577459366 -0.14248996373 0.16205201815 0.040117423959 -0.089721395217 -0.05212905578 
-0.026242507339 0.033165706146 -0.10453302248 0.0064262251553 0.020918595138 -0.13450784323 0.049001131385 0.077387120737 -0.11989264366 
-0.054799015782 0.067383812054 -0.21011148678 0.02008586212 0.12224708785 -0.18074349671 -0.049493252495 0.060008304165 -0.15377376727 
0.09319818584 0.047801872417 -0.073604351708 -0.06642538097 0.1221824045 -0.054837162424 -0.039767975694 -0.17034829242 -0.1055403567 
0.07794487921 -0.16199857829 -0.047289702827 0.12754552426 -0.076169974133 -0.022905911183 0.006077447396 -0.091162615073 -0.047617369901 
0.061126918909 -0.078519310331 -0.092811850801 0.0010153266524 -0.065742881362 -0.054131445431 0.077467724546 -0.094291559484 -0.057426401229 
0.019050830171 -0.13300361078 -0.11513829569 0.041998074155 -0.0030380070131 -0.10531506441 -0.14370434129 -0.048444998562 -0.13316370424 
-0.055699218791 0.035264911883 -0.17879214674 0.043896146037 0.035212958123 -0.16524966061 0.011420911408 -0.014011604505 -0.15426829286 
0.051337462477 0.073027398556 -0.1967637915 0.16594630759 0.073937291831 -0.10807495564 0.0090321849207 0.066273298282 -0.074186776224 
-0.077009637784 0.082648246257 -0.08914890149 0.041904811899 0.021370284894 -0.16791178188 0.027471379185 0.032888763213 -0.043620075485 
-0.090770723693 -0.067776734662 -0.081750958494 -0.029825059024 -0.036708591211 -0.1556230513 0.05872443302 -0.052371652292 -0.10393919498 
-0.081418518651 -0.070835073828 -0.094753787983 -0.056865826113 -0.039483768868 -0.1564145887 -0.020504323683 -0.03278617964 -0.079722980596 
-0.11607010926 -0.039524141479 -0.083086649237 0.0044855863302 -0.022064618946 -0.11481389537 0.090131346742 -0.071572988308 -0.17209218116 
-0.0027109296155 -0.02844693214 -0.14316613314 0.044875163891 -0.024389554931 -0.16726353797 0.090372539088 0.0014050587773 -0.13964670461 
-0.012981002117 0.0087225450162 -0.16004504232 0.016787129821 0.037017915922 -0.14683959672 -0.0081872362063 0.048726890556 -0.15752754719 
0.070058275542 0.043080582901 -0.10178342597 -0.0098332776885 0.088335985538 -0.13797386631 0.077422279036 0.08696257579 -0.060415360869 
0.098654468491 -0.13280440032 0.0022408561152 0.032962335369 -0.051149619992 -0.10411078338 0.036626807249 -0.088530728448 -0.13293725554 
-0.015900211712 -0.033823502976 -0.068861851086 0.025268759336 0.0014599257532 -0.045329241651 -0.039805723015 -0.0012674648844 -0.042384547722 
0.0084481501741 -0.028372115851 -0.10622154455 -0.060840498725 -0.040629260493 -0.074793941192 -0.041753269461 -0.059922707059 -0.12167860641 
0.0036924437833 -0.030684349516 -0.1402858291 0.047489315326 -0.0036441231155 -0.084351807301 -0.023287019023 0.049528288886 -0.074741313146 
0.04525719818 0.036651466182 -0.090295075756 0.010007544809 0.046784132083 -0.1173771364 0.011558695465 0.024946279828 -0.079742263428 
0.033435643875 -0.032536931149 -0.15782985261 -0.070787253681 -0.0051854534515 -0.032666682243 -0.035473932411 0.017048131966 -0.066892406969 
0.10642397911 0.060919505291 -0.12263778421 0.046039621353 -0.0875246796 -0.093073576659 -0.001830786564 -0.0017819750755 -0.064619709297 
0.0007079205648 0.051943375439 -0.086928505625 0.039417729736 0.0072051991538 -0.12814029517 -0.028928712954 0.00023466048318 -0.099176257252 
-0.036543148399 0.14472867211 -0.14218260273 0.025431809513 0.063346050858 -0.12296795232 -0.029917020767 0.066189381206 -0.03282629854 
-0.027696101549 0.06983873514 -0.098519908904 -0.018519804138 0.077859820322 -0.10068801395 -0.11144373447 0.066740248764 -0.0063891123848 
-0.01082049968 0.047115256352 -0.14561391677 -0.0044476931229 0.034958449126 -0.15984668073 -0.042942763928 -0.072649716629 -0.11512843893 
0.13947742068 -0.041910471451 0.035722663093 -0.1405669182 -0.0071941356378 -0.14225441031 0.02474047402 0.011384726931 -0.077833239969 
0.047059683756 -0.022436818492 -0.044416892764 -9.342676883e-15 -2.9182685919e-14 6.4386619004e-16 -3.2678988002e-09 3.7712815499e-10 -7.3095418266e-10 
-3.7835555918e-17 -1.7732427845e-16 4.1742854773e-17 -2.514362383e-17 2.2423957573e-16 1.6968090787e-16 -0.062658106822 -0.049986722221 -0.065031271826 
-8.0653527007e-10 8.7092800767e-09 -1.3164625833e-08 -0.0023668731923 -0.004606994176 -0.058367374106 0.013010420125 0.00062239054897 -0.090949208242 
0.01284871049 -0.022003373303 -0.091624551572 -0.013841265116 -0.033802862984 -0.12084249793 1.4063560302e-09 3.0848461003e-09 3.9260374673e-08 
0.04448145367 -0.0207817552 -0.086532011364 -0.028213841855 2.9028940763e-05 -0.07487151335 8.9933303373e-17 -1.2856009073e-17 -2.0382539667e-16 
0.00083557231243 0.03436313187 -0.083838252184 0.011675524509 0.044120613983 -0.067666900619 -0.0061279711821 0.0081369474284 -0.12599099152 
0.020200614539 -0.0063051438522 -0.089335628722 0.024504074182 -0.039066999674 -0.058675303349 -2.5443297926e-10 9.1873709492e-10 2.0096617253e-08 
0.033423216601 0.010164388406 -0.10853093935 0.00032431575549 0.00064408445934 0.00050925892593 0.022284628585 -0.028007234466 -0.087819541916 
-0.028932832699 0.033376719417 -0.056218685903 0.0016386414206 -0.0063462102982 -0.083351908421 0.020067169115 0.059056223589 -0.086493493678 
-0.006830401132 0.021506203913 -0.097483512139 -0.0043082212796 -0.025079761958 -0.077708128287 0.046609521142 0.022122234358 -0.083540781918 
-0.11634338819 0.092348400665 -0.10256236682 -0.11601852431 -0.023363479706 -0.054568520612 -0.044919799568 -0.036492201553 -0.081745312047 
4.4692288207e-16 -1.2483421141e-15 7.7412801501e-17 -9.4786755312e-17 -4.9325403339e-16 3.5202001613e-16 -9.1221088672e-17 -2.3507925913e-16 1.0896299087e-16 
6.3677405599e-07 -5.339031378e-07 -1.9750342039e-06 -0.032139030952 0.021622622366 -0.13062779483 0.020248971148 -0.009264320894 -0.065050472955 
0.025795233963 0.020818942168 -0.069210781576 -0.0056470326905 0.033558882893 -0.10993727705 0.036632557398 0.0089218404597 -0.11164161211 
0.044966766683 0.021845470591 -0.16696734492 0.010628033859 0.017303166299 -0.14724158793 -0.041701048394 0.07747705945 -0.17656205807 
0.04378361361 0.031976927687 -0.14619070825 0.14893521878 0.082165560665 -0.048487357976 0.012671774798 -0.10067600167 -0.0059558170848 
0.10521611981 -0.053908019099 -0.12114822445 0.011904875993 -0.0066190824544 -0.030986738154 0 0 -0.049045095 
0.035179774386 -0.017035103678 0.020314822622 1.394718352e-06 -1.6336150642e-06 2.7874901739e-06 -6.3350815422e-17 -5.4060614593e-16 -9.8585885104e-17 
5.4491500954e-07 -2.9324308312e-07 -1.7178916471e-06 -3.4184694832e-17 2.3556508624e-16 -1.1086798849e-16 0.0015827116822 -0.019990115744 -0.064383488002 
2.4441387312e-14 3.107187672e-14 -9.8400040104e-14 0 0 -0.049045095 -0.012339837432 -0.01926013601 -0.055780379838 
0.07466765618 -0.039430423083 -0.088240681453 -0.03353570638 0.033275803082 -0.025749428717 1.4964706187e-16 3.7500008423e-16 2.8533116626e-17 
-8.2753806979e-08 -1.0501979019e-07 -1.4731885048e-06 -1.4933722469e-07 1.5765747948e-07 5.686992022e-08 -0.037982500828 -0.0070791549542 -0.062773147044 
0.0073275774428 0.028850813513 -0.021522859605 0.017515715438 0.00015417563538 -0.077863250992 -0.041727889707 -0.0014656825172 -0.064313904932 
-0.0016516995453 0.00097172528895 -0.057946224891 -1.0049226417e-07 -1.5841575926e-07 2.8998951122e-07 2.8094815713e-14 2.8440289163e-14 6.174111862e-14 
0.0081176833369 -0.018228789496 -0.075700426676 2.3434537777e-11 -2.9651787283e-11 -2.9075494919e-10 -1.0101516846e-09 -4.9166465212e-09 1.6722200055e-10 
-0.0034173387016 0.017347423737 -0.060322780638 -0.01421163177 -0.0030299943127 -0.072878057151 -0.001583071197 -0.025164209822 -0.069189665338 
-9.5372576865e-11 1.002076045e-10 8.360856933e-10 -5.0832486192e-10 -4.3365257891e-10 5.5399105827e-09 -1.7964733777e-11 -1.8967084202e-11 2.433863151e-10 
0.034936989909 0.02010114498 -0.092839163565 -0.029274133088 0.034491965547 -0.21031438618 -3.3067073981e-16 1.6879268046e-16 8.2611025328e-17 
-0.011868910878 -0.019201823101 -0.052141126405 0.035650382047 0.041218772027 -0.046394017466 -0.014496067363 0.011087026067 -0.036718874155 
-1.5122886331e-15 1.7205122193e-14 -6.4188627589e-14 2.0629532417e-12 -1.9857810369e-12 -5.364297146e-13 0.023431612211 0.005263108064 -0.073021892766 
0.023677060401 -0.047097969483 -0.18191865802 0.018079882083 -0.020476865476 -0.10322419056 -5.21895405e-12 -4.9609954622e-12 2.1102200227e-12 
-7.5701464406e-16 5.9342771715e-16 -1.0578545453e-16 -0.012020437748 0.001555758185 -0.04875081615 -6.0391900741e-14 5.9640945806e-15 -3.1916623041e-13 
-1.4763477561e-16 1.5056193925e-16 -3.2936170603e-17 -2.7447183634e-05 1.6318875357e-05 -1.3681117517e-05 0.026876283076 -0.0010411333715 -0.042680383204 
0.03526533565 0.015115276105 -0.067256588029 0.033517492099 -0.0075221055783 -0.21164570687 -0.07856683291 0.099993955808 -0.11534412234 
-0.0096076960099 0.016078576784 -0.039956837374 0.020175464817 0.040527415978 -0.021574466988 -0.042638587217 0.029799550819 -0.10983022362 
-0.0019050639605 0.044413008962 -0.097496246483 0.034357885638 0.047483760137 -0.14481939072 -0.024741172916 0.078441474748 -0.0062909601401 
0.0040724662736 -0.022466975257 -0.16099779829 0.037660518439 0.083364549632 0.013199413398 -0.022458436277 0.063948948449 -0.09791532045 
-0.0047473811056 0.072490900891 -0.029798645677 0.0034265120571 -0.047017190003 -0.0098642112588 0 0 -0.049045095 
0 0 -0.049045095 0 0 -0.049045095 2.3408744724e-07 -1.406091508e-07 -4.3977858859e-07 
5.4460675408e-08 3.2902311379e-07 -4.5885282183e-06 9.5854896032e-06 1.8397519925e-06 -4.9869215548e-06 -0.037300556096 -0.0048979768043 -0.064417757519 
-6.8304931146e-17 6.7685378182e-17 4.7976632902e-19 0 0 -0.049045095 0.053479608936 -0.012537242824 -0.098189277966 
6.4680841115e-17 5.1191279598e-17 -1.0650257772e-17 0.011339337747 0.028208400224 -0.057182784069 -0.0091344025585 -0.00033825042086 -0.065218756837 
0.0032127860343 0.018628502761 -0.031288084437 0.0017142432393 -0.0057116165934 -0.0588855594 -0.028088399459 -0.0063594249216 -0.035429945352 
-0.001326795424 -0.011653289063 -0.056742390952 5.2363883572e-05 2.4918521324e-05 0.0015548093597 -3.5910079916e-16 -3.3999982884e-17 -2.20804409e-18 
-5.9829264356e-08 -9.1730835851e-08 -4.6042075371e-06 0.014699947974 -0.0060038747362 -0.049306827234 0.036026106937 0.006668065572 -0.033712788892 
-0.12986953782 -0.0081675549046 -0.11103789672 -0.039443273771 0.019739527342 -0.071305003252 -3.3850041572e-16 -8.6774810779e-17 4.2080548509e-17 
-4.8182963334e-10 1.4409600733e-09 4.2677890886e-09 -1.6762569e-09 -1.0774283916e-08 4.9056460129e-08 -0.015615517246 -0.00010801554685 -0.0560467352 
-0.022838716307 0.0080035033429 -0.065709378601 0.01494357137 0.0086182425711 -0.048753963369 0.029437503948 -0.00043660750294 -0.061930330572 
-0.0010035791749 0.00403060762 -0.044809321115 -0.011394954715 0.009991840869 -0.069219487668 -0.024226571075 -0.0045247472046 -0.076912828744 
-0.0023993585981 -0.016482488054 -0.05933593731 -1.7390301448e-12 -5.0848731343e-11 8.49178626e-12 -0.11332164326 -0.095199727304 -0.14147646514 
-8.0802168473e-10 -9.0872572854e-10 -2.0925129343e-09 9.4423421984e-10 4.4695519823e-10 -7.7656939326e-09 -0.0041915820866 -0.0089608772002 -0.051573181053 
-0.01191161918 -0.010798093121 -0.063453252806 0.021007832827 -0.0037186058276 -0.036507526507 -0.016660861122 0.0045084224783 -0.058421894843 
0.00269018887 -0.0042101251027 -0.035887002033 0.011933768092 -0.014419326586 -0.050302236564 0.0017366314301 -0.0055915853306 -0.045502155241 
-1.0056413698e-12 1.6282532618e-12 1.5303618178e-12 -9.7171098545e-12 3.9706997904e-11 2.167082099e-11 0.049983168643 -0.023837356062 -0.1043426976 
-0.040740108121 -0.017923567817 -0.098520913407 7.0278777922e-12 5.7466944239e-12 1.3585895865e-11 -1.4594521571e-06 -9.6655869908e-08 -5.5916443078e-05 
2.8358736164e-10 -2.8795220827e-10 -1.159738027e-10 3.3572969105e-10 -3.1647862417e-10 -1.7251496946e-09 8.9678686913e-10 -1.0014028565e-09 3.5120399661e-10 
4.4318838378e-11 -3.0114415956e-11 -2.9543452141e-11 -0.023314449422 0.022497614845 -0.051486384349 0.0080233741156 0.01305355847 -0.070153013264 
0.088119545813 -0.00093795761109 -0.15201156697 0.025388588297 0.012081700207 -0.099329300673 -0.0030202368975 0.011457141324 -0.047519242796 
0.0015332789266 0.029454358276 -0.066094591522 -0.036701147804 0.036875703496 -0.13795433012 -0.061836188506 0.12412335889 -0.018999249854 
0.023583197285 0.056002876973 -0.12989606709 0.14720611701 0.084857223211 -0.023760812514 0.034101913578 0.10229908144 -0.010430212197 
0.052334863001 -0.13380447851 -0.033169849087 0.022049894628 -0.057673530007 -0.058898757103 -0.061463561136 -0.093846586346 -0.011316589379 
-8.2041064844e-07 6.180317907e-07 -2.3715198152e-07 -5.4164310718e-07 1.2269991683e-07 8.7258421943e-05 -1.2979367656e-07 6.8132232608e-08 8.9662993043e-07 
2.4055527052e-06 7.3827420774e-07 -1.0627896946e-06 -6.6775752226e-07 -9.8842674787e-09 1.8472432235e-06 -7.6857345726e-05 -7.5816627391e-05 6.1127452918e-05 
-0.016876801049 -0.037195879064 -0.074553060242 2.9240361176e-17 1.2725906063e-16 -8.187625807e-19 -0.00069611559294 0.021747541244 -0.054290992389 
0.011169991872 0.023381014723 -0.038524657277 0.028359654586 -0.011367575753 -0.016185631514 0.0095121625756 0.0072248313621 -0.049762898886 
0.0067490519527 0.0015372805426 -0.04660608263 -0.0030003044472 -0.0041617344608 -0.039257723776 -0.0037033395937 0.0012924866883 -0.055604443606 
-3.3167353044e-12 -3.3485639955e-12 -1.2053500336e-11 1.3423955013e-16 2.4898281841e-17 -5.7312590725e-17 0.022289071535 -0.077682843704 -0.020795235188 
-0.018569969639 0.0011147324852 -0.041562198991 -0.00388513091 -0.010090746751 -0.044064867089 -0.018276271638 -0.0033392023883 -0.061513423865 
-0.0074208498687 -0.0017562479915 -0.046523039847 0.0011990113381 0.0002772175323 -0.047100378054 -0.0051372256858 -0.0023333217454 -0.064914244859 
-0.0022995815467 -0.026949660308 -0.025735091342 -0.00028847489354 0.002676928094 -0.038100372168 -0.023434072196 0.0025320965991 -0.038873610741 
1.7216446735e-12 -4.5277465691e-12 5.1974581295e-11 1.2124879758e-11 -7.1514714043e-11 4.6989211134e-11 0.022665832051 -0.0081521531797 -0.049132966744 
-0.011221500775 -0.036903543272 -0.067851405441 5.9530067079e-09 2.4341318167e-08 -8.2910790471e-08 -1.2027964451e-08 -1.1275896142e-08 -2.0782828581e-08 
0.015046089659 0.015887777043 -0.045604248016 0.013358311645 0.0063341278264 -0.040718932978 0.013536596301 -0.010477241032 -0.029598971283 
0.013189954168 0.012014814575 -0.031913361896 -0.0102525985 -0.020071850014 -0.03517421805 -0.0015452600856 -0.015745267508 -0.04550122883 
-3.0079856031e-10 4.613379494e-10 -1.2007993829e-09 0.11647493737 0.03542389224 -0.060816033117 -0.024634510958 0.0021946172937 -0.064519366844 
-0.0042724118108 0.0026574892565 -0.045427302489 1.6963221439e-09 6.1836912873e-10 -2.1602715704e-08 9.7066020185e-09 6.8006574369e-09 -3.6032248495e-08 
1.0896229747e-09 -3.352889086e-10 -1.5799340438e-08 -1.3566384302e-09 6.2097608844e-10 1.207586859e-08 5.3484402721e-08 -4.4820032609e-08 -9.5321233864e-08 
2.9751065355e-08 -1.8956693251e-08 7.4492782825e-08 0.019205581247 0.030527394205 -0.066849976833 0.07475836617 -0.000353786659 -0.10158306616 
0.13282758064 0.053817393467 0.033406212128 0 0 -0.049045095 -0.023697732114 0.0061203596289 -0.038622896181 
-0.020914003001 0.012811418385 -0.050254446126 0.080676794952 0.031264752592 -0.070993262924 0.061821453996 0.057851765525 -0.16506492737 
0.0091307537755 0.0023909985724 -0.09147730787 0.039796330722 0.049860818298 -0.1415384625 0.032013641826 0.032946561669 -0.14846660796 
0.10620104669 0.049872601525 -0.078452105843 -0.089211568864 -0.038102960447 -0.11829602158 0.030097205764 -0.11929347849 -0.057714168115 
-0.042399050119 -0.091799027566 -0.060819213531 0.059399496403 -0.03360592185 -0.067738758878 0.0096240278761 -0.0058252476929 -0.052371267943 
0.0027981142464 0.002923921732 -0.047581159444 -0.030396508831 0.025401173346 -0.03013013245 -0.0033457723897 0.0029529173138 -0.14647362201 
0.095533878681 -0.020904067048 -0.14762496661 -1.57684246e-07 7.6353409952e-08 1.7328173107e-05 1.3994728324e-06 2.5847246358e-07 5.9451454099e-06 
2.7815496415e-17 7.8981538426e-18 1.0318896808e-17 0.0077910598954 0.003344014926 -0.038393168504 0.0015196492839 0.012027963388 -0.032331696407 
-3.4791920148e-08 -2.4434676578e-08 2.5324641016e-06 1.7375667814e-07 5.7226824547e-08 2.1140197062e-07 0.017604918784 -0.0076685745686 -0.073674855445 
1.3870995989e-05 1.4555585732e-05 5.6998823731e-05 3.5203042642e-17 9.8514065629e-17 5.9792272391e-18 5.9628004497e-16 2.6412183896e-17 8.6527835523e-18 
-0.0067112131708 0.0030866002484 -0.050086791458 0.0014774004505 0.0026202932679 -0.012356630071 0.040206240389 -0.018721877522 -0.030640977418 
-0.0036422244269 0.015847760727 -0.032066363762 -0.0022335941724 -0.0083465854409 -0.04327843192 0.0027658777062 -0.0040654205813 -0.034437204311 
-0.012606157133 0.0070646592849 -0.024796539913 0.0060928171508 -0.0011959935243 -0.030600130632 0.0087058613781 -0.0064397546019 -0.034464060093 
-0.009079726653 -0.0026638500893 -0.039116381203 4.1240849267e-05 5.2426439489e-05 -8.4086808619e-05 -0.011236201473 0.0046369124573 0.00047657451647 
-0.00049450767722 6.2218341073e-05 1.701546853e-05 -0.051099620979 -0.070638572778 -0.14064215297 1.6796236365e-13 -3.8811792939e-12 -3.074446192e-12 
0.0043231673349 -0.028353057014 -0.061011933663 -0.025574227261 0.0080567429577 -0.054935822965 -0.0026604175386 -0.00042559327405 -0.055665645022 
0.0066742298225 0.011238044478 -0.048227000354 -0.006651108983 -0.0016179982043 -0.059384973898 0.013387926741 -0.0013677022571 -0.044089312096 
-0.0024826739938 0.0086412906683 -0.044487450718 0.0017416319479 0.018833868329 -0.051420103265 0.0086888685926 0.01455755325 -0.034085622047 
-0.0047759610722 -0.016690240023 -0.042920693938 -0.010418995579 0.0098565319908 -0.022334316851 -1.8221039777e-07 3.5480455248e-07 8.5241879652e-07 
1.241909915e-07 -5.6071918828e-07 -2.7581045475e-06 0.00038793241098 -0.0053545004502 -0.035618646113 0.0014929139315 0.0070661435338 -0.052829059816 
0.063262360507 -0.008134863336 -0.040153176878 0.94922817005 -0.75433860876 -0.0061481466346 1.6124702414 -2.817178708 0.038078604764 
0.0061774446927 -0.11006685204 0.0072637900187 -0.026600330605 0.012163381909 -0.040067952633 0.00092822841958 0.00086847908638 -0.037501248763 
0.0063388281468 -0.007274610512 -0.046446855437 -0.019413942962 -0.014134115852 -0.04154873253 0.0074976773434 0.0026342980765 -0.027784858541 
0.0057431690258 -0.017430721491 -0.011067691465 -0.014893677963 -0.014240886795 -0.02824645862 0.025688344519 -0.0053418019091 -0.063362656936 
0.0086469174613 0.006522705412 -0.050309409026 0.0081646590222 0.018728451098 -0.033875936895 -2.8949297034e-08 1.6068836315e-08 6.6894379069e-07 
-1.1231652569e-06 4.4148299581e-07 6.9681701776e-07 0.082756540057 -0.010606041741 -0.014102290287 -0.0302770345 -0.0086544907268 -0.056109697656 
-0.021560057505 -0.010604628433 -0.019655229731 5.5381363932e-09 -3.6475344447e-09 -3.4236967657e-07 8.487537752e-09 -1.0705753431e-09 1.4951833958e-07 
-5.4030851807e-07 -6.2031753297e-07 -3.7005778514e-06 -2.6293600788e-08 2.6727924929e-09 -1.7411213579e-07 -8.8175183659e-08 4.0915564171e-08 -6.8288364124e-08 
1.235938058e-05 -5.7713760332e-06 2.429727676e-06 3.5662369705e-06 -3.2036509239e-06 -0.00065749906802 -6.1517395634e-06 6.1587250146e-06 -1.1393050367e-05 
0.0069801049036 0.0020494740891 -0.035440338038 0.0086886227627 0.053404756637 -0.044130630095 0.0048116911692 0.021622249477 -0.029033189361 
0.030539121076 -0.046291324164 -0.16969693761 0.031567896551 0.031111259492 -0.042320200198 -0.050508175267 0.029121546256 -0.14603290134 
0.10084703045 0.065431324498 -0.031488857157 -0.045272193956 0.15608499907 0.04578141613 -0.10404108392 0.12863178657 -0.091109540828 
0.035568531897 0.11444345669 -0.065251383846 -0.028740933898 -0.034125057537 -0.023854986925 -0.10713420992 -0.017242297891 -0.10056814461 
2.8607196437e-07 -7.2089026623e-08 -1.5005683895e-06 1.6039227413e-10 -1.4021778739e-10 1.8894036193e-10 -3.0214596705e-10 2.8269180855e-10 -3.3430266344e-10 
1.3910128721e-08 -1.4604502101e-09 1.2030165175e-08 -3.9880314744e-08 -1.1402529544e-09 -2.2949985732e-08 1.8155799385e-07 1.7772996254e-07 5.9111557863e-08 
-3.0724082655e-08 -4.4613467151e-08 -4.9413511303e-08 2.2828662799e-07 1.1863617899e-07 4.8575615599e-08 0.0029243104177 -0.00065169606811 -0.036023802435 
0.011397483282 -0.023714539566 -0.094911847365 -9.736382927e-06 -8.3149104178e-06 8.7732286626e-05 0.012129938232 -0.032408649565 -0.021482886814 
0.00016870343668 -0.0065223115533 -0.042994472481 -0.0065901301718 0.0064030219803 -0.013718396009 0.0006736631345 -0.00042944793774 -0.044572093573 
-0.002796855322 -0.0034956836154 -0.048161603821 -0.0019830340347 -0.0090711008047 -0.036793650792 0.00021384033817 0.0011539506781 -0.042489032346 
-0.0039499951844 0.0069518713869 -0.017780632083 -0.010623307765 0.016226995191 -0.02534436375 0.014420376919 0.0056454706272 -0.025839203187 
0.014791248707 0.0024996586478 -0.034703517325 3.3697363381e-08 2.8731519214e-08 -3.7348687344e-08 0.0060722674694 0.0010939130031 -0.03829486782 
-0.10362683197 -0.066894983055 -0.049675557459 3.3197539129e-07 -8.1498866209e-06 1.0930466459e-06 0.0076518848669 -0.00062886843242 -0.015876597925 
0.0059193434882 0.001251725318 -0.055442799157 -0.00074408832569 -0.0085035351051 -0.039229227448 -0.0085742531135 0.0056746514102 -0.052603016829 
-0.0039961681094 0.0019678733676 -0.04871857381 0.0068792056374 -0.0023047376924 -0.05058764924 -0.005088048671 0.016547432823 -0.040825523845 
-9.5409181331e-05 -0.0060010303768 -0.036429002861 0.0010245196055 0.007688651795 -0.038259625261 0.0099833716722 0.00062644754064 -0.047449233045 
-0.010985540108 -0.0050281895815 -0.001590837278 -0.00015939647998 -1.9791401067e-05 1.1996287306e-06 -4.366966284e-05 -6.2597631994e-06 -6.2316089432e-05 
-0.012729469929 -0.0024868540385 -0.013631407412 0.021884657572 -0.0104477587 -0.080217167853 -0.0046449847921 -0.035844750011 -0.059260724581 
-0.0021075013083 0.0093182796825 0.019392181836 -0.00035230841239 0.0077715115411 -0.037447141751 0.0036730472563 0.0043509284676 -0.046619482794 
0.020964551623 -0.015369965866 -0.034774755298 0.0028125785801 -0.0093611176893 -0.032362962187 -0.026476684905 -0.0039190828292 -0.020430468578 
-0.019759722367 -0.014566996772 -0.022088710284 -2.7452801303e-10 7.6326758596e-10 4.031250603e-10 6.0432884915e-05 -0.00040564834875 7.9893116641e-05 
-0.0014832532731 0.016967686525 -0.044395537699 -0.025017869821 -0.017613408341 -0.018747432763 2.2777254732e-06 2.3931298875e-06 1.0553561545e-05 
-8.8876524214e-06 -5.8450449515e-06 3.3354243737e-06 0.0073010577385 -0.010795989785 -0.027551905949 3.4865070443e-07 3.0307498594e-11 3.2962946538e-05 
-0.0033171758265 -0.010833224921 -0.020119030363 1.5431720214e-06 8.7469019074e-05 -3.6050091699e-05 8.4743280009e-06 -4.5273136702e-05 4.2630161413e-05 
0.10184491664 0.038602229612 -0.057942605808 -0.066310207429 0.005669502227 -0.013981304686 -0.075354581868 0.038744593686 -0.092771782862 
0.03051647985 0.01591446928 -0.08008059205 0.0299538265 0.046524374705 -0.021310350132 0.030286481386 0.069667204078 -0.12890757666 
0.015798418197 0.042913155591 -0.070317229653 0.032188273761 0.098110035714 -0.075390613682 -0.037178606913 0.11307686469 0.092106730929 
0.045427091506 0.086032488476 0.024526965125 0.056680484288 0.084629715231 -0.12014598018 -0.0033509827621 -0.078588448095 -0.097226473903 
-0.06953987767 -0.02571884021 -0.061920700395 -0.08575806845 0.027193095921 -0.083125690743 0.047197267413 -0.041951503736 -0.0064173351933 
2.5685967476e-06 -1.5454613871e-06 0.00075680294584 1.1867520079e-08 7.1290383638e-10 1.7958897916e-08 3.1901836083e-08 -9.5106829492e-10 -1.2357492137e-08 
0.0091682617992 -0.0035869787363 -0.039607443789 0.0068500843621 -0.003944627813 -0.03853132511 -2.3879403607e-11 -2.3352509421e-11 9.7336582502e-10 
-2.0672799848e-08 -2.9700246089e-08 2.5824082316e-08 0.024613299491 -0.037295536701 -0.010039577819 1.9219174606e-08 -3.7056215697e-08 -5.390049086e-08 
1.0824552792e-07 -1.2001979104e-07 2.5087572314e-05 -0.0039879174644 0.0036462946184 -0.039882921498 0.0020729734608 -0.0055920098728 -0.029929487352 
0.0052152167828 -0.002506279398 -0.033351517693 -0.0047917369386 -0.0034597108666 -0.047115051933 0.0045389156464 -0.0013488369688 -0.044826191282 
0.0055939805881 -0.014496269432 -0.035630324359 0.0015677813449 -0.00019564831837 -0.046275120507 -0.00062724166435 0.0012124092159 -0.043963155463 
0.0045555169994 0.005292583331 -0.032873285641 0.0062615948913 0.0030311035859 -0.034808672927 0.00035184679247 -0.000449248815 -0.044859983186 
-2.9867472733e-08 -3.56953393e-08 7.5131294e-08 0.11477224576 -0.0058426661327 -0.0057231396307 -0.026126612489 -0.030827822259 -0.10473675115 
-5.5017226842e-08 -4.0171933473e-07 -0.00015251170282 3.950987019e-07 2.5326361019e-06 3.1850810299e-06 -0.0028218266415 0.0022175713917 -0.034676239998 
-0.0010700581622 -0.0031698313116 -0.046067898692 0.0011374514448 0.0054430967475 -0.044603658559 -0.0054648739762 -0.0029883055784 -0.048833728814 
0.0030223609169 -0.005122527159 -0.044760896413 -0.002735228739 -0.0083110345751 -0.04004285003 0.0021680002106 0.0025125210901 -0.039609084487 
-0.0024877584942 -0.0092924372242 -0.038946056162 -0.0097042351591 -0.0035253169782 -0.030695799836 -0.011605038381 -0.0091631781106 -0.04067193044 
-0.014121038211 2.5047769019e-05 -0.0094073294754 -0.0011497010831 -0.001396128544 -0.026939409231 1.2305841475e-12 -5.0025667312e-12 1.9627996425e-11 
7.9308680436e-06 2.1637326768e-05 -3.0244348198e-05 -9.0389659925e-09 -8.4890220795e-09 -2.7984418097e-07 7.2855760332e-09 6.3253555791e-09 -2.6155345877e-07 
-0.0013206551093 0.010722629793 -0.027023121505 -0.0055012486683 0.01197029557 -0.023327475334 -0.0024691318621 0.004224130925 -0.043198081797 
0.0054426957716 0.0057550536165 -0.025904709129 0.015184766045 0.011392291331 -0.033518576338 0.0045790976935 0.0037705521932 -0.021643629145 
-0.0072665935006 -0.0046068448328 -0.041500240065 -0.0063349571212 0.00040872701544 -0.038957525967 -0.004138005396 0.0026342766295 -0.03812253125 
0.0011128652372 0.0037041746811 -0.030932406872 0.0013476481948 -0.0013120657036 -0.034589676368 -0.00040272949173 0.0097280307284 -0.04179868972 
0.0014191057296 0.0012358475134 -0.030795363262 0.0023464746139 0.0053127707798 -0.030178726135 -5.3512956308e-06 2.5595207466e-05 -2.6806856658e-05 
0.055064874302 -0.046896170307 -0.050868125344 -0.025862316552 -0.016393522634 -0.068962812673 1.0751699266e-09 6.7046803896e-10 1.9117599915e-07 
6.4947340335e-06 3.0063458875e-06 -8.7783422366e-06 -1.8398491162e-07 -1.2024549124e-07 -2.385793325e-05 0.001843546026 0.013446116747 -0.030319091133 
-1.7505488715e-16 -3.2944047244e-16 2.0098222957e-17 1.1670619289e-13 -2.7877501832e-14 -5.3245457548e-13 -4.584045992e-07 2.2906661972e-07 7.1820172887e-07 
0.044417447399 -0.0015889287755 -0.064289601713 -0.078580258733 0.021262546407 -0.021209580489 0.028615733693 0.024780366747 -0.054784805176 
0.11679323481 0.018141284818 -0.087970151652 -0.059106218275 0.038801367819 0.079902669164 0.01570169844 0.057880988501 -0.11548857589 
-0.001784459623 0.036958696026 -0.10333069151 0.027531071856 0.044303962912 -0.023592929785 0.057158740922 0.065873990909 -0.068349128054 
0.0523524985 0.022194975353 -0.10082349183 -0.033501499408 0.12310001707 -0.16008760541 -0.032703499219 0.08984420941 -0.24469157401 
-0.075563949791 -0.10205699306 -0.038281663441 0.12168442976 -0.092768820721 -0.18342072552 0.053078656765 -0.087996878281 -0.052111007814 
-0.012434632973 -0.13487407691 -0.058827178615 0.1657633694 -0.075518598733 -0.12759745037 -0.0040179750511 -0.037078054241 -0.0706173845 
0.025519388769 -0.046549518233 -0.056506047684 0.0018751624553 -0.0346684826 -0.1704342173 0.13303810211 -0.029392149985 0.013064830508 
0.064672232018 -0.036837976579 -0.05330626667 1.9295537288e-08 -5.1515523005e-08 -6.0541833383e-07 2.8013615835e-17 5.506963845e-19 4.2926289697e-18 
-5.0407272138e-07 7.5976159335e-09 2.6931568886e-07 0.0025204649936 -0.008015877956 -0.03528422103 0.0054071014614 0.0080909714619 -0.030738864521 
9.1551899626e-07 1.5003991531e-07 2.9889078199e-07 -4.0834174265e-08 -1.7816953222e-08 1.6535872982e-07 -0.021934023155 0.028352204622 -0.098630722937 
-1.6310310297e-08 3.2665789402e-08 4.4845076385e-07 -6.7362075004e-09 2.0264721049e-08 4.1106094767e-07 0.0068762977139 0.0043097550234 -0.033879380243 
0.0032342203656 0.0013380768579 -0.043555242644 -6.5084891494e-05 0.0018651325806 -0.044332376923 0.0020113026416 0.00017097220874 -0.036058740954 
0.0037943739323 -0.0085346441965 -0.041067840725 0.0031733066892 0.0035903886293 -0.034293106873 0.011141819206 -0.0014276495248 -0.027382086465 
0.0059341430143 -0.0052869320482 -0.046389166607 -0.00094871147808 0.0074923187133 -0.032747279324 -8.7211997226e-06 -8.7569931801e-06 6.9597727556e-06 
2.1303897231e-08 3.9621917501e-08 2.5611571915e-08 -0.028697386848 -0.0066084947865 -0.06939291192 -0.017562772951 -0.0069934015721 -0.11178116741 
-1.6381597294e-07 -1.5789831081e-06 -5.5961703617e-06 -2.2763413269e-07 -1.3960215456e-06 8.4297697866e-06 -0.017107576587 0.0031922211297 -0.036444302428 
0.00090597391543 -0.012324354366 -0.015599498678 0.0022043111791 -0.0051289990629 -0.027161936597 0.0014015360572 -0.003847269551 -0.041713461426 
0.00013081429532 -0.0056996404458 -0.039270607765 0.0011408003291 0.0054199939191 -0.035701056749 0.0021231757351 -0.0015732286004 -0.038763267172 
-0.0032011673157 0.0040621324524 -0.043952714842 0.004991797981 -0.0028394326418 -0.039696493823 0.0060655175348 -0.001688957074 -0.039983241302 
0.0024339296321 0.0053226756655 -0.025823773929 -0.00095497616993 0.0073857590636 -0.03316547821 0.0080588079181 -0.0016297667036 -0.035700949141 
-0.0025813566704 0.0026755839509 -0.036883952341 0.0018141292599 -0.0014850095759 -0.027511766147 0.0077656459605 -0.0018414039425 -0.033252984311 
2.0908390427e-08 9.3982535791e-08 -2.2920755098e-06 -1.6621232642e-06 -5.3126063036e-06 0.0006340763842 0.028165807636 -0.018957038926 -0.093185465254 
3.5554077492e-07 -1.0049911586e-07 -8.9273435784e-07 0.0099069634141 0.0018068126771 -0.015556829361 0.0097658317456 0.0069674166101 -0.032913260075 
0.000632106963 -0.0088515981731 -0.037955078105 -0.010944019915 -0.0006684389238 -0.032187601385 -0.013481405243 0.00091223020722 -0.032835495535 
-0.0056056666254 -0.0054391226998 -0.033309369397 -0.0077674230434 -0.0022661095262 -0.024421489435 -0.015457489586 -0.001289350074 -0.045923428358 
-0.0057699483535 -0.0074481822796 -0.029042775173 -9.5926788186e-16 -3.6141950103e-16 -2.4216385e-17 -1.1405108439e-07 4.0082607461e-07 -6.121053114e-07 
7.7328754773e-11 -2.5011830845e-11 -6.3093574006e-09 -6.9231523917e-07 1.5460040357e-07 1.5569707326e-06 -0.00083760219841 0.0052935019647 -0.032205936914 
-2.0099398324e-10 2.9813995446e-11 6.4940402791e-09 0.0034237233804 0.0033158082716 -0.03732731381 0.00047092319926 0.00056496817771 -0.030872099904 
1.9998852287e-07 -7.7060452722e-08 2.3744141364e-07 9.6158526238e-09 -1.4155204183e-08 1.335458689e-06 0.0042001879722 0.0098532782038 -0.054699258181 
0.07552053569 0.034391104743 -0.080371483735 -0.095840689533 0.018714736239 -0.072753488724 -0.027652968332 0.0045010383598 -0.12182465823 
0.010837362876 0.012146625736 -0.060659056162 0.058559509039 0.030575470385 -0.073953310315 -0.06569553808 0.022478391986 -0.031034828102 
0.0086824893925 0.12444856798 -0.060154231705 0.092580983781 -0.11487513619 0.049938787096 -0.12569419571 -0.091309232796 -0.046110242635 
0.024373983595 -0.047157544137 -0.12465612113 -0.074358958269 -0.010578706081 -0.019514131326 0.015755663747 -0.0009881837498 -0.075759449434 
-0.012625406689 0.052814510343 -0.059680764322 -3.7372634685e-05 9.936455307e-05 0.00024319355262 3.9757774749e-06 -3.7926455787e-07 -5.1780175604e-07 
-2.2625771035e-06 9.8343987798e-07 5.1978087403e-06 -1.5480790951e-07 -8.5671145078e-08 -3.5690366616e-06 2.7692985558e-08 -6.8881383965e-08 1.3976091707e-06 
0.0034895755345 0.009445314265 -0.023243689041 3.309150987e-11 2.2799707531e-11 1.7911707983e-11 0.018350084467 0.017203597142 -0.033908708349 
0.11182657781 -0.087533205185 -0.090618709644 -0.029013940305 0.0060803766505 -0.042334486497 -0.00035348080844 6.9722763506e-05 0.00032886246889 
5.8014933832e-11 -1.9532826749e-10 -1.8097723601e-08 -4.6012567705e-16 -3.638751102e-17 -6.1961666126e-18 -0.0013180092139 -0.0035631874761 -0.034513710216 
-0.0058578854937 -0.0079089766931 -0.035098152886 -0.0019598256734 0.00059914870967 -0.025599299533 0.0038903571818 -0.0039496674123 -0.041997202263 
5.4079014936e-05 -0.0085037393182 -0.040359630129 0.0011765595359 -0.0047954526043 -0.035348161696 0.0077071894513 0.0030020963901 -0.042150443604 
-0.0018357968252 0.0064693381865 -0.029241053081 -0.0067543043462 0.0013385414199 -0.026660431534 -0.0040690345326 -0.0016148889709 -0.03453085057 
-4.3365935996e-06 -6.7551458296e-06 3.6686370844e-06 -5.5941486657e-07 -4.3302453303e-07 -3.5333742491e-07 1.4455095629e-06 1.7317070359e-06 -2.7409676618e-06 
0.03488318891 -0.077464107562 0.019088783333 3.6720352312e-07 2.2100044503e-06 1.3067832461e-06 0.0046748964285 -0.0088447356236 -0.021528080903 
0.0037944658355 -0.010472445974 -0.035883518898 -0.0023425471475 -0.0092546844729 -0.038062528884 0.0010314772029 -0.0034659566942 -0.027220288589 
-0.0014702927342 0.00032722682762 -0.035215640674 -0.0012791673163 -0.00017497468848 -0.041284182545 -0.0040260562898 -0.0013380006646 -0.034352228135 
0.00083289579718 -0.0027405778807 -0.039092919609 -0.0012618476775 0.0011405684829 -0.038607609511 -0.015700649276 -0.006534100186 -0.025558863816 
-0.0047918093678 -0.010596089462 -0.01675279762 -0.012058870185 0.0021971295468 -0.020567674215 3.4591401361e-07 1.4069083068e-06 2.0941499571e-06 
-5.8402506752e-08 -8.3324630002e-07 1.0264480377e-06 -0.0066290649668 -0.010212685983 -0.033197568362 -1.6946975269e-07 -2.1546810253e-07 5.3005687619e-06 
2.8913189302e-07 4.8414862928e-07 4.6289623961e-06 -2.8988990524e-09 -1.1033654642e-08 3.8671456943e-06 -0.0014330114961 -0.00065852003389 -0.030250545419 
-0.0093879014374 0.0066489356533 -0.034411412793 0.0019664958013 -0.0062570188468 -0.029499234586 -9.1121506391e-05 0.0048092333744 -0.034088574379 
0.0043817303303 0.0045853071055 -0.034994537337 -5.4839580114e-05 0.00095856866243 -0.040220166373 -0.0019250551862 -0.0031627118752 -0.041297063727 
0.0033995411671 -0.0013003913797 -0.039754350147 -7.6201725729e-05 0.0037768503704 -0.028492123257 -0.0047506033818 -0.0053235075103 -0.012391049577 
-0.0012074155177 0.0017760120324 -0.028607531975 0.0030101161697 -0.0056791925043 -0.029714174222 -4.910816041e-09 5.2963596931e-09 -4.3270978041e-09 
5.2326179496e-12 1.6034915917e-11 -9.4836912364e-10 -3.106966536e-14 -8.3345201492e-15 -1.1620138286e-11 5.1224599153e-07 3.3339398117e-07 -4.8799907486e-05 
-0.047044125905 -0.066317254665 -0.094329419212 -4.9397275298e-13 8.067831306e-14 4.4227470862e-12 9.0287519673e-06 -2.2092911288e-07 -2.6251827234e-06 
0.0054510484558 -0.0013109638185 -0.026723246846 1.3453986304e-13 -4.3456070244e-14 3.3890991438e-13 -8.512847966e-08 3.9758503032e-08 -5.6333373985e-08 
6.3310546067e-10 -1.6242522414e-09 -1.8408313672e-08 0.09292223094 0.037757191671 -0.030655513715 0.075674519838 0.045826979365 -0.00741130628 
0.12298754427 0.034084790326 -0.20708847486 -0.11852166037 0.051846945241 -0.087774438888 -0.046088913853 0.077468058736 -0.062034001936 
-0.019338606034 0.059070886769 0.014741760841 0.027871533281 0.071562084098 -0.080165119871 -0.019228200923 0.10870035258 -0.035385996993 
-0.040539419445 -0.038216902411 -0.1549597432 0.18556809953 -0.099213357837 -0.072700278522 0.017697218889 -0.14504474159 -0.019033554662 
0.027426042181 -0.024929224407 -0.11227659346 -0.054784170335 -0.030575216281 0.025071032924 0.028468405217 -0.01241896073 -0.045241221161 
-8.4524393207e-05 -0.041485568287 -0.0037358453293 0.11213225275 -0.051231233853 -0.020437825607 -3.7929292123e-06 5.8230237617e-05 0.00015855844053 
1.2593488561e-05 -6.1632612419e-05 -0.00050673697304 -9.0767726575e-05 0.00013179263396 0.00021573095523 -6.2526912487e-07 -6.6539616441e-07 5.4888302904e-06 
0.0042678357268 0.0089375581912 -0.018860160272 -0.0064787292412 0.018857953507 -0.010261509715 0.0015359131221 0.0025463395431 -0.026624234187 
-2.3166898843e-05 -7.151438048e-05 -0.00016459605733 0.00025162494504 1.9820788125e-05 0.00031931992843 -0.00515907337 -0.029571713913 -0.034140062546 
2.5283216237e-16 -1.0814308176e-17 9.9973092889e-19 0.00014545078493 -3.9729735303e-05 -0.00076496209855 0.014211815142 0.010588144857 -0.010630397321 
0.017637554641 0.0034385348785 -0.034164526238 0.0032311110778 0.0025684570013 -0.016840706594 0.0024858875952 -0.0037266213115 -0.01884849401 
-0.0043430927253 0.0012552440782 -0.029088094887 0.00083664506889 -0.0031020922707 -0.02693733028 -0.0021041290441 0.0012651782874 -0.031042463606 
-0.0058255072263 -3.6644894144e-05 -0.02491334099 -0.00017235136733 -0.0083824834966 -0.027080287267 -0.0060101812155 0.005181066266 -0.0042022533898 
-0.0041144774395 0.009669036997 -0.023967683734 5.3907160857e-07 1.5110207651e-06 -7.7711805808e-06 -0.093165015711 0.012629294344 -0.066532770636 
-0.011111229587 -0.0027202673968 -0.049200079038 6.7709036058e-05 -0.00011807975822 3.7439678737e-06 0.0010167586671 0.00019818332348 -0.016775602258 
0.0061803637191 0.002283987551 -0.017758639938 -0.00095395594324 -0.0024689829807 -0.030793117986 0.008459209885 0.00016704785438 -0.030534242074 
0.00069238897708 0.0014029519176 -0.03165696919 0.0057835169341 0.0036320294575 -0.034085695076 0.0020126541721 -0.0020702506594 -0.03988668152 
-0.0071287485856 -0.0094435575688 -0.032786857496 0.0016022218684 -0.0040267589618 -0.029182510237 0.0022805784467 -0.0091163469535 -0.036184145662 
-0.0014548023182 -0.00049007406901 -0.035054638604 -0.0081283191316 -0.0062472499847 -0.022678029591 -0.00035519360365 0.0011087148518 -0.021574932368 
-5.6800874777e-10 -6.2996817732e-09 1.3135093425e-08 3.7707097281e-06 -1.9556599712e-05 4.6931742653e-05 -3.8691751991e-05 -0.0040987729301 -0.030236966124 
3.1426972592e-06 4.5146965382e-06 -2.0410186981e-05 2.9908151218e-11 5.8902402837e-11 1.114172226e-08 0.0036896764052 0.0015876765605 -0.030477998164 
-0.00037722593354 0.0036854923752 -0.030653556908 -0.0040808621499 -0.0031825914071 -0.030264358236 0.00050889230231 0.0063404802587 -0.032679195113 
0.0043868253849 -0.0052965978527 -0.039529440694 0.0059988020261 0.0044040151449 -0.025428642359 0.0088139358513 -0.0043020403973 -0.034209368744 
-0.0034907045068 -0.0040625675138 -0.020235591372 -0.00015489244643 0.0016049473535 -0.029211108021 0.0012329477679 -0.0023726520989 -0.018142138234 
-0.0036692472033 0.0080055963563 -0.024769159041 7.243494318e-08 1.6645640485e-08 -2.5084252713e-06 3.6436822564e-07 -8.5323092605e-07 3.7169520878e-07 
3.9488023865e-06 3.6815896724e-06 8.9694960732e-06 1.2231580397e-06 8.0831711962e-07 -0.00056761334969 -5.5055385552e-08 9.1571268995e-09 -2.3242784351e-07 
6.2300101317e-06 1.1902605628e-06 0.00077579677237 1.0773095602e-07 -1.9066194221e-08 -9.8449914819e-08 0.0023730466785 0.0022554934903 -0.025832632052 
2.9429934603e-07 -1.6171165848e-07 1.2239265706e-06 6.2992105263e-13 -1.2597893879e-13 6.180867132e-12 0.02344943921 0.011005145253 -0.10250220398 
-0.010912046402 0.025334782936 -0.00086667514709 -0.046106596122 0.11685878799 -0.063697646547 0.0016427960791 0.089380494275 -0.042869176093 
-0.024880794564 0.047000783155 -0.11299710292 0.068388289074 0.10726603389 -0.015800327742 -0.049720366081 -0.1330395083 -0.073619214433 
0.11182134176 -0.073955692596 -0.03087615037 -0.10417044432 -0.083866273647 -0.045182881892 0.012536389654 -0.077465069335 -0.06568388749 
-0.056745085995 -0.11827679149 0.10478861916 -0.025949332804 -0.055322431654 -0.047658089749 0.011690983799 -0.023200280133 -0.07450094622 
0.12344618571 -0.018573300976 0.025272789721 0.03716628315 -0.018574839336 0.023903189396 3.5829827159e-05 -0.0051522887816 -0.18401020064 
-4.1719850318e-05 9.6901617405e-05 2.9871522809e-05 2.5778674154e-10 -9.3469905485e-11 2.8995595443e-10 -3.1527567132e-10 9.8405904511e-11 2.7403460966e-10 
8.6936364644e-05 -1.5096818567e-05 -4.1047723303e-05 8.0444764737e-06 -1.7010391671e-06 -2.6225207343e-05 -6.5551097604e-05 8.3391575596e-05 2.5853930203e-05 
0.005089969179 -0.0034281392355 0.00035488539586 0.0062705230545 -0.0024452973654 -0.016015407894 -0.00036616362132 0.00017644927584 0.00033933272772 
-2.8086417133e-05 2.9191721483e-05 -0.00031117230621 0.08611534438 -0.006578604547 -0.13295952717 -0.096175683337 -0.057267177014 -0.0016571447561 
0.026648303482 0.032927414565 0.05046096876 -0.0098616802758 0.017641622227 -0.038112816558 2.5191316293e-11 -5.6935765253e-12 -1.8978255947e-09 
-8.4574376846e-10 6.7683860918e-10 8.4834211274e-07 0.0039228273611 -0.0010013106824 -0.015240127682 -0.0035232133626 -0.00047235309606 -0.020275034122 
-0.0030515518722 0.0037130969995 -0.019227403565 -0.0035961226703 0.00041198739433 -0.017995668729 -0.0055223379691 -0.005255734455 -0.0091369171724 
0.0023955606762 0.0050937635212 -0.026734063114 -0.0021432112873 0.002559650554 -0.029175609038 0.0019845734763 0.0007727718265 -0.023327599188 
0.0017347803536 0.0017932774781 -0.023569093899 -0.0032760165423 -0.0012219639705 -0.027028366293 -2.1800150887e-16 9.8438770084e-17 3.0009342163e-17 
2.761487392e-06 5.9326613894e-06 -1.9763731785e-05 0 0 -0.049045095 -0.0023880361158 -0.0011052017901 -0.050550995531 
0.022758709199 -0.0068774903343 -0.021828414635 -2.1987830168e-13 -1.7704004362e-12 -1.8552461106e-12 -1.2230338975e-14 1.6658197554e-14 -4.8494875216e-13 
5.0426360228e-07 2.1794526641e-05 -4.0659148627e-05 -0.0031918724118 0.00074598331809 -0.021573537378 0.0016075608739 0.007289884145 -0.022692644441 
-0.004755735354 0.0009034679002 -0.025061394926 -0.0041215080019 -0.0025021518486 -0.034605862902 0.0030837797924 -0.0035610274918 -0.020853803376 
0.00033056256581 0.0032720347009 -0.027261786286 -0.0028770454298 0.0013159240216 -0.022365792434 0.0033236283923 -0.0031283551648 -0.032036441712 
0.0036463580202 0.0088451020942 -0.023317404548 -0.0023313623106 -0.0033286692907 -0.023293364857 0.0035357356146 0.0015600328512 -0.026308414383 
0.011002626053 8.2963037095e-05 -0.022450131971 0.001659506407 -0.010022192515 -0.024134221331 -0.0028532954464 -0.00086951407975 -0.024478000177 
0.01468612299 0.010962227415 -0.025603792894 9.8891217876e-05 5.444385857e-05 -2.9003196259e-05 -1.265045269e-14 -8.9159871333e-16 -7.8610898491e-13 
2.5203778534e-09 8.0241033967e-09 3.6021992189e-09 -0.00069893840812 -0.0023432384058 -0.028086421416 0.0010115807771 0.0011492416434 -0.055369052822 
0 0 -0.049045095 -0.057071931474 0.033870294187 -0.091789478458 -0.048845970187 -0.021676035549 -0.046324017861 
3.535229654e-06 2.9081863611e-06 1.9672144869e-05 0.0096667671041 0.0050813387079 -0.024753301473 0.0059114003705 0.00064500491228 -0.019445381759 
0.0013372187155 0.0054910129826 -0.027834507775 0.0029466848529 0.0079023170425 -0.022367891617 0.0039186154214 -0.0016823787593 -0.026944525298 
0.0040377032843 0.0050413207109 -0.024687197144 0.0025851957636 0.00085767363883 -0.030074015731 0.0060951465722 -0.0047328682123 -0.026695717567 
0.0011556829406 0.012521812366 -0.014528484878 0.008147975314 -0.0011993684163 -0.035419475485 -0.0020279641959 -0.011379004106 -0.022627715122 
-0.00011871761025 0.00018637235997 -0.00020468063911 -0.072664244504 -0.022688554126 0.014911298788 -8.6511643718e-07 2.984048995e-07 -1.2640155807e-05 
-6.3383707508e-06 -7.6473475077e-06 -1.1181813945e-05 5.4365072851e-05 0.00021433769913 -0.0001013469523 0.0020689237761 0.0057711776906 -0.019807467076 
0.0092605144967 0.0033682121193 -0.018125916027 2.8372041714e-06 -8.2898336619e-07 -0.00071611256771 0.00022884238013 0.0012749008397 -0.00014719955212 
-0.03057975543 0.038365704183 -0.038239864528 0.041901377846 0.020864943889 -0.04964736793 0.033590885252 0.031192996444 0.0023843981182 
0.0093503602095 0.020754606475 -0.039632018146 0.015433922338 0.041148650694 -0.055977972484 -0.085412915436 0.05014717155 -0.041300703537 
0.066286828389 0.039328220239 -0.015654505205 -0.0032359214549 0.059123261004 0.025598518368 -0.15105151031 -0.10560537795 -0.079620456179 
-0.092044841522 -0.10881939861 -0.069545202089 -0.012747703958 -0.11735595329 0.063910511029 0.016802154544 -0.12051538134 -0.010232100789 
0.10362448622 -0.08922122673 0.09313092831 -0.014555515168 -0.016405329303 -0.073411940879 0.055139213279 -0.044846389794 -0.028903863389 
-0.10253618959 -0.034407161876 0.12384640278 0.0057119496773 -0.035313625939 0.0083926970376 -0.011043454267 -0.026178899556 -0.015471335252 
-0.084961566703 -0.0040093138631 -0.23319840847 -1.5540353017e-07 5.5746861528e-08 9.6304785748e-08 -3.0879834962e-07 5.2615513412e-08 8.7918391492e-05 
-0.00016500145143 -0.00052720619526 -0.00019321429756 -0.0048560566464 0.0052567660895 -0.016835363078 -0.0017225016884 0.0012197997491 -0.0068339908019 
-9.4096885413e-05 -6.7441609822e-05 1.8232335481e-05 -3.6108717105e-05 -3.9024357433e-05 -0.00013323110397 -0.0028401831142 -0.017196567719 -0.055506117224 
0.043004961408 -0.065153891855 -0.065729254022 -0.00014450984123 8.5586291569e-05 -3.5059762641e-05 4.7568089181e-17 -1.0775491127e-16 4.4239613554e-19 
-0.0033570790237 0.0042508484142 -0.015349526567 -0.002799704614 0.0030041044365 -0.016918913873 -0.006437730408 0.0064915981229 -0.018257147107 
-0.0019068752351 9.5894818434e-05 -0.021007569633 -0.012764595006 0.0034406386533 -0.025348435898 -0.0092501360468 -0.003909276875 -0.019090145995 
-0.002844573185 0.0073704876255 -0.024172830582 -0.0088918501961 -0.0027550842678 -0.030094581126 -0.0069064890147 -0.0005270347426 -0.020951728492 
0.0024399274174 0.0055127135777 -0.01349401911 0.0049972024876 0.0014053487557 -0.0059227808468 0.0026689308701 0.0047300060075 -0.025555201084 
0.0038282856848 0.004576810631 -0.015533370744 8.0075556284e-06 2.0148159336e-05 4.1685318392e-06 1.6417254651e-05 -3.8300766067e-05 2.7292761875e-05 
3.2629140589e-13 2.9191070224e-12 -5.3953276153e-12 0.00013436006217 0.0036212272726 -0.016324207129 0.0027909820293 -0.0043825038658 -0.030430490415 
-0.003312709307 -0.0044940273529 -0.024076279747 -0.0021348068087 -0.00048920744455 -0.017502621332 -0.0066982421271 -0.00037217280456 -0.026477232681 
-0.00055217993716 -0.0035979973264 -0.02120305442 -0.0017656397208 -0.0019512219988 -0.024374512009 -0.0040029822904 -0.004400091908 -0.016746350529 
0.00016336054726 0.0043847638954 -0.024059894167 -0.0048109374036 0.0068733868583 -0.019435153523 -0.0028709350722 0.0069719100027 -0.028640979793 
0.0027128417197 0.0015382264381 -0.022146817562 -4.7395143245e-05 2.4866156105e-05 -4.2227037587e-05 -0.0049656940584 0.0052501421611 -0.012989683499 
-0.0038900014903 0.0060019379188 -0.021715653478 0.01269186505 -0.052952359127 -0.092993059693 0.059455447649 0.040384000894 0.12821346757 
-0.012646786678 0.035467770222 0.0059387981459 9.7221198854e-05 8.77743725e-05 3.1572156965e-05 0.00060140266405 0.00018362992019 0.00028746489919 
0.0041414613427 0.0014725118688 -0.021188134749 0.00074766617909 0.00079242816549 -0.022059558243 -0.0093822680637 0.0022154885691 -0.027551944832 
0.00784613434 -0.0038887685924 -0.022066467647 -0.00036095188104 -0.0029383140558 -0.019746254434 0.0041615423082 -0.0054519330674 -0.027117482857 
-0.004537137082 -0.0052056913151 -0.021504318057 -0.0055558143107 0.003919518283 -0.025734186037 -0.0052787646809 -0.00024944511893 -0.031545920509 
-0.001059249318 0.0048885582666 -0.025006818356 -0.0049684338006 0.0059495181485 -0.020662535442 -1.0109914861e-15 -1.9491021657e-16 -2.5053865231e-17 
6.0821846251e-15 1.5640782885e-15 -1.1515726484e-14 -0.00017808431372 6.2661796453e-05 -1.2545082674e-05 0.062321368022 0.038087654014 -0.091718711935 
0 0 -0.049045095 -3.4999795645e-07 -0.00015685881261 -0.00023492136139 -3.0921775838e-07 -1.2718103857e-07 -0.00014044953502 
0.00010793076664 -0.00081933570809 0.00015019903754 0.0053386949148 -0.006607109216 -0.0087290662489 -4.16366894e-07 3.2580230318e-06 -3.97944132e-06 
9.4765605991e-07 -4.0147721961e-07 -2.8779923565e-07 1.3791815874e-06 -8.9828982713e-07 -1.8357540011e-06 -1.6429273408e-06 1.5791013345e-06 9.0659496228e-07 
-0.0045818341379 0.0027837511047 -0.049063423037 0.065433338343 -0.010962646145 0.04299497083 0.03559360327 0.060295153223 -0.096353392751 
-0.033738851466 0.10873681724 -0.023722227013 -0.013970573073 0.047590980515 0.032983972513 0.01958098811 0.013052608681 -0.01768157271 
-0.052713853484 0.047652219311 -0.053867824463 0.0010353287398 0.030580657767 -0.046640553142 0.013874000276 0.025331054637 -0.096536233022 
0.071840548169 0.10510243673 -0.072919665717 -0.039514967901 0.10427543358 0.018080819592 -0.047578613639 -0.1393700314 -0.057462613607 
0.14943997384 -0.056789462519 -0.13743630484 -0.027347505865 -0.055566452673 0.056378661321 -1.9939294561e-05 8.4385015744e-06 -8.1058434795e-06 
0.00010445132334 -0.00011863758213 -4.6157805964e-05 -8.8414444679e-06 -1.4704422417e-05 -9.0341437238e-06 -8.217406628e-17 4.0641264693e-16 -3.5609105658e-17 
0.0013063931704 0.0027571527811 -0.024751982581 -2.9739860339e-05 0.00017751051308 5.109723197e-05 -2.2757104036e-05 -3.3498659759e-05 -1.9543414523e-05 
1.0311632849e-07 -4.0182010482e-08 -8.692966516e-07 -2.3351532595e-08 3.7473729019e-08 -1.3121795604e-07 1.1837961091e-05 -3.5662734515e-05 6.4674840798e-05 
-1.5411750868e-05 7.9300682747e-05 9.0125618998e-06 -0.0043713061046 0.007436346016 -0.013792165537 -0.0053989414778 0.00065664001789 -0.020281633998 
0.0062860907562 0.0045158706811 -0.013182507735 -0.0038493670187 0.0019850359516 -0.02063410388 0.0013593963417 0.0012094716223 -0.022394741066 
-0.0038683112805 0.0042751082855 -0.0196606602 -0.0028827183496 -0.00062414391209 -0.02208162383 0.0048880110434 -0.00095935081748 -0.020483238892 
0.0029607020019 0.0066838666087 -0.016719428577 0.003781213163 0.0015397902402 -0.017576559257 -0.0012022762471 -0.0033983622147 -0.021468838701 
-2.5973373291e-06 -3.5139817719e-06 -1.0309096011e-05 -0.025721767394 0.027328253606 0.026840867646 -5.8331590494e-05 0.00011507597693 -0.00010465228138 
2.0851017022e-07 1.4749822754e-05 0.00011888044804 0.00062208478427 -0.0032171823006 -0.027461791555 0.0060178160176 -0.0088032216995 -0.023487670693 
0.0048775934442 0.0014285419647 -0.034508072116 -0.0017018764274 0.0045851057123 -0.016966906009 0.0010218866965 0.0024101187841 -0.027676877819 
0.0057040342243 0.0051703773969 -0.023415374788 0.0057719691532 0.0041741047827 -0.017616051138 0.00051583347445 0.0076354345683 -0.024810081811 
0.0032431604879 0.010872716177 -0.021021109647 -0.0023587026636 0.0058205908749 -0.017410008041 -0.002358784686 0.0047750962908 -0.01799870895 
-0.0028249780907 0.0048320021315 -0.015558547482 8.9357042138e-06 -1.8860693507e-05 0.00014273919415 -0.1020281949 0.063381194093 0.01103318564 
0 0 -0.049045095 -1.5197876544e-14 -3.4864987937e-15 -1.5359701993e-12 -8.9045323384e-06 -1.6431220299e-05 -9.5964294921e-05 
-0.0010662893289 0.0013532659379 -0.047633063065 -0.005462323934 -0.0014522741237 -0.019443568752 -0.001301529935 0.0066792950316 -0.02566000356 
0.00010531375305 -0.0028959257946 -0.019138324948 -0.0019192184008 -0.00035635886422 -0.013971624729 -0.0036859147058 -0.001907277887 -0.020954725104 
-0.00082977874702 -0.0024366615654 -0.02170011378 -0.0057738905656 -0.0029934997433 -0.022075630525 -0.0039873775328 -0.0025704950593 -0.022708864204 
-0.0098512279043 0.010055209312 -0.027269742205 -0.0022690402414 0.0089050010374 -0.025346767044 -0.003131002638 0.0083544218913 -0.024501871246 
-0.0036959814662 -0.00014201337878 -0.021972464972 0.002994907011 0.0032941691539 -0.02863624915 6.4716644345e-16 3.841135415e-17 4.1253358052e-17 
1.2398646599e-05 -1.316656696e-05 -2.1280449726e-07 0.031508050481 -0.052278766358 -0.081501829435 -2.1851531556e-05 -1.306286968e-05 1.2208563409e-05 
6.2698935907e-19 2.2760369273e-16 -5.5552532573e-17 1.961971693e-05 5.5910441531e-05 1.3654522368e-05 0.0083808344808 -0.0023894135275 -0.011021298601 
-0.0022618056517 -0.0029244879784 -0.012746695815 -1.5854873809e-07 9.6020986658e-08 -8.344221266e-08 0.060658692435 0.026686951232 0.00067944446809 
0.059939596609 0.044188801481 -0.024883862247 -0.082903338587 -0.0026503304823 -0.061469346963 0.0050592370058 0.023803689492 -0.10315097074 
-0.020874968451 0.066353069844 -0.050293493883 0.048909580932 0.036005620405 -0.12915788127 -0.071428552403 0.034763097169 -0.21749452012 
0.094497438341 0.096476368281 0.087654016001 0.0028997699787 -0.080039019178 -0.037435566937 -0.07314591706 -0.10873563087 0.043333590567 
0.040524283448 -0.034666546605 -0.00087113412401 0.0084637035138 -0.024862848862 -0.063252489326 -7.60494463e-05 -8.1306591526e-05 -1.452746019e-05 
9.563151643e-07 -1.056550214e-07 -1.794005806e-06 -4.9847573665e-07 9.9882630187e-09 6.7989907075e-07 0.00018707598829 0.0034191149639 -0.020413476703 
-0.0016057382268 -0.0081769798119 -0.022566875161 3.8110813552e-06 1.2691088643e-06 -6.7119462517e-06 8.2634762735e-08 4.9904531513e-08 -1.5576158452e-05 
0.0043378787503 -0.0018602687963 -0.014187463285 0.029738069142 -0.08424818959 -0.11077128914 5.2630691886e-09 -8.4619591206e-09 -1.7992040463e-09 
0.0016661247826 -0.0049176318917 -0.01309475168 -0.0020599336676 -0.0057453016147 -0.027196766412 0.0045641905705 -0.0038149468918 -0.016198803094 
-0.0052006166068 -0.0081229327188 -0.015028873154 -0.002224830445 -0.011258588557 -0.018891280456 0.00094498306408 -0.0069677329226 -0.02356043319 
-0.00083516020381 -0.00098827043182 -0.015820567168 -0.0024212620511 -0.0043084208961 -0.022519502641 -0.0016312834918 -0.0011476082639 -0.015264342014 
-0.0025117960872 -0.0019287771244 -0.021195887936 -0.00015310939941 1.2860776048e-05 3.8894381228e-05 -1.2015749247e-05 -1.6720887811e-05 -1.0933245579e-05 
-5.0301520124e-05 1.6147730487e-05 -3.4842114443e-05 -0.00012109711309 -9.6387013851e-07 -9.3505181495e-05 0.00017787928944 0.00029452443964 4.7766750333e-05 
0.004686490601 -0.00016226836531 -0.0097407212887 -0.0035712980049 -0.0045948855777 -0.016682795907 -0.003454990456 -0.0059866397314 -0.019710737648 
0.0066606046755 0.0029913824325 -0.017481232306 -0.00038424250847 0.0010700468608 -0.014036160291 0.0024131639416 0.00097984864547 -0.025588331017 
-0.00025214840041 -0.0050057012803 -0.029218462443 -0.0018840841444 -0.0047058730323 -0.023315850594 0.0045203237814 -0.0057228363296 -0.022413906495 
0.0013251714425 0.0014873194873 -0.023880644531 0.0050999843001 -0.0049790294238 -0.022152522722 0.0010146030068 0.0034612081326 -0.024374531728 
0.0027277858861 0.0051806026122 -0.02665160455 0.0014176545531 -0.00082924350942 -0.022178066549 -0.00041745426298 0.0043494027085 -0.025908448697 
-1.8510452599e-06 -9.7663579995e-06 -1.4490822457e-05 3.2068756291e-06 6.1468065927e-06 -2.632719153e-05 -0.002488917117 0.0022298500273 -0.014673176475 
0.0039811051237 0.0043060613719 -0.026406240994 -0.097392577333 0.075840274369 0.014053177824 -2.5974067069e-08 -1.4034165912e-08 1.9769556023e-05 
-0.0061420971163 4.679330421e-05 -0.015393091992 -0.0054715153245 -0.0023742485282 -0.01841675767 -0.00063048262314 -0.0045525836505 -0.016578008191 
0.00017724161123 0.00032150386985 -0.019094534511 -0.002188133354 -0.0021379472742 -0.020281274245 -0.0075032544401 -0.0069618990894 -0.025035701107 
-0.00053415092643 -0.0060355126058 -0.022344168589 -0.0016710684352 0.0020345949467 -0.024707109644 0.00040391234256 -0.0021275380268 -0.023253247743 
-0.0032578096591 0.0022509923758 -0.019796674827 -0.0033414350053 -0.00062150508678 -0.025752984325 0.0056376642305 -3.1623554338e-06 -0.02044363013 
3.4255181054e-11 -5.66208264e-11 -3.8430270925e-11 9.8948529897e-10 1.6677394455e-09 3.870794081e-08 0 0 -0.049045095 
6.6192348938e-05 -0.00010966328897 4.5018813972e-05 -2.3874231823e-06 3.2027513719e-07 5.5963417972e-06 9.4553725673e-07 -3.3637820753e-07 -3.5052850074e-06 
0.0032299352513 0.0041817519069 -0.020623941232 -2.8918787118e-09 -1.9441842874e-09 2.8080490807e-06 -1.5390685668e-10 5.9424988227e-11 1.1996576844e-11 
-3.9246690399e-07 2.9438628678e-07 -3.7077056924e-05 0.020071495121 -0.0020677347251 -0.04072247718 0 0 -0.049045095 
0.085136403623 0.052310987184 -0.092881969506 0.04577262223 0.10998403623 -0.064413652426 0.042574468507 0.026440394829 -0.21445678936 
-0.010975810236 0.048813317321 -0.16674044997 -0.0095137957272 -0.1151889244 -0.095191640555 -0.0070865827648 -0.077154186325 0.055370000549 
0.012191317057 -0.064656604333 -0.062811255745 0.028162147884 -0.019858174671 0.024974028741 0.093290184252 -0.024439450594 0.1374323945 
0.082335997465 -0.042411900752 -0.1627720677 0.11464149446 -0.019427198238 -0.038118349419 1.6237548389e-06 5.343632587e-06 -1.435144222e-05 
7.0180819149e-06 2.248863829e-05 -2.0296565956e-05 -6.9586881226e-06 1.3752598505e-05 5.1678147971e-05 1.3506336687e-06 2.3456676628e-07 -6.9558392876e-05 
0.00060963123826 0.0036011613504 -0.013996548999 -6.3504666e-05 -6.3629879474e-05 6.3711405326e-05 1.6480795286e-05 2.2590645542e-06 6.5664205796e-06 
-4.1408449598e-06 1.4855780424e-05 0.0005410473536 1.2299455426e-06 -4.4610375314e-06 -7.1755254318e-06 0.00041199934672 0.00064247515595 -0.0050496091515 
-0.003434348517 0.0034070660896 -0.020438293057 -0.0031994139425 -0.00056362073989 -0.017859878811 0.0012945581 -0.0076823756703 -0.019271283995 
0.0017710209308 -0.0028774629634 -0.012703294129 -0.0015818790751 0.0011303054937 -0.014517942999 -0.0012823140424 0.0013875129659 -0.01510633094 
0.011775639966 -0.0030925615895 -0.02226678786 0.0021934814612 0.002761796836 -0.013800235209 -0.0024889711943 0.00016525984258 -0.021480352922 
0.0023684592353 0.0052117712886 -0.014712595636 0.0064521732361 -0.0019457054364 -0.017180054393 -0.0045463234108 0.00013465850221 -0.023888424293 
-0.0006081259613 0.006198482271 -0.016027312111 6.2144114548e-06 3.3025053037e-05 2.8298162242e-05 8.5897507945e-07 3.2327195373e-06 1.745139058e-06 
0 0 -0.049045095 -0.055070459984 0.026487805873 -0.092785606636 -9.4021252556e-05 2.6066663015e-05 0.00031169515122 
-0.00020707399589 5.6126459666e-05 -7.474378847e-05 0.0069625081192 0.0073951699635 -0.015933578296 -0.0056163180388 -0.0092332216742 -0.018579761979 
0.007851733376 -0.0024718588611 -0.017280613408 0.0037695994061 -0.001401709102 -0.018615869801 -0.0041804206423 0.00073115930847 -0.013482656354 
0.008420053098 -0.00099092361047 -0.016397643378 -0.00015673483662 -0.00092011202311 -0.021628650499 0.00073152505839 -0.0016781768254 -0.025437375756 
0.0031627682202 -0.0024541605781 -0.017580509707 -0.0010176603538 -0.0022375782046 -0.019891111818 0.0014863722425 0.00073810058739 -0.025813223307 
0.0040096311895 0.0014996264755 -0.027236425854 -0.00058869641369 0.0036873442391 -0.021092762799 -4.7134545922e-06 -3.106827657e-06 -6.1565342646e-05 
-6.6851155572e-06 0.0042664847472 -0.019374699208 -1.1761870426e-09 -2.6077815392e-09 -3.7089276049e-07 0.0028373340012 0.0011250688486 -0.020391054179 
0.0047677260903 -0.0077302459109 -0.015348324384 -0.0012710044954 0.0018441168042 -0.016614682864 -0.0070393212536 0.0046454983833 -0.019360657731 
0.004158669909 0.0023810128042 -0.021178978383 0.0021814219273 0.0014718258891 -0.026887046894 -0.00049801849319 -0.0035968935419 -0.021977997367 
0.0039612765856 0.00055101460847 -0.014006785775 0.0012221827544 0.0033075072257 -0.020919248455 0.003652130862 0.0028733339674 -0.023962754783 
0.0019571559436 -0.0022483440881 -0.043617814486 -0.00028152585266 0.012469972011 -0.027671771777 -1.0905392414e-12 7.5411729365e-12 3.996563868e-11 
0.00017711274902 -0.00011850524858 -2.6191119894e-05 1.0535038651e-06 2.1083499766e-07 6.6523114313e-06 -3.5557477431e-05 -9.299793698e-06 0.00011446814667 
-1.4193720295e-05 6.1883746849e-05 1.3965977719e-05 -0.0026418508181 0.0035716562949 -0.027255918228 -0.0043070303918 -0.002179414239 -0.018466161942 
9.4200571166e-12 -2.2865701875e-11 -4.116100842e-11 1.4834267475e-06 -5.8507909423e-07 -1.0058416043e-06 -0.0063204359706 0.061023641699 -0.098445113734 
0 0 -0.049045095 0 0 -0.049045095 -0.0057915171066 0.0089674794817 -0.076867248742 
0 0 -0.049045095 -0.007115428485 0.045151829139 -0.01859510593 0.056212111421 0.023814952177 -0.10177175912 
0.0062696442272 0.035302797942 -0.13723695967 -0.046046842566 -0.088679164592 -0.03688288233 0.0037906498189 -0.048198158821 -0.020643645435 
0.053461042397 -0.054163446551 -0.034271986293 -0.075903562791 -0.0058260040387 -0.022484376125 0.034958554478 -0.02928189079 -0.082332573023 
-1.1913171567e-06 -1.1853695203e-05 -4.4343495798e-06 -3.3231143316e-15 3.4931818526e-15 2.2151543757e-13 -0.00010285249046 8.3799429615e-05 -0.00011286705714 
-5.4379029895e-07 -7.4252412613e-07 0.0011192801782 -8.0146182786e-06 5.6135569211e-06 -1.9926413803e-05 0.036172985957 0.0068395600631 -0.021669751445 
2.4734626118e-07 -2.9118821965e-07 -3.6100294518e-07 -2.6925656255e-07 3.1401807055e-07 2.0403311485e-05 0.0039140678596 -0.0093478867605 -0.020039715065 
0.0048201977422 0.0023623235568 -0.010242650481 -0.0072264562588 -0.0019841942993 -0.026941924585 -0.0035965484486 0.0011261599837 -0.0078106881764 
0.0029761453881 0.0023427431764 -0.025486545923 0.00035486968721 0.0013831481913 -0.016592058993 0.0009381621495 0.0037483681861 -0.014454486133 
-0.0037048583153 0.010268827455 -0.0075202030696 0.0043298999217 -0.0019368549756 -0.014511293305 0.0032672485277 0.0068057968849 -0.019158365799 
0.0019958971894 0.0012462133648 -0.019408237906 0.0033038608572 -0.014661011917 -0.010316440546 -8.8092492974e-13 -2.8187979192e-12 -5.3020931833e-12 
9.0413405896e-08 3.427654062e-07 1.7657639487e-07 -0.043264380434 0.042926700071 0.088130264931 -1.8883246943e-07 3.1171174149e-08 -2.3331337536e-07 
-3.562280341e-08 1.8724240049e-07 -7.4254153367e-07 -0.0014252644339 0.0021076574981 -0.021178192552 -0.0022901037233 0.0038681860646 -0.01378075974 
0.0014238372394 0.0032457763022 -0.014562695025 0.0033022966757 -0.0065911310745 -0.019739210096 0.00073167012347 -0.0027398292684 -0.019459633468 
0.0042928138807 0.0075052169824 -0.020744220394 0.0088560570866 0.0025784629376 -0.012466214085 0.0016101337263 -0.0073982918319 -0.022157657326 
0.0045953569164 -0.00066280139459 -0.022420584081 -0.0064590045189 -0.00043436219547 -0.020167363626 0.0026496727981 0.0027525996687 -0.02819266971 
0.00074424677759 0.0036275416417 -0.015880992091 -1.07271803e-07 -6.2074943264e-08 5.2178310466e-05 -6.0340215142e-12 2.4828956228e-11 2.691906983e-11 
0.00045943108143 0.0022712946023 -0.020370192251 -3.701517851e-06 -1.6305662657e-05 4.010029338e-05 -0.0089337219194 0.00777192274 -0.017286549164 
0.015413764592 -0.017057559115 -0.028301204846 -0.0061914513647 0.0031163803425 -0.032192128674 -0.0041111001267 0.012042597562 -0.025421381557 
0.017344838308 0.0014936691645 -0.010309142431 -0.0029290696526 -0.0043487051674 -0.034056735981 0.007295133325 -0.0039147377337 -0.024658960122 
-0.000866276675 0.010462380117 -0.031390625026 -0.006412599668 0.014852703327 -0.022311808998 0.0039086847807 -0.0075384363128 -0.023083533263 
0.0096925084881 0.0036669630137 -0.024005237509 1.3929904185e-08 -1.8031328529e-08 3.0985622752e-08 2.8913137216e-08 -1.9730821539e-08 -1.5068352523e-09 
-0.11105395702 0.050246801205 -0.058981653047 0 0 -0.049045095 5.5833151827e-18 -7.582396689e-17 2.397575388e-19 
0.00054092437428 -0.00077609415823 0.00050623109416 5.6416939299e-06 -1.8522356401e-05 1.0999961626e-05 0.0028246970576 -0.0028224248537 -0.015517564378 
-2.8553638528e-05 -7.0071211069e-05 2.2479170237e-05 -8.9928874044e-06 4.0735049369e-06 7.5309801982e-05 0.056430839288 0.0032416907916 -0.051610335661 
0.10191311389 -0.015289539644 -0.10219058779 -0.023522849191 0.00089772898398 -0.13715529128 -0.071547685714 -0.091383133899 -0.050218309752 
0.089868714789 -0.075267715294 0.049131620862 0.0095863205477 -0.048434245653 -0.072545940049 0.03342087035 -0.054972246313 -0.042065939636 
0.021748260708 -0.025327162096 -0.050433540985 -0.019660829274 -0.028443159512 -0.015952536027 0.023545693836 -0.046330253431 -0.026204360902 
-0.066755813551 -0.023479121127 -0.16471487289 4.2837576591e-07 -1.5828486356e-07 -0.00016964174489 -2.0109661873e-06 1.2489149093e-06 3.7041425478e-05 
5.8218427935e-06 9.8818584893e-07 -5.2406982957e-05 0.0021816972084 -0.018811762214 -0.024867622613 5.123627671e-08 4.0193121065e-08 -7.7436536235e-06 
0.09151802738 0.013145404422 -0.063920627668 1.2461552279e-08 -1.7583795231e-08 -1.9315165488e-07 -3.122776342e-06 7.1155569412e-06 2.1318022492e-05 
-7.7448121418e-09 1.6107806451e-08 -6.0670945808e-07 4.1869682561e-06 -1.9835896273e-06 3.3412199494e-05 0.011390399452 -0.0050018902226 -0.0081855596958 
-0.007542188125 0.0034591772013 -0.01462476295 0.012401631433 0.0011208218519 -0.02540975769 0.0019281456013 -0.0097098140657 -0.023824157761 
0.0017537740657 -0.014956316839 -0.0044568305936 0.01430224035 -0.011883442889 -0.012724719671 0.0087605869693 0.0035638002797 -0.02106886164 
-0.0066856369368 -0.010344690736 -0.01928092514 0.010782821473 -0.0087391934968 -0.021588073362 -9.539802979e-05 7.9074588558e-05 -0.00012425675326 
1.3422116876e-07 6.6211986795e-07 7.0927356904e-05 0.0067178666012 -0.0086019066627 -0.10576161614 -0.079613440822 -0.042404105915 0.037876412345 
-1.0479971289e-05 -1.859114532e-05 8.5922690912e-05 6.8557445041e-09 1.1431491853e-08 1.0356287671e-07 -0.010869092361 -0.0022477698621 -0.025448805825 
-0.0079857298571 0.0085388695696 -0.010367571449 0.0045600528447 -0.029557154581 -0.003504030826 -0.0091604691812 -0.0010752362394 -0.023590123297 
0.00044637065272 0.015838674061 -0.03389944029 -0.0018868052799 0.0061714264392 -0.018718509999 0.012148105195 -0.00092024033945 -0.022000549914 
-0.016971983078 0.0029140728453 -0.06217455473 0.009306126647 -0.0061586787618 -0.016002174 0.010246594921 0.019714127919 -0.032239265243 
0.0068776480721 -0.00044688971791 -0.022861441851 -0.013604321203 0.0013568684508 -0.0098696837484 -2.5250364698e-06 -1.0742331766e-05 5.9144796299e-05 
0.0048234446117 -0.022297420293 -0.021472336467 0 0 -0.049045095 0.045527511153 -0.00054762145053 -0.060903559517 
-0.070725499309 0.077190422555 -0.031269889958 4.130988813e-06 1.4613457832e-05 5.9253710626e-05 -0.018380463632 -0.0032489843827 -0.034743779854 
-0.0068598106404 0.011416962776 -0.018281613127 0.0034212780184 0.0016485084765 -0.018429237358 -0.00046993565809 -0.011471072888 -0.022539797706 
0.00092081081592 0.001761852497 -0.015746967986 -0.0012899647959 0.010227291253 -0.039421104569 -0.014031219343 -0.010717724639 -0.017630427428 
0.012085242596 -0.015473189135 -0.024897208421 -0.0046375139649 -0.012772515009 -0.04886232602 0.013039162643 0.030572914535 -0.031942834606 
0.019611164358 0.00074748365249 -0.06910948528 -0.03529169037 -0.011099308928 -0.042365464986 1.6292815323e-09 -2.9685082573e-09 3.4244142056e-10 
-2.2692741216e-14 -7.0840176846e-16 -5.136444631e-14 0.070807507018 -0.003246809954 -0.052013698926 0.13830068474 -0.0026473290341 -0.079540549189 
-0.0048850175175 0.007846998295 -0.047097729332 -2.2805966883e-07 -7.5310872445e-07 0.00097051374364 -6.318364856e-08 -1.3612135547e-07 4.7833232594e-08 
3.020308715e-08 3.7001841616e-08 5.5905965987e-07 1.1455685281e-05 6.5445782231e-07 -1.2367224431e-05 -9.1318166408e-06 -1.9385359156e-06 3.0577041436e-05 
8.0730333886e-06 -3.3423193985e-06 6.354515389e-06 0.0056628423211 -0.0061322199507 -0.050325552496 0.03454716765 0.023076005937 -0.044879127593 
-0.052350138491 0.04286006512 -0.0098551692612 -0.012943468146 -0.0051224577902 -0.040817200704 0.016966197742 0.0021103523232 -0.052755644468 
-0.0036934661398 0.027463614084 -0.048062017323 0.014265026748 0.016345965942 -0.097023638497 0.037921096701 0.027196547932 -0.057886330566 
0.020864543649 0.030820019185 -0.0937200327 -0.03055121938 0.033621283711 -0.14120292838 0.00087181648737 0.040007267282 -0.10782043279 
0.021162709795 0.017113108977 -0.081611009387 -0.041382537834 0.069116030011 -0.062575293857 0.0077038738403 0.073924237766 -0.17246659515 
-0.04282761872 -0.11486868625 0.0015456104256 0.075956501182 -0.18100154601 -0.11467098651 -0.047999909618 -0.04453524762 -0.18537035352 
-0.010364090349 -0.061215365516 -0.11310802441 -0.010482827543 -0.063854530249 0.0035834964011 -0.037549159348 -0.080571491082 -0.059612214006 
-0.0070406554432 -0.028955039993 -0.044634246778 0.0045338214248 -0.01217053937 -0.076233631345 -7.2025210853e-07 1.7854037447e-07 -1.3701640611e-06 
3.4414515273e-12 -1.8748215799e-12 5.3250949123e-12 1.4969808974e-06 -1.3217732858e-06 0.00050844978044 -2.9340155329e-06 -8.0440003624e-07 -1.342055111e-05 
-4.5398148251e-11 2.2918189503e-12 4.607586955e-09 -0.0090042812327 -0.013678599429 -0.036571311734 3.6190745525e-06 -2.3258600447e-06 4.8203272914e-05 
-2.8324752154e-06 2.4137935745e-06 5.2737052472e-05 -7.2254196689e-13 8.3683721063e-13 9.176667536e-10 -0.017223690886 0.0231986102 -0.027581593411 
0.0069712640031 -0.0056598524308 -0.033739685291 -0.024121488009 0.011317986635 -0.040100397289 0.016254887301 -0.0077011428184 -0.051794148413 
0.020394423074 -0.022032092851 -0.062554769978 0.0074913444245 0.0033602140056 -0.020582101211 0.0019419757167 0.006550729282 -0.03362265395 
0.0053191260671 -0.0024047049898 -0.024001658448 5.3910484008e-06 6.3863052735e-06 5.8538092859e-05 2.4276762939e-09 4.1542890445e-09 -7.91352137e-08 
4.8172354995e-06 9.8482005737e-06 -7.9237422269e-05 1.6249461494e-06 -1.0899275581e-05 -0.0022441512379 0.027376393075 -0.018347508614 -0.011915345472 
-0.0019562276071 -0.010906580132 -0.040123948797 0.025385560337 0.029741327595 -0.024398183887 0.00077121329983 0.008860409599 -0.024974887594 
-0.015438376584 0.0083166814269 -0.070715358804 -0.021080503936 0.0001987785933 -0.030522398478 -0.014514167425 -0.031735426564 -0.059477387899 
-0.011058346681 -0.005134335774 -0.040410017396 -0.0028985197269 -0.013349157628 -0.048553951335 0.017171169656 -0.019718716161 -0.043134763998 
0.0041906278013 0.014715016831 -0.038681258153 -3.016841329e-07 -1.9709472194e-05 7.1766300496e-05 5.2040836761e-06 3.5911400198e-05 2.3383155826e-06 
0.10421116839 -0.047207523224 -0.10813773109 -2.4209413123e-07 -4.5704815862e-07 -0.0013987304859 -9.849746441e-07 -1.9228865706e-06 -0.00025350963932 
-0.01065237095 0.015524683369 -0.024666607127 -0.0079378915769 0.027556520118 -0.06867195352 0.042204625064 -0.0067409137832 -0.06127489605 
0.01067571135 0.026458648474 -0.0412944845 0.012026949986 0.0311086271 -0.027076010584 0.0033777196702 0.013106317855 -0.043166215123 
-0.041630838359 0.0011001640807 -0.024615153602 -5.1867753642e-10 1.4716077832e-09 -8.1661008836e-10 3.9545762676e-17 -1.0378992443e-16 -2.834020671e-18 
1.8461047742e-14 1.4262798458e-14 7.9128551787e-15 0 0 -0.049045095 0.064722527639 0.078488079681 -0.036164624226 
4.5666069542e-10 1.2109288704e-10 1.9806520888e-07 1.1288130138e-08 8.2934919881e-08 -1.792073963e-07 -1.9977941407e-06 4.9532006444e-07 -1.6196314564e-05 
-4.4988007425e-07 -1.7128576238e-08 -1.804754112e-06 1.2959570289e-06 -7.7521372362e-07 1.1540007152e-06 -0.0066574184978 -0.016143446033 -0.096545196498 
0.044503656256 -0.0034407672323 -0.044578685583 0.047666253665 0.067265691472 -0.035655757528 -0.01886224913 0.0081555092811 -0.054565192617 
0.012389636148 0.00093192922794 -0.10073028064 0.044446247047 0.022329492751 -0.096944367623 0.11657327344 0.011171029812 -0.0065730093793 
-0.035563147378 0.091672388468 -0.023376214798 -0.010799118096 0.044922147832 -0.058043928921 0.02330477926 0.028523214878 -0.053677503076 
0.038894875276 0.030800358608 -0.05801552198 0.079638634219 0.081021364921 -0.2368778596 0.13315787907 -0.024954796235 -0.079921526494 
-0.18521967503 -0.048858081369 -0.1173095 0.033915882933 -0.064510210604 -0.035162761012 -0.048688233917 -0.047079470767 -0.06713820783 
-0.02104296325 -0.022715263079 -0.030908428705 -0.011525098539 -0.013263589557 -0.025588876516 -0.030869175506 0.0081510313952 -0.012398511029 
-8.7222120467e-12 4.5103254585e-12 -9.5291219058e-12 2.3200169938e-06 6.3597154393e-07 -8.5447209181e-06 5.0584855284e-07 6.919443207e-07 -4.7520093746e-06 
-1.2790256397e-17 4.3674859022e-17 -4.4994783167e-17 -6.6965980662e-14 -8.4849158321e-14 1.351757939e-11 0.037343568817 -0.036078340138 -0.055573078937 
-0.082481955453 0.0069121195498 -0.019800195076 -1.8230067761e-05 4.5095688861e-05 -1.8900700977e-05 2.7192816376e-05 -8.4562437296e-06 7.9829800106e-06 
0.068387335132 -0.01487087409 0.023751673663 0.0031977946931 -0.054313057815 -0.078384775708 0.027807999362 -0.012006145496 -0.012802190664 
-0.0056830997702 -0.026979784881 -0.03744204761 0.008467403616 0.011989974448 -0.031399098839 0.0093716552689 -0.003331931178 -0.023407793351 
0.0067029314912 0.0023490003982 0.01634209698 0.0027823542132 0.049478760402 -0.075038037549 0.0086011898426 0.011006928077 -0.027757425104 
6.8558863186e-10 1.4809040673e-09 1.0152261052e-10 -9.4724566663e-11 3.9812294736e-10 7.4388365629e-08 4.9842629174e-05 4.6897229303e-05 0.0013397961032 
0.024449777066 0.017812393895 -0.011008126517 0.026445008706 -0.017152681472 -0.070531166095 -0.058150387573 0.0019548821514 -0.026750890005 
-0.0011692300827 -0.018719320761 -0.049690013667 0.014519150605 -0.019094575468 -0.067106687525 0.022378573613 -0.025904725248 -0.076181101896 
0.023529130389 0.030511528038 -0.032365761994 -1.2857031744e-16 -1.0421080112e-16 -1.8038584136e-17 1.7382656844e-12 2.1640554414e-12 5.8748257517e-12 
0.014848740936 0.029511965543 -0.071915777603 0.097038237929 -0.00013490166805 -0.12938950197 -0.0078349516294 -0.007566817215 -0.050432232444 
-1.5497225434e-05 -1.7938700274e-05 -5.425209445e-05 0.016317210751 -0.010283574861 -0.024820175586 -0.020761630406 -0.031660530726 -0.071775495376 
0.0036024041222 -0.0090054658 -0.080015794378 -0.022152861294 0.023901745994 -0.052219872616 -0.0035367673973 -0.017990544781 -0.072285344766 
0.019918453842 0.0081470176762 -0.05054201698 0.030485117621 -0.041503173824 -0.066338292068 0.036434031737 -0.041021422986 -0.032187051021 
0.0078724139065 0.0064150131911 -0.027036234699 6.7561961317e-09 -1.0177463657e-08 -1.2524406835e-08 -1.4992254506e-09 2.6531945772e-09 3.3098963442e-09 
0.045414709407 0.025539951798 -0.083787827528 0.031119286762 0.024394702395 -0.10527460763 0.067396466053 0.070617972872 -0.12748186162 
0.0512080568 0.025491562619 -0.1118898977 -0.10208759151 0.042882344171 0.032174534776 -0.031442543561 0.020654417764 0.017131996995 
-0.0099553565911 -0.012283991447 -0.068759456761 -0.0096593436064 0.027253588546 -0.053402989905 -0.013472904025 -0.0092729575928 -0.020234282722 
-2.0113090967e-06 2.9199961156e-06 -1.2487713034e-05 -1.0883231876e-07 4.9692091921e-08 1.0035136207e-06 -3.2849878768e-06 2.6065502117e-06 9.1796835387e-06 
7.0589690303e-07 2.2789515062e-08 -5.0604443465e-07 3.6154902697e-07 -4.2632229785e-08 1.6623187594e-06 2.7076084844e-09 -4.3014785605e-11 -1.8218383118e-08 
-3.462713607e-10 1.5547094705e-10 -8.5763056437e-09 -0.016842020459 -0.0092309530786 -0.037251545273 0.11527425824 0.087982071649 -0.15716892646 
-0.099950213341 0.038940522887 0.11115143271 -0.063174163623 0.049020528033 -0.018569053467 -0.023501589836 0.06425186113 -0.016069592828 
0 0 -0.049045095 -0.024835152536 0.0084580339174 -0.091249459582 -0.013448798112 0.052525901562 -0.1195830776 
-0.0012066388927 0.019268445194 -0.04960088676 -0.00089450630338 0.025554101475 -0.074521827396 0.030931179813 0.0090990515311 -0.043234847008 
0.052218457595 0.0088270114472 -0.032215714029 0.088325418045 0.00038697574488 -0.06403130305 0.079400820117 0.016586864716 -0.027510087014 
0.020309539873 0.079610569826 -0.043168242515 -0.017050731001 0.044943201909 -0.039854946846 0.0019197896957 0.026954904881 -0.048642343772 
0.019163788748 0.042504443894 -0.026574253326 0.0094300966761 0.037125469958 -0.085497430206 -0.1355346156 0.11302182796 -0.23918992209 
-0.10459054751 -0.12669658227 -0.21748670432 0.023343809308 -0.10347883703 -0.044668721409 0.014484094155 -0.11149161767 -0.078870669731 
-0.00076799162912 -0.063591379751 -0.085952863798 -0.016076431272 -0.067631337521 -0.072132601149 -0.041203465089 0.0057870352941 -0.12194510085 
-0.04137326095 -0.063809476346 -0.062298111294 -0.019046673514 -0.0045404129788 -0.025907617654 0.037676884737 -0.010520244847 0.057059048524 
-0.025621500383 0.008039428663 -0.013768175245 -3.9111896206e-11 3.7056045039e-11 -1.6285012452e-10 9.9005416947e-11 -8.246608331e-11 3.1816033851e-10 
3.4082978305e-10 -2.6491961741e-10 -1.8835756089e-10 2.8404058814e-11 -1.4294871617e-10 -9.5040952914e-10 -2.4729285892e-17 -3.5136807895e-16 4.7112556097e-17 
-3.7301557232e-06 -2.0051912925e-06 -2.532051776e-06 8.4294863124e-07 6.1459422375e-07 -3.8578294251e-07 -0.002368530553 -0.013158282317 -0.038187420422 
0.0038214591606 -0.035261687671 -0.044810459174 -7.3994175626e-05 4.5506221279e-05 -0.00027802830216 -7.0799053616e-13 1.934293263e-12 4.7162952386e-10 
3.5010802238e-06 -4.9032838625e-05 -8.6942609975e-06 0.014102216138 -0.015684441406 -0.031034226525 0.014458585838 -0.014014905215 -0.022505688404 
-0.013531226259 0.0050711181402 -0.057663905776 0.030245790772 -0.02564166941 -0.058937700543 0.0046198956773 -0.018685576304 -0.067562672233 
4.9399185442e-07 5.1343721594e-07 -4.6091181466e-07 1.1227379822e-07 2.4128792525e-08 -2.1761512917e-06 0.084247448955 0.016094944597 -0.071371248677 
-0.013601902337 -0.0055125873932 -0.023898803996 1.8321413401e-06 -2.7688818623e-05 4.9039710434e-05 -8.3636196683e-07 1.4059184041e-05 5.011556777e-05 
3.711511687e-14 -3.4901053232e-13 -9.4102466861e-11 -0.045619647226 0.062861796363 -0.012536804069 0.019880416295 0.0029018254701 -0.067528722425 
0.01216563096 0.037535681819 -0.054302843683 -1.2382104036e-11 -3.8848019161e-11 -8.690024868e-11 -8.5305479661e-11 -4.0175796196e-10 -1.3369885978e-10 
-0.11619857955 -0.0094839636591 0.047804782236 -0.028721160288 0.056786210134 0.030074187189 -0.037343356094 -0.023800353755 -0.11252649656 
2.8796297721e-05 1.6868702494e-05 -6.4292674201e-05 3.2984486879e-10 3.0427399185e-10 -2.3283378191e-09 -0.0058176229322 -0.025827552553 -0.037160044439 
0.0027129578231 -0.029777236543 -0.047836789865 0.00080627796283 -0.045715982337 -0.015751677967 -0.010216522649 0.024680652127 -0.033344279084 
0.01711236664 0.061565107405 -0.040400279963 9.0087998849e-17 2.153438449e-16 -3.2767743668e-17 -8.6831751288e-16 -1.6329339434e-16 -1.0974720845e-16 
0.018654534946 0.019838629672 -0.055178877815 0.042235914101 0.02631664461 -0.090740922054 -0.037003381681 0.044872586989 -0.032881491708 
-6.8071217435e-09 -1.100849458e-09 -1.0725270931e-06 -5.6857570193e-06 -3.8466357752e-06 1.7546525745e-06 0.01709690361 -0.0056468626954 -0.062214604826 
-0.023750154188 0.0019054104405 -0.025666178904 1.4444560154e-18 1.0482629122e-16 1.0326257847e-17 3.319149839e-05 -2.4407045189e-05 -8.7820084304e-05 
1.8900447244 4.2163302677 0.52467986988 0.007308154521 -0.013947625043 -0.066031862466 0.10014399981 0.015277585455 -0.045046374952 
0.08657164122 -0.017859294631 -0.082229420993 0.054300729625 0.020647600802 -0.082461287318 0.010211255695 -0.0051010238735 -0.064150809386 
0.010089756086 0.039786252986 -0.046512490562 -0.051316522895 0.063878984365 -0.028456963858 -0.0072751235178 0.017498243939 -0.06490370821 
0.053030368017 0.071069239511 -0.1122965841 0.040992943146 0.069589707298 -0.055005966716 -0.089067517494 0.052750791717 -0.21323672555 
-0.012662423386 0.058126468605 -0.11403529183 0.017314200952 -0.044392958003 0.04580810624 0.032188159952 -0.088733254192 -0.017584753183 
0.040134738365 -0.066992423345 -0.10693584326 0.064520167319 -0.097759012496 -0.024597474945 0.082838143049 -0.09324531765 -0.1145176604 
-0.082183028506 -0.050686589415 -0.080113554041 -0.0062190852611 -0.038631530893 -0.020075833838 0.019469472472 -0.048132552443 -0.097505122929 
0.066953809543 -0.10196352851 -0.12743454707 0.0091353798797 -0.031036554072 -0.047324503148 -0.014561269048 -0.0017523439737 -0.046504292584 
-0.076234504758 0.034326624215 -0.032443267479 -0.012139164504 -0.046100224479 -0.02238914067 -0.0024254115361 -0.011772073895 -0.029928600427 
-4.2853781352e-10 3.44370828e-10 1.894452605e-09 -2.3073797645e-11 8.6836247982e-12 4.4775210846e-11 -1.1417270522e-07 1.8686167805e-07 8.6688520766e-07 
-4.6453880677e-07 -1.339916824e-07 -2.0844611461e-06 -2.8659445576e-07 -4.0976955823e-07 -3.9071308893e-06 9.0815565096e-09 1.5896737655e-07 -6.3366718879e-06 
0.042521699735 -0.066624412158 -0.072104210113 -0.021210365023 -0.014331084844 -0.096632685215 -0.0023350568597 -0.031972875018 -0.10319459025 
-4.4282638567e-10 6.4682027132e-10 3.4150330942e-07 -0.052748188918 0.072236518309 -0.095596831674 -0.0014743802637 0.022208317961 -0.041492003875 
-0.051829601388 -0.0017525026239 0.0023158104717 0.024422370369 -0.0022494883567 -0.051381317757 -0.032842111623 0.026191537625 -0.10621736941 
-5.9243447314e-07 -9.7688782913e-07 0.0019229744837 0.02017186802 0.015805948553 -0.036713142121 0.068732009638 -0.094890520927 -0.035081559479 
-0.11416941221 -0.069747492496 -0.036243749392 -0.07764926896 0.016345500568 -0.030264082821 -0.048464731463 -0.031692859193 0.032417472546 
-8.6331537279e-10 -5.5105657845e-09 -8.4563641603e-07 -0.00033410373396 0.042803871418 -0.024710471224 0.033345305308 0.036146093947 -0.072359965087 
0.029670659669 0.028746936456 -0.1100267186 -0.078243237338 -0.028220422695 -0.007902364032 0.010903752632 -0.053218043765 -0.048347960368 
-0.029649813356 0.015419084023 -0.015735915092 9.8626544358e-10 1.0458155308e-08 -2.0978403264e-05 0.023565735424 0.014835206903 -0.10421017655 
0.03084979232 -0.020602973175 8.5181247626e-05 0.12163437161 0.070008404603 -0.16495609562 -0.020387706239 0.0094222468529 -0.028544818845 
-1.7359590201e-08 7.3905147344e-10 6.4808317567e-07 -4.0657697558e-08 -7.5435010935e-08 4.4203028972e-05 1.6615476676e-08 -9.0981888999e-09 1.2315686607e-07 
-0.010014352535 -0.035980181136 -0.063707742856 -0.0066120386725 -0.03224640965 -0.054305125386 -0.0048150834266 -0.030507228089 -0.070080704797 
0.0045509483763 -0.057239469228 -0.072289453406 0.047355123114 -0.0063362654068 -0.07697211307 6.2538042776e-07 -1.7058523063e-06 -3.5924230676e-05 
-3.0500174336e-16 2.3640378008e-17 -3.1038865519e-17 0.084958667848 -0.026231516383 -0.088539438661 -0.035622082097 0.0069005351569 -0.062985253099 
-0.040272485816 -0.0068879025403 -0.018662696545 -6.5274831516e-08 -6.2000917131e-08 -2.6366022836e-08 1.0656518988e-07 4.2997016381e-08 -4.8301548202e-07 
5.2975824182e-06 5.1797902754e-06 1.8733927728e-05 -1.2208847069e-06 1.5811548758e-06 -3.9644982686e-06 4.7184877782e-07 -1.0836947823e-07 -2.3050828035e-06 
-3.9965575777e-07 -1.3253884391e-06 9.9617657008e-06 -3.3659209339e-15 -4.7470237281e-15 1.1159660375e-13 0.0063579817857 0.0202300944 -0.084420803271 
0.029117913882 0.042567642959 -0.066619867869 0.030116112706 0.018412912405 -0.063751372485 -0.0220929327 0.093311495788 -0.11930818144 
-0.017873097633 0.019874071455 -0.06478421548 0.017299807617 0.077544480536 -0.017970383439 0.0063611674614 0.048326746273 -0.048464739275 
-0.088848003268 0.10253058651 0.011961219145 -0.0076203585514 0.12170096468 -0.11223414665 0.011685217724 -0.13795648902 0.066052106102 
0.035729617128 -0.22810947826 -0.027986734564 -0.024510609158 -0.053042536303 -0.12987585321 -0.055995106054 0.024313076847 0.0048371892673 
-0.0037898649211 -0.063423199377 -0.096641197388 0.032297436642 -0.069102920738 -0.019759577583 -0.056411767367 -0.019568447156 -0.10455053694 
-0.0085861226539 -0.014991810607 -0.057134604626 0.02120934067 -0.01801222926 -0.042310955878 -0.030511264106 -0.016898505945 -0.11371598293 
-0.020883666454 -0.015084714353 -0.049552566419 -0.019066138206 0.017101306566 -0.046010444462 -0.00038776593545 -0.015808282365 -0.05814797895 
0.022528462823 -0.014478454896 -0.09269781862 -2.5278025561e-09 1.3019628673e-09 3.1057981093e-09 -1.1913980489e-06 4.3312427642e-07 5.0000711245e-06 
2.3287334405e-05 1.4810510255e-05 -9.3035555631e-05 1.5334526033e-06 2.2392344292e-07 1.6969253592e-06 -3.0358665809e-16 -2.3677166915e-16 -1.9422306473e-16 
0.057987452133 -0.043377870281 -0.13149040078 -0.044452090924 0.019703670736 -0.17235520818 -0.044303429296 -0.012687870519 -0.054894660494 
3.9395890039e-09 -1.0415715637e-09 1.2126449026e-07 8.4690751999e-14 -4.9715838105e-13 -1.0227836438e-10 -0.013716699102 -0.0080952674454 -0.046526680709 
-0.0057768466814 0.039347771077 -0.040323171503 0.03607148097 -0.024772375675 -0.041225326104 0.051271744904 -0.03938190844 -0.045475665423 
0.025829446682 0.013446586213 -0.068006710486 2.1816306272e-15 6.9478125097e-15 5.0446267728e-15 -4.7538440171e-16 -9.9970180067e-17 1.2005384628e-16 
-0.04642292314 0.076640254252 0.25194995477 0.074278900687 0.013409248505 -0.092009829799 -0.0050263729309 -0.037200318616 -0.093493269508 
-0.041643039813 0.039148358022 -0.093132087043 6.1214586627e-07 -1.003495953e-05 -0.0014488328149 -1.0089404411e-09 -5.0774774131e-09 -7.2796064252e-07 
0.013819859923 -0.04862520095 -0.017746417349 0.043943278554 -0.013767916771 -0.081155544766 -0.0036445880162 -0.0098958717297 -0.050122900027 
-0.021310575062 -0.0046541947087 -0.040763276257 -0.026378317874 -0.02966084823 -0.074540642457 -3.1397455222e-08 2.1631827356e-07 -9.6933123426e-07 
6.8922113706e-08 -4.2545469942e-07 -4.3465167168e-07 -0.061437379961 0.0075441367933 -0.047645297546 1.7251428094e-07 1.6067681162e-07 2.11158151e-06 
-0.0074231916959 -0.0078145887168 -0.045328853317 -0.0032403800126 -0.016376247847 -0.013888200669 0.0048419298905 0.051088658593 -0.0783840392 
0.012078429592 -0.033442370849 -0.041973110134 0.0090645793939 -0.043320549176 -0.021228808583 -2.2067262708e-16 -7.4696577074e-17 -9.730222352e-18 
-1.3276225025e-05 2.0199580809e-05 1.3408116997e-06 9.9774865982e-05 -0.00016338631865 -0.00047091267431 0.038004338116 -0.0033608694419 -0.077200961739 
-0.073218111293 0.02823228441 -0.064601905003 -3.3333263136e-08 6.0025568276e-09 -9.3704734204e-08 -0.016879952164 -0.033396526755 -0.042111843367 
1.1615901452e-05 3.6999198606e-06 -7.5183484343e-05 5.6512951913e-08 -4.5520026327e-08 -1.334037845e-05 7.360388698e-10 -3.0980153622e-10 -3.6496771566e-09 
-0.0068137018834 0.028811427629 -0.035929537238 -0.03695183527 -0.020787362116 -0.090216635082 0.081762558514 0.055065664503 -0.0916669337 
-0.087736206369 0.046265858703 0.022411993246 0 0 -0.049045095 -0.034643575272 0.016807126766 -0.12706985127 
-0.010194542185 0.035356518293 -0.031891501916 0.011693810547 0.049961877517 -0.036662240139 0.063719123102 0.12265203367 -0.1136083031 
-0.097180505565 0.06352934579 -0.16867700655 0.10778822672 0.10122871905 -0.094962429524 0.016206801322 -0.034423850716 -0.15996152947 
-0.048632885496 -0.079141910968 0.03255397695 -0.079112289375 -0.00059374940025 -0.16041569827 -0.08069497766 -0.065557998355 0.0094747101289 
0.020029026773 -0.10360798507 -0.062951864053 -0.03831231143 0.0027157923259 -0.04183034653 0.020913109253 -0.032520265338 -0.035440563498 
-0.0017519578815 -0.030931324901 -0.057213423861 0.017091494364 -0.023712640615 0.012846692259 -0.026558811101 -0.028493687978 -0.078610489525 
0.038929755406 -0.036762427218 -0.063030740182 0.10738110243 -0.062366146724 -0.027994998756 -0.081081783818 0.017504955075 -0.046416586815 
-0.0055308279436 -0.0059355159768 -0.036830886489 -0.011156657644 0.0048990071326 -0.061518984769 -0.0053170891809 -0.0039729626866 -0.070917133164 
-4.1117933147e-12 2.1885719174e-12 2.5126455088e-12 -1.6345402584e-06 -5.3451130723e-07 1.6566624088e-06 1.931377005e-10 1.5288482335e-11 4.264678744e-10 
1.2802943602e-10 1.6094809538e-10 2.6855396205e-09 -3.9359490791e-10 -3.6102417201e-10 2.2486127183e-10 -0.04400847381 0.015824320318 -0.023259477253 
8.9198949814e-06 -2.0822755643e-05 -3.3485962265e-05 -1.4154503686e-08 1.5093386019e-08 -1.2288168428e-07 2.6174022706e-06 7.6024227946e-06 1.724481194e-05 
0.051694686691 0.014598132309 -0.0066101338245 -0.02597184786 -0.0076127005352 -0.059448980607 -0.05659476557 0.023322389298 -0.044171828257 
0.033977151254 -0.0036832979295 -0.062728184505 0.024869360161 0.026137407563 -0.02853047248 3.7642965699e-16 8.7811118302e-17 5.3329602004e-17 
-5.9031653849e-17 9.4847978586e-17 -8.2252888076e-17 -0.10167684065 -0.014530289181 -0.021719280925 -3.0015589487e-11 2.0490191803e-09 2.2128557218e-06 
0.036400275366 -0.03007912847 -0.055110385029 0.050236517646 0.0012379314391 -0.037343320366 -0.019355141691 -0.039285940782 -0.038546277102 
-0.024291736274 -0.021253764393 -0.032176367684 -0.042618329485 0.013125480592 -0.0075590914477 -0.0061083315287 0.023861134146 -0.050968823418 
-3.3145007495e-09 -2.5356227131e-07 -4.0686903106e-08 0.031057204567 -0.038824205731 -0.1004408815 -5.400149235e-16 -4.6629047047e-16 9.9317889136e-19 
8.8704541539e-10 3.8885731936e-10 6.5576301155e-09 5.8130481621e-17 -1.8859136192e-16 2.0746276847e-17 -0.016932972876 -0.017389447863 -0.015665647723 
7.794730906e-05 -0.037435558098 -0.056227501687 0.041150019904 -0.013822060142 -0.026764618888 -0.05763774404 -0.030198514502 -0.047063544524 
-0.020337714645 0.036523506942 -0.02436841257 0.01674250784 0.029365396606 -0.029342331186 3.434645384e-16 9.2131384851e-17 -2.1789226169e-17 
-1.0391411818e-15 -4.3515476832e-16 -1.9753669407e-16 -0.11464179022 0.0036410372641 -0.006661667512 4.8603980747e-06 -3.788561792e-07 1.5532542948e-05 
2.4965973005e-06 1.0333011317e-06 -4.5140592606e-06 5.6806834746e-06 -4.2070254541e-06 7.0329693027e-06 -8.6190397712e-06 1.1845876842e-06 -2.1057006767e-05 
-1.7515962377e-05 -1.5759336647e-07 1.8602743697e-05 -1.312556739e-09 6.0965825304e-10 1.1775179875e-09 0.024933782489 -0.002619583003 -0.014485543158 
0.078462968342 0.067173594607 -0.046568358146 -0.096536754377 0.046488055686 -0.0029728495894 0.02783960961 0.035311499212 -0.058027378169 
-0.0038253326324 0.043773022027 -0.093163648857 0.076824462811 0.11075548093 -0.10834592816 -0.06692540907 0.091090165193 -0.088730974659 
0.073344225479 0.045437814824 -0.17067495637 -0.0038846308555 -0.0890996532 -0.13365559969 -0.029187346272 -0.019071546436 -0.17405124354 
-0.0042461331798 -0.055755531258 0.17805785322 -0.089301164524 -0.080255798517 -0.056856105035 0.018624380281 0.00045092495252 -0.016199056907 
0.062896540536 -0.025604206913 -0.1195043988 -0.027152278989 0.0042431449102 -0.090878960494 2.7928867827e-12 -1.3228540628e-12 -9.0706719641e-12 
-3.003358367e-14 6.931490611e-15 1.7752933523e-13 1.1338022733e-07 -7.8300470656e-08 -2.8403927846e-05 -7.1234986525e-13 1.8846803408e-13 9.5889131302e-13 
4.1707040479e-11 3.9583544388e-11 -5.0865026263e-11 6.0376629619e-09 5.8529033952e-09 1.3042121803e-07 -2.1500921808e-10 -4.6804356093e-11 -3.1705000272e-08 
0.083350512613 0.0085426378487 -0.036584417886 -0.077120845242 0.0077264803773 -0.10365694972 -0.020471759195 -0.014688215661 -0.029162593627 
-0.025430009589 0.0081456504023 -0.088002196043 7.6912465882e-07 1.6711187053e-07 -1.0348116949e-05 -1.0899225519e-05 4.5232852304e-05 0.002037392465 
0.0046831357169 0.0052476615567 -0.058745322279 0.069260997484 -0.006572950169 -0.025096311521 0.0012606476666 -0.018375163629 0.0067267590001 
0.0084599089073 0.024902126777 -0.05228767103 -0.0086821250733 0.014104684265 -0.036510998501 -0.0078756269169 -0.0065028545087 -0.033287837464 
-0.003361815174 -0.015203906734 -0.032461369939 6.963833525e-16 4.5900568472e-17 -4.0204429377e-20 0.02382531248 0.0097111581103 -0.036863949518 
0 0 -0.049045095 -9.7508007998e-10 -2.0504385036e-10 -4.3420218662e-09 0.012695401178 -0.059764433991 -0.037835757562 
-0.0089576317951 0.00800041739 -0.037853433677 -0.0035296884939 -0.013531188767 -0.035413616794 0.00026281449113 0.0003442397582 -0.035417817504 
0.021628429177 -0.02621811397 -0.021692890908 -0.021225639374 0.053735349413 -0.069242565094 -1.2280120328e-10 -7.1331992766e-08 -2.0348995156e-08 
1.7880370134e-07 -4.182092711e-07 -3.7800591295e-06 -0.014276734729 0.0061585510272 -0.04358335818 3.2206816824e-11 5.1162016286e-11 8.6874257047e-11 
-0.025749724739 -0.044409320193 -0.029202581882 -0.011692780038 -0.02865262437 -0.0082620592825 -0.021955504039 -0.011127022861 -0.02753092046 
-0.02091309923 0.031180622919 -0.025442134009 -0.006849736935 0.024549927919 -0.031496833465 -0.032010494348 0.017393394731 -0.04456068993 
0.01538088546 0.021784170806 -0.05100180196 -1.7298438527e-06 2.4022907892e-06 -3.0033242914e-07 -0.10249416907 0.013803103288 -0.082203385032 
3.4160629759e-06 -6.4834010466e-07 1.2292670902e-05 -3.647346802e-06 -2.8429707514e-06 -5.189754624e-06 1.9546183055e-07 1.9712222706e-08 -1.6134530745e-07 
-9.0993628766e-13 5.9378171909e-13 -3.5723963978e-10 -1.7703980253e-07 1.1542932169e-07 3.3159478299e-07 -3.3391293011e-15 1.0047504655e-15 3.9810097453e-15 
-0.020819595752 0.057639177895 -0.029310627431 0.023915278309 0.010317043731 -0.15579438698 -0.02712480819 0.051990625384 -0.02882945047 
0.038339166696 0.0078206408208 -0.12096030216 -0.018440312819 -0.084966583517 -0.1200333711 0.1226972663 -0.080176752335 0.19491171908 
0.0020126121696 -0.035811273378 -0.062049401344 0 0 -0.049045095 -0.022603565058 -3.6690444709e-05 -0.072981883739 
-0.012479304692 0.011153336116 -0.064840507716 1.4593806592e-07 -8.5127306987e-08 1.3516698851e-06 -9.5663709926e-08 1.0770256695e-08 3.854345721e-08 
-1.0884422133e-06 -2.7118727861e-07 -8.1551076809e-07 1.1274260861e-06 2.8981085152e-07 2.8596605505e-07 -2.9053913221e-07 1.0803117779e-07 -3.1722604854e-07 
-1.2039409374e-14 2.2258800623e-14 -1.697187512e-13 6.621325312e-06 0.0044252656062 -0.057086150628 -0.015746990843 -0.0041603639718 -0.074460400974 
0.017987013724 -0.018161997458 -0.055693653799 -0.028223591977 -0.044362563323 -0.051579236272 -0.023646756807 -0.00050786082105 -0.023148891172 
0.0092220899377 -0.012347595119 -0.08961005223 -8.3651868593e-09 1.6594039304e-07 2.7414541052e-06 -4.165214161e-13 4.2871423399e-11 1.0005796016e-10 
-1.5794111398e-08 -1.5909945434e-08 1.8295302974e-07 4.9329889808e-07 -5.3361897038e-06 -0.00048278783679 7.8456214603e-12 -3.7884256067e-11 2.1392180645e-10 
-1.176734434e-11 5.690227992e-11 -1.3977086797e-10 -0.0045260105051 -0.0055425076197 0.0016174316454 0.0017686048993 -0.028815258667 -0.017911526902 
0.0084668470944 -0.0097707981585 -0.013540634482 0.0053167171324 0.023559508759 -0.056802564799 -0.0094734437789 0.026817343528 -0.02835870696 
0.0071845544727 -0.051491187713 -0.012917958358 -3.4557118898e-07 6.8698846292e-07 -2.4287538542e-06 0.027105561944 -0.066025193306 -0.095716520671 
2.1978661812e-08 1.9441582017e-08 -5.7255251838e-06 0.0053280256418 -0.0067590249884 -0.012279768141 -0.0043976636564 0.011879606778 -0.040045101696 
-0.0062993515168 0.00099969754557 -0.014537104096 -0.036251471714 0.0041821838452 -0.020731279047 0.020608284961 -0.019215359998 -0.013511727153 
2.0735261002e-07 -9.848272306e-07 -6.4130778404e-07 3.9916490212e-13 4.593816716e-13 2.5916219829e-11 -1.5764028055e-06 2.3912545768e-06 3.0164601187e-06 
-2.7544415787e-11 -8.4640965812e-12 5.607602851e-10 -2.4264714824e-09 -2.0376749357e-09 2.0488409147e-09 4.6372943779e-09 3.5263674102e-09 -5.0992442782e-09 
2.378884997e-16 7.4851972133e-16 -3.7598798465e-17 1.7843098442e-06 -4.7116904567e-07 0.00025288652188 8.3980482538e-12 -3.6835333098e-12 1.9301370029e-11 
0.022876921185 0.0051163192666 -0.083211357503 0.092850968218 0.074438363732 -0.029919881249 0.068214204376 0.018414364153 -0.010872214879 
-0.058809358901 0.099402691306 -0.065584829495 -0.035923325807 0.080398337106 -0.1511927647 0.017367059878 0.099575721195 -0.030085088897 
-0.081241711302 -0.09178808551 -0.043521059261 -0.032750044801 -0.080908324413 -0.025120982888 0.015975097273 -0.076231886607 -0.025391211054 
-0.011167699673 -0.065509077223 -0.075223381949 0.029935337933 -0.01233782551 -0.065538877404 0.080947356988 -0.14387078565 -0.0090842522069 
-0.064245397337 -0.0043174373342 -0.18267311052 -0.081843756955 0.01102586598 -0.072227401357 1.9239912117e-06 -1.6415340498e-06 -6.0743924462e-05 
-2.1213849578e-07 1.0550156886e-07 -1.0040842666e-05 7.8646372605e-07 -6.1590180711e-07 -8.698719205e-05 1.9634598142e-07 -2.4012185554e-08 -2.3287403686e-07 
-9.6820491899e-05 -1.6864427632e-05 -0.00022837069246 -3.7910395227e-06 -6.437152931e-07 -8.1341546364e-06 -0.0055672571341 0.0084101381781 -0.012277534315 
-8.8714411095e-08 -9.702078178e-08 8.2908372274e-09 3.6509339594e-07 1.4098161059e-07 4.1973255248e-07 4.0719319165e-09 6.7950089103e-09 -4.3468806341e-08 
-1.403299506e-08 1.8546739424e-08 6.1814414238e-06 -1.5499077102e-05 4.0357662126e-06 0.00032138542166 2.158136678e-05 -1.058243513e-06 0.00012423689203 
0.017714473446 -0.0046729020978 -0.069809142333 0.031908975386 -0.018157274059 -0.025513427658 -0.010203380838 0.033275474267 -0.018875584073 
0.00029568386772 -0.025973581399 -0.035861739814 -0.0079597947151 -0.014300594909 -0.048242322897 -7.3284716707e-06 -1.0953502199e-05 -0.0051043668722 
-1.2960189826e-06 -3.8980284219e-06 0.0018486452057 -0.039661332027 -0.039139028632 -0.04305842715 -6.9199445148e-07 -8.0358019948e-06 -0.00049980889746 
0.0023620064766 -0.0010946954051 0.0098667715984 0.02358911697 -0.013997928131 -0.021647149882 -0.017412042836 0.0088886950299 -0.012449923983 
0.0038377835909 0.012103406372 -0.053894264788 -0.0017056273877 -0.00055706176274 -0.0039492253938 0.024910413802 0.03578191405 -0.041557269756 
-0.023664642597 0.0025303746927 -0.017314266251 -0.018421313697 -0.035431968457 -0.027095136178 -0.0091729195275 0.019394727739 -0.026705115713 
-2.6781315111e-16 -4.0902303121e-17 6.0290858691e-17 -6.4710348996e-10 -1.993534181e-09 6.7191781135e-09 0.031059632787 0.0031628794214 -0.15472311732 
-0.040566595373 0.018128138178 -0.10359395295 -1.1550896827e-16 -8.9113491172e-17 4.0933308325e-17 2.3618949536e-16 -4.2917522095e-16 6.2289343402e-17 
-2.8465438469e-07 -4.2439647988e-07 -1.1483304041e-05 0.0047447869962 0.01343071473 -0.05439758664 -0.015265860374 -0.050766082537 0.0038712660652 
-0.0037166014137 -0.00360040375 -0.0548706351 0.023890487686 0.02293801448 -0.049392311635 -0.0091304595938 0.010507846535 -0.066150056311 
-0.023907075872 -0.0085977632988 -0.021424366723 -3.6120897815e-12 6.5183402401e-12 6.5639568969e-12 -0.041652314835 0.002584341644 -0.082932436438 
-3.5367965641e-11 4.4723888624e-10 -7.2511272276e-09 -2.662627599e-10 -6.1420187166e-10 -5.509281242e-09 -9.2409595536e-05 2.2577401386e-05 0.0024469459582 
-1.044980713e-11 4.8731363901e-12 5.131859469e-12 -0.033981354364 0.018908841856 -0.20240458039 -0.058801682402 0.01964920613 -0.018934366338 
-0.018705445355 0.078241381347 -0.038954360363 0.028518122675 0.038638986052 -0.030426012414 -0.038470171136 0.091398223947 -0.14912285558 
0.021667258636 -0.11667879587 -0.066530253176 0.037308580217 -0.030372025803 -0.11605956231 0.094972854185 -0.10599660133 -0.027159034796 
-0.011186611476 -0.026966513223 -0.11871104452 0.090617021648 0.0042685593631 -0.048793134256 0.037210937719 -0.072194262166 0.19664511045 
-0.00045682996993 -0.00014574978908 0.00045606133642 -0.008278205688 -0.01215691635 -0.037531104819 -1.2178295427e-14 -7.4720001963e-15 3.4575771491e-12 
2.8706279137e-13 -4.5472321671e-14 1.6352643293e-13 5.8300612909e-06 6.6374110817e-07 -1.6208364229e-05 2.8718969605e-09 1.1253807555e-09 -3.763331992e-08 
4.2277365099e-08 4.541849821e-08 -1.0052381139e-07 0.037560640129 -0.034216885379 -0.041476410782 -0.10966549207 0.021339107588 -0.059718250988 
-0.07968661238 -0.0063434641875 -0.06105634704 2.2112014918e-05 -4.1774553728e-05 4.9902198337e-05 -3.1118162702e-06 -0.00012677644471 6.6313610998e-05 
-0.038108503343 0.026522785034 -0.034879414832 -0.013954797112 0.0021465316723 -0.031510367112 0.040079251647 0.014140028129 -0.040410044992 
0.094941672136 -0.00015412939097 -0.049840811362 0.027333584016 -0.00063937686129 -0.029137761335 9.7103255242e-17 9.2548045587e-17 -1.8285164717e-16 
1.803421125e-05 3.2998364204e-05 7.6884430437e-07 1.4605527877e-14 -5.4614609472e-15 5.1092950428e-12 -4.6962303143e-07 5.3248622633e-06 4.6777716867e-06 
-0.011356572974 0.035079851073 -0.0025914091085 0.0035880373583 0.0089977387343 -0.033583269487 0.042750918172 -0.0076068336213 -0.015885588734 
0.014638830754 0.025636833146 -0.010751699101 -0.0021896146448 -0.019967828837 -0.054459073266 -0.02777528516 -0.028584274678 -0.053708668252 
-4.2338209349e-08 4.8803915438e-07 -2.5350196049e-07 2.8974022564e-09 -1.9855977998e-08 -1.8082732508e-09 -3.6181183579e-07 -2.1518128363e-07 1.1254213716e-05 
8.6221066824e-07 8.6680928329e-07 8.8809992826e-06 -7.722659645e-09 -1.2412459384e-08 -2.603577454e-07 -0.0053391339187 -0.0070614122852 -0.035916959493 
0.009868509849 0.0067284587366 -0.023166922382 0.003540846427 -0.009456740624 -0.017259266048 0.00039918963581 0.020003473254 -0.024294084878 
0.022214244033 -0.020943742504 -0.032301964916 -0.035314108719 -0.0095305218189 0.0067694720107 -0.013974741243 0.0060145173329 -0.013957028602 
-0.017557959121 -0.016212112669 0.014354815171 -1.3460759598e-12 3.9109252818e-12 8.1484628744e-12 -1.2482338982e-09 1.6206100031e-09 7.5549183537e-09 
-4.3257553112e-10 6.405350887e-10 -1.0631182117e-09 0.0054696931876 0.017906020032 0.012064198336 3.6999856264e-13 1.6978438068e-12 -1.1179246844e-09 
9.5582289412e-08 1.2083162273e-08 4.2121548083e-09 -7.4740039605e-13 1.0713687516e-13 1.6992023167e-12 -3.8396610745e-12 3.1800956191e-12 2.3393058666e-11 
-5.2788498157e-12 3.9185404357e-12 -7.5035830395e-12 0 0 -0.049045095 -0.047610111304 0.025085821508 -0.044431046151 
-0.032847230344 0.014539935025 -0.081883252209 0.029076971997 0.019849881728 -0.010551746885 -0.080688463773 0.04844616271 -0.070314027897 
0.015814427092 0.035557947288 -0.090402081869 0.064017002025 0.073036990978 -0.13876222683 0.023881228817 0.098810062676 -0.087546659007 
0.011452404013 -0.03181741875 -0.20471886899 0.059803956768 -0.045934585067 -0.056523584165 -0.0096817808384 -0.05082813329 -0.079892698421 
-0.0095446623049 -0.014300119242 -0.018226009307 0 0 -0.049045095 0.022347408384 -0.01361873802 -0.036932158883 
-0.037578531305 -0.0041181713441 -0.057005818963 0 0 -0.049045095 -3.0534413718e-14 -3.7994464397e-15 -1.2690651186e-13 
4.3798568503e-10 -1.2224310845e-11 -5.4101798407e-10 1.2548741812e-09 7.5789614799e-10 -4.6083636828e-10 1.2991242881e-10 7.5079539211e-11 1.3339692827e-09 
0.031114140093 0.0049589460839 -0.015531995701 -3.8774568498e-05 -7.5276161073e-05 7.2105632117e-05 0.52073933715 0.13157543928 -0.0002162260605 
-0.014887783119 0.0054423503391 -0.030254857816 -0.011436213624 -0.0091990276511 -0.030059697118 0.016028355449 0.019559392847 0.0048892627664 
0.022222962535 0.014980117985 -0.025154094285 -0.0093488767146 -0.013896044695 -0.038423045132 0.0036150073331 -0.0071220834763 -0.034660259062 
-0.0017332303013 -0.010573092447 -0.018306974142 -0.016942140958 -0.014801361787 -0.0079806635717 -0.012962078214 -0.001492049113 -0.04507597538 
1.9957969637e-06 6.6171102345e-06 -2.444150312e-05 -1.2424824865e-16 4.4796657048e-17 4.1862228354e-18 -1.8541319191e-16 1.3165259004e-16 -1.1438549362e-16 
0.047694631315 0.021893016742 -0.053278382129 -0.091916811644 0.032411645505 -0.0025788824382 -0.064587403377 0.018074115073 -0.026450850768 
1.2033723409e-06 -1.8204759854e-06 9.6697256226e-06 0.022493138215 -0.0043031259598 -0.022681944963 -0.019203172742 -0.014604610395 -0.026161268194 
0.0096010008897 0.021816249729 -0.013278093016 0.0069985601663 0.0077061293528 -0.06231725422 0.0014067246675 -0.013474784585 0.0022069425843 
-0.0071925170513 0.0011039209641 -0.048161195157 -0.056967727882 0.010793673198 -0.010448176531 0.0010490257291 -0.015973724437 -0.032168126227 
-0.013644221018 0.0042654427744 -0.050150593041 -2.7213897117e-16 -1.9335127703e-16 8.1534357074e-18 -1.7412360033e-08 -1.0366275575e-07 1.5346729392e-07 
0.003217395663 -0.026580747816 -0.0071027787721 -0.015898813231 0.051864452142 -0.042930001398 -1.0528325752e-06 -3.9023423032e-06 1.4001165688e-05 
-3.7668230316e-10 -4.2038952788e-10 -2.054844962e-07 0.013266656739 0.021859797329 -0.0091013913065 0.029575352245 -0.00065320202845 -0.029911388629 
0.0035250884052 -0.013325061398 -0.015736146389 -0.0024819500113 -0.002947820042 -0.022385028419 0.048496158801 0.0048168022225 -0.00044218546108 
0.017912246057 -0.0016248616061 -0.02119974223 7.8685548155e-10 -6.0525458459e-10 7.1073287151e-09 2.6230462408e-09 -4.5400167742e-09 -2.833693936e-09 
-5.3668747895e-06 -3.3552655481e-06 2.0204841727e-05 7.8743120075e-07 4.8624405281e-07 9.1783994636e-06 -9.5405861999e-13 -2.0439981958e-13 -1.7570128974e-10 
4.5326448842e-06 2.8832987548e-06 -2.2652794347e-06 -4.5860760975e-05 9.704546612e-06 -6.1834954992e-06 0.00014863455464 -3.9839629055e-05 -0.00037664891615 
-3.9000311883e-10 4.0993792659e-10 5.1688254792e-10 -2.4700111299e-09 1.0187343216e-09 -3.4648117835e-10 0.0071434797734 0.0002178207144 -0.062732226352 
0.070276029048 0.017730466699 -0.12360072779 0.24232894927 -0.073492948968 -0.0039942838919 0.013711096716 -0.022082848303 -0.05328619765 
0.038927719151 0.091793480113 -0.048211774239 0.026750665565 0.02889822288 -0.072364919989 0.022235872896 0.062247306494 -0.064389716631 
0.046879558396 -0.11049213948 -0.037397083546 -0.10798890418 -0.027366481057 -0.0047722474954 -0.052766377203 -0.02664508352 -0.080957487427 
-0.0015790239401 0.0025314706648 -0.054239850778 -0.0050412341473 -0.0046419873006 -0.021856911311 -0.015204012126 -0.0076590552622 -0.047538322504 
0.041833482957 -0.01501624542 0.003715120797 0.020061581784 -0.053114469541 -0.046886312848 -0.068961615828 -0.02110715062 -0.11392016283 
1.1416171374e-07 -9.8217948616e-08 2.0745443106e-06 4.6833288999e-11 -1.7871121117e-11 5.448060587e-10 1.4386087237e-06 2.7058943728e-07 -4.1613487732e-07 
1.6972417594e-16 -4.2768105604e-16 -1.5045471275e-16 -2.7532226609e-06 -3.6576684273e-07 -5.6089396703e-06 0.025361792176 0.0022178759834 0.012153309803 
-2.7467933982e-06 -2.7387675899e-06 1.1031559654e-06 3.0225096625e-07 -1.1161712233e-07 -2.2238072663e-06 7.171591535e-07 -2.7268238515e-06 -1.5336179762e-05 
0.0058156320021 -0.010563957174 -0.046545702689 0.00220614833 0.0017107307704 -0.043264387953 0.016500235603 -0.0025630521164 -0.059819957011 
-0.077381871704 -0.031035252891 -0.14051196325 0 0 -0.049045095 2.0357920786e-09 -5.5204343458e-09 9.0239492512e-09 
-2.4755098562e-10 1.0756565939e-09 1.5265995852e-09 -0.0077044251865 -0.0087532753613 -0.024075459587 -0.0022432426325 0.0068584117034 -0.014046473323 
0.0040338239727 -0.0020998396745 -0.024412551559 -0.0064084387912 0.013120773068 -0.020965200435 0.0013046161168 0.0014384403908 -0.023403528852 
-0.0022551644464 0.012382605967 -0.037953798927 0.018170579236 -0.0036319868942 -0.044758827859 -0.012679262352 -0.00155655819 -0.038833055761 
-0.0015766731205 0.002151749666 -0.019240164073 6.0981313853e-06 9.9565045422e-06 -1.631195065e-05 0 0 -0.049045095 
1.2068403721e-07 2.868076954e-06 -2.4442155445e-06 0.0079457300535 0.012389649327 -0.028691079313 -0.012451541473 0.010727134624 -0.040209299697 
-0.023111034241 -0.003514145633 -0.028089382954 -0.0033730674336 -0.016320733166 -0.026137489478 -0.00013729624478 0.0041705119217 -0.049400233947 
-0.015335924157 -0.00042228334377 -0.023157547027 0.020581632912 0.011575198338 0.0018340937569 -0.0010403790526 0.027950788424 -0.029016427461 
-4.9156530259e-17 -1.700163323e-16 -1.5227708715e-19 0.052132382874 -0.053631528015 -0.031719448866 -0.079505370928 -0.013957917423 -0.075935321436 
0 0 -0.049045095 -1.8121484679e-09 -1.5349556669e-09 -7.5292879231e-09 -3.0844430731e-16 4.6356782386e-16 -2.1435555487e-18 
-0.014901321583 0.0032582754113 -0.013927304066 -0.00069892352689 -0.0030399361369 -0.036580266498 -0.018032264594 -0.012443682398 -0.028680258356 
0.0085097038104 0.010560327037 -0.025790004459 0.027858622223 0.012359786003 -0.01753575102 -0.013343808516 -0.0034461166181 -0.023818442444 
-0.00034214012746 -0.010585309232 -0.042410536894 0.01484150657 -0.0090280565813 -0.016133862267 0.012028427547 -0.0018113133126 -0.027392421345 
-3.1178232779e-14 3.1074359792e-14 1.2738670538e-14 -1.6754466456e-14 3.5705394005e-14 -1.5875044157e-14 0.0099395426707 -0.030330769365 0.02905215248 
-0.027538355621 -0.020488163234 -0.066052002936 2.2021241676e-09 2.1716078199e-09 4.5344125649e-09 -5.6049462839e-14 -3.497577629e-14 1.9449451705e-12 
-0.0040159920021 0.0059450134448 -0.019864956818 1.6367021277e-13 -2.4251036818e-14 -1.4375240034e-13 -4.7790165549e-05 3.2261540899e-05 -0.00030900262701 
0.00011491405195 0.00013716551932 -0.00048854192577 8.9468806507e-08 -9.8503639196e-08 2.0320413537e-06 -0.004605723205 0.025129513199 -0.055032652067 
0.049813661637 -0.017209633042 -0.071874505496 -0.066831732089 0.049355327457 0.013540646237 -0.038025487316 0.011612538587 -0.048556801363 
0.0066684131595 0.1423924853 -0.021327857199 -0.024320833512 0.017108166449 -0.11970727954 0.033356320628 0.034286726501 -0.029543323589 
0.017317792553 0.058714407181 -0.04087606039 0.094385591675 0.086290304596 -0.018610650234 -0.12699598094 0.11108431151 -0.085358448411 
0.019638647993 0.13310497684 -0.0085490060099 0.048450314878 0.10120382784 -0.010963882388 0.0068613888303 0.11411210476 -0.047656885674 
0.039663527526 -0.063972867331 -0.066075867938 -0.021485195933 -0.049532314515 -0.057011022852 -0.010560611545 -0.034800509148 -0.058439581068 
0.025139136046 -0.098087945639 0.00083436407206 -0.067453597263 -0.038956877049 -0.094709747718 0.00027923662849 -0.0043475446501 -0.049299089059 
0 0 -0.049045095 -0.011530513171 -0.020288147594 -0.042997260044 0.042592803305 -0.01695501379 -0.071924761509 
-0.083982488722 -0.03789886984 0.053042016621 -0.034743345269 -0.043608794595 -0.10002755475 -0.010678568427 -0.014020590211 -0.032664419515 
-0.0088873048052 0.0017188702915 -0.046947604643 -1.2183625346e-08 7.3629064142e-09 1.0980035914e-09 1.5441564057e-07 -7.3219543796e-08 -1.7271208042e-07 
-1.5945624747e-11 7.3070279192e-12 9.0302932193e-11 9.416259658e-11 -5.0382073342e-12 -7.1381229286e-09 -0.0030419699598 -0.0030693190924 -0.029704058933 
1.556698185e-06 3.9520234883e-06 -9.6798134966e-06 -0.015834184411 -0.0058076333463 -0.0078332066897 5.4324812254e-09 -3.8953329012e-09 -2.445464763e-08 
0.0028008257919 0.0086838287988 -0.033098338085 0.0025397062363 0.010631008381 -0.025959166453 -0.00069947434324 0.0011719715497 -0.026390205699 
0.0079560826797 0.0024488014941 -0.022188522195 0.0013899257391 0.0041960669993 -0.033058153201 0.01145120184 -0.0087041282413 -0.032619069568 
0.010671082825 -0.01867414962 -0.011261962345 0.009450847076 0.0075298441091 -0.036734016999 -0.0098730536888 -0.0067986439912 0.0036670796986 
1.7954687881e-05 -0.0098916218128 -0.045421484293 -0.00036162295372 0.0062829922991 -0.025629644017 -1.0438701925e-06 -8.7307336012e-07 1.3468046103e-05 
-6.7978286639e-11 -1.1785898002e-10 -1.4097419166e-10 -0.092095902563 0.056893664952 -0.024483601475 -0.017299718273 0.030703440761 -0.024653591834 
6.7304386303e-07 4.8760852357e-06 0.0010966531589 -0.00029512311938 5.0689373716e-06 -0.00012242220355 0.009017282614 0.0039221596749 -0.023020399813 
0.0015699081359 0.020219452014 -0.01333117179 0.0049767727946 0.007678139374 -0.019888421717 0.016389102307 -0.0045241060966 -0.036108079631 
-0.003274196398 0.019522704364 -0.028698048602 -0.0022857459062 0.0064816354633 -0.048323886469 -0.015571351178 0.0075080050354 0.0084922197544 
0.0069773797165 0.011937313672 -0.043468347511 0.0021721360553 0.0042335786799 -0.016408462312 2.2471440427e-13 1.2180951751e-12 -6.0560433548e-12 
4.2218903016e-06 5.8502212111e-06 1.3902692608e-05 5.9770939243e-17 5.1399097125e-18 5.5400876257e-20 2.6832994885e-17 1.3325442534e-17 -2.2165665583e-19 
7.7540030153e-11 1.1231891036e-10 9.4059182447e-10 -9.2105938529e-11 -1.7122384648e-10 5.7061203655e-09 -0.023575722668 0.006608594139 -0.03959181554 
0.011300696914 -0.0033841805411 -0.024039711592 0.0041950343329 -0.0056210964932 -0.027133087138 0.00022220892441 -0.0010272238327 -0.023672276921 
0.0091950723291 0.028472042585 0.018874898516 0.0044095649867 -0.013577954306 -0.052840113153 -0.01260304638 0.00014092999612 -0.014346603941 
0.0057633350223 -0.0046457888294 -0.024510572777 -0.02197810277 0.0025600071198 -0.022216076773 -0.0099147164901 -0.0088175470307 -0.012472011831 
8.7869606136e-06 -1.3377908523e-05 1.6819357041e-05 0.00957101131 -0.03099328508 -0.11242451904 -0.11496654116 0.027745108045 -0.026748012038 
-4.4828072804e-05 -3.079490819e-05 -4.7396517504e-06 1.6131752602e-05 1.4567980677e-05 0.00020193066429 0.0046008150302 0.010696937725 -0.032770163288 
-0.013699610347 -0.010657349929 -0.011999811366 0.00022205320509 0.00030486507041 -0.00051411068198 -0.0082250361301 0.0054278031071 -0.015634229063 
7.3227055886e-17 3.7438418354e-16 -5.8464703527e-18 6.5307665815e-17 -1.7963753691e-17 9.8650375273e-19 0.10258892643 0.081299557099 -0.068784491256 
-0.021787515833 0.011791030354 -0.037907056462 0.0054398929321 0.0070192930816 -0.044711614975 -0.0058311869457 0.0066276243829 -0.03918248915 
0 0 -0.049045095 0.022818374024 0.090982346476 -0.046223643259 -0.02359165583 0.098325732082 -0.082555618854 
0.0020904845588 0.034790953015 -0.014766965986 -0.096176833386 0.095531539747 -0.15035974063 0.033025436278 0.10066859157 -0.040055088691 
0.02640740902 0.029610890675 -0.11013615253 -0.069457528401 -0.1286814147 -0.084443901174 0.00044335316882 -0.0084209972562 -0.045463750119 
-0.013423317537 0.0025484362383 -0.04494119332 0 0 -0.049045095 0.00093673602635 0.0015955088268 -0.058161173896 
0.0039960175672 -0.028670279049 -0.05578350192 0.055317320595 -0.028923707822 -0.083298551871 -1.3317678795e-06 1.1385234793e-05 4.3689303392e-05 
0.00021236075738 3.1890695928e-05 0.0001104969165 0.00012626075009 3.5525016214e-05 -3.6269448153e-05 2.3017429572e-05 4.0577451435e-06 8.7248659936e-05 
0.0012383615722 0.0016526601522 0.0004561428019 -0.0023489589633 0.0096213642694 -0.0076909958043 -1.5861341111e-09 -1.4500732015e-09 1.4627173706e-09 
8.2319955297e-09 8.6924140606e-09 4.3872494702e-09 0.017848438088 0.01339591336 -0.016932793331 2.9366383626e-07 2.5730579023e-07 -2.4402715969e-06 
1.1560174259e-07 -3.0593966914e-07 1.0511701802e-06 -1.0029237218e-07 3.8345895587e-08 -1.3167837832e-06 0.0038844957294 -0.0016704413169 -0.030418084745 
-0.0014101232698 -0.0050255171467 -0.026911066655 0.0090734097444 -0.00050155579777 -0.034590730214 0.0041243088516 -0.01103855155 -0.017615905852 
-0.0048086613965 0.00090771776634 -0.040098337209 0.0043401286236 -0.0085788070188 -0.029802190625 0.010894489264 0.0020910343074 -0.029851648931 
-0.005638539111 -0.016375147719 -0.033527052212 0.0093970612725 -0.0040345331205 -0.039577639249 0.0039009825321 -0.023591945646 -0.016006160325 
0.0079356544867 0.0086650229237 -0.029925530235 0.0024037577132 0.00025672825939 -0.043389854791 0 0 -0.049045095 
0.012342898061 -0.0025352841279 -0.033978943659 0.051370115789 0.0045410827902 -0.10431205598 -0.018236771076 0.027735942264 -0.12318829661 
-2.1197047092e-07 -9.0834622283e-07 -6.6663654291e-07 0.010505196644 -0.0095570392925 -0.028048933745 2.2461608992e-06 -0.0018721342731 -0.0246933971 
0.0010703341191 -0.00050616071563 -0.041161380644 0.00037442309735 -0.0025759134154 -0.039411933514 0.0070872879557 0.0037084109826 -0.0470745769 
0.009737099301 0.013980576877 -0.03489516924 0.015965820523 0.0043176240507 -0.034377364171 0.0011122086845 -0.00068587677706 -0.039165005428 
-0.0046815210128 0.0015120502245 -0.046977400382 0.0093959902619 -0.006727335242 -0.043707573701 -0.0001534177774 -0.0078208663741 -0.01181391345 
-0.0012539989956 0.0015763358152 -0.032003816107 -0.004643931391 -0.0045230721156 -0.029314915138 -0.00051013433625 -0.016592254518 -0.0026139121662 
4.4214457935e-06 7.083170187e-07 1.3379292354e-05 -1.3156039974e-07 -4.269661536e-06 -3.1840876279e-06 0.053258071346 0.014341700509 0.04056370133 
-5.6940581343e-08 -1.0106565069e-07 -2.4201450228e-05 0.0025387754107 0.0053764069034 -0.026133649354 -0.0090712813604 -0.00077939589867 -0.030618833136 
0.0055336218595 -0.023377459154 -0.013887552309 -0.0069854611669 -0.006440346929 -0.039729981085 0.0037609989099 -0.0084465586564 -0.020633971688 
0.017530308041 0.0013471838411 -0.04782259842 -0.0017089379486 0.00087080708659 -0.033726192147 0.011678430911 0.0061400344118 -0.037805926222 
0.0029959983535 -0.008880544532 -0.031188939733 -0.0043549750836 0.012400786883 -0.023273075957 0.0025525026848 0.0055325718226 -0.027024249901 
0.015867842519 -0.0059281954037 -0.028048313937 -1.3017100343e-06 1.9294951488e-06 -7.4147603465e-06 -2.1010516905e-06 3.1500531485e-06 6.2358723848e-06 
-2.430224278e-06 -2.6528349805e-06 -4.4099977931e-06 2.3455378032e-05 1.2938169845e-05 -5.4958819297e-05 0.0018055419147 -0.0050837294782 -0.022004329105 
0.00014471762622 -0.00015249894266 -0.00013215082045 -0.00021525958974 -0.00034089592483 0.00056477053448 0.00034790717362 -0.0073931604973 -0.026427615705 
0.00014567475709 -0.00015399441938 -0.00033635039904 1.3296110724e-05 2.2040698838e-05 2.9059106385e-05 3.6901478917e-07 -1.6595947736e-06 -2.4595019674e-05 
0.0042243660195 -0.0080878817532 -0.046988686786 0.057409990866 0.039822961837 -0.016280508886 0 0 -0.049045095 
0 0 -0.049045095 -0.0081445672825 0.023344188545 -0.020973460041 0.039645337494 0.035448146068 0.010647948579 
0.0074088477171 0.016157163718 -0.15984145531 0.044857282319 0.090915977937 0.01201375523 0.042586583899 0.057267480483 -0.045488248255 
0.041689054777 0.057145794748 -0.13282190973 0.1467884265 0.2446282775 0.069352917869 -0.0016206875344 -0.074429093791 -0.10289034755 
-0.0074046187726 -0.0075054773771 -0.045015876932 -0.0039870394619 -0.0090548205334 -0.047837591618 -0.0018160325778 -0.019775594513 -0.043201413944 
0.076071111332 -0.053577986886 -0.056765518875 1.1107823181e-05 9.5339764733e-06 -4.913988914e-05 -4.4232974056e-05 -8.6949565962e-06 6.238226175e-05 
0.0058509817782 0.0050241835861 -0.02562511328 -2.4436524853e-09 -2.6593712555e-09 -5.7941674928e-08 -3.1077012345e-08 -3.0841286186e-08 -9.9684507293e-09 
-0.0056890924225 0.002980869673 -0.01406898637 0.065667750948 0.0009617267725 -0.058358622817 -1.8038296911e-07 -3.3870688558e-07 2.6553434365e-06 
1.2412593671e-05 -2.6058108527e-05 2.4187227838e-06 2.9412741353e-08 -4.3624689816e-08 0.000133434281 0.0074982040992 0.0057264124793 -0.01498604791 
0.0021475992711 0.0054443413462 -0.021682788205 0.0019680845018 0.0047472012846 -0.0215502532 -0.0023635199449 0.0047687395681 -0.033508350352 
0.0091259591959 0.0069150234527 -0.035247220131 -0.0022333627672 -0.0023019375726 -0.029779613596 0.0021456003627 -0.0023761225196 -0.030466199538 
0.011412523419 0.0040082916435 -0.042072476965 0.0098440700089 0.00033663398626 -0.023754180524 -0.00011943695629 -0.0045154063921 -0.033405478362 
0.0061576670984 -0.00095134751051 -0.033253116994 4.6843155667e-08 2.6376944013e-07 -3.2761996873e-08 -1.1906504605e-13 -7.9546433897e-14 -1.6708293146e-13 
-9.491802949e-05 6.3213933394e-05 4.4021208551e-05 0.055814963584 0.024714437433 -0.12694923829 0.0096030440101 0.0045714913198 -0.014036483949 
1.2901781334e-07 1.4692894945e-06 -5.1785978043e-06 0.010970360852 -0.010293475151 -0.009448324347 0.0034950778037 -0.0015086509781 -0.01845114464 
0.0031025044784 0.0083650271651 -0.039588635403 0.0024237532005 0.010260052814 -0.038968930583 0.0044274928867 0.0049962968835 -0.030333918922 
0.002267094056 -0.0066744807434 -0.035749759251 0.0061872589909 -0.0054556645512 -0.027651224836 0.002234839953 0.0086102235844 -0.029600612328 
0.0044055152587 0.0079093077473 -0.039264764384 -0.0038007780952 0.0040394526179 -0.033614647152 0.0051872731194 -0.001711268864 -0.036077982763 
0.00025701567314 -4.9898897697e-05 -0.035110404786 -0.0012061365418 2.1301884521e-05 -0.037984563972 -0.014326153281 0.0072236101716 -0.011748483803 
7.1899651144e-07 -8.523108697e-07 -1.2293718541e-06 -0.010573118119 0.011589284093 -0.0093507395626 0.068648220102 0.0034991763407 -0.045567556137 
4.3637448027e-06 6.9255423895e-06 -1.4484895971e-05 1.6708666344e-07 1.3488967543e-06 -5.3421322434e-06 -8.4950786243e-06 1.9187885755e-06 -2.0172715428e-06 
-0.0047641850963 0.0095764513034 -0.023244736318 -0.0052888040302 0.0067639280252 -0.042259250114 0.0006471239822 0.0072150592062 -0.023988392967 
0.010050262507 0.0053769296708 -0.039903283115 0.010393592084 0.0055947531031 -0.033580591126 -0.0047762457485 0.0072616833274 -0.03893094466 
0.005233366657 -0.007174236968 -0.022736480335 0.0051980622024 -0.00079102765994 -0.019695289005 3.4333878691e-06 -2.7653254532e-06 -3.4959637744e-06 
0.00025704046798 0.05764320336 -0.044490870662 0.022100621733 0.041727766539 -0.14306738336 -0.062186080117 -0.039425859725 -0.010993055053 
-0.10017572789 0.0049653922326 -0.025392276271 8.9731328193e-06 3.1126791708e-06 -2.0752411023e-05 -9.382353891e-07 6.1240168579e-07 -3.7693765274e-05 
-0.0060008771077 -0.0010789994736 -0.020637415447 -0.0038764589294 -0.0072264712307 -0.0061482777714 4.1242325419e-11 3.6969798384e-12 8.4303736708e-11 
-2.4546779916e-11 -3.5507982019e-12 4.1071572735e-11 3.1171200226e-10 2.7355264255e-11 7.0693886711e-08 0.0072546722709 0.006363038128 -0.015215571457 
3.5525950777e-09 -3.4935505376e-09 -1.5249846454e-08 0.02126335675 0.0071472719863 -0.023476673298 -0.083921128911 0.062408493337 -0.013464151022 
-0.072216451406 0.06109930334 0.011948359168 -0.032670067361 -0.00288915561 -0.23647367126 -0.0043564880679 0.010097221782 -0.037556287606 
-0.00063302167153 0.0011780559773 -0.058054559526 0.0080355487188 -0.00046781939924 -0.051870727275 0.042364793861 0.046050580869 -0.0074377828797 
0.10580003481 0.043292459019 -0.095225661637 0.12745229014 0.1082506538 -0.11404298398 -0.02877388695 0.050660673902 -0.11999178795 
-0.043444281198 0.1067244882 -0.12941327812 -0.016210493379 -0.10106909757 -0.046271485025 0.11909089659 -0.068727770468 -0.030466062912 
0.082955076766 -0.10644966859 -0.032005230912 0.048992709522 -0.02570481877 -0.15414508025 -0.077440791776 -0.082396201072 -0.72584629003 
-0.077899257137 -0.047456403663 -0.060663229375 0.015065482956 -0.11073533568 -0.020776923763 -0.063901437365 0.013999837033 -0.021315222724 
3.0253747616e-06 -1.6938937987e-06 -1.5704862091e-05 5.3774166428e-05 1.3529101267e-06 9.6042300185e-05 -0.0001158795938 0.00014313108672 0.00021560718476 
-0.0021147004195 0.0046526367057 -0.025614170708 0.0015822041718 -0.0076177460721 -0.02838945648 2.6931220438e-06 -7.4431123816e-07 -1.1744656405e-06 
5.3012751653e-10 3.07798716e-11 6.6666511016e-07 -0.039050497724 -0.071480523328 -0.0064645719434 -0.011641549229 -0.019158733358 -0.086079791599 
1.4012253227e-11 -1.3041353579e-11 -1.2691388699e-09 -5.0077325541e-06 4.603935313e-06 -7.268036101e-06 1.0039127261e-06 -4.3199696719e-06 3.6626490929e-05 
-3.5871071566e-06 5.310125079e-06 0.0016731742905 0.0039543589352 -0.002236572736 -0.027293488332 0.0093206547482 0.0020343639667 -0.027106151088 
0.0061464730544 -0.0028818498734 -0.030314826635 0.0011913975332 0.0074790157174 -0.036065370499 0.00055320394073 -0.0030680116431 -0.03347045261 
0.0042713451771 0.0025474053172 -0.028948133422 -0.0043434238227 -0.0039435483743 -0.032003520966 -0.0064529696983 -0.0044083892911 -0.026954171619 
-0.001531125133 0.013433693727 -0.022203529982 0.00090397734813 0.0047331231522 -0.022887434232 0.0022059097885 0.0052408226249 -0.034576087971 
3.0018509866e-07 -9.9460247952e-08 -9.82218655e-06 3.5005627992e-05 5.1528237723e-06 1.3686268789e-05 0.0068250876572 0.0017351619657 -0.018175919584 
-0.00016208467546 0.000999406584 -0.039233708691 0.0053708206502 0.006315769422 -0.015199008111 -0.010424989777 0.0045262159671 -0.036369719812 
0.009913579931 -0.009364283938 -0.02620999942 -0.0017702135158 0.00095145501842 -0.034087958909 -0.0052578523803 -0.0021886245401 -0.03049256761 
-0.0061027319424 0.001248537986 -0.037746861739 0.0016420138274 0.0064718785601 -0.036003099435 0.0022040248177 0.00074054230689 -0.037581217172 
-0.0023925952674 0.00092571594352 -0.029648092237 -0.0094467505353 -0.0072055660827 -0.041412385467 0.0048878947655 -0.0090310858634 -0.035169200593 
0.0016114871642 0.0091007196794 -0.033498649369 0.0095129751359 -0.0022171756207 -0.027666115542 7.3819558914e-10 -3.078929773e-09 2.1677778026e-07 
9.1302208398e-08 -2.3897368842e-07 6.8808340291e-07 9.0964004944e-09 8.8957296515e-09 -1.8031177374e-05 4.6264305138e-06 -1.1955718069e-06 -2.0487007041e-06 
-2.7955277884e-07 -1.0416579405e-06 7.4575629598e-07 -0.010506208285 0.0050695448869 -0.014301555808 -0.0094037947094 -0.011317369581 -0.030861561079 
-0.0040586222669 0.0029140440622 -0.026340386206 0.0013697897147 0.0045398034799 -0.035109592748 -0.00020527834104 -0.0066072221853 -0.032104572148 
-0.0047913741953 -0.0004853000215 -0.020383994559 -0.013875874957 -0.0084311217998 -0.023434067678 -0.0013563373858 0.00091414415359 -0.023463837716 
-0.0011356708796 -0.0085587017358 -0.026747471524 0.0094392877339 -0.0077006488783 -0.030565984321 -1.2753986325e-05 1.2913541471e-05 0.00015749367238 
-2.7610345701e-06 2.7668130414e-05 -0.0010333379747 -1.4894401128e-05 -5.1468880553e-06 -1.5439503716e-05 1.6077881576e-06 1.0476429746e-05 2.5875135878e-05 
-6.3404464155e-06 -3.5256757825e-06 -1.6608514242e-05 0.0036787450129 0.00010051735736 -0.022552196412 -4.8265364423e-06 -1.2960645735e-05 4.0129165395e-06 
0.0046290366978 0.00089894946651 -0.023608680431 -2.0915094463e-06 7.7523949185e-07 -0.00012367299732 -0.00034824657642 -0.00076323555339 0.00060996396799 
0 0 -0.049045095 0.002526728826 0.0087817525997 -0.04924583113 -0.00029529451729 -0.0049697768917 -0.050963567832 
0.086918463721 0.10004787082 -0.026871559322 0.069357639132 -0.06598063818 -0.1629312439 0.12024710122 -0.11476087615 -0.17969235148 
0.049234322249 -0.02974548455 -0.053532240719 -0.02012186439 -0.0073894482683 -0.035963412232 0.02168398491 -0.024892268506 -0.013697270084 
0.035065416784 -0.094082062384 -0.058443531249 -0.083109962817 -0.038110948223 -0.049071909986 0 0 -0.049045095 
-5.6324044314e-06 3.3989705434e-06 -3.6423657355e-06 1.5371735115e-05 -1.5322464495e-06 1.9501125516e-05 -1.0161915794e-06 -1.5790622843e-07 -3.2935489523e-06 
-4.2111291043e-05 5.5888234939e-06 -3.9097133091e-05 -0.0095968916884 0.0024696465713 -0.021689721153 9.0043639398e-06 -1.0118667932e-05 -8.9291309636e-06 
0.069916266147 0.028350665347 0.0049909765443 -0.024436590906 -0.029577774163 -0.17021823165 1.872713184e-12 -2.7000182235e-12 8.8296410393e-11 
-0.0075783538448 -0.0042466380643 -0.030612377085 0.0106998846 -0.0097075524976 -0.014670868516 -0.0017954318971 -0.0035238700887 -0.026756018325 
-0.00073599665942 -0.0073469512578 -0.019148615893 0.0013969054112 0.0029567453631 -0.031873368511 -0.0075778805868 -0.0052612025298 -0.028888854158 
-0.0066073978869 0.0018503631669 -0.03241515496 0.0021396314045 -0.007437917311 -0.020840976473 -0.00044616743273 0.0010724050331 -0.030943565775 
-0.0013632120766 0.002302712499 -0.02600260393 0.0023281771317 0.00077088284848 -0.018533662145 0.00023497098042 0.002490193033 -0.037233399709 
-0.00099153540738 0.00058444223013 -0.021781185284 -1.8238407624e-16 -8.4998164859e-17 -1.571784548e-16 -1.4331886825e-11 -2.4789890092e-11 8.7845816085e-10 
0.016025655878 -0.031798868996 -0.10660802733 0.10884395334 0.035685251166 -0.020082872461 -0.031010436117 0.0079555092306 -0.071796625534 
0.00049002865076 -3.9285396712e-05 8.8340180657e-05 -0.00035316991733 -4.7000384557e-05 -0.013429142466 0.00038072189075 0.0029235664555 -0.028627313801 
-0.003821922045 0.0076417351184 -0.035841414504 -0.0018572714037 -0.00086420196909 -0.037457796351 -0.0030977920868 0.0017295749312 -0.036881120124 
0.003363722792 -0.00072485461935 -0.026478164675 -0.0013840078975 -0.0016999391786 -0.030097950847 0.0034339651859 -0.0021230787722 -0.035228116083 
0.0087513039892 -0.0058526001366 -0.039398020742 -0.0085188028601 0.0062483873311 -0.019388160826 -0.00095350580888 -0.0070963133514 -0.038219505734 
-1.440876962e-07 3.0199262565e-07 2.8461224041e-06 -0.0020508655545 0.0048276758976 -0.01473572414 -0.004659964133 0.0043679015956 -0.012924496211 
9.6945633037e-07 1.0704934327e-06 6.6569927548e-07 4.0306853575e-05 2.2974734254e-05 4.2299755764e-05 -1.0241858646e-07 -1.8173773316e-07 -0.00016910231784 
-0.0014344098398 0.0043718494258 -0.031169425282 0.0022544010128 0.0042052589172 -0.013295939309 -0.0068737816551 0.0019574623154 -0.009339051188 
0.0016951227995 0.0011476929214 -0.022478253068 -0.0014655302832 -0.0018557797005 -0.021083345134 -0.0067614204531 0.0018812491057 -0.029720858407 
-0.00045546118226 -0.0016049665922 -0.034263884512 -0.0018200652182 -0.00078305742983 -0.029762528492 -0.0046700253384 -0.0041005715995 -0.011080830125 
-0.002341723264 0.0057237274242 -0.016335460907 -0.00713027845 -0.0075416265189 -0.010815722038 0.0042768938269 0.0033667573984 -0.03595431216 
0.006664844977 0.004812123034 -0.029252561166 3.7253762062e-05 -2.8721784902e-05 4.8080309046e-05 -0.10279547865 0.10910395843 -0.12841160781 
0 0 -0.049045095 0 0 -0.049045095 6.0551730657e-06 2.9113387169e-06 -1.7044363146e-05 
9.5894164747e-07 2.3009319492e-07 -3.0714853546e-06 -2.5220593232e-07 4.400447253e-07 -8.2702069481e-05 5.6548744192e-05 -0.0023316080708 -0.022270407742 
-9.212875416e-07 -8.0839123002e-07 8.3891270247e-06 0.00010708917198 -0.00014368701087 3.4874305095e-05 2.0124761898e-05 -3.4744021206e-06 2.9317711315e-05 
0 0 -0.049045095 -0.01416187764 0.019818787159 -0.069293690851 5.5018397513e-05 0.0048659388234 -0.049611421534 
-0.0052516283195 0.00028291369219 -0.052846969939 0.015980958983 -0.0033859112385 -0.095069233945 0.11009951715 0.1258695992 -0.073398032882 
0.037810715117 0.088242520745 -0.091844567397 -0.0053655873021 0.11238675466 -0.27566436308 -0.053423970121 -0.13502475974 0.023937525778 
0.049624285237 -0.032902541683 -0.010156995091 0.015489457026 -0.011121908992 -0.035081408402 0.022757755317 -0.026482192966 -0.040051444409 
-0.0034304846477 -0.056221634413 0.0065690915758 -0.076746898686 -0.036608560256 -0.056613352152 -0.041768016814 0.0181281751 -0.080548149144 
4.5698462226e-06 -3.6772220688e-06 -0.00046045063432 9.4389475883e-06 2.3690573603e-05 -6.4525822788e-06 -2.6059811534e-07 2.2857904475e-07 -8.1441209338e-06 
-1.7794701497e-05 1.9634966926e-07 -5.6381037674e-06 -0.0059837527689 -0.0089693474316 -0.019637861939 7.309844845e-06 2.2147760142e-06 1.8805850897e-06 
-5.3300972277e-06 -1.2523200674e-06 -6.6596915732e-05 0.039631200577 -0.0035918473343 -0.0070350839441 0.035849199691 -0.040400828428 -0.10894754727 
6.0580550794e-05 6.0782903148e-05 -8.0568693107e-05 2.6639652865e-08 -2.0429752782e-07 -2.3832631655e-07 -1.6737508751e-06 7.0297689644e-06 0.00094870313649 
-0.0076865937842 -0.00019465243753 -0.027844596127 0.0018271118305 -0.00075923209179 -0.023161384854 0.0046830318513 0.00039733600827 -0.021944045051 
0.00048685461638 -0.0074472478211 -0.039860161978 0.0060871806247 0.00018794386609 -0.023239166156 8.0045857471e-05 0.0025216959364 -0.018116824328 
-0.0016543762814 -0.0024377131513 -0.033546131339 0.0016226503321 0.0022877053797 -0.023733547489 -0.0039556183116 -0.0037026865467 -0.017331116311 
0.0029957473188 -0.0062051652773 -0.02912779515 -0.0069470238228 0.0036012486681 -0.018906216846 0.0030384601105 0.0046817715393 -0.02642882735 
0.0023608381925 -0.011551695744 -0.021416534119 -0.0012120469752 -0.0051020671979 -0.037532536581 0.0010449480008 -0.00064546136226 -0.0010263486776 
-5.1761993806e-11 -7.7670552421e-11 5.02042144e-11 0.057901846152 0.014434264405 -0.019993883092 0.1191086325 -0.047839246075 0.044367863686 
3.6960667842e-06 -9.0821633832e-06 2.4332068838e-05 -0.00073068134542 0.0012567368836 -0.025032985358 -0.0061813529638 0.00015141357466 -0.024431245964 
0.0050904896738 -0.0027992626417 -0.036427395514 -0.0061280619775 -0.0067593314093 -0.032781107666 -0.00090583748913 -0.0058504025983 -0.029871600926 
0.00031597637782 -0.0017695799848 -0.034618429854 -0.00064668058333 -0.0024708725166 -0.032248547128 -0.0020413221078 -0.00045513757113 -0.029805459788 
0.0014441918653 -0.0076637512312 -0.025851934232 -0.0025226846177 0.0052167855141 -0.034008325001 -0.0030691164291 0.0047032468262 -0.036521772623 
-0.0075739057644 -0.0074799217419 -0.034294365805 -0.0024899587007 0.0063778159906 -0.025906162761 0.0030942738527 0.0096038643408 -0.040206200111 
0.0021834688437 0.0100143014 -0.020507892238 -0.0050097114415 -0.0021593177127 -0.029762723642 -0.00022465716417 4.8350624462e-05 -0.00016216361865 
-5.8412849585e-12 -4.215012874e-11 2.5320930028e-10 5.8021574476e-11 2.0149059971e-10 6.0858576972e-11 -0.0060187411355 0.0043450832828 -0.043854349275 
0 0 -0.049045095 0 0 -0.049045095 1.6681553667e-06 6.3705946481e-07 2.707861452e-05 
2.0630270468e-14 -3.6161573288e-14 -3.8870088723e-12 0.0084527143508 -0.0026448061897 -0.025113976844 0.0012074645804 -0.00080787091312 -0.014704392717 
0.0014151757504 0.0045833740442 -0.020412204968 0.00087570964387 -0.00079678643613 -0.020562942034 -0.00093533837512 -0.0010437199276 -0.017619664944 
-0.0040788723895 0.0033418663333 -0.024732183448 0.0052883553786 -0.0044408690711 -0.026612704712 -0.0052708631156 0.0014846655114 -0.037725471413 
0.001026667054 -0.0043501175326 -0.018470229245 0.0053028828689 -0.0051344327133 -0.016591615418 0.00019739610124 -0.0059208234839 -0.033577687691 
0.0012208174326 -6.350906758e-05 -0.013549675792 -1.9024134378e-06 3.1560192512e-06 2.5430494263e-06 4.6515224096e-05 -0.00010344731297 -8.8905544659e-05 
0.015314591962 0.0084794369176 -0.059595231822 0.041283305803 0.057111039987 0.036802518371 0.057120484341 0.057734239668 -0.11169827337 
0.090105827186 0.011893729036 -0.023817794928 0.01676482974 0.033149101941 -0.067898840791 0 0 -0.049045095 
3.1475456231e-07 -3.5967623957e-08 -1.3392387227e-06 -0.00086719237973 0.00046906441344 -0.00039406924544 1.0281586133e-05 -1.5410766921e-06 3.0225726341e-06 
3.9940114412e-12 -6.3399194411e-14 -3.3164941678e-09 -2.6395341638e-06 -4.1940937754e-07 1.5484326164e-06 0.0053596311837 0.00047656062282 -0.02476329464 
0.0037346259316 0.0049503199398 -0.0087676246813 1.2119669256e-08 -3.3210769053e-09 -3.0644221418e-07 -0.0066702471228 0.0038468016461 -0.081099385733 
-0.004001621383 -2.5843165452e-05 -0.0573475991 0.0016297343562 0.010833971904 -0.056880819751 0.0053129687219 0.0011341144527 -0.061513806661 
0.073668935685 0.018216549712 -0.046786098938 0.011083148089 0.028520939565 -0.069338780774 -0.06620871142 0.071767308102 0.010799960288 
0.040550326665 0.094411291595 0.084237423579 0.029874959916 0.015907417513 -0.21765462805 0.028500029078 0.068455319871 0.053164711483 
0.071002402245 -0.14653717352 -0.086298743903 -0.047915027528 -0.061309156565 -0.03244753135 -0.045205848601 -0.047871160592 -0.04579550677 
-0.023205522929 -0.048593228331 -0.083531928219 -0.01662903555 -0.015925603299 -0.049051649902 0 0 -0.049045095 
-0.031265155979 -0.010666194739 -0.046299715448 0.02325731072 -0.017515549201 -0.04587148848 0.049076645882 -0.047466098478 -0.039895478034 
3.218731035e-05 -0.00013892978664 3.1693353459e-05 3.9480205357e-05 0.00015765364015 -7.7327058099e-06 3.9082830335e-05 4.0695938447e-05 3.5041671676e-05 
-0.0083050413403 -0.0024800284815 -0.020621152265 -0.00035069280457 -0.0023259000454 -0.030904758516 5.2172397218e-09 2.9513275153e-09 1.3246532442e-06 
-9.9578363772e-07 -4.6887732507e-06 -0.00050883591485 -0.00066515718263 -0.00093345324753 -0.00028959728317 1.7478381344e-05 -2.2767790213e-05 -2.5294524525e-05 
-0.0013950232499 0.0077747673618 -0.020450069028 -0.0020359282694 0.0030135352635 -0.021553701973 -0.0035205597845 0.0002944093212 -0.021276278265 
0.0043237716488 0.00094203867581 -0.039659794312 0.015714318396 -0.004422089883 -0.029508837096 -0.016002003404 0.0038677111277 -0.025323350387 
-0.002514389595 -0.0019400571159 -0.023683072607 0.0034143508738 -0.0044101525109 -0.036018976106 -0.0045495623514 -0.0021199342654 -0.020901074231 
0.00016278374033 -0.0052960958939 -0.03726176156 -0.0024787344546 -0.0054501265589 -0.027259490194 0.0063898862525 -0.0070027526901 -0.024333498454 
-4.5661136219e-07 -1.2522046506e-06 7.9384786206e-06 -0.031652439424 0.045822627426 -0.0317913366 -1.4818460952e-08 1.0099626968e-07 -6.6641352714e-07 
0.00021684852942 0.0016789524503 -0.025050033116 -0.003608180775 -0.0067629170161 -0.033339172097 -0.00060859238151 -0.0023115507145 -0.033587842769 
0.0075893960043 -0.0081715184381 -0.030681165125 -0.0095007865056 0.015799459606 -0.026072456431 0.0057536643301 0.0020055464166 -0.040762495426 
0.0065312808198 0.0030502520986 -0.039830781635 0.0015984138545 0.0022147330552 -0.037572393447 0.0037844445156 -0.0050308900347 -0.038243007109 
0.014916040255 0.0018164669129 -0.02981014538 0.0017199967815 0.00035642166607 -0.02833235974 -6.2547955336e-05 0.0062891398399 -0.036032728977 
0.0092967683579 -6.0205088942e-06 -0.030163817606 -1.6595971088e-10 -4.5194731753e-10 -5.9334552867e-07 0.0053237824754 0.0021816433622 -0.021292531387 
0.015853225018 0.018844120984 -0.090710517658 0.016122709337 0.022555823104 -0.096484795542 0 0 -0.049045095 
1.4744213213e-05 -8.6230424121e-05 7.9885394358e-05 3.1706201182e-08 1.0437767548e-07 5.6691800578e-07 0.0011282203935 -0.0041296791825 -0.020201810721 
0.003398735275 -0.0023706690187 -0.015778551095 0.0026890130397 0.013002634419 -0.013393960859 -0.0029338543338 0.0017168663261 -0.036713903237 
0.0077626486277 0.0029600786939 -0.021982527394 0.0030463848818 -0.0093525658177 -0.026904398284 -0.0016215513963 0.0039190925562 -0.038109115347 
-0.00560233445 0.0032968637432 -0.020392137523 0.0044130923018 0.0039188283334 -0.017353425643 0.01243410061 -0.0054088418515 -0.011619754913 
-0.0023403626054 0.0065714325691 -0.02159744513 -0.0023894520068 0.0080880422595 -0.041361101883 8.0300551233e-06 -6.4426670115e-06 5.1858840268e-06 
-1.9025506425e-06 5.5898045832e-06 5.0327350899e-06 5.4940606498e-05 0.01272542232 -0.054001233886 -0.082976075387 0.063924793647 -0.022816999406 
-0.028060977594 0.052144359492 -0.11394807623 1.6949895285e-06 6.6720459106e-07 3.1821243433e-06 -1.3974486089e-05 1.8033077683e-05 -2.8118470322e-05 
-2.4830747753e-08 1.8946512147e-09 -2.2478482038e-07 -2.2829146297e-07 -2.3390686824e-07 1.3559448794e-06 -0.0065547966239 -0.00039965748647 -0.015645090145 
3.707586144e-05 -3.1613152924e-06 -1.4840439863e-05 0.0067218562913 0.0098713411732 -0.044004800513 0.012239200223 0.020630144677 -0.039404684645 
-0.0030416319998 0.0068399909637 -0.067186651507 0.026797092593 0.034192876652 -0.0841262846 -0.016691612467 -0.0019461883645 -0.065671096006 
-0.020734011249 0.016312695166 -0.0429868943 0.0052717279753 0.022511374338 -0.061350874081 -0.012893925222 0.0027628075341 -0.032968772212 
-0.0060367976113 0.0060305856975 -0.049437511856 0.0010913614543 0.014572100103 -0.057132493415 0.0039174078936 0.014712223388 -0.054146109757 
0.024668098739 0.011806541466 -0.051229270979 0.020462096617 0.039219946266 -0.075600289192 -0.026820981003 0.029437907274 -0.14293515621 
-0.023303382213 0.13724558631 -0.048880195948 0.05792636259 0.10770563237 -0.24004127015 0.048175563957 -0.10604235819 0.03047626371 
-0.02372969256 -0.052958228258 -0.13480011469 -0.071586754213 -0.11178697568 0.021278962245 -0.023943766472 -0.031616488117 -0.11700654787 
0.057234164375 -0.073759962537 -0.069540434907 -0.0096507568227 0.0042741942045 -0.0072854888282 0 0 -0.049045095 
5.0830716866e-06 -2.0837243945e-05 -0.0018363787969 6.0900770544e-16 1.9947667156e-14 -1.2835497198e-17 8.7463207135e-06 1.2913522715e-06 0.0018959417194 
3.8298077356e-05 -5.9721460305e-06 -0.0064683972647 0.0017757843379 0.0038891207142 -0.028609615413 -0.010017293391 -0.0027529055819 -0.023289970322 
4.7965526398e-06 -2.4845516976e-06 0.00013698025697 6.0129079639e-10 4.8344123131e-09 -7.6366414286e-08 -0.09339438498 0.036838914684 -0.14352994831 
-2.2403447082e-06 3.7334986628e-06 -1.3269857984e-05 -1.6971407688e-07 2.1322794049e-06 -3.5621115613e-06 -0.016122174728 0.0024115415449 -0.038382821731 
0.0029322648419 0.0069213841652 -0.015353020452 -0.003405609018 0.010988057605 -0.035485877657 0.0019636759147 -0.0017059477615 -0.035767235843 
0.012534256011 0.00040358862281 -0.032587541617 -0.0062978793571 0.0044907418945 -0.03448946345 -0.0082508357159 0.00285997276 -0.038887117868 
0.0040532033874 -0.0099346329858 -0.038244337469 0.00044164924997 -0.0039695196209 -0.026768530439 7.0628934711e-07 1.2193683863e-06 1.3762278177e-06 
7.6871352434e-08 1.5644386745e-07 -5.4399810307e-07 -8.3374423141e-08 9.002571404e-06 1.8421346096e-05 5.5181385125e-06 -3.1392245208e-06 5.4334634191e-05 
0.0061867633871 0.0042781784353 -0.022322905931 0.010967903839 -0.0023552789754 -0.022908448967 -0.0019744566776 0.0018676591244 -0.01562328527 
0.0042236252767 -0.0020193699463 -0.033965762411 0.0054730101163 -0.00035781129714 -0.035471046199 -0.0035126198597 0.0081642825388 -0.03512226735 
0.0029924524712 -0.0074304570014 -0.036842354608 0.00094786388983 0.005048870901 -0.042016582456 0.0011909454379 -0.0036129654954 -0.03392286773 
0.0064048849235 -0.00051008268411 -0.038780554159 -0.0026708981807 -0.00040376952777 -0.037707570843 -0.0020764092667 -0.0015572233177 -0.036040411097 
0.0011907311548 -0.0039924550559 -0.027047484818 2.0789910106e-05 -3.494687976e-05 -1.0637257238e-05 2.3161552033e-05 -4.2337433803e-06 1.1812907019e-05 
0.0021185856641 -0.00071977794128 -0.027952091904 0.047049280468 0.0072573298893 -0.042452055463 -0.0023384613456 -0.039137246412 -0.1421381105 
-0.02455601908 0.03356828436 -0.017800600484 -5.0419767431e-08 -1.4205440127e-07 8.037022997e-07 -0.0011470708725 0.0018654708558 -0.03013073055 
0.0046156234171 0.0053101606598 -0.025983147934 0.0046995470784 0.011619723337 -0.018414276388 0.0027123706802 0.0002116411729 -0.031057006708 
0.0053862647872 -0.0057818659526 -0.029945883094 0.0011384804721 0.00053345490717 -0.039226562274 0.009654257033 -0.014831008579 -0.033266739463 
-0.0018943282672 0.0031928355519 -0.021412558073 -0.00029788999941 -0.0062163832466 -0.020833991751 5.6503915458e-05 -0.0044939284849 -0.026329874745 
0.0027171930872 -0.0082429014196 -0.023036692046 -6.5982242301e-09 3.7580996479e-08 3.364017882e-08 -0.08203200119 0.064252825859 -0.018867297435 
-0.00010506434978 -6.339526358e-05 -0.00039180107878 0.00094008695991 0.0034066745272 -0.050585134305 0.000120427307 -0.00010094962415 -0.00011003955188 
0.010729598186 0.00056403233194 -0.018730395719 3.4441577036e-06 6.4104389905e-07 -5.4296345416e-06 -1.0811865177e-15 2.4388572515e-14 -3.0635403636e-11 
0.0058015403353 -0.0026955418932 -0.015132539743 0.016113985626 -0.0039041808523 -0.028383979229 9.756498685e-05 7.5078919852e-05 -0.00015433985696 
4.2618218189e-05 -1.770869948e-05 -2.812876664e-05 0.0017043398468 0.022942272363 -0.042203125927 0.018892031725 0.026189141482 -0.069150616318 
-0.058302554089 0.022177115438 -0.033263929106 -0.0074209632866 -0.022637905225 -0.042493437917 0.016561369886 0.075112519451 -0.065166784949 
0.07647581766 0.10354915798 -0.19214965077 -0.020214778685 0.034772234812 -0.13538828242 0.02792543247 0.072300778073 -0.086479743743 
0.029622768024 0.047446032329 -0.013071540163 0.052998503544 0.055912131347 -0.065815280441 0.091699694842 0.060080096909 -0.076942827351 
0.014113082184 0.048491020515 0.0059003628234 0.0088517516544 0.089765012449 -0.098699230895 0.10886354742 -0.091523268711 -0.077094799796 
0.0521410049 -0.063737508248 -0.13303021148 -0.075405873651 -0.05845632371 -0.093173891998 0.014738934255 0.031559325488 -0.1603128239 
0.016537375355 -0.044346427092 -0.056540981554 0.094012046951 -0.1351895756 0.10531627512 -0.10894119398 -0.027425175436 -0.07939525419 
-0.037176265411 -0.0050903131575 -0.024548109244 -0.020605622387 0.027291470966 -0.064995544158 9.0055146677e-06 -4.3074870281e-05 -3.1361648088e-05 
9.1788288548e-06 8.0463175258e-05 4.9701471193e-05 1.3999555391e-05 2.1272420886e-06 -3.9866319504e-06 -1.4041464006e-06 -4.5060232394e-06 -0.00061926633659 
0.0058586660659 -0.0034716154957 -0.012280408726 4.0637065131e-06 3.3791585312e-06 3.3590706221e-05 -0.00031162161017 -2.5736211702e-05 -0.00015141103294 
0.088341608323 -0.044576438762 -0.081407481234 0.095055558626 -0.020703549543 -0.057499060141 -0.064902243082 0.0050162906377 -0.028320808981 
-0.0014887809192 0.012428700285 -0.03880673025 0.002630251315 -0.0023533776367 -0.033453153771 -0.016213082363 0.019055275069 0.021491702567 
-1.540131045e-06 4.180400347e-06 -1.0402399348e-05 3.8144832747e-06 2.595300697e-07 -0.00012574434368 -1.7016452532e-06 -2.5680947256e-06 -1.1641496761e-05 
0.00051310340095 -0.0057984431328 -0.019932199748 0.0021175905825 0.0029743320772 -0.018815974998 -0.00038757214558 0.0041618343003 -0.029298696752 
-0.0027535891237 0.0056260106995 -0.031708863796 -0.0039705923366 0.005378965077 -0.02305834575 0.0017975069881 0.0034972882823 -0.024905675143 
-0.0075761011731 -0.0019835396691 -0.025258383804 -0.010366708203 -0.0011634983752 -0.018784103168 -0.00015476648076 0.0069963794048 -0.024241008749 
0.0078591856713 0.010651317016 -0.032741174669 0.0039690552066 0.0077298633676 -0.0048243919812 4.8229324126e-06 5.7161362554e-06 -0.00019647910243 
3.7642235388e-06 2.6839849323e-06 -9.2588654919e-06 -0.00037080280332 -0.00057981221075 -0.0003554275891 -3.6129967404e-06 2.9234312636e-06 -2.2038626552e-05 
-0.0077494953572 0.0014115833929 -0.026829184096 -0.0040925156514 0.0015600746044 -0.028528829105 -0.0045369935913 0.0049210475433 -0.038133350668 
0.00086018486339 0.0053737480625 -0.033431387829 -0.0017933645738 0.0098882120658 -0.037887499107 0.0014027545884 -0.0043416990534 -0.01753000542 
0.00063881055984 -0.0055266134801 -0.037676609301 -0.002068101629 -0.0033918899093 -0.020947044496 -0.0048153336481 0.0092930349505 -0.038658282616 
-0.003984144272 0.0022731523756 -0.03693012241 0.0044832951363 0.0018513708394 -0.028331160759 0.0036146633184 -0.0040993741271 -0.034763940137 
-0.0023329717046 0.0036557655614 -0.025357341216 0.0041703726684 -0.0055409679991 -0.033179788907 0.014524514406 0.0021298571269 -0.084099897992 
0.070588215431 0.029668936549 -0.10661048122 -8.1062990404e-05 -6.2725810155e-05 -2.4017298371e-05 -9.1153640582e-12 -8.8704237492e-12 -1.8373792184e-10 
-9.4102494578e-07 -2.1555403907e-06 -0.0014581214255 0.0013091156927 0.0034587204223 -0.023540597428 -0.00042908994874 -0.0028776463949 -0.033966562691 
0.00085800544435 -0.0014627621518 -0.033221381436 0.0061616950622 0.0070564523023 -0.02343386405 0.0018550420097 -0.0098254527901 -0.033581052854 
0.0027479343371 -0.011378996507 -0.030852201765 0.0077484930125 -0.003326370478 -0.034525858363 0.0017924387686 -0.00076432191048 -0.026428632664 
0.0069461110346 0.00079488440628 -0.021818784798 -0.004964299306 -0.0067783981466 -0.017836948614 0.0019659578705 -0.0038892262506 -0.019551334489 
0.0023270318318 -0.0028267862962 -0.022416652858 1.5100780788e-06 -5.8456073004e-06 -4.2481067676e-06 5.7809239798e-06 -1.5781913237e-05 1.6144393206e-05 
0.022558171174 -0.00425747429 -0.060726519171 0.049475085659 -0.0439085484 -0.0759599263 -0.032310150415 -0.011407438772 -0.060235550896 
-9.2980128319e-05 -5.1933926861e-05 -1.306508923e-05 2.2327842175e-05 -4.5680680809e-07 9.9519993162e-05 -1.7876322418e-06 -2.725395968e-07 2.8345077299e-06 
0.0012030287404 -0.0092910731654 -0.017136898788 8.1941369116e-15 1.1814421953e-14 3.1499728171e-14 -3.9769810187e-16 -5.6475762951e-16 5.5902287263e-17 
1.5721307432e-05 -8.886587369e-06 -7.3077386812e-07 0.0031832856687 0.020648538452 -0.0790817278 -0.031367476801 0.047011800715 -0.39776055229 
-0.0050766687991 0.0088581000768 -0.049562643593 0.016942199422 -0.0063876399992 -0.074722268007 0.036284985689 0.027377795446 -0.074291386597 
0.027792069608 0.00526764056 -0.063654630787 0.0092346553503 0.010404328076 -0.059017939809 0.019885766163 0.00056464602845 -0.045615428084 
0.0087049575636 0.032958718105 -0.062004115682 0.0093452139429 0.033552169801 -0.025519841452 0.058224582612 0.023948223091 -0.060605561601 
-0.048724700874 0.082376785216 -0.14877720125 -0.023430452785 0.10082828806 -0.090744146653 0.091021991793 0.14142364018 -0.057513416552 
-0.010225050817 -0.063012345805 -0.012406321252 -0.046356515974 -0.042031102104 -0.0070272104844 0.043452819145 -0.060482120386 -0.028260831604 
0.043561045708 -0.053958275758 -0.073120607083 0.044122091781 -0.014908483001 -0.21936236376 -0.096425436103 -0.10909727791 0.0072350213475 
-0.094666435937 0.013634879807 -0.04627546349 -0.063616622718 -0.032494490285 -0.097915349727 0.0004334442162 -0.055569664416 -0.1039009895 
1.3509170036e-06 2.3544175679e-05 -3.5667636062e-05 5.0766397155e-07 -2.6139381234e-07 -3.7634398519e-05 7.2036875037e-06 -3.6456025974e-06 0.00036976066502 
-0.001594497476 0.0055080996665 -0.027303752197 0.0015180395059 -0.00068173619967 -0.01453775338 6.1457664481e-16 -4.4346708989e-16 3.2669119335e-16 
3.8368270388e-05 8.9186735095e-05 0.00030259057465 -1.3610235454e-05 5.4501548406e-05 6.1510365862e-05 -0.0046283385573 0.0060785630325 -0.029871692395 
-0.00029199570806 0.0029300980153 -0.043083981833 -0.0024209696933 0.0060831874377 -0.034511970976 -0.0070917700714 0.0075466318656 -0.018815734496 
-0.0043020560316 -0.0039331703002 -0.030496337239 0.00034668038143 -0.0036406798628 -0.040209879487 0.0021927577156 -0.00014592249549 -0.027085593049 
-0.00061907971345 0.0049531618566 -0.021225841515 -0.0043988574998 0.0010663967263 -0.04194683804 -0.0040114975099 0.0015110645487 -0.026655973117 
0.0039303235816 0.0053275450627 -0.022363519359 -0.011921084155 -0.014457542545 -0.0064763792975 0.00025275254542 -0.00035033534269 0.00074447090561 
-1.3596654934e-16 -4.6867745451e-17 2.9752950814e-17 0.037248754499 -0.035314729055 -0.029660665911 -5.9127377873e-05 9.9654590698e-06 -8.7217108356e-05 
-0.00034017732999 0.0050381547423 -0.01818156901 -0.0055236462276 0.0031535053891 -0.018378028067 -0.0082033597445 0.0041701730453 -0.033125636265 
0.0082480906578 -0.0020007761317 -0.030163370255 0.0016282478994 0.0081292978067 -0.038912726209 -0.0037417819862 0.001309574428 -0.033245606915 
-0.0020016217617 -0.001654823063 -0.030887186427 0.0080289994349 -0.0029336018768 -0.033532356579 0.0014587197156 0.0033561863824 -0.03893819955 
-0.0020400156092 0.0016462588131 -0.027636861713 0.0036616878578 -0.0043736239908 -0.02950779581 0.0028681963027 -0.0062158523494 -0.014091915041 
0.004933972811 -0.00086955301377 -0.02289790364 0.00045605627329 -0.00032113299875 -5.0708142376e-05 -0.0047855866074 -0.0011515669858 -0.014905281712 
-0.022279986083 -0.0042813562636 -0.053421353064 5.602784414e-05 -1.4754892139e-05 4.917688559e-05 -4.5693074387e-09 -3.2695368092e-08 -8.5845901901e-06 
0.0040739781023 -0.0038853258753 -0.033097608087 0.00041096591885 0.015043619305 -0.022291808827 -0.0014531127582 0.0068191224547 -0.020643178248 
0.0011971997421 0.0051802873555 -0.022267832838 -0.0023344857037 -0.0016198591724 -0.011130171808 -0.00095757367254 0.0029254373417 -0.024950624197 
0.0034457749553 -0.00097525384767 -0.029970521463 0.0017992143784 -0.0014913311833 -0.031360510207 -0.0011103590985 0.0029373013214 -0.026955923032 
0.0095406839354 0.0049701809936 -0.02384043645 -0.0044876317365 0.0040368786017 -0.019159412196 -0.0062784993864 0.00087221168322 -0.039257132166 
-9.3638969649e-06 -2.639908435e-05 2.6974584697e-05 4.2695047737e-14 1.2854126721e-14 1.7875785726e-14 0.050208939336 0.016153377894 -0.054895806324 
-0.023379801593 0.016266842411 -0.031584472865 8.7433341009e-10 1.3556239631e-09 -4.5618516258e-09 2.4595444485e-09 3.5528602794e-11 -7.7697996661e-09 
-0.0012483619553 0.0076172246726 -0.024283714065 2.5037706608e-05 -3.9767574303e-06 -1.0693028249e-05 -0.0048170047059 0.0049696742046 -0.018815217856 
7.789991592e-05 2.9465689514e-05 -2.2366119866e-05 0.0010646788534 0.02296560309 -0.071646333378 -0.0076971619566 -0.0026684405214 -0.045990880153 
0.051498110498 0.01186307074 -0.03066813647 -0.035055800569 0.090797680221 -0.059575980891 -0.023316547107 0.0093695091103 -0.06513415748 
1.8270135132e-05 0.01813577211 -0.056751880798 0.01463015154 0.025644119471 -0.044628392947 0.061289995942 0.036452826783 -0.074467984386 
0.13023960825 0.016823651742 -0.13107523858 0.060982749531 0.066565223042 -0.06051188022 0.0084395930997 0.051406767595 -0.030104761277 
-0.01087937954 -0.036287649423 -0.11558200145 -0.048934793039 -0.073592312518 -0.06912528198 0.01250857674 -0.011241391119 -0.098574528655 
0.11988776533 -0.04098618964 -0.094216714371 3.4393419199e-05 -7.8336087224e-05 -3.8630089224e-05 -4.2299054829e-05 0.00011975330279 0.00016826722744 
8.1148253089e-11 -1.4273013253e-11 2.6448426207e-08 -0.0015669349781 0.0055682837954 -0.022526201415 -0.0059939290753 -0.005687687847 -0.028023347599 
-0.023725721695 -0.0018563060711 -0.010478042761 -9.715278056e-05 7.6329192861e-05 4.9667263633e-05 -6.9227827165e-06 6.1001941083e-06 3.3073691445e-07 
0.065683871002 0.033296845938 -0.16524804916 -1.4107548164e-05 5.4844806012e-05 6.6972651104e-05 -2.7292754212e-05 4.4849362787e-06 8.7075949162e-06 
0.0057730148974 0.0022332907916 -0.011145261124 0.0015711253983 -0.00051803405914 -0.031044406636 -0.0029537268818 -0.0023660471365 -0.012337237235 
0.00046759831117 -0.0016873253109 -0.029035541945 -0.00053292766354 -0.0066103333355 -0.035555499277 -0.012428366668 -0.0017204898896 -0.02421014905 
0.00042285737825 0.0047159427942 -0.020290009338 -0.00086413244036 -0.0047230293891 -0.00032508713746 -0.0045320067255 -0.0094273292609 -0.013209033838 
-1.3870111637e-06 -2.8567882925e-06 -4.0009944034e-06 1.3999267274e-07 2.2622567456e-07 -1.9955239599e-06 -0.028081123134 0.0176736717 -0.035025127985 
-0.00054875663578 3.1196018895e-05 -5.4819196905e-05 0.0025663238435 0.0038341810726 -0.0098633368106 0.0052654972356 -0.0092090164764 -0.037590217988 
-0.0049283165035 -0.0014095734783 -0.031312650122 -0.0055414679324 0.0019039027721 -0.034090560721 0.0047148314108 -0.0070138315836 -0.033269800333 
0.0024740285821 -0.0021209972507 -0.031117545333 0.002341644318 0.0051904907066 -0.033638871053 -0.00041896835276 -0.006582733391 -0.030144437055 
-0.003565927377 0.0017509473628 -0.026047841664 0.010788668272 0.0034920508511 -0.029494618173 0.0038095718023 0.0052203277023 -0.014552118853 
0.0099183316646 0.0090902313554 -0.027797147954 -0.018000151664 0.005615853682 -0.0095317891768 -2.9700924794e-05 -4.3155399904e-05 -6.3449261832e-05 
-2.6427096108e-16 -3.8340096416e-17 4.6112216226e-17 0 0 -0.147145095 -0.035318717259 -0.025007747166 -0.011255538502 
2.932006981e-05 4.2349492321e-05 0.00014843327149 -0.0060716903673 -0.0055617583959 -0.027102540541 -0.0062102750216 0.00015501297174 -0.011833095218 
0.0070916667313 -0.001966960499 -0.026254682824 -0.0071417154249 -0.00092997402467 -0.037864341132 0.0069427540173 -0.0012835169462 -0.03013292062 
-0.0016530534852 -0.0060417680829 -0.031006109605 0.0021541883577 -0.0058630434531 -0.014816227949 -0.009898170075 0.0083442369451 -0.029883769231 
0.0040120809707 -0.0035678314952 -0.025011231386 -0.0013159757945 -0.0015486365987 -0.014484277608 0.0032486718367 -0.004908803047 -0.025615571546 
-0.0046558165586 0.010162953844 -0.026309879626 0.00010651466447 0.00026895133009 -0.00011743431833 -1.3595735912e-05 1.0279350915e-05 -5.268555609e-06 
1.1055303139e-06 -2.8737138911e-06 0.00011385787954 -0.014921153866 0.027157502806 -0.01191357186 4.6831055609e-15 1.1467603055e-14 1.3942427882e-11 
-3.7017910067e-14 -9.0665252487e-14 5.1413169923e-11 -2.7836514547e-05 -0.0005183297071 -0.00049723977944 -2.8683651357e-06 -1.5452992565e-05 0.00011625001032 
-1.0197115023e-16 2.8996100922e-17 1.5530246919e-19 6.1376265117e-06 -5.177930187e-05 -0.00010543422167 -0.00059639201243 0.0013422092553 -0.020833974124 
3.5559855847e-06 9.9229997032e-06 0.00019662146979 -1.0849240022e-05 -0.00067865651059 0.00012714589201 -0.00016882895478 -2.1755719401e-05 3.0764063633e-05 
-0.095592078772 -0.0007565356259 -0.12565152687 0.01122546785 0.021701221405 -0.052344244431 0.032771368587 0.028142255042 -0.016507926107 
0.039893372154 0.054025302311 -0.039052806453 0.032470390789 0.032875231745 -0.041487520897 0.063792493612 0.15718480521 -0.15605388058 
-0.011822357597 0.096127831096 0.0020135835512 -0.023592769495 0.10951291375 -0.018027962849 0.032534457802 0.076020779534 -0.048527877206 
0.091049870645 0.071353424204 -0.14392105587 0.1101737335 0.18727650181 -0.16699622492 -0.15052011159 -0.074574677607 0.0064579230882 
-0.008763851098 -0.065677846107 -0.14300461368 0.00064217634322 -0.053627516832 -0.036945276367 0.055517245534 -0.027583762835 -0.048930945672 
-0.09419232211 -0.043506926114 -0.080734739238 -4.9747584066e-06 -2.5134604549e-06 -1.1618077082e-05 -1.8403946132e-05 2.673281421e-05 2.0332750067e-06 
7.9435562318e-06 -2.8995806724e-06 -2.8044274009e-06 3.3564958604e-09 3.8158071913e-10 -8.0598821475e-07 -1.2725884498e-06 7.7511858923e-07 5.5033709948e-06 
0.00025479976361 0.00091704940494 -0.031129405014 3.865549526e-06 4.9618188064e-06 8.8591470866e-06 -0.0081176733791 0.0026428214736 -0.023445904786 
-2.3529485292e-05 2.4048271171e-07 5.9393839681e-05 4.0671093275e-05 0.00062889553988 4.3671074483e-05 -1.2955048279e-06 1.1233384643e-06 6.4683029876e-06 
0.032483618285 -0.10920071904 -0.022652517769 0.022840373818 -0.011244603746 -0.14576033484 -0.08281594051 -0.040995532203 -0.12689752499 
-8.999153348e-06 -5.9553134353e-06 -3.9505584708e-05 -4.5621764055e-06 -2.0685305317e-05 4.5245238548e-05 6.7213483127e-05 2.0037733363e-05 -8.2101487143e-06 
-0.0032913552267 -0.0038248070908 -0.02380310531 -0.0019392896264 -0.003197211569 -0.030649988056 -0.0041629981977 -0.0061493507513 -0.0240793669 
-0.0019642130791 -0.0049771397233 -0.01889017395 -0.011046039032 -0.015654726603 -0.01962924106 -7.6426608724e-05 -0.0012913035837 -0.034155712617 
-0.005295888384 -0.0071059946698 -0.031793665782 -0.0062037489548 -0.0098175084425 -0.030797953253 0.0032091451779 0.0023342634262 -0.015669906406 
-0.016550977118 -0.0059782343493 -0.0087200117798 -0.018021151806 -0.0017378128298 -0.019822413188 2.0253604438e-06 4.0779305829e-07 -7.9265192318e-06 
0.12457854667 0.025111043007 -0.11034299209 0.12458947226 0.0084075098176 -0.13411810404 -0.01298460144 0.013672979792 -0.043851230261 
0.0060160316741 0.0075161243649 -0.0089547465009 0.00075272363009 -0.0088550218465 -0.020809919908 -0.00073218489637 0.0025230073882 -0.023670584896 
-0.0075890505619 -0.003713161605 -0.029772021061 -0.00044000887751 -0.0026643973903 -0.033447818534 -0.010747634037 0.0021824813168 -0.025063154198 
-0.005546348445 0.00085985226182 -0.031681665762 -0.010117060658 0.0032094516995 -0.030098916536 -0.012225191342 0.0046027805403 -0.032979533833 
-0.0069781688699 0.00021477767362 -0.024819940649 -0.0023184235688 -0.00549644126 -0.0309068488 -0.0034760383141 0.0023397913351 -0.03420281167 
-0.0082203091584 0.0028978376349 -0.039268542893 -0.0066282105601 -0.015144714998 -0.024167796462 -0.019620217976 -0.00082335910851 -0.026279843377 
1.041464935e-05 -1.9533487596e-05 -6.4818503254e-05 -0.0081163593317 0.0041225527114 -0.0067495703556 0.089570955875 -0.14572068949 -0.18905836429 
-0.015352233998 0.02671763979 -0.0049071740543 -0.025369318565 0.021359833801 -0.011090912644 -9.6295776277e-13 -2.9532774315e-12 6.6053688848e-11 
-1.5662719926e-13 -2.1245203992e-13 1.2626476216e-12 6.8172331093e-15 7.1390916287e-14 5.5572668993e-13 -0.0087007090409 -0.0062430006282 -0.01929371288 
-0.0045173876071 0.0026278306005 -0.016223461276 -0.003395407407 -0.0048272760914 -0.025486643369 -0.010106695999 -5.4026997775e-05 -0.026228137165 
-0.010654699887 0.0033641335444 -0.02638281701 -0.008654074639 0.0084299163268 -0.033870846891 -0.0013192356927 -0.0184796678 -0.0094039223262 
-0.0030225642185 0.0018945970349 -0.023138697768 -0.00099529698087 -0.017703540037 -0.012729053752 -0.0088748301252 -0.011413456279 -0.031494476534 
-0.0073185782704 -0.0033746958174 -0.036370777571 -0.0038373635394 -0.0051685498342 -0.015385534401 -2.4649301663e-05 -5.5580642668e-05 1.9784585393e-05 
-5.374300873e-14 1.1829699377e-13 -2.2730974544e-13 -0.011022115101 0.020142831901 0.0067247634267 0.00038333947849 -0.0010063436112 0.0001872217384 
-0.00023558766549 -0.0010382347311 0.00030260251678 -0.00014088669084 8.1376550722e-05 0.00016165790849 0.0073912978279 -0.0017402870789 -0.013349903172 
-0.0080340814989 0.005136356218 -0.018813717462 0.001290371948 -0.018686398472 -0.0099262469102 -2.8600364193e-07 1.5172274228e-07 2.2288176294e-05 
0.061112514631 -0.024567007086 -0.039657690826 0.073365753198 -0.014860419393 -0.0053675472787 -0.060231089879 0.053587865641 -0.041233219533 
0.0042831367051 0.027352783803 0.023077264734 -0.0063513139155 0.018856663483 -0.058929852632 0.029369560455 0.013471175548 -0.031882100029 
0.052726588795 0.019624185112 -0.076219201948 -0.029460102182 0.088986322195 -0.20246286746 -0.0032403065803 -0.024254014511 -0.17473456994 
-0.14973714841 -0.077896770732 0.0071535050949 -0.045088695178 -0.077897103395 -0.089352847451 -0.036294526215 -0.084145127567 0.05546196979 
-0.029769685479 -0.049344242958 -0.040945660147 -0.072782251428 -0.084456084477 -0.0067680639486 -0.021034015601 -0.033098803504 -0.063251480869 
-0.02628195806 -0.028340697685 -0.050235101678 -0.023504174596 -0.010198992476 -0.075805333828 0.0051791677586 -0.025377738539 -0.042585670489 
0.015469123317 -0.010926526423 -0.034934848506 0.035245655558 -0.012420931417 -0.028869963848 -0.07475701495 0.0031011241141 -0.028406005646 
-5.5698492578e-06 6.9077406828e-07 -2.7289058586e-05 -1.5069079569e-06 -2.6169675851e-07 -4.2018725649e-06 0.005013432093 -0.0053944464381 -0.019874147356 
-0.00016448378948 0.00029166206871 -6.319179617e-05 6.5256248398e-05 2.6695585662e-05 -5.5166780166e-05 -6.0208348293e-09 -6.0775375664e-09 -5.263652721e-09 
2.936563174e-06 -6.0650904886e-06 -3.8191188285e-05 0.0078634486659 -0.014467144799 -0.033872808217 0.016133709137 0.011584829768 -0.014047296167 
-0.0031956123949 -0.0026433913982 -0.033775545348 0.0088677188918 -0.0093370689564 -0.025695075883 0.0023594245319 -0.0064528905962 -0.031460557158 
0.0049793758864 -0.001231060592 -0.03385762304 -0.00047269767542 -0.00050488456806 -0.023153822987 0.00175728365 -0.0084963353757 -0.037176775165 
0.0034375735148 -0.0063088722685 -0.037751852748 0.0038990669771 0.0017974793887 -0.02206534811 2.3167347771e-06 4.9008745096e-06 -7.602871768e-06 
0.06391137628 -0.0044343451963 -0.021365186962 -0.05396817161 0.037568217921 -0.024468942688 -4.7751618264e-11 -3.4383804295e-10 -5.3565712745e-08 
1.2236439403e-07 6.2177039013e-06 1.1152851551e-05 0.0015157204604 0.005843566557 -0.028289844825 -0.0024372446291 0.0057836337843 -0.028026013218 
0.0010969896497 -0.0087943925729 -0.023742965664 -0.0010556607976 -0.0029196818328 -0.028474611814 0.00016465582348 0.0041172831435 -0.038009971111 
-0.0082647854258 -0.0029664128278 -0.03164279246 -0.0026655140342 -0.0063840578717 -0.020622480381 -0.0027961723848 -0.014916256033 -0.03182155382 
0.0066562400543 0.0022449263816 -0.032325383649 0.0047321310597 -0.0046162860835 -0.034325373042 0.00044527107794 -0.0016287904613 -0.03090640692 
-0.0055313152667 -0.0011504092479 -0.033844930159 0.0061388711331 0.00051034731539 -0.025679529984 0.0042596619751 -0.0095520484558 -0.017408919564 
-0.0041708429002 0.0054294731396 -0.034835859377 0.0049181896047 -0.0018974037081 -0.033608349321 0.013649621866 0.0030769076177 -0.020011587344 
-2.0874258089e-06 -3.8763182889e-07 2.0117720862e-06 -0.011724434729 -0.0098753659235 -0.019916260034 0 0 -0.049045095 
0.00013936682011 -2.3203626742e-05 7.8640433982e-07 6.4492206763e-05 -5.6540346851e-05 2.7898750827e-06 -1.3772611487e-05 5.6464852625e-05 -4.1222385868e-05 
0.0032643279717 -0.0012094099133 -0.02045911865 0.010296864495 0.0050364841158 -0.026292199325 0.0066255601384 -0.01678098772 -0.023088456804 
0.0020748142071 0.0018796016842 -0.011099129998 -0.0019794274955 -0.012371242955 -0.023310733532 0.0037356119149 -0.0033912815981 -0.030178032333 
0.0044050283081 0.0089375896931 -0.037327110347 -0.0087092643275 -0.0031764525868 -0.018613908421 -0.006702807053 0.0026371512337 -0.035724204987 
4.3805331566e-06 0.00010704296853 1.814895015e-05 -1.4382159127e-12 2.7843580589e-12 -7.1842424698e-13 -0.10629564668 0.031283337004 -0.15309151339 
1.1896058518e-10 6.4361960132e-11 2.1271193782e-07 -1.3538563671e-06 6.6921909875e-06 -3.4369152193e-05 -0.002000340849 -0.0049515542766 -0.0090954856069 
6.670876669e-06 -6.276155899e-06 -7.6301228646e-05 -2.1092334406e-05 -1.1300339579e-05 -1.218409684e-05 -0.00018646548585 -0.00028794154558 -0.00020603907446 
7.6234226127e-15 -2.5423529474e-14 3.3250039104e-13 -0.03827339474 0.023295852704 -0.10427699648 0.030709860304 -0.0070727803761 -0.076423074179 
0.10521138531 0.023417654136 -0.040867122859 -0.0058643818935 0.020309529756 0.066062238402 -0.012369719618 0.068506061172 -0.22626436521 
0.035281384491 0.065121719531 -0.01260938054 -0.019072224912 -0.085637851096 -0.16620086914 0.043702032707 -0.063577914444 0.0028345854344 
0.10878585302 -0.11634106355 -0.064864277872 -0.036273792335 -0.039439672431 -0.15111928794 -0.047138348717 -0.059920609468 -0.037094532128 
-0.081005792809 -0.13423014916 -0.075037234739 -0.043874916335 -0.023109134283 -0.037862455908 -0.00055188953697 -0.070992570012 -0.086654190616 
0.025547971996 -0.01299246104 -0.050565418967 -0.014953837797 0.0054206157667 -0.03181015835 -0.00093594269802 -0.010982403454 -0.041006315571 
4.4785155593e-08 -2.8246845483e-08 -1.0959364183e-05 3.2553673209e-05 -4.1475536249e-05 8.4176775678e-05 -7.0737601743e-07 1.5622860195e-06 8.8555382597e-06 
-3.4597521207e-05 1.0685039757e-06 2.497109821e-05 0.0035691864667 -0.00049722491159 -0.01564359191 0.0026225054176 -0.00012795813421 -0.017325148943 
-0.0031904369232 0.0077079326027 -0.010235181869 7.5428332658e-09 1.1108871302e-08 1.8892662677e-07 0.035421515631 -0.069222009319 -0.062703233266 
-0.020983485742 0.0093069078261 -0.022430981575 4.1592928864e-05 -4.0015848545e-05 -0.0012221708658 1.0192469198e-07 -6.6904622303e-07 8.0158183185e-07 
-0.0046837243286 -0.0036142986556 -0.03398190783 -0.0034238205487 -0.0014115941255 -0.013570968528 0.0013229206809 0.0086444273699 -0.027338094712 
-0.005394571426 0.013671298739 -0.031442835227 -0.0035359833217 -0.0070124199515 -0.027535517645 -4.4566764641e-05 0.0020366047895 -0.039101806187 
-0.0022085252609 0.0020664572674 -0.032986277191 -0.0047313331397 -0.0015270010351 -0.028805538231 0.011610799806 -0.0070109272271 -0.033679234299 
0.008074894949 -0.004348270511 -0.02083807106 0.0035662004111 -0.0032950399545 -0.030328341597 0.00066434874789 0.0050965876334 -0.023040244158 
0.0066583598327 0.0038432753241 -0.022683158605 7.9274100342e-08 7.5228244621e-08 8.7973830754e-08 -1.9152610623e-05 2.3361704947e-05 -4.2938180215e-05 
-8.6126918394e-06 -1.6944909596e-05 6.3573154646e-06 -4.4679371347e-06 -1.6794231102e-05 -1.559639835e-05 -2.27913603e-07 -2.7161696517e-06 6.1614282645e-06 
3.090798859e-06 2.366574185e-06 1.890782325e-05 0.007115900526 -0.0022061704017 -0.025223809902 0.0060659669254 0.0041491610267 -0.025220549086 
-0.00052231866674 -0.0061135015753 -0.024554553112 0.0042738864279 -0.0073735424896 -0.036807970719 -0.005156146304 0.0024142688479 -0.023472286055 
0.0040122040564 0.0040154824678 -0.036465760472 0.0067106391505 -0.0011714095028 -0.032420721632 5.0466494342e-05 0.00021892185511 -0.039037457682 
0.0056168146243 0.002099057965 -0.031671106511 0.0060039430518 0.00041032012911 -0.018122215318 -0.003446988451 -0.0068940419437 -0.030268844857 
0.0079186273892 -0.0055034171077 -0.013885269596 -6.7217474635e-16 3.3235710127e-17 -3.9824884064e-05 1.5032374055e-07 3.9841993439e-06 8.2477231967e-05 
-0.0048639282107 -0.0066155629387 -0.026535795287 0.032725002514 0.014065135557 -0.11560300125 -0.026291525962 0.048862020499 -0.056710091928 
0 0 -0.049045095 6.9797426731e-06 1.0438997955e-05 -2.5817463742e-05 0.012691192664 -0.0031035009441 -0.026690012358 
-0.0039033816959 -0.0097902382072 -0.020122815493 0.0043474578842 -0.0065995338526 -0.01201371607 -0.0096936227873 -0.001194354003 -0.028011556385 
0.008127830047 -0.0037169249657 -0.035876488418 -0.0031705587714 0.0077717967244 -0.034457887652 0.0085472830614 0.00050086455028 -0.037351594805 
0.01282633859 -0.0045426846638 -0.026000196648 0.005594381947 -0.0020886652658 -0.034442686219 -0.0061656647928 -0.0033752445783 -0.013798241863 
0.0034829427185 0.0028580045489 -0.031030143471 0.016236375727 0.0084713349372 -0.035412872124 -0.00011619405649 0.00016520078082 0.00023386480978 
1.2261795922e-12 -1.3081572441e-12 4.2198737922e-12 -6.16708734e-11 1.930276614e-10 -6.1590007646e-09 -0.033132654832 0.047355734154 0.02786469208 
0.0084525667618 0.010130228548 -0.065485939745 -1.1040156995e-09 -5.3490461695e-10 -8.8620015596e-07 -7.3771004219e-06 1.5181189833e-06 -3.6251455753e-05 
-1.1128408796e-06 -4.8182604291e-07 -0.0001958241355 0.0072355491026 -0.0015633196952 -0.014351608331 2.0885090156e-07 2.916494059e-05 -8.0261434558e-06 
-0.0027266642375 -0.0045912478614 -0.013351524341 5.3161260041e-08 -1.8612503539e-08 1.3244351204e-05 1.1914074622e-05 -1.2835692433e-05 -0.00017105445626 
-0.0059233632865 0.010724289765 -0.083135892834 -0.025165137742 0.0099240842256 -0.048146939008 -0.0036068742164 0.012936103194 -0.072812376168 
0.056008542087 0.0081074294432 -0.045727910259 0.019544122459 0.11262050666 -0.16831049978 -0.0077722222019 0.067459859563 -0.048298552007 
-0.065273873088 -0.10147376594 -0.039144331344 0.0073038985291 -0.1011192737 -0.11261757408 -0.047306225306 -0.074215259175 -0.090885365269 
-0.023708988848 -0.031925066181 -0.020198694507 -0.047083550099 -0.0061253975568 -0.055256817303 -0.035013933866 -0.041792718107 -0.075157747477 
-1.1507605315e-05 1.3697089352e-06 7.5663021395e-07 -9.4816044579e-06 7.7495861252e-06 -3.1614480534e-08 3.385532444e-05 1.2778903918e-05 -9.629358627e-05 
2.0350590033e-05 -5.7339953136e-05 -4.9175293176e-05 0.0063733302412 0.0079406235452 -0.025854707475 0.00021610999466 -0.00053883009509 -0.00036614238094 
-0.0053179517887 -0.03469802876 -0.057857439503 -1.747594412e-07 5.5923202105e-06 1.6802151945e-06 -1.9027944165e-06 -5.9766669545e-06 1.2342028889e-05 
0.0095763441789 0.00021857784439 -0.0056281348212 -0.00027233921085 -0.010997278465 -0.02682767644 -0.0001581464119 -0.0045455597662 -0.032869854094 
0.0035728152068 0.00068737553593 -0.0097927732984 0.0044886917179 0.0013714516612 -0.02541617533 0.0070101570235 0.0053763564092 -0.02197147196 
0.0091727351244 0.0067667718333 -0.03828588825 0.010672525507 0.017352767304 -0.031816118427 0.0027757640927 0.00013909536916 -0.029261373118 
0.0058731683217 0.0060944658463 -0.016066183 -0.00063616412109 -0.0014305471862 -0.014862965931 5.0909231107e-09 1.0736688837e-08 -1.1143733625e-09 
0.018940605718 -0.00025850896449 -0.096354754169 0.00058879653119 0.019713515654 -0.11384538203 0.05710560814 -0.023057269931 -0.091182536024 
-0.063019519243 -0.08752897253 0.16991162764 -4.5990641709e-06 -1.220904445e-06 -3.0377951616e-05 -0.0024619139702 -0.0086654654573 -0.040765800622 
0.0039827496931 -0.011547539568 -0.011606098815 0.0079926049448 -0.00040558798494 -0.040777743495 0.0022475781211 0.0053813869582 -0.036510234589 
0.00060231994201 0.010743114604 -0.044555517478 0.0080552536556 0.0017888986744 -0.035422250287 -0.0044407310738 0.0081107712887 -0.043816918077 
0.011754300451 -0.010815023757 -0.027459347098 0.0054723549846 0.0038137697075 -0.030080118274 0.0069584637879 0.0020179108708 -0.034527877601 
0.00031654270747 0.0081302725283 -0.0083236386129 0.0071278812373 -0.00014613718235 -0.026271963076 -4.2159895756e-07 1.1971442852e-06 2.0436135513e-05 
0.013204723626 -0.015277397733 -0.061168880326 -0.027055465974 0.012980207464 -0.082312194001 -1.0360768051e-06 -1.6554874347e-06 2.6526463676e-05 
9.7024297498e-07 1.4175288179e-06 2.9978977741e-06 -5.4799227721e-06 -8.8580457417e-06 6.3685262952e-06 0.0084627025772 -0.0053221281552 -0.01454007089 
-0.0027159126936 -0.0036078570752 -0.014876567096 -0.0016125102214 0.016296749769 -0.029269646926 0.015064663746 -0.024160803207 -0.0056493659528 
0.0014601601164 -0.0069173041541 -0.0084449653793 0.012610037993 0.0010983889761 -0.03437276984 0.0080424216311 -0.0020445161808 -0.034387541635 
-0.006859412273 0.00084424481805 -0.025801017321 0.014169348472 0.0069028646706 -0.02832497562 -0.0025569777602 0.0050046053893 -0.030327810927 
0.010595136691 0.00097549496509 -0.032533724297 0.0025758405213 -0.0012788405531 -0.023524188924 0.00038424649213 0.0065444844031 -0.021915544177 
7.2731562074e-06 -2.4986714326e-05 -0.00066562849142 -0.00019308958286 0.00034461569557 0.00015014319046 -5.7082612933e-06 4.0414644775e-06 -3.329928627e-05 
-0.0046702666382 0.00063269205573 -0.05245441673 0.010351200489 0.011464244597 -0.055444756082 -0.017592323542 -0.0026921837858 -0.061417954388 
0.00016784180639 -7.3499737629e-05 0.00066790574072 4.0561117905e-07 3.8092453305e-07 9.8781893011e-05 2.8877488732e-05 7.5678109037e-05 0.00011576765334 
0.00058602259899 -0.010366098367 -0.022702115757 9.2384100643e-06 -3.4559995724e-06 -1.5504929636e-05 3.3862904075e-05 3.9797337913e-05 0.00013478632151 
0.0025830014368 0.013923784713 -0.081624614112 0.016551561317 0.011605861799 -0.042769065621 -0.028449165348 0.0097437572761 -0.15182931621 
0.013744318139 0.025160343704 -0.06549391934 0 0 -0.049045095 -0.052746153033 -0.0001798602209 -0.072245084915 
0.021906027799 0.038303684872 -0.022486074541 0.041542481051 -0.013010561813 -0.090540584863 0.025916576716 0.13409136393 0.15985548107 
-7.3006641186e-05 0.074951676617 -0.055787919638 -0.016336220006 0.094748445504 -0.029463507339 0.020571779429 0.031659966035 -0.17356151234 
0.02315333727 0.047965888437 -0.14961486661 0.0051498085138 -0.095611990594 0.035910780217 0.043749867528 -0.060676160365 -0.10442797433 
0.023461293993 -0.032511612656 -0.19477338726 -0.029549964551 -0.064756237563 0.023964907137 -0.060036123121 -0.0657818028 -0.026538412331 
0.038611000782 -0.036418321603 -0.049970886644 -0.025250731876 -0.0071904635994 -0.12233273313 0.079729719885 -0.0018947465625 -0.03304849438 
-0.11599164465 -0.043256588899 0.02928619639 0.0075734520168 -0.0071519107476 -0.063908275799 2.6237833533e-06 -4.5103539157e-07 3.803585829e-06 
-6.4653116196e-09 3.6586417431e-09 -3.0275159693e-09 1.6376547662e-05 -2.0240512459e-06 1.4539001914e-05 -3.2715087384e-05 -3.4546056638e-05 2.4461736335e-05 
7.9412724636e-06 -8.9479093258e-06 -5.2191897575e-06 0.0040771039387 0.0031797144901 -0.0098621573221 6.0858693108e-06 6.0867737063e-06 -6.8198975155e-05 
-5.7220823297e-06 -5.6387646415e-06 -7.3593856256e-05 1.2431195852e-05 1.7450708338e-06 -8.1678746723e-05 0.11869143243 0.020574242778 0.02607792743 
0.075300093789 -0.022925123709 -0.11608202945 0.13540822779 -0.0015083839264 -0.029230714687 -0.059745924966 -0.026104987477 -0.047753199038 
4.8360006467e-06 8.357254693e-06 2.1080274811e-07 3.3453812907e-09 -1.0801611568e-07 -1.5641316912e-07 6.0129708831e-06 -1.046395244e-05 -6.3436924125e-05 
-7.2244772541e-15 8.3774815884e-15 -3.5525830362e-14 0.0098236233009 -0.0008272210255 -0.016096063833 0.008922426518 -0.0041131070884 -0.024000084257 
0.0056784945029 0.0049569450681 -0.031724588346 -0.0010610732646 0.0075970607608 -0.015090560857 0.0049160254661 0.0047788766764 -0.022789638614 
-0.00098567598189 -0.0031445138324 -0.029933498262 0.0011508594788 0.0070178760741 -0.021643692117 -0.0059358138678 0.0014253366674 -0.047167623628 
0.0013296848288 0.0034689457506 -0.022635991527 0.0091386860703 0.0040377357794 -0.028363100945 0.0029544234243 -0.0019733342353 -0.046272009904 
1.7399304733e-07 3.2200017488e-07 -3.1548395335e-05 -0.0096870305091 -0.026529922022 -0.082370065797 0.020506572694 -0.026525274247 -0.074163196052 
-0.025863577816 0.002036678606 -0.054427150773 3.3503485786e-08 -1.2197585786e-07 1.7997896123e-07 -0.0063717029372 -8.6933229315e-05 -0.019449474809 
-0.0056919187053 0.00087961374087 -0.015988591055 -0.0058338807727 -0.0032951578548 -0.033892773741 0.0040229964665 -0.004492808869 -0.033991481203 
-0.0036098422547 -0.00043290512399 -0.034928927329 0.0057626536733 -0.0030190802682 -0.038189224838 0.00030336597345 0.0042299586232 -0.030734392948 
-0.0082464491066 0.0024117282195 -0.028986701208 0.019477405771 0.0053991966685 -0.036354316642 -0.0054203682428 0.00054814735486 -0.028442426206 
-0.0057095986307 0.0018232849843 -0.029821747646 -0.0044175728118 -0.0054533536642 -0.034255953166 0.0035530169704 0.0037610037534 -0.034256795429 
-4.8711219291e-12 -1.0184858979e-10 -3.4665909398e-07 6.9257754539e-07 -1.5173754251e-06 -2.0436698218e-06 5.5282082321e-08 -5.0200298575e-07 4.0972662216e-07 
0.0018511210392 -0.0006193988495 -0.020481029365 0.0019744220976 -0.0016618823443 -0.022619670571 0.097137975583 -0.079055142257 -0.10867408374 
-0.012108041323 -0.013741169348 -0.032283982813 -3.1663974813e-07 -3.7980191992e-07 -0.00012908641148 -2.7087188888e-08 7.531041437e-08 9.5414135541e-07 
0.0033996960414 -0.0023580467206 -0.023531162556 0.00032926104702 -0.005535533595 -0.0083210493177 -0.0060509078565 -0.002817266255 -0.024625819276 
0.0050452178587 -0.010314685033 -0.038443972238 0.0067440408104 -0.003958309643 -0.017806626934 0.0035116182019 -0.0073195153988 -0.030923973379 
0.0064148435184 -0.0004282959225 -0.028583706519 0.0035855059895 -0.0029174531162 -0.019178652633 0.0019661240874 0.003978716806 -0.0158114719 
0.0076248919719 6.9860387065e-05 -0.022778090092 0.0069227059809 0.0010638603285 -0.020437474061 0.0023341941877 -0.0027502163513 -0.011529002262 
-8.4443945423e-06 -1.391765267e-05 -1.8801988896e-05 2.872622488e-08 -3.319662866e-08 4.122232761e-08 0.053206370074 -0.0084700050191 -0.042594381037 
0.05736952518 0.00038792484596 -0.030830477008 -0.015358619765 0.046534777518 -0.075126087687 0.00065098659046 -0.00075289215058 3.2759710655e-05 
6.0670979276e-05 -2.2156465503e-05 -0.0001947198547 1.408094016e-07 -2.4590466485e-08 -9.4776400325e-05 2.7299836228e-06 -2.1157988106e-06 4.9250086938e-06 
-1.6900123584e-07 2.2500965483e-08 0.00017406973598 0.0068164737629 0.0049104098722 -0.026851789316 1.5423898772e-05 -1.4086629382e-05 -1.8930867696e-05 
-1.199797435e-05 -1.8649922607e-05 -2.7870533887e-05 0.010550362653 0.017296953196 -0.060862179597 0.042740391816 -0.011558774375 -0.079444118338 
-0.071746289318 0.064579154477 -0.036041748585 0 0 -0.049045095 -0.037911833659 0.028693621985 -0.037499560212 
0.030125628414 0.062706933146 -0.031280823667 -0.065339279751 0.064626104452 -0.02458981004 -0.059843224842 0.089699827843 -0.017637969052 
-0.056904607101 -0.12372993477 -0.07284308092 -0.069235932539 -0.067695307259 -0.026339079282 -0.0048849278596 -0.062731290884 -0.084115748325 
0.034794013565 -0.0089888559048 0.0020288604416 0.041452766817 -0.033794227046 -0.13829852314 -0.021937679627 -0.007356055631 -0.014591548757 
0.001366133482 -0.046099533884 -0.040549493093 0 0 -0.049045095 -0.062004377342 0.014099325489 -0.13792681445 
-0.071492251655 -0.012374026354 -0.061852927042 -0.0060755485736 0.0024285813643 -0.10084375071 -0.0105412774 0.0078725900547 -0.062086293243 
0.0035645409005 -0.024151183934 -0.063130609353 6.6736734682e-09 -3.3859802982e-09 -2.506571261e-08 -7.1135094256e-06 9.9402293109e-07 2.4737444339e-05 
-1.3652138862e-06 -3.3725425755e-07 6.0286709812e-06 -0.0028931530974 -0.0015525707631 -0.018722204666 1.8296896268e-09 1.0053777234e-09 -4.8107322464e-09 
-1.1789696884e-08 -8.2817259324e-09 6.0537651729e-08 0 0 -0.049045095 -0.088504796748 0.025660761836 -0.01224955686 
-3.3368432811e-14 6.8814223549e-14 3.5681217759e-11 -0.001703301138 0.0028794919906 -0.020987742641 0.00040210900093 0.00091699902418 -0.014307330784 
0.0033681379778 0.0044250967025 -0.033443049219 0.0054389850287 -0.0026640095251 -0.020981955395 0.002277881696 -0.0021218932495 -0.025031170021 
0.0026591240084 -0.0038440578704 -0.033624129851 0.0010188083906 -0.0028455982909 -0.041430663793 0.00089746687933 -0.00064353414255 -0.041522176504 
0.0052691447278 0.0014987074135 -0.031069669144 -0.0010360979968 -0.0023947196301 -0.02091755206 0.0039584752292 -0.0047299724406 -0.032467780245 
-0.0009701539604 -0.00066226067908 -0.017813257405 -2.1936195016e-06 -2.283609928e-05 7.2511530846e-05 -0.0048407332997 -0.0010003954583 -0.059075550011 
0.082454755198 -0.070345968295 -0.025602135869 -0.0456619849 0.022618963818 -0.044043041371 -0.0050419757042 0.0098356115528 -0.020116769627 
7.3491368054e-07 -6.3843126596e-06 0.00030631411677 0.0040859698752 0.0079481964963 -0.026266980926 0.0021286647812 0.0014599235136 -0.025072662408 
-0.0033010950272 0.006977881207 -0.032982091037 0.0084511065903 -0.0017894286243 -0.03180638337 -0.0016033631511 -0.0022786429365 -0.041107181813 
0.0036459771881 0.0014617853395 -0.033136452936 0.0027040937995 -0.0017368189377 -0.023241523065 0.0061086324063 -0.00557462206 -0.037934088498 
0.0032058564518 -0.0013881961188 -0.023321485527 0.00093660253986 -0.0011070490646 -0.045134367287 -0.012305843588 -0.010238511488 -0.030658824063 
0.0035116197245 -0.0040336154957 -0.0268552804 3.4601259936e-08 5.6111606314e-07 -2.5394259274e-07 1.9869095474e-06 -3.6469046927e-06 0.00010689248054 
-0.0014976087874 -0.0080713435133 -0.0086488580157 0.0037245552919 0.0057003693391 -0.039229040122 0.028274480093 0.019959557575 -0.04993440569 
-1.6559581447e-05 4.6219351984e-06 -0.00047698068193 -1.6564262417e-10 -3.8815121065e-10 -1.4300433312e-07 -3.5332987772e-08 -3.5736100363e-08 -3.9540305841e-06 
0.0068884238898 0.000245836994 -0.016225324602 0.00078553816523 0.00091227106954 -0.019301258473 0.0093111100123 -0.0023368692692 -0.015632799467 
-0.00083044835451 -0.0019717238046 -0.034916840669 0.0012120404393 0.0033549237464 -0.027813557398 0.0013748511238 0.0044875360736 -0.021898662628 
0.0011965950562 0.0084750382197 -0.033273651493 0.0037052618451 0.0057876728621 -0.025289217274 0.0088328007315 0.005437010299 -0.027044561729 
0.0086025578376 -0.0045099159583 -0.026737279563 -0.0097610669007 0.00049149479446 -0.013442983253 0.0035169734529 -0.00081294212634 -0.032028784668 
-0.00015090137389 0.00024294722054 0.00045170857693 7.2247734111e-07 -4.5707720097e-06 2.2296767865e-06 -0.0092967201727 -0.0024844733924 -0.034020918143 
-0.011545107453 0.0048535117013 -0.035284308481 9.5305251736e-11 1.8296872744e-11 2.8343830441e-08 3.2261360186e-06 6.4997987631e-05 4.7176569501e-05 
1.0321687246e-05 -2.1672312395e-05 -3.4470303903e-05 2.112911097e-11 -1.1522732701e-12 -1.7991639861e-08 0.0055453278507 -0.0004887126035 -0.020970978424 
8.3329920868e-07 -8.3041161294e-06 5.3128813852e-05 -0.00015752616478 0.00012400453296 0.00029432618084 0.0032272117993 -0.0074074591768 -0.07932970978 
0.023960487662 0.0011241435834 -0.079209213786 -0.026783282689 0.051214760637 -0.031512095654 -0.00057534791182 -0.0010161075736 -0.047313437667 
-0.022226292612 0.0094882692433 -0.067836856986 0.023439826287 0.01418625175 -0.097299738575 0.050883028726 0.035451798731 -0.060798453111 
0.053514563882 0.067655985794 -0.085994133876 0.055166828424 0.069869171325 -0.18988839412 0.024838291833 0.069853948857 -0.054784207078 
0.059285747596 0.040466322814 -0.089994359919 0.036274325474 0.074623213516 -0.19775726407 -0.0024380673706 -0.071690160956 -0.028432796317 
0.11089388214 -0.0316660463 -0.010418410282 -0.076305046329 -0.039587116967 -0.047823306708 0.022340578646 -0.023378134681 -0.012657725498 
-0.022846331556 -0.007842839534 -0.053764897571 0.01481402402 -0.0087914151036 -0.14720152236 -0.00084960505873 -5.2713518588e-05 -0.00070751354015 
-6.8289044172e-06 -8.1211120191e-06 2.2896589652e-06 4.6283028926e-06 1.2277640383e-07 -5.3043484874e-06 0.010572711769 -0.010408847909 -0.034451902267 
0.0052517983942 0.0062979215219 -0.01581771876 0.0018583041511 0.014557804732 -0.019898837573 -2.4612771148e-07 -9.3869079681e-08 3.0417840991e-07 
2.5590436867e-07 3.8210005268e-08 1.5680140119e-07 3.7476375499e-08 3.3298148793e-08 3.322587842e-07 0.025095150258 0.018254626454 -0.080095211105 
0.081375983293 -0.058652089023 -0.11396255678 5.2768078023e-08 -5.1744499667e-08 0.00016116350549 0.0012700283776 -0.0061483646414 -0.034206902237 
0.0084000416591 -0.0049179510055 -0.032109500135 0.0071000561945 -0.0027161925328 -0.032017839412 0.0093803257766 -0.006712674747 -0.035241832411 
0.0058961634316 -0.0040928545738 -0.037587458818 0.0085161768115 -0.01730202719 -0.03612189042 0.0036745474245 -0.00098527882798 -0.022205841321 
0.00023100871523 0.0013072643629 -0.026169174629 -1.4955143811e-08 -2.4093983983e-08 7.4580995453e-08 0.070739706886 -0.055389639817 -0.10672625767 
5.6637316883e-09 1.3530093013e-07 4.5545029713e-07 0.0046222274897 -0.0063722467667 -0.020997484777 0.0037640034651 0.0028429212385 -0.018908035544 
0.0012971695422 -0.0024776524002 -0.029749447626 0.0016552826649 -0.0066699499773 -0.043795467449 -0.00099656386887 -0.0062152234554 -0.029637058344 
-0.0031704965797 0.0022575336489 -0.018542820108 0.0027132421049 -0.0051745256076 -0.032912664652 0.010354835713 -0.0060991328613 -0.041354534015 
0.0058973520202 0.00045103555139 -0.040756505048 0.0049390177318 -0.0090073039103 -0.038707140928 0.0045899866008 -0.0027199207466 -0.030909914992 
0.0025088756016 -0.00088813297564 -0.03509439273 0.0060033140406 0.008695142145 -0.037736016779 0.0042651839705 -0.0082782509045 -0.045568781599 
-0.014809623796 -0.0074116800304 -0.028506641977 0.00078861101052 0.0084044878223 -0.034777896446 -5.9151361163e-07 3.9137061514e-05 -4.7912759797e-05 
0.0081927091809 -0.0022050253527 -0.029836926183 -0.0029777190072 0.0010489242267 -0.032494590997 -0.0084253740478 0.0033720235628 -0.0302427389 
0.022727359833 -0.0091053409584 -0.079524426742 1.9923175206e-07 4.5929401984e-07 7.1292241023e-05 0.0058404785361 -0.0019925038159 -0.021673723813 
-0.00060807869993 -0.0018574153464 -0.01159301259 0.0099247978992 -0.014813140205 -0.026233640705 -0.0024948937114 -0.00078025320455 -0.033887929905 
-0.00010690097328 -0.0012638816569 -0.032189764211 0.0017422753514 -0.0027849015921 -0.01207950277 0.0034608163146 0.0014408331033 -0.025811700808 
-0.0051948739999 -0.010693795428 -0.0056682288423 0.0034213673442 0.0076494207482 -0.026439431825 -0.0068919788884 -0.0037077887623 -0.01955266852 
-0.0048801368118 0.0077440281935 -0.036277204055 -1.7585752445e-07 -1.3277911107e-07 -1.0100324216e-06 -4.6314910783e-06 8.554836273e-06 2.6914104393e-05 
-8.1175703049e-07 2.5609248116e-06 5.1873757031e-07 -0.0066811050641 -0.010069436662 -0.086657125597 -0.00032829431146 0.00029602121028 -0.00024980756396 
2.2227787152e-05 -8.3109987976e-05 0.00027295941384 -0.00010830555792 2.7661945114e-05 -0.00023028677767 2.1309435096e-16 1.1730728799e-16 -6.975247359e-18 
-0.00010478212278 -0.00010991135885 -0.00034211848741 -6.1940477727e-07 3.2392375529e-07 -8.2022328029e-06 -4.4288215594e-06 8.9991308725e-07 -0.00033333462831 
-0.0065002279232 0.0060770021369 -0.058561064323 -0.048634173925 0.062007216004 -0.025955500743 0 0 -0.049045095 
0 0 -0.049045095 0.0056095071267 0.026084224915 -0.041585761805 -0.015997691087 0.018761548823 -0.053117049124 
0.010422838342 0.039919922234 -0.045614552009 0.051712844921 0.037611993934 -0.19747188549 -0.07539790554 0.11235167753 -0.0093072682879 
0.013886056373 0.068401758837 -0.027509755159 -0.026700912326 0.065422948612 -0.011658643251 0.053246878229 0.041689773169 -0.045716459836 
0.067417584837 0.052557780427 -0.10095876098 0.15016741663 0.014879682058 -0.19278456116 0.028546822825 -0.095095405404 0.024784411492 
0.039148683394 -0.081039516795 0.059662021323 -0.038843861177 -0.032552813945 -0.042234723412 0.060413576333 -0.03482797227 -0.045780755474 
-0.099637451416 -0.033322344916 -0.078051471397 -0.023392761049 -0.0353080079 -0.038375594363 0.001288472364 -0.05006341836 -0.025153419681 
-0.035099000465 -0.035766720925 -0.10597020062 0.021948250656 -0.028811682925 -0.040925433164 -0.076968151522 0.053448381858 -0.22243646674 
-0.0011836022292 0.00019326718621 -0.053764230458 -4.6707984609e-16 -7.1644662758e-16 1.0817354632e-14 3.0020580305e-05 5.1665785449e-05 1.245270701e-05 
-1.1896033585e-05 -3.6530154535e-05 -0.00013729489854 0.00026677802046 -0.00056515849629 -0.000874497191 2.3651611265e-05 -1.3265086722e-06 -0.0021368067466 
0.0071403573003 0.01546754042 -0.031984235193 -1.2138340457e-07 -1.2647037965e-07 -1.4073458683e-07 -6.1727921354e-05 -2.1434410542e-05 -0.00017037290085 
-5.5794817834e-06 -1.9916034867e-06 1.2447859481e-05 -0.010019796484 -0.054226653986 -0.017071888552 1.0637960409e-09 2.7671699793e-09 -4.2693733943e-06 
9.6659279828e-05 -0.0001981340546 3.3598124096e-05 0.0074090441407 0.007487201638 -0.022429637596 -0.00093346482565 -0.0028088611056 -0.03280853076 
0.0011557772266 -0.010337048773 -0.037734662466 -0.011100353005 -0.016320631507 -0.029160604757 0.0030185838931 -0.0047207111895 -0.022125647469 
0.0055679312181 -0.010417539232 -0.02740300515 0.014259809719 0.010927023441 -0.040838667601 -0.0058900622315 0.0057180127139 -0.010849023909 
0.0022089487049 0.0047124088108 -0.029969594269 -0.0064241713772 0.010934546866 -0.025676658385 -0.0021362891116 0.01713860924 -0.04074810727 
-0.00041630414902 0.00055782834119 -0.0007713842294 -0.054201177997 -0.035223492416 -0.023932872303 -8.09173412e-09 -9.8347623958e-08 3.4434699494e-07 
-3.9886862813e-05 -9.8248647274e-06 0.00015191783416 -0.0043202998951 -0.011205217262 -0.024427927491 0.0056282060067 -0.0061646209614 -0.019170158884 
0.00050758113878 -0.0076452485319 -0.03198210466 0.0057498340727 -0.011996634226 -0.034911295254 0.0015287398156 0.001910956596 -0.029064173979 
-0.0069368732135 -0.0047244903623 -0.035431571313 0.0024340662374 -0.0054316464155 -0.04354258328 0.00199286147 -0.0052641438019 -0.023976215391 
6.3331280202e-05 0.0034927669404 -0.03606364293 0.0068299420852 0.0051765417832 -0.042450204039 0.009355361289 -0.0096731123282 -0.031121032412 
0.0066947780152 0.0099268001109 -0.036254193794 -0.00035243285743 0.013540932135 -0.027061732828 0.00047959467254 -5.1093347716e-05 0.00024609506337 
-3.8350585793e-15 1.0108332385e-15 3.8635040446e-15 -0.00453471588 -0.028431709082 -0.060572825884 0.040453215831 0.025280853911 -0.012801577858 
-0.058701930701 0.024335300243 -0.05685784032 -1.1819972955e-08 -7.2147285204e-08 -2.2445634228e-05 4.2822188337e-07 5.3074511876e-07 9.0516432647e-07 
-0.0081059995642 -0.0096655374574 -0.031340743408 -0.0030574161308 0.0012628739371 -0.036570513473 0.0012434435503 -0.004313695631 -0.030570508917 
-0.010555674279 0.0089389190304 -0.022626336332 -0.0036081025256 -0.0011852309353 -0.03442680624 0.0096163809678 0.0043385328437 -0.032867499592 
0.0095136578361 -0.00010840841254 -0.028100913033 -0.019774896775 -0.0069698901906 -0.019213713628 0.0013245757956 0.0044463122586 -0.025962554384 
0.0037477043887 -0.00066081681053 -0.010660466478 -0.0003610013987 -0.0057338760217 -0.012678386599 -0.00096511701748 0.0018848649453 -0.022289269265 
-0.00099095617515 0.014299694905 -0.040361216264 3.1465933676e-05 -3.0392720421e-05 -0.00023419930658 9.6208221321e-05 -0.00010934880757 -0.00022223360971 
1.7993086156e-05 -5.4313303665e-06 -0.00014242451979 0.019379535392 -0.014490477037 -0.058194965792 0.061432963798 0.055450245593 -0.15232388464 
-0.020389222538 0.037107554624 0.00028364552247 -0.015660422831 0.024184642629 -0.01161474111 -0.018840908477 -0.021801569241 -0.043071577059 
-1.257795952e-05 1.1349333594e-05 7.5027451188e-05 4.4642836673e-07 1.6405412008e-07 0.00015247646 1.8646411324e-06 3.2435115935e-06 7.3669621539e-06 
-0.0028672771703 -0.0055756852801 -0.018233311628 -3.8909518401e-07 -8.0902070294e-09 -1.3129254173e-06 7.183332517e-07 -3.5934969894e-07 8.1108592921e-06 
-0.0018961580563 -0.0011602385691 -0.063391939323 -0.008094903005 0.010386670358 -0.02676494558 0.0232099521 0.013680657154 -0.1170626859 
0.042978271449 0.017092420024 -0.035588779506 0.089657576701 0.01887825637 0.0010005960992 0.00069223633014 0.021959811933 -0.060464931449 
-0.0086865698966 0.026871011036 -0.058613783845 0.041979140252 0.050505693828 0.025068918391 0.01151932555 0.051566536695 -0.12111654029 
-0.039287352481 -0.10284130287 -0.11286158144 -0.16140321013 -0.067962060859 0.0040192566027 -5.9686791895e-05 -0.094281557607 -0.045173420948 
-0.10290025118 -0.11350960511 -0.054296835407 0.059883029027 -0.049272051612 -0.13913602454 -0.014802721015 -0.044620132316 -0.062350752376 
0.039947964141 -0.054335654633 -0.051230636999 -0.017133035337 -0.035985449914 -0.030383905268 -0.053497701896 0.0017791686916 -0.067119710895 
-0.015679037121 -0.026126854948 -0.051033992316 8.3112876481e-19 2.0319449279e-17 1.1288215178e-18 5.6374407473e-08 -4.0985866547e-08 -4.4997246249e-08 
8.75580493e-06 -3.1065968297e-06 1.0682243702e-06 0.01551165838 0.00014236839222 -0.029714575736 -9.7282148615e-06 -9.3712565747e-07 8.2349999822e-07 
0.0064279855516 -0.012569863748 -0.03361816679 8.9990429309e-08 1.046432206e-07 6.0528097201e-07 0.025970920989 -0.00012188982683 -0.048973022879 
0.043033969893 -0.016510414309 -0.041106527876 0.043795346019 -0.022094153249 -0.0830139602 -0.012343240917 0.015447475062 -0.051847157088 
-0.035007856821 0.0012254719586 0.0034708219408 -0.00021225268389 -9.352848983e-05 -7.5973778571e-05 -0.0023845162311 0.0022897876518 -0.025089786586 
0.005562532436 -0.011445933223 -0.033069586385 0.0080917914534 -0.0033505431739 -0.01786182571 0.0030086686379 -0.0024138272501 -0.03256281175 
0.0018777354 0.0032382189361 -0.040912355672 0.008873050848 0.0073753037932 -0.016898574663 -0.0039169408528 0.0016359197313 -0.027978198567 
-0.0038089235849 -0.0023609932398 -0.026657471916 8.8809023386e-05 0.00066382407353 -0.032615498882 0.0011136539136 -0.0012331124081 -0.032543449263 
-6.0541572092e-05 0.00015103022126 -0.00013871282834 -9.3777051441e-10 -7.8393593837e-10 2.348243252e-07 -8.0775103284e-09 -2.7876909367e-08 3.1422882616e-09 
-0.013606808698 -0.044498705644 -0.044911319641 0 0 -0.049045095 5.6120120508e-09 -1.0124046407e-07 1.2492405426e-08 
0.006753229989 -0.0029288621416 -0.012804743132 0.0066984677944 0.0034607317217 -0.0092297911353 0.0024354716028 -0.0017883476652 -0.012203790348 
0.0017117635735 -0.0033551388919 -0.03617747541 0.011916401001 -0.000240724816 -0.041212843084 0.0043502953792 -0.0024926651368 -0.042355019222 
-0.0096506427952 0.00022844887161 -0.03267829087 0.0069071610971 0.0050247109424 -0.034498557435 0.0028409464514 -0.0053064936362 -0.043274777994 
0.0003058142262 -0.0031782691771 -0.034565634947 -0.00094453744217 0.0023921196857 -0.030262990347 0.010752804064 0.0012336718142 -0.027779314559 
-0.014693107032 0.0082488269243 -0.01467034339 1.5501664062e-09 4.2016594362e-09 2.6029713227e-08 3.0647138803e-07 8.3645499838e-07 2.5537773189e-06 
0.0085318986517 -0.0013993489981 -0.03818234448 -0.070378347909 -0.041078538628 -0.030785579572 -0.037856323082 -0.0076919558473 -0.024395957706 
-0.031147941824 -0.0073865186564 -0.058412405552 -1.8654089378e-08 -4.9535004013e-08 -9.3905474029e-08 0.00036146017544 -0.0001318511818 0.00040254890846 
4.9748954935e-09 2.8651270272e-08 4.1536316363e-07 -0.0037259929884 -0.0018794206154 -0.022291699858 -0.00076662351755 0.0012036036906 -0.034896186091 
0.00011740798499 0.0046466524172 -0.033055034308 0.0084257231245 -0.0090750280192 -0.033316698508 -0.0078745847348 0.00098618893791 -0.028699076902 
-0.0088119700672 -0.0032891029149 -0.029983714287 -0.0034651908955 -0.0022251201486 -0.025551526257 0.0038644629563 -0.0053783396474 -0.015437304417 
-0.012859053669 0.0059024601468 -0.013843246056 0.0038522056043 0.0026855687683 -0.016843428955 -0.0015589157276 -0.0046674544981 -0.031752534442 
-0.0062983997518 0.0077244302072 -0.016831143645 1.5627674876e-06 -1.6434356959e-06 -6.8846953005e-07 0.078184095395 0.0077883963496 -0.0339899547 
0.10413488165 0.10642519353 -0.17503378898 -0.0082089203708 0.0022773933896 -0.044315998916 -0.012027739888 0.0049935554606 -0.052064321677 
-2.9305180152e-07 2.6204065311e-07 1.5346020466e-06 1.1289594665e-05 -5.2331239064e-06 -3.7171707976e-05 7.4849906416e-07 3.6598575618e-07 -5.9060018892e-06 
-0.0001020699939 0.00015580918176 -0.00012543289905 2.1029536738e-06 -6.8279023256e-07 -4.8079132437e-06 -0.0044720589731 -0.010298910736 -0.019133822465 
-2.0445799056e-06 3.7570384345e-07 -7.78407641e-06 1.4106180869e-05 -1.5097396349e-05 -0.00056787510304 0.097132164274 0.10514238386 -0.18108484879 
-0.069346751636 0.037445416548 -0.0030036266507 -0.0051976487744 0.013083624405 -0.016721137362 -0.012394730034 -0.017656301865 -0.068533851027 
-0.10412373906 0.067771929104 0.052491605316 0.045256957909 0.1043936296 -0.013085355171 0.04601880389 0.12836605724 0.042270059515 
0.11172932875 -0.10004751431 -0.11148796897 0.047152840089 -0.0435035125 -0.063703067696 0.12589285 -0.039514922746 -0.075728003524 
-0.032792900404 -0.037396186755 -0.074863265429 -0.017718472239 -0.010461514627 -0.05969856358 -0.026065570488 -0.0086817521211 -0.048470533629 
-0.02076136858 -0.006379172858 -0.051492693958 0.0064956990571 -0.0095324758831 -0.049305703665 0.046420071195 -0.041238118606 -0.087736079989 
-0.015277107446 0.010004497659 -0.13925003268 -0.0070773829935 -0.0099531539303 -0.047882578251 -8.2762382515e-08 5.2779230737e-08 -1.2277501674e-05 
-3.2988097097e-06 1.3866067304e-06 0.00090080764649 7.0274062134e-08 -1.3664114554e-08 0.00038979526971 2.2384783887e-05 -8.939648794e-07 2.2416480333e-05 
-1.0867905772e-06 2.0581708874e-06 3.0598445702e-06 -6.0802142962e-06 -7.3655244836e-06 -4.5182332594e-05 -0.001019748574 -0.016801850966 -0.046602344678 
7.2207134931e-09 -1.6166184774e-08 2.8198781743e-08 -2.5118999834e-08 2.1841997624e-08 -1.6429213677e-07 -0.0064181332086 0.0028395830912 -0.032939466527 
0.0043668702728 0.0076858871663 -0.031812205467 0.00038966257568 -0.00096706834185 -0.027483716077 0.0053575312498 -0.00049259747464 -0.034093625961 
0.0069380807751 -0.0061319501176 -0.019038578631 6.9794476885e-05 -0.0052004432968 -0.024407175459 -0.010834290437 0.0021638718671 -0.034668924999 
1.8414576958e-05 -0.0055852730762 -0.038546875608 0.0057024809437 -0.004673057472 -0.038763750717 0.0021980751693 0.0061912278488 -0.016257765754 
-0.0045782314651 -0.0033402916262 -0.034992376024 0.0025226455 -0.004547579464 -0.041714402621 -0.00082857621709 0.0034595332298 -0.026990738828 
0.0045259445054 -0.0044965754398 -0.024022346053 4.233541889e-09 2.5222620351e-08 2.5175752693e-08 -3.5378190823e-15 -1.6712110265e-15 -5.2122064924e-13 
0.0041259782709 -0.005681506148 -0.10694806428 -0.020376512078 -0.0045162731105 -0.05252019376 8.0601818018e-08 2.2034748151e-06 5.3151895485e-06 
6.4236678644e-10 1.1082340938e-07 -3.1185938616e-07 0.0020227462385 0.0024130942051 -0.022785390522 -0.0039115865915 0.0051485401659 -0.024715326156 
-0.0040564299895 0.002542138895 -0.043813520844 -0.010496817047 0.0010022222029 -0.022755819393 0.0093886956097 -0.0011434649009 -0.041266127041 
0.00079003502606 -0.00077325876148 -0.037478299621 0.0072031238801 -0.0035861800512 -0.050166933046 0.013262719968 -0.0010768495905 -0.041472386835 
0.0012707712378 -0.0082884270914 -0.025865242248 -0.0029055526109 0.0037435612723 -0.029246553168 -0.0047409510447 -0.0020404268123 -0.030933679511 
-2.6947153661e-08 8.365676746e-07 -6.2787066486e-07 5.2212719415e-07 -1.1158306322e-06 2.6115149263e-06 0.011427146253 0.0044965278945 -0.041903048874 
0.0085842876297 -0.0080164766945 -0.066240149381 -0.028487876904 -0.010417219777 -0.033762806316 0.001458837043 0.0057976773429 -0.039410322519 
1.2097790036e-08 2.2452560506e-08 -5.7820093662e-08 -0.0013031602035 -0.015230347866 -0.0081910546943 -0.0014995637212 -0.0023800788098 -0.028339111177 
0.0049162776478 0.0065654384711 -0.017138726726 -0.0073527680429 -0.00254519995 -0.020264681825 0.00047356219661 -0.0043626694159 -0.022782870017 
0.0069264362357 -0.0059090865764 -0.036661411106 -0.0075696721201 0.003281872721 -0.031421447464 -0.0037244545368 0.0076527128941 -0.0097857646994 
-0.010235904902 0.0011643115308 -0.021782336796 -0.0065646671061 0.0048131096497 -0.027867256816 0.0048016701368 0.0036226512751 -0.014161328436 
0.0014609878979 0.0013497669239 -0.03133810295 -1.3714665138e-05 1.5914722609e-05 5.7855227723e-05 -4.0008240616e-07 7.2188372854e-07 3.8366638732e-07 
0 0 -0.049045095 -0.051598024774 0.0021765890924 -0.03103789943 -0.015247199677 0.014472836035 -0.03422035712 
-0.0037995763481 0.0051153732054 -0.043425467641 -6.2710226137e-07 -4.180712854e-06 -4.6289362116e-06 -2.7195799915e-09 -1.6823730952e-08 2.6181465831e-05 
-2.4220235214e-07 -5.8088786284e-06 1.1097046372e-05 -0.003226030941 -0.0034957607178 -0.014046582304 -0.0012002469353 0.00073389823724 -0.026948640862 
-1.6602779669e-06 1.0996128123e-06 -4.0019822753e-06 0.039049372111 0.056128175447 -0.058457959909 0.078815872563 -0.026285014592 -0.1369467046 
-0.037548734166 0.0058813211672 -0.089066641773 -0.014636859956 0.01745666447 -0.041302450115 0.013933520766 0.035287462336 -0.034683365108 
0.029491409161 0.014410093966 -0.01170846506 0.067337160462 0.034513870552 -0.089996854935 0.16055281514 0.052116857398 -0.016925982134 
-0.076002701856 0.049382024056 0.027887352471 -0.049556094536 0.029678406981 -0.03611061249 -0.029883021806 0.059822105596 -0.16226025234 
-0.023034426612 0.072550752984 -0.090605443222 0.012498594206 0.059853689546 -0.084225724113 0.011421756065 0.10378953854 -0.027032780419 
0.13903070544 0.11089540191 -0.10563591903 -0.10617006341 -0.1096293473 -0.16870624422 -0.10065678464 -0.1006092779 -0.12740103759 
0.012178523121 -0.0080981969164 -0.054955666143 0.092240893418 -0.021574487754 -0.0085407896787 0.091747549925 -0.06132058277 -0.11459011701 
-0.0034138399684 -0.027809544099 -0.059759020655 -1.3425978289e-10 6.2406034336e-11 -1.9457549675e-10 2.8556304281e-05 1.1203737256e-05 4.8435746071e-06 
1.488145645e-05 -4.8360405386e-05 -9.3556825779e-06 -3.9000626189e-06 -4.5681501014e-07 2.9654171321e-05 -5.1142566096e-08 -5.0745382808e-08 -5.0565421263e-08 
-0.05455881442 -0.036273601917 -0.14405288052 0.00021510653367 -0.031524236061 -0.062238937785 3.9719882427e-10 -4.7235561601e-10 4.4650625541e-09 
0.00097265013852 -0.0030609956225 -0.02495576945 0.0032628380168 -0.0022832793936 -0.02099904401 0.0014851790307 0.0034586586873 -0.017901563842 
0.0042948962179 0.0061841512842 -0.030004805518 0.0051966677771 0.0054554548607 -0.035396837626 0.013940865411 -0.003457333256 -0.044534810272 
0.01004039123 -0.0029976962944 -0.041679709511 -0.0061734030399 0.0071976754068 -0.012263130642 -4.7469157833e-05 0.0024874406813 -0.031977969538 
-0.0022965830681 0.0030771795129 -0.016566761327 0.013701277618 -0.010145104503 -0.035663612951 -0.0060006490161 0.0017675600264 -0.022436561148 
-0.00047787644821 0.00026054878441 0.00072258168787 -6.0478968713e-09 -2.0972194796e-08 1.2487289991e-07 -0.0025961815145 -0.010730562236 -0.053082729048 
3.4474199783e-08 -3.12464313e-06 9.2505493293e-06 0.0001269260371 6.4933334768e-05 9.1010455698e-05 -0.0067247226125 -0.0069525424597 -0.02700251939 
-0.0032600098945 -0.0064217210875 -0.018335920543 -0.0042119412864 0.00095581080779 -0.036577809804 0.0044277488502 -0.0035370791515 -0.039538104998 
-0.00094376673389 -0.00744229377 -0.040465671984 0.0022777412466 -0.0056114421306 -0.034032504262 -0.001372730597 -0.0084060576193 -0.029015543389 
0.0023847263703 -0.0051557713408 -0.036264365191 0.0051689549617 -0.0013040248337 -0.039584347476 -0.0045378196147 -0.0026051532081 -0.040098460454 
0.0014092992051 -0.0011094851307 -0.03811390401 0.0050821008957 0.0034622438628 -0.033687563306 -0.0014016056199 0.0007071460882 -0.030931986276 
-0.0055135516619 0.0012849421874 -0.021926955671 -0.0085964669893 -0.0016597107149 -0.032833318717 0.0042203353218 0.0074339441195 -0.016269031626 
-0.0015717777258 -0.00011202633863 -0.00057296907068 9.0232662229e-08 -1.3877589003e-06 -7.6519042774e-07 0.078955741982 -0.0071798205732 -0.1128384647 
0.10520749928 -0.028219017315 -0.10117169322 -0.0011916790408 0.0051315306425 -0.037739313029 0.00026738484564 -0.00095570791093 -0.047202529846 
0.00031743885142 -0.00016504883681 8.3078301956e-05 1.7570554323e-07 2.8943863807e-07 -0.00016889781351 0.00013765768382 -6.6959146948e-07 0.00037886507867 
-0.0031526787166 0.0035292748017 -0.028258815682 0.012444948436 -0.012271532198 -0.0089991452284 -0.002550525621 -0.0079870796989 -0.020990943093 
-0.00036056372083 -0.0017523877367 -0.01490598956 -0.003090771016 0.0013987047378 -0.033019466342 -0.010314577927 0.004879843555 -0.027828938141 
-0.0048628596212 -0.0082155037907 -0.027477627932 0.0028058013338 0.0046094861696 -0.031431014424 -0.0014141211458 0.0041216622633 -0.027860729997 
-0.0020961526001 0.012709453367 -0.035984799915 -2.6005096346e-06 5.2769538449e-06 -4.218970224e-06 -1.4027039886e-05 3.5772539094e-06 1.6738492062e-05 
0.0068918432451 -0.0020586852783 -0.049300027738 0.031341163497 -0.013176994083 -0.042886445298 0.07036487315 -0.045438728774 -0.074966372839 
0.082047702568 -0.011817466415 -0.08518128858 -0.0050851432186 0.0017842739194 -0.065425758536 -2.1357416484e-05 4.9018175314e-05 5.3991980082e-05 
-5.5364062947e-06 -2.9307141245e-06 6.2626935073e-06 7.8544276591e-06 6.9109534231e-06 5.7743759415e-06 -4.1845418077e-05 0.00030575506705 -0.00018055071355 
-0.0069509181322 0.00016030434272 -0.023393839642 2.4276687146e-06 -9.9577896532e-07 0.00019646089007 2.0861167293e-06 -2.5897054515e-06 -5.5851948029e-06 
-0.062606936519 0.034255872872 -0.034936797752 -0.0008528531781 0.02930095328 -0.014592881836 -0.012465391976 0.028697668123 -0.028266206915 
-0.01259356507 0.034355575958 -0.033010928848 -0.031426495985 0.042251255784 -0.11502219706 0.050735588735 0.07684404063 -0.08228518277 
0.149646037 -0.041420492694 0.16514429181 0.0048229833408 -0.083613204274 -0.14443310426 -0.072231966579 -0.03488849701 0.02453022344 
-0.10100593516 -0.020812422922 0.0047623723921 0.053816501839 -6.024759196e-05 -0.12753813355 0.044098826371 -0.028160320923 -0.01762492053 
0.087215241162 -0.063146342931 -0.1474155905 0 0 -0.049045095 6.6701318719e-06 3.1287247938e-06 5.2858292052e-06 
9.7447081734e-05 0.00012529993319 9.2756738984e-05 0.0068229145133 0.0040502203817 -0.020011481407 0.0041095231296 0.0058846765712 -0.018354851004 
4.8723385963e-06 -3.6832769868e-06 -4.0575332846e-05 -2.2266152396e-08 -1.1622896489e-08 -5.0220161567e-06 0.069854125124 0.029085531507 -0.071909864382 
0.013538767637 -0.010431690929 -0.052778990729 8.7913148842e-06 -1.2382440355e-05 -0.0029958768391 -3.7924688065e-10 6.2282339216e-10 3.0925876385e-10 
-3.177785449e-06 8.466249113e-06 0.0024855760231 0.0038285593094 -0.0044598640311 -0.022187999361 0.0044481701102 0.00040766279417 -0.037433061568 
0.0026512352776 -0.0070594656038 -0.019076531476 0.004078153941 -0.0028914876002 -0.029747658801 0.0042604023129 0.0026481239692 -0.032279839674 
-0.0030318414242 -0.0069306941378 -0.036438538954 -0.012044979791 -0.0022423443842 -0.011023525212 0.0062446060326 0.0058333031383 -0.03352471974 
-0.010544204887 -0.0015332740917 -0.027437976081 0.0030539248293 0.0017859184208 -0.02873105413 9.9128629795e-09 3.2558314848e-08 -1.039801173e-07 
-4.8727197169e-10 -2.6147922205e-10 -1.6616101729e-09 -0.058546048349 0.070812912266 -0.090963572883 -0.056698340251 0.0087343789016 -0.15338089779 
-0.0016152191442 0.00054709859241 -0.048370769084 2.3446517823e-07 2.6565391807e-06 8.6482402683e-06 0.0023900274397 -0.00062395298672 -0.027784985646 
0.0062496525903 -0.0018357463029 -0.018715890965 0.0067167953795 -0.0029252966446 -0.024718818864 0.0095927346929 -0.010123690807 -0.032957580337 
0.0050129582726 -0.004492749858 -0.038850209913 0.0035194762271 -0.0043935659656 -0.028070063072 -0.0033088243962 0.0013823436201 -0.036199463494 
0.0022435638005 0.0069207962744 -0.036823297733 -0.011084730174 0.014569381039 -0.027691678498 0.00022998958598 0.00038577346848 -0.035776621035 
-0.0036767302552 0.00394375905 -0.024728924257 -0.015327191728 -0.0030271867964 -0.012473848635 -9.1710241365e-07 4.8508487542e-06 -2.5788831591e-06 
-0.0031428687919 -0.0054492886157 -0.018850580817 0.015114253481 0.0047367815298 -0.01863677409 -0.0081668559437 -0.0060272344135 -0.038583257772 
-1.075709385e-05 -3.955996522e-06 6.0603952002e-05 -1.7547732951e-07 -7.6938646454e-08 2.1828715997e-06 -1.5741112608e-05 -7.6217081483e-06 -3.6950606186e-05 
-0.0070137038259 0.0051203787869 -0.025254500021 -0.0077501024003 -0.0022337008558 -0.01756253291 0.0031737940389 -0.0087964780917 -0.03052295873 
-0.0034153009687 -0.00014222775076 -0.035984861108 -0.0029501108821 -0.012177744894 -0.03300219579 -0.0092405262316 -0.011480441846 -0.02169480566 
-0.0071043857738 -0.0019447873356 -0.019738035423 -0.0028340015808 -0.0013022097214 -0.022417001759 -0.0054867434421 -0.0078421111087 -0.021316594718 
6.400093056e-07 -2.9350286564e-06 -2.0656219185e-06 1.8790324304e-06 1.8774376173e-06 2.6683868842e-07 0.024986423062 -0.012256791966 -0.06220551347 
-0.0437953821 -0.0031282175598 -0.066890028168 -0.014662570291 -0.0036162971552 -0.036938874055 -0.011900757444 0.0028341356453 -0.039749416124 
0.031764096869 0.056897771928 -0.069516281679 -2.043187328e-06 -1.302026626e-06 -4.2758055163e-06 5.4609698798e-06 2.8112511539e-06 -6.3777661507e-06 
-6.7964517043e-06 -6.6221819983e-06 -5.8523186501e-06 -0.0050057444489 -0.0023502346755 -0.021047531094 3.4473270793e-06 -4.7585972768e-06 2.8393887984e-05 
-1.1013351373e-07 -6.6554004081e-06 -2.9127069728e-06 -5.403364992e-06 1.9410452258e-05 5.2357319315e-05 -5.266872824e-09 1.6074861428e-09 -1.9947326126e-06 
-2.776679452e-05 1.0991204612e-05 4.388774799e-05 0.045784264475 0.0065061354674 -0.09229520928 0.040059036072 0.060695524499 -0.14079918113 
0.067285506307 -0.0026749731034 -0.034084128427 -0.035142787361 0.054224059604 -0.038193540867 -0.090144184466 0.061989623574 -0.079280886389 
0.091576869854 0.10759377623 -0.057320171283 0.028819485427 -0.10721513672 -0.081890581181 0.069089201723 -0.076203127483 -0.10738945417 
0.076210988425 -0.022887280088 -0.059866563815 -0.096811413359 -0.096062831053 -0.061608825918 0.015396713262 0.0013692080848 -0.002903296655 
1.3691005619e-07 -3.673088427e-08 -1.9482317273e-07 4.5886044643e-10 -2.8280137997e-10 -7.3076781801e-11 1.810380545e-06 -4.5963871161e-07 1.7318253132e-05 
6.9700624106e-06 1.8582314926e-07 8.6035264185e-06 4.8561139612e-06 2.7505667302e-07 -3.273892399e-07 1.4335034031e-06 -8.0190511801e-08 -6.0442438397e-06 
6.6507212205e-08 2.455603975e-08 8.3751251998e-07 -1.9423944588e-16 4.6384598082e-16 1.0470818824e-16 -3.1579056475e-08 -2.6007151661e-08 -8.4833578503e-08 
-0.032140588944 -0.026953792894 -0.10145086064 -0.011260384002 -0.011677531757 -0.053771674376 7.7162393121e-10 1.6802301509e-10 -1.6418622e-06 
0.0023828820314 -0.00261106631 -0.025560657658 -0.0014984878757 -0.00054080782043 -0.028435909686 0.0033282551627 0.00026333084467 -0.0352464636 
-0.01178830227 -0.0025999928114 -0.025857760982 0.0049738414667 -0.0042307283139 -0.018836677875 0.0055095088318 0.0012403027213 -0.023425610298 
0.0015706574613 0.00086114571243 -0.032184393646 -0.00098056177615 -0.0015104382392 -0.031974729325 -0.0009504959049 -0.00048038385886 -0.022162144265 
-0.0081153282141 0.0027148503959 -0.031302632615 0.0099844005548 0.0045979012431 -0.022423594261 -0.005174177751 -0.010527955579 -0.024025046691 
0.0012781141195 -0.0034660352035 -0.027990032133 -0.009550768717 -0.0017154359743 -0.028133183223 -0.0054575083904 -0.0020402681988 -0.01835824766 
-1.5270371261e-05 -4.3673848492e-05 0.0011132879427 -1.4025513781e-08 -3.3943689877e-08 -2.9305518057e-08 0.018873235288 0.020872488202 -0.031464865333 
0.020606447171 -0.0089337640725 -0.0068946659038 0.038521029707 -0.026381999354 -0.083211332591 -0.0002656667716 9.5616740313e-05 8.7469639501e-06 
-1.81805963e-06 -1.0377743071e-05 6.1138230274e-07 0.0087001129667 0.00060856826205 -0.014771417848 0.0046957256797 0.00016478191597 -0.036702817872 
0.0061154045246 0.00091372303814 -0.035865466228 -0.0045807245718 -0.0015799710613 -0.028133324972 0.0055060608965 0.0029795952639 -0.033216595233 
-0.001005845827 0.0076655993127 -0.030058299085 0.0013442154702 -0.0018329289442 -0.03504801471 -0.0033278268367 0.0036080495356 -0.034047156179 
-0.0031963896168 -0.0011325570018 -0.030545450397 -0.0007688485874 0.0033109786326 -0.02494524559 0.011220004603 0.0084457726917 -0.033922711736 
-0.0034201847412 0.0070986483308 -0.032542973821 -0.00124460569 -0.0030457300508 -0.022405300375 1.9266617388e-06 -1.0182683203e-05 8.2270774588e-06 
-0.00068044799939 -0.0032007196556 -0.022515160479 -0.016529066379 0.0055076707799 -0.051302338905 -0.02087658887 0.015137234306 -0.048084374982 
-1.144144973e-07 -1.3443861046e-07 -2.2590877415e-05 6.9444935266e-08 4.2039396842e-06 2.1038321478e-05 -0.0068249610451 0.0035832607832 -0.02289092268 
-0.0034849642135 0.00025381274158 -0.020508673763 -0.0043932417477 -0.00054938958657 -0.022679131923 -0.0091475776389 0.0040633171302 -0.021768819397 
0.0040541942791 -0.0091921111924 -0.027895580409 -0.001209037135 0.0063771615766 -0.023386413536 -0.0067248956455 0.0035388642698 -0.02899546968 
-0.0072703242328 -0.0030880528795 -0.020667830591 0.00096971035832 -0.0057305779931 -0.034147601282 0.0034402247254 0.0014063651414 -0.02286605275 
0.0049426857726 0.0048174847206 -0.020508437503 0.0046036097646 0.0021544622753 -0.020139706766 0.0047391531125 -0.0035134470599 -0.02972061189 
-0.0074669193522 -0.00091744877074 -0.01221797251 -3.794897964e-05 8.3015594782e-05 -0.0037327028995 0.0092483220811 0.019181949833 -0.044710149201 
0.035608046306 0.014607622376 -0.068058161352 0.075580399364 -0.014600121101 -0.02931041805 -4.4134240236e-05 1.3530514021e-05 3.6500451929e-06 
-2.1391165002e-06 -1.2684460469e-06 7.3549573486e-06 -3.046950981e-05 6.3486766743e-05 -1.8846652126e-05 -0.0034891404419 -0.0076767100251 -0.017052223614 
-1.0450068245e-08 1.0148951918e-08 -5.746179309e-09 2.6520780359e-12 -3.705929466e-11 4.4906418747e-08 4.1092552248e-08 -3.2192826597e-09 -1.3771617863e-07 
0.00018538142538 -0.00018023210539 0.00074806208147 0.0036338356374 0.033229427212 0.0011025906043 0.099178821498 -0.0012847027343 -0.014288613083 
-0.05247444087 0.029981665301 -0.050848302534 0.00037611476829 0.06577473719 -0.06434739114 0.085573529485 0.053822644241 -0.022655865642 
0.055612376009 0.14327531502 -0.011570079391 0.10818508999 -0.11714810221 -0.13866772105 0.078305535266 -0.10624229918 -0.035274988652 
0.10084436367 -0.08578622642 -0.13419813332 -0.008578643605 -0.18782641065 -0.14498904021 -0.11247407334 -0.036425136334 -0.057265161062 
0.067107767544 -0.031099324904 -0.060243312562 0.12551023649 -0.07143569382 -0.094452386918 0.0077089052189 -0.065443470889 -0.05498627115 
0.043681965645 -0.018507406289 -0.067139462858 -0.0030123546106 0.011637641121 -0.10803473149 0 0 -0.049045095 
-1.2472511949e-09 7.5220237693e-10 -1.2648859317e-09 1.0522107219e-06 -9.621501746e-08 -2.64500457e-05 0.00065422211005 0.0012604127898 -0.020225373385 
0.0020752335649 0.0077628508891 -0.022787559903 2.828592042e-08 -5.281207093e-08 2.4267190773e-07 0.0047880213206 0.0016898762668 0.0077102673364 
0.09908703211 -0.088778203202 -0.055148597195 -0.076355001178 -0.042051938946 -0.052840810833 -2.3947200226e-06 4.540428575e-06 -0.00020425806136 
0.0081524015163 -0.0093139787822 -0.033992290193 -0.001646926866 -0.002101063127 -0.030024042654 0.012998094654 -0.0069082177415 -0.019309788836 
0.0061350585039 0.0068929318023 -0.034432243847 -0.0028849380035 -0.0059773935904 -0.023570407499 0.00015052052832 -0.0029997410812 -0.029105853818 
-0.0040879404 -0.00021743646338 -0.028919184243 -0.013107883688 0.0076651187251 -0.020179031209 -0.0070405549606 0.00079075845023 -0.019029101567 
0.00055516160909 0.0034768271228 -0.023697092459 -3.8176978864e-08 2.5556681287e-07 9.8673642167e-08 -3.2947361519e-07 -6.2602301305e-07 7.4610023684e-07 
0.046394313738 -0.024347027383 -0.14331040997 0.045589365368 -0.078097110946 -0.073007518921 -0.033867628672 -0.00060855515229 -0.10082727982 
1.1679316319e-06 1.8392330769e-06 -8.5756473236e-06 -0.00014584244337 -0.0001530342003 -3.4846847072e-05 0.0086753509516 -0.0065180393525 -0.015904043191 
-0.0023576417379 -0.0085847021933 -0.027257318995 -0.0027104744836 -0.013253887096 -0.033216386357 -0.0092635212113 -0.0072874703198 -0.036212646135 
-0.0037549314555 -0.0036911367313 -0.032062603046 0.0011815113438 -0.002163141166 -0.028763031492 -0.0039547281427 -0.0011325113572 -0.028336144645 
0.0071450143443 -0.0039052129102 -0.035587149865 0.00076540300283 0.0011762384533 -0.025483119249 0.01154543673 -0.0056407830279 -0.031652060334 
0.00073082679452 0.0024856710047 -0.017305654422 -0.0017229695755 -0.0080551400354 -0.02333159492 9.6537214792e-17 3.1119256323e-17 -1.0461457207e-09 
1.1443558549e-06 6.027680348e-07 -4.0603867813e-05 0.00968857392 -0.006906138109 -0.021797200359 0.0058242979006 -0.0013212737329 -0.021177625079 
-0.0042386786183 -0.013151220239 -0.068428057426 -0.026236619511 -0.0047615397178 -0.073954782172 -1.6950198577e-08 -8.2992350604e-09 3.6359975112e-05 
-3.3996009809e-05 6.9221255332e-05 -0.00013550694823 0.00043614880579 0.0017857919666 -0.03081944039 0.0012960368842 -0.0056567399417 -0.024863857905 
0.0024827763786 0.0047975171214 -0.032746799761 -0.0045497976231 -0.0046918290778 -0.014874526847 -0.0011536294294 0.0006680770319 -0.031743461439 
0.0070341793874 0.0043954113822 -0.030296847742 0.0048111938528 -0.0013252102267 -0.02649965204 -0.0012942536762 -0.0020956269968 -0.019772993875 
-0.00049231430868 -0.0108375122 -0.013543378436 -0.00025185976639 0.0082232421678 -0.020771681518 0.0031253243488 0.00043055258074 -0.02726057878 
0.00035750700737 -0.00019940933026 -0.00027842862197 0.025457494652 0.0097368063651 -0.034433874626 -0.02431697126 -0.0079434653419 -0.066943093989 
-0.017250246394 0.0064210540867 -0.041184214701 6.8247250736e-05 7.1881273393e-05 1.7126551192e-05 -2.4201178938e-05 0.00010047493288 -1.7703251977e-05 
2.654449284e-09 1.1438137916e-09 -4.0703415758e-06 -0.0065560446313 -0.0054042879891 -0.010581278517 -1.2497923675e-06 1.244506653e-05 -5.5610822964e-06 
-0.0037649699976 0.005729642716 -0.025033845655 3.8619796209e-07 -1.8436927685e-08 2.3776154032e-06 -1.3747565991e-07 7.8183082427e-09 -5.6036005917e-07 
-0.00068015965712 0.028423686952 -0.018641085021 0.055887887923 0.012307385767 -0.015982622792 -0.032864541027 0.033975092326 0.017968741772 
0.042554467496 0.027997414119 -0.073369585139 -0.089790395688 -0.1131861037 -0.11861656858 0.0068260377601 -0.055527189034 -0.047703670156 
-0.035604739378 -0.0065298247585 -0.02231166259 0.024416219471 -0.036681109377 -0.03986072623 -0.033346191152 0.015612136833 -0.055027056157 
0.0055957473776 -0.011232887713 -0.063041992941 1.7235377816e-16 1.354290875e-16 -7.3055725782e-18 -2.0889223747e-06 1.2704095776e-06 1.2704221547e-05 
-0.00016722765087 7.4056574685e-05 -0.00091371593028 1.728204268e-09 -4.2987124557e-10 2.3560897493e-07 -1.3531087932e-05 -1.5341618642e-07 -1.6095684776e-05 
-0.0047311737422 -0.0048231476341 -0.028142819551 4.7134139678e-06 -2.0730469605e-06 -6.8825315299e-06 -2.3161443452e-05 2.3096330131e-05 1.1666057909e-05 
-3.9354851263e-09 3.760762325e-09 -5.2652832098e-07 -1.7767183019e-16 6.2404061567e-18 2.0431006054e-16 0.0014880361583 -0.0042360930767 -0.018736221276 
0.0027452106917 -0.0039811883132 -0.020096135612 -0.010407151469 0.0035222736902 -0.039953444459 -0.0037777190839 0.0096836216046 -0.017830778325 
0.007261688106 0.0026282927894 -0.028953841773 0.0019338647108 0.00035954642439 -0.031349306186 0.0085249425778 0.0016597444219 -0.029815220812 
0.0058869233658 0.0039191830573 -0.027626521566 0.0062551202116 -0.002244516251 -0.025752902069 -0.0035192220848 0.012905669806 -0.020574938035 
-0.0018732973583 0.010923521872 -0.0059423463444 -0.0040067646732 0.0067526965929 -0.019962936121 2.5903437171e-17 -3.1625475864e-16 -2.9687142602e-17 
3.9875170973e-07 3.4100707719e-07 3.3502574466e-06 -0.081308440125 0.032069052201 -0.055426914088 0.0028656028839 -0.0076660430726 -0.058834526338 
9.2012449136e-15 -1.1568572593e-12 1.7339351762e-12 -2.5554238492e-16 -1.9988207471e-17 1.5471384582e-15 -0.0095811102769 0.0071429176693 -0.02178439026 
-0.0041966211352 0.0046191038625 -0.0354272176 -0.0054313508924 0.0085682550496 -0.033789866717 -0.0099371994952 -0.0047008349775 -0.021759935473 
-0.019398701934 -0.011678822182 -0.045037367137 0.00092087717136 0.014412866052 -0.024934135166 -0.0015838423334 0.0040363329049 -0.035254092549 
-0.0029747897674 0.011443825841 -0.034308609583 -0.017892063483 -0.005190768876 -0.024749018566 0.0034752762036 0.020127011279 -0.025405654715 
-0.0057659476742 -0.015995821208 -0.027357237794 -0.014176801526 0.00088332496071 -0.024283160076 -0.0037057941472 -0.016132231415 -0.0014458453889 
1.449711191e-06 6.8969820331e-06 -8.6323376814e-06 2.6358144193e-06 -1.4620866313e-05 2.3878912953e-05 -0.0077566231669 -0.0043287757656 -0.021368511771 
0.086137613454 -0.050130625234 -0.025181681369 -1.0240872982e-05 -1.5223101564e-05 -2.0193417292e-05 -0.00013111105235 -0.00021606189149 -0.00016282995665 
-0.0086941149286 0.0077610560484 -0.014726299166 0.005451327227 0.0023891843141 -0.013686926526 0.001897324655 0.0084440860028 -0.022224681329 
0.017801814221 -0.00099127507541 -0.043068799433 -0.00065451800358 -0.0080019996 -0.027264396289 0.0064194627388 0.012954499325 -0.033211316031 
-0.0059888142586 -0.0035665437835 -0.0082609861326 -0.0029342624115 0.013854229072 -0.03218138358 -0.014355311106 -0.012073232926 -0.040322769551 
1.72005599e-05 -2.5719640541e-05 -7.8769579203e-05 -5.6807951858e-09 5.0756543696e-09 -7.953152326e-07 8.7136469396e-08 -2.3054076636e-07 -0.00011871910117 
0.090846178161 -0.046605819717 -0.032236682296 -0.13319314561 0.087332949751 -0.056419147077 -0.020819849231 -0.010722392855 -0.0491014776 
-5.0556763743e-07 -2.1031508097e-07 -1.125819073e-06 1.1664505271e-05 -9.5524588194e-06 1.0245915236e-05 -1.1320112414e-05 -2.9935781642e-06 2.5937506051e-05 
-1.1037570918e-06 1.6482880343e-07 7.0923979377e-07 0.0032709251055 0.0082121520848 -0.037721481459 -2.2622012707e-15 -1.6283659093e-14 -2.4983524025e-17 
3.6338796957e-12 -9.3139560667e-12 -2.9094387155e-09 0.032051966575 -0.003311061741 -0.050371014983 0.0055490075402 0.028678668138 -0.023449050241 
0.049340968686 0.014831871428 -0.055227003664 -0.010448140241 0.034701852498 -0.037625782358 0.104592155 0.052816027404 -0.0035251022169 
-0.04029772031 0.086588573563 -0.05904746706 -0.037256290839 0.084490538381 -0.097939543908 0.12680986294 0.086895468525 -0.064621050454 
-0.070043049568 -0.095918435889 0.0064756325825 -0.0039815546079 -0.069378571916 -0.031029585015 0.11460411563 -0.092001619704 -0.084905357683 
-0.026086730039 -0.048641112276 -0.028849982848 -3.4334713027e-05 -4.8431187319e-06 -7.9981446325e-05 1.6552498964e-06 -1.016390764e-06 2.5696474969e-05 
-9.6876017321e-05 -2.2423653073e-05 -1.7186819534e-05 8.9703917838e-06 -2.5996862949e-06 1.3528790594e-05 2.8008824573e-06 -3.8550235978e-07 -5.4042988421e-06 
1.3871386543e-07 -3.8828960034e-07 2.3451237684e-06 -0.036318869127 -0.015006429254 -0.047812519776 -2.149225721e-05 -1.3540611546e-05 -3.74333441e-05 
-1.1615059705e-07 2.7635477695e-07 -7.5340127059e-05 0.00661599945 0.0072033966296 -0.0037428695793 -0.0063501331501 -0.013438775159 -0.040682325671 
-0.01591186141 -0.0023506816407 -0.032879154214 0.016879264825 -0.001103884478 -0.034289056534 0.0032690942845 0.003133489598 -0.0299173922 
-0.0090178014455 0.016368765521 -0.01257304558 -0.008074973382 -0.0041556129906 -0.020436604375 -0.0085154320651 -0.0024463039449 -0.01765606451 
-0.003470265295 -0.016165132665 -0.021751965798 -0.012339279022 0.0036281856029 -0.018616033463 0.0033957841212 0.0016302660041 -0.0053901183154 
0.00012636293731 -0.0039776559017 -0.019138346407 4.4991464239e-16 3.7126961664e-17 6.9672395892e-17 -2.686774662e-08 -2.2806853083e-08 6.581109957e-08 
-2.2949299314e-08 2.6565848392e-08 -6.6122198615e-05 -1.9863932132e-06 -3.2995606439e-06 -1.9594161115e-05 -3.7212261929e-08 -3.1845488543e-07 -3.7971749835e-07 
0.017564611702 -0.0037945526901 -0.021283337543 0.0015446362453 -0.0048298622657 -0.038658044352 -0.0014856382103 -0.016167631305 -0.04651368873 
-0.00051200727859 -0.0066529806321 -0.025349510581 -0.0072250552745 -0.012509742238 -0.03094584609 -0.0016783663675 0.001154802324 -0.03723930535 
0.001305889461 -0.020234987343 -0.036864043851 -0.026768159382 0.0044342116618 -0.021938748837 0.0016932517902 -0.0075088580047 -0.030005151879 
0.016718831786 -0.0061689090697 -0.043013357115 0.024002753109 -0.010633843088 -0.047280468756 0.0037126108267 -0.021916606001 -0.010378434856 
3.8717954547e-06 -4.7372030111e-05 0.00018975490502 -0.019433639746 -0.0035147147594 -0.011050403633 0.16788572638 0.061553590675 -0.046648957194 
-5.1033879523e-09 -2.1869645743e-07 1.3852365213e-06 0.00010623979376 0.00015613797392 0.00018779277254 -3.9313589862e-05 -2.1145020373e-05 -4.0583483098e-05 
-0.0042861362217 -0.0021971813243 -0.028388722583 0.0074841977762 -0.0013725292268 -0.032773433784 0.0095218386975 -0.0079439445192 -0.02141045789 
0.021965834594 -0.0061529141221 -0.023839887905 -0.0013163090748 4.913423372e-05 -0.023436094017 -0.010253772177 -0.0032855247646 -0.048008740431 
-0.020479000793 -0.0016654301791 -0.02719486777 -0.0036653693625 -0.0078368565334 -0.026899208145 -0.0084140751714 0.0067296250122 -0.020355197216 
-0.0040887672144 -0.0043744522493 -0.0095485989935 -0.0067745525676 0.00082708168569 -0.053757380892 -1.311109108e-05 3.6234344625e-07 0.00019780897287 
-5.7153222706e-05 8.4197740822e-05 -0.0083671638758 0.010118824128 -0.016614413206 -0.018813928775 -0.11150728982 0.0047128014763 -0.092193255299 
-0.039502226801 0.014922773095 -0.038664863169 7.5149805731e-07 3.4093216866e-07 -5.3740779426e-07 -8.679753625e-09 2.1170629576e-09 -1.1740604776e-06 
5.9978416396e-10 2.0598120524e-10 3.2730200985e-07 -1.1656623173e-07 3.9299803224e-08 -2.6860984371e-06 0.076180504198 0.033013202696 -0.051956081857 
-0.021262592699 0.059102956914 -0.045776110737 0.06896354031 0.055292667504 -0.024958188166 -0.096596956541 0.10218842285 0.14331245189 
-0.03496580151 -0.052645169222 -0.00043507571805 -1.7921666118e-05 2.5317026219e-05 -1.8131343419e-05 2.6127845885e-17 -2.0088671909e-16 -6.9168864428e-19 
1.184375204e-06 -1.5396420236e-05 2.7511598464e-06 -1.9899033791e-06 -3.4076264744e-06 1.5379039756e-05 7.6459559229e-08 -1.7868120575e-06 6.7048405623e-06 
0.0023020053551 -0.015321019854 -0.0088615943138 1.800278919e-07 1.4765906384e-07 7.2064067937e-08 9.059632239e-06 3.404612097e-06 -0.00011188022195 
-7.9851692588e-05 -5.720338762e-05 -4.5216904751e-05 -0.00013083072581 -0.00013327412103 -2.1748461885e-05 0.017303733908 0.0038155403365 -0.015488270241 
-0.02683615352 -0.018339870399 -0.011465698363 -0.0085800800301 -0.0027904384845 -0.01035046112 0.020855542268 -0.0047467281538 -0.027592571352 
0.014157497891 0.045165455191 -0.038811117538 -0.0096190728401 0.017695939229 0.010872120393 -0.0031019069473 0.0009268783325 -0.021559902994 
0.003890695817 0.0074322523956 -0.0059735150679 -2.441681608e-08 -6.1681486572e-08 2.4262650386e-07 2.7137081105e-08 9.1856595314e-10 3.4951090714e-07 
0.11587570779 0.004703599234 0.019934400303 -4.615403622e-14 2.6868076785e-13 1.1139002275e-10 0.0026849926025 0.012891084052 -0.024977446664 
0.0071210868643 0.010999510893 -0.039233257243 -0.0026136120142 -0.02476897159 -0.027825560308 0.011778556195 0.01816658026 -0.04461309753 
0.005460090176 -0.025924160117 -0.030125190017 0.010804762179 0.020224788747 -0.056375153178 0.012555313554 -0.016925393774 -0.021059255627 
-0.019187305913 -0.008500303959 -0.03808707707 0.031061314723 -0.013509654252 -0.03417923791 8.5544383656e-17 1.2212739135e-17 -1.6572635265e-19 
2.8599805843e-06 1.8830993961e-05 -0.00039033002284 3.4930945791e-10 -1.2722709157e-09 -3.9724438076e-10 -9.5298696362e-10 3.2311390158e-09 -3.3027763047e-09 
7.8932389176e-07 8.4009245438e-07 1.0296065856e-06 -2.6031969693e-08 7.6931108178e-09 4.6242207957e-06 0.015763640879 -0.020799523489 -0.023578636943 
0.013730142948 0.0014094059789 -0.010107768795 0.014419496055 -0.0095765431394 -0.0065459316585 0.0022989172518 -0.016977866006 -0.0058036880593 
-0.0021963679055 0.0058316562971 -0.0056260097775 0.00038776364465 -0.010339476842 -0.023735644836 0.0098735936851 0.0076862050898 -0.028227745599 
0.0022394629335 -0.024017447349 -0.0072894197681 0.017914333433 0.030424612393 -0.04084423253 -0.003993405538 -0.0019459710052 -0.0075114393675 
0.033359464679 -0.036130919982 -0.050323494218 0.013360716812 -0.0048081804992 -0.029736382279 3.6442056854e-09 -4.2874801537e-09 9.5418897365e-07 
-8.4503674891e-10 8.5360151853e-10 9.4229507489e-10 -0.035676178026 0.022629835374 0.0059149134084 1.511330073e-05 4.3879348376e-06 -0.00012298988459 
-1.4864972416e-05 -4.2026976718e-06 -0.00012557573259 -4.1510280685e-09 -8.8629495591e-09 -1.4849475908e-05 1.2204645457e-10 -1.0779426067e-11 -2.4214382794e-09 
-8.6265335627e-09 -2.4833337514e-09 2.927376918e-07 6.2375195918e-08 -2.4895114424e-08 -2.694423629e-06 -1.0071867622e-06 -1.2589314546e-06 4.0604419403e-06 
0.036987495304 0.0048348610404 -0.0021238901483 0.098228700637 0.00045605114149 -0.057758951188 0.084232701524 0.024837942539 -0.020218814467 
0.098070941863 0.16275420484 -0.080285250531 0.070288055945 0.089402900998 -0.10478472084 -0.17601645621 -0.13417194002 0.1165210485 
-0.089680002791 -0.076484716702 -0.28977658349 -7.8140719254e-11 2.3930371948e-11 -7.3985370562e-11 5.2958559571e-12 9.5052137482e-13 1.2350287742e-12 
-0.0012218912268 -0.034691284944 -0.029272464057 2.7282383202e-15 2.560466324e-14 -1.5643518543e-15 -8.7915927251e-08 -3.1991533592e-08 -1.4169495053e-07 
-0.016426897481 0.001443233046 -0.064928941617 -2.0796793867e-14 -1.2870254434e-13 -7.9689360265e-13 9.4141876526e-14 2.8230373442e-13 -5.7259809022e-12 
0.028524032801 -0.032302211315 -0.039910769094 0.04346503977 -0.053506299803 -0.035803335471 -2.7416403055e-06 -4.367726141e-06 1.6270621907e-05 
-2.7556804585e-14 -4.0951011858e-14 2.8720448076e-13 5.4313615125e-08 -1.5485233839e-07 3.0161119379e-07 0.027470899269 0.010172643687 -0.019922823632 
-0.028844703355 -0.0030271113378 -0.035208523107 0.051629852722 -0.02319899731 -0.026812353076 0.030602703584 -0.028252304769 -0.018429135246 
-0.018498047599 -0.022731909381 -0.035495590883 0.064612722335 -0.028483902627 -0.031316892828 0.015678281287 -0.032616231884 -0.054744736402 
4.2922671094e-16 6.4360056554e-17 -8.1301032207e-10 -6.8882689872e-05 -0.0001784009782 -0.0012810380047 -9.3740075252e-07 -1.5932362134e-06 -3.8215108435e-06 
-6.5908355467e-08 2.2231829959e-07 1.5503608336e-06 1.7095262544e-07 7.193643566e-07 -2.1273302354e-06 1.4571477356e-07 1.8997465184e-07 -3.3005448529e-07 
0.015957312384 -0.028530922572 -0.067925667556 -0.022085646588 -0.022620022661 -0.056505044601 0.019242286287 -0.022245215759 -0.05015485576 
0.050805817397 -0.019083926608 -0.049513788079 -0.0054181725613 -0.017233626476 -0.028258174921 -4.7634521048e-08 8.0244288432e-08 -4.357850281e-08 
-7.9849220978e-08 1.2967695934e-07 3.5309219684e-08 9.2288242838e-06 -1.0790123257e-06 -6.3900453018e-05 -1.967946309e-05 -1.3138030174e-05 -1.8435670981e-05 
-1.2224496823e-06 2.9213426171e-06 -9.2392485755e-06 -0.012842188986 -0.051679392795 0.016408937721 7.3885087687e-07 1.4558732387e-06 4.5053803384e-06 
-1.5615845704e-07 5.6109622626e-08 8.2287976642e-05 0.047208570497 0.026025091411 -0.02314423608 -0.030927872095 0.12956450338 -0.023099978009 
-0.030746347565 -0.097232511832 0.028941262811 0.02668738431 -0.049649582966 -0.033618021995 2.1907836101e-12 7.879109163e-13 8.2705623918e-12 
5.7744950575e-11 -1.3855034285e-11 -2.157590976e-10 -4.0973853028e-12 5.4416654247e-12 4.9072515182e-11 1.7913808016e-16 1.330709106e-16 9.5387004507e-18 
-4.8767801541e-12 -1.2238539691e-12 -7.8370592945e-12 1.5748139938e-12 8.2128277972e-13 2.2615675487e-12 -5.0231003579e-13 9.1721549561e-14 -1.4962380846e-12 
1.3736148431e-13 -1.2252562436e-13 2.0741129405e-11 -0.039645336821 -0.017176126453 -0.12925317138 -0.035928472937 -0.0083864293977 -0.0926331137 
-1.8883272822e-08 5.6152847897e-08 5.6224438808e-07 2.125869907e-08 -4.9859566644e-08 5.8403228237e-08 0.038834266978 -0.029643693455 0.010257400969 
0.030294996883 -0.038125700395 -0.02794392881 -0.040878196458 -0.0090762222379 -0.017784381921 -0.0037787341255 0.012116895576 0.014859960254 
3.7712330837e-17 1.9578354226e-16 -6.0605585548e-17 0 0 -0.049045095 -2.823828968e-16 -1.4225993732e-17 -3.1352873694e-18 
-3.9028273866e-08 -2.9993663894e-07 1.3542273818e-07 0.0090722292368 0.03422969522 -0.021644223711 -0.079156269499 0.014912212592 -0.02925435265 
-0.017317261021 -0.019943845999 -0.052243022809 0.028854781204 0.068559792685 -0.047199431353 0.0066132378106 0.02951826903 -0.0032171118714 
-0.0059398620232 -0.0038633378892 -0.011823082556 0.0035201080445 -0.042799016776 -0.017671373312 1.9134497817e-10 -2.5492870899e-10 5.380140205e-11 
2.9201159508e-09 -1.3689786911e-08 5.9427702104e-08 2.5852613596e-07 2.3026467395e-07 -8.820423837e-05 -1.2396704976e-16 1.6689875044e-16 -1.4338726278e-17 
0.0062668732564 -0.00046799224107 -0.043453896835 -0.010136884532 0.031852454655 -0.04222665648 0.047183012576 -0.0033431618108 -0.009434447052 
0.03632475556 0.0012647293244 -0.0053450146406 0.060177003867 -0.0097362291557 -0.02210625381 0.026630386912 -0.033125471661 -0.026976318702 
0.056085909745 0.0090293800642 -0.040076787461 -5.1818992871e-09 1.5703114967e-08 -1.6973346734e-08 8.2664607435e-08 3.0471721759e-08 -3.9105545359e-06 
3.2827361554e-08 -1.7498614299e-08 2.7955874464e-07 -1.4771810025e-08 -2.445032024e-08 1.8546217953e-06 -2.3337484921e-07 2.6986277085e-07 -5.0889636082e-07 
1.4056115624e-07 -1.2280529243e-07 -7.0782847194e-07 -1.4117185115e-07 4.9592623446e-08 6.3939816031e-08 0.035507202414 -0.067413811329 -0.083586169268 
0.11553937728 -0.079656822571 -0.050194370237 0.013529895638 -0.055796220848 -0.055485834333 -0.039180401493 -0.071360506687 -0.078148051839 
-6.3311939867e-11 3.5792910939e-11 2.1093205481e-08 -1.7756181435e-13 6.5852534183e-13 6.0887652054e-12 -1.1156890192e-11 5.9905559843e-12 -1.2049954297e-11 
2.1782007419e-08 1.0083698487e-08 -1.008284992e-08 -2.2736598373e-09 3.8133085485e-09 -3.6336099113e-08 -5.2627114888e-09 7.4129399702e-09 1.4079597358e-08 
-0.021221761668 0.030395122561 -0.091729829378 0.038488571221 0.056442891125 -0.10037097936 -0.011703391944 -0.0016913595804 0.024089751544 
-0.070259921536 0.0062705846354 0.025000358887 7.4265308139e-11 -9.3540082554e-11 1.0097411328e-09 2.6852366464e-16 -5.1480338258e-17 -1.2027386793e-16 
1.7639104219e-14 2.955764359e-14 3.0672949168e-13 0.0085099223615 -0.035216864654 -0.0050247322382 0.0032548418043 -0.001873486931 -0.067743604454 
-0.015897537242 -0.026259511181 0.018101054271 0.0037198624825 -0.012881602188 0.0088791979753 1.2352873746e-09 -1.9494978278e-09 -9.7571729914e-10 
-0.064198195205 0.020147726676 -0.070584525498 -0.027516236238 -0.0010367879975 -0.05177581146 1.1537606118e-08 6.1329989815e-08 7.4130766087e-05 
0.029240102506 1.4060080059e-05 -0.035861835485 0.025939075568 0.021810234769 0.015202216423 0.011311643587 0.024011179396 -0.011914340569 
0.039360082447 0.035101661881 -0.022066412369 -0.0093646751148 0.017923370423 -0.031354565262 -7.6155698627e-11 2.5137426212e-10 9.1959212713e-09 
4.9266342476e-16 8.1989996934e-16 1.8043757369e-16 1.3028105214e-15 -1.8722512196e-15 -3.7725187107e-16 -2.7563150857e-09 -1.2306171056e-09 2.6671149139e-09 
-3.2265995369e-09 -2.7109990916e-10 1.4531425549e-07 1.2044302346e-16 2.11012714e-16 7.9005420136e-17 -8.7671493138e-17 -1.7995670425e-16 -3.6802471925e-17 
0.051716580486 0.062007973124 -0.050911916985 0.008873027121 0.010400677209 -0.13896807065 -0.079649309011 -0.082545534212 -0.033962552472 
-0.0064686084804 -0.011195687979 -0.034899622905 -0.016012224849 0.0056654342607 -0.037947200682 1.5482797397e-08 -1.1824111893e-08 -2.6127765136e-09 
7.0719531815e-10 -6.1556596967e-10 2.8142929988e-09 1.6417666704e-18 -5.2493929322e-17 -2.258453638e-17 -1.0453512548e-07 2.8369634033e-08 1.2470907349e-07 
-4.8718167974e-08 -2.916734301e-08 1.5861710171e-08 -7.0038768175e-05 -6.4251098668e-05 -7.7204112022e-05 -1.2939958392e-07 2.7973861366e-07 6.0943246745e-07 
-6.1096875905e-06 9.8840570966e-06 -6.0768120168e-05 3.7517865563e-06 -7.7470010792e-06 -3.4776624033e-05 -0.014456421097 0.017129492557 0.021793299623 
-0.0057652960747 -0.056752719438 -0.034156907302 0.019976128043 0.0021532176898 -0.033223854187 -0.010899192901 -0.086788307479 -0.0082223362574 
2.365859025e-11 4.5330973817e-11 5.6764110279e-11 -1.8275531118e-10 -3.2244233033e-10 -2.1922931735e-10 -5.3799135903e-06 1.352665021e-05 -1.84420983e-05 
0.057710727287 0.086832032465 -0.031311929326 -0.0044542435895 -0.065554255826 -0.044377320294 0.021540987423 0.041640981433 -0.013021172575 
-0.0097582906105 -0.0550836414 0.0083386527106 -6.7751370635e-11 3.1718289828e-10 -1.2925517045e-10 1.3531849924e-16 -8.8198519546e-19 1.5519813473e-18 
0.037107964726 -0.0036094222379 -0.058621512374 -9.4695713444e-16 -1.8358776509e-14 7.2078005257e-14 -4.7600385789e-17 2.8093689041e-16 1.5875677345e-16 
3.4326327619e-16 -2.0882762481e-16 -1.2601886335e-16 -0.0069044405361 0.024462994427 -0.033261636749 0.021083805321 0.0062509249069 -0.0034970852904 
-0.026903845225 -0.019025377358 -0.022305407407 0.017285733227 -0.0055286569918 -0.033733311776 0.02586325475 0.0093831644027 -0.0067805013838 
-0.033041254743 -0.0025387632799 -0.042376313847 -1.3750063625e-16 3.8273120953e-17 5.0271300464e-17 -4.1960140678e-12 -1.5045219619e-12 -2.0046232565e-11 
1.949419748e-07 -2.0361834041e-07 -8.1072999158e-08 1.2034893488e-08 8.0674310921e-10 -1.7555296916e-08 3.8353125063e-16 -5.0989276292e-16 1.3025866722e-17 
2.2373967589e-08 1.4662418299e-09 5.1391176311e-08 -1.3220618914e-08 5.0230411216e-09 4.3206220703e-08 -5.8924377086e-09 -2.5325166763e-09 8.6501568847e-08 
4.6267437522e-09 -9.6552401665e-10 -1.2447846737e-08 -0.034875151062 0.036960501172 -0.04783032698 -1.0107631448e-15 -7.6105486622e-16 -8.405978361e-16 
-2.2993805367e-16 5.1195173266e-17 -9.2673726656e-17 9.78316059e-17 -1.004844713e-16 1.7358458647e-16 1.5290740413e-16 -5.0961510534e-16 1.3983066091e-16 
-3.7705029373e-16 4.778400557e-16 6.2999922348e-17 -1.0894191684e-16 -4.2628559943e-17 -1.2403081142e-16 0.030353914201 -0.012241351356 -0.0032573827398 
-0.053850362312 0.023498777725 -0.01061990731 1.6804301904e-16 2.3060466609e-17 -1.7436481876e-16 -3.3506892495e-14 -1.9010623771e-13 -1.1232172801e-12 
-3.2293541083e-14 -2.4059066226e-13 -8.4760725892e-13 -0.017824362355 -0.044818487453 -0.03673772438 -0.016484129871 -0.0120583965 -0.046289929065 
0.0024081750847 0.027885758686 -0.034341380866 5.3486837937e-17 -1.6508763462e-16 1.608458761e-16 -7.2731617229e-15 -2.6806158659e-15 -1.5889957337e-15 
-8.5195143454e-15 -6.7176266394e-14 7.6017472087e-14 -0.038829361133 -0.0070067643635 -0.022577357042 0.083272838641 0.083043251178 -0.028556058385 
-3.270399854e-12 4.9439410022e-12 -4.5133807831e-11 -6.9764873192e-13 6.0682119693e-13 2.4674222489e-12 -2.3315886029e-14 -2.3386177162e-14 -3.0394930658e-14 
1.9322110752e-16 -6.0882202746e-16 1.0642026456e-16 -5.0167962439e-17 1.2149195297e-17 -3.9201013008e-16 4.6276824608e-12 4.6739783794e-13 8.7648432891e-12 
3.3947131044e-13 -9.8770953941e-15 -4.8439738949e-11 0.042108404874 0.078204709795 0.058181638189 0 0 -0.0031893500627 
0.0032068724021 0.0053455955812 -0.036646662562 -0.05423304053 -0.024298662223 -0.0016918883779 -0.048400809228 0.022307280987 0.057513207831 
-0.021080830781 -0.084113777861 0.04194114715 0.012682372685 -0.026565474126 -0.00042339451799 -0.095681761445 0.063858100137 0.14161762294 
0.0029207062231 -0.031165201041 -0.015586850048 -0.018727684256 0.023972412294 0.072821255551 0.10383301725 -0.0006615652928 0.029260316253 
-0.025292536614 0.011045762726 0.02358395049 -0.020940335216 0.0042320217354 0.011408019951 0.030814131106 0.010710024971 0.038113614237 
0.00057214570462 -0.051693369864 -0.0085321671812 0 0 -0.049045095 -0.042795066411 0.036722696464 0.046850439798 
-0.019465968841 -0.0012223335367 -0.07556743803 0.13706320437 -0.10581799782 0.021562490034 0 0 -0.049045095 
-0.10343822861 -0.05499905785 0.058611897668 0.034321596982 -0.01757563881 0.056370255387 -0.010503282579 0.013839670135 0.039485548921 
-0.0067506454453 0.084269402806 0.069086830106 0.078527036512 0.062958186726 0.064745197131 0.040602313774 -0.17667572008 -0.030880252792 
0.026878729542 0.054648826727 0.042620233646 0.0070330052634 -0.016905662279 0.032439490313 0.059930829328 0.032214708336 0.086964978806 
-0.026237856189 -0.0043092348316 0.13078980445 -0.058184496856 0.14915820275 -0.0044280855133 -0.080302321665 -0.095012735997 0.059043365741 
-0.080276932505 0.083642975005 0.087567335144 -0.087525521632 0.0030457342936 0.08995136212 0 0 -0.049045095 
0.09309902559 -0.042618304126 0.071504953768 -0.023363700055 0.013589008585 0.098022819734 0.032960960681 -0.091313485271 0.075627587521 
0.028940770165 -0.042939212706 0.13071526624 0 0 -0.049045095 -0.057439248016 -0.075282181437 0.086623060883 
-0.030672458933 -0.0066878303055 0.13695303018 0.026536393442 0.037727334035 0.10941206008 0.031124989042 -0.098088475665 0.086671443909 
-0.046012182497 -0.010382339159 0.12969527461 0.0027157585292 0.060944602576 0.07754975834 0.058345130742 -0.02131316629 0.13212633558 
0.0047182383503 -0.019746711071 0.1103521545 -0.022027552434 -0.040614229797 0.1371478712 -0.0071899936043 0.023282789599 0.041706882854 
-0.033929037776 -0.099335988899 0.095701981634 -0.098586745738 -0.021739831035 0.12855750843 0.019074980681 -0.070684999986 0.10004801692 
-0.019030169333 0.036715513684 0.079683803147 0.089122567792 -0.033671327164 0.049639125443 0.061447052688 -0.071751900242 0.16008402998 
0.05436846691 -0.0097473731525 0.024785654943 0.021773503409 -0.035637533585 0.062658791504 0.0053146617101 0.021215168795 0.086059883383 
0.02804759554 -0.021319541314 0.034995335505 -0.014892496851 -0.0058553834692 0.12000014235 0.026435018495 -0.0094413594901 -0.0047508487213 
0.031918303101 -0.018237388192 0.20564687086 -0.039535510461 -0.011026716396 0.063708987647 -0.014864672981 0.027108934302 0.17123358389 
0.049005096666 -0.046016653404 0.17464535681 0.02380501905 -0.050817990001 0.19663753212 -0.043640660588 -0.054098977568 0.0076623040679 
0.046400910099 0.050481034706 0.1021471957 0.037600099718 -0.074718631262 0.15911756064 0.028742563582 0.011250958047 0.13178335612 
0.015540661108 0.0074966791085 0.23254457691 0.03457529259 0.044379749838 0.12633486008 0.0057915333463 -0.030797120054 0.059328362305 
0.039165790396 0.085644198452 0.10058606579 -0.075291342301 -0.010364741943 0.017575955497 -0.14076138843 0.097290039098 0.015697324098 
-0.034099609782 -0.1133058922 0.24330138876 -0.0082316756147 -0.085086578909 0.2090368854 -0.06631142981 0.032337397089 0.11714719491 
0.043517041395 0.024593122142 0.08871086947 -0.0080707211319 -0.052379904399 0.13359614751 0.059501846865 0.053099330006 0.070294015882 
0.0035284351086 -0.0065096392771 0.2053053895 0.0086230420348 -0.037760485138 0.2225278147 -0.018767036346 0.076136652834 -0.0069724259133 
-0.027067268717 -0.015929106227 0.0052723710739 0.042173096055 0.06845858686 0.11428121466 -0.031122194247 -0.05743440354 0.15460055873 
-0.04630191059 0.07554331575 0.032611271501 -0.11051209746 0.046778567358 0.13044179921 0.0075100173365 0.030240894602 0.045694970882 
-0.027451502132 0.10163312457 0.075214505418 0.0051637178753 0.012675352459 0.011237157332 0.038865736459 -0.012238044924 0.086204387644 
0.059356460947 0.080761246272 0.071898681366 -0.028344288771 -0.081590605859 -0.015295295633 0.023704271945 0.074168028522 -0.0077292047728 
-0.024398883609 -0.043289188673 0.19957761678 -0.084272706879 -0.0047047846021 0.15036056147 0.10797741999 0.056181404046 0.18028202042 
0.19010710922 -0.067142422756 0.0086438895457 -0.004145010087 -0.0011851266854 0.060170453871 0.063543083285 -0.057148073835 0.096972613317 
-0.0023695566785 -0.054577019937 0.089925756628 0.057114145278 0.063754985013 0.059025874618 -0.059678300524 0.0018855991168 0.15795237309 
-0.023380123172 0.038648856623 0.0051198711007 -0.078228845586 -0.0084651981725 0.028988336627 0.03283870293 -0.095644774876 0.17345980286 
-0.0540780722 0.028534344029 0.14160524219 0.13489058578 0.11749265839 0.14018286104 0.057957325072 -0.049916909045 0.0020871286916 
0.15159876641 0.018930261746 0.12277961183 -0.11714228313 0.030675016057 0.14112355206 0.062875498904 0.066386498118 0.04415000573 
0.042251443017 0.06766836174 0.079165647106 0.069676340664 -0.043681283023 0.1294644248 -0.089354870236 -0.10163939249 0.025277050646 
-0.10252686111 -0.089045785514 0.13155248277 -0.012030013676 0.057942685836 -0.029965106437 0.044842643701 -0.10075095779 0.17658629348 
0.01089120118 0.010322903741 0.14182716672 -0.077426113424 0.1067628133 -0.016085509091 0.041655122277 -0.018358431598 0.10986110805 
-0.0081777022657 -0.030278198717 0.066911924987 0.010864206501 0.029842513543 0.096588539477 -0.092063543548 0.013462880488 0.069169928843 
-0.035003433488 -0.016633936109 0.051714650782 0.0048982491025 -0.0024473329477 0.13039533378 -0.022314724504 -0.070798315158 0.095435000352 
-0.015283779496 -0.017013868223 0.14323864126 0.03583221579 0.058686552326 0.10983799958 0.021344219912 0.04910694855 0.071703009871 
-0.0024521847746 0.001013153716 0.079376952006 0.0021987841877 -0.0010200575513 0.045911298655 -0.079280541087 0.035857327479 0.12379660018 
-0.015834932103 0.0079643545165 0.12767831053 0.07771906147 -0.014652326912 0.16715879081 0.21276894029 -0.069033737052 0.18547415325 
-0.058800622186 -0.043980684589 0.18404717618 0.022063649534 -0.07045860822 0.17582461933 -0.022329270033 0.027483820017 0.079381480484 
0.023503124266 -0.068599892604 0.031044361368 -0.0062696833103 -0.070113664969 -0.01033483056 0.10071864435 0.049955368759 0.092123280524 
-0.03237189552 -0.014464966579 0.11500501604 -0.15526262349 0.061491864285 0.087734610674 -0.023558293047 -0.0013616826653 0.059925506668 
-0.12146817901 -0.069109301842 0.17970393615 0.17774974649 0.06609903893 -0.015276498141 0.041335212035 0.062387560529 0.075816920309 
-0.030286216127 0.043480023004 0.049411617589 0.073002863909 0.09244915018 -0.034324589155 -0.076367830799 -0.0097748689661 0.11613378312 
0.044884350442 0.045981651031 0.15041864206 -0.061236441373 0.052886484853 0.098481572757 0.096984157438 0.016478280737 0.031226332526 
0.043167657326 0.10903692028 0.079633115741 -0.063888214318 -0.047113003002 0.13100387703 0.021536838209 0.099084004948 0.13842982906 
0.0044335251671 0.019840617553 0.13879028451 0.027334071651 0.034158008445 0.090934701758 0.036993108982 0.097048777961 -0.13106116758 
0.0015520485114 0.037151280362 0.025884133479 -0.01005416201 0.15120506243 0.15853286569 0.04361714511 0.12057100321 0.010967809999 
-0.064852142203 0.0087788063059 0.06900988411 -0.12522107702 0.020022005875 0.1578388477 0.034920312286 -0.040906528893 0.080510749517 
0.10756738219 -0.10348489303 0.072046105389 -0.080548734657 0.05380125969 0.050469780519 -0.0026250820809 -0.0036735718843 0.041683404137 
-0.070363158155 -0.012404287884 0.070738880926 0.096792001443 -0.026744180216 0.13101445679 0.01302807597 0.052860567967 0.088659080712 
0.021101032597 0.000289178196 0.21317522597 -0.01311008893 0.09181478696 0.12409551685 0.035282020747 -0.067103094639 0.14719655172 
-0.088219326843 0.031865851394 0.15470189813 -0.15414793657 0.0047051411214 0.14037188202 -0.029606217046 -0.11033903134 0.12958379481 
-0.071440293681 -0.046965349566 0.03027801589 0.095378951444 0.053043704745 0.080756979184 0.053387879502 -0.019148881237 0.10657889761 
0.06222026299 0.045393213988 0.095399415084 0.053194526502 -0.031269171196 0.11839873908 -0.0080437073178 0.063396787865 0.06602397934 
-0.048034431858 0.09027662315 0.11847945413 -0.14685068116 -0.022344852537 0.068854109309 -0.00018425465037 -0.0001369707186 0.00022090862624 
-9.1547321467e-05 -1.521529257e-05 7.1775775105e-05 -5.4655185695e-05 -0.00027822277182 7.4905186238e-05 6.5620997487e-05 0.00012946046858 0.00010676744814 
-8.8993233439e-05 -0.00020178374146 1.3278052284e-05 0.0057712467313 0.013173151048 0.14903086435 -0.0028735258653 0.050876678101 0.052187341057 
0.011633455097 0.032750653431 0.25947248558 -0.063071745361 0.058389006811 0.062795757613 -0.035355702386 -0.061482107759 0.16071319333 
-0.14390294768 -0.010043114923 0.1077180127 8.2409307488e-05 0.00012267277452 0.00014942559632 0.00041171407281 -0.00033138008444 0.00031710895343 
-0.00015582689047 7.2893830788e-06 0.00035131248116 -0.00037599649995 0.00019198013433 9.3228155408e-05 0.0014301448212 -0.0021460234711 -0.00012263198929 
-4.39021874e-05 6.4597275481e-05 4.5281235923e-06 0.00082874839564 0.0002449296814 -0.00097075035527 0.00035586106387 0.00018169460203 0.00013705388798 
0.00026538980185 0.00071721787961 0.00022846428733 -0.0001906239135 0.00037051570156 -1.8771944049e-05 5.1816525009e-05 0.00017842471312 -0.00017519114107 
0.086871702122 -0.023159748381 0.052906765157 0.010654705078 0.027221265119 0.11560393593 0.082114941538 0.039503247044 0.11718072893 
-0.018132156127 -0.063544499886 0.04526644811 -0.044340213079 0.035191798591 0.1383459117 4.4300796819e-05 3.8268437267e-06 3.8345733573e-05 
0.0001191371479 0.00022203935935 0.00018187777938 -0.00017108974506 -8.3138016624e-05 -0.00022327482686 -7.8825318768e-05 0.00014337639359 0.0004089698699 
-9.6685046015e-05 9.6726933081e-05 -0.00016458861906 -0.00017453937003 -5.336027173e-05 7.0329915488e-05 0.00052464522045 -1.5952690691e-05 -0.00045070936878 
0.038958444347 0.058032259167 0.16118882561 0.10931523409 0.10746362606 0.0834032091 0.10270326294 0.03844205199 0.10656998916 
0.0069975462061 -0.0022458640774 0.042855698689 0.043286839185 -0.00084750933668 0.027929288214 -0.020780106249 0.043253650801 0.063566532899 
0.0091135317518 -0.0064552171498 0.11055085827 0.1685025283 0.072441967175 0.089645276997 0.099961795743 -0.084070869503 0.15525492994 
-0.17202251358 0.10301014134 0.14143294045 0.022552066042 0.091163976864 0.16738753273 -0.071243935421 0.026531466764 0.16465978404 
0.080534274544 0.089629630263 0.1181587402 -0.0058402365198 -0.14679212636 0.32676820459 0.0096798688371 -0.15845812328 0.077067837717 
-0.014797029011 0.15474600744 0.11429668558 -0.011378621877 0.061396526358 0.19602058688 -0.033970840481 0.075971952901 0.097464507914 
-0.092688089357 0.11122250047 0.11136784718 0.055413731311 0.051658876527 0.080816466355 0.010220962861 -0.05231998115 0.14523820934 
0.0135624631 0.010030916319 0.1057766659 0.059646801751 -0.13019003199 0.10555650107 -0.072127734639 0.054090767107 0.11429119233 
-0.026830687885 -0.034603264048 0.1164411612 -0.045197029745 -0.0081318756157 0.1484761063 0.031724290373 -0.038021170428 0.12581457291 
-0.011031088416 -0.099965853469 0.074391798044 0.030735472385 0.044985081948 0.19723698307 0.039856994672 -0.030122062928 0.15518312866 
-0.079969836993 0.012167360835 0.093866041213 -0.0038936750972 0.086234954213 0.11475622818 -0.066804932001 -0.044891840349 0.10878804572 
0.057723420531 -0.09273376007 0.14446202854 0.050604249935 0.04143254769 0.16566507231 -0.018193453772 0.050618307036 0.17977464575 
-0.056876152092 0.08314872203 0.23788285215 -0.086603769849 -0.026439153694 0.17896390781 -0.00079927524151 0.00016991537362 -0.00070495109871 
-0.00096895488659 0.0046399896388 -0.0014345578728 -0.00017640463774 0.00027764367124 -0.00034034985114 0.00014245480685 0.0010197847879 -0.00079511950224 
-0.0092180812585 0.0016862130929 -0.01773077648 -0.00037160993669 -3.403363158e-05 -7.8060917545e-05 0.00019072884661 0.00098343850134 0.00071567483285 
0.0003312266725 -0.0015033537158 -0.0014868127176 -0.012914657536 -0.0035851266291 -0.0077156193764 -0.00027614773379 0.00034717371428 -0.0005448642073 
0.00036901099083 0.00044382383525 -0.00035869846905 -0.00076006523009 0.00025120100337 0.00055647725752 0.0026747753902 -0.0019600115951 4.8162265647e-05 
0.058186262725 -0.065665587049 0.05815704268 0.13706031633 -0.0058360622176 0.10180633667 0.037922285993 0.010870878213 0.09979534453 
-0.0036346274105 0.014401569493 0.11060447119 0.00010954194983 -0.00062373745653 -0.00087061562505 0.0042645290337 -0.00032365127757 0.00202329484 
-0.00049422690597 0.00058691271184 0.00041771307479 -0.00047930954236 -0.0022335748624 -0.00012243409439 -0.0016040267669 -0.001432584688 -0.00061090156354 
9.7600696314e-05 -0.00037387651788 0.0010100036554 0.0011977872489 -0.0017403720068 0.0004258808749 0.0019907165274 -0.0032228500576 0.0004296954492 
-0.00020335503543 -0.00013822588536 0.00047065399613 -0.00035438050937 -0.00066123751431 0.00012293295052 -3.2264930786e-06 0.00045965501239 -0.00024160006802 
-0.0044853497425 -0.00032171560856 0.0016653784543 -0.010150570529 0.026913626586 0.17734832539 0.060576247193 0.044431162872 0.145699371 
-0.044471062449 0.0012519764822 0.15685936596 -0.070086059847 0.042648419044 0.13721426818 -0.029017319398 0.028177485953 0.16765707199 
-0.0016173178254 -0.0017684235086 -0.0025006924819 -0.0007263756926 -0.00074392768454 -0.0012620192514 -0.00087262173117 -0.0014089743923 -0.0010508565518 
-5.6233154762e-06 -0.0016766708332 -1.2199555445e-05 -0.00047250178831 -0.00075727303999 1.3884160219e-05 -0.00152536186 0.00095117838388 -0.0015312276448 
0.0061572977693 -7.3678564154e-05 -0.008914720311 -0.0012960871434 -6.4267793036e-05 -0.00051720852314 0.00053786965901 -5.9122410584e-05 -6.7623807581e-05 
-0.00015045880363 0.00013262839016 -0.00055198644598 -0.00062928664816 0.00040635900052 -0.00092152617426 -5.9306097256e-06 -0.0007714208872 -0.0018989051493 
0.00055299782537 -0.00086772285562 9.8031636336e-05 0.053648423109 -0.027924296777 0.16276690796 -0.059001923241 0.022094676346 0.14261960811 
-0.10654558827 0.044805486425 0.12153662839 -0.086190302806 -0.011513369198 0.15429214801 -0.048826931005 -0.043463974266 0.12854096515 
0.072134581866 -0.043175233614 0.19343229945 0.023915130621 0.084224858491 0.29181920301 0.035444869075 0.0033774651415 0.16320719755 
0.034655781408 -0.031362309421 0.10017824699 -0.090110088195 -0.021032992495 0.10453192732 -0.04675021309 -0.05122188252 0.15710967428 
-0.038212545469 0.054198074363 0.045562799592 0.0044405570307 0.013357397394 0.17586464853 -0.052712387607 0.047014632905 0.12788900472 
0.03507695641 -0.020494322168 0.01411720188 -0.0099223132165 -0.0083472570595 0.088406714527 0.00030503665945 0.010423131815 0.10912616862 
-0.032045884215 -0.042380972308 0.16461735139 0.038281275874 0.040182065184 0.17470052276 -0.013591460283 -0.011237577191 0.11640473866 
0.00094992243352 -0.052400521153 0.19232026362 0.061498501045 -0.05809369472 0.14907073013 0.026126476891 -0.031696373332 0.16357585563 
-0.089136753795 -0.088640675507 0.10831570384 -0.0037430827048 -0.020322952306 0.1540570038 -0.015176734952 -0.0080890499218 0.1705828195 
0.0044895031069 -0.011788171212 0.1926818665 0.062182738576 -0.028025291924 0.15320707501 0.058617125603 -0.023488964416 0.16904309949 
-0.044379786627 -0.06102822109 0.19268364364 -0.04576195647 0.03053234182 0.097024123609 -0.014958402944 -0.011675607057 0.13342338034 
-0.014004590096 0.0079899590823 0.11275511002 0.019713161483 0.024452435257 0.14623178802 0.0031848839593 -0.014115981425 0.15988909211 
-0.0055720029743 0.04861272721 0.11808193265 0.011610926228 0.0046075797447 0.12005098202 0.052635817262 0.0024630255911 0.16118538334 
-0.065802011042 -0.076475797489 0.21752178566 -0.092269658856 -0.0062378781327 0.17048487359 -0.033220240979 -0.045856123373 0.21983952754 
0.0014618797432 0.0012664145608 -0.0022578230504 -0.0018714806804 -0.0067650167143 -0.016203733207 -0.01477058868 0.00092247718791 -0.010562200831 
-0.0016116498468 -0.0072656434805 -0.0046581316175 -0.0036487108691 -0.0082492167208 -0.0041535814441 -5.6938171409e-05 0.0010694158171 0.0010669104437 
-0.046781008047 -0.0046669433275 0.16313731086 -0.05657437366 0.033873194447 0.11545164659 -0.037955878968 0.053332980514 0.13157731886 
-0.0012886857183 -0.0023910933428 -0.0001973471063 0.0011751114853 0.0087029802572 0.0030250093414 -0.001248290582 -0.0043037684785 -0.0011031609277 
0.0017488349267 0.00040033619685 -0.0016026622494 -0.0038101025258 -0.00043405349798 -0.0021106871425 0.0048792043416 0.0049536353004 -0.013712116189 
-0.00071814004676 -0.0031598985137 -0.0056090540045 0.0015269366309 -0.0027630856964 -0.0013416179036 -0.00072126447844 -0.0016426864504 -9.6550105765e-06 
-0.035738412131 -0.051356210731 0.179840968 -0.0062656388582 -0.024703644916 0.18367531744 0.0087998743148 0.0084801752049 0.21458211331 
-0.02610837824 -0.018131515628 0.12836216467 0.020848768061 0.050373076648 0.17345219923 -0.091673221152 0.047684916607 0.17090772627 
-0.0078257513111 0.002538419703 0.14904649652 0.0012046631094 0.0047963921768 0.00050995368416 0.0026884383181 -0.00036207945474 -0.0024594030371 
0.00030629073054 0.00043876772141 -0.00010929512883 0.001663721118 0.00066614326542 -0.0035198814811 0.0009041554301 0.00043617060773 0.000417970709 
0.0074109210964 0.0035639717951 -0.007024511809 0.035096766383 -0.058439629218 0.20995858531 -0.016394389395 0.018962163303 0.13512211199 
-0.0483632944 0.011935347775 0.1996371406 -0.055761996248 0.07104012119 0.15341063799 0.029744280585 -0.12500859478 0.21171951136 
-0.097972338967 0.043116812297 0.21296156864 -0.049063344093 -0.006899146324 0.092500176649 -0.031319292986 0.072607664592 0.10389946557 
0.027449221651 0.063029419847 0.24402643044 0.035981081894 0.012216980746 0.16666399084 -0.022731997465 -0.016495882175 0.16895904983 
-0.11013954749 0.02172834796 0.20698289422 0.11910291172 0.013804981463 0.18536356134 -0.053564216838 -0.042239699015 0.10241726136 
0.0078818582306 0.032454260736 0.15442599078 0.039527768212 -0.030979289854 0.11780746548 0.027715391599 -0.043832308168 0.15705881353 
0.033464539099 -0.032745519068 0.14844808453 -0.0085167679229 0.057391165649 0.13400908755 0.084928623629 -0.034423595267 0.096533603825 
0.0092356665908 0.026537112008 0.17074275686 -0.0081570184266 0.033168251102 0.13832406651 -0.053274221286 0.060730341596 0.15946750547 
-0.069462236243 -0.03856763575 0.20329141456 0.047057955903 -0.035727699949 0.16883468051 0.017621453748 0.00982217937 0.21688393118 
-0.028515856876 -0.09836249366 0.2183471254 -0.030482606489 0.053499682851 0.10078026339 -0.022038411366 0.023761681964 0.11239402807 
0.012294587929 -0.035586289269 0.17628830916 0.034007735928 0.031687987852 0.13223057811 0.049977045615 0.035665641245 0.17496092005 
-0.059829850245 -0.02804609389 0.20659757216 -0.072376527751 -0.047723754824 0.16919320625 -0.00783773742 -0.028933630765 0.19217297584 
0.11461358545 4.8028566992e-05 0.19731470898 0.010340483779 -0.021681978214 0.13102653858 0.01934001866 -0.021717920518 0.14248843512 
0.034931030675 0.00078140311805 0.19159795283 0.014867238679 -0.058842014598 0.1364303012 -0.023417660151 -0.00018599779037 0.098869030678 
-0.016862109683 -0.053151880871 0.18492463762 0.01204935677 0.0043027560311 0.164742231 -0.0071904989883 0.027644065589 0.11235023928 
0.035419510298 0.0089385838198 0.098849763027 0.083344791543 0.028519603954 0.086342639194 -0.059250863637 0.025237583345 0.14928876003 
0.0025113269552 0.019352223353 0.14922276049 0.041813020015 0.020391818489 0.1630365887 -0.027780269961 0.072237906001 0.20600273938 
0.036634400857 -0.025845498895 0.15899468502 -0.050616558631 0.023213319581 0.12202789067 -0.022953318732 -0.066476102594 0.1708891599 
0.054628921151 0.011926281232 0.21555281346 -0.0023228502233 -0.01517978089 0.19295932156 -0.037936511554 0.0078473814498 0.15823003015 
-0.03161232486 -0.010974802307 0.19454855531 -0.031322769159 -0.0020640962916 0.16168769722 -0.0091947143388 0.033636321714 0.14280992766 
-0.092865877154 -0.02849562156 0.11668002082 0.003757215064 -0.00051374292534 0.20213390096 0.087201943457 0.022718558257 0.20039122838 
-0.014398964797 -0.023148316 0.14313110243 -0.051197723727 0.033265671611 0.13380291267 -0.12073923811 0.028989359286 0.18953575022 
0.051189545236 -0.02747667659 0.19754324519 0.0069004607569 0.044466767012 0.29525532456 0.0057764070548 0.078288585869 0.21339459129 
0.072010741232 0.049188147384 0.20431404343 0.036189109784 -0.026379590974 0.22722893052 0.04389449166 0.019192532221 0.17998086702 
0.018817443287 0.032535591629 0.19368380042 0.071421932072 0.046107764734 0.19847950135 0.074010045271 0.064103919089 0.15223061652 
-0.043324344042 -0.040791379231 0.17055783296 0.081867851038 0.078009693597 0.25967971916 0.0042074773374 -0.0059873832613 0.21395154749 
-0.019572265111 0.032888151306 0.17124285057 0.080719001201 0.16562255551 0.1619279709 0.043332538264 0.0080305591891 0.24951988411 
-0.012979268868 0.0053879336148 0.09234012539 -0.014360464322 0.10950218804 0.25417926464 0.0023307087265 0.083165098216 0.20237314235 
-0.013337900043 0.10747371569 0.20461282642 0.021980502574 -0.011357560708 0.18840780322 0.046142471367 -0.015911498236 0.15714213252 
-0.072101103264 -0.16314718478 0.18031598633 -0.020587130443 -0.013160269533 0.1948862853 0.018185519743 -0.016929220818 0.15756142259 
0.070548703655 -0.042604872328 0.21216186999 0.031709181005 -0.060109679 0.16596999584 0.0051109849896 -0.00074211001957 0.171732237 
-0.0076265617343 -0.041029050482 0.17754696532 0.022391297828 -0.03044505881 0.17387767587 -0.041024393458 -0.0064866429955 0.17401648482 
0.062632701358 -0.010217721567 0.15383130524 -0.053494783693 -0.040526880896 0.16009818156 0.0045115865439 -0.037088970997 0.18771794394 
-0.043517618921 0.024183223883 0.19020461984 -0.0047661927408 0.0042510884206 0.19761657637 0.029723903585 -0.047857598861 0.14275393254 
-0.066967459288 0.00023912498875 0.062502516084 -0.027997075654 -0.0063342151807 0.17196697885 -0.0096108577118 -0.016498148835 0.091089301067 
-0.010811033925 0.0061920871544 0.2146153586 0.0056939460124 -0.0060220466842 0.18968898728 -0.0040666499378 -0.01378543706 0.16027017653 
0.038008215638 -0.065496709309 0.19583632521 0.078201382085 -0.057925828613 0.15851900405 -0.044292516709 -0.0060388110217 0.1357548029 
-0.052112740184 -0.0078395389467 0.14807192626 -0.086959618451 -0.049039555635 0.18882643687 -0.016771155703 0.020287951359 0.1941757837 
0.041777549845 -0.049402650256 0.18263854678 0.076574256051 -0.027854119157 0.1138885908 0.011671081862 0.016724346742 0.092353212694 
0.051613380513 -0.015327220101 0.092225858964 0.0052454702467 -0.026207955674 0.21339392905 -0.023941917245 0.08042772383 0.20480478679 
-0.050853127854 0.045034169883 0.18542858747 0.057828894847 0.068527460819 0.13549991823 0.017235869101 -0.05933654487 0.028144078117 
0.060374360582 0.034359041879 0.24416355315 0.06562907443 -0.047121239565 0.20781535439 0.040499064492 0.0047313468177 0.15020219778 
-0.030664069125 0.044616606375 0.22855904471 0.024328860292 -0.037466459475 0.16412621085 -0.032999213973 0.05290985427 0.19193195653 
0.042961200164 -0.070608268767 0.26998150502 -0.014420525951 -0.0052994645278 0.0081490339179 0.024492070177 -0.068729106246 0.15333206127 
0.044588270982 0.016258438359 0.14313996587 -0.07434538041 0.062452150147 0.19043237067 -0.0036982770294 0.029509576423 0.20082710915 
0.027751282257 0.019208980764 0.20974458097 -0.096963753408 0.1147953634 0.081826542901 0.021344602086 -0.050459405998 0.16377005826 
0.099157653319 0.062356244822 0.2474564725 0.1046249582 0.014288848958 0.2305444917 -0.089975108603 0.10288102563 0.21920516938 
0.0036848867003 0.05007900593 0.16504457208 -0.073966032251 0.018584702531 0.23717920323 -0.039071166642 -0.054720384022 0.21143748858 
0.061323852358 0.012821521569 0.23990317088 0.006954223319 -0.011760980146 0.27846737943 0.082595986179 0.033808470034 0.30995977104 
-0.016884881506 0.047296550914 0.17755076765 0.042788475363 0.019180002831 0.17155291029 0.053049766356 0.050544564101 0.1656148693 
-0.004066506251 0.040880468868 0.2306931218 -0.02068566694 0.019739424067 0.21191927284 0.011015138411 -0.062093634174 0.20296992953 
0.056920031459 0.067130264404 0.19001547586 0.021758915708 -0.028117321698 0.17795399238 0.054033203763 0.022178375845 0.21775549291 
0.058365188493 0.019398763901 0.11389428314 0.065545407602 0.012850558032 0.26113047573 -0.049042954623 -0.089647419432 0.19787028523 
-0.10424866989 -0.12089027071 0.1040602872 -0.039335949184 -0.031726624878 0.16644370333 -0.010080976653 -0.0054472921121 0.12980516816 
0.0057855177385 -0.036275692443 0.20477453469 -0.018856412832 0.03238816956 0.24165538837 -0.010356499686 -0.069088906602 0.22052909631 
0.01355532913 -0.062515906936 0.18051871684 -0.059744618911 0.020227023917 0.18112868247 0.024518583288 0.092495590808 0.21487670707 
-0.0070532771416 -0.01442304974 0.1666166824 0.035323456718 -0.057732989805 0.11155068278 0.048077646655 0.00843274142 0.1835520807 
0.098830027603 -0.026204990427 0.09196164891 0.028542299183 0.024932067154 0.1292991249 -0.090190901743 0.028018207995 0.18726923477 
-0.043384542519 0.028235264584 0.10793434054 -0.025034049453 -0.012845664388 0.22351060921 0.068419515371 -0.086535128 0.16030582366 
0.028769433349 -0.034727711253 0.14526027037 -0.097135623416 0.13796498764 0.23287552486 0.0047574447454 0.089962588025 0.14831584577 
-0.082731267621 0.0083387029536 0.15905223749 -0.014566841104 0.0041788841092 0.17785958405 0.037093274093 -0.043349934643 0.32089333569 
0.017008298382 0.076247745819 0.15343849064 -0.030205441896 0.027197879444 0.14953449739 -0.012630535467 0.00086255838711 0.21243141945 
0.020441137209 -0.019501924756 0.16903377576 0.026904393811 -0.013437093583 0.14226259704 -0.069440441583 0.032787930347 0.099252806675 
0.050649545049 0.073739673369 0.13741070144 0.016196977584 0.040798401513 0.15718812037 0.0080746478003 -0.058081890064 0.18333777613 
0.097407144266 -0.011250870071 0.21598794796 -0.036793934854 0.035390757846 0.15041062418 -0.045638481865 0.1007026297 0.21423289951 
-0.030836898782 0.0026173094805 0.18462479963 0.011485461308 0.0091933142334 0.18450359411 -0.11480714829 0.033226661942 0.10622379626 
0.014370193403 0.09105317132 0.096863370173 -0.0087591222051 0.035091535647 0.23401730095 -0.0029751329528 0.0078210226303 0.2375989199 
0.029078483667 0.035737280843 0.18505331712 0.03377245889 0.019736039377 0.17359827095 0.053032000899 0.03221110448 0.20047493189 
0.061219175397 -0.021958744755 0.1960884619 -0.077124614562 0.039171405209 0.15729230176 -0.081199361239 0.076595867325 0.19040507947 
-0.04461496138 -0.022429162844 0.20514410663 0.00055764606005 0.052926960395 0.25741064091 -0.039751567185 0.0069991454552 0.22528829523 
0.05065166193 0.032786763038 0.15521221293 -0.044911368759 0.028206551797 0.17507298749 -0.021863122915 -0.026904832093 0.32444682345 
-0.027883399521 0.12494584084 0.15286266827 -0.039197431498 0.045036369593 0.19294172371 0.039674507433 -0.09862155694 0.21190389912 
-0.036548928312 0.05950749001 0.25472109303 -0.023738989729 0.040675429077 0.206246399 0.049806504448 0.010640963347 0.059985849382 
-0.02102572278 0.009285770608 0.18946794343 0.02885603933 -0.019398269697 0.22193156808 -0.026199543642 0.016332370913 0.20414051215 
0.0088414647877 -0.010314915594 0.2068178427 -0.025404756745 0.034009561568 0.27859160556 0.038737840621 -0.03176416824 0.21798031398 
0.03783740826 0.029985428419 0.16654505697 0.048214704599 0.065691795907 0.224521557 0.023227052061 0.077103372495 0.21301553913 
0.045212347395 0.010459130759 0.15888663624 -0.015373476852 0.063949739903 0.18373183966 0.046733505428 0.011964442468 0.24767341754 
0.0070175421088 0.078000968746 0.26133177496 -0.0057496051834 0.045559998159 0.24235699086 0.032042290663 0.078618471613 0.26462545702 
-0.012965530491 0.009798105281 0.15179486767 0.031151623699 0.070998214609 0.24782276435 7.1705095174e-05 0.062235356708 0.20506306461 
0.046757243817 -0.00030007063149 0.17318234037 -0.0085973946571 -0.048212472006 0.17169025116 -0.014395545847 -0.022033250355 0.21951251855 
0.070363015344 -0.066473970902 0.20651077494 -0.07956581513 0.056220933498 0.13127893404 -0.029331599072 -0.011331580415 0.1170513195 
0.011323606024 -0.068324191963 0.19620718606 0.011886508159 -0.060377729736 0.070952158737 -0.076321440548 -0.041085295598 0.060862471018 
-0.079361921607 -0.033507576157 0.20940526128 -0.071733716349 -0.082377528197 0.20350086843 -0.092247559144 0.067114818944 0.18481727414 
-0.061161630877 -4.1781530082e-05 0.25749406311 -0.035207393597 -0.062171911982 0.25814060414 0.034296361082 -0.017363353173 0.15434898218 
0.040500578641 0.036075082104 0.074073214267 -0.047254027569 0.026915401438 0.1555433406 0.018099225991 -0.020870544185 0.16364833871 
-0.0017667609816 -0.048559649083 0.20672049345 -0.060186531928 0.024008516012 0.15803740282 0.0040892250816 0.043792577971 0.091031929288 
0.0071513384575 -0.074699051235 0.25082937439 0.025309471639 -0.077398187922 0.19400099356 -0.016835043134 -0.014260075948 0.19750405247 
0.049104932469 0.066317530254 0.089233244452 -0.016967306536 0.0007018736978 0.20161105544 0.092505033048 0.0075386446181 0.16969674245 
-0.11499436614 0.030307003292 0.2105891577 0.011631533371 -0.00081396907621 0.14739915263 0.07131097208 0.022203269324 0.23750741352 
-0.052605871206 -0.020478277242 0.18065730032 -0.016213929356 -0.049975421987 0.24689450464 0.032338339321 -0.0051997059341 0.1443971934 
0.010528486467 -0.04125331742 0.17737780214 -0.069769287418 0.014019544048 0.16780339539 -0.10088369145 0.016329089798 0.14539279006 
-0.028822259696 -0.0096371248133 0.2223964833 0.002510838062 -0.024484962315 0.2460292138 0.045787315251 -0.0044954329281 0.15930217165 
-0.039387535597 0.060709513112 0.20328415086 0.057355141482 0.0031016767077 0.16886777096 -0.058661139167 0.078920110297 0.14414428391 
-0.12173405864 -0.061238332614 0.15231340142 0.0063735082689 0.011415222403 0.20002198632 0.0028653983241 -0.064717257241 0.12765236358 
0.033845071069 0.012359758929 0.18526352653 -0.0069036283513 -0.0036857502975 0.18280849948 0.025987198965 -0.093568620322 0.22910378733 
0.085860378733 -0.0093465005933 0.17728668736 -0.05393628962 0.0024255112836 0.19609638409 0.023216003853 -0.062184919547 0.19633438498 
-0.0028800275353 0.0357417497 0.19443101847 -0.0059269346656 0.03299853917 0.19189593961 -0.0094954029779 -0.063995632947 0.20796509064 
0.046389332059 -0.039956095804 0.19134001987 0.026037145051 -0.015352143912 0.19475291172 0.047554122772 -0.025778492717 0.25001561248 
-0.021311028278 0.050993938595 0.14452426102 -0.011829818338 0.093615331558 0.001350847403 0.040460866675 -0.066273362271 0.20220890311 
0.039274183096 0.054586785987 0.23876849865 -0.0040171712613 0.10509407744 0.10068664693 -0.031319445482 -0.026595109524 0.25086739621 
0.0083670420615 0.011619286381 0.25903642777 0.026638916283 0.040041858874 0.1364184835 -0.018892495791 -0.048653690356 0.26583974921 
0.052657475657 -0.0062644037998 0.042299724171 -0.0041237730756 0.059455457117 0.27297709373 0.032291543466 0.046176840329 0.30992197112 
0.045679909232 0.078513043509 0.20864968868 0.035853784613 0.044405111073 0.16709950769 0.024208251063 0.074004089506 0.14331079684 
-0.0060124462976 -0.0040677971629 0.20328033569 -0.020788513124 0.071258902605 0.17063377868 0.038106169956 0.033729980433 0.27572598475 
0.02042589766 -0.067488924203 0.24686931525 -0.054402237485 0.0047055807453 0.23837696884 0.012151484831 0.0077964531244 0.26841629479 
0.0099052132487 -0.0098546413843 0.14385762035 0.032560203086 0.066938244067 0.17797800518 -0.024067830276 0.024181438534 0.20219826 
0.02396834292 0.055337434298 0.20858032266 0.012189493535 0.057750679535 0.25517378297 0.0046469533008 1.4083007929e-05 0.275771988 
0.006734212369 0.054905087257 0.26954523013 0.035741444491 0.026715983753 0.29104028695 0.043830020897 0.042583377746 0.26156525415 
0.035612155915 0.032315476519 0.25924510102 0.065208370681 0.076051125935 0.20971415147 -0.042312176999 0.033753872319 0.19711101995 
0.014574116495 0.037183962364 0.24565341274 0.006638352491 0.074374885857 0.237853149 0.025334224726 0.038928735637 0.22021190362 
0.010838182422 -0.018268395021 0.21643388233 -0.020840818487 0.043535501105 0.17683055139 -0.0094255272404 -0.048528548546 0.24424835284 
-0.020885480318 -0.01456046681 0.17076027225 0.0041629406407 0.014002219628 0.2140971532 0.1010528913 -0.080773135416 0.25313596626 
-0.065303009592 -0.080679601153 0.23602614534 0.010814902427 -0.066721088459 0.2789681375 0.044105789163 -0.073576151189 0.19761086145 
0.093796553437 0.01708603129 0.17354534002 0.054046654223 -0.016374294939 0.12989527781 0.010359042775 -0.095321713856 0.25155559105 
-0.077706682392 -0.059771398388 0.2143638231 -0.030193872433 -0.065680154925 0.14091191821 0.01249886154 -0.031483371536 0.14677361971 
-0.062235136909 -0.029451190223 0.24398697119 -0.02586042904 -0.050248466693 0.13355356786 -0.0085998308588 -0.029163946957 0.24105521874 
0.051604516136 -0.011208144941 0.22340692211 0.0063997821416 -0.070871491692 0.088752748071 0.057033376004 -0.049020247309 0.29611461549 
-0.050465185538 -0.031551996907 0.13233214908 -0.029878158688 -0.049010550947 0.24441388928 -0.023756935718 0.028778041017 0.19967429823 
-0.036447625773 -0.037924254489 0.22296906544 0.01549386095 -0.026395137288 0.22753603791 -0.025738401568 -0.019624215966 0.20253580948 
0.05931582078 -0.0063884618143 0.16134453053 -0.041938915664 -0.034965149773 0.24289453819 -0.034892962254 -0.066575015804 0.23405082806 
0.049983210188 -0.068834811425 0.30020146575 0.080662627957 -0.058990360177 0.15532920484 -0.017252687609 0.046517056138 0.11259516191 
-0.061133170952 -0.044313372294 0.20129654525 -0.029376053126 -0.028624242221 0.18559386578 -0.071766695638 -0.03366974306 0.14470792304 
-0.032801471391 -0.033116537766 0.21981004746 0.044204922567 -0.048657130109 0.24085592429 -0.010100055277 0.044726162133 0.15872353445 
0.12265068874 0.04342564274 0.22050339819 -0.010460150233 0.063856174477 0.19297527334 0.088693680032 0.057185753783 0.25506685971 
0.017363592385 0.031200644504 0.13215378753 0.089083919594 0.063581395217 0.10943274586 -0.051277984116 0.024421887819 0.17878886634 
-0.036957670312 0.024066270662 0.20105110506 -0.16126707135 -0.060612177068 0.17420100771 -0.0037328068698 0.071025901768 0.081526715585 
0.056717731156 0.066460021983 0.10900768951 -0.0038032159807 -0.019483181688 0.15535471779 0.0292460492 -0.002421537333 0.22006695354 
-0.033247170182 0.02539663197 0.10985054642 0.062079511977 -0.0188543551 0.18598307425 -0.0076134331277 -0.055086197222 0.18184198775 
-0.020096089241 0.031133386783 0.21947908101 0.080532747014 -0.0010134373924 0.17197065867 -0.043076644083 -0.08765966495 0.2213494979 
-0.11459105188 0.019226783105 0.21842573846 0.016505617582 0.050516240202 0.24723362232 0.0083145083316 0.0047272580916 0.12815734095 
0.013465081858 -0.0098499455429 0.24290405187 0.011725328571 0.00091091067996 0.23943198503 0.045619159495 -0.027891915454 0.27650865015 
0.057078179334 0.020973493457 0.16329133862 -0.028304250305 0.057165640195 0.19693546047 0.0011194776795 0.023475203867 0.1562747602 
0.063831608549 0.01641141727 0.23517990155 -0.07096871735 0.0086316566448 0.15484745047 0.064066947491 0.058996603436 0.2776567007 
-0.0042745602603 0.11609003093 0.2388112058 0.049220827814 -0.025713257055 0.21346481406 -0.065989560897 0.063136331622 0.15898780731 
-0.030353515197 0.0068211832445 0.21156071295 -0.02143611126 0.058440608728 0.25976114833 0.0060890483378 0.010872766455 0.16691404938 
-0.026956131232 0.070597546577 0.19994790419 0.046648015283 0.0082883949277 0.24179276672 0.027612560181 0.024375767977 0.32879598464 
0.058930980981 0.035630536027 0.28321228307 0.028704555694 0.041415641633 0.21298549393 -0.095693316877 0.12951391598 0.15728520232 
0.055154085215 0.051489565753 0.31365956661 0.016842834862 0.0066979628283 0.2296000096 0.021092836699 0.084648155496 0.2456420732 
0.014560633041 0.11548995591 0.19458284513 -0.049764615303 0.050737930061 0.22174604315 -0.046062629854 0.051583801434 0.21756597532 
-0.0011456989798 0.06299262332 0.20092579507 -0.01235244342 0.097215814148 0.24347761686 -0.02088324528 0.013574231011 0.19290214267 
0.028658918906 0.072077401492 0.26960221991 0.07654234422 0.019932888525 0.25791537476 0.052449405802 0.076258957417 0.16025566292 
0.02111455345 0.0028120266437 0.20724190984 -0.0040709760782 0.0081789019321 0.19384391357 -0.00054400977328 0.0015172968077 0.22456011488 
0.0060131146981 -0.037261778657 0.17321820472 0.0041054277061 0.04517301889 0.21406028143 -0.0097842324402 -0.0072648516081 0.31125024682 
-0.075242802281 -0.017908869161 0.16696427617 0.058636409365 -0.057124722129 0.17203201656 0.014774836377 0.015921294305 0.067422339154 
-0.010702962116 -0.034139294827 0.20003036169 -0.020742068692 -0.081461355878 0.3156073981 0.13934649171 -0.0011027829287 0.090775169089 
0.017890120018 0.012527382497 0.08445484007 -0.0041235825027 -0.040571512063 0.23997138722 -0.026266654318 -0.044452379323 0.27142328784 
0.049800996524 -0.038586619664 0.18308407891 0.064766047942 0.058459348768 0.16675050417 -0.020448434437 -0.10385618165 0.1819490739 
0.041894660665 0.14487995153 0.20473415285 0.0065644964104 -0.01133678054 0.23162851922 0.020023675428 -0.074872237262 0.20690781022 
-0.093731843886 0.0090210193851 0.21876689651 0.03113569495 -0.02356233123 0.22877282145 0.020290312488 -0.070810108367 0.16848648375 
-0.079593038229 0.0023606201561 0.16842790165 0.0063709459996 -0.052475638324 0.049732644243 -0.010439136971 -0.058044098835 0.20539494619 
0.068487912565 0.071468396065 0.16958222523 0.046465522323 -0.03207316733 0.17310555454 -0.029540734068 -0.0056315949972 0.21211895215 
-0.064533868596 -0.0056874821264 0.21070336638 0.016615414101 -0.023094804722 0.14834311234 0.038398769227 -0.0020013389983 0.15710649756 
-0.016834904766 -0.027729479075 0.087444450042 0.0060079884838 0.0032211276708 0.093279954721 -0.031731203831 -0.0014866698896 0.12413439286 
-0.023048168572 0.031338004088 0.2383928493 0.028624130848 -0.096377734954 0.19832841046 0.037243163656 -0.0084679781454 0.19120633387 
-0.068556877373 -0.00698417367 0.18970603805 0.011431971766 -0.025617656678 0.29085231104 0.065873649113 -0.0041702682941 0.26142039303 
0.01102613804 0.025559046598 0.15678371977 -0.073553727909 0.067284441017 0.20570850963 -0.00055356428203 0.010861309083 0.13976503362 
0.021930768727 0.02337345974 0.20555985563 -0.02035036376 0.048902540073 0.19592166356 0.011623585014 -0.081455506784 0.17364750826 
0.057217491658 0.067248846138 0.15544981655 -0.043335040807 0.053997339205 0.20522188294 0.020194527014 -0.063601209842 0.23578165723 
0.042744593359 0.0098622499 0.23735036031 0.0097014250421 -0.015411028943 0.26095001623 -0.0092397510675 0.05358921514 0.10707318798 
-0.023029659979 0.092516781281 0.17803662428 0.050420510358 0.042641834922 0.26561113968 -0.056739732124 0.0074268037023 0.24092804446 
-0.080738032163 0.045172470638 0.20083018896 0.022130786819 0.065273988792 0.1843141155 0.060527822006 0.010346656699 0.21085114181 
-0.011311327992 0.019896244494 0.15732726405 0.044481284685 0.029140869635 0.24782930659 -0.079125835005 0.013978061967 0.18031572338 
0.027228050312 0.026998157852 0.24003401788 -0.00073911874231 0.026679459748 0.24836446873 0.060075329244 0.02180449397 0.23766166088 
-0.03217709463 0.062611760501 0.1921021489 0.032350327341 0.032504777862 0.18647605129 0.033478314787 0.022993109537 0.19090519368 
0.067877814341 0.033187685024 0.20780452592 -0.046918832194 -0.026951036962 0.26858787988 -0.10582805919 0.067480555446 0.15558569755 
-0.014482202391 0.040001361639 0.23610304462 0.048994558741 -0.0087001937289 0.26219923102 -0.12457073686 0.08239051568 0.048456409063 
-0.031259798048 0.038383615874 0.26934211119 0.035485326684 -0.047525118224 0.18405172431 0.067311830737 0.054937104802 0.28551519665 
-0.0272293622 0.086788866013 0.3441972531 0.059904937817 0.026817463107 0.25659454717 -0.0056235781429 -0.020572416272 0.16451419387 
-0.068720286193 0.045389280048 0.21794047346 0.0029602375973 0.017301808064 0.24286208722 0.021920492458 0.040117822185 0.26512543693 
-0.0053833023988 0.035897212609 0.24901476934 -0.026422034902 0.0063247442292 0.24696154573 0.023789787516 0.0078678420712 0.24792931498 
0.049863779416 0.089817329997 0.26764402643 0.069151898767 0.00057586327864 0.23610546705 -0.026844584701 0.0072124748123 0.22344287689 
-0.020903701846 0.038427826599 0.20980409493 0.0076503479268 0.085105817141 0.31983019177 -0.0081091164351 0.14100477343 0.20374996804 
-0.018496319476 -0.02145275349 0.22077258693 -0.031476453275 0.10583741593 0.27670885264 0.024821312592 0.091159844585 0.18930835133 
0.032756919693 0.12813171993 0.28496408495 -0.0034874437584 0.074587480691 0.3313686519 0.038174822821 0.084614548153 0.21588197305 
-0.001510461164 0.056669401349 0.21187872852 0.018591568315 0.13652783792 0.19503423009 0.057133318885 -0.042802226966 0.20442986845 
0.11849959273 -0.04830925393 0.30926474875 -0.082971035639 -0.080296879028 0.17796655591 -0.031799038424 -0.02673002612 0.36893531397 
0.086077554952 -0.047310688837 0.2618604698 0.030280940566 -0.097809943802 0.22563633244 0.0060703099475 -0.12094448557 0.28432015417 
0.1061180799 -0.058969802989 0.21244706925 0.027208618888 -0.034520440319 0.10888730361 -0.05559715388 -0.0014366230831 0.2669525947 
-0.00065575548249 -0.017944133716 0.2190551224 0.026614010779 0.097148771463 0.32574517036 0.065423817169 -0.074052390019 0.20582619362 
-0.11585078629 -0.099757351282 0.24661035126 0.035970929416 -0.12503569764 0.17849962382 0.026736815843 0.0080840443054 0.13283301365 
0.004176792761 -0.1394356907 0.22847268745 0.14519543739 -0.075529975317 0.25167648013 -0.099711669361 -0.13637227511 0.20054011779 
-0.10738516275 -0.0049465946076 0.18960669639 -0.029976606051 -0.049681901671 0.18818592004 -0.08533122515 -0.1088296666 0.21748646594 
0.14153608859 0.0082462633934 0.28673426824 0.014317913141 -0.093332125459 0.15703778318 -0.086229242822 -0.011244784228 0.19027715446 
0.0072051299442 0.0095351509765 0.21553745693 0.0096055221537 0.03814262861 0.22962462505 -0.0097422454381 -0.0093728311659 0.25591437605 
0.08914460198 -0.037268533293 0.25105255191 0.029328091605 0.036358611323 0.27818732948 -0.010187164863 -0.01991126193 0.16878980181 
-0.044905719771 0.0084392032929 0.23941516887 0.13932256902 0.016425877131 0.14456572231 -0.042530375645 0.049121985167 0.11342153243 
-0.044438748015 -0.040339043443 0.26092385284 0.032921188251 0.017324121397 0.15551747965 0.028997168919 0.11652828378 0.12446999064 
-0.010390846272 0.028516246238 0.19210501657 -0.015091492954 0.029091350785 0.16945106186 0.031538265933 0.01207343252 0.18146784509 
-0.019006365787 -0.0075082883929 0.19618860825 0.080498350756 -0.083631606989 0.2076813299 0.15563749315 -0.013392307281 0.1958313483 
-0.11511728779 -0.011631205594 0.21683302625 -0.031609641379 0.028966075018 0.30288695715 0.10056366918 0.0459813516 0.18399975144 
0.051071199628 0.030760907917 0.17181660639 0.021184103132 -0.001492588986 0.29517356834 0.11101551901 -0.0022620885821 0.17748259915 
0.059060271232 0.056669775613 0.30790539066 0.05658003347 -0.043520867621 0.20619570408 -0.0022789986491 0.035558814688 0.20149006735 
-0.056151515439 0.0073244429991 0.25978349728 -0.028046236549 0.0010044472414 0.21487666448 0.14049439666 0.0099038602495 0.12209893616 
0.055842676249 0.017588959501 0.23499867221 0.06361150006 0.075674107291 0.20913592007 0.039590676468 -0.12076469883 0.14680700348 
0.070365949085 0.044480895353 0.24854600373 -0.010656168992 0.03145266525 0.1585843234 -0.049754835978 0.1250937436 0.2499872881 
0.051425095173 0.013019929514 0.21628209604 0.046933749585 -0.054671366078 0.24379406262 0.020325144326 -0.024657556693 0.27063588424 
0.0091186137159 -0.042193398869 0.24680135419 0.069653483472 -0.016055767898 0.30294505405 -0.090387042348 -0.026095397519 0.31327093844 
-0.063444144107 -0.037310541874 0.3260390657 -0.052178319435 0.0056894092352 0.25303051625 0.049184350917 0.094919302083 0.18229499443 
0.07459477722 -0.035141573982 0.22986139173 0.075413418868 0.014053158707 0.22928014444 -0.096898938516 -0.009762223116 0.27652613076 
-0.035131586584 -0.0017098095978 0.24096117914 -0.040437140729 0.085891920089 0.23858188207 -0.068303561121 -0.032637957861 0.29236336322 
0.083277582095 -0.04074501402 0.30325794229 0.051740354314 0.065058984353 0.25551693849 0.049679161397 0.012718376195 0.31755858809 
-0.04101567992 0.099701857169 0.24693377501 0.069692556222 0.063631321073 0.25007020743 0.028479292186 -0.037488914013 0.17432979282 
0.015586825929 0.070063453807 0.27697419789 0.016557462957 0.023774358598 0.28853972701 -0.0038923991615 0.1186562974 0.31987623619 
0.025978906284 0.01921146659 0.34410027968 -0.039707268234 0.0007153954096 0.34099861923 -0.035769902151 0.11550052994 0.27167185697 
0.024134179904 -0.0030612681019 0.23507018855 0.029004857344 -0.014635451759 0.14374459925 -0.04442721554 0.095424110768 0.24564326577 
-0.051952152646 0.11927953038 0.29821388523 -0.023808814618 0.074571229679 0.31298448065 -0.03761390682 0.088821312677 0.2576650612 
-0.0053470786094 -0.0029841567557 0.30447098035 0.068072882167 -0.0098769359179 0.23293137423 0.14635798399 0.094669269973 0.31793492057 
-0.042135212554 0.072987882183 0.27192623338 -0.026039095464 0.13161533098 0.22420123495 -0.024447543231 -0.00057047618002 0.22988485312 
-0.065243368443 0.23817492442 0.28389965534 0.056039602831 0.076037611194 0.19659180406 -0.1207594292 -0.055679548904 0.20678080607 
0.023005698465 -0.066485065233 0.36326770301 -0.002053606737 -0.071292507758 0.10859221742 0.079876148682 -0.045854993374 0.052248752164 
0.0035835056411 -0.10211800727 0.28497863152 0.048378088225 -0.085439103711 0.17455956529 -0.075081473951 -0.021642702562 0.26983900917 
0.12287029701 0.0083998321885 0.2636398788 0.093319416555 0.0074601879844 0.30857980788 0.17756975807 -0.02459292756 0.26096657297 
0.041115204442 0.031202678059 0.12988517199 -0.015458919755 0.056729075368 0.26755940586 -0.060691178498 0.020945838987 0.31000189974 
-0.022663027267 -0.013346898059 0.0821874972 0.061221038502 -0.061871822347 0.26897497271 -0.029474098746 -0.11488677735 0.21197825636 
-0.07323398141 0.0022328544004 0.19285968071 -0.029540366937 -0.010443078296 0.27419038726 0.011380370277 -0.085056595248 0.14855166563 
-0.010356095641 0.01853445845 0.14484520626 -0.15954198229 0.0046270693796 0.2387704831 0.15061423723 0.041735065179 0.055684373717 
0.10799209603 -0.045123966017 0.20827641227 -0.037982848777 0.0086476405781 0.16774216626 -0.12233865648 -0.06740279857 0.22795671054 
-0.054333673117 0.11515021495 0.22232084017 0.11192580464 0.080594033698 0.21234581535 0.0099644756082 0.04241738694 0.24208857244 
0.045048093491 0.043614574632 0.17781194192 0.070987016729 -0.086031125072 0.2802743201 -0.080116303903 -0.039863840925 0.17812298089 
0.056503791841 -0.019588922608 0.30576730349 -0.13367517643 0.010325614665 0.29834926088 0.090033925251 -0.084743116414 0.20934198899 
0.072104913748 -0.13080094803 0.25222783695 0.10920898727 0.022288130337 0.31202118503 0.066288756525 0.053743324484 0.22090978933 
-0.013101696698 0.033055579829 0.28975928007 -0.020028648551 0.056557606646 0.20646603665 -0.050551523004 0.11449227554 0.34789728195 
-0.024869798915 -0.06572086296 0.1857934642 0.0095491470729 0.03629270693 0.22649124745 0.040822974699 -0.049188406913 0.30201747309 
-0.088027393809 -0.055990667341 0.19815197161 0.055136124365 0.033993652001 0.26930240756 0.0046863028819 0.022100388359 0.21780768471 
0.069740394855 -0.11313193786 0.23091791156 -0.15290166524 0.023106625879 0.27618885025 -0.028776802349 -0.028830891635 0.21542480915 
-0.018473345481 -0.0088532299614 0.30231463063 0.049285600344 0.01934903173 0.3389072922 0.039148361512 0.0040147686205 0.22768994027 
-0.010478279778 -1.7744337945e-05 0.25656507039 0.034745700648 -0.082129824036 0.29406127266 -0.024490063465 0.051316412877 0.26444980204 
0.059801192111 0.11490345795 0.18725599042 0.029328380667 0.04192827408 0.27018202189 -0.041310086053 -0.040053354185 0.22330458075 
-0.057709439869 0.046048695711 0.29401361715 0.043961926793 0.095707841528 0.30168629846 -0.011072233157 0.10984326191 0.33860923224 
-0.022669860753 0.058780478729 0.29403568423 -0.0640760832 0.10529488509 0.32690239905 0.005032902149 0.11620203955 0.14832938044 
-0.0089032655878 0.058549616525 0.31437429956 -0.10161552002 0.020414457997 0.28130058159 0.05508542082 -0.043374167409 0.14373351764 
0.018376574073 -0.089518353655 0.14738230828 -0.21939135311 -0.061750039257 0.16260232678 -0.025728553378 -0.21012338475 0.14980393693 
-0.027781378936 -0.061318833073 0.23818134371 -0.043706693502 -0.086600504313 0.34507325095 0.094512933459 0.020620882378 0.18340738579 
0.036246431542 -0.030754843664 0.24060983822 -0.098549318523 -0.092769552069 0.27656824096 -0.012662296258 -0.12644168268 0.1917114423 
0.068722552683 -0.044117042091 0.24230618926 -0.10432194736 0.090112944058 0.24267498712 -0.023305697889 -0.010865376281 0.17421482568 
0.011673099429 -0.069420087187 0.13589600425 -0.020849183066 -0.03231163717 0.21043577317 -0.064915379698 0.034914113362 0.1779798737 
-0.052584365095 -0.10004490433 0.24383849622 0.043749519057 0.091038381088 0.17822128763 -0.099337819224 0.12955243493 0.29539479036 
0.01643322917 -0.039405352124 0.27126162315 -0.05187844969 -0.078998345416 0.20696034601 -0.014017226253 -0.004143774239 0.17592634891 
-0.11621064292 0.05054603598 0.24396067406 0.01463606567 -0.03984421884 0.29662531301 0.0046034524808 -0.093852503911 0.37426531854 
0.013928966511 0.056289592331 0.30909607654 -0.08020393594 -0.062033025933 0.21150220216 -0.0030790694678 -0.10042562435 0.21793728988 
0.028954541082 0.064883214666 0.23442910627 0.0014926804881 -0.032166450953 0.25226550884 0.016162198214 -0.021374323146 0.1645538172 
0.10704929881 -0.072568608847 0.30816126906 -0.10366577758 -0.05418555785 0.13257622721 0.055807994597 0.09698563417 0.28643741363 
0.0080063648979 -0.0066235643886 0.25888648122 0.083358290355 -0.02844953405 0.17347011721 0.0050515888134 -0.0047642951779 0.29804070138 
0.096487743928 -0.0026712620095 0.16799054798 0.074008602208 0.0029496509453 0.12675447633 -0.059710449173 -0.040440680353 0.36485957175 
0.044267818584 0.12469892462 0.22000513695 0.027682658605 -0.012818975236 0.36298983665 -0.2645269825 -0.027895761415 0.19780798717 
-0.061633448071 0.025846218509 0.31526726268 -0.099821291917 0.032566326472 0.34750139747 -0.047771612117 -0.013445480766 0.34334882621 
0.11832689743 0.061296100143 0.21849419828 -0.058333110183 -0.0077815397728 0.31388629371 0.12480751344 0.057437930454 0.28016801207 
0.033544496084 0.12017621902 0.24524357237 -0.026521348722 0.11400261462 0.30581793969 -0.037570399901 0.16846738653 0.12716908365 
0.035219859187 0.025920388973 0.24393311455 0.030885351854 0.053464422381 0.25576344604 -0.080471895889 0.0076279449244 0.16659698571 
-0.026301206947 0.035441311994 0.25744074594 0.042876143427 -0.068514529655 0.28881534798 0.024574783816 -0.018189339769 0.22612142074 
0.0085923451844 0.02376590811 0.3227112821 0.075826763176 0.11734402675 0.27168969388 -0.078476750154 0.054816864144 0.18800032141 
0.081544614542 0.09191972493 0.22563675764 0.0034337567385 0.05965232236 0.18278761853 -0.055700266777 0.055819932381 0.27379820367 
0.0099042839905 0.061314958803 0.27579002648 -0.069903857196 0.027529140864 0.26975491739 0.0047502089373 0.10538984271 0.40744079088 
-0.0040726723491 0.067114225226 0.32900406987 0.023957869918 0.0026525987831 0.26239340323 -0.063705371037 0.12750682549 0.17873605831 
-0.0085981668718 0.12868671326 0.30443555475 0.037325320286 0.072570033667 0.26629390853 0.080984940133 0.093526940239 0.31776422083 
0.07822042127 0.13304344062 0.28657292607 
f 3 7003 double
0 0 -5.1365039886e-09 0 0 -5.1365039886e-09 0 0 -5.1365039886e-09 
0 0 -5.1365039886e-09 0 0 -5.1365039886e-09 0 0 -5.1365039886e-09 
0 0 -5.1365039886e-09 0 0 -5.1365039886e-09 0 0 -5.1365039886e-09 
0 0 -5.1365039886e-09 0 0 -5.1365039886e-09 0 0 -5.1365039886e-09 
0 0 -5.1365039886e-09 0 0 -5.1365039886e-09 0 0 -5.1365039886e-09 
0 0 -5.1365039886e-09 0 0 -5.1365039886e-09 0 0 -5.1365039886e-09 
0 0 -5.1365039886e-09 0 0 -5.1365039886e-09 0 0 -5.1365039886e-09 
0 0 -5.1365039886e-09 0 0 -5.1365039886e-09 0 0 -5.1365039886e-09 
0 0 -5.1365039886e-09 0 0 -5.1365039886e-09 0 0 -5.1365039886e-09 
0 0 -5.1365039886e-09 0 0 -5.1365039886e-09 0 0 -5.1365039886e-09 
0 0 -5.1365039886e-09 0 0 -5.1365039886e-09 0 0 -5.1365039886e-09 
0 0 -5.1365039886e-09 0 0 -5.1365039886e-09 0 0 -5.1365039886e-09 
0 0 -5.1365039886e-09 0 0 -5.1365039886e-09 0 0 -5.1365039886e-09 
0 0 -5.1365039886e-09 0 0 -5.1365039886e-09 0 0 -5.1365039886e-09 
0 0 -5.1365039886e-09 0 0 -5.1365039886e-09 0 0 -5.1365039886e-09 
0 0 -5.1365039886e-09 0 0 -5.1365039886e-09 0 0 -5.1365039886e-09 
0 0 -5.1365039886e-09 0 0 -5.1365039886e-09 0 0 -5.1365039886e-09 
0 0 -5.1365039886e-09 0 0 -5.1365039886e-09 0 0 -5.1365039886e-09 
0 0 -5.1365039886e-09 0 0 -5.1365039886e-09 0 0 -5.1365039886e-09 
0 0 -5.1365039886e-09 0 0 -5.1365039886e-09 0 0 -5.1365039886e-09 
0 0 -5.1365039886e-09 0 0 -5.1365039886e-09 0 0 -5.1365039886e-09 
0 0 -5.1365039886e-09 0 0 -5.1365039886e-09 0 0 -5.1365039886e-09 
0 0 -5.1365039886e-09 0 0 -5.1365039886e-09 0 0 -5.1365039886e-09 
0 0 -5.1365039886e-09 0 0 -5.1365039886e-09 0 0 -5.1365039886e-09 
0 0 -5.1365039886e-09 0 0 -5.1365039886e-09 0 0 -5.1365039886e-09 
0 0 -5.1365039886e-09 0 0 -5.1365039886e-09 0 0 -5.1365039886e-09 
0 0 -5.1365039886e-09 0 0 -5.1365039886e-09 0 0 -5.1365039886e-09 
0 0 -5.1365039886e-09 0 0 -5.1365039886e-09 0 0 -5.1365039886e-09 
0 0 -5.1365039886e-09 0 0 -5.1365039886e-09 0 0 -5.1365039886e-09 
0 0 -5.1365039886e-09 0 0 -5.1365039886e-09 0 0 -5.1365039886e-09 
0 0 -5.1365039886e-09 0 0 -5.1365039886e-09 0 0 -5.1365039886e-09 
0 0 -5.1365039886e-09 0 0 -5.1365039886e-09 0 0 -5.1365039886e-09 
0 0 -5.1365039886e-09 0 0 -5.1365039886e-09 0 0 -5.1365039886e-09 
0 0 -5.1365039886e-09 0 0 -5.1365039886e-09 0 0 -5.1365039886e-09 
0 0 -5.1365039886e-09 0 0 -5.1365039886e-09 0 0 -5.1365039886e-09 
0 0 -5.1365039886e-09 0 0 -5.1365039886e-09 0 0 -5.1365039886e-09 
0 0 -5.1365039886e-09 0 0 -5.1365039886e-09 0 0 -5.1365039886e-09 
0 0 -5.1365039886e-09 0 0 -5.1365039886e-09 0 0 -5.1365039886e-09 
0 0 -5.1365039886e-09 0 0 -5.1365039886e-09 0 0 -5.1365039886e-09 
0 0 -5.1365039886e-09 0 0 -5.1365039886e-09 0 0 -5.1365039886e-09 
0 0 -5.1365039886e-09 0 0 -5.1365039886e-09 0 0 -5.1365039886e-09 
0 0 -5.1365039886e-09 0 0 -5.1365039886e-09 0 0 -5.1365039886e-09 
0 0 -5.1365039886e-09 0 0 -5.1365039886e-09 0 0 -5.1365039886e-09 
0 0 -5.1365039886e-09 0 0 -5.1365039886e-09 0 0 -5.1365039886e-09 
0 0 -5.1365039886e-09 0 0 -5.1365039886e-09 0 0 -5.1365039886e-09 
0 0 -5.1365039886e-09 0 0 -5.1365039886e-09 0 0 -5.1365039886e-09 
0 0 -5.1365039886e-09 0 0 -5.1365039886e-09 0 0 -5.1365039886e-09 
0 0 -5.1365039886e-09 0 0 -5.1365039886e-09 0 0 -5.1365039886e-09 
0 0 -5.1365039886e-09 0 0 -5.1365039886e-09 0 0 -5.1365039886e-09 
0 0 -5.1365039886e-09 0 0 -5.1365039886e-09 0 0 -5.1365039886e-09 
0 0 -5.1365039886e-09 0 0 -5.1365039886e-09 0 0 -5.1365039886e-09 
0 0 -5.1365039886e-09 0 0 -5.1365039886e-09 0 0 -5.1365039886e-09 
0 0 -5.1365039886e-09 0 0 -5.1365039886e-09 0 0 -5.1365039886e-09 
0 0 -5.1365039886e-09 0 0 -5.1365039886e-09 0 0 -5.1365039886e-09 
0 0 -5.1365039886e-09 0 0 -5.1365039886e-09 0 0 -5.1365039886e-09 
0 0 -5.1365039886e-09 0 0 -5.1365039886e-09 0 0 -5.1365039886e-09 
0 0 -5.1365039886e-09 0 0 -5.1365039886e-09 0 0 -5.1365039886e-09 
0 0 -5.1365039886e-09 0 0 -5.1365039886e-09 0 0 -5.1365039886e-09 
0 0 -5.1365039886e-09 0 0 -5.1365039886e-09 0 0 -5.1365039886e-09 
0 0 -5.1365039886e-09 0 0 -5.1365039886e-09 0 0 -5.1365039886e-09 
0 0 -5.1365039886e-09 0 0 -5.1365039886e-09 0 0 -5.1365039886e-09 
0 0 -5.1365039886e-09 0 0 -5.1365039886e-09 0 0 -5.1365039886e-09 
0 0 -5.1365039886e-09 0 0 -5.1365039886e-09 0 0 -5.1365039886e-09 
0 0 -5.1365039886e-09 0 0 -5.1365039886e-09 0 0 -5.1365039886e-09 
0 0 -5.1365039886e-09 0 0 -5.1365039886e-09 0 0 -5.1365039886e-09 
0 0 -5.1365039886e-09 0 0 -5.1365039886e-09 0 0 -5.1365039886e-09 
0 0 -5.1365039886e-09 0 0 -5.1365039886e-09 0 0 -5.1365039886e-09 
0 0 -5.1365039886e-09 0 0 -5.1365039886e-09 0 0 -5.1365039886e-09 
0 0 -5.1365039886e-09 0 0 -5.1365039886e-09 0 0 -5.1365039886e-09 
0 0 -5.1365039886e-09 0 0 -5.1365039886e-09 0 0 -5.1365039886e-09 
0 0 -5.1365039886e-09 0 0 -5.1365039886e-09 0 0 -5.1365039886e-09 
0 0 -5.1365039886e-09 0 0 -5.1365039886e-09 0 0 -5.1365039886e-09 
0 0 -5.1365039886e-09 0 0 -5.1365039886e-09 0 0 -5.1365039886e-09 
0 0 -5.1365039886e-09 0 0 -5.1365039886e-09 0 0 -5.1365039886e-09 
0 0 -5.1365039886e-09 0 0 -5.1365039886e-09 0 0 -5.1365039886e-09 
0 0 -5.1365039886e-09 0 0 -5.1365039886e-09 0 0 -5.1365039886e-09 
0 0 -5.1365039886e-09 0 0 -5.1365039886e-09 0 0 -5.1365039886e-09 
0 0 -5.1365039886e-09 0 0 -5.1365039886e-09 0 0 -5.1365039886e-09 
0 0 -5.1365039886e-09 0 0 -5.1365039886e-09 0 0 -5.1365039886e-09 
0 0 -5.1365039886e-09 0 0 -5.1365039886e-09 0 0 -5.1365039886e-09 
0 0 -5.1365039886e-09 0 0 -5.1365039886e-09 0 0 -5.1365039886e-09 
0 0 -5.1365039886e-09 0 0 -5.1365039886e-09 0 0 -5.1365039886e-09 
0 0 -5.1365039886e-09 0 0 -5.1365039886e-09 0 0 -5.1365039886e-09 
0 0 -5.1365039886e-09 0 0 -5.1365039886e-09 0 0 -5.1365039886e-09 
0 0 -5.1365039886e-09 0 0 -5.1365039886e-09 0 0 -5.1365039886e-09 
0 0 -5.1365039886e-09 0 0 -5.1365039886e-09 0 0 -5.1365039886e-09 
0 0 -5.1365039886e-09 0 0 -5.1365039886e-09 0 0 -5.1365039886e-09 
0 0 -5.1365039886e-09 0 0 -5.1365039886e-09 0 0 -5.1365039886e-09 
0 0 -5.1365039886e-09 0 0 -5.1365039886e-09 0 0 -5.1365039886e-09 
0 0 -5.1365039886e-09 0 0 -5.1365039886e-09 0 0 -5.1365039886e-09 
0 0 -5.1365039886e-09 0 0 -5.1365039886e-09 0 0 -5.1365039886e-09 
0 0 -5.1365039886e-09 0 0 -5.1365039886e-09 0 0 -5.1365039886e-09 
0 0 -5.1365039886e-09 0 0 -5.1365039886e-09 0 0 -5.1365039886e-09 
0 0 -5.1365039886e-09 0 0 -5.1365039886e-09 0 0 -5.1365039886e-09 
0 0 -5.1365039886e-09 0 0 -5.1365039886e-09 0 0 -5.1365039886e-09 
0 0 -5.1365039886e-09 0 0 -5.1365039886e-09 0 0 -5.1365039886e-09 
0 0 -5.1365039886e-09 0 0 -5.1365039886e-09 0 0 -5.1365039886e-09 
0 0 -5.1365039886e-09 0 0 -5.1365039886e-09 0 0 -5.1365039886e-09 
0 0 -5.1365039886e-09 0 0 -5.1365039886e-09 0 0 -5.1365039886e-09 
0 0 -5.1365039886e-09 0 0 -5.1365039886e-09 0 0 -5.1365039886e-09 
0 0 -5.1365039886e-09 0 0 -5.1365039886e-09 0 0 -5.1365039886e-09 
0 0 -5.1365039886e-09 0 0 -5.1365039886e-09 0 0 -5.1365039886e-09 
0 0 -5.1365039886e-09 0 0 -5.1365039886e-09 0 0 -5.1365039886e-09 
0 0 -5.1365039886e-09 0 0 -5.1365039886e-09 0 0 -5.1365039886e-09 
4.9613990793e-07 3.7363051272e-06 -2.4932254155e-06 0 0 -5.1365039886e-09 0 0 -5.1365039886e-09 
0 0 -5.1365039886e-09 0 0 -5.1365039886e-09 0 0 -5.1365039886e-09 
0 0 -5.1365039886e-09 0 0 -5.1365039886e-09 0 0 -5.1365039886e-09 
0 0 -5.1365039886e-09 0 0 -5.1365039886e-09 0 0 -5.1365039886e-09 
0 0 -5.1365039886e-09 0 0 -5.1365039886e-09 0 0 -5.1365039886e-09 
0 0 -5.1365039886e-09 0 0 -5.1365039886e-09 0 0 -5.1365039886e-09 
0 0 -5.1365039886e-09 0 0 -5.1365039886e-09 0 0 -5.1365039886e-09 
0 0 -5.1365039886e-09 0 0 -5.1365039886e-09 0 0 -5.1365039886e-09 
0 0 -5.1365039886e-09 0 0 -5.1365039886e-09 0 0 -5.1365039886e-09 
0 0 -5.1365039886e-09 0 0 -5.1365039886e-09 0 0 -5.1365039886e-09 
0 0 -5.1365039886e-09 0 0 -5.1365039886e-09 0 0 -5.1365039886e-09 
0 0 -5.1365039886e-09 0 0 -5.1365039886e-09 0 0 -5.1365039886e-09 
0 0 -5.1365039886e-09 0 0 -5.1365039886e-09 -4.9613990793e-07 -3.7363051272e-06 2.4829524075e-06 
0 0 -5.1365039886e-09 0 0 -5.1365039886e-09 0 0 -5.1365039886e-09 
0 0 -5.1365039886e-09 0 0 -5.1365039886e-09 0 0 -5.1365039886e-09 
0 0 -5.1365039886e-09 0 0 -5.1365039886e-09 0 0 -5.1365039886e-09 
0 0 -5.1365039886e-09 0 0 -5.1365039886e-09 0 0 -5.1365039886e-09 
0 0 -5.1365039886e-09 0 0 -5.1365039886e-09 0 0 -5.1365039886e-09 
0 0 -5.1365039886e-09 6.480510026e-06 5.8731343119e-06 -1.2413900792e-05 -6.480510026e-06 -5.8731343119e-06 1.2403627785e-05 
0 0 -5.1365039886e-09 0 0 -5.1365039886e-09 0 0 -5.1365039886e-09 
0 0 -5.1365039886e-09 0 0 -5.1365039886e-09 0 0 -5.1365039886e-09 
0 0 -5.1365039886e-09 0 0 -5.1365039886e-09 0 0 -5.1365039886e-09 
0 0 -5.1365039886e-09 0 0 -5.1365039886e-09 0 0 -5.1365039886e-09 
0 0 -5.1365039886e-09 0 0 -5.1365039886e-09 0 0 -5.1365039886e-09 
0 0 -5.1365039886e-09 0 0 -5.1365039886e-09 0 0 -5.1365039886e-09 
0 0 -5.1365039886e-09 0 0 -5.1365039886e-09 0 0 -5.1365039886e-09 
0 0 -5.1365039886e-09 0 0 -5.1365039886e-09 0 0 -5.1365039886e-09 
0 0 -5.1365039886e-09 0 0 -5.1365039886e-09 6.2049006751e-07 1.8212235523e-06 -1.7149170802e-06 
0 0 -5.1365039886e-09 0 0 -5.1365039886e-09 0 0 -5.1365039886e-09 
0 0 -5.1365039886e-09 0 0 -5.1365039886e-09 0 0 -5.1365039886e-09 
0 0 -5.1365039886e-09 0 0 -5.1365039886e-09 0 0 -5.1365039886e-09 
0 0 -5.1365039886e-09 0 0 -5.1365039886e-09 0 0 -5.1365039886e-09 
0 0 -5.1365039886e-09 0 0 -5.1365039886e-09 0 0 -5.1365039886e-09 
0 0 -5.1365039886e-09 0 0 -5.1365039886e-09 0 0 -5.1365039886e-09 
0 0 -5.1365039886e-09 0 0 -5.1365039886e-09 0 0 -5.1365039886e-09 
0 0 -5.1365039886e-09 0 0 -5.1365039886e-09 0 0 -5.1365039886e-09 
0 0 -5.1365039886e-09 0 0 -5.1365039886e-09 0 0 -5.1365039886e-09 
0 0 -5.1365039886e-09 0 0 -5.1365039886e-09 0 0 -5.1365039886e-09 
0 0 -5.1365039886e-09 0 0 -5.1365039886e-09 0 0 -5.1365039886e-09 
0 0 -5.1365039886e-09 0 0 -5.1365039886e-09 0 0 -5.1365039886e-09 
-6.2049006751e-07 -1.8212235523e-06 1.7046440722e-06 0 0 -5.1365039886e-09 0 0 -5.1365039886e-09 
0 0 -5.1365039886e-09 0 0 -5.1365039886e-09 0 0 -5.1365039886e-09 
0 0 -5.1365039886e-09 0 0 -5.1365039886e-09 0 0 -5.1365039886e-09 
0 0 -5.1365039886e-09 0 0 -5.1365039886e-09 0 0 -5.1365039886e-09 
0 0 -5.1365039886e-09 0 0 -5.1365039886e-09 0 0 -5.1365039886e-09 
0 0 -5.1365039886e-09 0 0 -5.1365039886e-09 0 0 -5.1365039886e-09 
0 0 -5.1365039886e-09 0 0 -5.1365039886e-09 0 0 -5.1365039886e-09 
0 0 -5.1365039886e-09 0 0 -5.1365039886e-09 0 0 -5.1365039886e-09 
0 0 -5.1365039886e-09 0 0 -5.1365039886e-09 0 0 -5.1365039886e-09 
0 0 -5.1365039886e-09 0 0 -5.1365039886e-09 0 0 -5.1365039886e-09 
0 0 -5.1365039886e-09 0 0 -5.1365039886e-09 0 0 -5.1365039886e-09 
0 0 -5.1365039886e-09 0 0 -5.1365039886e-09 0 0 -5.1365039886e-09 
0 0 -5.1365039886e-09 0 0 -5.1365039886e-09 0 0 -5.1365039886e-09 
0 0 -5.1365039886e-09 0 0 -5.1365039886e-09 0 0 -5.1365039886e-09 
0 0 -5.1365039886e-09 0 0 -5.1365039886e-09 0 0 -5.1365039886e-09 
0 0 -5.1365039886e-09 0 0 -5.1365039886e-09 0 0 -5.1365039886e-09 
0 0 -5.1365039886e-09 0 0 -5.1365039886e-09 0 0 -5.1365039886e-09 
0 0 -5.1365039886e-09 0 0 -5.1365039886e-09 0 0 -5.1365039886e-09 
0 0 -5.1365039886e-09 0 0 -5.1365039886e-09 0 0 -5.1365039886e-09 
0 0 -5.1365039886e-09 0 0 -5.1365039886e-09 0 0 -5.1365039886e-09 
0 0 -5.1365039886e-09 0 0 -5.1365039886e-09 0 0 -5.1365039886e-09 
0 0 -5.1365039886e-09 0 0 -5.1365039886e-09 0 0 -5.1365039886e-09 
0 0 -5.1365039886e-09 0 0 -5.1365039886e-09 0 0 -5.1365039886e-09 
0 0 -5.1365039886e-09 0 0 -5.1365039886e-09 0 0 -5.1365039886e-09 
0 0 -5.1365039886e-09 0 0 -5.1365039886e-09 0 0 -5.1365039886e-09 
0 0 -5.1365039886e-09 0 0 -5.1365039886e-09 0 0 -5.1365039886e-09 
0 0 -5.1365039886e-09 0 0 -5.1365039886e-09 0 0 -5.1365039886e-09 
0 0 -5.1365039886e-09 0 0 -5.1365039886e-09 0 0 -5.1365039886e-09 
0 0 -5.1365039886e-09 0 0 -5.1365039886e-09 0 0 -5.1365039886e-09 
0 0 -5.1365039886e-09 0 0 -5.1365039886e-09 0 0 -5.1365039886e-09 
0 0 -5.1365039886e-09 0 0 -5.1365039886e-09 0 0 -5.1365039886e-09 
0 0 -5.1365039886e-09 0 0 -5.1365039886e-09 0 0 -5.1365039886e-09 
0 0 -5.1365039886e-09 0 0 -5.1365039886e-09 0 0 -5.1365039886e-09 
0 0 -5.1365039886e-09 0 0 -5.1365039886e-09 0 0 -5.1365039886e-09 
0 0 -5.1365039886e-09 0 0 -5.1365039886e-09 0 0 -5.1365039886e-09 
0 0 -5.1365039886e-09 0 0 -5.1365039886e-09 0 0 -5.1365039886e-09 
0 0 -5.1365039886e-09 0 0 -5.1365039886e-09 0 0 -5.1365039886e-09 
0 0 -5.1365039886e-09 0 0 -5.1365039886e-09 0 0 -5.1365039886e-09 
0 0 -5.1365039886e-09 0 0 -5.1365039886e-09 0 0 -5.1365039886e-09 
0 0 -5.1365039886e-09 0 0 -5.1365039886e-09 0 0 -5.1365039886e-09 
0 0 -5.1365039886e-09 0 0 -5.1365039886e-09 0 0 -5.1365039886e-09 
0 0 -5.1365039886e-09 0 0 -5.1365039886e-09 0 0 -5.1365039886e-09 
0 0 -5.1365039886e-09 0 0 -5.1365039886e-09 0 0 -5.1365039886e-09 
0 0 -5.1365039886e-09 0 0 -5.1365039886e-09 0 0 -5.1365039886e-09 
0 0 -5.1365039886e-09 0 0 -5.1365039886e-09 0 0 -5.1365039886e-09 
0 0 -5.1365039886e-09 0 0 -5.1365039886e-09 0 0 -5.1365039886e-09 
0 0 -5.1365039886e-09 0 0 -5.1365039886e-09 0 0 -5.1365039886e-09 
0 0 -5.1365039886e-09 0 0 -5.1365039886e-09 0 0 -5.1365039886e-09 
0 0 -5.1365039886e-09 0 0 -5.1365039886e-09 0 0 -5.1365039886e-09 
0 0 -5.1365039886e-09 0 0 -5.1365039886e-09 0 0 -5.1365039886e-09 
0 0 -5.1365039886e-09 0 0 -5.1365039886e-09 0 0 -5.1365039886e-09 
0 0 -5.1365039886e-09 0 0 -5.1365039886e-09 0 0 -5.1365039886e-09 
0 0 -5.1365039886e-09 0 0 -5.1365039886e-09 0 0 -5.1365039886e-09 
0 0 -5.1365039886e-09 0 0 -5.1365039886e-09 0 0 -5.1365039886e-09 
0 0 -5.1365039886e-09 0 0 -5.1365039886e-09 0 0 -5.1365039886e-09 
0 0 -5.1365039886e-09 0 0 -5.1365039886e-09 0 0 -5.1365039886e-09 
0 0 -5.1365039886e-09 0 0 -5.1365039886e-09 0 0 -5.1365039886e-09 
0 0 -5.1365039886e-09 0 0 -5.1365039886e-09 0 0 -5.1365039886e-09 
0 0 -5.1365039886e-09 0 0 -5.1365039886e-09 0 0 -5.1365039886e-09 
0 0 -5.1365039886e-09 0 0 -5.1365039886e-09 0 0 -5.1365039886e-09 
0 0 -5.1365039886e-09 0 0 -5.1365039886e-09 0 0 -5.1365039886e-09 
0 0 -5.1365039886e-09 0 0 -5.1365039886e-09 0 0 -5.1365039886e-09 
0 0 -5.1365039886e-09 0 0 -5.1365039886e-09 0 0 -5.1365039886e-09 
0 0 -5.1365039886e-09 0 0 -5.1365039886e-09 0 0 -5.1365039886e-09 
0 0 -5.1365039886e-09 0 0 -5.1365039886e-09 0 0 -5.1365039886e-09 
0 0 -5.1365039886e-09 0 0 -5.1365039886e-09 0 0 -5.1365039886e-09 
0 0 -5.1365039886e-09 0 0 -5.1365039886e-09 0 0 -5.1365039886e-09 
0 0 -5.1365039886e-09 0 0 -5.1365039886e-09 0 0 -5.1365039886e-09 
0 0 -5.1365039886e-09 0 0 -5.1365039886e-09 0 0 -5.1365039886e-09 
0 0 -5.1365039886e-09 0 0 -5.1365039886e-09 0 0 -5.1365039886e-09 
0 0 -5.1365039886e-09 0 0 -5.1365039886e-09 0 0 -5.1365039886e-09 
0 0 -5.1365039886e-09 0 0 -5.1365039886e-09 0 0 -5.1365039886e-09 
0 0 -5.1365039886e-09 0 0 -5.1365039886e-09 0 0 -5.1365039886e-09 
0 0 -5.1365039886e-09 0 0 -5.1365039886e-09 0 0 -5.1365039886e-09 
0 0 -5.1365039886e-09 0 0 -5.1365039886e-09 0 0 -5.1365039886e-09 
0 0 -5.1365039886e-09 0 0 -5.1365039886e-09 0 0 -5.1365039886e-09 
0 0 -5.1365039886e-09 0 0 -5.1365039886e-09 0 0 -5.1365039886e-09 
0 0 -5.1365039886e-09 0 0 -5.1365039886e-09 0 0 -5.1365039886e-09 
0 0 -5.1365039886e-09 0 0 -5.1365039886e-09 0 0 -5.1365039886e-09 
0 0 -5.1365039886e-09 0 0 -5.1365039886e-09 0 0 -5.1365039886e-09 
0 0 -5.1365039886e-09 0 0 -5.1365039886e-09 0 0 -5.1365039886e-09 
0 0 -5.1365039886e-09 0 0 -5.1365039886e-09 0 0 -5.1365039886e-09 
0 0 -5.1365039886e-09 0 0 -5.1365039886e-09 0 0 -5.1365039886e-09 
0 0 -5.1365039886e-09 0 0 -5.1365039886e-09 0 0 -5.1365039886e-09 
0 0 -5.1365039886e-09 0 0 -5.1365039886e-09 0 0 -5.1365039886e-09 
0 0 -5.1365039886e-09 0 0 -5.1365039886e-09 0 0 -5.1365039886e-09 
0 0 -5.1365039886e-09 0 0 -5.1365039886e-09 0 0 -5.1365039886e-09 
0 0 -5.1365039886e-09 0 0 -5.1365039886e-09 0 0 -5.1365039886e-09 
0 0 -5.1365039886e-09 0 0 -5.1365039886e-09 0 0 -5.1365039886e-09 
0 0 -5.1365039886e-09 0 0 -5.1365039886e-09 0 0 -5.1365039886e-09 
0 0 -5.1365039886e-09 0 0 -5.1365039886e-09 0 0 -5.1365039886e-09 
0 0 -5.1365039886e-09 6.7126802072e-06 -4.9229025645e-06 6.5088496718e-06 0 0 -5.1365039886e-09 
0 0 -5.1365039886e-09 0 0 -5.1365039886e-09 -6.7126802072e-06 4.9229025645e-06 -6.5191226798e-06 
0 0 -5.1365039886e-09 0 0 -5.1365039886e-09 0 0 -5.1365039886e-09 
0 0 -5.1365039886e-09 0 0 -5.1365039886e-09 0 0 -5.1365039886e-09 
0 0 -5.1365039886e-09 0 0 -5.1365039886e-09 0 0 -5.1365039886e-09 
0 0 -5.1365039886e-09 0 0 -5.1365039886e-09 0 0 -5.1365039886e-09 
0 0 -5.1365039886e-09 0 0 -5.1365039886e-09 0 0 -5.1365039886e-09 
0 0 -5.1365039886e-09 0 0 -5.1365039886e-09 0 0 -5.1365039886e-09 
0 0 -5.1365039886e-09 0 0 -5.1365039886e-09 0 0 -5.1365039886e-09 
0 0 -5.1365039886e-09 0 0 -5.1365039886e-09 0 0 -5.1365039886e-09 
0 0 -5.1365039886e-09 0 0 -5.1365039886e-09 0 0 -5.1365039886e-09 
0 0 -5.1365039886e-09 0 0 -5.1365039886e-09 0 0 -5.1365039886e-09 
0 0 -5.1365039886e-09 0 0 -5.1365039886e-09 5.5412893621e-06 -3.2251959249e-06 3.4881937634e-06 
0 0 -5.1365039886e-09 -5.5412893621e-06 3.2251959249e-06 -3.4984667714e-06 0 0 -5.1365039886e-09 
0 0 -5.1365039886e-09 0 0 -5.1365039886e-09 0 0 -5.1365039886e-09 
0 0 -5.1365039886e-09 0 0 -5.1365039886e-09 0 0 -5.1365039886e-09 
0 0 -5.1365039886e-09 0 0 -5.1365039886e-09 0 0 -5.1365039886e-09 
0 0 -5.1365039886e-09 0 0 -5.1365039886e-09 0 0 -5.1365039886e-09 
0 0 -5.1365039886e-09 0 0 -5.1365039886e-09 0 0 -5.1365039886e-09 
0 0 -5.1365039886e-09 0 0 -5.1365039886e-09 0 0 -5.1365039886e-09 
0 0 -5.1365039886e-09 0 0 -5.1365039886e-09 0 0 -5.1365039886e-09 
0 0 -5.1365039886e-09 0 0 -5.1365039886e-09 0 0 -5.1365039886e-09 
0 0 -5.1365039886e-09 0 0 -5.1365039886e-09 0 0 -5.1365039886e-09 
0 0 -5.1365039886e-09 0 0 -5.1365039886e-09 0 0 -5.1365039886e-09 
0 0 -5.1365039886e-09 0 0 -5.1365039886e-09 0 0 -5.1365039886e-09 
0 0 -5.1365039886e-09 0 0 -5.1365039886e-09 0 0 -5.1365039886e-09 
0 0 -5.1365039886e-09 0 0 -5.1365039886e-09 0 0 -5.1365039886e-09 
0 0 -5.1365039886e-09 0 0 -5.1365039886e-09 0 0 -5.1365039886e-09 
0 0 -5.1365039886e-09 0 0 -5.1365039886e-09 0 0 -5.1365039886e-09 
0 0 -5.1365039886e-09 0 0 -5.1365039886e-09 0 0 -5.1365039886e-09 
0 0 -5.1365039886e-09 0 0 -5.1365039886e-09 0 0 -5.1365039886e-09 
0 0 -5.1365039886e-09 0 0 -5.1365039886e-09 0 0 -5.1365039886e-09 
0 0 -5.1365039886e-09 0 0 -5.1365039886e-09 0 0 -5.1365039886e-09 
0 0 -5.1365039886e-09 0 0 -5.1365039886e-09 0 0 -5.1365039886e-09 
0 0 -5.1365039886e-09 0 0 -5.1365039886e-09 0 0 -5.1365039886e-09 
0 0 -5.1365039886e-09 0 0 -5.1365039886e-09 0 0 -5.1365039886e-09 
0 0 -5.1365039886e-09 0 0 -5.1365039886e-09 0 0 -5.1365039886e-09 
0 0 -5.1365039886e-09 0 0 -5.1365039886e-09 0 0 -5.1365039886e-09 
0 0 -5.1365039886e-09 0 0 -5.1365039886e-09 0 0 -5.1365039886e-09 
0 0 -5.1365039886e-09 0 0 -5.1365039886e-09 0 0 -5.1365039886e-09 
0 0 -5.1365039886e-09 0 0 -5.1365039886e-09 0 0 -5.1365039886e-09 
0 0 -5.1365039886e-09 0 0 -5.1365039886e-09 0 0 -5.1365039886e-09 
0 0 -5.1365039886e-09 0 0 -5.1365039886e-09 0 0 -5.1365039886e-09 
0 0 -5.1365039886e-09 0 0 -5.1365039886e-09 0 0 -5.1365039886e-09 
0 0 -5.1365039886e-09 0 0 -5.1365039886e-09 0 0 -5.1365039886e-09 
0 0 -5.1365039886e-09 0 0 -5.1365039886e-09 0 0 -5.1365039886e-09 
0 0 -5.1365039886e-09 0 0 -5.1365039886e-09 0 0 -5.1365039886e-09 
0 0 -5.1365039886e-09 0 0 -5.1365039886e-09 0 0 -5.1365039886e-09 
0 0 -5.1365039886e-09 0 0 -5.1365039886e-09 0 0 -5.1365039886e-09 
0 0 -5.1365039886e-09 0 0 -5.1365039886e-09 0 0 -5.1365039886e-09 
0 0 -5.1365039886e-09 0 0 -5.1365039886e-09 0 0 -5.1365039886e-09 
0 0 -5.1365039886e-09 0 0 -5.1365039886e-09 0 0 -5.1365039886e-09 
0 0 -5.1365039886e-09 0 0 -5.1365039886e-09 0 0 -5.1365039886e-09 
0 0 -5.1365039886e-09 0 0 -5.1365039886e-09 0 0 -5.1365039886e-09 
0 0 -5.1365039886e-09 0 0 -5.1365039886e-09 0 0 -5.1365039886e-09 
0 0 -5.1365039886e-09 0 0 -5.1365039886e-09 0 0 -5.1365039886e-09 
0 0 -5.1365039886e-09 0 0 -5.1365039886e-09 0 0 -5.1365039886e-09 
0 0 -5.1365039886e-09 0 0 -5.1365039886e-09 0 0 -5.1365039886e-09 
0 0 -5.1365039886e-09 0 0 -5.1365039886e-09 0 0 -5.1365039886e-09 
0 0 -5.1365039886e-09 0 0 -5.1365039886e-09 0 0 -5.1365039886e-09 
0 0 -5.1365039886e-09 0 0 -5.1365039886e-09 0 0 -5.1365039886e-09 
0 0 -5.1365039886e-09 0 0 -5.1365039886e-09 0 0 -5.1365039886e-09 
0 0 -5.1365039886e-09 0 0 -5.1365039886e-09 0 0 -5.1365039886e-09 
0 0 -5.1365039886e-09 0 0 -5.1365039886e-09 0 0 -5.1365039886e-09 
0 0 -5.1365039886e-09 0 0 -5.1365039886e-09 0 0 -5.1365039886e-09 
0 0 -5.1365039886e-09 0 0 -5.1365039886e-09 0 0 -5.1365039886e-09 
0 0 -5.1365039886e-09 0 0 -5.1365039886e-09 0 0 -5.1365039886e-09 
0 0 -5.1365039886e-09 0 0 -5.1365039886e-09 0 0 -5.1365039886e-09 
0 0 -5.1365039886e-09 0 0 -5.1365039886e-09 0 0 -5.1365039886e-09 
0 0 -5.1365039886e-09 0 0 -5.1365039886e-09 0 0 -5.1365039886e-09 
0 0 -5.1365039886e-09 0 0 -5.1365039886e-09 0 0 -5.1365039886e-09 
0 0 -5.1365039886e-09 0 0 -5.1365039886e-09 0 0 -5.1365039886e-09 
0 0 -5.1365039886e-09 0 0 -5.1365039886e-09 0 0 -5.1365039886e-09 
0 0 -5.1365039886e-09 0 0 -5.1365039886e-09 0 0 -5.1365039886e-09 
0 0 -5.1365039886e-09 0 0 -5.1365039886e-09 0 0 -5.1365039886e-09 
0 0 -5.1365039886e-09 0 0 -5.1365039886e-09 0 0 -5.1365039886e-09 
0 0 -5.1365039886e-09 0 0 -5.1365039886e-09 0 0 -5.1365039886e-09 
0 0 -5.1365039886e-09 0 0 -5.1365039886e-09 0 0 -5.1365039886e-09 
0 0 -5.1365039886e-09 0 0 -5.1365039886e-09 0 0 -5.1365039886e-09 
0 0 -5.1365039886e-09 0 0 -5.1365039886e-09 0 0 -5.1365039886e-09 
0 0 -5.1365039886e-09 0 0 -5.1365039886e-09 0 0 -5.1365039886e-09 
0 0 -5.1365039886e-09 0 0 -5.1365039886e-09 0 0 -5.1365039886e-09 
0 0 -5.1365039886e-09 0 0 -5.1365039886e-09 0 0 -5.1365039886e-09 
0 0 -5.1365039886e-09 0 0 -5.1365039886e-09 0 0 -5.1365039886e-09 
0 0 -5.1365039886e-09 0 0 -5.1365039886e-09 0 0 -5.1365039886e-09 
0 0 -5.1365039886e-09 0 0 -5.1365039886e-09 0 0 -5.1365039886e-09 
0 0 -5.1365039886e-09 0 0 -5.1365039886e-09 0 0 -5.1365039886e-09 
0 0 -5.1365039886e-09 0 0 -5.1365039886e-09 0 0 -5.1365039886e-09 
0 0 -5.1365039886e-09 0 0 -5.1365039886e-09 0 0 -5.1365039886e-09 
0 0 -5.1365039886e-09 0 0 -5.1365039886e-09 0 0 -5.1365039886e-09 
0 0 -5.1365039886e-09 0 0 -5.1365039886e-09 0 0 -5.1365039886e-09 
0 0 -5.1365039886e-09 0 0 -5.1365039886e-09 0 0 -5.1365039886e-09 
0 0 -5.1365039886e-09 0 0 -5.1365039886e-09 0 0 -5.1365039886e-09 
0 0 -5.1365039886e-09 0 0 -5.1365039886e-09 0 0 -5.1365039886e-09 
0 0 -5.1365039886e-09 0 0 -5.1365039886e-09 0 0 -5.1365039886e-09 
0 0 -5.1365039886e-09 0 0 -5.1365039886e-09 0 0 -5.1365039886e-09 
0 0 -5.1365039886e-09 0 0 -5.1365039886e-09 0 0 -5.1365039886e-09 
0 0 -5.1365039886e-09 0 0 -5.1365039886e-09 0 0 -5.1365039886e-09 
0 0 -5.1365039886e-09 0 0 -5.1365039886e-09 0 0 -5.1365039886e-09 
0 0 -5.1365039886e-09 0 0 -5.1365039886e-09 0 0 -5.1365039886e-09 
0 0 -5.1365039886e-09 0 0 -5.1365039886e-09 0 0 -5.1365039886e-09 
0 0 -5.1365039886e-09 0 0 -5.1365039886e-09 0 0 -5.1365039886e-09 
0 0 -5.1365039886e-09 0 0 -5.1365039886e-09 0 0 -5.1365039886e-09 
0 0 -5.1365039886e-09 0 0 -5.1365039886e-09 0 0 -5.1365039886e-09 
0 0 -5.1365039886e-09 0 0 -5.1365039886e-09 0 0 -5.1365039886e-09 
0 0 -5.1365039886e-09 0 0 -5.1365039886e-09 0 0 -5.1365039886e-09 
0 0 -5.1365039886e-09 0 0 -5.1365039886e-09 0 0 -5.1365039886e-09 
0 0 -5.1365039886e-09 0 0 -5.1365039886e-09 0 0 -5.1365039886e-09 
0 0 -5.1365039886e-09 0 0 -5.1365039886e-09 0 0 -5.1365039886e-09 
0 0 -5.1365039886e-09 0 0 -5.1365039886e-09 0 0 -5.1365039886e-09 
0 0 -5.1365039886e-09 0 0 -5.1365039886e-09 0 0 -5.1365039886e-09 
0 0 -5.1365039886e-09 0 0 -5.1365039886e-09 0 0 -5.1365039886e-09 
0 0 -5.1365039886e-09 0 0 -5.1365039886e-09 0 0 -5.1365039886e-09 
0 0 -5.1365039886e-09 0 0 -5.1365039886e-09 0 0 -5.1365039886e-09 
0 0 -5.1365039886e-09 0 0 -5.1365039886e-09 0 0 -5.1365039886e-09 
0 0 -5.1365039886e-09 0 0 -5.1365039886e-09 0 0 -5.1365039886e-09 
0 0 -5.1365039886e-09 -6.183340515e-19 -3.469446952e-18 3.2526065175e-19 5.2158049337e-14 -6.0080114711e-15 1.1577666451e-14 
-2.3505164286e-20 1.6940658945e-20 1.0842021725e-19 -1.4907779872e-19 2.7105054312e-20 0 0 0 -5.1365039886e-09 
-1.3696925267e-13 4.9404331673e-13 -2.1898195063e-13 0 0 -5.1365039886e-09 0 0 -5.1365039886e-09 
0 0 -5.1365039886e-09 0 0 -5.1365039886e-09 -8.2103242391e-14 -2.023379565e-13 -1.3202122772e-12 
0 0 -5.1365039886e-09 0 0 -5.1365039886e-09 4.3368086899e-19 -2.3716922523e-20 2.168404345e-19 
0 0 -5.1365039886e-09 0 0 -5.1365039886e-09 0 0 -5.1365039886e-09 
0 0 -5.1365039886e-09 0 0 -5.1365039886e-09 -1.6866933197e-15 -5.4656759262e-14 -4.6727586264e-13 
0 0 -5.1365039886e-09 1.2905870225e-08 2.5616568968e-08 2.0409239139e-08 0 0 -5.1365039886e-09 
0 0 -5.1365039886e-09 0 0 -5.1365039886e-09 0 0 -5.1365039886e-09 
0 0 -5.1365039886e-09 0 0 -5.1365039886e-09 0 0 -5.1365039886e-09 
0 0 -5.1365039886e-09 0 0 -5.1365039886e-09 0 0 -5.1365039886e-09 
0 1.0842021725e-19 2.0328790734e-20 -7.4538899358e-20 -6.776263578e-20 1.0842021725e-19 -3.388131789e-21 -5.4210108624e-20 -2.7105054312e-20 
1.0029363136e-12 -8.4196327211e-13 -3.1349406781e-12 0 0 -5.1365039886e-09 0 0 -5.1365039886e-09 
0 0 -5.1365039886e-09 0 0 -5.1365039886e-09 0 0 -5.1365039886e-09 
0 0 -5.1365039886e-09 0 0 -5.1365039886e-09 0 0 -5.1365039886e-09 
0 0 -5.1365039886e-09 0 0 -5.1365039886e-09 0 0 -5.1365039886e-09 
0 0 -5.1365039886e-09 0 0 -5.1365039886e-09 0 0 -5.1365039886e-09 
0 0 -5.1365039886e-09 4.97065562e-11 -5.8001098011e-11 1.0192168278e-10 -4.0657581468e-20 -5.4210108624e-20 -2.5410988418e-21 
1.9531672883e-11 -1.0579656183e-11 -5.943927452e-11 5.4210108624e-20 2.7105054312e-20 -2.0328790734e-20 0 0 -5.1365039886e-09 
-2.4394548881e-18 -7.4809949901e-18 1.0652286345e-17 0 0 -5.1365039886e-09 0 0 -5.1365039886e-09 
0 0 -5.1365039886e-09 0 0 -5.1365039886e-09 5.4210108624e-20 -5.4210108624e-20 -2.0328790734e-20 
-3.6180823962e-12 -2.6981132172e-12 -4.8539675146e-11 -1.0171534432e-11 1.108759208e-11 2.156478609e-12 0 0 -5.1365039886e-09 
0 0 -5.1365039886e-09 0 0 -5.1365039886e-09 0 0 -5.1365039886e-09 
0 0 -5.1365039886e-09 2.9732242059e-12 4.8222575564e-12 -6.9760889773e-12 4.4994390158e-18 -1.0408340856e-17 -4.9060148305e-18 
0 0 -5.1365039886e-09 -2.1193875648e-14 2.7619697978e-14 2.7858910247e-13 -9.3772103797e-14 -4.7243581117e-13 1.7921414678e-14 
0 0 -5.1365039886e-09 0 0 -5.1365039886e-09 0 0 -5.1365039886e-09 
4.5493665259e-15 -6.9246095403e-15 -3.6783113854e-14 1.7524501815e-14 2.4478005343e-14 -1.98070181e-13 9.6081996526e-16 2.0816817237e-15 -1.2011482846e-14 
0 0 -5.1365039886e-09 0 0 -5.1365039886e-09 2.3716922523e-19 2.5410988418e-20 2.7105054312e-20 
0 0 -5.1365039886e-09 0 0 -5.1365039886e-09 0 0 -5.1365039886e-09 
1.7130394325e-17 -1.2597412805e-16 7.6260070307e-17 -1.1214716222e-15 9.5349482433e-16 -3.1523178165e-16 0 0 -5.1365039886e-09 
0 0 -5.1365039886e-09 0 0 -5.1365039886e-09 1.9612309281e-14 1.6703799734e-14 -6.940528254e-15 
-1.6263032587e-19 -8.1315162936e-20 -3.388131789e-20 0 0 -5.1365039886e-09 -8.7888138607e-18 -2.3852447795e-18 -4.2955370096e-17 
-3.388131789e-20 2.7105054312e-19 3.388131789e-21 -8.5612623181e-10 5.0914109154e-10 -4.2623651864e-10 0 0 -5.1365039886e-09 
0 0 -5.1365039886e-09 0 0 -5.1365039886e-09 0 0 -5.1365039886e-09 
0 0 -5.1365039886e-09 0 0 -5.1365039886e-09 0 0 -5.1365039886e-09 
0 0 -5.1365039886e-09 0 0 -5.1365039886e-09 0 0 -5.1365039886e-09 
0 0 -5.1365039886e-09 0 0 -5.1365039886e-09 0 0 -5.1365039886e-09 
0 0 -5.1365039886e-09 0 0 -5.1365039886e-09 0 0 -5.1365039886e-09 
0 0 -5.1365039886e-09 0 0 -5.1365039886e-09 2.0861526861e-11 -1.2854554443e-11 -4.1235370436e-11 
1.0605643642e-11 1.7959884014e-11 -5.1019074212e-10 1.072303157e-09 2.2271967506e-10 -5.6032955433e-10 0 0 -5.1365039886e-09 
-5.4210108624e-20 0 -1.0587911841e-22 0 0 -5.1365039886e-09 0 0 -5.1365039886e-09 
-5.7598240413e-20 1.3552527156e-20 3.388131789e-21 0 0 -5.1365039886e-09 0 0 -5.1365039886e-09 
0 0 -5.1365039886e-09 0 0 -5.1365039886e-09 0 0 -5.1365039886e-09 
0 0 -5.1365039886e-09 1.7139928202e-09 -3.7769055499e-09 -4.0648961883e-08 -1.0842021725e-19 -2.7105054312e-20 0 
1.8675556978e-12 2.8654695533e-12 1.4416000935e-10 0 0 -5.1365039886e-09 0 0 -5.1365039886e-09 
0 0 -5.1365039886e-09 0 0 -5.1365039886e-09 0 -2.7105054312e-20 1.1223186551e-20 
-3.9567199343e-14 1.4216207371e-13 4.3661501145e-13 -1.6796465477e-13 -1.0107872655e-12 4.212619979e-12 0 0 -5.1365039886e-09 
0 0 -5.1365039886e-09 0 0 -5.1365039886e-09 0 0 -5.1365039886e-09 
0 0 -5.1365039886e-09 0 0 -5.1365039886e-09 0 0 -5.1365039886e-09 
0 0 -5.1365039886e-09 1.0744443529e-16 1.319142007e-15 -3.5981959599e-16 0 0 -5.1365039886e-09 
-7.1920876372e-14 -8.1684767457e-14 -2.2322967856e-13 8.1012128429e-14 3.9115873084e-14 -7.0619987078e-13 0 0 -5.1365039886e-09 
0 0 -5.1365039886e-09 0 0 -5.1365039886e-09 0 0 -5.1365039886e-09 
0 0 -5.1365039886e-09 0 0 -5.1365039886e-09 0 0 -5.1365039886e-09 
1.0812206165e-16 1.2380233557e-17 -1.1125947169e-16 4.31187204e-16 -2.0348848474e-15 -6.5323773815e-16 0 0 -5.1365039886e-09 
0 0 -5.1365039886e-09 -3.3669302155e-14 -1.706772744e-14 -1.4146644536e-14 -3.0712008324e-10 -2.0339588032e-11 -1.1766529496e-08 
-9.5743454397e-14 1.0116408579e-13 5.2622122383e-14 -9.3717975004e-14 1.0127109654e-13 4.3703313106e-13 3.7614559701e-14 -2.2048415848e-16 2.0931341809e-14 
-1.666756197e-14 1.1748157243e-14 1.323059365e-14 0 0 -5.1365039886e-09 0 0 -5.1365039886e-09 
0 0 -5.1365039886e-09 0 0 -5.1365039886e-09 0 0 -5.1365039886e-09 
0 0 -5.1365039886e-09 0 0 -5.1365039886e-09 0 0 -5.1365039886e-09 
0 0 -5.1365039886e-09 0 0 -5.1365039886e-09 0 0 -5.1365039886e-09 
0 0 -5.1365039886e-09 0 0 -5.1365039886e-09 0 0 -5.1365039886e-09 
-7.2602296598e-11 5.4921769525e-11 -2.1189961813e-11 3.8194018044e-11 -8.6785755448e-12 -6.1690614714e-09 2.1544568831e-12 -1.4336268966e-12 -1.7457847551e-11 
-4.1218839377e-11 -1.2936767434e-11 1.8241523404e-11 1.3112985578e-11 1.2442393036e-12 -2.7617700346e-11 -6.3858615828e-09 -6.2714097197e-09 1.4553231452e-09 
0 0 -5.1365039886e-09 3.1128460812e-20 -5.251604273e-20 -5.2939559203e-23 0 0 -5.1365039886e-09 
0 0 -5.1365039886e-09 0 0 -5.1365039886e-09 0 0 -5.1365039886e-09 
-1.4447932092e-07 -8.3597036949e-07 6.7845083821e-08 0 0 -5.1365039886e-09 0 0 -5.1365039886e-09 
7.0803822874e-16 7.2519572812e-16 2.5610667965e-15 2.7105054312e-20 2.7105054312e-20 -3.388131789e-21 -1.4816987785e-05 -3.0004485612e-05 -5.9766528757e-06 
0 0 -5.1365039886e-09 0 0 -5.1365039886e-09 1.4447932092e-07 8.3597036949e-07 -7.8118091798e-08 
0 0 -5.1365039886e-09 0 0 -5.1365039886e-09 0 0 -5.1365039886e-09 
0 0 -5.1365039886e-09 0 0 -5.1365039886e-09 0 0 -5.1365039886e-09 
-9.0151410642e-17 1.6482583527e-16 -2.3398912473e-15 -4.3910187986e-16 2.9046047251e-15 -1.8896271673e-15 0 0 -5.1365039886e-09 
0 0 -5.1365039886e-09 5.7751335181e-13 2.4608738035e-12 -8.3912472159e-12 -1.1531240914e-12 -1.1529948545e-12 -2.0847868821e-12 
0 0 -5.1365039886e-09 0 0 -5.1365039886e-09 0 0 -5.1365039886e-09 
0 0 -5.1365039886e-09 0 0 -5.1365039886e-09 0 0 -5.1365039886e-09 
3.6087560891e-14 -5.6319342636e-14 1.4555004879e-13 0 0 -5.1365039886e-09 0 0 -5.1365039886e-09 
0 0 -5.1365039886e-09 2.216851919e-13 2.0514715144e-13 -2.1774288678e-12 8.2059511096e-13 5.5864503561e-13 -3.0380422434e-12 
-1.5908894211e-13 6.065075742e-14 2.2555751297e-12 1.8907094044e-13 -1.1919590613e-13 -1.7535747338e-12 -8.2717344801e-12 7.7029244528e-12 1.7541234138e-11 
-6.1141919164e-12 3.6501950009e-12 -1.509938009e-11 0 0 -5.1365039886e-09 0 0 -5.1365039886e-09 
0 0 -5.1365039886e-09 0 0 -5.1365039886e-09 0 0 -5.1365039886e-09 
0 0 -5.1365039886e-09 0 0 -5.1365039886e-09 0 0 -5.1365039886e-09 
0 0 -5.1365039886e-09 0 0 -5.1365039886e-09 0 0 -5.1365039886e-09 
0 0 -5.1365039886e-09 0 0 -5.1365039886e-09 0 0 -5.1365039886e-09 
0 0 -5.1365039886e-09 0 0 -5.1365039886e-09 0 0 -5.1365039886e-09 
0 0 -5.1365039886e-09 0 0 -5.1365039886e-09 0 0 -5.1365039886e-09 
0 0 -5.1365039886e-09 3.3491397497e-10 5.0793066259e-11 -8.6281612497e-10 8.0447739941e-12 1.4858065407e-12 3.4174706824e-11 
8.8938459462e-21 1.6940658945e-21 1.6940658945e-21 0 0 -5.1365039886e-09 0 0 -5.1365039886e-09 
-1.0716978832e-11 -7.5584250772e-12 7.8495953597e-10 -2.9451398731e-12 -1.297453681e-12 -4.9578873721e-12 0 0 -5.1365039886e-09 
1.1813785844e-10 1.3006812671e-10 5.2353519356e-10 2.0328790734e-20 -6.776263578e-21 0 0 -2.7105054312e-20 1.1858461262e-20 
0 0 -5.1365039886e-09 0 0 -5.1365039886e-09 0 0 -5.1365039886e-09 
0 0 -5.1365039886e-09 0 0 -5.1365039886e-09 0 0 -5.1365039886e-09 
0 0 -5.1365039886e-09 0 0 -5.1365039886e-09 0 0 -5.1365039886e-09 
0 0 -5.1365039886e-09 1.1212895004e-09 -3.6536873647e-09 -5.6621600852e-09 1.901610527e-06 -9.820389143e-07 -1.9652865443e-08 
3.936773544e-08 -5.3484096706e-08 -5.9584104374e-09 0 0 -5.1365039886e-09 -7.0638312636e-18 3.1293293423e-16 2.4448335473e-16 
0 0 -5.1365039886e-09 0 0 -5.1365039886e-09 0 0 -5.1365039886e-09 
0 0 -5.1365039886e-09 0 0 -5.1365039886e-09 0 0 -5.1365039886e-09 
0 0 -5.1365039886e-09 0 0 -5.1365039886e-09 0 0 -5.1365039886e-09 
0 0 -5.1365039886e-09 0 0 -5.1365039886e-09 2.558226737e-11 -2.5870072814e-11 -5.4417133231e-11 
-1.829304051e-11 5.1531818133e-11 3.1094262239e-10 0 0 -5.1365039886e-09 0 0 -5.1365039886e-09 
1.5729468891e-05 -2.0139675553e-05 -1.6626062701e-05 -7.6096703313e-05 -0.00016511026091 -1.5152312614e-06 -0.0013576272148 0.00012078994991 8.2228757109e-05 
-3.5373724704e-05 1.2772588653e-05 -8.991957961e-07 0 0 -5.1365039886e-09 0 0 -5.1365039886e-09 
0 0 -5.1365039886e-09 0 0 -5.1365039886e-09 0 0 -5.1365039886e-09 
0 0 -5.1365039886e-09 0 0 -5.1365039886e-09 0 0 -5.1365039886e-09 
0 0 -5.1365039886e-09 0 0 -5.1365039886e-09 2.4051827543e-12 -1.2091770896e-12 -7.6368741382e-11 
2.7924394554e-10 2.524095084e-10 1.4758122809e-10 0 0 -5.1365039886e-09 0 0 -5.1365039886e-09 
0 0 -5.1365039886e-09 -3.1192651001e-12 3.9649963407e-12 1.9151037192e-10 -5.0214624668e-12 1.5555817268e-12 -5.7971325705e-11 
4.8451766416e-12 6.1345084828e-12 3.6926052724e-11 1.5193071397e-11 -4.1473473961e-12 6.7518667693e-11 1.283668625e-11 -5.9241234964e-12 1.0716031369e-11 
-3.9278499304e-09 1.6883530664e-09 -2.1789634606e-09 3.6234792044e-10 -3.2566348826e-10 -6.6914938663e-08 9.5126370263e-10 -9.5216357054e-10 1.7616039793e-09 
0 0 -5.1365039886e-09 0 0 -5.1365039886e-09 0 0 -5.1365039886e-09 
0 0 -5.1365039886e-09 0 0 -5.1365039886e-09 0 0 -5.1365039886e-09 
0 0 -5.1365039886e-09 0 0 -5.1365039886e-09 0 0 -5.1365039886e-09 
0 0 -5.1365039886e-09 0 0 -5.1365039886e-09 0 0 -5.1365039886e-09 
4.846383711e-17 -8.1315162936e-18 -2.4944993242e-16 6.4530222528e-15 -5.4146682797e-15 6.9471055707e-15 -1.2025862077e-14 1.0812694056e-14 -1.4736508963e-14 
-5.6358845542e-13 5.465734202e-14 -2.4285690112e-13 1.6004621402e-12 4.4389839027e-14 7.9658089342e-13 1.8965764289e-12 1.7798099149e-12 6.9456965949e-13 
2.1757907975e-12 3.0319629186e-12 3.1404593281e-12 -1.5632415311e-11 -8.2625100338e-12 -4.405844228e-12 0 0 -5.1365039886e-09 
0 0 -5.1365039886e-09 -8.3078545183e-11 -7.4469056735e-11 8.0482065108e-10 0 0 -5.1365039886e-09 
0 0 -5.1365039886e-09 0 0 -5.1365039886e-09 0 0 -5.1365039886e-09 
0 0 -5.1365039886e-09 0 0 -5.1365039886e-09 0 0 -5.1365039886e-09 
0 0 -5.1365039886e-09 0 0 -5.1365039886e-09 0 0 -5.1365039886e-09 
0 0 -5.1365039886e-09 3.2360122611e-13 3.9180518639e-13 -2.7938911492e-13 0 0 -5.1365039886e-09 
0 0 -5.1365039886e-09 -5.4459791554e-11 1.328217818e-09 -1.7856725099e-10 0 0 -5.1365039886e-09 
0 0 -5.1365039886e-09 0 0 -5.1365039886e-09 0 0 -5.1365039886e-09 
0 0 -5.1365039886e-09 0 0 -5.1365039886e-09 0 0 -5.1365039886e-09 
0 0 -5.1365039886e-09 0 0 -5.1365039886e-09 0 0 -5.1365039886e-09 
0 0 -5.1365039886e-09 4.2838105905e-08 -1.0986816092e-08 -6.5515649136e-08 -3.5273467895e-09 -1.366909554e-08 -3.5128809422e-08 
0 0 -5.1365039886e-09 0 0 -5.1365039886e-09 0 0 -5.1365039886e-09 
1.0494946506e-06 1.1469873098e-06 3.2436307748e-06 0 0 -5.1365039886e-09 0 0 -5.1365039886e-09 
0 0 -5.1365039886e-09 0 0 -5.1365039886e-09 0 0 -5.1365039886e-09 
0 0 -5.1365039886e-09 -3.0305876623e-14 8.4124134254e-14 4.4191416477e-14 -2.8963031875e-08 -2.6454958238e-08 4.426595042e-08 
0 0 -5.1365039886e-09 0 0 -5.1365039886e-09 -1.9862189557e-11 -2.1006999227e-11 -8.8897015868e-11 
7.4323610038e-11 4.8098829065e-11 -1.5957049026e-11 0 0 -5.1365039886e-09 1.7853619242e-10 -6.5091391749e-12 1.0334624576e-08 
0 0 -5.1365039886e-09 2.521704948e-08 2.4075854578e-08 -6.2738892246e-09 1.5044202292e-08 1.5268369827e-09 1.7220230056e-08 
0 0 -5.1365039886e-09 0 0 -5.1365039886e-09 0 0 -5.1365039886e-09 
0 0 -5.1365039886e-09 0 0 -5.1365039886e-09 0 0 -5.1365039886e-09 
0 0 -5.1365039886e-09 0 0 -5.1365039886e-09 0 0 -5.1365039886e-09 
0 0 -5.1365039886e-09 0 0 -5.1365039886e-09 0 0 -5.1365039886e-09 
0 0 -5.1365039886e-09 0 0 -5.1365039886e-09 0 0 -5.1365039886e-09 
4.6702506717e-11 -2.8109079138e-11 1.3698811989e-08 -4.6021257009e-13 -2.5426655139e-14 -7.4469883622e-13 -2.4341522721e-12 9.6166076404e-14 -1.0491910592e-12 
0 0 -5.1365039886e-09 0 0 -5.1365039886e-09 1.6254901071e-15 1.5822304404e-15 -6.6362125459e-14 
-3.2351260342e-12 -4.2312223603e-12 4.2967301809e-12 0 0 -5.1365039886e-09 9.6724386313e-14 -1.9929774519e-13 1.19889887e-13 
-1.2663646011e-11 1.4036740628e-11 -2.9583880806e-09 0 0 -5.1365039886e-09 0 0 -5.1365039886e-09 
0 0 -5.1365039886e-09 0 0 -5.1365039886e-09 0 0 -5.1365039886e-09 
0 0 -5.1365039886e-09 0 0 -5.1365039886e-09 0 0 -5.1365039886e-09 
0 0 -5.1365039886e-09 -6.9662981111e-08 5.4773420032e-08 2.9869435542e-08 0 0 -5.1365039886e-09 
-3.6077427395e-12 -4.3409247551e-12 9.7534846072e-12 0 0 -5.1365039886e-09 0 0 -5.1365039886e-09 
3.9572398093e-13 2.8894354493e-12 1.0969641437e-09 2.3286361337e-11 1.6096781651e-10 2.1677651125e-10 0 0 -5.1365039886e-09 
0 0 -5.1365039886e-09 0 0 -5.1365039886e-09 0 0 -5.1365039886e-09 
0 0 -5.1365039886e-09 0 0 -5.1365039886e-09 0 0 -5.1365039886e-09 
0 0 -5.1365039886e-09 0 0 -5.1365039886e-09 0 0 -5.1365039886e-09 
0 0 -5.1365039886e-09 0 0 -5.1365039886e-09 -1.3245779256e-14 1.1828483071e-14 -2.4229951067e-13 
-1.049311193e-08 -1.6122044258e-08 6.557552621e-09 -2.0405746727e-12 -1.9356406364e-12 -6.3686981542e-11 1.0279346818e-12 8.9262137178e-13 -3.6628228513e-11 
0 0 -5.1365039886e-09 0 0 -5.1365039886e-09 0 0 -5.1365039886e-09 
0 0 -5.1365039886e-09 0 0 -5.1365039886e-09 0 0 -5.1365039886e-09 
0 0 -5.1365039886e-09 0 0 -5.1365039886e-09 0 0 -5.1365039886e-09 
0 0 -5.1365039886e-09 0 0 -5.1365039886e-09 0 0 -5.1365039886e-09 
0 0 -5.1365039886e-09 0 0 -5.1365039886e-09 6.0131229474e-09 -4.1127484906e-09 -1.7911470306e-08 
0 0 -5.1365039886e-09 0 0 -5.1365039886e-09 1.9044695562e-13 1.1886611216e-13 3.3841311641e-11 
-5.2198457199e-11 -2.238986622e-11 6.3867940667e-11 -1.7763636157e-13 -1.1609615179e-13 -2.3033630535e-11 0 0 -5.1365039886e-09 
-2.7105054312e-20 -1.6263032587e-19 -2.0328790734e-20 6.6678433608e-18 4.6620693417e-18 -2.42793524e-17 -2.7931205919e-11 1.2978879988e-11 4.3210381074e-11 
0 0 -5.1365039886e-09 0 0 -5.1365039886e-09 0 0 -5.1365039886e-09 
0 0 -5.1365039886e-09 0 0 -5.1365039886e-09 0 0 -5.1365039886e-09 
0 0 -5.1365039886e-09 0 0 -5.1365039886e-09 0 0 -5.1365039886e-09 
0 0 -5.1365039886e-09 0 0 -5.1365039886e-09 0 0 -5.1365039886e-09 
0 0 -5.1365039886e-09 0 0 -5.1365039886e-09 0 0 -5.1365039886e-09 
0 0 -5.1365039886e-09 0 0 -5.1365039886e-09 0 0 -5.1365039886e-09 
0 0 -5.1365039886e-09 0 0 -5.1365039886e-09 0 0 -5.1365039886e-09 
0 0 -5.1365039886e-09 6.4742633997e-13 -8.8881484638e-13 -1.2459460201e-11 2.7105054312e-20 6.776263578e-21 -5.2277814713e-22 
5.7370617825e-11 2.1756209789e-11 2.147985284e-10 0 0 -5.1365039886e-09 0 0 -5.1365039886e-09 
-3.5212125262e-11 -2.215327997e-11 1.9615424594e-10 4.6436555366e-11 1.4985557391e-11 -6.2327712354e-11 0 0 -5.1365039886e-09 
-4.1806738193e-13 4.7659326572e-13 7.5056396441e-12 -9.1164055471e-14 1.8596633429e-13 2.6252611298e-12 0 0 -5.1365039886e-09 
0 0 -5.1365039886e-09 0 0 -5.1365039886e-09 0 0 -5.1365039886e-09 
0 0 -5.1365039886e-09 0 0 -5.1365039886e-09 0 0 -5.1365039886e-09 
0 0 -5.1365039886e-09 0 0 -5.1365039886e-09 7.6952827465e-11 7.6357180236e-11 -6.4380187101e-11 
2.4942545859e-12 4.6224773141e-12 3.0747519805e-12 0 0 -5.1365039886e-09 0 0 -5.1365039886e-09 
-9.196032797e-12 -9.9311792093e-11 -3.372776495e-10 3.973326842e-12 -2.9981953199e-12 -5.6287275493e-11 0 0 -5.1365039886e-09 
0 0 -5.1365039886e-09 0 0 -5.1365039886e-09 0 0 -5.1365039886e-09 
0 0 -5.1365039886e-09 0 0 -5.1365039886e-09 0 0 -5.1365039886e-09 
0 0 -5.1365039886e-09 0 0 -5.1365039886e-09 0 0 -5.1365039886e-09 
0 0 -5.1365039886e-09 0 0 -5.1365039886e-09 0 0 -5.1365039886e-09 
0 0 -5.1365039886e-09 0 0 -5.1365039886e-09 0 0 -5.1365039886e-09 
-3.6526782033e-13 -4.9499129771e-12 3.390861663e-11 2.3257751844e-11 7.4430284066e-11 -8.8681234805e-09 0 0 -5.1365039886e-09 
3.4152446686e-10 9.2841847925e-11 -1.0395002438e-09 0 0 -5.1365039886e-09 0 0 -5.1365039886e-09 
0 0 -5.1365039886e-09 0 0 -5.1365039886e-09 0 0 -5.1365039886e-09 
-3.9039277016e-08 4.1598236718e-08 -3.1495545308e-08 0 0 -5.1365039886e-09 0 0 -5.1365039886e-09 
0 0 -5.1365039886e-09 -1.0842021725e-19 5.4210108624e-20 2.7105054312e-20 3.9628616212e-12 -1.4342127902e-11 2.2814133646e-11 
-2.2730998195e-14 8.5356187721e-15 2.291592648e-12 -6.4359850316e-10 -1.4969291811e-10 3.05136632e-09 0 0 -5.1365039886e-09 
5.9763017763e-14 -1.0427531234e-14 -1.2978747777e-12 0 0 -5.1365039886e-09 0 0 -5.1365039886e-09 
-9.1135318083e-12 3.6566328036e-12 -1.02527304e-11 -4.4494834249e-12 2.0412799055e-12 9.1155517e-11 0 0 -5.1365039886e-09 
0 0 -5.1365039886e-09 0 0 -5.1365039886e-09 0 0 -5.1365039886e-09 
0 0 -5.1365039886e-09 0 0 -5.1365039886e-09 0 0 -5.1365039886e-09 
0 0 -5.1365039886e-09 0 0 -5.1365039886e-09 0 0 -5.1365039886e-09 
0 0 -5.1365039886e-09 0 0 -5.1365039886e-09 0 0 -5.1365039886e-09 
0 0 -5.1365039886e-09 -3.9291746203e-08 -6.9166590798e-09 1.9190196859e-08 7.9661267253e-10 -1.0369262892e-10 -8.3014643925e-11 
-4.4560859022e-10 2.0391708276e-10 1.0095932271e-09 -3.3531685932e-12 5.5656530816e-12 -1.2298636281e-10 -6.9450850913e-11 -1.5367826315e-11 1.8355035429e-10 
0 0 -5.1365039886e-09 5.1288183769e-16 3.4466787063e-16 2.66496894e-16 0 0 -5.1365039886e-09 
0 0 -5.1365039886e-09 0 0 -5.1365039886e-09 -6.1777151301e-08 -1.9441514431e-08 4.4939350463e-08 
-2.3941352373e-14 8.0866486196e-14 7.4974211676e-12 0 0 -2.5410988418e-21 0 0 -5.1365039886e-09 
0 0 -5.1365039886e-09 0 0 -5.1365039886e-09 0 0 -5.1365039886e-09 
0 0 -5.1365039886e-09 -6.6112680847e-08 2.554359944e-08 -5.3255914336e-08 0 0 -5.1365039886e-09 
0 0 -5.1365039886e-09 0 0 -5.1365039886e-09 0 0 -5.1365039886e-09 
2.4381157683e-11 4.0594427613e-11 -2.2813773697e-11 4.4387131557e-11 3.0344309693e-11 1.5145955006e-11 -8.0857127634e-12 -1.0419653747e-11 1.3889875361e-11 
0 0 -5.1365039886e-09 -4.6713492449e-12 3.9071645767e-12 -4.1504398978e-11 0 0 -5.1365039886e-09 
0 0 -5.1365039886e-09 0 0 -5.1365039886e-09 0 0 -5.1365039886e-09 
0 0 -5.1365039886e-09 0 0 -5.1365039886e-09 -2.3933019603e-10 7.3981849946e-08 1.6033615679e-09 
2.3933019603e-10 -7.3981849946e-08 -1.1876369545e-08 0 0 -5.1365039886e-09 0 0 -5.1365039886e-09 
0 0 -5.1365039886e-09 0 0 -5.1365039886e-09 -2.5080233029e-11 -1.0427162588e-10 -1.3651668437e-10 
4.3232379888e-12 6.3712467092e-11 -7.6739576518e-11 0 0 -5.1365039886e-09 6.7469369935e-13 2.8977954476e-12 8.7147158135e-11 
-8.6399008607e-13 -2.2526282055e-12 1.0566365405e-10 3.222915641e-14 6.7389584581e-12 -8.9181183694e-09 0 0 -5.1365039886e-09 
0 0 -5.1365039886e-09 0 0 -5.1365039886e-09 0 0 -5.1365039886e-09 
0 0 -5.1365039886e-09 3.9039277016e-08 -4.1598236718e-08 2.1222537331e-08 0 0 -5.1365039886e-09 
0 0 -5.1365039886e-09 0 0 -5.1365039886e-09 0 0 -5.1365039886e-09 
0 0 -5.1365039886e-09 0 0 -5.1365039886e-09 3.2264761609e-13 -3.1415668678e-13 3.2401245722e-13 
-3.5571115797e-15 -1.0904902698e-14 6.4421580864e-13 -3.4423418976e-18 -6.1799523832e-18 -1.8457123273e-15 7.8869896454e-12 5.1342124996e-12 -7.5294806002e-10 
0 0 -5.1365039886e-09 -1.8112952544e-17 1.5937771936e-17 6.1957453125e-16 -4.0313618736e-10 9.9820352721e-12 1.1863070517e-10 
0 0 -5.1365039886e-09 3.0127267868e-17 -6.4510029263e-18 2.5942925109e-17 4.7359321622e-12 -2.1893867504e-12 2.3187279407e-12 
-8.2249880734e-14 1.037667131e-13 1.0441927948e-12 0 0 -5.1365039886e-09 0 0 -5.1365039886e-09 
0 0 -5.1365039886e-09 0 0 -5.1365039886e-09 0 0 -5.1365039886e-09 
0 0 -5.1365039886e-09 0 0 -5.1365039886e-09 0 0 -5.1365039886e-09 
0 0 -5.1365039886e-09 0 0 -5.1365039886e-09 0 0 -5.1365039886e-09 
0 0 -5.1365039886e-09 0 0 -5.1365039886e-09 0 0 -5.1365039886e-09 
0 0 -5.1365039886e-09 0 0 -5.1365039886e-09 1.4129209304e-11 -2.2912283236e-10 -6.21658449e-10 
-4.8646046392e-11 2.4240440812e-10 1.9860886627e-09 -4.0174491383e-08 3.8949632162e-08 2.9339994258e-08 -1.3202815841e-10 -1.2904552383e-10 1.2634698803e-09 
-1.4430287713e-07 2.3127206482e-07 2.0461065315e-07 0 0 -5.1365039886e-09 1.4247201433e-07 2.17441659e-08 1.3522033166e-09 
1.3615851866e-07 -6.9557255215e-08 -6.2834708689e-08 -4.4309597147e-08 5.319560684e-08 -5.2653278033e-10 0 0 -5.1365039886e-09 
3.7269449679e-20 -2.0328790734e-20 -5.2939559203e-23 -1.3978115149e-08 3.8572690145e-09 -3.9330524834e-10 -1.6804055354e-07 -5.3752255999e-08 -1.0937156518e-07 
1.6804055354e-07 5.3752255999e-08 9.9098557203e-08 0 0 -5.1365039886e-09 0 0 -5.1365039886e-09 
6.6112680847e-08 -2.554359944e-08 4.2982906359e-08 0 0 -5.1365039886e-09 0 0 -5.1365039886e-09 
0 0 -5.1365039886e-09 0 0 -5.1365039886e-09 0 0 -5.1365039886e-09 
-8.3248488855e-08 -7.5331120874e-08 7.7189165136e-08 5.1424142722e-14 -5.3183904763e-12 4.4272116047e-11 0 0 -5.1365039886e-09 
0 0 -5.1365039886e-09 -1.4119788068e-08 3.2891014356e-08 3.0519318706e-08 0 0 -5.1365039886e-09 
0 0 -5.1365039886e-09 0 0 -5.1365039886e-09 -4.2787356336e-08 1.7639326849e-08 -9.8215455792e-08 
0 0 -5.1365039886e-09 0 0 -5.1365039886e-09 0 0 -5.1365039886e-09 
0 0 -5.1365039886e-09 -6.7784758778e-08 -2.4089674351e-08 3.2383712728e-08 0 0 -5.1365039886e-09 
6.7784758778e-08 2.4089674351e-08 -4.2656720706e-08 0 0 -5.1365039886e-09 8.3248488855e-08 7.5331120874e-08 -8.7462173113e-08 
4.8772292628e-15 5.5130542059e-14 -1.2552103996e-13 -5.2310172578e-10 2.7146374526e-09 -6.5196834304e-09 0 0 -5.1365039886e-09 
1.8836298569e-10 2.6502779539e-10 -9.96839452e-10 4.2630829422e-15 8.3902611421e-15 1.5857725646e-12 0 0 -5.1365039886e-09 
0 0 -5.1365039886e-09 0 0 -5.1365039886e-09 0 0 -5.1365039886e-09 
0 0 -5.1365039886e-09 -3.1913161306e-07 8.7453082795e-08 -2.0196050971e-07 0 0 -5.1365039886e-09 
0 0 -5.1365039886e-09 0 0 -5.1365039886e-09 4.1875855151e-08 3.8859084201e-08 -2.8822750359e-08 
-4.1875855151e-08 -3.8859084201e-08 1.8549742382e-08 4.3120664804e-10 -7.8224101979e-10 -4.7142582506e-09 5.9848600316e-10 -1.1168665604e-09 2.0553663228e-10 
1.7340252449e-10 1.3628009544e-10 4.6858984778e-10 -7.6544516168e-12 -5.0571738637e-12 3.561159599e-09 9.0193226016e-12 -1.4257593316e-12 3.7178318908e-11 
-3.1568656001e-11 -6.0337106405e-12 -3.9328833033e-09 -1.7946155318e-11 3.0076983655e-12 3.2222727366e-12 0 0 -5.1365039886e-09 
-2.3412655417e-11 1.2895241217e-11 -9.7727421448e-11 6.6732643716e-17 -1.1926223897e-17 8.6672476921e-16 0 0 -5.1365039886e-09 
0 0 -5.1365039886e-09 0 0 -5.1365039886e-09 0 0 -5.1365039886e-09 
0 0 -5.1365039886e-09 0 0 -5.1365039886e-09 0 0 -5.1365039886e-09 
0 0 -5.1365039886e-09 0 0 -5.1365039886e-09 0 0 -5.1365039886e-09 
0 0 -5.1365039886e-09 0 0 -5.1365039886e-09 0 0 -5.1365039886e-09 
0 0 -5.1365039886e-09 0 0 -5.1365039886e-09 0 0 -5.1365039886e-09 
-6.5845066693e-09 3.0042837472e-09 5.7373282519e-09 -9.9708435952e-14 1.9556513527e-14 -4.3507576285e-15 1.3197505155e-13 -2.0820259579e-14 -1.1606447255e-14 
7.5679428373e-09 -9.4299737663e-09 -8.2777669303e-10 8.8329238251e-11 -1.6110194164e-09 -1.1608311173e-09 -8.3557416289e-09 -4.3392534213e-08 1.4084883914e-09 
0 0 -5.1365039886e-09 0 0 -5.1365039886e-09 2.5930269923e-08 3.1562195504e-08 3.1927311406e-08 
-7.3272288885e-09 -5.5022606745e-10 3.010603336e-08 0 0 -5.1365039886e-09 0 0 -5.1365039886e-09 
0 0 -5.1365039886e-09 0 0 -5.1365039886e-09 -1.4297536679e-14 2.4630633904e-15 7.6118367031e-13 
-2.077918729e-13 1.6273909846e-13 2.0724643528e-10 -1.4247201433e-07 -2.17441659e-08 -1.1625211294e-08 0 0 -5.1365039886e-09 
0 0 -5.1365039886e-09 0 0 -5.1365039886e-09 0 0 -5.1365039886e-09 
0 0 -5.1365039886e-09 0 0 -5.1365039886e-09 0 0 -5.1365039886e-09 
0 0 -5.1365039886e-09 0 0 -5.1365039886e-09 -5.4210108624e-20 -6.776263578e-21 6.3527471044e-21 
-4.4900973543e-10 -9.6506716496e-10 3.2283608891e-09 0 0 -5.1365039886e-09 0 0 -5.1365039886e-09 
0 0 -5.1365039886e-09 2.0119065376e-16 1.4328629564e-15 1.1599554524e-15 5.9495594215e-18 -1.5636905833e-16 3.201665956e-16 
-5.1806915257e-10 -1.653997019e-09 6.1437757412e-10 0 0 -5.1365039886e-09 0 0 -5.1365039886e-09 
-9.7756751716e-08 1.1563094852e-08 -8.0555596446e-10 0 0 -5.1365039886e-09 0 0 -5.1365039886e-09 
0 0 -5.1365039886e-09 1.4054410805e-07 -2.9202421701e-08 8.3611499791e-08 0 0 -5.1365039886e-09 
0 0 -5.1365039886e-09 0 0 -5.1365039886e-09 0 0 -5.1365039886e-09 
2.0050845953e-08 -1.3442475266e-06 -5.7830980817e-08 -2.0050845953e-08 1.3442475266e-06 4.755797284e-08 0 0 -5.1365039886e-09 
0 0 -5.1365039886e-09 -1.8105376534e-08 -1.0422889281e-08 7.5730893707e-09 3.388131789e-18 2.4530074152e-18 -1.180456879e-16 
-2.2755994138e-14 -6.4073746309e-14 -3.7191898731e-14 0 0 -5.1365039886e-09 0 0 -5.1365039886e-09 
0 0 -5.1365039886e-09 0 0 -5.1365039886e-09 0 0 -5.1365039886e-09 
2.3545143916e-10 2.1013587674e-10 1.3226213439e-09 0 0 -5.1365039886e-09 0 0 -5.1365039886e-09 
0 0 -5.1365039886e-09 1.6803254046e-08 -4.7208893414e-09 -1.3141446138e-08 0 0 -5.1365039886e-09 
0 0 -5.1365039886e-09 0 0 -5.1365039886e-09 0 0 -5.1365039886e-09 
-2.2418367254e-07 -5.7913801151e-07 4.6249847061e-08 0 0 -5.1365039886e-09 0 0 -5.1365039886e-09 
-1.29842499e-09 2.0389589535e-09 -2.2634790246e-09 0 0 -5.1365039886e-09 -6.4478138616e-10 -6.6309367178e-10 1.9644600391e-09 
-1.2160214448e-10 -1.795249716e-10 -6.304213883e-10 -1.9488572928e-08 7.3166875501e-08 5.8147017237e-09 3.1913161306e-07 -8.7453082795e-08 1.9168750173e-07 
2.0600964028e-08 -2.0759320117e-08 4.7616804294e-08 -6.8109649106e-11 1.9899158493e-11 1.7199273201e-08 2.4826831295e-08 7.6704884923e-08 1.0046473552e-07 
0 0 -5.1365039886e-09 0 0 -5.1365039886e-09 0 0 -5.1365039886e-09 
0 0 -5.1365039886e-09 0 0 -5.1365039886e-09 0 0 -5.1365039886e-09 
0 0 -5.1365039886e-09 0 0 -5.1365039886e-09 0 0 -5.1365039886e-09 
0 0 -5.1365039886e-09 0 0 -5.1365039886e-09 0 0 -5.1365039886e-09 
0 0 -5.1365039886e-09 0 0 -5.1365039886e-09 0 0 -5.1365039886e-09 
0 0 -5.1365039886e-09 0 0 -5.1365039886e-09 0 0 -5.1365039886e-09 
0 0 -5.1365039886e-09 -1.8762445048e-11 7.3971268564e-12 1.8104657544e-11 3.8188430039e-11 -6.5202069004e-12 -1.0857596075e-08 
5.9889436622e-08 -3.9419087571e-08 4.6411106956e-09 0 0 -5.1365039886e-09 1.6246952453e-08 3.1430329461e-08 -2.5484641053e-08 
-4.642602835e-08 -2.8964428405e-08 7.6394135517e-09 -4.4170166868e-10 -5.1399689127e-10 -1.7281306177e-09 0 0 -5.1365039886e-09 
0 0 -5.1365039886e-09 -2.9415334684e-08 -2.3749662199e-08 1.1076935033e-08 -9.4867690092e-20 3.0493186101e-20 -1.3234889801e-23 
-4.3348704157e-08 1.6136091149e-08 2.1996645463e-08 -1.5244967967e-07 1.5218563025e-07 1.1323680282e-07 3.6252725593e-09 -2.8222228429e-08 -5.8429983029e-08 
-4.9849565362e-08 -1.4986663058e-08 1.9774835263e-09 0 0 -5.1365039886e-09 0 0 -5.1365039886e-09 
7.0948226786e-08 4.5067758897e-08 -1.4049862003e-09 -9.4400625974e-09 5.061763267e-08 -3.4754774902e-08 1.2411578975e-07 -1.4587855886e-07 -1.5584228768e-08 
-5.0805556824e-08 1.5791472922e-07 4.7007785759e-08 2.1242724378e-07 -2.0658168563e-07 -1.4009358191e-07 0 0 -5.1365039886e-09 
0 0 -5.1365039886e-09 -7.5271103153e-10 -2.1382796794e-09 -1.0744133931e-09 -2.1218075876e-08 -9.6440824971e-09 -1.6914921738e-09 
-2.4633073359e-16 -2.3015037142e-15 1.6908607218e-15 -9.5259171277e-08 -1.7404848541e-08 -1.6904857689e-08 -2.7102670793e-07 -2.0323200533e-08 -1.7897526233e-07 
6.7717567394e-08 3.4148308931e-08 1.2724439548e-07 9.5259171277e-08 1.7404848541e-08 6.6318497114e-09 0 0 -5.1365039886e-09 
-2.4449404578e-07 -1.5637529166e-07 -2.2462768992e-07 4.549019234e-08 -2.7121454948e-07 2.3213378585e-07 9.5795673636e-08 -6.2410031494e-09 -2.1759003123e-07 
1.049358316e-07 1.6002793144e-07 3.4907104076e-08 -2.3743186737e-07 1.7999240358e-07 1.474584773e-07 0 0 -5.1365039886e-09 
0 0 -5.1365039886e-09 3.9236724621e-08 -1.1826817448e-08 -7.0676056325e-09 2.5004623583e-08 2.6589282049e-08 -2.2774407352e-08 
0 0 -5.1365039886e-09 0 0 -5.1365039886e-09 0 0 -5.1365039886e-09 
0 0 -5.1365039886e-09 -1.7946745337e-08 8.1325344011e-09 8.2836183445e-09 -2.8106759125e-08 -5.8713624504e-08 5.7796898423e-08 
0 0 -5.1365039886e-09 0 0 -5.1365039886e-09 0 0 -5.1365039886e-09 
3.8180627715e-07 -6.3257259218e-08 2.2662294369e-07 0 0 -5.1365039886e-09 2.0751252044e-07 1.9955556929e-09 -1.2164317243e-07 
-1.4662919023e-07 2.9851057134e-08 -1.7677025574e-07 0 0 -5.1365039886e-09 0 0 -5.1365039886e-09 
0 0 -5.1365039886e-09 -3.1082960913e-07 -2.2050946247e-07 2.0927574175e-07 -5.4210108624e-20 -2.7105054312e-20 -3.388131789e-21 
-1.6805133674e-18 -4.9195673577e-18 3.8556939759e-18 -1.2360938483e-07 -5.6552171531e-08 3.8855242353e-09 0 0 -5.1365039886e-09 
0 0 -5.1365039886e-09 1.9649876998e-09 3.8680891281e-09 -9.9059293646e-09 -2.730890221e-12 -1.1231608091e-12 -1.2405285354e-09 
-2.0909412058e-08 4.7511241847e-08 1.6605867669e-08 -4.5507589853e-09 6.3442270609e-08 8.6745544093e-08 -3.3105470911e-09 9.8021960199e-10 3.792770325e-09 
2.1632604322e-10 1.110835588e-11 4.8397114094e-10 -4.7411932724e-11 6.9167612176e-12 -9.0419898667e-11 3.6602398965e-10 -3.1397717155e-10 -1.3502053743e-10 
0 0 -5.1365039886e-09 0 0 -5.1365039886e-09 0 0 -5.1365039886e-09 
0 0 -5.1365039886e-09 0 0 -5.1365039886e-09 0 0 -5.1365039886e-09 
0 0 -5.1365039886e-09 0 0 -5.1365039886e-09 0 0 -5.1365039886e-09 
0 0 -5.1365039886e-09 0 0 -5.1365039886e-09 0 0 -5.1365039886e-09 
0 0 -5.1365039886e-09 0 0 -5.1365039886e-09 -1.0848689418e-09 1.5742338151e-10 -8.1118354801e-10 
1.4591611869e-08 2.3662391762e-10 3.5242022874e-10 -1.9549761715e-09 -2.0201245487e-09 -1.796788248e-09 1.6940658945e-20 -5.4210108624e-20 8.6979695771e-20 
0 0 -5.1365039886e-09 -5.1503413353e-08 -1.4666628157e-08 -6.9986306236e-08 -2.6240632808e-09 -4.6138368536e-09 3.7889923064e-09 
1.2623355032e-11 -5.3352682786e-12 -9.97575469e-11 8.5195305807e-12 -1.3432342031e-11 4.4974355931e-11 3.8982069757e-09 2.2392233722e-09 -4.9026021395e-09 
-1.4678702285e-08 4.4618435772e-09 -5.7217565493e-09 0 0 -5.1365039886e-09 0 0 -5.1365039886e-09 
0 0 -5.1365039886e-09 0 0 -5.1365039886e-09 0 0 -5.1365039886e-09 
0 0 -5.1365039886e-09 0 0 -5.1365039886e-09 5.86307826e-08 -1.3499104423e-07 4.7253390837e-07 
0 0 -5.1365039886e-09 -1.5840613056e-07 -2.798600561e-07 -1.0249935462e-07 0 0 -5.1365039886e-09 
1.1814641379e-10 1.6162411277e-10 4.6981313795e-10 0 0 -5.1365039886e-09 9.3989078907e-09 8.1080665023e-09 1.0212215985e-08 
-1.4483478264e-08 -7.1238296755e-10 -6.4948681364e-09 0 0 -5.1365039886e-09 0 0 -5.1365039886e-09 
0 0 -5.1365039886e-09 -1.4342190111e-07 2.3810490067e-07 1.5511470955e-08 0 0 -5.1365039886e-09 
0 0 -5.1365039886e-09 0 0 -5.1365039886e-09 -1.1399923168e-07 4.0717350289e-08 -1.0161724263e-08 
0 0 -5.1365039886e-09 0 0 -5.1365039886e-09 0 0 -5.1365039886e-09 
1.5840613056e-07 2.798600561e-07 9.2226346639e-08 -1.2066369835e-08 -1.2305794321e-09 1.7659448223e-11 0 0 -5.1365039886e-09 
0 0 -5.1365039886e-09 1.301042607e-18 1.2468324984e-18 7.2975562411e-16 -1.2306908484e-09 1.7674598763e-09 -8.2414943393e-11 
0 0 -5.1365039886e-09 -2.8998618392e-07 -3.9037334614e-07 2.675827816e-07 0 0 -5.1365039886e-09 
0 0 -5.1365039886e-09 0 0 -5.1365039886e-09 7.3045498836e-08 4.7350907477e-08 -2.3182463071e-07 
0 0 -5.1365039886e-09 3.357736344e-07 2.5719125524e-07 1.7871124497e-08 0 0 -5.1365039886e-09 
0 0 -5.1365039886e-09 0 0 -5.1365039886e-09 0 0 -5.1365039886e-09 
0 0 -5.1365039886e-09 0 0 -5.1365039886e-09 -2.168404345e-19 0 -1.6940658945e-21 
-8.615781806e-09 -6.8399313947e-10 9.3034130168e-09 0 0 -5.1365039886e-09 7.2681146213e-09 9.3148595441e-09 -6.5980518479e-10 
6.0986372202e-20 -8.1315162936e-20 0 -2.019724494e-09 -1.3016598104e-09 5.5971450917e-09 0 0 -5.1365039886e-09 
5.6537252766e-08 -1.2862112253e-07 -2.0387987386e-07 -4.63053131e-12 2.8043121211e-12 -2.4369914476e-12 0 0 -5.1365039886e-09 
0 0 -5.1365039886e-09 0 0 -5.1365039886e-09 0 0 -5.1365039886e-09 
0 0 -5.1365039886e-09 0 0 -5.1365039886e-09 0 0 -5.1365039886e-09 
0 0 -5.1365039886e-09 0 0 -5.1365039886e-09 0 0 -5.1365039886e-09 
0 0 -5.1365039886e-09 0 0 -5.1365039886e-09 2.9887261636e-09 -1.8883834379e-08 -1.1002546567e-08 
1.0734380955e-10 -1.2535191147e-11 -2.0188470205e-10 -5.3579405886e-11 1.2626889551e-13 3.634427153e-11 0 0 -5.1365039886e-09 
6.3001548419e-09 -4.4068840652e-09 -6.1556960263e-09 3.1907662592e-09 3.2254017031e-09 -5.0341062247e-10 -8.5955024023e-12 -5.2215496467e-12 1.6134693055e-09 
0 0 -5.1365039886e-09 0 0 -5.1365039886e-09 -2.3684980538e-12 3.2008756709e-12 2.7960616881e-15 
6.1262932109e-08 -1.4660018438e-07 -1.2431931931e-07 0 0 -5.1365039886e-09 -8.5631970357e-09 2.4485538482e-07 1.1087129485e-07 
0 0 -5.1365039886e-09 -6.3001548419e-09 4.4068840652e-09 -4.1173119509e-09 0 0 -5.1365039886e-09 
-5.370509286e-08 7.8987347983e-08 2.083478455e-08 -2.2851294505e-08 -1.8221827325e-08 1.6891351557e-08 -1.340672015e-08 5.8532951084e-09 -3.1273087547e-09 
-1.2711751361e-07 8.2503043647e-08 1.4074321928e-08 5.3219994463e-09 -1.5593732627e-09 6.9548267518e-09 -2.3550066957e-09 1.112568625e-09 6.2626721975e-09 
-2.1609155727e-08 1.0512385584e-08 1.5609935023e-09 -4.4244711101e-09 2.7494369283e-08 1.3325313039e-08 1.3824724235e-07 7.1806066109e-08 6.4439837238e-08 
2.4022433415e-07 2.5339321831e-07 1.0203761964e-07 0 0 -5.1365039886e-09 0 0 -5.1365039886e-09 
4.4745749331e-08 -5.2562307429e-08 1.5177882523e-08 0 0 -5.1365039886e-09 1.1399923168e-07 -4.0717350289e-08 -1.1128371406e-10 
1.1809850592e-08 6.5776268032e-08 -3.2425240225e-08 0 0 -5.1365039886e-09 -1.783318256e-07 -1.4168743126e-07 -5.6148512865e-08 
2.0021509709e-07 4.5929668937e-08 7.1923893513e-08 0 0 -5.1365039886e-09 0 0 -5.1365039886e-09 
0 0 -5.1365039886e-09 0 0 -5.1365039886e-09 0 0 -5.1365039886e-09 
-4.7937320487e-10 7.8361082093e-10 2.0434508548e-09 -1.3984710425e-09 2.4082310583e-09 8.8001142606e-09 0 0 -5.1365039886e-09 
0 0 -5.1365039886e-09 0 0 -5.1365039886e-09 -5.4930006941e-12 -2.8307334775e-12 4.6283544408e-09 
-7.3045498836e-08 -4.7350907477e-08 2.2155162273e-07 0 0 -5.1365039886e-09 0 0 -5.1365039886e-09 
0 0 -5.1365039886e-09 -4.6234459064e-08 -2.3484298164e-07 -6.6137251495e-09 0 0 -5.1365039886e-09 
0 0 -5.1365039886e-09 0 0 -5.1365039886e-09 0 0 -5.1365039886e-09 
0 0 -5.1365039886e-09 0 0 -5.1365039886e-09 0 0 -5.1365039886e-09 
2.0340716958e-15 -3.351702596e-15 -2.2742292533e-15 4.4030913898e-14 6.1512955645e-14 1.5693303743e-12 0 0 -5.1365039886e-09 
-6.9375404186e-09 -1.6087369688e-08 2.0267563629e-08 4.6586489705e-11 5.340059284e-11 1.3148562036e-09 -7.713464492e-11 -3.5285256054e-11 -3.5376757507e-10 
0 0 -5.1365039886e-09 5.4208075745e-13 3.4925957525e-13 -5.1348248801e-10 7.9363815866e-14 -3.0513352262e-14 -1.1199683081e-14 
5.0510291127e-11 -3.7819661316e-11 4.7736377568e-09 0 0 -5.1365039886e-09 0 0 -5.1365039886e-09 
0 0 -5.1365039886e-09 0 0 -5.1365039886e-09 0 0 -5.1365039886e-09 
0 0 -5.1365039886e-09 0 0 -5.1365039886e-09 0 0 -5.1365039886e-09 
0 0 -5.1365039886e-09 0 0 -5.1365039886e-09 0 0 -5.1365039886e-09 
0 0 -5.1365039886e-09 0 0 -5.1365039886e-09 1.1476155884e-09 1.1374035112e-10 2.3018728546e-09 
4.2812896884e-09 2.8168555372e-09 4.8248788137e-09 1.4850068324e-08 1.9891603164e-08 2.023251258e-08 2.1285559578e-11 3.6967033167e-12 -1.0962101803e-09 
1.9063432302e-07 3.1047092287e-07 4.2336067652e-08 -2.6392239166e-09 -2.6444449566e-09 2.6439566111e-09 -6.8299475864e-09 1.5654243763e-09 -4.3321273861e-09 
3.8251411587e-14 -1.3722925791e-13 -4.9978699346e-12 2.0237290291e-09 3.1002834561e-09 1.3862033613e-09 0 0 -5.1365039886e-09 
0 0 -5.1365039886e-09 -2.078032336e-07 1.418060252e-07 -2.7303048102e-08 -7.7370722009e-08 -2.2866042912e-07 -9.9614034447e-08 
0 0 -5.1365039886e-09 1.597713383e-07 -9.8702809412e-08 3.3435476107e-08 0 0 -5.1365039886e-09 
0 0 -5.1365039886e-09 0 0 -5.1365039886e-09 0 0 -5.1365039886e-09 
0 0 -5.1365039886e-09 0 0 -5.1365039886e-09 0 0 -5.1365039886e-09 
0 0 -5.1365039886e-09 1.3347573008e-09 3.9476459832e-09 4.5114351312e-10 1.2166302482e-10 4.5788772185e-10 2.4717952836e-10 
0 0 -5.1365039886e-09 0 0 -5.1365039886e-09 1.0451781814e-07 -8.8971648618e-09 3.8867062383e-09 
-4.5001110522e-08 1.8979045496e-08 2.3383603025e-08 0 0 -5.1365039886e-09 0 0 -5.1365039886e-09 
0 0 -5.1365039886e-09 -1.0043804216e-07 -2.4034974733e-07 -1.3419400275e-07 1.0043804216e-07 2.4034974733e-07 1.2392099477e-07 
0 0 -5.1365039886e-09 0 0 -5.1365039886e-09 0 0 -5.1365039886e-09 
3.2402062235e-08 1.8404086009e-08 -4.5760948033e-08 0 0 -5.1365039886e-09 0 0 -5.1365039886e-09 
1.3055012873e-08 1.4810795274e-08 -5.0989657019e-08 0 0 -5.1365039886e-09 1.0990359712e-09 3.3554009939e-10 -3.3670810435e-09 
0 0 -5.1365039886e-09 -1.417157407e-13 -3.1420384957e-13 -4.468859894e-11 0 0 -5.1365039886e-09 
0 0 -5.1365039886e-09 0 0 -5.1365039886e-09 0 0 -5.1365039886e-09 
0 0 -5.1365039886e-09 0 0 -5.1365039886e-09 -3.3577167813e-08 3.2295031583e-08 -3.5862408805e-08 
0 0 -5.1365039886e-09 0 0 -5.1365039886e-09 0 0 -5.1365039886e-09 
0 0 -5.1365039886e-09 0 0 -5.1365039886e-09 -9.9583969543e-17 6.5302852102e-16 3.3745394513e-15 
1.983327258e-09 -6.7471757573e-08 2.7333599738e-08 -1.5241349686e-11 -8.4478088695e-11 1.7841986719e-09 1.3495109081e-08 -1.8603474462e-09 1.129880837e-08 
1.2160001994e-08 3.6201009845e-08 1.8424940473e-08 0 0 -5.1365039886e-09 -5.3280157125e-07 -2.4452512685e-08 -2.0802197073e-07 
-1.0518739742e-14 2.134809663e-14 3.5658204972e-14 -1.1750728022e-10 4.6370607766e-11 8.0072766099e-11 0 0 -5.1365039886e-09 
0 0 -5.1365039886e-09 0 0 -5.1365039886e-09 0 0 -5.1365039886e-09 
0 0 -5.1365039886e-09 0 0 -5.1365039886e-09 0 0 -5.1365039886e-09 
0 0 -5.1365039886e-09 0 0 -5.1365039886e-09 0 0 -5.1365039886e-09 
0 0 -5.1365039886e-09 0 0 -5.1365039886e-09 0 0 -5.1365039886e-09 
9.2087370991e-10 3.6850540197e-10 -2.1211194904e-10 -4.4045713257e-19 -1.301042607e-18 3.7375117039e-17 1.9554114114e-08 -1.0057012857e-08 8.2004255756e-09 
-1.4014260591e-10 5.131661567e-11 1.9149452845e-08 -2.4999986622e-09 1.0840027354e-09 3.5753684255e-09 0 0 -5.1365039886e-09 
-1.4493282334e-11 1.710380836e-11 1.8098670295e-11 -1.0580273181e-10 1.2339126563e-10 8.0171331927e-09 0 0 -5.1365039886e-09 
0 0 -5.1365039886e-09 0 0 -5.1365039886e-09 -5.9989836017e-09 6.2790494461e-08 -2.5066724271e-09 
7.7370722009e-08 2.2866042912e-07 8.9341026469e-08 0 0 -5.1365039886e-09 0 0 -5.1365039886e-09 
0 0 -5.1365039886e-09 0 0 -5.1365039886e-09 0 0 -5.1365039886e-09 
0 0 -5.1365039886e-09 0 0 -5.1365039886e-09 -3.328229619e-16 -1.066500878e-15 -1.9953353968e-15 
-3.5263239269e-11 -1.3355311383e-10 -6.8856240259e-11 0 0 -5.1365039886e-09 1.0963344165e-11 -1.9721364637e-12 1.6531990953e-11 
2.1264859719e-12 -1.0810549409e-11 4.3843681115e-11 -3.2402062235e-08 -1.8404086009e-08 3.5487940056e-08 0 0 -5.1365039886e-09 
0 0 -5.1365039886e-09 0 0 -5.1365039886e-09 3.3577167813e-08 -3.2295031583e-08 2.5589400828e-08 
0 0 -5.1365039886e-09 0 0 -5.1365039886e-09 0 0 -5.1365039886e-09 
-1.3055012873e-08 -1.4810795274e-08 4.0716649042e-08 0 0 -5.1365039886e-09 0 0 -5.1365039886e-09 
0 0 -5.1365039886e-09 -6.4116229416e-13 -9.0138029717e-11 3.7786304486e-09 -5.2332270462e-15 2.2355327225e-14 2.3490862982e-14 
0 0 -5.1365039886e-09 -5.9218687858e-10 -2.0858472969e-09 5.4621054862e-09 0 0 -5.1365039886e-09 
0 0 -5.1365039886e-09 0 0 -5.1365039886e-09 0 0 -5.1365039886e-09 
0 0 -5.1365039886e-09 5.7615231499e-07 -2.0210231125e-07 2.4089458025e-07 0 0 -5.1365039886e-09 
0 0 -5.1365039886e-09 0 0 -5.1365039886e-09 0 0 -5.1365039886e-09 
0 0 -5.1365039886e-09 3.5352592761e-11 -4.4203646548e-11 2.0970957064e-11 1.0622365617e-11 -1.3412238225e-11 4.0522609394e-12 
0 0 -5.1365039886e-09 0 0 -5.1365039886e-09 2.0328790734e-20 -3.388131789e-20 -7.9409338805e-23 
5.8065654141e-08 1.0702386482e-08 9.9747693874e-08 5.5419384249e-09 -9.1630201584e-09 1.1269879442e-09 0 0 -5.1365039886e-09 
4.6474056173e-08 1.0876788257e-07 -2.4706691991e-08 -3.5889949433e-11 8.8187592428e-11 2.0458348665e-09 0 0 -5.1365039886e-09 
0 0 -5.1365039886e-09 0 0 -5.1365039886e-09 0 0 -5.1365039886e-09 
0 0 -5.1365039886e-09 0 0 -5.1365039886e-09 0 0 -5.1365039886e-09 
0 0 -5.1365039886e-09 0 0 -5.1365039886e-09 0 0 -5.1365039886e-09 
0 0 -5.1365039886e-09 1.0120028513e-11 -3.7392473558e-12 -4.0114335549e-09 -1.054577126e-11 1.1476205695e-10 -7.4980146857e-10 
-1.7922425012e-10 -3.0460497135e-11 1.6160132104e-09 0 0 -5.1365039886e-09 -7.2539911361e-12 -5.682697043e-12 1.0976139019e-09 
0 0 -5.1365039886e-09 -2.0050713206e-14 -8.770131702e-15 -2.2991991916e-12 -1.2183127953e-10 2.8000444001e-10 8.6900032807e-10 
1.2534688999e-13 -8.116239885e-14 -1.7807392398e-11 1.6796534107e-10 -7.169080634e-11 1.7013239335e-09 0 0 -5.1365039886e-09 
0 0 -5.1365039886e-09 0 0 -5.1365039886e-09 0 0 -5.1365039886e-09 
0 0 -5.1365039886e-09 -5.5413048765e-07 -1.0321895896e-06 4.5212236931e-07 0 0 -5.1365039886e-09 
-1.290938367e-07 8.0854057446e-08 9.0601038982e-08 0 0 -5.1365039886e-09 -2.0204295481e-08 1.6288601468e-08 4.9326792883e-09 
-3.2581101445e-12 2.0314229113e-11 1.2047196331e-08 0 0 -5.1365039886e-09 0 0 -5.1365039886e-09 
-4.3330961811e-10 -7.5409621183e-10 3.731767966e-09 -1.464740872e-13 -2.445653543e-13 -2.2584868952e-12 0 0 -5.1365039886e-09 
0 0 -5.1365039886e-09 0 0 -5.1365039886e-09 0 0 -5.1365039886e-09 
0 0 -5.1365039886e-09 0 0 -5.1365039886e-09 0 0 -5.1365039886e-09 
2.4883358361e-09 9.836322364e-08 9.2549699143e-08 5.5164215182e-07 9.3382636595e-07 -5.6008158042e-07 0 0 -5.1365039886e-09 
0 0 -5.1365039886e-09 0 0 -5.1365039886e-09 -2.9427704137e-10 -1.2236416599e-09 8.8631976559e-09 
0 0 -5.1365039886e-09 0 0 -5.1365039886e-09 0 0 -5.1365039886e-09 
0 0 -5.1365039886e-09 6.5453593706e-10 1.8769746756e-09 7.1238296238e-09 0 0 -5.1365039886e-09 
0 0 -5.1365039886e-09 0 0 -5.1365039886e-09 0 0 -5.1365039886e-09 
0 0 -5.1365039886e-09 0 0 -5.1365039886e-09 0 0 -5.1365039886e-09 
0 0 -5.1365039886e-09 0 0 -5.1365039886e-09 0 0 -5.1365039886e-09 
0 0 -5.1365039886e-09 0 0 -5.1365039886e-09 -7.0136718156e-12 1.1874120705e-11 6.8196778452e-13 
-4.4181238529e-18 -1.7699600466e-17 2.1345230271e-19 0 0 -5.1365039886e-09 0 0 -5.1365039886e-09 
0 0 -5.1365039886e-09 4.7424087227e-15 1.5054255585e-14 -1.6059738788e-11 -7.2846371947e-12 -1.5148578247e-11 8.3198640039e-12 
3.6041319092e-12 4.0801192313e-12 6.4507828904e-11 4.8596020486e-10 3.4327666794e-11 -4.2897781176e-10 -5.2512325786e-10 -3.83684163e-11 1.3685581192e-09 
1.6438129471e-10 -6.4804349495e-11 1.3779584072e-10 0 0 -5.1365039886e-09 0 0 -5.1365039886e-09 
0 0 -5.1365039886e-09 0 0 -5.1365039886e-09 0 0 -5.1365039886e-09 
0 0 -5.1365039886e-09 0 0 -5.1365039886e-09 0 0 -5.1365039886e-09 
0 0 -5.1365039886e-09 0 0 -5.1365039886e-09 0 0 -5.1365039886e-09 
0 0 -5.1365039886e-09 0 0 -5.1365039886e-09 0 0 -5.1365039886e-09 
0 0 -5.1365039886e-09 0 0 -5.1365039886e-09 0 0 -5.1365039886e-09 
0 0 -5.1365039886e-09 0 0 -5.1365039886e-09 0 0 -5.1365039886e-09 
0 0 -5.1365039886e-09 0 0 -5.1365039886e-09 -3.0498397048e-11 8.178538955e-12 -6.2203594195e-11 
-1.3482054015e-16 7.4593109467e-17 -2.2288740271e-16 -2.8485406308e-14 3.5862101049e-14 -1.2898553667e-11 3.8690340542e-10 1.2021174095e-10 1.7486585619e-09 
1.798352591e-15 -9.6195837754e-17 -1.8281417614e-13 0 0 -5.1365039886e-09 7.5664818181e-11 -2.9728292039e-11 1.3270660499e-09 
-6.2570404173e-11 2.7608248485e-11 1.384096009e-09 -1.238158881e-16 1.3644684341e-16 1.4589561579e-13 0 0 -5.1365039886e-09 
0 0 -5.1365039886e-09 0 0 -5.1365039886e-09 0 0 -5.1365039886e-09 
0 0 -5.1365039886e-09 0 0 -5.1365039886e-09 0 0 -5.1365039886e-09 
0 0 -5.1365039886e-09 -6.9027146737e-11 -8.1889486349e-11 -7.5169012763e-10 -2.1980193273e-13 -3.7734789252e-13 7.2659259726e-12 
1.983246674e-10 4.041356803e-10 -3.5077158026e-09 -1.6870359276e-11 1.1316402093e-10 2.3302318817e-08 0 0 -5.1365039886e-09 
0 0 -5.1365039886e-09 0 0 -5.1365039886e-09 0 0 -5.1365039886e-09 
0 0 -5.1365039886e-09 0 0 -5.1365039886e-09 0 0 -5.1365039886e-09 
0 0 -5.1365039886e-09 0 0 -5.1365039886e-09 0 0 -5.1365039886e-09 
0 0 -5.1365039886e-09 -1.0023109025e-10 -2.9215152797e-09 1.2827659219e-08 6.3091965145e-10 4.6096587497e-09 8.7830847737e-10 
0 0 -5.1365039886e-09 -5.7957379672e-12 -1.0918477656e-11 -3.3527641844e-08 1.3348098636e-10 2.6058516407e-10 3.4355620479e-08 
0 0 -5.1365039886e-09 0 0 -5.1365039886e-09 0 0 -5.1365039886e-09 
0 0 -5.1365039886e-09 0 0 -5.1365039886e-09 0 0 -5.1365039886e-09 
0 0 -5.1365039886e-09 -2.2042231321e-13 6.262693543e-13 -3.489174993e-13 2.7105054312e-20 2.7105054312e-20 -2.1175823681e-20 
-3.8489177123e-18 2.3310346708e-18 -6.4103453448e-18 0 0 -5.1365039886e-09 0 0 -5.1365039886e-09 
-2.7962066324e-13 -7.5903081495e-14 -1.1936732602e-10 1.2218432646e-12 9.239557253e-12 -2.4014107612e-11 -2.8624430632e-11 1.348234431e-11 -2.6525695343e-10 
-2.6931861007e-10 -4.4521601033e-12 -1.3890785793e-09 2.1326760887e-11 -1.037297288e-11 1.4224600234e-11 0 0 -5.1365039886e-09 
0 0 -5.1365039886e-09 0 0 -5.1365039886e-09 0 0 -5.1365039886e-09 
0 0 -5.1365039886e-09 0 0 -5.1365039886e-09 0 0 -5.1365039886e-09 
0 0 -5.1365039886e-09 0 0 -5.1365039886e-09 0 0 -5.1365039886e-09 
0 0 -5.1365039886e-09 0 0 -5.1365039886e-09 0 0 -5.1365039886e-09 
0 0 -5.1365039886e-09 0 0 -5.1365039886e-09 0 0 -5.1365039886e-09 
0 0 -5.1365039886e-09 0 0 -5.1365039886e-09 0 0 -5.1365039886e-09 
3.5361253856e-16 -1.7824283716e-16 3.7257771212e-16 -3.0266969498e-10 -9.263952035e-11 1.1667977077e-09 -1.9742064379e-11 1.7318138321e-11 -9.5355319961e-11 
0 -1.6263032587e-19 -1.3552527156e-20 -3.211948936e-18 -3.9488676001e-18 5.5686084711e-16 0 0 -5.1365039886e-09 
0 0 -5.1365039886e-09 -4.9322918799e-09 5.8648909628e-09 3.1050261512e-09 -1.6608952126e-09 -3.6626361605e-09 1.2280706701e-08 
0 0 -5.1365039886e-09 0 0 -5.1365039886e-09 3.5197973004e-06 -2.6597646995e-06 -5.775440474e-07 
0 0 -5.1365039886e-09 0 0 -5.1365039886e-09 0 0 -5.1365039886e-09 
0 0 -5.1365039886e-09 0 0 -5.1365039886e-09 0 0 -5.1365039886e-09 
3.4075194923e-13 7.3616709517e-13 5.0550402826e-14 -4.5307616166e-14 1.8982699527e-13 3.5443061597e-11 -8.701033165e-09 -1.0569660819e-08 -1.7412832716e-09 
-3.5197973004e-06 2.6597646995e-06 5.6727103943e-07 0 0 -5.1365039886e-09 0 0 -5.1365039886e-09 
0 0 -5.1365039886e-09 0 0 -5.1365039886e-09 0 0 -5.1365039886e-09 
0 0 -5.1365039886e-09 -5.4210108624e-20 0 -1.1805521702e-20 1.2401917601e-16 2.724972754e-16 1.8648954993e-16 
0 0 -5.1365039886e-09 0 0 -5.1365039886e-09 0 0 -5.1365039886e-09 
2.4143002676e-09 2.9604497249e-09 -6.3058298468e-09 0 0 -5.1365039886e-09 0 0 -5.1365039886e-09 
0 0 -5.1365039886e-09 0 0 -5.1365039886e-09 0 0 -5.1365039886e-09 
0 0 -5.1365039886e-09 0 0 -5.1365039886e-09 0 0 -5.1365039886e-09 
0 0 -5.1365039886e-09 6.0472579635e-13 -8.7377791092e-13 -9.6463853801e-13 -1.8323233555e-14 2.7937916737e-13 1.4140265564e-12 
0 0 -5.1365039886e-09 0 0 -5.1365039886e-09 0 0 -5.1365039886e-09 
0 0 -5.1365039886e-09 0 0 -5.1365039886e-09 0 0 -5.1365039886e-09 
0 0 -5.1365039886e-09 0 0 -5.1365039886e-09 0 0 -5.1365039886e-09 
5.6115727858e-10 -6.9341749931e-10 -9.711586962e-09 -7.1932141335e-11 1.7057760965e-11 2.7471474444e-10 -5.5308774881e-09 -1.6053422505e-09 1.4731240508e-08 
1.4495034181e-10 2.3546150923e-12 -1.1273677241e-10 2.1525599895e-10 -1.1729955874e-11 8.3425211852e-10 8.1638585865e-13 8.9896081031e-14 -7.0298757219e-12 
4.096096292e-13 -2.4264921669e-13 -1.5588150176e-12 0 0 -5.1365039886e-09 0 0 -5.1365039886e-09 
0 0 -5.1365039886e-09 0 0 -5.1365039886e-09 0 0 -5.1365039886e-09 
0 0 -5.1365039886e-09 0 0 -5.1365039886e-09 0 0 -5.1365039886e-09 
0 0 -5.1365039886e-09 0 0 -5.1365039886e-09 0 0 -5.1365039886e-09 
0 0 -5.1365039886e-09 0 0 -5.1365039886e-09 0 0 -5.1365039886e-09 
0 0 -5.1365039886e-09 0 0 -5.1365039886e-09 0 0 -5.1365039886e-09 
0 0 -5.1365039886e-09 0 0 -5.1365039886e-09 0 0 -5.1365039886e-09 
0 0 -5.1365039886e-09 0 0 -5.1365039886e-09 0 0 -5.1365039886e-09 
0 0 -5.1365039886e-09 0 0 -5.1365039886e-09 0 0 -5.1365039886e-09 
0 0 -5.1365039886e-09 0 0 -5.1365039886e-09 0 0 -5.1365039886e-09 
0 0 -5.1365039886e-09 3.4210915351e-15 -3.1328021774e-15 1.2518469334e-14 -8.2263568787e-15 6.8682581324e-15 -2.5147225746e-14 
-2.3967773025e-14 1.8048293437e-14 7.2968070405e-15 2.655482171e-15 8.1680539069e-15 5.8137358673e-14 -5.0821976835e-21 1.2536087619e-19 -1.6940658945e-20 
-1.0463539193e-10 -4.7327286838e-11 -7.0190673037e-11 1.1700726542e-11 8.6744802964e-12 -1.4528618421e-11 0 0 -5.1365039886e-09 
0 0 -5.1365039886e-09 2.1207210095e-09 -4.0476837332e-09 1.0405347162e-08 3.4304156737e-16 -9.5426054211e-16 -2.340658017e-13 
3.0164846718e-09 -5.4156137967e-09 1.6843670419e-08 0 0 -5.1365039886e-09 0 0 -5.1365039886e-09 
0 0 -5.1365039886e-09 0 0 -5.1365039886e-09 0 0 -5.1365039886e-09 
1.7726604852e-11 1.334684449e-11 -6.167512715e-12 6.2981600187e-12 6.8462257348e-12 -5.7351656315e-12 0 0 -5.1365039886e-09 
0 0 -5.1365039886e-09 -1.7863521502e-10 2.1219091667e-09 -3.594678551e-09 8.2022003501e-11 -1.0694085237e-09 -3.975843926e-09 
-7.267712094e-17 7.9822690883e-16 2.1879821718e-13 0 0 -5.1365039886e-09 0 0 -5.1365039886e-09 
0 0 -5.1365039886e-09 -1.2553875311e-15 -5.2374689872e-15 -9.323486468e-15 -1.2334317595e-14 -5.364673007e-14 -2.0770853841e-14 
0 0 -5.1365039886e-09 0 0 -5.1365039886e-09 0 0 -5.1365039886e-09 
5.8302130154e-10 -7.1265019233e-10 -2.5158438483e-09 5.0327783933e-14 4.6439048895e-14 -3.5447965063e-13 0 0 -5.1365039886e-09 
0 0 -5.1365039886e-09 0 0 -5.1365039886e-09 0 0 -5.1365039886e-09 
0 0 -5.1365039886e-09 6.776263578e-21 1.8295911661e-19 -3.388131789e-20 -8.1315162936e-20 -6.776263578e-21 0 
0 0 -5.1365039886e-09 0 0 -5.1365039886e-09 0 0 -5.1365039886e-09 
-4.9180040533e-12 -7.898801513e-13 -7.731219695e-10 1.0366969235e-09 7.3699222376e-10 -6.8530446039e-10 0 0 -5.1365039886e-09 
0 0 -5.1365039886e-09 -2.7105054312e-20 2.7105054312e-20 -4.6586812099e-21 -7.3225884768e-09 5.3845985979e-09 1.9374796442e-08 
0.00029069173905 0.00020785191131 -0.00015955852196 0 0 -5.1365039886e-09 0 0 -5.1365039886e-09 
0 0 -5.1365039886e-09 0 0 -5.1365039886e-09 0 0 -5.1365039886e-09 
0 0 -5.1365039886e-09 0 0 -5.1365039886e-09 0 0 -5.1365039886e-09 
0 0 -5.1365039886e-09 0 0 -5.1365039886e-09 0 0 -5.1365039886e-09 
0 0 -5.1365039886e-09 0 0 -5.1365039886e-09 0 0 -5.1365039886e-09 
0 0 -5.1365039886e-09 0 0 -5.1365039886e-09 0 0 -5.1365039886e-09 
0 0 -5.1365039886e-09 0 0 -5.1365039886e-09 0 0 -5.1365039886e-09 
0 0 -5.1365039886e-09 0 0 -5.1365039886e-09 0 0 -5.1365039886e-09 
0 0 -5.1365039886e-09 0 0 -5.1365039886e-09 0 0 -5.1365039886e-09 
2.6396895487e-14 -2.2935689213e-14 -1.3643128219e-13 2.1874253168e-15 -8.2524048359e-16 -3.8708567127e-15 -6.5305551697e-11 -1.4085939446e-11 1.6167648729e-11 
-1.9240385818e-11 -7.3047177649e-12 -7.0196004432e-11 3.9167962303e-11 2.6095759668e-12 -8.7818931194e-11 -4.6015425628e-12 -5.4981827332e-12 -1.0336236565e-10 
0 0 -5.1365039886e-09 0 0 -5.1365039886e-09 0 0 -5.1365039886e-09 
-3.8845012276e-14 5.6707459908e-14 2.9949420302e-11 0 0 -5.1365039886e-09 0 0 -5.1365039886e-09 
0 0 -5.1365039886e-09 0 0 -5.1365039886e-09 0 0 -5.1365039886e-09 
9.4953342064e-15 1.5656258841e-14 -3.081857522e-11 0 0 -5.1365039886e-09 0 0 -5.1365039886e-09 
0 0 -5.1365039886e-09 0 0 -5.1365039886e-09 0 0 -5.1365039886e-09 
4.186619584e-14 2.6795010438e-13 4.1145312385e-11 0 0 -5.1365039886e-09 0 0 -5.1365039886e-09 
5.3990919922e-07 -2.1273833533e-06 -9.1712626471e-07 0 0 -5.1365039886e-09 0 0 -5.1365039886e-09 
0 0 -5.1365039886e-09 3.7946170559e-13 2.2296347796e-12 -4.2988022721e-09 0 0 -5.1365039886e-09 
0 0 -5.1365039886e-09 0 0 -5.1365039886e-09 0 0 -5.1365039886e-09 
-4.8019354877e-13 -7.9095313198e-14 1.5856905911e-11 5.0904175948e-11 9.4443138965e-11 -5.5331850734e-08 4.8670957672e-13 -7.8091721457e-14 3.696306762e-12 
0 0 -5.1365039886e-09 0 0 -5.1365039886e-09 -5.3990919922e-07 2.1273833533e-06 9.0685325673e-07 
0 0 -5.1365039886e-09 0 0 -5.1365039886e-09 1.2390018787e-10 -2.2219456884e-10 -3.7637386094e-09 
0 -8.8091426514e-20 -1.0164395367e-20 0 0 -5.1365039886e-09 0 0 -5.1365039886e-09 
0 0 -5.1365039886e-09 -1.6233105626e-12 -1.4407498632e-12 -1.7743035096e-12 2.4129457113e-12 1.0508563963e-12 -1.2721424114e-11 
-9.8916787649e-10 -1.0820695536e-09 -4.168180212e-09 8.147111842e-10 -5.5419921332e-10 1.0976076579e-09 -4.9662603674e-10 9.9422138166e-11 7.2169044141e-10 
-4.2030466896e-11 3.9672367306e-10 -2.47416576e-09 3.7404974951e-18 1.734723476e-18 4.1152883984e-17 0 0 -5.1365039886e-09 
0 0 -5.1365039886e-09 0 0 -5.1365039886e-09 0 0 -5.1365039886e-09 
0 0 -5.1365039886e-09 0 0 -5.1365039886e-09 0 0 -5.1365039886e-09 
0 0 -5.1365039886e-09 0 0 -5.1365039886e-09 0 0 -5.1365039886e-09 
0 0 -5.1365039886e-09 0 0 -5.1365039886e-09 0 0 -5.1365039886e-09 
0 0 -5.1365039886e-09 0 0 -5.1365039886e-09 0 0 -5.1365039886e-09 
0 0 -5.1365039886e-09 0 0 -5.1365039886e-09 0 0 -5.1365039886e-09 
0 0 -5.1365039886e-09 0 0 -5.1365039886e-09 0 0 -5.1365039886e-09 
0 0 -5.1365039886e-09 1.1552649674e-12 -5.9506095793e-13 -1.4194651041e-12 -8.7300607891e-12 3.5496935957e-11 1.4134932807e-10 
-4.775550281e-09 -8.8621832808e-09 -7.8948139371e-11 -1.0473762211e-11 4.2798057849e-12 3.7077550685e-11 2.7105054312e-19 5.4210108624e-19 -3.1594328933e-19 
0 0 -5.1365039886e-09 0 0 -5.1365039886e-09 0 0 -5.1365039886e-09 
1.5296059775e-14 -1.5624532375e-14 -1.8904572122e-12 -5.3939058081e-18 -5.3464719631e-18 -1.0777360818e-15 0 0 -5.1365039886e-09 
0 0 -5.1365039886e-09 0 0 -5.1365039886e-09 0 0 -5.1365039886e-09 
0 0 -5.1365039886e-09 2.8189256485e-18 -3.2526065175e-18 -4.8789097762e-19 0 4.0657581468e-20 1.6940658945e-20 
0 0 -5.1365039886e-09 0 0 -5.1365039886e-09 0 0 -5.1365039886e-09 
0 0 -5.1365039886e-09 7.617170783e-15 -1.2499523579e-13 -1.8046573558e-11 1.3619964531e-14 6.8767067778e-14 9.8728958913e-12 
0 0 -5.1365039886e-09 0 0 -5.1365039886e-09 0 0 -5.1365039886e-09 
0 0 -5.1365039886e-09 0 0 -5.1365039886e-09 4.9069051502e-12 -3.034496058e-11 1.4461316243e-10 
-1.0746560868e-11 6.0269471834e-11 6.1284181473e-11 0 0 -5.1365039886e-09 2.6816800211e-11 2.5027878624e-11 3.2825872992e-10 
0 0 -5.1365039886e-09 0 0 -5.1365039886e-09 0 0 -5.1365039886e-09 
0 0 -5.1365039886e-09 0 0 -5.1365039886e-09 -4.0657581468e-20 -4.2351647363e-21 3.0493186101e-20 
1.1996606229e-09 -1.8255322504e-09 -1.1751795348e-10 -1.0277491613e-10 1.7300933608e-10 4.5456850647e-10 0 0 -5.1365039886e-09 
0 0 -5.1365039886e-09 -6.6532670757e-13 1.1515476615e-13 -2.1872041843e-12 0 0 -5.1365039886e-09 
3.7172206394e-11 7.6583968117e-12 -2.6288088323e-10 6.1070102138e-12 -4.9299288745e-12 -1.4444574197e-09 -7.8074374223e-14 3.1994047169e-14 3.6721591479e-13 
0 0 -5.1365039886e-09 0 0 -5.1365039886e-09 0 0 -5.1365039886e-09 
0 0 -5.1365039886e-09 0 0 -5.1365039886e-09 0 0 -5.1365039886e-09 
0 0 -5.1365039886e-09 0 0 -5.1365039886e-09 0 0 -5.1365039886e-09 
0 0 -5.1365039886e-09 0 0 -5.1365039886e-09 0 0 -5.1365039886e-09 
0 0 -5.1365039886e-09 0 0 -5.1365039886e-09 0 0 -5.1365039886e-09 
0 0 -5.1365039886e-09 0 0 -5.1365039886e-09 0 0 -5.1365039886e-09 
0 0 -5.1365039886e-09 0 0 -5.1365039886e-09 0 0 -5.1365039886e-09 
0 0 -5.1365039886e-09 0 0 -5.1365039886e-09 0 0 -5.1365039886e-09 
0 0 -5.1365039886e-09 0 0 -5.1365039886e-09 0 0 -5.1365039886e-09 
-1.295079495e-16 6.6570013391e-17 6.5869040687e-17 -6.9122548288e-11 -1.830147687e-11 8.2446922882e-11 3.4575071755e-15 2.8232624572e-16 1.2317137226e-14 
1.9881760626e-15 2.815083507e-15 5.1126010841e-14 -6.5424011694e-15 -5.9456020836e-15 4.0402658432e-15 0 0 -5.1365039886e-09 
2.5075778476e-11 -5.2579609937e-11 -8.5797452984e-11 1.2215736371e-13 -1.8720861992e-13 7.8520879504e-13 1.586572128e-12 1.7814319925e-11 4.6882624579e-11 
0 0 -5.1365039886e-09 0 0 -5.1365039886e-09 0 0 -5.1365039886e-09 
0 0 -5.1365039886e-09 0 0 -5.1365039886e-09 1.7618285303e-19 -8.8091426514e-20 2.5410988418e-21 
-1.0164395367e-20 8.4703294725e-22 -2.9646153154e-21 0 0 -5.1365039886e-09 4.2615650592e-15 -2.8636272363e-13 -3.0916972061e-10 
0 0 -5.1365039886e-09 0 0 -5.1365039886e-09 0 0 -5.1365039886e-09 
0 0 -5.1365039886e-09 0 0 -5.1365039886e-09 0 0 -5.1365039886e-09 
5.4322052499e-13 3.6444538254e-11 5.7130420119e-12 0 0 -5.1365039886e-09 0 1.8973538018e-19 1.6940658945e-20 
1.5049127309e-13 8.7818044937e-14 1.320992893e-12 0 0 3.388131789e-21 0 0 -5.1365039886e-09 
0 0 -5.1365039886e-09 0 0 -5.1365039886e-09 0 0 -5.1365039886e-09 
0 0 -5.1365039886e-09 0 0 -5.1365039886e-09 -5.4210108624e-20 1.0842021725e-19 2.7105054312e-20 
-2.2700482986e-19 4.0657581468e-20 -3.388131789e-20 0 0 -5.1365039886e-09 1.0963366337e-11 -5.0320634974e-13 3.1681954364e-11 
4.5019525217e-12 2.58675839e-12 -8.3289761942e-12 1.2299884479e-11 -8.8883576064e-12 -1.0692581261e-12 -2.0530716409e-11 1.7111115042e-12 -6.0423097468e-11 
-4.8936094814e-11 -1.9978658485e-13 7.2695939205e-11 1.4995697826e-13 -7.0605197036e-14 -1.4429838482e-13 0 0 -5.1365039886e-09 
0 0 -5.1365039886e-09 0 0 -5.1365039886e-09 0 0 -5.1365039886e-09 
0 0 -5.1365039886e-09 0 0 -5.1365039886e-09 0 0 -5.1365039886e-09 
0 0 -5.1365039886e-09 0 0 -5.1365039886e-09 0 0 -5.1365039886e-09 
0 0 -5.1365039886e-09 0 0 -5.1365039886e-09 0 0 -5.1365039886e-09 
0 0 -5.1365039886e-09 0 0 -5.1365039886e-09 7.6558225905e-17 -4.1470733098e-17 -2.48577912e-16 
6.5594231435e-18 -1.219727444e-19 1.5348237004e-18 2.2478762883e-11 -1.5528581134e-11 -5.6372280076e-09 -1.9989977555e-17 -9.7578195524e-19 3.0005295124e-17 
9.284023203e-15 8.9742666423e-15 -1.0709762612e-14 8.6446756871e-13 8.3032951174e-13 1.8396360446e-11 1.0338416592e-14 2.2498008231e-15 1.5269143602e-12 
0 0 -5.1365039886e-09 0 0 -5.1365039886e-09 0 0 -5.1365039886e-09 
0 0 -5.1365039886e-09 3.2814289372e-11 4.879600684e-12 -4.5455174165e-10 -2.8111458474e-12 -3.3519506615e-12 -1.5170071872e-12 
0 0 -5.1365039886e-09 0 0 -5.1365039886e-09 0 0 -5.1365039886e-09 
0 0 -5.1365039886e-09 0 0 -5.1365039886e-09 0 0 -5.1365039886e-09 
0 0 -5.1365039886e-09 -5.4210108624e-20 -5.4210108624e-20 -1.3234889801e-23 0 0 -5.1365039886e-09 
0 0 -5.1365039886e-09 -1.5993128588e-13 -6.1293956971e-14 -8.921289495e-13 0 0 -5.1365039886e-09 
0 0 -5.1365039886e-09 0 0 -5.1365039886e-09 0 0 -5.1365039886e-09 
0 0 -5.1365039886e-09 0 0 -5.1365039886e-09 -3.4627655561e-15 1.4108735657e-11 4.257299109e-12 
-1.4994127684e-11 3.4213672233e-11 3.168616504e-10 0 0 -5.1365039886e-09 2.2644657417e-13 3.3375158106e-13 4.7892785115e-13 
0 0 -5.1365039886e-09 0 0 -5.1365039886e-09 0 0 -5.1365039886e-09 
0 0 -5.1365039886e-09 0 0 -5.1365039886e-09 0 0 -5.1365039886e-09 
0 0 -5.1365039886e-09 1.0878550285e-10 -1.5035054874e-10 1.1388733807e-11 0 0 -5.1365039886e-09 
6.8787907228e-12 -1.195970406e-12 2.2272268448e-11 -6.3628957517e-12 -5.4833480624e-12 -9.1195298993e-12 -2.0711310827e-10 -2.2227356349e-11 1.780775897e-10 
-2.6810964473e-16 1.9743321561e-16 -1.063325722e-13 -5.5343429492e-12 3.609940851e-12 1.0416691174e-11 -7.3861273001e-19 -2.7105054312e-19 1.7457349043e-18 
0 0 -5.1365039886e-09 0 0 -5.1365039886e-09 0 0 -5.1365039886e-09 
0 0 -5.1365039886e-09 0 0 -5.1365039886e-09 0 0 -5.1365039886e-09 
0 0 -5.1365039886e-09 0 0 -5.1365039886e-09 0 0 -5.1365039886e-09 
0 0 -5.1365039886e-09 -5.3682725583e-13 3.3401677691e-13 -5.9446705489e-12 1.0686537796e-11 -1.2964321186e-12 -4.4383968877e-12 
2.7677986835e-11 6.9805282973e-12 1.952100994e-11 -2.8824400345e-11 -7.5061134608e-12 -5.1096854443e-13 8.1634095642e-12 -3.8097077576e-12 8.4743248626e-12 
-2.5641381379e-17 -3.859759734e-17 8.5862035797e-17 0 0 -5.1365039886e-09 0 0 -5.1365039886e-09 
0 0 -5.1365039886e-09 0 0 -5.1365039886e-09 0 0 -5.1365039886e-09 
0 0 -5.1365039886e-09 1.281366716e-12 -1.3223739737e-11 -2.3365028915e-10 -2.6877371856e-16 9.2411023495e-15 2.2385363013e-14 
9.4210126896e-13 9.4932704276e-13 -1.0917495018e-11 1.9566596607e-14 -2.1167238833e-13 -1.9150867721e-11 -4.1361635254e-15 1.609543526e-14 -1.2205166109e-13 
6.4500271443e-15 -2.4836788171e-14 2.8506902945e-14 0 0 -5.1365039886e-09 0 0 -5.1365039886e-09 
0 0 -5.1365039886e-09 0 0 -5.1365039886e-09 0 0 -5.1365039886e-09 
0 0 -5.1365039886e-09 2.7973649113e-11 -5.2338764304e-11 1.9214229662e-10 0 0 -5.1365039886e-09 
-9.8550182771e-14 -8.6993563395e-14 2.6202316715e-11 0 0 -5.1365039886e-09 0 0 -5.1365039886e-09 
0 0 -5.1365039886e-09 0 0 -5.1365039886e-09 0 0 -5.1365039886e-09 
-1.7743113402e-11 7.9301563363e-11 5.4768102915e-11 3.5241991617e-16 1.0009896557e-16 2.2764681308e-14 1.1400816581e-10 -1.7979119812e-10 -2.2434985051e-10 
2.8380076067e-15 8.8522396878e-16 -5.7826682658e-14 -7.9179230447e-14 -6.9301389714e-14 6.267473333e-14 1.5006426006e-13 1.1925589639e-13 -1.8839239081e-13 
-1.3552527156e-20 -1.0842021725e-19 -1.9693516024e-20 -1.1422079374e-13 1.3697484987e-14 -1.5468369433e-11 3.1364190081e-15 -1.4708828773e-15 1.8144097099e-14 
0 0 -5.1365039886e-09 0 0 -5.1365039886e-09 0 0 -5.1365039886e-09 
0 0 -5.1365039886e-09 0 0 -5.1365039886e-09 0 0 -5.1365039886e-09 
0 0 -5.1365039886e-09 0 0 -5.1365039886e-09 0 0 -5.1365039886e-09 
0 0 -5.1365039886e-09 0 0 -5.1365039886e-09 0 0 -5.1365039886e-09 
0 0 -5.1365039886e-09 0 0 -5.1365039886e-09 -7.2958003246e-11 6.224718668e-11 2.3034339803e-09 
-5.641385796e-14 2.8054815415e-14 -2.6701330722e-12 4.3620662665e-11 -3.406886947e-11 -4.7999506487e-09 -2.2088713312e-11 2.8855186469e-12 2.4644612867e-11 
-6.0683756215e-10 -1.0697277791e-10 -1.467349838e-09 -2.3797916017e-10 -3.9991282497e-11 -4.779974545e-10 0 0 -5.1365039886e-09 
3.5260862155e-12 3.8323824366e-12 9.7641014198e-13 -1.0085120564e-11 -3.6200319001e-12 -1.5019256082e-11 -4.6522525686e-13 -3.801042597e-13 1.2398735535e-12 
6.8465112052e-13 -9.0737690934e-13 -3.0131073052e-10 1.7469763624e-10 -4.3390124068e-11 -3.5543695096e-09 -2.4388285217e-10 1.0287037986e-11 -1.3741915115e-09 
0 0 -5.1365039886e-09 0 0 -5.1365039886e-09 0 0 -5.1365039886e-09 
0 0 -5.1365039886e-09 0 0 -5.1365039886e-09 6.1657682107e-11 3.2960357479e-11 2.2046118121e-08 
7.27629762e-15 2.1888551084e-14 -1.0380465113e-11 0 0 -5.1365039886e-09 -6.5972780624e-13 2.7468478542e-12 -3.318415259e-12 
0 0 -5.1365039886e-09 0 0 -5.1365039886e-09 0 0 -5.1365039886e-09 
0 0 -5.1365039886e-09 0 0 -5.1365039886e-09 0 0 -5.1365039886e-09 
0 0 -5.1365039886e-09 0 0 -5.1365039886e-09 0 0 -5.1365039886e-09 
5.0821976835e-20 1.0164395367e-20 3.388131789e-21 -1.8804307612e-13 -9.0155828766e-13 2.0243178846e-12 0 0 -5.1365039886e-09 
0 0 -5.1365039886e-09 0 5.4210108624e-20 -3.0493186101e-20 -1.0842021725e-19 -5.4210108624e-20 6.776263578e-21 
-1.734316087e-11 -2.5552382096e-11 -7.4248591964e-10 0 0 -5.1365039886e-09 0 0 -5.1365039886e-09 
0 0 -5.1365039886e-09 0 0 -5.1365039886e-09 0 0 -5.1365039886e-09 
0 0 -5.1365039886e-09 2.3699575288e-15 -3.7825645394e-15 -4.7740064397e-15 0 0 -5.1365039886e-09 
1.4719901188e-14 -8.1877484393e-14 1.1288127991e-12 4.1795776909e-14 1.1094375202e-13 8.294310334e-13 4.7999622397e-13 -1.1726980064e-13 -1.2709974474e-11 
-2.6712031025e-15 1.28883178e-15 1.4547960276e-16 0 0 -5.1365039886e-09 0 0 -5.1365039886e-09 
0 0 -5.1365039886e-09 0 0 -5.1365039886e-09 0 0 -5.1365039886e-09 
0 0 -5.1365039886e-09 0 0 -5.1365039886e-09 0 0 -5.1365039886e-09 
0 0 -5.1365039886e-09 0 0 -5.1365039886e-09 0 0 -5.1365039886e-09 
2.4441151538e-08 -1.9238719022e-08 -2.3717690916e-08 -2.6493965226e-07 -3.9086069961e-07 3.6261577401e-07 -2.9137933386e-19 -1.8770250111e-18 -1.5341775731e-16 
7.7459468961e-17 -6.5052130349e-18 1.7231106543e-16 3.6473820181e-10 4.1478758254e-11 -1.0481176437e-09 -9.9480431623e-14 -3.844893967e-14 1.6872540894e-12 
-1.9399403958e-12 -2.1444498195e-12 4.0217279749e-12 0 0 -5.1365039886e-09 0 0 -5.1365039886e-09 
0 0 -5.1365039886e-09 2.9525547656e-09 -6.4626052824e-09 2.2554712733e-09 2.0541731762e-09 3.780048042e-09 1.2149072813e-08 
1.7420249404e-06 -7.7796236776e-07 -1.2976699871e-06 0 0 -5.1365039886e-09 0 0 -5.1365039886e-09 
0 0 -5.1365039886e-09 0 0 -5.1365039886e-09 -3.5151867311e-20 -6.0271688153e-20 4.9895534549e-20 
1.3585962317e-09 2.473143304e-09 6.3293015021e-11 3.6862873865e-18 -1.3145951341e-18 5.2937653379e-17 -2.789902261e-11 5.1262895343e-10 4.7308851866e-10 
0 0 -5.1365039886e-09 0 0 -5.1365039886e-09 0 0 -5.1365039886e-09 
0 0 -5.1365039886e-09 0 0 -5.1365039886e-09 0 0 -5.1365039886e-09 
4.88817797e-12 -5.634584999e-11 2.9267744192e-11 1.2395978612e-12 -9.701937914e-12 -2.8535165089e-13 -1.8994298539e-11 -1.3442992542e-11 6.7308113185e-10 
4.8083008603e-11 5.1004830405e-11 5.6020716821e-10 -2.8216556695e-13 -4.5395469068e-13 -9.4131344843e-12 0 0 -5.1365039886e-09 
0 0 -5.1365039886e-09 0 0 -5.1365039886e-09 0 0 -5.1365039886e-09 
0 0 -5.1365039886e-09 0 0 -5.1365039886e-09 0 0 -5.1365039886e-09 
0 0 -5.1365039886e-09 9.2298130944e-16 -2.1106163692e-15 -2.1165777871e-15 9.4110916976e-15 -8.8525649485e-15 -5.4129477864e-14 
7.503898761e-15 -7.002218087e-15 1.7905536198e-14 0 0 -5.1365039886e-09 -7.4267848815e-18 2.0193265463e-18 3.1051549691e-15 
1.5421837391e-11 1.9537601788e-12 6.6588412852e-13 1.3663657879e-16 -6.9388939039e-18 -3.0530455551e-16 -4.8664414512e-16 4.4875127919e-16 3.6397920539e-15 
-3.6143234673e-16 -1.7330971727e-16 -2.811973202e-15 0 0 -5.1365039886e-09 0 0 -5.1365039886e-09 
0 0 -5.1365039886e-09 0 0 -5.1365039886e-09 0 0 -5.1365039886e-09 
0 0 -5.1365039886e-09 0 0 -5.1365039886e-09 0 0 -5.1365039886e-09 
0 0 -5.1365039886e-09 0 0 -5.1365039886e-09 0 0 -5.1365039886e-09 
0 0 -5.1365039886e-09 0 0 -5.1365039886e-09 0 0 -5.1365039886e-09 
0 0 -5.1365039886e-09 0 0 -5.1365039886e-09 -4.2432962526e-17 1.3501705179e-17 -2.1653550264e-17 
1.7836331912e-14 2.9291890094e-15 2.6530262836e-14 -8.6993454974e-14 -3.9998278127e-14 1.5104227141e-14 -8.9155164371e-15 -5.371330686e-15 -9.8968174896e-14 
0 0 -5.1365039886e-09 1.0390231707e-08 4.285593344e-09 2.400347893e-08 -2.7618098841e-05 -1.4980759346e-05 1.070937803e-07 
-1.7420249404e-06 7.7796236776e-07 1.2873969792e-06 0 0 -5.1365039886e-09 0 0 -5.1365039886e-09 
0 0 -5.1365039886e-09 0 0 -5.1365039886e-09 0 0 -5.1365039886e-09 
0 0 -5.1365039886e-09 0 0 -5.1365039886e-09 0 0 -5.1365039886e-09 
-2.8252626231e-10 -1.1880899825e-09 3.6911496002e-09 0 -5.4210108624e-20 -6.776263578e-20 0 0 2.0328790734e-20 
0 0 -5.1365039886e-09 0 0 -5.1365039886e-09 0 0 -5.1365039886e-09 
9.0632246147e-11 -1.0380704849e-10 8.1985038878e-10 0 0 -5.1365039886e-09 0 0 -5.1365039886e-09 
0 0 -5.1365039886e-09 0 0 -5.1365039886e-09 0 0 -5.1365039886e-09 
0 0 -5.1365039886e-09 0 0 -5.1365039886e-09 0 0 -5.1365039886e-09 
0 0 -5.1365039886e-09 2.7105054312e-20 -1.3552527156e-20 2.6469779602e-22 2.1884994901e-12 1.2993860829e-11 -1.9345741643e-11 
0 0 -5.1365039886e-09 0 0 -5.1365039886e-09 -8.8296115482e-11 -3.6722756799e-10 1.291298494e-09 
4.4717278925e-13 4.9881561555e-13 2.4393076676e-10 0 0 -5.1365039886e-09 0 0 -5.1365039886e-09 
0 0 -5.1365039886e-09 0 0 -5.1365039886e-09 0 0 -5.1365039886e-09 
0 0 -5.1365039886e-09 -9.4808058973e-15 3.9651983953e-15 -1.0461120495e-13 -3.9980605632e-14 6.5704169536e-14 4.4599666028e-14 
-8.5841185614e-11 -5.4025294546e-11 3.4071034916e-10 1.2409362302e-11 7.5687888845e-12 1.141770299e-10 2.0423658424e-16 4.0440741034e-17 3.6945316799e-14 
7.2551800776e-11 4.6764830615e-11 -4.7359441008e-11 7.5298848072e-09 1.4251122388e-10 1.2422073331e-08 -4.4014328114e-09 -2.1506034339e-09 -8.2655700423e-09 
-2.0647048795e-13 2.1615639779e-13 2.709603104e-13 1.5898512975e-13 -6.5623396474e-14 2.2387355235e-14 0 0 -5.1365039886e-09 
0 0 -5.1365039886e-09 0 0 -5.1365039886e-09 0 0 -5.1365039886e-09 
0 0 -5.1365039886e-09 0 0 -5.1365039886e-09 0 0 -5.1365039886e-09 
0 0 -5.1365039886e-09 0 0 -5.1365039886e-09 0 0 -5.1365039886e-09 
0 0 -5.1365039886e-09 0 0 -5.1365039886e-09 0 0 -5.1365039886e-09 
0 0 -5.1365039886e-09 0 0 -5.1365039886e-09 0 0 -5.1365039886e-09 
-3.1786871312e-12 2.7347579496e-12 -5.7763386853e-11 5.1585526215e-15 -1.9342708858e-15 8.5874405866e-14 4.1514610732e-11 6.082349251e-13 -3.2175195357e-11 
0 0 3.388131789e-20 -3.7811716052e-11 -7.4630801756e-12 2.8312209092e-11 0 0 -5.1365039886e-09 
5.2814870907e-10 5.8426447643e-10 -3.364617985e-10 8.1049440607e-11 5.3587861714e-11 2.4662212271e-10 -6.4657518342e-10 5.4868926454e-10 3.1830170701e-09 
0 0 -5.1365039886e-09 0 0 -5.1365039886e-09 0 0 -5.1365039886e-09 
0 0 -5.1365039886e-09 0 0 -5.1365039886e-09 -9.0627971707e-13 1.9600397965e-12 -4.9677131847e-12 
2.4998296347e-13 -6.0967364021e-13 -1.2258958454e-12 0 0 -5.1365039886e-09 0 0 -5.1365039886e-09 
0 0 -5.1365039886e-09 0 0 -5.1365039886e-09 0 0 -5.1365039886e-09 
0 0 -5.1365039886e-09 0 0 -5.1365039886e-09 0 0 -5.1365039886e-09 
0 0 -5.1365039886e-09 -4.8889786235e-10 -9.0498607374e-10 2.3380505825e-09 0 0 -5.1365039886e-09 
7.067583606e-12 1.8580681103e-10 -2.0257334082e-10 0 0 -5.1365039886e-09 0 0 -5.1365039886e-09 
0 0 -5.1365039886e-09 0 0 -5.1365039886e-09 0 0 -5.1365039886e-09 
0 0 -5.1365039886e-09 0 0 -5.1365039886e-09 0 0 -5.1365039886e-09 
-1.1519648083e-19 2.0328790734e-20 6.776263578e-21 0 0 -5.1365039886e-09 0 0 -5.1365039886e-09 
0 0 -5.1365039886e-09 -7.5161231405e-14 -6.3829258719e-14 -3.0507008324e-13 4.7433845046e-20 1.3552527156e-20 -4.2351647363e-22 
0 0 -5.1365039886e-09 0 0 -5.1365039886e-09 0 0 -5.1365039886e-09 
0 0 -5.1365039886e-09 0 0 -5.1365039886e-09 0 0 -5.1365039886e-09 
0 0 -5.1365039886e-09 0 0 -5.1365039886e-09 0 0 -5.1365039886e-09 
3.6320772778e-18 5.8004816228e-18 3.4931638745e-18 7.1557343384e-18 6.3154776547e-18 -4.5807541788e-18 0 0 -5.1365039886e-09 
0 0 -5.1365039886e-09 9.1234691243e-14 9.0196947133e-14 1.9874878314e-13 3.3013956152e-17 3.702550419e-17 -1.5834857432e-15 
0 0 -5.1365039886e-09 1.7381116078e-17 -1.7455654977e-17 -1.7915593867e-17 2.5684754914e-08 -8.4436360565e-09 -1.4116734328e-08 
2.707454695e-08 -4.5785189164e-08 2.9472253082e-08 4.9125960962e-11 -5.455311235e-11 1.1134718816e-09 0 0 -5.1365039886e-09 
0 0 -5.1365039886e-09 0 0 -5.1365039886e-09 0 0 -5.1365039886e-09 
0 0 -5.1365039886e-09 0 0 -5.1365039886e-09 0 0 -5.1365039886e-09 
0 0 -5.1365039886e-09 0 0 -5.1365039886e-09 0 0 -5.1365039886e-09 
0 0 -5.1365039886e-09 0 0 -5.1365039886e-09 0 0 -5.1365039886e-09 
0 0 -5.1365039886e-09 0 0 -5.1365039886e-09 0 0 -5.1365039886e-09 
0 0 -5.1365039886e-09 0 0 -5.1365039886e-09 0 0 -5.1365039886e-09 
0 0 -5.1365039886e-09 0 0 -5.1365039886e-09 0 0 -5.1365039886e-09 
0 0 -5.1365039886e-09 0 0 -5.1365039886e-09 0 0 -5.1365039886e-09 
0 0 -5.1365039886e-09 2.0538194084e-12 -9.0617671786e-13 6.4939101934e-13 -1.0111584963e-12 3.4095371925e-13 2.0014590893e-13 
-1.6958141705e-15 7.8699525195e-16 1.2086069179e-14 -1.6816070563e-14 8.9896623132e-16 1.2927114101e-12 0 0 -5.1365039886e-09 
-2.5344863629e-10 -5.9005926588e-10 4.5915910561e-09 0 0 -5.1365039886e-09 -9.6958910085e-13 1.1516603101e-12 7.324178258e-12 
0 0 -5.1365039886e-09 0 0 -5.1365039886e-09 0 0 -5.1365039886e-09 
0 0 -5.1365039886e-09 0 0 -5.1365039886e-09 0 0 -5.1365039886e-09 
0 0 -5.1365039886e-09 0 0 -5.1365039886e-09 1.931522667e-07 -4.1394066371e-08 -4.7298137739e-07 
0 0 -5.1365039886e-09 0 0 -5.1365039886e-09 -8.0323750852e-10 -1.2512525169e-09 -2.9425157314e-09 
-1.1631548589e-13 -2.0239132635e-13 -2.4249246816e-13 0 0 -5.1365039886e-09 0 0 -5.1365039886e-09 
-2.6835955333e-14 -1.9435390526e-13 -4.3711412096e-11 8.5650264226e-08 9.127758114e-09 8.0844475822e-08 0 0 -5.1365039886e-09 
0 0 -5.1365039886e-09 0 0 -5.1365039886e-09 0 0 -5.1365039886e-09 
0 0 -5.1365039886e-09 0 0 -5.1365039886e-09 0 0 -5.1365039886e-09 
0 0 -5.1365039886e-09 -1.931522667e-07 4.1394066371e-08 4.6270836941e-07 2.3852447795e-18 1.8377226824e-17 -1.0136019763e-16 
1.1173298638e-09 -9.2945578637e-10 -3.6223977807e-09 1.3552527156e-20 2.7105054312e-20 3.9704669403e-23 6.776263578e-21 6.776263578e-21 -1.0587911841e-22 
-4.4246968285e-16 -1.0831721804e-15 -1.3758699211e-15 7.9862332025e-16 2.1326256733e-15 4.1089808829e-14 0 0 -5.1365039886e-09 
0 0 -5.1365039886e-09 0 0 -5.1365039886e-09 0 0 -5.1365039886e-09 
0 0 -5.1365039886e-09 0 0 -5.1365039886e-09 0 0 -5.1365039886e-09 
3.575831455e-07 -1.9037944507e-07 -2.1510084279e-07 0 0 -5.1365039886e-09 0 0 -5.1365039886e-09 
2.9820881208e-10 -4.5317023165e-10 5.7260207348e-10 0 0 -5.1365039886e-09 0 0 -5.1365039886e-09 
1.5907924237e-09 1.1418339172e-09 1.4795675772e-10 -6.0975492065e-10 -6.0594090617e-10 -8.1341056311e-09 0 0 -5.1365039886e-09 
0 0 -5.1365039886e-09 9.2585712824e-08 -1.6258519453e-07 -4.0127144387e-08 -3.575831455e-07 1.9037944507e-07 2.0482783482e-07 
-1.0164395367e-20 -3.388131789e-20 -6.776263578e-21 -2.0328790734e-20 5.4210108624e-20 2.1175823681e-22 0 0 -5.1365039886e-09 
0 0 -5.1365039886e-09 0 0 -5.1365039886e-09 0 0 -5.1365039886e-09 
0 0 -5.1365039886e-09 0 0 -5.1365039886e-09 0 0 -5.1365039886e-09 
0 0 -5.1365039886e-09 0 0 -5.1365039886e-09 0 0 -5.1365039886e-09 
0 0 -5.1365039886e-09 0 0 -5.1365039886e-09 0 0 -5.1365039886e-09 
0 0 -5.1365039886e-09 0 0 -5.1365039886e-09 0 0 -5.1365039886e-09 
0 0 -5.1365039886e-09 0 0 -5.1365039886e-09 8.6305227793e-09 -2.150447041e-09 -6.7582265489e-09 
-3.0020133663e-08 -4.5613850535e-08 -2.1009654564e-08 -2.5055183462e-08 -3.671512285e-08 3.5096281935e-09 -1.4172850329e-09 -2.616876473e-10 -5.166191604e-09 
-9.1580477643e-08 -1.6664722252e-08 -4.0772887732e-08 4.4746334408e-07 5.16263758e-07 1.6442966e-07 -7.2721605417e-14 -6.7871178817e-14 7.6533373958e-14 
4.5187260238e-13 4.7947467275e-13 2.5460417872e-13 0 0 -5.1365039886e-09 -2.3644123486e-10 2.0189180067e-10 6.5470316446e-10 
-7.3307174363e-11 1.8755569192e-10 -5.4141191682e-10 6.5005038028e-13 -1.1323830328e-13 7.6446505249e-12 0 0 -5.1365039886e-09 
0 0 -5.1365039886e-09 0 0 -5.1365039886e-09 0 0 -5.1365039886e-09 
0 0 -5.1365039886e-09 0 0 -5.1365039886e-09 0 0 -5.1365039886e-09 
0 0 -5.1365039886e-09 0 0 -5.1365039886e-09 0 0 -5.1365039886e-09 
0 0 -5.1365039886e-09 0 0 -5.1365039886e-09 0 0 -5.1365039886e-09 
0 0 -5.1365039886e-09 0 0 -5.1365039886e-09 0 0 -5.1365039886e-09 
2.2547147537e-10 -4.6472582153e-10 2.2146086768e-10 0 0 -5.1365039886e-09 0 0 -5.1365039886e-09 
0 0 -5.1365039886e-09 0 0 -5.1365039886e-09 0 0 -5.1365039886e-09 
0 0 -5.1365039886e-09 0 0 -5.1365039886e-09 0 0 -5.1365039886e-09 
0 0 -5.1365039886e-09 0 0 -5.1365039886e-09 0 0 -5.1365039886e-09 
0 0 -5.1365039886e-09 0 0 -5.1365039886e-09 0 0 -5.1365039886e-09 
-3.2566483285e-09 3.802323086e-09 1.2440635847e-08 1.7535022256e-09 9.9574880025e-11 9.1966749564e-09 0 0 -5.1365039886e-09 
-1.6749219877e-11 -2.972133485e-11 -7.1144804448e-09 0 0 -5.1365039886e-09 0 0 -5.1365039886e-09 
0 0 -5.1365039886e-09 0 0 -5.1365039886e-09 0 0 -5.1365039886e-09 
0 0 -5.1365039886e-09 -1.3681989476e-06 2.5904501351e-07 1.2745977224e-08 0 0 -5.1365039886e-09 
0 0 -5.1365039886e-09 6.1732385415e-07 2.2360904645e-08 1.6754802966e-08 7.7191696622e-07 -2.7046386634e-07 -2.9422354098e-07 
0 0 -5.1365039886e-09 -7.8495696926e-10 1.4590949278e-09 -1.0998008601e-09 -7.1562725038e-11 1.0832983612e-10 2.1597627825e-10 
-3.4911901549e-10 -2.2952480053e-10 4.2369954132e-10 -7.5301374771e-10 -4.0560581695e-10 1.9342334852e-09 0 0 -5.1365039886e-09 
-1.0035754175e-08 2.4503040424e-08 -3.2191473553e-08 -1.5698687082e-08 -4.2511019537e-08 4.2688293752e-08 0 0 -5.1365039886e-09 
1.2631277224e-09 -1.3355881816e-09 -2.927072052e-09 1.3737241813e-08 -8.2240648016e-10 2.8447241386e-09 1.6130612027e-11 -5.5251509897e-11 -8.1787049945e-10 
0 0 -5.1365039886e-09 0 0 -5.1365039886e-09 0 0 -5.1365039886e-09 
0 0 -5.1365039886e-09 0 0 -5.1365039886e-09 0 0 -5.1365039886e-09 
0 0 -5.1365039886e-09 0 0 -5.1365039886e-09 0 0 -5.1365039886e-09 
0 0 -5.1365039886e-09 0 0 -5.1365039886e-09 0 0 -5.1365039886e-09 
0 0 -5.1365039886e-09 0 0 -5.1365039886e-09 0 0 -5.1365039886e-09 
0 0 -5.1365039886e-09 -2.7724236676e-09 1.6290814138e-09 -6.1024857535e-09 2.8063386596e-09 5.5908930328e-10 -3.5211489194e-09 
0 0 -5.1365039886e-09 -1.3676765883e-13 -1.4748629835e-13 -3.7188597566e-12 -1.7086302533e-12 -1.6997910783e-12 -4.4214452512e-13 
0 0 -5.1365039886e-09 0 0 -5.1365039886e-09 1.2173813303e-10 1.252328278e-10 -5.0047279351e-10 
2.1879330464e-09 -1.6797035515e-09 -1.8208858085e-09 -1.6598885894e-12 2.4616546865e-12 -7.545823575e-09 0 0 -5.1365039886e-09 
0 0 -5.1365039886e-09 0 0 -5.1365039886e-09 0 0 -5.1365039886e-09 
0 0 -5.1365039886e-09 0 0 -5.1365039886e-09 0 0 -5.1365039886e-09 
0 0 -5.1365039886e-09 0 0 -5.1365039886e-09 0 0 -5.1365039886e-09 
0 0 -5.1365039886e-09 -3.9463858613e-12 -4.9990653625e-11 7.7996723889e-11 -5.0957502107e-18 -1.5720931501e-18 -1.0739107222e-17 
-1.5986827979e-08 2.056234374e-08 1.0840665242e-08 0 0 -5.1365039886e-09 0 0 -5.1365039886e-09 
-9.2073689059e-11 -3.1067781508e-10 1.4504232872e-09 0 0 -5.1365039886e-09 0 0 -5.1365039886e-09 
0 0 -5.1365039886e-09 0 0 -5.1365039886e-09 0 0 -5.1365039886e-09 
0 0 -5.1365039886e-09 0 0 -5.1365039886e-09 0 0 -5.1365039886e-09 
0 0 -5.1365039886e-09 0 0 -5.1365039886e-09 0 0 -5.1365039886e-09 
0 0 -5.1365039886e-09 0 0 -5.1365039886e-09 0 0 -5.1365039886e-09 
-1.3659244288e-11 -1.1043545475e-10 -1.3395930772e-10 0 0 -5.1365039886e-09 0 0 -5.1365039886e-09 
-2.4004524905e-10 9.7367160018e-10 -9.1398436048e-10 3.024327209e-10 6.3230983844e-10 -7.3797674905e-10 2.7978030334e-10 -5.3044584127e-10 -1.8731908124e-09 
0 0 -5.1365039886e-09 0 0 -5.1365039886e-09 0 0 -5.1365039886e-09 
0 0 -5.1365039886e-09 -2.1041872746e-08 -1.0942051814e-08 2.4417674484e-07 0 0 -5.1365039886e-09 
-4.2052117978e-07 -7.6595520077e-08 1.2136712196e-07 0 0 -5.1365039886e-09 -4.4897846615e-09 2.1596281515e-09 1.1272213375e-09 
0 0 -5.1365039886e-09 0 0 -5.1365039886e-09 0 0 -5.1365039886e-09 
0 0 -5.1365039886e-09 -7.5747739353e-11 2.5330149545e-11 3.3252118424e-10 -1.5204703406e-10 -1.1770506657e-10 9.324068218e-10 
0 0 -5.1365039886e-09 -2.1373383832e-08 -2.8653453458e-08 -2.2144278612e-08 3.4460485138e-15 2.5196858489e-16 7.9271967002e-15 
-2.0541429885e-15 -2.4146537634e-16 3.4126796509e-15 -7.4736386784e-14 -6.4637151968e-15 -1.7047749566e-11 0 0 -5.1365039886e-09 
3.8623158762e-13 -3.7831069115e-13 -1.6484675631e-12 0 0 -5.1365039886e-09 0 0 -5.1365039886e-09 
0 0 -5.1365039886e-09 0 0 -5.1365039886e-09 0 0 -5.1365039886e-09 
0 0 -5.1365039886e-09 0 0 -5.1365039886e-09 0 0 -5.1365039886e-09 
0 0 -5.1365039886e-09 0 0 -5.1365039886e-09 0 0 -5.1365039886e-09 
0 0 -5.1365039886e-09 0 0 -5.1365039886e-09 0 0 -5.1365039886e-09 
0 0 -5.1365039886e-09 0 0 -5.1365039886e-09 0 0 -5.1365039886e-09 
0 0 -5.1365039886e-09 0 0 -5.1365039886e-09 0 0 -5.1365039886e-09 
-2.1147190173e-12 -3.2337668784e-12 -1.4340842156e-11 -2.1951549122e-09 2.0188985164e-09 4.4205707929e-09 -7.6656269907e-09 1.7390051764e-08 6.5761065108e-09 
0 0 -5.1365039886e-09 0 0 -5.1365039886e-09 -1.9938615879e-09 -1.5574130519e-09 9.4415365779e-10 
2.3626161249e-14 1.253147976e-15 2.9860158351e-11 0 0 -5.1365039886e-09 0 0 -5.1365039886e-09 
2.1775250263e-14 -2.0250911137e-14 -1.9711324718e-12 -6.2538867897e-09 -3.1754047512e-10 -3.2226333891e-09 -8.1890192045e-10 -1.2899204027e-09 2.0017361021e-09 
1.4065439785e-11 -2.277448217e-11 -6.185476213e-09 0 0 -5.1365039886e-09 0 0 -5.1365039886e-09 
0 0 -5.1365039886e-09 0 0 -5.1365039886e-09 0 0 -5.1365039886e-09 
0 0 -5.1365039886e-09 0 0 -5.1365039886e-09 0 0 -5.1365039886e-09 
0 0 -5.1365039886e-09 5.9377890978e-08 -3.4345715348e-08 -2.9493768083e-08 -6.9090946535e-09 -6.3048722452e-08 2.0708406027e-07 
7.3603707601e-11 -3.9090787149e-10 -1.4911922953e-09 -4.01914598e-09 -1.3423138458e-09 -1.4877438939e-09 0 0 -5.1365039886e-09 
0 0 -5.1365039886e-09 0 0 -5.1365039886e-09 0 0 -5.1365039886e-09 
-4.6736508381e-07 -2.5367693442e-07 -2.7819886544e-07 0 0 -5.1365039886e-09 0 0 -5.1365039886e-09 
0 0 -5.1365039886e-09 -5.2468796325e-08 9.73944378e-08 -1.9299980415e-07 0 0 -5.1365039886e-09 
0 0 -5.1365039886e-09 -6.9407518225e-08 -2.3760022143e-07 9.8491671559e-08 0 0 -5.1365039886e-09 
0 0 -5.1365039886e-09 0 0 -5.1365039886e-09 -5.3079934924e-13 -5.6426818242e-13 3.4023315673e-11 
9.3210159914e-12 -2.0318969055e-11 9.5017388763e-11 -1.3231798469e-13 -1.2788928987e-13 2.6824788597e-10 4.1822500888e-10 7.9665954768e-11 -1.9652021363e-09 
-4.239030264e-11 -1.5956836135e-10 -1.1978541111e-10 0 0 -5.1365039886e-09 4.6736508381e-07 2.5367693442e-07 2.6792585746e-07 
0 0 -5.1365039886e-09 0 0 -5.1365039886e-09 0 0 -5.1365039886e-09 
0 0 -5.1365039886e-09 6.9407518225e-08 2.3760022143e-07 -1.0876467954e-07 -2.1123827784e-08 3.7259477982e-07 -1.6962651278e-07 
-6.953812824e-08 5.7618257254e-08 4.5609469819e-08 0 0 -5.1365039886e-09 3.7897942027e-10 -3.840660453e-10 -4.6433493095e-09 
-1.3234320672e-09 1.4910311795e-09 4.3202545371e-10 6.8599822486e-10 2.0933874122e-10 3.1527244195e-10 -3.9725651859e-10 -2.2031133854e-09 3.3130519627e-10 
9.4046430604e-10 5.3792922905e-10 2.3069850877e-10 0 0 -5.1365039886e-09 -5.8561635608e-10 -1.9836242698e-09 1.0871836181e-09 
0 0 -5.1365039886e-09 6.1270005183e-11 1.3212005275e-11 1.0698865111e-08 -4.4095799884e-08 -2.7983396596e-08 -5.8780636911e-08 
0 0 -5.1365039886e-09 0 0 -5.1365039886e-09 0 0 -5.1365039886e-09 
0 0 -5.1365039886e-09 0 0 -5.1365039886e-09 0 0 -5.1365039886e-09 
0 0 -5.1365039886e-09 0 0 -5.1365039886e-09 0 0 -5.1365039886e-09 
0 0 -5.1365039886e-09 0 0 -5.1365039886e-09 0 0 -5.1365039886e-09 
-2.0000148835e-11 -5.5338671796e-11 -1.2745127094e-11 2.1819995931e-09 -2.0014517289e-10 2.9263378939e-09 -1.4301648563e-11 -2.2223492577e-12 -4.6352428086e-11 
-4.5425254277e-09 1.5867951859e-09 -4.9642866806e-09 0 0 -5.1365039886e-09 -7.2964126375e-10 -7.5350028365e-10 8.0768250576e-10 
0 0 -5.1365039886e-09 0 0 -5.1365039886e-09 2.8611417706e-16 -4.4424845204e-16 -9.4519436731e-15 
0 0 -5.1365039886e-09 0 0 -5.1365039886e-09 0 0 -5.1365039886e-09 
0 0 -5.1365039886e-09 0 0 -5.1365039886e-09 0 0 -5.1365039886e-09 
0 0 -5.1365039886e-09 0 0 -5.1365039886e-09 0 0 -5.1365039886e-09 
0 0 -5.1365039886e-09 0 0 -5.1365039886e-09 0 0 -5.1365039886e-09 
0 0 -5.1365039886e-09 -1.0842021725e-19 0 4.7433845046e-20 6.0492138642e-14 1.0599846196e-13 -3.9749712442e-12 
0 0 -5.1365039886e-09 0 0 -5.1365039886e-09 0 0 -5.1365039886e-09 
-1.7848542506e-08 3.6819829124e-09 -4.2335739065e-09 1.351848229e-07 -1.3251655345e-08 2.3459984712e-08 0 0 -5.1365039886e-09 
0 0 -5.1365039886e-09 3.4892946135e-07 -1.5183899731e-07 1.5206602405e-08 -3.4892946135e-07 1.5183899731e-07 -2.5479610382e-08 
0 0 -5.1365039886e-09 -2.728198962e-08 1.6616540702e-07 -9.5937690493e-08 2.728198962e-08 -1.6616540702e-07 8.5664682516e-08 
0 0 -5.1365039886e-09 0 0 -5.1365039886e-09 0 0 -5.1365039886e-09 
-7.1994867953e-12 5.133566122e-12 5.0142997981e-10 9.0661956024e-08 -4.3021303708e-07 1.0860753099e-07 0 0 -5.1365039886e-09 
4.2053320678e-11 3.8067539301e-11 9.625996611e-11 -5.0411297367e-09 -2.2237307003e-09 -8.641952916e-10 -3.6757452008e-12 -6.1652812846e-12 -8.3489108926e-09 
0 0 -5.1365039886e-09 0 0 -5.1365039886e-09 0 0 -5.1365039886e-09 
4.1960454722e-07 -4.5333920452e-07 3.0260278738e-07 0 0 -5.1365039886e-09 0 0 -5.1365039886e-09 
0 0 -5.1365039886e-09 0 0 -5.1365039886e-09 -1.7717140755e-07 -1.2768523195e-06 7.3995277784e-07 
0 0 -5.1365039886e-09 0 0 -5.1365039886e-09 0 0 -5.1365039886e-09 
0 0 -5.1365039886e-09 8.1277774864e-08 -9.8166982551e-09 -6.3973938935e-08 0 0 -5.1365039886e-09 
0 0 -5.1365039886e-09 0 0 -5.1365039886e-09 -1.6223527692e-10 8.2881664314e-12 7.3203633467e-10 
8.3800035325e-12 1.9946743367e-12 -3.3389997055e-11 4.5970858888e-12 -2.0671991788e-11 2.5101543603e-11 -3.9594284097e-07 2.0368845878e-07 7.4084628749e-08 
2.6676528187e-09 -7.4325988021e-10 -1.0253651827e-09 -6.7964867583e-09 5.6104521083e-10 -2.5634446811e-08 -2.6379702397e-10 5.8524650003e-10 2.5151152552e-09 
0 0 -5.1365039886e-09 0 0 -5.1365039886e-09 0 0 -5.1365039886e-09 
0 0 -5.1365039886e-09 0 0 -5.1365039886e-09 0 0 -5.1365039886e-09 
0 0 -5.1365039886e-09 0 0 -5.1365039886e-09 0 0 -5.1365039886e-09 
0 0 -5.1365039886e-09 0 0 -5.1365039886e-09 0 0 -5.1365039886e-09 
0 0 -5.1365039886e-09 0 0 -5.1365039886e-09 0 0 -5.1365039886e-09 
1.631485203e-13 -1.3127964427e-13 -1.6438471679e-11 -2.259029735e-10 -7.945184467e-09 -4.500776245e-09 -2.8716992976e-12 2.5188734562e-12 -8.9745168471e-11 
-2.0427528197e-09 2.5668926609e-10 3.5002011656e-10 0 0 -5.1365039886e-09 -1.1191088666e-09 -3.2220109534e-10 -4.3698774475e-10 
8.13137457e-10 1.7146872335e-10 1.014322842e-08 0 0 -5.1365039886e-09 0 0 -5.1365039886e-09 
-1.1190484867e-08 -2.6061785612e-08 3.4044687068e-08 4.9564031265e-13 -3.2750146724e-12 -4.0056046651e-12 1.9555754585e-14 -4.9603767274e-14 -6.8841674317e-12 
0 0 -5.1365039886e-09 0 0 -5.1365039886e-09 0 0 -5.1365039886e-09 
0 0 -5.1365039886e-09 0 0 -5.1365039886e-09 0 0 -5.1365039886e-09 
0 0 -5.1365039886e-09 0 0 -5.1365039886e-09 0 0 -5.1365039886e-09 
0 0 -5.1365039886e-09 0 0 -5.1365039886e-09 0 0 -5.1365039886e-09 
0 0 -5.1365039886e-09 0 0 -5.1365039886e-09 1.8001289624e-07 -1.0062877087e-07 -1.4914485937e-07 
-1.9106135944e-14 -3.2631910412e-14 1.3515900181e-14 0 0 -5.1365039886e-09 0 0 -5.1365039886e-09 
-4.2292406864e-09 -1.9413142977e-10 3.0466940913e-09 0 0 -5.1365039886e-09 0 0 -5.1365039886e-09 
0 0 -5.1365039886e-09 0 0 -5.1365039886e-09 1.025420148e-07 -1.5233801465e-07 -1.8145254962e-07 
0 0 -5.1365039886e-09 0 0 -5.1365039886e-09 0 0 -5.1365039886e-09 
0 0 -5.1365039886e-09 0 0 -5.1365039886e-09 0 0 -5.1365039886e-09 
0 0 -5.1365039886e-09 -4.2018772035e-08 1.4821354237e-07 -1.7555357906e-07 2.2781634351e-08 2.2826202771e-08 -6.4925789378e-08 
-4.0638097863e-09 -5.9660304814e-08 1.0094761878e-08 -9.1017026672e-07 3.6552482704e-07 6.822708187e-07 -1.0449966698e-07 6.3399596532e-08 6.54540942e-08 
-2.8081378368e-15 -1.2241916465e-14 8.8851653831e-14 2.9326584564e-14 1.0566818687e-13 4.9215026585e-14 0 0 -5.1365039886e-09 
0 0 -5.1365039886e-09 0 0 -5.1365039886e-09 -1.8516734144e-09 1.2529089707e-09 8.8442920247e-09 
-4.1199682554e-18 3.3068166261e-18 -1.3134841048e-15 0 0 -5.1365039886e-09 3.1489744114e-07 -1.4224738576e-07 3.0577036373e-07 
0 0 -5.1365039886e-09 1.9439689579e-07 -8.1506519829e-08 -5.3940905918e-08 0 0 -5.1365039886e-09 
0 0 -5.1365039886e-09 0 0 -5.1365039886e-09 2.3118304454e-07 -3.0018285285e-09 -1.9936558111e-08 
-7.6047745672e-08 1.5604427644e-07 -5.7341053466e-07 0 0 -5.1365039886e-09 -1.3713334835e-07 -1.088792709e-07 1.4210868468e-07 
2.1724490381e-07 1.249529927e-08 4.0066107215e-07 -2.6158084935e-10 4.3395438357e-10 3.4966795843e-10 -2.0194542097e-08 1.8415409799e-08 -6.5822415365e-10 
0 0 -5.1365039886e-09 0 0 -5.1365039886e-09 0 0 -5.1365039886e-09 
0 0 -5.1365039886e-09 0 0 -5.1365039886e-09 0 0 -5.1365039886e-09 
2.6195007535e-12 -5.84701558e-14 -1.4976913432e-11 7.4220779463e-09 6.2995817486e-08 -1.3015878793e-08 3.9635782244e-10 -5.93996376e-11 1.1653366979e-10 
1.6216953995e-16 1.4636729329e-18 -1.364203114e-13 -2.2728106045e-11 -3.9996236574e-12 1.7097120005e-11 -4.3475790085e-09 -3.3277037205e-08 9.8976387692e-09 
0 0 -5.1365039886e-09 -1.049414387e-11 2.1665091867e-12 2.0098339717e-10 0 0 -5.1365039886e-09 
0 0 -5.1365039886e-09 0 0 -5.1365039886e-09 0 0 -5.1365039886e-09 
0 0 -5.1365039886e-09 0 0 -5.1365039886e-09 0 0 -5.1365039886e-09 
0 0 -5.1365039886e-09 0 0 -5.1365039886e-09 0 0 -5.1365039886e-09 
0 0 -5.1365039886e-09 0 0 -5.1365039886e-09 0 0 -5.1365039886e-09 
0 0 -5.1365039886e-09 0 0 -5.1365039886e-09 0 0 -5.1365039886e-09 
0 0 -5.1365039886e-09 0 0 -5.1365039886e-09 0 0 -5.1365039886e-09 
2.7500167223e-09 -3.0579087472e-08 6.1065710764e-09 -2.3995252115e-08 -5.6223417791e-08 -4.0067966404e-09 -1.2979987668e-09 1.4167511481e-08 1.1566521135e-09 
0 0 -5.1365039886e-09 0 0 -5.1365039886e-09 5.2305485247e-13 2.9727582158e-13 1.286820631e-10 
1.6716232696e-10 -1.3172173024e-09 3.096811954e-09 -4.8734602374e-08 -5.7879937066e-08 9.3394017499e-09 1.6811639128e-10 -7.0222192115e-09 -7.9504486262e-09 
1.4617310766e-07 -1.8531144158e-07 -1.2552591612e-08 0 0 -5.1365039886e-09 2.0384198334e-07 5.2936834437e-07 1.1145095281e-07 
0 0 -5.1365039886e-09 0 0 -5.1365039886e-09 0 0 -5.1365039886e-09 
0 0 -5.1365039886e-09 0 0 -5.1365039886e-09 -4.5635948335e-07 3.0913702246e-07 3.0098589661e-07 
0 0 -5.1365039886e-09 0 0 -5.1365039886e-09 2.4190925612e-07 -2.2158505792e-07 -8.1866023691e-08 
3.6582554423e-11 1.0032352393e-10 -6.3601616243e-10 0 0 -5.1365039886e-09 -2.7757158551e-13 1.6275488715e-12 -1.0509287831e-11 
0 0 -5.1365039886e-09 0 0 -5.1365039886e-09 1.227786646e-07 1.7855561194e-08 2.1338470054e-07 
0 0 -5.1365039886e-09 0 0 -5.1365039886e-09 0 0 -5.1365039886e-09 
-2.2781634351e-08 -2.2826202771e-08 5.4652781401e-08 0 0 -5.1365039886e-09 0 0 -5.1365039886e-09 
0 0 -5.1365039886e-09 4.2018772035e-08 -1.4821354237e-07 1.6528057108e-07 0 0 -5.1365039886e-09 
-3.0579406096e-07 2.4738969215e-07 -5.909661837e-08 -2.4838746511e-14 -6.7594869047e-14 -8.8673983697e-11 0 0 -5.1365039886e-09 
0 0 -5.1365039886e-09 0 0 -5.1365039886e-09 0 0 -5.1365039886e-09 
-4.4371954742e-10 4.0704642797e-09 6.4535891158e-09 1.0016267465e-12 2.1821469734e-12 1.3818574987e-11 5.4294543692e-08 6.0954325712e-08 -7.592919839e-08 
6.3351693771e-08 -2.0562017574e-07 6.1849338361e-08 0 0 -5.1365039886e-09 -6.1062764283e-08 -1.8411089639e-07 3.0349416345e-07 
0 0 -5.1365039886e-09 -1.7012028026e-07 1.8711272492e-07 -2.9896711731e-07 0 0 -5.1365039886e-09 
0 0 -5.1365039886e-09 0 0 -5.1365039886e-09 0 0 -5.1365039886e-09 
0 0 -5.1365039886e-09 0 0 -5.1365039886e-09 2.6181069748e-09 -1.7489434293e-09 -9.0028875798e-10 
-3.5612523943e-11 1.0466427384e-10 9.4501934574e-11 0 0 -5.1365039886e-09 0 0 -5.1365039886e-09 
0 0 -5.1365039886e-09 1.3872109624e-11 4.9457023356e-12 3.0170140678e-11 -1.6206346224e-08 1.4869493962e-08 7.0641448711e-09 
3.5145294335e-14 -7.5681648448e-15 -2.2672790426e-12 -1.625870906e-12 -1.3089138741e-12 1.0250506385e-11 0 0 -5.1365039886e-09 
2.0075387704e-08 -7.7950178924e-09 -9.0855462913e-10 0 0 -5.1365039886e-09 0 0 -5.1365039886e-09 
0 0 -5.1365039886e-09 0 0 -5.1365039886e-09 0 0 -5.1365039886e-09 
0 0 -5.1365039886e-09 0 0 -5.1365039886e-09 0 0 -5.1365039886e-09 
0 0 -5.1365039886e-09 0 0 -5.1365039886e-09 0 0 -5.1365039886e-09 
0 0 -5.1365039886e-09 0 0 -5.1365039886e-09 0 0 -5.1365039886e-09 
0 0 -5.1365039886e-09 0 0 -5.1365039886e-09 0 0 -5.1365039886e-09 
0 0 -5.1365039886e-09 0 0 -5.1365039886e-09 0 0 -5.1365039886e-09 
0 0 -5.1365039886e-09 0 0 -5.1365039886e-09 0 0 -5.1365039886e-09 
-1.1545516208e-08 -6.0439285619e-09 -8.5420521587e-09 -5.9631119487e-19 -9.378348792e-18 1.6093625998e-20 -8.9999188657e-14 -1.329004181e-14 -1.9520488814e-11 
2.228733016e-10 -3.4752713294e-11 -3.7644273342e-08 0 0 -5.1365039886e-09 0 0 -5.1365039886e-09 
5.4574617736e-10 1.4068117157e-10 -3.0295460417e-08 8.9317028979e-14 1.1741605172e-12 -1.9351479973e-11 0 0 -5.1365039886e-09 
5.8960953795e-10 -2.6971006163e-09 -1.9809737225e-09 5.3225545247e-10 -1.2753007798e-10 -3.0490247479e-09 0 0 -5.1365039886e-09 
0 0 -5.1365039886e-09 0 0 -5.1365039886e-09 0 0 -5.1365039886e-09 
0 0 -5.1365039886e-09 0 0 -5.1365039886e-09 0 0 -5.1365039886e-09 
0 0 -5.1365039886e-09 2.2573948833e-08 4.7752266386e-09 2.4525402756e-08 -4.1248707195e-11 -7.1201277459e-11 -8.0352195841e-11 
1.483225218e-12 3.0051489725e-12 -1.032669761e-11 -2.4941255203e-10 1.7146067337e-09 -3.311020193e-10 7.5308221248e-10 9.7618429627e-10 -2.5430530571e-09 
0 0 -5.1365039886e-09 0 0 -5.1365039886e-09 0 0 -5.1365039886e-09 
0 0 -5.1365039886e-09 0 0 -5.1365039886e-09 0 0 -5.1365039886e-09 
0 0 -5.1365039886e-09 0 0 -5.1365039886e-09 -2.4448676623e-07 -1.8127126415e-07 -1.1201472791e-08 
3.4750823461e-08 -1.4523062408e-07 -1.2565494703e-08 6.5526600828e-09 1.5516464496e-09 1.809127721e-07 0 0 -5.1365039886e-09 
4.7382094765e-08 4.8871436605e-09 7.1835531432e-09 -2.6477433518e-08 9.5467715558e-09 -1.9105197689e-08 3.8965711701e-10 -1.4563296031e-08 -7.8755913066e-09 
0 0 -5.1365039886e-09 0 0 -5.1365039886e-09 0 0 -5.1365039886e-09 
0 0 -5.1365039886e-09 -1.6040375408e-12 -3.0556755585e-12 2.6410935845e-11 0 0 -5.1365039886e-09 
0 0 -5.1365039886e-09 -6.6950593748e-07 7.1717760235e-07 -4.3959779213e-07 8.9311842963e-07 -6.6091649081e-07 2.2488384092e-07 
5.815016704e-09 -2.5679436196e-07 -8.2975952506e-08 -6.6227776487e-08 6.0497603837e-08 -5.5311804549e-08 2.4356836627e-07 5.7031818414e-09 -1.3593180502e-07 
0 0 -5.1365039886e-09 2.2125827127e-07 1.1890699004e-07 -1.2896116776e-07 0 0 -5.1365039886e-09 
0 0 -5.1365039886e-09 1.0789591605e-12 -6.0467402027e-12 -5.4064512944e-12 0 0 -5.1365039886e-09 
-4.3551798212e-08 8.2903299233e-09 -9.8480148639e-08 0 0 -5.1365039886e-09 -3.0042955777e-08 8.7928513318e-08 1.1489432899e-08 
-7.4132001722e-08 -2.0139617799e-07 4.0104862353e-08 2.3768842275e-10 4.0624301666e-11 -4.0289396249e-10 -4.5400965973e-19 -3.0493186101e-18 -1.995345998e-15 
2.1680276775e-08 -8.0499027094e-08 1.5969556769e-08 0 0 -5.1365039886e-09 7.5102677096e-09 2.5309320975e-08 -1.9696295557e-08 
4.1728435742e-09 -1.7284974005e-09 -2.7335764901e-09 0 0 -5.1365039886e-09 0 0 -5.1365039886e-09 
0 0 -5.1365039886e-09 0 0 -5.1365039886e-09 0 0 -5.1365039886e-09 
0 0 -5.1365039886e-09 0 0 -5.1365039886e-09 0 0 -5.1365039886e-09 
0 0 -5.1365039886e-09 0 0 -5.1365039886e-09 -7.1205511747e-06 -2.5772205283e-06 7.999622892e-06 
7.1205511747e-06 2.5772205283e-06 -8.0098958999e-06 0 0 -5.1365039886e-09 0 0 -5.1365039886e-09 
0 0 -5.1365039886e-09 0 0 -5.1365039886e-09 0 0 -5.1365039886e-09 
0 0 -5.1365039886e-09 0 0 -5.1365039886e-09 0 0 -5.1365039886e-09 
0 0 -5.1365039886e-09 0 0 -5.1365039886e-09 -2.6457697137e-09 4.9905550993e-09 1.0346711331e-08 
6.8930946266e-08 7.2933498603e-08 5.8563290611e-08 1.4664500392e-09 2.6277957958e-10 -3.8296819415e-10 7.2154792754e-11 2.1916937512e-09 1.9375757983e-09 
0 0 -5.1365039886e-09 -6.123369091e-10 -1.9608542262e-10 -4.6084326397e-09 -2.4201022793e-08 -6.3180742304e-09 2.0160932627e-08 
0 0 -5.1365039886e-09 0 0 -5.1365039886e-09 0 0 -5.1365039886e-09 
0 0 -5.1365039886e-09 0 0 -5.1365039886e-09 0 0 -5.1365039886e-09 
5.3255277792e-11 1.0680521186e-10 -2.8243796717e-10 2.2428150023e-09 -8.0331004472e-09 -4.2129036095e-09 6.7033971568e-10 -5.2895869732e-11 4.7568554083e-10 
0 0 -5.1365039886e-09 1.0521914118e-07 1.0919339408e-07 1.0496363378e-07 0 0 -5.1365039886e-09 
0 0 -5.1365039886e-09 0 0 -5.1365039886e-09 0 0 -5.1365039886e-09 
0 0 -5.1365039886e-09 0 0 -5.1365039886e-09 0 0 -5.1365039886e-09 
0 0 -5.1365039886e-09 0 0 -5.1365039886e-09 4.7293678188e-09 -2.6742902251e-09 -1.5008295087e-08 
-1.0979779172e-09 -8.418315397e-10 2.3386495068e-09 9.8093412859e-08 1.0763952653e-07 9.1954045708e-08 6.384817629e-10 -1.2279600076e-09 -3.9259774206e-11 
0 0 -5.1365039886e-09 0 0 -5.1365039886e-09 -7.8491210175e-08 -1.9239413745e-07 2.7029621931e-07 
0 0 -5.1365039886e-09 0 0 -5.1365039886e-09 2.4448676623e-07 1.8127126415e-07 9.284648142e-10 
0 0 -5.1365039886e-09 0 0 -5.1365039886e-09 0 0 -5.1365039886e-09 
0 0 -5.1365039886e-09 0 0 -5.1365039886e-09 0 0 -5.1365039886e-09 
0 0 -5.1365039886e-09 0 0 -5.1365039886e-09 0 0 -5.1365039886e-09 
0 0 -5.1365039886e-09 -3.6232768646e-10 1.9684327772e-08 1.997059256e-08 3.1524533418e-16 2.9807428227e-16 6.290200074e-15 
3.5703002729e-11 -3.2487002997e-11 -1.7205017187e-09 0 0 -5.1365039886e-09 0 0 -5.1365039886e-09 
0 0 -5.1365039886e-09 0 0 -5.1365039886e-09 0 0 -5.1365039886e-09 
-3.4913240282e-07 -6.2422411172e-08 5.6430817394e-07 0 0 -5.1365039886e-09 0 0 -5.1365039886e-09 
0 0 -5.1365039886e-09 0 0 -5.1365039886e-09 0 0 -5.1365039886e-09 
0 0 -5.1365039886e-09 -2.5058656078e-09 -8.665911885e-10 4.892203879e-09 8.0446270321e-10 -6.8854321596e-09 -5.9052993695e-09 
0 0 -5.1365039886e-09 0 0 -5.1365039886e-09 0 0 -5.1365039886e-09 
-2.2720084395e-09 1.9041493485e-10 1.2141847508e-09 -2.1291339246e-09 4.3989292304e-09 -3.328575094e-09 -1.2419032054e-10 -1.5049630406e-11 1.8767107835e-10 
0 0 -5.1365039886e-09 6.3534247308e-17 -5.1120132433e-17 1.7180538676e-16 -1.3552527156e-20 -2.7105054312e-20 4.7433845046e-20 
5.0801513725e-09 -1.6757590691e-09 9.5362950851e-10 0 0 -5.1365039886e-09 0 0 -5.1365039886e-09 
0 0 -5.1365039886e-09 0 0 -5.1365039886e-09 0 0 -5.1365039886e-09 
0 0 -5.1365039886e-09 0 0 -5.1365039886e-09 0 0 -5.1365039886e-09 
0 0 -5.1365039886e-09 0 0 -5.1365039886e-09 0 0 -5.1365039886e-09 
0 0 -5.1365039886e-09 0 0 -5.1365039886e-09 0 0 -5.1365039886e-09 
0 0 -5.1365039886e-09 0 0 -5.1365039886e-09 0 0 -5.1365039886e-09 
0 0 -5.1365039886e-09 0 0 -5.1365039886e-09 0 0 -5.1365039886e-09 
0 0 -5.1365039886e-09 0 0 -5.1365039886e-09 0 0 -5.1365039886e-09 
8.7573441228e-09 -3.0671910871e-09 -5.1442554445e-09 4.4807256863e-14 -2.306672648e-14 -3.3215257623e-12 -5.6220502985e-10 -5.3741845392e-10 8.7414877703e-10 
0 0 -5.1365039886e-09 1.1200663616e-08 7.8713893868e-08 3.2415739512e-08 -2.7105054312e-20 6.776263578e-20 4.0657581468e-20 
1.4828669851e-08 -6.5683562837e-08 -3.0282884154e-08 -4.7236981591e-09 1.5711265168e-08 -2.1245521713e-08 -7.732727361e-08 -1.5922632963e-07 -1.4346001812e-07 
0 0 -5.1365039886e-09 0 0 -5.1365039886e-09 0 0 -5.1365039886e-09 
0 0 -5.1365039886e-09 0 0 -5.1365039886e-09 0 0 -5.1365039886e-09 
0 0 -5.1365039886e-09 0 0 -5.1365039886e-09 0 0 -5.1365039886e-09 
0 0 -5.1365039886e-09 1.3898539561e-07 2.085660847e-07 1.0734203519e-07 8.3689836129e-08 1.1586021331e-07 -4.7648672898e-09 
-2.7105054312e-20 2.7105054312e-20 0 0 0 -5.1365039886e-09 2.1125464772e-08 1.5066509614e-08 -3.4031569498e-08 
3.2252209858e-07 3.8782675577e-07 2.2400068954e-07 0 0 -5.1365039886e-09 0 0 -5.1365039886e-09 
0 0 -5.1365039886e-09 0 0 -5.1365039886e-09 0 0 -5.1365039886e-09 
7.732727361e-08 1.5922632963e-07 1.3318701014e-07 4.1840009777e-08 -2.9804552885e-08 -1.4801157766e-08 0 0 -5.1365039886e-09 
3.2586029027e-08 -7.8501529323e-09 -6.1481827484e-09 0 0 -5.1365039886e-09 0 0 -5.1365039886e-09 
0 0 -5.1365039886e-09 7.0661220914e-08 -6.2064668426e-08 1.318092626e-08 -1.7785182952e-07 9.8340461627e-08 9.2943236438e-09 
0 0 -5.1365039886e-09 2.6872906277e-10 4.4774639866e-09 -1.6359084649e-09 -6.7519069762e-14 -4.8457075754e-13 -1.2703207225e-10 
-1.6087209204e-08 -1.2124330622e-08 -1.585919998e-07 0 0 -5.1365039886e-09 0 0 -5.1365039886e-09 
0 0 -5.1365039886e-09 -1.6441532113e-07 -6.0103038603e-09 3.1608600916e-08 1.6087209204e-08 1.2124330622e-08 1.4831899182e-07 
0 0 -5.1365039886e-09 -4.1840009777e-08 2.9804552885e-08 4.528149789e-09 -3.2586029027e-08 7.8501529323e-09 -4.1248252288e-09 
0 0 -5.1365039886e-09 0 0 -5.1365039886e-09 0 0 -5.1365039886e-09 
1.045583825e-09 -1.0917595458e-08 1.0135706025e-08 -6.6678433608e-18 -1.4101404506e-17 3.9327739741e-18 0 0 -5.1365039886e-09 
0 0 -5.1365039886e-09 3.1818016104e-13 4.1908701986e-13 -2.0539427025e-12 8.803116317e-13 6.713133196e-14 -2.9477378722e-12 
0 0 -5.1365039886e-09 5.9896820925e-09 -3.9639526709e-10 6.1646724517e-09 1.6441532113e-07 6.0103038603e-09 -4.1881608894e-08 
3.062523879e-09 -1.8991816735e-09 8.9015764002e-09 0 0 -5.1365039886e-09 0 0 -5.1365039886e-09 
0 0 -5.1365039886e-09 0 0 -5.1365039886e-09 0 0 -5.1365039886e-09 
0 0 -5.1365039886e-09 0 0 -5.1365039886e-09 0 0 -5.1365039886e-09 
0 0 -5.1365039886e-09 0 0 -5.1365039886e-09 0 0 -5.1365039886e-09 
0 0 -5.1365039886e-09 0 0 -5.1365039886e-09 0 0 -5.1365039886e-09 
0 0 -5.1365039886e-09 7.7726783267e-09 2.7228575932e-08 -1.0022190621e-08 -2.2124243557e-08 7.2054248418e-08 -1.6413471345e-08 
-2.3014766091e-15 3.9508327165e-16 -7.4840829991e-13 1.8001928061e-07 -6.6219782233e-09 -1.9848751599e-08 -1.4354745214e-07 -1.2686459681e-07 -9.0917025484e-08 
0 0 -5.1365039886e-09 -2.6336129696e-08 1.9223783227e-08 2.1500167495e-08 -6.2707142181e-10 -3.9311503483e-10 4.2793719611e-09 
0 0 -5.1365039886e-09 -1.6071586204e-09 5.8247835896e-09 7.0728117986e-09 -3.0183217624e-09 8.4606268747e-10 1.1774319347e-08 
2.4356884611e-08 2.3295435275e-07 3.1856644274e-08 -2.6256661786e-07 -1.558844628e-07 -1.4968003885e-07 0 0 -5.1365039886e-09 
0 0 -5.1365039886e-09 1.8023397084e-07 4.9002288341e-08 -1.3340163633e-06 6.6832029579e-08 -2.8279766064e-07 -1.7345664678e-07 
0 0 -5.1365039886e-09 -2.550039446e-07 -1.278812766e-07 -3.3241164577e-08 0 0 -5.1365039886e-09 
5.4900951276e-10 2.0511967822e-09 4.2677618585e-09 -3.1134053748e-09 -6.6945271462e-09 -1.9037454512e-08 0 0 -5.1365039886e-09 
8.7729393345e-08 1.8895102067e-07 -8.3885568196e-09 -8.0108575669e-07 -6.544897034e-07 -6.8601544519e-07 2.3361613198e-07 -1.3697039239e-09 -3.2851238567e-08 
0 0 -5.1365039886e-09 -1.1162731903e-08 -1.6915200379e-07 -7.8026663785e-08 0 0 -5.1365039886e-09 
0 0 -5.1365039886e-09 1.2997141358e-07 2.7506811938e-07 -3.6237205174e-08 -1.7268338762e-08 6.4782098466e-08 -2.1113888609e-07 
-1.4595611196e-07 -1.4675595953e-07 6.8996717719e-08 0 0 -5.1365039886e-09 -4.8653400243e-08 -2.6334470391e-07 1.1888162215e-07 
0 0 -5.1365039886e-09 0 0 -5.1365039886e-09 7.5290289976e-10 1.1422907991e-09 -2.6233017825e-10 
-1.3552527156e-20 -6.776263578e-21 0 0 0 -5.1365039886e-09 0 0 -5.1365039886e-09 
8.8095636873e-10 1.2723212606e-09 4.4539385682e-09 0 0 -5.1365039886e-09 0 0 -5.1365039886e-09 
5.6746962471e-07 6.5585940732e-07 7.0345717179e-07 6.6913208565e-09 -1.7838336354e-08 1.4995890276e-09 -1.2833028206e-07 -4.6535253018e-08 -4.409251588e-08 
-1.7932415036e-07 1.763541306e-07 8.3543813269e-08 0 0 -5.1365039886e-09 0 0 -5.1365039886e-09 
1.2833028206e-07 4.6535253018e-08 3.3819507903e-08 1.4151779241e-07 1.8609975214e-07 -1.089017243e-07 0 0 -5.1365039886e-09 
1.3666143052e-08 3.3841923526e-07 1.8766014955e-07 7.4949769204e-08 1.037309481e-08 -9.6547578682e-09 1.6693363448e-08 1.7950980292e-08 -3.9468416217e-09 
2.1627065373e-12 -5.6217379384e-12 2.2273164032e-10 0 0 -5.1365039886e-09 1.0842021725e-19 -3.8489177123e-18 -3.8247415656e-15 
-3.3989738107e-17 -7.8442027179e-17 4.1133697841e-14 -1.1673285325e-08 6.893782836e-08 3.7239203123e-08 -4.1428218129e-11 -2.2533301754e-10 1.7462193293e-09 
0 0 5.2939559203e-23 6.139262888e-09 -1.3973315979e-09 1.3070016074e-08 0 0 -5.1365039886e-09 
5.212196679e-11 1.4462104246e-10 2.9518253183e-09 -5.0493427148e-08 2.1567306806e-07 -9.9217232973e-08 3.2622051376e-08 1.0379129468e-08 -7.8971102537e-10 
0 0 -5.1365039886e-09 0 0 -5.1365039886e-09 0 0 -5.1365039886e-09 
0 0 -5.1365039886e-09 0 0 -5.1365039886e-09 0 0 -5.1365039886e-09 
0 0 -5.1365039886e-09 0 0 -5.1365039886e-09 0 0 -5.1365039886e-09 
0 0 -5.1365039886e-09 0 0 -5.1365039886e-09 0 0 -5.1365039886e-09 
0 0 -5.1365039886e-09 0 0 -5.1365039886e-09 0 0 -5.1365039886e-09 
0 0 -5.1365039886e-09 -6.7101018904e-10 3.4321517641e-09 3.8164769898e-09 -7.5532335379e-09 9.5761595955e-09 4.6234114286e-09 
-1.7231170289e-10 2.6387653048e-10 -5.9658625201e-11 2.4134953611e-13 2.7488851717e-14 -5.7962804573e-11 -2.7457048713e-10 8.8904267954e-11 2.3549812287e-09 
3.9178710522e-10 -9.6643571624e-09 -4.6001595709e-10 -2.8031290816e-09 5.8884192387e-10 -1.6791657827e-09 0 0 -5.1365039886e-09 
-7.0519191071e-09 -4.663206741e-09 2.5309543981e-09 -7.735781675e-09 -6.8815390152e-08 -4.1288390794e-08 -1.4965257073e-09 -2.1983953877e-09 8.4740609056e-10 
0 0 -5.1365039886e-09 0 0 -5.1365039886e-09 0 0 -5.1365039886e-09 
4.4923951077e-10 -6.1428749321e-11 1.3170485753e-09 -2.0317220688e-09 -2.5503183103e-09 5.3441154167e-09 1.5200776581e-08 -2.9466098851e-09 -1.6877565305e-08 
0 0 -5.1365039886e-09 0 0 -5.1365039886e-09 -6.4801178605e-08 -2.2945666605e-07 -3.0772455415e-07 
0 0 -5.1365039886e-09 -1.8023397084e-07 -4.9002288341e-08 1.3237433554e-06 0 0 -5.1365039886e-09 
0 0 -5.1365039886e-09 0 0 -5.1365039886e-09 0 0 -5.1365039886e-09 
0 0 -5.1365039886e-09 6.7746478404e-09 -1.6367850221e-07 -1.4305791472e-07 2.098034332e-10 5.0966614284e-11 -9.1225170944e-10 
0 0 -5.1365039886e-09 0 0 -5.1365039886e-09 0 0 -5.1365039886e-09 
0 0 -5.1365039886e-09 0 0 -5.1365039886e-09 -3.0204970612e-07 8.2954576841e-08 4.2208544245e-08 
-3.2030432376e-07 1.0925757168e-08 -5.2339092301e-08 0 0 -5.1365039886e-09 4.3915597964e-08 3.5378303371e-08 1.3566762406e-07 
-1.6961432113e-07 -1.7159187059e-07 -2.5849179341e-07 6.3830540439e-07 3.5603911644e-07 1.7478415911e-07 3.1445065715e-08 2.6891691471e-08 -4.7959317261e-07 
1.6961432113e-07 1.7159187059e-07 2.4821878543e-07 3.2030432376e-07 -1.0925757168e-08 4.2066084323e-08 -3.2962396165e-07 2.2551364587e-07 -1.1379059202e-08 
2.2080160007e-07 -1.6862725175e-07 8.1420612216e-08 0 0 -5.1365039886e-09 -6.7746478404e-09 1.6367850221e-07 1.3278490675e-07 
-4.400310862e-08 -4.6816955155e-08 1.7357524936e-08 -2.0044299943e-07 -7.0872014713e-07 3.3011072225e-09 0 0 -5.1365039886e-09 
0 0 -5.1365039886e-09 0 0 -5.1365039886e-09 -2.0922391424e-16 -7.3420646461e-16 2.0947700768e-15 
9.1072982489e-18 -1.3660947373e-17 9.5274265907e-17 3.2255014631e-18 2.1141942363e-18 3.2231297709e-17 7.9870076115e-08 -3.4321079999e-07 -6.1769366954e-08 
0 0 -5.1365039886e-09 0 0 -5.1365039886e-09 0 0 -5.1365039886e-09 
0 0 -5.1365039886e-09 0 0 -5.1365039886e-09 0 0 -5.1365039886e-09 
0 0 -5.1365039886e-09 0 0 -5.1365039886e-09 0 0 -5.1365039886e-09 
0 0 -5.1365039886e-09 0 0 -5.1365039886e-09 8.4083115907e-09 4.7356928174e-10 -1.8371575016e-09 
-1.3948938575e-17 8.784578696e-18 -6.2373388653e-18 0 0 -5.1365039886e-09 -6.5108466866e-09 -2.2409574754e-08 -2.126548331e-08 
-2.1137381272e-07 8.6165041404e-08 2.619622118e-07 -1.9051671142e-08 6.5102582869e-09 -2.2393782802e-08 0 0 -5.1365039886e-09 
0 0 -5.1365039886e-09 -1.7486207827e-07 -3.58144397e-07 2.8931870493e-07 5.3780881658e-12 -2.853813377e-12 -4.2067036295e-10 
0 0 -5.1365039886e-09 0 0 -5.1365039886e-09 0 0 -5.1365039886e-09 
0 0 -5.1365039886e-09 0 0 -5.1365039886e-09 0 0 -5.1365039886e-09 
0 0 -5.1365039886e-09 0 0 -5.1365039886e-09 0 0 -5.1365039886e-09 
0 0 -5.1365039886e-09 0 0 -5.1365039886e-09 0 0 -5.1365039886e-09 
0 0 -5.1365039886e-09 0 0 -5.1365039886e-09 0 0 -5.1365039886e-09 
0 0 -5.1365039886e-09 0 0 -5.1365039886e-09 0 0 -5.1365039886e-09 
0 0 -5.1365039886e-09 0 0 -5.1365039886e-09 0 0 -5.1365039886e-09 
1.3414277447e-11 -3.7871298334e-10 1.275756e-10 -1.0178602416e-09 2.3800891921e-10 1.1963191237e-09 1.0859901099e-07 -7.6053106715e-10 -3.09150117e-08 
1.6586412645e-08 1.1748318655e-08 9.2535043615e-10 3.3682671006e-09 2.9901965497e-09 2.6304204135e-09 2.5529173231e-13 2.5767146121e-13 2.23177708e-13 
1.1670396636e-08 4.2355930945e-09 -4.6101275652e-09 0 0 -5.1365039886e-09 0 0 -5.1365039886e-09 
0 0 -5.1365039886e-09 -1.0859901099e-07 7.6053106715e-10 2.0642003723e-08 0 0 -5.1365039886e-09 
0 0 -5.1365039886e-09 0 0 -5.1365039886e-09 0 0 -5.1365039886e-09 
0 0 -5.1365039886e-09 -1.2354678113e-07 1.6654398209e-07 7.8785392821e-08 4.3129943629e-09 9.2257483249e-09 -1.4314325029e-08 
0 0 -5.1365039886e-09 0 0 -5.1365039886e-09 4.1593087007e-14 2.9967666024e-13 4.6680651511e-11 
-4.102131395e-12 -1.5506094769e-10 -2.0745079139e-10 0 0 -5.1365039886e-09 0 0 -5.1365039886e-09 
-2.3100044153e-07 2.5671555564e-07 5.8753314259e-07 0 0 -5.1365039886e-09 0 0 -5.1365039886e-09 
-2.5224666578e-07 1.4173556028e-07 3.8276304843e-07 0 0 -5.1365039886e-09 0 0 -5.1365039886e-09 
0 0 -5.1365039886e-09 9.7553922392e-09 -4.3080062379e-07 -1.9544397917e-09 -9.7553922392e-09 4.3080062379e-07 -8.3185681856e-09 
0 0 -5.1365039886e-09 0 0 -5.1365039886e-09 0 0 -5.1365039886e-09 
0 0 -5.1365039886e-09 0 0 -5.1365039886e-09 0 0 -5.1365039886e-09 
-2.1613926664e-10 -4.8842596614e-11 2.3191991977e-10 0 0 -5.1365039886e-09 0 0 -5.1365039886e-09 
-6.0604552231e-08 5.948750075e-09 -1.2891183237e-08 4.341226045e-08 -2.0619809406e-08 -4.3962144417e-09 -5.5519655882e-09 1.2923512057e-08 6.0046641514e-09 
0 0 -5.1365039886e-09 0 0 -5.1365039886e-09 0 0 -5.1365039886e-09 
-8.1925467436e-07 2.3716260155e-07 -6.0484940407e-07 0 0 -5.1365039886e-09 0 0 -5.1365039886e-09 
0 0 -5.1365039886e-09 0 0 -5.1365039886e-09 0 0 -5.1365039886e-09 
-5.2488329725e-08 -8.2733401559e-09 -1.618653747e-08 -1.209698574e-16 2.4502630285e-16 -4.5177984549e-17 0 0 -5.1365039886e-09 
-3.9250015998e-15 -2.1351735484e-15 -6.9923290105e-12 -5.1120340977e-09 2.3149621788e-09 2.3595468415e-09 0 0 -5.1365039886e-09 
-1.683239814e-09 -3.4541424657e-09 -1.99684662e-09 1.6848197317e-08 1.4710282178e-08 -1.991297099e-09 4.8276304622e-08 2.5514161709e-08 1.0785169252e-08 
4.9331198848e-18 -2.602085214e-18 5.2723036406e-18 0 0 -5.1365039886e-09 0 0 -5.1365039886e-09 
0 0 -5.1365039886e-09 0 0 -5.1365039886e-09 0 0 -5.1365039886e-09 
0 0 -5.1365039886e-09 0 0 -5.1365039886e-09 0 0 -5.1365039886e-09 
0 0 -5.1365039886e-09 0 0 -5.1365039886e-09 0 0 -5.1365039886e-09 
0 0 -5.1365039886e-09 0 0 -5.1365039886e-09 0 0 -5.1365039886e-09 
0 0 -5.1365039886e-09 0 0 -5.1365039886e-09 0 0 -5.1365039886e-09 
-1.4849189044e-12 9.371967178e-13 3.6377730843e-10 6.5626162709e-09 1.3977249031e-08 1.2524933647e-08 -2.8572067799e-10 6.3444246601e-12 -1.8452979273e-09 
-8.1785950973e-09 3.8461533945e-09 -1.9722930929e-09 0 0 -5.1365039886e-09 -7.2502888169e-08 -2.0168170138e-07 -1.5174742488e-08 
0 0 -5.1365039886e-09 -2.6521335041e-12 -5.1598724208e-12 -7.5700278569e-11 0 0 -5.1365039886e-09 
0 0 -5.1365039886e-09 3.7896384164e-13 -3.2382684858e-13 -2.376235173e-11 -2.5502102871e-12 1.2125460873e-11 -1.3025942267e-11 
0 0 -5.1365039886e-09 0 0 -5.1365039886e-09 0 0 -5.1365039886e-09 
0 0 -5.1365039886e-09 0 0 -5.1365039886e-09 7.2502888169e-08 2.0168170138e-07 4.9017345108e-09 
0 0 -5.1365039886e-09 0 0 -5.1365039886e-09 0 0 -5.1365039886e-09 
0 0 -5.1365039886e-09 -2.6069504224e-07 -4.7390543833e-07 3.1465470239e-07 0 0 -5.1365039886e-09 
0 0 -5.1365039886e-09 -3.0977272939e-11 -2.8737733764e-11 -3.4155419876e-11 -7.7910081222e-09 5.4813485824e-09 -4.3569006629e-09 
-1.08545175e-09 -1.4749535122e-09 2.2434495203e-09 -8.7016377936e-10 -8.9018279662e-10 -5.3447013893e-10 4.0355065752e-12 5.977177646e-11 -6.3836625679e-11 
-7.8979966718e-11 -5.9189471343e-11 -4.5876121108e-10 0 0 -5.1365039886e-09 8.1925467436e-07 -2.3716260155e-07 5.9457639609e-07 
0 0 -5.1365039886e-09 0 0 -5.1365039886e-09 0 0 -5.1365039886e-09 
0 0 -5.1365039886e-09 -7.7024665891e-08 -1.8190711917e-07 2.9130232609e-08 0 0 -5.1365039886e-09 
-2.1126186795e-07 4.9597880356e-08 7.7222798819e-08 0 0 -5.1365039886e-09 2.7516129712e-07 4.6516071959e-07 -3.4053289247e-07 
4.6659333556e-08 -1.2975001407e-07 -1.8529471475e-07 0 -2.7105054312e-20 -4.9446809687e-09 -1.1425222216e-10 -2.0412998554e-10 8.5545440911e-11 
-4.6659333556e-08 1.2975001407e-07 1.7502170677e-07 0 0 -5.1365039886e-09 0 0 -5.1365039886e-09 
0 0 -5.1365039886e-09 -9.6947614227e-10 1.4351425078e-10 -1.0765396701e-09 0 0 -5.1365039886e-09 
-4.4791137638e-08 -1.5561958037e-08 -9.6138113116e-08 0 0 -5.1365039886e-09 0 0 -5.1365039886e-09 
0 0 -5.1365039886e-09 0 0 -5.1365039886e-09 -1.3786324384e-07 -3.1341332051e-07 -1.171414803e-07 
0 0 -5.1365039886e-09 0 0 -5.1365039886e-09 0 0 -5.1365039886e-09 
0 0 -5.1365039886e-09 0 0 -5.1365039886e-09 -7.7763832868e-09 1.1054162291e-08 1.5615239583e-08 
1.0928757899e-16 -1.2050907147e-16 4.202198214e-16 2.5690034952e-14 -8.0244282898e-14 2.5596263949e-12 0 0 -5.1365039886e-09 
0 0 -5.1365039886e-09 -8.2248959163e-14 -3.9874516449e-14 -6.5993802101e-11 4.7080214424e-10 1.4959238468e-09 2.9305279722e-10 
-9.1607564253e-11 -1.6983549267e-10 -3.9407124987e-08 1.9868505163e-07 4.850788775e-07 6.6653291575e-08 5.48972094e-09 1.1964490457e-08 4.7564496266e-09 
0 0 -5.1365039886e-09 6.7590680503e-12 -2.3685180336e-12 1.6822214407e-09 -2.8382398832e-09 1.6993609199e-09 1.1971160665e-08 
0 0 -5.1365039886e-09 0 0 -5.1365039886e-09 0 0 -5.1365039886e-09 
0 0 -5.1365039886e-09 0 0 -5.1365039886e-09 0 0 -5.1365039886e-09 
0 0 -5.1365039886e-09 0 0 -5.1365039886e-09 0 0 -5.1365039886e-09 
0 0 -5.1365039886e-09 0 0 -5.1365039886e-09 0 0 -5.1365039886e-09 
3.3184760554e-10 -1.3029111622e-10 7.1470534572e-11 9.0215369939e-10 2.8360059843e-10 8.8320186407e-10 -4.5250117087e-09 1.5436890557e-10 2.0043366645e-09 
1.2424416769e-09 7.0812595133e-09 3.6674733051e-09 0 0 -5.1365039886e-09 -8.7226674925e-08 1.2704756592e-07 9.2479793821e-08 
0 0 -5.1365039886e-09 1.4733616175e-09 -1.4358052198e-10 7.4150792731e-11 8.0938923077e-10 1.1628984388e-09 2.7088237624e-09 
0 0 -5.1365039886e-09 0 0 -5.1365039886e-09 0 0 -5.1365039886e-09 
0 0 -5.1365039886e-09 -1.8990570292e-07 -1.5051380374e-07 1.8997574737e-09 0 0 -5.1365039886e-09 
0 0 -5.1365039886e-09 0 0 -5.1365039886e-09 0 0 -5.1365039886e-09 
-9.3694664176e-07 5.3276603893e-07 4.8356597617e-07 -1.9084814577e-07 3.8231171717e-07 1.3772548532e-07 -1.4763097429e-12 -3.1191878507e-12 3.3390545645e-13 
0 0 -5.1365039886e-09 0 0 -5.1365039886e-09 0 0 -5.1365039886e-09 
0 0 -5.1365039886e-09 1.1459247537e-10 2.822694938e-11 7.3653120852e-10 0 0 -5.1365039886e-09 
0 0 -5.1365039886e-09 0 0 -5.1365039886e-09 1.5165708369e-07 1.52391035e-07 -5.116299949e-08 
0 0 -5.1365039886e-09 0 0 -5.1365039886e-09 0 0 -5.1365039886e-09 
0 0 -5.1365039886e-09 2.1299847118e-07 -3.0611599451e-08 -6.5942180539e-08 0 0 -5.1365039886e-09 
1.7497819258e-07 2.7576239949e-08 -2.3090213759e-07 -1.7497819258e-07 -2.7576239949e-08 2.2062912961e-07 1.7666617409e-11 -4.6462293648e-11 -7.9358997436e-10 
0 0 -5.1365039886e-09 0 0 -5.1365039886e-09 1.9342866382e-10 2.8246827915e-10 -4.7535421671e-09 
-1.0622331774e-10 -3.245989762e-10 -3.7529991628e-10 1.1054238655e-09 1.9189436065e-09 1.8904417187e-09 0 0 -5.1365039886e-09 
4.4791137638e-08 1.5561958037e-08 8.5865105139e-08 0 0 -5.1365039886e-09 0 0 -5.1365039886e-09 
-6.0280423597e-08 2.1544564373e-08 -6.7794343633e-08 0 0 -5.1365039886e-09 0 0 -5.1365039886e-09 
0 0 -5.1365039886e-09 0 0 -5.1365039886e-09 0 0 -5.1365039886e-09 
0 0 -5.1365039886e-09 0 0 -5.1365039886e-09 0 0 -5.1365039886e-09 
-4.4395125282e-10 -3.3758838064e-11 7.0048923031e-11 1.1442306492e-08 -2.2752484276e-08 -2.7393763667e-08 -1.8081552634e-09 -4.4389064355e-09 -5.2409461463e-09 
0 0 -5.1365039886e-09 0 0 -5.1365039886e-09 0 0 -5.1365039886e-09 
1.3494597968e-08 3.5928402973e-08 -3.9281840644e-08 2.8371455643e-11 2.6631498954e-11 6.9037020901e-09 -9.2980063723e-09 -2.7957347543e-10 -1.3925457454e-09 
0 0 -5.1365039886e-09 7.7569949785e-10 1.2675518773e-09 1.9274764842e-10 3.5739054876e-09 2.0493060805e-08 4.8401641406e-09 
0 0 -5.1365039886e-09 0 0 -5.1365039886e-09 0 0 -5.1365039886e-09 
0 0 -5.1365039886e-09 0 0 -5.1365039886e-09 0 0 -5.1365039886e-09 
0 0 -5.1365039886e-09 0 0 -5.1365039886e-09 0 0 -5.1365039886e-09 
0 0 -5.1365039886e-09 0 0 -5.1365039886e-09 0 0 -5.1365039886e-09 
0 0 -5.1365039886e-09 0 0 -5.1365039886e-09 0 0 -5.1365039886e-09 
0 0 -5.1365039886e-09 0 0 -5.1365039886e-09 0 0 -5.1365039886e-09 
0 0 -5.1365039886e-09 0 0 -5.1365039886e-09 0 0 -5.1365039886e-09 
0 0 -5.1365039886e-09 0 0 -5.1365039886e-09 2.0636836827e-09 3.2100095663e-09 -7.9435585925e-10 
-7.8829710771e-13 4.3854091365e-13 -2.7770594187e-13 -1.3331547169e-09 -6.2874048565e-11 -5.971198483e-09 -3.6521763203e-10 2.8207108765e-09 2.9463324799e-09 
1.4865754757e-09 -7.0959424216e-11 -2.1298234958e-09 0 0 -5.1365039886e-09 1.33248447e-14 1.3325928902e-14 -1.4931765939e-13 
6.1057809741e-12 -1.3566028509e-11 1.8218211592e-12 6.0208648088e-10 -9.0848925496e-10 -4.5959313493e-09 0 0 -5.1365039886e-09 
0 0 -5.1365039886e-09 0 0 -5.1365039886e-09 0 0 -5.1365039886e-09 
7.0316291482e-10 4.7695859337e-10 -1.3032729906e-09 -1.1726686245e-12 3.6975532367e-11 5.3807969499e-11 -2.1837301274e-08 -8.1240885723e-09 -2.4695416121e-09 
-2.761327408e-19 -5.5294310797e-18 7.4267848815e-18 0 0 -5.1365039886e-09 -2.68814789e-07 -3.6718459194e-07 -2.2964466319e-07 
0 0 -5.1365039886e-09 0 0 -5.1365039886e-09 0 0 -5.1365039886e-09 
0 0 -5.1365039886e-09 0 0 -5.1365039886e-09 0 0 -5.1365039886e-09 
0 0 -5.1365039886e-09 0 0 -5.1365039886e-09 0 0 -5.1365039886e-09 
6.6779300568e-11 1.1751060102e-10 -1.1814462791e-08 0 0 -5.1365039886e-09 0 0 -5.1365039886e-09 
0 0 -5.1365039886e-09 2.0559686766e-12 -8.361046105e-12 1.4455591485e-11 0 0 -5.1365039886e-09 
0 0 -5.1365039886e-09 2.68814789e-07 3.6718459194e-07 2.1937165521e-07 0 0 -5.1365039886e-09 
0 0 -5.1365039886e-09 0 0 -5.1365039886e-09 3.8248619239e-08 -1.8772312613e-09 3.385373005e-08 
0 0 -5.1365039886e-09 0 0 -5.1365039886e-09 0 0 -5.1365039886e-09 
4.3796916767e-08 -4.5687189716e-08 -3.0300832088e-08 0 0 -5.1365039886e-09 0 0 -5.1365039886e-09 
-1.7173762412e-16 -4.0646197345e-15 -1.4987930968e-11 -2.8786128646e-11 5.9127314217e-11 7.8477833597e-11 -1.8696623329e-10 -5.9968436006e-11 -8.318933769e-10 
0 0 -5.1365039886e-09 0 0 -5.1365039886e-09 0 0 -5.1365039886e-09 
0 0 -5.1365039886e-09 4.4792336669e-11 5.3685988164e-11 1.8267640476e-08 -1.6375629151e-12 5.2176240894e-12 6.5904400079e-11 
0 0 -5.1365039886e-09 -1.8483940689e-07 1.0848623635e-08 -1.1705500837e-07 0 0 -5.1365039886e-09 
0 0 -5.1365039886e-09 2.6984807067e-07 -8.8295134439e-08 1.1831584663e-07 0 0 -5.1365039886e-09 
0 0 -5.1365039886e-09 0 0 -5.1365039886e-09 2.3462709157e-07 -3.9274673322e-08 1.8862836036e-08 
0 0 -5.1365039886e-09 -1.6464385851e-07 4.2596058545e-08 -1.5244823529e-07 0 0 -5.1365039886e-09 
8.2511584976e-09 6.23851025e-09 6.3549553262e-09 -1.1725061026e-13 1.3860161391e-13 -1.5562877864e-13 0 0 -5.1365039886e-09 
0 0 -5.1365039886e-09 0 0 -5.1365039886e-09 -3.7872601123e-08 1.035425051e-08 9.7047440788e-09 
1.6751342476e-08 -1.0002500613e-08 -1.6799943172e-08 -2.7369367623e-12 4.7923470747e-13 1.8475531562e-09 -9.5058693228e-10 -4.6938204311e-10 1.6081799431e-08 
2.2612655224e-12 -3.0173921087e-13 -2.3391818218e-09 -1.7434666798e-07 1.7730108949e-08 3.3521995631e-08 -6.0725620043e-09 2.0417185058e-09 -4.7413974287e-09 
-7.0352974961e-10 1.7647798264e-09 1.2823014825e-08 0 0 -5.1365039886e-09 0 0 -5.1365039886e-09 
0 0 -5.1365039886e-09 0 0 -5.1365039886e-09 0 0 -5.1365039886e-09 
0 0 -5.1365039886e-09 0 0 -5.1365039886e-09 0 0 -5.1365039886e-09 
0 0 -5.1365039886e-09 0 0 -5.1365039886e-09 0 0 -5.1365039886e-09 
0 0 -5.1365039886e-09 0 0 -5.1365039886e-09 0 0 -5.1365039886e-09 
0 0 -5.1365039886e-09 0 0 -5.1365039886e-09 0 0 -5.1365039886e-09 
0 0 -5.1365039886e-09 0 0 -5.1365039886e-09 0 0 -5.1365039886e-09 
0 0 -5.1365039886e-09 8.2364680126e-13 -4.12422917e-13 -2.8680777433e-12 -6.4474046206e-11 -1.9110826269e-10 -2.281583363e-09 
-2.9115003964e-10 -9.5969517598e-11 -1.0154373873e-09 -1.3262470327e-07 -2.321416431e-08 -8.5456794167e-08 -2.4091338191e-13 -1.3377477294e-13 -4.0722532022e-12 
9.1370818247e-13 6.2872851456e-13 -4.0443301244e-12 0 0 -5.1365039886e-09 0 0 -5.1365039886e-09 
2.7511630127e-18 7.6859769634e-18 2.4118453198e-15 -1.1237011155e-08 -4.5956621061e-08 -1.5417232366e-07 0 0 -5.1365039886e-09 
0 0 -5.1365039886e-09 1.1237011155e-08 4.5956621061e-08 1.4389931568e-07 0 0 -5.1365039886e-09 
0 0 -5.1365039886e-09 0 0 -5.1365039886e-09 -1.7744062143e-07 -2.0288219613e-07 5.2380851004e-07 
0 0 -5.1365039886e-09 0 0 -5.1365039886e-09 1.7744062143e-07 2.0288219613e-07 -5.3408151801e-07 
1.3262470327e-07 2.321416431e-08 7.518378619e-08 3.0346834475e-11 4.2027859516e-10 -1.366897741e-09 0 0 -5.1365039886e-09 
0 0 -5.1365039886e-09 0 0 -5.1365039886e-09 0 0 -5.1365039886e-09 
-1.1673604791e-14 1.0689779411e-13 -4.4241629117e-12 -4.6908796914e-09 -1.8160727943e-09 -1.3121756086e-08 -7.616600926e-08 -1.0140069755e-07 -5.1227960753e-08 
4.0547028846e-08 -1.8497619436e-07 -1.0773674081e-07 -4.0547028846e-08 1.8497619436e-07 9.7463732834e-08 0 0 -5.1365039886e-09 
0 0 -5.1365039886e-09 0 0 -5.1365039886e-09 0 0 -5.1365039886e-09 
0 0 -5.1365039886e-09 0 0 -5.1365039886e-09 0 0 -5.1365039886e-09 
0 0 -5.1365039886e-09 -4.5286014088e-11 -9.5575421194e-11 2.9659118361e-12 -4.2352193259e-11 7.1489173508e-11 -2.015093584e-09 
6.9736273916e-08 -2.7076736075e-08 -1.0118694811e-08 0 0 -5.1365039886e-09 0 0 -5.1365039886e-09 
2.7539190439e-09 5.7804003993e-10 2.1820046841e-08 2.1569904066e-14 5.0560006485e-14 1.8631581015e-11 1.3954220497e-11 1.406486757e-11 1.7761671995e-09 
7.4324873018e-08 1.3313885868e-07 -1.924640331e-07 0 0 -5.1365039886e-09 -7.4324873018e-08 -1.3313885868e-07 1.8219102513e-07 
0 0 -5.1365039886e-09 0 0 -5.1365039886e-09 0 0 -5.1365039886e-09 
1.5082987395e-08 7.8707677253e-09 -1.0752885385e-07 0 0 -5.1365039886e-09 0 0 -5.1365039886e-09 
5.1110667825e-08 3.0167867245e-08 1.7232174623e-07 0 0 -5.1365039886e-09 0 0 -5.1365039886e-09 
-2.27681419e-09 1.0524320451e-09 5.0340812703e-09 -3.2466457935e-11 1.3008276537e-10 -2.7863632994e-10 0 0 -5.1365039886e-09 
0 0 -5.1365039886e-09 -7.8406519558e-15 -1.4957653172e-15 -2.3329847831e-12 -9.843587469e-09 3.5321139533e-09 1.3442479758e-08 
-7.0626547084e-09 -1.8779642923e-09 3.6277253947e-09 2.7404606667e-14 -1.3986750126e-15 -2.1459180841e-11 0 0 -5.1365039886e-09 
-5.784824145e-09 6.3371475988e-09 -4.0249095063e-09 2.4935219124e-09 -8.7778188117e-10 -5.580686273e-09 0 0 -5.1365039886e-09 
0 0 -5.1365039886e-09 0 0 -5.1365039886e-09 0 0 -5.1365039886e-09 
0 0 -5.1365039886e-09 0 0 -5.1365039886e-09 0 0 -5.1365039886e-09 
0 0 -5.1365039886e-09 0 0 -5.1365039886e-09 0 0 -5.1365039886e-09 
0 0 -5.1365039886e-09 0 0 -5.1365039886e-09 0 0 -5.1365039886e-09 
0 0 -5.1365039886e-09 0 0 -5.1365039886e-09 0 0 -5.1365039886e-09 
0 0 -5.1365039886e-09 0 0 -5.1365039886e-09 1.9939776512e-07 5.9055500973e-08 1.0666042341e-07 
3.822563925e-10 -1.3412756149e-12 -2.0374777537e-09 -4.4394993442e-10 5.3812683693e-11 3.2394211624e-11 0 0 -5.1365039886e-09 
0 0 -5.1365039886e-09 0 0 -5.1365039886e-09 1.0163953934e-11 3.8722843291e-12 -1.0501293574e-11 
-1.040798929e-11 -1.349251494e-12 -7.2744483836e-12 -2.0147747403e-12 -1.7598732801e-12 -1.3402103437e-11 0 0 -5.1365039886e-09 
0 0 -5.1365039886e-09 -1.0942551119e-12 -3.4042510889e-11 -6.3868624357e-09 5.7171885276e-07 1.9209778632e-07 2.7437238142e-07 
0 0 -5.1365039886e-09 0 0 -5.1365039886e-09 0 0 -5.1365039886e-09 
0 0 -5.1365039886e-09 0 0 -5.1365039886e-09 0 0 -5.1365039886e-09 
0 0 -5.1365039886e-09 4.4379628429e-12 7.1499618639e-12 -2.2132311084e-11 0 0 -5.1365039886e-09 
5.6602606716e-13 2.1241102146e-11 7.3472298448e-11 -1.5670260902e-07 2.2739513805e-08 -2.8786092003e-08 0 0 -5.1365039886e-09 
0 0 -5.1365039886e-09 0 0 -5.1365039886e-09 0 0 -5.1365039886e-09 
0 0 -5.1365039886e-09 1.5670260902e-07 -2.2739513805e-08 1.8513084025e-08 0 0 -5.1365039886e-09 
0 0 -5.1365039886e-09 0 0 -5.1365039886e-09 0 0 -5.1365039886e-09 
0 0 -5.1365039886e-09 0 0 -5.1365039886e-09 0 0 -5.1365039886e-09 
0 0 -5.1365039886e-09 0 0 -5.1365039886e-09 4.3827644205e-11 -7.1678723552e-10 8.6601982742e-10 
0 0 -5.1365039886e-09 0 0 -5.1365039886e-09 0 0 -5.1365039886e-09 
0 0 -5.1365039886e-09 -4.2377500164e-12 -9.7714974133e-12 -1.5175664447e-09 8.0856888952e-08 1.0321677035e-07 4.8940204873e-08 
-1.154718932e-07 1.0641568559e-07 9.4179524345e-08 2.1737024497e-07 -1.9479700348e-07 -3.8411643837e-08 0 0 -5.1365039886e-09 
-1.5082987395e-08 -7.8707677253e-09 9.7255845869e-08 -1.1969842538e-07 8.864317911e-09 1.2063074567e-08 1.1969842538e-07 -8.864317911e-09 -2.2336082544e-08 
0 0 -5.1365039886e-09 0 0 -5.1365039886e-09 0 0 -5.1365039886e-09 
0 0 -5.1365039886e-09 8.1901932664e-11 -7.9905447493e-11 3.0737803034e-10 1.3186078569e-10 -2.3735366933e-10 -7.3852776833e-10 
-3.556163892e-11 1.1199576398e-10 2.8060125456e-11 0 0 -5.1365039886e-09 -6.3452936695e-09 -4.4949005394e-09 -3.6849068822e-08 
-1.9210171772e-08 -3.2076619895e-08 8.595352952e-10 1.4158615438e-08 3.6557702229e-09 5.1771350367e-08 1.3552527156e-20 -8.1315162936e-20 -1.2705494209e-21 
4.7376789969e-09 1.9916000882e-08 -2.1439102958e-08 -2.8693219794e-11 1.3831010068e-11 -3.9243546867e-10 -2.278775584e-13 4.6299335893e-14 -1.7151114925e-11 
0 0 -5.1365039886e-09 0 0 -5.1365039886e-09 0 0 -5.1365039886e-09 
0 0 -5.1365039886e-09 0 0 -5.1365039886e-09 0 0 -5.1365039886e-09 
0 0 -5.1365039886e-09 0 0 -5.1365039886e-09 0 0 -5.1365039886e-09 
0 0 -5.1365039886e-09 0 0 -5.1365039886e-09 0 0 -5.1365039886e-09 
0 0 -5.1365039886e-09 0 0 -5.1365039886e-09 0 0 -5.1365039886e-09 
0 0 -5.1365039886e-09 0 0 -5.1365039886e-09 0 0 -5.1365039886e-09 
0 0 -5.1365039886e-09 0 0 -5.1365039886e-09 0 0 -5.1365039886e-09 
0 0 -5.1365039886e-09 0 0 -5.1365039886e-09 0 0 -5.1365039886e-09 
0 0 -5.1365039886e-09 -1.3488999685e-19 9.4867690092e-20 2.3565025693e-17 5.6433738372e-09 1.5650307054e-09 -4.8343993589e-09 
1.3319958885e-09 -9.9491633801e-09 -1.146188065e-08 1.2489985973e-07 -2.6178057211e-07 -3.537271744e-07 8.0303657432e-10 -4.507925012e-11 -7.2490470179e-08 
0 0 -5.1365039886e-09 -4.7951205615e-11 -4.8478525664e-11 -5.850094619e-11 -9.3280920568e-09 2.4528976486e-08 1.0222335317e-09 
-9.3363027497e-11 -3.3387233787e-11 2.1054291205e-10 0 0 -5.1365039886e-09 -1.9053065603e-13 -4.321709955e-13 8.0386430161e-10 
-1.2002627048e-08 6.7496174307e-08 1.9908191261e-08 0 0 -5.1365039886e-09 0 0 -5.1365039886e-09 
0 0 -5.1365039886e-09 0 0 -5.1365039886e-09 0 0 -5.1365039886e-09 
0 0 -5.1365039886e-09 -1.526511564e-07 -2.292567918e-07 -1.0785344538e-07 0 0 -5.1365039886e-09 
0 0 -5.1365039886e-09 0 0 -5.1365039886e-09 -4.9790053467e-08 -6.846399583e-08 3.0739293355e-08 
1.3995905043e-07 -3.4666172851e-08 -8.6029453754e-09 0 0 -5.1365039886e-09 -1.0774464003e-12 -1.5588842324e-11 5.0969225958e-11 
-1.2447699538e-08 6.5210074601e-09 -2.6092340153e-09 0 0 -5.1365039886e-09 0 0 -5.1365039886e-09 
0 0 -5.1365039886e-09 0 0 -5.1365039886e-09 0 0 -5.1365039886e-09 
0 0 -5.1365039886e-09 0 0 -5.1365039886e-09 -1.1251589004e-07 -5.9813468816e-08 -3.8713506548e-07 
1.526511564e-07 2.292567918e-07 9.7580437407e-08 0 0 -5.1365039886e-09 0 0 -5.1365039886e-09 
-7.9839208853e-07 -6.973567349e-08 -8.6869818159e-08 -7.5498192187e-07 4.893545389e-07 5.3721388291e-07 -6.6109891336e-08 1.107981406e-07 1.6036139613e-08 
4.3876306668e-19 -2.456395547e-19 -9.105604183e-20 0 0 -5.1365039886e-09 0 0 -5.1365039886e-09 
0 0 -5.1365039886e-09 8.6111369771e-13 5.353736531e-12 1.6561170748e-09 5.8345998551e-11 7.2671308153e-11 1.2291649218e-10 
0 0 -5.1365039886e-09 0 0 -5.1365039886e-09 0 0 -5.1365039886e-09 
0 0 -5.1365039886e-09 0 0 -5.1365039886e-09 -3.7840417723e-07 -8.7191984273e-08 -3.2466339138e-07 
7.219725365e-08 -7.4954508634e-08 9.8894881379e-08 0 0 -5.1365039886e-09 0 0 -5.1365039886e-09 
1.5125754e-08 1.2923021983e-07 -1.6666356326e-07 0 0 -5.1365039886e-09 3.7840417723e-07 8.7191984273e-08 3.143903834e-07 
-2.6732346206e-07 -3.4787157619e-07 -6.0773132247e-08 -4.3495741655e-09 4.4781432168e-10 6.6487550728e-09 -7.5147743234e-09 8.5834591256e-09 1.7340051364e-08 
-1.1538391688e-08 -1.4088860003e-08 1.1943575824e-08 0 0 -5.1365039886e-09 0 0 -5.1365039886e-09 
0 0 -5.1365039886e-09 0 0 -5.1365039886e-09 0 0 -5.1365039886e-09 
4.3760381549e-11 -4.2681822866e-11 -2.2915353848e-10 2.1359475007e-11 7.8481508401e-12 7.2926970132e-09 9.7983801632e-10 -7.7466421385e-10 1.435013285e-09 
0 0 -5.1365039886e-09 6.6555082355e-11 -9.4242127123e-13 8.0853161109e-11 3.3429049607e-11 -1.566302055e-11 3.4348722627e-10 
0 0 -5.1365039886e-09 0 0 -5.1365039886e-09 0 0 -5.1365039886e-09 
0 0 -5.1365039886e-09 0 0 -5.1365039886e-09 0 0 -5.1365039886e-09 
0 0 -5.1365039886e-09 0 0 -5.1365039886e-09 0 0 -5.1365039886e-09 
0 0 -5.1365039886e-09 0 0 -5.1365039886e-09 0 0 -5.1365039886e-09 
0 0 -5.1365039886e-09 0 0 -5.1365039886e-09 0 0 -5.1365039886e-09 
0 0 -5.1365039886e-09 0 0 -5.1365039886e-09 0 0 -5.1365039886e-09 
0 0 -5.1365039886e-09 1.7364175419e-20 3.059906522e-20 -1.3667091671e-21 -1.1802781083e-11 8.132834548e-12 7.5605036453e-12 
-3.6051291934e-09 -8.478246049e-10 -8.4116099416e-10 -5.4607455417e-08 2.6940569e-07 3.893768795e-07 4.792973192e-09 1.5587586541e-09 -3.1928008877e-09 
0 0 -5.1365039886e-09 3.5223648109e-11 3.9896863807e-11 2.243897817e-10 0 0 -5.1365039886e-09 
0 0 -5.1365039886e-09 0 0 -5.1365039886e-09 0 0 -5.1365039886e-09 
0 0 -5.1365039886e-09 -6.8406432768e-09 -5.9842268522e-08 -8.5869022531e-09 0 0 -5.1365039886e-09 
0 0 -5.1365039886e-09 1.1242521977e-07 -1.326500002e-07 -1.980040714e-08 -2.2866312329e-07 3.186346019e-07 -4.3048592942e-07 
0 0 -5.1365039886e-09 -8.2995878954e-08 1.0047049017e-07 4.6084503874e-08 0 0 -5.1365039886e-09 
0 0 -5.1365039886e-09 0 0 -5.1365039886e-09 0 0 -5.1365039886e-09 
-4.5339732924e-08 -7.7245631796e-08 -2.410595175e-08 2.8867682442e-12 2.4566587913e-12 -7.4590943397e-10 -1.3414150433e-13 -4.5247166474e-13 1.2088019388e-13 
0 0 -5.1365039886e-09 0 0 -5.1365039886e-09 8.6240042885e-14 -1.630687176e-12 4.1331636396e-13 
-3.9093835542e-07 -9.9182503878e-08 -2.158418142e-07 0 0 -5.1365039886e-09 0 0 -5.1365039886e-09 
3.9093835542e-07 9.9182503878e-08 2.0556880622e-07 0 0 -5.1365039886e-09 1.1251589004e-07 5.9813468816e-08 3.768620575e-07 
0 0 -5.1365039886e-09 0 0 -5.1365039886e-09 0 0 -5.1365039886e-09 
-3.6790811985e-07 -5.3792594866e-07 5.4319970515e-07 0 0 -5.1365039886e-09 0 0 -5.1365039886e-09 
1.2160902618e-06 6.7612561798e-07 -5.076151963e-07 2.4405882182e-14 6.4498360537e-14 4.1303858777e-13 -1.0121760147e-11 1.0080360751e-10 7.5034972661e-11 
0 0 -5.1365039886e-09 0 0 -5.1365039886e-09 0 0 -5.1365039886e-09 
0 0 -5.1365039886e-09 -3.0391281939e-13 -7.5921894097e-13 -1.3388774884e-12 -3.3294150151e-08 1.5789685067e-08 -3.9251780621e-08 
8.0505724699e-14 4.0076365078e-13 6.5417370676e-12 0 0 -5.1365039886e-09 0 0 -5.1365039886e-09 
0 0 -5.1365039886e-09 0 0 -5.1365039886e-09 0 0 -5.1365039886e-09 
2.681504024e-09 1.6860530259e-08 2.1202421127e-08 0 0 -5.1365039886e-09 2.5219770806e-07 2.1864135636e-07 2.1202718354e-07 
0 0 -5.1365039886e-09 0 0 -5.1365039886e-09 0 0 -5.1365039886e-09 
0 0 -5.1365039886e-09 3.4279432591e-12 9.5974446841e-11 2.1171072979e-11 0 0 -5.1365039886e-09 
0 0 -5.1365039886e-09 0 0 -5.1365039886e-09 0 0 -5.1365039886e-09 
2.2449514079e-10 3.6694917721e-11 2.6677309973e-10 -3.9643404445e-11 1.9988767043e-11 1.1417652951e-10 3.8589380989e-11 -1.2646829439e-11 1.3877935384e-10 
2.5098536174e-08 -6.246645111e-08 4.8135199512e-08 -1.2211590369e-10 1.9885084952e-11 7.9799707166e-11 0 0 -5.1365039886e-09 
-1.1805704873e-10 1.0551757059e-11 1.2516531747e-10 5.404117903e-11 1.6256349516e-10 -1.8294631429e-10 0 0 -5.1365039886e-09 
0 0 -5.1365039886e-09 0 0 -5.1365039886e-09 0 0 -5.1365039886e-09 
0 0 -5.1365039886e-09 0 0 -5.1365039886e-09 0 0 -5.1365039886e-09 
0 0 -5.1365039886e-09 0 0 -5.1365039886e-09 0 0 -5.1365039886e-09 
0 0 -5.1365039886e-09 0 0 -5.1365039886e-09 0 0 -5.1365039886e-09 
0 0 -5.1365039886e-09 0 0 -5.1365039886e-09 0 0 -5.1365039886e-09 
0 0 -5.1365039886e-09 0 0 -5.1365039886e-09 1.0305439363e-11 -6.5707459141e-12 1.5289006543e-09 
-5.5624873414e-11 2.3378946131e-11 1.5183875279e-08 -6.8955721124e-12 1.3409859161e-12 -3.8215615849e-08 2.2494837315e-10 2.0600636715e-09 -2.0647043927e-09 
-2.2249578075e-09 7.8740782118e-10 6.5182746246e-10 2.2982345671e-10 -1.6490419945e-10 6.7292624037e-10 0 0 -5.1365039886e-09 
-1.8010831541e-12 3.9280640372e-12 -9.0272073467e-12 6.0829758114e-12 -4.8041839218e-12 3.5214197955e-11 0 0 -5.1365039886e-09 
0 0 -5.1365039886e-09 1.1623790352e-07 -1.8598460169e-07 4.3487682459e-07 0 0 -5.1365039886e-09 
0 0 -5.1365039886e-09 0 0 -5.1365039886e-09 0 0 -5.1365039886e-09 
0 0 -5.1365039886e-09 0 0 -5.1365039886e-09 0 0 -5.1365039886e-09 
0 0 -5.1365039886e-09 0 0 -5.1365039886e-09 0 0 -5.1365039886e-09 
0 0 -5.1365039886e-09 7.3871681341e-14 4.1727843511e-13 5.153338454e-13 -2.168404345e-19 1.6263032587e-19 -1.7109774367e-16 
0 0 -5.1365039886e-09 0 0 -5.1365039886e-09 -4.8916201222e-12 -1.2477058191e-10 -3.1840817591e-10 
6.3998285837e-15 1.7776226708e-12 -5.4172001578e-12 0 0 -5.1365039886e-09 0 0 -5.1365039886e-09 
0 0 -5.1365039886e-09 0 0 -5.1365039886e-09 0 0 -5.1365039886e-09 
0 0 -5.1365039886e-09 0 0 -5.1365039886e-09 0 0 -5.1365039886e-09 
0 0 -5.1365039886e-09 0 0 -5.1365039886e-09 0 0 -5.1365039886e-09 
3.245496428e-12 -6.0909605762e-11 -7.9770987203e-11 -8.8334062287e-11 1.1010101183e-10 -2.599005991e-11 0 0 -5.1365039886e-09 
0 0 -5.1365039886e-09 0 0 -5.1365039886e-09 0 0 -5.1365039886e-09 
2.0164956944e-13 3.9809328794e-13 -8.371850017e-13 0 0 -5.1365039886e-09 0 0 -5.1365039886e-09 
0 0 -5.1365039886e-09 0 0 -5.1365039886e-09 0 0 -5.1365039886e-09 
0 0 -5.1365039886e-09 0 0 -5.1365039886e-09 0 0 -5.1365039886e-09 
0 0 -5.1365039886e-09 0 0 -5.1365039886e-09 0 0 -5.1365039886e-09 
0 0 -5.1365039886e-09 -1.4708238453e-09 1.7084794138e-09 6.2267047982e-09 -3.0605409429e-11 -9.2642304418e-12 -2.6742205679e-11 
0 0 -5.1365039886e-09 0 0 -5.1365039886e-09 0 0 -5.1365039886e-09 
0 0 -5.1365039886e-09 1.7902646465e-10 4.9833435291e-10 2.0340221281e-09 -4.7068685755e-14 -2.7726215421e-13 4.2576498414e-10 
3.0368385989e-09 2.8570835525e-09 -9.8755745201e-09 0 0 -5.1365039886e-09 4.0134266527e-07 1.8385734495e-07 -1.7793713881e-07 
2.6759061872e-11 -1.8456708872e-11 -4.4943997098e-11 0 0 -5.1365039886e-09 0 0 -5.1365039886e-09 
0 0 -5.1365039886e-09 0 0 -5.1365039886e-09 0 0 -5.1365039886e-09 
0 0 -5.1365039886e-09 0 0 -5.1365039886e-09 0 0 -5.1365039886e-09 
0 0 -5.1365039886e-09 0 0 -5.1365039886e-09 0 0 -5.1365039886e-09 
0 0 -5.1365039886e-09 0 0 -5.1365039886e-09 0 0 -5.1365039886e-09 
0 0 -5.1365039886e-09 0 0 -5.1365039886e-09 0 0 -5.1365039886e-09 
0 0 -5.1365039886e-09 0 0 -5.1365039886e-09 0 0 -5.1365039886e-09 
0 0 -5.1365039886e-09 2.9430559552e-14 -2.1486447604e-14 2.0868119041e-13 -3.5488068128e-10 5.3896379257e-09 -2.8581876842e-09 
3.7877573671e-08 1.6576798244e-08 1.7246152525e-08 -3.0554657288e-09 -1.1399339084e-09 1.4212085444e-08 -8.1288255749e-12 -8.0661945764e-12 -8.0378950024e-12 
0 0 -5.1365039886e-09 0 0 -5.1365039886e-09 -5.157099113e-14 1.0860173641e-14 -7.3840640083e-13 
0 0 -5.1365039886e-09 0 0 -5.1365039886e-09 0 0 -5.1365039886e-09 
0 0 -5.1365039886e-09 0 0 -5.1365039886e-09 0 0 -5.1365039886e-09 
0 0 -5.1365039886e-09 0 0 -5.1365039886e-09 0 0 -5.1365039886e-09 
-1.1899699985e-07 -4.3969093027e-07 -5.6466907303e-08 0 0 -5.1365039886e-09 1.1899699985e-07 4.3969093027e-07 4.6193899326e-08 
7.2135605523e-08 2.925249802e-09 -9.4230607457e-08 -1.366224164e-13 -4.0223080671e-13 2.3495400986e-12 0 0 -5.1365039886e-09 
-1.4195124026e-12 1.7743184821e-10 -5.1412647216e-10 3.1387959303e-08 -1.2654079232e-08 2.4909138811e-08 0 0 -5.1365039886e-09 
0 0 -5.1365039886e-09 0 0 -5.1365039886e-09 0 0 -5.1365039886e-09 
0 0 -5.1365039886e-09 0 0 -5.1365039886e-09 0 0 -5.1365039886e-09 
5.2633945504e-09 -9.7348972757e-09 -3.1691524211e-08 0 0 -5.1365039886e-09 -5.2633945504e-09 9.7348972757e-09 2.1418516233e-08 
0 0 -5.1365039886e-09 0 0 -5.1365039886e-09 0 0 -5.1365039886e-09 
3.3629876529e-07 -3.8655190952e-07 -2.7919295641e-07 0 0 -5.1365039886e-09 1.1042045174e-07 -5.1499419484e-08 -1.7875932301e-07 
2.411546276e-07 -4.3570121727e-08 9.5731554669e-08 -6.8773628936e-11 2.2524716784e-10 8.1173379806e-11 0 0 -5.1365039886e-09 
0 0 -5.1365039886e-09 0 0 -5.1365039886e-09 0 0 -5.1365039886e-09 
-3.4727298181e-08 7.7701094795e-08 -4.2635430875e-08 -6.6771588259e-13 -1.1010599984e-12 6.4877754376e-10 2.7084714394e-08 -2.3402393506e-09 -3.580291941e-08 
7.5590362361e-07 4.3387038859e-07 -2.995839006e-07 -1.1572462889e-06 -6.1772773353e-07 4.6211152744e-07 0 0 -5.1365039886e-09 
0 0 -5.1365039886e-09 0 0 -5.1365039886e-09 0 0 -5.1365039886e-09 
-1.5580520694e-08 -2.7980714193e-07 5.3813472744e-08 0 0 -5.1365039886e-09 0 0 -5.1365039886e-09 
0 0 -5.1365039886e-09 8.682227707e-11 -1.7500852993e-10 1.4377272467e-10 -7.6708391115e-10 2.7703913461e-09 2.6362630002e-09 
0 0 -5.1365039886e-09 0 0 -5.1365039886e-09 0 0 -5.1365039886e-09 
0 0 -5.1365039886e-09 0 0 -5.1365039886e-09 3.3985042984e-09 -1.6484239469e-09 2.522723079e-09 
-8.7230266814e-10 -1.1836407321e-10 -6.713242269e-10 -2.25707372e-09 5.1972928901e-10 1.0794219581e-09 2.7004923592e-08 2.0576420706e-08 9.1535706935e-09 
9.5718366396e-09 2.0200493483e-07 -1.3019953927e-08 -2.882113504e-11 1.1833742645e-11 -2.3369510291e-09 -4.8791841551e-10 2.8331990264e-11 5.1463060215e-10 
0 0 -5.1365039886e-09 0 0 -5.1365039886e-09 0 0 -5.1365039886e-09 
0 0 -5.1365039886e-09 0 0 -5.1365039886e-09 0 0 -5.1365039886e-09 
0 0 -5.1365039886e-09 0 0 -5.1365039886e-09 0 0 -5.1365039886e-09 
0 0 -5.1365039886e-09 0 0 -5.1365039886e-09 0 0 -5.1365039886e-09 
0 0 -5.1365039886e-09 0 0 -5.1365039886e-09 1.7735509093e-09 3.4645163611e-09 -2.1984052157e-09 
-4.8600980833e-08 -7.0610867014e-08 -3.5228268179e-08 0 0 -5.1365039886e-09 0 0 -5.1365039886e-09 
1.5923229554e-08 -2.0286998607e-08 -1.47539024e-08 -2.6639867748e-12 -1.4037345505e-12 -6.0857729181e-10 0 0 -5.1365039886e-09 
0 0 -5.1365039886e-09 9.3530572176e-11 -1.3174081368e-10 -3.1853811429e-08 4.2734262309e-14 3.7956291755e-15 -3.6858508172e-13 
-1.038750249e-11 2.7673784813e-11 8.1230234052e-09 0 0 -5.1365039886e-09 0 0 -5.1365039886e-09 
4.6041250327e-08 4.0559309804e-07 8.2576979019e-08 0 0 -5.1365039886e-09 0 0 -5.1365039886e-09 
0 0 -5.1365039886e-09 0 0 -5.1365039886e-09 0 0 -5.1365039886e-09 
0 0 -5.1365039886e-09 0 0 -5.1365039886e-09 2.0951339622e-13 6.2303683263e-13 -2.1524428146e-12 
-3.5997372846e-14 -1.9036777498e-14 -1.2276149598e-13 0 0 -5.1365039886e-09 0 0 -5.1365039886e-09 
0 0 -5.1365039886e-09 2.2753578774e-10 3.9885166591e-11 -1.2059746736e-09 0 0 -5.1365039886e-09 
4.1613057534e-08 -1.1685022235e-07 -3.5914949493e-07 0 0 -5.1365039886e-09 0 0 -5.1365039886e-09 
0 0 -5.1365039886e-09 0 0 -5.1365039886e-09 0 0 -5.1365039886e-09 
0 0 -5.1365039886e-09 -4.4671921703e-07 4.3805132901e-07 4.4254276746e-07 0 0 -5.1365039886e-09 
0 0 -5.1365039886e-09 -1.239768087e-06 -1.2589104602e-07 2.0145584712e-07 7.1893637799e-11 -3.6768160601e-10 1.9705150586e-10 
-1.0176770187e-07 1.761358317e-07 1.9599329033e-07 0 0 -5.1365039886e-09 0 0 -5.1365039886e-09 
6.4715309223e-09 -5.494344162e-09 5.1225986705e-09 1.0973307224e-12 3.6208232051e-12 6.4373301108e-11 7.3130539766e-10 -6.8535979331e-11 3.8808282084e-09 
-1.390623868e-07 -9.7171510781e-08 3.4414533602e-08 1.390623868e-07 9.7171510781e-08 -4.4687541579e-08 0 0 -5.1365039886e-09 
0 0 -5.1365039886e-09 -7.6487136469e-08 -2.4924995964e-07 3.5283055192e-08 7.6487136469e-08 2.4924995964e-07 -4.5556063169e-08 
0 0 -5.1365039886e-09 -5.0746682119e-10 -4.1524789733e-09 -3.382784789e-09 0 0 -5.1365039886e-09 
8.8407476679e-11 -3.4603517749e-10 1.7431803512e-11 -4.8637110398e-10 -3.8288102116e-10 9.8789242577e-11 0 0 -5.1365039886e-09 
0 0 -5.1365039886e-09 0 0 -5.1365039886e-09 0 0 -5.1365039886e-09 
0 0 -5.1365039886e-09 -2.8758555921e-11 -2.2048285181e-11 -8.2112096433e-11 5.9903741472e-11 2.8424246355e-11 -9.3557036964e-11 
4.8075502929e-10 6.2850471307e-09 -2.8121386695e-09 0 0 -5.1365039886e-09 8.3704408925e-09 1.5175340657e-08 -4.0915327129e-09 
1.1865479855e-09 -8.3408128684e-10 -4.9362135564e-10 1.9596337524e-08 -1.2856943537e-08 -4.785109967e-09 -3.2886385536e-13 1.0041438709e-13 -1.2457458729e-10 
1.1151968268e-08 4.9255240575e-09 2.6033259e-09 0 0 -5.1365039886e-09 0 0 -5.1365039886e-09 
0 0 -5.1365039886e-09 0 0 -5.1365039886e-09 0 0 -5.1365039886e-09 
0 0 -5.1365039886e-09 0 0 -5.1365039886e-09 0 0 -5.1365039886e-09 
0 0 -5.1365039886e-09 0 0 -5.1365039886e-09 0 0 -5.1365039886e-09 
-3.3336103503e-10 8.998071581e-11 4.7687484484e-10 1.3808685505e-13 -8.2930420886e-14 -2.097025355e-14 -3.6394257372e-10 1.6302568735e-10 -2.2039233659e-09 
4.2622706852e-10 -3.6607867562e-10 -5.4202381765e-09 -5.5434986415e-11 1.0083837747e-10 -5.8774101731e-10 -1.2591119548e-09 -3.2244288787e-10 -1.3228342954e-09 
7.5571800608e-12 2.791703419e-12 9.461441129e-11 5.4210108624e-20 0 1.6940658945e-20 2.9329533593e-13 2.1624986957e-13 9.7494630345e-13 
0 0 -5.1365039886e-09 0 0 -5.1365039886e-09 -1.1354814116e-13 -2.3109532137e-14 2.4148315307e-10 
0 0 -5.1365039886e-09 0 0 -5.1365039886e-09 0 0 -5.1365039886e-09 
0 0 -5.1365039886e-09 0 0 -5.1365039886e-09 0 0 -5.1365039886e-09 
-7.0073266613e-07 -2.0720055216e-07 -2.9631088679e-08 7.0073266613e-07 2.0720055216e-07 1.9358080702e-08 0 0 -5.1365039886e-09 
1.9722696523e-07 1.0214077069e-07 -2.4137398004e-07 -7.791216645e-08 -8.757115651e-08 -1.9395587582e-07 0 0 -5.1365039886e-09 
7.791216645e-08 8.757115651e-08 1.8368286784e-07 0 0 -5.1365039886e-09 0 0 -5.1365039886e-09 
-2.8090938636e-10 9.2362386104e-11 1.8568400864e-10 1.5164502683e-13 3.7219438143e-13 3.6790184885e-13 0 0 -5.1365039886e-09 
0 0 -5.1365039886e-09 0 0 -5.1365039886e-09 -1.6269983725e-08 -2.6134130052e-08 -3.9725994746e-09 
3.4076250881e-10 2.1785558679e-09 -1.3722558113e-10 0 0 -5.1365039886e-09 0 0 -5.1365039886e-09 
0 0 -5.1365039886e-09 0 0 -5.1365039886e-09 0 0 -5.1365039886e-09 
0 0 -5.1365039886e-09 0 0 -5.1365039886e-09 0 0 -5.1365039886e-09 
0 0 -5.1365039886e-09 0 0 -5.1365039886e-09 0 0 -5.1365039886e-09 
1.9723986218e-07 -1.4188289839e-07 -2.0482032412e-07 0 0 -5.1365039886e-09 -1.4639075043e-10 7.9400586888e-10 -6.1401025991e-10 
0 0 -5.1365039886e-09 0 0 -5.1365039886e-09 0 0 -5.1365039886e-09 
-5.6031735241e-12 -6.5872487586e-12 -1.1056510205e-09 5.505915461e-11 -9.0191302454e-10 -4.6403506372e-09 -4.1613057534e-08 1.1685022235e-07 3.4887648696e-07 
0 0 -5.1365039886e-09 0 0 -5.1365039886e-09 0 0 -5.1365039886e-09 
0 0 -5.1365039886e-09 0 0 -5.1365039886e-09 0 0 -5.1365039886e-09 
0 0 -5.1365039886e-09 0 0 -5.1365039886e-09 0 0 -5.1365039886e-09 
0 0 -5.1365039886e-09 0 0 -5.1365039886e-09 0 0 -5.1365039886e-09 
5.7821083248e-08 1.1135884137e-07 -1.4698756179e-07 -2.948551776e-13 6.4502163376e-13 -2.9002601067e-11 0 0 -5.1365039886e-09 
0 0 -5.1365039886e-09 0 0 -5.1365039886e-09 6.5854172151e-09 2.9678566853e-09 3.5909049079e-08 
-2.0582237629e-11 -1.2426025053e-11 1.0275848546e-10 -3.1852288048e-08 4.4667481591e-08 5.0186592946e-08 0 0 -5.1365039886e-09 
9.1273061158e-13 -8.8643762469e-13 5.0189379003e-13 8.0645668095e-16 -1.1464795923e-14 1.3896890451e-11 7.9184279386e-11 -5.1531375738e-12 -2.5247292041e-10 
-1.0385930581e-10 1.001680299e-10 -1.2661628542e-10 0 0 -5.1365039886e-09 0 0 -5.1365039886e-09 
0 0 -5.1365039886e-09 0 0 -5.1365039886e-09 0 0 -5.1365039886e-09 
0 0 -5.1365039886e-09 0 0 -5.1365039886e-09 0 0 -5.1365039886e-09 
0 0 -5.1365039886e-09 0 0 -5.1365039886e-09 0 0 -5.1365039886e-09 
0 0 -5.1365039886e-09 0 0 -5.1365039886e-09 0 0 -5.1365039886e-09 
0 0 -5.1365039886e-09 0 0 -5.1365039886e-09 0 0 -5.1365039886e-09 
-3.6449787416e-13 2.1459819598e-13 -4.1724288641e-13 2.7603868627e-14 6.9100432841e-14 -6.3120473386e-12 0 0 -5.1365039886e-09 
0 0 -5.1365039886e-09 -1.9741635627e-12 3.5381144087e-12 -1.0835762759e-11 -5.7059925452e-08 -2.3797341559e-08 -9.4210713779e-08 
0 0 -5.1365039886e-09 0 0 -5.1365039886e-09 2.5811117604e-10 8.0343467786e-11 -1.0277038201e-08 
-4.5842703641e-10 1.1094528022e-07 5.7429154325e-09 4.5842703641e-10 -1.1094528022e-07 -1.601592341e-08 0 0 -5.1365039886e-09 
0 0 -5.1365039886e-09 0 0 -5.1365039886e-09 -1.9722696523e-07 -1.0214077069e-07 2.3110097207e-07 
0 0 -5.1365039886e-09 0 0 -5.1365039886e-09 0 0 -5.1365039886e-09 
0 0 -5.1365039886e-09 3.1835147582e-12 -1.575453979e-11 -8.2169774753e-12 1.9971922879e-11 3.818553362e-11 -4.5810885697e-11 
0 0 -5.1365039886e-09 0 0 -5.1365039886e-09 0 0 -5.1365039886e-09 
-2.7443404678e-10 -3.8026805096e-10 1.6382433043e-09 -2.6162042287e-08 -2.2105717992e-08 -1.497519379e-08 4.1954412465e-08 3.2636903287e-08 2.8307742452e-08 
0 0 -5.1365039886e-09 0 0 -5.1365039886e-09 0 0 -5.1365039886e-09 
0 0 -5.1365039886e-09 0 0 -5.1365039886e-09 0 0 -5.1365039886e-09 
0 0 -5.1365039886e-09 0 0 -5.1365039886e-09 -1.9723986218e-07 1.4188289839e-07 1.9454731614e-07 
0 0 -5.1365039886e-09 0 0 -5.1365039886e-09 0 -2.0328790734e-20 1.8587868024e-13 
8.9267485114e-11 6.378205467e-11 -3.6865751212e-09 -5.7821083248e-08 -1.1135884137e-07 1.3671455381e-07 0 0 -5.1365039886e-09 
0 0 -5.1365039886e-09 0 0 -5.1365039886e-09 6.4295671651e-13 3.105841322e-13 -1.3889754694e-09 
-1.5182975379e-08 -9.3819783206e-09 -1.9114324733e-08 0 0 -5.1365039886e-09 0 0 -5.1365039886e-09 
0 0 -5.1365039886e-09 0 0 -5.1365039886e-09 0 0 -5.1365039886e-09 
3.0092413929e-07 -5.9562705508e-07 -1.0756220484e-07 0 0 -5.1365039886e-09 0 0 -5.1365039886e-09 
-2.404184695e-07 3.4778507117e-08 1.6748782769e-07 0 0 -5.1365039886e-09 0 0 -5.1365039886e-09 
-9.6406077467e-08 1.2258299687e-08 8.4026266555e-08 0 0 -5.1365039886e-09 0 0 -5.1365039886e-09 
0 0 -5.1365039886e-09 -3.0238306176e-09 -4.1879265184e-09 -1.0254425621e-08 2.2658608411e-09 -2.4511661912e-09 1.4874126992e-08 
5.6070604973e-13 2.4073299777e-13 -8.6095217185e-10 0 0 -5.1365039886e-09 -8.244607995e-09 6.3236954123e-09 -3.2065584387e-09 
-3.0092413929e-07 5.9562705508e-07 9.7289196858e-08 -6.3423074423e-11 3.3237286621e-12 -3.8470384304e-10 2.4471509888e-11 2.7710115019e-13 1.1094024814e-10 
0 0 -5.1365039886e-09 0 0 -5.1365039886e-09 0 0 -5.1365039886e-09 
0 0 -5.1365039886e-09 0 0 -5.1365039886e-09 0 0 -5.1365039886e-09 
0 0 -5.1365039886e-09 0 0 -5.1365039886e-09 0 0 -5.1365039886e-09 
0 0 -5.1365039886e-09 -3.0493186101e-20 -5.4210108624e-20 -1.6940658945e-21 -2.9737129754e-09 -2.3677117069e-09 1.5989191089e-09 
-6.8160229428e-09 3.0213453121e-09 -3.7017840365e-08 -3.1338576482e-13 7.779372849e-14 -4.3557499508e-11 -1.0025229753e-09 -1.0509430565e-11 -1.1846713773e-09 
0 0 -5.1365039886e-09 -2.997336682e-09 1.2503303436e-09 3.503209444e-09 -3.0352042297e-09 -2.8300472148e-09 -3.5427685193e-09 
9.1173667466e-12 -8.4440979599e-12 1.3065884779e-09 1.8973538018e-19 -3.388131789e-21 7.4877712537e-19 0 0 -5.1365039886e-09 
-1.70151341e-08 -2.1918733956e-08 -5.473510292e-08 0 0 -5.1365039886e-09 0 0 -5.1365039886e-09 
0 0 -5.1365039886e-09 0 0 -5.1365039886e-09 0 0 -5.1365039886e-09 
0 0 -5.1365039886e-09 0 0 -5.1365039886e-09 0 0 -5.1365039886e-09 
0 0 -5.1365039886e-09 0 0 -5.1365039886e-09 -1.3552527156e-20 -6.776263578e-20 -6.8186152254e-20 
-1.6160525489e-10 2.7433555175e-10 -1.3309644403e-09 0 0 -5.1365039886e-09 0 0 -5.1365039886e-09 
-4.6756218688e-19 1.3588780166e-16 -2.0035039708e-16 0 -1.3552527156e-20 -3.2864878353e-19 0 0 -5.1365039886e-09 
0 0 -5.1365039886e-09 0 0 -5.1365039886e-09 0 0 -5.1365039886e-09 
0 0 -5.1365039886e-09 0 0 -5.1365039886e-09 5.8091829772e-07 1.5156782178e-06 -6.7530090083e-07 
-5.8091829772e-07 -1.5156782178e-06 6.6502789286e-07 0 0 -5.1365039886e-09 0 0 -5.1365039886e-09 
0 0 -5.1365039886e-09 0 0 -5.1365039886e-09 0 0 -5.1365039886e-09 
1.7491387565e-10 1.1221505907e-09 -1.1656498175e-09 2.471971215e-10 -1.2932791271e-09 2.1234728784e-09 0 0 -5.1365039886e-09 
0 0 -5.1365039886e-09 6.0970467356e-10 6.0902403953e-10 1.0074603903e-09 2.1067374797e-09 2.3059631248e-08 -7.0272918417e-09 
0 0 -5.1365039886e-09 0 0 -5.1365039886e-09 0 0 -5.1365039886e-09 
0 0 -5.1365039886e-09 0 0 -5.1365039886e-09 0 0 -5.1365039886e-09 
0 0 -5.1365039886e-09 0 0 -5.1365039886e-09 0 0 -5.1365039886e-09 
2.5325055421e-09 3.5764884283e-10 -2.7412302624e-09 -5.2035415907e-14 4.6247450043e-14 -7.2977430407e-12 2.6342067091e-12 -5.7409982259e-12 -2.1111979363e-09 
0 0 -5.1365039886e-09 0 0 -5.1365039886e-09 0 0 -5.1365039886e-09 
7.401543896e-12 2.7034964978e-12 1.699882033e-11 -4.991845271e-09 4.3069944723e-09 -9.0580640629e-10 5.7853066878e-09 9.3329519937e-10 -6.3308200588e-09 
1.8013126296e-10 -2.9022732134e-11 -7.1528531848e-11 0 0 -5.1365039886e-09 6.5052130349e-19 5.556536134e-18 1.1646703025e-20 
-2.9007829125e-16 7.2527026702e-16 2.2809514296e-13 0 0 -5.1365039886e-09 0 0 -5.1365039886e-09 
0 0 -5.1365039886e-09 0 0 -5.1365039886e-09 0 0 -5.1365039886e-09 
0 0 -5.1365039886e-09 0 0 -5.1365039886e-09 0 0 -5.1365039886e-09 
0 0 -5.1365039886e-09 0 0 -5.1365039886e-09 0 0 -5.1365039886e-09 
0 0 -5.1365039886e-09 -2.6890309351e-09 -6.4863589733e-09 -3.8907895069e-10 -1.6291659767e-10 7.8676943053e-11 -6.20018647e-10 
2.0265999295e-10 5.9647278913e-10 -4.1991322913e-10 -1.0639864233e-09 1.0556281791e-10 -8.942736681e-10 6.3675466972e-11 2.3219207695e-10 4.219250459e-10 
3.1144828758e-10 1.3390294358e-10 1.1762211251e-09 0 0 -5.1365039886e-09 -3.8681794555e-09 2.1124290314e-09 4.3017141961e-09 
-6.8807307942e-13 1.6993141106e-12 -4.5025997026e-10 1.70151341e-08 2.1918733956e-08 4.4462094942e-08 0 0 -5.1365039886e-09 
5.9739300042e-07 6.9805425595e-07 4.1639883981e-07 0 0 -5.1365039886e-09 0 0 -5.1365039886e-09 
0 0 -5.1365039886e-09 0 0 -5.1365039886e-09 0 0 -5.1365039886e-09 
0 0 -5.1365039886e-09 0 0 -5.1365039886e-09 0 0 -5.1365039886e-09 
0 0 -5.1365039886e-09 1.0842021725e-19 1.3552527156e-20 1.0164395367e-20 -9.7824133234e-13 -8.4868098877e-13 2.2247674623e-12 
1.5712771795e-12 -1.7429731161e-12 4.5103790622e-09 -1.2107880607e-09 7.7188463596e-10 3.1285681928e-09 -1.176217099e-11 -1.8518432256e-10 1.4296451686e-10 
0 0 -5.1365039886e-09 0 0 -5.1365039886e-09 0 0 -5.1365039886e-09 
0 0 -5.1365039886e-09 0 0 -5.1365039886e-09 0 0 -5.1365039886e-09 
4.2177844164e-07 -1.587420733e-07 1.865942749e-07 0 0 -5.1365039886e-09 0 0 -5.1365039886e-09 
0 0 -5.1365039886e-09 0 0 -5.1365039886e-09 0 0 -5.1365039886e-09 
-5.0769774452e-11 -6.5934552598e-09 3.2241569226e-08 0 0 -5.1365039886e-09 0 0 -5.1365039886e-09 
-8.3575972206e-12 -1.2548518944e-10 8.3737861803e-10 -2.662726867e-08 1.951350129e-08 -3.4249508325e-08 4.4377722585e-09 5.2175514725e-09 1.8486297656e-09 
0 0 -5.1365039886e-09 -4.2177844164e-07 1.587420733e-07 -1.9686728288e-07 0 0 -5.1365039886e-09 
0 0 -5.1365039886e-09 0 0 -5.1365039886e-09 0 0 -5.1365039886e-09 
0 0 -5.1365039886e-09 0 0 -5.1365039886e-09 0 0 -5.1365039886e-09 
0 0 -5.1365039886e-09 0 0 -5.1365039886e-09 2.8466499299e-09 2.7979813507e-11 3.9583179054e-08 
4.9972287593e-11 -7.5631272729e-11 7.6806397896e-09 0 0 -5.1365039886e-09 0 0 -5.1365039886e-09 
0 0 -5.1365039886e-09 -1.1116943737e-11 -4.5582125314e-12 5.6337439156e-12 -1.158656168e-11 2.8585555418e-12 -1.5547549364e-09 
2.1830413454e-13 7.6271020749e-14 1.2241391633e-10 -6.3687688955e-10 2.2699771121e-10 2.2274028944e-09 0 0 -5.1365039886e-09 
0 0 -5.1365039886e-09 0 0 -5.1365039886e-09 0 0 -5.1365039886e-09 
0 0 -5.1365039886e-09 -1.3357933956e-09 3.0443116812e-09 -2.1899288419e-09 0 5.4210108624e-20 2.1175823681e-22 
-4.1441055901e-10 9.3309351944e-11 6.0163835177e-09 -1.3131573547e-10 3.2829640552e-10 -5.2105672935e-09 1.2773945195e-10 2.0351544001e-10 -1.69693756e-09 
0 0 -5.1365039886e-09 6.7702788905e-12 5.5495935538e-12 2.7854012906e-12 -9.6896436458e-11 -3.6499769461e-11 1.2081280922e-09 
-5.4856140153e-09 -1.6087828643e-09 2.801578368e-09 1.4992436441e-08 9.8205329253e-09 6.519510756e-09 0 0 -5.1365039886e-09 
0 0 -5.1365039886e-09 0 0 -5.1365039886e-09 0 0 -5.1365039886e-09 
0 0 -5.1365039886e-09 0 0 -5.1365039886e-09 0 0 -5.1365039886e-09 
0 0 -5.1365039886e-09 -1.1417646884e-12 -2.4810108937e-12 9.8118651333e-12 -9.1760983306e-13 -9.5010892871e-14 -1.1491713927e-11 
0 0 -5.1365039886e-09 -1.1926223897e-18 4.7298319775e-18 3.4657507384e-15 0 0 -5.1365039886e-09 
0 0 -5.1365039886e-09 0 0 -5.1365039886e-09 0 0 -5.1365039886e-09 
0 0 -5.1365039886e-09 0 0 -5.1365039886e-09 0 0 -5.1365039886e-09 
0 0 -5.1365039886e-09 0 0 -5.1365039886e-09 0 0 0 
4.4073303893e-10 2.9069345682e-09 -6.0061422053e-08 2.4041397128e-14 -8.757786705e-14 -2.7406391365e-14 -6.4311728686e-14 2.1850411563e-13 -2.4396896327e-13 
-6.0743524414e-11 -6.4677766235e-11 -7.2430985579e-11 2.176756388e-12 -5.1592855422e-13 -3.5966625925e-10 0 0 -5.1365039886e-09 
0 0 -5.1365039886e-09 0 0 -5.1365039886e-09 0 0 -5.1365039886e-09 
0 0 -5.1365039886e-09 0 0 -5.1365039886e-09 0 0 -5.1365039886e-09 
0 0 -5.1365039886e-09 0 0 -5.1365039886e-09 0 0 -5.1365039886e-09 
0 0 -5.1365039886e-09 0 0 -5.1365039886e-09 1.1414485893e-13 -1.3419164868e-13 2.984624586e-11 
5.4158636126e-13 -5.3762825084e-13 -6.2304030716e-13 0 0 -5.1365039886e-09 -1.1329152011e-09 -3.0126045972e-10 9.0698348443e-09 
1.1156771123e-09 2.8820436337e-10 9.3737215847e-09 4.3714154204e-12 7.0668440717e-12 1.2904123105e-08 -2.3590531655e-14 2.1037858955e-15 4.7721547791e-13 
2.3076231415e-11 -2.4570518817e-11 1.3010605321e-09 6.3633687133e-10 -2.6020036852e-10 2.2095262633e-09 2.3569559152e-10 3.0225527615e-10 -7.7590781554e-10 
0 0 -5.1365039886e-09 0 0 -5.1365039886e-09 0 0 -5.1365039886e-09 
0 0 -5.1365039886e-09 0 0 -5.1365039886e-09 0 0 -5.1365039886e-09 
0 0 -5.1365039886e-09 -3.536342226e-14 1.0962042905e-14 -3.0800550853e-14 4.3498462211e-15 8.2876414065e-16 -4.3674916114e-15 
0 0 -5.1365039886e-09 2.5072175239e-19 6.0986372202e-18 -2.3886329113e-19 -3.442388681e-12 -1.3652784957e-12 -6.0699136333e-12 
0 0 -5.1365039886e-09 5.4210108624e-20 2.0979312038e-17 8.8863920562e-17 -2.2009304101e-17 -4.4506499181e-17 4.5769764118e-16 
0 0 -5.1365039886e-09 0 0 -5.1365039886e-09 4.953800922e-11 7.88465313e-11 -2.9298392451e-10 
-3.8489177123e-18 6.9981862102e-18 2.8660206803e-17 3.184424187e-12 -5.6514318805e-11 3.7843641994e-11 0 0 -5.1365039886e-09 
0 0 -5.1365039886e-09 0 0 -5.1365039886e-09 0 0 -5.1365039886e-09 
0 0 -5.1365039886e-09 0 0 -5.1365039886e-09 0 0 -5.1365039886e-09 
1.0842021725e-19 6.776263578e-20 6.5869170071e-14 -1.066895541e-08 -2.7557498024e-08 -1.9849877237e-07 7.104833719e-11 1.227058122e-10 2.7844556836e-10 
-1.0382993686e-11 7.3016392493e-11 4.609097287e-10 -1.2300537e-11 -5.5534721786e-11 1.5369781269e-10 3.9924217307e-11 5.2340061457e-11 -8.8228463553e-11 
0 0 -5.1365039886e-09 0 0 -5.1365039886e-09 0 0 -5.1365039886e-09 
0 0 -5.1365039886e-09 0 0 -5.1365039886e-09 1.5453325333e-12 -2.6265792248e-12 1.4224112644e-12 
2.7026383518e-12 -4.3577761029e-12 -1.1774184041e-12 -1.3747310519e-09 -3.7383665399e-10 3.7777079128e-10 4.50415721e-09 3.5183997573e-09 7.1026526835e-09 
-2.4074531158e-09 1.724151584e-09 3.6112887196e-09 0 0 -5.1365039886e-09 -1.8379138749e-10 -3.401011772e-10 -8.6131644025e-10 
-1.4013347991e-11 5.0351470497e-12 7.3842348654e-09 0 0 -5.1365039886e-09 0 0 -5.1365039886e-09 
0 0 -5.1365039886e-09 0 0 -5.1365039886e-09 1.2048942031e-15 2.435287486e-16 3.6670745616e-15 
2.6421508888e-14 -6.4374232941e-15 -8.4264937149e-14 -1.1697457239e-15 1.564070054e-15 1.3808568275e-14 0 0 5.0821976835e-21 
-2.9550607837e-15 -6.1669419571e-16 -5.8212664349e-15 1.3899471851e-16 6.6786853825e-17 1.9608050399e-16 -4.2798880759e-17 1.3593184738e-17 -1.2999245235e-16 
-8.0098145998e-16 -1.143833292e-16 2.2071798192e-14 0 0 -5.1365039886e-09 0 0 -5.1365039886e-09 
-3.3688289924e-12 1.0413646413e-11 1.370568534e-10 3.9402818397e-12 -9.1883234847e-12 1.3993435308e-11 0 0 -5.1365039886e-09 
0 0 -5.1365039886e-09 0 0 -5.1365039886e-09 0 0 -5.1365039886e-09 
3.388131789e-21 -3.388131789e-20 -2.0328790734e-20 0 0 -5.1365039886e-09 1.0842021725e-19 -3.388131789e-21 2.5410988418e-21 
-8.9279550549e-12 -7.9540645582e-11 6.002052678e-11 0 0 -5.1365039886e-09 0 0 -5.1365039886e-09 
0 0 -5.1365039886e-09 0 0 -5.1365039886e-09 0 0 -5.1365039886e-09 
0 0 -5.1365039886e-09 0 0 -5.1365039886e-09 3.6446011682e-14 -5.2165249117e-14 2.0539471545e-14 
4.9093597297e-13 -2.1742819676e-12 1.0613624881e-11 3.9297654757e-12 3.4978676856e-12 -1.3416996461e-09 -1.0842021725e-19 2.7105054312e-20 5.2939559203e-22 
0 0 -5.1365039886e-09 0 0 -5.1365039886e-09 0 0 -5.1365039886e-09 
0 0 -5.1365039886e-09 0 0 -5.1365039886e-09 0 0 -5.1365039886e-09 
0 0 -5.1365039886e-09 -7.5194874114e-13 2.3139196629e-12 -2.9159947256e-12 -2.7305989566e-10 -7.9018401848e-11 1.4153912513e-08 
-1.3501878381e-12 6.8053391698e-13 -6.8711382849e-12 1.2424551801e-10 2.7046125647e-11 -4.6153250741e-09 1.6042173232e-11 -1.7971920718e-11 2.9303159877e-11 
-7.4849341304e-12 7.3961758027e-12 3.0791172156e-11 3.3454375338e-12 -4.7641166186e-13 1.804685199e-12 0 0 -5.1365039886e-09 
0 0 -5.1365039886e-09 0 0 -5.1365039886e-09 0 0 -5.1365039886e-09 
-2.0913717806e-15 1.1778772402e-15 6.9447010718e-13 -1.2953505456e-16 2.0266449109e-16 2.2779902913e-15 1.1322621443e-14 -6.2508592052e-15 1.3135610763e-14 
6.1118536447e-13 2.8168071174e-13 -3.0659291973e-13 -6.03849246e-14 1.0750287379e-13 -1.1896617639e-12 -8.9738107353e-13 1.2038741857e-12 2.6965869824e-12 
0 0 -5.1365039886e-09 0 0 -5.1365039886e-09 0 0 -5.1365039886e-09 
0 0 -5.1365039886e-09 -1.7537891712e-14 3.1028247497e-14 -2.7671691571e-13 -5.4210108624e-20 2.7105054312e-20 3.0493186101e-20 
-7.5894152074e-19 -1.9786689648e-18 -4.8992385669e-18 0 0 -5.1365039886e-09 -4.4454408564e-06 3.3555645792e-06 -1.9040366843e-06 
0 0 -5.1365039886e-09 0 0 -5.1365039886e-09 1.4223669985e-13 -1.7407383586e-13 -3.3500730147e-13 
0 0 -5.1365039886e-09 0 0 -5.1365039886e-09 1.425646439e-13 -2.8902481401e-12 -2.8412432979e-09 
0 0 -5.1365039886e-09 0 0 -5.1365039886e-09 0 0 -5.1365039886e-09 
0 0 -5.1365039886e-09 0 0 -5.1365039886e-09 -7.3145699567e-15 1.1596246966e-14 8.9363995262e-13 
-5.4210108624e-20 0 2.7105054312e-20 0 5.4210108624e-20 8.2162195884e-20 -3.9037403952e-14 -1.8476377112e-14 3.2990791495e-14 
-1.5132730138e-13 -1.281581178e-14 6.8077839457e-12 -2.0328790734e-20 5.4210108624e-20 -1.3552527156e-20 0 -5.4210108624e-20 1.3552527156e-20 
0 0 -5.1365039886e-09 0 0 -5.1365039886e-09 0 0 -5.1365039886e-09 
0 0 -5.1365039886e-09 0 0 -5.1365039886e-09 -8.8844426607e-13 6.8486454572e-13 1.9811824842e-13 
-3.4514546169e-14 3.106040002e-14 -2.204663962e-13 1.0164395367e-20 6.776263578e-21 -1.6940658945e-21 -1.2813216822e-10 3.4944123323e-11 1.4891482145e-10 
-1.3963152872e-12 -8.3493550073e-13 4.5117966167e-13 4.0347000168e-08 3.688184617e-08 4.2829057072e-08 -1.1323789508e-11 2.4506401872e-11 5.3051424527e-11 
-1.2870684621e-09 2.0545077586e-09 -2.5336304214e-08 8.8885879484e-10 -1.7266536891e-09 -1.6052811625e-08 0 0 -5.1365039886e-09 
0 0 -5.1365039886e-09 0 0 -5.1365039886e-09 0 0 -5.1365039886e-09 
-1.4328558414e-14 -2.3096762269e-14 -1.4262703296e-14 2.70690588e-14 5.0027581903e-14 3.6197666704e-14 -1.8193901093e-09 4.3901856309e-09 -5.7221001677e-09 
0 0 -5.1365039886e-09 4.4454408564e-06 -3.3555645792e-06 1.8937636763e-06 0 0 -5.1365039886e-09 
0 0 -5.1365039886e-09 -1.9195548742e-14 1.09340959e-13 -5.7596891937e-14 0 -1.0164395367e-20 -3.5469504666e-21 
0 0 -5.1365039886e-09 1.6263032587e-18 6.5052130349e-19 -1.4433441421e-18 -8.1315162936e-20 -1.219727444e-19 -2.7105054312e-20 
-5.4210108624e-20 6.2680438097e-20 -3.388131789e-21 0 0 -5.1365039886e-09 0 0 -5.1365039886e-09 
0 0 -5.1365039886e-09 0 0 -5.1365039886e-09 0 0 -5.1365039886e-09 
0 0 -5.1365039886e-09 3.388131789e-20 2.2022856629e-20 1.0164395367e-20 5.7478978174e-15 1.8467757705e-15 2.8497908514e-14 
-2.56150254e-11 2.6763406324e-11 1.0323160011e-11 2.6017865163e-13 4.9856250855e-14 -3.8486797892e-13 0 -1.6263032587e-19 1.1858461262e-20 
6.2304129141e-13 1.7978674105e-14 1.4479532821e-12 -4.0521642845e-13 1.3332504588e-13 1.5017840555e-12 5.041684843e-13 6.7442937086e-13 -1.1843753014e-11 
1.295644051e-13 -2.6818806304e-14 -3.3752509251e-13 0 0 -5.1365039886e-09 1.2705494209e-19 -1.6263032587e-19 2.168404345e-19 
6.776263578e-20 -5.4210108624e-20 -4.0657581468e-20 -6.776263578e-21 -4.0657581468e-20 0 2.7105054312e-20 -1.0842021725e-19 5.4210108624e-20 
-4.7433845046e-20 -2.0328790734e-20 3.7269449679e-20 3.3203691532e-19 -3.083199928e-19 0 0 0 -5.1365039886e-09 
0 0 -5.1365039886e-09 6.0986372202e-20 0 0 -4.4452289072e-18 -6.2070574375e-18 -4.3097036356e-17 
-1.1384122811e-17 -9.5748604358e-18 -3.7892865928e-17 0 0 -5.1365039886e-09 0 0 -5.1365039886e-09 
0 0 -5.1365039886e-09 1.3552527156e-20 -1.3383120567e-19 2.7105054312e-20 -1.3589796606e-17 -3.4355656341e-18 -5.8275866771e-19 
-1.1863543459e-17 3.1679032227e-18 3.0899761916e-18 0 0 -5.1365039886e-09 0 0 -5.1365039886e-09 
-4.211583339e-16 5.9750381726e-16 -5.0572470575e-15 -6.895525817e-17 6.8999303883e-17 2.2039119661e-16 1.734723476e-18 -4.2825985813e-18 -1.0842021725e-18 
-2.7105054312e-20 -1.0842021725e-19 5.4210108624e-20 -3.388131789e-20 -2.8799120207e-20 5.4210108624e-20 -4.4968640357e-16 -4.1253892663e-17 -8.5105804782e-16 
4.5587313221e-17 1.8228149025e-18 -5.5103830028e-15 0 0 -5.1365039886e-09 0 0 -5.1365039886e-09 
0 0 -5.1365039886e-09 0 0 -5.1365039886e-09 0 0 -5.1365039886e-09 
0 0 -5.1365039886e-09 0 0 -5.1365039886e-09 0 0 -5.1365039886e-09 
0 0 -5.1365039886e-09 0 0 -5.1365039886e-09 0 0 -5.1365039886e-09 
0 0 -5.1365039886e-09 0 0 -5.1365039886e-09 0 0 -5.1365039886e-09 
0 0 -5.1365039886e-09 0 0 -5.1365039886e-09 0 0 -5.1365039886e-09 
0 0 -5.1365039886e-09 0 0 -5.1365039886e-09 0 0 -5.1365039886e-09 
0 0 -5.1365039886e-09 0 0 -5.1365039886e-09 0 0 -5.1365039886e-09 
0 0 -5.1365039886e-09 0 0 -5.1365039886e-09 0 0 -5.1365039886e-09 
0 0 -5.1365039886e-09 0 0 -5.1365039886e-09 0 0 -5.1365039886e-09 
0 0 -5.1365039886e-09 0 0 -5.1365039886e-09 0 0 -5.1365039886e-09 
0 0 -5.1365039886e-09 0 0 -5.1365039886e-09 0 0 -5.1365039886e-09 
0 0 -5.1365039886e-09 0 0 -5.1365039886e-09 0 0 -5.1365039886e-09 
0 0 -5.1365039886e-09 0 0 -5.1365039886e-09 0 0 -5.1365039886e-09 
0 0 -5.1365039886e-09 0 0 -5.1365039886e-09 0 0 -5.1365039886e-09 
0 0 -5.1365039886e-09 0 0 -5.1365039886e-09 0 0 -5.1365039886e-09 
0 0 -5.1365039886e-09 0 0 -5.1365039886e-09 0 0 -5.1365039886e-09 
0 0 -5.1365039886e-09 0 0 -5.1365039886e-09 0 0 -5.1365039886e-09 
0 0 -5.1365039886e-09 0 0 -5.1365039886e-09 0 0 -5.1365039886e-09 
0 0 -5.1365039886e-09 0 0 -5.1365039886e-09 0 0 -5.1365039886e-09 
0 0 -5.1365039886e-09 0 0 -5.1365039886e-09 0 0 -5.1365039886e-09 
0 0 -5.1365039886e-09 0 0 -5.1365039886e-09 0 0 -5.1365039886e-09 
0 0 -5.1365039886e-09 0 0 -5.1365039886e-09 0 0 -5.1365039886e-09 
0 0 -5.1365039886e-09 0 0 -5.1365039886e-09 0 0 -5.1365039886e-09 
0 0 -5.1365039886e-09 0 0 -5.1365039886e-09 0 0 -5.1365039886e-09 
0 0 -5.1365039886e-09 0 0 -5.1365039886e-09 0 0 -5.1365039886e-09 
0 0 -5.1365039886e-09 0 0 -5.1365039886e-09 0 0 -5.1365039886e-09 
0 0 -5.1365039886e-09 0 0 -5.1365039886e-09 0 0 -5.1365039886e-09 
0 0 -5.1365039886e-09 0 0 -5.1365039886e-09 0 0 -5.1365039886e-09 
0 0 -5.1365039886e-09 -1.9869853753e-06 3.4080381128e-07 8.8346901639e-08 1.9869853753e-06 -3.4080381128e-07 -9.8619909616e-08 
0 0 -5.1365039886e-09 0 0 -5.1365039886e-09 0 0 -5.1365039886e-09 
0 0 -5.1365039886e-09 0 0 -5.1365039886e-09 0 0 -5.1365039886e-09 
-2.6374836803e-07 4.2484186284e-07 -1.3130609534e-06 0 0 -5.1365039886e-09 0 0 -5.1365039886e-09 
0 0 -5.1365039886e-09 6.6421863964e-09 -1.3890178795e-07 3.8866999081e-08 0 0 -5.1365039886e-09 
0 0 -5.1365039886e-09 0 0 -5.1365039886e-09 0 0 -5.1365039886e-09 
0 0 -5.1365039886e-09 0 0 -5.1365039886e-09 0 0 -5.1365039886e-09 
-6.6421863964e-09 1.3890178795e-07 -4.9140007058e-08 0 0 -5.1365039886e-09 0 0 -5.1365039886e-09 
0 0 -5.1365039886e-09 0 0 -5.1365039886e-09 0 0 -5.1365039886e-09 
0 0 -5.1365039886e-09 0 0 -5.1365039886e-09 0 0 -5.1365039886e-09 
0 0 -5.1365039886e-09 0 0 -5.1365039886e-09 0 0 -5.1365039886e-09 
0 0 -5.1365039886e-09 0 0 -5.1365039886e-09 0 0 -5.1365039886e-09 
0 0 -5.1365039886e-09 0 0 -5.1365039886e-09 0 0 -5.1365039886e-09 
0 0 -5.1365039886e-09 0 0 -5.1365039886e-09 0 0 -5.1365039886e-09 
0 0 -5.1365039886e-09 0 0 -5.1365039886e-09 0 0 -5.1365039886e-09 
0 0 -5.1365039886e-09 0 0 -5.1365039886e-09 -5.3076740235e-06 5.4580811378e-06 3.3055323235e-08 
5.3076740235e-06 -5.4580811378e-06 -4.3328331212e-08 2.6374836803e-07 -4.2484186284e-07 1.3027879454e-06 0 0 -5.1365039886e-09 
0 0 -5.1365039886e-09 0 0 -5.1365039886e-09 0 0 -5.1365039886e-09 
0 0 -5.1365039886e-09 0 0 -5.1365039886e-09 0 0 -5.1365039886e-09 
0 0 -5.1365039886e-09 0 0 -5.1365039886e-09 0 0 -5.1365039886e-09 
0 0 -5.1365039886e-09 0 0 -5.1365039886e-09 0 0 -5.1365039886e-09 
0 0 -5.1365039886e-09 0 0 -5.1365039886e-09 0 0 -5.1365039886e-09 
0 0 -5.1365039886e-09 0 0 -5.1365039886e-09 0 0 -5.1365039886e-09 
0 0 -5.1365039886e-09 0 0 -5.1365039886e-09 0 0 -5.1365039886e-09 
0 0 -5.1365039886e-09 0 0 -5.1365039886e-09 0 0 -5.1365039886e-09 
0 0 -5.1365039886e-09 0 0 -5.1365039886e-09 0 0 -5.1365039886e-09 
0 0 -5.1365039886e-09 0 0 -5.1365039886e-09 0 0 -5.1365039886e-09 
0 0 -5.1365039886e-09 0 0 -5.1365039886e-09 0 0 -5.1365039886e-09 
0 0 -5.1365039886e-09 0 0 -5.1365039886e-09 0 0 -5.1365039886e-09 
0 0 -5.1365039886e-09 0 0 -5.1365039886e-09 0 0 -5.1365039886e-09 
0 0 -5.1365039886e-09 0 0 -5.1365039886e-09 0 0 -5.1365039886e-09 
0 0 -5.1365039886e-09 0 0 -5.1365039886e-09 0 0 -5.1365039886e-09 
0 0 -5.1365039886e-09 0 0 -5.1365039886e-09 0 0 -5.1365039886e-09 
0 0 -5.1365039886e-09 0 0 -5.1365039886e-09 0 0 -5.1365039886e-09 
0 0 -5.1365039886e-09 0 0 -5.1365039886e-09 -2.8465318002e-09 4.4599070555e-10 -4.372063559e-09 
6.6233699486e-09 3.4774230237e-09 -1.0776548343e-09 5.9294199637e-09 4.5330190799e-09 -1.6975215835e-08 -3.5553242833e-09 1.3658154217e-10 7.9196696837e-10 
2.4897831053e-08 1.0763275304e-08 -1.9646340356e-08 0 0 -5.1365039886e-09 0 0 -5.1365039886e-09 
0 0 -5.1365039886e-09 0 0 -5.1365039886e-09 0 0 -5.1365039886e-09 
0 0 -5.1365039886e-09 -1.0257275176e-09 -1.2044487923e-08 4.0068630358e-09 9.8472370464e-09 5.0175903066e-10 2.4166287314e-08 
1.179291788e-08 1.0331112129e-08 5.7023515506e-08 1.4996370077e-08 -8.9109852283e-09 2.0033055962e-08 0 0 -5.1365039886e-09 
-1.3165954313e-09 3.7714869895e-09 5.253206573e-08 1.0876130336e-08 -7.4243539975e-09 -3.2402989852e-08 2.4077600389e-08 -1.8971044138e-08 -1.0003570654e-08 
-1.5897991456e-08 -4.1667985827e-08 -6.3407325842e-08 -2.146038215e-08 1.3658215541e-08 -1.9140653422e-08 2.1117557386e-08 -9.6803629933e-10 1.3056031529e-08 
0 0 -5.1365039886e-09 0 0 -5.1365039886e-09 0 0 -5.1365039886e-09 
0 0 -5.1365039886e-09 0 0 -5.1365039886e-09 -2.5364606178e-09 -2.1680071027e-09 -9.9631836286e-10 
1.3657873522e-09 2.0727994537e-09 -8.959260341e-09 3.5881798583e-09 -6.2216909259e-09 1.328892042e-08 -1.9739335592e-08 -2.3950980852e-08 -8.8249412981e-09 
4.0264893787e-08 -2.086646428e-08 -1.987418589e-09 0 0 -5.1365039886e-09 2.7140892406e-08 1.9388975559e-08 -4.7673594724e-08 
0 0 -5.1365039886e-09 0 0 -5.1365039886e-09 0 0 -5.1365039886e-09 
0 0 -5.1365039886e-09 0 0 -5.1365039886e-09 0 0 -5.1365039886e-09 
0 0 -5.1365039886e-09 0 0 -5.1365039886e-09 0 0 -5.1365039886e-09 
0 0 -5.1365039886e-09 0 0 -5.1365039886e-09 0 0 -5.1365039886e-09 
0 0 -5.1365039886e-09 0 0 -5.1365039886e-09 0 0 -5.1365039886e-09 
0 0 -5.1365039886e-09 0 0 -5.1365039886e-09 0 0 -5.1365039886e-09 
0 0 -5.1365039886e-09 0 0 -5.1365039886e-09 0 0 -5.1365039886e-09 
0 0 -5.1365039886e-09 0 0 -5.1365039886e-09 0 0 -5.1365039886e-09 
0 0 -5.1365039886e-09 0 0 -5.1365039886e-09 0 0 -5.1365039886e-09 
0 0 -5.1365039886e-09 0 0 -5.1365039886e-09 0 0 -5.1365039886e-09 
0 0 -5.1365039886e-09 0 0 -5.1365039886e-09 0 0 -5.1365039886e-09 
0 0 -5.1365039886e-09 0 0 -5.1365039886e-09 0 0 -5.1365039886e-09 
0 0 -5.1365039886e-09 0 0 -5.1365039886e-09 4.021415342e-09 -2.5396795829e-09 -1.6176912547e-09 
0 0 -5.1365039886e-09 7.3364371179e-09 -8.7638201991e-08 -7.4258271427e-08 0 0 -5.1365039886e-09 
0 0 -5.1365039886e-09 -3.4496685695e-08 4.1454729153e-09 8.5368331475e-09 -2.3085891727e-08 -4.9192480368e-08 1.1523050618e-08 
0 0 -5.1365039886e-09 0 0 -5.1365039886e-09 8.5028935374e-09 -1.1189684195e-08 -1.4618366913e-08 
-1.1522238002e-08 -2.8452484479e-08 2.8106531257e-08 1.06261137e-08 -9.1819294923e-10 1.5632332341e-08 0 0 -5.1365039886e-09 
6.6383216593e-06 -6.5305675911e-06 7.1989086445e-07 0 0 -5.1365039886e-09 0 0 -5.1365039886e-09 
0 0 -5.1365039886e-09 1.2083862499e-07 4.1543845381e-08 4.0231944515e-08 -4.1682223996e-08 3.6509442669e-08 3.3776011726e-08 
3.0438893251e-08 1.4951855626e-08 1.8738721082e-08 0 0 -5.1365039886e-09 1.9474518161e-09 -8.0127556714e-10 -1.2833316086e-08 
-1.0876130336e-08 7.4243539975e-09 2.2129981874e-08 0 0 -5.1365039886e-09 0 0 -5.1365039886e-09 
2.3085891727e-08 4.9192480368e-08 -2.1796058595e-08 0 0 -5.1365039886e-09 9.6937261549e-09 9.9768922491e-09 1.6202467909e-08 
0 0 -5.1365039886e-09 0 0 -5.1365039886e-09 0 0 -5.1365039886e-09 
0 0 -5.1365039886e-09 0 0 -5.1365039886e-09 0 0 -5.1365039886e-09 
-6.7623550604e-08 -3.9254573552e-08 6.3440271014e-08 0 0 -5.1365039886e-09 -2.0101876955e-08 9.0751184973e-09 1.4350458661e-08 
0 0 -5.1365039886e-09 0 0 -5.1365039886e-09 -2.22234417e-09 -5.3201850622e-10 -3.5180799966e-09 
0 0 -5.1365039886e-09 -3.3294010971e-08 -2.633609129e-08 3.4926576257e-08 0 0 -5.1365039886e-09 
4.210461968e-08 -4.1193924562e-09 9.296062413e-08 2.6430788181e-09 -3.2607570719e-09 -2.5988409203e-10 0 0 -5.1365039886e-09 
0 0 -5.1365039886e-09 0 0 -5.1365039886e-09 0 0 -5.1365039886e-09 
0 0 -5.1365039886e-09 0 0 -5.1365039886e-09 0 0 -5.1365039886e-09 
0 0 -5.1365039886e-09 0 0 -5.1365039886e-09 0 0 -5.1365039886e-09 
0 0 -5.1365039886e-09 0 0 -5.1365039886e-09 0 0 -5.1365039886e-09 
0 0 -5.1365039886e-09 0 0 -5.1365039886e-09 0 0 -5.1365039886e-09 
0 0 -5.1365039886e-09 0 0 -5.1365039886e-09 0 0 -5.1365039886e-09 
0 0 -5.1365039886e-09 0 0 -5.1365039886e-09 0 0 -5.1365039886e-09 
0 0 -5.1365039886e-09 0 0 -5.1365039886e-09 0 0 -5.1365039886e-09 
0 0 -5.1365039886e-09 0 0 -5.1365039886e-09 0 0 -5.1365039886e-09 
0 0 -5.1365039886e-09 0 0 -5.1365039886e-09 0 0 -5.1365039886e-09 
0 0 -5.1365039886e-09 0 0 -5.1365039886e-09 0 0 -5.1365039886e-09 
0 0 -5.1365039886e-09 0 0 -5.1365039886e-09 0 0 -5.1365039886e-09 
0 0 -5.1365039886e-09 0 0 -5.1365039886e-09 0 0 -5.1365039886e-09 
0 0 -5.1365039886e-09 0 0 -5.1365039886e-09 0 0 -5.1365039886e-09 
0 0 -5.1365039886e-09 0 0 -5.1365039886e-09 0 0 -5.1365039886e-09 
0 0 -5.1365039886e-09 -4.3335726246e-07 3.7409944729e-08 8.8305082471e-08 4.3335726246e-07 -3.7409944729e-08 -9.8578090448e-08 
0 0 -5.1365039886e-09 0 0 -5.1365039886e-09 0 0 -5.1365039886e-09 
0 0 -5.1365039886e-09 0 0 -5.1365039886e-09 0 0 -5.1365039886e-09 
-1.1639317379e-08 -2.8051918271e-08 1.7637787053e-08 0 0 -5.1365039886e-09 0 0 -5.1365039886e-09 
0 0 -5.1365039886e-09 -2.2219410182e-08 1.8416764294e-07 8.9525248864e-08 2.2219410182e-08 -1.8416764294e-07 -9.9798256841e-08 
0 0 -5.1365039886e-09 0 0 -5.1365039886e-09 0 0 -5.1365039886e-09 
0 0 -5.1365039886e-09 0 0 -5.1365039886e-09 0 0 -5.1365039886e-09 
0 0 -5.1365039886e-09 0 0 -5.1365039886e-09 0 0 -5.1365039886e-09 
-3.2970717274e-08 -1.3003102342e-08 7.3702841831e-11 0 0 -5.1365039886e-09 4.2662582837e-08 4.1856296181e-08 -2.5424189763e-08 
0 0 -5.1365039886e-09 0 0 -5.1365039886e-09 0 0 -5.1365039886e-09 
0 0 -5.1365039886e-09 0 0 -5.1365039886e-09 0 0 -5.1365039886e-09 
0 0 -5.1365039886e-09 0 0 -5.1365039886e-09 0 0 -5.1365039886e-09 
0 0 -5.1365039886e-09 0 0 -5.1365039886e-09 0 0 -5.1365039886e-09 
0 0 -5.1365039886e-09 0 0 -5.1365039886e-09 0 0 -5.1365039886e-09 
0 0 -5.1365039886e-09 0 0 -5.1365039886e-09 0 0 -5.1365039886e-09 
0 0 -5.1365039886e-09 0 0 -5.1365039886e-09 0 0 -5.1365039886e-09 
0 0 -5.1365039886e-09 0 0 -5.1365039886e-09 0 0 -5.1365039886e-09 
0 0 -5.1365039886e-09 0 0 -5.1365039886e-09 0 0 -5.1365039886e-09 
0 0 -5.1365039886e-09 0 0 -5.1365039886e-09 0 0 -5.1365039886e-09 
0 0 -5.1365039886e-09 0 0 -5.1365039886e-09 0 0 -5.1365039886e-09 
0 0 -5.1365039886e-09 0 0 -5.1365039886e-09 0 0 -5.1365039886e-09 
0 0 -5.1365039886e-09 0 0 -5.1365039886e-09 0 0 -5.1365039886e-09 
0 0 -5.1365039886e-09 0 0 -5.1365039886e-09 0 0 -5.1365039886e-09 
0 0 -5.1365039886e-09 0 0 -5.1365039886e-09 0 0 -5.1365039886e-09 
0 0 -5.1365039886e-09 0 0 -5.1365039886e-09 0 0 -5.1365039886e-09 
0 0 -5.1365039886e-09 0 0 -5.1365039886e-09 0 0 -5.1365039886e-09 
0 0 -5.1365039886e-09 0 0 -5.1365039886e-09 0 0 -5.1365039886e-09 
0 0 -5.1365039886e-09 0 0 -5.1365039886e-09 0 0 -5.1365039886e-09 
0 0 -5.1365039886e-09 0 0 -5.1365039886e-09 0 0 -5.1365039886e-09 
0 0 -5.1365039886e-09 0 0 -5.1365039886e-09 0 0 -5.1365039886e-09 
0 0 -5.1365039886e-09 0 0 -5.1365039886e-09 0 0 -5.1365039886e-09 
0 0 -5.1365039886e-09 0 0 -5.1365039886e-09 0 0 -5.1365039886e-09 
0 0 -5.1365039886e-09 0 0 -5.1365039886e-09 0 0 -5.1365039886e-09 
0 0 -5.1365039886e-09 0 0 -5.1365039886e-09 0 0 -5.1365039886e-09 
0 0 -5.1365039886e-09 0 0 -5.1365039886e-09 0 0 -5.1365039886e-09 
0 0 -5.1365039886e-09 0 0 -5.1365039886e-09 0 0 -5.1365039886e-09 
0 0 -5.1365039886e-09 0 0 -5.1365039886e-09 0 0 -5.1365039886e-09 
0 0 -5.1365039886e-09 0 0 -5.1365039886e-09 0 0 -5.1365039886e-09 
0 0 -5.1365039886e-09 0 0 -5.1365039886e-09 0 0 -5.1365039886e-09 
0 0 -5.1365039886e-09 0 0 -5.1365039886e-09 0 0 -5.1365039886e-09 
0 0 -5.1365039886e-09 0 0 -5.1365039886e-09 0 0 -5.1365039886e-09 
0 0 -5.1365039886e-09 0 0 -5.1365039886e-09 0 0 -5.1365039886e-09 
0 0 -5.1365039886e-09 0 0 -5.1365039886e-09 0 0 -5.1365039886e-09 
0 0 -5.1365039886e-09 0 0 -5.1365039886e-09 0 0 -5.1365039886e-09 
0 0 -5.1365039886e-09 0 0 -5.1365039886e-09 0 0 -5.1365039886e-09 
0 0 -5.1365039886e-09 0 0 -5.1365039886e-09 0 0 -5.1365039886e-09 
0 0 -5.1365039886e-09 0 0 -5.1365039886e-09 0 0 -5.1365039886e-09 
0 0 -5.1365039886e-09 0 0 -5.1365039886e-09 0 0 -5.1365039886e-09 
0 0 -5.1365039886e-09 0 0 -5.1365039886e-09 0 0 -5.1365039886e-09 
0 0 -5.1365039886e-09 0 0 -5.1365039886e-09 0 0 -5.1365039886e-09 
0 0 -5.1365039886e-09 0 0 -5.1365039886e-09 0 0 -5.1365039886e-09 
0 0 -5.1365039886e-09 0 0 -5.1365039886e-09 0 0 -5.1365039886e-09 
0 0 -5.1365039886e-09 0 0 -5.1365039886e-09 0 0 -5.1365039886e-09 
0 0 -5.1365039886e-09 0 0 -5.1365039886e-09 0 0 -5.1365039886e-09 
0 0 -5.1365039886e-09 0 0 -5.1365039886e-09 0 0 -5.1365039886e-09 
0 0 -5.1365039886e-09 0 0 -5.1365039886e-09 0 0 -5.1365039886e-09 
0 0 -5.1365039886e-09 0 0 -5.1365039886e-09 0 0 -5.1365039886e-09 
0 0 -5.1365039886e-09 0 0 -5.1365039886e-09 0 0 -5.1365039886e-09 
0 0 -5.1365039886e-09 0 0 -5.1365039886e-09 0 0 -5.1365039886e-09 
0 0 -5.1365039886e-09 0 0 -5.1365039886e-09 0 0 -5.1365039886e-09 
0 0 -5.1365039886e-09 0 0 -5.1365039886e-09 0 0 -5.1365039886e-09 
0 0 -5.1365039886e-09 0 0 -5.1365039886e-09 0 0 -5.1365039886e-09 
0 0 -5.1365039886e-09 0 0 -5.1365039886e-09 0 0 -5.1365039886e-09 
0 0 -5.1365039886e-09 0 0 -5.1365039886e-09 0 0 -5.1365039886e-09 
0 0 -5.1365039886e-09 0 0 -5.1365039886e-09 0 0 -5.1365039886e-09 
0 0 -5.1365039886e-09 0 0 -5.1365039886e-09 0 0 -5.1365039886e-09 
0 0 -5.1365039886e-09 0 0 -5.1365039886e-09 0 0 -5.1365039886e-09 
0 0 -5.1365039886e-09 0 0 -5.1365039886e-09 0 0 -5.1365039886e-09 
0 0 -5.1365039886e-09 0 0 -5.1365039886e-09 0 0 -5.1365039886e-09 
0 0 -5.1365039886e-09 0 0 -5.1365039886e-09 0 0 -5.1365039886e-09 
0 0 -5.1365039886e-09 0 0 -5.1365039886e-09 0 0 -5.1365039886e-09 
0 0 -5.1365039886e-09 0 0 -5.1365039886e-09 0 0 -5.1365039886e-09 
0 0 -5.1365039886e-09 0 0 -5.1365039886e-09 0 0 -5.1365039886e-09 
0 0 -5.1365039886e-09 0 0 -5.1365039886e-09 0 0 -5.1365039886e-09 
0 0 -5.1365039886e-09 0 0 -5.1365039886e-09 0 0 -5.1365039886e-09 
0 0 -5.1365039886e-09 0 0 -5.1365039886e-09 0 0 -5.1365039886e-09 
0 0 -5.1365039886e-09 0 0 -5.1365039886e-09 0 0 -5.1365039886e-09 
0 0 -5.1365039886e-09 0 0 -5.1365039886e-09 0 0 -5.1365039886e-09 
0 0 -5.1365039886e-09 0 0 -5.1365039886e-09 0 0 -5.1365039886e-09 
0 0 -5.1365039886e-09 0 0 -5.1365039886e-09 0 0 -5.1365039886e-09 
0 0 -5.1365039886e-09 0 0 -5.1365039886e-09 0 0 -5.1365039886e-09 
0 0 -5.1365039886e-09 0 0 -5.1365039886e-09 0 0 -5.1365039886e-09 
0 0 -5.1365039886e-09 0 0 -5.1365039886e-09 0 0 -5.1365039886e-09 
0 0 -5.1365039886e-09 0 0 -5.1365039886e-09 0 0 -5.1365039886e-09 
0 0 -5.1365039886e-09 0 0 -5.1365039886e-09 0 0 -5.1365039886e-09 
0 0 -5.1365039886e-09 0 0 -5.1365039886e-09 0 0 -5.1365039886e-09 
0 0 -5.1365039886e-09 0 0 -5.1365039886e-09 0 0 -5.1365039886e-09 
0 0 -5.1365039886e-09 0 0 -5.1365039886e-09 0 0 -5.1365039886e-09 
0 0 -5.1365039886e-09 0 0 -5.1365039886e-09 0 0 -5.1365039886e-09 
0 0 -5.1365039886e-09 0 0 -5.1365039886e-09 0 0 -5.1365039886e-09 
0 0 -5.1365039886e-09 0 0 -5.1365039886e-09 0 0 -5.1365039886e-09 
0 0 -5.1365039886e-09 0 0 -5.1365039886e-09 0 0 -5.1365039886e-09 
0 0 -5.1365039886e-09 0 0 -5.1365039886e-09 0 0 -5.1365039886e-09 
0 0 -5.1365039886e-09 0 0 -5.1365039886e-09 0 0 -5.1365039886e-09 
0 0 -5.1365039886e-09 0 0 -5.1365039886e-09 0 0 -5.1365039886e-09 
0 0 -5.1365039886e-09 0 0 -5.1365039886e-09 0 0 -5.1365039886e-09 
0 0 -5.1365039886e-09 0 0 -5.1365039886e-09 0 0 -5.1365039886e-09 
0 0 -5.1365039886e-09 0 0 -5.1365039886e-09 0 0 -5.1365039886e-09 
0 0 -5.1365039886e-09 0 0 -5.1365039886e-09 0 0 -5.1365039886e-09 
0 0 -5.1365039886e-09 0 0 -5.1365039886e-09 0 0 -5.1365039886e-09 
0 0 -5.1365039886e-09 0 0 -5.1365039886e-09 0 0 -5.1365039886e-09 
0 0 -5.1365039886e-09 0 0 -5.1365039886e-09 0 0 -5.1365039886e-09 
0 0 -5.1365039886e-09 0 0 -5.1365039886e-09 0 0 -5.1365039886e-09 
0 0 -5.1365039886e-09 0 0 -5.1365039886e-09 0 0 -5.1365039886e-09 
0 0 -5.1365039886e-09 0 0 -5.1365039886e-09 0 0 -5.1365039886e-09 
0 0 -5.1365039886e-09 0 0 -5.1365039886e-09 0 0 -5.1365039886e-09 
0 0 -5.1365039886e-09 0 0 -5.1365039886e-09 0 0 -5.1365039886e-09 
0 0 -5.1365039886e-09 0 0 -5.1365039886e-09 0 0 -5.1365039886e-09 
0 0 -5.1365039886e-09 0 0 -5.1365039886e-09 0 0 -5.1365039886e-09 
0 0 -5.1365039886e-09 0 0 -5.1365039886e-09 0 0 -5.1365039886e-09 
0 0 -5.1365039886e-09 0 0 -5.1365039886e-09 0 0 -5.1365039886e-09 
0 0 -5.1365039886e-09 0 0 -5.1365039886e-09 0 0 -5.1365039886e-09 
0 0 -5.1365039886e-09 0 0 -5.1365039886e-09 0 0 -5.1365039886e-09 
0 0 -5.1365039886e-09 0 0 -5.1365039886e-09 0 0 -5.1365039886e-09 
0 0 -5.1365039886e-09 0 0 -5.1365039886e-09 0 0 -5.1365039886e-09 
0 0 -5.1365039886e-09 0 0 -5.1365039886e-09 0 0 -5.1365039886e-09 
0 0 -5.1365039886e-09 0 0 -5.1365039886e-09 0 0 -5.1365039886e-09 
0 0 -5.1365039886e-09 0 0 -5.1365039886e-09 0 0 -5.1365039886e-09 
0 0 -5.1365039886e-09 0 0 -5.1365039886e-09 0 0 -5.1365039886e-09 
0 0 -5.1365039886e-09 0 0 -5.1365039886e-09 0 0 -5.1365039886e-09 
0 0 -5.1365039886e-09 0 0 -5.1365039886e-09 0 0 -5.1365039886e-09 
0 0 -5.1365039886e-09 0 0 -5.1365039886e-09 0 0 -5.1365039886e-09 
0 0 -5.1365039886e-09 0 0 -5.1365039886e-09 0 0 -5.1365039886e-09 
0 0 -5.1365039886e-09 0 0 -5.1365039886e-09 0 0 -5.1365039886e-09 
0 0 -5.1365039886e-09 0 0 -5.1365039886e-09 0 0 -5.1365039886e-09 
0 0 -5.1365039886e-09 0 0 -5.1365039886e-09 0 0 -5.1365039886e-09 
0 0 -5.1365039886e-09 0 0 -5.1365039886e-09 0 0 -5.1365039886e-09 
0 0 -5.1365039886e-09 0 0 -5.1365039886e-09 0 0 -5.1365039886e-09 
0 0 -5.1365039886e-09 0 0 -5.1365039886e-09 0 0 -5.1365039886e-09 
0 0 -5.1365039886e-09 0 0 -5.1365039886e-09 0 0 -5.1365039886e-09 
0 0 -5.1365039886e-09 0 0 -5.1365039886e-09 0 0 -5.1365039886e-09 
0 0 -5.1365039886e-09 0 0 -5.1365039886e-09 0 0 -5.1365039886e-09 
0 0 -5.1365039886e-09 0 0 -5.1365039886e-09 0 0 -5.1365039886e-09 
0 0 -5.1365039886e-09 0 0 -5.1365039886e-09 0 0 -5.1365039886e-09 
0 0 -5.1365039886e-09 0 0 -5.1365039886e-09 0 0 -5.1365039886e-09 
0 0 -5.1365039886e-09 0 0 -5.1365039886e-09 0 0 -5.1365039886e-09 
0 0 -5.1365039886e-09 0 0 -5.1365039886e-09 0 0 -5.1365039886e-09 
0 0 -5.1365039886e-09 0 0 -5.1365039886e-09 0 0 -5.1365039886e-09 
0 0 -5.1365039886e-09 0 0 -5.1365039886e-09 0 0 -5.1365039886e-09 
0 0 -5.1365039886e-09 0 0 -5.1365039886e-09 0 0 -5.1365039886e-09 
0 0 -5.1365039886e-09 0 0 -5.1365039886e-09 0 0 -5.1365039886e-09 
0 0 -5.1365039886e-09 0 0 -5.1365039886e-09 0 0 -5.1365039886e-09 
0 0 -5.1365039886e-09 0 0 -5.1365039886e-09 0 0 -5.1365039886e-09 
0 0 -5.1365039886e-09 0 0 -5.1365039886e-09 0 0 -5.1365039886e-09 
0 0 -5.1365039886e-09 0 0 -5.1365039886e-09 0 0 -5.1365039886e-09 
0 0 -5.1365039886e-09 0 0 -5.1365039886e-09 0 0 -5.1365039886e-09 
0 0 -5.1365039886e-09 0 0 -5.1365039886e-09 0 0 -5.1365039886e-09 
0 0 -5.1365039886e-09 0 0 -5.1365039886e-09 0 0 -5.1365039886e-09 
0 0 -5.1365039886e-09 0 0 -5.1365039886e-09 0 0 -5.1365039886e-09 
0 0 -5.1365039886e-09 0 0 -5.1365039886e-09 0 0 -5.1365039886e-09 
0 0 -5.1365039886e-09 0 0 -5.1365039886e-09 0 0 -5.1365039886e-09 
0 0 -5.1365039886e-09 0 0 -5.1365039886e-09 0 0 -5.1365039886e-09 
0 0 -5.1365039886e-09 0 0 -5.1365039886e-09 0 0 -5.1365039886e-09 
0 0 -5.1365039886e-09 0 0 -5.1365039886e-09 0 0 -5.1365039886e-09 
0 0 -5.1365039886e-09 0 0 -5.1365039886e-09 0 0 -5.1365039886e-09 
0 0 -5.1365039886e-09 0 0 -5.1365039886e-09 0 0 -5.1365039886e-09 
0 0 -5.1365039886e-09 0 0 -5.1365039886e-09 0 0 -5.1365039886e-09 
0 0 -5.1365039886e-09 0 0 -5.1365039886e-09 0 0 -5.1365039886e-09 
0 0 -5.1365039886e-09 0 0 -5.1365039886e-09 0 0 -5.1365039886e-09 
0 0 -5.1365039886e-09 0 0 -5.1365039886e-09 0 0 -5.1365039886e-09 
0 0 -5.1365039886e-09 0 0 -5.1365039886e-09 0 0 -5.1365039886e-09 
0 0 -5.1365039886e-09 0 0 -5.1365039886e-09 0 0 -5.1365039886e-09 
0 0 -5.1365039886e-09 0 0 -5.1365039886e-09 0 0 -5.1365039886e-09 
0 0 -5.1365039886e-09 0 0 -5.1365039886e-09 0 0 -5.1365039886e-09 
0 0 -5.1365039886e-09 0 0 -5.1365039886e-09 0 0 -5.1365039886e-09 
0 0 -5.1365039886e-09 0 0 -5.1365039886e-09 0 0 -5.1365039886e-09 
0 0 -5.1365039886e-09 0 0 -5.1365039886e-09 0 0 -5.1365039886e-09 
0 0 -5.1365039886e-09 0 0 -5.1365039886e-09 0 0 -5.1365039886e-09 
0 0 -5.1365039886e-09 0 0 -5.1365039886e-09 0 0 -5.1365039886e-09 
0 0 -5.1365039886e-09 0 0 -5.1365039886e-09 0 0 -5.1365039886e-09 
0 0 -5.1365039886e-09 0 0 -5.1365039886e-09 0 0 -5.1365039886e-09 
0 0 -5.1365039886e-09 0 0 -5.1365039886e-09 0 0 -5.1365039886e-09 
0 0 -5.1365039886e-09 0 0 -5.1365039886e-09 0 0 -5.1365039886e-09 
0 0 -5.1365039886e-09 0 0 -5.1365039886e-09 0 0 -5.1365039886e-09 
0 0 -5.1365039886e-09 0 0 -5.1365039886e-09 0 0 -5.1365039886e-09 
0 0 -5.1365039886e-09 0 0 -5.1365039886e-09 0 0 -5.1365039886e-09 
0 0 -5.1365039886e-09 0 0 -5.1365039886e-09 0 0 -5.1365039886e-09 
0 0 -5.1365039886e-09 0 0 -5.1365039886e-09 0 0 -5.1365039886e-09 
0 0 -5.1365039886e-09 0 0 -5.1365039886e-09 0 0 -5.1365039886e-09 
0 0 -5.1365039886e-09 0 0 -5.1365039886e-09 0 0 -5.1365039886e-09 
0 0 -5.1365039886e-09 0 0 -5.1365039886e-09 0 0 -5.1365039886e-09 
0 0 -5.1365039886e-09 0 0 -5.1365039886e-09 0 0 -5.1365039886e-09 
0 0 -5.1365039886e-09 0 0 -5.1365039886e-09 0 0 -5.1365039886e-09 
0 0 -5.1365039886e-09 0 0 -5.1365039886e-09 0 0 -5.1365039886e-09 
0 0 -5.1365039886e-09 0 0 -5.1365039886e-09 0 0 -5.1365039886e-09 
0 0 -5.1365039886e-09 0 0 -5.1365039886e-09 0 0 -5.1365039886e-09 
0 0 -5.1365039886e-09 0 0 -5.1365039886e-09 0 0 -5.1365039886e-09 
0 0 -5.1365039886e-09 0 0 -5.1365039886e-09 0 0 -5.1365039886e-09 
0 0 -5.1365039886e-09 0 0 -5.1365039886e-09 0 0 -5.1365039886e-09 
0 0 -5.1365039886e-09 0 0 -5.1365039886e-09 0 0 -5.1365039886e-09 
0 0 -5.1365039886e-09 0 0 -5.1365039886e-09 0 0 -5.1365039886e-09 
0 0 -5.1365039886e-09 0 0 -5.1365039886e-09 0 0 -5.1365039886e-09 
0 0 -5.1365039886e-09 0 0 -5.1365039886e-09 0 0 -5.1365039886e-09 
0 0 -5.1365039886e-09 0 0 -5.1365039886e-09 0 0 -5.1365039886e-09 
0 0 -5.1365039886e-09 0 0 -5.1365039886e-09 0 0 -5.1365039886e-09 
0 0 -5.1365039886e-09 0 0 -5.1365039886e-09 0 0 -5.1365039886e-09 
0 0 -5.1365039886e-09 0 0 -5.1365039886e-09 0 0 -5.1365039886e-09 
0 0 -5.1365039886e-09 0 0 -5.1365039886e-09 0 0 -5.1365039886e-09 
0 0 -5.1365039886e-09 0 0 -5.1365039886e-09 0 0 -5.1365039886e-09 
0 0 -5.1365039886e-09 0 0 -5.1365039886e-09 0 0 -5.1365039886e-09 
0 0 -5.1365039886e-09 0 0 -5.1365039886e-09 0 0 -5.1365039886e-09 
0 0 -5.1365039886e-09 0 0 -5.1365039886e-09 0 0 -5.1365039886e-09 
0 0 -5.1365039886e-09 0 0 -5.1365039886e-09 0 0 -5.1365039886e-09 
0 0 -5.1365039886e-09 0 0 -5.1365039886e-09 0 0 -5.1365039886e-09 
0 0 -5.1365039886e-09 0 0 -5.1365039886e-09 0 0 -5.1365039886e-09 
0 0 -5.1365039886e-09 0 0 -5.1365039886e-09 0 0 -5.1365039886e-09 
0 0 -5.1365039886e-09 0 0 -5.1365039886e-09 0 0 -5.1365039886e-09 
0 0 -5.1365039886e-09 0 0 -5.1365039886e-09 0 0 -5.1365039886e-09 
0 0 -5.1365039886e-09 0 0 -5.1365039886e-09 0 0 -5.1365039886e-09 
0 0 -5.1365039886e-09 0 0 -5.1365039886e-09 0 0 -5.1365039886e-09 
0 0 -5.1365039886e-09 0 0 -5.1365039886e-09 0 0 -5.1365039886e-09 
0 0 -5.1365039886e-09 0 0 -5.1365039886e-09 0 0 -5.1365039886e-09 
0 0 -5.1365039886e-09 0 0 -5.1365039886e-09 0 0 -5.1365039886e-09 
0 0 -5.1365039886e-09 0 0 -5.1365039886e-09 0 0 -5.1365039886e-09 
0 0 -5.1365039886e-09 0 0 -5.1365039886e-09 0 0 -5.1365039886e-09 
3.8414036657e-08 6.6217870013e-07 -1.7755582353e-07 0 0 -5.1365039886e-09 0 0 -5.1365039886e-09 
0 0 -5.1365039886e-09 0 0 -5.1365039886e-09 0 0 -5.1365039886e-09 
0 0 -5.1365039886e-09 0 0 -5.1365039886e-09 0 0 -5.1365039886e-09 
0 0 -5.1365039886e-09 0 0 -5.1365039886e-09 0 0 -5.1365039886e-09 
0 0 -5.1365039886e-09 0 0 -5.1365039886e-09 0 0 -5.1365039886e-09 
0 0 -5.1365039886e-09 0 0 -5.1365039886e-09 0 0 -5.1365039886e-09 
0 0 -5.1365039886e-09 0 0 -5.1365039886e-09 0 0 -5.1365039886e-09 
0 0 -5.1365039886e-09 0 0 -5.1365039886e-09 0 0 -5.1365039886e-09 
0 0 -5.1365039886e-09 0 0 -5.1365039886e-09 0 0 -5.1365039886e-09 
0 0 -5.1365039886e-09 0 0 -5.1365039886e-09 0 0 -5.1365039886e-09 
0 0 -5.1365039886e-09 0 0 -5.1365039886e-09 0 0 -5.1365039886e-09 
0 0 -5.1365039886e-09 0 0 -5.1365039886e-09 0 0 -5.1365039886e-09 
0 0 -5.1365039886e-09 0 0 -5.1365039886e-09 0 0 -5.1365039886e-09 
0 0 -5.1365039886e-09 0 0 -5.1365039886e-09 0 0 -5.1365039886e-09 
0 0 -5.1365039886e-09 0 0 -5.1365039886e-09 0 0 -5.1365039886e-09 
0 0 -5.1365039886e-09 0 0 -5.1365039886e-09 0 0 -5.1365039886e-09 
0 0 -5.1365039886e-09 0 0 -5.1365039886e-09 0 0 -5.1365039886e-09 
0 0 -5.1365039886e-09 0 0 -5.1365039886e-09 0 0 -5.1365039886e-09 
0 0 -5.1365039886e-09 0 0 -5.1365039886e-09 0 0 -5.1365039886e-09 
0 0 -5.1365039886e-09 0 0 -5.1365039886e-09 0 0 -5.1365039886e-09 
0 0 -5.1365039886e-09 0 0 -5.1365039886e-09 0 0 -5.1365039886e-09 
0 0 -5.1365039886e-09 0 0 -5.1365039886e-09 0 0 -5.1365039886e-09 
0 0 -5.1365039886e-09 0 0 -5.1365039886e-09 -3.8414036657e-08 -6.6217870013e-07 1.6728281556e-07 
0 0 -5.1365039886e-09 0 0 -5.1365039886e-09 0 0 -5.1365039886e-09 
0 0 -5.1365039886e-09 0 0 -5.1365039886e-09 0 0 -5.1365039886e-09 
0 0 -5.1365039886e-09 0 0 -5.1365039886e-09 0 0 -5.1365039886e-09 
0 0 -5.1365039886e-09 0 0 -5.1365039886e-09 0 0 -5.1365039886e-09 
0 0 -5.1365039886e-09 0 0 -5.1365039886e-09 0 0 -5.1365039886e-09 
0 0 -5.1365039886e-09 0 0 -5.1365039886e-09 0 0 -5.1365039886e-09 
0 0 -5.1365039886e-09 0 0 -5.1365039886e-09 0 0 -5.1365039886e-09 
0 0 -5.1365039886e-09 0 0 -5.1365039886e-09 0 0 -5.1365039886e-09 
0 0 -5.1365039886e-09 0 0 -5.1365039886e-09 0 0 -5.1365039886e-09 
0 0 -5.1365039886e-09 0 0 -5.1365039886e-09 0 0 -5.1365039886e-09 
0 0 -5.1365039886e-09 0 0 -5.1365039886e-09 0 0 -5.1365039886e-09 
0 0 -5.1365039886e-09 0 0 -5.1365039886e-09 0 0 -5.1365039886e-09 
0 0 -5.1365039886e-09 0 0 -5.1365039886e-09 0 0 -5.1365039886e-09 
0 0 -5.1365039886e-09 0 0 -5.1365039886e-09 0 0 -5.1365039886e-09 
0 0 -5.1365039886e-09 0 0 -5.1365039886e-09 0 0 -5.1365039886e-09 
0 0 -5.1365039886e-09 0 0 -5.1365039886e-09 0 0 -5.1365039886e-09 
0 0 -5.1365039886e-09 0 0 -5.1365039886e-09 0 0 -5.1365039886e-09 
0 0 -5.1365039886e-09 0 0 -5.1365039886e-09 0 0 -5.1365039886e-09 
0 0 -5.1365039886e-09 0 0 -5.1365039886e-09 0 0 -5.1365039886e-09 
0 0 -5.1365039886e-09 0 0 -5.1365039886e-09 0 0 -5.1365039886e-09 
0 0 -5.1365039886e-09 0 0 -5.1365039886e-09 0 0 -5.1365039886e-09 
0 0 -5.1365039886e-09 0 0 -5.1365039886e-09 0 0 -5.1365039886e-09 
0 0 -5.1365039886e-09 0 0 -5.1365039886e-09 0 0 -5.1365039886e-09 
0 0 -5.1365039886e-09 0 0 -5.1365039886e-09 0 0 -5.1365039886e-09 
0 0 -5.1365039886e-09 0 0 -5.1365039886e-09 0 0 -5.1365039886e-09 
0 0 -5.1365039886e-09 0 0 -5.1365039886e-09 0 0 -5.1365039886e-09 
0 0 -5.1365039886e-09 
radius 1 7003 double
5e-05 5e-05 5e-05 5e-05 5e-05 5e-05 5e-05 5e-05 5e-05 
5e-05 5e-05 5e-05 5e-05 5e-05 5e-05 5e-05 5e-05 5e-05 
5e-05 5e-05 5e-05 5e-05 5e-05 5e-05 5e-05 5e-05 5e-05 
5e-05 5e-05 5e-05 5e-05 5e-05 5e-05 5e-05 5e-05 5e-05 
5e-05 5e-05 5e-05 5e-05 5e-05 5e-05 5e-05 5e-05 5e-05 
5e-05 5e-05 5e-05 5e-05 5e-05 5e-05 5e-05 5e-05 5e-05 
5e-05 5e-05 5e-05 5e-05 5e-05 5e-05 5e-05 5e-05 5e-05 
5e-05 5e-05 5e-05 5e-05 5e-05 5e-05 5e-05 5e-05 5e-05 
5e-05 5e-05 5e-05 5e-05 5e-05 5e-05 5e-05 5e-05 5e-05 
5e-05 5e-05 5e-05 5e-05 5e-05 5e-05 5e-05 5e-05 5e-05 
5e-05 5e-05 5e-05 5e-05 5e-05 5e-05 5e-05 5e-05 5e-05 
5e-05 5e-05 5e-05 5e-05 5e-05 5e-05 5e-05 5e-05 5e-05 
5e-05 5e-05 5e-05 5e-05 5e-05 5e-05 5e-05 5e-05 5e-05 
5e-05 5e-05 5e-05 5e-05 5e-05 5e-05 5e-05 5e-05 5e-05 
5e-05 5e-05 5e-05 5e-05 5e-05 5e-05 5e-05 5e-05 5e-05 
5e-05 5e-05 5e-05 5e-05 5e-05 5e-05 5e-05 5e-05 5e-05 
5e-05 5e-05 5e-05 5e-05 5e-05 5e-05 5e-05 5e-05 5e-05 
5e-05 5e-05 5e-05 5e-05 5e-05 5e-05 5e-05 5e-05 5e-05 
5e-05 5e-05 5e-05 5e-05 5e-05 5e-05 5e-05 5e-05 5e-05 
5e-05 5e-05 5e-05 5e-05 5e-05 5e-05 5e-05 5e-05 5e-05 
5e-05 5e-05 5e-05 5e-05 5e-05 5e-05 5e-05 5e-05 5e-05 
5e-05 5e-05 5e-05 5e-05 5e-05 5e-05 5e-05 5e-05 5e-05 
5e-05 5e-05 5e-05 5e-05 5e-05 5e-05 5e-05 5e-05 5e-05 
5e-05 5e-05 5e-05 5e-05 5e-05 5e-05 5e-05 5e-05 5e-05 
5e-05 5e-05 5e-05 5e-05 5e-05 5e-05 5e-05 5e-05 5e-05 
5e-05 5e-05 5e-05 5e-05 5e-05 5e-05 5e-05 5e-05 5e-05 
5e-05 5e-05 5e-05 5e-05 5e-05 5e-05 5e-05 5e-05 5e-05 
5e-05 5e-05 5e-05 5e-05 5e-05 5e-05 5e-05 5e-05 5e-05 
5e-05 5e-05 5e-05 5e-05 5e-05 5e-05 5e-05 5e-05 5e-05 
5e-05 5e-05 5e-05 5e-05 5e-05 5e-05 5e-05 5e-05 5e-05 
5e-05 5e-05 5e-05 5e-05 5e-05 5e-05 5e-05 5e-05 5e-05 
5e-05 5e-05 5e-05 5e-05 5e-05 5e-05 5e-05 5e-05 5e-05 
5e-05 5e-05 5e-05 5e-05 5e-05 5e-05 5e-05 5e-05 5e-05 
5e-05 5e-05 5e-05 5e-05 5e-05 5e-05 5e-05 5e-05 5e-05 
5e-05 5e-05 5e-05 5e-05 5e-05 5e-05 5e-05 5e-05 5e-05 
5e-05 5e-05 5e-05 5e-05 5e-05 5e-05 5e-05 5e-05 5e-05 
5e-05 5e-05 5e-05 5e-05 5e-05 5e-05 5e-05 5e-05 5e-05 
5e-05 5e-05 5e-05 5e-05 5e-05 5e-05 5e-05 5e-05 5e-05 
5e-05 5e-05 5e-05 5e-05 5e-05 5e-05 5e-05 5e-05 5e-05 
5e-05 5e-05 5e-05 5e-05 5e-05 5e-05 5e-05 5e-05 5e-05 
5e-05 5e-05 5e-05 5e-05 5e-05 5e-05 5e-05 5e-05 5e-05 
5e-05 5e-05 5e-05 5e-05 5e-05 5e-05 5e-05 5e-05 5e-05 
5e-05 5e-05 5e-05 5e-05 5e-05 5e-05 5e-05 5e-05 5e-05 
5e-05 5e-05 5e-05 5e-05 5e-05 5e-05 5e-05 5e-05 5e-05 
5e-05 5e-05 5e-05 5e-05 5e-05 5e-05 5e-05 5e-05 5e-05 
5e-05 5e-05 5e-05 5e-05 5e-05 5e-05 5e-05 5e-05 5e-05 
5e-05 5e-05 5e-05 5e-05 5e-05 5e-05 5e-05 5e-05 5e-05 
5e-05 5e-05 5e-05 5e-05 5e-05 5e-05 5e-05 5e-05 5e-05 
5e-05 5e-05 5e-05 5e-05 5e-05 5e-05 5e-05 5e-05 5e-05 
5e-05 5e-05 5e-05 5e-05 5e-05 5e-05 5e-05 5e-05 5e-05 
5e-05 5e-05 5e-05 5e-05 5e-05 5e-05 5e-05 5e-05 5e-05 
5e-05 5e-05 5e-05 5e-05 5e-05 5e-05 5e-05 5e-05 5e-05 
5e-05 5e-05 5e-05 5e-05 5e-05 5e-05 5e-05 5e-05 5e-05 
5e-05 5e-05 5e-05 5e-05 5e-05 5e-05 5e-05 5e-05 5e-05 
5e-05 5e-05 5e-05 5e-05 5e-05 5e-05 5e-05 5e-05 5e-05 
5e-05 5e-05 5e-05 5e-05 5e-05 5e-05 5e-05 5e-05 5e-05 
5e-05 5e-05 5e-05 5e-05 5e-05 5e-05 5e-05 5e-05 5e-05 
5e-05 5e-05 5e-05 5e-05 5e-05 5e-05 5e-05 5e-05 5e-05 
5e-05 5e-05 5e-05 5e-05 5e-05 5e-05 5e-05 5e-05 5e-05 
5e-05 5e-05 5e-05 5e-05 5e-05 5e-05 5e-05 5e-05 5e-05 
5e-05 5e-05 5e-05 5e-05 5e-05 5e-05 5e-05 5e-05 5e-05 
5e-05 5e-05 5e-05 5e-05 5e-05 5e-05 5e-05 5e-05 5e-05 
5e-05 5e-05 5e-05 5e-05 5e-05 5e-05 5e-05 5e-05 5e-05 
5e-05 5e-05 5e-05 5e-05 5e-05 5e-05 5e-05 5e-05 5e-05 
5e-05 5e-05 5e-05 5e-05 5e-05 5e-05 5e-05 5e-05 5e-05 
5e-05 5e-05 5e-05 5e-05 5e-05 5e-05 5e-05 5e-05 5e-05 
5e-05 5e-05 5e-05 5e-05 5e-05 5e-05 5e-05 5e-05 5e-05 
5e-05 5e-05 5e-05 5e-05 5e-05 5e-05 5e-05 5e-05 5e-05 
5e-05 5e-05 5e-05 5e-05 5e-05 5e-05 5e-05 5e-05 5e-05 
5e-05 5e-05 5e-05 5e-05 5e-05 5e-05 5e-05 5e-05 5e-05 
5e-05 5e-05 5e-05 5e-05 5e-05 5e-05 5e-05 5e-05 5e-05 
5e-05 5e-05 5e-05 5e-05 5e-05 5e-05 5e-05 5e-05 5e-05 
5e-05 5e-05 5e-05 5e-05 5e-05 5e-05 5e-05 5e-05 5e-05 
5e-05 5e-05 5e-05 5e-05 5e-05 5e-05 5e-05 5e-05 5e-05 
5e-05 5e-05 5e-05 5e-05 5e-05 5e-05 5e-05 5e-05 5e-05 
5e-05 5e-05 5e-05 5e-05 5e-05 5e-05 5e-05 5e-05 5e-05 
5e-05 5e-05 5e-05 5e-05 5e-05 5e-05 5e-05 5e-05 5e-05 
5e-05 5e-05 5e-05 5e-05 5e-05 5e-05 5e-05 5e-05 5e-05 
5e-05 5e-05 5e-05 5e-05 5e-05 5e-05 5e-05 5e-05 5e-05 
5e-05 5e-05 5e-05 5e-05 5e-05 5e-05 5e-05 5e-05 5e-05 
5e-05 5e-05 5e-05 5e-05 5e-05 5e-05 5e-05 5e-05 5e-05 
5e-05 5e-05 5e-05 5e-05 5e-05 5e-05 5e-05 5e-05 5e-05 
5e-05 5e-05 5e-05 5e-05 5e-05 5e-05 5e-05 5e-05 5e-05 
5e-05 5e-05 5e-05 5e-05 5e-05 5e-05 5e-05 5e-05 5e-05 
5e-05 5e-05 5e-05 5e-05 5e-05 5e-05 5e-05 5e-05 5e-05 
5e-05 5e-05 5e-05 5e-05 5e-05 5e-05 5e-05 5e-05 5e-05 
5e-05 5e-05 5e-05 5e-05 5e-05 5e-05 5e-05 5e-05 5e-05 
5e-05 5e-05 5e-05 5e-05 5e-05 5e-05 5e-05 5e-05 5e-05 
5e-05 5e-05 5e-05 5e-05 5e-05 5e-05 5e-05 5e-05 5e-05 
5e-05 5e-05 5e-05 5e-05 5e-05 5e-05 5e-05 5e-05 5e-05 
5e-05 5e-05 5e-05 5e-05 5e-05 5e-05 5e-05 5e-05 5e-05 
5e-05 5e-05 5e-05 5e-05 5e-05 5e-05 5e-05 5e-05 5e-05 
5e-05 5e-05 5e-05 5e-05 5e-05 5e-05 5e-05 5e-05 5e-05 
5e-05 5e-05 5e-05 5e-05 5e-05 5e-05 5e-05 5e-05 5e-05 
5e-05 5e-05 5e-05 5e-05 5e-05 5e-05 5e-05 5e-05 5e-05 
5e-05 5e-05 5e-05 5e-05 5e-05 5e-05 5e-05 5e-05 5e-05 
5e-05 5e-05 5e-05 5e-05 5e-05 5e-05 5e-05 5e-05 5e-05 
5e-05 5e-05 5e-05 5e-05 5e-05 5e-05 5e-05 5e-05 5e-05 
5e-05 5e-05 5e-05 5e-05 5e-05 5e-05 5e-05 5e-05 5e-05 
5e-05 5e-05 5e-05 5e-05 5e-05 5e-05 5e-05 5e-05 5e-05 
5e-05 5e-05 5e-05 5e-05 5e-05 5e-05 5e-05 5e-05 5e-05 
5e-05 5e-05 5e-05 5e-05 5e-05 5e-05 5e-05 5e-05 5e-05 
5e-05 5e-05 5e-05 5e-05 5e-05 5e-05 5e-05 5e-05 5e-05 
5e-05 5e-05 5e-05 5e-05 5e-05 5e-05 5e-05 5e-05 5e-05 
5e-05 5e-05 5e-05 5e-05 5e-05 5e-05 5e-05 5e-05 5e-05 
5e-05 5e-05 5e-05 5e-05 5e-05 5e-05 5e-05 5e-05 5e-05 
5e-05 5e-05 5e-05 5e-05 5e-05 5e-05 5e-05 5e-05 5e-05 
5e-05 5e-05 5e-05 5e-05 5e-05 5e-05 5e-05 5e-05 5e-05 
5e-05 5e-05 5e-05 5e-05 5e-05 5e-05 5e-05 5e-05 5e-05 
5e-05 5e-05 5e-05 5e-05 5e-05 5e-05 5e-05 5e-05 5e-05 
5e-05 5e-05 5e-05 5e-05 5e-05 5e-05 5e-05 5e-05 5e-05 
5e-05 5e-05 5e-05 5e-05 5e-05 5e-05 5e-05 5e-05 5e-05 
5e-05 5e-05 5e-05 5e-05 5e-05 5e-05 5e-05 5e-05 5e-05 
5e-05 5e-05 5e-05 5e-05 5e-05 5e-05 5e-05 5e-05 5e-05 
5e-05 5e-05 5e-05 5e-05 5e-05 5e-05 5e-05 5e-05 5e-05 
5e-05 5e-05 5e-05 5e-05 5e-05 5e-05 5e-05 5e-05 5e-05 
5e-05 5e-05 5e-05 5e-05 5e-05 5e-05 5e-05 5e-05 5e-05 
5e-05 5e-05 5e-05 5e-05 5e-05 5e-05 5e-05 5e-05 5e-05 
5e-05 5e-05 5e-05 5e-05 5e-05 5e-05 5e-05 5e-05 5e-05 
5e-05 5e-05 5e-05 5e-05 5e-05 5e-05 5e-05 5e-05 5e-05 
5e-05 5e-05 5e-05 5e-05 5e-05 5e-05 5e-05 5e-05 5e-05 
5e-05 5e-05 5e-05 5e-05 5e-05 5e-05 5e-05 5e-05 5e-05 
5e-05 5e-05 5e-05 5e-05 5e-05 5e-05 5e-05 5e-05 5e-05 
5e-05 5e-05 5e-05 5e-05 5e-05 5e-05 5e-05 5e-05 5e-05 
5e-05 5e-05 5e-05 5e-05 5e-05 5e-05 5e-05 5e-05 5e-05 
5e-05 5e-05 5e-05 5e-05 5e-05 5e-05 5e-05 5e-05 5e-05 
5e-05 5e-05 5e-05 5e-05 5e-05 5e-05 5e-05 5e-05 5e-05 
5e-05 5e-05 5e-05 5e-05 5e-05 5e-05 5e-05 5e-05 5e-05 
5e-05 5e-05 5e-05 5e-05 5e-05 5e-05 5e-05 5e-05 5e-05 
5e-05 5e-05 5e-05 5e-05 5e-05 5e-05 5e-05 5e-05 5e-05 
5e-05 5e-05 5e-05 5e-05 5e-05 5e-05 5e-05 5e-05 5e-05 
5e-05 5e-05 5e-05 5e-05 5e-05 5e-05 5e-05 5e-05 5e-05 
5e-05 5e-05 5e-05 5e-05 5e-05 5e-05 5e-05 5e-05 5e-05 
5e-05 5e-05 5e-05 5e-05 5e-05 5e-05 5e-05 5e-05 5e-05 
5e-05 5e-05 5e-05 5e-05 5e-05 5e-05 5e-05 5e-05 5e-05 
5e-05 5e-05 5e-05 5e-05 5e-05 5e-05 5e-05 5e-05 5e-05 
5e-05 5e-05 5e-05 5e-05 5e-05 5e-05 5e-05 5e-05 5e-05 
5e-05 5e-05 5e-05 5e-05 5e-05 5e-05 5e-05 5e-05 5e-05 
5e-05 5e-05 5e-05 5e-05 5e-05 5e-05 5e-05 5e-05 5e-05 
5e-05 5e-05 5e-05 5e-05 5e-05 5e-05 5e-05 5e-05 5e-05 
5e-05 5e-05 5e-05 5e-05 5e-05 5e-05 5e-05 5e-05 5e-05 
5e-05 5e-05 5e-05 5e-05 5e-05 5e-05 5e-05 5e-05 5e-05 
5e-05 5e-05 5e-05 5e-05 5e-05 5e-05 5e-05 5e-05 5e-05 
5e-05 5e-05 5e-05 5e-05 5e-05 5e-05 5e-05 5e-05 5e-05 
5e-05 5e-05 5e-05 5e-05 5e-05 5e-05 5e-05 5e-05 5e-05 
5e-05 5e-05 5e-05 5e-05 5e-05 5e-05 5e-05 5e-05 5e-05 
5e-05 5e-05 5e-05 5e-05 5e-05 5e-05 5e-05 5e-05 5e-05 
5e-05 5e-05 5e-05 5e-05 5e-05 5e-05 5e-05 5e-05 5e-05 
5e-05 5e-05 5e-05 5e-05 5e-05 5e-05 5e-05 5e-05 5e-05 
5e-05 5e-05 5e-05 5e-05 5e-05 5e-05 5e-05 5e-05 5e-05 
5e-05 5e-05 5e-05 5e-05 5e-05 5e-05 5e-05 5e-05 5e-05 
5e-05 5e-05 5e-05 5e-05 5e-05 5e-05 5e-05 5e-05 5e-05 
5e-05 5e-05 5e-05 5e-05 5e-05 5e-05 5e-05 5e-05 5e-05 
5e-05 5e-05 5e-05 5e-05 5e-05 5e-05 5e-05 5e-05 5e-05 
5e-05 5e-05 5e-05 5e-05 5e-05 5e-05 5e-05 5e-05 5e-05 
5e-05 5e-05 5e-05 5e-05 5e-05 5e-05 5e-05 5e-05 5e-05 
5e-05 5e-05 5e-05 5e-05 5e-05 5e-05 5e-05 5e-05 5e-05 
5e-05 5e-05 5e-05 5e-05 5e-05 5e-05 5e-05 5e-05 5e-05 
5e-05 5e-05 5e-05 5e-05 5e-05 5e-05 5e-05 5e-05 5e-05 
5e-05 5e-05 5e-05 5e-05 5e-05 5e-05 5e-05 5e-05 5e-05 
5e-05 5e-05 5e-05 5e-05 5e-05 5e-05 5e-05 5e-05 5e-05 
5e-05 5e-05 5e-05 5e-05 5e-05 5e-05 5e-05 5e-05 5e-05 
5e-05 5e-05 5e-05 5e-05 5e-05 5e-05 5e-05 5e-05 5e-05 
5e-05 5e-05 5e-05 5e-05 5e-05 5e-05 5e-05 5e-05 5e-05 
5e-05 5e-05 5e-05 5e-05 5e-05 5e-05 5e-05 5e-05 5e-05 
5e-05 5e-05 5e-05 5e-05 5e-05 5e-05 5e-05 5e-05 5e-05 
5e-05 5e-05 5e-05 5e-05 5e-05 5e-05 5e-05 5e-05 5e-05 
5e-05 5e-05 5e-05 5e-05 5e-05 5e-05 5e-05 5e-05 5e-05 
5e-05 5e-05 5e-05 5e-05 5e-05 5e-05 5e-05 5e-05 5e-05 
5e-05 5e-05 5e-05 5e-05 5e-05 5e-05 5e-05 5e-05 5e-05 
5e-05 5e-05 5e-05 5e-05 5e-05 5e-05 5e-05 5e-05 5e-05 
5e-05 5e-05 5e-05 5e-05 5e-05 5e-05 5e-05 5e-05 5e-05 
5e-05 5e-05 5e-05 5e-05 5e-05 5e-05 5e-05 5e-05 5e-05 
5e-05 5e-05 5e-05 5e-05 5e-05 5e-05 5e-05 5e-05 5e-05 
5e-05 5e-05 5e-05 5e-05 5e-05 5e-05 5e-05 5e-05 5e-05 
5e-05 5e-05 5e-05 5e-05 5e-05 5e-05 5e-05 5e-05 5e-05 
5e-05 5e-05 5e-05 5e-05 5e-05 5e-05 5e-05 5e-05 5e-05 
5e-05 5e-05 5e-05 5e-05 5e-05 5e-05 5e-05 5e-05 5e-05 
5e-05 5e-05 5e-05 5e-05 5e-05 5e-05 5e-05 5e-05 5e-05 
5e-05 5e-05 5e-05 5e-05 5e-05 5e-05 5e-05 5e-05 5e-05 
5e-05 5e-05 5e-05 5e-05 5e-05 5e-05 5e-05 5e-05 5e-05 
5e-05 5e-05 5e-05 5e-05 5e-05 5e-05 5e-05 5e-05 5e-05 
5e-05 5e-05 5e-05 5e-05 5e-05 5e-05 5e-05 5e-05 5e-05 
5e-05 5e-05 5e-05 5e-05 5e-05 5e-05 5e-05 5e-05 5e-05 
5e-05 5e-05 5e-05 5e-05 5e-05 5e-05 5e-05 5e-05 5e-05 
5e-05 5e-05 5e-05 5e-05 5e-05 5e-05 5e-05 5e-05 5e-05 
5e-05 5e-05 5e-05 5e-05 5e-05 5e-05 5e-05 5e-05 5e-05 
5e-05 5e-05 5e-05 5e-05 5e-05 5e-05 5e-05 5e-05 5e-05 
5e-05 5e-05 5e-05 5e-05 5e-05 5e-05 5e-05 5e-05 5e-05 
5e-05 5e-05 5e-05 5e-05 5e-05 5e-05 5e-05 5e-05 5e-05 
5e-05 5e-05 5e-05 5e-05 5e-05 5e-05 5e-05 5e-05 5e-05 
5e-05 5e-05 5e-05 5e-05 5e-05 5e-05 5e-05 5e-05 5e-05 
5e-05 5e-05 5e-05 5e-05 5e-05 5e-05 5e-05 5e-05 5e-05 
5e-05 5e-05 5e-05 5e-05 5e-05 5e-05 5e-05 5e-05 5e-05 
5e-05 5e-05 5e-05 5e-05 5e-05 5e-05 5e-05 5e-05 5e-05 
5e-05 5e-05 5e-05 5e-05 5e-05 5e-05 5e-05 5e-05 5e-05 
5e-05 5e-05 5e-05 5e-05 5e-05 5e-05 5e-05 5e-05 5e-05 
5e-05 5e-05 5e-05 5e-05 5e-05 5e-05 5e-05 5e-05 5e-05 
5e-05 5e-05 5e-05 5e-05 5e-05 5e-05 5e-05 5e-05 5e-05 
5e-05 5e-05 5e-05 5e-05 5e-05 5e-05 5e-05 5e-05 5e-05 
5e-05 5e-05 5e-05 5e-05 5e-05 5e-05 5e-05 5e-05 5e-05 
5e-05 5e-05 5e-05 5e-05 5e-05 5e-05 5e-05 5e-05 5e-05 
5e-05 5e-05 5e-05 5e-05 5e-05 5e-05 5e-05 5e-05 5e-05 
5e-05 5e-05 5e-05 5e-05 5e-05 5e-05 5e-05 5e-05 5e-05 
5e-05 5e-05 5e-05 5e-05 5e-05 5e-05 5e-05 5e-05 5e-05 
5e-05 5e-05 5e-05 5e-05 5e-05 5e-05 5e-05 5e-05 5e-05 
5e-05 5e-05 5e-05 5e-05 5e-05 5e-05 5e-05 5e-05 5e-05 
5e-05 5e-05 5e-05 5e-05 5e-05 5e-05 5e-05 5e-05 5e-05 
5e-05 5e-05 5e-05 5e-05 5e-05 5e-05 5e-05 5e-05 5e-05 
5e-05 5e-05 5e-05 5e-05 5e-05 5e-05 5e-05 5e-05 5e-05 
5e-05 5e-05 5e-05 5e-05 5e-05 5e-05 5e-05 5e-05 5e-05 
5e-05 5e-05 5e-05 5e-05 5e-05 5e-05 5e-05 5e-05 5e-05 
5e-05 5e-05 5e-05 5e-05 5e-05 5e-05 5e-05 5e-05 5e-05 
5e-05 5e-05 5e-05 5e-05 5e-05 5e-05 5e-05 5e-05 5e-05 
5e-05 5e-05 5e-05 5e-05 5e-05 5e-05 5e-05 5e-05 5e-05 
5e-05 5e-05 5e-05 5e-05 5e-05 5e-05 5e-05 5e-05 5e-05 
5e-05 5e-05 5e-05 5e-05 5e-05 5e-05 5e-05 5e-05 5e-05 
5e-05 5e-05 5e-05 5e-05 5e-05 5e-05 5e-05 5e-05 5e-05 
5e-05 5e-05 5e-05 5e-05 5e-05 5e-05 5e-05 5e-05 5e-05 
5e-05 5e-05 5e-05 5e-05 5e-05 5e-05 5e-05 5e-05 5e-05 
5e-05 5e-05 5e-05 5e-05 5e-05 5e-05 5e-05 5e-05 5e-05 
5e-05 5e-05 5e-05 5e-05 5e-05 5e-05 5e-05 5e-05 5e-05 
5e-05 5e-05 5e-05 5e-05 5e-05 5e-05 5e-05 5e-05 5e-05 
5e-05 5e-05 5e-05 5e-05 5e-05 5e-05 5e-05 5e-05 5e-05 
5e-05 5e-05 5e-05 5e-05 5e-05 5e-05 5e-05 5e-05 5e-05 
5e-05 5e-05 5e-05 5e-05 5e-05 5e-05 5e-05 5e-05 5e-05 
5e-05 5e-05 5e-05 5e-05 5e-05 5e-05 5e-05 5e-05 5e-05 
5e-05 5e-05 5e-05 5e-05 5e-05 5e-05 5e-05 5e-05 5e-05 
5e-05 5e-05 5e-05 5e-05 5e-05 5e-05 5e-05 5e-05 5e-05 
5e-05 5e-05 5e-05 5e-05 5e-05 5e-05 5e-05 5e-05 5e-05 
5e-05 5e-05 5e-05 5e-05 5e-05 5e-05 5e-05 5e-05 5e-05 
5e-05 5e-05 5e-05 5e-05 5e-05 5e-05 5e-05 5e-05 5e-05 
5e-05 5e-05 5e-05 5e-05 5e-05 5e-05 5e-05 5e-05 5e-05 
5e-05 5e-05 5e-05 5e-05 5e-05 5e-05 5e-05 5e-05 5e-05 
5e-05 5e-05 5e-05 5e-05 5e-05 5e-05 5e-05 5e-05 5e-05 
5e-05 5e-05 5e-05 5e-05 5e-05 5e-05 5e-05 5e-05 5e-05 
5e-05 5e-05 5e-05 5e-05 5e-05 5e-05 5e-05 5e-05 5e-05 
5e-05 5e-05 5e-05 5e-05 5e-05 5e-05 5e-05 5e-05 5e-05 
5e-05 5e-05 5e-05 5e-05 5e-05 5e-05 5e-05 5e-05 5e-05 
5e-05 5e-05 5e-05 5e-05 5e-05 5e-05 5e-05 5e-05 5e-05 
5e-05 5e-05 5e-05 5e-05 5e-05 5e-05 5e-05 5e-05 5e-05 
5e-05 5e-05 5e-05 5e-05 5e-05 5e-05 5e-05 5e-05 5e-05 
5e-05 5e-05 5e-05 5e-05 5e-05 5e-05 5e-05 5e-05 5e-05 
5e-05 5e-05 5e-05 5e-05 5e-05 5e-05 5e-05 5e-05 5e-05 
5e-05 5e-05 5e-05 5e-05 5e-05 5e-05 5e-05 5e-05 5e-05 
5e-05 5e-05 5e-05 5e-05 5e-05 5e-05 5e-05 5e-05 5e-05 
5e-05 5e-05 5e-05 5e-05 5e-05 5e-05 5e-05 5e-05 5e-05 
5e-05 5e-05 5e-05 5e-05 5e-05 5e-05 5e-05 5e-05 5e-05 
5e-05 5e-05 5e-05 5e-05 5e-05 5e-05 5e-05 5e-05 5e-05 
5e-05 5e-05 5e-05 5e-05 5e-05 5e-05 5e-05 5e-05 5e-05 
5e-05 5e-05 5e-05 5e-05 5e-05 5e-05 5e-05 5e-05 5e-05 
5e-05 5e-05 5e-05 5e-05 5e-05 5e-05 5e-05 5e-05 5e-05 
5e-05 5e-05 5e-05 5e-05 5e-05 5e-05 5e-05 5e-05 5e-05 
5e-05 5e-05 5e-05 5e-05 5e-05 5e-05 5e-05 5e-05 5e-05 
5e-05 5e-05 5e-05 5e-05 5e-05 5e-05 5e-05 5e-05 5e-05 
5e-05 5e-05 5e-05 5e-05 5e-05 5e-05 5e-05 5e-05 5e-05 
5e-05 5e-05 5e-05 5e-05 5e-05 5e-05 5e-05 5e-05 5e-05 
5e-05 5e-05 5e-05 5e-05 5e-05 5e-05 5e-05 5e-05 5e-05 
5e-05 5e-05 5e-05 5e-05 5e-05 5e-05 5e-05 5e-05 5e-05 
5e-05 5e-05 5e-05 5e-05 5e-05 5e-05 5e-05 5e-05 5e-05 
5e-05 5e-05 5e-05 5e-05 5e-05 5e-05 5e-05 5e-05 5e-05 
5e-05 5e-05 5e-05 5e-05 5e-05 5e-05 5e-05 5e-05 5e-05 
5e-05 5e-05 5e-05 5e-05 5e-05 5e-05 5e-05 5e-05 5e-05 
5e-05 5e-05 5e-05 5e-05 5e-05 5e-05 5e-05 5e-05 5e-05 
5e-05 5e-05 5e-05 5e-05 5e-05 5e-05 5e-05 5e-05 5e-05 
5e-05 5e-05 5e-05 5e-05 5e-05 5e-05 5e-05 5e-05 5e-05 
5e-05 5e-05 5e-05 5e-05 5e-05 5e-05 5e-05 5e-05 5e-05 
5e-05 5e-05 5e-05 5e-05 5e-05 5e-05 5e-05 5e-05 5e-05 
5e-05 5e-05 5e-05 5e-05 5e-05 5e-05 5e-05 5e-05 5e-05 
5e-05 5e-05 5e-05 5e-05 5e-05 5e-05 5e-05 5e-05 5e-05 
5e-05 5e-05 5e-05 5e-05 5e-05 5e-05 5e-05 5e-05 5e-05 
5e-05 5e-05 5e-05 5e-05 5e-05 5e-05 5e-05 5e-05 5e-05 
5e-05 5e-05 5e-05 5e-05 5e-05 5e-05 5e-05 5e-05 5e-05 
5e-05 5e-05 5e-05 5e-05 5e-05 5e-05 5e-05 5e-05 5e-05 
5e-05 5e-05 5e-05 5e-05 5e-05 5e-05 5e-05 5e-05 5e-05 
5e-05 5e-05 5e-05 5e-05 5e-05 5e-05 5e-05 5e-05 5e-05 
5e-05 5e-05 5e-05 5e-05 5e-05 5e-05 5e-05 5e-05 5e-05 
5e-05 5e-05 5e-05 5e-05 5e-05 5e-05 5e-05 5e-05 5e-05 
5e-05 5e-05 5e-05 5e-05 5e-05 5e-05 5e-05 5e-05 5e-05 
5e-05 5e-05 5e-05 5e-05 5e-05 5e-05 5e-05 5e-05 5e-05 
5e-05 5e-05 5e-05 5e-05 5e-05 5e-05 5e-05 5e-05 5e-05 
5e-05 5e-05 5e-05 5e-05 5e-05 5e-05 5e-05 5e-05 5e-05 
5e-05 5e-05 5e-05 5e-05 5e-05 5e-05 5e-05 5e-05 5e-05 
5e-05 5e-05 5e-05 5e-05 5e-05 5e-05 5e-05 5e-05 5e-05 
5e-05 5e-05 5e-05 5e-05 5e-05 5e-05 5e-05 5e-05 5e-05 
5e-05 5e-05 5e-05 5e-05 5e-05 5e-05 5e-05 5e-05 5e-05 
5e-05 5e-05 5e-05 5e-05 5e-05 5e-05 5e-05 5e-05 5e-05 
5e-05 5e-05 5e-05 5e-05 5e-05 5e-05 5e-05 5e-05 5e-05 
5e-05 5e-05 5e-05 5e-05 5e-05 5e-05 5e-05 5e-05 5e-05 
5e-05 5e-05 5e-05 5e-05 5e-05 5e-05 5e-05 5e-05 5e-05 
5e-05 5e-05 5e-05 5e-05 5e-05 5e-05 5e-05 5e-05 5e-05 
5e-05 5e-05 5e-05 5e-05 5e-05 5e-05 5e-05 5e-05 5e-05 
5e-05 5e-05 5e-05 5e-05 5e-05 5e-05 5e-05 5e-05 5e-05 
5e-05 5e-05 5e-05 5e-05 5e-05 5e-05 5e-05 5e-05 5e-05 
5e-05 5e-05 5e-05 5e-05 5e-05 5e-05 5e-05 5e-05 5e-05 
5e-05 5e-05 5e-05 5e-05 5e-05 5e-05 5e-05 5e-05 5e-05 
5e-05 5e-05 5e-05 5e-05 5e-05 5e-05 5e-05 5e-05 5e-05 
5e-05 5e-05 5e-05 5e-05 5e-05 5e-05 5e-05 5e-05 5e-05 
5e-05 5e-05 5e-05 5e-05 5e-05 5e-05 5e-05 5e-05 5e-05 
5e-05 5e-05 5e-05 5e-05 5e-05 5e-05 5e-05 5e-05 5e-05 
5e-05 5e-05 5e-05 5e-05 5e-05 5e-05 5e-05 5e-05 5e-05 
5e-05 5e-05 5e-05 5e-05 5e-05 5e-05 5e-05 5e-05 5e-05 
5e-05 5e-05 5e-05 5e-05 5e-05 5e-05 5e-05 5e-05 5e-05 
5e-05 5e-05 5e-05 5e-05 5e-05 5e-05 5e-05 5e-05 5e-05 
5e-05 5e-05 5e-05 5e-05 5e-05 5e-05 5e-05 5e-05 5e-05 
5e-05 5e-05 5e-05 5e-05 5e-05 5e-05 5e-05 5e-05 5e-05 
5e-05 5e-05 5e-05 5e-05 5e-05 5e-05 5e-05 5e-05 5e-05 
5e-05 5e-05 5e-05 5e-05 5e-05 5e-05 5e-05 5e-05 5e-05 
5e-05 5e-05 5e-05 5e-05 5e-05 5e-05 5e-05 5e-05 5e-05 
5e-05 5e-05 5e-05 5e-05 5e-05 5e-05 5e-05 5e-05 5e-05 
5e-05 5e-05 5e-05 5e-05 5e-05 5e-05 5e-05 5e-05 5e-05 
5e-05 5e-05 5e-05 5e-05 5e-05 5e-05 5e-05 5e-05 5e-05 
5e-05 5e-05 5e-05 5e-05 5e-05 5e-05 5e-05 5e-05 5e-05 
5e-05 5e-05 5e-05 5e-05 5e-05 5e-05 5e-05 5e-05 5e-05 
5e-05 5e-05 5e-05 5e-05 5e-05 5e-05 5e-05 5e-05 5e-05 
5e-05 5e-05 5e-05 5e-05 5e-05 5e-05 5e-05 5e-05 5e-05 
5e-05 5e-05 5e-05 5e-05 5e-05 5e-05 5e-05 5e-05 5e-05 
5e-05 5e-05 5e-05 5e-05 5e-05 5e-05 5e-05 5e-05 5e-05 
5e-05 5e-05 5e-05 5e-05 5e-05 5e-05 5e-05 5e-05 5e-05 
5e-05 5e-05 5e-05 5e-05 5e-05 5e-05 5e-05 5e-05 5e-05 
5e-05 5e-05 5e-05 5e-05 5e-05 5e-05 5e-05 5e-05 5e-05 
5e-05 5e-05 5e-05 5e-05 5e-05 5e-05 5e-05 5e-05 5e-05 
5e-05 5e-05 5e-05 5e-05 5e-05 5e-05 5e-05 5e-05 5e-05 
5e-05 5e-05 5e-05 5e-05 5e-05 5e-05 5e-05 5e-05 5e-05 
5e-05 5e-05 5e-05 5e-05 5e-05 5e-05 5e-05 5e-05 5e-05 
5e-05 5e-05 5e-05 5e-05 5e-05 5e-05 5e-05 5e-05 5e-05 
5e-05 5e-05 5e-05 5e-05 5e-05 5e-05 5e-05 5e-05 5e-05 
5e-05 5e-05 5e-05 5e-05 5e-05 5e-05 5e-05 5e-05 5e-05 
5e-05 5e-05 5e-05 5e-05 5e-05 5e-05 5e-05 5e-05 5e-05 
5e-05 5e-05 5e-05 5e-05 5e-05 5e-05 5e-05 5e-05 5e-05 
5e-05 5e-05 5e-05 5e-05 5e-05 5e-05 5e-05 5e-05 5e-05 
5e-05 5e-05 5e-05 5e-05 5e-05 5e-05 5e-05 5e-05 5e-05 
5e-05 5e-05 5e-05 5e-05 5e-05 5e-05 5e-05 5e-05 5e-05 
5e-05 5e-05 5e-05 5e-05 5e-05 5e-05 5e-05 5e-05 5e-05 
5e-05 5e-05 5e-05 5e-05 5e-05 5e-05 5e-05 5e-05 5e-05 
5e-05 5e-05 5e-05 5e-05 5e-05 5e-05 5e-05 5e-05 5e-05 
5e-05 5e-05 5e-05 5e-05 5e-05 5e-05 5e-05 5e-05 5e-05 
5e-05 5e-05 5e-05 5e-05 5e-05 5e-05 5e-05 5e-05 5e-05 
5e-05 5e-05 5e-05 5e-05 5e-05 5e-05 5e-05 5e-05 5e-05 
5e-05 5e-05 5e-05 5e-05 5e-05 5e-05 5e-05 5e-05 5e-05 
5e-05 5e-05 5e-05 5e-05 5e-05 5e-05 5e-05 5e-05 5e-05 
5e-05 5e-05 5e-05 5e-05 5e-05 5e-05 5e-05 5e-05 5e-05 
5e-05 5e-05 5e-05 5e-05 5e-05 5e-05 5e-05 5e-05 5e-05 
5e-05 5e-05 5e-05 5e-05 5e-05 5e-05 5e-05 5e-05 5e-05 
5e-05 5e-05 5e-05 5e-05 5e-05 5e-05 5e-05 5e-05 5e-05 
5e-05 5e-05 5e-05 5e-05 5e-05 5e-05 5e-05 5e-05 5e-05 
5e-05 5e-05 5e-05 5e-05 5e-05 5e-05 5e-05 5e-05 5e-05 
5e-05 5e-05 5e-05 5e-05 5e-05 5e-05 5e-05 5e-05 5e-05 
5e-05 5e-05 5e-05 5e-05 5e-05 5e-05 5e-05 5e-05 5e-05 
5e-05 5e-05 5e-05 5e-05 5e-05 5e-05 5e-05 5e-05 5e-05 
5e-05 5e-05 5e-05 5e-05 5e-05 5e-05 5e-05 5e-05 5e-05 
5e-05 5e-05 5e-05 5e-05 5e-05 5e-05 5e-05 5e-05 5e-05 
5e-05 5e-05 5e-05 5e-05 5e-05 5e-05 5e-05 5e-05 5e-05 
5e-05 5e-05 5e-05 5e-05 5e-05 5e-05 5e-05 5e-05 5e-05 
5e-05 5e-05 5e-05 5e-05 5e-05 5e-05 5e-05 5e-05 5e-05 
5e-05 5e-05 5e-05 5e-05 5e-05 5e-05 5e-05 5e-05 5e-05 
5e-05 5e-05 5e-05 5e-05 5e-05 5e-05 5e-05 5e-05 5e-05 
5e-05 5e-05 5e-05 5e-05 5e-05 5e-05 5e-05 5e-05 5e-05 
5e-05 5e-05 5e-05 5e-05 5e-05 5e-05 5e-05 5e-05 5e-05 
5e-05 5e-05 5e-05 5e-05 5e-05 5e-05 5e-05 5e-05 5e-05 
5e-05 5e-05 5e-05 5e-05 5e-05 5e-05 5e-05 5e-05 5e-05 
5e-05 5e-05 5e-05 5e-05 5e-05 5e-05 5e-05 5e-05 5e-05 
5e-05 5e-05 5e-05 5e-05 5e-05 5e-05 5e-05 5e-05 5e-05 
5e-05 5e-05 5e-05 5e-05 5e-05 5e-05 5e-05 5e-05 5e-05 
5e-05 5e-05 5e-05 5e-05 5e-05 5e-05 5e-05 5e-05 5e-05 
5e-05 5e-05 5e-05 5e-05 5e-05 5e-05 5e-05 5e-05 5e-05 
5e-05 5e-05 5e-05 5e-05 5e-05 5e-05 5e-05 5e-05 5e-05 
5e-05 5e-05 5e-05 5e-05 5e-05 5e-05 5e-05 5e-05 5e-05 
5e-05 5e-05 5e-05 5e-05 5e-05 5e-05 5e-05 5e-05 5e-05 
5e-05 5e-05 5e-05 5e-05 5e-05 5e-05 5e-05 5e-05 5e-05 
5e-05 5e-05 5e-05 5e-05 5e-05 5e-05 5e-05 5e-05 5e-05 
5e-05 5e-05 5e-05 5e-05 5e-05 5e-05 5e-05 5e-05 5e-05 
5e-05 5e-05 5e-05 5e-05 5e-05 5e-05 5e-05 5e-05 5e-05 
5e-05 5e-05 5e-05 5e-05 5e-05 5e-05 5e-05 5e-05 5e-05 
5e-05 5e-05 5e-05 5e-05 5e-05 5e-05 5e-05 5e-05 5e-05 
5e-05 5e-05 5e-05 5e-05 5e-05 5e-05 5e-05 5e-05 5e-05 
5e-05 5e-05 5e-05 5e-05 5e-05 5e-05 5e-05 5e-05 5e-05 
5e-05 5e-05 5e-05 5e-05 5e-05 5e-05 5e-05 5e-05 5e-05 
5e-05 5e-05 5e-05 5e-05 5e-05 5e-05 5e-05 5e-05 5e-05 
5e-05 5e-05 5e-05 5e-05 5e-05 5e-05 5e-05 5e-05 5e-05 
5e-05 5e-05 5e-05 5e-05 5e-05 5e-05 5e-05 5e-05 5e-05 
5e-05 5e-05 5e-05 5e-05 5e-05 5e-05 5e-05 5e-05 5e-05 
5e-05 5e-05 5e-05 5e-05 5e-05 5e-05 5e-05 5e-05 5e-05 
5e-05 5e-05 5e-05 5e-05 5e-05 5e-05 5e-05 5e-05 5e-05 
5e-05 5e-05 5e-05 5e-05 5e-05 5e-05 5e-05 5e-05 5e-05 
5e-05 5e-05 5e-05 5e-05 5e-05 5e-05 5e-05 5e-05 5e-05 
5e-05 5e-05 5e-05 5e-05 5e-05 5e-05 5e-05 5e-05 5e-05 
5e-05 5e-05 5e-05 5e-05 5e-05 5e-05 5e-05 5e-05 5e-05 
5e-05 5e-05 5e-05 5e-05 5e-05 5e-05 5e-05 5e-05 5e-05 
5e-05 5e-05 5e-05 5e-05 5e-05 5e-05 5e-05 5e-05 5e-05 
5e-05 5e-05 5e-05 5e-05 5e-05 5e-05 5e-05 5e-05 5e-05 
5e-05 5e-05 5e-05 5e-05 5e-05 5e-05 5e-05 5e-05 5e-05 
5e-05 5e-05 5e-05 5e-05 5e-05 5e-05 5e-05 5e-05 5e-05 
5e-05 5e-05 5e-05 5e-05 5e-05 5e-05 5e-05 5e-05 5e-05 
5e-05 5e-05 5e-05 5e-05 5e-05 5e-05 5e-05 5e-05 5e-05 
5e-05 5e-05 5e-05 5e-05 5e-05 5e-05 5e-05 5e-05 5e-05 
5e-05 5e-05 5e-05 5e-05 5e-05 5e-05 5e-05 5e-05 5e-05 
5e-05 5e-05 5e-05 5e-05 5e-05 5e-05 5e-05 5e-05 5e-05 
5e-05 5e-05 5e-05 5e-05 5e-05 5e-05 5e-05 5e-05 5e-05 
5e-05 5e-05 5e-05 5e-05 5e-05 5e-05 5e-05 5e-05 5e-05 
5e-05 5e-05 5e-05 5e-05 5e-05 5e-05 5e-05 5e-05 5e-05 
5e-05 5e-05 5e-05 5e-05 5e-05 5e-05 5e-05 5e-05 5e-05 
5e-05 5e-05 5e-05 5e-05 5e-05 5e-05 5e-05 5e-05 5e-05 
5e-05 5e-05 5e-05 5e-05 5e-05 5e-05 5e-05 5e-05 5e-05 
5e-05 5e-05 5e-05 5e-05 5e-05 5e-05 5e-05 5e-05 5e-05 
5e-05 5e-05 5e-05 5e-05 5e-05 5e-05 5e-05 5e-05 5e-05 
5e-05 5e-05 5e-05 5e-05 5e-05 5e-05 5e-05 5e-05 5e-05 
5e-05 5e-05 5e-05 5e-05 5e-05 5e-05 5e-05 5e-05 5e-05 
5e-05 5e-05 5e-05 5e-05 5e-05 5e-05 5e-05 5e-05 5e-05 
5e-05 5e-05 5e-05 5e-05 5e-05 5e-05 5e-05 5e-05 5e-05 
5e-05 5e-05 5e-05 5e-05 5e-05 5e-05 5e-05 5e-05 5e-05 
5e-05 5e-05 5e-05 5e-05 5e-05 5e-05 5e-05 5e-05 5e-05 
5e-05 5e-05 5e-05 5e-05 5e-05 5e-05 5e-05 5e-05 5e-05 
5e-05 5e-05 5e-05 5e-05 5e-05 5e-05 5e-05 5e-05 5e-05 
5e-05 5e-05 5e-05 5e-05 5e-05 5e-05 5e-05 5e-05 5e-05 
5e-05 5e-05 5e-05 5e-05 5e-05 5e-05 5e-05 5e-05 5e-05 
5e-05 5e-05 5e-05 5e-05 5e-05 5e-05 5e-05 5e-05 5e-05 
5e-05 5e-05 5e-05 5e-05 5e-05 5e-05 5e-05 5e-05 5e-05 
5e-05 5e-05 5e-05 5e-05 5e-05 5e-05 5e-05 5e-05 5e-05 
5e-05 5e-05 5e-05 5e-05 5e-05 5e-05 5e-05 5e-05 5e-05 
5e-05 5e-05 5e-05 5e-05 5e-05 5e-05 5e-05 5e-05 5e-05 
5e-05 5e-05 5e-05 5e-05 5e-05 5e-05 5e-05 5e-05 5e-05 
5e-05 5e-05 5e-05 5e-05 5e-05 5e-05 5e-05 5e-05 5e-05 
5e-05 5e-05 5e-05 5e-05 5e-05 5e-05 5e-05 5e-05 5e-05 
5e-05 5e-05 5e-05 5e-05 5e-05 5e-05 5e-05 5e-05 5e-05 
5e-05 5e-05 5e-05 5e-05 5e-05 5e-05 5e-05 5e-05 5e-05 
5e-05 5e-05 5e-05 5e-05 5e-05 5e-05 5e-05 5e-05 5e-05 
5e-05 5e-05 5e-05 5e-05 5e-05 5e-05 5e-05 5e-05 5e-05 
5e-05 5e-05 5e-05 5e-05 5e-05 5e-05 5e-05 5e-05 5e-05 
5e-05 5e-05 5e-05 5e-05 5e-05 5e-05 5e-05 5e-05 5e-05 
5e-05 5e-05 5e-05 5e-05 5e-05 5e-05 5e-05 5e-05 5e-05 
5e-05 5e-05 5e-05 5e-05 5e-05 5e-05 5e-05 5e-05 5e-05 
5e-05 5e-05 5e-05 5e-05 5e-05 5e-05 5e-05 5e-05 5e-05 
5e-05 5e-05 5e-05 5e-05 5e-05 5e-05 5e-05 5e-05 5e-05 
5e-05 5e-05 5e-05 5e-05 5e-05 5e-05 5e-05 5e-05 5e-05 
5e-05 5e-05 5e-05 5e-05 5e-05 5e-05 5e-05 5e-05 5e-05 
5e-05 5e-05 5e-05 5e-05 5e-05 5e-05 5e-05 5e-05 5e-05 
5e-05 5e-05 5e-05 5e-05 5e-05 5e-05 5e-05 5e-05 5e-05 
5e-05 5e-05 5e-05 5e-05 5e-05 5e-05 5e-05 5e-05 5e-05 
5e-05 5e-05 5e-05 5e-05 5e-05 5e-05 5e-05 5e-05 5e-05 
5e-05 5e-05 5e-05 5e-05 5e-05 5e-05 5e-05 5e-05 5e-05 
5e-05 5e-05 5e-05 5e-05 5e-05 5e-05 5e-05 5e-05 5e-05 
5e-05 5e-05 5e-05 5e-05 5e-05 5e-05 5e-05 5e-05 5e-05 
5e-05 5e-05 5e-05 5e-05 5e-05 5e-05 5e-05 5e-05 5e-05 
5e-05 5e-05 5e-05 5e-05 5e-05 5e-05 5e-05 5e-05 5e-05 
5e-05 5e-05 5e-05 5e-05 5e-05 5e-05 5e-05 5e-05 5e-05 
5e-05 5e-05 5e-05 5e-05 5e-05 5e-05 5e-05 5e-05 5e-05 
5e-05 5e-05 5e-05 5e-05 5e-05 5e-05 5e-05 5e-05 5e-05 
5e-05 5e-05 5e-05 5e-05 5e-05 5e-05 5e-05 5e-05 5e-05 
5e-05 5e-05 5e-05 5e-05 5e-05 5e-05 5e-05 5e-05 5e-05 
5e-05 5e-05 5e-05 5e-05 5e-05 5e-05 5e-05 5e-05 5e-05 
5e-05 5e-05 5e-05 5e-05 5e-05 5e-05 5e-05 5e-05 5e-05 
5e-05 5e-05 5e-05 5e-05 5e-05 5e-05 5e-05 5e-05 5e-05 
5e-05 5e-05 5e-05 5e-05 5e-05 5e-05 5e-05 5e-05 5e-05 
5e-05 5e-05 5e-05 5e-05 5e-05 5e-05 5e-05 5e-05 5e-05 
5e-05 5e-05 5e-05 5e-05 5e-05 5e-05 5e-05 5e-05 5e-05 
5e-05 5e-05 5e-05 5e-05 5e-05 5e-05 5e-05 5e-05 5e-05 
5e-05 5e-05 5e-05 5e-05 5e-05 5e-05 5e-05 5e-05 5e-05 
5e-05 5e-05 5e-05 5e-05 5e-05 5e-05 5e-05 5e-05 5e-05 
5e-05 5e-05 5e-05 5e-05 5e-05 5e-05 5e-05 5e-05 5e-05 
5e-05 5e-05 5e-05 5e-05 5e-05 5e-05 5e-05 5e-05 5e-05 
5e-05 5e-05 5e-05 5e-05 5e-05 5e-05 5e-05 5e-05 5e-05 
5e-05 5e-05 5e-05 5e-05 5e-05 5e-05 5e-05 5e-05 5e-05 
5e-05 5e-05 5e-05 5e-05 5e-05 5e-05 5e-05 5e-05 5e-05 
5e-05 5e-05 5e-05 5e-05 5e-05 5e-05 5e-05 5e-05 5e-05 
5e-05 5e-05 5e-05 5e-05 5e-05 5e-05 5e-05 5e-05 5e-05 
5e-05 5e-05 5e-05 5e-05 5e-05 5e-05 5e-05 5e-05 5e-05 
5e-05 5e-05 5e-05 5e-05 5e-05 5e-05 5e-05 5e-05 5e-05 
5e-05 5e-05 5e-05 5e-05 5e-05 5e-05 5e-05 5e-05 5e-05 
5e-05 5e-05 5e-05 5e-05 5e-05 5e-05 5e-05 5e-05 5e-05 
5e-05 5e-05 5e-05 5e-05 5e-05 5e-05 5e-05 5e-05 5e-05 
5e-05 5e-05 5e-05 5e-05 5e-05 5e-05 5e-05 5e-05 5e-05 
5e-05 5e-05 5e-05 5e-05 5e-05 5e-05 5e-05 5e-05 5e-05 
5e-05 5e-05 5e-05 5e-05 5e-05 5e-05 5e-05 5e-05 5e-05 
5e-05 5e-05 5e-05 5e-05 5e-05 5e-05 5e-05 5e-05 5e-05 
5e-05 5e-05 5e-05 5e-05 5e-05 5e-05 5e-05 5e-05 5e-05 
5e-05 5e-05 5e-05 5e-05 5e-05 5e-05 5e-05 5e-05 5e-05 
5e-05 5e-05 5e-05 5e-05 5e-05 5e-05 5e-05 5e-05 5e-05 
5e-05 5e-05 5e-05 5e-05 5e-05 5e-05 5e-05 5e-05 5e-05 
5e-05 5e-05 5e-05 5e-05 5e-05 5e-05 5e-05 5e-05 5e-05 
5e-05 5e-05 5e-05 5e-05 5e-05 5e-05 5e-05 5e-05 5e-05 
5e-05 5e-05 5e-05 5e-05 5e-05 5e-05 5e-05 5e-05 5e-05 
5e-05 5e-05 5e-05 5e-05 5e-05 5e-05 5e-05 5e-05 5e-05 
5e-05 5e-05 5e-05 5e-05 5e-05 5e-05 5e-05 5e-05 5e-05 
5e-05 5e-05 5e-05 5e-05 5e-05 5e-05 5e-05 5e-05 5e-05 
5e-05 5e-05 5e-05 5e-05 5e-05 5e-05 5e-05 5e-05 5e-05 
5e-05 5e-05 5e-05 5e-05 5e-05 5e-05 5e-05 5e-05 5e-05 
5e-05 5e-05 5e-05 5e-05 5e-05 5e-05 5e-05 5e-05 5e-05 
5e-05 5e-05 5e-05 5e-05 5e-05 5e-05 5e-05 5e-05 5e-05 
5e-05 5e-05 5e-05 5e-05 5e-05 5e-05 5e-05 5e-05 5e-05 
5e-05 5e-05 5e-05 5e-05 5e-05 5e-05 5e-05 5e-05 5e-05 
5e-05 5e-05 5e-05 5e-05 5e-05 5e-05 5e-05 5e-05 5e-05 
5e-05 5e-05 5e-05 5e-05 5e-05 5e-05 5e-05 5e-05 5e-05 
5e-05 5e-05 5e-05 5e-05 5e-05 5e-05 5e-05 5e-05 5e-05 
5e-05 5e-05 5e-05 5e-05 5e-05 5e-05 5e-05 5e-05 5e-05 
5e-05 5e-05 5e-05 5e-05 5e-05 5e-05 5e-05 5e-05 5e-05 
5e-05 5e-05 5e-05 5e-05 5e-05 5e-05 5e-05 5e-05 5e-05 
5e-05 5e-05 5e-05 5e-05 5e-05 5e-05 5e-05 5e-05 5e-05 
5e-05 5e-05 5e-05 5e-05 5e-05 5e-05 5e-05 5e-05 5e-05 
5e-05 5e-05 5e-05 5e-05 5e-05 5e-05 5e-05 5e-05 5e-05 
5e-05 5e-05 5e-05 5e-05 5e-05 5e-05 5e-05 5e-05 5e-05 
5e-05 5e-05 5e-05 5e-05 5e-05 5e-05 5e-05 5e-05 5e-05 
5e-05 5e-05 5e-05 5e-05 5e-05 5e-05 5e-05 5e-05 5e-05 
5e-05 5e-05 5e-05 5e-05 5e-05 5e-05 5e-05 5e-05 5e-05 
5e-05 5e-05 5e-05 5e-05 5e-05 5e-05 5e-05 5e-05 5e-05 
5e-05 5e-05 5e-05 5e-05 5e-05 5e-05 5e-05 5e-05 5e-05 
5e-05 5e-05 5e-05 5e-05 5e-05 5e-05 5e-05 5e-05 5e-05 
5e-05 5e-05 5e-05 5e-05 5e-05 5e-05 5e-05 5e-05 5e-05 
5e-05 5e-05 5e-05 5e-05 5e-05 5e-05 5e-05 5e-05 5e-05 
5e-05 5e-05 5e-05 5e-05 5e-05 5e-05 5e-05 5e-05 5e-05 
5e-05 5e-05 5e-05 5e-05 5e-05 5e-05 5e-05 5e-05 5e-05 
5e-05 5e-05 5e-05 5e-05 5e-05 5e-05 5e-05 5e-05 5e-05 
5e-05 5e-05 5e-05 5e-05 5e-05 5e-05 5e-05 5e-05 5e-05 
5e-05 5e-05 5e-05 5e-05 5e-05 5e-05 5e-05 5e-05 5e-05 
5e-05 5e-05 5e-05 5e-05 5e-05 5e-05 5e-05 5e-05 5e-05 
5e-05 5e-05 5e-05 5e-05 5e-05 5e-05 5e-05 5e-05 5e-05 
5e-05 5e-05 5e-05 5e-05 5e-05 5e-05 5e-05 5e-05 5e-05 
5e-05 5e-05 5e-05 5e-05 5e-05 5e-05 5e-05 5e-05 5e-05 
5e-05 5e-05 5e-05 5e-05 5e-05 5e-05 5e-05 5e-05 5e-05 
5e-05 5e-05 5e-05 5e-05 5e-05 5e-05 5e-05 5e-05 5e-05 
5e-05 5e-05 5e-05 5e-05 5e-05 5e-05 5e-05 5e-05 5e-05 
5e-05 5e-05 5e-05 5e-05 5e-05 5e-05 5e-05 5e-05 5e-05 
5e-05 5e-05 5e-05 5e-05 5e-05 5e-05 5e-05 5e-05 5e-05 
5e-05 5e-05 5e-05 5e-05 5e-05 5e-05 5e-05 5e-05 5e-05 
5e-05 5e-05 5e-05 5e-05 5e-05 5e-05 5e-05 5e-05 5e-05 
5e-05 5e-05 5e-05 5e-05 5e-05 5e-05 5e-05 5e-05 5e-05 
5e-05 5e-05 5e-05 5e-05 5e-05 5e-05 5e-05 5e-05 5e-05 
5e-05 5e-05 5e-05 5e-05 5e-05 5e-05 5e-05 5e-05 5e-05 
5e-05 5e-05 5e-05 5e-05 5e-05 5e-05 5e-05 5e-05 5e-05 
5e-05 5e-05 5e-05 5e-05 5e-05 5e-05 5e-05 5e-05 5e-05 
5e-05 5e-05 5e-05 5e-05 5e-05 5e-05 5e-05 5e-05 5e-05 
5e-05 5e-05 5e-05 5e-05 5e-05 5e-05 5e-05 5e-05 5e-05 
5e-05 5e-05 5e-05 5e-05 5e-05 5e-05 5e-05 5e-05 5e-05 
5e-05 5e-05 5e-05 5e-05 5e-05 5e-05 5e-05 5e-05 5e-05 
5e-05 5e-05 5e-05 5e-05 5e-05 5e-05 5e-05 5e-05 5e-05 
5e-05 5e-05 5e-05 5e-05 5e-05 5e-05 5e-05 5e-05 5e-05 
5e-05 5e-05 5e-05 5e-05 5e-05 5e-05 5e-05 5e-05 5e-05 
5e-05 5e-05 5e-05 5e-05 5e-05 5e-05 5e-05 5e-05 5e-05 
5e-05 5e-05 5e-05 5e-05 5e-05 5e-05 5e-05 5e-05 5e-05 
5e-05 5e-05 5e-05 5e-05 5e-05 5e-05 5e-05 5e-05 5e-05 
5e-05 5e-05 5e-05 5e-05 5e-05 5e-05 5e-05 5e-05 5e-05 
5e-05 5e-05 5e-05 5e-05 5e-05 5e-05 5e-05 5e-05 5e-05 
5e-05 5e-05 5e-05 5e-05 5e-05 5e-05 5e-05 5e-05 5e-05 
5e-05 5e-05 5e-05 5e-05 5e-05 5e-05 5e-05 5e-05 5e-05 
5e-05 5e-05 5e-05 5e-05 5e-05 5e-05 5e-05 5e-05 5e-05 
5e-05 5e-05 5e-05 5e-05 5e-05 5e-05 5e-05 5e-05 5e-05 
5e-05 5e-05 5e-05 5e-05 5e-05 5e-05 5e-05 5e-05 5e-05 
5e-05 5e-05 5e-05 5e-05 5e-05 5e-05 5e-05 5e-05 5e-05 
5e-05 5e-05 5e-05 5e-05 5e-05 5e-05 5e-05 5e-05 5e-05 
5e-05 5e-05 5e-05 5e-05 5e-05 5e-05 5e-05 5e-05 5e-05 
5e-05 5e-05 5e-05 5e-05 5e-05 5e-05 5e-05 5e-05 5e-05 
5e-05 5e-05 5e-05 5e-05 5e-05 5e-05 5e-05 5e-05 5e-05 
5e-05 5e-05 5e-05 5e-05 5e-05 5e-05 5e-05 5e-05 5e-05 
5e-05 5e-05 5e-05 5e-05 5e-05 5e-05 5e-05 5e-05 5e-05 
5e-05 5e-05 5e-05 5e-05 5e-05 5e-05 5e-05 5e-05 5e-05 
5e-05 5e-05 5e-05 5e-05 5e-05 5e-05 5e-05 5e-05 5e-05 
5e-05 5e-05 5e-05 5e-05 5e-05 5e-05 5e-05 5e-05 5e-05 
5e-05 5e-05 5e-05 5e-05 5e-05 5e-05 5e-05 5e-05 5e-05 
5e-05 5e-05 5e-05 5e-05 5e-05 5e-05 5e-05 5e-05 5e-05 
5e-05 5e-05 5e-05 5e-05 5e-05 5e-05 5e-05 5e-05 5e-05 
5e-05 5e-05 5e-05 5e-05 5e-05 5e-05 5e-05 5e-05 5e-05 
5e-05 5e-05 5e-05 5e-05 5e-05 5e-05 5e-05 5e-05 5e-05 
5e-05 5e-05 5e-05 5e-05 5e-05 5e-05 5e-05 5e-05 5e-05 
5e-05 5e-05 5e-05 5e-05 5e-05 5e-05 5e-05 5e-05 5e-05 
5e-05 5e-05 5e-05 5e-05 5e-05 5e-05 5e-05 5e-05 5e-05 
5e-05 5e-05 5e-05 5e-05 5e-05 5e-05 5e-05 5e-05 5e-05 
5e-05 5e-05 5e-05 5e-05 5e-05 5e-05 5e-05 5e-05 5e-05 
5e-05 5e-05 5e-05 5e-05 5e-05 5e-05 5e-05 5e-05 5e-05 
5e-05 5e-05 5e-05 5e-05 5e-05 5e-05 5e-05 5e-05 5e-05 
5e-05 5e-05 5e-05 5e-05 5e-05 5e-05 5e-05 5e-05 5e-05 
5e-05 5e-05 5e-05 5e-05 5e-05 5e-05 5e-05 5e-05 5e-05 
5e-05 5e-05 5e-05 5e-05 5e-05 5e-05 5e-05 5e-05 5e-05 
5e-05 5e-05 5e-05 5e-05 5e-05 5e-05 5e-05 5e-05 5e-05 
5e-05 5e-05 5e-05 5e-05 5e-05 5e-05 5e-05 5e-05 5e-05 
5e-05 5e-05 5e-05 5e-05 5e-05 5e-05 5e-05 5e-05 5e-05 
5e-05 5e-05 5e-05 5e-05 5e-05 5e-05 5e-05 5e-05 5e-05 
5e-05 5e-05 5e-05 5e-05 5e-05 5e-05 5e-05 5e-05 5e-05 
5e-05 5e-05 5e-05 5e-05 5e-05 5e-05 5e-05 5e-05 5e-05 
5e-05 5e-05 5e-05 5e-05 5e-05 5e-05 5e-05 5e-05 5e-05 
5e-05 5e-05 5e-05 5e-05 5e-05 5e-05 5e-05 5e-05 5e-05 
5e-05 5e-05 5e-05 5e-05 5e-05 5e-05 5e-05 5e-05 5e-05 
5e-05 5e-05 5e-05 5e-05 5e-05 5e-05 5e-05 5e-05 5e-05 
5e-05 5e-05 5e-05 5e-05 5e-05 5e-05 5e-05 5e-05 5e-05 
5e-05 5e-05 5e-05 5e-05 5e-05 5e-05 5e-05 5e-05 5e-05 
5e-05 5e-05 5e-05 5e-05 5e-05 5e-05 5e-05 5e-05 5e-05 
5e-05 5e-05 5e-05 5e-05 5e-05 5e-05 5e-05 5e-05 5e-05 
5e-05 5e-05 5e-05 5e-05 5e-05 5e-05 5e-05 5e-05 5e-05 
5e-05 5e-05 5e-05 5e-05 5e-05 5e-05 5e-05 5e-05 5e-05 
5e-05 5e-05 5e-05 5e-05 5e-05 5e-05 5e-05 5e-05 5e-05 
5e-05 5e-05 5e-05 5e-05 5e-05 5e-05 5e-05 5e-05 5e-05 
5e-05 5e-05 5e-05 5e-05 5e-05 5e-05 5e-05 5e-05 5e-05 
5e-05 5e-05 5e-05 5e-05 5e-05 5e-05 5e-05 5e-05 5e-05 
5e-05 5e-05 5e-05 5e-05 5e-05 5e-05 5e-05 5e-05 5e-05 
5e-05 5e-05 5e-05 5e-05 5e-05 5e-05 5e-05 5e-05 5e-05 
5e-05 5e-05 5e-05 5e-05 5e-05 5e-05 5e-05 5e-05 5e-05 
5e-05 5e-05 5e-05 5e-05 5e-05 5e-05 5e-05 5e-05 5e-05 
5e-05 5e-05 5e-05 5e-05 5e-05 5e-05 5e-05 5e-05 5e-05 
5e-05 5e-05 5e-05 5e-05 5e-05 5e-05 5e-05 5e-05 5e-05 
5e-05 5e-05 5e-05 5e-05 5e-05 5e-05 5e-05 5e-05 5e-05 
5e-05 5e-05 5e-05 5e-05 5e-05 5e-05 5e-05 5e-05 5e-05 
5e-05 5e-05 5e-05 5e-05 5e-05 5e-05 5e-05 5e-05 5e-05 
5e-05 5e-05 5e-05 5e-05 5e-05 5e-05 5e-05 5e-05 5e-05 
5e-05 5e-05 5e-05 5e-05 5e-05 5e-05 5e-05 5e-05 5e-05 
5e-05 5e-05 5e-05 5e-05 5e-05 5e-05 5e-05 5e-05 5e-05 
5e-05 5e-05 5e-05 5e-05 5e-05 5e-05 5e-05 5e-05 5e-05 
5e-05 5e-05 5e-05 5e-05 5e-05 5e-05 5e-05 5e-05 5e-05 
5e-05 5e-05 5e-05 5e-05 5e-05 5e-05 5e-05 5e-05 5e-05 
5e-05 5e-05 5e-05 5e-05 5e-05 5e-05 5e-05 5e-05 5e-05 
5e-05 5e-05 5e-05 5e-05 5e-05 5e-05 5e-05 5e-05 5e-05 
5e-05 5e-05 5e-05 5e-05 5e-05 5e-05 5e-05 5e-05 5e-05 
5e-05 5e-05 5e-05 5e-05 5e-05 5e-05 5e-05 5e-05 5e-05 
5e-05 5e-05 5e-05 5e-05 5e-05 5e-05 5e-05 5e-05 5e-05 
5e-05 5e-05 5e-05 5e-05 5e-05 5e-05 5e-05 5e-05 5e-05 
5e-05 5e-05 5e-05 5e-05 5e-05 5e-05 5e-05 5e-05 5e-05 
5e-05 5e-05 5e-05 5e-05 5e-05 5e-05 5e-05 5e-05 5e-05 
5e-05 5e-05 5e-05 5e-05 5e-05 5e-05 5e-05 5e-05 5e-05 
5e-05 5e-05 5e-05 5e-05 5e-05 5e-05 5e-05 5e-05 5e-05 
5e-05 5e-05 5e-05 5e-05 5e-05 5e-05 5e-05 5e-05 5e-05 
5e-05 5e-05 5e-05 5e-05 5e-05 5e-05 5e-05 5e-05 5e-05 
5e-05 5e-05 5e-05 5e-05 5e-05 5e-05 5e-05 5e-05 5e-05 
5e-05 5e-05 5e-05 5e-05 5e-05 5e-05 5e-05 5e-05 5e-05 
5e-05 5e-05 5e-05 5e-05 5e-05 5e-05 5e-05 5e-05 5e-05 
5e-05 5e-05 5e-05 5e-05 5e-05 5e-05 5e-05 5e-05 5e-05 
5e-05 5e-05 5e-05 5e-05 5e-05 5e-05 5e-05 5e-05 5e-05 
5e-05 5e-05 5e-05 5e-05 5e-05 5e-05 5e-05 5e-05 5e-05 
5e-05 5e-05 5e-05 5e-05 5e-05 5e-05 5e-05 5e-05 5e-05 
5e-05 5e-05 5e-05 5e-05 5e-05 5e-05 5e-05 5e-05 5e-05 
5e-05 5e-05 5e-05 5e-05 5e-05 5e-05 5e-05 5e-05 5e-05 
5e-05 5e-05 5e-05 5e-05 5e-05 5e-05 5e-05 5e-05 5e-05 
5e-05 5e-05 5e-05 5e-05 5e-05 5e-05 5e-05 5e-05 5e-05 
5e-05 5e-05 5e-05 5e-05 5e-05 5e-05 5e-05 5e-05 5e-05 
5e-05 5e-05 5e-05 5e-05 5e-05 5e-05 5e-05 5e-05 5e-05 
5e-05 5e-05 5e-05 5e-05 5e-05 5e-05 5e-05 5e-05 5e-05 
5e-05 5e-05 5e-05 5e-05 5e-05 5e-05 5e-05 5e-05 5e-05 
5e-05 5e-05 5e-05 5e-05 5e-05 5e-05 5e-05 5e-05 5e-05 
5e-05 5e-05 5e-05 5e-05 5e-05 5e-05 5e-05 5e-05 5e-05 
5e-05 5e-05 5e-05 5e-05 5e-05 5e-05 5e-05 5e-05 5e-05 
5e-05 5e-05 5e-05 5e-05 5e-05 5e-05 5e-05 5e-05 5e-05 
5e-05 5e-05 5e-05 5e-05 5e-05 5e-05 5e-05 5e-05 5e-05 
5e-05 5e-05 5e-05 5e-05 5e-05 5e-05 5e-05 5e-05 5e-05 
5e-05 5e-05 5e-05 5e-05 5e-05 5e-05 5e-05 5e-05 5e-05 
5e-05 5e-05 5e-05 5e-05 5e-05 5e-05 5e-05 5e-05 5e-05 
5e-05 5e-05 5e-05 5e-05 5e-05 5e-05 5e-05 5e-05 5e-05 
5e-05 5e-05 5e-05 5e-05 5e-05 5e-05 5e-05 5e-05 5e-05 
5e-05 5e-05 5e-05 5e-05 5e-05 5e-05 5e-05 5e-05 5e-05 
5e-05 5e-05 5e-05 5e-05 5e-05 5e-05 5e-05 5e-05 5e-05 
5e-05 5e-05 5e-05 5e-05 5e-05 5e-05 5e-05 5e-05 5e-05 
5e-05 5e-05 5e-05 5e-05 5e-05 5e-05 5e-05 5e-05 5e-05 
5e-05 5e-05 5e-05 5e-05 5e-05 5e-05 5e-05 5e-05 5e-05 
5e-05 5e-05 5e-05 5e-05 5e-05 5e-05 5e-05 5e-05 5e-05 
5e-05 5e-05 5e-05 5e-05 5e-05 5e-05 5e-05 5e-05 5e-05 
5e-05 5e-05 5e-05 5e-05 5e-05 5e-05 5e-05 5e-05 5e-05 
5e-05 5e-05 5e-05 5e-05 5e-05 5e-05 5e-05 5e-05 5e-05 
5e-05 5e-05 5e-05 5e-05 5e-05 5e-05 5e-05 5e-05 5e-05 
5e-05 5e-05 5e-05 5e-05 5e-05 5e-05 5e-05 5e-05 5e-05 
5e-05 5e-05 5e-05 5e-05 5e-05 5e-05 5e-05 5e-05 5e-05 
5e-05 5e-05 5e-05 5e-05 5e-05 5e-05 5e-05 5e-05 5e-05 
5e-05 5e-05 5e-05 5e-05 5e-05 5e-05 5e-05 5e-05 5e-05 
5e-05 5e-05 5e-05 5e-05 5e-05 5e-05 5e-05 5e-05 5e-05 
5e-05 5e-05 5e-05 5e-05 5e-05 5e-05 5e-05 5e-05 5e-05 
5e-05 5e-05 5e-05 5e-05 5e-05 5e-05 5e-05 5e-05 5e-05 
5e-05 5e-05 5e-05 5e-05 5e-05 5e-05 5e-05 5e-05 5e-05 
5e-05 5e-05 5e-05 5e-05 5e-05 5e-05 5e-05 5e-05 5e-05 
5e-05 5e-05 5e-05 5e-05 5e-05 5e-05 5e-05 5e-05 5e-05 
5e-05 5e-05 5e-05 5e-05 5e-05 5e-05 5e-05 5e-05 5e-05 
5e-05 5e-05 5e-05 5e-05 5e-05 5e-05 5e-05 5e-05 5e-05 
5e-05 5e-05 5e-05 5e-05 5e-05 5e-05 5e-05 5e-05 5e-05 
5e-05 5e-05 5e-05 5e-05 5e-05 5e-05 5e-05 5e-05 5e-05 
5e-05 5e-05 5e-05 5e-05 5e-05 5e-05 5e-05 5e-05 5e-05 
5e-05 5e-05 5e-05 5e-05 5e-05 5e-05 5e-05 5e-05 5e-05 
5e-05 5e-05 5e-05 5e-05 5e-05 5e-05 5e-05 5e-05 5e-05 
5e-05 5e-05 5e-05 5e-05 5e-05 5e-05 5e-05 5e-05 5e-05 
5e-05 5e-05 5e-05 5e-05 5e-05 5e-05 5e-05 5e-05 5e-05 
5e-05 5e-05 5e-05 5e-05 5e-05 5e-05 5e-05 5e-05 5e-05 
5e-05 5e-05 5e-05 5e-05 5e-05 5e-05 5e-05 5e-05 5e-05 
5e-05 5e-05 5e-05 5e-05 5e-05 5e-05 5e-05 5e-05 5e-05 
5e-05 5e-05 5e-05 5e-05 5e-05 5e-05 5e-05 5e-05 5e-05 
5e-05 5e-05 5e-05 5e-05 5e-05 5e-05 5e-05 5e-05 5e-05 
5e-05 5e-05 5e-05 5e-05 5e-05 5e-05 5e-05 5e-05 5e-05 
5e-05 5e-05 5e-05 5e-05 5e-05 5e-05 5e-05 5e-05 5e-05 
5e-05 5e-05 5e-05 5e-05 5e-05 5e-05 5e-05 5e-05 5e-05 
5e-05 5e-05 5e-05 5e-05 5e-05 5e-05 5e-05 5e-05 5e-05 
5e-05 5e-05 5e-05 5e-05 5e-05 5e-05 5e-05 5e-05 5e-05 
5e-05 5e-05 5e-05 5e-05 5e-05 5e-05 5e-05 5e-05 5e-05 
5e-05 5e-05 5e-05 5e-05 5e-05 5e-05 5e-05 5e-05 5e-05 
5e-05 5e-05 5e-05 5e-05 5e-05 5e-05 5e-05 5e-05 5e-05 
5e-05 5e-05 5e-05 5e-05 5e-05 5e-05 5e-05 5e-05 5e-05 
5e-05 5e-05 5e-05 5e-05 5e-05 5e-05 5e-05 5e-05 5e-05 
5e-05 5e-05 5e-05 5e-05 5e-05 5e-05 5e-05 5e-05 5e-05 
5e-05 5e-05 5e-05 5e-05 5e-05 5e-05 5e-05 5e-05 5e-05 
5e-05 5e-05 5e-05 5e-05 5e-05 5e-05 5e-05 5e-05 5e-05 
5e-05 5e-05 5e-05 5e-05 5e-05 5e-05 5e-05 5e-05 5e-05 
5e-05 5e-05 5e-05 5e-05 5e-05 5e-05 5e-05 5e-05 5e-05 
5e-05 5e-05 5e-05 5e-05 5e-05 5e-05 5e-05 5e-05 5e-05 
5e-05 5e-05 5e-05 5e-05 5e-05 5e-05 5e-05 5e-05 5e-05 
5e-05 5e-05 5e-05 5e-05 5e-05 5e-05 5e-05 5e-05 5e-05 
5e-05 5e-05 5e-05 5e-05 5e-05 5e-05 5e-05 5e-05 5e-05 
5e-05 5e-05 5e-05 5e-05 5e-05 5e-05 5e-05 5e-05 5e-05 
5e-05 5e-05 5e-05 5e-05 5e-05 5e-05 5e-05 5e-05 5e-05 
5e-05 5e-05 5e-05 5e-05 5e-05 5e-05 5e-05 5e-05 5e-05 
5e-05 5e-05 5e-05 5e-05 5e-05 5e-05 5e-05 5e-05 5e-05 
5e-05 5e-05 5e-05 5e-05 5e-05 5e-05 5e-05 5e-05 5e-05 
5e-05 5e-05 5e-05 5e-05 5e-05 5e-05 5e-05 5e-05 5e-05 
5e-05 5e-05 5e-05 5e-05 5e-05 5e-05 5e-05 5e-05 5e-05 
5e-05 5e-05 5e-05 5e-05 5e-05 5e-05 5e-05 5e-05 5e-05 
5e-05 5e-05 5e-05 5e-05 5e-05 5e-05 5e-05 5e-05 5e-05 
5e-05 5e-05 5e-05 5e-05 5e-05 5e-05 5e-05 5e-05 5e-05 
5e-05 5e-05 5e-05 5e-05 5e-05 5e-05 5e-05 5e-05 5e-05 
5e-05 5e-05 5e-05 5e-05 5e-05 5e-05 5e-05 5e-05 5e-05 
5e-05 5e-05 5e-05 5e-05 5e-05 5e-05 5e-05 5e-05 5e-05 
5e-05 5e-05 5e-05 5e-05 5e-05 5e-05 5e-05 5e-05 5e-05 
5e-05 5e-05 5e-05 5e-05 5e-05 5e-05 5e-05 5e-05 5e-05 
5e-05 5e-05 5e-05 5e-05 5e-05 5e-05 5e-05 5e-05 5e-05 
5e-05 5e-05 5e-05 5e-05 5e-05 5e-05 5e-05 5e-05 5e-05 
5e-05 5e-05 5e-05 5e-05 5e-05 5e-05 5e-05 5e-05 5e-05 
5e-05 5e-05 5e-05 5e-05 5e-05 5e-05 5e-05 5e-05 5e-05 
5e-05 5e-05 5e-05 5e-05 5e-05 5e-05 5e-05 5e-05 5e-05 
5e-05 5e-05 5e-05 5e-05 5e-05 5e-05 5e-05 5e-05 5e-05 
5e-05 5e-05 5e-05 5e-05 5e-05 5e-05 5e-05 5e-05 5e-05 
5e-05 5e-05 5e-05 5e-05 5e-05 5e-05 5e-05 5e-05 5e-05 
5e-05 5e-05 5e-05 5e-05 5e-05 5e-05 5e-05 5e-05 5e-05 
5e-05 5e-05 5e-05 5e-05 5e-05 5e-05 5e-05 5e-05 5e-05 
5e-05 5e-05 5e-05 5e-05 5e-05 5e-05 5e-05 5e-05 5e-05 
5e-05 5e-05 5e-05 5e-05 5e-05 5e-05 5e-05 5e-05 5e-05 
5e-05 5e-05 5e-05 5e-05 5e-05 5e-05 5e-05 5e-05 5e-05 
5e-05 5e-05 5e-05 5e-05 5e-05 5e-05 5e-05 5e-05 5e-05 
5e-05 5e-05 5e-05 5e-05 5e-05 5e-05 5e-05 5e-05 5e-05 
5e-05 5e-05 5e-05 5e-05 5e-05 5e-05 5e-05 5e-05 5e-05 
5e-05 5e-05 5e-05 5e-05 5e-05 5e-05 5e-05 5e-05 5e-05 
5e-05 5e-05 5e-05 5e-05 5e-05 5e-05 5e-05 5e-05 5e-05 
5e-05 5e-05 5e-05 5e-05 5e-05 5e-05 5e-05 5e-05 5e-05 
5e-05 5e-05 5e-05 5e-05 5e-05 5e-05 5e-05 5e-05 5e-05 
5e-05 5e-05 5e-05 5e-05 5e-05 5e-05 5e-05 5e-05 5e-05 
5e-05 5e-05 5e-05 5e-05 5e-05 5e-05 5e-05 5e-05 5e-05 
5e-05 5e-05 5e-05 5e-05 5e-05 5e-05 5e-05 5e-05 5e-05 
5e-05 5e-05 5e-05 5e-05 5e-05 5e-05 5e-05 5e-05 5e-05 
5e-05 5e-05 5e-05 5e-05 5e-05 5e-05 5e-05 5e-05 5e-05 
5e-05 5e-05 5e-05 5e-05 5e-05 5e-05 5e-05 5e-05 5e-05 
5e-05 5e-05 5e-05 5e-05 5e-05 5e-05 5e-05 5e-05 5e-05 
5e-05 5e-05 5e-05 5e-05 5e-05 5e-05 5e-05 5e-05 5e-05 
5e-05 5e-05 5e-05 5e-05 5e-05 5e-05 5e-05 5e-05 5e-05 
5e-05 5e-05 5e-05 5e-05 5e-05 5e-05 5e-05 5e-05 5e-05 
5e-05 5e-05 5e-05 5e-05 5e-05 5e-05 5e-05 5e-05 5e-05 
5e-05 5e-05 5e-05 5e-05 5e-05 5e-05 5e-05 5e-05 5e-05 
5e-05 5e-05 5e-05 5e-05 5e-05 5e-05 5e-05 5e-05 5e-05 
5e-05 5e-05 5e-05 5e-05 5e-05 5e-05 5e-05 5e-05 5e-05 
5e-05 5e-05 5e-05 5e-05 5e-05 5e-05 5e-05 5e-05 5e-05 
5e-05 5e-05 5e-05 5e-05 5e-05 5e-05 5e-05 5e-05 5e-05 
5e-05 5e-05 5e-05 5e-05 5e-05 5e-05 5e-05 5e-05 5e-05 
5e-05 5e-05 5e-05 5e-05 5e-05 5e-05 5e-05 5e-05 5e-05 
5e-05 5e-05 5e-05 5e-05 5e-05 5e-05 5e-05 5e-05 5e-05 
5e-05 5e-05 5e-05 5e-05 5e-05 5e-05 5e-05 5e-05 5e-05 
5e-05 5e-05 5e-05 5e-05 5e-05 5e-05 5e-05 5e-05 5e-05 
5e-05 5e-05 5e-05 5e-05 5e-05 5e-05 5e-05 5e-05 5e-05 
5e-05 5e-05 5e-05 5e-05 5e-05 5e-05 5e-05 5e-05 5e-05 
5e-05 5e-05 5e-05 5e-05 5e-05 5e-05 5e-05 5e-05 5e-05 
5e-05 5e-05 5e-05 5e-05 5e-05 5e-05 5e-05 5e-05 5e-05 
5e-05 5e-05 5e-05 5e-05 5e-05 5e-05 5e-05 5e-05 5e-05 
5e-05 5e-05 5e-05 5e-05 5e-05 5e-05 5e-05 5e-05 5e-05 
5e-05 5e-05 5e-05 5e-05 5e-05 5e-05 5e-05 5e-05 5e-05 
5e-05 5e-05 5e-05 5e-05 5e-05 5e-05 5e-05 5e-05 5e-05 
5e-05 5e-05 5e-05 5e-05 5e-05 5e-05 5e-05 5e-05 5e-05 
5e-05 5e-05 5e-05 5e-05 5e-05 5e-05 5e-05 5e-05 5e-05 
5e-05 5e-05 5e-05 5e-05 5e-05 5e-05 5e-05 5e-05 5e-05 
5e-05 5e-05 5e-05 5e-05 5e-05 5e-05 5e-05 5e-05 5e-05 
5e-05 5e-05 5e-05 5e-05 5e-05 5e-05 5e-05 5e-05 5e-05 
5e-05 5e-05 5e-05 5e-05 5e-05 5e-05 5e-05 5e-05 5e-05 
5e-05 5e-05 5e-05 5e-05 5e-05 5e-05 5e-05 5e-05 5e-05 
5e-05 5e-05 5e-05 5e-05 5e-05 5e-05 5e-05 5e-05 5e-05 
5e-05 5e-05 5e-05 5e-05 5e-05 5e-05 5e-05 5e-05 5e-05 
5e-05 5e-05 5e-05 5e-05 5e-05 5e-05 5e-05 5e-05 5e-05 
5e-05 5e-05 5e-05 5e-05 5e-05 5e-05 5e-05 5e-05 5e-05 
5e-05 5e-05 5e-05 5e-05 5e-05 5e-05 5e-05 5e-05 5e-05 
5e-05 5e-05 5e-05 5e-05 5e-05 5e-05 5e-05 5e-05 5e-05 
5e-05 5e-05 5e-05 5e-05 5e-05 5e-05 5e-05 5e-05 5e-05 
5e-05 5e-05 5e-05 5e-05 5e-05 5e-05 5e-05 5e-05 5e-05 
5e-05 5e-05 5e-05 5e-05 5e-05 5e-05 5e-05 5e-05 5e-05 
5e-05 5e-05 5e-05 5e-05 5e-05 5e-05 5e-05 5e-05 5e-05 
5e-05 
