# vtk DataFile Version 5.1
Generated by LIGGGHTS
ASCII
DATASET POLYDATA
POINTS 3546 float
-0.000140944 -0.000459993 0.00321681 -0.000211967 -0.000256756 0.00327796 -4.72078e-05 -0.000178849 0.00332991 
-0.000101357 2.3415e-05 0.0032599 0.000252446 -2.29771e-05 0.00332498 -0.000284867 7.61333e-05 0.00329198 
0.000345384 0.000114241 0.00332354 -1.20787e-05 -0.000353677 -0.0140354 -0.000916124 -0.000159062 0.00336653 
-0.00049076 -0.000176646 0.00335831 0.000265825 -0.000100549 -0.013937 -0.000593406 0.000393802 -0.0140273 
-0.000673209 0.000413853 0.00337889 -0.00038927 0.000607497 0.00337235 -0.00035807 -0.000732203 -0.0138701 
-0.0003853 -0.000298301 -0.0139633 -0.000114208 -0.000179618 -0.0139422 -4.14127e-05 -0.000167157 -0.0135153 
-0.000639206 4.394e-05 -0.013908 -0.000456939 1.01849e-05 -0.0139369 0.000767211 0.000143853 -0.0139842 
-0.00065039 0.000412437 -0.0139249 -0.000410278 0.000477182 -0.0140017 0.000121963 0.000806389 -0.014013 
6.67517e-05 0.0010064 -0.013901 -0.000257903 -0.00100149 -0.013704 -4.44479e-05 -0.000179856 -0.0138387 
-0.000367471 0.000226142 -0.0138596 -0.000877249 0.000376519 -0.0137824 0.000195673 -0.000270174 -0.0136499 
0.000604513 -0.000102084 -0.0136786 -0.000322728 0.000213638 -0.0136994 0.000980061 0.000415204 -0.0133683 
-0.000344856 0.000988359 -0.0136751 -0.000268731 -0.000591777 -0.0130534 -8.37418e-05 -0.000392412 -0.0135095 
0.000323658 -0.000368578 -0.0134497 -5.23763e-05 -0.000200334 -0.0134129 0.000377374 -0.000126742 -0.0134774 
4.74227e-05 1.88359e-05 -0.0134046 -0.000117289 9.19255e-05 -0.0134035 -0.000497959 0.000348121 -0.0133925 
0.000153763 -0.000599239 -0.0133051 0.000498755 -0.000592784 -0.0133811 -0.000506404 -0.000413822 -0.0132693 
0.00076741 -0.000493178 -0.0133789 0.000123605 -0.000375804 -0.01333 -0.000154053 1.89565e-05 -0.013337 
-0.000505578 9.68402e-05 -0.0133149 -0.000131245 0.000155663 -0.013259 0.000454775 0.000119399 -0.0132545 
0.000569643 0.000183217 -0.0132716 0.000217329 -0.000830671 -0.0131043 0.000531884 -0.000626829 -0.0131377 
-0.000291224 -6.94695e-05 -0.0131793 3.1048e-05 0.000115922 -0.0131905 0.000274283 0.000123203 -0.013216 
-8.69105e-05 0.000326461 -0.0131156 0.00033578 0.000542804 -0.0131262 0.000687141 0.000459813 -0.0130656 
-0.000513664 -0.000145466 -0.0129499 0.000184559 -0.000179024 -0.0130311 0.000358309 -0.000119578 -0.0129745 
-0.000724073 -6.81332e-05 -0.0130476 -0.000217838 0.000232572 -0.0129549 -0.000528017 0.000617973 -0.0129565 
0.000422124 1.58455e-05 -0.0127896 -0.000288993 -0.000191134 -0.0126517 -6.35016e-05 -9.41825e-05 -0.0127134 
-0.000883625 -1.14302e-05 -0.0126679 -0.000194281 0.00016628 -0.0126523 -1.91791e-05 0.00018162 -0.0127436 
-7.41399e-05 -0.000643987 -0.0125488 -0.000248247 -0.000280488 -0.0125178 -9.46531e-05 -0.000257843 -0.0124957 
0.000292585 -6.00773e-06 -0.0125448 -0.000692309 0.000307461 -0.0125468 -0.000107262 0.000452624 -0.0125591 
-0.000174343 -0.000458615 -0.0123513 0.000573816 -0.000401429 -0.0121361 -0.00039694 -0.000248368 -0.0124075 
0.000563243 -0.000243312 -0.0124405 -0.000327909 6.65991e-05 -0.0123975 -1.07327e-06 0.000489751 -0.0123258 
-0.000266535 -0.00089143 -0.0119528 0.000260732 -0.000239183 -0.0121822 0.000437247 3.98156e-05 -0.0122516 
-0.000284003 -0.000510941 -0.0120844 -0.000789495 -0.000165579 -0.0120805 -0.000155057 -7.67182e-05 -0.0120381 
-0.000289986 0.000155614 -0.0121173 -0.000108015 0.000154194 -0.0120874 -0.000100823 0.00035422 -0.0121289 
0.00064855 0.000325737 -0.012083 0.000476045 0.00046504 -0.0119883 0.000374289 0.000596687 -0.0119817 
-5.12302e-05 -0.000432318 -0.0119639 0.000143201 -0.000412259 -0.0118336 -0.000403177 -0.000400948 -0.0118754 
-5.82503e-05 -0.000258908 -0.0118723 0.000478444 0.00011233 -0.0118819 0.000142874 0.000924581 -0.0119291 
-1.92259e-06 -0.000717584 -0.0118028 -0.000394791 -0.000273191 -0.0117242 -0.000177941 -0.000274798 -0.0118186 
-5.75302e-05 -0.000128844 -0.011796 -7.80752e-05 -2.92134e-05 -0.0117165 0.000202237 -4.68533e-05 -0.0118074 
0.000392251 -8.94786e-06 -0.0117968 -0.000172086 0.000160328 -0.0117953 -5.89168e-05 0.000430569 -0.0117755 
0.0002456 0.000427262 -0.0118076 0.00022976 0.000469284 -0.011672 0.000377204 0.000697283 -0.011759 
0.000210314 -0.000797033 -0.0115433 0.000493712 -0.000843265 -0.0115311 -0.00027301 -0.000146338 -0.0116528 
-0.00024731 -0.00010711 -0.0115243 -0.000556232 8.8867e-05 -0.0116757 -7.98323e-06 -2.61174e-05 -0.0115835 
0.000331345 -2.3646e-05 -0.0116244 -0.000222833 0.000234498 -0.0116202 0.000438873 9.32939e-05 -0.0116385 
4.8201e-05 0.000283789 -0.0116251 9.93982e-05 0.000355397 -0.0115144 0.000181088 -0.000799831 -0.0113993 
0.000351052 -0.000364447 -0.0114873 -5.15487e-05 -0.000127323 -0.0114998 -0.000549729 8.05027e-05 -0.0114358 
-0.000159276 -5.46563e-05 -0.0114505 0.000187063 2.90953e-05 -0.0114443 0.000347381 2.7916e-05 -0.0114149 
-0.000110737 0.000159003 -0.0114363 -0.000107913 0.000538628 -0.0114836 -0.000275222 0.000581291 -0.0113913 
-0.000380476 -0.000533801 -0.0112265 6.49541e-05 -0.00057104 -0.0112654 0.000113272 -0.000400535 -0.011289 
0.000206311 -0.000158868 -0.0112823 0.000304432 -0.000235505 -0.0112433 -0.000173182 -4.30236e-05 -0.0113433 
-2.42184e-05 -1.72552e-05 -0.0112198 0.000406407 -6.855e-05 -0.0112278 1.43021e-05 0.000129273 -0.011345 
0.000340989 0.000187161 -0.0112947 4.81952e-05 0.000482175 -0.0112423 0.000150547 -0.000591327 -0.0111752 
-6.53586e-05 -0.00035066 -0.0110656 0.000218915 -0.000347217 -0.0111271 0.000119003 -0.000240918 -0.0110905 
-0.000483579 2.32211e-05 -0.0111777 -0.000103636 4.02949e-05 -0.0111476 -0.000208341 -4.50989e-05 -0.011092 
-2.55669e-05 -6.69075e-05 -0.0110687 0.000454067 -7.76623e-05 -0.0110759 0.000466796 0.00023756 -0.0110828 
-0.000696187 0.000253096 -0.0110758 7.9066e-06 0.000285747 -0.0110696 -0.000117648 -0.000353156 -0.010926 
-0.00034649 -0.000197973 -0.0109614 -0.000144396 -7.95274e-05 -0.011006 0.000124206 -0.000120777 -0.0109712 
-0.000464328 -3.32724e-05 -0.010909 5.48114e-05 0.000165088 -0.0110089 0.000382725 0.000101382 -0.010957 
-8.29389e-05 0.000509647 -0.0110509 0.000522856 -0.000271217 -0.0107541 -0.000321927 -0.000107365 -0.0108214 
-0.000227965 -0.000212379 -0.0108458 -7.81652e-05 -0.000210293 -0.0108601 5.59531e-05 -0.000224183 -0.0107614 
0.000249367 -0.000192368 -0.0107411 -0.000448411 0.000143666 -0.0108156 -0.000516646 0.00029409 -0.0108005 
0.000125999 0.000283596 -0.0107677 -5.82166e-05 0.000659409 -0.010791 -0.000370402 -0.000307918 -0.0106473 
0.000120004 -0.000273491 -0.0105758 -0.000198716 -0.000118421 -0.0107157 -6.03394e-05 -8.71512e-05 -0.010609 
-0.000130454 3.37426e-05 -0.0106095 2.45614e-05 6.51828e-05 -0.0107308 6.81356e-05 -6.05212e-05 -0.0106829 
0.00016421 -7.38025e-05 -0.0106431 -0.000437231 0.000125328 -0.0106397 -0.000179278 0.000105666 -0.0106722 
0.000113693 0.000280999 -0.0106638 0.000224659 0.000327206 -0.0106858 0.00038622 0.000250725 -0.0106848 
0.000133023 -0.000377046 -0.0105616 0.000672361 -0.000411341 -0.0104908 -0.000185091 -0.0001849 -0.0104222 
0.000208694 -0.000168786 -0.0105007 -0.000201494 -1.86623e-05 -0.0104216 -8.09768e-05 0.000155161 -0.0105576 
-0.000339187 0.000258257 -0.0104365 -5.852e-05 0.000307015 -0.0105625 0.000126389 0.000466317 -0.0105448 
5.06333e-05 -0.000455262 -0.0102755 0.000218751 -0.000358172 -0.0103487 -0.000367173 -0.000224463 -0.0103392 
-0.000314189 -8.03736e-05 -0.010256 4.21404e-05 -0.000144 -0.0103673 -0.000352712 3.39881e-05 -0.010365 
-0.000169497 3.82198e-05 -0.0102822 -6.46629e-05 -5.36228e-05 -0.0103397 -7.73362e-05 0.000111203 -0.0103141 
0.000129406 0.000130026 -0.0103801 0.000293273 0.000121188 -0.0102826 3.60986e-05 0.000252121 -0.0103069 
-6.38316e-05 0.000308995 -0.0102893 0.000317941 0.0002896 -0.0103122 -7.10486e-05 -0.000358816 -0.0101754 
-0.00019214 -0.000200947 -0.0101451 -2.19161e-05 -0.000243608 -0.0102203 0.000374397 -0.000156986 -0.0101778 
-0.000360476 2.45663e-05 -0.0100823 -0.000201067 -7.6747e-05 -0.0102363 -4.54347e-05 5.29628e-05 -0.0102302 
-4.75883e-05 -4.19973e-05 -0.0101732 0.000171048 -7.99712e-05 -0.0101892 0.000138785 1.31979e-05 -0.0102473 
0.000216903 4.58334e-06 -0.0101244 0.00040648 5.85988e-05 -0.0102075 -0.00036368 9.74581e-05 -0.0101925 
-7.80873e-05 0.000204534 -0.010194 -0.000252631 0.000301973 -0.0102254 0.000205307 0.000365584 -0.0102346 
-0.000298405 -0.000109895 -0.0100357 -0.000127311 -0.0001231 -0.0100773 -0.000138257 -0.000187804 -0.00996049 
-2.39402e-05 -0.000122358 -0.0101003 9.69268e-05 -0.00011333 -0.00995327 -0.000194439 -2.10039e-06 -0.0100924 
6.59185e-05 4.28453e-05 -0.0100288 -5.00568e-05 -8.54227e-06 -0.00997223 -0.000216065 0.000137196 -0.0100073 
-8.2026e-05 9.8439e-05 -0.0100516 -1.769e-05 9.94215e-05 -0.00995362 0.000155997 0.000281627 -0.00992772 
0.000189147 -0.000284272 -0.00978598 -4.33649e-05 -0.000238641 -0.0098282 -6.25363e-05 -8.46272e-05 -0.00985756 
0.000222474 -0.000173111 -0.00982811 -0.000166923 -1.86611e-05 -0.00991232 -0.000206992 -3.59689e-05 -0.00977903 
-0.000219176 8.34885e-05 -0.00976015 9.10982e-05 -1.88604e-05 -0.0098759 5.7426e-05 0.000137192 -0.00982941 
0.000204937 0.000180313 -0.00981679 -2.60144e-06 0.00032256 -0.00981717 0.000141107 0.000271424 -0.00978013 
-1.48582e-05 -0.000244751 -0.00971469 -0.00012807 -0.000135275 -0.00966003 -2.08161e-05 -0.000143608 -0.00964826 
0.000110702 -0.000124304 -0.00971855 0.000176939 -0.000245501 -0.00965164 -0.000413183 -6.20141e-05 -0.00965989 
-0.000272742 4.8551e-05 -0.00966373 -0.000139512 -8.93648e-06 -0.00964272 -7.04418e-05 -4.62996e-05 -0.00975469 
9.27304e-05 -1.59249e-05 -0.00976054 -4.20366e-05 -5.62491e-06 -0.00966603 0.000220841 -7.5668e-05 -0.00960773 
0.000175441 8.72748e-06 -0.00969737 -0.000164884 0.000168902 -0.00976039 4.27475e-05 7.51092e-05 -0.00969507 
0.000216691 0.000118446 -0.0096964 -8.21456e-05 0.000321199 -0.00961823 -0.000152616 -0.00015253 -0.00950819 
-5.15559e-05 -0.000236031 -0.00952811 6.43565e-05 -0.000228536 -0.00955649 2.94031e-05 -0.000136237 -0.00946437 
0.000141299 -0.000142627 -0.00951883 -0.000220537 -3.33572e-05 -0.00956915 -0.000121133 -3.7374e-05 -0.00949163 
-0.000200693 6.89257e-05 -0.00955252 6.07922e-05 -8.03575e-05 -0.0096093 -2.28014e-05 -7.45969e-05 -0.00955134 
-1.52364e-05 6.71278e-06 -0.00946465 0.00023453 3.17311e-05 -0.00947735 7.83489e-05 -2.35243e-05 -0.00952311 
-0.000105074 0.000220951 -0.00957011 -0.000108769 0.000234212 -0.00945373 -0.000137048 0.000126458 -0.0094893 
2.19615e-05 0.000134721 -0.00953651 0.000129782 0.000139269 -0.00959417 0.000110367 0.000208112 -0.00952106 
-7.79592e-06 0.000264564 -0.00944479 -0.000122141 -0.000308457 -0.0092091 -1.10008e-05 -0.000326371 -0.00919107 
0.000106588 -0.000310574 -0.00921479 0.000232485 -0.000239878 -0.00921096 -0.000264651 -0.000201975 -0.00922098 
-0.000131903 -0.000103711 -0.00929762 -9.64232e-05 -0.000200049 -0.00926631 -8.75333e-05 -0.00017474 -0.00943347 
0.000113769 -0.000242477 -0.00939899 0.000193054 -0.000163513 -0.0094305 9.91308e-05 -0.000135571 -0.00933756 
0.00029837 -0.000141191 -0.00921663 -0.000331671 4.12537e-05 -0.00922094 -0.000331398 -5.52066e-05 -0.0092154 
-0.000245687 7.07992e-05 -0.009381 -0.000181639 8.58317e-05 -0.00927893 -0.000172759 -1.31977e-05 -0.00931599 
-9.07957e-05 3.78025e-05 -0.00937869 -1.33432e-05 -6.64365e-05 -0.00939045 1.00283e-05 1.05906e-05 -0.00930312 
0.000101273 -4.0141e-05 -0.00940383 0.000208159 1.52241e-05 -0.00925538 0.000332973 -5.19802e-05 -0.00919626 
-0.000303582 0.000133485 -0.00919241 -0.000184142 0.00016746 -0.00938657 7.1687e-05 0.000217135 -0.00938089 
-6.05114e-05 0.000135206 -0.00938538 5.17626e-05 8.84911e-05 -0.00944644 0.000176538 7.22894e-05 -0.00939329 
0.000144231 0.000184215 -0.00929241 0.000312846 9.71691e-05 -0.0092154 -0.000113225 0.000311219 -0.00917475 
-0.000194186 0.000265197 -0.00921571 2.78652e-05 0.000327312 -0.00921075 0.000120037 0.000308221 -0.00919187 
0.000213903 0.000249551 -0.0091783 -0.000229331 -0.000232413 -0.0091209 -7.96715e-05 -0.000325145 -0.00905171 
-0.000155225 -0.000293793 -0.00911489 4.73539e-05 -0.00032328 -0.00904585 0.000188459 -0.000272437 -0.00907604 
-0.000313723 -0.000106242 -0.00904142 -0.000261908 -0.000211135 -0.00902953 -0.000299104 -0.000136935 -0.00916985 
-0.000180097 -0.000147179 -0.00920404 -0.000119741 -7.59642e-05 -0.00916433 -1.62917e-05 -0.00020316 -0.00919916 
-2.34966e-05 -0.000115773 -0.00928072 2.81867e-05 -0.000213174 -0.00910662 -2.33617e-05 -0.000104958 -0.00916365 
0.000194253 -0.000107607 -0.00928367 0.000168423 -0.000166085 -0.00918468 0.000122557 -9.58619e-05 -0.00912595 
0.000281495 -0.000180761 -0.00914327 0.000254515 -0.000214105 -0.00903634 -0.000328967 -4.0739e-05 -0.00912291 
-0.000327232 6.15344e-05 -0.00906967 -0.000220474 -4.84937e-05 -0.00915113 -0.000138795 9.41072e-06 -0.00922106 
-1.48668e-05 1.75014e-05 -0.00920159 9.38863e-05 -8.78913e-05 -0.00924955 0.000108559 6.51936e-05 -0.00928467 
0.000128448 -4.90534e-06 -0.00918795 0.000228835 6.54131e-05 -0.00912909 0.000329153 -3.47657e-05 -0.00909607 
0.000327297 3.53402e-05 -0.00916085 0.000327501 3.59524e-05 -0.00903319 -0.000282911 0.000172922 -0.00909497 
-0.000148582 0.000152541 -0.00920358 -5.18033e-05 0.00022863 -0.00921623 -4.86932e-05 8.75757e-05 -0.0092705 
5.83708e-05 0.000234468 -0.00924484 -6.48536e-05 0.00013195 -0.0091438 7.56764e-05 0.000132349 -0.00921536 
0.000285141 0.00017074 -0.00914878 0.000285342 0.000175756 -0.00905699 -0.000157455 0.000291921 -0.00902295 
-0.000216764 0.000244217 -0.00912628 4.1731e-05 0.000327053 -0.0090343 -2.75087e-05 0.000330454 -0.00912194 
-4.9044e-05 0.00032886 -0.00902367 0.00016484 0.000282896 -0.00908094 -0.000197782 -0.000266437 -0.00896949 
-8.21484e-05 -0.000321779 -0.00888542 -1.38635e-05 -0.000331123 -0.00895191 0.000127271 -0.000306985 -0.00896717 
-0.000296052 -0.000149656 -0.00893397 -0.000135221 -0.000123879 -0.00905896 -0.000167516 -9.32062e-05 -0.00896251 
-9.61628e-05 -0.000219742 -0.00903567 3.24889e-05 -0.000144184 -0.00903147 0.000131756 -0.000193483 -0.00905279 
0.0001979 -0.000125746 -0.00899224 0.000320643 -8.47658e-05 -0.00899994 0.000239713 -0.000228487 -0.0088747 
0.000291762 -0.000151515 -0.0089202 -0.000323595 -7.65817e-05 -0.0088794 -0.000331771 -3.48872e-06 -0.00899403 
-0.00032539 5.48659e-05 -0.00887678 -0.000241014 -3.3497e-06 -0.0089434 -0.000226415 4.20173e-05 -0.00908554 
-0.000148575 -1.7596e-05 -0.00905823 -5.62248e-05 -3.0484e-05 -0.00909822 -3.68535e-06 5.63464e-05 -0.00909289 
7.9217e-06 -4.3007e-05 -0.00899533 -9.20409e-05 -8.89463e-06 -0.00897535 0.000226929 -3.50532e-05 -0.00905486 
8.41193e-05 -8.86039e-06 -0.00908625 0.00019183 4.82311e-05 -0.00899878 0.000332315 2.44296e-06 -0.00894055 
-0.000261491 0.00020464 -0.00896041 -0.000304647 0.000131513 -0.00900348 -0.000185389 0.000148911 -0.00907624 
-0.000112208 9.54252e-05 -0.0090156 -0.000212644 8.76554e-05 -0.0089762 -0.000137389 0.000196581 -0.00899734 
-1.47265e-05 0.000228348 -0.00909803 5.9197e-06 0.000174571 -0.00900238 0.000128141 8.3443e-05 -0.00913844 
9.64937e-05 0.00020282 -0.00905255 9.00231e-05 0.000115051 -0.00900428 0.000177806 0.000141485 -0.00905502 
0.000288829 0.000168887 -0.00889288 0.000318767 9.63833e-05 -0.00895486 -0.00016294 0.00028874 -0.00892382 
-2.31371e-05 0.000326985 -0.00893445 0.00017074 0.000280319 -0.0089799 8.86637e-05 0.00031973 -0.00894449 
0.000165364 0.000292445 -0.00888684 0.000237855 0.000232626 -0.00899343 -0.000199215 -0.00026301 -0.00886976 
-0.000154476 -0.000295873 -0.00878623 4.17981e-05 -0.000334618 -0.00876731 9.31663e-05 -0.00031907 -0.00885428 
0.000134995 -0.000305321 -0.00876765 0.000223025 -0.000252747 -0.00874689 -0.000265895 -0.000197034 -0.00878505 
-0.000169981 -0.000162865 -0.00888404 -8.42317e-05 -0.000143769 -0.00893658 6.22021e-06 -0.000244358 -0.0088976 
2.15437e-06 -0.000126944 -0.00888586 -7.77605e-05 -7.67464e-05 -0.00883361 0.000128546 -0.000203516 -0.00892483 
0.000205539 -9.98235e-05 -0.00881643 9.69337e-05 -0.000119866 -0.00884741 0.000123085 -0.000198588 -0.00878878 
0.000300162 -0.000146344 -0.00881557 -0.000324352 -5.33506e-05 -0.00878563 -0.000324772 5.54643e-05 -0.00872617 
-0.000205223 -4.35192e-05 -0.00878176 -0.000148792 -1.45573e-05 -0.00888395 -0.000221239 5.45749e-05 -0.00886399 
-2.19466e-05 6.1455e-05 -0.0089574 4.10536e-05 -2.3964e-05 -0.00884074 -1.8608e-05 5.80634e-05 -0.0088409 
0.000106053 2.7322e-05 -0.00892364 0.000109619 -8.1433e-05 -0.00894152 0.00022444 -2.498e-05 -0.00889718 
0.000328036 -3.61977e-05 -0.00883122 0.000326024 4.69571e-05 -0.0088616 0.000241986 -4.53128e-06 -0.00878967 
-0.000311298 0.000120623 -0.00880671 -0.000268539 0.000196422 -0.00877592 -0.000161907 0.00015758 -0.00888529 
-0.00011865 7.52245e-05 -0.00884377 -8.21766e-05 0.000227234 -0.00887566 4.78907e-05 0.000235688 -0.00888438 
5.25081e-05 0.000120291 -0.00889393 0.000185754 6.75948e-05 -0.00887503 0.000134264 0.000182216 -0.00885913 
0.000307607 0.000133176 -0.00879815 -0.000206367 0.000259181 -0.00883416 -0.000158065 0.000294034 -0.00877392 
3.42017e-05 0.000327666 -0.00879625 -5.14212e-05 0.000327359 -0.00883568 0.000155926 0.000295719 -0.00878669 
0.000221806 0.000243623 -0.00882488 -0.000154142 -0.000289572 -0.00866579 6.08322e-05 -0.000322287 -0.00859873 
-6.08632e-05 -0.00032639 -0.00869415 4.77952e-05 -0.000218921 -0.00871501 0.000177045 -0.000277161 -0.00861718 
8.25134e-05 -0.000325787 -0.00869732 -0.000313461 -0.000109841 -0.00857313 -0.000265075 -0.000198222 -0.00867709 
-0.000321475 -8.14479e-05 -0.00869133 -0.000154834 -0.000181868 -0.00877995 -9.10944e-05 -0.000103413 -0.00873379 
-0.000150874 -0.000173954 -0.00867801 -5.91481e-05 -0.000205245 -0.00874764 1.24537e-05 -0.00010063 -0.00877612 
6.72473e-05 -0.000125434 -0.00868187 0.000157467 -0.000179521 -0.00869623 0.000254901 -0.000210345 -0.00866217 
0.00032209 -9.56032e-05 -0.00868616 0.000300201 -0.000151233 -0.00860608 -0.000331763 9.09925e-06 -0.00861684 
-0.000232285 -3.55485e-05 -0.00868136 -0.000139021 5.63806e-06 -0.00869473 -5.32959e-05 1.09229e-06 -0.00875508 
4.78174e-05 -1.12422e-06 -0.00874171 0.000140432 7.0079e-06 -0.00878338 0.000217231 7.49552e-05 -0.00869057 
0.000144055 -8.11812e-05 -0.00873619 0.000237392 -4.26127e-05 -0.00869539 0.000129864 1.75926e-05 -0.00868364 
0.00032851 7.22745e-06 -0.00866819 0.000329514 -2.9975e-05 -0.00857617 -0.000310438 0.000119984 -0.00857189 
-0.000309268 0.000121251 -0.00867276 -0.000271386 0.000196504 -0.00867678 -0.000264776 0.000197999 -0.0085754 
-8.95851e-05 0.000122445 -0.00875317 -0.000202732 9.80524e-05 -0.00866817 -9.14913e-05 0.000214464 -0.00870474 
7.12231e-05 8.04748e-05 -0.00880315 5.91428e-05 0.000179257 -0.00877976 -1.11075e-05 0.000101988 -0.00869212 
2.10485e-05 0.000240485 -0.00869761 0.000145248 0.000132531 -0.00875909 0.000181611 0.000162743 -0.00865794 
0.000314096 9.98154e-05 -0.00868907 0.000275201 0.000187911 -0.00859351 -0.000108163 0.000312419 -0.00868376 
-0.000191281 0.00027165 -0.0086511 -9.78051e-05 0.000316104 -0.00858431 -1.30395e-05 0.000331808 -0.00866316 
-3.18302e-05 0.000224267 -0.00878832 0.000146475 0.00029859 -0.00869073 8.69588e-05 0.000321526 -0.00860761 
0.00020702 0.000265538 -0.00860063 0.000231307 0.00023265 -0.00870913 -9.7514e-05 -0.000317314 -0.0085653 
-0.000223768 -0.000246998 -0.00855373 -0.000200978 -0.000264054 -0.00845804 -0.000104591 -0.000311342 -0.00844551 
-2.00724e-05 -0.00033112 -0.00848645 -5.2887e-05 -0.000238723 -0.00863106 0.000225597 -0.000251181 -0.00847628 
7.8456e-05 -0.000324163 -0.00843542 0.000127114 -0.000306307 -0.00852064 0.000235717 -0.000232279 -0.00855533 
-0.000303708 -0.000124748 -0.00847483 -0.000203487 -0.000108281 -0.00861122 -0.000131388 -0.000204192 -0.00857576 
-0.000184583 -0.000122078 -0.00851319 -7.11884e-05 -0.000129422 -0.00862814 -7.36961e-05 -0.000111273 -0.00852951 
-3.32353e-05 -0.000230173 -0.00852014 6.84304e-05 -0.000217621 -0.00857769 7.29227e-05 -0.00011191 -0.00857919 
0.000170401 -0.000143034 -0.00851103 0.000281599 -0.00016819 -0.00848196 -0.000330772 -2.53728e-05 -0.00852167 
-0.00022592 1.67587e-05 -0.00858288 -0.000118804 -3.88924e-05 -0.00860628 -0.000134649 6.96088e-05 -0.00859657 
2.44079e-05 -4.48978e-05 -0.00863812 2.80002e-05 4.79124e-05 -0.00859217 2.32856e-05 -2.93675e-05 -0.00852877 
-6.6455e-05 4.76008e-05 -0.00852501 0.000160514 -8.36059e-05 -0.00862504 0.000233755 -5.04444e-05 -0.0085242 
0.000130977 2.94146e-05 -0.00856156 0.000332715 -2.68995e-05 -0.00845525 0.000325677 6.12503e-05 -0.00843059 
-0.000294442 0.000145501 -0.00847822 -0.000165162 0.00017028 -0.00858075 -0.000184232 0.000117765 -0.00849479 
1.67141e-05 0.000165816 -0.00861753 -6.78184e-05 0.000140696 -0.00856804 -8.82927e-06 0.000232342 -0.00850887 
0.000101378 0.00022229 -0.00864067 0.000111575 0.00012375 -0.00859779 9.02572e-05 0.000201351 -0.0085256 
0.000314705 9.08588e-05 -0.00856462 0.000275066 0.00017882 -0.00847255 -0.000167985 0.000283299 -0.00854264 
-0.000230377 0.000238932 -0.00848076 -3.86618e-05 0.000327014 -0.0084739 0.000119143 0.000310965 -0.00848351 
0.000193892 0.000273621 -0.00844965 -0.000154318 -0.000289558 -0.0083297 -2.80925e-05 -0.000329881 -0.0083881 
6.6877e-05 -0.000321607 -0.00833684 0.000200547 -0.000263244 -0.00827369 0.000228609 -0.000247075 -0.00837724 
-0.000321392 -8.3295e-05 -0.00831975 -0.000248077 -0.000214617 -0.00836343 -0.000178691 -0.000141591 -0.00837101 
2.21922e-05 -0.000139721 -0.00849183 -8.35852e-05 -0.000201976 -0.00843104 8.06588e-05 -0.00010356 -0.00841327 
0.000204578 -9.12184e-05 -0.00839983 9.73201e-05 -0.000190736 -0.00835372 0.000278886 -0.000173563 -0.0083329 
-0.00032506 4.42832e-05 -0.00838087 -0.000331319 2.56384e-05 -0.00827932 -0.000239924 -1.33977e-05 -0.00847826 
-0.000148514 -4.4155e-05 -0.00845043 -0.000108058 4.7409e-05 -0.00843314 -8.78595e-06 4.45365e-05 -0.00841343 
-2.00066e-05 -5.98979e-05 -0.00843753 0.000208539 4.0435e-05 -0.00847357 0.000145866 -4.80759e-05 -0.00846985 
0.000329802 3.1851e-05 -0.00832939 0.000330946 -6.21959e-05 -0.00836426 0.000231779 -6.21522e-06 -0.00834706 
-0.000307245 0.000125326 -0.0082724 -0.000274179 0.000184391 -0.00837395 -0.000226003 8.10389e-05 -0.00840565 
-9.3667e-05 0.000150434 -0.00846416 2.11257e-05 0.000103941 -0.00850547 -1.39655e-05 0.00014181 -0.00838027 
0.000176353 0.000138076 -0.00844881 8.61179e-05 9.87365e-05 -0.00840213 7.06462e-05 0.000206342 -0.00841511 
0.000279332 0.000174086 -0.00837633 -0.000106366 0.000313163 -0.00838647 -0.000199102 0.000266179 -0.00839073 
-0.000178193 0.000275421 -0.00828374 5.05491e-05 0.000328372 -0.00837689 -4.37074e-05 0.00023655 -0.00841453 
0.000188678 0.000275745 -0.00833532 0.000119168 0.000311562 -0.00827178 -0.000201273 -0.00026592 -0.0082013 
-8.82375e-05 -0.000320263 -0.00817813 -3.21746e-05 -0.000334631 -0.00823929 3.61571e-05 -0.000334868 -0.00815164 
-3.5678e-05 -0.00023863 -0.00820933 8.77036e-05 -0.000320186 -0.00822332 0.000141929 -0.00030105 -0.00814727 
-0.000251611 -0.00021507 -0.00826241 -0.000296031 -0.000148636 -0.00825106 -0.000124954 -0.000176748 -0.00823251 
-9.55767e-05 -7.49387e-05 -0.00825034 6.70346e-06 -0.000228066 -0.00831914 3.827e-05 -0.000104277 -0.00831478 
-7.44123e-05 -0.000162438 -0.00831739 5.4171e-05 -0.000183067 -0.00822574 0.000145226 -9.22824e-05 -0.00830926 
0.000242221 -0.000229814 -0.00815335 0.00028777 -0.000168361 -0.00823495 -0.000323276 6.39593e-05 -0.00818738 
-0.000328769 -4.17709e-05 -0.0081506 -0.000231233 -1.13642e-05 -0.00832535 -0.000103869 -6.83636e-05 -0.00835097 
-0.000195218 -9.79468e-05 -0.00823532 -0.000105008 3.45792e-05 -0.00832225 -0.000214923 6.71608e-05 -0.0081946 
-4.37592e-06 -1.42354e-05 -0.00830066 0.000120833 2.84563e-05 -0.00832705 0.000119644 -1.15466e-05 -0.00823087 
0.00023601 -6.18994e-05 -0.00819714 0.000330457 2.80336e-05 -0.00813717 0.00033093 -6.23431e-05 -0.00825139 
0.000327686 7.64044e-05 -0.00824332 -0.000257207 0.000212114 -0.00822742 -9.33938e-05 0.000187455 -0.0083345 
-0.000185645 0.000153 -0.00830719 -0.000140476 0.000194034 -0.00813895 -0.000120003 9.29466e-05 -0.00821948 
-3.46488e-05 9.99952e-05 -0.0082726 -3.12701e-06 0.000241173 -0.00830429 6.5524e-05 0.000231716 -0.0081949 
8.89643e-05 0.000196414 -0.00831304 6.17113e-05 0.000128757 -0.00821385 0.000207653 0.00011329 -0.00827194 
0.000275891 0.000187702 -0.00821728 0.00030894 0.000107198 -0.00815099 -0.000103153 0.000314392 -0.00820756 
-0.000193281 0.000270147 -0.00817754 -8.12478e-06 0.000332265 -0.00821312 0.000215218 0.000254202 -0.00816291 
0.000132526 0.000311416 -0.00817312 -0.000241427 -0.000237884 -0.00805025 -0.000120866 -0.000309454 -0.00798471 
-0.000135168 -0.000302438 -0.00808327 -2.7705e-05 -0.00033014 -0.00805166 6.78209e-05 -0.00032241 -0.00806699 
1.65013e-05 -0.000209629 -0.0081091 0.000177684 -0.00028397 -0.00802456 -0.000270541 -0.000186378 -0.00797578 
-0.000319493 -8.04663e-05 -0.00803392 -0.0002954 -0.000153698 -0.00809953 -0.000189469 -0.000133819 -0.00810259 
-0.000104733 -0.000181486 -0.00813277 -9.25952e-06 -8.0821e-05 -0.00819481 0.000195838 -0.000138483 -0.00814347 
8.9705e-05 -0.00014381 -0.00813635 9.69996e-05 -0.000213508 -0.00803056 0.000155315 -8.22852e-05 -0.00807014 
0.000293913 -0.000154343 -0.00800016 0.00030338 -0.000137063 -0.00811331 0.00025466 -0.000219479 -0.00805641 
-0.000331746 2.12906e-05 -0.0080803 -8.62551e-05 -2.26981e-05 -0.00816346 -0.000224237 7.68097e-05 -0.00805509 
2.01326e-05 3.15487e-05 -0.00821429 -6.23106e-05 -9.10439e-05 -0.00809433 -4.90366e-06 -5.72447e-06 -0.0080833 
0.00019348 6.95512e-05 -0.00816064 0.000100602 1.23758e-05 -0.00812964 0.000227959 -9.21942e-06 -0.00808806 
0.000214791 8.34505e-05 -0.00805053 0.000327037 -5.93421e-05 -0.00807597 0.000331165 -2.76703e-05 -0.00798737 
-0.000273289 0.000190128 -0.0080401 -0.000311818 0.000117755 -0.00808004 -0.00031654 8.92619e-05 -0.00798374 
-0.000130096 0.000138683 -0.00804637 -9.55629e-05 6.86412e-05 -0.0081235 -3.945e-05 0.000231243 -0.00818302 
3.6283e-06 0.000126828 -0.00812221 -3.57296e-05 0.000193572 -0.00803453 5.756e-05 0.000216243 -0.00807748 
0.000270759 0.000187779 -0.0080741 0.000326327 8.02524e-05 -0.00803334 -0.000101615 0.000314623 -0.0080779 
-0.00017851 0.000275235 -0.00798821 3.24926e-05 0.000331566 -0.00801049 -1.69655e-06 0.000334824 -0.00811304 
0.000106419 0.000312506 -0.00806988 0.000211286 0.00025437 -0.00806476 0.000225807 0.000245929 -0.0079679 
-0.000122592 -0.000308649 -0.00786814 -0.000202739 -0.000262665 -0.00790545 6.99116e-05 -0.000322641 -0.00796079 
-3.17652e-05 -0.000330444 -0.0079448 2.84028e-06 -0.000222516 -0.00798018 -1.25128e-05 -0.000233178 -0.0078786 
0.000146518 -0.000293475 -0.00789319 0.000222841 -0.000251002 -0.00794095 -0.00026676 -0.000195849 -0.00784626 
-0.000315054 -0.000104593 -0.00788302 -0.000131808 -0.000203789 -0.00803629 -5.61001e-05 -0.000143459 -0.00795774 
3.56744e-05 -0.000118857 -0.00805045 0.000106068 -0.00019218 -0.00787672 0.000115052 -0.000115142 -0.00798242 
0.000284072 -0.000171675 -0.00790332 -0.000327886 -7.01682e-06 -0.00790457 -0.000192847 3.51975e-07 -0.00799346 
-0.00011208 -1.71833e-06 -0.00805338 -7.40644e-05 -4.10401e-05 -0.00789656 -4.25415e-05 5.09583e-05 -0.00794652 
-1.98688e-05 -5.21314e-05 -0.00798099 7.73974e-05 -2.62086e-05 -0.00802415 0.000115917 1.98746e-06 -0.00793091 
0.000327516 -4.10697e-05 -0.00786711 0.00032743 6.50225e-05 -0.00789188 0.000209972 -1.77816e-05 -0.00796389 
-0.000293463 0.000168843 -0.00782775 -0.000272717 0.000190129 -0.00792469 -0.000146529 0.000143266 -0.00794138 
-4.03639e-05 8.82216e-05 -0.00804081 3.30851e-05 0.000142783 -0.00798162 0.000142893 0.000174043 -0.00797225 
6.28182e-05 7.20737e-05 -0.00805816 0.000261335 0.00021237 -0.0078744 0.000290713 0.000164234 -0.00795105 
-0.00023148 0.000237819 -0.00782786 -0.000148549 0.000301751 -0.00784686 -4.30674e-05 0.000329363 -0.00785369 
-6.10794e-05 0.000330776 -0.00795909 5.24331e-05 0.000327608 -0.00787761 3.17663e-05 0.000226201 -0.00790716 
0.000160911 0.000286489 -0.00787271 0.000112159 0.000313397 -0.00796136 -7.83538e-05 -0.000321429 -0.00767688 
-0.000194425 -0.000268939 -0.00770296 -0.000200495 -0.00026429 -0.00780417 4.29644e-05 -0.000329125 -0.00780438 
-6.06252e-05 -0.000325901 -0.00777345 5.54344e-05 -0.000327475 -0.00770533 0.000144597 -0.00029768 -0.00768225 
0.000144173 -0.000297682 -0.00778075 -0.000255613 -0.000207313 -0.00774333 -0.000317818 -8.9596e-05 -0.0077684 
-0.000119124 -0.000194372 -0.00786774 -9.65744e-05 -0.000200084 -0.00776517 -0.000178152 -0.000114259 -0.00773789 
-2.38724e-05 -0.000132488 -0.00785091 4.34999e-05 -0.000227783 -0.00778666 6.67237e-05 -0.000129286 -0.0078005 
0.000200364 -0.000133185 -0.00784048 0.000241918 -0.000224236 -0.00779183 0.000298468 -0.000159779 -0.00770681 
-0.00032296 7.26981e-05 -0.00770477 -0.000323044 6.97464e-05 -0.00780329 -0.000324859 -6.66211e-05 -0.00767084 
-0.000195471 -7.64876e-05 -0.00790949 -0.000190725 6.40577e-05 -0.00787378 -9.16559e-05 6.86361e-05 -0.00785789 
-0.000163861 -1.74323e-05 -0.007816 6.14707e-05 -7.7445e-05 -0.00788766 1.39394e-05 9.11336e-06 -0.00786933 
-5.54252e-05 -1.18251e-05 -0.00778931 0.000164142 7.14621e-05 -0.00786662 9.22472e-05 8.4832e-05 -0.00778325 
0.000227194 8.97098e-06 -0.00779974 0.000136396 -2.74269e-05 -0.00782933 0.0003328 -3.06307e-05 -0.0076728 
0.000327916 3.64237e-05 -0.00775503 0.000325275 -6.89123e-05 -0.00777327 -0.000280256 0.000180939 -0.00767547 
-0.000150144 0.00018404 -0.00779913 -6.87998e-05 0.00020306 -0.00788291 3.98633e-05 0.000111612 -0.00787079 
6.83743e-05 0.000198868 -0.00773005 -2.15513e-05 0.000105692 -0.0077853 0.00011571 0.000177058 -0.00786897 
0.000178523 0.000152416 -0.00777621 0.000286787 0.000159345 -0.00778505 -0.000105476 0.000313397 -0.00775192 
-0.000229857 0.000239768 -0.00773092 -2.46015e-05 0.000327187 -0.0076823 8.03739e-05 0.000327024 -0.0077523 
0.000215516 0.000255651 -0.00777574 -0.000202299 -0.000262937 -0.00755655 -6.03289e-05 -0.000326198 -0.00756798 
4.27546e-05 -0.000329163 -0.0075503 0.000137433 -0.000300769 -0.00756355 0.000228112 -0.000235089 -0.00764967 
-0.000313223 -0.000111099 -0.00758251 -0.000266946 -0.00019536 -0.00763206 -8.96496e-05 -0.000221313 -0.00766169 
-0.000215936 -6.5446e-05 -0.00762961 -0.00012792 -0.000125066 -0.00763171 6.31152e-06 -0.000172926 -0.00769755 
9.41446e-05 -0.000203457 -0.0076081 -9.68949e-06 -0.000159845 -0.00758895 -8.20942e-05 -8.79139e-05 -0.0077172 
0.000157317 -0.000128669 -0.00765372 5.96378e-05 -8.16292e-05 -0.00763929 0.000318964 -0.000104528 -0.00761026 
0.000274907 -0.00018278 -0.00754007 -0.00033094 2.96557e-05 -0.0076159 -0.0002292 7.81117e-06 -0.00771548 
-0.000147178 7.3007e-05 -0.00777228 -0.000119853 2.22012e-05 -0.00761402 3.98514e-05 -3.62685e-05 -0.00776929 
-2.56782e-05 -2.84575e-05 -0.00763155 -2.92515e-05 4.09438e-05 -0.00770711 0.000230016 -4.77819e-05 -0.00766318 
0.00010995 1.47432e-06 -0.0076724 0.000333876 -2.2043e-05 -0.00754832 -0.000258704 0.000208732 -0.00756418 
-0.000308342 0.000125118 -0.00756132 -0.000141426 0.000188409 -0.00768453 -4.66215e-05 0.000227603 -0.00772457 
-7.70086e-05 0.000119778 -0.00762524 6.38081e-05 0.000113442 -0.00766969 0.000207096 9.08102e-05 -0.00761276 
0.000317254 8.86524e-05 -0.00754064 0.000293267 0.000143684 -0.00765368 0.000278667 0.000181865 -0.00755439 
-0.000167608 0.000283086 -0.00753643 -0.000144286 0.000304302 -0.00765122 -6.18233e-05 0.000326455 -0.00758955 
1.52804e-05 0.000240389 -0.00760527 8.84902e-05 0.000324422 -0.00756649 0.000109922 0.000311711 -0.00765607 
0.000180589 0.000283003 -0.00755142 0.000201532 0.000259893 -0.0076464 -0.000124253 -0.000307979 -0.00746642 
-0.000203476 -0.000259407 -0.00742901 -0.000133897 -0.000303449 -0.00737042 -2.98219e-05 -0.000330122 -0.00743543 
-2.22282e-05 -0.000219903 -0.00745105 8.98462e-05 -0.00031962 -0.00746266 0.000235773 -0.000238375 -0.00747039 
-0.000262883 -0.00019956 -0.00750872 -0.000268907 -0.000192611 -0.00738867 -0.000318549 -9.19574e-05 -0.00739362 
-0.000320201 -8.6184e-05 -0.00749015 -9.39353e-05 -0.000213384 -0.00753208 -8.02154e-05 -9.03894e-05 -0.0075495 
5.61541e-05 -0.0002246 -0.00751654 0.000149978 -0.000108447 -0.00755308 0.000119131 -0.000158696 -0.00746253 
0.000320696 -9.0742e-05 -0.00746402 -0.000331645 2.18471e-05 -0.00738927 -0.000323223 6.26667e-05 -0.00749565 
-0.00023568 -1.01654e-05 -0.00754339 -0.000145548 -3.73954e-05 -0.00749447 2.5139e-05 -7.24384e-05 -0.00754017 
-3.14814e-05 5.05601e-05 -0.00756311 7.25065e-05 1.25723e-05 -0.00746812 0.000100302 7.83549e-07 -0.00756403 
0.000202194 -1.80147e-05 -0.00754957 0.000219137 -3.5812e-05 -0.00743984 0.000179234 7.7764e-05 -0.00748976 
0.000331015 1.95032e-05 -0.00741097 -0.000274031 0.000187914 -0.00746118 -0.000313003 0.000117413 -0.00738232 
-0.000200633 0.000124608 -0.00761166 -0.00010827 0.000206446 -0.00758072 -0.000202757 7.79789e-05 -0.00749238 
-0.000138993 0.000192293 -0.00748219 -2.49711e-05 0.000188424 -0.00748882 0.000143121 0.000166361 -0.00757248 
7.51949e-05 0.000223754 -0.00751207 4.91461e-05 0.000124758 -0.00752944 0.000308486 0.000115279 -0.00744968 
0.000254113 0.000212467 -0.00746293 -0.000229823 0.000239347 -0.00738754 -0.000133261 0.000304867 -0.00736814 
-4.78623e-05 0.000331093 -0.00743841 5.37166e-05 0.000327287 -0.00747291 0.000179518 0.000278656 -0.0074447 
-0.000146911 -0.000295924 -0.00727548 -0.000224923 -0.000240004 -0.00730963 7.21074e-05 -0.000321596 -0.00727149 
-2.26581e-05 -0.000330915 -0.00729258 0.000174404 -0.000287373 -0.00725114 0.000181564 -0.000281485 -0.00735807 
-0.000296816 -0.000149157 -0.00730415 -0.000108697 -0.00012621 -0.00745885 -0.000173805 -0.000151687 -0.00738481 
-0.000117395 -0.000197189 -0.00730063 3.14364e-06 -0.000121362 -0.00738056 3.27147e-05 -0.000209747 -0.0072859 
-2.92569e-05 -4.76817e-05 -0.00730602 0.000130809 -0.000175443 -0.00735299 0.000294549 -0.000159699 -0.00725547 
0.000239914 -0.000229947 -0.00727961 0.000272441 -0.000193219 -0.0073537 -0.000322106 7.61164e-05 -0.00729847 
-0.00033146 -1.92558e-05 -0.00729843 -0.000213268 -2.44663e-05 -0.00742217 -0.000234118 1.74394e-05 -0.00733135 
-0.000133305 4.06804e-05 -0.00740043 -4.51027e-05 -4.98371e-05 -0.00743339 2.27767e-05 2.07219e-05 -0.00737114 
6.76816e-05 -6.9214e-05 -0.00732148 0.0002349 6.40668e-05 -0.00738929 0.000119817 -7.42472e-05 -0.00740811 
0.000181138 -1.7262e-05 -0.00734905 0.000129222 6.98655e-05 -0.00740166 0.000333093 -6.20303e-05 -0.00729912 
0.000329533 3.00006e-05 -0.00727294 -0.000284683 0.000176845 -0.00725708 -0.000194415 0.000122057 -0.00736073 
-4.08503e-05 6.78638e-05 -0.00745814 7.65319e-05 0.000212069 -0.00740691 -5.27796e-05 0.000178025 -0.00733134 
3.19467e-05 0.000124582 -0.00738052 0.000187758 0.00015209 -0.00741602 0.000211597 9.66858e-05 -0.00729616 
0.000283715 0.000173027 -0.00734617 0.000287306 0.000171439 -0.00723978 -0.000209758 0.000260701 -0.00729224 
-9.9576e-05 0.000315282 -0.00727516 -3.75145e-06 0.000332124 -0.00729776 9.21815e-05 0.000323373 -0.00736063 
0.00014421 0.00030075 -0.00723835 0.000219316 0.000246593 -0.00730979 -8.10211e-05 -0.000320751 -0.00709082 
-0.000168296 -0.000286447 -0.00710197 -7.36046e-05 -0.000320658 -0.00719426 5.71344e-05 -0.000322954 -0.00713674 
-2.51178e-05 -0.000221371 -0.00718903 0.000226139 -0.000249627 -0.00712262 -0.000246456 -0.000222561 -0.0072104 
-0.000320776 -8.37499e-05 -0.00718111 -0.000262127 -0.000199706 -0.00711461 -7.96505e-05 -0.00011599 -0.00725303 
5.4055e-05 -0.000105013 -0.00719457 0.000233789 -7.12179e-05 -0.00725891 0.000158068 -0.000180975 -0.00724826 
7.54902e-05 -0.000207151 -0.00717883 0.00027919 -0.000172872 -0.00716285 0.000321175 -8.34296e-05 -0.00711479 
-0.000335009 3.31622e-05 -0.00708462 -0.00032948 4.29433e-05 -0.00720918 -0.000146702 -4.68321e-05 -0.0072934 
-0.000216608 2.87675e-05 -0.00722742 -8.84052e-05 6.28864e-05 -0.00717662 -6.80878e-05 4.47e-05 -0.00731806 
-2.65729e-05 -1.98237e-05 -0.00720445 6.23938e-05 3.793e-05 -0.00723695 0.000139341 -2.60433e-05 -0.00725225 
0.000209186 -7.44109e-06 -0.00716756 0.000328745 3.65642e-05 -0.00717799 -0.000245297 0.000223897 -0.00709678 
-0.000302136 0.000133445 -0.00707291 -0.000162834 0.000115906 -0.0072394 -0.000174828 0.000153269 -0.00713128 
4.75793e-05 0.000240145 -0.00729279 -9.4411e-07 0.000124441 -0.00726395 -6.35602e-05 0.000227353 -0.00715257 
9.81075e-05 0.000104658 -0.00730465 0.000205551 0.000103588 -0.00719255 8.30011e-05 0.000120358 -0.00718221 
0.000288812 0.000170616 -0.00713907 -0.000230725 0.000238423 -0.00719738 -0.000114693 0.000311133 -0.00717772 
-5.32026e-05 0.000331427 -0.0070998 4.16254e-05 0.000325648 -0.00716229 3.95677e-05 0.000198232 -0.00712914 
0.000218566 0.000246038 -0.00720112 0.000138682 0.00030819 -0.00707449 -0.000142853 -0.000299228 -0.00693552 
6.35452e-05 -0.000323075 -0.00692915 -1.66287e-05 -0.000328471 -0.00699329 0.000106035 -0.000319549 -0.00702619 
0.000189679 -0.00027318 -0.00695647 -0.000319166 -8.97026e-05 -0.00702328 -0.000247917 -0.00021487 -0.00697915 
-8.93992e-05 -0.000203469 -0.00708071 -0.00017975 -0.00012203 -0.00696423 6.71069e-06 -0.000150281 -0.00706567 
0.000119719 -0.00017592 -0.0070473 0.00020322 -0.000101349 -0.00710962 0.000274626 -0.0001834 -0.00702966 
0.000319976 -9.0269e-05 -0.00696624 -0.000331255 -1.93556e-05 -0.00695366 -0.000322489 7.20279e-05 -0.00698836 
-9.71082e-05 -0.000101852 -0.00715354 -9.82636e-05 -9.6046e-06 -0.0070771 8.56124e-06 5.56913e-05 -0.00713 
-3.71613e-06 -6.50651e-05 -0.00711762 6.1259e-05 -4.83459e-05 -0.00701919 0.000103326 -2.26643e-05 -0.00714913 
0.000214162 6.00263e-05 -0.00707905 0.000329057 3.1141e-05 -0.00693953 0.00032932 7.18597e-05 -0.00704143 
-0.000289321 0.000155615 -0.00691048 -0.000271275 0.000191813 -0.00700001 -0.000149209 0.000182519 -0.00702658 
-6.38139e-05 0.000124808 -0.00709564 0.000157905 0.000144667 -0.00709566 9.26741e-05 0.000203561 -0.00702479 
7.73214e-05 6.25085e-05 -0.00702503 0.000235977 0.000228111 -0.0070359 0.000280529 0.000177034 -0.00696602 
-0.000100291 0.000315357 -0.00700143 -0.000174704 0.000277677 -0.00705608 2.13045e-05 0.000334789 -0.00700895 
0.000106476 0.000311811 -0.00697639 0.000191574 0.000275764 -0.00691268 -0.000115667 -0.000307592 -0.00681078 
-5.86975e-05 -0.000326963 -0.00689666 5.77369e-05 -0.000322925 -0.00682184 0.000183126 -0.000279404 -0.00683274 
-0.0002981 -0.000145788 -0.00690558 -0.000269442 -0.000192486 -0.00676916 -0.000251936 -0.000217487 -0.00686934 
-0.000308781 -0.000122876 -0.00680759 -9.196e-05 -0.000197153 -0.00693258 2.85011e-05 -0.000213577 -0.00690631 
-6.32913e-05 -9.6577e-05 -0.00699018 4.52981e-05 -7.03703e-05 -0.00691521 0.000153166 -0.000162599 -0.00688012 
0.000246025 -0.00022028 -0.00690063 0.000312962 -0.00011686 -0.00685791 -0.000330721 -2.92247e-05 -0.0067831 
-0.00032281 5.77722e-05 -0.00686845 -0.000237806 -4.23117e-05 -0.0069214 -0.000141132 -4.66666e-06 -0.00691804 
-2.56963e-05 3.67379e-05 -0.00699366 -7.28848e-05 6.43452e-05 -0.00688466 4.62549e-05 5.25659e-05 -0.00689767 
0.000229251 4.14897e-06 -0.00690556 0.000154992 2.53139e-06 -0.00698506 0.000332111 -2.48457e-05 -0.0068367 
-0.000274061 0.000188432 -0.00681762 -0.000213376 9.70814e-05 -0.0069513 -6.91082e-06 0.000177426 -0.00693155 
0.000192397 0.000148574 -0.00684107 9.39627e-05 0.000219495 -0.00690384 0.000289865 0.000164085 -0.0068704 
0.000252125 0.00022222 -0.00676598 -0.000229197 0.000239931 -0.00689045 -0.000184092 0.000276433 -0.00680236 
-9.84403e-05 0.000315761 -0.006835 5.49361e-05 0.000327127 -0.00680085 -8.68677e-06 0.000332059 -0.00687757 
0.000147238 0.000297557 -0.00681163 -0.00020583 -0.000260306 -0.00674095 -8.25884e-05 -0.000320377 -0.00663843 
-0.000198132 -0.00026599 -0.00664148 3.86818e-05 -0.000329694 -0.00662094 -2.56664e-05 -0.000329093 -0.00673498 
0.000132459 -0.000302654 -0.00673259 0.000138933 -0.000300375 -0.00663425 -0.000297633 -0.000148643 -0.00668147 
-0.000202835 -0.000125161 -0.00685048 -6.28594e-05 -0.000206369 -0.00669566 -4.30016e-05 -0.000230639 -0.00679318 
2.8043e-06 -0.000138426 -0.00682545 0.000198789 -0.000109818 -0.00672721 8.46395e-05 -0.000155061 -0.00676861 
0.000253779 -0.000213079 -0.00674983 0.000288203 -0.000168428 -0.00666533 0.000304479 -0.000134753 -0.00675834 
-0.000323179 5.74589e-05 -0.006736 -0.000332982 -4.98961e-05 -0.00667643 -0.000235986 -9.99064e-07 -0.00675824 
-0.00013783 -4.60979e-06 -0.00679575 -5.24675e-05 -4.82829e-05 -0.00683806 -4.4046e-05 -7.04459e-05 -0.00673727 
-4.47854e-06 3.8949e-05 -0.00679354 4.39e-05 -4.81954e-05 -0.00681086 0.000140976 -6.31106e-05 -0.00687905 
0.000110724 2.76834e-05 -0.00681294 9.82915e-05 -5.33841e-05 -0.00670434 0.000122768 4.76569e-05 -0.00670704 
0.000327568 -5.20643e-05 -0.00664964 0.000330502 -2.71944e-05 -0.00674154 0.000218006 -2.9898e-07 -0.00678656 
-0.000290793 0.000152525 -0.00661194 -0.000289121 0.000155903 -0.00671425 -0.000181465 0.000132253 -0.00681309 
7.37705e-06 0.000204047 -0.00681995 5.98048e-05 0.000132702 -0.00673703 -7.28445e-05 0.000137081 -0.00677658 
0.000151376 0.000173118 -0.006732 0.000213163 9.49865e-05 -0.00674045 0.000313961 0.000110278 -0.00675689 
0.000321336 9.08606e-05 -0.00665059 0.000278781 0.000180834 -0.00666818 -0.000150606 0.000299429 -0.00668538 
-0.000227931 0.00024119 -0.00671975 -0.000228948 0.000240164 -0.00661979 -2.77178e-05 0.000327528 -0.00675073 
5.67023e-05 0.00032431 -0.00664026 0.000167132 0.00028782 -0.00671498 -0.000138803 -0.00030112 -0.00655819 
-1.74877e-05 -0.000328248 -0.00653843 8.39904e-05 -0.000320901 -0.00646152 0.000187371 -0.000271994 -0.00648463 
0.000236455 -0.000231401 -0.00660197 -0.000246007 -0.000223129 -0.00653717 -0.000298115 -0.000147697 -0.00649929 
-0.000186412 -0.00014956 -0.0066893 -0.000130984 -0.000199865 -0.00660732 -0.000181403 -0.0001284 -0.0065583 
1.60566e-05 -0.000104509 -0.00666512 -3.17839e-05 -0.000236134 -0.00659961 -6.79279e-05 -0.000126494 -0.00656281 
0.000159418 -0.000169705 -0.00662874 6.95331e-05 -0.000232178 -0.00661092 0.00029282 -0.000156031 -0.00654915 
-0.000324297 -7.42988e-05 -0.00657321 -0.000324016 5.13827e-05 -0.00656984 -0.000331358 2.41281e-05 -0.00647153 
-0.000104126 -6.15693e-05 -0.00665608 -0.000201607 5.42854e-05 -0.00667567 -0.000102376 3.46853e-05 -0.00670276 
-0.000218263 -6.45449e-05 -0.00663288 -0.000154916 -8.3051e-06 -0.00657371 -6.90841e-07 2.23123e-06 -0.00666908 
8.23064e-05 6.30404e-05 -0.00660202 -3.66064e-05 2.15987e-05 -0.00657509 0.000220549 7.05028e-05 -0.00658841 
0.000122607 -3.1884e-05 -0.00658464 0.000218328 -2.38654e-05 -0.00667446 0.000329498 -3.65998e-05 -0.00653683 
0.000325755 5.91536e-05 -0.00650422 -0.000269085 0.000196016 -0.00650739 -0.000177908 0.000153467 -0.00663579 
-0.00010294 0.000202922 -0.0066801 -3.85575e-05 9.76887e-05 -0.0066581 -6.59424e-05 0.000199897 -0.00658382 
3.29848e-05 0.000164998 -0.00661976 0.000133379 0.000173157 -0.00658971 0.000273179 0.000181592 -0.00648146 
0.000249899 0.000221058 -0.00657006 -9.70544e-05 0.00031597 -0.0065359 -0.000186006 0.000275147 -0.00651573 
-8.18932e-06 0.000232255 -0.00669417 -8.57993e-06 0.000332484 -0.00649482 -2.57485e-05 0.000327425 -0.00659986 
0.000104501 0.00031613 -0.00650464 0.000181403 0.000277091 -0.00655481 -8.27179e-05 -0.000320959 -0.00645672 
-9.35575e-05 -0.000318973 -0.00631688 -0.000143066 -0.000297874 -0.00639785 -0.000203913 -0.000261649 -0.0063286 
-9.14226e-06 -0.000332242 -0.00638437 0.000135939 -0.000298393 -0.00638009 0.000243322 -0.000230883 -0.00636306 
-0.000264472 -0.000196923 -0.00642611 -0.000297619 -0.000149349 -0.0063414 -0.000318782 -8.88575e-05 -0.00643073 
-8.69058e-05 -0.000228131 -0.00650215 -0.000148305 -0.000152114 -0.00636622 2.03365e-05 -0.000240886 -0.00649912 
7.67525e-05 -9.65888e-05 -0.00650124 -4.11861e-05 -0.000144095 -0.00642234 0.000165368 -0.000162938 -0.00646313 
6.09756e-05 -0.000202931 -0.00639534 0.000267849 -0.000194674 -0.00645607 0.000297541 -0.000156869 -0.00637166 
-0.00032339 6.28958e-05 -0.0063534 -0.000330246 -3.31589e-05 -0.00631129 -0.000220632 5.90257e-06 -0.00649943 
-0.000157165 -7.16424e-05 -0.00647076 -0.000219482 -7.21033e-05 -0.00637727 -0.000132024 -3.97854e-06 -0.00639054 
5.87458e-05 1.12066e-05 -0.00651733 -4.73539e-05 -9.03727e-07 -0.00647237 0.000236196 -1.21474e-05 -0.00650433 
0.000141918 -3.46507e-05 -0.00645728 0.000209012 1.41922e-05 -0.00638947 0.000329702 2.92572e-05 -0.00641096 
0.000326228 -6.66646e-05 -0.00643593 -0.000239299 0.000229908 -0.00641835 -0.000304204 0.000131174 -0.00642489 
-0.000109816 0.000100507 -0.00652697 -9.86364e-05 0.000218621 -0.0064849 -0.000207973 0.000104788 -0.00655021 
-0.000107668 0.000129552 -0.00640658 -0.000207281 9.61027e-05 -0.00642259 -6.53427e-06 0.000127645 -0.00652476 
4.7173e-05 0.000165178 -0.00642082 0.000201368 8.5398e-05 -0.00646354 9.86988e-05 0.000103558 -0.00650549 
0.000234551 0.000230656 -0.00635124 0.000295016 0.000158406 -0.00636863 -9.41673e-05 0.000316496 -0.00640762 
-0.000174352 0.000277886 -0.00633837 3.55852e-05 0.000233002 -0.00651999 1.07207e-05 0.000336208 -0.00634513 
-3.16863e-05 0.00023311 -0.00640319 0.000196047 0.00026341 -0.00645019 0.000144839 0.000288822 -0.00635309 
-0.000193216 -0.00026976 -0.00622999 -8.32912e-05 -0.00032013 -0.00622251 5.75624e-05 -0.000322931 -0.00621026 
0.000188021 -0.000273772 -0.00616808 0.000110755 -0.000312296 -0.00629245 0.000192239 -0.000270491 -0.00628803 
-0.000298135 -0.000148033 -0.00622368 -0.000170553 -0.00015237 -0.00625931 1.49712e-05 -9.56115e-05 -0.00634398 
-1.48598e-05 -0.000194818 -0.00629638 -2.00368e-05 -9.41257e-05 -0.0062495 0.000205651 -0.000120862 -0.00634259 
0.000106203 -0.000109915 -0.00638407 0.00010889 -0.000154594 -0.0062908 0.000291191 -0.000159345 -0.00627194 
-0.000326384 5.2703e-05 -0.0062494 -0.000331209 -1.98161e-05 -0.00618073 -0.000222914 -1.92062e-05 -0.00627225 
-0.000106598 -6.4478e-05 -0.00630151 -0.000124844 6.3185e-05 -0.00627259 6.12136e-05 -1.21214e-05 -0.00638639 
-1.27942e-05 5.12444e-06 -0.00631805 3.95435e-05 1.67429e-05 -0.00622078 0.000214675 -4.16121e-05 -0.00627553 
0.000220122 6.29653e-05 -0.00627342 0.000330215 -2.76654e-05 -0.00627013 -0.000298988 0.000138853 -0.00616882 
-0.000291111 0.000151875 -0.00627845 -0.000247945 0.000221418 -0.00619206 -5.92904e-05 0.000204754 -0.00629033 
-0.000171892 0.000157349 -0.00632795 4.00508e-05 0.000202637 -0.00632745 -2.68405e-05 0.000115735 -0.00634661 
7.32213e-05 8.61702e-05 -0.00631634 0.000145141 0.000163875 -0.00632776 0.000319448 8.73381e-05 -0.00626623 
0.000270297 0.000196371 -0.00628417 -0.000169366 0.000280909 -0.00619748 -8.87618e-05 0.000317343 -0.00615684 
-0.000102388 0.000314333 -0.00627974 4.97751e-05 0.000327936 -0.00616094 7.64087e-05 0.000326701 -0.00625375 
-1.83585e-05 0.000327613 -0.00623379 0.000181325 0.000277369 -0.00624582 0.000232259 0.000232703 -0.00618407 
-0.000147936 -0.00029664 -0.00606139 6.67465e-05 -0.000322123 -0.00604948 -3.54083e-05 -0.000329809 -0.00609994 
0.000109855 -0.000309355 -0.00612923 0.000220169 -0.000250207 -0.00605371 -0.000268166 -0.000192675 -0.00608455 
-0.000319086 -8.72762e-05 -0.00604644 -0.000111285 -8.41661e-05 -0.00620135 -0.00011789 -0.00017816 -0.00615436 
-0.00016059 -9.01545e-05 -0.00608909 7.76699e-06 -0.000234572 -0.00606454 -7.87907e-06 -0.000170846 -0.00617909 
9.14901e-05 -7.15386e-05 -0.00623569 7.32296e-05 -0.000134229 -0.00612457 0.000183706 -0.000150974 -0.00614343 
0.000268754 -0.000206783 -0.00612801 0.000309064 -0.000114447 -0.0060923 -0.000326918 5.18368e-05 -0.00604821 
-0.000227935 7.50001e-05 -0.00613869 -0.000152786 8.77738e-06 -0.00613886 -5.89584e-05 1.16534e-06 -0.00620815 
-6.30729e-05 -0.00010167 -0.00611156 1.3223e-05 -5.97785e-05 -0.00616169 -4.86072e-05 2.40692e-05 -0.00610722 
0.000145815 1.90065e-05 -0.00621599 0.000232817 -6.11455e-05 -0.00615965 8.49688e-05 8.82631e-06 -0.0061302 
0.000331807 -2.37747e-05 -0.00604701 0.000332561 4.97238e-06 -0.0061426 -0.000242918 0.000225273 -0.00609074 
-8.59603e-05 0.000214312 -0.00619176 -0.000158773 0.00015532 -0.00612222 -7.97519e-05 0.000104015 -0.00617734 
3.37386e-05 0.00011177 -0.00616936 1.32665e-05 0.000226809 -0.00617021 0.000185968 0.00014091 -0.00621183 
0.000104183 0.000182438 -0.00616027 0.00018192 0.000114932 -0.00607556 0.000320881 8.1598e-05 -0.00605027 
0.000272729 0.00019108 -0.00602705 0.000296119 0.000146109 -0.00614298 -0.000155503 0.000293831 -0.00608698 
-6.31976e-06 0.00033209 -0.0060469 0.000173443 0.000281166 -0.00612785 0.000182866 0.000276554 -0.00602114 
-0.000128644 -0.000306243 -0.0059253 -0.000204122 -0.000261457 -0.00586606 4.69596e-05 -0.000328636 -0.00589493 
-3.75443e-05 -0.000329754 -0.00600011 0.000139555 -0.000300041 -0.00588117 0.000185845 -0.000274282 -0.00595716 
-0.000289296 -0.000169214 -0.00587858 -0.000266692 -0.000194617 -0.00598524 -0.000316409 -0.000100744 -0.00594744 
-9.21219e-05 -0.000205412 -0.00601154 -0.000190785 -0.00012357 -0.00595513 1.037e-05 -0.000158813 -0.0059914 
9.66527e-05 -0.00010958 -0.00601934 6.50124e-05 -0.000221593 -0.00593268 0.000303807 -0.00014356 -0.00596491 
0.000301827 -0.000143635 -0.00586614 -0.000328506 -6.37373e-06 -0.00589972 -0.000224404 -4.98788e-05 -0.00602098 
-0.000115624 -1.2391e-05 -0.00604207 -7.63522e-05 -0.000102888 -0.00601101 4.16838e-05 -1.78141e-05 -0.00603439 
-6.29665e-06 6.85902e-05 -0.00598627 -2.52974e-06 -6.84218e-05 -0.00594763 0.0001536 -5.43575e-05 -0.00608717 
0.000155355 5.1679e-05 -0.00599613 0.000228567 -7.94093e-05 -0.0060246 0.000171629 -3.70378e-05 -0.00595198 
0.000241062 5.67812e-06 -0.00607793 0.000331607 -6.01281e-07 -0.00590273 0.000224017 5.60268e-05 -0.00591506 
-0.000269028 0.000192008 -0.00598017 -0.000306976 0.000128487 -0.00586358 -0.000317097 0.000112427 -0.00596624 
-0.00021178 7.97773e-05 -0.00602796 -0.000179707 0.000159362 -0.00593341 -0.000100201 0.000207037 -0.00604908 
-9.7596e-05 9.92866e-05 -0.00605421 -9.76315e-05 0.000218622 -0.00594449 1.91163e-05 0.000168582 -0.00608166 
-5.20969e-07 0.000176329 -0.00597714 7.81162e-05 8.46846e-05 -0.00605781 0.000104863 0.000200946 -0.00600668 
0.000283786 0.000164996 -0.00588447 0.000320429 9.08338e-05 -0.00594766 -9.43853e-05 0.00031676 -0.0059842 
-0.000205973 0.000262753 -0.00588949 -7.68617e-06 0.000331982 -0.00594592 -5.63714e-05 0.000331946 -0.00586071 
7.66876e-05 0.000323154 -0.00599682 0.000184763 0.000277422 -0.00592227 -8.12606e-05 -0.000320165 -0.00583841 
-9.31909e-05 -0.000319339 -0.00572011 -0.000181235 -0.000283783 -0.0057557 -1.84565e-05 -0.000328029 -0.00576547 
0.000223535 -0.000245658 -0.00571489 0.00023067 -0.000242148 -0.00583144 0.000129525 -0.000303438 -0.0057815 
-0.000252724 -0.000214189 -0.00579122 -0.000316292 -0.000101442 -0.00573314 -0.00032119 -8.26822e-05 -0.00583759 
-0.000116668 -0.000212115 -0.00589016 -0.000189864 -0.000137906 -0.00585639 -1.83281e-05 -0.000234379 -0.00586451 
-6.22885e-05 -0.000134647 -0.00585602 3.63749e-05 -0.000139279 -0.0058729 0.000152015 -0.000147967 -0.00594514 
0.000113448 -0.000200489 -0.00582502 0.000306805 -0.000132583 -0.00575893 -0.000321846 7.26846e-05 -0.00578203 
-0.000227826 -4.84036e-05 -0.00589409 -0.000127249 -5.04855e-05 -0.00588637 -0.000128389 5.25295e-05 -0.0059366 
-0.000224195 3.35511e-05 -0.0058309 -0.000229964 -5.86155e-05 -0.00578198 8.09549e-05 2.33134e-05 -0.00592598 
-2.13861e-05 6.18906e-05 -0.00588756 -3.75811e-05 -2.82913e-05 -0.00584737 5.20448e-05 1.45074e-05 -0.00581121 
0.000152242 1.39094e-05 -0.00585656 0.000120482 -8.46426e-05 -0.00586084 0.000222601 -6.58516e-05 -0.00585424 
0.000329773 -2.88673e-05 -0.00581191 0.000326918 5.44064e-05 -0.00573653 -0.000285443 0.00017866 -0.00577956 
-9.30514e-05 0.000139502 -0.00587991 -0.0001998 0.000121659 -0.00577297 -8.28635e-05 0.000109805 -0.00578364 
3.52015e-06 0.000144638 -0.00582696 0.000181026 0.000156321 -0.00586722 8.29875e-05 0.000135437 -0.00593189 
0.000103533 0.000101184 -0.00582634 0.000123037 0.000198664 -0.00579348 0.000263226 0.000202613 -0.00574588 
-0.000142854 0.000299697 -0.00582873 -0.000205715 0.000261467 -0.00576606 -5.11269e-05 0.00033241 -0.00573583 
6.94533e-05 0.000323527 -0.0057181 -4.66175e-06 0.000237231 -0.00589549 0.000171814 0.000277395 -0.00570903 
0.000117335 0.000308025 -0.0058168 0.00021659 0.00024613 -0.00582245 -0.000230042 -0.000239219 -0.00567057 
-8.92825e-05 -0.000319382 -0.00561469 5.6897e-05 -0.000323003 -0.00569448 4.266e-05 -0.000329078 -0.0055962 
0.000137819 -0.000301277 -0.00559172 -0.000304209 -0.000129219 -0.00563137 -0.000193078 -0.000142337 -0.00573255 
-0.000119005 -7.77765e-05 -0.00578515 -0.00017375 -0.000141644 -0.00562585 -7.38243e-05 -0.00015503 -0.00571332 
4.58434e-05 -0.000185321 -0.00571867 1.82335e-05 -8.85332e-05 -0.00577123 -1.39398e-05 -0.000197847 -0.00561948 
2.7927e-05 -0.000104321 -0.00565658 0.000206475 -0.000116822 -0.00572366 0.000140597 -0.000144501 -0.00564894 
0.000319656 -8.60758e-05 -0.00564336 0.000278934 -0.00018462 -0.00566415 0.000241596 -0.000227593 -0.00557468 
-0.000331531 -1.44346e-05 -0.00568634 -0.000321728 7.60534e-05 -0.00562841 -0.000331603 -1.36794e-05 -0.00558634 
-0.000226849 -5.06668e-05 -0.00568241 -0.000143112 1.96575e-05 -0.0057652 -0.000216374 8.23852e-05 -0.00567761 
-9.16219e-05 6.96502e-05 -0.00569245 -3.25319e-05 1.71285e-05 -0.00575536 6.05615e-05 6.41706e-06 -0.00570823 
-9.86945e-05 -3.5941e-05 -0.0056928 0.000119073 -5.48258e-05 -0.00576361 0.000167785 4.46541e-05 -0.00574554 
0.000336427 1.01765e-05 -0.00565114 0.000243898 -1.48822e-05 -0.00571897 0.000220163 -7.29399e-05 -0.00562448 
-0.000282616 0.000180652 -0.00567493 -0.00013598 0.000172357 -0.00571414 -0.000163997 0.000150918 -0.00560004 
5.89191e-05 0.00012509 -0.00573858 -2.63586e-05 0.000154627 -0.00568987 0.000186633 0.00015228 -0.0057025 
9.29088e-05 0.000215605 -0.00568232 0.00031658 8.7355e-05 -0.00559554 0.000236454 0.00022762 -0.0056029 
0.000292691 0.000152719 -0.00566466 -9.04898e-05 0.000316314 -0.0056417 -0.000206163 0.000261632 -0.00566457 
-0.000227798 0.000241228 -0.0055706 -8.80719e-06 0.000235209 -0.00576498 -2.95183e-05 0.000329306 -0.0055523 
7.71891e-05 0.000323127 -0.00561843 0.000174579 0.00028142 -0.00556251 -0.00021394 -0.000248575 -0.00551795 
-0.000137141 -0.000302101 -0.00546868 -0.000224711 -0.000243487 -0.00541582 -4.30959e-05 -0.000329235 -0.00552668 
5.10194e-05 -0.000321921 -0.00549057 -3.66889e-05 -0.0003297 -0.00541919 0.000222536 -0.000253294 -0.00542688 
0.000180243 -0.000275592 -0.00550852 0.000129096 -0.000303761 -0.00540385 -0.000276563 -0.000178754 -0.00548189 
-0.000316968 -0.000114093 -0.00540997 -0.000320411 -8.53668e-05 -0.0055056 -0.000108602 -0.000203485 -0.00557388 
-9.65549e-05 -0.000128481 -0.00549736 -0.000200717 -0.000106935 -0.00547728 7.54639e-05 -0.000215902 -0.00557208 
-2.41682e-05 -0.000109238 -0.00556923 -2.24028e-05 -0.000224656 -0.00550648 0.000173203 -0.000154484 -0.00553849 
9.50995e-05 -9.19593e-05 -0.00552487 0.000289002 -0.00016306 -0.00542408 0.000315948 -0.000100837 -0.00549754 
-0.000330907 3.10352e-05 -0.00549667 -0.000186837 5.37591e-06 -0.00561002 -0.000117179 -5.57849e-05 -0.00557121 
-9.67857e-05 5.73834e-05 -0.00557114 -0.000216671 -6.42434e-06 -0.00549276 3.81198e-05 -2.22906e-05 -0.00557191 
-4.99793e-06 5.58245e-05 -0.00563084 -4.76421e-05 -3.97678e-05 -0.00549139 -3.15606e-05 6.58137e-05 -0.0054884 
9.7675e-05 5.0949e-05 -0.0056104 0.00012467 -3.89175e-05 -0.00564493 0.000232667 6.65413e-06 -0.0055616 
0.000125567 2.68423e-05 -0.00551626 0.00032822 3.43186e-05 -0.00549742 0.000329878 -3.27359e-05 -0.00540623 
-0.000268202 0.000196268 -0.00548732 -0.000309727 0.000124809 -0.00553736 -0.000307033 0.000129321 -0.00542208 
-7.98667e-05 0.000208698 -0.00562039 -0.000215605 8.60895e-05 -0.00554131 5.34039e-05 0.000138082 -0.00563179 
-1.84154e-05 0.00014489 -0.00555596 6.85873e-05 0.000118121 -0.00551157 0.000205546 9.08315e-05 -0.00562419 
0.000106443 0.00019721 -0.00556394 0.000199722 0.000115344 -0.005511 0.000280424 0.000177899 -0.00549315 
-8.72592e-05 0.000317832 -0.00545384 -0.000160624 0.000286919 -0.00550175 7.07227e-05 0.000324139 -0.00546233 
1.50671e-05 0.000236018 -0.00559414 -1.07998e-05 0.000240036 -0.00549634 0.000181032 0.000282296 -0.00546353 
-0.000231574 -0.000235683 -0.00528318 -0.000145059 -0.000297601 -0.00532794 -4.25032e-05 -0.000329236 -0.00527032 
3.30835e-05 -0.000330228 -0.00534764 0.000126427 -0.000303082 -0.00529399 0.000191183 -0.000272827 -0.00533552 
-0.000318503 -9.31722e-05 -0.00527903 -0.000280772 -0.000170831 -0.00532839 -0.000136497 -0.000193507 -0.00540415 
-9.15341e-05 -0.000102947 -0.00539997 7.81811e-05 -0.000214193 -0.00545849 9.54035e-07 -0.000124729 -0.00545111 
-1.71246e-05 -0.000203544 -0.00537841 4.13525e-05 -0.000110264 -0.00534359 0.000170585 -0.000167254 -0.00542527 
0.000204212 -8.17773e-05 -0.00538178 0.000271543 -0.00018925 -0.00530544 0.000315706 -9.91365e-05 -0.0053022 
-0.000328534 8.57752e-06 -0.0053621 -0.000330652 3.57889e-05 -0.0052588 -0.000125014 -5.10549e-06 -0.00542657 
-0.000234488 -6.59191e-05 -0.00536877 -0.000210277 8.03632e-05 -0.00535353 3.51425e-05 2.97607e-06 -0.00543854 
-3.76754e-05 -1.30932e-05 -0.00536931 5.89753e-05 -7.6727e-06 -0.00533303 0.00020311 -1.78507e-05 -0.00546788 
0.0002092 7.28173e-05 -0.00540727 0.000110556 -7.47717e-05 -0.00542021 9.81496e-05 7.08432e-05 -0.00538446 
0.000332561 5.03607e-06 -0.00529353 0.000329645 6.65562e-05 -0.00539803 -0.000267095 0.000198099 -0.00526714 
-0.000307386 0.000129272 -0.00532328 -0.000252893 0.000216244 -0.00538996 -0.000104495 0.000206296 -0.00546569 
-0.00015805 9.83894e-05 -0.0054467 -0.00010579 0.000196911 -0.0053507 -0.000107193 9.66728e-05 -0.0053546 
5.5069e-06 0.000135422 -0.00540781 8.11081e-05 0.000214322 -0.00538698 0.000161866 0.000160852 -0.00541172 
0.000290077 0.000169181 -0.0053982 0.000241543 0.000228309 -0.00527093 0.00030386 0.000120211 -0.00530391 
-0.000154581 0.00029148 -0.00533943 -5.73544e-05 0.000327563 -0.00535679 4.29542e-05 0.000329749 -0.0053477 
-1.91122e-05 0.000231067 -0.00538858 0.000155953 0.000296138 -0.00536839 0.000229472 0.000236474 -0.00537315 
0.000176233 0.00028034 -0.00527804 -9.14463e-05 -0.000318771 -0.00518439 -0.000191539 -0.000270285 -0.00517814 
4.28723e-05 -0.000329115 -0.00515164 9.0897e-06 -0.000232437 -0.00524156 0.000124965 -0.00030437 -0.00519922 
0.000191467 -0.000273684 -0.00520071 -0.00025397 -0.000207815 -0.00519585 -0.000322264 -7.80808e-05 -0.00517789 
-0.000177092 -0.000143898 -0.00528985 -0.000101607 -0.000212985 -0.00529447 -0.000109723 -9.40869e-05 -0.00522606 
-0.000102277 -0.00021128 -0.00519344 -5.73043e-05 -0.000123119 -0.00530647 -4.30191e-06 -0.000131609 -0.00521989 
9.0402e-05 -0.00019639 -0.00530092 0.000186207 -0.0001521 -0.00526202 9.17742e-05 -0.000164679 -0.00519495 
0.000201233 -0.000121201 -0.00515841 0.000270491 -0.000184276 -0.00511987 0.000291924 -0.000162011 -0.0052221 
0.00032153 -9.28375e-05 -0.00509924 -0.000330331 2.30275e-05 -0.00512112 -0.00020866 -5.13496e-05 -0.00522546 
-0.000136845 1.12201e-06 -0.00531372 -9.5983e-05 8.43645e-05 -0.00524844 -0.000210866 5.38614e-05 -0.00517279 
-4.58805e-05 -2.74068e-05 -0.00526849 1.53704e-05 5.54857e-05 -0.00522099 6.42851e-05 -5.31023e-05 -0.00521163 
0.000231763 -2.06173e-06 -0.0053015 0.0001324 2.36057e-05 -0.00526987 0.000121833 -7.96619e-05 -0.0052895 
0.000158706 -3.00402e-05 -0.00518223 0.00021621 8.12762e-05 -0.00520925 0.000328951 3.4765e-05 -0.00511143 
0.000328684 -5.46499e-05 -0.00519708 -0.00031568 9.28165e-05 -0.00518534 -0.000265387 0.000201278 -0.0051624 
-0.000183592 0.000153809 -0.00523165 -0.000103763 0.000217105 -0.00515346 -1.50014e-05 7.04556e-05 -0.00531769 
2.64319e-05 0.000203024 -0.00530262 -2.10913e-05 0.000154144 -0.00522813 7.55993e-05 0.000104973 -0.00528362 
0.000202161 0.000112746 -0.00530667 0.000126645 0.00019064 -0.00526592 8.41057e-05 0.000218366 -0.00516081 
0.000167243 0.000162478 -0.00517418 0.000283555 0.000173978 -0.00520255 0.000320867 8.64494e-05 -0.00521354 
-0.000185657 0.000275484 -0.00514194 -9.89744e-05 0.000315404 -0.00523901 -9.29314e-05 0.00031721 -0.00511797 
-0.000185575 0.000275599 -0.00524193 6.33462e-05 0.000323478 -0.00524998 3.96578e-05 0.000330944 -0.00515507 
0.000223921 0.000242373 -0.0051118 0.000138373 0.000306793 -0.00517354 -0.000214079 -0.000248488 -0.00508496 
-9.47522e-05 -0.000318154 -0.00497927 3.41718e-05 -0.000330052 -0.00495262 -6.20877e-05 -0.00033208 -0.00507468 
4.82402e-05 -0.000328372 -0.0050515 -2.85414e-05 -0.000219317 -0.00512504 -1.83264e-05 -0.000225808 -0.00499915 
0.000186043 -0.000275414 -0.00504061 0.000125482 -0.000304348 -0.00497788 0.00023469 -0.000235388 -0.00497165 
-0.000299981 -0.000149469 -0.00497083 -0.000299984 -0.000144492 -0.00506898 -0.000210207 -0.000112263 -0.00514058 
-7.74512e-05 -0.000123104 -0.00512979 -0.000120685 -0.000205798 -0.00508531 4.30801e-05 -0.000145887 -0.00510791 
0.000150038 -0.000182819 -0.00505982 0.000126217 -9.01136e-05 -0.0050942 0.000277801 -0.000174986 -0.0050207 
-0.000331857 -8.3603e-06 -0.00502851 -0.000236392 2.13739e-05 -0.00506205 -7.17584e-05 8.39563e-07 -0.00517507 
-0.000141993 -4.85929e-05 -0.00509402 6.25149e-07 4.28898e-05 -0.00511833 -5.69076e-06 -5.16628e-05 -0.00507804 
9.17658e-05 6.00006e-06 -0.0050985 0.000331165 2.81098e-05 -0.00501201 0.000226678 2.21232e-05 -0.00511858 
0.000234453 5.58243e-05 -0.00501483 0.000228262 -6.35441e-05 -0.00506273 -0.000268558 0.000196086 -0.0049801 
-0.000300754 0.000136602 -0.00508478 -0.000173503 0.000139381 -0.00509607 -0.000110181 0.000199173 -0.00503881 
-8.31778e-05 8.61162e-05 -0.00505767 -7.84467e-05 0.000115378 -0.00515484 2.70801e-05 0.000137709 -0.00514166 
7.33602e-07 0.000140198 -0.00503353 0.000109979 6.66947e-05 -0.00517854 0.000202322 0.000116933 -0.00508899 
0.000104381 0.000209914 -0.00505309 9.44852e-05 0.000105505 -0.00506961 0.000287517 0.000164698 -0.00505806 
0.000306391 0.00013656 -0.00496845 -0.000231054 0.00023806 -0.00505817 -0.000153847 0.00029421 -0.00497905 
-4.97216e-05 0.000332537 -0.00499475 5.20615e-05 0.000327815 -0.0050571 -6.72544e-06 0.000240743 -0.00512199 
0.000109452 0.000311292 -0.00497901 0.000155147 0.000292266 -0.00508178 0.000231658 0.000234254 -0.00497216 
-0.000205402 -0.00026055 -0.00494479 -0.000212622 -0.000254741 -0.00482214 -8.82399e-05 -0.000318728 -0.00488559 
6.55554e-05 -0.000324593 -0.00485331 0.000192071 -0.000271325 -0.0048898 -0.000263218 -0.000197788 -0.00489893 
-0.000164905 -0.000167059 -0.00496334 -9.6186e-05 -0.000113718 -0.00502557 -9.43819e-05 -0.000209934 -0.00488749 
-0.000165567 -0.000110338 -0.00487705 4.42689e-06 -0.000128896 -0.00501442 -6.54245e-05 -8.62541e-05 -0.00490248 
1.24556e-05 -0.000167136 -0.00491852 9.06085e-05 -0.000209508 -0.00496855 0.000115189 -0.000114426 -0.00499531 
0.000212822 -9.49492e-05 -0.00494806 0.000165365 -0.000170684 -0.00490187 8.82046e-05 -0.000108811 -0.00488392 
0.000294052 -0.00015383 -0.00492875 0.000286405 -0.000163996 -0.00480131 -0.00032543 -5.90848e-05 -0.00490271 
-0.000323411 5.57178e-05 -0.00480333 -0.00014737 2.50632e-05 -0.00501076 -0.000193998 -7.14379e-05 -0.00497297 
-0.000220509 3.29982e-05 -0.00491624 -0.000124413 -4.71394e-06 -0.0049165 -5.68804e-05 -1.7846e-05 -0.00499364 
2.89742e-05 4.05873e-05 -0.00501896 4.23368e-05 -5.67235e-05 -0.00495626 7.06855e-06 5.07661e-05 -0.00491999 
0.000127477 2.59003e-05 -0.00499535 0.000211767 4.10619e-06 -0.00493152 0.000105417 -2.64983e-06 -0.00488705 
0.000170855 8.52437e-05 -0.00488708 0.00032561 4.96889e-05 -0.00485153 0.000327501 -5.39633e-05 -0.00481371 
0.00033044 -3.05582e-05 -0.00492936 -0.000320636 8.21844e-05 -0.00494218 -0.000303038 0.000135301 -0.00485687 
-0.000259208 0.000213188 -0.00487966 -0.000185591 0.000131324 -0.00498041 -0.000165326 0.000178023 -0.00488591 
-9.21108e-05 9.86251e-05 -0.00495757 -1.33865e-05 0.000152741 -0.00492383 7.42612e-05 0.000115417 -0.00496855 
7.6108e-05 0.00021837 -0.00495028 0.000174457 0.000141032 -0.00497016 0.000283718 0.000166201 -0.00483453 
-0.000171022 0.000280044 -0.00485573 -9.05263e-05 0.000317542 -0.00489669 5.83507e-05 0.000326572 -0.00489493 
-1.42532e-05 0.000236659 -0.0049895 -7.25696e-05 0.000220921 -0.00486712 2.85948e-05 0.000226014 -0.00486217 
0.000181615 0.000277339 -0.00488567 0.000118494 0.000308146 -0.00481185 -0.000198001 -0.000266333 -0.0047239 
-0.000119175 -0.000310684 -0.00478708 -0.000115947 -0.000311938 -0.00466711 5.63616e-05 -0.000324633 -0.00471464 
-4.28677e-05 -0.000329093 -0.00472529 5.95703e-07 -0.000244151 -0.0047969 0.000173931 -0.000286576 -0.00477142 
0.000236753 -0.00023736 -0.00472223 -0.00032063 -8.47642e-05 -0.00479236 -0.000273034 -0.000186842 -0.00468544 
-0.000273629 -0.000185893 -0.00478722 -0.000191281 -0.000116754 -0.00477618 -0.00010951 -0.000200828 -0.00477016 
-9.12121e-05 -9.72309e-05 -0.00480109 1.06567e-06 -0.000147151 -0.00482119 1.99812e-06 -9.96859e-05 -0.00473086 
9.22345e-05 -0.000224886 -0.00485099 0.000181126 -0.000109227 -0.00482281 0.000117706 -0.000190131 -0.00474455 
0.000286676 -0.000162875 -0.00470315 -0.000330469 -3.54885e-05 -0.00470804 -0.000239095 -3.70867e-05 -0.00483284 
-0.000143803 7.19361e-06 -0.00481127 -9.19255e-05 8.56902e-05 -0.00485523 -0.000227936 -2.89709e-05 -0.00471524 
-0.000219613 8.44156e-05 -0.00482515 -0.000160955 7.87841e-05 -0.00474068 4.52267e-05 -5.27593e-05 -0.00481295 
-4.41759e-05 -9.76557e-07 -0.00482327 3.50178e-05 3.81452e-05 -0.00477053 -6.09377e-05 3.9536e-05 -0.00472294 
0.000232893 -1.24831e-05 -0.00483347 0.000229789 -2.73045e-05 -0.00472703 0.000329149 -4.02433e-05 -0.00471776 
0.000328512 3.88738e-05 -0.00473645 -0.000293519 0.000148002 -0.00474645 -0.000239743 0.000229507 -0.00476846 
-0.000135235 0.000165319 -0.0047915 7.40474e-05 0.00010828 -0.00486681 -1.10414e-05 0.000128367 -0.00481261 
6.17053e-05 0.00013061 -0.00473602 -3.01088e-05 0.000220533 -0.00476422 0.000157832 0.000184462 -0.00485049 
8.28004e-05 0.000222019 -0.00477343 0.00022285 7.62681e-05 -0.00478788 0.000315601 9.01813e-05 -0.00466182 
0.000280943 0.000169256 -0.00473734 -0.000233897 0.000235445 -0.00466774 -0.000168656 0.000281465 -0.00475617 
-2.1938e-05 0.00032796 -0.00474526 4.93354e-05 0.000324969 -0.00464666 0.000227752 0.000235062 -0.00465569 
0.000144194 0.000303744 -0.0046548 0.000225738 0.000242077 -0.0047684 -8.72153e-05 -0.000319321 -0.00457112 
-0.000165158 -0.000284114 -0.00459688 4.51358e-05 -0.000328769 -0.0046154 -8.09414e-06 -0.000233461 -0.00458017 
0.000161076 -0.0002911 -0.00461599 0.000236623 -0.000232138 -0.00462237 -0.000317856 -0.000111706 -0.00464456 
-0.0003015 -0.000142473 -0.00454198 -0.000252871 -0.000221878 -0.0045846 -9.64856e-05 -0.000216384 -0.00464201 
-0.000153564 -0.000136495 -0.00466664 -6.91869e-05 -0.000133529 -0.00457486 -1.17618e-05 -0.0001988 -0.00469647 
4.09147e-05 -0.000135427 -0.00463666 0.000190292 -0.00014278 -0.00468233 0.000105052 -9.27885e-05 -0.00472049 
0.000182288 -0.000161572 -0.00456941 9.72174e-05 -0.000219111 -0.00457154 0.000102438 -9.90759e-05 -0.00456445 
0.000319736 -0.000103942 -0.00451817 0.000266497 -0.000198279 -0.00452748 0.000318826 -9.11001e-05 -0.00463236 
-0.000331341 -1.84644e-05 -0.00460975 -0.000228516 -4.47978e-06 -0.0045972 -0.000125477 -3.61599e-05 -0.00471217 
-0.000129147 6.25892e-05 -0.0046393 -0.000135574 -4.30557e-05 -0.00460003 3.63685e-05 -1.81197e-05 -0.00467257 
-5.04441e-05 -6.48533e-05 -0.00465252 -3.1796e-05 4.02925e-05 -0.00462708 0.000107372 5.37388e-05 -0.00468901 
0.000212757 6.16945e-05 -0.00465975 0.00013291 -2.80748e-05 -0.00463216 0.000125625 7.22999e-05 -0.0045923 
0.00033056 3.24952e-05 -0.00458343 0.000229377 -5.23546e-05 -0.00460703 0.000232206 3.37991e-05 -0.00454945 
-0.000320905 8.05463e-05 -0.00453816 -0.000268054 0.000196681 -0.00458248 -0.000320543 8.21518e-05 -0.00463622 
-0.000155657 0.000164575 -0.00465801 -0.000103758 0.000219314 -0.00459204 -7.64345e-05 0.000138226 -0.00471398 
-2.3009e-05 0.000228972 -0.00465862 1.28787e-05 0.000132217 -0.00464745 0.000165828 0.000157933 -0.00467141 
7.96582e-05 0.000223853 -0.00467185 0.000199534 0.000138837 -0.0045775 0.000288838 0.000160051 -0.00451737 
-0.000139636 0.000305865 -0.00464149 -0.000197942 0.000271001 -0.00457043 -4.61254e-05 0.000332639 -0.0046096 
-3.99129e-05 0.000331834 -0.00451106 6.67791e-05 0.000322824 -0.0045467 0.000219629 0.000244836 -0.00455315 
-0.000162009 -0.000287396 -0.0044349 -3.56672e-05 -0.000329239 -0.00445344 3.70778e-05 -0.000329672 -0.00438509 
-5.75121e-05 -0.000227437 -0.00444348 0.000184296 -0.000276198 -0.00437061 0.000142337 -0.000297918 -0.00447308 
-0.000239846 -0.000229569 -0.00448096 -0.00032186 -7.97399e-05 -0.00436213 -0.000300069 -0.000146583 -0.00443316 
-0.000251837 -0.000223381 -0.00437294 -0.000196923 -0.000132335 -0.00453402 -0.000148898 -0.000176321 -0.0044573 
2.48059e-05 -0.000154064 -0.00452615 -6.28639e-05 -0.00012262 -0.00447541 0.000217744 -7.0977e-05 -0.00450947 
0.000150028 -0.000184693 -0.00447747 0.000301796 -0.000135777 -0.0044198 -0.000331381 -1.83591e-05 -0.00444037 
-0.000230823 -2.74329e-05 -0.00448925 -0.000123596 5.56432e-05 -0.00448074 -0.000138059 -4.26879e-05 -0.00445454 
2.50835e-05 -5.0794e-05 -0.00451144 -6.49781e-05 -5.25481e-06 -0.00453918 6.54179e-05 5.61143e-05 -0.00450832 
-1.77255e-05 2.62959e-05 -0.00445629 0.000137513 -1.59388e-05 -0.00446326 0.000122987 6.46434e-05 -0.0044037 
0.000216324 7.3106e-05 -0.00445827 0.000331217 -2.8006e-05 -0.00445671 0.000328961 -3.6734e-05 -0.00436206 
-0.000314394 9.6951e-05 -0.00439282 -0.000288369 0.000157657 -0.00449273 -0.000261803 0.000200628 -0.00441835 
-0.000227708 7.81584e-05 -0.00450201 -0.000141551 0.000188632 -0.0044463 -2.43298e-05 0.000227193 -0.00452244 
-5.03023e-05 0.000133518 -0.00456392 5.67633e-05 0.000156283 -0.00456018 -3.43013e-05 0.000134894 -0.00445189 
6.96297e-05 0.000145891 -0.00446121 2.10286e-05 0.000233883 -0.00442923 0.000158168 0.000187113 -0.00449952 
0.000246811 0.000212955 -0.00438956 0.000319638 8.82532e-05 -0.0044225 -0.00019213 0.000270959 -0.0044727 
-0.000106566 0.000311225 -0.00443228 -0.000180706 0.000278983 -0.00437754 -1.14303e-05 0.000327853 -0.00440821 
0.000161632 0.000285704 -0.00446892 0.000137722 0.000305995 -0.00436853 -0.0001425 -0.000299509 -0.00433789 
-9.57411e-05 -0.000317829 -0.00421737 5.02133e-05 -0.00032409 -0.00421225 -4.83931e-05 -0.000328541 -0.00430233 
-2.85094e-05 -0.000224471 -0.00431139 0.000185259 -0.000275696 -0.00427181 -0.000273029 -0.000186712 -0.00425274 
-0.000188538 -0.000125623 -0.00429143 7.18422e-05 -0.000155056 -0.00439757 -9.22534e-05 -0.000160523 -0.00437551 
7.69483e-05 -0.00020093 -0.00429872 0.000178677 -0.000105876 -0.00441334 0.000157284 -8.06838e-05 -0.004316 
0.000272142 -0.000193376 -0.0043141 0.000316409 -9.24524e-05 -0.0042558 -0.000331593 -1.68956e-05 -0.00426725 
-0.000239125 2.40714e-05 -0.00438516 -0.000232061 2.10532e-05 -0.00428193 -0.000220409 -7.62124e-05 -0.00437598 
-0.000122652 3.06921e-05 -0.00437267 -7.9881e-05 -6.07401e-05 -0.00437146 -0.000145025 -3.2315e-05 -0.00429519 
3.25499e-05 -5.22686e-05 -0.00441093 -1.68082e-05 2.54197e-05 -0.00435427 -6.45137e-05 1.74447e-05 -0.00426022 
5.18446e-05 -8.04658e-05 -0.00428963 0.000220137 -1.53593e-05 -0.00439868 0.000107435 2.54191e-05 -0.00431093 
0.000237437 2.08779e-06 -0.00427377 0.000329627 3.08424e-05 -0.00430296 -0.00026628 0.000198756 -0.00432353 
-0.000320843 7.88253e-05 -0.00428477 -0.000286937 0.00015955 -0.00420314 -0.000187707 0.000141091 -0.00434726 
-8.62439e-05 0.000127741 -0.0043538 2.72069e-05 0.000119774 -0.00437308 -3.80039e-05 0.000212206 -0.00432214 
8.67145e-05 0.000204729 -0.00429592 -4.61397e-06 9.89777e-05 -0.00426742 0.000156634 0.000165243 -0.00439568 
0.000220298 9.34649e-05 -0.00435151 0.000142761 0.000120906 -0.00429178 0.000269926 0.000183308 -0.0042625 
-0.000156958 0.000289909 -0.00428632 -6.45873e-05 0.000321975 -0.00421991 3.43016e-06 0.000332148 -0.00430944 
0.000181123 0.000279144 -0.00420222 0.000202652 0.000268094 -0.00430291 0.000119333 0.000306872 -0.00426987 
-0.000196449 -0.000267674 -0.00408546 -9.40938e-05 -0.000317897 -0.00411455 -0.00021568 -0.000247074 -0.00418634 
2.81573e-05 -0.000330635 -0.00406931 0.000108604 -0.000309564 -0.00412455 0.000192457 -0.000271672 -0.00415971 
-0.000271097 -0.000188753 -0.00406492 -0.000321936 -7.95692e-05 -0.0040664 -0.000321496 -8.13546e-05 -0.00419148 
-0.000211218 -0.000121777 -0.00415986 -0.000107718 -0.000186847 -0.00426324 -0.000100987 -0.00016215 -0.00416605 
-6.7501e-05 -9.48942e-05 -0.0042698 -2.22533e-06 -0.000236898 -0.00418932 7.90287e-05 -0.000164096 -0.00419833 
-1.81382e-05 -0.000104669 -0.00418242 0.000201072 -0.000123736 -0.00419016 0.000273274 -0.00018543 -0.00405811 
0.000307389 -0.000114873 -0.00413175 -0.000329778 2.538e-05 -0.00404704 -0.000229642 -1.76767e-05 -0.00418869 
-0.000131484 -4.8823e-05 -0.00418897 -0.000123869 5.38866e-05 -0.0041844 3.93049e-05 1.42231e-05 -0.00423609 
-3.1461e-05 5.30819e-06 -0.0041401 0.000130651 -3.63054e-05 -0.00421968 0.000123561 6.70341e-05 -0.00420915 
0.000332642 8.3175e-06 -0.00415968 0.000328557 3.57617e-05 -0.00405357 0.000331897 -6.28762e-05 -0.00405237 
0.000238239 -1.86993e-05 -0.00414046 -0.000318484 8.8095e-05 -0.00411785 -0.000267652 0.000197526 -0.00404854 
-9.6554e-05 0.00015917 -0.00425036 -0.000191992 0.000115087 -0.00423157 -9.2824e-05 0.000214707 -0.00416025 
-3.8355e-05 0.000124169 -0.00415892 0.000119769 0.00017883 -0.00419523 0.000217496 0.000110046 -0.00421846 
8.84207e-05 0.000128953 -0.00411265 0.000288129 0.000164727 -0.00408206 0.000315553 0.000102271 -0.00417782 
0.000237326 0.000227247 -0.0041738 -0.000181639 0.000278179 -0.00406897 -0.000167079 0.000282335 -0.00417935 
6.81269e-06 0.000226133 -0.00422524 6.00195e-05 0.000326182 -0.00418957 6.69183e-05 0.000322658 -0.0040542 
-6.61033e-05 0.000321604 -0.00412021 0.000181143 0.000276918 -0.00404935 -0.000208543 -0.000257979 -0.00393203 
-0.000101569 -0.000316042 -0.00401488 7.3367e-05 -0.000325728 -0.00395988 -2.4274e-05 -0.000328391 -0.00397803 
0.000151444 -0.000292145 -0.00402152 0.000139839 -0.000299813 -0.00389547 -0.000271106 -0.000188773 -0.00396785 
-0.000303206 -0.000133604 -0.00390275 -0.000109292 -0.000200645 -0.00405794 -0.000177616 -0.000152659 -0.00399662 
-5.31507e-05 -0.000213214 -0.00396887 -6.17644e-05 -7.56686e-05 -0.00399501 8.11858e-05 -0.000215697 -0.00410128 
0.000159276 -0.000146282 -0.0040546 8.05133e-05 -0.00018679 -0.00399215 0.000308477 -0.000111516 -0.00396608 
-0.000325865 -5.57845e-05 -0.00396939 -0.000108863 -7.70896e-05 -0.00408673 -0.000215625 -5.78375e-05 -0.00407988 
-0.000194736 3.83692e-05 -0.00410748 -0.000165076 -5.24095e-05 -0.00399376 1.51995e-05 -7.19058e-05 -0.00406198 
5.38701e-05 2.81968e-05 -0.00408106 0.000109548 -4.8665e-05 -0.00412013 0.000155236 3.95458e-05 -0.00408366 
0.00010433 7.64328e-05 -0.0040031 0.000329845 3.06812e-05 -0.00391008 -0.000319446 8.61478e-05 -0.00397302 
-0.00027814 0.000186755 -0.0039468 -0.000116644 0.000144823 -0.00409255 -0.000200388 8.0119e-05 -0.00400654 
-0.000146398 0.000181187 -0.00399639 2.21623e-05 0.000239937 -0.0041144 -1.91993e-05 0.000121022 -0.00405562 
0.000114815 0.000184606 -0.00401679 0.000193616 0.000128245 -0.0040461 0.000274919 0.000182231 -0.00392245 
0.0003045 0.000112951 -0.00399056 -9.90143e-05 0.000314903 -0.00402832 -0.000197729 0.000270729 -0.003946 
5.67843e-05 0.000326935 -0.003933 -4.10619e-05 0.000332689 -0.00395062 -5.87349e-05 0.000222343 -0.00404145 
0.00021511 0.000248854 -0.00395051 -0.000212274 -0.000254972 -0.0038113 -9.72757e-05 -0.000317361 -0.00386977 
4.04698e-05 -0.000329284 -0.00385933 -6.44215e-05 -0.000330738 -0.00376943 0.000187555 -0.000275305 -0.00376223 
0.000118447 -0.000307081 -0.00380082 0.000234483 -0.000239983 -0.0038896 -0.000319739 -8.89426e-05 -0.00381615 
-0.000276356 -0.000178651 -0.0038178 -0.000116842 -0.000114996 -0.00391759 6.70763e-05 -0.0002218 -0.00388307 
-1.5667e-05 -0.000132286 -0.00389351 0.000117486 -6.12132e-05 -0.00398512 0.000159569 -0.000162895 -0.00390367 
8.27333e-05 -9.01209e-05 -0.00388199 0.000283067 -0.000167223 -0.00375782 0.000298423 -0.000156716 -0.00385808 
-0.000331657 -1.13665e-05 -0.003878 -0.000327163 5.52366e-05 -0.00380152 -0.000102963 3.79698e-05 -0.00400933 
-0.000105907 4.20649e-05 -0.00390007 -0.000218241 -2.71489e-05 -0.00389822 7.12132e-06 1.06167e-05 -0.00399419 
0.000217992 -8.48619e-05 -0.00392866 0.000207278 1.49476e-05 -0.0039047 9.6435e-05 1.50146e-05 -0.00392183 
0.000329225 2.6919e-05 -0.00374992 0.000330688 -6.4044e-05 -0.00377345 0.000328186 -4.04375e-05 -0.00387027 
-0.000308011 0.000130172 -0.00387065 -0.000178833 0.000124203 -0.00389713 -0.000114406 0.000185307 -0.00381473 
-3.89536e-05 0.000115213 -0.00394626 7.83106e-05 0.000210511 -0.00392641 2.47655e-05 0.000199065 -0.0038411 
0.000120924 0.000121717 -0.00390113 0.000278892 0.000171758 -0.0038091 -0.000232426 0.000234832 -0.00379324 
-0.000136874 0.00030245 -0.00387343 -1.96537e-06 0.000332148 -0.00375732 7.63701e-05 0.000322317 -0.00382716 
-4.06205e-05 0.000332638 -0.00384977 0.000178007 0.000276975 -0.00386433 0.000145478 0.000303202 -0.00375504 
-0.000164742 -0.000289018 -0.00360426 -0.00013397 -0.000304115 -0.00369805 4.71683e-05 -0.000324552 -0.00362763 
3.83483e-05 -0.00032951 -0.00372697 -1.54477e-06 -0.000238309 -0.00381226 0.000190923 -0.000271854 -0.00359399 
0.000130843 -0.000303654 -0.00367665 -0.000314169 -0.000113607 -0.00370041 -0.000300653 -0.000146597 -0.00360537 
-0.000268228 -0.000191599 -0.00370002 -0.000127151 -0.000190709 -0.00380033 -0.000201503 -0.00012718 -0.00377098 
-7.96233e-05 -0.000104153 -0.00382038 -3.32763e-05 -0.000170929 -0.00370971 2.43146e-05 -9.50553e-05 -0.0037691 
0.000316694 -9.25494e-05 -0.00360713 0.000247646 -0.000219218 -0.00364868 -0.000331673 -3.73944e-05 -0.00361205 
-0.000331846 -6.08918e-06 -0.00371214 -0.000214073 6.02028e-05 -0.00377574 -0.000154703 -3.2752e-05 -0.00379023 
-0.000232501 6.48777e-06 -0.00367329 3.60724e-06 2.04649e-06 -0.00375103 -7.29424e-05 -3.54218e-05 -0.00369645 
0.000214828 -6.36331e-05 -0.00380591 0.000127599 -1.64083e-06 -0.00379618 -0.000289626 0.000154845 -0.00371165 
-0.000300041 0.000140366 -0.00361131 -0.000248669 0.000227076 -0.00361515 -0.0001503 0.000157975 -0.00372391 
4.94132e-05 0.000104762 -0.00379967 -4.69334e-05 9.78419e-05 -0.00382537 7.37367e-05 0.000210794 -0.00375436 
-2.98293e-05 0.000127949 -0.0037293 0.000178451 9.23192e-05 -0.00380608 0.000149478 0.000153627 -0.0037198 
6.25157e-05 6.90357e-05 -0.00370216 0.000284243 0.000165959 -0.00369516 0.000319082 8.53604e-05 -0.00367598 
-0.000176375 0.000280455 -0.00366808 -0.000113322 0.000308189 -0.00373371 2.64237e-05 0.00033318 -0.00366175 
0.000218487 0.000249796 -0.00362064 0.000228157 0.00024175 -0.00372939 0.000133354 0.000305596 -0.00361593 
-0.000217853 -0.000250408 -0.00352909 -0.000133375 -0.000304497 -0.0035106 -4.91677e-05 -0.00032832 -0.00357194 
4.10982e-05 -0.000329249 -0.00352907 -5.97175e-05 -0.000199118 -0.00360609 0.000204174 -0.000263211 -0.00347496 
-0.000301302 -0.000144514 -0.00350718 -0.000131474 -0.000197666 -0.00368517 -0.000123373 -0.000200327 -0.00351441 
-0.000101414 -0.000104128 -0.0035919 5.26945e-05 -0.000195801 -0.00353863 3.24965e-06 -0.000119333 -0.00363098 
9.50111e-05 -9.92403e-05 -0.00369871 8.28168e-05 -0.000192475 -0.00363502 0.000182967 -0.000140749 -0.00363571 
0.000267749 -0.000188408 -0.00353053 0.000316104 -9.592e-05 -0.00347084 -0.000325356 -5.74936e-05 -0.00349507 
-0.000163403 -8.63714e-05 -0.00368295 -9.2498e-05 6.23375e-05 -0.00366714 -0.000214359 -4.91763e-05 -0.00352852 
-0.000195825 3.67836e-05 -0.00357787 3.3684e-05 -1.89732e-05 -0.00365318 4.2143e-05 -5.27009e-05 -0.00354687 
-6.44908e-05 -6.01962e-06 -0.00359323 4.1102e-05 5.92429e-05 -0.00358779 0.000224976 -3.05645e-07 -0.00359963 
0.000138379 -5.93284e-05 -0.00357749 0.000328524 -2.97793e-06 -0.00356876 -0.000254711 0.000218842 -0.0035051 
-0.000320014 7.99467e-05 -0.00350724 -0.000141706 0.000153047 -0.0036094 1.22029e-05 0.000216481 -0.00355343 
0.000123903 0.000191205 -0.00356408 0.000222144 0.000100519 -0.00364252 0.000245193 0.000217877 -0.00352116 
0.000317984 9.08212e-05 -0.0035318 -0.000155363 0.000289786 -0.00352713 -7.86309e-05 0.000318647 -0.00358174 
6.28538e-05 0.000322739 -0.00352994 -9.35512e-06 0.000240341 -0.00365233 0.000152676 0.00029551 -0.00351137 
-0.000147453 -0.000297106 -0.00336006 -0.000215145 -0.000252834 -0.00341673 -3.16875e-05 -0.000328436 -0.00341942 
-3.14182e-05 -0.00021097 -0.00343212 8.24693e-05 -0.00032187 -0.00343862 0.000110439 -0.000310627 -0.00333214 
0.00023572 -0.000232991 -0.00338466 -0.000316743 -0.000108251 -0.00337894 -0.000267704 -0.000192036 -0.00332129 
-0.000275539 -0.000183431 -0.00342063 7.01386e-05 -0.000205877 -0.0034127 6.32238e-05 -0.000103387 -0.00343269 
0.00014282 -0.000165101 -0.00350517 0.000277471 -0.000175283 -0.00329316 0.00029491 -0.000159534 -0.00338555 
-0.000331766 -7.94801e-06 -0.00340883 -0.000102408 5.51686e-05 -0.00349903 -0.00022482 -7.43923e-05 -0.00340622 
-0.00013353 -4.6895e-05 -0.00346468 -0.000216162 2.63456e-05 -0.00338831 3.2648e-05 6.53938e-05 -0.0034837 
-2.76015e-05 -8.42564e-05 -0.00347716 -4.90581e-05 -1.75385e-06 -0.00341427 6.85765e-05 -1.10323e-06 -0.00340323 
0.000117076 2.71331e-05 -0.00352416 0.000227138 -2.61446e-06 -0.00349657 0.000161065 -4.61454e-05 -0.00343003 
0.000171345 6.42652e-05 -0.00343355 0.000329435 -3.14849e-05 -0.00329831 0.000331097 -2.95858e-05 -0.00341123 
-0.000284165 0.000183821 -0.00339659 -0.000104375 0.00020921 -0.00347145 -0.000179028 0.000122094 -0.00349394 
-0.000134961 9.63538e-05 -0.00340237 -3.84505e-05 0.000136853 -0.00350431 1.60195e-06 0.000181307 -0.00341931 
0.000122077 0.000182394 -0.0034387 0.000272602 0.000185685 -0.00335914 0.000315874 9.31695e-05 -0.00331765 
0.000306432 0.000117185 -0.00342993 -0.0002153 0.000247952 -0.0033197 -0.000200415 0.000266242 -0.00343117 
-0.000114616 0.00030768 -0.00339691 7.36739e-05 0.000323585 -0.00340525 -2.28368e-05 0.000329377 -0.00331995 
-2.65809e-05 0.000329779 -0.00343827 9.56054e-05 0.000322668 -0.0033078 0.00022473 0.000241333 -0.00330684 
0.000219925 0.00024795 -0.00341675 -0.000157674 -0.000291769 -0.00315085 -0.000213112 -0.000254383 -0.00322407 
-9.80812e-05 -0.000317085 -0.00322244 1.96456e-05 -0.000331305 -0.00324499 -4.95855e-05 -0.000328331 -0.00314355 
7.06629e-05 -0.000322596 -0.00314283 0.000182228 -0.000273917 -0.00328772 0.000228854 -0.000240158 -0.00320918 
0.000132046 -0.000303412 -0.00321134 -0.000305421 -0.000127566 -0.00314308 -0.000319195 -9.16972e-05 -0.00328083 
-0.000275914 -0.000182731 -0.00322393 -0.000102604 -0.000208836 -0.0033394 -0.000163049 -9.97649e-05 -0.00331273 
-0.000120327 -0.000197783 -0.00324147 -9.00007e-05 -0.000123463 -0.00339378 1.42727e-05 -0.000238885 -0.0033269 
6.69416e-05 -7.63883e-05 -0.00330156 -2.93837e-05 -0.000158782 -0.00326352 0.000112235 -0.000167017 -0.00329584 
0.0002045 -0.000123134 -0.00324714 0.000316933 -9.98938e-05 -0.00315586 0.000273455 -0.000181636 -0.0031531 
-0.000328427 -4.72001e-05 -0.00319243 -0.000232136 -3.6593e-06 -0.00327533 -0.000134974 -1.32253e-06 -0.00330694 
2.67296e-06 5.47953e-07 -0.00331943 -6.15755e-05 8.08539e-05 -0.00331519 0.000207574 7.24568e-05 -0.00325554 
0.000102912 2.76788e-05 -0.00330783 0.000207355 -1.89536e-05 -0.00331513 0.000328521 3.70007e-05 -0.003236 
-0.000319329 8.69463e-05 -0.00327524 -0.000306709 0.000132779 -0.00317018 -0.00026237 0.00020072 -0.00321718 
-0.000212027 0.000106663 -0.00326076 -0.000141473 0.00018973 -0.00324225 4.5068e-05 0.000109313 -0.0033515 
5.07778e-05 0.000230467 -0.00328135 7.86269e-05 0.000132943 -0.00324456 0.000125206 0.000174404 -0.00332401 
0.000314919 9.77998e-05 -0.00316801 0.000270638 0.000198899 -0.00319925 -0.000137671 0.000301942 -0.00328724 
-5.5877e-05 0.000228219 -0.0033157 6.00099e-05 0.000326321 -0.00318503 -3.55111e-05 0.000332111 -0.0032134 
0.000162336 0.000285373 -0.00321018 -0.000108721 -0.000314164 -0.0030692 -2.65795e-05 -0.000330365 -0.00304259 
0.000176626 -0.000282119 -0.00300587 8.86006e-05 -0.000319707 -0.00303633 0.000225277 -0.000243349 -0.00309166 
-0.000257757 -0.000208878 -0.00312968 -0.000226373 -5.94091e-05 -0.00319268 -0.000198441 -0.000140789 -0.00307101 
-7.78777e-05 -0.000201556 -0.00310317 -6.92212e-06 -0.000112051 -0.00312867 6.25766e-05 -0.000141516 -0.00321189 
0.000292357 -0.00015905 -0.00305375 -0.000330301 3.33954e-05 -0.00313584 -0.000331652 -1.07409e-05 -0.0030463 
-9.76447e-05 -5.29208e-05 -0.00316634 -0.000133024 -5.15669e-05 -0.00305212 -0.00023075 1.21352e-05 -0.0031126 
2.20548e-05 -2.86753e-05 -0.00322421 -1.78399e-05 -4.25392e-06 -0.0031233 8.90919e-05 6.08783e-05 -0.0031753 
0.000124682 -2.76081e-05 -0.00321914 0.000156275 -6.76531e-05 -0.00310043 0.00022638 -4.07632e-05 -0.00318452 
0.000330423 -2.70596e-05 -0.00309093 0.000215823 2.86489e-05 -0.0031035 -0.000319718 8.45107e-05 -0.00299925 
-0.00027613 0.000189575 -0.00309217 -0.00028599 0.000170615 -0.0029955 -0.000121272 3.65257e-05 -0.00320971 
-0.000158761 0.00017307 -0.00312296 -3.08876e-05 0.000221398 -0.00320136 -1.76094e-05 8.86617e-05 -0.00322025 
5.01003e-05 0.000216442 -0.00310004 3.06965e-06 0.000125934 -0.00310815 0.000162055 0.000161141 -0.00318716 
0.000140934 0.000117696 -0.00306849 0.000316065 9.09634e-05 -0.00304239 0.000271088 0.000189812 -0.0030358 
-0.000162619 0.000284935 -0.00311723 -0.000222993 0.00024172 -0.00301332 1.03446e-05 0.000332086 -0.00301027 
-7.63974e-05 0.000319868 -0.00307193 0.000165444 0.000281448 -0.00305454 0.000235551 0.000236774 -0.00311625 
-0.000175487 -0.000280877 -0.00285997 -9.55047e-05 -0.000317255 -0.00294299 -2.29578e-05 -0.000331606 -0.00286297 
3.54858e-05 -0.000329836 -0.00295245 0.000178117 -0.000280525 -0.00286813 -0.000250893 -0.000217937 -0.00298561 
-0.00030368 -0.000136021 -0.00297169 -0.000141184 -0.000162811 -0.00289818 -0.000105387 -0.000106818 -0.00297303 
4.01996e-05 -0.00023568 -0.00301211 -6.53772e-05 -0.000218614 -0.00299845 6.01481e-05 -0.000103538 -0.00304083 
8.59051e-05 -0.000172872 -0.00294155 0.000173055 -0.000159039 -0.00305273 0.000222158 -9.68747e-05 -0.00296974 
0.000254611 -0.000220488 -0.00285084 0.000248173 -0.000224875 -0.00298251 0.0002921 -0.000157444 -0.00292677 
0.000307744 -0.000128884 -0.00283662 -0.000322761 -6.46869e-05 -0.00291377 -0.000321741 6.47147e-05 -0.0028635 
-0.000100031 4.155e-05 -0.0030707 -0.00021819 -6.36657e-05 -0.00299459 -0.000212779 4.62363e-05 -0.0029726 
-2.00389e-05 -1.87495e-05 -0.00301692 3.03997e-05 7.23636e-05 -0.00302065 9.43782e-05 1.79766e-05 -0.00308042 
0.000228121 8.1675e-07 -0.00300589 0.000131723 -2.58078e-05 -0.00297834 0.000336162 1.08351e-05 -0.00298379 
0.000327938 -4.29078e-05 -0.00287581 -0.000288935 0.000156177 -0.00289928 -9.33844e-05 0.000186805 -0.00301928 
-0.000193381 0.000115178 -0.00304783 -7.10178e-05 9.9895e-05 -0.00296067 5.30977e-06 0.000172296 -0.00301088 
0.000129992 0.00020702 -0.00298584 0.000211036 0.000103159 -0.00294713 0.000266493 0.000205982 -0.00285333 
0.000242023 0.000222045 -0.00295016 0.00031867 8.83812e-05 -0.00291533 -9.18415e-05 0.000317655 -0.00295917 
-8.96988e-05 0.000318774 -0.00285783 -0.00021003 0.000258908 -0.00291362 -5.86411e-06 0.000328103 -0.00290707 
0.000105783 0.000314108 -0.00286261 0.000100736 0.00032064 -0.00296949 -9.55017e-05 -0.000317093 -0.00279613 
-0.000161244 -0.000289017 -0.00273015 -4.38062e-05 -0.000328223 -0.00271263 6.01767e-05 -0.000323289 -0.0027753 
0.000135888 -0.000301767 -0.00271636 0.0002269 -0.000241626 -0.00269985 -0.000304209 -0.000131008 -0.00274016 
-0.000272193 -0.000186741 -0.0028061 -0.000177328 -6.36482e-05 -0.00289104 -0.000163487 -0.000159608 -0.00279875 
-1.58488e-05 -0.000231455 -0.00284293 3.73793e-07 -9.71482e-05 -0.0029471 5.21667e-05 -0.000153221 -0.00282804 
9.96382e-05 -7.87598e-05 -0.00288931 0.000128008 -0.000192309 -0.00277171 0.000301377 -0.000141388 -0.00269489 
-0.000331462 -1.9191e-05 -0.00281096 -0.000224105 2.35052e-05 -0.00280981 -0.000148649 4.4178e-05 -0.00289507 
-0.000132705 -3.30472e-05 -0.00277294 -0.000124083 9.30746e-05 -0.00281113 7.63835e-06 2.124e-05 -0.0029177 
-5.69277e-05 -3.23416e-05 -0.00284596 3.88816e-05 -4.59962e-05 -0.00281453 5.25872e-05 6.88737e-05 -0.00281506 
0.000125613 2.05708e-05 -0.00287071 0.000210114 -5.03393e-05 -0.00284736 0.000336389 -9.34651e-06 -0.00278176 
0.000234312 2.94832e-05 -0.00277861 -0.000318999 8.12748e-05 -0.0027116 -0.000282867 0.000166637 -0.00269574 
-0.000293942 0.000148915 -0.00280044 -0.000182837 0.000137391 -0.00288258 -0.000111671 0.000210339 -0.00292111 
-0.000133932 0.000199374 -0.00282147 7.81808e-05 0.000129545 -0.00294021 -4.11284e-05 0.000144755 -0.00285545 
-7.8043e-06 0.000211981 -0.0027754 0.000157431 0.000118298 -0.00277509 0.000317723 9.50575e-05 -0.00277712 
0.000298216 0.000145856 -0.00269331 0.000236237 0.00022993 -0.00274064 -0.000116702 0.00031156 -0.00273889 
-0.000226908 0.000239006 -0.00279544 2.27433e-05 0.000224333 -0.0029088 -1.34056e-05 0.000327796 -0.00277481 
0.000169834 0.00028127 -0.00278694 7.85201e-05 0.000321783 -0.00273892 -0.000201407 -0.000263941 -0.00264217 
-0.000141027 -0.000300646 -0.00255583 -0.000101857 -0.000316118 -0.00264649 4.62506e-05 -0.000324815 -0.00267835 
-3.30466e-05 -0.000329046 -0.00258778 0.000215328 -0.000253182 -0.00258334 0.000111988 -0.00030848 -0.0026095 
-0.000321408 -8.06827e-05 -0.00265719 -0.000304439 -0.000131252 -0.00255168 -0.000275554 -0.000182921 -0.00264511 
-0.000243861 -0.000229478 -0.00254891 -0.00016465 -0.00015744 -0.00267719 -5.25413e-05 -0.000172913 -0.00276973 
5.84012e-05 -0.000118982 -0.00273373 -1.40252e-05 -0.000188089 -0.00264546 3.82043e-05 -8.85477e-05 -0.00262287 
0.000187692 -9.23875e-05 -0.0027445 0.000287509 -0.000162414 -0.00254047 -0.000331951 -5.83902e-07 -0.00257681 
-0.000238047 -1.9769e-05 -0.00263559 -8.18726e-05 6.03246e-05 -0.00271482 6.53194e-06 9.42196e-06 -0.00271357 
-3.98777e-05 -8.91668e-05 -0.00270971 0.000218754 1.78758e-05 -0.00267085 0.000108341 -1.63352e-05 -0.00273515 
0.000327288 -5.30597e-05 -0.00258365 0.000331366 -1.71958e-05 -0.0026825 0.000330372 6.57902e-05 -0.00261807 
-0.000253922 0.000212014 -0.00257597 -0.000318322 9.05869e-05 -0.00261179 -0.000211521 7.36546e-05 -0.0027002 
-0.000188899 0.000108963 -0.00259876 -0.000106801 0.000202506 -0.00261689 4.54633e-06 0.000133653 -0.00270385 
6.91715e-05 0.000229419 -0.00269481 0.000196216 0.000124 -0.00264257 0.000237598 0.000227828 -0.00264223 
0.000295366 0.000145556 -0.00255688 -0.000137257 0.00030201 -0.00260546 -0.000210516 0.000253125 -0.00268313 
-4.51822e-05 0.00033336 -0.00256152 5.02648e-05 0.000325176 -0.00261587 -4.25016e-05 0.000333364 -0.00266403 
0.000135892 0.000305154 -0.00258309 0.000170636 0.000279786 -0.00267237 -0.000193054 -0.000267976 -0.00246924 
-0.00010271 -0.000315423 -0.00239207 -2.54693e-05 -0.000328315 -0.00244683 2.71096e-05 -0.00024083 -0.00252616 
0.000104917 -0.000313343 -0.0024692 0.000178468 -0.00028027 -0.00243236 0.000234418 -0.000230975 -0.00248135 
-0.000277306 -0.000180285 -0.00243962 -0.000118227 -0.000163976 -0.00256983 -6.79899e-05 -0.000221024 -0.00249998 
-0.000229876 -5.71252e-05 -0.00253665 -0.00013449 -8.2251e-05 -0.00251007 3.88747e-06 -0.000143241 -0.00252388 
0.000107099 -0.000205513 -0.00257775 0.000186487 -0.000139092 -0.00252657 0.000119303 -0.000207224 -0.00247477 
0.000311748 -0.000103107 -0.00241436 -0.000333064 -4.14533e-05 -0.00245076 -0.000170926 2.12595e-05 -0.00250993 
3.22888e-05 2.59161e-05 -0.00261484 -6.68674e-05 -3.94408e-05 -0.00258808 2.07873e-05 -2.42245e-05 -0.00252554 
0.000136182 6.11284e-06 -0.00260195 9.11245e-05 -8.52718e-05 -0.00248149 0.000168959 3.4552e-05 -0.00251144 
0.000328226 3.75866e-05 -0.0025225 0.00032856 -6.99683e-06 -0.00242647 0.000230918 -4.87658e-05 -0.00246101 
-0.000303436 0.000138342 -0.00238427 -0.000317947 9.10733e-05 -0.0024814 -0.000270511 0.000194307 -0.00246638 
-0.000128068 0.000143793 -0.00250998 3.80901e-07 0.00018021 -0.00260044 -4.10234e-05 9.37719e-05 -0.0025621 
7.2412e-05 6.72788e-05 -0.00251655 0.000123091 0.000196848 -0.00261287 0.000149033 0.000136254 -0.00253014 
0.00024032 0.000228094 -0.00248531 0.000303322 0.000139818 -0.00241636 -8.25634e-05 0.000319515 -0.00244916 
-0.000205945 0.000264823 -0.00241994 -0.000191577 0.000276399 -0.0025312 6.02944e-05 0.000322582 -0.00247741 
-3.36624e-05 0.000231989 -0.00245819 0.000139069 0.000304332 -0.00241574 0.00018067 0.000275361 -0.002513 
-0.000201954 -0.000262957 -0.00232294 -6.94342e-05 -0.00032982 -0.00230012 3.18128e-05 -0.000330165 -0.00236492 
0.000175068 -0.000283361 -0.00232939 0.000105094 -0.000310733 -0.00226495 0.000238245 -0.000231993 -0.0023773 
-0.000303394 -0.00013946 -0.00234901 -0.000205106 -0.000108479 -0.00235047 -0.000128749 -0.000178877 -0.00240689 
1.20385e-05 -0.000229714 -0.00239949 9.37894e-05 -0.000156052 -0.00237473 0.000189226 -0.000122555 -0.00238015 
0.000269317 -0.000193332 -0.00228069 -0.000331775 -8.63688e-06 -0.00230066 -0.000234182 -2.01589e-05 -0.0024161 
-0.000120539 2.75779e-05 -0.0023838 -5.25991e-05 -4.73053e-05 -0.00243543 -4.02646e-06 5.62117e-05 -0.00234296 
-1.93434e-05 -4.30507e-05 -0.00233122 4.77958e-05 -1.62255e-05 -0.00241989 0.000115333 4.36811e-05 -0.00234224 
0.000324779 -7.11133e-05 -0.00231836 0.00021861 5.62557e-05 -0.00234511 -0.000312922 0.000123818 -0.00227568 
-0.000197302 0.00011943 -0.00239583 -0.000122993 0.000195581 -0.00241729 -0.000107518 0.000128563 -0.00232069 
-4.93983e-05 6.92115e-05 -0.00245118 4.20626e-05 0.000102344 -0.0024249 8.63657e-05 0.00019707 -0.00248103 
0.000101869 0.000219753 -0.00235628 0.000140016 0.000136915 -0.00239704 0.000247163 0.000210569 -0.00238335 
0.000283204 0.000170435 -0.00229496 0.000322566 7.89166e-05 -0.00233967 -0.000222569 0.000246084 -0.00232327 
-8.31932e-05 0.00031951 -0.00233286 -0.00017545 0.00028208 -0.00224288 -2.54462e-05 0.000330707 -0.00224388 
5.43805e-05 0.000324205 -0.00237289 0.000177456 0.000277588 -0.00230867 8.35536e-05 0.000321435 -0.00225732 
-0.000202426 -0.000263044 -0.00208628 -0.00010015 -0.000315985 -0.00220739 -0.000219124 -0.000249193 -0.0022261 
-2.07128e-05 -0.000327254 -0.00212202 5.05215e-07 -0.000336574 -0.00222625 1.88124e-05 -0.000242933 -0.00229342 
0.00022873 -0.000239883 -0.00210492 0.000177277 -0.00028074 -0.00219287 0.000110825 -0.000305552 -0.00212042 
-0.000277587 -0.000179788 -0.00215973 -0.000318433 -9.58787e-05 -0.00212384 -0.000153212 -0.000150694 -0.00219444 
-0.00010352 -0.000196103 -0.00226889 1.78599e-05 -0.000142986 -0.00230359 -2.29966e-05 -0.000135862 -0.00218292 
6.97553e-05 -0.000183345 -0.00219824 0.000168759 -0.000146624 -0.00223701 0.000309309 -0.00011658 -0.00215724 
-0.000322094 -7.01392e-05 -0.00222264 -0.000329431 1.29898e-05 -0.00209073 -0.000125285 -5.43511e-05 -0.00231395 
-0.000199948 -5.97841e-05 -0.00224034 -7.92369e-05 -5.29589e-05 -0.00217127 -5.43504e-05 5.10101e-05 -0.00224641 
7.09487e-05 3.17365e-05 -0.00223492 7.62563e-05 -7.22999e-05 -0.00225797 0.000186895 7.1868e-05 -0.00222997 
0.000216609 -3.98482e-05 -0.0021976 0.000331777 2.32346e-05 -0.00209593 0.000332579 -2.65081e-05 -0.00222911 
-0.000318974 8.72564e-05 -0.00218096 -0.000251474 0.000216047 -0.00221745 -0.000206319 0.000123132 -0.00227446 
-1.80297e-05 0.000160386 -0.00227524 7.76151e-05 0.00013278 -0.00229695 8.21685e-05 0.000225775 -0.00221885 
0.000171014 0.000174139 -0.00221617 0.000315606 0.000101743 -0.00217093 0.000260894 0.000211737 -0.00218202 
0.00029406 0.000153612 -0.00208829 -0.000219811 0.000248758 -0.00210154 -0.000112192 0.000313011 -0.00216487 
-2.25664e-06 0.000328071 -0.00213972 0.000129925 0.000305685 -0.00211354 0.000181955 0.00027576 -0.00220913 
-9.92454e-05 -0.000316347 -0.00203277 -0.000225531 -0.000236135 -0.00197782 4.47555e-05 -0.000324878 -0.00204132 
4.33407e-05 -0.000325061 -0.00194183 0.000172156 -0.000285577 -0.00204327 -0.00030549 -0.000130211 -0.00201582 
-8.54101e-05 -0.000175085 -0.00206937 -0.000152557 -9.53443e-05 -0.00204518 4.39577e-05 -0.000200964 -0.0021023 
-2.53984e-05 -7.85117e-05 -0.00199023 0.000111588 -0.000127589 -0.00211859 0.000188325 -0.000149846 -0.00203031 
7.45341e-05 -0.000138922 -0.00199907 0.000295991 -0.000150106 -0.00206337 0.000243769 -0.000228645 -0.00199269 
0.000310473 -0.000107457 -0.0019678 -0.000332086 -6.44243e-07 -0.00199102 -0.000149549 7.45526e-05 -0.00216559 
-0.000219563 -5.46204e-05 -0.00211552 -0.000141078 4.31946e-06 -0.0020848 -9.67207e-07 2.41455e-05 -0.00214372 
1.76104e-05 -6.20577e-05 -0.00208283 0.000119637 -8.76635e-06 -0.00215289 0.000331276 -2.81133e-05 -0.00200157 
0.000319837 7.60424e-05 -0.00197617 0.000224773 -2.32909e-06 -0.00207289 -0.000290834 0.000153805 -0.00206964 
-0.000265655 0.000198502 -0.00195985 -0.000316706 9.43717e-05 -0.00199656 -0.000115196 0.000179459 -0.00212839 
-0.00020224 0.000110388 -0.00204643 2.0033e-05 0.000139402 -0.00218436 -1.41936e-06 0.000119524 -0.00208465 
0.00011337 0.000204287 -0.00212245 0.000192178 0.000120181 -0.00211995 7.84729e-05 6.00287e-05 -0.0020932 
0.000284967 0.000163057 -0.0019738 -8.90683e-05 0.000319286 -0.0019419 -0.000160205 0.000286263 -0.00203541 
6.44856e-05 0.000322147 -0.00193579 -3.52353e-05 0.00033315 -0.00202552 6.7529e-05 0.000321942 -0.00203946 
-1.03867e-05 0.000222071 -0.00204164 0.000144704 0.000303034 -0.00198316 0.000222641 0.000246309 -0.00203519 
-0.00015885 -0.000289271 -0.00187903 -0.000127541 -0.000307235 -0.00178117 -7.13093e-05 -0.000325054 -0.0019259 
-1.41764e-05 -0.000328487 -0.00181245 0.000103374 -0.000311312 -0.00186319 0.000175196 -0.000282452 -0.00192557 
-0.000320551 -8.76528e-05 -0.00192863 -0.000278356 -0.000178458 -0.00183094 -0.000279425 -0.000175765 -0.00192858 
-0.000211785 -8.16899e-05 -0.00194576 -8.75549e-05 -0.00021239 -0.00187448 -4.08444e-05 -0.000196398 -0.00198237 
5.30868e-05 -0.000215092 -0.00190962 -1.8106e-05 -0.00011272 -0.00188624 0.00016061 -0.000141005 -0.00191835 
0.000321706 -8.17308e-05 -0.00187196 0.000282895 -0.000168069 -0.00181865 -0.000322069 -7.47903e-05 -0.00182517 
-0.000332043 1.51572e-06 -0.00189231 -0.000100122 -1.33952e-05 -0.00189157 -0.000148376 6.88138e-05 -0.00196024 
-1.9832e-05 6.3964e-05 -0.0019445 7.39083e-05 -6.75731e-05 -0.00191564 0.000100379 -4.20874e-05 -0.00201998 
0.00023566 -4.48437e-05 -0.00194648 0.000104683 8.99805e-05 -0.00190513 0.000326139 2.08398e-05 -0.00190271 
0.00033403 2.1872e-05 -0.00180923 -0.000320491 7.83976e-05 -0.00181036 -0.000309678 0.000110044 -0.00189939 
-0.000101696 0.000221519 -0.00197314 6.69024e-05 0.000131567 -0.00198787 -4.44595e-05 0.000202771 -0.00188328 
9.19647e-05 0.000200327 -0.00189066 0.000187438 0.000127281 -0.00195633 0.000250727 0.000219156 -0.00189152 
0.000308552 0.000118254 -0.00188881 -9.07901e-05 0.000317478 -0.00184397 -0.000200064 0.000269116 -0.00190648 
4.69859e-05 0.000327049 -0.00181191 0.000168245 0.000282096 -0.00182211 -0.000211979 -0.000255221 -0.00171951 
-4.50809e-05 -0.000328319 -0.00172497 -1.90691e-05 -0.000330699 -0.00163505 0.000121446 -0.000307391 -0.00169856 
0.000225851 -0.000241829 -0.00176358 -0.000277488 -0.000179942 -0.00171556 -0.000160386 -0.000104287 -0.00186002 
-0.000147582 -0.000155366 -0.00176028 5.38099e-07 -0.000216673 -0.00182201 -4.21239e-05 -0.000117623 -0.00178593 
0.000104955 -0.000217729 -0.00182364 0.000115529 -0.000118977 -0.00181252 0.000320555 -8.54588e-05 -0.00177207 
0.000265841 -0.000196946 -0.00168007 -0.000331787 -1.08436e-05 -0.0017492 -0.000332444 3.08646e-05 -0.00164503 
-0.000212844 1.88906e-05 -0.00183219 -0.000112103 7.10119e-05 -0.00180982 -0.000132303 -5.66878e-05 -0.00177502 
2.36065e-05 1.42294e-05 -0.00184026 0.000162253 -2.28606e-05 -0.00187971 0.000216862 6.42421e-05 -0.00179239 
0.00021597 -4.03222e-05 -0.00173 0.000108696 -2.45738e-05 -0.00177516 0.000331597 -2.7252e-05 -0.00165249 
0.000323839 7.47065e-05 -0.00168806 -0.000263132 0.000200452 -0.00177406 -0.00031184 0.000125975 -0.00172468 
-0.000253657 0.000212122 -0.00167666 -0.000151873 0.000157797 -0.0018874 -7.89272e-05 8.37928e-05 -0.0016936 
-0.000192834 0.000124428 -0.00175512 6.44893e-06 0.000110737 -0.00180519 0.000123527 7.18338e-05 -0.0017407 
0.000141585 0.000172492 -0.00175132 0.000298573 0.000139939 -0.00177495 0.000270872 0.000191689 -0.00169283 
-8.68122e-05 0.000319812 -0.00174512 -0.000176187 0.000281825 -0.0017413 -0.00013358 0.000308244 -0.00165773 
2.48035e-06 0.000332293 -0.00171284 0.000146002 0.000302509 -0.00171847 0.000231769 0.000236017 -0.00177117 
-0.000159487 -0.000289934 -0.0016252 -0.000101813 -0.000315498 -0.00155698 -0.000221126 -0.000242186 -0.00148106 
0.000171127 -0.000282551 -0.00161885 0.000102601 -0.000311837 -0.00154616 -0.000258736 -0.000215442 -0.00156856 
-0.000303223 -0.000142609 -0.00162704 -0.000321854 -9.95955e-05 -0.00149807 -0.000184384 -0.00014152 -0.00160107 
-7.20727e-05 -0.000155096 -0.00162762 3.21243e-05 -0.000136808 -0.00171164 -1.53506e-05 -0.000222603 -0.00168016 
0.000114647 -0.000179152 -0.00162681 0.000119084 -6.14477e-05 -0.00166422 0.00030813 -0.000123816 -0.00162913 
0.000270516 -0.000194735 -0.00155711 -0.000332023 1.52145e-06 -0.00150651 -0.000139011 -3.34607e-05 -0.00167473 
-9.70702e-05 2.9637e-06 -0.00159014 -3.81402e-05 -3.4792e-05 -0.0017259 7.58863e-05 3.06206e-05 -0.0016563 
-2.83944e-07 -3.82562e-05 -0.00163 0.000238924 3.98023e-06 -0.00159943 0.000330194 -3.21063e-05 -0.00153489 
-0.000299724 0.000143768 -0.00162367 -0.00025249 0.000213885 -0.00150738 -0.000318352 9.03351e-05 -0.001549 
-0.000125423 0.000198208 -0.00162 -0.000175627 6.21826e-05 -0.00165359 -7.86214e-05 0.000219074 -0.00152055 
2.11883e-05 0.000230868 -0.00160354 1.65327e-05 0.000141858 -0.00168805 0.000168048 8.31707e-05 -0.00164937 
0.000111822 0.000144455 -0.00159236 0.000308329 0.000121916 -0.00160256 0.000280865 0.000176244 -0.00152369 
-0.000208093 0.000260169 -0.00157714 -0.000171732 0.000284327 -0.00148764 -8.88425e-05 0.000319652 -0.00153587 
-4.24976e-05 0.000333708 -0.00162293 -8.06658e-06 0.000327887 -0.00149786 0.000177397 0.000277713 -0.00156551 
7.71168e-05 0.000321276 -0.00157041 0.000233799 0.000233552 -0.00161672 -0.00020533 -0.00026146 -0.00138738 
-0.000104005 -0.000314847 -0.00136134 -0.000141722 -0.000300578 -0.00145858 -4.75035e-05 -0.000328426 -0.00147616 
2.73625e-05 -0.000330616 -0.00135571 4.56318e-05 -0.000324871 -0.00145366 0.000134839 -0.000301191 -0.00144317 
0.000136028 -0.000298715 -0.00134089 0.000222979 -0.00024631 -0.00147422 0.000219804 -0.000248533 -0.00136754 
-0.000280423 -0.000174039 -0.00139681 -0.000158166 -8.47306e-05 -0.00151021 -0.000136649 -0.000196801 -0.00152399 
-0.000102718 -0.000132554 -0.00143354 1.70211e-06 -0.000237143 -0.00156695 -1.26096e-05 -0.000118127 -0.00155148 
7.24342e-05 -0.00018609 -0.00150835 0.000172803 -0.000170165 -0.00153761 0.000319662 -8.82249e-05 -0.00142511 
0.000282051 -0.000172926 -0.00138765 -0.000323557 -7.31156e-05 -0.00138948 -0.000329258 4.62177e-05 -0.00134303 
-0.00018823 6.84121e-05 -0.0015351 -8.11675e-05 3.87823e-05 -0.00148627 2.50584e-05 4.21339e-05 -0.00155917 
1.91219e-05 -6.29597e-05 -0.00146153 0.000142152 2.81399e-05 -0.00154946 9.6488e-05 -6.72088e-05 -0.00152488 
0.000198325 -5.20155e-05 -0.00148964 8.81496e-05 2.37548e-05 -0.00141764 0.00020147 9.18428e-05 -0.00141322 
0.000331316 1.7641e-05 -0.00144839 -0.000250362 0.00021703 -0.00140064 -0.000313189 0.000101884 -0.00141786 
-8.74839e-05 0.000187232 -0.00142508 5.39143e-05 0.000229114 -0.00145018 -2.40005e-05 0.000133571 -0.00158046 
-1.88476e-05 0.000117502 -0.00147798 0.000123616 0.000112934 -0.00149026 0.000302858 0.000130861 -0.00140588 
-8.69572e-05 0.00031937 -0.00143541 -0.000168777 0.000286092 -0.00138809 -3.73206e-07 0.000328118 -0.00139617 
0.000226392 0.000242773 -0.00135718 8.48038e-05 0.000320977 -0.00132986 0.000131173 0.000305936 -0.00143715 
0.0002228 0.000252366 -0.00147395 -0.000151062 -0.00029535 -0.00127537 -3.2657e-05 -0.000329969 -0.00127577 
0.000225099 -0.000244237 -0.00121834 0.000119557 -0.000304667 -0.00121227 -0.000279903 -0.00017568 -0.00126421 
-0.000195138 -9.93257e-05 -0.00139557 -4.7607e-06 -0.000201579 -0.00138021 0.000180618 -0.000154606 -0.00135153 
7.55339e-05 -0.00014681 -0.00140839 0.000214741 -0.000112154 -0.00125515 0.000106638 -0.000101012 -0.00130969 
0.00031536 -0.000102584 -0.00127551 0.000288179 -0.000168688 -0.00120642 -0.000321698 6.49865e-05 -0.00124863 
-0.000323965 -5.78252e-05 -0.00129186 -0.000221297 5.33335e-05 -0.00139405 -0.000157952 -1.3617e-05 -0.00143613 
-0.000221846 -6.38854e-05 -0.0012765 -0.000140027 2.49949e-05 -0.00134324 -3.3957e-05 1.18248e-05 -0.00140237 
-8.30924e-05 -7.07211e-05 -0.00132965 2.34006e-05 1.40846e-05 -0.00131816 0.000221922 -3.9872e-05 -0.00136485 
0.000129525 4.54484e-06 -0.00131947 0.000329787 2.72095e-05 -0.00130063 0.000332771 -2.61672e-05 -0.00118328 
-0.000286214 0.000160887 -0.00131926 -0.00029115 0.000153673 -0.00120168 -0.000182391 0.00014931 -0.00135817 
2.33849e-05 0.000195561 -0.00134865 -5.45358e-05 0.000120119 -0.00131914 0.000142365 0.000155709 -0.00133469 
0.000295026 0.000151905 -0.00126624 -0.000235614 0.000234355 -0.00118194 -0.000102854 0.00031575 -0.00124096 
-0.000204626 0.000264048 -0.00127728 -2.03658e-05 0.00033067 -0.00125908 0.00012271 0.000305694 -0.00121731 
0.000191666 0.000270756 -0.00125116 -0.000102634 -0.000315035 -0.0010506 -0.000221422 -0.000241952 -0.00115762 
-0.000130757 -0.000308608 -0.00117547 -4.95167e-06 -0.000333229 -0.00102989 -5.16411e-06 -0.000337297 -0.00115134 
0.000113557 -0.000309819 -0.00105963 0.000171658 -0.000285685 -0.00112502 -0.000267763 -0.000190507 -0.00107928 
-0.000306552 -0.000124663 -0.00115963 -0.000181671 -0.000149492 -0.00123746 -0.000108931 -0.000197107 -0.00114843 
-7.80785e-05 -0.000105652 -0.00122037 -7.38981e-06 -0.000183474 -0.00123957 5.65927e-05 -0.000217698 -0.00117005 
0.000109511 -0.000146403 -0.00121957 0.000193585 -0.000107978 -0.00113291 0.000256897 -0.000209044 -0.00105862 
0.000313596 -0.000104236 -0.0010807 -0.000328084 2.40372e-05 -0.00110643 -0.000324642 -7.09469e-05 -0.0010738 
-0.000192195 -4.24565e-05 -0.00116143 -0.000230573 3.08092e-05 -0.00121924 -0.000107645 8.32884e-06 -0.00121494 
1.59342e-05 -6.82572e-05 -0.00126077 0.000139054 -3.69421e-05 -0.00121592 0.000119672 3.92315e-05 -0.00114016 
0.000333276 -2.60843e-05 -0.00107883 0.000331785 6.17606e-05 -0.00116766 -0.000297973 0.000146054 -0.00108549 
-0.000250448 0.000212265 -0.00103527 -0.000170143 0.000133967 -0.00125169 -5.40585e-05 0.000220457 -0.0011425 
4.16617e-05 0.000175463 -0.00123384 4.18443e-05 6.89501e-05 -0.00119959 0.000117855 0.00015634 -0.00111147 
0.00028547 0.000169908 -0.00116888 0.000236516 0.000229394 -0.0010662 0.000312931 9.98452e-05 -0.00106911 
-0.000152793 0.000290633 -0.00103166 -0.000112414 0.000308651 -0.00114296 -4.34478e-05 0.000329421 -0.00107382 
5.02782e-05 0.000328149 -0.00115596 0.000135691 0.00030448 -0.0010545 0.000189178 0.000271065 -0.00114642 
-0.000209092 -0.00025769 -0.00102145 -0.000111793 -0.000310424 -0.000914488 -0.000219929 -0.000248505 -0.000923059 
-1.82063e-05 -0.000330281 -0.000912531 0.000171795 -0.000284037 -0.00098315 0.000104289 -0.000311512 -0.000914855 
-0.000302865 -0.000137019 -0.000895647 -0.000304656 -0.00013547 -0.000996711 -0.000181317 -0.000125062 -0.00108676 
-0.000181643 -0.000110192 -0.00097817 -7.98193e-05 -0.000171979 -0.00102035 1.68779e-05 -0.000187282 -0.00107417 
0.000135405 -0.000201803 -0.0010842 9.62024e-05 -0.000128232 -0.00100362 0.000313456 -0.000122075 -0.00098057 
0.000251496 -0.000220495 -0.000956755 -0.000319812 7.43245e-05 -0.000882635 -0.000327461 -4.75861e-05 -0.000880053 
-0.00033174 -1.44062e-05 -0.000974618 -0.000111279 -5.32719e-05 -0.00105058 -0.000155867 4.03168e-05 -0.00101786 
-1.90325e-05 -2.73958e-05 -0.00108889 0.000197043 -2.95981e-05 -0.00104607 8.15947e-05 -6.06672e-05 -0.00110773 
8.76398e-05 -6.82246e-06 -0.0010119 0.000133045 7.9976e-05 -0.00103918 0.000329353 2.29317e-05 -0.000996563 
-0.0003196 7.74217e-05 -0.00099754 -0.000282412 0.000167766 -0.000962134 -0.00024712 0.000215853 -0.000883604 
-0.000147126 0.000154573 -0.00107668 -0.000151478 0.000153282 -0.000961549 -5.36393e-05 9.5729e-05 -0.00115153 
1.31232e-05 7.73874e-05 -0.00107654 -1.93483e-05 0.000173693 -0.00104992 -5.07198e-05 0.000151944 -0.000948363 
0.00011728 0.00020223 -0.00100795 0.000310999 0.000108527 -0.000955637 0.000263904 0.000208913 -0.000969266 
-0.000161965 0.000285325 -0.000934028 3.60104e-05 0.000327769 -0.000994175 -6.65378e-05 0.000325095 -0.000955894 
0.000150115 0.000300956 -0.000949963 -0.000121098 -0.000309119 -0.000763726 -0.000223297 -0.000242409 -0.000744441 
-0.000177027 -0.000276276 -0.000839066 3.60602e-05 -0.000326529 -0.000752971 -3.70027e-05 -0.000328225 -0.000815367 
0.000208891 -0.000261497 -0.000862174 0.000130458 -0.000311326 -0.00080572 -0.000299808 -0.00014279 -0.000796233 
-0.000255101 -0.000212958 -0.000838696 -0.000203423 -0.000126609 -0.000865465 -0.000118896 -0.000159815 -0.000913112 
1.85814e-05 -0.000164527 -0.000924181 0.000173764 -0.000112428 -0.000939731 0.000126136 -0.000207507 -0.000915967 
0.000178073 -0.000145513 -0.000815905 9.34181e-05 -0.000104333 -0.000873493 0.000236637 -0.000228395 -0.00077912 
0.00028499 -0.00017645 -0.000860544 -0.000332403 1.38596e-05 -0.000746255 -0.000174863 -1.73271e-05 -0.000928155 
-5.64027e-05 -1.13729e-05 -0.000970769 1.41327e-05 -4.03855e-05 -0.000898813 -3.95322e-05 4.4473e-05 -0.000870256 
9.07438e-05 2.57805e-05 -0.000894039 0.000183586 -2.48786e-05 -0.000858735 0.000204446 3.3795e-05 -0.000959583 
0.000327102 -3.80255e-05 -0.000738317 0.00032906 -7.01767e-05 -0.000839911 0.000328885 3.61884e-05 -0.000816054 
0.00032357 7.55204e-05 -0.000724594 -0.000247012 0.000222116 -0.000780545 -0.000302292 0.00014081 -0.000790372 
-0.000146309 0.000153133 -0.000829452 6.1582e-05 0.000109081 -0.000948845 6.93335e-05 0.00021175 -0.000898438 
-7.56086e-05 0.000225719 -0.000840744 -1.17338e-05 0.000143962 -0.000853904 0.000142975 0.000138273 -0.000892041 
0.000250949 0.000215742 -0.000800602 0.000301845 0.000139615 -0.000856804 -0.000127015 0.000311647 -0.000843368 
-0.000155005 0.00028919 -0.000752529 -2.22004e-05 0.000329274 -0.000840643 -9.58564e-06 0.000329588 -0.000737541 
0.000188072 0.000272831 -0.000861446 0.000102268 0.000320588 -0.000866899 0.000153235 0.000294884 -0.000749168 
-0.000121669 -0.000308927 -0.000654549 2.55713e-05 -0.000327667 -0.000575272 0.000110999 -0.000311105 -0.000650213 
0.000193175 -0.00026549 -0.000697553 -0.000267717 -0.000191781 -0.000643635 -0.000306354 -0.000127199 -0.000678957 
-0.000117421 -0.000175379 -0.000791022 -0.000149954 -6.24187e-05 -0.00073086 -0.000185886 -0.000114631 -0.000632294 
1.37778e-05 -0.000100187 -0.000771937 -2.95019e-05 -0.00022846 -0.000709871 8.54746e-05 -0.000221772 -0.000769764 
0.000161711 -0.00015387 -0.000702845 0.000147997 -6.11849e-05 -0.000765322 0.000295203 -0.000167902 -0.000694852 
0.000245529 -0.000224311 -0.000580864 -0.000331027 2.36228e-05 -0.00062156 -0.000221742 8.77124e-06 -0.000831391 
-9.07043e-05 -6.48146e-05 -0.000850579 -0.000136608 5.77607e-05 -0.000797315 -2.18059e-05 1.34301e-05 -0.000757593 
0.000220666 9.8608e-05 -0.000799713 7.62026e-05 2.58411e-05 -0.000791388 7.95009e-05 -3.3701e-05 -0.000668793 
0.000184652 3.22276e-05 -0.00071528 0.000209262 -6.77186e-05 -0.000682601 0.000332153 2.15636e-05 -0.000614414 
0.000327582 -7.56883e-05 -0.000590112 -0.000247042 0.000222012 -0.000680933 -0.000316312 9.63446e-05 -0.000686708 
-0.000308048 0.000114362 -0.000588741 -0.000147599 0.000162894 -0.000718481 3.28168e-05 0.000214835 -0.000696054 
-5.47752e-05 0.000125637 -0.000751406 8.55608e-05 0.000177585 -0.000788125 9.08073e-05 0.000148013 -0.000617594 
0.000177131 0.000148687 -0.000713456 0.000287943 0.000152089 -0.000577246 0.000282784 0.000165208 -0.00067617 
-9.01773e-05 0.000317346 -0.000677927 -0.000146075 0.000297642 -0.000597565 -2.18176e-06 0.000328075 -0.000634787 
0.000223115 0.000246079 -0.000697079 0.000111513 0.000308552 -0.000653111 0.000221678 0.000241326 -0.000591875 
-0.000103095 -0.000314815 -0.000441491 -0.000153408 -0.000293228 -0.000561099 -0.00021196 -0.000256352 -0.000484529 
3.85286e-05 -0.000327148 -0.000427557 -3.76087e-05 -0.000328315 -0.000505979 0.00015465 -0.000293752 -0.000428097 
0.000220003 -0.000249132 -0.000488808 0.000114712 -0.00031247 -0.000546363 -0.000304115 -0.00013155 -0.000544105 
-0.000305248 -0.000127112 -0.000451366 -0.000194576 -0.000109866 -0.000529926 -9.05713e-05 -0.0001686 -0.00055286 
-6.86699e-05 -0.000115805 -0.000661133 4.77635e-05 -0.000146493 -0.000683284 2.13123e-05 -0.000148656 -0.000569924 
0.000143622 -0.000186307 -0.000597944 0.000107016 -0.000177505 -0.000493615 0.000196938 -8.7828e-05 -0.000571759 
0.000292184 -0.000159903 -0.000479866 -0.000329337 1.27059e-05 -0.00042625 -0.000330346 -5.29419e-05 -0.00056519 
-0.000200743 -1.24659e-05 -0.000631051 -0.000105006 -7.66537e-06 -0.000574461 5.28753e-05 4.68499e-05 -0.000612591 
-1.833e-05 -3.1052e-05 -0.000619096 3.11665e-05 -3.68955e-05 -0.000522228 0.000234115 4.21944e-05 -0.000611612 
0.000331642 -2.71919e-05 -0.000433682 0.000328816 3.24477e-05 -0.000514809 -0.000257752 0.00021071 -0.000550462 
-0.000249067 0.000225596 -0.000437622 -0.000316019 9.71221e-05 -0.000477386 -0.000151505 0.000179593 -0.000577005 
-8.1159e-05 7.25546e-05 -0.000637861 -0.000202703 8.43366e-05 -0.000557109 -6.83579e-05 0.000228212 -0.000523621 
7.27589e-05 0.000148304 -0.000509275 0.000321672 8.25697e-05 -0.000436103 0.000279414 0.000173572 -0.000467676 
-0.000155041 0.000294751 -0.00048174 4.87472e-05 0.000326786 -0.00048039 -6.33269e-05 0.000326008 -0.000478731 
-1.39084e-05 0.000218599 -0.000607582 0.000189862 0.000272494 -0.000484304 0.000119658 0.00031001 -0.000538956 
-0.000231229 -0.000240231 -0.000371806 -0.000100633 -0.000314755 -0.000342918 -0.000187077 -0.000275207 -0.000279564 
-2.44393e-05 -0.000222345 -0.000489839 0.000161715 -0.000290326 -0.000286509 8.03992e-05 -0.000321824 -0.000319744 
-0.000298246 -0.000146945 -0.000360645 -0.000206842 -0.00010087 -0.000430491 -0.000114861 -0.000113425 -0.000391261 
-3.31349e-05 -0.000117303 -0.000476318 -7.51529e-05 -0.00021659 -0.000395205 1.44127e-05 -0.000110579 -0.000383485 
6.1583e-05 -0.000199214 -0.000374157 0.00025975 -0.000209435 -0.000337208 0.000322607 -8.14691e-05 -0.000343453 
-0.000333021 6.87769e-06 -0.000326009 -0.000230163 7.16609e-05 -0.000422871 -5.62103e-05 7.11755e-05 -0.00053167 
-4.46617e-05 -8.10184e-06 -0.000460996 6.88337e-05 -3.03645e-05 -0.000420508 0.00013748 -3.296e-05 -0.000511942 
0.000224512 3.69101e-05 -0.000399157 0.00032977 3.4405e-05 -0.000357529 -0.000297969 0.000142597 -0.000364784 
-0.000106243 0.000188553 -0.00041238 -5.57054e-06 0.000142276 -0.000443574 -7.40231e-05 8.13773e-05 -0.000392024 
0.000113225 6.92475e-05 -0.000446765 1.79332e-05 0.00023595 -0.000377633 0.000110558 0.000193069 -0.000413408 
0.000308724 0.000118813 -0.000343345 0.000261957 0.00020033 -0.000378584 -0.000235156 0.00023482 -0.000311431 
-0.000151649 0.000291292 -0.000310744 -8.99444e-05 0.000319138 -0.000382898 -8.24882e-06 0.000333619 -0.000305427 
0.000182638 0.000273355 -0.000289145 9.97456e-05 0.000315631 -0.000362852 -0.000229176 -0.000240833 -0.000155677 
-0.000157872 -0.000295208 -0.000160943 -4.88904e-05 -0.000326743 -0.00014784 -1.86969e-05 -0.000334968 -0.00025104 
0.000135072 -0.000296812 -0.000191069 0.000219932 -0.000248406 -0.000122741 -0.000260364 -0.000202567 -0.000255224 
-0.000313611 -0.000116118 -0.000264588 -0.000298883 -0.000137341 -0.000172814 -0.000182068 -0.00013982 -0.000294569 
-0.000108038 -0.000187168 -0.000219184 -2.30685e-05 -0.000227136 -0.000306524 -2.12409e-05 -0.00011452 -0.000281336 
0.000204275 -7.38565e-05 -0.000295859 0.000112365 -0.000145865 -0.000276537 0.000255258 -0.000211698 -0.000250378 
0.000306548 -0.000140703 -0.000205394 -0.000328254 -4.35357e-05 -0.000173551 -0.000233209 -4.10255e-05 -0.000312037 
-0.000139778 4.55723e-06 -0.000379873 -8.76074e-05 -3.9478e-05 -0.000267062 4.01632e-06 -8.3577e-06 -0.000333436 
-4.06856e-06 4.81812e-05 -0.000241234 0.000225904 8.01114e-05 -0.000299161 0.000103872 -3.11707e-05 -0.000321406 
0.000206746 5.26945e-06 -0.000234218 0.000329682 -4.80873e-07 -0.00026594 0.000329256 -2.63337e-05 -0.000145756 
0.000326803 6.93897e-05 -0.000225655 -0.000321941 8.21158e-05 -0.000263614 -0.000267579 0.000196698 -0.000225779 
-0.000295144 0.000148733 -0.000150592 -0.000209883 0.000101524 -0.0003074 -0.000109509 0.00011567 -0.000277152 
-7.44435e-05 0.000216659 -0.000267536 6.09976e-05 0.000211212 -0.000288421 1.51849e-05 9.19382e-05 -0.000337011 
0.000173707 0.00014162 -0.000221965 0.00013436 7.6669e-05 -0.000348967 0.000272083 0.000197771 -0.000265153 
0.000321172 8.70734e-05 -0.000135164 0.000277732 0.00017806 -0.000164363 -9.28289e-05 0.000315782 -0.000233915 
-0.000206841 0.000257387 -0.000184853 -2.46402e-05 0.000333585 -0.000164315 4.47975e-05 0.000325847 -0.000217086 
0.000218212 0.000251066 -0.000188581 0.000131466 0.000304355 -0.000189789 -0.000113118 -0.00031171 -5.93361e-05 
-0.000192915 -0.000269249 -4.56666e-05 3.44449e-06 -0.000334682 -3.94539e-05 5.42794e-05 -0.00032833 -0.000109637 
-3.7467e-05 -0.000224183 -5.79342e-05 0.000128665 -0.000306433 -5.87521e-05 -0.000278706 -0.000187358 -4.17579e-05 
-3.59667e-05 -9.35195e-05 -0.000164238 5.05828e-05 -0.000233813 -0.000215182 0.000175165 -0.000148463 -0.000177372 
0.000105131 -0.00020372 -0.000108834 0.000261054 -0.000201881 -3.97856e-05 -0.000321007 7.24204e-05 -6.96897e-05 
-0.000329166 -2.64305e-05 -7.24759e-05 -0.000209412 -7.4005e-05 -0.000212384 -0.000146749 5.53413e-05 -0.000193842 
-0.000160444 -0.000103753 -0.000120072 6.2693e-05 -7.23018e-05 -0.000131712 -1.00427e-05 2.30047e-05 -0.000143983 
8.44427e-05 -1.44239e-05 -0.000220316 0.000204625 -5.2228e-05 -8.51949e-05 0.000322361 -7.55833e-05 -4.52451e-05 
0.000330195 2.62977e-05 -4.54267e-05 -0.000287692 0.000157913 -3.95208e-05 -0.000168532 0.000156311 -0.000172887 
-9.09626e-05 0.00020768 -0.000126292 -0.000161672 0.000123849 -3.50574e-05 4.28239e-05 0.000166181 -9.9149e-05 
0.000166989 7.17716e-05 -0.000126256 7.7036e-05 0.00015414 -0.00019836 0.000250983 0.000213397 -6.35811e-05 
0.000304828 0.000136017 -4.42906e-05 -0.000233965 0.000238018 -5.58586e-05 -0.000154434 0.000295574 -8.1115e-05 
3.12798e-06 0.000234409 -0.000161717 7.02222e-05 0.000326113 -4.26355e-05 -6.05424e-05 0.000328586 -7.08053e-05 
0.000181486 0.000276995 -7.78688e-05 -0.000155541 -0.000151907 5.55915e-06 -6.40811e-05 -0.000217699 4.46469e-05 
-1.89788e-05 -0.000118773 -5.82884e-05 2.03482e-05 -0.000164708 3.25182e-05 6.48383e-05 -4.03198e-05 -3.6831e-05 
0.000152533 -0.000185761 -1.21971e-05 -0.000191957 -4.73751e-05 -3.98666e-05 -5.19228e-06 2.41666e-05 5.02872e-05 
-3.6982e-05 -1.45338e-05 -4.29607e-05 0.000137868 4.44491e-07 4.38068e-05 0.000233486 -5.45442e-05 1.15223e-05 
-7.25456e-05 9.08206e-05 9.83596e-07 -6.33352e-05 0.00017071 6.95826e-05 -4.8797e-05 0.00019524 -3.20611e-05 
2.60556e-05 0.000110365 -2.8833e-06 0.000175713 7.98099e-05 -1.50222e-05 0.000130715 0.000175475 -1.72562e-05 
7.17437e-05 0.00021175 0.00011069 0.000196768 0.00016392 8.5094e-05 0.000236525 0.000277341 4.99999e-05 
-8.51348e-05 -0.00024568 0.000253631 2.2867e-05 -0.000307541 0.000298109 0.00011174 -0.000255598 0.000184421 
-0.000139882 -0.000122791 0.000144565 5.0136e-06 -0.000210589 0.00013926 -4.59617e-05 -0.000149015 0.00022175 
0.000106817 -0.000197993 0.000100202 0.000235774 -0.000134548 0.000215614 0.000165174 -6.3043e-05 0.000127193 
0.000260917 -2.65203e-05 0.000162322 -0.000212876 9.36432e-05 7.50599e-05 -0.00026312 3.75999e-05 0.000235092 
-0.000234501 -9.57234e-06 0.000148726 -0.000131998 2.23883e-05 7.33132e-05 -4.18442e-05 -4.37594e-05 0.000127697 
6.98971e-05 8.85612e-05 9.58272e-05 3.89359e-05 1.77412e-05 0.000176023 0.000303391 5.29254e-05 0.000299718 
-3.14422e-05 9.79274e-05 0.000139584 -0.000152152 0.000210159 0.000124934 5.58564e-05 0.000109035 0.00023728 
0.000167463 9.16615e-05 0.000174714 8.65057e-05 0.00022735 0.000215833 -3.1978e-05 -0.000282626 0.00040157 
0.00011511 -0.000247291 0.000322936 -5.5449e-06 -0.000118187 0.00030901 6.40626e-05 -7.33774e-05 0.000216282 
0.000207613 -1.458e-05 0.000329774 -0.000129116 -9.9928e-05 0.000411702 -0.000166215 5.31321e-05 0.000342129 
-0.000128744 0.000121166 0.000205964 -0.000242724 0.000145521 0.000275937 -0.000270381 9.99641e-05 0.000382752 
-8.10444e-05 0.000115543 0.000317283 4.51311e-05 0.000206642 0.000373834 0.000156272 0.000204986 0.00034426 
-0.000152902 0.000216524 0.000264045 -9.89694e-05 0.000131886 0.000461555 -5.91321e-05 0.000275233 0.000312757 
0.000151503 0.000277179 0.000414859 9.09388e-05 0.000276574 0.000308195 -9.61771e-05 -0.000349324 0.000600151 
5.5964e-05 -0.000316101 0.000464379 1.53892e-05 -0.000121724 0.000421537 3.17797e-05 -0.00023529 0.000595008 
0.000152442 -0.000155298 0.000399208 0.000291152 -0.000172677 0.000532587 -6.32909e-05 -3.13403e-05 0.00047405 
0.000145681 -6.58742e-05 0.000476507 0.000229041 -9.50146e-06 0.000445021 -0.000219161 4.22982e-05 0.000558456 
-0.000124359 4.61815e-05 0.00051255 0.000332128 0.000104379 0.000466266 -0.000168849 0.000281627 0.00047473 
-5.47022e-06 0.000239363 0.000454983 0.000119565 0.000239641 0.00055377 6.13863e-05 0.000354621 0.000545599 
-0.000268746 -0.000205219 0.000584233 5.11326e-05 -0.000331342 0.000698955 0.000215735 -0.000295142 0.000627241 
0.000298072 -0.000179127 0.000675784 -0.000153294 -0.000217669 0.000669847 2.5354e-05 -0.000136299 0.000713135 
-0.000292444 -6.59927e-06 0.000607276 -5.93323e-05 8.58963e-05 0.00061963 0.000110327 -2.17654e-05 0.000722278 
0.00034862 -2.41828e-06 0.000680178 -0.000173391 0.000234664 0.00058535 -0.000152639 0.000130338 0.000581096 
0.000239322 0.000111325 0.000689575 -8.46702e-05 0.000362467 0.000668853 -5.68776e-05 0.000234612 0.000570995 
0.000277412 0.000197301 0.000596889 0.000171878 0.000325374 0.000618151 -0.000246355 -0.000129119 0.000731064 
-0.000322531 0.000103535 0.000749285 -0.000114195 0.000171264 0.000798987 -4.80379e-05 0.000193606 0.000687186 
0.000181523 9.14779e-05 0.000809959 0.000178465 0.000212741 0.000683447 -3.791e-05 -0.000236199 0.000756916 
0.000143857 -0.00016887 0.000719176 0.000123302 -0.000250694 0.000999422 -0.000111207 -8.26278e-05 0.0008512 
0.000269964 -0.000255908 0.000779148 0.000101049 0.000151145 0.000894308 0.000206673 -4.58484e-05 0.000979416 
-0.000142956 3.78267e-05 0.000827529 0.000216003 4.24125e-05 0.000916284 5.73704e-05 0.000243373 0.000801043 
-2.89513e-05 0.000410575 0.00100218 0.000118555 0.000279815 0.000957894 -0.000242972 0.000290712 0.000744664 
-0.000100152 -0.000274037 0.00108338 0.000165314 -0.00014404 0.000917843 0.000314463 -0.000243016 0.00109079 
-0.000424534 -8.15945e-06 0.00111904 -0.000204876 -1.98162e-05 0.000937237 0.000285706 0.000261343 0.00103276 
0.000485546 0.000163222 0.0011957 -0.000113827 -0.000436331 0.00111159 3.41389e-05 -0.000330302 0.000968157 
0.000150959 -0.000351746 0.00119924 -0.000257365 -0.000165434 0.00119809 0.000502872 -8.13779e-05 0.00122822 
0.000207716 0.000128342 0.00122404 0.000299953 0.000288112 0.00115125 4.28032e-05 -0.000437925 0.00117546 
-0.000157127 -0.000218406 0.00123943 0.000149057 -0.000203575 0.00123256 -8.70399e-05 -2.87001e-05 0.00126228 
-0.0003734 0.00010908 0.00140637 -0.000248419 0.000118047 0.00124157 0.000256863 -6.5827e-05 0.00132979 
0.000123818 6.38531e-05 0.00137049 -0.000136884 -0.000423601 0.00151668 0.000111651 -0.000412335 0.0013625 
-0.000396273 -0.000217305 0.00147941 -0.000372886 -1.97997e-05 0.00132455 0.000168485 -0.000118502 0.00157922 
0.000383985 -0.000207375 0.00149311 -0.000342295 0.00018656 0.0015456 0.000525258 0.000170733 0.00148569 
-0.000359921 0.000307652 0.00150994 -0.000251634 0.000309108 0.00141647 0.00013352 0.000215215 0.00150293 
0.000411244 0.000196482 0.00139329 -1.20331e-05 0.000514438 0.00146811 6.83066e-05 -0.000483093 0.00152827 
0.000450611 -0.000309262 0.00150588 0.000465838 -0.000327053 0.00172362 -0.00021755 -7.31796e-05 0.00163001 
-0.000122006 -0.000106127 0.00176983 -3.32324e-05 -0.000151783 0.0017639 5.90609e-05 -0.000173269 0.00179584 
4.49008e-05 -9.93249e-05 0.00173003 0.000137751 -0.000111953 0.00178892 0.000295303 -0.000180633 0.00160858 
-0.000591335 -0.000135293 0.00167661 -0.00038771 0.000190622 0.00163644 -0.000147143 -1.0288e-05 0.00175631 
-0.000205883 -1.61901e-06 0.00183677 -7.82712e-05 3.33549e-05 0.00181427 -6.72082e-05 3.32302e-05 0.00171488 
-4.80275e-05 -6.48954e-05 0.00171666 -3.62964e-05 -5.94598e-05 0.00181582 2.65786e-05 2.71659e-07 0.00170298 
4.89417e-05 6.23297e-06 0.00180026 0.000116538 -2.98097e-05 0.00173599 0.000180843 1.92434e-05 0.0017948 
0.000103069 6.92189e-05 0.00173939 0.000348274 3.74907e-05 0.00162155 -0.000164719 8.00014e-05 0.00179554 
-8.26736e-05 0.000122472 0.00175727 -0.000114762 0.000171628 0.00183822 8.47476e-06 9.79092e-05 0.00172428 
-2.1854e-05 0.000186536 0.00180414 6.96765e-05 0.000154629 0.00177939 2.50508e-06 9.15836e-05 0.0018239 
0.000155441 0.000114502 0.00181154 0.00027095 0.000145924 0.00157922 -4.82394e-05 0.000485718 0.00166792 
0.000233807 0.000510989 0.00140159 -0.000216497 0.000443847 0.00145724 7.93749e-05 0.000560797 0.00154688 
-0.000185654 -0.00043491 0.00179687 -5.89086e-05 -0.000673397 0.00195593 0.000346413 -0.000479931 0.00171969 
-0.000243137 -0.000248757 0.00179639 -0.000113593 -0.000174168 0.00184263 -0.000162778 -0.00015433 0.0019274 
-0.000184921 -9.88383e-05 0.00184721 -9.66313e-05 -8.39008e-05 0.00189173 -7.6608e-05 -0.000209904 0.00192839 
-1.98054e-05 -0.000208688 0.0018461 5.70183e-05 -8.4423e-05 0.00184169 -7.78577e-06 -0.000128105 0.00190408 
7.43464e-05 -0.000207877 0.00188841 1.47683e-05 -0.000219333 0.0019679 -6.71601e-05 -0.000127702 0.00198454 
0.000156724 -0.000152049 0.00187855 0.000125521 -0.000179502 0.0019695 0.000197297 -0.000101798 0.00195489 
0.000101969 -8.32992e-05 0.00193101 0.000368006 -1.02298e-05 0.00178021 -0.000565806 9.65855e-06 0.00181241 
-0.000214063 -6.40063e-05 0.00193631 -0.000127922 1.09418e-05 0.00189813 -0.000220131 3.55056e-05 0.00192853 
-9.78428e-05 6.12449e-05 0.00197977 -0.000110959 -3.78085e-05 0.00198377 -1.24225e-05 -4.20273e-05 0.00196726 
-8.49576e-06 1.01355e-05 0.00188203 3.34355e-05 4.85046e-05 0.00196431 0.000200744 -6.25189e-05 0.00184882 
0.000119763 -6.29524e-06 0.00186974 0.000125636 9.9868e-06 0.00196823 0.000223684 -8.6404e-06 0.00192988 
0.00020253 6.96706e-05 0.00199114 -0.000185307 0.000118737 0.0018854 -0.00012842 0.000183083 0.00193662 
-0.000184919 0.00011013 0.00198503 -7.18556e-05 9.79352e-05 0.00189045 -4.33266e-05 0.000217727 0.00189669 
1.31705e-05 0.000139446 0.00192282 5.60652e-05 0.000207361 0.00186325 8.62076e-05 8.75025e-05 0.00187846 
8.15813e-05 0.000204849 0.00195991 0.000205246 8.20279e-05 0.00189195 0.000148874 0.000164758 0.00189775 
0.000112554 0.000109113 0.00197248 2.31396e-05 0.000359708 0.00171426 0.000451492 0.000338722 0.00196783 
1.87867e-05 0.000562889 0.00188622 -0.000135708 -0.000312848 0.00200585 0.00022275 -0.000411775 0.00174636 
-0.000343432 -0.00021366 0.00185042 -0.000171276 -0.000110395 0.00201683 -1.99802e-05 -0.000182075 0.00205395 
3.63642e-05 -0.000125188 0.00199379 6.47972e-05 -0.000137149 0.00208891 -2.29711e-05 -8.23897e-05 0.00206196 
0.000150706 -0.00011583 0.00204238 0.000377922 -0.000161904 0.00211539 -0.000134794 -4.27103e-05 0.00208077 
-0.000150607 6.28287e-05 0.00206618 -0.000203505 -6.77123e-06 0.00201762 3.38175e-05 -2.90977e-05 0.00212469 
-4.97817e-05 1.35654e-05 0.00205337 5.17606e-05 4.72113e-05 0.0020626 0.000198294 -2.97638e-05 0.00202427 
0.000147715 3.09296e-05 0.00208557 7.88321e-05 -4.55958e-05 0.00203693 0.000371263 0.000204041 0.00185604 
-0.000114376 0.000152757 0.00204166 3.78653e-05 0.00018339 0.00204725 -4.45222e-05 0.00020803 0.00199621 
-2.09419e-05 0.000105337 0.00202606 -6.98554e-05 9.86746e-05 0.00211302 0.000114872 0.000124296 0.00207129 
-0.000236736 0.00045203 0.00202429 0.000150708 0.000395572 0.00168943 0.000350502 0.000260812 0.00202501 
0.000290189 0.000395463 0.0017512 -0.000399078 -0.000506024 0.00197619 -0.00028888 -0.000539837 0.00194001 
-0.000125648 -0.000362218 0.00214287 0.000278988 -0.000506087 0.00215224 0.000337175 -0.000324832 0.00218237 
-0.000652055 -0.000334383 0.00214301 -0.000455693 -0.000406166 0.00218901 0.000353524 -0.000312213 0.00192846 
0.000253249 -0.000379001 0.00202193 0.000573218 -0.000386341 0.00209847 0.000677761 -1.08663e-05 0.00206345 
-0.000340806 0.00027765 0.00205322 0.000147613 0.00020355 0.00217749 0.000177263 -4.60512e-05 0.00220241 
-0.000447455 0.000381534 0.00194633 -0.000344444 0.000398047 0.00209414 0.000318416 0.000337814 0.00229123 
0.000487453 0.000497991 0.00200774 -0.000280703 0.000592799 0.00200385 0.000203295 0.000510631 0.00201669 
0.000207496 -0.0004068 0.00229445 -0.000686477 -0.00038091 0.00233913 -0.000404684 -0.000109993 0.00214321 
0.000665584 -0.000259193 0.00235243 0.000579174 6.17443e-05 0.00252284 -0.000439357 4.10691e-05 0.00220121 
0.000167386 0.000403442 0.00194291 0.000457017 0.000536302 0.00226074 0.000497265 0.000387559 0.00209475 
-0.000470601 0.000579859 0.00221818 -0.000124067 0.000594861 0.00196954 9.41654e-05 0.000658258 0.00236787 
0.000240125 0.000546641 0.00210607 0.000970605 -0.000886041 0.0021053 -1.05344e-05 -0.000560258 0.00255066 
0.000403147 -0.000492266 0.00242072 0.000462634 -9.02489e-05 0.00210557 -0.000126793 0.000139437 0.00256486 
-0.000373504 2.89428e-05 0.00234186 -2.54791e-06 -8.00272e-05 0.00255124 0.000295788 8.70563e-05 0.0022057 
0.000109956 0.00019399 0.00249997 0.000317091 0.000202759 0.00241248 0.000677903 0.000152652 0.00222211 
-0.000539358 0.000255109 0.00248892 5.36793e-05 0.000388333 0.00233396 0.000367059 0.000566809 0.00246221 
-0.000243088 0.000688613 0.00220328 -0.000375984 -0.000446585 0.0025636 -0.000142474 -0.000110538 0.00251775 
-0.000322322 -0.000211429 0.00235189 0.000169882 -0.000219741 0.00255167 0.000399841 -0.000157064 0.00258996 
9.21568e-05 3.93234e-05 0.00233832 0.000784669 -0.000135571 0.00250597 -0.000334451 0.000136773 0.00231972 
0.000200775 0.000372445 0.00255399 0.000645984 0.000377634 0.00269057 0.000280919 0.000431713 0.00232061 
0.000207473 0.000488259 0.0023996 0.000310788 0.000314899 0.00244764 -0.000228072 0.000729539 0.00288632 
-0.000389276 -0.000649338 0.00271359 -0.000174631 -0.000314365 0.00247295 0.000105757 -0.000281791 0.00246488 
0.000431766 -0.000247649 0.00255754 -2.39767e-05 -7.50847e-05 0.00279031 0.000709659 -0.000288067 0.00286494 
-0.000430462 -1.8408e-05 0.00242546 -0.000387767 1.23045e-05 0.00252049 0.000421671 -9.79441e-05 0.00290682 
-1.88131e-06 0.000368081 0.00254063 0.000242117 0.000680772 0.00246235 0.00043221 0.000403541 0.00257546 
0.000252455 -0.000752065 0.0026364 -4.4143e-05 -0.000417225 0.00317522 0.000178231 -0.000107329 0.0025983 
-0.000369511 0.000502287 0.00269036 -0.000452631 0.000652327 0.00265295 -0.000942387 -0.000973376 0.00275136 
-0.000261607 -0.000992336 0.00304327 -0.000293835 -0.000721461 0.00277032 0.000611282 -0.000755871 0.00305266 
-0.000761553 -0.0005078 0.00293694 -0.000344692 -0.000310567 0.00301268 7.41125e-05 -0.000574561 0.00312647 
-0.000825548 0.000352391 0.00283646 0.000342965 0.000888598 0.0034121 -0.000877837 -0.000351459 0.00299858 
-0.000276327 4.45697e-05 0.00293736 0.000918806 -7.40359e-05 0.00301003 0.000403008 -5.01323e-05 0.00312753 
-0.000776993 0.000242438 0.00306682 -0.000206421 0.000370399 0.00308261 -0.000204329 0.000662218 0.00324441 

VERTICES 3547 3546
OFFSETS vtktypeint64
0 1 2 3 4 5 6 7 8 
9 10 11 12 13 14 15 16 17 
18 19 20 21 22 23 24 25 26 
27 28 29 30 31 32 33 34 35 
36 37 38 39 40 41 42 43 44 
45 46 47 48 49 50 51 52 53 
54 55 56 57 58 59 60 61 62 
63 64 65 66 67 68 69 70 71 
72 73 74 75 76 77 78 79 80 
81 82 83 84 85 86 87 88 89 
90 91 92 93 94 95 96 97 98 
99 100 101 102 103 104 105 106 107 
108 109 110 111 112 113 114 115 116 
117 118 119 120 121 122 123 124 125 
126 127 128 129 130 131 132 133 134 
135 136 137 138 139 140 141 142 143 
144 145 146 147 148 149 150 151 152 
153 154 155 156 157 158 159 160 161 
162 163 164 165 166 167 168 169 170 
171 172 173 174 175 176 177 178 179 
180 181 182 183 184 185 186 187 188 
189 190 191 192 193 194 195 196 197 
198 199 200 201 202 203 204 205 206 
207 208 209 210 211 212 213 214 215 
216 217 218 219 220 221 222 223 224 
225 226 227 228 229 230 231 232 233 
234 235 236 237 238 239 240 241 242 
243 244 245 246 247 248 249 250 251 
252 253 254 255 256 257 258 259 260 
261 262 263 264 265 266 267 268 269 
270 271 272 273 274 275 276 277 278 
279 280 281 282 283 284 285 286 287 
288 289 290 291 292 293 294 295 296 
297 298 299 300 301 302 303 304 305 
306 307 308 309 310 311 312 313 314 
315 316 317 318 319 320 321 322 323 
324 325 326 327 328 329 330 331 332 
333 334 335 336 337 338 339 340 341 
342 343 344 345 346 347 348 349 350 
351 352 353 354 355 356 357 358 359 
360 361 362 363 364 365 366 367 368 
369 370 371 372 373 374 375 376 377 
378 379 380 381 382 383 384 385 386 
387 388 389 390 391 392 393 394 395 
396 397 398 399 400 401 402 403 404 
405 406 407 408 409 410 411 412 413 
414 415 416 417 418 419 420 421 422 
423 424 425 426 427 428 429 430 431 
432 433 434 435 436 437 438 439 440 
441 442 443 444 445 446 447 448 449 
450 451 452 453 454 455 456 457 458 
459 460 461 462 463 464 465 466 467 
468 469 470 471 472 473 474 475 476 
477 478 479 480 481 482 483 484 485 
486 487 488 489 490 491 492 493 494 
495 496 497 498 499 500 501 502 503 
504 505 506 507 508 509 510 511 512 
513 514 515 516 517 518 519 520 521 
522 523 524 525 526 527 528 529 530 
531 532 533 534 535 536 537 538 539 
540 541 542 543 544 545 546 547 548 
549 550 551 552 553 554 555 556 557 
558 559 560 561 562 563 564 565 566 
567 568 569 570 571 572 573 574 575 
576 577 578 579 580 581 582 583 584 
585 586 587 588 589 590 591 592 593 
594 595 596 597 598 599 600 601 602 
603 604 605 606 607 608 609 610 611 
612 613 614 615 616 617 618 619 620 
621 622 623 624 625 626 627 628 629 
630 631 632 633 634 635 636 637 638 
639 640 641 642 643 644 645 646 647 
648 649 650 651 652 653 654 655 656 
657 658 659 660 661 662 663 664 665 
666 667 668 669 670 671 672 673 674 
675 676 677 678 679 680 681 682 683 
684 685 686 687 688 689 690 691 692 
693 694 695 696 697 698 699 700 701 
702 703 704 705 706 707 708 709 710 
711 712 713 714 715 716 717 718 719 
720 721 722 723 724 725 726 727 728 
729 730 731 732 733 734 735 736 737 
738 739 740 741 742 743 744 745 746 
747 748 749 750 751 752 753 754 755 
756 757 758 759 760 761 762 763 764 
765 766 767 768 769 770 771 772 773 
774 775 776 777 778 779 780 781 782 
783 784 785 786 787 788 789 790 791 
792 793 794 795 796 797 798 799 800 
801 802 803 804 805 806 807 808 809 
810 811 812 813 814 815 816 817 818 
819 820 821 822 823 824 825 826 827 
828 829 830 831 832 833 834 835 836 
837 838 839 840 841 842 843 844 845 
846 847 848 849 850 851 852 853 854 
855 856 857 858 859 860 861 862 863 
864 865 866 867 868 869 870 871 872 
873 874 875 876 877 878 879 880 881 
882 883 884 885 886 887 888 889 890 
891 892 893 894 895 896 897 898 899 
900 901 902 903 904 905 906 907 908 
909 910 911 912 913 914 915 916 917 
918 919 920 921 922 923 924 925 926 
927 928 929 930 931 932 933 934 935 
936 937 938 939 940 941 942 943 944 
945 946 947 948 949 950 951 952 953 
954 955 956 957 958 959 960 961 962 
963 964 965 966 967 968 969 970 971 
972 973 974 975 976 977 978 979 980 
981 982 983 984 985 986 987 988 989 
990 991 992 993 994 995 996 997 998 
999 1000 1001 1002 1003 1004 1005 1006 1007 
1008 1009 1010 1011 1012 1013 1014 1015 1016 
1017 1018 1019 1020 1021 1022 1023 1024 1025 
1026 1027 1028 1029 1030 1031 1032 1033 1034 
1035 1036 1037 1038 1039 1040 1041 1042 1043 
1044 1045 1046 1047 1048 1049 1050 1051 1052 
1053 1054 1055 1056 1057 1058 1059 1060 1061 
1062 1063 1064 1065 1066 1067 1068 1069 1070 
1071 1072 1073 1074 1075 1076 1077 1078 1079 
1080 1081 1082 1083 1084 1085 1086 1087 1088 
1089 1090 1091 1092 1093 1094 1095 1096 1097 
1098 1099 1100 1101 1102 1103 1104 1105 1106 
1107 1108 1109 1110 1111 1112 1113 1114 1115 
1116 1117 1118 1119 1120 1121 1122 1123 1124 
1125 1126 1127 1128 1129 1130 1131 1132 1133 
1134 1135 1136 1137 1138 1139 1140 1141 1142 
1143 1144 1145 1146 1147 1148 1149 1150 1151 
1152 1153 1154 1155 1156 1157 1158 1159 1160 
1161 1162 1163 1164 1165 1166 1167 1168 1169 
1170 1171 1172 1173 1174 1175 1176 1177 1178 
1179 1180 1181 1182 1183 1184 1185 1186 1187 
1188 1189 1190 1191 1192 1193 1194 1195 1196 
1197 1198 1199 1200 1201 1202 1203 1204 1205 
1206 1207 1208 1209 1210 1211 1212 1213 1214 
1215 1216 1217 1218 1219 1220 1221 1222 1223 
1224 1225 1226 1227 1228 1229 1230 1231 1232 
1233 1234 1235 1236 1237 1238 1239 1240 1241 
1242 1243 1244 1245 1246 1247 1248 1249 1250 
1251 1252 1253 1254 1255 1256 1257 1258 1259 
1260 1261 1262 1263 1264 1265 1266 1267 1268 
1269 1270 1271 1272 1273 1274 1275 1276 1277 
1278 1279 1280 1281 1282 1283 1284 1285 1286 
1287 1288 1289 1290 1291 1292 1293 1294 1295 
1296 1297 1298 1299 1300 1301 1302 1303 1304 
1305 1306 1307 1308 1309 1310 1311 1312 1313 
1314 1315 1316 1317 1318 1319 1320 1321 1322 
1323 1324 1325 1326 1327 1328 1329 1330 1331 
1332 1333 1334 1335 1336 1337 1338 1339 1340 
1341 1342 1343 1344 1345 1346 1347 1348 1349 
1350 1351 1352 1353 1354 1355 1356 1357 1358 
1359 1360 1361 1362 1363 1364 1365 1366 1367 
1368 1369 1370 1371 1372 1373 1374 1375 1376 
1377 1378 1379 1380 1381 1382 1383 1384 1385 
1386 1387 1388 1389 1390 1391 1392 1393 1394 
1395 1396 1397 1398 1399 1400 1401 1402 1403 
1404 1405 1406 1407 1408 1409 1410 1411 1412 
1413 1414 1415 1416 1417 1418 1419 1420 1421 
1422 1423 1424 1425 1426 1427 1428 1429 1430 
1431 1432 1433 1434 1435 1436 1437 1438 1439 
1440 1441 1442 1443 1444 1445 1446 1447 1448 
1449 1450 1451 1452 1453 1454 1455 1456 1457 
1458 1459 1460 1461 1462 1463 1464 1465 1466 
1467 1468 1469 1470 1471 1472 1473 1474 1475 
1476 1477 1478 1479 1480 1481 1482 1483 1484 
1485 1486 1487 1488 1489 1490 1491 1492 1493 
1494 1495 1496 1497 1498 1499 1500 1501 1502 
1503 1504 1505 1506 1507 1508 1509 1510 1511 
1512 1513 1514 1515 1516 1517 1518 1519 1520 
1521 1522 1523 1524 1525 1526 1527 1528 1529 
1530 1531 1532 1533 1534 1535 1536 1537 1538 
1539 1540 1541 1542 1543 1544 1545 1546 1547 
1548 1549 1550 1551 1552 1553 1554 1555 1556 
1557 1558 1559 1560 1561 1562 1563 1564 1565 
1566 1567 1568 1569 1570 1571 1572 1573 1574 
1575 1576 1577 1578 1579 1580 1581 1582 1583 
1584 1585 1586 1587 1588 1589 1590 1591 1592 
1593 1594 1595 1596 1597 1598 1599 1600 1601 
1602 1603 1604 1605 1606 1607 1608 1609 1610 
1611 1612 1613 1614 1615 1616 1617 1618 1619 
1620 1621 1622 1623 1624 1625 1626 1627 1628 
1629 1630 1631 1632 1633 1634 1635 1636 1637 
1638 1639 1640 1641 1642 1643 1644 1645 1646 
1647 1648 1649 1650 1651 1652 1653 1654 1655 
1656 1657 1658 1659 1660 1661 1662 1663 1664 
1665 1666 1667 1668 1669 1670 1671 1672 1673 
1674 1675 1676 1677 1678 1679 1680 1681 1682 
1683 1684 1685 1686 1687 1688 1689 1690 1691 
1692 1693 1694 1695 1696 1697 1698 1699 1700 
1701 1702 1703 1704 1705 1706 1707 1708 1709 
1710 1711 1712 1713 1714 1715 1716 1717 1718 
1719 1720 1721 1722 1723 1724 1725 1726 1727 
1728 1729 1730 1731 1732 1733 1734 1735 1736 
1737 1738 1739 1740 1741 1742 1743 1744 1745 
1746 1747 1748 1749 1750 1751 1752 1753 1754 
1755 1756 1757 1758 1759 1760 1761 1762 1763 
1764 1765 1766 1767 1768 1769 1770 1771 1772 
1773 1774 1775 1776 1777 1778 1779 1780 1781 
1782 1783 1784 1785 1786 1787 1788 1789 1790 
1791 1792 1793 1794 1795 1796 1797 1798 1799 
1800 1801 1802 1803 1804 1805 1806 1807 1808 
1809 1810 1811 1812 1813 1814 1815 1816 1817 
1818 1819 1820 1821 1822 1823 1824 1825 1826 
1827 1828 1829 1830 1831 1832 1833 1834 1835 
1836 1837 1838 1839 1840 1841 1842 1843 1844 
1845 1846 1847 1848 1849 1850 1851 1852 1853 
1854 1855 1856 1857 1858 1859 1860 1861 1862 
1863 1864 1865 1866 1867 1868 1869 1870 1871 
1872 1873 1874 1875 1876 1877 1878 1879 1880 
1881 1882 1883 1884 1885 1886 1887 1888 1889 
1890 1891 1892 1893 1894 1895 1896 1897 1898 
1899 1900 1901 1902 1903 1904 1905 1906 1907 
1908 1909 1910 1911 1912 1913 1914 1915 1916 
1917 1918 1919 1920 1921 1922 1923 1924 1925 
1926 1927 1928 1929 1930 1931 1932 1933 1934 
1935 1936 1937 1938 1939 1940 1941 1942 1943 
1944 1945 1946 1947 1948 1949 1950 1951 1952 
1953 1954 1955 1956 1957 1958 1959 1960 1961 
1962 1963 1964 1965 1966 1967 1968 1969 1970 
1971 1972 1973 1974 1975 1976 1977 1978 1979 
1980 1981 1982 1983 1984 1985 1986 1987 1988 
1989 1990 1991 1992 1993 1994 1995 1996 1997 
1998 1999 2000 2001 2002 2003 2004 2005 2006 
2007 2008 2009 2010 2011 2012 2013 2014 2015 
2016 2017 2018 2019 2020 2021 2022 2023 2024 
2025 2026 2027 2028 2029 2030 2031 2032 2033 
2034 2035 2036 2037 2038 2039 2040 2041 2042 
2043 2044 2045 2046 2047 2048 2049 2050 2051 
2052 2053 2054 2055 2056 2057 2058 2059 2060 
2061 2062 2063 2064 2065 2066 2067 2068 2069 
2070 2071 2072 2073 2074 2075 2076 2077 2078 
2079 2080 2081 2082 2083 2084 2085 2086 2087 
2088 2089 2090 2091 2092 2093 2094 2095 2096 
2097 2098 2099 2100 2101 2102 2103 2104 2105 
2106 2107 2108 2109 2110 2111 2112 2113 2114 
2115 2116 2117 2118 2119 2120 2121 2122 2123 
2124 2125 2126 2127 2128 2129 2130 2131 2132 
2133 2134 2135 2136 2137 2138 2139 2140 2141 
2142 2143 2144 2145 2146 2147 2148 2149 2150 
2151 2152 2153 2154 2155 2156 2157 2158 2159 
2160 2161 2162 2163 2164 2165 2166 2167 2168 
2169 2170 2171 2172 2173 2174 2175 2176 2177 
2178 2179 2180 2181 2182 2183 2184 2185 2186 
2187 2188 2189 2190 2191 2192 2193 2194 2195 
2196 2197 2198 2199 2200 2201 2202 2203 2204 
2205 2206 2207 2208 2209 2210 2211 2212 2213 
2214 2215 2216 2217 2218 2219 2220 2221 2222 
2223 2224 2225 2226 2227 2228 2229 2230 2231 
2232 2233 2234 2235 2236 2237 2238 2239 2240 
2241 2242 2243 2244 2245 2246 2247 2248 2249 
2250 2251 2252 2253 2254 2255 2256 2257 2258 
2259 2260 2261 2262 2263 2264 2265 2266 2267 
2268 2269 2270 2271 2272 2273 2274 2275 2276 
2277 2278 2279 2280 2281 2282 2283 2284 2285 
2286 2287 2288 2289 2290 2291 2292 2293 2294 
2295 2296 2297 2298 2299 2300 2301 2302 2303 
2304 2305 2306 2307 2308 2309 2310 2311 2312 
2313 2314 2315 2316 2317 2318 2319 2320 2321 
2322 2323 2324 2325 2326 2327 2328 2329 2330 
2331 2332 2333 2334 2335 2336 2337 2338 2339 
2340 2341 2342 2343 2344 2345 2346 2347 2348 
2349 2350 2351 2352 2353 2354 2355 2356 2357 
2358 2359 2360 2361 2362 2363 2364 2365 2366 
2367 2368 2369 2370 2371 2372 2373 2374 2375 
2376 2377 2378 2379 2380 2381 2382 2383 2384 
2385 2386 2387 2388 2389 2390 2391 2392 2393 
2394 2395 2396 2397 2398 2399 2400 2401 2402 
2403 2404 2405 2406 2407 2408 2409 2410 2411 
2412 2413 2414 2415 2416 2417 2418 2419 2420 
2421 2422 2423 2424 2425 2426 2427 2428 2429 
2430 2431 2432 2433 2434 2435 2436 2437 2438 
2439 2440 2441 2442 2443 2444 2445 2446 2447 
2448 2449 2450 2451 2452 2453 2454 2455 2456 
2457 2458 2459 2460 2461 2462 2463 2464 2465 
2466 2467 2468 2469 2470 2471 2472 2473 2474 
2475 2476 2477 2478 2479 2480 2481 2482 2483 
2484 2485 2486 2487 2488 2489 2490 2491 2492 
2493 2494 2495 2496 2497 2498 2499 2500 2501 
2502 2503 2504 2505 2506 2507 2508 2509 2510 
2511 2512 2513 2514 2515 2516 2517 2518 2519 
2520 2521 2522 2523 2524 2525 2526 2527 2528 
2529 2530 2531 2532 2533 2534 2535 2536 2537 
2538 2539 2540 2541 2542 2543 2544 2545 2546 
2547 2548 2549 2550 2551 2552 2553 2554 2555 
2556 2557 2558 2559 2560 2561 2562 2563 2564 
2565 2566 2567 2568 2569 2570 2571 2572 2573 
2574 2575 2576 2577 2578 2579 2580 2581 2582 
2583 2584 2585 2586 2587 2588 2589 2590 2591 
2592 2593 2594 2595 2596 2597 2598 2599 2600 
2601 2602 2603 2604 2605 2606 2607 2608 2609 
2610 2611 2612 2613 2614 2615 2616 2617 2618 
2619 2620 2621 2622 2623 2624 2625 2626 2627 
2628 2629 2630 2631 2632 2633 2634 2635 2636 
2637 2638 2639 2640 2641 2642 2643 2644 2645 
2646 2647 2648 2649 2650 2651 2652 2653 2654 
2655 2656 2657 2658 2659 2660 2661 2662 2663 
2664 2665 2666 2667 2668 2669 2670 2671 2672 
2673 2674 2675 2676 2677 2678 2679 2680 2681 
2682 2683 2684 2685 2686 2687 2688 2689 2690 
2691 2692 2693 2694 2695 2696 2697 2698 2699 
2700 2701 2702 2703 2704 2705 2706 2707 2708 
2709 2710 2711 2712 2713 2714 2715 2716 2717 
2718 2719 2720 2721 2722 2723 2724 2725 2726 
2727 2728 2729 2730 2731 2732 2733 2734 2735 
2736 2737 2738 2739 2740 2741 2742 2743 2744 
2745 2746 2747 2748 2749 2750 2751 2752 2753 
2754 2755 2756 2757 2758 2759 2760 2761 2762 
2763 2764 2765 2766 2767 2768 2769 2770 2771 
2772 2773 2774 2775 2776 2777 2778 2779 2780 
2781 2782 2783 2784 2785 2786 2787 2788 2789 
2790 2791 2792 2793 2794 2795 2796 2797 2798 
2799 2800 2801 2802 2803 2804 2805 2806 2807 
2808 2809 2810 2811 2812 2813 2814 2815 2816 
2817 2818 2819 2820 2821 2822 2823 2824 2825 
2826 2827 2828 2829 2830 2831 2832 2833 2834 
2835 2836 2837 2838 2839 2840 2841 2842 2843 
2844 2845 2846 2847 2848 2849 2850 2851 2852 
2853 2854 2855 2856 2857 2858 2859 2860 2861 
2862 2863 2864 2865 2866 2867 2868 2869 2870 
2871 2872 2873 2874 2875 2876 2877 2878 2879 
2880 2881 2882 2883 2884 2885 2886 2887 2888 
2889 2890 2891 2892 2893 2894 2895 2896 2897 
2898 2899 2900 2901 2902 2903 2904 2905 2906 
2907 2908 2909 2910 2911 2912 2913 2914 2915 
2916 2917 2918 2919 2920 2921 2922 2923 2924 
2925 2926 2927 2928 2929 2930 2931 2932 2933 
2934 2935 2936 2937 2938 2939 2940 2941 2942 
2943 2944 2945 2946 2947 2948 2949 2950 2951 
2952 2953 2954 2955 2956 2957 2958 2959 2960 
2961 2962 2963 2964 2965 2966 2967 2968 2969 
2970 2971 2972 2973 2974 2975 2976 2977 2978 
2979 2980 2981 2982 2983 2984 2985 2986 2987 
2988 2989 2990 2991 2992 2993 2994 2995 2996 
2997 2998 2999 3000 3001 3002 3003 3004 3005 
3006 3007 3008 3009 3010 3011 3012 3013 3014 
3015 3016 3017 3018 3019 3020 3021 3022 3023 
3024 3025 3026 3027 3028 3029 3030 3031 3032 
3033 3034 3035 3036 3037 3038 3039 3040 3041 
3042 3043 3044 3045 3046 3047 3048 3049 3050 
3051 3052 3053 3054 3055 3056 3057 3058 3059 
3060 3061 3062 3063 3064 3065 3066 3067 3068 
3069 3070 3071 3072 3073 3074 3075 3076 3077 
3078 3079 3080 3081 3082 3083 3084 3085 3086 
3087 3088 3089 3090 3091 3092 3093 3094 3095 
3096 3097 3098 3099 3100 3101 3102 3103 3104 
3105 3106 3107 3108 3109 3110 3111 3112 3113 
3114 3115 3116 3117 3118 3119 3120 3121 3122 
3123 3124 3125 3126 3127 3128 3129 3130 3131 
3132 3133 3134 3135 3136 3137 3138 3139 3140 
3141 3142 3143 3144 3145 3146 3147 3148 3149 
3150 3151 3152 3153 3154 3155 3156 3157 3158 
3159 3160 3161 3162 3163 3164 3165 3166 3167 
3168 3169 3170 3171 3172 3173 3174 3175 3176 
3177 3178 3179 3180 3181 3182 3183 3184 3185 
3186 3187 3188 3189 3190 3191 3192 3193 3194 
3195 3196 3197 3198 3199 3200 3201 3202 3203 
3204 3205 3206 3207 3208 3209 3210 3211 3212 
3213 3214 3215 3216 3217 3218 3219 3220 3221 
3222 3223 3224 3225 3226 3227 3228 3229 3230 
3231 3232 3233 3234 3235 3236 3237 3238 3239 
3240 3241 3242 3243 3244 3245 3246 3247 3248 
3249 3250 3251 3252 3253 3254 3255 3256 3257 
3258 3259 3260 3261 3262 3263 3264 3265 3266 
3267 3268 3269 3270 3271 3272 3273 3274 3275 
3276 3277 3278 3279 3280 3281 3282 3283 3284 
3285 3286 3287 3288 3289 3290 3291 3292 3293 
3294 3295 3296 3297 3298 3299 3300 3301 3302 
3303 3304 3305 3306 3307 3308 3309 3310 3311 
3312 3313 3314 3315 3316 3317 3318 3319 3320 
3321 3322 3323 3324 3325 3326 3327 3328 3329 
3330 3331 3332 3333 3334 3335 3336 3337 3338 
3339 3340 3341 3342 3343 3344 3345 3346 3347 
3348 3349 3350 3351 3352 3353 3354 3355 3356 
3357 3358 3359 3360 3361 3362 3363 3364 3365 
3366 3367 3368 3369 3370 3371 3372 3373 3374 
3375 3376 3377 3378 3379 3380 3381 3382 3383 
3384 3385 3386 3387 3388 3389 3390 3391 3392 
3393 3394 3395 3396 3397 3398 3399 3400 3401 
3402 3403 3404 3405 3406 3407 3408 3409 3410 
3411 3412 3413 3414 3415 3416 3417 3418 3419 
3420 3421 3422 3423 3424 3425 3426 3427 3428 
3429 3430 3431 3432 3433 3434 3435 3436 3437 
3438 3439 3440 3441 3442 3443 3444 3445 3446 
3447 3448 3449 3450 3451 3452 3453 3454 3455 
3456 3457 3458 3459 3460 3461 3462 3463 3464 
3465 3466 3467 3468 3469 3470 3471 3472 3473 
3474 3475 3476 3477 3478 3479 3480 3481 3482 
3483 3484 3485 3486 3487 3488 3489 3490 3491 
3492 3493 3494 3495 3496 3497 3498 3499 3500 
3501 3502 3503 3504 3505 3506 3507 3508 3509 
3510 3511 3512 3513 3514 3515 3516 3517 3518 
3519 3520 3521 3522 3523 3524 3525 3526 3527 
3528 3529 3530 3531 3532 3533 3534 3535 3536 
3537 3538 3539 3540 3541 3542 3543 3544 3545 
3546 
CONNECTIVITY vtktypeint64
0 1 2 3 4 5 6 7 8 
9 10 11 12 13 14 15 16 17 
18 19 20 21 22 23 24 25 26 
27 28 29 30 31 32 33 34 35 
36 37 38 39 40 41 42 43 44 
45 46 47 48 49 50 51 52 53 
54 55 56 57 58 59 60 61 62 
63 64 65 66 67 68 69 70 71 
72 73 74 75 76 77 78 79 80 
81 82 83 84 85 86 87 88 89 
90 91 92 93 94 95 96 97 98 
99 100 101 102 103 104 105 106 107 
108 109 110 111 112 113 114 115 116 
117 118 119 120 121 122 123 124 125 
126 127 128 129 130 131 132 133 134 
135 136 137 138 139 140 141 142 143 
144 145 146 147 148 149 150 151 152 
153 154 155 156 157 158 159 160 161 
162 163 164 165 166 167 168 169 170 
171 172 173 174 175 176 177 178 179 
180 181 182 183 184 185 186 187 188 
189 190 191 192 193 194 195 196 197 
198 199 200 201 202 203 204 205 206 
207 208 209 210 211 212 213 214 215 
216 217 218 219 220 221 222 223 224 
225 226 227 228 229 230 231 232 233 
234 235 236 237 238 239 240 241 242 
243 244 245 246 247 248 249 250 251 
252 253 254 255 256 257 258 259 260 
261 262 263 264 265 266 267 268 269 
270 271 272 273 274 275 276 277 278 
279 280 281 282 283 284 285 286 287 
288 289 290 291 292 293 294 295 296 
297 298 299 300 301 302 303 304 305 
306 307 308 309 310 311 312 313 314 
315 316 317 318 319 320 321 322 323 
324 325 326 327 328 329 330 331 332 
333 334 335 336 337 338 339 340 341 
342 343 344 345 346 347 348 349 350 
351 352 353 354 355 356 357 358 359 
360 361 362 363 364 365 366 367 368 
369 370 371 372 373 374 375 376 377 
378 379 380 381 382 383 384 385 386 
387 388 389 390 391 392 393 394 395 
396 397 398 399 400 401 402 403 404 
405 406 407 408 409 410 411 412 413 
414 415 416 417 418 419 420 421 422 
423 424 425 426 427 428 429 430 431 
432 433 434 435 436 437 438 439 440 
441 442 443 444 445 446 447 448 449 
450 451 452 453 454 455 456 457 458 
459 460 461 462 463 464 465 466 467 
468 469 470 471 472 473 474 475 476 
477 478 479 480 481 482 483 484 485 
486 487 488 489 490 491 492 493 494 
495 496 497 498 499 500 501 502 503 
504 505 506 507 508 509 510 511 512 
513 514 515 516 517 518 519 520 521 
522 523 524 525 526 527 528 529 530 
531 532 533 534 535 536 537 538 539 
540 541 542 543 544 545 546 547 548 
549 550 551 552 553 554 555 556 557 
558 559 560 561 562 563 564 565 566 
567 568 569 570 571 572 573 574 575 
576 577 578 579 580 581 582 583 584 
585 586 587 588 589 590 591 592 593 
594 595 596 597 598 599 600 601 602 
603 604 605 606 607 608 609 610 611 
612 613 614 615 616 617 618 619 620 
621 622 623 624 625 626 627 628 629 
630 631 632 633 634 635 636 637 638 
639 640 641 642 643 644 645 646 647 
648 649 650 651 652 653 654 655 656 
657 658 659 660 661 662 663 664 665 
666 667 668 669 670 671 672 673 674 
675 676 677 678 679 680 681 682 683 
684 685 686 687 688 689 690 691 692 
693 694 695 696 697 698 699 700 701 
702 703 704 705 706 707 708 709 710 
711 712 713 714 715 716 717 718 719 
720 721 722 723 724 725 726 727 728 
729 730 731 732 733 734 735 736 737 
738 739 740 741 742 743 744 745 746 
747 748 749 750 751 752 753 754 755 
756 757 758 759 760 761 762 763 764 
765 766 767 768 769 770 771 772 773 
774 775 776 777 778 779 780 781 782 
783 784 785 786 787 788 789 790 791 
792 793 794 795 796 797 798 799 800 
801 802 803 804 805 806 807 808 809 
810 811 812 813 814 815 816 817 818 
819 820 821 822 823 824 825 826 827 
828 829 830 831 832 833 834 835 836 
837 838 839 840 841 842 843 844 845 
846 847 848 849 850 851 852 853 854 
855 856 857 858 859 860 861 862 863 
864 865 866 867 868 869 870 871 872 
873 874 875 876 877 878 879 880 881 
882 883 884 885 886 887 888 889 890 
891 892 893 894 895 896 897 898 899 
900 901 902 903 904 905 906 907 908 
909 910 911 912 913 914 915 916 917 
918 919 920 921 922 923 924 925 926 
927 928 929 930 931 932 933 934 935 
936 937 938 939 940 941 942 943 944 
945 946 947 948 949 950 951 952 953 
954 955 956 957 958 959 960 961 962 
963 964 965 966 967 968 969 970 971 
972 973 974 975 976 977 978 979 980 
981 982 983 984 985 986 987 988 989 
990 991 992 993 994 995 996 997 998 
999 1000 1001 1002 1003 1004 1005 1006 1007 
1008 1009 1010 1011 1012 1013 1014 1015 1016 
1017 1018 1019 1020 1021 1022 1023 1024 1025 
1026 1027 1028 1029 1030 1031 1032 1033 1034 
1035 1036 1037 1038 1039 1040 1041 1042 1043 
1044 1045 1046 1047 1048 1049 1050 1051 1052 
1053 1054 1055 1056 1057 1058 1059 1060 1061 
1062 1063 1064 1065 1066 1067 1068 1069 1070 
1071 1072 1073 1074 1075 1076 1077 1078 1079 
1080 1081 1082 1083 1084 1085 1086 1087 1088 
1089 1090 1091 1092 1093 1094 1095 1096 1097 
1098 1099 1100 1101 1102 1103 1104 1105 1106 
1107 1108 1109 1110 1111 1112 1113 1114 1115 
1116 1117 1118 1119 1120 1121 1122 1123 1124 
1125 1126 1127 1128 1129 1130 1131 1132 1133 
1134 1135 1136 1137 1138 1139 1140 1141 1142 
1143 1144 1145 1146 1147 1148 1149 1150 1151 
1152 1153 1154 1155 1156 1157 1158 1159 1160 
1161 1162 1163 1164 1165 1166 1167 1168 1169 
1170 1171 1172 1173 1174 1175 1176 1177 1178 
1179 1180 1181 1182 1183 1184 1185 1186 1187 
1188 1189 1190 1191 1192 1193 1194 1195 1196 
1197 1198 1199 1200 1201 1202 1203 1204 1205 
1206 1207 1208 1209 1210 1211 1212 1213 1214 
1215 1216 1217 1218 1219 1220 1221 1222 1223 
1224 1225 1226 1227 1228 1229 1230 1231 1232 
1233 1234 1235 1236 1237 1238 1239 1240 1241 
1242 1243 1244 1245 1246 1247 1248 1249 1250 
1251 1252 1253 1254 1255 1256 1257 1258 1259 
1260 1261 1262 1263 1264 1265 1266 1267 1268 
1269 1270 1271 1272 1273 1274 1275 1276 1277 
1278 1279 1280 1281 1282 1283 1284 1285 1286 
1287 1288 1289 1290 1291 1292 1293 1294 1295 
1296 1297 1298 1299 1300 1301 1302 1303 1304 
1305 1306 1307 1308 1309 1310 1311 1312 1313 
1314 1315 1316 1317 1318 1319 1320 1321 1322 
1323 1324 1325 1326 1327 1328 1329 1330 1331 
1332 1333 1334 1335 1336 1337 1338 1339 1340 
1341 1342 1343 1344 1345 1346 1347 1348 1349 
1350 1351 1352 1353 1354 1355 1356 1357 1358 
1359 1360 1361 1362 1363 1364 1365 1366 1367 
1368 1369 1370 1371 1372 1373 1374 1375 1376 
1377 1378 1379 1380 1381 1382 1383 1384 1385 
1386 1387 1388 1389 1390 1391 1392 1393 1394 
1395 1396 1397 1398 1399 1400 1401 1402 1403 
1404 1405 1406 1407 1408 1409 1410 1411 1412 
1413 1414 1415 1416 1417 1418 1419 1420 1421 
1422 1423 1424 1425 1426 1427 1428 1429 1430 
1431 1432 1433 1434 1435 1436 1437 1438 1439 
1440 1441 1442 1443 1444 1445 1446 1447 1448 
1449 1450 1451 1452 1453 1454 1455 1456 1457 
1458 1459 1460 1461 1462 1463 1464 1465 1466 
1467 1468 1469 1470 1471 1472 1473 1474 1475 
1476 1477 1478 1479 1480 1481 1482 1483 1484 
1485 1486 1487 1488 1489 1490 1491 1492 1493 
1494 1495 1496 1497 1498 1499 1500 1501 1502 
1503 1504 1505 1506 1507 1508 1509 1510 1511 
1512 1513 1514 1515 1516 1517 1518 1519 1520 
1521 1522 1523 1524 1525 1526 1527 1528 1529 
1530 1531 1532 1533 1534 1535 1536 1537 1538 
1539 1540 1541 1542 1543 1544 1545 1546 1547 
1548 1549 1550 1551 1552 1553 1554 1555 1556 
1557 1558 1559 1560 1561 1562 1563 1564 1565 
1566 1567 1568 1569 1570 1571 1572 1573 1574 
1575 1576 1577 1578 1579 1580 1581 1582 1583 
1584 1585 1586 1587 1588 1589 1590 1591 1592 
1593 1594 1595 1596 1597 1598 1599 1600 1601 
1602 1603 1604 1605 1606 1607 1608 1609 1610 
1611 1612 1613 1614 1615 1616 1617 1618 1619 
1620 1621 1622 1623 1624 1625 1626 1627 1628 
1629 1630 1631 1632 1633 1634 1635 1636 1637 
1638 1639 1640 1641 1642 1643 1644 1645 1646 
1647 1648 1649 1650 1651 1652 1653 1654 1655 
1656 1657 1658 1659 1660 1661 1662 1663 1664 
1665 1666 1667 1668 1669 1670 1671 1672 1673 
1674 1675 1676 1677 1678 1679 1680 1681 1682 
1683 1684 1685 1686 1687 1688 1689 1690 1691 
1692 1693 1694 1695 1696 1697 1698 1699 1700 
1701 1702 1703 1704 1705 1706 1707 1708 1709 
1710 1711 1712 1713 1714 1715 1716 1717 1718 
1719 1720 1721 1722 1723 1724 1725 1726 1727 
1728 1729 1730 1731 1732 1733 1734 1735 1736 
1737 1738 1739 1740 1741 1742 1743 1744 1745 
1746 1747 1748 1749 1750 1751 1752 1753 1754 
1755 1756 1757 1758 1759 1760 1761 1762 1763 
1764 1765 1766 1767 1768 1769 1770 1771 1772 
1773 1774 1775 1776 1777 1778 1779 1780 1781 
1782 1783 1784 1785 1786 1787 1788 1789 1790 
1791 1792 1793 1794 1795 1796 1797 1798 1799 
1800 1801 1802 1803 1804 1805 1806 1807 1808 
1809 1810 1811 1812 1813 1814 1815 1816 1817 
1818 1819 1820 1821 1822 1823 1824 1825 1826 
1827 1828 1829 1830 1831 1832 1833 1834 1835 
1836 1837 1838 1839 1840 1841 1842 1843 1844 
1845 1846 1847 1848 1849 1850 1851 1852 1853 
1854 1855 1856 1857 1858 1859 1860 1861 1862 
1863 1864 1865 1866 1867 1868 1869 1870 1871 
1872 1873 1874 1875 1876 1877 1878 1879 1880 
1881 1882 1883 1884 1885 1886 1887 1888 1889 
1890 1891 1892 1893 1894 1895 1896 1897 1898 
1899 1900 1901 1902 1903 1904 1905 1906 1907 
1908 1909 1910 1911 1912 1913 1914 1915 1916 
1917 1918 1919 1920 1921 1922 1923 1924 1925 
1926 1927 1928 1929 1930 1931 1932 1933 1934 
1935 1936 1937 1938 1939 1940 1941 1942 1943 
1944 1945 1946 1947 1948 1949 1950 1951 1952 
1953 1954 1955 1956 1957 1958 1959 1960 1961 
1962 1963 1964 1965 1966 1967 1968 1969 1970 
1971 1972 1973 1974 1975 1976 1977 1978 1979 
1980 1981 1982 1983 1984 1985 1986 1987 1988 
1989 1990 1991 1992 1993 1994 1995 1996 1997 
1998 1999 2000 2001 2002 2003 2004 2005 2006 
2007 2008 2009 2010 2011 2012 2013 2014 2015 
2016 2017 2018 2019 2020 2021 2022 2023 2024 
2025 2026 2027 2028 2029 2030 2031 2032 2033 
2034 2035 2036 2037 2038 2039 2040 2041 2042 
2043 2044 2045 2046 2047 2048 2049 2050 2051 
2052 2053 2054 2055 2056 2057 2058 2059 2060 
2061 2062 2063 2064 2065 2066 2067 2068 2069 
2070 2071 2072 2073 2074 2075 2076 2077 2078 
2079 2080 2081 2082 2083 2084 2085 2086 2087 
2088 2089 2090 2091 2092 2093 2094 2095 2096 
2097 2098 2099 2100 2101 2102 2103 2104 2105 
2106 2107 2108 2109 2110 2111 2112 2113 2114 
2115 2116 2117 2118 2119 2120 2121 2122 2123 
2124 2125 2126 2127 2128 2129 2130 2131 2132 
2133 2134 2135 2136 2137 2138 2139 2140 2141 
2142 2143 2144 2145 2146 2147 2148 2149 2150 
2151 2152 2153 2154 2155 2156 2157 2158 2159 
2160 2161 2162 2163 2164 2165 2166 2167 2168 
2169 2170 2171 2172 2173 2174 2175 2176 2177 
2178 2179 2180 2181 2182 2183 2184 2185 2186 
2187 2188 2189 2190 2191 2192 2193 2194 2195 
2196 2197 2198 2199 2200 2201 2202 2203 2204 
2205 2206 2207 2208 2209 2210 2211 2212 2213 
2214 2215 2216 2217 2218 2219 2220 2221 2222 
2223 2224 2225 2226 2227 2228 2229 2230 2231 
2232 2233 2234 2235 2236 2237 2238 2239 2240 
2241 2242 2243 2244 2245 2246 2247 2248 2249 
2250 2251 2252 2253 2254 2255 2256 2257 2258 
2259 2260 2261 2262 2263 2264 2265 2266 2267 
2268 2269 2270 2271 2272 2273 2274 2275 2276 
2277 2278 2279 2280 2281 2282 2283 2284 2285 
2286 2287 2288 2289 2290 2291 2292 2293 2294 
2295 2296 2297 2298 2299 2300 2301 2302 2303 
2304 2305 2306 2307 2308 2309 2310 2311 2312 
2313 2314 2315 2316 2317 2318 2319 2320 2321 
2322 2323 2324 2325 2326 2327 2328 2329 2330 
2331 2332 2333 2334 2335 2336 2337 2338 2339 
2340 2341 2342 2343 2344 2345 2346 2347 2348 
2349 2350 2351 2352 2353 2354 2355 2356 2357 
2358 2359 2360 2361 2362 2363 2364 2365 2366 
2367 2368 2369 2370 2371 2372 2373 2374 2375 
2376 2377 2378 2379 2380 2381 2382 2383 2384 
2385 2386 2387 2388 2389 2390 2391 2392 2393 
2394 2395 2396 2397 2398 2399 2400 2401 2402 
2403 2404 2405 2406 2407 2408 2409 2410 2411 
2412 2413 2414 2415 2416 2417 2418 2419 2420 
2421 2422 2423 2424 2425 2426 2427 2428 2429 
2430 2431 2432 2433 2434 2435 2436 2437 2438 
2439 2440 2441 2442 2443 2444 2445 2446 2447 
2448 2449 2450 2451 2452 2453 2454 2455 2456 
2457 2458 2459 2460 2461 2462 2463 2464 2465 
2466 2467 2468 2469 2470 2471 2472 2473 2474 
2475 2476 2477 2478 2479 2480 2481 2482 2483 
2484 2485 2486 2487 2488 2489 2490 2491 2492 
2493 2494 2495 2496 2497 2498 2499 2500 2501 
2502 2503 2504 2505 2506 2507 2508 2509 2510 
2511 2512 2513 2514 2515 2516 2517 2518 2519 
2520 2521 2522 2523 2524 2525 2526 2527 2528 
2529 2530 2531 2532 2533 2534 2535 2536 2537 
2538 2539 2540 2541 2542 2543 2544 2545 2546 
2547 2548 2549 2550 2551 2552 2553 2554 2555 
2556 2557 2558 2559 2560 2561 2562 2563 2564 
2565 2566 2567 2568 2569 2570 2571 2572 2573 
2574 2575 2576 2577 2578 2579 2580 2581 2582 
2583 2584 2585 2586 2587 2588 2589 2590 2591 
2592 2593 2594 2595 2596 2597 2598 2599 2600 
2601 2602 2603 2604 2605 2606 2607 2608 2609 
2610 2611 2612 2613 2614 2615 2616 2617 2618 
2619 2620 2621 2622 2623 2624 2625 2626 2627 
2628 2629 2630 2631 2632 2633 2634 2635 2636 
2637 2638 2639 2640 2641 2642 2643 2644 2645 
2646 2647 2648 2649 2650 2651 2652 2653 2654 
2655 2656 2657 2658 2659 2660 2661 2662 2663 
2664 2665 2666 2667 2668 2669 2670 2671 2672 
2673 2674 2675 2676 2677 2678 2679 2680 2681 
2682 2683 2684 2685 2686 2687 2688 2689 2690 
2691 2692 2693 2694 2695 2696 2697 2698 2699 
2700 2701 2702 2703 2704 2705 2706 2707 2708 
2709 2710 2711 2712 2713 2714 2715 2716 2717 
2718 2719 2720 2721 2722 2723 2724 2725 2726 
2727 2728 2729 2730 2731 2732 2733 2734 2735 
2736 2737 2738 2739 2740 2741 2742 2743 2744 
2745 2746 2747 2748 2749 2750 2751 2752 2753 
2754 2755 2756 2757 2758 2759 2760 2761 2762 
2763 2764 2765 2766 2767 2768 2769 2770 2771 
2772 2773 2774 2775 2776 2777 2778 2779 2780 
2781 2782 2783 2784 2785 2786 2787 2788 2789 
2790 2791 2792 2793 2794 2795 2796 2797 2798 
2799 2800 2801 2802 2803 2804 2805 2806 2807 
2808 2809 2810 2811 2812 2813 2814 2815 2816 
2817 2818 2819 2820 2821 2822 2823 2824 2825 
2826 2827 2828 2829 2830 2831 2832 2833 2834 
2835 2836 2837 2838 2839 2840 2841 2842 2843 
2844 2845 2846 2847 2848 2849 2850 2851 2852 
2853 2854 2855 2856 2857 2858 2859 2860 2861 
2862 2863 2864 2865 2866 2867 2868 2869 2870 
2871 2872 2873 2874 2875 2876 2877 2878 2879 
2880 2881 2882 2883 2884 2885 2886 2887 2888 
2889 2890 2891 2892 2893 2894 2895 2896 2897 
2898 2899 2900 2901 2902 2903 2904 2905 2906 
2907 2908 2909 2910 2911 2912 2913 2914 2915 
2916 2917 2918 2919 2920 2921 2922 2923 2924 
2925 2926 2927 2928 2929 2930 2931 2932 2933 
2934 2935 2936 2937 2938 2939 2940 2941 2942 
2943 2944 2945 2946 2947 2948 2949 2950 2951 
2952 2953 2954 2955 2956 2957 2958 2959 2960 
2961 2962 2963 2964 2965 2966 2967 2968 2969 
2970 2971 2972 2973 2974 2975 2976 2977 2978 
2979 2980 2981 2982 2983 2984 2985 2986 2987 
2988 2989 2990 2991 2992 2993 2994 2995 2996 
2997 2998 2999 3000 3001 3002 3003 3004 3005 
3006 3007 3008 3009 3010 3011 3012 3013 3014 
3015 3016 3017 3018 3019 3020 3021 3022 3023 
3024 3025 3026 3027 3028 3029 3030 3031 3032 
3033 3034 3035 3036 3037 3038 3039 3040 3041 
3042 3043 3044 3045 3046 3047 3048 3049 3050 
3051 3052 3053 3054 3055 3056 3057 3058 3059 
3060 3061 3062 3063 3064 3065 3066 3067 3068 
3069 3070 3071 3072 3073 3074 3075 3076 3077 
3078 3079 3080 3081 3082 3083 3084 3085 3086 
3087 3088 3089 3090 3091 3092 3093 3094 3095 
3096 3097 3098 3099 3100 3101 3102 3103 3104 
3105 3106 3107 3108 3109 3110 3111 3112 3113 
3114 3115 3116 3117 3118 3119 3120 3121 3122 
3123 3124 3125 3126 3127 3128 3129 3130 3131 
3132 3133 3134 3135 3136 3137 3138 3139 3140 
3141 3142 3143 3144 3145 3146 3147 3148 3149 
3150 3151 3152 3153 3154 3155 3156 3157 3158 
3159 3160 3161 3162 3163 3164 3165 3166 3167 
3168 3169 3170 3171 3172 3173 3174 3175 3176 
3177 3178 3179 3180 3181 3182 3183 3184 3185 
3186 3187 3188 3189 3190 3191 3192 3193 3194 
3195 3196 3197 3198 3199 3200 3201 3202 3203 
3204 3205 3206 3207 3208 3209 3210 3211 3212 
3213 3214 3215 3216 3217 3218 3219 3220 3221 
3222 3223 3224 3225 3226 3227 3228 3229 3230 
3231 3232 3233 3234 3235 3236 3237 3238 3239 
3240 3241 3242 3243 3244 3245 3246 3247 3248 
3249 3250 3251 3252 3253 3254 3255 3256 3257 
3258 3259 3260 3261 3262 3263 3264 3265 3266 
3267 3268 3269 3270 3271 3272 3273 3274 3275 
3276 3277 3278 3279 3280 3281 3282 3283 3284 
3285 3286 3287 3288 3289 3290 3291 3292 3293 
3294 3295 3296 3297 3298 3299 3300 3301 3302 
3303 3304 3305 3306 3307 3308 3309 3310 3311 
3312 3313 3314 3315 3316 3317 3318 3319 3320 
3321 3322 3323 3324 3325 3326 3327 3328 3329 
3330 3331 3332 3333 3334 3335 3336 3337 3338 
3339 3340 3341 3342 3343 3344 3345 3346 3347 
3348 3349 3350 3351 3352 3353 3354 3355 3356 
3357 3358 3359 3360 3361 3362 3363 3364 3365 
3366 3367 3368 3369 3370 3371 3372 3373 3374 
3375 3376 3377 3378 3379 3380 3381 3382 3383 
3384 3385 3386 3387 3388 3389 3390 3391 3392 
3393 3394 3395 3396 3397 3398 3399 3400 3401 
3402 3403 3404 3405 3406 3407 3408 3409 3410 
3411 3412 3413 3414 3415 3416 3417 3418 3419 
3420 3421 3422 3423 3424 3425 3426 3427 3428 
3429 3430 3431 3432 3433 3434 3435 3436 3437 
3438 3439 3440 3441 3442 3443 3444 3445 3446 
3447 3448 3449 3450 3451 3452 3453 3454 3455 
3456 3457 3458 3459 3460 3461 3462 3463 3464 
3465 3466 3467 3468 3469 3470 3471 3472 3473 
3474 3475 3476 3477 3478 3479 3480 3481 3482 
3483 3484 3485 3486 3487 3488 3489 3490 3491 
3492 3493 3494 3495 3496 3497 3498 3499 3500 
3501 3502 3503 3504 3505 3506 3507 3508 3509 
3510 3511 3512 3513 3514 3515 3516 3517 3518 
3519 3520 3521 3522 3523 3524 3525 3526 3527 
3528 3529 3530 3531 3532 3533 3534 3535 3536 
3537 3538 3539 3540 3541 3542 3543 3544 3545 

POINT_DATA 3546
FIELD FieldData 5
id 1 3546 int
3820 25630 2698 5568 6760 4992 9898 2826 21069 
7464 5680 560 3039 5499 17258 3061 34577 33302 
14339 1144 470 2719 17407 306 6891 5895 16634 
3134 2233 17271 12082 39924 2380 20490 26564 15415 
4051 10713 2835 21738 5896 4997 492 5515 21611 
900 34380 33965 7742 20968 6011 24678 11950 5170 
20281 7438 436 42715 30079 16799 12429 17198 8083 
20568 29439 15515 28866 16132 13893 313 5715 23978 
7639 22859 9825 29945 10756 19737 20581 21279 765 
30897 11253 12280 5664 2974 3402 2118 5102 28490 
4334 14363 5302 35469 7089 4412 15085 20867 20778 
25770 6587 12503 7210 2723 6153 2280 31242 16137 
20658 44322 27088 42525 5802 3411 3263 6813 39274 
2546 16245 4991 18401 27914 40041 39491 33502 1481 
4908 28753 10724 20236 4384 15181 12124 19773 6842 
9963 2321 10259 12613 5913 19618 468 11599 26414 
28020 10666 1685 1808 528 2997 15490 14384 2800 
27785 4028 22347 25970 23258 17958 7024 21694 25777 
26447 23651 2860 14719 21959 20011 13115 14527 26443 
14164 34454 32572 5372 27465 16847 5229 7123 2439 
36294 550 32729 3104 19345 23420 20665 23800 105 
29602 26143 5503 25284 4473 33575 35186 3668 8914 
8431 15960 25001 286 20033 3824 9929 44087 24792 
23791 48411 17006 6207 3542 21255 30697 20985 300 
651 1598 7598 4232 6993 12411 3501 24912 30851 
876 2795 5273 2552 480 30623 6921 3300 13715 
27473 36369 10587 7117 18991 5284 1433 10811 41541 
5894 37158 11712 4318 2894 24321 2461 6375 22231 
4527 18242 37850 21459 16364 12039 2277 40106 19640 
4952 41684 4187 28017 12372 6670 9837 39273 30192 
47016 28141 19362 31174 3243 18240 22280 44588 12011 
45494 17372 17138 14808 20456 20507 24993 28996 20487 
798 15414 1071 3354 2812 6440 29791 46887 17949 
8860 28890 7532 25173 22579 39646 446 47175 2323 
39374 24733 48517 16588 43052 5543 7473 16057 41471 
30762 24635 12190 35966 34353 5912 17350 34843 179 
7309 3011 4274 7340 2161 5121 1591 7596 4712 
17501 28750 15425 31509 1109 34968 41145 4045 19365 
2615 3925 7487 16429 47354 6276 46265 22703 6977 
24413 15694 2863 4580 6782 10796 11747 25064 1929 
4390 35012 30654 11896 10153 6002 11071 398 2471 
38632 14982 1012 6259 16281 10966 3702 2291 10800 
33327 6114 24234 4170 395 653 21169 22041 3189 
5374 14678 38787 47313 5697 34689 7815 4618 38475 
17717 6263 7256 243 8570 5001 11393 43191 26947 
29684 29179 34700 30377 32334 23679 87 1477 1016 
17027 2231 7538 4552 9150 4965 9770 7010 2314 
2565 7793 1858 47076 28819 42161 16432 16873 30346 
1311 48931 17813 5866 4452 11274 46838 43438 35069 
3776 19759 21248 28681 21954 760 4873 31052 12822 
3896 26591 18548 42079 12365 6380 30329 30755 30685 
2660 822 11722 886 10527 2470 11533 5572 420 
4817 44382 4365 4784 982 8382 16691 37538 10960 
2005 345 47661 47347 15658 6603 5416 12042 1549 
31065 15940 48234 20811 37336 45817 30294 21303 47964 
2034 16319 632 7128 5002 6197 24130 7125 12083 
48175 25286 16895 35444 6610 41946 1418 15691 4173 
16204 25484 4005 35447 168 4753 9474 21006 1167 
2554 3329 12407 2376 8373 29 6441 9517 43899 
1694 44166 39223 29268 22930 42324 38861 15539 48511 
8488 6195 3578 48170 24482 21619 44236 47196 25478 
22973 17352 30066 35587 2026 3675 7277 38965 48233 
36988 15209 45615 19015 33432 16644 7283 3857 7034 
3427 4166 11217 16719 3489 3652 5765 6262 9541 
8634 9032 47120 25981 24900 44738 12016 17369 3981 
10997 17245 38980 46062 38574 49056 18930 14804 44117 
1905 21570 43645 10636 20823 42473 34530 30832 47493 
42005 46073 48506 5811 6321 4032 12451 5283 4221 
667 8968 927 44431 3019 20241 31380 9078 26258 
6925 12081 49067 19828 30662 28314 29885 19166 42217 
683 7425 7315 4781 22325 19176 16464 38644 14391 
34779 22465 25721 33421 427 8866 39152 2543 20477 
25090 37098 11315 42691 9678 45675 42677 45166 15363 
207 7516 995 7226 7230 3934 10025 2127 2762 
4417 5363 9733 39657 5208 4708 12160 11157 28559 
46992 25747 38027 40109 15381 28647 1426 7461 17305 
4262 417 19986 39191 30951 48076 40783 15727 39188 
35875 6329 3759 2176 5144 11373 21516 47082 40008 
26446 18134 38186 3906 5127 1870 3512 1327 17317 
1246 1463 7180 5255 21159 12114 17120 37579 25136 
1880 16876 854 4799 43023 25438 40465 24682 6794 
6653 7495 16676 18697 47658 24910 47182 20422 45723 
9386 3417 29947 2750 16205 14852 45179 48470 38669 
45536 5330 16754 505 15888 4589 10169 15869 35195 
2811 6714 6010 11471 17242 11221 5377 3215 2975 
4849 5868 4659 25901 43413 39494 31106 49058 43244 
43931 6279 12997 72 3254 17166 16014 42405 30099 
27427 18487 22800 45409 44873 45614 1126 34871 7102 
9668 16923 3817 47951 43496 35772 29910 46988 13048 
31394 5087 8763 10889 711 6216 11727 9820 4582 
12279 4346 8068 3133 11483 3087 40247 41525 35425 
17684 45375 45624 46577 45774 1085 11826 86 10106 
45259 38145 45168 45449 48853 39576 34266 9137 6486 
5396 47734 18325 28390 46147 34750 1677 13908 21859 
4517 10618 2958 44957 1501 7474 2591 3897 11874 
16306 26180 517 45417 11178 7528 205 239 9130 
24686 46649 31032 47886 44630 47937 11498 7370 11053 
45516 42679 30485 47386 35402 3841 48678 12253 28180 
2296 21904 4722 30336 42813 34056 41997 22855 31548 
46975 16065 7142 12486 5392 35173 1331 2889 12315 
2288 39416 62 11945 1380 5700 6500 44688 45595 
26602 19962 18273 21081 43358 21903 1102 11137 894 
2094 35134 44398 48749 22225 48012 48521 49102 30935 
45497 47344 1872 6088 11555 31950 47506 46497 34722 
6679 46751 15588 3791 11618 964 1387 10399 1392 
2491 3802 426 2597 6967 4075 44803 2021 9965 
5182 10544 41024 43473 36984 44530 47896 6268 2462 
6415 2909 45633 47988 49111 49119 39613 40567 37097 
39334 4366 34975 1267 48535 21408 48379 34178 41992 
44176 20640 44662 6902 3744 3563 5592 2058 3895 
10077 12014 3770 1749 5831 2688 5203 4260 2821 
25424 1397 40434 12763 39572 6204 16131 8021 11106 
44057 35064 35453 33751 39322 39057 45387 834 9931 
6686 46944 39636 48479 46137 26108 34601 5865 12493 
966 5228 12532 5728 11737 11532 464 9271 199 
6954 6422 16525 19889 46746 35953 25422 2109 30981 
6621 12091 2285 25035 34589 45057 45476 46851 30823 
44268 42873 167 1209 45857 36786 47169 46245 2560 
6895 3358 9936 10554 4443 17316 12441 2388 2627 
11334 1137 3332 6118 10359 2495 25584 48218 25397 
42145 21001 47695 3811 11348 35101 1117 11294 47563 
2107 47617 44975 42213 45235 40038 48821 48559 46598 
7109 5487 34243 4519 11107 44407 40511 44934 45465 
21290 24811 1189 8240 9512 5844 10540 2573 316 
5465 1934 353 7323 1711 2041 16074 6116 6503 
33611 39631 44841 5748 47247 5919 45990 32886 2925 
10054 10679 2170 302 24570 32611 45952 45264 49017 
44674 6721 47337 47705 47100 639 2756 1165 47706 
41921 761 47552 39426 25567 6770 30910 5131 10306 
48520 12974 14641 7178 6708 319 717 6381 12122 
3477 5443 7969 271 3211 12271 29870 43544 48665 
46154 47550 45670 25518 12438 17462 6677 12087 47505 
34919 47023 46086 42807 7494 47472 45144 25503 3152 
5698 5885 5932 48728 15712 21135 4450 6447 6876 
46666 34946 48465 2342 8101 1698 6976 30146 7134 
26053 2956 7261 1809 4002 3611 6593 4771 17068 
11022 41251 48033 46698 7016 45331 26839 46641 2046 
22649 10500 30597 48191 46588 45011 44729 47763 32160 
46383 5227 2253 7568 26291 48917 41626 46067 45887 
33288 46213 4532 11960 5582 3713 3908 2779 4214 
29823 5140 44165 2410 2091 10932 16746 2900 2050 
8746 11092 47477 48907 46695 48000 49043 46434 3726 
362 12297 437 44760 44917 45677 48246 47863 44980 
44888 37114 48755 870 2328 10378 19274 47133 48041 
45026 46231 46845 46390 24929 5745 5086 11536 2763 
5342 11385 1064 6483 11663 1248 35168 748 11566 
93 481 970 34433 742 32663 45669 35372 3244 
6243 15026 46028 4057 47854 3201 6881 47639 47331 
48430 20760 47071 45977 6479 27715 135 7550 16981 
44840 3343 1115 48836 47219 45815 45016 47599 48551 
4925 21770 912 7989 2533 11685 26201 9328 5437 
11109 26407 12041 2606 8275 10677 8485 9926 41469 
46338 44625 48877 3658 48885 40781 45151 3784 2242 
49073 41727 7039 47101 45276 49061 48453 5161 5665 
48922 2667 41800 376 4258 6272 458 48688 1378 
6102 45233 48879 45481 45795 106 94 10102 6565 
12068 45087 522 3168 40254 477 4127 1525 17107 
2694 563 47078 5210 44798 34168 38800 3091 39006 
4440 42999 5858 453 5741 3826 5933 2081 4879 
45031 46565 46419 47170 45547 35182 515 43733 48968 
6468 45246 42492 21005 40841 47498 39768 35334 538 
37498 3783 4862 16962 5659 1866 10641 48935 26397 
282 2639 3376 2131 5080 12628 2851 5110 601 
7319 3275 245 2102 25937 5650 44699 46557 2333 
48159 46922 47088 1847 5589 3775 14670 45777 25988 
45194 45585 1552 2040 29579 45219 16737 43147 7527 
47663 981 1748 10419 12349 11186 29871 47433 48572 
40295 1966 47711 43019 5274 12431 3748 4556 10750 
52 46730 2009 26271 5340 9693 26356 1118 5967 
12387 14086 45600 17371 16965 44937 46982 48681 43547 
46495 1050 12645 6027 6776 48132 928 2458 45343 
46908 43901 1959 47829 7499 5923 2486 20308 3159 
12069 15420 47321 49024 46222 30515 47866 42212 46543 
11648 5601 26468 12345 10670 10993 48733 5176 16677 
44154 6689 37920 11501 47121 4094 18556 10662 1653 
42698 46796 43081 34778 46449 45360 574 48449 3868 
16618 2042 3096 10536 11909 45420 6909 16360 20242 
45206 1337 44689 3940 6290 45998 45164 40526 12340 
13916 1223 10248 49093 48573 48750 38239 2783 34322 
45542 43060 44080 46202 6403 7358 6169 2287 4980 
7921 1527 3062 1799 4864 3500 13681 58 1043 
1049 48279 19661 2607 5519 7339 7432 1253 44872 
5750 26199 47134 987 40222 20970 9278 47482 48053 
46739 35385 39267 43865 5147 2881 6171 37512 335 
1583 71 47958 1831 5968 18639 46624 42690 43080 
36404 5667 4500 5217 7546 9424 3460 12397 45991 
1830 35310 7371 16301 3987 14432 6823 4055 2164 
44775 43094 48434 44758 19750 46743 45145 15201 46364 
6382 6170 45767 11068 1149 15503 11957 4738 46333 
47525 30134 12185 6109 46548 26008 42087 35970 47700 
45265 22 7243 12281 6564 2915 12728 47376 45129 
6333 44684 48605 29028 1235 6712 2951 5061 9177 
3059 45099 46696 3247 16339 5538 9128 17013 1845 
6808 6448 1510 15996 4961 8999 21702 45504 6128 
45773 46800 1077 47208 5945 48167 43578 796 1372 
3130 3753 1720 21263 16695 979 6652 37381 9640 
7223 4175 5657 7015 3370 43922 47765 45019 45717 
45583 32581 1958 46842 41995 772 3317 187 10154 
2966 24713 2331 10397 30542 2250 44517 16472 26100 
1061 285 26473 2837 9696 41143 49081 4683 37816 
46133 35055 7483 16484 1655 12752 31084 5749 8934 
2778 6617 486 30031 1160 30426 7520 34374 6249 
27284 15818 1614 6559 49124 5899 7192 6054 1621 
44786 47936 5984 47166 45708 43063 38688 6326 4836 
2598 17156 7057 7112 4960 12030 6883 6303 8854 
45009 5838 11260 813 7472 5445 11701 2017 48979 
5806 21230 1876 6620 2211 958 46271 46412 45274 
12617 47026 47453 588 44866 45838 16929 4344 30992 
1878 3711 30833 30578 48415 47528 47858 6943 45294 
45970 34359 21985 4243 30496 2496 8280 30742 763 
6409 1938 1213 2559 5718 12025 7368 11233 438 
46342 2583 347 3505 46583 47364 7529 10240 141 
1805 21098 3510 24320 40514 42527 47934 29445 6049 
20322 44955 28509 15782 4901 1882 3418 14606 48240 
5364 45390 47445 5082 5796 48890 45897 1202 6034 
333 4022 17130 12462 16958 22023 6981 4487 10991 
16505 3136 3245 4860 11788 10326 1507 14665 48514 
48568 48152 3485 37881 613 3006 6450 7535 35542 
47985 1624 46262 686 43823 44495 5773 3992 22034 
583 3049 5316 21639 40611 4332 19317 47483 48929 
44853 157 12311 34556 766 4247 19192 2600 6142 
5252 4893 3252 5058 35428 697 850 20113 7486 
3206 6138 47630 48071 45969 46387 44714 48695 3648 
17109 36842 5137 41763 2976 49003 41871 48982 48189 
20903 3493 617 15761 4569 29337 38405 2767 38085 
46386 42722 6795 26562 4291 6236 5775 11457 47961 
4374 121 1660 4148 30684 4846 48764 425 4437 
6062 19346 4219 2775 6835 1835 29369 3038 21812 
10817 2773 12575 7320 46815 45823 48822 4644 323 
846 15212 39411 17009 720 7168 40163 40808 283 
22037 4763 1935 12358 6889 12571 35610 369 23758 
771 5801 48819 5850 47391 2502 10229 1129 6958 
8926 45056 35062 1182 45283 357 4728 6817 3179 
4392 20553 15546 26028 26367 34780 46113 44359 3610 
6519 13889 38397 47029 1576 37798 48329 45706 46358 
736 475 22479 2057 2727 1918 221 5455 11191 
1690 12364 8940 450 34926 902 4863 6703 6732 
1643 30941 25435 14509 21637 21411 5837 11388 148 
25006 3936 6951 24901 2350 40826 43879 4837 19385 
44719 4899 11338 10382 30342 47533 41212 12151 1201 
3603 5115 11681 10828 21510 3595 12478 15597 96 
16351 20956 1178 10469 5853 12460 35591 30627 10089 
16704 3917 8227 5579 43705 16668 46898 1528 534 
29675 17206 6337 1402 6095 48126 1448 576 10717 
2534 344 48183 34161 6495 19377 5355 6052 3645 
10706 1464 8151 10546 1662 3743 12141 7022 4628 
10515 26119 2019 11891 1456 4337 31064 6872 4507 
10213 387 542 5766 3585 42947 5022 45900 48069 
38955 48084 47288 17246 5900 42097 35499 48472 1592 
592 16957 39215 3613 751 5155 1096 6650 2670 
45377 20091 39686 3346 22749 6744 10842 15485 14483 
6320 6357 20676 2247 1329 6198 147 2867 12073 
6391 5028 1087 17302 47387 610 9637 2537 7972 
1180 12427 26491 44982 1577 34516 1973 2730 46289 
2085 26329 1974 5663 11769 5366 34167 23365 43084 
4608 30273 6186 3943 3084 14875 2311 6342 2634 
9290 8773 6347 837 2500 30112 3372 3035 2297 
6324 45286 2290 3310 4933 1984 39603 14239 10224 
5880 2755 2929 21897 2799 10921 3920 43383 1879 
5005 6989 30158 2699 4423 10197 14646 555 26062 
869 7398 19857 48057 48608 21957 1610 1942 1557 
7106 10970 1349 1640 4886 853 1861 6684 5162 
26226 2586 1453 3362 3568 26266 3794 5281 26583 
1268 1303 11738 12327 38841 46909 39232 48966 44944 
46461 46295 20532 29710 41273 4248 644 6741 4141 
21934 34313 17160 12058 775 1459 4654 4161 11721 
7158 16040 547 4429 3405 26580 6747 11853 5696 
16355 20088 17134 7505 1562 8146 6931 2246 6214 
11835 30131 6997 1200 45423 5711 34623 7295 5414 
19420 3128 4488 5343 47712 4627 695 1407 12576 
5551 3222 29220 40132 3092 2508 43540 5319 2857 
4428 2959 11045 4687 7311 12283 597 7030 4328 
5181 34 2780 1863 5337 39969 11299 36306 34487 
4039 35478 6604 29309 2047 46761 4378 11344 4751 
45714 26017 11693 4132 2535 4737 40 7198 44011 
2282 2793 3517 2518 4672 2356 3191 1708 23609 
30945 1233 586 1609 26073 2689 1019 48 11153 
5093 6115 12119 3093 12483 7090 2547 16584 4475 
3972 818 25828 4947 9836 23 46050 36556 46921 
3765 1727 40162 9562 34185 352 3557 7278 48106 
4567 32693 6273 3758 3657 533 1297 4370 397 
8376 30975 8626 10481 3355 1865 2501 4341 4636 
16818 1742 39950 287 6362 12502 2377 4405 39799 
4827 6667 2228 45152 7257 31 3228 21483 48015 
44251 39478 2425 48909 192 47766 4382 3456 6608 
4215 7723 42867 994 30227 1855 40118 16448 8145 
3494 3935 10599 4371 6388 23402 6923 4442 4309 
30267 4911 2061 1340 2181 33938 3474 630 43602 
289 21292 5498 4594 2154 936 17547 781 17287 
2093 26497 4052 7265 6688 3473 3629 26626 28403 
1967 1398 21575 4522 1578 47022 3621 687 4403 
3532 9218 21669 49039 329 1573 11808 22031 2692 
11123 338 6690 34970 1756 3098 30886 5053 47372 
2180 20896 33695 3602 11543 11062 26595 47248 4715 
20669 3123 40103 2825 33937 30289 2768 43861 784 
40576 34065 6431 39471 34165 328 5857 1524 11281 
6796 1514 3941 1417 5248 4305 10988 7108 44065 
30357 3515 7099 43431 4211 30788 1219 4419 5317 
20358 1950 4457 594 120 46631 3268 43419 3903 
16969 1044 2023 2448 35484 676 2506 6527 43572 
40127 21899 6253 7359 3451 17048 2936 10895 17843 
2066 12038 34340 327 6484 5758 1919 10485 11883 
2803 30278 955 1410 35189 110 7414 2512 48772 
7152 31103 5705 1824 12380 6520 21579 1294 1850 
4604 36761 26145 3560 16309 47146 34742 5150 12028 
4101 1764 12420 8395 11869 5795 1088 21725 5507 
4847 16653 7419 1666 2269 44037 1468 5164 9840 
1699 1153 2687 5266 24637 34974 6777 3883 12305 
726 6903 12304 449 39584 669 4188 1625 6202 
4071 3787 3079 4666 2343 2854 30451 1111 3122 
42885 2327 6994 11012 2396 21241 12296 4730 11392 
12848 10125 7069 1930 11646 3984 1890 263 38377 
25196 476 12115 998 25534 614 10919 44342 4945 
4250 2067 2923 4957 670 1136 6192 260 7008 
3705 12453 4938 9942 3208 48722 399 6446 15286 
27908 3177 799 11653 3425 6309 14909 4408 9451 
264 6526 291 5980 6364 30590 30277 3997 7530 
47945 2070 1290 28650 75 12394 109 30324 296 
3506 7336 48077 6017 12021 2892 18514 48287 39829 
3051 2281 48761 3185 9884 10597 7139 9414 16797 
6855 9962 26460 971 931 11187 1330 30866 2705 
6988 5732 3654 35481 2886 1300 293 17232 2419 
5198 3480 5286 16800 5940 334 21556 31138 7357 
496 3679 546 9523 1886 3570 4086 42191 12490 
5845 47684 46737 1222 7448 2585 4050 2683 12375 
1745 6535 2272 15832 6420 26642 3117 4943 10426 
21967 6974 2562 3706 17146 457 11496 5907 17382 
6314 699 5891 2937 4643 1140 3803 1833 1792 
769 1844 3033 12285 6074 4590 38372 15673 45367 
45968 4212 12183 7558 16540 31097 6338 487 5583 
16375 6331 2582 5981 3440 4427 12015 1486 1790 
35094 2469 1840 5257 4710 30989 301 4448 1802 
2942 7073 2394 1055 5826 1560 37792 7366 371 
6478 7000 5275 10729 5917 10697 29582 11726 2232 
3555 46230 3528 5215 9970 21280 21431 5376 4663 
5936 11983 2010 7456 3481 4550 821 3388 3105 
5803 11167 880 5717 4064 1256 5068 5106 6969 
29263 6998 2556 2340 1283 6190 21428 4989 6723 
529 6601 2772 718 15402 9914 10155 10355 3586 
904 7209 2515 4294 15806 35040 5505 1498 6613 
20993 1469 1730 5603 835 2898 831 3894 5964 
4298 4338 48172 3336 5641 1504 3324 3959 11188 
11631 1457 4249 5791 3881 590 3973 5771 8537 
38155 2804 7441 1888 3545 45858 17341 1700 16529 
5186 39805 11152 1148 2235 540 11241 25823 12316 
3797 8572 459 722 3693 4445 25317 5092 13394 
5422 6265 2368 3146 4987 26483 2845 2395 21952 
8977 758 48286 3612 6288 6702 45443 3605 4446 
25408 49065 6850 5149 39830 4587 5890 16121 17 
1150 10149 2989 17086 7401 3527 12599 29474 737 
15804 5974 5607 6540 8110 9121 1476 2677 35171 
3198 6281 2383 4655 6633 7240 21105 20196 3825 
15190 4472 629 11256 16553 19323 6056 21880 6654 
3101 4668 4108 5156 917 11651 6655 8184 9162 
3160 4480 3815 2640 7453 5496 6972 5751 4121 
11866 4515 23226 17321 6499 17353 2357 6451 704 
2550 5023 46011 1518 43897 10826 39032 800 195 
11948 48497 2048 6317 4661 18985 905 4348 11414 
2140 2381 12570 35322 7004 1746 16890 364 2178 
8276 3508 3781 17293 2110 16944 2142 6076 2025 
6811 564 6028 545 7501 1931 1273 6666 1225 
17029 184 3974 7577 5099 3129 3166 3922 4535 
3722 4058 3874 1191 1778 2476 6398 4406 747 
15986 3977 5375 2052 7124 5230 15046 2406 6678 
6264 2411 2366 2728 22063 4854 2390 6983 5554 
21489 5975 7447 4351 579 1242 6179 11464 6598 
5918 4548 916 17279 312 1726 6014 5242 1941 
5109 2955 16235 3111 47510 5797 18075 1544 21549 
6075 5972 19683 8812 7153 5240 578 6606 9974 
4242 21713 6861 9777 16056 2842 4513 7208 3281 
6886 3278 5056 954 2805 3432 23104 28342 6680 
5174 6607 3999 2278 12332 5334 3422 14682 830 
5720 4092 2781 5993 3077 4484 2930 1152 4844 
6962 12798 5308 7422 3870 933 3851 1681 6163 
3864 4184 20260 739 16251 14 3725 11172 2666 
1226 413 2794 2051 5886 7574 6875 3099 1374 
1475 3980 12000 2244 279 8464 9054 4902 6121 
939 4546 888 10626 356 14127 1635 2198 7013 
4080 4619 573 8048 20 7307 9105 2184 158 
6763 6031 906 12103 9398 2074 11893 2922 2558 
5134 1070 1221 832 6467 35642 7617 16120 35405 
8436 2940 30246 24693 10964 36813 4766 23376 17323 
17255 9771 943 25479 8455 21130 19745 22093 5615 
11933 6898 1512 2112 26493 6211 2664 16717 6356 
4743 11083 17506 7105 4843 3223 26561 197 20574 
2028 5460 6841 14723 3034 975 7338 7342 6949 
5876 7740 1647 587 3625 28778 21786 1036 13303 
2079 44 7362 9334 5597 2590 34781 3968 7510 
79 6638 18544 6325 22795 3594 2987 4415 1022 
558 3751 17100 15361 5992 22290 4923 1894 29895 
2656 10360 39966 3000 6490 14446 5290 16202 3639 
4758 44502 28635 6386 3927 14332 12465 23878 14461 
6933 1722 11943 15737 16924 25076 640 7367 4114 
7321 5523 4694 12661 3170 2435 12046 814 3516 

type 1 3546 int
1 1 1 1 1 1 1 1 1 
1 1 1 1 1 1 1 1 1 
1 1 1 1 1 1 1 1 1 
1 1 1 1 1 1 1 1 1 
1 1 1 1 1 1 1 1 1 
1 1 1 1 1 1 1 1 1 
1 1 1 1 1 1 1 1 1 
1 1 1 1 1 1 1 1 1 
1 1 1 1 1 1 1 1 1 
1 1 1 1 1 1 1 1 1 
1 1 1 1 1 1 1 1 1 
1 1 1 1 1 1 1 1 1 
1 1 1 1 1 1 1 1 1 
1 1 1 1 1 1 1 1 1 
1 1 1 1 1 1 1 1 1 
1 1 1 1 1 1 1 1 1 
1 1 1 1 1 1 1 1 1 
1 1 1 1 1 1 1 1 1 
1 1 1 1 1 1 1 1 1 
1 1 1 1 1 1 1 1 1 
1 1 1 1 1 1 1 1 1 
1 1 1 1 1 1 1 1 1 
1 1 1 1 1 1 1 1 1 
1 1 1 1 1 1 1 1 1 
1 1 1 1 1 1 1 1 1 
1 1 1 1 1 1 1 1 1 
1 1 1 1 1 1 1 1 1 
1 1 1 1 1 1 1 1 1 
1 1 1 1 1 1 1 1 1 
1 1 1 1 1 1 1 1 1 
1 1 1 1 1 1 1 1 1 
1 1 1 1 1 1 1 1 1 
1 1 1 1 1 1 1 1 1 
1 1 1 1 1 1 1 1 1 
1 1 1 1 1 1 1 1 1 
1 1 1 1 1 1 1 1 1 
1 1 1 1 1 1 1 1 1 
1 1 1 1 1 1 1 1 1 
1 1 1 1 1 1 1 1 1 
1 1 1 1 1 1 1 1 1 
1 1 1 1 1 1 1 1 1 
1 1 1 1 1 1 1 1 1 
1 1 1 1 1 1 1 1 1 
1 1 1 1 1 1 1 1 1 
1 1 1 1 1 1 1 1 1 
1 1 1 1 1 1 1 1 1 
1 1 1 1 1 1 1 1 1 
1 1 1 1 1 1 1 1 1 
1 1 1 1 1 1 1 1 1 
1 1 1 1 1 1 1 1 1 
1 1 1 1 1 1 1 1 1 
1 1 1 1 1 1 1 1 1 
1 1 1 1 1 1 1 1 1 
1 1 1 1 1 1 1 1 1 
1 1 1 1 1 1 1 1 1 
1 1 1 1 1 1 1 1 1 
1 1 1 1 1 1 1 1 1 
1 1 1 1 1 1 1 1 1 
1 1 1 1 1 1 1 1 1 
1 1 1 1 1 1 1 1 1 
1 1 1 1 1 1 1 1 1 
1 1 1 1 1 1 1 1 1 
1 1 1 1 1 1 1 1 1 
1 1 1 1 1 1 1 1 1 
1 1 1 1 1 1 1 1 1 
1 1 1 1 1 1 1 1 1 
1 1 1 1 1 1 1 1 1 
1 1 1 1 1 1 1 1 1 
1 1 1 1 1 1 1 1 1 
1 1 1 1 1 1 1 1 1 
1 1 1 1 1 1 1 1 1 
1 1 1 1 1 1 1 1 1 
1 1 1 1 1 1 1 1 1 
1 1 1 1 1 1 1 1 1 
1 1 1 1 1 1 1 1 1 
1 1 1 1 1 1 1 1 1 
1 1 1 1 1 1 1 1 1 
1 1 1 1 1 1 1 1 1 
1 1 1 1 1 1 1 1 1 
1 1 1 1 1 1 1 1 1 
1 1 1 1 1 1 1 1 1 
1 1 1 1 1 1 1 1 1 
1 1 1 1 1 1 1 1 1 
1 1 1 1 1 1 1 1 1 
1 1 1 1 1 1 1 1 1 
1 1 1 1 1 1 1 1 1 
1 1 1 1 1 1 1 1 1 
1 1 1 1 1 1 1 1 1 
1 1 1 1 1 1 1 1 1 
1 1 1 1 1 1 1 1 1 
1 1 1 1 1 1 1 1 1 
1 1 1 1 1 1 1 1 1 
1 1 1 1 1 1 1 1 1 
1 1 1 1 1 1 1 1 1 
1 1 1 1 1 1 1 1 1 
1 1 1 1 1 1 1 1 1 
1 1 1 1 1 1 1 1 1 
1 1 1 1 1 1 1 1 1 
1 1 1 1 1 1 1 1 1 
1 1 1 1 1 1 1 1 1 
1 1 1 1 1 1 1 1 1 
1 1 1 1 1 1 1 1 1 
1 1 1 1 1 1 1 1 1 
1 1 1 1 1 1 1 1 1 
1 1 1 1 1 1 1 1 1 
1 1 1 1 1 1 1 1 1 
1 1 1 1 1 1 1 1 1 
1 1 1 1 1 1 1 1 1 
1 1 1 1 1 1 1 1 1 
1 1 1 1 1 1 1 1 1 
1 1 1 1 1 1 1 1 1 
1 1 1 1 1 1 1 1 1 
1 1 1 1 1 1 1 1 1 
1 1 1 1 1 1 1 1 1 
1 1 1 1 1 1 1 1 1 
1 1 1 1 1 1 1 1 1 
1 1 1 1 1 1 1 1 1 
1 1 1 1 1 1 1 1 1 
1 1 1 1 1 1 1 1 1 
1 1 1 1 1 1 1 1 1 
1 1 1 1 1 1 1 1 1 
1 1 1 1 1 1 1 1 1 
1 1 1 1 1 1 1 1 1 
1 1 1 1 1 1 1 1 1 
1 1 1 1 1 1 1 1 1 
1 1 1 1 1 1 1 1 1 
1 1 1 1 1 1 1 1 1 
1 1 1 1 1 1 1 1 1 
1 1 1 1 1 1 1 1 1 
1 1 1 1 1 1 1 1 1 
1 1 1 1 1 1 1 1 1 
1 1 1 1 1 1 1 1 1 
1 1 1 1 1 1 1 1 1 
1 1 1 1 1 1 1 1 1 
1 1 1 1 1 1 1 1 1 
1 1 1 1 1 1 1 1 1 
1 1 1 1 1 1 1 1 1 
1 1 1 1 1 1 1 1 1 
1 1 1 1 1 1 1 1 1 
1 1 1 1 1 1 1 1 1 
1 1 1 1 1 1 1 1 1 
1 1 1 1 1 1 1 1 1 
1 1 1 1 1 1 1 1 1 
1 1 1 1 1 1 1 1 1 
1 1 1 1 1 1 1 1 1 
1 1 1 1 1 1 1 1 1 
1 1 1 1 1 1 1 1 1 
1 1 1 1 1 1 1 1 1 
1 1 1 1 1 1 1 1 1 
1 1 1 1 1 1 1 1 1 
1 1 1 1 1 1 1 1 1 
1 1 1 1 1 1 1 1 1 
1 1 1 1 1 1 1 1 1 
1 1 1 1 1 1 1 1 1 
1 1 1 1 1 1 1 1 1 
1 1 1 1 1 1 1 1 1 
1 1 1 1 1 1 1 1 1 
1 1 1 1 1 1 1 1 1 
1 1 1 1 1 1 1 1 1 
1 1 1 1 1 1 1 1 1 
1 1 1 1 1 1 1 1 1 
1 1 1 1 1 1 1 1 1 
1 1 1 1 1 1 1 1 1 
1 1 1 1 1 1 1 1 1 
1 1 1 1 1 1 1 1 1 
1 1 1 1 1 1 1 1 1 
1 1 1 1 1 1 1 1 1 
1 1 1 1 1 1 1 1 1 
1 1 1 1 1 1 1 1 1 
1 1 1 1 1 1 1 1 1 
1 1 1 1 1 1 1 1 1 
1 1 1 1 1 1 1 1 1 
1 1 1 1 1 1 1 1 1 
1 1 1 1 1 1 1 1 1 
1 1 1 1 1 1 1 1 1 
1 1 1 1 1 1 1 1 1 
1 1 1 1 1 1 1 1 1 
1 1 1 1 1 1 1 1 1 
1 1 1 1 1 1 1 1 1 
1 1 1 1 1 1 1 1 1 
1 1 1 1 1 1 1 1 1 
1 1 1 1 1 1 1 1 1 
1 1 1 1 1 1 1 1 1 
1 1 1 1 1 1 1 1 1 
1 1 1 1 1 1 1 1 1 
1 1 1 1 1 1 1 1 1 
1 1 1 1 1 1 1 1 1 
1 1 1 1 1 1 1 1 1 
1 1 1 1 1 1 1 1 1 
1 1 1 1 1 1 1 1 1 
1 1 1 1 1 1 1 1 1 
1 1 1 1 1 1 1 1 1 
1 1 1 1 1 1 1 1 1 
1 1 1 1 1 1 1 1 1 
1 1 1 1 1 1 1 1 1 
1 1 1 1 1 1 1 1 1 
1 1 1 1 1 1 1 1 1 
1 1 1 1 1 1 1 1 1 
1 1 1 1 1 1 1 1 1 
1 1 1 1 1 1 1 1 1 
1 1 1 1 1 1 1 1 1 
1 1 1 1 1 1 1 1 1 
1 1 1 1 1 1 1 1 1 
1 1 1 1 1 1 1 1 1 
1 1 1 1 1 1 1 1 1 
1 1 1 1 1 1 1 1 1 
1 1 1 1 1 1 1 1 1 
1 1 1 1 1 1 1 1 1 
1 1 1 1 1 1 1 1 1 
1 1 1 1 1 1 1 1 1 
1 1 1 1 1 1 1 1 1 
1 1 1 1 1 1 1 1 1 
1 1 1 1 1 1 1 1 1 
1 1 1 1 1 1 1 1 1 
1 1 1 1 1 1 1 1 1 
1 1 1 1 1 1 1 1 1 
1 1 1 1 1 1 1 1 1 
1 1 1 1 1 1 1 1 1 
1 1 1 1 1 1 1 1 1 
1 1 1 1 1 1 1 1 1 
1 1 1 1 1 1 1 1 1 
1 1 1 1 1 1 1 1 1 
1 1 1 1 1 1 1 1 1 
1 1 1 1 1 1 1 1 1 
1 1 1 1 1 1 1 1 1 
1 1 1 1 1 1 1 1 1 
1 1 1 1 1 1 1 1 1 
1 1 1 1 1 1 1 1 1 
1 1 1 1 1 1 1 1 1 
1 1 1 1 1 1 1 1 1 
1 1 1 1 1 1 1 1 1 
1 1 1 1 1 1 1 1 1 
1 1 1 1 1 1 1 1 1 
1 1 1 1 1 1 1 1 1 
1 1 1 1 1 1 1 1 1 
1 1 1 1 1 1 1 1 1 
1 1 1 1 1 1 1 1 1 
1 1 1 1 1 1 1 1 1 
1 1 1 1 1 1 1 1 1 
1 1 1 1 1 1 1 1 1 
1 1 1 1 1 1 1 1 1 
1 1 1 1 1 1 1 1 1 
1 1 1 1 1 1 1 1 1 
1 1 1 1 1 1 1 1 1 
1 1 1 1 1 1 1 1 1 
1 1 1 1 1 1 1 1 1 
1 1 1 1 1 1 1 1 1 
1 1 1 1 1 1 1 1 1 
1 1 1 1 1 1 1 1 1 
1 1 1 1 1 1 1 1 1 
1 1 1 1 1 1 1 1 1 
1 1 1 1 1 1 1 1 1 
1 1 1 1 1 1 1 1 1 
1 1 1 1 1 1 1 1 1 
1 1 1 1 1 1 1 1 1 
1 1 1 1 1 1 1 1 1 
1 1 1 1 1 1 1 1 1 
1 1 1 1 1 1 1 1 1 
1 1 1 1 1 1 1 1 1 
1 1 1 1 1 1 1 1 1 
1 1 1 1 1 1 1 1 1 
1 1 1 1 1 1 1 1 1 
1 1 1 1 1 1 1 1 1 
1 1 1 1 1 1 1 1 1 
1 1 1 1 1 1 1 1 1 
1 1 1 1 1 1 1 1 1 
1 1 1 1 1 1 1 1 1 
1 1 1 1 1 1 1 1 1 
1 1 1 1 1 1 1 1 1 
1 1 1 1 1 1 1 1 1 
1 1 1 1 1 1 1 1 1 
1 1 1 1 1 1 1 1 1 
1 1 1 1 1 1 1 1 1 
1 1 1 1 1 1 1 1 1 
1 1 1 1 1 1 1 1 1 
1 1 1 1 1 1 1 1 1 
1 1 1 1 1 1 1 1 1 
1 1 1 1 1 1 1 1 1 
1 1 1 1 1 1 1 1 1 
1 1 1 1 1 1 1 1 1 
1 1 1 1 1 1 1 1 1 
1 1 1 1 1 1 1 1 1 
1 1 1 1 1 1 1 1 1 
1 1 1 1 1 1 1 1 1 
1 1 1 1 1 1 1 1 1 
1 1 1 1 1 1 1 1 1 
1 1 1 1 1 1 1 1 1 
1 1 1 1 1 1 1 1 1 
1 1 1 1 1 1 1 1 1 
1 1 1 1 1 1 1 1 1 
1 1 1 1 1 1 1 1 1 
1 1 1 1 1 1 1 1 1 
1 1 1 1 1 1 1 1 1 
1 1 1 1 1 1 1 1 1 
1 1 1 1 1 1 1 1 1 
1 1 1 1 1 1 1 1 1 
1 1 1 1 1 1 1 1 1 
1 1 1 1 1 1 1 1 1 
1 1 1 1 1 1 1 1 1 
1 1 1 1 1 1 1 1 1 
1 1 1 1 1 1 1 1 1 
1 1 1 1 1 1 1 1 1 
1 1 1 1 1 1 1 1 1 
1 1 1 1 1 1 1 1 1 
1 1 1 1 1 1 1 1 1 
1 1 1 1 1 1 1 1 1 
1 1 1 1 1 1 1 1 1 
1 1 1 1 1 1 1 1 1 
1 1 1 1 1 1 1 1 1 
1 1 1 1 1 1 1 1 1 
1 1 1 1 1 1 1 1 1 
1 1 1 1 1 1 1 1 1 
1 1 1 1 1 1 1 1 1 
1 1 1 1 1 1 1 1 1 
1 1 1 1 1 1 1 1 1 
1 1 1 1 1 1 1 1 1 
1 1 1 1 1 1 1 1 1 
1 1 1 1 1 1 1 1 1 
1 1 1 1 1 1 1 1 1 
1 1 1 1 1 1 1 1 1 
1 1 1 1 1 1 1 1 1 
1 1 1 1 1 1 1 1 1 
1 1 1 1 1 1 1 1 1 
1 1 1 1 1 1 1 1 1 
1 1 1 1 1 1 1 1 1 
1 1 1 1 1 1 1 1 1 
1 1 1 1 1 1 1 1 1 
1 1 1 1 1 1 1 1 1 
1 1 1 1 1 1 1 1 1 
1 1 1 1 1 1 1 1 1 
1 1 1 1 1 1 1 1 1 
1 1 1 1 1 1 1 1 1 
1 1 1 1 1 1 1 1 1 
1 1 1 1 1 1 1 1 1 
1 1 1 1 1 1 1 1 1 
1 1 1 1 1 1 1 1 1 
1 1 1 1 1 1 1 1 1 
1 1 1 1 1 1 1 1 1 
1 1 1 1 1 1 1 1 1 
1 1 1 1 1 1 1 1 1 
1 1 1 1 1 1 1 1 1 
1 1 1 1 1 1 1 1 1 
1 1 1 1 1 1 1 1 1 
1 1 1 1 1 1 1 1 1 
1 1 1 1 1 1 1 1 1 
1 1 1 1 1 1 1 1 1 
1 1 1 1 1 1 1 1 1 
1 1 1 1 1 1 1 1 1 
1 1 1 1 1 1 1 1 1 
1 1 1 1 1 1 1 1 1 
1 1 1 1 1 1 1 1 1 
1 1 1 1 1 1 1 1 1 
1 1 1 1 1 1 1 1 1 
1 1 1 1 1 1 1 1 1 
1 1 1 1 1 1 1 1 1 
1 1 1 1 1 1 1 1 1 
1 1 1 1 1 1 1 1 1 
1 1 1 1 1 1 1 1 1 
1 1 1 1 1 1 1 1 1 
1 1 1 1 1 1 1 1 1 
1 1 1 1 1 1 1 1 1 
1 1 1 1 1 1 1 1 1 
1 1 1 1 1 1 1 1 1 
1 1 1 1 1 1 1 1 1 
1 1 1 1 1 1 1 1 1 
1 1 1 1 1 1 1 1 1 
1 1 1 1 1 1 1 1 1 
1 1 1 1 1 1 1 1 1 
1 1 1 1 1 1 1 1 1 
1 1 1 1 1 1 1 1 1 
1 1 1 1 1 1 1 1 1 
1 1 1 1 1 1 1 1 1 
1 1 1 1 1 1 1 1 1 
1 1 1 1 1 1 1 1 1 
1 1 1 1 1 1 1 1 1 
1 1 1 1 1 1 1 1 1 
1 1 1 1 1 1 1 1 1 
1 1 1 1 1 1 1 1 1 
1 1 1 1 1 1 1 1 1 
1 1 1 1 1 1 1 1 1 
1 1 1 1 1 1 1 1 1 
1 1 1 1 1 1 1 1 1 
1 1 1 1 1 1 1 1 1 
1 1 1 1 1 1 1 1 1 
1 1 1 1 1 1 1 1 1 
1 1 1 1 1 1 1 1 1 
1 1 1 1 1 1 1 1 1 
1 1 1 1 1 1 1 1 1 
1 1 1 1 1 1 1 1 1 
1 1 1 1 1 1 1 1 1 
1 1 1 1 1 1 1 1 1 
1 1 1 1 1 1 1 1 1 
1 1 1 1 1 1 1 1 1 
1 1 1 1 1 1 1 1 1 

v 3 3546 double
0.0004168030562 -0.015625517344 -0.33618237536 -0.025439543367 -0.0094475530152 -0.323846664 -0.0046902485655 -0.0021159924214 -0.33380837334 
-0.0075957845376 -0.0066666455131 -0.34537654039 0.0078020917735 -0.0040335841066 -0.33469587821 -0.0076725486111 -0.0023509389501 -0.33236473735 
0.010046954634 -0.00039225317857 -0.33174819441 -0.0026834906553 -0.0060817600483 -0.31343753153 -0.035136386594 -0.009529245888 -0.33174852545 
-0.019012029745 -0.0041794379669 -0.33251375746 0.063514380129 0.089128310343 -0.26094991899 -0.026979121681 0.014114497429 -0.32765576617 
-0.026236030531 0.012290722026 -0.33596634597 -0.010281037572 0.02007941951 -0.32515132254 -0.01301187928 -0.025347980913 -0.31949473079 
-0.0098874021095 -0.0071538886736 -0.32692398596 -0.0083138796537 -0.0086913194399 -0.32915867885 -0.13848019157 0.10935903184 -0.27187224479 
-0.024187757528 0.0038618038692 -0.32463539598 -0.022173678584 0.0031611724638 -0.3299533717 0.024644753753 0.0044097543462 -0.32094832128 
-0.022257671314 0.016586308408 -0.32604528101 -0.021175202017 0.01872233287 -0.33839252418 0.0024945623841 0.036512787189 -0.32966520558 
0.0053251272115 0.035293124871 -0.31419782607 -0.010823046761 -0.038116385131 -0.31600382749 -0.0015708255555 -0.0093561050381 -0.32388831677 
-0.010442531994 0.011154495616 -0.32780782133 -0.044980003115 0.01504323943 -0.33031337228 0.0028675300078 -0.010579399369 -0.31801172578 
0.021164664117 -0.0036249589642 -0.3248543833 -0.01327040186 0.016343635456 -0.32511808964 0.012972892856 0.0063776936428 -0.0050637773284 
-0.013929377259 0.037037140416 -0.31157215156 -0.044608621201 -0.11950913153 0.041938793091 0.00074187312973 -0.016307967898 -0.318212119 
0.014155657889 -0.0090688045974 -0.3033983827 -0.10187462695 -0.10939663664 0.092043157898 0.008897989221 -0.011563606001 -0.30219877045 
0.0023338380353 -0.002678129337 -0.30934284553 -0.0053496885259 0.0016320801551 -0.31897877056 -0.020846925988 0.016591559147 -0.30799619665 
0.011350972941 -0.019552099734 -0.30636113124 0.021278683292 -0.026195325171 -0.31043586489 -0.019394495814 -0.014038282004 -0.30018883623 
0.030668027902 -0.022963534674 -0.30439647745 0.0068664754008 -0.012027388047 -0.30572214317 -0.009453681094 0.0038150592285 -0.3189229744 
-0.027912714605 -0.00064235716207 -0.30804786343 -0.015350798298 0.00084062262933 -0.30617116823 0.020086725963 0.0065774996123 -0.30404444053 
0.029983933116 0.0013361265465 -0.31488342122 0.0058823748044 -0.034008287717 -0.29152866996 0.017895386535 -0.030164780786 -0.29642114386 
-0.014097695367 0.00035808598182 -0.31648050165 -0.0019520546684 -0.00023479696514 -0.31694794111 0.011349641094 0.009611781656 -0.31011404766 
-0.00065659028922 0.017229287463 -0.30595527248 0.021940436897 0.023299012759 -0.30692801591 0.021863386005 0.02179344309 -0.28437684137 
-0.01837828 -0.0050737209021 -0.29376791918 -0.0011880404835 -0.0041705473129 -0.30083642082 0.017343532939 -0.0069800672364 -0.29824671793 
-0.035153456904 0.0014941033003 -0.29551393367 -0.005045079818 0.01225976966 -0.29117314589 -0.030962091757 0.020829245231 -0.2909858009 
0.022954559775 -0.0035485659559 -0.29563205515 -0.01228103413 -0.0063718589892 -0.28702369257 -0.01344066046 -0.0031697191639 -0.29574198789 
-0.040497584509 -0.0015931608599 -0.27967240279 -0.0056528592012 0.011032731025 -0.28631198197 0.0034926736263 0.0032139989816 -0.28878848727 
-0.00023602257505 -0.025624510105 -0.27738803402 -0.0078012104986 -0.0092250044877 -0.28397102326 -0.0028473348442 -0.012046474375 -0.26915206281 
0.016505669886 -0.0048877811485 -0.28458590662 -0.030980529947 0.015017241637 -0.28040228172 -0.0027481861571 0.012693325158 -0.27727124801 
-0.057606401692 0.02581179098 -0.23445684055 0.1461611149 0.056922120496 -0.0923771364 -0.022463865427 -0.018117566221 -0.27963551537 
0.019315215726 -0.019688987794 -0.26716016104 -0.021703155487 0.010439186614 -0.26650391876 -0.0081098535214 0.01997212134 -0.27167935606 
-0.11080506859 -0.11720613825 -0.059922866128 0.016511819909 -0.023331100088 -0.2725940138 0.024746372868 -0.0024453704866 -0.27380826941 
-0.015612642459 -0.025638879071 -0.25957599246 -0.038632585359 -0.015303304618 -0.26594859588 -0.012413661774 -0.0038525820219 -0.26666037571 
-0.01351433481 0.0049673221048 -0.26222867773 0.0094817166043 0.0064970916324 -0.27014446577 -0.0023588791515 0.011541629511 -0.25888779267 
0.025604953016 0.018917832392 -0.25391221931 0.018847439306 0.020652973877 -0.24594504843 0.019903380186 0.026362362297 -0.25686546 
-0.0076091639636 -0.019642693779 -0.25234358905 0.0008206566693 -0.020864027565 -0.25112880772 -0.018336893024 -0.019660850185 -0.25490257025 
-0.0012958751274 -0.010886622907 -0.25216893061 0.020147992833 0.0046950808156 -0.25553129259 0.0067171686416 0.047503299365 -0.2484864992 
-0.00051853513112 -0.035704433949 -0.24214181188 -0.024499985264 -0.02107644308 -0.23592651473 -0.0035982011373 -0.015720112516 -0.25611217581 
-0.0024676266524 0.0013663581621 -0.25969572622 -0.0028926465038 -0.00049567839113 -0.24540716133 0.012768963272 0.0026018747275 -0.25512347844 
0.013434763504 0.0085276534585 -0.23646122925 -0.0031193240122 0.0082283871935 -0.26145156298 -0.0014490246492 0.013020050926 -0.24198420431 
0.025511074812 0.025960087646 -0.24536729567 0.020823184932 0.033081187937 -0.24422419592 0.011708010031 0.039234357142 -0.24271135123 
0.011229066871 -0.039179234208 -0.22686828808 0.032563342971 -0.044888476755 -0.23307660911 -0.011886469781 -0.0081651271146 -0.24832115626 
-0.009321798214 0.00065373412128 -0.24441605602 -0.031479663471 0.012981678308 -0.2605781158 -0.0081347253222 -0.00025846539684 -0.24328855595 
0.010942660167 0.0021497533341 -0.24676112217 -0.0056775110928 0.0045306668387 -0.23789320246 0.031864250558 0.0043626683541 -0.242094284 
0.0076590821754 0.021583362796 -0.2536897728 0.008243548617 0.016160028625 -0.23686349287 0.013005848459 -0.039858161613 -0.2175259573 
0.015739413296 -0.021945499156 -0.241695203 0.00080039270487 -0.0045009760812 -0.24080891805 -0.035990264328 0.0051057001202 -0.23250087671 
-0.009576921297 0.0027917218247 -0.2555818878 0.0098190245947 -0.00042121268726 -0.24324519963 0.014213863995 0.0065693366017 -0.23787398452 
0.00030993769638 0.0017090395513 -0.23914878732 -0.007245202436 0.031297024414 -0.2467585717 -0.018146358444 0.02810396101 -0.23398063157 
-0.027028370235 -0.030275994811 -0.21912196828 0.0087989179166 -0.04190639959 -0.22938958452 -0.00094726999006 -0.017296879608 -0.22253308471 
0.0073909831744 -0.0080643385763 -0.22766365775 0.011517435249 -0.0072652642828 -0.2287546586 -0.0080471655681 0.0026642141978 -0.252381525 
0.00048314981408 -0.0021139447253 -0.23458658839 0.029222258385 -0.0028475936221 -0.23331002087 0.00047006549669 0.010982915799 -0.23850366428 
0.016268709364 0.0098205806902 -0.2202711605 -0.0081604051945 0.024309892811 -0.21477914698 0.010247907498 -0.036323415614 -0.2199595028 
-0.0055486622407 -0.014996816883 -0.22531712664 0.014791040178 -0.013140779053 -0.22337293691 0.006848333222 -0.0090520109894 -0.22261711877 
-0.025949733819 0.0033647616847 -0.2332171289 -0.00094701229127 -0.0082362877952 -0.22076038735 -0.011403831891 -0.011474595309 -0.22625413514 
-0.0073143217561 -0.015817716021 -0.23099713603 0.026300749557 -0.019880279835 -0.23192889178 0.022820034655 0.011002077266 -0.20950235717 
-0.043265499601 0.018429212474 -0.21666397114 0.0014075925455 0.017311691713 -0.22037566236 0.0047892185057 -0.019442529135 -0.2078283811 
-0.021105807165 -0.0081436049186 -0.20472083937 -0.0079016214771 -0.0020152500761 -0.22664612638 0.0081430006135 -0.010130966737 -0.21922191323 
-0.036041105142 -0.003691441433 -0.22370117661 -0.0071470082298 0.018427515057 -0.23363621524 0.022718270115 0.0011758771723 -0.20180638193 
0.0027552036855 0.04164744909 -0.23279168703 0.039128865908 -0.033292125875 -0.20998035081 -0.031602905109 -0.017321769562 -0.21566676076 
-0.021577886562 -0.0089245029626 -0.2120972068 -0.012307611995 -0.016575535687 -0.21502805012 -0.0051037370494 -0.014418339615 -0.20889880691 
0.013454261202 -0.014183300893 -0.211293624 -0.022019418386 0.010940550304 -0.20780654535 -0.032740903712 0.01536801638 -0.20115039587 
0.0053977894973 0.010432343196 -0.1945335437 -0.00076354194498 0.043174278106 -0.19794209935 -0.024788425388 -0.022104379564 -0.19630064696 
0.0070558907852 -0.017299199021 -0.19862338698 -0.0071072836597 -0.0037420544571 -0.21136509701 -0.0043071381007 0.004362011101 -0.19895386977 
-0.027569757032 0.0036905373045 -0.21905003323 -0.0037641539661 0.0047468976704 -0.21211967751 -0.0037218245137 0.0043424922724 -0.20266433384 
0.0028346326529 -0.01459900688 -0.20755651947 -0.027800660159 0.019959317402 -0.20487648499 -0.0035270921699 0.0098415333276 -0.20751475222 
0.014445281683 0.011994454459 -0.19316053634 0.0052707216035 0.025522445565 -0.19859797422 0.018473353823 0.01934653602 -0.17480682332 
0.010105837967 -0.021646977721 -0.2130807169 0.063991826187 -0.031825432493 -0.19653720157 -0.020549548767 -8.2746242618e-05 -0.18717206621 
0.019032501945 -0.0029984880786 -0.19501779485 -0.014942050648 0.010273118589 -0.18903397623 -0.0045741444883 0.0015841639849 -0.19647912386 
-0.024247036737 0.013478202026 -0.18001466685 -0.0070277287836 0.014384080824 -0.19506191507 0.00076380499967 0.027293226732 -0.18389743753 
-0.0011974640996 -0.042732463254 -0.18251863095 0.01453265202 -0.036624500744 -0.19302752725 -0.030069324674 -0.0040365854242 -0.17038091986 
-0.023976026369 -0.0026973237567 -0.18584705453 -0.0010172270353 -0.011828712515 -0.19647247103 -0.022166036036 0.010826933109 -0.18677774593 
-0.013456009291 0.0016535533247 -0.19217212633 0.0012833499042 -0.0067132769423 -0.18966015567 -0.0017535483739 -0.0005498913747 -0.17835278633 
0.012346069579 0.016785838761 -0.19026189783 0.028182037269 0.0013559180194 -0.16862877644 0.0017018122776 0.016607851963 -0.17983716641 
0.0045255092851 0.015958975549 -0.17428035635 0.025056218314 0.011852772865 -0.17966093367 -0.0033635708003 -0.021056313383 -0.17936360409 
-0.008654658071 -0.0011697052951 -0.16189827034 -0.005893906431 -0.022170564397 -0.19380613175 0.023397814202 -0.020231548965 -0.15888119485 
-0.026375753411 0.005296693141 -0.16278442511 -0.027770236231 -0.0048696918228 -0.19619353413 -0.0052238845413 -0.003198526452 -0.1781312657 
-0.01139239765 -0.0041384157989 -0.18357443436 0.0044417312027 -0.0069938472559 -0.18118014195 -0.0016187738904 -0.010858168076 -0.18834863953 
0.020625651121 0.005620042752 -0.18982637443 0.037434509785 -0.0055769487663 -0.16860354744 -0.020044243972 0.0060273694476 -0.16017587354 
-0.0029267356223 0.01393448308 -0.18015227875 -0.017791693739 0.025966111228 -0.17704195967 0.0095993967961 0.026626214831 -0.18325309466 
-0.014152617688 -0.0077847990383 -0.16248481403 -0.0038676391043 0.0033453822396 -0.1732993777 -0.0013078183867 -0.022656280965 -0.16824623995 
-0.010241804639 -0.014947721375 -0.19232897387 -0.0036159541045 -0.0077073302199 -0.16611209158 -0.024422959276 -0.0056700654113 -0.18259670308 
-0.0022554942045 -0.0093529224365 -0.17764294133 -0.0065811761932 0.0011939658611 -0.1846533012 -0.022962013048 0.0068996501286 -0.16767321446 
-0.01330999979 0.0016814938017 -0.18254187549 0.00074649701971 -0.007114053208 -0.17476291584 0.01551416237 0.019483103863 -0.15900620292 
0.020961995422 -0.025503245871 -0.13819852404 0.028797832246 -0.018352956396 -0.1534621766 0.0024279927919 0.0063296909591 -0.16695165708 
0.014240680987 -0.0047063387141 -0.1436308613 -0.0094830588374 -0.012483030027 -0.16287019395 -0.0097151048199 -0.0046221407406 -0.15365818096 
-0.0052377288633 0.011436204322 -0.14259516433 0.0043247277829 0.025764346062 -0.16234008151 -0.0133639434 0.031482704009 -0.15580582724 
0.018171178657 0.025287131601 -0.14709802211 0.0047722637935 0.018359565627 -0.13488022525 0.0078751603856 0.033378544589 -0.16253622091 
-0.0041610781368 -0.0056095827347 -0.13991958013 -0.0065461761342 -0.015705975075 -0.15519189698 -0.013111174809 -0.0089469892096 -0.16038149914 
0.014965760485 0.0019815625906 -0.15500088607 0.0097944181709 -0.015965839023 -0.13734693018 -0.043895206259 -0.0082674638408 -0.11840052119 
-0.024579029113 0.0010140122661 -0.14819036922 -0.015929084624 -0.014606312482 -0.15618376936 -0.0012239724394 -0.018120005427 -0.16342888406 
0.023211287154 0.0016014775791 -0.16183455336 -0.023079206888 -0.0066393272134 -0.15277401319 0.014816012759 -0.0095379541184 -0.12179732025 
0.026450002525 -0.013064031726 -0.1468808275 0.0067985318108 0.01255467119 -0.14872887709 0.00084444909227 -0.015906726089 -0.1506553442 
0.0060237369748 0.013529080302 -0.12664327374 -0.0064765972165 0.034577303248 -0.11672113145 0.0024951926913 0.011237463753 -0.11297287204 
-0.00052681222115 -0.035919125425 -0.13769055178 0.015652681145 -0.019173449318 -0.15129503684 -0.022198194104 -0.012627151622 -0.12280571038 
0.011682785624 -0.01342518065 -0.12800925451 -0.013814551455 -0.016639182838 -0.13236189472 0.0050945201456 -0.0041706451299 -0.13237331849 
-0.0091747314561 0.0010046788381 -0.15176222808 -0.0012863394453 -0.0075101774557 -0.16343341923 -0.0024953207841 -0.0096530726197 -0.14058645733 
-3.6582326744e-05 -0.014701948924 -0.13350276771 0.015650877606 0.024625963858 -0.12423074033 -0.0041672656996 -0.018226025591 -0.13433474594 
-0.00023360356984 0.026306897572 -0.12391224773 -0.013579822525 0.010152178182 -0.1381468493 -0.023504120862 0.0099302485579 -0.13407570469 
1.0533130957e-05 0.0099608678406 -0.14294347385 0.0025122895642 0.00024937329005 -0.14164120485 -0.0049979468439 0.01087248037 -0.14803645971 
-0.0098035309293 0.018162102785 -0.10054503791 5.5415022579e-17 1.744017838e-16 -1.2524212371e-16 1.871802634e-07 -2.1557613461e-08 4.3087141583e-08 
-3.0068490941e-16 2.7806001419e-16 4.0807374985e-17 4.2250828015e-16 -3.4250325879e-16 -1.5412731325e-16 1.112174374e-05 9.0686655216e-06 -3.8497434589e-06 
0.01180179222 0.0092473542883 -0.074833007098 0.0048061665356 -0.011466226732 -0.082992352917 -0.013506437113 -0.016451212421 -0.14419701991 
-0.00099272456356 -0.024272498948 -0.1167892259 0.025450433173 -0.032521408578 -0.12272116714 0.018737180637 0.0075649596317 -0.11499917239 
-7.8785436202e-09 -1.6223654822e-08 -2.2052371546e-07 -1.1223941587e-08 -2.3212212113e-07 -6.8673311498e-08 1.1849141751e-07 -1.4073124341e-06 1.2723287154e-06 
-0.013932379354 -0.00391189417 -0.10667246561 -0.019864704173 -0.0011454161923 -0.11721553868 0.011837312162 -0.0092408382736 -0.11799899804 
0.018672686076 0.055551867425 -0.14508221775 -0.015929224924 0.00089421499079 -0.13172227714 -0.022044393374 -0.0084712007452 -0.14309291913 
6.7141820376e-05 -0.0073964976596 -0.12347424518 0.003795194135 -0.0041861432448 -0.077179866383 3.7108005521e-10 -1.3933957989e-08 -8.6918340737e-08 
2.1763723291e-06 4.3199388579e-06 3.4421816506e-06 0.0030764760675 0.0058452604384 -0.11684292182 0.022855479173 0.00080546091052 -0.13129682836 
0.0050489800701 0.018175030634 -0.12233249452 -0.0046290974851 -0.0074446534047 -0.15130670598 0.0097416702365 -0.0066132719004 -0.11416886236 
0.0088712494054 0.024480484006 -0.10397866531 -3.0981804968e-10 1.3505341424e-09 1.3726452996e-10 6.3524657983e-15 -2.0106793084e-14 3.9224144512e-15 
-8.9233510446e-17 3.266595017e-16 -1.6222971616e-16 8.4176807365e-11 -3.7377422221e-11 1.8222845237e-10 -8.584385224e-10 1.3679907704e-10 -8.8721416225e-10 
-1.8911361997e-07 1.5974552521e-07 6.1368417158e-07 -4.0530245952e-11 4.7477927394e-11 -8.1511469126e-11 4.8318260605e-17 2.6344282054e-16 1.9196943285e-17 
-1.5891545468e-11 8.5623063975e-12 4.9763483517e-11 -8.5883550007e-09 -2.6890151294e-09 3.0368754943e-09 -0.00066364577982 0.00065650450678 0.00071511886092 
9.563660385e-09 -1.3646874955e-08 -7.7126254717e-09 2.433518893e-12 2.8271978499e-12 4.2394496896e-11 -1.030354674e-06 -7.8085703882e-06 7.0336991589e-06 
0.040570299303 0.036459389202 -0.038848935861 0.036739532915 0.05821950284 -0.082507661245 -0.0075183312172 0.020976953855 -0.037365385416 
0.023297523203 0.0093385184116 -0.12694331054 -0.021671964616 -0.027189942785 -0.10913884627 0.013101595574 -0.0090775782698 -0.1444302096 
0.015902244642 -0.022047037358 -0.1233084521 0.0058518006233 -0.043458201928 -0.10055534528 -0.0068425519699 -0.0066739103386 -0.10879502475 
5.6845115447e-07 8.9345368289e-07 -1.6704593241e-06 -9.825353075e-05 -4.7877454368e-05 4.6407784057e-05 -2.1464208697e-07 1.7943720993e-07 5.1944520679e-07 
-5.2441008262e-05 -0.00026745724918 1.0138181175e-05 0.019122001262 0.0076019686397 -0.07626522711 0.031234783896 0.018068473174 -0.092732308122 
-0.014852694584 0.012932271466 -0.12551801071 -0.0050955421643 -0.014743743941 -0.12660053772 -0.01150391869 -0.0055176997204 -0.12849625037 
0.0092961852214 -0.019736752247 -0.14032307894 -0.031969994021 -0.014504653597 -0.069622076964 4.0666753943e-10 -3.6670359423e-10 -3.5613035705e-09 
3.1156679467e-09 -2.6073469202e-11 -2.7141355962e-08 7.1810881482e-11 1.0114695969e-10 -9.1425517318e-10 1.259581292e-05 2.7918008314e-05 0.00024354033962 
-0.013930668868 -0.0062192905995 -0.060502800165 -0.019469370093 0.044075451258 -0.10455874222 0.0062342554142 -0.012433764811 -0.13271268631 
-0.0032202091353 0.028429255281 -0.10084080496 -0.030072735277 0.0066431142211 -0.1155206063 0.01286933353 -0.027183559041 -0.12889953589 
-2.694506884e-13 1.0145124232e-12 -1.1635059739e-12 5.6084856586e-12 -4.3740924432e-12 2.2663723758e-12 -2.660272388e-15 -2.3611323928e-16 6.1081494869e-16 
2.5614990682e-16 -1.1259710882e-16 1.0843368351e-16 2.7574129026e-09 7.451756412e-10 2.6374313455e-08 2.6443281916e-07 7.4353809395e-09 3.5542956453e-07 
-3.4675736689e-08 -2.1731077467e-09 2.8247684093e-08 3.8752341933e-05 -3.7170854875e-05 2.8779069881e-05 -0.00016811417727 0.00010660525673 0.00034290231864 
-1.3899572801e-15 -1.598869008e-15 -1.2289677981e-14 4.0944537745e-14 -1.6250718971e-14 -8.1567237203e-15 8.1593718692e-17 -3.413419098e-16 -2.76836462e-19 
7.3047568332e-07 2.5860367713e-07 2.6533151897e-06 1.7481833338e-05 -0.041725434505 -0.093795161994 0.044861930407 0.015235101307 -0.073883877848 
0.00021417389541 0.026430435978 -0.096465783238 -0.031008323288 0.031131778493 -0.11691047243 -0.0057691039055 0.016070781921 -0.058200344373 
0.022620249256 -0.0010830981815 -0.10008449146 -6.4681989771e-09 3.4410704574e-08 3.144848026e-06 3.2150115811e-19 1.0057058936e-17 -2.3367335595e-18 
4.251679721e-07 6.5130070831e-07 3.2600145037e-05 9.7190451416e-06 1.5192197317e-06 1.6752423531e-06 -2.6797910826e-05 8.0250009629e-05 0.00024682904047 
-5.2037075691e-08 -4.345522252e-07 3.0629546446e-06 0.030720566403 0.0020815322434 -0.05610242476 0.0064973755717 0.0030240043544 -0.080991727337 
0.0027961407369 -0.0080463917119 -0.10872364499 0.023670043666 0.0061677948032 -0.083879989567 -0.01609937351 0.0048417813488 -0.085634067945 
-0.010624356453 0.01140404457 -0.089900055636 -0.0059092836766 0.0050700020261 -0.095025121308 -0.033187643241 -0.028637347786 -0.08312114866 
0.023839715216 0.021759705754 -0.083125408411 -0.035709806271 0.0029627170862 -0.086250803764 1.3208382169e-11 4.5570714516e-11 -5.8209333097e-11 
-4.0053322457e-05 -3.8039805578e-05 -0.00011391407766 3.9662477793e-05 1.4596855561e-05 -0.0003689709825 -0.0069739928334 0.026551888779 -0.08906010154 
0.058046832458 -0.027221179662 -0.071689696012 0.034129643494 -0.024272595305 -0.046328539851 -0.0052029261846 0.0077611576537 -0.088591601962 
0.0183099322 -0.052219473126 -0.046476953172 0.029463827271 -0.058369682945 -0.027723478915 0.039711924966 -0.0010112225058 -0.12203433493 
-0.023937376243 0.0066445249451 -0.079920658599 -0.014134944624 -0.070838833235 -0.07507626192 0.0031626195309 -0.009614497456 -0.11730888225 
-7.4708770132e-15 7.3480873958e-12 -4.2282522754e-12 1.6633036075e-11 -9.0973829424e-11 1.085815295e-11 -5.0771983019e-17 4.7817507211e-15 8.1704237841e-16 
5.7133355204e-08 4.7348696625e-09 9.9583780377e-09 3.7984620948e-10 -4.1085106654e-10 -2.3826608601e-10 3.2341246818e-10 -3.8787122844e-10 -1.3787695693e-09 
-1.0014053401e-09 8.4552166064e-10 -4.2130583299e-10 7.0749352667e-11 -5.0809807267e-11 -6.0979352775e-11 0.00061667712023 -0.00046511153181 0.00018004044161 
8.7600870329e-16 -4.2125957794e-16 -1.4167360979e-13 -1.6528096875e-08 1.3287135431e-08 1.5138798934e-07 3.7169001088e-07 1.162200694e-07 -1.6426784984e-07 
-1.1521259153e-07 -1.2397121117e-08 2.4431790252e-07 4.4010100251e-05 4.3942919693e-05 -3.8715437385e-05 2.1228223057e-16 1.0523064554e-17 5.1807467399e-19 
-0.01224717922 0.021992420192 -0.076077963607 -0.029558887653 -0.00042379140323 -0.11872790927 -0.021617282849 -0.019589744158 -0.096310968221 
-0.027968117396 -0.017865923836 -0.08074801645 -0.0084427945295 -0.01085095057 -0.079490965569 -0.01254620012 -0.02109997585 -0.083627660059 
0.0021999997419 -0.016342689603 -0.099363022619 -0.0085069643256 -0.031609201017 -0.08673956995 -0.0081808062172 0.016152458282 -0.062023152596 
2.2219131885e-05 2.258437908e-05 8.0581276574e-05 1.9248897766e-06 -1.7466543277e-05 -7.4862992269e-06 1.9848485069e-08 4.4510892363e-08 -5.6114435744e-08 
0.057677042568 -0.047276898293 -0.034459724375 -0.0025570631022 -0.028452544243 -0.082561605289 -0.00073850300403 -0.022264190761 -0.059827130071 
0.0040309186249 0.010350368075 -0.1104050182 -0.011486754591 -0.013679458888 -0.11053817693 -0.024439119076 0.0034624465102 -0.097370969888 
0.026777259793 0.025668116735 -0.10251964469 0.016240373943 0.0029324873277 -0.099107612264 -0.0023345703531 -0.019415092189 -0.075300736381 
-9.1877894849e-13 4.4898894175e-12 1.8338792776e-12 -8.2305866418e-12 6.9411217181e-11 -4.6130777045e-11 -0.018749656413 -0.0034220517077 -0.055574399081 
2.6392076931e-07 1.1300255371e-06 -3.2072560484e-06 4.6329828058e-07 8.0115406626e-07 9.8354800794e-07 -0.01500436908 -0.00090476804759 -0.075726988888 
-0.011661798597 -0.0063755620988 -0.081341229335 -0.010372235487 -0.0084930012444 -0.098248518173 0.019072908908 0.010890253486 -0.094451257332 
0.013116806507 0.00135436883 -0.098645798049 0.047915511539 -0.0042128930149 -0.086996322013 -0.012190248959 0.0049619854853 -0.096062166043 
-5.0851428367e-16 -1.9039033143e-16 -4.4143762016e-17 -4.1647433065e-13 -1.2382586658e-12 -8.2393098137e-12 2.1410141284e-12 1.0439500561e-12 -9.5772082018e-12 
-3.886844956e-08 1.0409761874e-08 5.7041059862e-07 4.9587551986e-08 -1.8372715447e-08 -4.3207245277e-07 8.4123031001e-09 -1.2033300179e-08 -3.3070936171e-08 
1.4464774016e-08 -7.6282492753e-09 3.4853762095e-08 4.6352439914e-08 -2.1130151186e-08 -8.0242361339e-06 2.418893573e-07 4.467522149e-08 1.027567905e-06 
-2.3715359609e-17 -1.2046456551e-16 3.2390567336e-18 0.030204160362 -0.027910875957 -0.095188152463 -8.6748009713e-10 -4.2377988049e-10 -4.1464816119e-09 
3.4166404921e-08 1.4556815305e-08 3.1221707847e-08 2.1991909709e-05 2.3746504399e-05 9.4558196693e-05 5.3313596976e-17 7.5515974457e-17 3.6584342e-18 
0.00024203918633 0.00014128025886 -5.2366892387e-05 0.0089753868084 0.010171762616 -0.052203312045 0.014647464797 0.0090574491955 -0.080465382214 
-0.019736938513 -0.0051884605398 -0.092089453296 0.020420501319 -0.016292440788 -0.077523027976 -0.0028582326755 -0.015369103909 -0.10889026906 
-0.027910699673 0.016832742775 -0.066702552171 0.027202403238 -0.011749901645 -0.074283479125 -6.0121293696e-05 -0.00010028914893 0.00012784447813 
-0.00047074750196 0.000411743056 -9.2697590376e-05 0.00027485261521 -0.00022213728843 0.00017877572029 8.6450202511e-18 1.2852488173e-17 -6.7759644583e-18 
0.022330207072 0.015296665925 -0.059405534912 0.027110862786 0.0073033249301 -0.10736198775 0.00061598475524 0.02052707167 -0.080081562217 
0.018277195288 0.012831944873 -0.10168559525 0.0039287821081 -0.0046505178753 -0.090795066816 -0.012929367467 0.0004512231555 -0.066396282594 
0.011301295111 -0.0071017849488 -0.070242712499 -0.019044854178 0.018245578197 -0.082770830996 -0.020758183613 -0.027889598655 -0.090446150668 
3.052254404e-05 -7.694538694e-06 -0.00013718504512 -1.1697504701e-05 1.8329808087e-05 -4.2084379303e-05 5.4549712338e-07 1.1937104429e-06 -2.6564080238e-06 
-3.2356641582e-08 -1.1699687814e-07 9.2334407022e-07 -3.6997329968e-07 -6.0629723306e-07 1.2227233214e-06 -1.5883131126e-07 -2.3128964056e-07 -1.0144475261e-06 
-0.0066422343582 0.021342633574 -0.10086425026 0.0079660989461 0.019321850225 -0.096836016362 0.0053470490174 0.011648080812 -0.062840533515 
-0.0076313738666 0.025903641816 -0.092654908996 0.0081880115706 0.013132916321 -0.080109623949 -0.0026922902022 -0.023723759276 -0.098702106175 
0.014378008947 0.022264684048 -0.081866232227 -0.0081216316567 -0.0071649653751 -0.084691295612 0.01623971933 0.0099735449738 -0.074324255135 
-0.00037857588324 4.7829936652e-05 0.00066507188098 4.6889331521e-16 1.8548830884e-17 1.4020339895e-16 3.6081517374e-08 -5.9204966792e-08 -2.2060672846e-06 
5.9766179e-08 -2.464777778e-08 4.8735850164e-07 5.0018861698e-09 5.8802323807e-09 3.5169623381e-08 -1.7842140511e-07 6.6422462236e-08 -5.6773245592e-07 
-0.018617962889 -0.01844222826 -0.082710228623 -8.647144681e-09 3.802596583e-09 -1.1708127173e-08 -1.6453160092e-15 4.7908404211e-16 -3.0066235155e-17 
-2.3620042965e-06 2.1226855187e-06 0.00043604685734 0.0032781266784 0.0027060161228 -0.0015491583345 8.641001584e-07 -2.1774111152e-07 -4.5325356197e-06 
3.3037590086e-08 -2.5984367606e-08 3.0990697829e-08 -6.0494445358e-08 5.1069009143e-08 -8.5012128221e-08 -6.6131657424e-08 3.3447579547e-09 1.9151812455e-09 
1.9187844801e-07 -1.7270356701e-08 7.3029868147e-08 -0.0049360437308 -0.0011859973758 -0.042456414504 -4.4271562647e-09 -4.6504396219e-09 1.6789033604e-09 
2.7909896632e-06 4.0908091045e-07 1.5206095312e-06 -1.8396056332e-06 -3.5184481525e-07 -9.1385247733e-07 -3.6021791026e-09 -5.4638959534e-09 -6.9451004768e-09 
-1.5453820695e-05 -1.3583024555e-05 0.00014542389126 -0.0096613541132 -0.019654479669 -0.060310318834 0.021136041253 0.01472660802 -0.045541444695 
-0.0077133232418 0.018739119383 -0.087538394318 -0.010819872116 0.013966346369 -0.082838937383 -0.00036430341875 -0.010074697789 -0.066270249191 
0.0045207312432 -0.0096128449946 -0.11853723371 0.014433307085 -0.018662212091 -0.10823753858 0.041674829789 -0.006983690385 -0.10253905686 
0.0085562329361 0.023124031607 -0.091908660181 -4.8603638811e-07 -8.7888359713e-07 -3.7886650132e-06 0.00074677128901 0.00047187447785 -0.00078660325678 
-0.0033056688927 -0.016542838949 -0.041274553767 0.0022105649103 0.0020396887833 -0.081229886635 -0.010044042801 -0.018850158463 -0.11976037593 
-0.0084905621574 0.0080006466511 -0.080006983187 -0.014743240469 -0.025260783841 -0.11122530276 0.014348629214 -0.0030348214695 -0.11911474863 
0.0065894801758 -0.024295656823 -0.064608717381 0.0011240652633 -0.026376351559 -0.080229421955 0.020114348773 0.0052079536757 -0.089112613461 
0.0013491307914 0.016681945532 -0.10179457456 4.2476464084e-11 6.93427848e-10 2.4967740399e-10 3.0256529205e-11 -1.6613891387e-10 -5.5926049955e-10 
-7.3374155419e-07 -1.5578751853e-06 -2.3332681078e-06 0.0017217124236 0.00030963445653 -0.050004517285 0.010595511713 -0.016468920536 -0.051645823143 
-0.013457258126 -0.031924016871 -0.097645917453 -0.0015517761825 -0.029686748421 -0.069883922118 -0.013221111668 0.0055995843846 -0.095186933947 
0.017179794875 0.0011865098313 -0.082564425096 0.0001728707251 -0.011838167574 -0.089887684761 -0.016851097496 0.0076853834598 -0.10197932975 
-1.5571060479e-08 4.3194301901e-08 2.2673158453e-08 6.7361016699e-10 1.7884953275e-09 5.7085012296e-09 -2.0947283146e-08 -2.2044638251e-08 -9.6312537616e-08 
8.1022023928e-08 5.3066112524e-08 -2.7527538477e-08 -1.0925407148e-08 3.3359537109e-10 -7.5089581853e-07 -1.3908788732e-12 1.2226179216e-13 -1.7680969166e-12 
-6.7020035711e-12 2.8980772702e-12 -7.9363097723e-12 -3.493436888e-07 2.102080888e-07 -0.00010283618237 -5.2199669578e-08 -3.906286095e-09 -9.816653328e-08 
-3.3448746627e-07 -4.7536003945e-07 9.9941186615e-06 -3.4910928017e-07 -3.4150532262e-07 1.4280660955e-05 -7.2169112058e-09 -9.1270060885e-09 5.636024054e-09 
-2.4266517717e-10 4.7177865614e-10 5.6174177571e-10 -0.00013467544817 -5.5988207783e-05 0.00019715322744 0.0042157168437 0.011718632085 -0.081561131288 
0.025106547833 -0.011984171852 -0.09882714465 -0.029733043494 0.030103211641 -0.09701672901 0.016107688389 -0.0090412282725 -0.10200380955 
0.019194109361 -0.0022986060133 -0.11173221923 -0.033484722681 -0.021048294239 -0.098518014513 -4.5897239714e-09 -5.8739314678e-09 1.0979267901e-08 
-1.9703439056e-09 -1.4387009432e-08 -5.4619656157e-06 8.1607347312e-07 6.9691663363e-06 1.0896493172e-05 0.078842619202 0.0317374119 -0.043528101086 
-0.022480513122 -0.0075161772452 -0.12337338985 -0.0031907595548 0.001406069114 -0.13790698248 -0.016175494535 -0.013792420494 -0.11595551456 
0.0058597135691 0.004239762742 -0.10284557231 0.02553225259 0.0094844341091 -0.064163662032 0.0015240432767 -0.028608919131 -0.090126194866 
5.1856866731e-10 -6.891317775e-10 7.5396434888e-10 -3.3630378304e-11 -1.2900350437e-09 3.335225009e-09 -0.016008436862 0.002544228422 -0.063309933023 
-1.9428491965e-17 -1.9031844016e-17 -1.0490369037e-18 -1.2011976776e-12 -1.089827469e-12 4.4316573052e-11 -0.028287365009 -0.010016929343 -0.064866485949 
0.0044791486534 0.001882653766 -0.084526185942 -0.017898578588 -0.00023722429325 -0.089688320241 -0.019301573284 -0.018064193974 -0.099468071482 
-0.0015250051237 0.004879501675 -0.089379806208 -0.0053305037742 0.028941080864 -0.085186635282 -0.030480759699 -0.016634602123 -0.083166655714 
-3.2983877077e-09 4.6892002511e-09 6.8029257687e-09 4.6446763006e-05 -1.9431692128e-07 -0.0010024977623 -5.8682004927e-08 -2.6799891938e-08 7.7719024842e-08 
-2.5144464662e-07 -1.6433463676e-07 -3.2605606353e-05 7.3837088045e-13 -1.0962393648e-13 -2.05030258e-12 -0.01272734697 -0.017105921769 -0.085830154795 
-6.2998204564e-05 3.7580047745e-05 0.00032821604278 -9.2689034773e-13 4.7063999078e-13 1.5126131587e-12 -4.0859946025e-10 8.4030322618e-10 1.0489054333e-08 
-0.00049203397397 0.00015188094618 0.00056525670349 0.0003204673958 0.0032319158333 0.0014835710251 8.6344307229e-08 3.010651519e-08 2.3307711772e-07 
-0.02037227258 0.074523748014 -0.04602688912 -1.2258937401e-07 -3.8306463516e-08 2.2889594037e-07 6.515044146e-08 2.1248403298e-08 -9.654837725e-08 
3.0663412882e-10 -5.0663199e-10 -7.2415914152e-09 1.0214903948e-10 -2.8104808588e-10 -5.3699303891e-09 0.0031946421549 -0.034331370478 -0.093464269594 
0.0040699815716 0.0055363177761 -0.109167327 -0.030016872466 -0.015651979844 -0.0800623288 -0.017249076888 -0.015219899476 -0.069581212872 
-0.037063142093 0.015589521268 -0.067549739088 -0.024888569349 0.026819731672 -0.072889365863 -0.00076674895168 0.00070345885535 -0.085836577393 
1.5295973425e-06 1.5214484716e-06 -1.2163679556e-06 3.6639312611e-09 6.8909047642e-09 4.4071949754e-09 -2.7020232957e-07 -4.1899915829e-06 -1.2662341278e-05 
-3.0602274389e-05 -7.7019963562e-06 -7.3116532714e-05 -0.00074194067303 -0.024934549523 -0.079624815584 0.0037254069923 -0.0010290048535 -0.097860921174 
0.012002241136 0.012128257193 -0.073714682271 0.036000059301 -0.0057935541155 -0.10431864478 -0.0045493733074 0.0068972480086 -0.029169128605 
0.011984939954 0.0078078860904 -0.11453288584 -0.042986354573 0.014770614858 -0.11455145312 0.0044784382899 0.028930528641 -0.097340258426 
-0.025078977491 0.0025513302911 -0.072290824966 -6.8390825016e-10 -2.5739365482e-10 1.3687503284e-08 -6.8271610531e-07 -2.1837239729e-06 0.0002603729979 
-1.8330696579e-09 1.7136875399e-09 2.2319874271e-08 -1.7337557916e-06 -3.8383590095e-07 5.1934443876e-06 -0.0048684505218 0.049075096655 -0.093513927236 
0.041461775798 -0.0043538383856 -0.069286985903 -0.0038223668203 0.021590415356 -0.021938575463 -0.0058785419763 0.010035257477 -0.079014727971 
-0.0046409392108 0.0088015544319 -0.10157664772 0.0086873260418 -0.032955864268 -0.065688511173 0.0043852219486 -0.013114371551 -0.068404631949 
-0.017063212129 0.0076334413001 -0.097474228499 -0.025277142589 -0.013486884522 -0.13553212696 0.039484386914 -0.0078588438882 -0.11879486927 
7.9200994017e-12 -1.064206842e-11 -2.14929746e-10 -1.5452700463e-09 2.6879553292e-09 1.4336257529e-09 -1.2513488161e-15 1.7847541838e-15 5.8064145341e-14 
3.27708504e-06 6.2213443847e-07 -1.4772285498e-05 1.8183928858e-15 3.5123467312e-15 -2.8210604181e-14 -1.6311144121e-06 6.2554958271e-07 -1.9475368519e-06 
6.8006778836e-15 -3.9554387101e-14 2.6777097558e-12 5.6907398867e-08 -5.059903779e-08 -4.1141246785e-07 -1.3087634739e-05 1.5924331985e-06 1.6003863973e-06 
7.3494464599e-06 -3.2845985946e-06 -1.6646058756e-05 -9.9286842105e-09 -3.0876663661e-09 -1.2728884263e-07 -7.1369984271e-08 -1.5975302102e-08 1.868244246e-07 
-0.016316679879 0.014959389035 -0.1191771288 0.0005051747508 0.00035135058506 0.0002742707611 -1.7655715733e-07 1.9276963887e-07 -7.845707214e-07 
1.9344970174e-16 1.7282673592e-16 -3.431246687e-18 -2.8277965407e-05 6.1198702173e-05 0.0003356565978 0.039662488268 -0.004904707806 -0.072912488124 
-0.0088180845698 0.0022104027181 -0.07632324283 0.011302050755 0.025100465934 -0.11352895793 -0.025541052931 -0.012271552093 -0.079335298446 
0.037857616467 0.013634497653 -0.038321164298 -0.004570116163 0.017689325928 -0.038640274557 -0.023904227981 0.021097469966 -0.099776595321 
6.526190984e-07 1.0686888455e-06 -6.0533892274e-07 1.0306887653e-05 9.6024618696e-06 1.1243580456e-06 -2.8069015804e-07 -3.5075409339e-07 4.4234095198e-07 
0.00051378327295 -0.00090544833131 0.00035532040255 0.0030855303463 -0.026206790175 -0.097283655264 0.059775837079 -0.0009941906457 -0.037570206663 
-0.0072508898368 -0.011547204452 -0.1129269314 -0.028872135643 -0.010084288399 -0.088761234874 -0.0075096248108 0.012116851813 -0.10740787508 
0.018728150679 -0.012737328507 -0.084711506512 0.015528020679 -0.032894563342 -0.05814674623 0.011539086761 0.054394453756 -0.088952294034 
-0.025083830818 0.044218631948 -0.065882339426 -6.4146172842e-06 -2.5658384522e-05 -3.1402117016e-05 1.0375740377e-06 1.4890054082e-05 -1.7731179653e-05 
0.00071653239835 -0.00046007503221 -0.00035818663422 0.0037654936682 -0.00020849921487 0.0017454014876 -7.8713454417e-10 -8.811662125e-08 0.00011524007367 
0.039101928164 -0.023155219579 -0.11599370689 0.0026105211537 -0.015913657886 -0.082144795011 -0.020653363852 0.033846329247 -0.086442445943 
-0.024352974438 0.017432263206 -0.051133074645 -0.0082536099389 -0.019172165745 -0.051941538555 0.014336439138 0.015875469692 -0.075307243204 
3.7196171302e-08 -4.0721990835e-08 3.1392985328e-08 1.0886203631e-16 -4.7029277585e-17 -3.5585046811e-18 -4.7367409745e-15 3.8861734672e-15 -1.3741891155e-12 
3.1005691985e-06 2.0179641134e-06 -0.0002953991134 3.6490672681e-12 -8.7647577085e-13 9.4031100573e-12 -6.9326716589e-17 9.7439390642e-17 3.5928731032e-17 
-1.2357877393e-12 2.4664646959e-13 -4.1034494671e-13 6.7017791873e-07 -3.1228841604e-07 4.4952550838e-07 -6.1200424962e-09 1.2742517369e-08 1.3620568977e-07 
-4.0304638149e-06 6.4175439096e-05 0.00017408033917 1.3699924672e-05 -6.7899404734e-05 -0.00055635168045 -1.6472607086e-15 -2.9370300223e-14 1.2190290568e-16 
2.2019114105e-06 2.2457115034e-06 -1.977591275e-05 0.020355364666 -0.01897268844 -0.085112839834 0.0066634742013 0.018688102291 -0.055661573626 
3.2613558742e-08 7.8135742996e-09 -2.2861357614e-09 -1.1518987704e-07 -7.6132285458e-08 -2.4779392101e-07 -1.2847594389e-16 8.2696364479e-17 -4.846753199e-19 
3.9146434188e-07 -1.1060254541e-06 -0.0002050632692 0.014172639732 0.018279130112 -0.059323761216 -0.014750809125 0.0035512975534 -0.044709351891 
-0.027771804297 -0.0094134823845 -0.11378842384 0.041544274228 0.012525278042 -0.12323868795 -0.010951890181 -0.0023295595667 -0.095685081666 
-1.0564790678e-07 -3.0808963217e-07 9.560638312e-07 1.2092401634e-07 -3.7902339004e-06 -2.0657735131e-05 0.010384388879 0.0016908277719 -0.091387166847 
-0.0023175677724 -0.021062796662 -0.10630928856 0.026524761467 0.0010957680106 -0.087080176593 0.010745276221 0.02081823434 -0.10341184973 
0.0094186280531 -0.0089776887411 -0.10701106832 -0.0058149965214 0.029521456792 -0.063656971393 -0.059234504465 0.018777317003 -0.044170862318 
-1.7179867149e-08 -1.9051730298e-07 3.9705406561e-07 -8.4953051126e-11 4.4260356601e-10 -1.0636708518e-09 -0.068421896309 0.012591897628 -0.036576488866 
-8.9992619605e-07 -1.3131036725e-06 6.3594923989e-06 -2.90197578e-17 2.2525762493e-17 3.2452781932e-19 -0.02018210687 0.021153619452 -0.015416272605 
-0.018748094478 0.00050031269263 -0.093833564373 0.028840421021 0.017643882635 -0.12500643823 -0.014816548619 0.0067167758241 -0.089781274082 
0.017336322627 -0.025130010919 -0.11030214899 5.6468447773e-16 3.5386332753e-16 3.3399586691e-17 -4.3207798075e-17 3.8770234427e-16 9.0667466382e-17 
-8.8112172265e-07 -1.0425202849e-06 -2.9717344127e-06 5.4014884753e-07 3.5693868283e-07 -0.00025077252431 9.8786441956e-08 -1.570245564e-08 4.0824402792e-07 
-1.4974601122e-08 -2.8611170204e-09 -1.8648378743e-06 -1.962141383e-07 3.3077041667e-08 5.0296912798e-08 0.034165041284 0.0062165772422 -0.061807931394 
-1.1415936641e-07 6.2812745432e-08 -4.7576600308e-07 -5.4570744964e-13 -3.0167404255e-13 1.6508032301e-11 2.1444554629e-06 4.7510152369e-06 -3.6294294468e-06 
1.3363432374e-06 -2.5145391823e-07 -7.7392040732e-08 -1.7378291372e-06 2.4199740386e-07 6.4533445604e-08 -0.00017186915028 -2.8888773703e-05 -0.00050932828593 
4.7511981998e-06 -2.5787179501e-07 -2.1592749099e-05 0.00025107916092 2.8516452245e-05 1.9694317153e-06 1.8726526459e-05 4.5007716487e-05 0.0006486446244 
-5.824183605e-05 -4.3914415147e-05 -5.7639211744e-05 1.7696402168e-07 -1.9949497576e-08 -1.0110213958e-05 -7.9265868353e-17 -8.1310578842e-17 -3.5049895366e-19 
-0.0046919708713 -0.00012431807464 -0.086185373347 0.018175728554 -0.0089610577593 -0.082902349579 -0.03773528951 -0.058930446561 -0.076783910362 
-0.014866073826 -0.0076020661952 -0.088066728647 -0.0049110317561 0.0048547013822 -0.049194646714 0.033980957694 0.018149954697 -0.085436847232 
0.027162193737 -0.026869765767 -0.076416938392 -3.4015170789e-08 -6.8091963317e-08 -6.6687109068e-07 -2.2949108127e-16 -1.3560536183e-16 5.4172210474e-17 
-3.9996254144e-11 -3.047724377e-10 -2.4191827976e-10 -1.205613843e-13 3.7923410506e-11 -4.2289100384e-11 5.063162726e-08 -2.5168372629e-07 8.1043873648e-07 
-0.0045355312399 -0.02061433573 -0.1093794505 -0.0081465633201 0.025048774326 -0.10431061305 -0.024275041455 -0.011252569884 -0.12282402269 
-0.02886628921 0.0066527085303 -0.10003182262 0.015265359703 0.033123832099 -0.059767730718 0.029947726018 0.00032468270414 -0.1183650104 
-0.018695396974 -0.0059563662847 -0.10670856696 0.029861561536 0.027725320451 -0.13228627206 -0.01720500146 -0.0039628875474 -0.11329804173 
0.008593961829 -0.028285518191 -0.088088713408 -0.0035781774019 -0.0081654290147 -0.1035192833 -1.116979984e-07 -3.8890359272e-07 -5.7968851583e-07 
-6.681684852e-17 -3.6736377924e-17 -1.0849343761e-17 7.6211165291e-08 2.4277587964e-07 1.0884151563e-07 -1.1873417739e-06 -1.0114120213e-06 -7.9194963322e-06 
-0.020753270294 0.012198557653 -0.078017736379 0.005766236053 -0.0062104676985 -0.10387973313 0.010374625295 -0.0085010766819 -0.11152665284 
0.022675963894 0.043060591737 -0.060199597187 0.012680597938 0.025524718537 -0.084795172737 -0.029980145598 0.010502788942 -0.037358098167 
0.010754780074 0.024177486848 -0.041833877411 -3.2956870217e-05 5.1829965055e-05 -6.0641345484e-05 -9.7693404808e-11 -4.3874295229e-11 -2.7173271209e-08 
2.2290964475e-06 2.1949129447e-06 3.7990095563e-06 -9.2721110269e-06 -4.0386607796e-06 -6.5745161433e-05 -8.2075142535e-06 2.397909798e-06 0.0020722970941 
-9.4274900855e-17 -1.161122332e-16 9.9695308161e-18 -3.3306655806e-10 1.2539393898e-10 2.6397397765e-10 -2.9790496611e-12 4.8179941608e-13 8.4476580033e-10 
3.7515070817e-12 1.4290904843e-12 -5.7664508948e-12 -8.9776201624e-14 1.0466888243e-13 6.3577306804e-12 -2.637510846e-06 -2.8776331929e-06 -9.9728406398e-06 
1.3031175476e-07 -6.1853804678e-07 5.3868436024e-08 -2.6118497656e-16 -2.2304597332e-16 8.994446767e-20 0.012600078992 0.038637639653 -0.062020452184 
-0.012362848609 -0.014136626712 -0.10443773062 -0.016972085531 0.0052944041163 -0.10104225723 -0.015363681285 0.055928059843 -0.032545193409 
3.0394540653e-05 -0.0096971097544 -0.076830199371 0.010379991665 0.01375245508 -0.0013393103948 0.0095140205626 0.027963149653 -0.092053738043 
0.038013969995 0.022835055326 -0.11980201102 -0.069107740781 -0.023670562179 -0.095409662942 4.8893019295e-08 -3.3127884641e-08 1.1339847721e-06 
-7.4242195379e-07 -1.2686353272e-07 -5.9184968051e-06 5.1733578757e-11 4.8515761736e-10 -3.4826798771e-10 -0.016270185215 0.051531620537 -0.066813555025 
-0.043560099134 0.0019403858754 -0.10053121722 -0.028665806775 -0.041808570887 -0.08965467136 0.033673572131 0.0050441385867 -0.10493108235 
-0.024485982455 0.013168665382 -0.1190468281 -0.016205503742 0.0092978441534 -0.095445698533 -0.018432788111 -0.018162218157 -0.067922568407 
-0.019154449448 -0.032481629088 -0.11750635622 2.6227594134e-14 8.459876525e-15 -5.1207696303e-12 -1.2622138564e-07 1.0727093215e-06 -1.5786166857e-05 
-1.5675461529e-06 2.6359465693e-06 -9.9701965672e-05 0.018792222869 0.016003504167 -0.10103902895 0.0072981037843 0.036102663886 -0.108533361 
-0.011951171806 -0.0010430933302 -0.056664371573 -0.0074379059661 0.016166723676 -0.10164234625 0.012771699019 0.015763554858 -0.01964095082 
9.6451006014e-18 3.6970019546e-16 -6.7423305537e-17 -5.1645052051e-08 7.633765875e-08 6.0064308472e-09 0.00035961423615 -0.00067881595873 0.00076693783499 
3.4874125369e-12 2.7661220996e-12 2.4061875397e-10 -4.1703807089e-07 -1.7152710766e-07 -0.00018942232479 1.074974544e-05 6.0556728035e-06 -3.9898864642e-05 
-0.022953620952 -0.0043689225307 -0.056398708239 2.1233564873e-06 -5.1159158062e-07 -2.8643475001e-06 -4.9591763275e-07 1.5303574176e-07 -3.4939774884e-07 
-4.2978396814e-16 -2.8349643739e-16 4.0952856315e-17 5.4054130686e-16 4.1577653558e-16 -2.4288582364e-16 2.8828308838e-05 -1.3567277324e-05 -1.5221687259e-05 
2.2529493732e-05 -1.8201826912e-05 -5.9152220809e-06 -7.9161956952e-05 3.9292312942e-05 9.1345808479e-06 -3.0056203923e-06 7.129827872e-08 0.0002280993345 
0.003137613126 0.024773003652 -0.10210506095 -3.4385036815e-12 -1.6093400508e-12 -6.4177192049e-12 6.0471681844e-06 5.7567183096e-06 3.9077544534e-06 
2.2250015206e-10 -9.0461304136e-11 -1.8168665914e-09 -5.0768895631e-17 -1.4325144184e-16 -5.416567293e-17 -2.4349259084e-07 8.7256666082e-07 -7.6536532126e-07 
1.7281858585e-07 -4.2143062888e-07 -3.7888912883e-07 0.019112091154 -0.0047306942529 -0.11484015399 -0.031624716576 -0.011944364227 -0.075631741265 
-0.0042063402724 -0.019070009468 -0.1412521445 -0.040215688799 0.026555755667 -0.070331914984 -0.027828623156 -0.0089536536594 -0.090080286165 
-1.2326897326e-05 -1.6589228576e-05 -4.8881890404e-05 -1.4066463079e-07 9.159185382e-08 2.0739285362e-06 5.6743602991e-06 9.2039067137e-06 2.0124271125e-05 
0.026029066224 -0.034898549939 -0.063251057886 -0.045625486309 -0.0067145604077 -0.087707937066 0.0027969457413 -0.014769182797 -0.087392727395 
-0.014664159895 0.040137329636 -0.10314135687 0.023244327886 -0.041697569215 -0.1125080323 -0.036938476953 0.036755675723 -0.082502015867 
-0.018296325347 0.033409797745 -0.026568305639 -0.039037850362 0.034344674855 -0.036521604996 -0.034623735106 0.029490819727 -0.079196755916 
-1.1796228792e-05 0.00010344878163 -0.0003898912643 3.2424283772e-16 -2.0937609226e-17 -2.813690804e-21 1.1413150883e-07 3.1074200939e-08 2.5753168125e-06 
-0.011952694604 -0.015551734334 -0.11011154315 -0.0050348082296 0.013659939366 -0.12944699256 0.06406186413 -0.00087639704401 -0.017578764369 
-0.016041505051 0.0053236159092 -0.091990986744 0.0050364283147 -0.0043401590893 -0.080538421903 -0.017154373759 0.029161631477 -0.078794137761 
0.00011190338318 0.0056209029842 -0.11140378898 -0.086286648567 -0.0024289564281 -0.093166782712 -3.3699982411e-16 2.0464531953e-16 -8.9200251172e-17 
-0.00072367481796 0.00021770531887 -0.00067803439393 1.5755368724e-09 1.2482347745e-09 1.64349327e-09 -1.0791335399e-05 -7.4032816669e-06 -2.0725589149e-05 
2.5840672795e-18 -1.0423443893e-16 7.1163870949e-17 -1.2519142097e-06 -6.6000972567e-08 -3.0135064625e-06 2.7625290568e-16 7.3852990567e-16 1.556073196e-16 
2.0532828287e-05 -8.8759178628e-06 8.7959377183e-05 1.4619153685e-08 -1.1501080343e-08 -6.584861282e-08 3.385217221e-08 -2.7539576014e-08 -1.6550877542e-07 
-2.1087605315e-08 5.0101948519e-08 -1.245097991e-06 -0.00036858472308 -0.00021995612982 0.00021228198672 -4.2741443984e-11 -2.585154546e-11 8.0514164515e-09 
-7.2306225114e-17 1.4259131313e-16 1.5899455803e-19 0.00013411266968 0.0048670782159 -0.1087258059 0.014564475904 -0.034959075484 -0.11501400844 
-0.018671254473 -0.015086776469 -0.099758843459 0.051242895362 0.020893675866 -0.096945872901 -0.019585247084 0.033839883232 -0.062062396446 
0.031334045252 0.0053729079978 -0.10300881652 0.0020918272723 -0.013513480176 -0.10303114637 -0.00010898010789 5.6906357091e-05 -7.0587095049e-05 
-0.0004114440867 -0.00044332816029 4.7389530081e-05 0.00034898263232 6.4897908299e-06 -0.0006084447088 -1.9461235163e-07 7.4372947334e-07 5.1873389256e-06 
1.905215868e-07 1.2390927212e-08 8.7861904464e-07 0.018946985166 -0.0054851989144 -0.092645715581 -0.009741883146 0.037463713613 -0.12937679451 
-0.023603899251 0.0019883790951 -0.13867868075 0.015730341514 0.0063917302028 -0.12520417829 0.013003632995 -0.0013781344482 -0.085780841622 
-0.0043331503463 0.0022338957044 -0.11162150437 -0.015278698865 -0.00084540653273 -0.063374377894 -0.0096307778203 -0.021613840057 -0.13180117709 
0.014670907914 -0.0013498526111 -0.11634040763 -0.056187677303 -0.077295251555 -0.12609158411 -0.00035756596901 -0.0042701230239 -0.00042170623224 
-0.004063720076 -0.0017838253213 -0.0093040513059 -8.1319346987e-08 -4.3954715893e-08 6.9330527382e-05 0.033844410386 -0.016371230926 -0.091417998464 
-0.049775519992 -0.02972244806 -0.10986033927 0.033047390966 0.014742374522 -0.10111808424 0.010380672542 0.015440440824 -0.14528880762 
0.023123271308 0.039053656212 -0.11936300172 -0.046137443055 -0.048591158525 -0.026401258972 0.011788508338 0.0047924033746 -0.10090969118 
1.6089387211e-12 -2.5525283397e-12 -1.6930803092e-12 -1.0607077624e-07 -1.5783580713e-07 -3.8966495316e-06 1.7236229902e-09 2.445087815e-09 -4.7907205952e-10 
8.4858188623e-06 3.2881923805e-06 -2.5627908125e-05 8.4579468955e-07 9.0054474868e-07 8.1280214146e-06 3.8713542039e-08 2.4550767908e-08 -3.6337752772e-05 
5.3926705523e-12 -2.1463970189e-12 -7.8858747638e-13 1.5939289898e-10 -1.199046916e-10 1.5040831049e-08 -1.1766911636e-16 3.352939868e-16 -6.2951492122e-18 
-7.0496854301e-16 -1.7397564122e-15 -3.2947859883e-18 -5.0173278885e-17 -4.2301182857e-16 -6.2138494942e-18 1.983412711e-06 3.4446216391e-07 -0.00010214589331 
-0.03133635524 -0.0172056522 -0.1108164058 4.1369770388e-05 4.1425640716e-05 -4.2986393478e-05 5.2412011279e-08 -6.600190521e-08 -1.5190747885e-07 
8.3008544928e-13 -3.2612956536e-12 2.3235351552e-12 -4.2386017914e-08 4.7121051323e-08 1.9623287188e-07 -0.0023544151984 -0.020249062775 -0.096190486836 
0.0641452352 -0.00098291922749 -0.11801287669 -0.011606736258 -0.0012038943837 -0.1055965941 -0.049795139644 0.020962028954 -0.037643429135 
-0.014362727925 -0.0090263798416 -0.10001224681 -0.00018017342164 -0.00030922439744 -0.00015602050434 -4.4914878898e-17 3.2045850979e-17 -2.2810795371e-17 
5.6461593843e-07 1.6642584135e-06 -0.0010733023999 1.6583397306e-07 -1.1234876396e-06 2.4618587393e-06 -0.011638823794 0.026212688037 -0.11594104914 
-0.0023999711777 0.031714181255 -0.063250673443 -0.017978385663 0.020778129305 -0.06675230545 -0.0096780328339 0.028238614149 -0.098448136451 
-0.019256379416 0.044466452999 -0.10251650112 0.022039896888 -0.010929839335 -0.11829551716 0.013444554745 0.0079692569684 -0.10548832516 
-0.028339129579 0.0077528630292 -0.079752358509 0.044343689861 0.08998817348 -0.0083827735315 -0.00022855669309 -0.00028046457097 0.00028536624537 
-1.392546347e-07 -4.2129773315e-08 2.1627754506e-06 -0.011506662171 0.02470642664 -0.10902807845 0.00024380857463 -0.0073687589032 -0.084689491251 
-0.011752681902 0.027533453722 -0.1242625046 0.002124777839 0.0014774167275 -0.098245351844 -0.014910090846 -0.013575239969 -0.024470249156 
0.002174570443 0.025427548396 -0.091045448236 0.017555079595 -0.0084576292295 -0.059523354375 0.022688601611 0.0081731019377 -0.10059610662 
3.0345611863e-14 -4.5825432596e-14 -3.3467197069e-13 -1.7135044285e-09 -1.4211564052e-09 1.5587937612e-09 -2.5377003186e-06 4.6880006714e-09 -1.93822989e-05 
8.1326713895e-14 3.4088547047e-14 1.0323244592e-10 5.4518207702e-08 -6.698621059e-09 -2.3316684448e-05 -0.0003605648305 -0.0253499437 -0.023973391811 
-8.4609173109e-13 1.5813817534e-12 2.6781405774e-12 3.0140790624e-11 -1.1798306918e-11 -2.0405665031e-11 -7.8370267511e-07 9.5607905476e-07 6.7691364682e-06 
-3.4974544145e-17 1.3371186531e-16 -2.1116742202e-18 -2.4823769174e-10 -4.5377570178e-12 1.7819081522e-08 2.0782742491e-07 3.3651034138e-07 -0.00083370315986 
-5.8382710011e-06 -1.1555336885e-05 -1.9094495888e-05 -4.2386830876e-10 4.9986625762e-10 5.5553155973e-10 7.4962075593e-06 -4.3060851945e-05 0.0007389107307 
-0.04338055905 0.021104983664 -0.056765015407 0.059321647049 0.07702929668 -0.04692749977 -0.012941805064 -0.032152764056 -0.13470135408 
0.058120621854 -0.010728119982 -0.076536033129 0.0078414675086 0.0267380184 -0.11547428409 9.1981119564e-07 3.0230265547e-06 5.6000600475e-06 
1.5269416238e-16 -5.675411077e-17 -4.7656136758e-17 3.2152941483e-10 -5.6402998723e-11 4.5896729924e-10 6.1859145599e-11 -3.1753729923e-10 1.2793665048e-09 
-0.014004035621 -0.048016275952 -0.11103691519 -0.015463208421 -0.00093637836239 -0.08674057082 0.029814350836 -0.012004835395 -0.078661772552 
0.027154858802 -0.021663229803 -0.064626200102 -0.0099235597097 0.028928315756 -0.13582405912 0.0098837160548 -0.012303732586 -0.13682143945 
0.0087254788036 0.0080046683887 -0.14134732801 -1.809029734e-17 -3.1334025012e-17 -1.7470847278e-19 -2.5239772081e-14 -9.89501491e-16 -5.3538760867e-15 
4.0762486085e-06 4.226023385e-06 7.7086361448e-06 -1.251370206e-06 -3.1640289122e-06 -4.9858411101e-06 0.030906817837 -0.056467808019 -0.028423543187 
0.014998351259 0.013126534112 -0.10775938255 0.00022331710048 0.030857434243 -0.10399728046 -0.027313642498 0.012147868862 -0.076624710803 
0.0070890621656 -0.030702595959 -0.13085056529 -2.0776424336e-15 -3.7191994339e-15 -1.8085686294e-16 -1.5212018027e-17 -1.7605012183e-16 -8.9165873959e-17 
-4.6104878658e-05 -0.00010064090322 9.5182711303e-05 -0.00016148737303 1.7855571763e-05 0.00015508967943 -4.2680555918e-13 8.0799496378e-14 -3.5743984345e-12 
2.1009737993e-13 -2.682302088e-14 -6.2451660648e-13 -3.7789691827e-05 2.3247076648e-05 0.00030863574811 -4.9742005499e-07 1.8182792447e-07 0.00021015561028 
1.8077029505e-06 -7.7734600861e-07 -2.7062507346e-05 4.0142752723e-06 6.8236341521e-07 -3.6201755738e-05 2.4572280422e-17 3.5579812641e-16 -4.4776804387e-19 
3.9166921186e-14 -7.2468515408e-14 -7.0039194303e-13 -7.2383830236e-06 -6.617328031e-05 -6.5084146208e-05 -1.0745233692e-14 6.52282989e-14 -2.3234874705e-12 
-1.1358500222e-05 9.7126430021e-06 5.3126750202e-07 0.046016007374 0.038420396733 -0.058700997351 0.0020623617197 -0.033127643503 -0.11369985737 
0.024413771541 0.027005514435 -0.097634735013 -0.012820226539 0.027911966916 -0.10444393384 -0.035024616184 0.012575930786 -0.05539387957 
1.0467959946e-05 1.8213557289e-05 -0.00018636182517 3.2319134439e-07 6.5486843083e-07 3.3717852911e-05 2.5025906177e-06 2.5465414386e-07 2.8482388422e-06 
5.338604303e-16 -2.2084306908e-16 -9.3355320985e-17 0.010214401835 0.0031876928806 -0.060250471295 0.014708130614 -0.020941379034 -0.091056125049 
-0.036728165958 0.016761057402 -0.11998441013 -0.0054645468221 -0.0003579794847 -0.10363905011 0.0032405290151 0.018575307102 -0.12922613863 
0.013932439747 0.032234727878 -0.095886491204 0.020686481618 -0.026393287919 -0.12928932802 4.969837868e-07 -2.945557671e-09 3.3107540601e-05 
4.7647417671e-06 5.2562450406e-06 3.0391479744e-05 -0.049746592372 0.049563183021 -0.099669696413 0.001817622838 0.010521229157 -0.1355851555 
0.0039470266517 0.035198127557 -0.079596758452 0.037114776743 0.016585231427 -0.10114965748 -5.2515663705e-16 -1.9951029526e-17 1.1026190832e-16 
2.0456526974e-16 -1.4145864815e-17 7.1703632154e-17 -8.9336252609e-06 -8.8403480685e-06 -2.1344135359e-05 -4.5661244031e-06 3.7483858525e-06 -1.7859652662e-05 
-3.2223116763e-06 -3.350584691e-06 -5.2705229452e-05 8.7951132778e-10 6.1582306421e-11 -9.1090663469e-10 -8.0126116526e-10 -1.2461425878e-10 2.3660895712e-09 
4.70900403e-10 -1.8739087294e-10 4.0842411789e-10 -0.00036575300464 -0.00062174657986 -0.00028888256262 -6.2429039705e-17 -1.449034029e-16 7.2572678411e-18 
-0.0014013562155 -0.0018786527685 -0.0009297242575 1.0307799322e-06 3.295633166e-07 4.644867144e-06 2.7052087287e-16 3.4090796723e-16 -3.4354013163e-14 
-1.1114860472e-09 7.2847291246e-10 -1.4565163096e-08 8.6738120535e-10 -7.5843183577e-10 -1.5985814578e-08 -7.3133662627e-16 -2.4427400374e-16 5.8244342827e-16 
-0.019704001198 0.030278174086 -0.0199516682 0.012056988947 0.030010241068 -0.099152755899 0.035616759866 -0.020888968502 -0.075261351807 
-0.044057179773 -0.018855743023 -0.12740994337 0.019397229354 0.0020601805992 -0.071353205771 0.022917262208 0.0084952979622 -0.11564997392 
-2.3469367034e-07 -3.1089834887e-07 -2.445004656e-06 -2.4453715482e-11 -4.1792644692e-11 7.9361065209e-10 -5.315578932e-08 -6.552486822e-07 1.3228423366e-06 
6.8898213966e-07 -2.7936441367e-06 3.1600107601e-06 7.9835139106e-07 -5.355190361e-06 -0.0011027203619 -0.0071316260092 0.0085030982636 -0.075221804955 
-0.021242230674 0.016446932912 -0.11545041905 0.0016380830139 0.01513603401 -0.10787957556 0.0012469414617 -0.0030274233158 -0.11166014636 
0.028591655329 0.0046459263949 -0.08587121231 0.013242198667 -0.0086909752936 -0.10540249733 -0.042171976528 0.043599470678 -0.11184608793 
-0.011539860206 0.022658989953 -0.11175250356 -0.020533274224 -0.0013986870847 -0.094937908179 -0.075555767765 -0.017149578668 -0.069762893552 
-1.803840481e-07 6.2446506412e-06 -3.8674023942e-05 -9.1643687909e-07 -6.3522020049e-06 1.8177874782e-05 -0.017452967511 -0.01242267049 -0.087547473264 
2.8919438348e-09 5.4587596438e-09 1.6696564291e-05 2.9527004003e-07 5.7643395072e-07 7.5997046854e-05 0.01684870615 -0.047581844032 -0.077109115831 
-0.016766110445 0.034891725073 -0.10298939361 0.011289218728 -0.00086912248922 -0.12132946207 -0.0082190627286 0.023694588464 -0.11268988803 
-0.029195904759 -0.0012029653206 -0.065754599705 -0.018188760135 -0.018614778226 -0.067794270974 0.00018016838829 -0.00051171379614 0.0002851376469 
-1.099085874e-16 -8.1864892172e-17 -4.6991666982e-18 1.704264217e-10 -4.1166186931e-10 7.8656125396e-13 4.6287122425e-08 6.6021372638e-08 6.5701030412e-06 
1.5733291782e-05 1.0409242719e-05 1.2563169632e-05 -8.5595155249e-06 -9.4987483872e-06 1.8171550535e-06 -1.1721223915e-10 3.3071542339e-11 -1.0114417762e-09 
3.3639249867e-07 -1.1770022876e-09 1.994609287e-06 8.0477614265e-11 -4.6175894954e-11 6.5236062933e-11 2.8580100443e-16 6.2126553057e-16 -5.8943058736e-18 
-8.0421840446e-07 -2.5258664869e-07 3.1348370046e-06 -2.5495411649e-07 -2.8585825449e-07 2.0445936855e-06 1.3320967966e-16 -2.6494799919e-16 -1.0823308147e-16 
2.1567099477e-10 2.3868864065e-10 -4.0285520316e-08 9.786329052e-10 -4.6039574673e-10 -1.5357565115e-09 -7.3549825473e-10 1.6181211449e-09 2.2837197418e-09 
0.017959147543 -0.017233892553 -0.10086208049 0.033469697483 0.042095800561 -0.034174552723 -0.008725524835 -0.011107867398 -0.090731754007 
-0.024530571861 -0.0092539507493 -0.09752763885 0.015810117765 -0.033225087483 -0.036957864057 0.050539288852 0.066531130336 -0.06346596639 
0.013491215392 -0.071375322264 -0.096739913323 0.0015929428237 0.02388868583 -0.088987976296 7.1221591538e-16 -4.4258679767e-16 5.3923401232e-17 
2.6308077707e-16 1.6123899878e-16 1.9610054993e-14 -3.524270339e-09 -2.3741760583e-08 2.4462590872e-06 3.8066256633e-07 7.1299971611e-07 0.0011460016808 
-0.0042722935666 0.0045856341899 -0.097430484033 -0.0063364691956 0.0063936565333 -0.10473818652 -0.023624919804 0.011238588828 -0.10508676944 
0.0033508810169 -0.021909049378 -0.099457402758 -0.006446065925 0.0052633179008 -0.092689972375 -0.022602765171 -0.021526721394 -0.10725686223 
0.020038253255 -0.0026117914587 -0.093910789245 -0.018532955986 -0.024704999287 -0.1095001048 -0.00084105158709 0.024883191941 -0.087628245534 
0.018195830948 -0.015658066184 -0.086569188404 -0.02976547289 -0.0053913343418 -0.075949416184 3.5282573796e-16 -1.6610703005e-17 4.8257414279e-17 
7.3978414155e-14 7.5265779031e-15 5.4815267268e-14 -7.4635871868e-06 -2.0065282189e-06 -4.1350133149e-05 0.014055176555 0.010509560521 -0.078480130675 
-0.011196217485 -0.046197523261 -0.077385527262 -0.0050748471475 -0.0026524012409 -0.084445338742 0.010374243976 -0.0010106315101 -0.083215561517 
-0.052857927509 0.0040008774215 -0.11677813458 -0.0021576010571 -0.0034412387215 -0.066999586319 1.0580121478e-05 -1.6308911456e-05 -2.4040292478e-05 
-3.2425681754e-06 4.1324409392e-06 -2.296067898e-06 2.8181342883e-07 7.5225822936e-08 2.1012017502e-06 -1.0974952327e-07 -1.2603481021e-07 5.5730321903e-07 
-0.016740801352 0.017465019715 -0.10371203482 6.0721734756e-07 5.2930219206e-08 -3.5080723194e-07 -4.5583313464e-07 -3.3199930192e-08 -8.3993233236e-07 
-3.0889827596e-08 -1.6923160873e-07 2.6995122979e-06 -1.4806612203e-06 8.8467355492e-07 -2.2630405302e-06 3.3958161981e-09 -3.1568373158e-09 1.3246987685e-08 
-8.3708605948e-09 6.978287405e-09 -2.6226648081e-08 -2.6619408981e-08 2.0395153438e-08 1.1708462549e-08 1.2196431067e-10 1.0212251606e-08 6.9851282658e-08 
-3.1430190714e-17 -2.239588136e-16 -5.7643358432e-17 2.0237866906e-06 1.0454689441e-06 1.2926496065e-06 -3.9350299992e-07 -2.1289676379e-07 1.1075953824e-06 
-9.6773743142e-11 -6.4518587926e-10 -2.4119156615e-09 9.1989468902e-16 2.9169996207e-17 8.8683750472e-19 1.8981820914e-10 -3.8817622678e-10 3.190643293e-09 
-0.0080118271135 -0.029486147839 -0.12333564977 -0.0084174950029 -0.021864792356 -0.084686678699 0.014730475175 -0.023037951354 -0.092588491214 
0.018579171712 0.01168842446 -0.11961341149 0.016412501518 -0.0090203686814 -0.11187937109 0.020092301097 -0.010313788784 -0.096738132853 
-0.016662718005 0.013729612078 -0.074104113613 -1.0998656645e-06 -1.1523794708e-06 1.0139970621e-06 1.0109930436e-06 1.9399903883e-06 3.2248336155e-06 
-8.493255437e-17 -1.8895066684e-17 4.1974122396e-16 -1.7992821923e-09 1.8840468648e-08 5.1696519707e-06 0.022170559914 -0.019426878231 -0.093279459362 
0.0057859047796 -0.040304375332 -0.08519516954 0.035922033819 -0.01609178319 -0.0749593211 -0.012453380285 -0.0092983671419 -0.082038022806 
-0.0032963770691 -0.00092072091758 -0.11090441303 -0.014714045184 -0.010916593434 -0.085640498238 0.0057249253898 0.023460680178 -0.069230444125 
-0.008455669063 -0.00067075810833 -0.09040421796 -0.0063305745753 -0.050124252769 -0.045610291206 -1.9678437114e-13 -7.9201209394e-13 -1.5482188875e-12 
-1.7515406219e-12 -8.2322172957e-12 -3.0453035404e-12 1.09522506e-05 9.6886250046e-07 -2.4519431615e-05 1.1805286124e-11 1.0909109781e-11 -8.4259718349e-11 
0.0018058297283 -0.010346783001 -0.081653864191 0.0042187298216 0.015932547969 -0.086550594025 -0.049644044571 -0.013873471318 -0.098747685063 
0.01082262596 0.0087414810876 -0.080966268085 -0.020935668427 0.01273629786 -0.09586990449 -0.023685128596 -0.0038311356033 -0.083791268148 
0.020117016918 0.016254733797 -0.11210750042 -0.049884412357 -0.057676426761 -0.040588171821 0.0081727048639 0.023526482022 -0.081812391551 
1.8479560002e-08 -2.6621723633e-08 -7.944081422e-09 2.6075817615e-08 -3.6274709349e-08 3.9437231982e-08 7.9905111139e-06 -3.9211085536e-06 9.3404053612e-06 
-9.529640335e-07 -6.8569060299e-07 7.1996132538e-07 0.0016107979805 0.024978791642 -0.086389783104 2.9142947282e-17 3.0441691059e-17 -7.525457208e-18 
0.019462688476 -0.021472978121 -0.061207222689 -2.8995375776e-06 2.1321534613e-06 7.6719044332e-06 -1.0547587636 -0.38412494502 0.50923168623 
3.1581985213e-08 -2.6246975956e-08 -1.4956861381e-07 2.0827171351e-09 -7.8379091063e-10 -3.8545353766e-09 3.0278195109e-09 -8.9693552623e-08 -1.1514283391e-07 
3.0216623579e-07 8.8433609604e-08 1.1453797188e-06 -2.8564708592e-07 1.1102320119e-07 2.3292989383e-06 -2.247080481e-07 -3.0345887399e-07 4.1459274802e-06 
-1.0468818949e-12 1.5535365898e-12 8.1147817651e-10 0.0041814961543 -0.0024270085302 -0.06032605981 -0.010816247917 -0.0099509693183 -0.086857394231 
-0.042577353297 -0.0073339616172 -0.040159273709 0.015307200475 -0.014804471046 -0.091867768278 0.013535425547 0.0028908936723 -0.085758261458 
0.0039280896766 -0.042574123985 -0.08444599589 0.010736431539 -0.0069846457134 -0.10545976348 -1.554489511e-06 -3.2436603785e-06 -4.124774727e-06 
-3.8540901698e-07 3.4726594338e-07 -7.2943090946e-06 9.0306541435e-07 -8.3974881974e-07 1.2473215307e-06 -0.0023739173067 -0.042401172084 -0.065277410192 
0.032745509767 -0.0026600692568 -0.079834962456 -0.024952792508 0.0075049379876 -0.091949193831 -0.010378356966 0.036480868847 -0.070489453514 
0.049431414424 0.018528825293 -0.089534178077 -0.0074676365113 0.023162137099 -0.068131221097 0.015959240647 -0.012279911001 -0.074250344814 
0.004708272569 0.0016049194652 -0.080258708468 -6.909063329e-17 5.1139034474e-18 7.2564624219e-21 -0.00099066889376 0.0009837344378 -0.0022621533179 
5.3083989519e-07 9.8487606478e-07 -0.00057701847323 -0.00016774319792 0.00022930732493 0.00078243779784 0.011114191542 -0.0057230237568 -0.07050886225 
0.027610860437 0.028267130062 -0.051666087478 0.018339660841 0.0081947486773 -0.098410579974 0.02995878637 0.049894463978 -0.11430372897 
0.011416024643 -0.016633735802 -0.1122782345 -0.043540298026 -0.057899257919 -0.050899267174 -6.4036428709e-07 1.9705180448e-06 4.4007980157e-05 
5.4476195075e-08 -8.6233715707e-08 -1.5852028978e-07 -0.00029676794048 -0.00028212281795 -0.00064827870288 0.00016777053967 9.3456096274e-05 -0.00083713343178 
8.6790907406e-07 1.0209912093e-06 4.2775376819e-06 -1.7570438419e-06 4.8957719288e-07 -1.2543341881e-06 1.3520644178e-06 -2.8712495379e-07 -8.3281558917e-07 
4.3665703127e-07 -5.4107808426e-07 2.3505028394e-06 -9.7691390308e-07 -7.2882141431e-07 3.0852938678e-05 1.1179509614e-05 -1.2569269159e-05 -2.113299523e-05 
-1.0940712314e-08 5.6352122489e-09 1.3412261968e-08 -3.6004650398e-08 -2.5236009973e-07 -2.0035616944e-06 9.6551950033e-07 -8.5912618288e-08 2.2167604212e-06 
-1.0889367593e-07 -3.9214406278e-08 -7.5984228731e-07 5.466773618e-15 -2.5393961206e-14 -2.5113258009e-14 7.6164140686e-08 -2.2355330565e-08 1.8959144419e-06 
-5.9454359877e-06 2.2995646064e-05 5.4316576588e-05 0.00055527664858 -0.0086970982034 -0.072031989857 -0.0050214999957 0.021211092322 -0.099049611267 
0.010773606923 -0.01688665717 -0.047964620149 -0.0053401830526 -0.0092451642751 -0.056299178519 0.0084908401878 -0.029704788673 -0.12925739381 
-0.010367993848 0.011870181718 -0.081647943753 0.029443303447 -0.0091216555429 -0.0941886313 0.023712114372 0.023771820598 -0.074863973512 
-6.5159746939e-16 -8.1855893109e-16 -1.1619449728e-15 1.1086084075e-17 -2.3709879434e-17 5.2551893535e-17 -1.5193142543e-07 -7.644880325e-07 -0.00010959563972 
-0.024783616584 0.018072314823 -0.02319903671 0.041073188805 -0.033528177213 -0.089131403017 -0.021897278983 0.009712223935 -0.075848351617 
-0.01353109327 -0.0312139733 -0.089652799664 -0.027783970476 -0.0027090285927 -0.094585637687 0.057194095138 0.008862886492 -0.10744740781 
0.028926995279 -0.0086897989261 -0.07034930224 0.0236232582 -0.0079761635701 -0.097078872738 0.0083897083538 0.010482008908 -0.10948413255 
2.6753411269e-16 7.0005395475e-17 1.124219606e-17 -1.344620943e-16 7.0607090902e-18 1.2137570907e-17 -7.439328215e-06 -6.9363835832e-06 -9.106664029e-05 
0.0088258398934 0.024511424427 -0.082161143632 -0.0060714794455 0.011219528621 -0.078504227507 0.013453908701 -0.0034286901582 -0.11233387099 
-0.0047806006737 0.0048570374071 -0.080067500018 -0.010280473328 0.010399322207 -0.095101406845 -0.025274344337 0.0034078729454 -0.070091489567 
-0.014417761977 0.047443932937 -0.073097737653 -0.028714800842 0.0088418147235 -0.054624404144 8.2898440698e-14 -1.8094153885e-13 -3.6563466857e-14 
5.1973334425e-07 -7.9084797637e-07 -5.1385744454e-08 3.7445329499e-05 -6.1342433034e-05 -0.00017648522217 -7.1164351246e-05 -1.9607981757e-05 -0.0001624420835 
4.1229737932e-07 1.2597856273e-07 -2.7413190376e-06 4.6782243178e-06 4.3909609751e-07 -4.4172293707e-05 -3.0023939104e-09 1.1467931538e-09 1.2198869565e-08 
-0.00079667109675 -0.0019671462992 0.00044510161116 -4.9730069043e-05 4.1572451377e-05 2.3035741132e-05 -1.0677764711e-06 -8.3950547541e-08 -2.1368826322e-06 
-1.3683606879e-06 2.2415965197e-07 1.3731258742e-06 -7.2373876361e-07 -8.9335730047e-07 -1.4697484129e-05 2.2038146774e-06 2.0206343164e-06 -1.2448576729e-06 
1.7492761196e-05 -3.0216625204e-05 -5.8531780712e-05 -2.3993850552e-07 2.4507352086e-07 -2.1343408027e-06 8.1251451146e-06 -3.0225042616e-05 2.4431234212e-05 
-0.003209039062 -0.03014716494 -0.077507521306 0.0084277027579 -0.0083180125093 -0.068228945082 0.022458631073 -0.0082219974859 -0.10247883879 
0.019409565225 -0.0029248236192 -0.12242670358 -0.0069563746994 -0.028805595336 -0.093723349109 6.585279181e-08 4.8469662941e-07 -6.7417674678e-06 
-9.9892042785e-08 -2.2540238701e-06 3.4360269082e-06 7.8012909102e-08 -1.0533609273e-07 -2.267272625e-06 0.025334342832 0.015939716778 -0.056150628678 
0.032637111719 0.017995689777 -0.057767634908 0.03782598969 0.0023372598252 -0.081197281766 0.0030411944926 -0.03620188522 -0.05451003258 
0.0221886966 0.015509269456 -0.062448954595 0.0058286900915 -0.059980089917 -0.094881380322 0.0038855842119 -0.0088359779234 -0.092147479577 
-0.0091533245113 0.0036125926328 -0.068892216117 -0.01308807962 -0.011091131427 -0.069984318124 -0.0056325965949 0.0016064301331 -0.06590516466 
0.018487966825 -0.012606525269 -0.087185008129 -1.5029413333e-12 -1.0337569711e-10 -1.6219388071e-11 -0.028477613254 -0.01663208344 -0.035237636173 
2.2280134549e-16 1.1218211928e-15 1.4854630931e-15 1.5075486223e-10 1.1035487141e-10 1.5370188234e-09 -2.0029818886e-15 4.3897024038e-16 1.1637511891e-16 
-0.004327126717 -0.015122783766 -0.097898735634 -0.0041811270036 -0.029661832021 -0.041566340403 -0.01807620916 -0.0020291020206 -0.061379948751 
-0.016361100173 0.0067804336036 -0.1059232374 0.01633801196 -0.0051009974953 -0.063781406855 -0.018465556799 -0.03871417703 -0.065243486597 
-0.011931892203 0.0060845798988 -0.096344428196 -0.010293109245 0.016530019432 -0.085369998462 -0.0041300085531 0.011511359301 -0.10149002539 
3.1938869243e-05 -8.6919949279e-05 6.3893933363e-06 -3.3930573741e-06 1.3167154961e-05 -1.6716528442e-05 1.653975735e-07 -1.3089998335e-08 5.5054230374e-07 
9.167415958e-08 3.8314280358e-08 -1.7344131368e-07 1.6732339018e-07 -1.4545965856e-07 1.6227889396e-07 -2.8960065149e-07 4.2295007458e-08 -7.8446071586e-07 
-6.0221652915e-07 -4.6071413542e-09 7.0856550073e-07 6.8105603664e-09 -3.2908837274e-09 -7.4364165285e-09 0.00016171601039 -0.00025064187622 -0.00054618037841 
-2.1031591619e-06 1.3439795497e-06 -1.4009165466e-05 -1.5251396499e-06 1.0536182872e-06 0.00038251847068 -4.8146700579e-05 1.4436536953e-05 -4.8535253354e-05 
-1.522908647e-07 -1.4686449422e-07 1.7757796759e-07 4.9620494345e-16 -3.3642549712e-16 2.9211296652e-17 -4.6519539326e-11 -1.023542922e-11 -6.9021642034e-09 
3.6626003571e-10 -4.4037341212e-10 -9.9719564487e-08 -5.2240645902e-07 -8.3519349979e-08 1.2483843553e-06 -2.3943741438e-08 3.6050101663e-07 2.2363712171e-06 
-0.017383862651 0.035477730395 -0.046306458801 -0.01277544737 0.0049997445915 -0.06920107878 -0.02056471938 -0.0039869298149 -0.060774481009 
-0.0010159392115 0.045476013792 -0.049367983276 -0.028287017268 -0.018413389675 -0.09649992736 0.0018359432026 -0.0099386558215 -0.10961466067 
-0.0028678926335 -0.0078242428005 -0.058351876041 -1.6346283827e-14 -1.8411298712e-14 -1.0305355737e-10 -1.5461020791e-10 -8.8508568805e-11 -1.0530078314e-09 
-0.035119591367 -0.017263963629 -0.067844872932 0.010344848605 -0.025479689599 -0.11099072778 0.045694244759 8.4535385363e-05 -0.09379134677 
-0.0063844639748 -0.0054328639923 -0.10966049661 -0.042874044832 0.0060063973308 -0.1001959934 0.0097456572664 -0.013784217941 -0.096120129093 
0.037315359764 0.034896666152 -0.094234195279 0.002061628997 0.010816253096 -0.074983230245 0.0001678992602 -0.02668041821 -0.074450331134 
-0.020439916537 0.0070097631209 -0.052690283227 0.030311174077 -0.010461106539 -0.079252972488 0.00707292105 0.037894034659 -0.041564423469 
2.0136950014e-14 -3.8934371854e-11 -1.1696072513e-11 -3.1072172991e-05 4.635197468e-05 0.0006569314191 0.00022015970361 0.00033732151632 0.00049658589962 
-0.0079125014815 -0.010355008177 -0.12921145002 0.0088322092859 -0.022740391508 -0.087658225145 0.024029826513 0.0046411477178 -0.066603903099 
-0.01356996156 -0.0084384169695 -0.072066770069 -0.022224631479 0.026253560674 -0.056551157222 -0.0051778563528 -0.0038717550421 -0.11401483474 
-0.043885011591 0.019145223277 -0.082378348853 -0.056856016919 -0.037918262221 -0.021994778601 -0.00027912941001 6.373940064e-05 -0.00024737049518 
1.2521502152e-07 -2.2635905494e-08 4.3506710679e-07 -1.3685933907e-07 -1.0822690809e-07 -1.9732272021e-07 2.9609760699e-16 -2.1724149465e-16 -1.1896195325e-17 
2.530871432e-14 -7.0889528637e-15 -6.8102745846e-14 -0.0067425901382 0.0096831647047 -0.084287148449 -0.00013536772874 8.6545928968e-05 0.00023515554046 
1.5057052974e-17 -2.7248349892e-16 1.0840794375e-16 -4.0885434382e-05 0.00022624445011 0.00065117434666 -3.4881947989e-08 2.0304378863e-08 -3.2127992226e-07 
-8.3475925264e-06 9.8552220641e-07 2.0179742068e-06 -1.5673470929e-06 -3.9017943964e-07 -1.1789135808e-06 1.6209955993e-06 4.1567488489e-07 4.2903745161e-07 
-4.2715404758e-07 1.3632785003e-07 -4.1740420579e-07 -3.3265299845e-16 1.8920716129e-16 7.4337554098e-17 -0.0041260858363 0.0023267371999 -0.063634607144 
-0.010898533592 -0.0015628305915 -0.087009828121 0.001869674058 -0.011817198507 -0.097704016402 -0.026727693042 0.020381534006 -0.066567020398 
-0.0206605132 0.0093380329265 -0.080791958495 0.00012626051617 -0.0034255937309 -0.082637774815 0.020351962282 -0.01083304073 -0.072544408304 
-0.022865714886 -0.0059227108092 -0.11076592993 0.004718265832 -0.0049489917606 -0.082455425199 0.022827624802 0.035721638227 -0.056478709362 
8.141367239e-06 5.3720313714e-06 -0.00044993470247 3.2937538532e-09 -1.5244024005e-07 -3.6723369759e-07 5.2259419433e-05 4.905181551e-05 -0.00031727317428 
5.8920900045e-07 -2.0479306045e-06 -2.493103533e-06 -9.7812093123e-08 7.4527821151e-07 -1.8946100316e-06 1.9079221949e-08 1.0688730763e-06 -6.402065421e-08 
0.015825398249 -0.0097122113793 -0.060862895398 -0.0071448108587 -0.014923462148 -0.08478131569 0.0098583639875 -0.013639259627 -0.056902399034 
0.0076930476178 0.011409168324 -0.099966372093 -0.018745178798 -0.01654458555 -0.099799802093 -0.0053408419742 -0.018090342 -0.097149738992 
-0.047941085115 -0.012910182957 -0.080017845257 -0.0089635901613 0.0043936432224 -0.091824030113 0.010921704096 0.012854758585 -0.087322987139 
-2.5778335935e-06 4.4438329205e-05 0.0001798899255 -0.0078662960761 0.0033625454791 -0.059696897014 -0.030296012106 -0.0027289253184 -0.073976526279 
4.1985311147e-12 3.7307935589e-12 -1.0939803663e-09 -0.0043761806072 -0.0055394951697 -0.054828791643 0.012406346322 -0.0059294893557 -0.048872068334 
0.026902248931 0.014190041134 -0.088255741185 -0.023376483134 -0.020024823614 -0.060096797995 -0.047877731701 -0.028059471638 -0.040550277289 
-0.018961518435 0.0043860828936 -0.044675720097 1.8368354702e-05 -4.8981740385e-05 0.0002600846226 -1.5604279963e-07 -1.6060933767e-07 -1.1851746966e-05 
4.7580017155e-05 -2.7572624577e-05 -3.8937768462e-05 -2.2019295188e-07 -6.7537106236e-08 4.4895236652e-06 2.4853224104e-07 2.124775849e-07 -2.0410498211e-07 
-4.733425914e-07 -3.6679549094e-07 5.5167919836e-07 -0.0097040354904 0.0024328655534 -0.074709939624 3.7719253475e-09 -5.5314296247e-10 8.6208040996e-09 
-3.2151399719e-14 2.164687545e-14 -3.6116272504e-14 -2.2571255404e-06 1.6380903454e-07 -8.4463046752e-06 1.7243422561e-07 -1.4711955053e-07 -5.4439609638e-06 
2.7786645694e-06 -1.3818962922e-06 0.00013151847883 -1.1393692645e-06 1.2460719404e-06 0.00014432166346 1.3698272664e-05 6.7797945848e-07 -2.7058284516e-05 
-6.0306973532e-06 -1.0506454433e-06 -1.4231929416e-05 -5.9152537311e-08 -9.9049884486e-09 -1.1636643171e-07 -1.0942538981e-07 -1.1796018341e-07 5.1256626435e-08 
5.3273804442e-07 2.0914778834e-07 5.0278590499e-07 2.4544584427e-09 5.5193478351e-09 -2.6263773268e-08 -8.9380954129e-07 1.0518363628e-06 0.00037982214839 
9.0642264236e-06 -2.3864720956e-06 -0.00018870494391 -1.2613895501e-05 6.4079605413e-07 -7.2938465456e-05 0.011639652829 -0.015287549383 -0.066328848677 
0.0075261349166 -0.011353758876 -0.092741668477 0.007543840806 0.029081853281 -0.059898181692 -0.0012461661359 -0.00047968393011 -0.052505536218 
0.024873818062 0.010207597146 -0.094882091909 0.040951793884 0.046327481299 -0.035273414635 -0.047077552764 0.029861472186 -0.014090847369 
0.0072728232258 -0.018120166044 -0.078208899764 7.6113417901e-06 2.2345306288e-06 1.1760681774e-05 -1.0886934923e-05 4.1048995749e-06 -3.4570534676e-05 
-7.8148123605e-08 -9.1733396122e-07 -6.3922396711e-05 -0.0023708371543 -0.010426742745 -0.088815790914 -0.016693076889 -0.0040726254583 -0.061071734162 
-0.0042036305675 0.012884856852 -0.10756118275 -0.023410997751 0.010757299765 -0.089212890221 -0.00034450362901 -0.026030890551 -0.077108394101 
0.020148952695 0.012720636878 -0.098943929331 0.014831022673 -0.007322412252 -0.064091755902 -0.034827337972 -0.024316022444 -0.051672583915 
0.033679048439 -0.03252505347 -0.083466861457 -0.006330654503 0.011274376298 -0.11981349506 0.0017229129849 -0.0028651464453 -0.061898420818 
-0.0023323096335 -0.002532308003 -0.089549712928 4.292857139e-10 1.5858679691e-09 9.7124747816e-09 9.9636110958e-09 4.4475273917e-08 -1.0651614389e-07 
5.5365502843e-06 9.0295194945e-06 -2.7040734875e-05 -9.1101516008e-06 -1.369613989e-05 -7.8850094885e-05 -6.886734591e-13 -9.8461394113e-13 -3.2934331909e-11 
0.0075824899479 0.020087835456 -0.076978120184 -0.035049804995 -0.022001769902 -0.098034839352 0.033975016431 -0.00096554434601 -0.071365491328 
-0.015001477878 0.013256379682 -0.08412664582 0.00513250509 0.00644761992 -0.09927433809 0.0014064455959 -0.036043578311 -0.049147973129 
-0.03604315024 -0.023580566462 -0.055559740585 -0.016211910803 0.0047388731232 -0.071317054154 -3.2868275545e-05 5.2261288556e-05 6.4875595553e-05 
3.6734739062e-08 -1.8759186131e-07 2.5137682851e-06 9.3216070099e-08 2.5364688717e-07 1.8349607198e-06 -2.1142361021e-05 5.1654762832e-06 0.00055983596247 
0.011469843823 0.0017607612376 -0.066749647741 0.0017934491789 -0.0006923347837 -0.086453750638 1.7704675995e-06 -8.6927042916e-07 -5.5148431422e-07 
2.7964978331e-06 -2.435150978e-06 6.5710486091e-06 8.788123335e-05 3.8302646903e-05 -0.00019797566862 -9.6247073611e-09 2.6010655896e-09 -1.3237884229e-08 
9.0543394403e-08 1.020232027e-08 -2.6461345084e-07 5.5638641302e-09 2.2494759012e-09 -3.5108012207e-08 4.0201522504e-08 4.3720320987e-08 -8.184507748e-08 
1.003109913e-08 -1.4159556147e-06 3.9057114959e-06 7.8379884191e-07 -8.6021621912e-07 1.0534568533e-06 0.02675200913 -0.0093360324405 -0.044352348781 
-0.0060024126118 -0.003616655946 -0.10308954062 0.0068241988993 -1.5460891155e-05 -0.087177384104 0.020578111315 0.037370447348 -0.076109197666 
0.0094843675707 0.0019293559871 -0.068265133587 -0.0091518447217 -0.0077164458321 -0.10606186177 -0.0058901762888 -0.0077242454361 -0.086691801928 
0.017488016594 0.020368525145 -0.072379519432 -3.5619608692e-17 1.7368526661e-17 6.4648145391e-17 -1.0583892657e-06 -1.9325970647e-06 -4.680839698e-08 
-4.749673732e-10 2.6458534784e-10 -5.996491207e-07 -2.2624782211e-08 -8.1111092428e-08 -8.7825927327e-08 -0.00046498627565 -0.0035045103943 -0.08191705361 
0.015570359601 0.0016739280219 -0.068627576786 -0.014885570354 0.011288809521 -0.082919063732 -0.0095124071904 0.008348769012 -0.099922828044 
-0.028744959836 0.0048546811175 -0.098638573574 -0.0074828359983 -0.012062391685 -0.087464200371 0.016307030597 0.012984548918 -0.086346515518 
-0.020876476418 -0.0078168523768 -0.05096227383 0.0028486169948 -0.007439908981 -0.092032697565 -0.026309295952 -0.010085864007 -0.077668483743 
-1.5868498982e-07 1.7734710414e-06 -9.2753286961e-07 -6.1614463998e-08 4.7387647006e-07 1.7571012088e-08 -9.6451834044e-13 -5.9085581245e-13 3.2272588718e-11 
2.222155586e-12 2.2185170338e-12 2.6000671413e-11 -2.7885750833e-10 -4.4863066933e-10 -9.301199797e-09 -0.010244141146 0.0050234858101 -0.082773880373 
0.054991181164 0.0023411213938 -0.055954833381 -0.005354605666 0.016322965498 -0.073338108699 -0.034627179903 0.0023036597546 -0.088750288105 
-0.0068397814602 0.010917651725 -0.069721422148 -0.017393539671 0.0024956405945 -0.063127430405 0.010156520563 0.026017986187 -0.059771979902 
-1.2883023986e-05 2.9675721922e-05 3.2683801236e-05 6.6891287751e-06 -8.2860103574e-06 -2.3275756104e-05 -1.2420092499e-06 -1.1626817044e-06 -1.2248987519e-05 
8.5580049136e-11 3.7219046302e-10 -2.434564983e-07 5.6455261537e-06 7.1517723854e-07 2.4415052561e-07 -1.1001363363e-13 6.3244739645e-14 2.8713471637e-13 
-0.00069393188101 -0.001434208636 -0.060776179543 -2.9594735541e-06 1.1548301621e-06 -6.6211963995e-06 -3.3091793136e-06 7.9418107857e-06 2.4381884708e-05 
7.909705229e-08 -6.5639316593e-07 -3.8195134048e-05 3.139708838e-09 -3.8243044676e-10 3.3196396681e-09 5.8556274109e-06 -4.7229846887e-06 2.8706068545e-05 
1.424513497e-08 -1.144377952e-09 -1.0154931137e-08 0.0079488229063 0.012867493694 -0.057362559743 -1.2599891848e-08 -7.8404447014e-10 2.4188047235e-08 
-4.4260925294e-10 3.9250310806e-10 2.6669488143e-08 -3.7752105512e-07 7.3159624306e-07 -9.9052823591e-07 -2.091471578e-07 1.065166342e-06 9.6104146362e-05 
-0.01024233398 0.0021346793083 -0.086139281087 0.003466701499 0.019402596879 -0.067640296296 0.026524023917 -0.0038478532699 -0.078432530903 
0.0046480209899 0.02954644582 -0.03426342601 0.003334279221 -3.6184374718e-05 -0.080903199748 -0.017875135438 0.012171097108 -0.082556518741 
-0.026269904467 0.00069566294846 -0.10537450425 -0.022446745009 0.0054786170035 -0.045696938664 0.00138479208 0.0091262110929 -0.081690523173 
0.027500528063 -0.015510252799 -0.074726377895 9.9319221427e-07 2.5272690356e-06 -5.2823193408e-06 6.0062062131e-16 -3.6252964809e-16 -1.7538138323e-17 
1.5026342683e-07 5.7726071161e-07 1.1091016311e-07 3.2585285094e-08 -1.4531603338e-07 8.8467251337e-08 -0.02366787889 -0.0074526645411 -0.076585137579 
-0.016057276006 0.00657113203 -0.07682160774 -0.0089542073312 0.0072133023953 -0.11245427996 0.008563056801 0.011963811524 -0.069501865192 
-0.0082209535623 -0.0063956671614 -0.089046630549 -0.0065112668654 -0.024458314316 -0.087963379297 0.0074024539824 0.0088554835538 -0.089672545189 
0.0085007239927 -0.016115554706 -0.058267182616 0.0041978907723 -0.015463608387 -0.081657025102 0.011525630546 -0.0024458734076 -0.093113252434 
0.022719524897 -0.0066296343166 -0.095166322655 -0.0052939674577 -0.022045944295 -0.064247573668 -2.9767353179e-07 5.1044513226e-07 6.157468826e-07 
2.8345090879e-13 1.3940913082e-12 -2.0913134899e-12 -9.0530472951e-09 4.7581817048e-08 -6.243701327e-08 9.0528652705e-10 1.0098213874e-09 4.9382724296e-07 
0.002465685715 0.026546620153 -0.075072611308 0.003779960387 -0.010187196823 -0.033482160323 -0.0042814572217 0.011325895828 -0.077535974991 
-0.015701375679 -0.01585875072 -0.072278882402 -0.001016469605 -0.0012347244788 -0.071029893381 -0.0019802750835 -0.014115696572 -0.10501207443 
0.025342994894 0.00059488951463 -0.079254807713 -0.034740061797 -0.012250148357 -0.067863148384 -0.0322782504 -0.028987549611 -0.039089143584 
-0.0086046637627 -0.0078708186789 -0.057186196512 -5.5618003803e-06 4.4016137382e-06 2.1810216786e-05 1.1596232274e-05 -1.7046888002e-05 -1.9438709459e-05 
6.1891677929e-05 -7.8676775037e-05 -2.0245642478e-05 9.7418906849e-06 6.0231595733e-06 -3.1898437475e-05 1.0978990166e-16 -1.3424805812e-16 -9.3424621978e-15 
3.8346936495e-05 -4.9469469383e-05 1.4103774892e-05 -4.3205749721e-08 2.2676611235e-08 1.0606659128e-07 2.7941969582e-07 -8.5095651595e-08 -6.9921195936e-07 
1.9475771395e-06 -2.637455647e-06 2.7259210221e-06 -1.3631118633e-05 -1.1786879628e-06 -8.6598830968e-07 -7.4889254737e-06 7.354380117e-06 1.1762893204e-06 
1.3283285201e-16 -1.9785365453e-16 -5.0166047886e-17 -6.4756567402e-09 7.0664095531e-08 3.8506627029e-07 6.5182314482e-06 -7.7196286896e-07 -8.7145660462e-06 
9.4403233128e-07 1.1402856125e-07 3.0064893008e-06 0.010847730163 0.024526551187 -0.06495700222 -0.0090778959213 0.007827964644 -0.047961339295 
-5.9161958272e-07 -5.9344653141e-07 -3.6827464683e-07 -4.1709505351e-07 -1.0792045909e-07 -4.0846020139e-06 -3.2338086681e-07 -1.4521338244e-06 -3.8500303981e-06 
4.141919709e-07 -1.0057572394e-06 8.1911813571e-07 -5.6616287075e-08 1.869248149e-07 1.8641761211e-07 -0.0079033510339 -0.015571849052 -0.070138859245 
0.0054608385474 -0.0092057370937 -0.089122608583 0.015543747086 0.01006560673 -0.078424952268 -0.0075985453955 -0.029190820419 -0.081819287644 
0.033295643298 0.010674158797 -0.044841317259 0.0066299457683 -0.023677197584 -0.08184736825 -4.3667598983e-07 -1.1362076144e-06 -2.7166863064e-06 
4.7609226389e-09 1.7307224094e-07 -7.9055299711e-08 -0.029962838852 0.0030550022475 -0.073720192467 0.0079862433956 -0.0083520153314 -0.10437408571 
-0.0079714387355 0.01205775012 -0.10523146292 -0.0040913226704 -0.0035885472935 -0.093106456009 -0.0049729686037 -0.0024867894282 -0.070724097577 
0.0024985227445 -0.022864934144 -0.083019423738 5.4912320996e-07 -1.0145672073e-06 -1.1086650533e-06 -0.0083334554975 -0.0061904373341 -0.07319474319 
0.0051650754184 -0.015847695382 -0.041049340663 -0.007410319335 -0.0027206945001 -0.071875873382 -2.3704641325e-05 -2.0027737981e-05 -0.00010179327497 
-6.3393893324e-20 1.0643416179e-16 -7.5859017553e-18 6.2173552683e-05 0.0029373426788 -0.08202273114 0.010725381824 0.042144141435 -0.060693831334 
0.0053987124592 -0.03125519081 -0.081694413203 -0.021610240816 -0.013854368184 -0.092052755085 -0.015748919441 -0.0018607410108 -0.10376346964 
-0.018318646566 -0.013617699805 -0.081625536436 -0.0022898890344 0.011549002831 -0.059444878556 0.015722009864 0.015257129641 -0.04709822863 
-0.0023290318105 0.0047767950519 -0.062200396234 0.0056694301563 -0.0144178796 -0.096955492798 -9.1288598987e-16 -5.0672648427e-16 4.7179232382e-17 
1.4408540843e-17 7.5993227252e-17 -4.7867584966e-18 2.8785421022e-05 2.8378057007e-05 5.5729686642e-05 -1.4668372647e-15 6.2687969104e-16 2.3425241811e-17 
0.00032133917653 3.2091412187e-05 -0.00023807494533 -3.5299406169e-07 1.8363539216e-07 -5.0413791051e-07 0.0043421524854 -0.0075876650645 -0.056851668218 
3.6258531702e-07 -7.0200335912e-08 -1.8069696754e-06 5.6293363844e-06 -3.069892761e-06 1.1906971156e-06 -7.538810357e-06 8.3233500604e-06 -0.00017132107425 
-2.7470821827e-06 1.6333450405e-06 -2.7220763496e-07 1.1301802555e-06 1.589497856e-06 -9.0219118578e-08 4.5297419605e-19 -4.9452483323e-16 -7.5546508442e-17 
7.1779058492e-17 1.5542842384e-16 -1.7622227007e-15 5.3802946454e-07 5.0284542599e-07 -2.536722867e-06 1.095914824e-06 -7.2381181323e-07 -4.7839456367e-06 
0.0021953787925 0.0035691901085 -0.055341493732 -0.0084482661596 -0.0074555749091 -0.088193489928 -0.030660646221 -0.0068635526149 -0.075668576993 
0.028624847215 -0.0037708684912 -0.087991075364 -0.0045273183555 -0.0099435005652 -0.050538577752 -0.030665420284 0.029815451173 -0.068394956298 
-0.016731785788 0.014369684719 -0.097828564394 0.0059061725557 0.018131006692 -0.073805938258 0.002831064393 -0.010750899409 -0.077785489038 
0.0038150285056 -0.001304047597 -0.072736821459 0.020502974608 0.0224217995 -0.04381492079 -0.0012240559088 0.015964862166 -0.089957670378 
2.3893364232e-06 4.4228077457e-06 7.0457060256e-06 0.00046933908918 0.00049034380707 0.00018397063423 1.7875715455e-08 -9.7168102457e-08 -3.1850672647e-05 
-2.583659974e-06 3.3007297938e-06 -4.8128890617e-06 -0.015919149476 -0.002682231232 -0.072533567907 0.00063100787012 0.0023966813812 -0.076989738811 
-0.010137768934 -0.033805414813 -0.050433552683 -0.021304365179 0.034603630549 -0.10153527216 -0.0048191817996 0.016714277379 -0.090559226999 
-0.012302787742 -0.0050984276572 -0.071829979278 0.028107996297 0.0050431705216 -0.084613703118 0.0065751555086 0.013700614401 -0.090773985975 
0.0048661671739 -0.0080779188499 -0.077419154507 -0.026385204659 -0.0090036726396 -0.041976911451 -0.016473195793 0.018448253862 -0.065366664145 
0.012093198008 0.019448531337 -0.077897118782 1.2683236677e-08 6.5578102487e-08 -3.3510320814e-07 0.0001476886727 -2.5165987101e-05 -2.5802840118e-05 
1.0667156919e-16 -7.7185376546e-17 8.2504087897e-20 1.5973566403e-16 -1.4254509398e-16 -3.8586834562e-19 1.3180843799e-06 5.2185239742e-06 2.51983189e-05 
-4.8817721725e-06 -7.9222072051e-06 0.00010708011276 -0.0029163797328 -0.0072964595695 -0.062839516035 -0.019185606461 -0.019066211851 -0.057524357315 
0.0047788485173 0.00074732928895 -0.074712698851 0.014827665167 0.011774150711 -0.084549591912 0.0025582098603 -0.011779349467 -0.079800597023 
0.0028734708574 -0.0039556551662 -0.045746259806 -0.022447094802 -0.027034080237 -0.05930337461 -1.5949833951e-06 2.3774920393e-06 -3.2132661744e-06 
-2.545240354e-05 -2.0848518494e-05 -1.6544272181e-06 1.8824428463e-05 1.8521781865e-05 0.00024852091376 -7.1090064963e-07 -7.833751055e-09 -1.6667605027e-06 
-0.0026156710246 -0.016234209234 -0.05252245746 -0.025047989183 -0.0020438705041 -0.031877770211 -0.003656000742 0.01163895325 -0.045574441988 
1.1219103118e-16 -2.7853935881e-18 -3.0396662265e-18 -1.414031343e-08 -8.7275061933e-08 7.1658652148e-07 9.5389162188e-06 -7.7492231968e-06 3.1394388166e-05 
2.8222499658e-05 6.4273022625e-07 5.2436865833e-05 0.00021480729709 0.00063519507254 -4.9852405112e-05 -1.4164665808e-05 -4.6539811546e-05 -2.9661610499e-05 
-3.4642839373e-05 1.7111284507e-05 3.8000049407e-05 -0.0060613391331 0.012941959199 -0.055400198909 -1.173419309e-05 -1.896322836e-05 -5.6637326248e-06 
7.1928844815e-05 -1.6501370282e-06 5.9203527004e-05 7.2053488969e-06 -2.6981418532e-06 -8.3107769059e-06 8.865197032e-07 -2.0435265521e-06 4.797825612e-06 
-7.1629837889e-06 3.8271311341e-06 -7.4252684383e-05 -0.0090485983386 0.022669219743 -0.056924762777 -0.0034326885039 0.032385945732 -0.031245117705 
-0.018337536142 0.0049702645923 -0.075599444605 -0.017869904746 0.00046136032061 -0.085169811814 -0.0035082514169 -0.0031316971243 -0.084900801322 
0.00071514697692 -0.0059024767313 -0.071435147537 -0.01782446317 0.023485686212 -0.054188387753 -0.0035077024984 -0.013340038702 -0.05231566989 
0.0014837923571 -0.00013316511802 -0.00025316790044 4.4563106058e-06 6.027599044e-06 -4.4849071854e-06 -0.024557195276 -0.0061302388874 -0.059530672958 
-0.0021842295689 0.0056147872556 -0.097243718444 0.0075884329561 0.02527213658 -0.061571751636 0.01525708384 -0.0074750803844 -0.047876824083 
-0.012446573815 0.0067836549548 -0.075705191112 0.050161471484 -0.016416194218 -0.019531227046 -0.013838070756 -0.011193754027 -0.093859332047 
0.015564059941 0.016178544272 -0.082599632534 0.012015267271 -0.00021021519018 -0.10583460504 -0.0091018023265 -0.0035297715881 -0.082195715554 
0.02530270779 -0.01102484566 -0.044491369046 -0.020379568266 -0.0039002093215 -0.043584636829 0.00017680221052 -0.00012881255472 1.3994226795e-05 
0.00012620684077 -0.00018655604951 -5.1215193025e-05 3.1920289122e-09 5.6644794679e-09 1.3560046126e-06 -9.3474244286e-06 -3.8890633145e-06 0.0002687232372 
-0.0023159577009 0.020576777813 -0.065335588023 -0.0072166523504 0.0042830026408 -0.072252481791 -0.0008318614843 -0.005596309725 -0.093098434397 
-0.030836253042 -0.031790596441 -0.073360075522 0.007302889166 -0.020569903617 -0.091019765087 0.0097315977901 0.010347904086 -0.073698004875 
0.012521296631 -0.011947583616 -0.010510868716 0.021524655152 0.0037614949984 -0.075713632541 -2.2265385174e-06 1.4204507644e-05 5.1083778982e-06 
3.031395208e-07 -4.1886481289e-07 -1.2002354987e-06 7.9363272525e-05 9.500899195e-05 0.00017665091101 1.3232801152e-05 4.3932397632e-06 -9.9102809148e-05 
3.2275273667e-08 -1.0581308004e-09 5.3573203906e-06 -1.6469228104e-07 6.1222687014e-08 -8.7903727281e-06 8.342730313e-05 -8.8181879467e-05 -0.00019239800604 
1.3994277143e-07 -3.6816186604e-08 -5.1852973871e-06 -8.179294749e-08 3.2067699692e-07 4.1558908354e-06 2.2788409756e-06 -1.502543333e-06 3.2725843019e-05 
-0.00012390279041 0.00019218107986 0.00020211463453 2.4217831008e-05 5.2161735624e-06 -1.646898753e-05 0.01360221608 0.002241192909 -0.051798804327 
-9.0684137092e-06 -6.3205203376e-06 2.2035859854e-05 -1.4030341228e-06 -4.6688502039e-06 4.0199346497e-05 -5.9605409437e-07 -1.1967302569e-06 4.5513229457e-06 
-6.4560311479e-07 -1.2600243618e-05 4.7467513887e-06 2.7178452999e-07 -4.030644079e-07 0.0012355108576 0.022202275257 0.042813739586 -0.050459947126 
0.025542995243 0.023509439955 -0.038125110657 0.0042185341496 -0.0058676519487 -0.063593487062 -0.0052549145552 -0.0047145113567 -0.087434311802 
0.012825836811 -0.013148423336 -0.067120634036 -0.049243986394 -0.0034167475643 -0.035697448586 -0.0015116075474 -0.014052796528 -0.092829830559 
0.029310897503 -0.029502089216 -0.02525020662 0.026018205385 0.0037115505662 -0.080159921354 0.0073508809352 -0.038817174719 -0.051242127143 
2.0158544564e-06 -1.4798656521e-07 -1.0729359316e-07 -8.00984419e-06 -1.1473768913e-05 -1.0197780258e-05 -6.6033176557e-05 -3.8797565307e-05 -2.5863798709e-05 
4.8156988786e-06 1.7587974684e-08 -1.5218479463e-05 0.0061542307727 0.0083198018825 -0.036093961693 0.0089496294063 -0.017211653476 -0.076395012472 
0.0050717990798 -0.04490618092 -0.097776020729 -0.0064813171243 0.0057490199035 -0.062403576715 -0.01141386018 -0.013285674594 -0.06084692571 
0.016034366065 -0.015169503393 -0.064633761358 -0.022014480434 -0.0022814335047 -0.058491337969 0.029338989804 -0.011470621988 -0.075467836859 
-0.0086835572601 -1.3586592851e-05 -0.072142294859 0.0074835872139 -0.022409565327 -0.058574145894 0.0085275838586 -0.025789655073 -0.077546116323 
-1.5388092722e-06 4.8402194561e-06 7.8113427423e-07 0.030399015459 0.00099946567827 -0.079813074837 -0.017461157963 0.0064550795839 -0.038599305274 
-0.00028831895977 0.00017930983474 -0.00017853373346 -0.00011150955999 -8.987835583e-05 -0.00025763961521 -2.3619734451e-07 -1.6407718724e-06 -2.3064682353e-06 
0.0086081928079 -0.022497528521 -0.025447187141 0.0096647451668 -0.015654597101 -0.032162453948 0.0040775604758 -0.0021964801991 -0.090056893591 
-0.019511933444 0.017885056243 -0.082415472984 -0.0094450214728 0.0051821007829 -0.051403332354 -0.021517162183 0.028961701454 -0.04692740753 
0.0097926629577 -0.0056496191005 -0.065276429746 -0.0025890151716 -0.0083639744055 -0.068842850569 -4.2084140253e-15 3.9174132491e-15 7.3890933223e-15 
-7.6304124675e-06 -2.58347036e-06 2.0530267199e-05 1.7814385735e-07 -9.7603855612e-07 3.4414689726e-05 -8.8703465867e-06 -4.1928352585e-07 -2.0703040596e-05 
5.1705201108e-06 5.7841245093e-07 -8.5277251779e-06 2.3464910118e-11 2.0255418994e-12 5.3608319592e-09 0.0013601252926 0.0014720381581 -0.0017955991886 
-9.8909688189e-14 5.838373498e-14 6.9448259647e-13 1.1041969625e-06 1.7643113437e-07 2.4928452741e-06 -1.5349149289e-06 -1.728467268e-07 4.7240908052e-06 
-0.0090838197538 -0.033198287816 -0.04422218286 -1.1287476952e-15 6.9716450626e-16 -1.9822142063e-17 -3.6994984816e-09 -2.0624779166e-10 -4.6634453587e-06 
-2.179943276e-16 9.7267134115e-17 -8.1714593962e-18 1.6418062197e-07 -1.560868582e-08 1.1127794772e-06 -1.1861127328e-07 4.753533969e-07 -1.558204803e-06 
-3.6750199776e-06 5.4479171998e-06 0.0017191332769 -0.015174079462 0.014296941171 -0.083369218821 0.064050136233 -0.037871195954 -0.070454986192 
0.013591210311 -0.008382533255 -0.067928650173 -0.016558627409 0.0096334117121 -0.096889347094 -0.0091817273331 -0.0026858690096 -0.01837197441 
-0.0092191869987 -0.016700899439 -0.064406570527 1.6906465087e-09 5.9984622386e-09 4.1195193623e-07 2.5899285874e-08 -5.8078990018e-07 -2.4935459614e-06 
-0.015818043995 -0.021315913071 -0.072728924781 0.012395591424 -0.023706121369 -0.10231097219 -0.012478404329 -0.019438941019 -0.079675422404 
-0.041383395632 0.0055682119047 -0.072964090612 -0.0028969228358 0.0299707203 -0.069725619348 -0.0011308991271 0.0044855744505 -0.09105645691 
0.024855677716 0.013107769664 -0.08847071842 0.003526176841 -7.0095824842e-05 -0.081024917731 -0.013186979724 -0.0048973894405 -0.051952370501 
-0.00042725888943 0.049644491459 -0.045449859687 -3.5269026556e-06 -2.0288540705e-06 -2.4778718808e-05 -2.2803573191e-05 -2.549098495e-05 -8.1957145019e-05 
-1.0027060009e-06 3.0599129354e-06 0.0013303996902 2.4600396203e-05 2.4126660616e-05 -1.4684780174e-05 -2.9646641032e-06 -5.4774858445e-06 4.9036914905e-06 
-0.022423538321 0.0049265168607 -0.060813043406 -0.016639242476 -0.003870277077 -0.024276246409 -0.0051634000692 -0.025452164404 -0.058111056402 
0.0064299743661 -0.0031987931098 -0.072804050165 0.013280118127 0.02580081449 -0.064383812867 0.056852604471 -0.01707464233 -0.086077379344 
-0.03335874306 0.0018885988157 -0.083431209898 -9.1410801656e-05 0.017075055116 -0.049520126837 0.0047720272458 0.0073020590342 -0.060234125154 
3.782382931e-05 -3.8316875852e-05 -0.00046553721511 -4.8812194596e-10 1.7976463287e-09 -1.9682530133e-07 8.533761678e-06 1.7714004089e-06 1.1838385714e-05 
4.5209731799e-07 1.7125357898e-07 -2.5897784503e-05 1.2836548072e-05 7.4504257021e-06 1.0725878723e-05 -1.4722694502e-06 1.0752856428e-06 -2.4489133569e-06 
6.2157023081e-07 -3.2964409173e-07 3.9057548841e-05 -2.9208341649e-07 -2.5149492149e-07 -4.7481636708e-06 1.8111192728e-13 -1.2240125139e-13 1.1461523429e-13 
-6.2104886789e-06 4.9931648016e-07 -8.6113048714e-06 0.00011696584365 -0.00013506475747 0.00033282450059 1.271851247e-05 -7.0236014088e-06 1.3363056538e-05 
0.01664754605 0.019834514566 -0.062311265386 1.3714053941e-15 -4.6516290408e-16 5.1658524389e-15 -4.4541205068e-17 -1.3430185339e-17 -3.7240724522e-18 
-0.030530493813 0.0085484188846 -0.070985314518 0.028611659793 -0.040087235822 -0.10079857763 -0.033136057274 0.027598722104 -0.061494149984 
0.02916061513 -0.00065671311845 -0.096203402217 -0.0063208019339 0.013485529295 -0.071459190093 -0.013911773451 -0.028456317055 -0.081241726734 
4.0280826704e-09 2.5119849706e-08 6.5786008953e-08 2.9922349363e-09 5.2439862478e-09 -1.9683875888e-07 -7.4529379428e-06 7.6578389065e-06 8.4162049235e-07 
0.013626328899 -0.027497116734 -0.078241043131 -0.0013547876907 0.0011574513728 -0.057191372068 -0.0090860096136 -0.012112219063 -0.10106572135 
0.022345780415 -0.0058702561876 -0.056857725008 0.01108423258 -0.0095289961805 -0.085985140709 -0.010365801062 -0.02087528016 -0.073257639003 
-0.0055360023951 0.0063012033193 -0.072170631058 0.0099422806674 -0.00027183562316 -0.067412642076 0.022248309306 -0.017683274657 -0.057817019176 
0.013070537447 -0.03072260442 -0.069776877948 0.008314541124 -0.01149749423 -0.076707435719 0.044515886258 0.00041380882945 -0.073005733025 
-0.032800928189 0.012244284059 -0.026638446272 -0.00014878477473 -0.00031716115257 -0.00032611714854 1.3588087492e-07 -2.078342443e-08 1.1190886479e-06 
5.2629609983e-07 -1.3892887744e-06 3.1852108665e-05 -7.2230951552e-08 -1.2858656552e-07 -0.00011837657475 -0.01826253731 0.011948445816 -0.050267142786 
7.4283290184e-05 -0.0037351501346 -0.070602370175 -0.024784550182 -0.006548924171 -0.049729980226 -0.021127553996 0.017573260151 -0.031864818645 
0.0039302234017 -0.045525714383 -0.061365722521 0.0055207806887 0.0017822908232 -0.09438480984 -0.0044038868084 0.011047241692 -0.060353393085 
-0.0026866275767 0.011460157314 -0.078753359362 0.0056407377174 0.016539409506 -0.083270575449 0.0018584568661 0.0018456366229 -0.0013960532557 
-4.8386475186e-06 -2.6889960915e-06 9.7206703941e-06 1.291883143e-08 3.0105868006e-09 -7.4166486175e-08 2.4101661275e-07 -6.6107259155e-07 1.53805449e-05 
-5.0702611978e-07 6.6413432986e-08 4.2373037881e-07 -1.3321671485e-06 1.0846780408e-06 4.5400278962e-07 -1.9538678062e-07 2.252640339e-09 -5.9260778445e-07 
-6.0514248687e-05 7.336756939e-07 -0.0005715128835 3.8818758668e-10 -1.3897067791e-10 1.3826804458e-10 -5.8703924245e-07 5.1491116209e-07 -1.8345933551e-05 
-6.5456584731e-11 4.2170901243e-11 -3.1453323247e-10 1.0530111812e-10 -1.7418423741e-11 1.8481225464e-10 -5.0238499491e-11 -2.1430634035e-13 -5.3465837233e-10 
7.8111788116e-07 -5.9771437574e-07 2.8393973246e-06 7.417730089e-07 -3.4478721991e-06 -4.9858993673e-06 7.2728991533e-06 -5.6652051719e-06 1.5201697692e-05 
0.034300710284 0.0022338992786 -0.058124396121 -0.013097059566 -0.0075605112537 -0.080129892986 0.028619667198 -0.0065819556273 -0.083011320758 
0.011920790987 -0.026108944162 -0.11500323424 -0.037405535657 0.041300093142 -0.026366272009 0.016315659826 -0.013192752893 -0.076152079775 
0.011802221943 -0.014792912626 -0.076643077016 0.0060611855842 0.002706492339 -0.08407684602 6.616878355e-08 3.1009103834e-07 1.7533805843e-05 
-2.9489670584e-08 -5.0166146624e-08 2.113021234e-08 3.5839753194e-08 1.3368042252e-07 3.2234123891e-06 -0.00078199175703 -0.0044550015121 -0.085297429381 
-0.0038541442767 -0.01970386039 -0.077809279544 -0.030091166888 0.0042183319915 -0.10466623398 0.0098021536487 -0.019848048412 -0.058972169045 
0.0062571684992 -0.018980343633 -0.073855930686 0.035442907155 0.0023824793667 -0.087725991518 0.016457678636 0.023333148563 -0.10309178291 
-0.0043316377683 -0.0011764340723 0.0010827368394 -4.2778502522e-09 -1.9037052179e-08 1.3737089745e-07 4.486267262e-08 1.6153728844e-07 7.4637746942e-08 
-0.06009448152 -0.020834287795 -0.052446894504 -3.7194588045e-07 -3.6370888591e-08 4.2854173636e-06 8.0761652601e-14 8.497287819e-14 3.4653356883e-11 
-0.00065358309233 0.01518429865 -0.080123931002 0.015666519718 0.031144943142 -0.089523465625 -0.0061138002802 0.0099108103995 -0.073963226723 
0.0040949670104 0.0087941757478 -0.085733953291 -0.010542006507 0.0045587256586 -0.050369169561 -0.0048510377631 -0.089640115992 -0.028074489939 
0.0038663267924 -0.034056824033 -0.037890385928 -9.9631252917e-05 0.00019063610107 0.00013062442961 8.4481024227e-06 -0.00013372307613 -0.00059451982586 
-1.1105635836e-07 3.0293030664e-08 4.7949769308e-07 4.3649464652e-09 1.3676484759e-09 -3.1762205795e-08 -3.4462702103e-08 -2.0864049215e-08 -2.3636862478e-05 
0.013998760888 -0.022032414534 -0.051607170593 -2.1239811119e-09 3.1833620584e-10 -6.2445084403e-10 -1.4785765256e-07 1.7250778604e-09 0.00012199448821 
-3.3929868031e-08 -7.3545269164e-09 3.8796324906e-08 -1.1928247588e-07 1.7366596046e-08 2.4299472479e-06 1.6097820472e-06 -1.1481604179e-06 -1.5483891675e-07 
-5.4476159653e-10 1.4346490849e-10 5.1251027687e-09 3.6965859415e-10 -4.1373820312e-10 3.4205867989e-09 7.5886694626e-11 5.9614443706e-11 7.2556126849e-09 
2.8506436743e-07 1.6202287492e-07 7.0110009684e-05 -4.0260000533e-09 -1.261613535e-09 4.4256204721e-09 -6.8869721104e-07 4.5552174566e-07 -2.1705389443e-08 
-5.6660141382e-07 5.7335731232e-07 -9.2392317717e-07 0.057706359706 0.044672544044 -0.025209473526 -0.00696984051 -0.021379407601 -0.08792015887 
0.0078012790306 -0.020051562996 -0.032158946121 0.012752576163 0.019716729949 -0.094948823529 -0.010849088124 -0.0065873761997 -0.056724182221 
-0.016695714793 0.025581899299 -0.091095198129 -0.071552481055 -0.026592949141 -0.09695310915 -0.00028458054514 -0.00013072440747 -0.00016276128785 
-4.1773205618e-07 1.7356119311e-06 -1.0765922243e-05 0.012771963979 -0.0051099936868 -0.10254153985 0.027619541733 0.01593165263 -0.063612531683 
-0.00749432749 -0.012170796164 -0.023332012471 0.018726932526 0.013862507375 -0.087881451935 0.023814285985 -0.00036305079891 -0.11647332597 
0.028169084748 -0.0023621929904 -0.092927721237 0.0064411126375 -0.011212423191 -0.064876789249 -0.053483529648 -0.020650944878 -0.10792847481 
0.026883163874 0.031252627936 -0.099994832532 -1.0352572768e-09 6.8221262926e-10 -3.1756730435e-08 3.2634907479e-07 -5.3108118573e-08 3.7476450604e-06 
-1.5996998018e-16 -2.7796668924e-16 -6.8889933991e-18 0.01892806107 0.0026478193959 -0.095959524273 -0.01630423949 -0.0096547950054 -0.069329415512 
-0.037079283054 -0.0039204164791 -0.087349998019 -0.0042837674374 0.014411558369 -0.095876824326 -0.03293918823 -0.011158426752 -0.036877382155 
-0.073052599382 -0.0075147175883 -0.06643729267 0.015842260163 -0.028664674831 -0.033946569243 -6.4046609299e-11 -3.9744700542e-11 1.168741539e-09 
-8.804398054e-07 2.5865466018e-06 2.3269868381e-06 1.6419821235e-08 4.52899671e-09 5.6576571519e-08 2.520421269e-10 7.0740656612e-11 -1.0323656186e-09 
-4.5715924945e-11 1.4060096526e-10 -2.7391088117e-09 2.5795962937e-10 1.9064954999e-10 1.0158218961e-08 0.018669227986 0.014543124363 -0.10264621364 
-5.7639841318e-10 4.4042610426e-10 6.2137669044e-10 8.5250437984e-10 8.3290334905e-09 4.845601575e-08 1.6581636355e-16 2.0316504169e-17 3.8695814294e-18 
1.211116905e-08 3.4296719436e-10 -3.4258000657e-09 4.4838286544e-06 -6.9919124187e-07 -0.00075729801974 2.8286672075e-10 1.633136618e-10 -4.8673823151e-09 
-4.8463100998e-09 3.2465008868e-10 -1.8993171289e-09 1.799192904e-06 4.4231419188e-06 -8.7346444344e-05 5.4433469447e-08 -8.6848947433e-08 1.7266098462e-07 
-7.1740149257e-08 8.4549263628e-08 4.6587661956e-07 -0.0022061066952 0.013266581958 -0.10340305029 -0.017635118401 -0.0086591547154 -0.042425647698 
-0.00086106823477 -0.03072031967 -0.077534941435 0.015995629986 0.028325141772 -0.115984886 -0.036899073426 -0.0049680499163 -0.066448142442 
-0.058683993787 0.054446739061 -0.092317221855 1.6469077585e-16 -1.951545852e-16 -9.388557854e-17 -1.4836483301e-15 7.7745639451e-16 1.8454974077e-15 
2.0786960636e-09 -1.6324868148e-07 -3.6467682189e-07 1.1518733265e-11 6.3217521297e-11 -3.6580012371e-08 0.021844922328 -0.024725406725 -0.13958666232 
0.025667609676 6.7448948271e-06 -0.13574491241 -0.046260062056 0.0060471348055 -0.071083530136 -0.0046735455953 0.025193209066 -0.1067273158 
-0.031627252556 -0.035074149899 -0.056707602104 -0.0069140472093 0.046922086642 -0.074299224398 -0.0021501511579 0.016318268434 -0.096767019653 
-2.2908820623e-09 -5.0359469644e-09 5.051219313e-09 -2.4989579293e-09 -8.9727986317e-09 1.8782734743e-08 2.6316870536e-09 7.8803015339e-09 -4.7699988327e-08 
-2.1416661619e-16 3.3772054821e-18 2.5897990099e-17 0.010140270034 0.03555585589 -0.072581586706 -0.0016162355638 -0.0070102700294 -0.07317228482 
-0.016179848925 -0.012031892332 -0.09802917762 -0.0076568342835 -0.023502001734 -0.074481021488 -0.03055086422 0.024165019798 -0.039772755048 
0.014162209822 0.020375752567 -0.095253309298 2.0955073177e-14 -1.3453486064e-14 -1.5629255422e-14 -3.4914958919e-16 4.8779231092e-16 -2.1292880635e-14 
-4.8906290367e-10 -1.2678031314e-10 3.3978539116e-11 -1.204547281e-05 -0.00026261292704 0.00035534057042 1.8636182048e-11 -8.1454099701e-11 1.7869197034e-07 
-2.8833505032e-15 1.9190636914e-15 -4.268410875e-13 -5.2909191834e-11 6.061911286e-11 4.3447756585e-11 7.4194728718e-14 -4.752918865e-14 -5.7872873416e-14 
1.9893087933e-07 -4.2736176775e-07 -4.3140677301e-06 8.7862961536e-07 -7.3543327064e-07 -1.0925144042e-06 -1.0433544594e-05 -9.6457032734e-07 -1.2693107667e-05 
-2.3693983825e-06 1.885541825e-07 -1.6186298202e-05 0.029145940125 -0.035300377234 -0.10914638132 1.8074505503e-05 2.7604414116e-05 0.0001982468789 
3.9782553474e-06 3.7906447645e-07 -7.5482950295e-06 -1.561668274e-07 4.2454867131e-07 -9.5669489888e-07 -4.3459930648e-06 -3.9147424822e-07 5.8277701317e-06 
-1.558006376e-08 5.1694352284e-08 -9.1574461293e-07 -0.020505851621 -0.023269640917 -0.11551306478 -0.0061587040894 -0.021006873159 -0.11659829024 
0.002783935843 -0.0090910054012 -0.083290483845 -0.0069910639307 -0.025341923482 -0.065688732525 -0.0042737819013 0.010439498235 -0.081575515621 
-1.3104776102e-07 7.8281719182e-07 -1.1279229186e-05 -6.1284803261e-05 -6.7377936483e-05 5.5446707095e-05 4.22997864e-16 2.9328717105e-16 7.5300974151e-15 
-3.1276767228e-07 2.2208998506e-06 0.00055741731351 0.010296934415 0.014220044626 -0.089749633924 -0.033944142059 -0.012419209228 -0.11727526909 
-0.053522795067 -0.031144508551 -0.10144218202 0.017998461891 -0.038207760328 -0.11116054391 -0.019726166565 -0.018236767787 -0.11727727642 
-0.026180922874 -0.0063549833995 -0.056929148297 0.0041117335539 -0.0084011793052 -0.12748395445 7.5866071682e-07 1.1613634179e-06 0.00046336786113 
-1.0151838609e-16 3.6119365031e-17 -7.2631253995e-18 -8.9563230056e-07 -1.4966427065e-06 -0.0010997246819 0.053931369984 0.0091890944858 -0.042641331601 
0.0069299330611 0.0006415735795 -0.088101563153 0.0062173630792 -0.019233376408 -0.11125180073 0.015463539929 0.017247472988 -0.072882076427 
0.011279437749 0.02225502962 -0.10689811258 0.022993852046 0.012059494129 -0.10257251184 -9.5732261344e-05 -0.0012919559913 -0.096498331333 
0.00073147254212 -0.010642444985 -0.09340151599 6.3371360206e-08 -9.0267857267e-08 -1.4056607354e-07 -1.848756979e-08 2.8875798147e-08 7.4510246834e-08 
-1.1083293966e-05 -5.2341827288e-06 -2.3309208916e-06 2.272760732e-06 8.0248319788e-07 1.0107832982e-05 -8.9953271237e-05 -0.00050472472625 0.00011165476492 
-1.6454132768e-06 1.4414663222e-06 -4.5053389584e-06 -5.3707482034e-16 -2.9431280626e-16 -1.4699805016e-17 -1.7214010043e-13 -9.754958814e-15 -5.5259510821e-13 
-1.2458293631e-07 6.5101828022e-07 -2.814742758e-06 -8.6783772508e-07 7.1637116691e-07 -1.0682148367e-06 1.2528609074e-06 -2.3696665324e-06 1.0888033793e-05 
1.2847518583e-05 6.5353675285e-06 -2.0012519204e-05 -0.017780582967 0.016845901768 -0.069522340552 2.167419041e-16 -8.0488989651e-16 2.9808472874e-17 
1.1337569128e-05 -4.2606708983e-06 7.1347074543e-06 0.0043200676426 -0.0063352568734 -0.074410766679 0.015116460057 -0.012434871785 -0.052152016498 
0.032409699068 -0.0089449532126 -0.11058211825 -0.016042290399 0.0063467656036 -0.061536966656 -0.047427259471 0.019708116805 -0.1164662014 
0.023025754724 0.00061389206302 -0.1321664943 0.01405627956 -0.017701054629 -0.074756907395 -0.014097922337 0.038509581231 -0.057424666139 
6.6915311372e-05 0.00011254072185 -0.00020858498526 -2.1238217897e-14 -8.028414092e-14 1.3238032017e-13 3.122733408e-06 1.3392308661e-05 6.4221324365e-06 
-0.0051415458415 -0.0036925513377 -0.11439319998 0.0058762310461 -0.018075674783 -0.093977199427 0.031170304742 -0.017537309698 -0.078797243199 
-0.006376409773 -0.014806432659 -0.097474598457 0.013688460854 -0.0028022484376 -0.12082967928 -0.042849708687 -0.0014314967284 -0.056971949839 
-0.009668608211 -0.023631053732 -0.084422828103 0.0023638443176 0.01868736616 -0.100589219 -0.015864046528 -0.017197619251 -0.078418794414 
0.0029984592938 0.029166224495 -0.096429744226 3.2147166294e-07 -2.3974802431e-06 -4.0695851186e-06 -1.9678058233e-08 -2.2863897785e-08 -4.7520869912e-05 
9.7661274005e-11 6.9934164318e-10 1.8354967291e-07 0.067067853786 -0.0043348892842 -0.091889464415 0.0065003151485 0.024200904079 -0.090851254747 
0.027051066239 -0.0058262386677 -0.055323993136 -0.013521140503 3.9952043061e-05 -0.083399726111 -2.6781325627e-07 3.0768824255e-07 0.00011445354474 
-7.1815883159e-17 -6.5250766525e-17 -1.2835143648e-17 5.1842325611e-06 6.7935611134e-06 -3.3651641214e-05 1.4336856392e-05 1.1194370754e-06 -4.8085945215e-05 
2.4335039565e-06 -2.7401881847e-06 -4.7907524974e-05 0.00086417309449 -0.019127830151 -0.072786274398 -4.8460570467e-06 4.3699523953e-06 4.5490232456e-05 
-0.00047900913369 -0.00024079066815 -0.00029582396829 -0.00033456760655 -3.2084490657e-05 -5.4816062164e-05 -5.1516367122e-07 8.8531605944e-08 -0.00016687277266 
-0.012058620316 0.044755694804 -0.089700904821 -4.7293974784e-06 -4.2350439708e-06 -7.139113083e-06 2.2023870932e-08 2.6787887157e-08 -5.7599024366e-07 
2.1839901645e-08 5.926729752e-08 -3.4855609085e-07 1.658740019e-06 -2.3207531882e-05 -1.0352975976e-05 7.9626355084e-08 -3.9419251496e-08 1.7278004767e-06 
-5.6815072971e-05 -0.00010322883101 5.4096885474e-05 0.017860394718 0.0016600095143 -0.096654459752 0.025503819778 -0.0056139847965 -0.12691837886 
-0.005986255083 -0.014377400632 -0.108492286 -1.3711178041e-09 -2.7194699764e-08 -1.5697763819e-07 1.5461254478e-07 3.3110926314e-07 1.0755538871e-06 
5.0827609489e-07 -2.8753931222e-05 3.798696237e-05 0.015969452351 -0.016495367148 -0.11800229801 -0.0097524141916 -0.02780130349 -0.099706622013 
0.012136385129 -0.011178182798 -0.10578013324 0.0031295285495 0.0066984839658 -0.10564821131 -0.0054565236877 0.023506431894 -0.08916106526 
0.026594899741 -0.032320645195 -0.081569859288 0.0019212248425 -0.0034616445977 -0.098275863721 -0.045554738396 0.0056318887096 -0.086528367185 
-0.015399998827 0.0065427701454 -0.10613131224 0.030068562829 -0.0017621992058 -0.11464352698 0.019326203981 -0.010760664492 -0.081219496389 
-0.0134110963 0.045997376454 -0.070296292561 -1.9710882178e-16 2.4780753264e-17 -1.152450271e-18 -2.331716987e-14 -7.2940269142e-15 3.6468003661e-14 
-3.7161408869e-05 -5.3643119838e-05 -0.00019048416765 0.0015579847622 0.008583509 -0.051992667324 -0.0056859550848 -0.0035825118106 -0.082727012005 
-0.0070888805884 -0.010399236417 -0.11253085506 0.0077910714146 -0.00021397299665 -0.11258385385 -0.018918818044 0.035069866424 -0.10364517071 
-0.0020124698066 -0.0052089327043 -0.056939840808 5.6247205215e-09 -1.5746492401e-09 5.829487454e-08 -1.328514327e-16 2.3782752997e-16 7.4425000685e-17 
-3.9909726376e-08 1.0374116723e-07 -4.1102866518e-06 -5.9017940584e-16 2.0929099679e-17 -2.032135054e-17 5.6444419836e-10 1.6768532009e-09 -8.4617555057e-07 
5.7756847342e-09 3.5745665142e-09 -5.8734882452e-09 5.1151254001e-07 2.7491000932e-06 -2.0517456099e-05 1.2345022545e-07 1.5294097062e-07 -1.8904135048e-05 
-3.2502749566e-09 -1.9951629133e-09 -2.7822074754e-09 -6.3171203191e-07 -1.7655528622e-06 -3.4707762053e-05 -5.4766704004e-09 -2.5599626983e-09 1.093154079e-07 
6.0468725453e-08 -2.8703482872e-08 9.1725695012e-08 9.3695139999e-07 -1.8810195692e-07 1.1110558768e-06 -2.066502422e-07 2.9839701321e-07 1.0988058746e-06 
-3.8134060143e-07 1.3218612549e-07 3.1726624602e-07 1.8602771646e-17 5.6373489026e-16 -1.7208837646e-18 3.9511944091e-07 -1.7239087224e-07 4.9476023443e-07 
9.6341274477e-08 1.4127210333e-08 8.9984773426e-08 -8.0763620558e-07 -8.7720165098e-07 9.1781431726e-07 2.2945174281e-06 4.7550270574e-06 -6.0303207376e-06 
-2.9163750264e-07 -2.0938529283e-07 -4.0336170866e-07 -2.2419912669e-07 -1.4184299257e-08 2.6042350101e-05 -2.9100678285e-06 1.248872763e-05 -6.6094116031e-06 
-1.428394231e-06 2.2539247793e-06 1.2871749242e-06 0.023917694641 0.03823211943 -0.079164383919 0.023495442401 -0.022818838496 -0.051860444395 
-0.012364184765 -0.026456283476 -0.066777017935 -0.019238647299 0.0042185977284 -0.13895909407 0.042736884841 -0.028076489108 -0.08434190877 
0.016705364779 0.0047384860818 -0.10774461379 -0.0064008947071 -0.0086528794486 -0.097115526755 -0.0019307516094 -0.016211450962 -0.083728122668 
0.048389408149 -0.019437846229 -0.062993270482 -2.2800413686e-06 5.5962711033e-06 -9.8213524938e-06 8.3120531811e-07 2.9358837872e-06 -9.6842660441e-06 
-1.4565833077e-06 5.7060598869e-06 -1.5845679106e-05 0.01544498692 -0.015045902153 -0.080493611095 -0.009341820364 0.0026883708725 -0.10477297135 
0.010082262458 0.029152634345 -0.080473821441 -0.0061092820025 0.036435830794 -0.10134623878 -0.0041389928977 -0.0038826977836 -0.059584924155 
-0.0012800171931 0.01718570905 -0.099634505441 -0.027409857167 0.01836247256 -0.079550125408 -1.7484919028e-17 2.0633434853e-16 -3.377701901e-17 
-1.9980877675e-17 1.2792143755e-16 4.9645898404e-18 -1.17288787e-10 -1.6073106826e-10 1.30776454e-09 1.1268793307e-11 4.9476338203e-11 4.7926397713e-10 
-0.01474715674 -0.013071102713 -0.082222506758 -0.018028083826 -0.00530634933 -0.078746041883 0.015498799826 0.014901553496 -0.11127813659 
0.036093504283 -0.0033511621773 -0.094250168504 0.035908440081 0.024737304058 -0.11069048927 0.046507104416 0.0036488453263 -0.092371600039 
5.4526649836e-16 1.4381556361e-16 -1.7103015637e-16 2.2946303973e-15 1.0931479641e-15 5.3168320858e-17 -9.0557549392e-17 -6.6574903532e-18 -1.5590488156e-18 
0.002088373707 -0.041643872644 -0.079519380598 1.0647936855e-07 -2.3441619425e-08 -1.6155916474e-10 -5.4365375268e-08 1.0313389078e-08 -4.8647780998e-08 
-2.2089100909e-06 1.1720542553e-06 0.00017258566294 -8.9559980816e-07 1.5243066601e-07 5.9779295498e-06 1.2740972461e-06 -6.437979283e-08 -4.9460672399e-06 
-1.0941808941e-09 -1.0203375538e-09 3.1763422936e-08 7.0481434682e-05 0.0012664533762 0.00080683407004 3.5990209719e-06 5.8192637985e-07 1.8458857978e-07 
1.2250685245e-06 -1.9878768724e-06 9.201028694e-06 -0.025017724303 0.0075163770263 -0.094228777306 0.022415152146 -0.0011718329915 -0.056851102533 
-0.027065297228 0.013802427262 -0.077870511295 -0.0059800142374 -0.01119767973 -0.111011989 0.023315166362 0.019847670764 -0.10702424945 
-6.2208774343e-17 1.7800544278e-17 1.4579085434e-16 2.1726514353e-06 -1.027083065e-05 -6.4352832645e-06 -6.7772596351e-07 1.0899966061e-05 -1.5549464672e-06 
0.01429512936 -0.037409402541 -0.09841090828 -0.011998772941 0.01692604588 -0.069484603531 -0.046700307057 0.038848944451 -0.093543831863 
0.0076005205052 -0.011720410459 -0.097602398022 0.0071729143813 0.042793534399 -0.094136939247 0.023285183266 -0.0056174095043 -0.10578608613 
0.047594000824 0.014945138603 -0.09705087179 0.0024147221684 -0.031551362486 -0.078814085458 -0.0049442368543 -0.0049956702382 -0.093776392709 
1.9568859249e-06 -6.0808705346e-06 1.2822141564e-06 -0.020253896512 -0.0077611554871 -0.0702444396 -5.2022224317e-07 -5.0430199908e-06 -0.00016532680586 
1.3622677537e-05 3.1790585509e-05 5.5380814067e-05 -8.5107862078e-06 -4.7363718438e-05 -4.5189331851e-05 -0.015374081006 -0.0023937988471 -0.084240418728 
-0.017039903985 -0.035630631816 -0.06976837341 -0.018401376627 0.01607167129 -0.078410084021 -0.012128963479 -0.0024993039328 -0.087625407324 
0.025239938399 -0.0045810676226 -0.1077306894 -0.0043260236559 0.043506731279 -0.10028129621 0.017922350778 0.019143062215 -0.097414037071 
-0.038483836555 0.033781362251 -0.041563053832 -6.495000502e-07 2.0335848702e-06 -3.5835399436e-06 3.3693934841e-15 1.6522495336e-15 6.2772851854e-16 
2.0174272891e-07 1.082155041e-07 0.00033723268756 -7.6950707642e-06 -1.1589924849e-06 0.00011248643034 -5.964470869e-07 -6.5110105866e-06 6.9436873602e-05 
7.6415363589e-14 -5.3583416675e-14 1.8189876647e-10 1.2624922045e-06 -8.7522203466e-07 1.3179024953e-05 4.7246910591e-15 2.9376012259e-15 9.2319437617e-18 
-3.4552815501e-08 2.1898266103e-08 8.5225591799e-06 -1.5211103535e-16 1.2674030345e-16 1.3203659299e-16 4.3638169407e-05 0.00010993279014 3.7761766596e-05 
1.360847157e-05 0.00015564404534 0.00014461366687 -5.6954944983e-12 -1.1502460481e-11 -1.6587228429e-10 1.1075742027e-15 -3.6596930161e-15 -3.3869402295e-15 
-9.6477466021e-16 -2.1023984983e-15 -7.1488350751e-15 -0.0094488219696 0.020626857303 -0.056771706933 -0.014074440878 0.011519626069 -0.073930744354 
-0.018581889364 0.012634029537 -0.051849800832 0.012103458072 -0.0046666352903 -0.10353021816 -0.0065038549959 -0.0290048969 -0.079915968889 
-0.003301669229 -0.02043513942 -0.087037246735 -0.030850223036 0.013791285208 -0.069226896092 0.04730837324 0.020720999095 -0.093067744855 
-6.7689371313e-11 -6.2565054265e-11 -7.4543517586e-11 7.21692524e-11 2.4353665921e-09 2.5295407769e-08 8.0469406659e-09 7.3076025658e-09 -3.0060662964e-08 
-1.5490903539e-08 -3.1646195423e-08 -1.4989077677e-08 -8.9224368322e-16 -1.2642311665e-15 7.3169799719e-15 9.9998219866e-07 -1.771461022e-07 -5.875550926e-06 
0.0036663047628 0.010825399266 -0.1215839347 -0.003992584433 0.021609708813 -0.072981534784 0.013095960331 -0.020961168034 -0.066033418227 
-0.022066356298 0.0091022537192 -0.11709196462 0.0095799558012 0.0085818028748 -0.11406221782 -0.00025955555373 -0.014604464368 -0.11054569581 
0.0092445952485 -0.0064549512839 -0.065838166575 -0.010352208489 -0.0021633733191 -0.10064414154 1.4867954568e-15 1.6410347378e-16 1.0665978693e-07 
-9.6758953356e-10 -2.6073669745e-09 1.1392916109e-08 -1.7699832429e-05 -3.0614768688e-05 7.0980976811e-05 -0.014936076727 0.00018375955557 -0.051264698046 
-0.019163238145 -0.033586955454 -0.074064464995 0.033303526335 -0.01847260402 -0.05433845446 0.011701510619 0.016802402687 -0.12625219552 
0.013071879631 0.010700509746 -0.05548253605 0.016048870684 0.024162532944 -0.089696007338 -8.4220215243e-05 0.00011973613675 0.00017085500561 
-1.3060467824e-15 -1.8796680311e-15 6.4198199519e-17 1.7239082958e-13 -4.8805288569e-13 1.584221172e-11 5.3427045577e-09 2.5897579353e-09 4.287331899e-06 
-8.855319406e-17 3.7129144806e-16 -1.9038795901e-16 -5.5919192156e-12 -4.2319693398e-12 -1.3137488788e-09 6.1159935025e-17 -1.8712160929e-16 1.0020122767e-16 
-3.2908877213e-08 1.153248085e-08 -8.1900437289e-06 1.8673262388e-06 3.5276824814e-06 0.00010471948841 -1.4681379947e-05 2.3528895602e-06 -9.1947634553e-06 
1.6572740555e-05 -1.1984155778e-06 1.2230998735e-06 4.0595615514e-05 4.5479777272e-06 -0.00019541280258 2.9778725876e-05 1.5478811055e-05 -4.6221126692e-05 
3.5284144827e-05 -1.8762943269e-06 -0.00017296080561 -1.672328495e-08 -1.5733293052e-08 5.3255072712e-06 -5.9649907996e-06 8.8379453221e-06 -3.5084438691e-06 
-3.4379493221e-05 6.1236938522e-06 -6.9241649142e-05 -0.0070087365981 0.02949557593 -0.07839436857 -0.020025479995 0.0033711421975 -0.062912636889 
0.0151635511 -0.0075805058829 -0.10613287528 0.017799115453 -0.0083133709465 -0.14147765714 -0.0052048473322 -0.019172250714 -0.10453787203 
0.043916031332 0.041497731996 -0.062712204677 -0.012314919949 0.0060220254774 -0.082199710002 -2.0803836345e-10 -4.2860615656e-10 2.6178442459e-11 
-1.5418855755e-06 7.2878838008e-07 1.1189616758e-05 0.0013062549588 0.023006283435 -0.070513255423 0.082088824808 -0.004933880303 -0.035376778031 
0.052375233606 -0.016762443808 -0.069037555782 -0.0090544101276 0.021480412441 -0.091743749648 0.0075128222427 0.0026566944217 -0.11858931022 
-0.015802882311 -0.0023363963138 -0.063851046891 -0.00072435701393 0.014884808093 -0.063373350237 -0.020195127438 0.017153999482 -0.091085795047 
-0.014731203753 0.027202094361 -0.08586592815 -0.013388407073 -0.0037018892434 -0.089879899925 4.0721506744e-06 -1.052684694e-05 -0.00017981479333 
0.0115675594 -0.0071498622637 -0.10667117254 -3.9626833098e-10 -6.0760464038e-10 9.6413009923e-09 2.5664960548e-10 4.4875837481e-10 7.5190559641e-10 
1.4980840389e-05 2.2838594401e-05 -8.9673699949e-05 0.004979227427 -0.017563353527 -0.091271370053 -0.027033043662 0.0069847778244 -0.11882081434 
0.0010764422491 0.049350054402 -0.087885326094 -0.012542038398 -0.0371312803 -0.066007040606 -0.018084885371 0.024088185683 -0.14408947814 
-0.041530569577 0.0096262229132 -0.12011772902 -0.025849920757 -0.051488443785 -0.075880078885 -1.0799050633e-16 -9.3043451583e-17 -1.7541043733e-17 
5.9846711903e-17 -2.3569894638e-16 4.8015505214e-18 -4.9018583768e-07 3.1501501026e-07 2.794162054e-06 -2.8311884827e-09 -1.0591345668e-09 -8.958656991e-06 
-7.3743593609e-11 -6.9254979383e-11 -1.7961799892e-08 -0.0056927569054 -0.013002357282 -0.095120182207 2.6716311811e-05 2.4378625653e-08 -0.00020130897459 
4.9148575654e-07 -2.0072286059e-07 1.7387911361e-06 -2.2406085031e-05 -1.3737129269e-06 -0.00010556319467 -4.5589071444e-06 1.1062938103e-05 -9.4478296507e-06 
1.7297415152e-05 -1.0620338996e-05 3.0404868445e-05 3.3704685449e-05 -3.4699140532e-08 8.0342015655e-05 -0.00017155903218 -5.9182323151e-05 9.4688902726e-05 
1.8954545746e-05 9.5215203487e-07 -4.0394290352e-06 1.3916649007e-05 1.3918717067e-05 -0.00015595162332 8.0105252214e-05 4.105757742e-05 -0.00034913018501 
-4.3425214417e-05 -3.3981316517e-05 -0.00015657597762 1.5317320708e-08 -4.3499361128e-07 -6.4781536107e-07 -1.7570714989e-17 -1.932356834e-17 -2.1635544565e-19 
-4.3323769007e-07 3.2593657563e-07 -1.7348068906e-06 -0.014057144396 -0.026078808634 -0.052350686705 0.0049604846935 0.031813859892 -0.1230733207 
-0.0012328025999 0.018168116041 -0.10250272449 -0.01900657391 -0.0023919311191 -0.087139130934 0.0050221639414 0.015456279988 -0.072351220774 
-0.017762496801 -0.0096052297293 -0.055863615855 -1.0251870655e-10 -1.7621534717e-10 1.7536039629e-08 -2.7776370475e-17 -7.9922174621e-17 -5.985753112e-19 
0.060282322558 0.038281847225 -0.037839997438 -0.00054592978058 0.023033607654 -0.13276826046 0.0097551119767 0.0089745381303 -0.092396126063 
0.014262619556 0.067864329313 -0.02061689932 0.0087880159898 -0.034929569157 -0.066918256473 0.025885568371 0.026692612156 -0.11338105032 
-8.4155022162e-12 -1.8390809394e-10 -6.5215728001e-07 -6.6235777126e-06 1.3408958125e-05 1.7736953721e-05 2.2166572423e-16 2.0406852373e-16 -2.1796706547e-18 
1.8745766287e-06 2.2476891678e-06 0.0007643562929 -1.2594838497e-16 2.1765491483e-16 1.7184860958e-17 0.0042760486562 0.027761777616 -0.090923263083 
-0.017384940315 -0.052570994721 -0.059999583576 -0.001581833968 0.013972390544 -0.046545476939 0.0095596886591 -0.029399552758 -0.080714949318 
-0.0060741586279 0.0162946655 -0.080449944791 -0.003046369185 0.021830647039 -0.099358447779 -4.9788568378e-09 7.284420611e-08 8.6658265357e-07 
4.7817541122e-07 -5.5252142814e-07 6.8645174258e-07 5.1816262954e-07 2.0858383533e-07 6.1931731061e-08 -3.6424179695e-10 -3.0948715387e-10 -6.8151374649e-08 
-4.5012249546e-08 7.9015889876e-09 3.0469874895e-05 -5.7242674624e-08 6.27886817e-09 7.163651008e-07 1.6187745647e-10 -2.1699003888e-11 -1.692742286e-07 
-4.2341176566e-07 1.6677077671e-07 -2.0481679118e-07 7.1343113508e-08 4.5096643572e-08 1.3439870303e-06 -3.8742497548e-11 2.5729472791e-11 2.895687169e-09 
1.9258309779e-07 -1.0024591729e-09 1.8435560731e-06 9.2412810239e-07 1.9810893365e-07 2.6904106014e-06 0.011333337087 -0.00067977968291 -0.054842950568 
-4.3648092375e-10 -4.9999811739e-10 3.5392145598e-08 1.3254936531e-09 1.095770426e-09 -1.4962672938e-08 9.5204987698e-10 9.1177454401e-11 -8.4490756086e-09 
1.7728121474e-15 6.6911574311e-15 2.5663586209e-12 -0.0061269310912 0.032914780569 -0.081256761144 0.040599360691 -0.00038543924585 -0.053069876245 
-0.0038393062252 0.041046756243 -0.066678913637 0.021713427197 0.016401344347 -0.09952639603 -0.080042016994 -0.012187635862 -0.088835938195 
-0.0049019614549 0.037631377549 -0.092834346103 -0.015963350675 -0.00032096033728 -0.067152978493 0.020634838125 0.00022690451038 -0.045750387491 
3.5535097245e-05 1.6968503749e-05 -0.00094094176148 -5.2923559412e-11 1.6262017474e-10 -2.0395472969e-11 -0.027235994127 0.011676171911 -0.095701576595 
0.0058382730493 0.01688628159 -0.11887201549 -0.021359138287 0.0060179912011 -0.11517000531 -0.0016039953055 -0.010019191202 -0.1096315763 
0.016390472943 0.015683162484 -0.1077172388 -0.012339835446 0.021971428084 -0.094099311909 0.042055835233 -0.021786209069 -0.11393661395 
9.4378692815e-17 -1.4737288639e-16 -2.2235899268e-17 -2.6583675883e-05 2.3282489887e-05 -0.0012389361335 -0.001383763062 -0.019492162287 -0.064401323621 
7.6436367781e-09 1.3891776776e-08 2.9332239907e-06 -2.0263623813e-13 -4.80145461e-13 -1.7349613985e-10 4.1122131464e-14 3.4079127966e-15 3.0286922671e-12 
-0.016018894261 0.0017447900867 -0.053218633438 0.020728311323 0.0072800302609 -0.085603164579 0.0033105726862 -0.01699231628 -0.105042039 
0.00591046731 -0.021599046009 -0.10623390814 0.031531797567 0.003104930008 -0.033067984174 0.032941306837 0.027937893533 -0.10215988011 
7.3615327745e-07 -1.2667658135e-06 -2.2604561812e-06 2.6835436171e-06 -1.5446177877e-05 9.8256940952e-06 -0.00015374939472 -9.3556483747e-05 -0.00014802793739 
3.1772994389e-05 2.8668479029e-05 9.6758253181e-05 -4.2638941242e-07 -3.8222086606e-07 -6.8038046912e-07 1.2553562431e-10 -6.3757871576e-12 -9.6457190103e-08 
0.015679721696 -0.0012178673297 -0.066275876233 5.3406643658e-08 -5.8581873768e-09 4.8686619322e-07 7.469986777e-07 -5.7464123237e-07 -1.4335742641e-06 
1.9476704494e-13 -1.7408951974e-13 -5.7694818329e-14 -1.4590962077e-07 4.0393202012e-08 4.7139332587e-07 -2.2984506575e-06 -3.8608463754e-07 4.3203425566e-06 
1.764487171e-09 1.694790031e-10 -1.8176350508e-08 -1.8659199092e-09 7.0083671573e-10 -1.116606983e-09 -1.1740043056e-10 6.0002085569e-11 -2.188342042e-08 
2.6220402991e-07 -1.7002792053e-07 0.00072405139554 0.024750500915 -0.026911788194 -0.076626025933 -0.018664694754 0.0041578590051 -0.076928577224 
-0.029146494981 -0.012155089412 -0.065187218693 0.0077413431794 -0.0042447056896 -0.088481144969 0.03422330746 -0.024801331366 -0.097487755896 
1.1869674306e-16 -1.0665292869e-16 1.1794334917e-17 -9.9976222326e-09 -5.0543963452e-07 -1.7694752955e-06 -0.016853528724 -0.02528012825 -0.094929419803 
0.020387122215 0.013704271465 -0.10375728762 0.053541661602 0.0044781474474 -0.065723244415 0.010449807526 0.0093597523509 -0.065890341267 
0.040179950829 -0.028314112275 -0.089542875882 -0.014966922695 -0.0057902206976 -0.1333429381 -0.044530309557 0.029990914566 -0.11256491246 
-7.7133816421e-07 -3.5653937204e-06 0.00049550830811 -0.0099882438881 0.024028098467 -0.054746907146 9.2359916606e-07 2.1292840441e-06 0.0003305437993 
-0.021918254844 0.023627848745 -0.087050350339 0.012290791379 0.013925297463 -0.09330462722 0.010188150606 -0.010631684215 -0.092607366249 
0.043319985702 -0.0053417525311 -0.11364403534 -0.026197055448 -0.01047932709 -0.09653445709 -0.00041002863176 -0.025122741676 -0.11969613623 
-0.012014998486 -0.021690314815 -0.060704690517 0.024033274852 0.019906931284 -0.10750253368 -1.3672124878e-06 3.3456497287e-07 -6.4477401126e-06 
3.0601219142e-16 8.9053341287e-17 9.7783024522e-17 -2.0653238028e-06 7.1281446363e-06 1.7506669198e-06 -4.8224340605e-05 -2.5512441774e-05 4.3882159978e-05 
-2.3318726882e-08 2.2346232146e-10 -1.0488756707e-05 2.3474989988e-05 5.7233012721e-06 -9.6301371539e-05 -9.3145947092e-17 1.0409698862e-17 3.1998341869e-18 
-5.4255463112e-08 3.4259856994e-09 -1.3164901516e-06 -1.6593089213e-10 8.5710271017e-11 -2.2085430123e-09 -1.0134387869e-15 6.2712174734e-16 -1.0333357963e-13 
-4.1642920652e-16 -2.8468859623e-16 -4.2266091066e-18 7.1676989435e-08 -1.3244664574e-08 5.791447159e-08 -4.1118035777e-14 8.7156687042e-14 -1.7650518132e-13 
2.3385072169e-16 1.1520313588e-15 2.1903894741e-17 -8.7143806539e-06 4.8914851017e-07 0.00078658250603 -0.025040857547 0.016555760552 -0.10192617647 
7.5497492865e-09 7.6601307315e-09 9.1570912509e-09 -2.9657805096e-18 1.1938606784e-16 9.7463572793e-20 5.5015815198e-06 1.9654777963e-06 -1.2250217051e-05 
1.6601185985e-05 -2.7515821428e-05 7.1995509951e-05 0.00012322778018 9.7990674262e-06 6.6600122023e-06 -0.0077881377209 -0.030201519449 -0.091795038436 
-0.029720498021 0.029446027519 -0.089625217446 -0.0039629824887 -0.033593877486 -0.11302997354 0.020727671518 0.025568683588 -0.098133404398 
-0.024289004151 0.027285769715 -0.090996145896 0.0078692307725 -0.0058489144064 -0.097232328258 4.30368163e-09 1.2208208379e-08 3.6422647668e-05 
2.3566156719e-08 3.7254406219e-07 -1.1796368095e-06 1.7135369418e-14 -2.151731788e-14 -2.6255778608e-12 0.029749121149 -0.011045028071 -0.089573853399 
-0.0056449971633 0.0041466195906 -0.13800654463 -0.024018351891 -0.016690118449 -0.10925258478 -0.0010204181128 -0.0037493845269 -0.093497017979 
0.036711638346 0.019011250741 -0.1119006537 -0.015979801793 -0.0026291664388 -0.10609821683 0.011435051705 -0.0024769475685 -0.11126717792 
-0.029047462684 0.0059098831797 -0.036235209039 -1.3136691646e-09 3.489570239e-09 -4.5910333298e-09 2.9919785072e-14 4.3458649298e-14 3.387315847e-12 
-8.3041502656e-14 -3.3798860136e-13 -1.0545240114e-10 1.1827605919e-14 -1.7253607124e-14 -1.0696512637e-14 -0.0091229193733 0.0089410305105 -0.10676214983 
0.0068607433122 0.023038182623 -0.095664865197 0.029141155129 0.0022982089547 -0.077163014731 0.054475590085 0.024263107524 -0.10896348844 
0.012178077658 0.032671786175 -0.081247169148 1.6231006281e-05 -2.3381329514e-05 -6.0730188394e-05 -1.1651099048e-15 -5.0484790427e-16 3.2725947744e-17 
-2.6859780824e-05 3.2058377256e-05 -8.6929130993e-05 -4.2249920692e-06 3.8100707758e-06 2.5223828199e-05 6.4244987856e-12 2.3565686075e-12 2.1763633198e-09 
-1.3625978774e-07 -1.4627999348e-09 -3.0914406706e-05 -5.3862625402e-09 9.9229891486e-10 6.1269810412e-08 1.925764198e-10 -9.5345553151e-11 2.1435384595e-09 
3.8588036183e-17 -7.7568272497e-18 -1.5194271335e-18 -5.4264741153e-06 5.6721726032e-06 -1.1865231038e-06 0.00032336459566 0.00011781413048 -0.00017522848508 
-0.00044105469722 -6.4862196001e-05 6.7740846962e-05 -5.5517649769e-09 -6.3080990235e-09 -3.5599073522e-08 1.0443262141e-06 -7.1650114518e-06 6.8667631782e-06 
-0.0087284712136 0.018522678018 -0.06998151178 0.0036628562658 0.0021279759731 -0.099455318758 -0.0059339197915 0.012328381916 -0.12699396844 
-0.0050766519052 0.023290967692 -0.053182982521 0.0044255048336 -0.0059622509922 -0.068035557574 0.012903402867 -0.041058990882 -0.092430488386 
-0.037448671853 -0.02474565977 -0.094227090822 -2.2235815511e-07 -9.231092442e-07 0.00030149870779 -2.3656983981e-09 -2.012605545e-09 6.1093682919e-07 
-0.0014609961902 0.0023618508153 0.0028344126257 -5.5409392674e-06 -4.4447283365e-05 6.9059691578e-05 0.033577423513 -0.0063193738539 -0.064793634082 
0.049731857045 0.027520057831 -0.038256509712 0.068630147742 0.047560947535 -0.09357425591 -0.0036515044827 -0.006384954143 -0.11185654012 
-0.089058138317 -0.031780186155 -0.1366203251 0.0070738264814 0.014819107397 -0.11448467859 0.00010779833771 -6.195356137e-05 0.00025175732226 
-1.6550818536e-10 -1.8683865805e-10 1.5544309841e-10 0.040337374647 0.01127374405 -0.07138635226 1.4450267019e-05 0.00085087123469 1.2029429854e-05 
-3.7546040672e-17 9.8832873435e-17 -4.8260786175e-15 -4.5487930486e-05 -0.00016657353161 0.00041842720164 0.011503539817 0.032594117214 -0.10547865685 
0.049968435008 -0.03764817946 -0.047343521653 -0.0048935460806 -0.057295255976 -0.073395341729 0.02527680049 0.0045340784845 -0.11580436357 
0.0079327050365 0.015561525823 -0.08933388025 -0.01331663201 -0.030036204217 -0.088796773619 0.012068191297 0.03414650821 -0.091431373927 
8.1764115279e-10 -8.7605918053e-10 -3.3641992152e-10 4.6187986608e-07 -1.1294684177e-07 9.2674041761e-06 3.79197707e-06 -1.7565877337e-06 -1.2496274654e-05 
-1.8072756881e-08 -1.3483613606e-08 1.8497212048e-07 2.6684884333e-17 6.8505243283e-17 2.1869553911e-19 -6.5373105845e-08 2.3430216396e-08 1.5368263598e-07 
0.0051167078262 -0.010076153167 -0.082065970791 4.2864447262e-08 -9.5313571888e-09 2.3141098343e-07 9.6795755052e-06 -9.3987085881e-06 -0.00037517644617 
-4.2236922905e-05 -5.1664889698e-05 -0.00020305979513 -7.5939074733e-07 3.191728524e-07 0.00020729920863 -1.7333010962e-08 3.3712335578e-09 -9.5995065203e-05 
3.9388155399e-08 -6.2945807453e-09 3.7464728877e-08 0.00012767057996 -0.00015709050272 -0.0001487484308 0.00015847621447 3.8279432801e-05 0.00023311216702 
-1.0416371609e-06 3.8341564417e-08 -7.6721788419e-06 4.4627961754e-07 -1.0995262752e-06 4.2435906937e-06 2.7601894301e-06 1.624796436e-06 7.4459205908e-06 
0.011997444322 0.033511330476 -0.067989171243 0.038827650007 0.025916888225 -0.065782184582 -0.0085428335783 0.0091321515008 -0.064259978174 
0.050115520156 0.0093745689484 -0.068003069945 0.0049656861215 -0.007463132213 -0.099772818901 -0.019216731581 0.019883617255 -0.040033226359 
0.00018771452122 0.00090831802193 0.0022063046525 -3.1097094745e-17 2.4846617959e-16 -8.9916472075e-20 2.4419370516e-14 -6.4834964486e-14 -1.8780254727e-13 
-1.097199897e-05 -5.802701885e-06 6.7785995722e-05 0.023063951113 0.0012858345314 -0.085555670492 -0.0053055666463 0.0020583755071 -0.10245171936 
-0.011338549426 0.028606365469 -0.10889661134 0.009843531703 0.0077806236532 -0.11459154927 -0.038144231685 -0.031005803602 -0.052786908114 
-0.030950845189 0.054756495836 -0.066509432831 -0.038634306708 -0.0027850651149 -0.08933403414 -5.1803468889e-10 4.7604974639e-09 -4.5365320402e-10 
1.4938368618e-09 -4.8086145031e-09 1.6135649182e-08 5.4007394703e-05 1.8172457554e-06 5.667382777e-05 9.1397201909e-05 7.6617333649e-05 -5.8227000637e-05 
0.0080460663994 -0.039669168398 -0.069257523053 0.0011902979354 0.018955219147 -0.1064450549 0.029050424737 -0.017493551452 -0.074793748274 
0.027787755736 0.033588213984 -0.083076556735 0.032341541108 0.013814054564 -0.077263416987 -2.318194714e-17 1.2937532573e-16 -1.5052990007e-17 
-2.5459402702e-10 9.443793777e-10 -1.8634615488e-09 -2.5497661666e-06 -1.1364759535e-06 -2.1878671157e-06 -1.4112152307e-09 -8.5595332808e-09 1.3250426518e-05 
-1.9791492031e-13 3.4812919747e-14 -7.3931691989e-11 -2.6053463393e-05 6.0589307023e-06 -9.4413583052e-05 3.7256656534e-08 -2.6885353427e-08 1.6694258688e-07 
-2.2202456935e-09 8.5316396316e-10 9.8018504327e-09 -2.9615166008e-08 2.5819319942e-09 4.7182085593e-08 5.7887083151e-08 9.6776334442e-07 -5.536934512e-06 
1.3300957655e-06 1.3198326069e-06 1.3151984863e-06 -4.9633904612e-08 -8.366042072e-09 -8.4517149242e-07 0.00057632008284 -0.0037480315481 -0.14233843211 
-0.0057354238075 0.005100844731 -0.077158152008 0.035576569432 0.014412323693 -0.055280453788 -0.011593980896 0.010159303287 -0.1344453353 
0.014666343346 0.026783076523 -0.062556433968 0.0075959282902 0.00038900804031 -0.11451222839 -3.6752494659e-05 -0.00024334683088 0.00057703982735 
1.7954365131e-12 6.3282498877e-12 -3.7626575986e-11 -2.3559563962e-14 1.0047112734e-13 -2.6525411317e-13 1.3807007526e-11 -8.9001427244e-11 7.6338182653e-09 
-0.015992642577 0.00018456196452 -0.11586697603 -0.039252986968 0.049198115732 -0.095076170277 0.01676669105 0.043853998337 -0.095726023145 
0.028220910475 -0.051649337136 -0.084007820927 -0.030902957449 0.020980232025 -0.10438017365 -0.045162213864 -0.039449852868 -0.12218828764 
-0.026745654306 0.040233379959 -0.083612258309 0.0045715327623 0.082092585021 -0.093030379725 4.1664094289e-16 -1.0302884358e-16 1.2163888362e-18 
-2.3886310841e-07 1.0053695641e-06 2.7736088962e-07 -1.4512418361e-11 5.4141595814e-11 -2.4259415922e-10 -3.4137150836e-06 -2.2065560813e-05 3.1227314378e-05 
2.6588166473e-11 -2.5506244597e-11 -5.8523399609e-10 -0.023009927628 0.039597666595 -0.11568284508 0.0082935075001 2.0145825806e-05 -0.064895086577 
-0.010027083104 0.026568499343 -0.11249826104 0.036782862564 0.0062826121782 -0.077647700911 0.039344578126 0.015233769715 -0.13381387095 
-0.05857865256 -0.030851678877 -0.058077631235 -0.00035202224598 0.00068478914943 -0.00057152976863 -4.2051969576e-05 5.4150023624e-05 -2.3119297982e-05 
4.9550185913e-07 3.0294510339e-07 6.5207147717e-08 4.1190545073e-07 2.1939746607e-07 -5.0057908703e-07 -4.6237291748e-07 -2.7175651343e-07 -2.0202697809e-07 
5.7176659868e-08 4.3833433295e-08 1.9296377431e-07 1.7185655463e-08 -7.0483061475e-09 1.3904121316e-06 2.6675298185e-05 -1.3999051215e-05 -0.00014979848647 
-8.8037382406e-08 1.1546829504e-08 8.4552757231e-08 5.480556962e-07 -5.6182474851e-08 -6.2726147492e-07 -9.0466365386e-06 1.2386337543e-05 1.922356883e-06 
7.813072468e-07 4.2329594176e-07 2.5698173552e-06 1.3261050983e-07 6.9645394574e-08 3.015886019e-05 3.2993220211e-06 -6.7515313552e-06 -3.3820474928e-05 
3.673694612e-08 3.804934924e-08 -5.2328195248e-07 1.6151001362e-06 -4.3038033552e-06 -0.0012618216096 -0.00098646913819 -0.027576290433 -0.081856113758 
-0.009715823431 -0.038326117055 -0.1374346202 0.010673130828 -0.043088614325 -0.12500420364 0.047861460499 -0.032374639651 -0.12805490171 
-0.031946138561 -0.016949558283 -0.10956192148 0.010101393954 0.035330863825 -0.11874990684 -2.9442695463e-12 -9.8018247114e-12 3.1155265317e-11 
6.9413991215e-17 -1.0598745106e-16 -1.4870556792e-16 5.3993859354e-11 -7.9550020124e-10 -1.6937829387e-10 0.01349193665 0.022971240831 -0.10716090161 
-0.00451867227 -0.041828713345 -0.13178792273 0.04304359497 -0.0079779680127 -0.056867146307 -1.820602023e-05 0.027018608798 -0.08594972672 
0.039242144058 -0.0082951476249 -0.11619130312 -0.0098466874742 -0.026341548155 -0.086487365691 1.1696129161e-07 -5.5031066107e-07 2.9371447601e-07 
-5.1636724247e-11 -1.7628794404e-10 -1.2009922629e-10 -2.7354880234e-06 -1.2103742182e-06 3.4122687888e-05 3.9696842763e-11 5.9510118864e-10 1.4063074903e-09 
-0.022758551161 0.031243277548 -0.059140463406 -0.0073804180744 -0.013873113257 -0.12274360644 -0.0035910218589 -0.043850106375 -0.032240737423 
-0.0060674711857 0.029383870427 -0.092000459656 -0.0034897570269 0.032054528818 -0.13011602465 0.038781140697 0.011652065881 -0.068884629647 
0.0072327217937 -0.04233990896 -0.099909620234 -3.487387946e-07 1.6230697453e-06 1.1501807706e-06 3.2814087636e-07 -2.4169036311e-07 -7.4579170496e-08 
-3.1563457798e-05 -2.0088386296e-05 -6.5863177225e-05 8.4377926867e-05 4.3411726914e-05 -9.8111267937e-05 4.302919207e-05 -2.7235651139e-05 4.2876356026e-05 
-7.4120523547e-06 1.1582776951e-06 -3.0517625845e-05 -0.00011289907636 2.539901269e-05 -5.2136772342e-05 1.0805633648e-06 1.0248241321e-06 -1.7105062448e-05 
1.5700811146e-07 -4.7941813152e-08 5.9477434662e-05 -2.2672590613e-07 -1.3496815397e-06 -1.179942309e-05 1.3295138159e-05 -7.5530957267e-06 -1.4935763875e-05 
1.6178338388e-17 -3.8123735588e-16 -3.3880837728e-17 9.2109585816e-07 -6.8913025833e-07 8.8816781201e-06 -1.5076496233e-06 7.3553157126e-07 -7.5464904356e-06 
6.6325493891e-06 -1.3464251246e-06 -3.2794894715e-06 -4.3276789389e-06 -9.2556719664e-08 2.2038850423e-06 -5.5602301661e-07 -6.8068790137e-08 7.3380678566e-06 
2.0840872045e-09 7.6984047188e-10 2.6110765687e-08 -3.0987732325e-10 -2.9080064408e-10 2.027126542e-10 3.9937372926e-06 2.9443069321e-06 7.9210124864e-06 
-3.1813107148e-07 -1.8760912162e-06 -0.00047312657679 0.0057672730734 -0.014396738455 -0.14187656768 -0.032343697609 -0.029568688848 -0.1243677325 
0.011189155748 -0.0046868625081 -0.08841405067 -0.015995460371 0.045732498243 -0.11509994186 -0.0062211324047 -0.019604329481 -0.11412790625 
-0.0069410835766 -0.059659713246 -0.080771856905 0.00077118692439 -0.022426830829 -0.056458197004 -6.115070447e-07 -4.244935099e-06 -2.9537529815e-06 
3.7074291033e-06 9.5600079971e-06 1.6079628125e-05 -1.8744372991e-05 0.000121173071 4.6571196726e-05 0.00024535447001 -0.00020369723346 0.00025839741081 
-0.0065293373567 -0.0020936288625 -0.10032454254 -0.033429693448 0.024317300685 -0.11277897122 -0.020970845094 0.024726929395 -0.092150080206 
0.0056528392911 -0.040797046569 -0.10608028227 -0.011469325474 0.029989758831 -0.093390976854 -0.015101252923 -0.010645799191 -0.10800461355 
0.0033277964306 0.0059523434182 -0.08285352312 0.040844462967 -0.056926268811 -0.079736508029 0.01998564898 0.00057056564082 -0.013630487316 
-2.5200404731e-07 1.14621288e-06 -9.2221371882e-07 3.7019894872e-06 5.3664554028e-06 0.0012227835054 1.4498894586e-05 0.00012134624474 0.00026897321932 
0.010486014864 -0.057349226213 -0.010499401087 -0.0062651300406 -0.017000167401 -0.10597327026 -0.00015454144742 0.015586331797 -0.1297488475 
0.016592931484 -0.012725855529 -0.13461254838 -0.012987043183 0.02021387308 -0.1038867796 6.2031777065e-08 -1.5033614736e-07 -4.6544782796e-05 
-2.9206561065e-09 -1.3480689192e-10 8.1353236635e-09 -3.2985882872e-05 -1.9575914933e-05 0.00011242326835 4.216803125e-09 2.0096698771e-12 -5.5277395514e-09 
0.0001757559286 -0.00017049576154 9.6780373248e-05 -7.9135256571e-13 1.1440530269e-11 -1.3836218315e-08 -1.0094447918e-16 -2.7400518559e-16 -1.2105664767e-17 
-8.1538234819e-05 7.9268895517e-05 -0.00032648033771 5.181781902e-17 3.9168322211e-17 -4.7505234199e-18 -1.5437056848e-06 1.2537607433e-06 3.523379718e-06 
2.5438610313e-08 -4.7945225488e-08 1.3105973394e-07 0.00037667127695 0.0001333680724 0.00061763633962 -3.894549704e-06 -8.0741757177e-06 0.0018063233606 
0.045469654301 0.027422888638 -0.039452091735 -0.024442611278 0.073225574204 -0.055607709768 0.044588906891 -0.056008842763 -0.040160413898 
-0.050562997632 -0.029971658367 -0.12209987692 0.04007207125 -0.031539827 -0.084208439159 -0.025056404269 0.020327556233 -0.065715775397 
-4.1893741193e-08 2.1220591011e-07 1.10335535e-07 -2.6272886328e-07 -5.0336120347e-07 5.9756585592e-07 -0.0015779439785 4.8703642742e-06 -0.00040594955264 
1.0829458077e-05 -5.6114445632e-05 9.8663778374e-05 0.00046815405948 0.018426652711 -0.11414628093 -0.020566533275 -0.0021539884537 -0.12706243252 
0.023208939536 -0.056462657533 -0.020016365206 -0.018173584792 0.030210010567 -0.062551962713 -0.015990900288 -0.02556668644 -0.053967030583 
-0.029505348927 0.003347479105 -0.08118102966 -0.00072822745633 -0.019231781389 -0.11199675837 0.0062074631086 -0.04281985745 -0.071367869627 
0.017845284661 0.031056875406 -0.14039972213 -2.5475759507e-16 2.2083482163e-18 -4.9506156076e-08 2.5257839197e-11 2.4320751442e-11 -1.2373351143e-09 
6.0322967114e-07 8.0695868933e-07 -0.00054914904105 6.7503135067e-16 -5.8073530359e-16 1.9353858978e-17 0.016374024244 -0.059326972896 -0.037186962888 
-0.015085055872 -0.0067503976785 -0.080618061123 -0.049284186242 -0.021122827441 -0.079906068547 -0.062013511655 -0.040394437767 -0.035638162598 
2.9626472941e-16 5.3583759812e-17 -1.0292402222e-16 9.4171447984e-16 -1.2179652651e-15 -1.4463475028e-18 -1.7455091772e-05 -7.02075859e-06 7.3674590565e-05 
1.8104972549e-16 2.8275047204e-16 2.4638446641e-19 -1.9193086531e-07 5.3671216462e-07 7.1101033148e-06 -2.0490130936e-11 9.964402598e-13 -1.2493978049e-10 
7.648830106e-12 -1.0514510158e-13 3.2724747907e-11 6.8375402437e-18 2.1416916594e-17 1.7753649434e-18 5.9996410225e-06 -5.5572444583e-06 7.2907768203e-06 
5.1977405214e-07 -2.3036194001e-07 2.8209310693e-06 -1.877050399e-10 4.6594376413e-11 -2.6122580675e-08 2.2428259647e-14 2.4616165897e-14 1.021873347e-14 
-8.1950718332e-09 -4.3265243073e-09 -8.0721670827e-08 -2.9629079808e-08 -1.7616088804e-08 -4.7249668432e-08 -1.9552297463e-16 3.0257486716e-16 2.0433857738e-18 
-2.7848121096e-16 2.0914636348e-16 -2.2305306035e-18 0.046853840241 0.002326191577 -0.051166061343 0.032108999746 -0.0092356395263 -0.034960740919 
0.010151776196 0.0057723322144 -0.13337216553 -0.0012702117192 -0.014707575066 -0.10132910044 0.020549984214 0.021147292794 -0.071405939985 
0.064089699014 0.008439918375 -0.13312569709 0.018679903484 -0.019568586178 -0.10559002338 4.488506447e-17 1.0380988426e-16 -6.1709464379e-18 
1.2643959975e-12 -4.3705193966e-13 1.1829654788e-11 -1.5889148474e-16 9.5652190158e-17 3.657897278e-18 1.510460063e-15 -1.6946423803e-16 3.7595795675e-19 
-0.016670082827 0.030857416334 -0.091219846894 0.071046826533 -0.034580069118 -0.062224431136 0.0013482834583 -0.024473507157 -0.15417214211 
-0.010383080988 -0.026440193486 -0.086318750708 -0.022530489875 -0.033832264302 -0.078273947792 0.023909684815 0.0077447402622 -0.060579854395 
3.6816427989e-12 9.8124967268e-12 -1.7059062875e-11 8.552757987e-11 -4.231185715e-10 6.9844452545e-10 -2.1683517444e-08 -7.4436110193e-10 -9.0153487076e-08 
-2.8945126411e-07 -4.4981741563e-07 -3.6953122555e-07 -0.01955343346 0.034345041963 -0.14813505013 0.011092938672 -0.030057126864 -0.056245182839 
-0.022259872278 0.01515980833 -0.055451766915 0.054032498123 -0.019713350777 -0.12722041326 -0.011019117324 0.026202604132 -0.13289707806 
-6.4908866732e-16 -1.4733514608e-16 -3.3669914185e-18 -2.0937663813e-08 1.8826171974e-08 -2.9247082093e-06 -1.2296405569e-14 2.2806154929e-14 1.0529583677e-11 
-7.9652873794e-15 7.3576871496e-15 -3.3127316246e-15 3.1713695439e-05 -1.8251611214e-07 -3.2014361322e-05 -2.2400778609e-06 6.3989242965e-06 3.766822078e-05 
5.8323518801e-11 -9.1397794123e-12 -2.9224705418e-11 -7.0549107752e-17 1.2710785888e-16 1.9128192465e-18 1.8948855592e-12 -4.8144540617e-12 -1.517117248e-09 
-1.5573262125e-06 1.4598966264e-06 3.716135427e-05 3.687459535e-13 -2.7261219049e-13 7.7153848506e-12 1.5400170198e-06 -3.9405528022e-06 -1.5136674982e-05 
2.1356608821e-12 -6.4514012206e-13 3.4645677299e-12 3.5341548879e-09 -1.0709010565e-10 -5.7974799123e-08 1.8097227049e-08 5.3797540432e-10 6.3156507147e-08 
9.5750123935e-06 -2.1781378017e-05 1.4621768587e-05 -5.1854934419e-17 -1.2472424606e-17 2.880163376e-19 -0.034774985533 0.027504425241 -0.091994220274 
0.015584499425 -0.04844479825 -0.089410221699 -0.0053283169962 -0.020025905309 -0.10640434812 0.0071947181173 -0.015193999876 -0.1166172203 
0.050129180839 0.021739532356 -0.085115680723 -0.013559898789 0.033942802734 -0.091292858487 2.4171086288e-14 -3.9243096054e-15 -7.8803050253e-16 
3.2542194117e-17 -1.2285451179e-16 -2.0505869233e-17 3.7451687548e-15 1.7692132771e-15 3.5292933473e-12 1.0198147593e-06 -2.1231110883e-06 1.0346978717e-05 
-6.9232692086e-11 -1.1644760951e-09 1.038195743e-09 0.00085212145987 -0.01672763712 -0.1061039623 0.0018679342766 -0.028380552995 -0.11080969065 
-0.030434415705 -0.01312963271 -0.11996966088 0.0025492907218 -0.05870827167 -0.095676794787 -0.0084715550124 -0.010657670593 -0.13959924657 
-0.007492443651 -0.011614637086 -0.12600416366 0.0048437777718 0.013587385902 -0.13777150509 -6.7964793992e-13 -8.4916371526e-11 3.8550477002e-10 
-5.4527585227e-11 -7.8852800062e-10 5.2793345165e-09 2.2591915984e-07 2.5885436983e-07 2.5508794359e-07 -1.3226292624e-07 -4.51487645e-08 -2.2626877061e-08 
0.047116887772 0.019795428304 -0.10509327169 -0.054627229887 -0.044215479451 -0.080548025048 -0.021653351594 0.0062663402314 -0.087583089432 
-0.063588293399 -0.060980835317 -0.10141308289 -0.01031727679 -0.04373112104 -0.11005126941 -0.03209263357 -0.0361474004 -0.073721574419 
0.010880938913 0.053074335136 -0.11107982131 -5.309005066e-12 -8.0157015136e-12 4.2429393024e-10 -1.0933253879e-05 1.6098845196e-05 -0.0015986155785 
-4.778632137e-15 1.3330697373e-14 -7.688812495e-16 7.0135518495e-08 -1.7279484064e-08 9.4202964459e-06 6.4586055574e-16 -5.6775241644e-15 -4.224462967e-13 
-1.8781568018e-10 6.7866967494e-11 7.1719436265e-10 -1.7567926435e-05 -6.2651732903e-06 8.5667616421e-06 -1.3539345366e-16 1.659849643e-16 6.0478866267e-19 
2.1286465711e-05 3.7117135993e-06 -4.0224432555e-05 -9.7571838176e-14 -5.7457545552e-14 1.6432711064e-12 3.9534624835e-13 -1.7473974962e-13 1.0980854417e-12 
1.9413780974e-05 1.5919300202e-05 7.795083583e-06 9.562089167e-07 3.5923611812e-07 -1.1807481361e-05 -8.4513994023e-07 1.0299014244e-05 1.6833212286e-05 
-2.0960690443e-05 7.7448457292e-06 1.6117749813e-05 -0.013425982517 -0.065889517035 -0.0817625705 -0.0040572398093 -0.022911329682 -0.12941907794 
-0.0018252150196 0.0041967420761 -0.11102082531 0.037198098588 0.0051062428312 -0.12912432612 0.0067142294935 0.0018635691929 -0.11328601184 
0.007480039359 -0.023029878857 -0.089482736782 0.0083398066985 -0.0040507568828 -0.090993093629 -2.66909502e-06 -6.6827614185e-06 2.6345507162e-05 
-2.4096458731e-08 -9.9767004566e-10 -3.0941256777e-07 6.0169958111e-15 -1.3768628861e-16 6.1381693572e-14 -0.0010362997616 0.034672908861 -0.10221875646 
-0.0064565289722 -0.055755481964 -0.11246757466 0.067872344244 -0.021717966989 -0.089696408287 -0.0084393399156 0.00030636246482 -0.12125767738 
-0.012060192478 -0.0049044722345 -0.10554452418 -0.012976668709 0.029622712295 -0.12705730517 -0.04611486304 -0.016108934968 -0.074700533508 
3.6229491911e-11 6.5915029274e-11 1.9416453931e-09 -1.1320876728e-06 -7.4693372803e-06 0.00015428014492 1.8077184597e-14 -1.0632996867e-14 -7.2303333321e-15 
-2.6095955873e-14 3.0967678883e-14 -2.5352172341e-14 2.9373633331e-07 3.096558719e-07 5.9936356546e-07 -2.0743828801e-08 -7.430062757e-09 2.2709335112e-06 
-0.0096323967526 -0.014783863351 -0.082421558083 -0.015837135546 -0.0068264165363 -0.0718815397 -0.016958550316 0.026359022545 -0.066285831009 
0.019257044187 0.010600392776 -0.017298808036 0.016558305418 0.00049487361901 -0.090608595344 -0.013042867247 -0.012232959049 -0.087817560598 
-4.7025521377e-08 5.5253640961e-08 -1.2285300844e-05 -6.1838540724e-16 2.8289154704e-16 -6.1454080864e-17 4.5180420477e-05 -2.1621884342e-05 -2.675027892e-05 
3.3490284646e-05 -3.7113990556e-05 2.3249359312e-05 1.5010990791e-17 7.395003325e-17 -1.6433809554e-20 2.7793072008e-17 -3.0527817209e-16 -6.6770780472e-19 
6.8446214694e-12 -7.194954554e-12 3.8992888772e-10 1.872249071e-10 -7.683024112e-11 7.1224370772e-10 6.7214272226e-05 7.6994499233e-05 -0.00021836766176 
3.6498007487e-16 4.3033718742e-16 2.3178771004e-17 -7.2934587459e-09 -1.3933450971e-09 1.3143462508e-08 8.5150196361e-13 2.3798618552e-13 5.9309750942e-12 
-9.5348240534e-06 -3.496189964e-06 -1.5469190956e-05 -6.8379758514e-09 -3.8980050561e-08 -2.1577111752e-07 2.8270713361e-08 7.8313554562e-08 -1.3955616444e-06 
0.0040061642634 0.054002642862 -0.069928087413 0.019639931187 0.034011323155 -0.051902433851 0.015779345173 0.047813369013 -0.062635158709 
0.0062802804084 0.0011079481081 -0.11182483964 0.017577023024 -0.014932665318 -0.089995981861 -0.02160081526 0.0096879938368 -0.028897775484 
0.027713977738 -0.015180700536 -0.10378451906 -0.016627997158 0.01247860429 -0.10230838133 1.4957654662e-08 2.3825206042e-08 -8.8710076007e-08 
2.8373460073e-17 9.8508109174e-17 -5.6878516016e-17 2.3188902369e-06 -7.4058179322e-06 -5.3052610399e-06 -0.043647202546 0.011753251917 -0.08767216292 
-0.014783306083 -0.032964105691 -0.1442788764 -0.01821880994 0.046381043679 -0.14068913543 -0.020807018026 -0.018778259855 -0.09960241419 
0.018019753103 0.016504643484 -0.098508650272 -0.0037198498805 0.016034726675 -0.12381647399 -0.010274266306 0.040297933091 -0.073834187177 
0.024794862094 0.024967112677 -0.092747327293 0.014852065672 0.045729206179 -0.095445381379 0.00049938725274 -0.00020814187524 -0.0014958381475 
2.0400851323e-06 5.2672797659e-06 3.7949804777e-05 -2.6815786959e-07 -3.0158415399e-07 -1.840291106e-06 6.4921242159e-06 7.8139336866e-06 -2.9113966471e-05 
-7.4456169615e-06 -1.7581394034e-05 -7.4680426152e-06 0.0023909639552 0.0084708011678 -0.12461344871 -0.0011650164238 -0.002979546961 -0.051214599591 
-0.019114456674 0.02559141315 -0.12347035193 0.0024394837858 -0.0037489821491 -0.083985630856 -0.036943903606 -0.026196227167 -0.033809322975 
-0.029776566404 -0.022543441068 -0.062306805618 6.852312732e-06 -1.1478917246e-05 6.2435746456e-06 1.118100656e-05 -1.8243725524e-05 -4.9913219003e-06 
-2.5313716537e-06 -2.4768831197e-07 1.6704989192e-05 2.0905823675e-06 1.4124924335e-06 8.4381017071e-06 1.7680845358e-06 -6.7774353011e-07 2.0707975194e-06 
-5.2206243406e-05 -9.979513316e-05 -0.00023610136019 1.3960528522e-07 -5.0162244076e-08 -7.3563027894e-05 7.5539769679e-05 -8.0966995661e-05 8.0826394347e-05 
2.2519765861e-09 -1.3582322752e-09 -2.1933146337e-08 1.2866591954e-16 1.2995803079e-16 1.1362422739e-16 -5.3407570321e-16 -7.4900553063e-16 -2.2792568431e-17 
-1.5608029977e-16 -5.2937314507e-17 -1.860826724e-16 4.0830887809e-09 1.5099272871e-09 9.4250885158e-09 2.795908506e-16 -8.3407310259e-16 -7.9410762456e-17 
-3.4963216118e-16 1.2757515449e-16 -1.0771353405e-16 2.4183116721e-09 2.5543807207e-10 -4.2757591191e-08 -2.7189862519e-06 7.2078299843e-06 -4.3322133408e-06 
-6.4968798759e-06 -3.804557426e-05 -3.2101394759e-05 0.069146054486 0.015237436484 -0.033696164515 -0.012401462997 -0.0004384788616 -0.11936744033 
-0.0089573632266 0.055347499802 -0.092914737867 -0.019625878176 0.0060878951374 -0.11626432058 -0.005021710409 -0.017241988481 -0.1041750069 
0.027428661624 0.014730151554 -0.084246096446 -0.0060735574396 -0.004122499926 -0.046887404139 0.0012319557851 -0.010305019769 -0.10295648208 
3.1430339714e-16 -2.5785697092e-16 -2.9213909453e-17 -8.48582607e-17 -2.9404155989e-17 -1.6392569141e-17 4.2831725692e-06 1.1622382361e-05 2.0672554295e-05 
-0.024869130167 0.029684280146 -0.10239815798 0.038542033902 -0.0071081768207 -0.10093222562 -0.00021567237172 0.044023198573 -0.083338379642 
0.053037822727 0.0087022690153 -0.11970065589 0.022425392399 -0.030327655267 -0.10151199762 -0.021462583444 -0.028870290718 -0.062486802833 
4.9675806946e-05 -0.00016644763135 -9.4036295313e-05 6.1221403013e-05 -0.00018940538718 0.00068636545777 -4.4048137797e-17 3.9738766445e-19 -5.668793075e-19 
8.8615482769e-08 7.8925288193e-08 -3.023633034e-05 -2.6623472326e-16 -1.3769484672e-17 -9.7890612857e-18 -0.0029960080409 -0.011992376311 -0.10757501689 
0.020129478766 -0.045669209022 -0.10178301119 -0.042041282272 -0.015016158482 -0.11797166168 0.0090883780968 0.0090691593991 -0.10008764037 
-0.013707904818 0.004491307046 -0.10511012791 -1.2864458658e-05 0.00011142625945 -0.0002554756315 8.5235209578e-17 -1.4326282611e-16 -2.2308461603e-17 
2.3432243607e-06 7.1862732002e-07 -6.2372178497e-05 9.8973766993e-12 -5.6715429102e-12 1.1923913285e-10 8.8829885077e-06 1.9054025028e-06 1.7856951725e-05 
-0.0073289638289 -0.018350289827 -0.070915959247 2.0497369644e-11 -6.8052486275e-12 -1.7688755985e-10 -6.1874232415e-11 2.7354571363e-11 5.2412009676e-11 
-3.7849375672e-13 2.0601662033e-13 1.2798782777e-10 -3.7850906501e-09 -1.1821063646e-09 -3.0320247239e-08 3.3325066233e-16 3.1669414706e-16 1.7605322273e-16 
-0.0010660746278 0.0017176726784 -0.10126325077 2.8706580844e-09 1.3383358305e-09 -1.0924537017e-09 -3.3788329049e-10 4.9805438101e-10 -3.0772286108e-09 
5.9100758803e-05 -0.00011404207128 -0.00014895900772 0.046940725585 0.024207096456 -0.04136455312 -0.011743543766 0.033544368811 -0.070674882171 
0.017396833401 -0.036982982775 -0.093884860375 -0.033667563721 -0.018542749109 -0.11011660407 -0.016249402784 0.0032554658397 -0.089714877094 
-0.020175414074 -0.023698793075 -0.025314615646 2.046688436e-16 5.0555201473e-16 -2.0396794478e-17 -2.4467561293e-12 -1.1253705482e-11 2.7994816261e-11 
1.3387037658e-16 -6.1104241449e-17 2.2427788716e-17 0.023178787058 -0.0028757906312 -0.11278977481 -0.0068517338201 0.01905626496 -0.13122970359 
-0.012806611276 -0.0070573269072 -0.14391057659 0.0088785072429 -0.0016689717386 -0.11223760016 0.0096504950716 0.050710239435 -0.11342314443 
0.036075770843 -0.040292979588 -0.098095148296 0.00032012202062 0.00015554677975 -0.00018702842709 -1.3742604952e-08 1.4552538587e-07 2.7490185649e-05 
-0.038662004554 -0.019640405522 -0.055873760891 -0.0040339632451 -0.004178307113 -0.057792851886 0.012766505613 -0.024428497019 -0.1179706006 
0.042249901634 0.011595491179 -0.11077409948 -0.022430273759 -0.019430352564 -0.068766061289 0.028817729304 0.019079545526 -0.11918771245 
0.00087706593267 0.00059362147344 -0.0015669048649 1.3946079974e-16 -1.6043099091e-16 3.5021071497e-16 5.4891570496e-16 -6.7414162529e-16 -4.1529574043e-17 
1.2002539374e-06 -9.0235021645e-07 1.0626428084e-05 -2.3909840571e-05 -4.2467714637e-06 -1.1154803327e-05 -1.8490123765e-06 -1.5521099785e-07 8.3282696845e-05 
2.6042372794e-11 -1.7205987135e-11 1.0553893532e-11 1.5678707806e-16 2.3246345139e-16 9.1357169672e-18 3.5827046066e-10 -2.7331817027e-10 -5.8287696905e-11 
1.6642495873e-11 -1.4439836444e-11 6.2454377548e-11 7.4566215328e-17 -7.1693101299e-17 5.9654739127e-20 -2.2669908812e-17 -3.7993753849e-16 8.3937298241e-17 
-6.1181298253e-09 -3.6726535108e-09 2.0242375026e-09 -0.00011069787377 -0.00010125859669 -0.00011667017461 -3.5302353802e-08 7.6392680445e-08 1.6533753744e-07 
-3.4167353926e-06 5.3825003799e-06 -6.2882817903e-05 2.3607960359e-06 -4.5257120033e-06 -3.9667761724e-05 -0.045482378746 -0.014585403201 -0.07879619494 
-0.026205735109 -0.017846095289 -0.12375697716 -0.030776263256 -0.015099703112 -0.10112340424 -0.033032820508 -0.063886599911 -0.089356377792 
-0.0057771832403 -0.031765160147 -0.093890944038 -0.0012602613589 0.020520356335 -0.10872751729 -1.7051246252e-16 2.4619483046e-17 1.0503667508e-16 
7.2938449439e-17 2.7981029449e-17 4.1515428139e-17 -4.3993442842e-06 1.0617982835e-05 -1.3998822545e-05 0.0098766221061 0.029630881793 -0.06697641563 
-0.044101745775 -0.035237032745 -0.13033234162 -0.035669041566 0.0032796452354 -0.082337334667 -0.018588180805 -0.03878960534 -0.10341066023 
-0.01685392349 0.0074627937851 -0.085326091807 -0.084495460623 -0.013069121844 -0.039256681279 -0.025238294652 -0.046172265647 -0.13159451694 
-0.0097159307168 0.01798070519 -0.07934836301 6.9355305205e-05 -0.00082443023015 6.127359352e-05 -1.5610950299e-14 1.5670640245e-15 1.0711271385e-16 
-4.879660854e-06 -0.00012804473478 0.00016828631396 4.5410298176e-17 2.036803926e-17 -1.2933716175e-17 1.0692259105e-16 -1.8099656601e-16 -1.1199927977e-16 
2.7863363199e-16 -4.7703895087e-17 -1.0817337655e-16 -0.031423243251 0.011317842099 -0.090227743726 -0.021161406956 -0.0077856192016 -0.12183777778 
-0.0094239457922 -0.005415685753 -0.083773776558 0.0019450022563 -0.014598952397 -0.10905840974 -0.025044505806 -0.0031683861855 -0.1029235123 
-0.0043533557251 -0.0092089262815 -0.06341495764 0.030036179998 0.054258806083 -0.15994085971 -2.9426073062e-16 -6.7882190553e-17 -2.8533609435e-17 
-1.6445182179e-05 4.0513202957e-06 -5.8437655307e-05 -3.3665159949e-06 3.5172644939e-06 1.3670165051e-06 4.6756720981e-05 3.1231541004e-06 -5.719811198e-05 
-3.7228667547e-16 5.4386367423e-17 -2.1909211856e-17 6.7669598287e-05 -1.4151125396e-05 7.6190010917e-05 2.537960931e-05 -1.2085522927e-05 2.7724011177e-05 
7.4796737467e-08 7.7901530472e-08 -1.5428457077e-06 6.6029926289e-06 -1.0632193272e-06 -7.5977548959e-06 -6.9682808625e-16 -1.4015303842e-15 -6.5907760095e-17 
2.8444957039e-16 -2.0558784065e-17 9.8102862626e-17 -4.0895539059e-17 4.6219468675e-15 5.6166802067e-15 -9.8325787535e-15 2.1120412464e-15 4.743476356e-14 
-0.00017376442877 -0.026452350368 -0.13308984923 -7.2383071221e-15 1.2246351725e-15 -1.4692588931e-14 5.7855343308e-17 4.1941876629e-16 -4.0180155163e-17 
0.024111866342 -0.02212014383 -0.18280082172 -0.041495711065 -0.031332448445 -0.11934433074 -0.014700332989 -0.020718207209 -0.074229756053 
-0.0029929076746 -0.0032643881314 -0.11941616322 -8.3523751146e-16 4.9340599238e-16 -1.2985659022e-16 1.4529846453e-07 5.920813526e-07 3.5341783558e-06 
7.415029079e-08 7.6500998516e-07 2.6875190672e-06 -0.032047756672 -0.065611200711 -0.10769408164 -0.011978869586 -0.00041698415376 -0.098438368852 
0.04759525849 -0.063950534794 -0.11520234939 -0.015334425998 -0.020986101012 -0.10809748468 0.012376578869 0.025874138642 -0.036869565219 
0.015416258603 0.0091281567343 -0.16041858602 0.023254867414 -0.034506631027 -0.11706040904 -1.2527373661e-16 -5.6347223633e-17 -1.5087190817e-16 
-2.6709286545e-16 1.6279136292e-17 1.3224552593e-16 5.6400284822e-08 1.0593803437e-07 -2.3456076004e-07 -0.0046234679637 0.0052608619285 -0.11317510276 
-0.026291194846 0.0069780282196 -0.10459968533 0.0074575036175 0.040603374132 -0.13909592993 0.0056568746473 -0.034340721358 -0.098581976553 
-0.0063169079451 -0.0078548934698 -0.15141269754 -0.00040060813803 -0.025929854835 -0.090603179134 -1.116532421e-08 1.5659455326e-08 -1.2796384074e-07 
-1.8897827381e-09 1.6941267584e-09 4.4363742157e-09 6.3785843084e-08 9.8160202742e-08 1.2423884639e-07 1.8758857499e-10 9.3387032675e-11 -6.9753087713e-11 
-0.012816300774 -0.035753932735 -0.043894309791 -5.8327200323e-17 2.2657448878e-16 -1.9580548229e-16 -7.0196766643e-17 1.043378926e-15 -1.3065959372e-16 
1.2013275144e-09 -2.8783431638e-12 -1.4033029239e-07 0.0040008691514 0.021821511688 -0.06722962858 0.005094592072 -0.015674921143 -0.04499265123 
-0.012877226681 -0.059338291058 -0.14846902032 -0.033058542791 0.053171707096 -0.10690758382 -0.067504278062 0.052114811064 -0.20219410401 
-0.034846026974 -0.037519540194 -0.015653709506 0.025231794327 -0.053126391313 -0.10897989687 0.065474385355 0.058343207562 -0.17694851239 
-0.0027842145348 0.052602044933 -0.075703662599 0.0053894747653 -0.012460542774 -0.12363139097 -0.071590410566 -0.020938048522 -0.024864688787 
0.0081816825379 -0.011546500283 -0.042213010695 0.062362206111 -0.069362852247 -0.063543762657 0.04305318503 0.021962720148 -0.059394038843 
0.056352598168 -0.013259294447 -0.067080626513 0.0532716174 0.075830907696 -0.13228013669 0.062778279468 0.082163524115 -0.054261703263 
-0.0140705204 0.074867342995 -0.059938751637 -0.050571630485 0.001624593247 -0.068574293955 0 0 3.0433626746e-15 
0.029084380323 0.0024782583915 -0.058681406819 -0.022588561484 -0.0060990706485 -0.042001353171 -0.11618277777 0.036698971357 -0.1094265404 
-0.052432158732 -0.02205457893 -0.072883043978 0.018769460815 0.0035239244189 -0.085482547841 0.037277761535 0.030722091658 -0.1354351573 
0.040328340309 -0.054183968973 -0.14515612153 -0.033872428046 0.090112298161 -0.012517958262 0.045308235408 -0.026190173865 -0.11086071103 
-0.020571079526 0.073940571921 -0.06757220251 0.037838284635 0.018608547243 -0.04689213796 -0.043867701133 -0.0097250070587 -0.052230984831 
0.0042422799075 0.0016597551826 -0.13296992589 0.086609817694 -0.077911620546 -0.14421995894 0.005498033962 -0.031006573797 -0.080714028495 
0.060477229908 0.0094845310975 -0.099860624172 0.0057173044199 0.013300509743 -0.10986668844 0.033748190959 0.041980335555 -0.080376485198 
0.006247683878 -0.010787003429 -0.079791226462 0.02595622307 0.020361120686 -0.17125342357 -0.0067410878191 0.051432722696 -0.0059718393677 
-0.043575664117 -0.023703884066 -0.077192115773 -0.004210871079 0.050419980797 -0.069979270097 0.026504894879 0.074452395889 0.031631284186 
0.042146390625 0.019631971983 -0.071636671488 0.040623817605 0.012252650336 -0.07780075041 -0.017674718055 0.044493746074 -0.072764108126 
-0.099844347491 -0.0034797289589 -0.10861134284 0.014684474522 -0.019551239906 0.009764323178 -0.088912605833 0.046333324169 -0.097577212848 
-0.038609764572 -0.004678961354 -0.17088999464 0.026108067137 -0.020553373627 -0.05130661158 0.00016689269477 -0.0059019194642 -0.051074365757 
-0.04432997827 0.015048796689 -0.071622111123 0.0046781353155 -0.075885370634 -0.060651272946 0.0091954625426 0.056172322709 -0.015802888807 
0.096312578335 -0.11826932578 -0.080375878334 0.02362170365 -0.12352676324 0.0076495588746 0.0084991009443 0.031898499647 -0.086708834329 
-0.012073906836 0.0031805927656 -0.043246673574 -0.001800792412 -0.038742048802 -0.047193555349 -0.080818364091 0.0254168598 -0.046247172689 
-0.13419084571 -0.0091716798239 -0.075621156304 0.081171576533 -0.061019932658 -0.091686979295 0.0039688572827 -0.019614744172 -0.026236817524 
-0.062171942047 -0.075234661948 -0.16962362243 0.045029546434 0.064756797206 0.0077285375644 -0.15353911601 -0.028951766268 -0.07791384903 
0.03464798561 0.033822766568 -0.095928103696 0.058628207372 0.10853494029 -0.091796755634 0.050293054187 -0.050606156789 -0.058768013797 
0.022946779276 -0.052434269951 -0.086750456136 -0.047929474598 0.022395987814 -0.10036160776 -0.04290162302 -0.012578687282 -0.10062073819 
0.0035928394048 -0.054699106494 -0.11992298235 -0.011130477576 -0.013568264396 0.011964392733 -0.026260891337 -0.0058505288438 -0.094028081311 
-0.002838956554 0.10324830859 -0.047715148489 0.12070082968 0.13055749659 -0.031021039068 0.05662145299 0.1441958376 -0.024364188441 
-0.027867039833 0.071594237641 -0.089966309678 0.0056329209432 -0.12416098346 -0.077732839848 -0.036246653145 0.037636295828 -0.061261033054 
0.05424278746 0.05359514027 -0.1202479226 0.042416244064 0.019280911283 -0.017653078332 0.069038205264 0.022606951488 -0.056487111365 
-0.049088913938 0.082988433161 -0.067695390342 0.031979992556 0.051028977356 -0.095293760336 0.055554742057 0.014853470409 -0.11867864305 
0.14999583324 -0.018699864401 -0.10626937847 -0.01040676119 -0.0089212631925 -0.12086364627 -0.062912257612 -0.055181736877 -0.024045422433 
0.077359213967 -0.051102132339 -0.099202600563 0.020219625594 -0.029820964916 -0.088843268396 0.078803382675 0.059438660846 -0.069580672145 
0.017792976185 0.13744544895 -0.065428082003 -0.12635305964 0.080786784132 -0.0797383838 -0.14851105441 0.06583327293 -0.17338030638 
-0.0793598263 -0.019596084427 -0.093018114876 0.18698375501 -0.12805946402 -0.13913441045 0.094198102077 0.084886034037 -0.31234478634 
0.12771334493 0.074664438898 -0.28286315226 -0.052199240621 0.042449222206 -0.034389516782 -0.021255005381 0.024728551316 -0.11052014329 
0.10766362571 -0.075191219442 -0.1970018574 0.0068633293249 0.25357438372 -0.17330330595 -0.029730690445 0.083854416722 -0.072737768825 
0.088347996581 0.099396914298 -0.25497892886 0.042248965836 0.12625083681 -0.064902188972 0.0031451517173 0.11816769494 -0.1784085999 
-0.10214564376 -0.18560069977 -0.03118288133 -0.036654513343 -0.034776761335 -0.043848776086 -0.076120157033 -0.11293903296 -0.20265811326 
0.10133259474 0.1418819363 -0.15147428952 0.17656212423 0.12076874356 -0.12902869143 0.019705393807 0.1172573596 -0.15091645188 
-0.096108190134 0.11042977402 -0.098222551613 0.092549829465 -0.068301957256 -0.092158108151 0.026208770465 -0.11717200964 -0.097532518198 
0.029854550548 -0.10500419581 -0.017952020385 0.087952392066 -0.09385918439 -0.11995633406 0.038173256118 0.0043664844219 -0.33121693814 
-0.14117219748 -0.067192108882 -0.11156785038 0.087138743171 0.016801998777 -0.15461851162 0.02314558956 0.035490855265 -0.058783409918 
-0.064669637726 0.1298073609 -0.051149059347 0.16080207743 -0.013383309043 -0.13993378034 0.0048853392097 0.07928952656 -0.22858180186 
-0.045751858814 0.095765352526 -0.17378403501 -0.064443766257 0.074547881064 -0.13276428041 -0.083466789727 0.13549680036 -0.22669808981 
0.1148612478 0.13624695724 -0.080963762185 -0.001762708521 0.16619269064 -0.23937274468 -0.13223783746 -0.11541918244 -0.19900913863 
-0.065740647149 -0.075546827723 -0.15779204391 -0.046069673112 0.17773913365 -0.16097337678 0.013713922945 0.046595336277 -0.25272687524 
0.16136338693 -0.06038543874 -0.085233102746 -0.1048288768 0.068676075963 -0.19241327715 0.048011172096 0.052358400098 -0.10013673728 
-0.022464232841 -0.15513210448 -0.17724048515 0.19656130912 0.024876657562 -0.11675374303 -0.035044950551 -0.052301801818 -0.092903085022 
0.13574686186 -0.066771693606 -0.034142666482 0.04124792891 0.042105374318 -0.1978249044 -0.21697449978 0.021931168878 -0.24611129035 
-0.073217840599 -0.12895473987 -0.27054669652 -0.12269608867 -0.021746137278 -0.17047782822 -0.092361049697 -0.065270685374 -0.21930263445 
0.031026253079 0.126556565 -0.25688219845 0.0047667140962 -0.0097244085926 -0.095775522746 0.18641618007 0.080529357007 -0.067433698675 
-1.5917211839e-12 1.4657056462e-12 -5.3063405934e-13 -1.681666587e-12 2.0020403749e-12 1.5701243482e-13 -2.0942373308e-12 1.8270265405e-12 7.7636944162e-12 
-2.1655511812e-13 6.139949256e-12 1.2655128484e-12 3.3362881414e-13 -1.1569810337e-12 1.3511306555e-12 0.045821657273 0.029250922288 -0.11992324201 
-0.027754783657 -0.094936215027 -0.13112562198 0.10043668223 0.14915792255 -0.16157581083 -1.6570620223e-12 2.3330252585e-12 -1.6151735939e-12 
-1.9555402864e-12 1.4812506004e-11 -9.2925751409e-12 -1.6042906867e-11 -1.4087535562e-11 -2.0476877498e-11 -7.4069301963e-12 -7.9696285911e-13 -5.7119079011e-12 
-5.7508740501e-12 2.1504560454e-12 -2.3945480073e-12 2.6587120804e-11 -5.8232181374e-11 -4.596671121e-12 3.3341347557e-11 -6.2544289231e-11 2.1021043736e-12 
1.302610374e-11 -4.9428673586e-11 9.72627026e-12 1.7291848713e-11 7.440930743e-13 1.1709865514e-11 9.024637442e-12 -2.3389840861e-12 2.2521742985e-11 
3.2715149892e-12 7.7222548306e-13 3.3007811977e-12 -0.15139983421 0.0027958169232 -0.10031011213 -1.6118716414e-12 4.2945858627e-12 -6.6729356108e-13 
4.4679123842e-12 -1.6062865988e-12 -1.8283356383e-12 -2.8869825091e-12 -1.8061706878e-12 -4.6525354073e-13 -2.9132984619e-12 -1.0625743224e-11 -8.0898455109e-12 
2.3716648068e-11 -4.8997577811e-12 -1.0217159764e-12 -1.629106366e-12 -1.7676006402e-12 4.6139683865e-12 2.1496873731e-12 -3.3442220373e-11 -2.2703180515e-11 
3.8277181532e-12 -5.3199402007e-12 1.8114869455e-12 -0.033981839051 -0.12980984735 -0.08073615096 0.11000376168 -0.20859349067 -0.015952864158 
0.03928807504 0.030566595326 -0.33660844608 0.080637235714 -0.12539102883 -0.2500988838 -0.08347004398 -0.024792276682 -0.28429699036 
0.11435562864 0.15583304033 -0.15582386505 -0.0015174077976 -0.080645100518 -0.0092547530682 0.0051173549145 -0.081705635326 -0.15522067262 
0.13723775062 0.11265930952 -0.090905522027 -4.2555384884e-12 -5.6452493482e-13 -7.0812449836e-12 1.5682705741e-11 -1.0515344629e-11 6.1820216378e-12 
1.2614558348e-12 4.8521069987e-12 1.6394762599e-12 -4.4926870912e-12 4.4527350845e-11 6.7981331731e-12 -1.0677200169e-12 -3.4076344174e-13 -2.2971588388e-11 
-1.0489276666e-11 8.8307926877e-13 6.7240217051e-12 8.4457879869e-12 -2.6041988204e-11 8.2426179957e-11 -3.598234999e-11 1.900387883e-12 4.1968143107e-11 
8.4342055873e-12 2.8699182881e-12 6.4505823129e-12 6.7832435095e-12 2.5735574177e-11 1.7429834363e-11 -1.8831920053e-10 5.9275392312e-12 -5.2008227276e-11 
4.4566649993e-12 6.9863214074e-12 4.2199318718e-12 -3.2446245594e-11 -1.7580788062e-11 1.3845495912e-11 -6.1898848212e-13 -1.6713224788e-12 1.5964017447e-12 
-3.1816649072e-11 3.2760167094e-12 1.1510131819e-10 0.049040832143 0.16423903626 -0.11282851612 0.028525187182 -0.04296867727 -0.059320519845 
-3.0185859958e-12 9.9058780366e-12 -6.1829705105e-12 -4.7380624908e-11 1.1293900952e-10 2.2204130008e-12 -2.6659735118e-12 2.4958821161e-12 -9.9679903644e-12 
-1.448214647e-11 7.0650736593e-11 -2.352954621e-11 -1.0139887637e-10 8.0745060047e-11 -8.8467247083e-12 -1.1640082804e-10 3.6213973053e-11 -5.3953271346e-11 
-2.4724846608e-11 2.01808006e-11 -3.8113351908e-11 -1.4631968593e-11 1.400052195e-10 -1.182699883e-10 2.2615578512e-12 -2.0055264769e-12 9.1013746838e-12 
-1.4061828814e-11 -4.0940038851e-11 4.4424124349e-11 -8.3775293355e-11 -6.5743415516e-11 8.8200726905e-11 -1.1911506308e-11 -4.129056301e-12 2.4548767331e-11 
4.1296640054e-12 -7.6712272116e-11 6.6024183889e-12 -9.2879012482e-12 -3.9237390743e-12 -6.4785667643e-12 -5.651309716e-12 -5.1009044989e-12 -3.0222934056e-13 
3.2526530831e-11 7.6095049752e-11 -1.4882200823e-11 1.2928722038e-11 -5.1017856192e-12 -2.9828816275e-11 -1.2871803997e-10 -3.2763887354e-11 -1.287916111e-11 
9.4430875032e-12 -2.5712210781e-11 -3.2307717782e-12 -1.1252865731e-12 -1.0173274502e-12 1.2803666547e-11 1.076010693e-12 -2.1126537348e-11 -2.5202913899e-12 
6.6952875954e-11 -2.9737583856e-11 2.2053290145e-11 -1.9154437629e-12 -7.8299363897e-12 9.4492877842e-13 5.2667696049e-11 -2.0268407317e-11 1.4720996832e-11 
2.9766676754e-11 2.1591012386e-11 5.696432723e-13 0.0072226511843 -0.13787584117 -0.24563343327 -0.064412471784 -0.10122245857 -0.020973968267 
0.092326991418 -0.025596993751 -0.060685673865 -0.13484830689 0.074377750167 -0.025705714063 0.10836579028 -0.010638727684 -0.27713735396 
0.067666364844 0.11780125717 -0.25591437361 -6.224124247e-11 5.839653585e-11 -1.7443319339e-11 -2.0571452991e-10 2.3244148766e-11 -1.2979180358e-11 
-1.348824192e-10 8.4349424053e-11 8.2307145421e-11 -2.5464617868e-10 7.9282296922e-11 1.3532877353e-10 -2.4344635693e-10 7.1049212291e-11 -6.2882475334e-11 
-2.2311626661e-10 -3.2660102517e-12 7.935843385e-11 0.055569880852 -0.14884877539 0.019962640623 -1.3228494484e-10 9.1512542452e-11 -1.8235547778e-11 
3.5040704911e-11 3.1760679298e-11 -3.2014192031e-11 -4.050102467e-11 1.2741019431e-10 -8.8197069035e-11 -7.2886181342e-10 5.092778703e-10 -4.576205251e-11 
-9.0364290937e-11 1.0517130552e-10 -4.6976020511e-12 6.2669638696e-11 1.4547273393e-10 -1.925302429e-10 -3.5946516824e-11 -7.8030419857e-11 5.535078108e-11 
-4.216137542e-11 -4.5606915837e-11 -5.8124618328e-12 -6.4566772091e-11 7.3255787724e-12 2.9209697006e-10 -0.0522201264 0.22374690457 -0.23079567335 
1.7945296945e-11 1.1967441746e-11 4.5742136791e-11 5.9619137867e-12 2.3043420718e-12 -1.3881665382e-12 -7.3316415861e-12 -1.0695366245e-12 6.7026907159e-12 
-3.6698469012e-11 8.0871488158e-11 -6.4597033494e-11 5.1199059677e-11 -2.1082486471e-12 7.4175880395e-12 2.1102635276e-11 -2.6261536814e-11 1.1085498154e-11 
0.10116094703 0.15639100292 -0.10169043837 0.0900107794 0.012710289236 -0.39410069621 -0.0016209849096 -0.05904704786 0.016987502787 
0.0056531128057 0.013051905974 -0.38056469085 0.11052100854 0.091575164531 -0.2383226744 0.061733701413 0.12738529699 -0.24089471227 
-0.11102208961 0.13567961902 -0.055390061833 0.10338273051 -0.017534240592 -0.082289219027 0.12579825372 0.096099580245 -0.11969937141 
-0.15076150478 -0.078125858635 -0.076988839528 -0.21213475311 -0.074246706658 -0.077666733341 0.25926894188 -0.11193452903 -0.15183132614 
-0.058839230869 -0.029850994036 -0.13289080068 0.065560625956 -0.11614820578 -0.062716929078 0.062689557399 0.025042415898 -0.13485068809 
-0.11625885461 -0.15038400948 -0.15764652972 0.15215291029 0.095304188101 -0.032680653794 -0.00027945572824 -0.16750977875 -0.090981347516 
0.10505146057 -0.084536899169 -0.25072449544 -0.10609301269 0.18081186656 -0.079642792568 0.047060997008 -0.18061526875 0.032038828703 
-0.15145557586 -0.060646692673 -0.16224144085 0.087572450706 -0.050308349665 -0.2499513705 -0.027815026624 -0.15195732416 -0.21956165764 
0.039930212155 -0.012197076458 -0.0045696681372 0.081704668947 -0.13029454602 0.04390443505 -0.08258097462 -0.015395536485 -0.33903732459 
-0.035950468728 -0.072655958368 -0.0082589842522 0.2357954726 0.013619818609 0.17040596417 0.18302011249 -0.19485157887 -0.13924837714 
0.0037521987525 0.013527289386 -0.37161483291 -0.093929389295 -0.13069716462 -0.09192557178 0.040257919133 -0.059795895423 -0.30633701994 
-0.1366573276 0.045861049356 -0.070461007465 -0.00097071980743 0.024029675244 -0.38044195294 -0.041093452655 0.05780872006 0.012524140662 
-0.0956616435 -0.10753417071 -0.23749699677 0.036052424092 -0.027569134545 -0.36718509077 -0.043850835812 0.22533946311 -0.0093338806388 
-0.10119952482 0.075735056221 -0.092752680057 0.11483787471 0.053377707945 -0.30256044001 0.16358935435 0.17176534329 0.10449236606 
0.0060464837132 0.14984637141 -0.2752360969 -0.10470175933 -0.0075193814659 -0.0056825490108 0.085620181984 0.13303219253 -0.30283774868 
0.013484192449 -0.066225204409 -0.17743674955 0.10575409611 -0.16519890663 -0.18931258864 -0.22439361175 -0.058204796915 -0.17600420506 
0.10750297251 -0.14436070875 -0.063961357351 -0.075291372858 -0.019269375966 -0.18473957423 0.085056362844 0.095080237786 -0.074679094816 
-0.0014072112989 0.02531539953 -0.36859191175 -0.13129640035 -0.12013092175 -0.09859866839 0.016583069472 0.12963678366 -0.1781490471 
-0.0052182681896 -0.0048066039649 -0.36953970342 0.058418049344 -0.14130332818 -0.13386599318 0.19763376945 -0.018190124331 -0.02686421452 
-0.0023355828418 -0.00076736027621 -0.37069694068 -0.17489717052 -0.05963637108 -0.04398302061 -0.0057984454312 0.0070668475369 -0.36206554078 
-0.047292560849 0.06583753644 -0.1732784335 -0.17196343749 -0.030000338011 -0.018136045842 0.12546702606 0.024568159462 -0.30576035277 
0.019232785405 0.049457232644 -0.30253769771 0.048629491667 -0.015173641225 -0.058401612997 0.039480272947 -0.057437266197 0.15841323389 
-0.10013459908 -0.14540848177 -0.1915663136 -0.0050404221866 -0.011590445981 -0.36271737244 0.0066544831311 -0.012101551752 -0.36371635487 
0.034720258762 -0.052017942833 -0.33667735733 0.086928968423 0.12748675557 -0.0085943417501 -0.064542232232 -0.09487896449 0.018001940781 
-0.057453859546 -0.0039198054848 -0.20404022206 -0.01295057587 -0.0026513836639 -0.36372473169 -0.087652085001 -0.11585386858 0.038201128428 
-0.16453453629 0.23784338136 -0.17501914011 0.012646896058 0.024924676542 -0.35775316479 -0.07550571801 -0.16800636052 -0.19078372518 
0.013207346875 -0.020946826172 -0.3454774342 -0.00099816853431 -0.10591641724 0.25300551216 0.0046602005001 -0.0079198016631 -0.35954049937 
-0.016298703016 0.010970628022 -0.34502462782 -0.010287818404 0.025051158708 -0.35357142809 -0.035524405864 -0.036541691116 -0.35053113025 
0.077597276405 -0.15408994674 -0.16097178649 0.062175262813 0.052698012693 -0.31800062583 0.15688259138 -0.0056660923168 0.099883584211 
0.13136485129 0.16113562202 -0.11721916703 0.14524845303 0.16356876049 -0.16418223631 -0.099596264704 -0.061013004771 0.020786936209 
0.15034831822 -0.02035287292 -0.19494918614 -0.02690056578 -0.025134392669 0.28563907787 0.074205974219 0.01576603931 -0.25999030422 
-0.0093289477157 0.0059512405565 -0.3474690469 0.031072313816 5.8647402569e-05 -0.34361884839 0.014014651533 0.004132110489 -0.3387746031 
-0.02994890155 0.012357550646 -0.33934364519 -0.011562106041 0.024030312977 -0.33668597509 -0.088175338415 -0.0019404176685 -0.16872558303 

f 3 3546 double
0 0 -5.1365039886e-09 0 0 -5.1365039886e-09 0 0 -5.1365039886e-09 
0 0 -5.1365039886e-09 0 0 -5.1365039886e-09 0 0 -5.1365039886e-09 
0 0 -5.1365039886e-09 0 0 -5.1365039886e-09 0 0 -5.1365039886e-09 
0 0 -5.1365039886e-09 0 0 -5.1365039886e-09 0 0 -5.1365039886e-09 
0 0 -5.1365039886e-09 0 0 -5.1365039886e-09 0 0 -5.1365039886e-09 
0 0 -5.1365039886e-09 0 0 -5.1365039886e-09 0 0 -5.1365039886e-09 
0 0 -5.1365039886e-09 0 0 -5.1365039886e-09 0 0 -5.1365039886e-09 
0 0 -5.1365039886e-09 0 0 -5.1365039886e-09 0 0 -5.1365039886e-09 
0 0 -5.1365039886e-09 0 0 -5.1365039886e-09 0 0 -5.1365039886e-09 
0 0 -5.1365039886e-09 0 0 -5.1365039886e-09 0 0 -5.1365039886e-09 
0 0 -5.1365039886e-09 0 0 -5.1365039886e-09 0 0 -5.1365039886e-09 
0 0 -5.1365039886e-09 0 0 -5.1365039886e-09 0 0 -5.1365039886e-09 
0 0 -5.1365039886e-09 0 0 -5.1365039886e-09 0 0 -5.1365039886e-09 
0 0 -5.1365039886e-09 0 0 -5.1365039886e-09 0 0 -5.1365039886e-09 
0 0 -5.1365039886e-09 0 0 -5.1365039886e-09 0 0 -5.1365039886e-09 
0 0 -5.1365039886e-09 0 0 -5.1365039886e-09 0 0 -5.1365039886e-09 
0 0 -5.1365039886e-09 0 0 -5.1365039886e-09 0 0 -5.1365039886e-09 
0 0 -5.1365039886e-09 0 0 -5.1365039886e-09 0 0 -5.1365039886e-09 
0 0 -5.1365039886e-09 0 0 -5.1365039886e-09 0 0 -5.1365039886e-09 
0 0 -5.1365039886e-09 0 0 -5.1365039886e-09 0 0 -5.1365039886e-09 
0 0 -5.1365039886e-09 0 0 -5.1365039886e-09 0 0 -5.1365039886e-09 
0 0 -5.1365039886e-09 0 0 -5.1365039886e-09 0 0 -5.1365039886e-09 
0 0 -5.1365039886e-09 0 0 -5.1365039886e-09 0 0 -5.1365039886e-09 
0 0 -5.1365039886e-09 0 0 -5.1365039886e-09 0 0 -5.1365039886e-09 
0 0 -5.1365039886e-09 0 0 -5.1365039886e-09 0 0 -5.1365039886e-09 
0 0 -5.1365039886e-09 0 0 -5.1365039886e-09 0 0 -5.1365039886e-09 
0 0 -5.1365039886e-09 0 0 -5.1365039886e-09 0 0 -5.1365039886e-09 
0 0 -5.1365039886e-09 0 0 -5.1365039886e-09 0 0 -5.1365039886e-09 
0 0 -5.1365039886e-09 0 0 -5.1365039886e-09 0 0 -5.1365039886e-09 
0 0 -5.1365039886e-09 0 0 -5.1365039886e-09 0 0 -5.1365039886e-09 
0 0 -5.1365039886e-09 0 0 -5.1365039886e-09 0 0 -5.1365039886e-09 
0 0 -5.1365039886e-09 0 0 -5.1365039886e-09 0 0 -5.1365039886e-09 
0 0 -5.1365039886e-09 0 0 -5.1365039886e-09 0 0 -5.1365039886e-09 
0 0 -5.1365039886e-09 0 0 -5.1365039886e-09 0 0 -5.1365039886e-09 
0 0 -5.1365039886e-09 0 0 -5.1365039886e-09 0 0 -5.1365039886e-09 
0 0 -5.1365039886e-09 0 0 -5.1365039886e-09 0 0 -5.1365039886e-09 
0 0 -5.1365039886e-09 0 0 -5.1365039886e-09 0 0 -5.1365039886e-09 
0 0 -5.1365039886e-09 0 0 -5.1365039886e-09 0 0 -5.1365039886e-09 
0 0 -5.1365039886e-09 0 0 -5.1365039886e-09 0 0 -5.1365039886e-09 
0 0 -5.1365039886e-09 0 0 -5.1365039886e-09 0 0 -5.1365039886e-09 
0 0 -5.1365039886e-09 0 0 -5.1365039886e-09 0 0 -5.1365039886e-09 
0 0 -5.1365039886e-09 0 0 -5.1365039886e-09 0 0 -5.1365039886e-09 
0 0 -5.1365039886e-09 0 0 -5.1365039886e-09 0 0 -5.1365039886e-09 
0 0 -5.1365039886e-09 0 0 -5.1365039886e-09 0 0 -5.1365039886e-09 
0 0 -5.1365039886e-09 0 0 -5.1365039886e-09 0 0 -5.1365039886e-09 
0 0 -5.1365039886e-09 0 0 -5.1365039886e-09 0 0 -5.1365039886e-09 
0 0 -5.1365039886e-09 0 0 -5.1365039886e-09 0 0 -5.1365039886e-09 
0 0 -5.1365039886e-09 0 0 -5.1365039886e-09 0 0 -5.1365039886e-09 
0 0 -5.1365039886e-09 0 0 -5.1365039886e-09 0 0 -5.1365039886e-09 
0 0 -5.1365039886e-09 0 0 -5.1365039886e-09 0 0 -5.1365039886e-09 
0 0 -5.1365039886e-09 0 0 -5.1365039886e-09 0 0 -5.1365039886e-09 
0 0 -5.1365039886e-09 0 0 -5.1365039886e-09 0 0 -5.1365039886e-09 
0 0 -5.1365039886e-09 0 0 -5.1365039886e-09 0 0 -5.1365039886e-09 
0 0 -5.1365039886e-09 0 0 -5.1365039886e-09 0 0 -5.1365039886e-09 
0 0 -5.1365039886e-09 0 0 -5.1365039886e-09 0 0 -5.1365039886e-09 
0 0 -5.1365039886e-09 0 0 -5.1365039886e-09 0 0 -5.1365039886e-09 
0 0 -5.1365039886e-09 0 0 -5.1365039886e-09 0 0 -5.1365039886e-09 
0 0 -5.1365039886e-09 0 0 -5.1365039886e-09 0 0 -5.1365039886e-09 
0 0 -5.1365039886e-09 0 0 -5.1365039886e-09 0 0 -5.1365039886e-09 
0 0 -5.1365039886e-09 0 0 -5.1365039886e-09 0 0 -5.1365039886e-09 
0 0 -5.1365039886e-09 0 0 -5.1365039886e-09 0 0 -5.1365039886e-09 
0 0 -5.1365039886e-09 0 0 -5.1365039886e-09 0 0 -5.1365039886e-09 
0 0 -5.1365039886e-09 0 0 -5.1365039886e-09 0 0 -5.1365039886e-09 
0 0 -5.1365039886e-09 0 0 -5.1365039886e-09 0 0 -5.1365039886e-09 
0 0 -5.1365039886e-09 0 0 -5.1365039886e-09 0 0 -5.1365039886e-09 
0 0 -5.1365039886e-09 0 0 -5.1365039886e-09 0 0 -5.1365039886e-09 
0 0 -5.1365039886e-09 0 0 -5.1365039886e-09 0 0 -5.1365039886e-09 
0 0 -5.1365039886e-09 0 0 -5.1365039886e-09 0 0 -5.1365039886e-09 
0 0 -5.1365039886e-09 0 0 -5.1365039886e-09 0 0 -5.1365039886e-09 
0 0 -5.1365039886e-09 0 0 -5.1365039886e-09 0 0 -5.1365039886e-09 
0 0 -5.1365039886e-09 0 0 -5.1365039886e-09 0 0 -5.1365039886e-09 
0 0 -5.1365039886e-09 0 0 -5.1365039886e-09 0 0 -5.1365039886e-09 
0 0 -5.1365039886e-09 0 0 -5.1365039886e-09 0 0 -5.1365039886e-09 
0 0 -5.1365039886e-09 0 0 -5.1365039886e-09 0 0 -5.1365039886e-09 
0 0 -5.1365039886e-09 0 0 -5.1365039886e-09 0 0 -5.1365039886e-09 
0 0 -5.1365039886e-09 0 0 -5.1365039886e-09 0 0 -5.1365039886e-09 
0 0 -5.1365039886e-09 0 0 -5.1365039886e-09 0 0 -5.1365039886e-09 
0 0 -5.1365039886e-09 0 0 -5.1365039886e-09 0 0 -5.1365039886e-09 
0 0 -5.1365039886e-09 0 0 -5.1365039886e-09 0 0 -5.1365039886e-09 
0 0 -5.1365039886e-09 0 0 -5.1365039886e-09 0 0 -5.1365039886e-09 
0 0 -5.1365039886e-09 0 0 -5.1365039886e-09 0 0 -5.1365039886e-09 
0 0 -5.1365039886e-09 0 0 -5.1365039886e-09 0 0 -5.1365039886e-09 
0 0 -5.1365039886e-09 0 0 -5.1365039886e-09 0 0 -5.1365039886e-09 
0 0 -5.1365039886e-09 0 0 -5.1365039886e-09 0 0 -5.1365039886e-09 
0 0 -5.1365039886e-09 0 0 -5.1365039886e-09 0 0 -5.1365039886e-09 
0 0 -5.1365039886e-09 0 0 -5.1365039886e-09 0 0 -5.1365039886e-09 
0 0 -5.1365039886e-09 0 0 -5.1365039886e-09 0 0 -5.1365039886e-09 
0 0 -5.1365039886e-09 0 0 -5.1365039886e-09 0 0 -5.1365039886e-09 
0 0 -5.1365039886e-09 0 0 -5.1365039886e-09 0 0 -5.1365039886e-09 
0 0 -5.1365039886e-09 0 0 -5.1365039886e-09 0 0 -5.1365039886e-09 
0 0 -5.1365039886e-09 0 0 -5.1365039886e-09 0 0 -5.1365039886e-09 
0 0 -5.1365039886e-09 0 0 -5.1365039886e-09 0 0 -5.1365039886e-09 
0 0 -5.1365039886e-09 0 0 -5.1365039886e-09 0 0 -5.1365039886e-09 
0 0 -5.1365039886e-09 0 0 -5.1365039886e-09 0 0 -5.1365039886e-09 
0 0 -5.1365039886e-09 0 0 -5.1365039886e-09 0 0 -5.1365039886e-09 
0 0 -5.1365039886e-09 0 0 -5.1365039886e-09 0 0 -5.1365039886e-09 
0 0 -5.1365039886e-09 3.7269449679e-20 1.0164395367e-19 -5.4210108624e-20 -4.1946367293e-10 4.8411475566e-11 -9.3802336009e-11 
-5.717472394e-21 -7.4538899358e-20 -1.0842021725e-19 6.776263578e-20 -1.3552527156e-19 -1.0842021725e-19 -1.2719100309e-09 -3.8429009959e-09 -1.9565205521e-09 
0 0 -5.1365039886e-09 0 0 -5.1365039886e-09 0 0 -5.1365039886e-09 
0 0 -5.1365039886e-09 0 0 -5.1365039886e-09 0 0 -5.1365039886e-09 
7.5950408614e-13 1.7708245623e-12 1.437133355e-11 -1.5024841126e-11 1.498784233e-11 2.9389585167e-11 1.4849734569e-10 -5.0897220016e-10 3.6849798798e-10 
0 0 -5.1365039886e-09 0 0 -5.1365039886e-09 0 0 -5.1365039886e-09 
0 0 -5.1365039886e-09 0 0 -5.1365039886e-09 0 0 -5.1365039886e-09 
0 0 -5.1365039886e-09 0 0 -5.1365039886e-09 2.2112411728e-14 1.0095464232e-12 4.8798684277e-12 
-3.1393374879e-11 -6.2351732067e-11 -4.929240688e-11 0 0 -5.1365039886e-09 0 0 -5.1365039886e-09 
0 0 -5.1365039886e-09 0 0 -5.1365039886e-09 0 0 -5.1365039886e-09 
0 0 -5.1365039886e-09 2.3724860916e-14 -1.0520187152e-13 -1.8098803706e-14 -4.5536491244e-18 1.3118846287e-17 -3.9708904567e-18 
9.4867690092e-20 1.3552527156e-20 -1.0842021725e-19 3.9382153138e-15 -1.0813476715e-14 8.1453290293e-14 -9.9391420658e-13 1.5995927185e-13 -9.4605546609e-13 
9.4290302673e-10 -7.9058227364e-10 -2.925158008e-09 -5.5511151231e-16 6.1826628886e-16 -1.1768895998e-15 -1.3552527156e-20 0 -1.2705494209e-20 
-2.1011838103e-16 1.1069704181e-16 6.3054276088e-16 -5.1480862759e-13 -1.6153225947e-13 1.805517541e-13 -3.7225172541e-07 3.0890846178e-07 3.459636267e-07 
1.725966619e-12 -2.4516320506e-12 -1.3850524528e-12 5.4318528842e-17 3.0032400178e-17 5.0626481631e-16 1.2862646773e-09 -2.3699344676e-09 -4.3035737529e-09 
0 0 -5.1365039886e-09 0 0 -5.1365039886e-09 0 0 -5.1365039886e-09 
0 0 -5.1365039886e-09 0 0 -5.1365039886e-09 0 0 -5.1365039886e-09 
0 0 -5.1365039886e-09 0 0 -5.1365039886e-09 0 0 -5.1365039886e-09 
-3.4153871463e-11 -5.4657238154e-11 8.880233052e-11 -1.2129800763e-08 1.526508939e-08 2.2712652982e-08 6.0734785257e-12 3.4137364546e-11 2.5069510334e-11 
4.3089499135e-10 1.8273778474e-09 -6.006222194e-11 0 0 -5.1365039886e-09 0 0 -5.1365039886e-09 
0 0 -5.1365039886e-09 0 0 -5.1365039886e-09 0 0 -5.1365039886e-09 
0 0 -5.1365039886e-09 0 0 -5.1365039886e-09 -3.6772153248e-14 4.6794653655e-14 3.0147568198e-13 
-2.2329122058e-13 -5.0607304805e-14 1.9778736618e-12 -7.205932899e-15 -1.4855765272e-14 9.0132101679e-14 -1.5589540737e-09 -3.4965918519e-09 -3.1595127157e-08 
0 0 -5.1365039886e-09 0 0 -5.1365039886e-09 0 0 -5.1365039886e-09 
0 0 -5.1365039886e-09 0 0 -5.1365039886e-09 0 0 -5.1365039886e-09 
-8.7386695102e-17 2.4050992318e-16 -3.8700596547e-16 9.7265132146e-16 -8.4509493587e-16 2.3953752935e-16 0 -5.3363075677e-20 4.6586812099e-21 
0 1.0842021725e-19 2.0328790734e-20 -6.9586223177e-14 -1.7087188869e-14 -6.5735694747e-13 -1.4131888133e-09 -2.8535403749e-11 -1.9824082818e-09 
8.2762181169e-13 5.0529404879e-14 -7.0042787488e-13 2.3593995953e-09 2.784738958e-09 2.5739680802e-09 1.5729443632e-09 1.0894670654e-09 -1.996987546e-10 
2.7105054312e-19 8.6736173799e-19 1.6771252356e-18 -4.9602249391e-18 -8.2399365109e-18 2.3513634616e-18 0 0 -1.0587911841e-22 
-2.0049248996e-11 3.1306649405e-11 -2.5025003315e-10 0 0 -5.1365039886e-09 0 0 -5.1365039886e-09 
0 0 -5.1365039886e-09 0 0 -5.1365039886e-09 -6.3210314335e-07 5.5480755036e-07 6.3630479862e-07 
0 0 -5.1365039886e-09 -2.1227808588e-11 -5.9086050734e-11 -3.9690629564e-09 -8.1315162936e-20 0 2.1175823681e-22 
-9.3185006667e-11 -1.429043612e-10 -7.1776980718e-09 -2.0130819646e-10 2.2408396241e-09 -3.6097930949e-09 2.1510040786e-10 -2.1066556152e-10 -1.0930657749e-09 
-7.9782681655e-12 -4.1918159367e-11 1.1024752945e-10 0 0 -5.1365039886e-09 0 0 -5.1365039886e-09 
0 0 -5.1365039886e-09 0 0 -5.1365039886e-09 0 0 -5.1365039886e-09 
0 0 -5.1365039886e-09 0 0 -5.1365039886e-09 0 0 -5.1365039886e-09 
0 0 -5.1365039886e-09 0 0 -5.1365039886e-09 -1.249651424e-15 -6.4430950267e-15 4.3363411278e-15 
3.8187744508e-10 -2.9323501147e-11 2.8836569802e-10 -1.0276592294e-10 2.1657410484e-11 2.3224211195e-09 0 0 -5.1365039886e-09 
0 0 -5.1365039886e-09 0 0 -5.1365039886e-09 0 0 -5.1365039886e-09 
0 0 -5.1365039886e-09 0 0 -5.1365039886e-09 0 0 -5.1365039886e-09 
0 0 -5.1365039886e-09 0 0 -5.1365039886e-09 0 0 -5.1365039886e-09 
-1.0576392193e-16 -4.7345414807e-16 5.4470655959e-16 -2.5638128773e-15 1.2186161368e-14 1.0914866558e-15 2.168404345e-19 3.2526065175e-19 1.2790197504e-19 
-1.3697278446e-12 -1.1652137588e-13 -9.0173547848e-14 8.7643976278e-14 -9.1651228165e-14 -4.2354622142e-14 8.839118131e-14 -9.3128846648e-14 -4.0372764903e-13 
-1.4661886207e-15 -3.420328316e-14 1.02855971e-14 1.5161076604e-14 -1.0712662853e-14 -1.1923120369e-14 4.8296470851e-10 -9.4809180363e-11 1.6217401403e-10 
-8.1315162936e-20 1.0842021725e-19 8.1682034082e-18 -7.3865500078e-12 2.8948304932e-12 4.346997304e-11 1.1630278666e-10 3.46213609e-11 -5.1825659764e-11 
-3.5076058106e-11 -9.3727868349e-13 8.5532996071e-11 1.1360788815e-08 1.192453095e-08 -8.0480039158e-09 1.6940658945e-20 5.251604273e-20 2.1175823681e-22 
0 0 -5.1365039886e-09 0 0 -5.1365039886e-09 0 0 -5.1365039886e-09 
0 0 -5.1365039886e-09 0 0 -5.1365039886e-09 0 0 -5.1365039886e-09 
0 0 -5.1365039886e-09 0 0 -5.1365039886e-09 0 0 -5.1365039886e-09 
-3.9979318033e-09 -4.074685724e-09 -1.4608241849e-08 3.303503676e-09 3.3285324399e-10 -3.8929972656e-09 5.1377988235e-12 9.7028925422e-12 -2.9415538214e-11 
0 0 -5.1365039886e-09 0 0 -5.1365039886e-09 0 0 -5.1365039886e-09 
0 0 -5.1365039886e-09 0 0 -5.1365039886e-09 -1.3451654913e-07 -1.2459064994e-07 -9.8546063611e-08 
0 0 -5.1365039886e-09 0 0 -5.1365039886e-09 0 0 -5.1365039886e-09 
2.3909368409e-16 -7.6067624422e-16 4.519855898e-15 1.7520707107e-15 -1.2653506715e-14 8.0802572478e-15 0 0 -5.1365039886e-09 
3.7161541639e-11 1.3247290439e-10 -3.6274329002e-10 4.9816209534e-11 5.5363020158e-11 2.691399863e-10 0 0 -5.1365039886e-09 
0 0 -5.1365039886e-09 0 0 -5.1365039886e-09 0 0 -5.1365039886e-09 
0 0 -5.1365039886e-09 0 0 -5.1365039886e-09 0 0 -5.1365039886e-09 
-1.0842021725e-19 1.0842021725e-19 5.4210108624e-20 3.7689578021e-17 9.8432004735e-17 4.7052849627e-16 -1.6073297207e-16 -5.8655337531e-17 6.2204744394e-16 
1.0235842718e-11 -3.7857165861e-12 -1.4565218816e-10 -1.2255057375e-11 7.385676421e-12 1.1293439475e-10 8.5619614697e-12 -7.8023483941e-12 -1.7537879847e-11 
5.9932919088e-12 -3.6190670957e-12 1.4831622607e-11 1.9246925017e-13 -8.7735320311e-14 -3.3318099257e-11 -1.697618367e-11 -3.1353766697e-12 -7.2116971057e-11 
3.2134312436e-20 -2.4140438997e-20 -1.4823076577e-20 0 0 -5.1365039886e-09 -4.7615049111e-14 -2.3573048895e-14 -2.3804503146e-13 
6.2214852682e-12 1.7871795623e-12 1.5317177187e-11 -5.7323010271e-10 -5.9771094188e-10 -2.3320327504e-09 -3.388131789e-20 4.0657581468e-20 -1.2705494209e-21 
1.3267918382e-07 -1.4999319238e-09 -3.8112751652e-08 0 0 -5.1365039886e-09 0 0 -5.1365039886e-09 
0 0 -5.1365039886e-09 0 0 -5.1365039886e-09 0 0 -5.1365039886e-09 
0 0 -5.1365039886e-09 0 0 -5.1365039886e-09 1.1613940173e-08 6.0474001189e-09 1.6229020206e-09 
-6.3168103029e-07 2.9393355428e-07 -8.9519227981e-09 3.8381044892e-08 -8.8967254346e-09 1.0217394232e-07 -5.0821976835e-21 8.4703294725e-22 2.5410988418e-21 
0 0 -5.1365039886e-09 0 0 -5.1365039886e-09 0 0 -5.1365039886e-09 
0 0 -5.1365039886e-09 0 0 -5.1365039886e-09 0 0 -5.1365039886e-09 
0 0 -5.1365039886e-09 0 0 -5.1365039886e-09 0 0 -5.1365039886e-09 
-1.3579013325e-08 -9.9064441618e-09 1.9545825282e-08 -1.3067025096e-11 1.3914086131e-08 -6.7828030661e-09 9.4914503449e-11 1.7266277866e-10 -1.5383037652e-10 
-6.1820328587e-12 -2.3475375669e-11 2.4423619483e-10 -4.6748983048e-11 -7.2212731834e-11 2.9842398079e-10 4.1953453027e-11 6.4256765056e-11 7.1680524106e-11 
0 0 -5.1365039886e-09 0 0 -5.1365039886e-09 0 0 -5.1365039886e-09 
1.3451654913e-07 1.2459064994e-07 8.8273055634e-08 0 0 -5.1365039886e-09 0 0 -5.1365039886e-09 
0 0 -5.1365039886e-09 0 0 -5.1365039886e-09 -1.4207270383e-06 -1.4650211732e-06 9.5190723992e-07 
2.5560551021e-07 3.658911842e-08 -2.3159317171e-07 1.219727444e-19 -9.4867690092e-20 5.4210108624e-20 1.2411831152e-11 -1.561033075e-11 -7.6220338658e-10 
1.9961385192e-11 -6.1061041206e-12 2.329940359e-10 2.0198634974e-13 2.2750247866e-13 1.3543577135e-12 -6.0423952967e-11 1.6271467789e-11 -2.7136350586e-10 
0 0 -5.1365039886e-09 -1.3468620533e-11 6.2233591761e-12 -1.1060932006e-11 5.4210108624e-20 2.168404345e-19 8.1315162936e-20 
-4.1972780395e-11 3.7724024534e-11 7.7513153045e-09 1.0258326615e-06 1.0359295107e-06 -6.7252598797e-07 -6.6619886691e-15 -7.9766922234e-15 -5.0900509495e-15 
-9.1624353775e-12 7.931159039e-12 -1.0587656408e-11 1.7211264152e-11 -1.5953698865e-11 1.9534442762e-11 -2.478582579e-11 2.6041567991e-12 -2.1518915757e-11 
7.4370925224e-11 1.8382949243e-12 4.2179002539e-11 2.5067743638e-06 5.7925402146e-06 2.3937400256e-06 -3.1009288019e-13 -3.1786975396e-13 1.0819554345e-13 
-1.3655526569e-10 -2.0051156373e-11 -6.7997451968e-11 8.2850065594e-11 8.4047623462e-13 5.6673445579e-11 -1.9780200698e-13 -3.0423212371e-13 -3.8278734159e-13 
4.0227222568e-10 3.4132409952e-10 -3.5898254052e-09 0 0 -5.1365039886e-09 0 0 -5.1365039886e-09 
0 0 -5.1365039886e-09 0 0 -5.1365039886e-09 0 0 -5.1365039886e-09 
0 0 -5.1365039886e-09 0 0 -5.1365039886e-09 0 0 -5.1365039886e-09 
0 0 -5.1365039886e-09 1.5037376238e-11 2.7183738848e-11 1.1743105995e-10 5.2585349056e-07 1.0420946292e-07 2.590926565e-07 
0 0 -5.1365039886e-09 0 0 -5.1365039886e-09 0 0 -5.1365039886e-09 
0 0 -5.1365039886e-09 0 0 -5.1365039886e-09 0 0 -5.1365039886e-09 
0 0 -5.1365039886e-09 0 0 -5.1365039886e-09 0 0 -5.1365039886e-09 
0 0 -5.1365039886e-09 1.9398070932e-15 1.8413303651e-14 7.74836094e-15 4.7795358708e-16 -2.8354326265e-15 -1.1144822451e-14 
-1.0568859178e-10 -2.0940052369e-10 -2.5726312072e-10 0 0 -5.1365039886e-09 0 0 -5.1365039886e-09 
0 0 -5.1365039886e-09 0 0 -5.1365039886e-09 0 0 -5.1365039886e-09 
0 0 -5.1365039886e-09 0 0 -5.1365039886e-09 0 0 -5.1365039886e-09 
1.6848804795e-12 -4.6829453157e-12 -2.4707436414e-12 6.3833866578e-14 1.8518967284e-13 5.7574672569e-13 -8.5592985607e-13 -8.9812556806e-13 -3.989634442e-12 
3.3623581892e-12 2.2183840593e-12 -1.3538322422e-12 7.0545159341e-14 -1.8526033572e-15 4.9082599168e-12 4.8192108941e-16 2.0626946332e-17 6.0644340298e-16 
2.1532492315e-15 -1.0436513172e-15 2.6449518574e-15 -6.7432222458e-13 4.068097313e-13 -1.9250386984e-10 -2.1716109447e-11 -1.3006489738e-12 -3.2541992103e-11 
1.9632875315e-11 3.204305186e-11 -4.2871852829e-10 -5.2500699589e-11 -5.1396362047e-11 2.1411022126e-09 -4.973143208e-13 -6.047019439e-13 4.1131440837e-13 
5.9756236417e-14 -1.1495898634e-13 -1.6592578548e-13 -9.706638417e-09 2.641697533e-08 -3.703138258e-09 0 0 -5.1365039886e-09 
0 0 -5.1365039886e-09 0 0 -5.1365039886e-09 0 0 -5.1365039886e-09 
0 0 -5.1365039886e-09 0 0 -5.1365039886e-09 -2.7644266e-13 -3.566070643e-13 7.1687645173e-13 
-3.5791714644e-13 -2.613441195e-12 -9.9218569679e-10 -3.3084964271e-10 -2.2028215613e-09 -2.8739447879e-09 0 0 -5.1365039886e-09 
0 0 -5.1365039886e-09 0 0 -5.1365039886e-09 0 0 -5.1365039886e-09 
0 0 -5.1365039886e-09 0 0 -5.1365039886e-09 0 0 -5.1365039886e-09 
-9.9860983198e-14 1.6186866029e-13 -1.0440629413e-13 -1.3511327474e-15 -3.2011014933e-14 1.1219724558e-13 0 0 -5.1365039886e-09 
-6.776263578e-21 -3.388131789e-21 3.1763735522e-22 -6.3612851965e-16 -5.5993621198e-16 2.2832389733e-14 0 0 -5.1365039886e-09 
0 0 -5.1365039886e-09 0 0 -5.1365039886e-09 0 0 -5.1365039886e-09 
0 0 -5.1365039886e-09 0 0 -5.1365039886e-09 0 0 -5.1365039886e-09 
-4.1595123613e-13 6.0872596026e-13 7.9585001241e-13 5.0506285575e-09 4.6294891255e-09 4.7892236928e-08 -2.4738464315e-12 -1.1563872689e-12 3.3946722251e-12 
7.3073890688e-12 4.7758344588e-12 9.4757507769e-10 -3.1795583961e-16 3.3393426913e-17 7.7845038358e-16 0 0 -5.1365039886e-09 
-2.9058616386e-09 1.7315343104e-09 1.5116471301e-08 -6.3344511927e-17 1.7943545955e-17 2.3479753298e-17 5.4162295308e-14 -1.5320459745e-13 -1.7962246816e-12 
-1.7801890393e-07 1.9468856878e-07 -6.5164978293e-08 1.5434708189e-07 -2.2076631796e-07 -7.6796280368e-07 7.745271804e-12 2.0990738444e-12 1.792550305e-11 
0 0 -5.1365039886e-09 -1.0912588107e-11 -3.1291441877e-12 1.6477627761e-11 4.7149532542e-12 1.55466603e-12 -7.1458383895e-12 
-4.7057681102e-14 9.8054756589e-14 1.3403468771e-12 -2.0384789776e-14 6.2060152481e-14 1.2654188856e-12 -6.3633012999e-07 5.4377442019e-07 3.5791177257e-06 
0 0 -5.1365039886e-09 0 0 -5.1365039886e-09 0 0 -5.1365039886e-09 
6.3633012999e-07 -5.4377442019e-07 -3.5893907337e-06 0 0 -5.1365039886e-09 0 0 -5.1365039886e-09 
5.4806532327e-10 5.5127192394e-10 -4.2967724128e-10 2.1378406857e-13 4.0069797523e-13 2.6223070753e-13 1.3401012426e-10 1.3661785907e-09 4.7409649041e-09 
1.0417138647e-08 -5.7117493477e-09 -3.1212947144e-08 0 0 -5.1365039886e-09 0 0 -5.1365039886e-09 
0 0 -5.1365039886e-09 0 0 -5.1365039886e-09 0 0 -5.1365039886e-09 
0 0 -5.1365039886e-09 0 0 -5.1365039886e-09 0 0 -5.1365039886e-09 
0 0 -5.1365039886e-09 6.619054263e-15 -3.2262679263e-13 6.3173254334e-12 -2.2735930976e-12 -7.2511800709e-12 8.6810364695e-10 
2.9925560185e-13 -4.9674836727e-13 -2.7239343525e-12 -1.4614098327e-10 -4.1402646665e-11 4.4637220325e-10 0 0 -5.1365039886e-09 
0 0 -5.1365039886e-09 0 0 -5.1365039886e-09 0 0 -5.1365039886e-09 
0 0 -5.1365039886e-09 0 0 -5.1365039886e-09 0 0 -5.1365039886e-09 
0 0 -5.1365039886e-09 0 0 -5.1365039886e-09 0 0 -5.1365039886e-09 
3.3550636228e-15 -4.358817994e-15 -9.9979740605e-14 6.1616618925e-13 -1.6732087111e-12 1.8543066185e-12 -1.4738373282e-19 5.9631119487e-19 3.9286446885e-18 
2.7522128147e-10 6.6692272798e-11 -1.3192910181e-09 -1.6940658945e-20 -3.2526065175e-19 -2.5648157643e-18 1.6325471763e-10 -6.4161144334e-11 1.8895527353e-10 
-1.2630955309e-17 -1.7997756063e-17 1.7334359859e-16 2.2774292218e-12 -2.1566631944e-12 -1.9024267747e-11 -1.0649193214e-09 1.443798644e-10 1.1521017239e-10 
5.9445730463e-10 -2.7274368142e-10 -1.3395055568e-09 -4.2869500267e-13 -1.092753275e-13 1.4733544847e-12 -5.3788372275e-12 -9.3565416916e-13 9.9666284408e-12 
0 0 -5.1365039886e-09 6.8167466355e-08 4.7270200275e-08 3.6569248327e-08 -7.4860444178e-12 8.3571981461e-12 -3.3638378392e-11 
5.4210108624e-20 -1.0842021725e-19 4.2351647363e-21 -1.5319002921e-09 2.1170410865e-09 1.6550493753e-08 0 0 -5.1365039886e-09 
0 0 -5.1365039886e-09 0 0 -5.1365039886e-09 0 0 -5.1365039886e-09 
0 0 -5.1365039886e-09 0 0 -5.1365039886e-09 0 0 -5.1365039886e-09 
3.0619017911e-10 4.739329292e-10 -2.5621757117e-10 3.3370126215e-11 1.538030314e-10 -2.1820446241e-11 -1.0426064992e-10 -1.244216878e-10 1.9634940152e-10 
-8.1755959808e-09 9.8569377944e-08 -7.1859445335e-08 0 0 -5.1365039886e-09 2.1586278949e-06 -1.1311755839e-06 7.5395691071e-07 
0 0 -5.1365039886e-09 0 0 -5.1365039886e-09 0 0 -5.1365039886e-09 
0 0 -5.1365039886e-09 0 0 -5.1365039886e-09 0 0 -5.1365039886e-09 
0 0 -5.1365039886e-09 -5.0384178166e-12 1.616847197e-11 1.0756498853e-10 -1.5837280828e-12 -4.3799429571e-11 6.0853944688e-11 
-8.0917555229e-08 1.3064343841e-07 1.2143280801e-07 -4.1045829219e-07 -2.3649148401e-08 -5.402764574e-08 -1.085266859e-13 5.1952019076e-13 -1.10628114e-09 
0 0 -5.1365039886e-09 0 0 -5.1365039886e-09 0 0 -5.1365039886e-09 
0 0 -5.1365039886e-09 0 0 -5.1365039886e-09 0 0 -5.1365039886e-09 
-4.9943406615e-12 5.1018693664e-12 -4.7789598613e-12 0 -2.3716922523e-20 -6.3527471044e-22 8.1315162936e-20 0 2.6204479618e-17 
-1.6473723237e-11 -1.07216858e-11 1.5695093986e-09 1.7057820542e-15 -2.8189256485e-16 -2.2594165952e-14 8.4703294725e-21 -1.0842021725e-19 4.0657581468e-20 
-6.7669123343e-16 1.2755638559e-16 -1.482392361e-15 -7.8372589873e-11 3.6606886827e-11 -4.6563050386e-11 1.0511444417e-12 -1.6667879099e-12 -1.7451343241e-11 
-3.0403234184e-12 4.1691037124e-11 1.1334239581e-10 9.3508419866e-12 -4.4142100402e-11 -3.6308835631e-10 -7.4538899358e-20 -3.469446952e-18 -4.0657581468e-20 
1.8361483543e-10 1.7549581721e-10 -1.7148289118e-09 0 0 -5.1365039886e-09 0 0 -5.1365039886e-09 
6.3605135156e-12 1.4118054057e-12 -2.6725483128e-12 -3.9651412687e-11 -2.6686254877e-11 -8.575544528e-11 1.6940658945e-21 2.0328790734e-20 5.2939559203e-23 
1.1732585389e-14 -3.3155525851e-14 -6.1470783447e-12 0 0 -5.1365039886e-09 0 0 -5.1365039886e-09 
0 0 -5.1365039886e-09 0 0 -5.1365039886e-09 0 0 -5.1365039886e-09 
-4.8228346772e-11 -1.2140794023e-10 5.3584299398e-10 3.2958259602e-12 -1.0415326231e-10 -5.6643922492e-10 0 0 -5.1365039886e-09 
0 0 -5.1365039886e-09 0 0 -5.1365039886e-09 0 0 -5.1365039886e-09 
0 0 -5.1365039886e-09 0 0 -5.1365039886e-09 0 0 -5.1365039886e-09 
1.8948167688e-13 2.1283341842e-12 -4.7585068346e-12 -4.8422420587e-14 2.5122282997e-13 -6.0308223395e-13 0 0 -5.1365039886e-09 
-1.298156489e-10 -1.9214706063e-10 9.4081515718e-10 0 0 -1.8528845721e-22 0 0 -5.1365039886e-09 
0 0 -5.1365039886e-09 0 0 -5.1365039886e-09 0 0 -5.1365039886e-09 
0 0 -5.1365039886e-09 -5.4210108624e-20 -5.7598240413e-20 6.776263578e-21 1.0842021725e-19 -1.0842021725e-19 -2.7105054312e-20 
-1.2073161974e-10 -1.410638159e-10 -4.5178094943e-10 4.1640481753e-12 2.7522497085e-12 -1.9290445871e-09 1.8508213354e-13 -4.8695558219e-14 9.9774637231e-13 
-1.0845873353e-13 -2.0714441447e-14 -1.3502250258e-11 -2.9060406154e-13 9.1973412393e-14 3.4376521409e-12 0 0 -5.1365039886e-09 
-3.9833549565e-12 2.183318359e-12 -1.6501615622e-11 -2.6395715041e-15 6.0671953572e-16 -3.1436004922e-14 -1.6281385313e-09 -2.2875888528e-09 4.2081339887e-09 
5.0647081364e-11 -1.2590155481e-11 1.7972396456e-11 -6.4398029281e-11 1.2629641907e-11 1.9931001226e-11 2.456334014e-09 4.215027678e-10 7.2867164303e-09 
-5.5310878813e-10 -6.8221247651e-10 1.9488531157e-09 -3.8371283492e-09 -4.1583046056e-10 3.2899582135e-10 -3.9000144387e-10 -8.1427157811e-10 -1.0691906719e-08 
1.0882469554e-09 8.1464930414e-10 1.1779749869e-09 6.0348785431e-12 -8.3520495207e-13 -3.7932241315e-10 0 -1.3552527156e-20 0 
0 0 -5.1365039886e-09 0 0 -5.1365039886e-09 0 0 -5.1365039886e-09 
0 0 -5.1365039886e-09 0 0 -5.1365039886e-09 0 0 -5.1365039886e-09 
0 0 -5.1365039886e-09 -6.7750465611e-14 -1.4928133735e-13 -1.2817765627e-12 -1.0842021725e-19 -5.4210108624e-20 0 
-1.4537287661e-16 4.9154253665e-16 -5.4629313502e-15 1.8125149819e-16 -4.7168283277e-15 -1.5046622124e-14 5.4750018538e-12 -2.8756370549e-11 9.4563614304e-11 
0 0 -5.1365039886e-09 0 0 -5.1365039886e-09 0 0 -5.1365039886e-09 
0 0 -5.1365039886e-09 0 0 -5.1365039886e-09 0 0 -5.1365039886e-09 
0 0 -5.1365039886e-09 0 0 -5.1365039886e-09 0 0 -5.1365039886e-09 
0 0 -5.1365039886e-09 0 0 -5.1365039886e-09 -9.0663874249e-12 -3.1916678895e-11 -4.6385481625e-11 
2.7105054312e-20 -1.3552527156e-20 6.3527471044e-22 -8.7229160527e-13 -2.5248855198e-12 -1.3890674906e-12 -1.5940877557e-10 -1.372941312e-10 -1.0559283035e-09 
0 0 -5.1365039886e-09 0 0 -5.1365039886e-09 0 0 -5.1365039886e-09 
0 0 -5.1365039886e-09 0 0 -5.1365039886e-09 0 0 -5.1365039886e-09 
0 0 -5.1365039886e-09 1.9472859111e-09 -3.0622215729e-09 3.5806604625e-09 -1.2950483242e-14 -5.8145626985e-15 -3.6001909061e-12 
2.9835656249e-10 2.9604100963e-10 5.3412588105e-10 -5.1271339811e-11 -1.950394734e-11 -3.5572555068e-10 2.5850566777e-11 -7.5524208198e-12 -6.5282591132e-09 
-1.1011428314e-20 7.644472349e-20 2.3293406049e-20 -1.4942365921e-14 6.0600396229e-15 1.6025405753e-14 -1.4812912182e-16 1.5395670849e-17 4.1156174866e-14 
-4.4289658746e-17 -1.2251484549e-17 5.277539363e-17 -4.1030275965e-18 -3.4016843162e-18 -8.1030453987e-17 -4.6678470637e-10 -5.0988324262e-10 -1.7832554632e-09 
1.5959177773e-11 -7.2296553699e-11 8.7728084481e-12 2.0328790734e-20 6.0986372202e-20 0 0 0 -5.1365039886e-09 
0 0 -5.1365039886e-09 0 0 -5.1365039886e-09 0 0 -5.1365039886e-09 
0 0 -5.1365039886e-09 0 0 -5.1365039886e-09 0 0 -5.1365039886e-09 
0 0 -5.1365039886e-09 0 0 -5.1365039886e-09 2.4602249491e-13 -1.4716711628e-11 9.3059653608e-11 
1.3124464032e-10 8.3879984732e-12 9.652137518e-10 6.1517631267e-16 4.8003728813e-15 -8.9231668387e-15 0 0 -5.1365039886e-09 
0 0 -5.1365039886e-09 0 0 -5.1365039886e-09 0 0 -5.1365039886e-09 
0 0 -5.1365039886e-09 0 0 -5.1365039886e-09 0 0 -5.1365039886e-09 
0 0 -5.1365039886e-09 -5.0957502107e-18 -1.0570971182e-18 7.2698844688e-16 1.3149948795e-12 1.2169492053e-10 -2.342082698e-09 
-1.2042708833e-10 3.668903864e-10 -1.1440845996e-08 0 0 -5.1365039886e-09 0 0 -5.1365039886e-09 
0 0 -5.1365039886e-09 0 0 -5.1365039886e-09 0 0 -5.1365039886e-09 
-5.4210108624e-20 -2.9815559743e-19 -4.7433845046e-20 1.9669087051e-11 -2.9113150259e-11 -2.364776269e-12 2.1288650384e-08 -3.6749438947e-08 1.4691561696e-07 
7.5002937888e-15 5.93383849e-15 4.9470659805e-13 -3.5055592869e-12 -1.4417502565e-12 -1.5924397592e-09 5.8595223102e-11 2.9223170867e-11 -2.1893578782e-10 
0 0 -5.1365039886e-09 -1.7617702056e-11 4.3641506424e-12 1.4423476838e-11 4.1984734103e-12 -1.3585599117e-12 2.3636364472e-12 
5.4210108624e-20 1.0842021725e-19 -1.3552527156e-20 0 2.7105054312e-20 2.7105054312e-20 -1.3203454714e-10 4.9441726104e-11 3.4782335784e-11 
-3.3181461946e-09 2.6797619111e-09 8.7050798556e-10 3.6711593547e-10 -1.9333886022e-10 -3.587631902e-11 -3.0194723353e-11 4.6498803343e-13 2.2638960089e-09 
0 0 -5.1365039886e-09 4.4587814343e-17 1.1926223897e-17 6.5805248518e-17 -9.2656411721e-10 -8.6355165727e-10 -5.9456339608e-10 
1.0097412002e-14 -4.3674374013e-15 -7.8211191749e-14 6.0986372202e-20 2.7528570786e-21 -4.0234064995e-21 -2.7994153333e-11 1.0317756126e-10 -8.8979045811e-11 
1.9899898352e-11 -5.1844826202e-11 -4.7318436455e-11 0 0 -5.1365039886e-09 0 0 -5.1365039886e-09 
0 0 -5.1365039886e-09 0 0 -5.1365039886e-09 0 0 -5.1365039886e-09 
2.3464231256e-09 3.186598775e-09 9.3189167388e-09 -1.9822975076e-11 1.0777051614e-11 3.1701966242e-10 5.6483475427e-10 1.0018175196e-09 1.8756868692e-09 
0 0 -5.1365039886e-09 1.7377852123e-06 -2.0213534841e-08 -1.0342786991e-06 0 0 -5.1365039886e-09 
0 0 -5.1365039886e-09 0 0 -5.1365039886e-09 0 0 -5.1365039886e-09 
0 0 -5.1365039886e-09 0 0 -5.1365039886e-09 0 0 -5.1365039886e-09 
-3.9702507774e-14 3.4821708776e-13 -1.312403537e-12 0 0 0 1.3281281999e-11 2.0458054738e-12 3.6800220267e-10 
0 0 -5.1365039886e-09 0 0 -5.1365039886e-09 0 0 -5.1365039886e-09 
0 0 -5.1365039886e-09 0 0 -5.1365039886e-09 0 0 -5.1365039886e-09 
0 0 -5.1365039886e-09 0 0 -5.1365039886e-09 0 -5.4210108624e-20 1.3552527156e-20 
5.4392810883e-10 -2.9474014052e-07 -1.0917024803e-07 3.1824423739e-14 2.6675764462e-14 4.0425773114e-14 -2.2662094234e-10 -1.6277284761e-10 -6.2244183838e-10 
-1.3552527156e-19 0 -2.0328790734e-20 9.8988363215e-12 6.294167661e-13 1.7697137306e-11 0 0 -3.1763735522e-21 
-9.8017651965e-11 4.3497719993e-11 -4.3981444754e-10 -6.5852372519e-13 5.1906669609e-13 2.9798792625e-12 -6.4849741554e-10 7.4838352854e-11 1.1996051125e-09 
3.1123680711e-10 -5.8335324418e-13 -2.4133349812e-10 7.2947414682e-08 -5.9364025894e-08 1.4735749571e-08 3.3364153454e-15 2.0066413808e-15 -6.2715063576e-13 
0 7.4538899358e-20 8.4703294725e-21 0 0 -5.1365039886e-09 0 0 -5.1365039886e-09 
0 0 -5.1365039886e-09 0 0 -5.1365039886e-09 0 0 -5.1365039886e-09 
0 0 -5.1365039886e-09 0 0 -5.1365039886e-09 9.6451004555e-09 4.0837143594e-08 -1.8071559522e-08 
-4.5375317319e-07 1.542104505e-07 1.8733280845e-07 -1.7440805953e-07 1.0591221598e-08 4.383868019e-08 -1.9852376836e-11 1.1003439925e-10 7.5666974923e-10 
2.6555471255e-11 4.0078450812e-12 1.4554501432e-10 -1.7377852123e-06 2.0213534841e-08 1.0240056911e-06 0 0 -5.1365039886e-09 
0 0 -5.1365039886e-09 0 0 -5.1365039886e-09 0 0 -5.1365039886e-09 
0 0 -5.1365039886e-09 0 0 -5.1365039886e-09 0 0 -5.1365039886e-09 
0 0 -5.1365039886e-09 0 0 -5.1365039886e-09 -4.3298527505e-07 -2.215742118e-06 -9.026137626e-07 
5.3222929418e-06 9.9780707944e-06 3.677031219e-07 -2.8500447553e-11 -1.5525582501e-11 2.38395571e-08 0 0 -5.1365039886e-09 
0 0 -5.1365039886e-09 0 0 -5.1365039886e-09 0 0 -5.1365039886e-09 
0 0 -5.1365039886e-09 0 0 -5.1365039886e-09 0 0 -5.1365039886e-09 
2.9381878874e-17 -2.5424540945e-17 -1.2021091587e-17 1.8729852576e-11 3.1889833202e-11 7.3658029373e-10 3.5575058524e-14 5.0405941357e-14 -8.7288100467e-15 
1.3283805452e-10 6.2382807687e-11 -8.2141169925e-10 2.3317877197e-11 1.8512230811e-11 2.7956438648e-10 2.881714561e-12 1.8644125957e-12 -2.7362303798e-09 
8.020927672e-16 -3.1983964088e-16 -9.2252052351e-17 -5.8066073651e-15 4.3813151891e-15 -5.4720598822e-13 -1.3552527156e-20 0 1.5881867761e-21 
0 -1.0842021725e-19 -1.6940658945e-21 1.0842021725e-19 -1.0842021725e-19 1.0164395367e-20 -1.362735651e-10 -2.3666845935e-11 7.018160029e-09 
0 0 -5.1365039886e-09 1.1423462531e-09 1.1438280257e-09 -1.1878870158e-09 9.0917079637e-13 -1.0926430659e-12 -2.8652255455e-12 
8.3924024414e-17 -4.5130677759e-16 3.5070890961e-16 -7.3148458861e-13 7.8128936697e-13 3.0870208561e-12 0 0 -5.1365039886e-09 
0 0 -5.1365039886e-09 0 0 -5.1365039886e-09 0 0 -5.1365039886e-09 
0 0 -5.1365039886e-09 1.2986464547e-08 -2.4252040864e-09 5.8017231353e-09 0 0 -8.2585712357e-21 
8.5791952969e-13 2.5335054015e-12 -1.626285057e-09 1.7152850321e-11 -1.6150780856e-10 3.8389282957e-10 0 0 -5.1365039886e-09 
0 0 -5.1365039886e-09 0 0 -5.1365039886e-09 0 0 -5.1365039886e-09 
0 0 -5.1365039886e-09 0 0 -5.1365039886e-09 0 0 -5.1365039886e-09 
0 0 -5.1365039886e-09 1.4571544085e-05 1.3614001519e-05 2.1572004001e-07 4.2228454907e-08 4.1342639881e-08 4.977566971e-08 
-1.6130170116e-12 -3.4564876054e-12 1.8050821263e-12 0 0 -5.1365039886e-09 0 0 -5.1365039886e-09 
-1.7194049514e-07 -1.4132715599e-06 7.1509039465e-07 0 0 -5.1365039886e-09 0 0 -5.1365039886e-09 
0 0 -5.1365039886e-09 0 0 -5.1365039886e-09 0 0 -5.1365039886e-09 
7.8604657505e-19 -8.2175748411e-17 -4.143507301e-16 -3.4767978427e-14 -3.0131062576e-14 3.9728139838e-14 -2.8270235924e-11 1.0943804023e-11 -8.5117838151e-10 
4.8111471404e-19 -6.6136332522e-18 1.1591517769e-15 -1.8665318848e-11 2.2915249884e-12 7.9837012457e-09 0 0 -5.1365039886e-09 
-9.6141627645e-17 2.0025214126e-16 3.3100438216e-16 -3.1860365041e-15 1.2608187064e-15 2.1713181383e-15 1.8216826718e-09 -7.8918180693e-10 -5.2152066428e-09 
1.3552527156e-20 0 2.1175823681e-22 -1.3366044382e-14 -2.507759625e-16 9.5889683794e-13 -2.2640391081e-12 -3.6859961697e-12 9.1521792921e-09 
1.4335700469e-09 3.3331767557e-09 5.5455058354e-09 -1.0515676871e-15 1.2123548693e-15 3.2032094618e-15 5.2571503163e-09 -4.5480346243e-09 -1.4503695037e-09 
0 0 -5.1365039886e-09 0 0 -5.1365039886e-09 0 0 -5.1365039886e-09 
0 0 -5.1365039886e-09 0 0 -5.1365039886e-09 -4.7717306397e-11 -1.5615371997e-10 -2.9055763586e-10 
0 0 2.0328790734e-20 8.6692805712e-16 -5.4094912143e-17 -5.6276106686e-16 1.320016145e-16 -8.8674185182e-16 2.9752083094e-15 
0 0 -5.1365039886e-09 0 0 -5.1365039886e-09 0 0 -5.1365039886e-09 
0 0 -5.1365039886e-09 0 0 -5.1365039886e-09 0 0 -5.1365039886e-09 
0 0 -5.1365039886e-09 0 -1.3552527156e-20 6.2452136248e-23 -1.062518129e-17 -7.8604657505e-19 -1.910906329e-18 
-1.2924343941e-11 -7.8226143553e-12 -1.9452727346e-11 7.6108692916e-12 1.91609248e-11 2.3444955062e-11 0 0 -5.1365039886e-09 
0 0 -5.1365039886e-09 0 0 -5.1365039886e-09 0 0 -5.1365039886e-09 
0 0 -5.1365039886e-09 0 -1.6263032587e-19 -4.7433845046e-20 1.0842021725e-19 5.4210108624e-20 -6.776263578e-21 
2.4254878783e-08 -5.0422926014e-09 -4.8099934547e-08 9.3822413386e-08 -1.0940462931e-07 -9.5536998906e-08 2.3913434167e-17 -5.8546917314e-18 1.5133768262e-16 
-1.3837130226e-17 9.5951892265e-18 3.5986194764e-17 1.5662839454e-09 -9.6403081492e-10 -1.2808320685e-08 -1.5133896388e-11 5.3306194636e-12 4.7083895318e-09 
-1.1361346371e-09 8.7448668998e-10 1.798015611e-08 1.2805672679e-10 2.1738985503e-11 -1.1528899157e-09 5.4210108624e-20 -1.0842021725e-19 5.2939559203e-22 
2.1616280814e-18 1.7550522667e-18 1.5077186461e-17 1.7939728369e-08 1.0471741065e-09 2.1048502293e-08 -3.6320772778e-18 -4.1741783641e-18 1.1350241493e-17 
1.9764017613e-09 -2.3803300052e-09 2.1468348793e-09 0 0 -5.1365039886e-09 0 0 -5.1365039886e-09 
0 0 -5.1365039886e-09 0 0 -5.1365039886e-09 0 0 -5.1365039886e-09 
-1.6083267024e-09 -3.9618039693e-09 4.2426775415e-08 -4.2743858691e-11 -7.8458644041e-11 -3.2937340972e-09 -5.1458063201e-10 1.0977084153e-09 -8.8158951284e-10 
5.4210108624e-20 -3.388131789e-21 -6.776263578e-21 0 0 -5.1365039886e-09 0 0 -5.1365039886e-09 
0 0 -5.1365039886e-09 0 0 -5.1365039886e-09 0 0 -5.1365039886e-09 
0 0 -5.1365039886e-09 0 0 -5.1365039886e-09 -7.5786974488e-11 -2.8296612124e-11 -3.6823039847e-09 
4.2054994469e-12 -6.4952845619e-12 -2.8828502164e-11 0 0 -5.1365039886e-09 0 0 -5.1365039886e-09 
0 0 -5.1365039886e-09 0 0 -5.1365039886e-09 1.0842021725e-19 -6.0986372202e-20 -5.251604273e-20 
6.776263578e-20 4.4045713257e-20 -6.776263578e-20 5.4302112394e-12 -5.0131518945e-12 -2.8716417985e-11 1.4384356886e-09 6.6617432621e-10 -6.0011772474e-11 
1.3158188664e-11 -4.000134571e-10 -4.4297238144e-09 4.0640776335e-14 2.8067825841e-15 -4.2955791918e-14 -3.7012656395e-14 -5.4589579385e-15 1.1612713456e-13 
2.2598866138e-14 -9.2769758889e-15 1.8493588822e-14 9.2860416713e-08 9.2851487736e-08 1.8364723172e-07 -2.7105054312e-20 -1.6263032587e-19 6.8821426964e-22 
2.1155687718e-08 1.4937138786e-07 -8.4743027488e-09 4.896047661e-11 1.4591392764e-11 2.2220728074e-10 4.0657581468e-20 5.4210108624e-20 -2.7009763106e-18 
-5.4097680247e-14 2.8596564136e-14 -8.247176254e-13 4.3433335541e-14 -2.8616228853e-14 -8.8019956077e-13 0 0 -5.3283666338e-20 
0 0 -5.1365039886e-09 0 0 -5.1365039886e-09 0 0 -5.1365039886e-09 
0 0 -5.1365039886e-09 0 0 -5.1365039886e-09 0 0 -5.1365039886e-09 
3.1828832864e-11 4.3881818318e-11 3.3477146158e-10 4.2122338603e-15 7.2166122904e-15 -1.3838629644e-13 8.9989605936e-12 9.9459540931e-11 -2.0292361208e-10 
1.5920533175e-11 -1.2328351681e-10 -4.4437126391e-10 3.3537917452e-12 -2.2495178192e-11 -4.6317037078e-09 0 0 -5.1365039886e-09 
0 0 -5.1365039886e-09 0 0 -5.1365039886e-09 -1.2519924035e-06 1.4409419341e-06 -8.845277245e-07 
0 0 -5.1365039886e-09 0 0 -5.1365039886e-09 0 0 -5.1365039886e-09 
0 0 -5.1365039886e-09 0 0 -5.1365039886e-09 0 0 -5.1365039886e-09 
4.3163641498e-11 -7.2414768828e-10 3.969562752e-09 1.2291522359e-10 8.2478471457e-10 -2.1831831111e-09 0 0 -5.1365039886e-09 
7.1103490934e-13 1.3422413951e-12 4.1071915044e-09 -3.9075477337e-12 -7.6284260484e-12 -1.0057400083e-09 0 0 -5.1365039886e-09 
0 0 -5.1365039886e-09 0 0 -5.1365039886e-09 0 0 -5.1365039886e-09 
-2.8953966901e-07 3.5957013947e-07 2.7675430283e-07 2.8953966901e-07 -3.5957013947e-07 -2.8702731081e-07 -2.370269941e-08 6.7123335744e-08 -3.7436984252e-08 
0 5.4210108624e-20 -1.1858461262e-20 5.3472309046e-15 -1.2869750838e-14 -9.8045757711e-17 5.2514772187e-11 -8.5560980786e-11 -5.5380886106e-09 
-3.9598025954e-10 -2.4301371233e-09 1.1906817386e-09 1.4613232371e-09 -1.3142128683e-10 -2.7750886575e-09 -5.1978549503e-15 1.4907237771e-15 -4.5418368688e-14 
-1.0881132177e-10 -1.8205767839e-12 -5.5355787374e-10 3.4682949871e-15 -1.9660922196e-15 2.8837986313e-15 -5.4210108624e-20 0 -2.5410988418e-21 
-3.8444596112e-11 -1.1338064114e-11 1.4589197454e-10 6.0495936094e-12 1.1181167815e-11 -7.3375893141e-11 5.4210108624e-20 -1.6263032587e-19 6.776263578e-20 
-7.1711977719e-15 -7.9289161771e-15 1.3386207031e-12 5.1376492036e-14 -2.7357944469e-14 -1.258487587e-13 -3.9867848606e-14 8.4761841643e-14 1.182802093e-13 
0 0 -5.1365039886e-09 0 0 -5.1365039886e-09 0 0 -5.1365039886e-09 
1.2519924035e-06 -1.4409419341e-06 8.7425471652e-07 0 0 -5.1365039886e-09 0 0 -5.1365039886e-09 
0 0 -5.1365039886e-09 0 0 -5.1365039886e-09 1.0842021725e-19 -5.4210108624e-20 2.7105054312e-20 
0 0 -2.1995328058e-18 6.4276231906e-13 4.3299776064e-12 -4.4615030988e-10 -4.4686715266e-12 -2.2971840884e-12 -1.7262043661e-11 
0 0 -5.1365039886e-09 0 0 -5.1365039886e-09 0 0 -5.1365039886e-09 
0 0 -5.1365039886e-09 0 0 -5.1365039886e-09 0 0 -5.1365039886e-09 
0 0 -5.1365039886e-09 0 0 -5.1365039886e-09 0 0 -5.1365039886e-09 
0 0 -5.1365039886e-09 0 0 -5.1365039886e-09 -1.8973538018e-19 -1.3552527156e-19 -4.7645603283e-21 
-2.0830234239e-17 -3.8252007898e-18 -4.5536491244e-18 -3.5625529658e-09 -2.8029889448e-09 -1.1672616216e-08 0 0 -5.1365039886e-09 
0 0 -5.1365039886e-09 0 0 -5.1365039886e-09 0 0 -5.1365039886e-09 
0 0 -5.1365039886e-09 0 0 -5.1365039886e-09 -5.8115257105e-10 9.4096199823e-10 1.3758794741e-09 
2.3422128161e-10 -2.1095018291e-10 6.6546757774e-10 -2.9915354041e-11 1.0156656752e-11 9.8001575127e-11 -5.5813750973e-12 -4.5029623476e-12 4.727960376e-11 
0 0 -5.1365039886e-09 4.5401150965e-11 7.8310448404e-13 -3.7197092462e-11 8.980516544e-11 -4.4400995467e-12 3.3682460556e-10 
2.9622566664e-10 3.6823237601e-11 -2.6074186427e-09 2.2487809564e-10 -1.3451452842e-10 -4.7458380686e-10 -7.4531580994e-15 1.4431815118e-15 5.2047938442e-14 
-2.3751888043e-15 1.3713802229e-15 -6.7297218281e-14 -2.1323155915e-13 1.935030776e-13 3.9764459425e-13 -2.3585289537e-13 1.7805976962e-13 1.0073618554e-12 
-1.1858461262e-20 1.4230153514e-19 -1.3552527156e-20 -2.8398859788e-11 -1.862617867e-11 -2.5536301975e-11 6.4165456802e-12 3.888962828e-12 -1.1838217418e-11 
-8.2651442114e-16 -3.2535118263e-14 -1.1652089477e-13 0 0 -1.8528845721e-22 8.1823924806e-15 -1.9816295143e-14 1.5237812622e-13 
0 0 -5.1365039886e-09 0 0 -5.1365039886e-09 0 0 -5.1365039886e-09 
0 0 -5.1365039886e-09 0 0 -5.1365039886e-09 0 0 -5.1365039886e-09 
0 0 -5.1365039886e-09 1.7748060861e-11 1.8352538835e-11 -1.3292935478e-11 3.1929092616e-13 -6.8157028957e-12 -3.8069894723e-11 
5.4210108624e-20 0 3.388131789e-21 1.7855385241e-13 -1.8688923361e-12 -5.127770249e-10 0 0 -5.1365039886e-09 
0 0 -5.1365039886e-09 0 0 -5.1365039886e-09 0 0 -5.1365039886e-09 
0 0 -5.1365039886e-09 0 0 -5.1365039886e-09 0 0 -5.1365039886e-09 
0 0 -5.1365039886e-09 0 0 -5.1365039886e-09 2.2886830235e-17 5.9475265424e-17 1.5447085749e-16 
1.1676857398e-16 6.7334375922e-16 2.1773998349e-16 5.4531705758e-09 3.2981469137e-09 -1.2805705778e-08 1.2717623721e-15 1.1661271991e-15 -9.0192949138e-15 
0 0 -5.1365039886e-09 0 0 -5.1365039886e-09 0 0 -5.1365039886e-09 
0 0 -5.1365039886e-09 0 0 -5.1365039886e-09 0 0 -5.1365039886e-09 
0 0 -5.1365039886e-09 0 0 -5.1365039886e-09 0 0 -5.1365039886e-09 
-4.6164256838e-12 6.2797440723e-12 1.5329307444e-12 -2.35484619e-12 4.2980509407e-12 -2.255296278e-12 1.0263389326e-09 -7.9269402563e-10 6.7954171289e-08 
-1.0460198633e-10 -7.0459716132e-11 6.0246916722e-11 0 0 -5.1365039886e-09 0 0 1.4823076577e-21 
0 0 -5.1365039886e-09 3.3842671504e-13 -2.4885670781e-13 -8.9572436814e-13 0.00082567111688 0.0018071925751 0.00024250782138 
4.4441142785e-13 -2.7624592601e-13 -1.041728544e-12 -1.2060414245e-14 4.5286853694e-15 5.8959464711e-15 6.8334743802e-11 2.3332168933e-11 -2.0790725924e-11 
1.5533833863e-11 4.9717514435e-12 7.7546924758e-11 -4.3929553896e-11 -1.3141129894e-11 -3.3085408999e-11 1.073299842e-12 5.3108019826e-12 -5.0008743005e-11 
-5.5511151231e-17 7.1232082732e-17 3.7180071186e-14 0 0 -5.1365039886e-09 0 0 -5.1365039886e-09 
0 0 -5.1365039886e-09 -2.1665668498e-07 -3.853933032e-08 -2.2429010786e-07 0 0 -5.1365039886e-09 
0 0 -5.1365039886e-09 0 0 -5.1365039886e-09 1.6052263685e-12 7.9919498753e-12 1.1269870119e-12 
-8.4229156852e-13 2.2798019711e-12 -3.4115410919e-11 1.9786769879e-12 -5.0076128547e-12 1.2726326985e-11 0 0 -5.1365039886e-09 
0 0 -5.1365039886e-09 0 0 -5.1365039886e-09 0 0 -5.1365039886e-09 
0 0 -5.1365039886e-09 0 0 -5.1365039886e-09 0 0 -5.1365039886e-09 
0 0 -5.1365039886e-09 0 0 1.6543612251e-24 1.2339598518e-07 -2.9534896521e-07 9.4004247192e-08 
-6.5560772956e-13 -1.2160814348e-12 7.1141340843e-10 2.6363462458e-08 1.5192089614e-07 1.1665708574e-07 0 0 -5.1365039886e-09 
0 0 -5.1365039886e-09 0 0 -5.1365039886e-09 0 0 -5.1365039886e-09 
0 0 -5.1365039886e-09 0 0 -5.1365039886e-09 -2.0149553181e-10 6.3766349967e-10 1.4145664282e-08 
-6.0684795676e-12 7.9284599177e-12 1.8657483514e-11 4.1227551915e-08 -2.4474726656e-08 -1.023295266e-07 -5.0908798177e-09 -1.0565635881e-08 -7.7493994308e-08 
1.0412318447e-10 9.213512112e-11 2.2392315887e-10 -1.3565023227e-10 2.3597525951e-11 -6.4380874228e-11 1.5057444395e-10 -3.1511784284e-11 -3.4510181957e-11 
4.6917474917e-11 -3.6758303053e-11 1.2401315722e-10 1.6758970421e-10 1.5086220988e-10 -4.4748013906e-09 -1.4933246039e-09 1.6353763172e-09 2.8205342169e-09 
-2.7968735513e-11 1.4405869181e-11 3.4286584855e-11 2.1576743179e-11 -1.7362860444e-11 -1.8912011888e-10 -5.4748910958e-11 5.6611173082e-12 -1.2865905155e-10 
-6.4640318245e-11 -9.01097312e-12 -3.5475836155e-11 2.3310346708e-18 -6.1257422745e-18 -2.8968526796e-19 -8.5636936995e-12 2.0681408517e-12 -3.0433811857e-10 
1.8815973674e-09 -6.4156030612e-09 -1.4625612169e-08 0 0 -5.1365039886e-09 0 0 -5.1365039886e-09 
0 0 -5.1365039886e-09 0 0 -5.1365039886e-09 0 0 -5.1365039886e-09 
0 0 -5.1365039886e-09 0 0 -5.1365039886e-09 0 0 -5.1365039886e-09 
7.0473141212e-19 3.2526065175e-19 -5.9631119487e-19 0 1.3552527156e-20 1.0164395367e-20 7.9827538893e-12 4.0214158988e-11 5.7680147599e-09 
0 0 -5.1365039886e-09 0 0 -5.1365039886e-09 0 0 -5.1365039886e-09 
0 0 -5.1365039886e-09 2.1665668498e-07 3.853933032e-08 2.1401709988e-07 0 0 -5.1365039886e-09 
0 0 -5.1365039886e-09 0 0 -5.1365039886e-09 0 0 -5.1365039886e-09 
-1.3552527156e-19 -1.3552527156e-20 1.0905549196e-20 0 2.0328790734e-20 4.2351647363e-21 -3.5347648365e-11 -3.3747459064e-11 -4.31525354e-10 
0 0 -5.1365039886e-09 0 0 -5.1365039886e-09 0 0 -5.1365039886e-09 
0 0 -5.1365039886e-09 0 0 -5.1365039886e-09 0 0 -5.1365039886e-09 
0 0 -5.1365039886e-09 0 0 -5.1365039886e-09 2.602085214e-18 -3.9285388094e-18 4.7874302179e-18 
5.0514834286e-11 -7.6854106954e-11 -5.1537256721e-12 8.1339653692e-10 -1.3291926233e-09 -3.8604163362e-09 -1.7375977959e-08 1.9828013735e-09 -2.2653777422e-08 
-2.7503887222e-11 -8.6292704753e-12 1.7578272073e-10 -7.3056692633e-10 -8.830970967e-11 5.3883141057e-09 -2.3340575349e-12 9.7435503676e-13 1.1392695632e-11 
-2.3584435987e-08 -6.1846423381e-08 1.207920243e-07 -7.7722615141e-10 6.4585046448e-10 3.6718253317e-10 -5.7298451235e-11 -4.5775127395e-12 -1.5741763809e-10 
7.8016485484e-11 -1.3948184513e-11 -7.4183723311e-11 -3.5907248427e-11 -4.733341918e-11 -8.1685953466e-10 1.1326216836e-10 1.0392456175e-10 -6.6713734228e-11 
6.422118616e-10 -1.1098242436e-09 -2.1432643059e-09 3.3813119595e-11 -3.7045754214e-11 2.8863673333e-10 -2.1963614592e-09 9.419604827e-09 -5.5909774912e-09 
0 0 -5.1365039886e-09 -1.4700971499e-06 9.8746004724e-07 -3.8301791544e-06 0 0 -5.1365039886e-09 
0 0 -5.1365039886e-09 0 0 -5.1365039886e-09 -3.8601243106e-12 -2.3637051599e-11 3.1144255656e-10 
5.3788833163e-12 1.321657619e-10 -2.1586062965e-10 6.4985838884e-10 -2.3134666838e-09 -1.5856985132e-08 0 0 -5.1365039886e-09 
0 0 -5.1365039886e-09 0 0 -5.1365039886e-09 0 0 -5.1365039886e-09 
0 0 -5.1365039886e-09 0 0 -5.1365039886e-09 0 0 -5.1365039886e-09 
0 0 -5.1365039886e-09 0 0 -5.1365039886e-09 0 0 -5.1365039886e-09 
0 0 -5.1365039886e-09 -4.5102810375e-17 -4.6204325901e-15 -7.3062351525e-16 0 0 -5.1365039886e-09 
5.4210108624e-20 1.6263032587e-19 2.2022856629e-19 -4.570389206e-14 -2.404494789e-14 -3.7609902979e-13 -1.0842021725e-19 -5.4210108624e-20 1.5754812819e-19 
0 0 -5.1365039886e-09 0 0 -5.1365039886e-09 0 0 -5.1365039886e-09 
0 0 -5.1365039886e-09 0 0 -5.1365039886e-09 0 0 -5.1365039886e-09 
0 0 -5.1365039886e-09 0 0 -5.1365039886e-09 0 0 -5.1365039886e-09 
-1.8197382414e-09 4.9338684706e-09 -3.7274192179e-10 -6.4725891513e-10 2.4933770743e-09 -3.165316188e-09 -1.1473182952e-11 8.2800491452e-13 -3.4373532836e-11 
-5.1678407647e-12 -2.1910958562e-12 8.6167526175e-12 -1.542125961e-11 9.6624732954e-12 -2.0584329099e-11 2.0805109026e-11 -2.5005627994e-12 4.570304534e-11 
4.2077419348e-11 4.1152660706e-13 -4.2097188844e-11 4.262688401e-12 -1.9881897777e-12 -3.9145659167e-12 7.5128978867e-09 -8.2655866006e-10 -2.1452302649e-08 
5.9635907307e-10 -9.5845378983e-11 2.5574975687e-09 3.3744315014e-11 -2.3310818662e-11 -8.4622540021e-09 -1.6015018485e-09 1.2373554686e-09 1.831885324e-08 
-2.9795669512e-12 -2.926040161e-12 3.2867343626e-12 -1.0842021725e-19 0 -2.3716922523e-20 -3.5764739694e-14 -7.7990456974e-15 -5.2745581374e-12 
4.30688471e-15 -5.1754390704e-15 -1.1691683526e-12 -2.7663546367e-11 -7.9625394006e-12 8.3013859207e-11 -1.3314133583e-09 4.8664727108e-09 1.1402908604e-10 
0 0 -5.1365039886e-09 1.4700971499e-06 -9.8746004724e-07 3.8199061464e-06 0 0 -5.1365039886e-09 
0 0 -5.1365039886e-09 0 0 -5.1365039886e-09 0 0 -5.1365039886e-09 
0 0 -5.1365039886e-09 6.5594231435e-18 2.0545631169e-17 9.1959143408e-14 4.9219417604e-14 1.5422931758e-14 2.5223235635e-13 
0 0 -5.1365039886e-09 0 0 -5.1365039886e-09 0 0 -5.1365039886e-09 
0 0 -5.1365039886e-09 -9.109512683e-08 -1.2784056131e-07 -9.1697378632e-07 -8.9483490255e-07 2.5639177747e-07 -3.14788088e-07 
0 0 -5.1365039886e-09 0 0 -5.1365039886e-09 0 0 -5.1365039886e-09 
8.9483490255e-07 -2.5639177747e-07 3.0451508002e-07 0 0 -5.1365039886e-09 0 0 -5.1365039886e-09 
-1.1038533369e-17 -1.0276169835e-15 -2.8815467943e-16 -5.4089695732e-10 -9.5422453996e-10 1.5171124771e-08 -1.2471757272e-08 -1.6802359524e-08 -2.2734691978e-08 
0 0 -5.1365039886e-09 0 0 -5.1365039886e-09 0 0 -5.1365039886e-09 
0 0 -5.1365039886e-09 0 0 -5.1365039886e-09 0 0 -5.1365039886e-09 
0 0 -5.1365039886e-09 0 0 -5.1365039886e-09 8.2761575066e-08 6.4037891353e-08 -1.1187773818e-07 
-7.2305761096e-12 1.4465177103e-12 -2.6969037866e-11 7.2549969504e-12 5.5754152787e-12 1.0099178648e-11 -5.4210108624e-20 0 6.776263578e-21 
3.5372095877e-18 -2.0464316006e-18 -1.0762030051e-17 0 0 -5.1365039886e-09 -2.0216159443e-08 1.331701512e-08 3.7232915237e-08 
5.4210108624e-20 0 3.388131789e-21 -4.5203034365e-08 -1.7679058753e-09 -7.0055895253e-08 3.5860384215e-12 -2.0965987735e-12 3.3457788115e-11 
5.5302259728e-09 -4.5695998591e-10 -1.336266087e-09 5.103190174e-11 1.3056900179e-11 3.7269357976e-11 -5.3184170352e-11 -1.4121215699e-11 -4.1498546432e-12 
1.5089797819e-11 -7.8808100453e-12 2.0037326426e-11 -2.168404345e-19 -5.4210108624e-20 -2.0328790734e-20 0 0 -5.1365039886e-09 
0 0 -5.1365039886e-09 0 0 -5.1365039886e-09 0 0 -5.1365039886e-09 
0 0 -5.1365039886e-09 0 0 -5.1365039886e-09 0 0 -5.1365039886e-09 
0 0 -5.1365039886e-09 0 0 -5.1365039886e-09 0 0 -5.1365039886e-09 
-1.4893965807e-09 -1.6316606221e-09 8.4641369507e-09 1.0313874321e-13 -2.8850319062e-12 -7.2326124988e-12 -1.3387108398e-08 9.4248397427e-10 7.6973924548e-09 
3.1048756665e-11 -1.0357507601e-10 -1.5598685388e-10 -5.3983992705e-12 4.0227434698e-11 -1.116391279e-10 1.4247734936e-12 5.4136997497e-11 3.2700139712e-12 
-1.1249649585e-07 -4.6175662889e-07 -9.4705427457e-07 0 0 -5.1365039886e-09 0 0 -5.1365039886e-09 
0 0 -5.1365039886e-09 0 0 -5.1365039886e-09 0 0 -5.1365039886e-09 
0 0 -5.1365039886e-09 0 0 -5.1365039886e-09 0 0 -5.1365039886e-09 
2.2101606829e-10 3.7354553943e-09 -4.8762395039e-09 0 0 -5.1365039886e-09 0 0 -5.1365039886e-09 
-1.024571053e-16 -9.5084530527e-17 2.715582462e-14 0 0 -5.1365039886e-09 0 0 -5.1365039886e-09 
0 0 -5.1365039886e-09 0 0 -5.1365039886e-09 0 0 -5.1365039886e-09 
0 0 -5.1365039886e-09 7.4633415573e-09 1.1838840713e-08 -2.3814767965e-08 2.4487187668e-11 4.2538541374e-11 -8.4463538758e-10 
-5.6810577427e-08 1.9974124533e-08 -1.2959102969e-08 -1.1989607454e-11 -3.6617119384e-12 2.438348672e-10 -6.4011772228e-12 -5.2216228845e-12 5.6279994593e-12 
1.2301830832e-11 9.0735512094e-12 -1.2247418347e-11 0 0 -5.1365039886e-09 1.86238137e-13 -2.7850009625e-14 4.2028775556e-13 
-4.5943067059e-18 2.168404345e-18 -5.7078373942e-18 2.5456439647e-12 1.9059981967e-10 -7.2166475033e-10 -3.4620749518e-11 2.9538138374e-11 1.093046051e-09 
-5.6431584666e-14 2.8063163772e-14 -2.6709590699e-12 3.7770269388e-11 2.1343075392e-10 6.7446339144e-09 -6.9456500046e-09 7.9424298837e-09 1.5994436417e-08 
-4.0938028001e-10 -7.1332100003e-11 -9.6577137307e-10 7.2979983985e-12 1.2360628179e-12 1.5435089517e-11 8.2880380076e-12 8.7305724716e-12 1.9532847087e-12 
-1.8992360093e-11 -7.1277235416e-12 -3.3244609383e-11 -2.9953490317e-12 -8.8293033908e-13 -6.4551268019e-12 6.7140730367e-12 -6.0019698932e-10 -4.9547474091e-09 
-1.4171922479e-10 3.5454403248e-11 2.8906156044e-09 1.9777233529e-10 -8.5588665062e-12 1.1174789993e-09 0 0 -5.1365039886e-09 
0 0 -5.1365039886e-09 0 0 -5.1365039886e-09 0 0 -5.1365039886e-09 
0 0 -5.1365039886e-09 0 0 -5.1365039886e-09 0 0 -5.1365039886e-09 
0 0 -5.1365039886e-09 -5.2584784725e-11 -1.3506031037e-11 -7.6898191881e-11 7.6996976069e-11 -2.9287960376e-11 2.2473096886e-10 
-4.6187012548e-16 -5.4626374496e-15 -3.8847689009e-13 2.0359162268e-07 5.8959719019e-07 1.8486185489e-06 0 0 -5.1365039886e-09 
0 0 -5.1365039886e-09 0 0 -5.1365039886e-09 0 0 -5.1365039886e-09 
0 0 -5.1365039886e-09 0 0 -5.1365039886e-09 0 0 -5.1365039886e-09 
-4.5917934648e-07 2.5201010174e-07 1.2091162734e-07 4.5917934648e-07 -2.5201010174e-07 -1.3118463532e-07 0 0 -5.1365039886e-09 
0 0 -5.1365039886e-09 -5.1834079563e-14 -1.9109524754e-13 -1.172266433e-12 -1.2541877259e-13 3.7779466513e-13 1.1323809198e-12 
9.9222855518e-11 1.5014535741e-10 -6.4685390316e-10 -1.5972662223e-10 -2.118663463e-10 -3.2696499846e-09 1.9407218887e-17 3.5670251475e-17 1.0735566624e-15 
0 0 -5.1365039886e-09 0 0 -5.1365039886e-09 0 0 -5.1365039886e-09 
0 0 -5.1365039886e-09 0 0 -5.1365039886e-09 0 0 -5.1365039886e-09 
0 0 -5.1365039886e-09 0 0 -5.1365039886e-09 5.3565622608e-10 -1.0753610447e-09 -1.2179230959e-09 
1.4193945227e-12 -1.1720571887e-11 1.7816683345e-10 6.5630544619e-12 1.6006828133e-11 1.3368325078e-10 4.789742008e-13 -1.1701837416e-13 -1.2682898761e-11 
0 0 -5.1365039886e-09 0 0 -5.1365039886e-09 1.6245883149e-10 -6.8728984662e-11 -1.7340447722e-10 
-6.6195987492e-10 6.3813017522e-10 -6.0108728488e-10 -7.1518109555e-10 -2.7220155028e-08 -4.0305296723e-09 8.5033101098e-12 1.7735585136e-13 1.0450576079e-11 
-1.1213323876e-11 -1.2730221608e-12 3.1495598381e-11 -3.7103151701e-13 -1.0439141684e-13 1.0295768348e-12 -3.8450124703e-12 -5.1013109549e-12 9.4943440927e-13 
2.9993431133e-11 -1.8203667648e-10 4.8417669612e-10 -1.0529742822e-11 1.2455669315e-10 -3.5184660463e-10 0 0 -5.1365039886e-09 
0 0 -5.1365039886e-09 0 0 -5.1365039886e-09 0 0 -5.1365039886e-09 
0 0 -5.1365039886e-09 0 0 -5.1365039886e-09 0 0 -5.1365039886e-09 
0 0 -5.1365039886e-09 -4.2351647363e-21 1.6199505116e-20 5.8233515124e-21 2.2284425119e-11 4.1199694155e-11 7.7417357871e-13 
-3.3410774147e-14 1.9404996273e-14 -4.1876443866e-11 -5.6228425778e-12 9.6026389341e-11 8.5027011053e-11 0 0 -5.1365039886e-09 
0 0 -5.1365039886e-09 0 0 -5.1365039886e-09 0 0 -5.1365039886e-09 
0 0 -5.1365039886e-09 0 0 -5.1365039886e-09 0 0 -5.1365039886e-09 
0 0 -5.1365039886e-09 0 0 -5.1365039886e-09 0 0 -5.1365039886e-09 
-2.599364633e-10 3.0043219932e-09 -1.5593057726e-09 -3.8131306381e-13 5.4760335603e-12 -9.1997503365e-13 4.3801767768e-17 2.7701365507e-17 -1.1485258545e-15 
-9.3566647485e-17 -8.6139862604e-17 -8.828478296e-16 3.2871329356e-14 5.2854259597e-14 1.1082255696e-12 0 0 -5.1365039886e-09 
0 0 -5.1365039886e-09 0 0 -5.1365039886e-09 0 0 -5.1365039886e-09 
0 0 -5.1365039886e-09 -3.0566875781e-07 5.5131264466e-07 1.7141868104e-07 3.0566875781e-07 -5.5131264466e-07 -1.8169168902e-07 
2.0276539779e-10 -5.4012040419e-10 -3.0475327745e-10 3.6999314517e-10 -4.7741650065e-10 -1.4253421967e-09 -1.0144623436e-10 1.3573847742e-10 -4.7373138463e-10 
-1.7098410361e-14 -7.5272822914e-14 4.9645902126e-11 -4.0925712407e-10 -5.17350648e-11 -1.8058083551e-11 -2.5370330836e-17 3.6862873865e-17 3.3982961844e-17 
0 0 -5.1365039886e-09 1.3125683575e-10 -8.6178759007e-11 -6.4972144203e-10 1.5254150597e-10 -2.0515554994e-10 -2.6238731903e-10 
-8.8453592641e-11 5.5771533469e-11 -2.0883719331e-09 -2.56326019e-12 3.9078476918e-13 -2.4835494142e-12 -1.1831088361e-09 9.8786180237e-10 -5.4692849513e-09 
-3.2388483239e-12 -2.0162333175e-13 -3.0895387329e-13 0 0 -5.1365039886e-09 1.9171045909e-12 1.9254761089e-13 5.8886836041e-13 
2.4435976246e-13 1.9617216312e-13 5.0124003603e-12 1.8650902339e-10 -2.638971287e-10 2.3963763192e-10 1.4401782718e-14 -7.3362458686e-14 -6.6190231239e-12 
0 0 -5.1365039886e-09 0 0 -5.1365039886e-09 0 0 -5.1365039886e-09 
0 0 -5.1365039886e-09 0 0 -5.1365039886e-09 0 0 -5.1365039886e-09 
0 0 -5.1365039886e-09 0 0 -5.1365039886e-09 0 0 -5.1365039886e-09 
0 0 -5.1365039886e-09 -5.28551101e-11 -2.7455772519e-10 9.5845919017e-10 0 0 2.7105054312e-20 
-2.7721851507e-12 -1.0624625745e-11 -2.0627592787e-12 1.6875919079e-11 -1.6117556014e-11 1.5221885661e-10 0 0 -5.1365039886e-09 
0 0 -5.1365039886e-09 0 0 -5.1365039886e-09 0 0 -5.1365039886e-09 
0 0 -5.1365039886e-09 -8.651988598e-09 -2.1408520321e-08 3.1639809816e-08 0 0 -5.1365039886e-09 
0 0 -5.1365039886e-09 0 0 -5.1365039886e-09 0 0 -5.1365039886e-09 
0 0 -5.1365039886e-09 0 0 -5.1365039886e-09 -1.2752151874e-11 2.4521359823e-11 4.6798203427e-11 
-4.8355416893e-17 -1.9625414575e-16 2.8661562056e-16 -1.6610018292e-11 -6.9462471528e-11 2.3729172567e-10 1.3675909363e-14 1.524122625e-14 7.4540896827e-12 
0 0 -5.1365039886e-09 0 0 -5.1365039886e-09 0 0 -5.1365039886e-09 
0 0 -5.1365039886e-09 0 0 -5.1365039886e-09 8.651988598e-09 2.1408520321e-08 -4.1912817793e-08 
0 0 -5.1365039886e-09 0 0 -5.1365039886e-09 0 0 -5.1365039886e-09 
0 0 -5.1365039886e-09 -2.432109619e-10 1.8192322784e-10 9.0726758883e-10 6.2365595896e-10 -1.0145532182e-09 -9.2713093811e-10 
-5.6541108682e-10 1.6896554868e-08 -8.1954457193e-09 2.4565995262e-09 3.6393726528e-09 2.0760086784e-09 0 1.0842021725e-19 2.8747239439e-18 
2.1135017279e-09 4.808445382e-09 -5.6501648713e-09 -1.475955141e-12 6.1422378685e-13 2.7007683657e-12 9.7037522332e-12 -2.8238757903e-12 -2.3888704303e-11 
-6.4736986468e-10 2.6875380685e-10 -8.453869721e-11 -1.4532757286e-09 2.8573258657e-09 2.2555426547e-09 1.3745301782e-09 -1.4260871867e-09 -1.611606441e-10 
-1.3552527156e-20 -8.1315162936e-20 -8.4703294725e-21 1.0744954234e-10 2.0271752267e-11 -1.6278458976e-10 -3.9046013823e-10 4.6004431709e-11 5.2502004574e-10 
-3.6714245783e-10 -5.9697928025e-11 -8.3507796041e-10 0 0 -5.1365039886e-09 0 0 -5.1365039886e-09 
8.4522856975e-11 9.258449736e-11 -4.3707893926e-11 1.2255729998e-10 2.3855528826e-11 1.0323227357e-11 3.0590741041e-11 1.8493830734e-10 6.7543933703e-10 
-4.3820819261e-11 1.1027120669e-10 -1.2361216878e-11 3.5575022796e-12 -1.6865140104e-11 -1.1058419233e-12 0 0 -5.1365039886e-09 
0 0 -5.1365039886e-09 0 0 -5.1365039886e-09 0 0 -5.1365039886e-09 
0 0 -5.1365039886e-09 0 0 -5.1365039886e-09 -2.2153129613e-10 -3.4442861538e-10 5.1055040917e-10 
1.4997855388e-12 3.1016552133e-11 -3.3937929137e-11 0 0 -5.1365039886e-09 0 0 -5.1365039886e-09 
0 0 -5.1365039886e-09 0 0 -5.1365039886e-09 0 0 -5.1365039886e-09 
0 0 -5.1365039886e-09 2.2439101656e-11 -4.4096503985e-11 -4.2817052699e-11 0 0 -5.1365039886e-09 
0 0 -5.1365039886e-09 0 0 -5.1365039886e-09 -3.8531116043e-09 -3.2648427714e-09 -1.5614079731e-08 
2.7105054312e-20 2.7105054312e-20 0 0 0 -5.1365039886e-09 0 0 -5.1365039886e-09 
0 0 -5.1365039886e-09 0 0 -5.1365039886e-09 0 0 -5.1365039886e-09 
0 0 -5.1365039886e-09 0 0 -5.1365039886e-09 0 0 -5.1365039886e-09 
0 0 -5.1365039886e-09 0 0 -5.1365039886e-09 1.0842021725e-19 5.4210108624e-20 9.3173624198e-21 
2.168404345e-19 2.7105054312e-20 -4.0657581468e-20 4.6648047703e-09 4.631052836e-09 9.9435265262e-09 -8.1315162936e-20 5.4210108624e-20 2.5410988418e-21 
4.727821724e-08 4.7988573896e-09 -3.5293978449e-08 -1.2799200325e-11 6.3264283135e-12 -1.8598148246e-11 0 0 -5.1365039886e-09 
1.4821232349e-11 -2.9419457864e-12 -6.8973869977e-11 -1.6472688819e-09 9.2508894409e-10 7.4599453974e-11 1.0043033962e-09 -1.1237373404e-09 2.2699658351e-08 
3.1058216648e-10 -1.9207869171e-10 1.5021406562e-10 -2.2108263299e-11 -1.0667730696e-11 -1.2042258205e-11 3.0493186101e-20 1.219727444e-19 0 
-2.7105054312e-20 5.4210108624e-20 -1.3213713977e-19 -8.3587260242e-11 -8.0357240542e-11 3.2233895909e-10 -1.1246943183e-10 6.2662718168e-11 4.2666156917e-10 
0 0 -5.1365039886e-09 0 0 -5.1365039886e-09 0 0 -5.1365039886e-09 
0 0 -5.1365039886e-09 0 0 -5.1365039886e-09 0 0 -5.1365039886e-09 
0 0 -5.1365039886e-09 0 0 -5.1365039886e-09 0 0 -5.1365039886e-09 
0 0 -5.1365039886e-09 0 0 -5.1365039886e-09 0 0 -5.1365039886e-09 
-1.3519077123e-10 -2.2262583893e-10 -6.978416256e-10 1.2365893965e-07 6.5875243039e-08 9.5180464249e-08 1.2691479812e-12 -6.892329318e-12 -2.2583352847e-09 
-6.2326378254e-10 -1.4797995506e-09 -2.0361683668e-09 0 0 -5.1365039886e-09 0 0 -5.1365039886e-09 
0 0 -5.1365039886e-09 0 0 -5.1365039886e-09 0 0 -5.1365039886e-09 
0 0 -5.1365039886e-09 0 0 -5.1365039886e-09 0 0 -5.1365039886e-09 
0 0 -5.1365039886e-09 0 0 -5.1365039886e-09 0 0 -5.1365039886e-09 
0 0 -5.1365039886e-09 -1.365857026e-11 -7.8256250303e-11 3.9222544101e-10 7.3724634795e-09 -1.7266001682e-08 -2.0653377555e-09 
-8.1315162936e-20 1.3552527156e-20 0 -6.0986372202e-20 -5.4210108624e-20 2.3822801642e-22 4.3581012322e-10 7.5294274545e-10 2.8167550134e-09 
-7.9764909413e-11 1.0890402605e-09 6.602376906e-09 0 0 -5.1365039886e-09 9.4681693267e-08 8.6921429716e-07 -1.8540242959e-06 
0 0 -5.1365039886e-09 0 0 -5.1365039886e-09 0 0 -5.1365039886e-09 
0 0 -5.1365039886e-09 0 0 -5.1365039886e-09 -1.2814189293e-10 1.937061595e-10 -2.5751583137e-10 
-1.5303738965e-09 -9.2368974448e-10 -5.9377671531e-10 5.3469531984e-10 3.0287311884e-10 4.3322704066e-09 -2.8408487111e-11 7.177472592e-13 -6.8824012352e-11 
0 0 -5.1365039886e-09 0 0 -5.1365039886e-09 0 0 -5.1365039886e-09 
2.1175823681e-20 -1.3552527156e-20 0 3.3855620672e-11 3.424554943e-11 -3.9345438869e-10 -8.1934455585e-11 6.7715672859e-11 -2.522756965e-10 
5.167367143e-09 1.4866148403e-08 -2.1109411868e-09 -8.842933701e-08 -2.6597526842e-07 -5.8772207606e-08 3.4016794041e-10 -2.7601342493e-08 -1.4128659902e-11 
-1.2092354448e-11 5.59884431e-08 1.4170550929e-08 2.1658805616e-08 -3.9275181673e-08 2.3989784495e-08 1.4829527766e-08 9.6951881698e-09 1.6009073036e-08 
-4.929303683e-08 -3.1165680711e-08 1.7465718863e-08 4.864417623e-10 -5.6389645839e-10 2.0572933573e-10 -7.375050947e-11 1.6110966458e-10 -4.6972711175e-10 
7.004137564e-11 -3.2169284814e-11 7.2045862753e-10 0 0 -5.1365039886e-09 0 0 -5.1365039886e-09 
0 0 -5.1365039886e-09 -2.1658805616e-08 3.9275181673e-08 -3.4262792472e-08 0 0 -5.1365039886e-09 
0 0 -5.1365039886e-09 0 0 -5.1365039886e-09 0 0 -5.1365039886e-09 
-2.953036191e-07 -1.8602572786e-07 3.1813224385e-07 1.1823623337e-09 1.4539478561e-09 -1.2134826376e-10 0 0 -5.1365039886e-09 
0 0 -5.1365039886e-09 0 0 -5.1365039886e-09 0 0 -5.1365039886e-09 
0 0 -5.1365039886e-09 0 0 -5.1365039886e-09 0 0 -5.1365039886e-09 
0 0 -5.1365039886e-09 0 0 -5.1365039886e-09 0 0 -5.1365039886e-09 
0 0 -5.1365039886e-09 0 0 -5.1365039886e-09 -9.7292101276e-08 7.9725008905e-08 7.051486158e-09 
4.3957327937e-08 -2.8592057227e-08 -8.5239888882e-09 1.6262471513e-13 2.8855086723e-13 6.9064742198e-11 -2.1415918173e-10 8.7660359352e-12 9.5828539688e-09 
-9.4681693267e-08 -8.6921429716e-07 1.8437512879e-06 0 0 -5.1365039886e-09 0 0 -5.1365039886e-09 
0 0 -5.1365039886e-09 0 0 -5.1365039886e-09 0 0 -5.1365039886e-09 
0 0 -5.1365039886e-09 0 0 -5.1365039886e-09 -3.8009992639e-09 -5.4331856628e-09 3.2905901985e-09 
2.4021718534e-11 -3.3015210845e-11 -9.2738526277e-11 1.0689247931e-08 -7.657146636e-10 1.0022006007e-09 1.2510500847e-09 6.7925670297e-10 -3.2938011265e-09 
-2.7180433956e-11 1.504469509e-12 -4.6198519217e-09 9.1905748799e-11 -3.4744948075e-11 4.8403553935e-09 2.7385401806e-09 -2.8952180438e-09 -6.3276184267e-09 
-8.9582828948e-11 2.8253609413e-11 1.7103195934e-09 -7.2811021399e-12 2.3611822363e-11 3.1217181867e-10 -1.7067460711e-08 2.3578910061e-08 1.9357849093e-08 
-4.6914755091e-09 -2.9489631707e-08 -5.1894835119e-08 6.3585511307e-10 4.4757460704e-10 1.3433253682e-10 0 0 -5.1365039886e-09 
-9.6191985399e-10 -8.8613365712e-10 -7.5110938435e-11 5.1307733998e-09 2.411421775e-09 3.1684867234e-09 9.9834189418e-11 2.561524159e-10 -6.7297888936e-10 
4.5227798018e-10 -2.3104079674e-09 1.3510458286e-09 2.0916407712e-12 -3.10233447e-12 9.4873976527e-09 0 0 -5.1365039886e-09 
0 0 -5.1365039886e-09 0 0 -5.1365039886e-09 0 0 -5.1365039886e-09 
0 0 -5.1365039886e-09 0 0 -5.1365039886e-09 0 0 -5.1365039886e-09 
0 0 -5.1365039886e-09 0 0 -5.1365039886e-09 0 0 -5.1365039886e-09 
-1.9696357501e-10 -1.1870530455e-09 -4.1693085625e-10 -1.8575893753e-11 -2.6607975426e-11 -2.3646862764e-11 5.591250169e-10 -5.9169530931e-09 -4.9354263014e-09 
4.9108680447e-10 -4.9949790315e-10 1.9545999018e-09 0 0 -5.1365039886e-09 0 0 -5.1365039886e-09 
0 0 -5.1365039886e-09 0 0 -5.1365039886e-09 0 0 -5.1365039886e-09 
0 0 -5.1365039886e-09 0 0 -5.1365039886e-09 0 0 -5.1365039886e-09 
0 0 -5.1365039886e-09 0 0 -5.1365039886e-09 0 0 -5.1365039886e-09 
-3.2924443841e-10 1.2126307127e-09 2.5522683284e-10 0 0 -5.1365039886e-09 0 0 -5.1365039886e-09 
-3.0710682205e-07 1.7834098317e-07 -1.6564230516e-07 2.1648277477e-09 1.5838540494e-11 -2.8246061459e-09 -2.9084925088e-11 -1.6619131652e-10 -2.0525199921e-12 
0 0 -5.1365039886e-09 0 0 -5.1365039886e-09 0 0 -5.1365039886e-09 
0 0 -5.1365039886e-09 0 0 -5.1365039886e-09 0 0 -5.1365039886e-09 
0 0 -5.1365039886e-09 0 0 -5.1365039886e-09 -1.3254371559e-17 -7.3861273001e-19 4.2148359455e-18 
9.0581827407e-10 3.3520055416e-10 -1.7996945809e-09 -3.9427072357e-10 -1.7233502817e-10 -3.2368498086e-09 1.2638520725e-09 1.1764727853e-10 2.8204667059e-09 
-7.6035715433e-10 -1.2361781404e-10 1.3714729452e-09 2.3379193546e-15 2.0342343261e-16 5.31702074e-13 5.9389297155e-07 6.3846762089e-07 -7.781035713e-07 
-1.0888100317e-16 6.0552691333e-17 6.2963071815e-16 -1.5583560694e-11 -2.5390086152e-12 -3.9747262517e-11 2.1656126192e-11 2.5222170272e-12 -6.2789025706e-11 
0 0 -5.1365039886e-09 1.6263032587e-19 0 -2.8799120207e-20 2.6154882567e-13 1.559066461e-14 3.2843138679e-10 
-2.5834504891e-20 -3.388131789e-21 -4.7645603283e-22 -3.5333048466e-10 1.7340548539e-10 -1.1250194732e-09 9.8367017331e-11 -6.799431012e-10 2.4813802347e-09 
-4.3249305613e-11 6.4110657863e-11 2.0211730954e-08 0 0 -5.1365039886e-09 0 0 -5.1365039886e-09 
0 0 -5.1365039886e-09 0 0 -5.1365039886e-09 0 0 -5.1365039886e-09 
0 0 -5.1365039886e-09 7.9530926658e-13 2.8380129515e-12 1.5974141749e-10 1.7748507969e-10 6.5579639309e-10 1.9395195935e-09 
0 0 -5.1365039886e-09 0 0 -5.1365039886e-09 0 0 -5.1365039886e-09 
0 0 -5.1365039886e-09 0 0 -5.1365039886e-09 0 0 -5.1365039886e-09 
0 0 -5.1365039886e-09 0 0 -5.1365039886e-09 0 0 -5.1365039886e-09 
0 0 -5.1365039886e-09 -1.6076270222e-09 -3.0960599729e-10 3.9049884744e-10 4.0312709811e-10 7.1738638825e-09 3.7990725379e-10 
-9.5754437376e-10 -6.4048320816e-10 6.8063232888e-09 6.1156121134e-10 8.393040441e-10 -7.7830991446e-10 2.4005328975e-11 3.4151896751e-11 -2.2185287064e-11 
3.0717166135e-07 -1.7809931295e-07 1.6037533356e-07 0 0 -5.1365039886e-09 0 0 -5.1365039886e-09 
0 0 -5.1365039886e-09 0 0 -5.1365039886e-09 0 0 -5.1365039886e-09 
0 0 -5.1365039886e-09 0 0 -5.1365039886e-09 -8.0055172996e-07 -8.3771960682e-07 9.569424635e-07 
1.0293233908e-10 -1.0247209721e-10 -1.2498693559e-09 5.6411630094e-13 -2.0762037228e-12 2.272943197e-10 -5.9076325483e-11 4.2039815075e-10 -8.8792052978e-10 
-1.3605848043e-10 -9.9309737381e-11 2.6203445308e-10 -7.0750505622e-10 -4.4524650091e-10 -3.482853866e-10 -2.5125227884e-10 -4.6729979803e-11 3.4190793644e-10 
3.3819811372e-11 -1.7930980648e-11 2.1215565065e-09 2.5975284269e-11 3.7025888397e-11 3.4960720803e-10 2.162441233e-16 -1.2164748375e-16 1.6716618731e-16 
-1.0011354899e-10 5.6999661891e-11 3.1037212066e-11 -5.220285997e-08 3.9839209135e-08 1.9122256705e-08 5.8991164187e-10 1.0316773388e-09 6.9658214042e-10 
0 0 -5.1365039886e-09 -1.0842021725e-19 -2.168404345e-19 -7.724940479e-19 -6.776263578e-20 -5.0821976835e-21 4.2351647363e-22 
0 0 -5.1365039886e-09 0 0 -5.1365039886e-09 0 0 -5.1365039886e-09 
0 0 -5.1365039886e-09 0 0 -5.1365039886e-09 0 0 -5.1365039886e-09 
-4.7636601695e-13 -2.8986437274e-12 -7.5699753744e-12 2.1685734805e-13 3.7985394452e-13 -1.4223872365e-11 2.9391350681e-11 -6.0011666724e-11 -6.0497715887e-11 
0 0 -5.1365039886e-09 0 0 -5.1365039886e-09 0 0 -5.1365039886e-09 
0 0 -5.1365039886e-09 0 0 -5.1365039886e-09 0 0 -5.1365039886e-09 
0 0 -5.1365039886e-09 0 0 -5.1365039886e-09 0 0 -5.1365039886e-09 
0 0 -5.1365039886e-09 0 0 -5.1365039886e-09 0 0 -5.1365039886e-09 
0 0 -5.1365039886e-09 2.7191613226e-08 4.9689331007e-08 -5.4160384015e-08 -2.7099700522e-11 -3.5833007948e-11 5.3497925077e-11 
-3.0444772137e-12 -3.7959251627e-12 -1.7273233684e-10 7.9917548816e-12 1.4227859017e-11 1.3113096511e-08 0 0 -5.1365039886e-09 
0 0 -5.1365039886e-09 0 0 -5.1365039886e-09 0 0 -5.1365039886e-09 
0 0 -5.1365039886e-09 0 0 -5.1365039886e-09 0 0 -5.1365039886e-09 
0 0 -5.1365039886e-09 0 0 -5.1365039886e-09 -6.827865982e-07 2.4907269813e-08 -4.5246297576e-08 
2.5489487154e-10 1.3961526336e-10 -4.9349586411e-10 -1.153014133e-11 -2.7663358258e-12 3.6791374299e-11 2.814178167e-10 1.2534928716e-11 1.4090472995e-10 
7.8558358196e-11 -1.1585344527e-11 -7.1902090717e-11 1.8646941792e-10 -1.4817875309e-10 -1.1479292137e-10 3.3100970092e-11 1.8213554037e-12 1.0429424551e-10 
2.3266449164e-09 -1.040430066e-08 1.0798840328e-08 3.251051365e-14 -1.1462693587e-14 2.27812984e-14 7.0603851541e-12 -6.1928933119e-12 2.2064935629e-10 
-1.0529073544e-13 6.0650377949e-14 3.8211607666e-13 1.8681109719e-13 -3.0006379326e-15 2.6423537998e-13 -9.3645008198e-14 -2.1045949814e-14 -1.0300554503e-12 
1.2885864705e-11 -1.0570825411e-11 3.2867811312e-11 -2.7216413129e-10 2.5063273908e-09 2.9184296242e-09 -5.7208542916e-11 2.5539729023e-11 -6.1434093114e-11 
0 0 -5.1365039886e-09 0 0 -5.1365039886e-09 0 0 -5.1365039886e-09 
0 0 -5.1365039886e-09 0 0 -5.1365039886e-09 0 0 -5.1365039886e-09 
0 0 -5.1365039886e-09 0 0 -5.1365039886e-09 -6.0732940432e-11 -2.8138842638e-10 -1.6127095999e-08 
1.2685734624e-13 1.4664360221e-13 -1.7847188503e-13 -1.8547025217e-12 -8.5656306402e-12 -1.8039303053e-10 0 0 -5.1365039886e-09 
0 0 -5.1365039886e-09 0 0 -5.1365039886e-09 0 0 -5.1365039886e-09 
0 0 -5.1365039886e-09 0 0 -5.1365039886e-09 0 0 -5.1365039886e-09 
1.0019077521e-06 1.2841975932e-07 -5.866620534e-07 7.4142487939e-15 1.4033216321e-13 -6.7221913156e-13 -5.5347761964e-14 -1.4824366778e-13 1.467601099e-13 
0 0 -5.1365039886e-09 2.5870133008e-11 3.4758695759e-12 -2.28280969e-10 -1.2468324984e-17 -6.1799523832e-18 -3.7085138089e-15 
0 0 -5.1365039886e-09 0 0 -5.1365039886e-09 0 0 -5.1365039886e-09 
0 0 -5.1365039886e-09 0 0 -5.1365039886e-09 0 0 -5.1365039886e-09 
0 0 -5.1365039886e-09 2.8132782827e-08 -5.8941250594e-08 -3.1542297021e-08 1.7385580303e-08 3.3172929467e-08 -2.2239056821e-08 
3.7156223492e-11 -8.9745904122e-12 -1.9434079977e-10 -3.8763650493e-12 2.9320382927e-13 1.5623607216e-11 3.9284687699e-12 2.3783353759e-12 2.6944015034e-09 
0 0 -5.1365039886e-09 -5.7518619316e-14 8.6225235055e-15 -1.6916641326e-14 1.1146689569e-11 -1.2839661517e-13 -9.2206870067e-09 
3.1580893757e-11 5.1076833193e-12 -1.8325468103e-11 -1.0041949646e-11 1.507874717e-12 2.0228944706e-10 2.5052999443e-11 -1.7098627093e-11 2.5427285974e-11 
-4.1211500358e-14 1.1496446156e-14 5.6122851321e-13 3.9194992738e-14 -1.2728696135e-14 1.8085969505e-13 -9.8251214022e-15 5.0611099513e-15 7.6472992579e-13 
-9.9703408507e-12 -5.6419394438e-12 -2.5262907169e-09 -3.8472171412e-13 -1.6213682415e-13 -3.0206979174e-14 -1.6147894396e-11 1.1114935605e-11 -1.0927775102e-11 
-5.3366359183e-12 5.6191064917e-12 -1.1639205248e-11 0 0 -5.1365039886e-09 0 0 -5.1365039886e-09 
0 0 -5.1365039886e-09 0 0 -5.1365039886e-09 0 0 -5.1365039886e-09 
0 0 -5.1365039886e-09 0 0 -5.1365039886e-09 3.2147210913e-08 -2.3690587928e-08 -1.0683731418e-07 
1.8484776221e-10 -1.2281894977e-09 8.1417761416e-09 0 0 -5.1365039886e-09 0 0 -5.1365039886e-09 
0 0 -5.1365039886e-09 0 0 -5.1365039886e-09 0 0 -5.1365039886e-09 
0 0 -5.1365039886e-09 0 0 -5.1365039886e-09 0 0 -5.1365039886e-09 
0 0 -5.1365039886e-09 6.2999789847e-14 -3.5391428557e-14 1.1602241639e-12 -2.3346308163e-11 2.6652607259e-12 -2.1358420812e-10 
0 4.0657581468e-20 1.6940658945e-21 0 0 -5.1365039886e-09 0 0 -5.1365039886e-09 
0 0 -5.1365039886e-09 0 0 -5.1365039886e-09 0 0 -5.1365039886e-09 
0 0 -5.1365039886e-09 0 0 -5.1365039886e-09 1.5220219833e-14 1.7628507296e-14 -2.1541607745e-13 
-5.052468738e-11 1.4846267778e-10 1.338346187e-10 -2.008675813e-11 -7.7555291833e-12 -3.7498609029e-11 1.8921523419e-14 6.0223500449e-15 -7.7737850362e-14 
1.6029384309e-13 7.1739489349e-15 2.6402266056e-12 2.7671027904e-12 2.6439991147e-12 -1.5745052243e-11 0 0 -5.1365039886e-09 
1.318369513e-13 -1.014279806e-13 -1.5151490563e-13 2.9400044682e-13 5.7982497926e-13 4.2361198452e-12 -2.7105054312e-20 0 1.0587911841e-21 
1.4386367802e-12 -1.1717081298e-14 8.6052762894e-14 1.8602500183e-11 -2.9006652765e-12 -3.1420366724e-09 2.178024437e-14 1.306343445e-14 -1.0713248724e-12 
-7.1116611135e-13 1.1174438111e-14 -9.0747274265e-13 -2.0615722637e-10 -2.3975292797e-10 4.218019335e-09 1.6890220776e-12 -1.4674241911e-12 9.3667989997e-12 
-5.438798988e-12 9.1655149402e-12 5.3471708723e-11 0 0 -5.1365039886e-09 3.1228867924e-07 -1.6976191067e-08 -9.0058466634e-07 
0 0 -5.1365039886e-09 0 0 -5.1365039886e-09 0 0 -5.1365039886e-09 
0 0 -5.1365039886e-09 0 -5.4210108624e-20 2.8799120207e-20 1.0842021725e-19 0 1.2027867851e-19 
-3.4762286365e-13 -5.8084729213e-12 -1.6708059195e-11 2.1987620058e-16 1.2113519823e-15 -6.9947829213e-13 0 0 -5.1365039886e-09 
0 0 -5.1365039886e-09 0 0 -5.1365039886e-09 0 0 -5.1365039886e-09 
0 0 -5.1365039886e-09 0 0 -5.1365039886e-09 0 0 -5.1365039886e-09 
1.2809848668e-16 -7.6755561542e-13 6.4714663614e-13 -4.2358477836e-14 -5.2820215649e-13 8.5429477586e-13 9.36235681e-15 3.5381962117e-13 3.7062081106e-13 
0 5.4210108624e-20 4.2351647363e-22 0 0 -5.1365039886e-09 0 0 -5.1365039886e-09 
0 0 -5.1365039886e-09 0 0 -5.1365039886e-09 0 0 -5.1365039886e-09 
0 0 -5.1365039886e-09 1.5991982044e-17 3.6862873865e-18 -5.5294310797e-18 -2.7105054312e-20 0 -1.1540823906e-19 
-3.6472669503e-14 -1.0675596691e-14 4.6463727624e-16 -1.6232177622e-08 -1.1046223227e-08 3.0297005742e-08 6.0751777957e-15 -2.7705675211e-14 6.0492128646e-11 
1.3213713977e-18 2.0972535774e-18 1.0749981007e-16 1.3558789059e-14 -1.8518715207e-14 -9.0994682763e-15 -1.6263032587e-19 1.3877787808e-17 -1.7453113878e-18 
-1.4722780829e-12 4.3475601808e-12 4.0390529281e-11 -8.0148542967e-12 7.4019421235e-12 9.6215672377e-12 2.1414687548e-10 1.9616567214e-11 2.5450703499e-10 
4.6073140678e-11 -3.8710007422e-12 3.1335099976e-10 -3.1228867924e-07 1.6976191067e-08 8.9031165836e-07 2.5466186526e-08 7.2680901153e-09 1.4225779702e-07 
-8.0362103484e-11 -7.6276151329e-12 1.5389251184e-10 2.8218856288e-11 -7.532977787e-11 1.7102660013e-10 7.3762644397e-10 4.6275472458e-09 1.7202478989e-09 
1.7173768375e-12 -9.5107568468e-12 1.686798224e-10 0 0 -5.1365039886e-09 0 0 -5.1365039886e-09 
0 0 -5.1365039886e-09 0 0 -5.1365039886e-09 -1.283421878e-06 -5.927577488e-07 -2.6484229545e-06 
-1.1518175682e-11 -4.2748243259e-11 6.1821511885e-11 1.2471314744e-08 1.0405542055e-08 -1.9015480229e-08 0 -5.4210108624e-20 1.9238235815e-19 
1.1868869602e-14 -8.4280316965e-14 -2.1153264965e-11 0 0 -5.1365039886e-09 0 0 -5.1365039886e-09 
0 0 -5.1365039886e-09 0 0 -5.1365039886e-09 0 0 -5.1365039886e-09 
0 0 -5.1365039886e-09 0 0 -5.1365039886e-09 -1.0502616599e-10 -1.6089543326e-10 -6.4438958628e-08 
1.3552527156e-20 -2.7105054312e-20 -1.2705494209e-21 5.7235829574e-12 9.565891048e-12 7.0329243819e-09 0 0 -5.1365039886e-09 
7.9654672348e-07 2.8765875448e-07 -1.0304134539e-07 -7.9654672348e-07 -2.8765875448e-07 9.2768337413e-08 0 0 -5.1365039886e-09 
0 0 -5.1365039886e-09 0 0 -5.1365039886e-09 0 0 -5.1365039886e-09 
0 0 -5.1365039886e-09 -2.5701138537e-12 3.6523216228e-12 5.799777813e-12 7.5798720599e-13 -8.6575846174e-13 -3.246549866e-12 
2.9102545611e-10 1.3763653714e-10 6.0998379904e-11 -5.6692932765e-11 -1.9702591338e-11 -2.4558818465e-10 4.336991006e-08 1.0245819054e-07 5.0203109838e-10 
1.3143051431e-10 -1.1562182429e-10 3.6349262897e-10 4.0657581468e-20 -8.1315162936e-20 6.0986372202e-20 -3.6046334103e-17 1.1099519741e-17 -1.0711748058e-16 
3.8893687533e-13 -6.6800037181e-12 2.4588529527e-11 7.9651776169e-12 -7.1633472808e-12 9.3806626552e-12 -2.7348034746e-11 4.8403742819e-11 -2.074609327e-10 
-2.6070406951e-10 -1.3370146635e-10 3.8766214126e-10 0 0 -5.1365039886e-09 1.219727444e-19 1.1519648083e-19 -1.3552527156e-20 
7.5634105489e-10 -1.3986356135e-09 3.1043776053e-10 0 0 -5.1365039886e-09 0 0 -5.1365039886e-09 
0 0 -5.1365039886e-09 0 0 -5.1365039886e-09 0 0 -5.1365039886e-09 
1.283421878e-06 5.927577488e-07 2.6381499465e-06 0 0 -5.1365039886e-09 0 0 -5.1365039886e-09 
2.6925714306e-10 4.52925554e-10 -8.5227961337e-10 1.1357017757e-17 -6.8304736867e-18 6.1494591971e-18 8.0703954983e-10 -7.8725757104e-10 1.3616043003e-09 
0 0 -5.1365039886e-09 0 0 -5.1365039886e-09 0 0 -5.1365039886e-09 
0 0 -5.1365039886e-09 0 0 -5.1365039886e-09 0 0 -5.1365039886e-09 
0 0 -5.1365039886e-09 0 0 -5.1365039886e-09 0 0 -5.1365039886e-09 
0 0 -5.1365039886e-09 -9.5172499981e-12 1.0804136948e-10 -1.7655627058e-10 -9.9953465643e-14 -1.1330443962e-13 -2.4841361654e-10 
-1.3020048364e-14 -9.3132790434e-14 -2.4455946792e-11 0 0 -5.1365039886e-09 0 0 -5.1365039886e-09 
0 0 -5.1365039886e-09 0 0 -5.1365039886e-09 -6.994596471e-12 8.0360391735e-12 2.989244892e-09 
-6.776263578e-21 6.776263578e-21 9.3173624198e-21 -1.7413092769e-10 -2.5265736996e-10 1.0004767246e-09 -4.8637319852e-10 -1.9711256336e-11 1.5755484506e-09 
1.8024772881e-10 -1.8183780144e-10 -3.343013715e-09 -2.6014856679e-07 -9.4340248733e-07 5.930977382e-07 -3.4803786909e-10 2.9310692805e-10 3.2586330183e-09 
6.8593585266e-08 2.3946832833e-07 -1.3790437197e-08 -4.7217459036e-08 8.2268996171e-08 -3.2035308356e-08 1.0858220665e-10 -1.9779340058e-11 3.5739682255e-08 
0 0 -5.1365039886e-09 9.5165990648e-11 8.638612178e-11 1.3531549779e-10 1.0418727513e-12 1.4435273723e-12 -3.7419042328e-11 
-2.72979393e-13 -9.5482503197e-13 5.0056770472e-12 2.0688950327e-09 -2.3162550297e-09 -2.7847029011e-10 9.4676355785e-12 -4.2416027559e-12 1.7572925282e-10 
1.2637093004e-09 2.4569781397e-08 -3.2152775081e-09 0 0 -5.1365039886e-09 0 0 -5.1365039886e-09 
0 0 -5.1365039886e-09 3.7247331955e-14 6.4481087841e-13 2.8179480619e-12 -2.3484192022e-12 -5.041956761e-12 -1.5675580537e-11 
-1.6064969212e-10 9.1827746347e-10 1.9270134938e-10 0 0 -5.1365039886e-09 0 0 -5.1365039886e-09 
0 0 -5.1365039886e-09 0 0 -5.1365039886e-09 0 0 -5.1365039886e-09 
0 0 -5.1365039886e-09 0 0 -5.1365039886e-09 0 0 -5.1365039886e-09 
0 0 -5.1365039886e-09 0 0 -5.1365039886e-09 0 0 -5.1365039886e-09 
0 0 -5.1365039886e-09 1.3552527156e-20 -2.0328790734e-20 6.776263578e-21 6.3696877634e-19 3.2526065175e-19 -5.0821976835e-20 
-9.3061557044e-09 -1.3430896954e-08 -4.7342945766e-08 0 0 -5.1365039886e-09 0 0 -5.1365039886e-09 
0 0 -5.1365039886e-09 0 0 -5.1365039886e-09 0 0 -5.1365039886e-09 
0 0 -5.1365039886e-09 1.357164164e-13 -9.5507454078e-14 1.724112186e-12 -1.3552527156e-20 -1.3552527156e-20 3.388131789e-20 
-2.8067573764e-12 7.2958601508e-12 -2.8906531669e-10 5.4210108624e-20 0 -1.2705494209e-21 5.2518753235e-14 1.5208957683e-13 -7.5027555468e-11 
-5.618159475e-14 -4.4333785774e-14 -3.9766363894e-14 1.0973203086e-11 5.9600738732e-11 -4.5985145077e-10 -8.0635364718e-11 -5.3018787928e-11 -2.8212152337e-09 
2.7462102416e-14 2.476859863e-14 1.1021464596e-14 -1.3775310591e-11 -3.8255341169e-11 -7.7740048203e-10 -8.1936215964e-14 -4.4605120921e-14 2.9374082258e-12 
1.6510422044e-12 -8.014985702e-13 2.5098679103e-12 1.4883664022e-10 -6.9088352335e-11 1.3051051849e-11 -6.965125422e-11 6.4955946221e-11 1.2813453753e-10 
-2.0821997379e-11 4.136943182e-12 2.6162970426e-11 -3.0493186101e-20 3.8963515574e-20 -3.8381180422e-22 3.2154264806e-11 -1.5224304781e-11 6.071670378e-11 
6.1225574307e-12 8.8081167251e-13 5.6509540276e-12 -5.0863300279e-11 -5.4960635327e-11 5.5140658021e-11 1.2622244661e-10 2.5374556048e-10 -3.6856457751e-10 
-1.7303794997e-11 -1.2251717192e-11 -2.465902572e-11 -7.0625930614e-11 2.1839224119e-10 6.7110124143e-10 -8.828724763e-11 -1.4498281703e-09 6.7777299908e-10 
-1.0024901975e-10 1.5091198969e-10 1.4036652509e-10 0 0 -5.1365039886e-09 0 0 -5.1365039886e-09 
0 0 -5.1365039886e-09 0 0 -5.1365039886e-09 0 0 -5.1365039886e-09 
0 0 -5.1365039886e-09 0 0 -5.1365039886e-09 0 0 -5.1365039886e-09 
0 0 -5.1365039886e-09 -1.1977943192e-10 2.5696775441e-10 -3.628456768e-10 3.8736153987e-11 1.4941348822e-10 -8.5797366957e-10 
6.8970630043e-11 -3.1262024734e-10 1.0464442044e-09 -1.4599120884e-06 1.3639137856e-06 -2.14053011e-06 0 0 -5.1365039886e-09 
0 0 -5.1365039886e-09 0 0 -5.1365039886e-09 0 0 -5.1365039886e-09 
0 0 -5.1365039886e-09 0 0 -5.1365039886e-09 2.7105054312e-20 -2.7105054312e-20 -1.863472484e-20 
5.4210108624e-20 1.0164395367e-20 0 1.0382970525e-14 1.4399668524e-14 -7.0680447443e-14 -1.1995070735e-15 -4.4368263404e-15 -3.6719030729e-14 
0 0 -5.1365039886e-09 0 0 -5.1365039886e-09 0 0 -5.1365039886e-09 
0 0 -5.1365039886e-09 0 0 -5.1365039886e-09 0 0 -5.1365039886e-09 
0 -2.7105054312e-20 1.3552527156e-20 -6.776263578e-20 3.388131789e-20 -2.1811098392e-20 -1.0842021725e-19 0 1.5352472169e-21 
0 0 -5.1365039886e-09 7.3859143763e-12 -1.6819838708e-12 3.8676105236e-12 -3.7943482991e-12 7.4503130173e-13 -2.6681363373e-12 
-6.2583097613e-11 3.3198620177e-11 4.873147562e-09 -1.0606562829e-10 2.3520497561e-11 6.4585085892e-10 1.3042690257e-10 -7.112548289e-12 -5.277360893e-10 
7.641147372e-13 6.4924595648e-13 -2.2290715177e-11 -7.8080423523e-08 -4.6894156645e-08 -8.3590025531e-08 2.7783104815e-10 1.1349396157e-10 7.8114141799e-11 
6.1104412112e-11 -1.1261265585e-10 4.9897532871e-10 1.4599120884e-06 -1.3639137856e-06 2.130257102e-06 0 0 -5.1365039886e-09 
0 0 -5.1365039886e-09 0 0 -5.1365039886e-09 0 0 -5.1365039886e-09 
0 -5.4210108624e-20 1.0164395367e-20 -1.518037779e-10 4.3328960633e-10 3.3914696594e-10 4.5236868071e-11 4.4704296766e-11 -4.3139274094e-10 
0 0 -5.1365039886e-09 0 0 -5.1365039886e-09 0 0 -5.1365039886e-09 
0 0 -5.1365039886e-09 0 0 -5.1365039886e-09 0 0 -5.1365039886e-09 
0 0 -5.1365039886e-09 0 0 -5.1365039886e-09 0 0 -5.1365039886e-09 
1.0553518953e-10 -2.7141214088e-10 2.4815536793e-11 0 0 -5.1365039886e-09 6.6742916627e-11 5.0709079867e-10 8.9137481331e-09 
-1.1660766528e-09 -2.4744502129e-09 -3.7919276653e-09 7.9554393661e-10 4.1762924555e-09 -4.9419072726e-10 0 0 -5.1365039886e-09 
0 0 -5.1365039886e-09 0 0 -5.1365039886e-09 0 0 -5.1365039886e-09 
0 0 -5.1365039886e-09 0 0 -5.1365039886e-09 0 0 -5.1365039886e-09 
0 0 -5.1365039886e-09 -7.0065885982e-11 2.2088452073e-10 -3.9062020318e-10 -8.944667923e-19 3.7269449679e-19 -2.9010878443e-19 
8.8108615185e-12 4.7310925793e-12 1.4011655173e-08 1.0773639749e-09 5.9595481479e-10 -6.9864985222e-09 2.1675641655e-11 2.5017279123e-10 -2.5041616281e-09 
9.8323584517e-18 -1.1926223897e-17 1.9514009757e-14 -4.6610171411e-11 3.2339075591e-11 -4.8785746656e-10 -5.4210108624e-20 0 1.0503208546e-19 
-4.5112886462e-11 2.8456316784e-11 1.1041328072e-08 1.3552527156e-20 9.4867690092e-20 5.9122899718e-19 1.2853821245e-08 -4.8215320657e-10 -3.2958868989e-08 
1.0511245397e-08 3.801740011e-08 3.6641797659e-08 -4.3411454986e-16 -7.819266068e-16 -1.2006092646e-14 5.4210108624e-19 -1.0842021725e-19 -8.9234920993e-19 
-5.9631119487e-19 -2.5072175239e-19 -7.70799982e-19 0 0 -5.1365039886e-09 0 0 -5.1365039886e-09 
-5.7799664299e-08 8.9310424098e-07 3.8606259943e-07 0 0 -5.1365039886e-09 0 0 -5.1365039886e-09 
0 0 -5.1365039886e-09 0 0 -5.1365039886e-09 0 0 -5.1365039886e-09 
-4.9589238965e-15 -4.6520946817e-15 -5.4819057551e-15 5.5795754302e-13 -1.3248298942e-12 -1.4028507723e-11 -6.3508770725e-12 -4.1855720279e-12 1.2932270452e-11 
7.3591327259e-12 1.5348493201e-11 5.7430635353e-12 -1.1384122811e-18 -3.4558944248e-19 6.7085009423e-19 2.0779332207e-09 1.5906222513e-09 1.243261088e-08 
0 0 -5.1365039886e-09 0 0 -5.1365039886e-09 0 0 -5.1365039886e-09 
0 0 -5.1365039886e-09 0 0 -5.1365039886e-09 0 0 -5.1365039886e-09 
0 0 -5.1365039886e-09 0 0 -5.1365039886e-09 0 0 1.9844001477e-12 
7.7337843161e-13 1.3872221785e-12 -9.1479065652e-12 -2.54448707e-10 -1.961114178e-10 -5.8830260444e-09 0 0 -5.1365039886e-09 
0 0 -5.1365039886e-09 0 0 -5.1365039886e-09 0 0 -5.1365039886e-09 
-1.674630263e-06 -3.4618625909e-06 1.6700332971e-06 0 0 -5.1365039886e-09 -1.3891291073e-09 1.9747834326e-09 2.8203170784e-09 
1.6263032587e-19 -1.6263032587e-19 8.4364481547e-19 -8.4025668368e-19 9.1886134118e-18 -2.7781706582e-16 -4.497496261e-13 -2.1787889689e-13 -3.6104777666e-10 
-2.3716922523e-20 6.0986372202e-20 1.990527426e-20 -3.2742905609e-16 -2.4340338772e-16 -7.5779748416e-14 0 0 -8.4703294725e-21 
1.4997433905e-12 -5.2517788295e-13 3.7356800779e-10 -7.0449079675e-11 -1.3572447213e-10 -3.803560567e-09 -2.5333884595e-09 4.9141652444e-11 -9.1450392156e-09 
3.1120077776e-09 -1.0882380101e-08 -2.7995379048e-09 6.2060319645e-09 -8.7359645125e-10 4.268966052e-10 4.4148028652e-09 -5.7794346365e-10 6.7296863708e-09 
-1.7043062037e-09 1.6284510572e-09 1.9863988639e-08 -1.5163543164e-14 2.6585233581e-14 -2.6927268546e-13 3.4306628637e-11 -2.7631157185e-09 4.568046856e-09 
-9.6311003817e-09 -6.8933494943e-09 1.5965340798e-08 0 0 -5.1365039886e-09 0 0 -5.1365039886e-09 
0 0 -5.1365039886e-09 0 0 -5.1365039886e-09 0 0 -5.1365039886e-09 
0 0 -5.1365039886e-09 0 0 -5.1365039886e-09 9.1710471682e-13 1.9372936415e-12 -2.0677503018e-13 
-3.074933628e-09 -8.0822649372e-10 -1.9878432615e-08 0 0 -5.1365039886e-09 0 0 -5.1365039886e-09 
0 0 -5.1365039886e-09 0 0 -5.1365039886e-09 0 0 -5.1365039886e-09 
0 0 -5.1365039886e-09 0 0 -5.1365039886e-09 0 0 -5.1365039886e-09 
0 0 -5.1365039886e-09 0 0 -5.1365039886e-09 5.9701131517e-11 -1.6189142039e-10 -2.7645426162e-09 
0 0 -5.1365039886e-09 6.889047709e-15 1.0483442185e-14 -1.660431114e-13 -4.5012821595e-15 -7.7972567639e-15 -2.3601895449e-16 
-2.6602856105e-10 -7.1709507001e-10 1.3292962049e-08 -2.3674662603e-06 -8.5635943512e-07 -1.5859945383e-06 0 0 -5.1365039886e-09 
2.3674662603e-06 8.5635943512e-07 1.5757215303e-06 0 0 -5.1365039886e-09 0 0 -5.1365039886e-09 
0 0 -5.1365039886e-09 0 0 -5.1365039886e-09 0 2.7105054312e-20 -1.2705494209e-21 
0 5.4210108624e-20 4.6586812099e-21 4.9114148105e-11 -3.3432395727e-11 -2.1947208479e-10 1.9470821168e-12 7.2928468819e-13 6.1881860866e-09 
-9.8080045604e-15 -9.2134958517e-15 -2.3882530413e-12 0 0 -5.1365039886e-09 -5.9503101332e-10 -6.1330468156e-12 4.4451704678e-09 
-4.2255033429e-11 1.7221283481e-11 -1.1012530997e-10 4.9974007202e-10 3.5485564181e-11 2.936317198e-09 -2.5786402865e-09 2.8650853874e-09 4.7331780534e-09 
-2.0003427069e-09 9.9738527723e-10 -1.2049037486e-09 2.804766843e-10 -7.348850116e-10 1.1782118999e-09 3.1256481285e-09 -1.5357334214e-10 1.6696494839e-09 
-2.342639914e-09 1.4160199299e-11 3.1134110447e-09 1.3324465229e-14 1.3325766272e-14 -1.4931766595e-13 -1.2475889062e-09 -1.5354110393e-10 -1.2863974527e-09 
2.4293234751e-08 1.8976826923e-08 -4.6713979787e-08 2.7946711162e-11 -8.8590380134e-10 -1.2877971684e-09 0 3.388131789e-20 1.3234889801e-23 
-2.4084490607e-12 1.6984939524e-12 -8.1161385155e-12 0 0 -5.1365039886e-09 0 0 -5.1365039886e-09 
0 0 -5.1365039886e-09 0 0 -5.1365039886e-09 0 0 -5.1365039886e-09 
0 0 -5.1365039886e-09 -9.4906721371e-15 -1.6315291132e-14 1.6222495196e-12 0 -6.776263578e-21 8.4703294725e-21 
0 0 -5.1365039886e-09 0 0 -5.1365039886e-09 0 0 -5.1365039886e-09 
0 0 -5.1365039886e-09 0 0 -5.1365039886e-09 0 0 -5.1365039886e-09 
3.2016490153e-16 5.9993920639e-15 1.9428141763e-11 -9.7588072714e-11 2.0568409575e-10 2.7463678955e-10 1.0842021725e-19 -5.4210108624e-20 -3.8116482626e-21 
-1.0191723577e-10 -1.2211641984e-10 -4.1570992115e-08 0 -2.7105054312e-20 -2.5410988418e-21 0 0 -5.1365039886e-09 
0 0 -5.1365039886e-09 0 0 -5.1365039886e-09 0 0 -5.1365039886e-09 
0 0 -5.1365039886e-09 0 0 -5.1365039886e-09 1.3938545088e-11 -2.4915354475e-11 -1.5436611515e-10 
-1.3504356758e-11 1.5657249531e-11 -1.9169560877e-11 -1.255872189e-10 -4.5465575098e-11 -3.0989656411e-11 -3.0127105238e-14 -2.5619101025e-14 -5.6358894295e-12 
-2.5121533001e-12 4.3909201362e-13 1.6924950225e-09 1.0620886454e-11 2.1932492714e-12 -2.0400822822e-10 4.498102059e-14 -5.9823023271e-15 -4.6353017983e-11 
7.1048964977e-11 -2.2097970982e-11 7.1147172192e-11 -1.3529118933e-11 1.4997858099e-13 -1.8119523217e-10 3.7920594399e-14 -2.5707490607e-14 -3.0917527801e-12 
1.2363783608e-11 -1.1095147696e-13 1.1870617204e-10 7.1872191629e-11 1.4027654526e-11 2.0163343164e-10 0 0 -5.1365039886e-09 
-1.222676474e-14 8.3182918019e-14 -6.4260613534e-12 -2.3005344374e-13 -2.3820366252e-13 2.6372580606e-12 -2.1602282239e-13 1.4093400892e-14 2.2143231848e-12 
-2.6291902683e-18 -7.8858767389e-19 -9.8638310197e-18 0 0 -5.1365039886e-09 0 0 -5.1365039886e-09 
0 0 -5.1365039886e-09 0 0 -5.1365039886e-09 0 0 -5.1365039886e-09 
0 0 -5.1365039886e-09 0 0 -5.1365039886e-09 0 0 -5.1365039886e-09 
2.2791451072e-10 1.2759085902e-10 -7.9279017808e-09 4.1594061095e-15 -1.2772518232e-14 1.6118427123e-15 0 0 -5.1365039886e-09 
0 0 -5.1365039886e-09 0 0 -5.1365039886e-09 0 0 -5.1365039886e-09 
0 0 -5.1365039886e-09 0 0 -5.1365039886e-09 0 0 -5.1365039886e-09 
0 -4.0657581468e-20 -3.388131789e-21 -1.6285060984e-10 1.5107753483e-10 -1.0729289896e-08 0 0 -5.1365039886e-09 
7.1419289753e-12 1.2925614409e-11 2.7215378672e-09 3.9844429839e-18 3.5507621149e-18 1.5542984967e-15 3.5236570606e-18 -2.9273458657e-18 -3.9780372972e-17 
0 0 -5.1365039886e-09 0 0 -5.1365039886e-09 0 0 -5.1365039886e-09 
0 0 -5.1365039886e-09 0 0 -5.1365039886e-09 0 0 -5.1365039886e-09 
3.0038476589e-11 -5.3017836567e-11 -9.4551208653e-11 2.4425143955e-11 -1.8027766162e-10 5.8225861978e-11 4.887759612e-08 1.2067471818e-09 7.6667041854e-08 
6.3395140483e-11 5.934290624e-11 1.9261700304e-10 1.0188621854e-10 8.9254048705e-11 1.6133885929e-10 -3.5376227704e-14 1.8108886786e-15 2.7716851628e-11 
0 0 -5.1365039886e-09 -3.4544695588e-11 -4.0091036637e-12 -3.3993366125e-10 2.6972659042e-11 -2.5846266831e-11 -3.4085639381e-11 
9.3173624198e-18 -1.9451264601e-17 1.5856456773e-18 -7.0972578671e-12 1.8403782187e-12 3.0014413146e-11 -1.6999075928e-10 -2.4381161044e-11 3.4186165471e-10 
4.4555678591e-13 3.2882659269e-13 3.2415318395e-12 -4.1371731887e-13 -3.3092436126e-13 -3.4838245739e-13 -1.1941614147e-13 -1.5150906788e-13 3.6439892951e-12 
-3.2994995516e-11 -9.7167950769e-11 -1.4550282459e-08 0 0 -5.1365039886e-09 0 0 -5.1365039886e-09 
0 0 -5.1365039886e-09 0 0 -5.1365039886e-09 0 0 -5.1365039886e-09 
3.9175273811e-21 1.0587911841e-20 9.634999775e-21 1.5045768451e-12 4.9543438123e-11 1.7024549362e-10 0 0 -5.1365039886e-09 
0 0 -5.1365039886e-09 0 0 -5.1365039886e-09 0 0 -5.1365039886e-09 
0 0 -5.1365039886e-09 0 0 -5.1365039886e-09 0 0 -5.1365039886e-09 
1.1652571269e-14 5.4748008427e-14 -8.0965813712e-12 0 0 -5.1365039886e-09 -1.1792705376e-11 -2.7194026328e-11 -4.2241741148e-09 
0 0 -5.1365039886e-09 0 0 -5.1365039886e-09 0 0 -5.1365039886e-09 
0 0 -5.1365039886e-09 0 0 -5.1365039886e-09 0 0 -5.1365039886e-09 
-5.0583477851e-07 1.2097588943e-06 1.5914298596e-06 5.0583477851e-07 -1.2097588943e-06 -1.6017028676e-06 6.487194679e-12 -1.4413133745e-11 2.2456917646e-13 
-5.4210108624e-20 5.4210108624e-20 -2.7105054312e-20 2.0984385562e-11 1.3776129968e-10 1.5655469341e-12 -1.0064950707e-10 -6.2928973935e-11 1.1000068218e-10 
-3.9368887721e-12 4.0260031637e-14 -1.7668094011e-09 5.2031263575e-11 2.0989166568e-11 -2.795690313e-10 1.3552527156e-20 0 4.2351647363e-22 
3.630674884e-11 8.2898275917e-12 7.3756889775e-10 -1.3608702381e-15 4.5173283517e-16 -2.0794549164e-14 4.5655075857e-19 3.0239076217e-19 -7.9148731417e-17 
-5.0610218598e-20 0 4.4998625323e-22 3.6851183726e-12 -6.6328193616e-13 3.2916120052e-12 -2.0057740191e-18 7.8062556419e-18 -2.7587863092e-17 
-6.776263578e-21 1.6263032587e-19 2.8799120207e-20 4.5893347675e-11 -2.5740663941e-12 -4.1450772705e-09 0 0 -5.1365039886e-09 
2.9294063919e-13 2.9487068169e-13 3.5996633598e-13 5.4210108624e-20 0 1.1911400821e-22 1.1055683337e-09 3.945885676e-10 -2.467394625e-09 
-6.8036003373e-10 2.0591949483e-09 1.0773008909e-09 -7.6568861022e-09 -4.5200535825e-10 1.5166808312e-10 0 0 -5.1365039886e-09 
0 0 -5.1365039886e-09 0 0 -5.1365039886e-09 0 0 -5.1365039886e-09 
0 0 -5.1365039886e-09 0 0 -5.1365039886e-09 -3.5333823541e-13 -1.0003628243e-12 -2.9893197719e-09 
-2.6231155106e-12 -3.6274878609e-11 1.2064530001e-10 1.301042607e-18 -1.1655173354e-18 -1.7580740568e-16 0 0 -5.1365039886e-09 
0 0 -5.1365039886e-09 0 0 -5.1365039886e-09 0 0 -5.1365039886e-09 
0 0 -5.1365039886e-09 0 0 -5.1365039886e-09 0 0 -5.1365039886e-09 
0 0 -5.1365039886e-09 -5.2676473946e-14 1.433544936e-13 -1.8217436657e-13 9.8933448239e-18 1.5399058981e-17 1.1612400308e-15 
4.1064157283e-18 4.8023379978e-17 1.5605367699e-14 -2.8189256485e-18 6.0715321659e-18 7.9335223422e-18 0 0 -5.1365039886e-09 
0 0 -5.1365039886e-09 0 0 -5.1365039886e-09 0 0 -5.1365039886e-09 
0 0 -5.1365039886e-09 9.0678820453e-10 -1.3657822897e-09 -3.316168429e-09 -1.0842021725e-19 -2.168404345e-19 0 
-1.3790647838e-09 1.8975128969e-09 -5.2286688439e-09 1.9394299805e-11 -1.8581468829e-11 -1.0492490418e-10 -1.1297251112e-14 -4.1620352997e-15 -3.8586617309e-12 
4.1524891774e-12 4.4575725489e-14 9.4211266365e-10 -1.3181518594e-13 3.2536961406e-14 1.3485407232e-12 1.6111235813e-15 -5.6486933186e-16 1.0658166871e-14 
-2.5622746654e-20 1.0058516249e-21 5.0292581243e-22 7.8867440248e-11 -3.793137074e-10 -2.2550978969e-10 2.6601600496e-08 1.0254452216e-08 -1.7913247223e-08 
7.5082330446e-09 -5.3794089934e-08 2.3865794112e-08 -2.1489895367e-13 -2.4244647089e-13 -1.3577693487e-12 -1.2774530058e-10 3.8046504221e-10 -5.2695324719e-10 
0 0 -5.1365039886e-09 0 0 -5.1365039886e-09 0 0 -5.1365039886e-09 
0 0 -5.1365039886e-09 0 0 -5.1365039886e-09 0 0 -5.1365039886e-09 
0 0 -5.1365039886e-09 2.4539398291e-14 1.0185228312e-13 -3.3267005174e-11 1.2952404991e-13 1.1028341868e-13 -3.3499389911e-11 
3.0836509274e-07 -1.784704127e-07 -5.2730960459e-07 -1.2378062698e-09 -3.4401282673e-08 -4.9272758189e-09 0 0 -5.1365039886e-09 
0 0 -5.1365039886e-09 0 0 -5.1365039886e-09 0 0 -5.1365039886e-09 
0 0 -5.1365039886e-09 1.4790423099e-07 -8.3084676884e-07 -2.7048560233e-07 3.5414535647e-08 -1.3811213171e-08 -1.3475361407e-08 
7.1247803664e-15 -7.0193959152e-15 4.3190806292e-14 0 0 -5.1365039886e-09 -2.9637330855e-07 1.7843235675e-07 -1.9759660257e-07 
-1.6263032587e-19 -5.4210108624e-20 -2.6893296075e-20 -4.7928031602e-08 1.6383517408e-07 -8.9108452546e-08 0 0 -5.1365039886e-09 
0 0 -5.1365039886e-09 0 0 -5.1365039886e-09 -4.3192669733e-07 2.3903964725e-07 5.2829754459e-07 
0 0 -5.1365039886e-09 0 0 -5.1365039886e-09 2.8402246634e-07 5.9180712159e-07 -2.7322145422e-07 
6.9281603024e-15 -1.2178328007e-14 6.06092509e-15 9.7198153429e-11 -2.4489221482e-11 3.0582758246e-09 -1.7531181449e-11 8.6723317872e-12 5.2208564349e-11 
-3.815238937e-13 -2.9911847738e-13 5.1446449504e-12 -6.776263578e-21 1.3552527156e-20 -1.4558378781e-22 -1.4080247452e-12 4.8016533241e-13 3.9719177188e-12 
0 0 -5.1365039886e-09 9.6359015602e-13 -2.0308342681e-13 6.47292173e-12 1.398162185e-13 -1.3575170718e-13 -5.4190861753e-12 
6.9443895838e-11 -9.9105018484e-09 -1.3054585045e-07 3.6022880805e-11 -1.5141737148e-11 -9.8369065599e-09 -1.5967447362e-12 3.1052081479e-13 -8.8504586087e-09 
2.7838255518e-13 -4.724627807e-14 2.5659530924e-13 2.2542001029e-08 -1.7293060988e-08 2.7155743614e-08 1.3256880651e-08 1.754355023e-08 2.6433240247e-08 
-4.9733461956e-10 -3.3615149451e-09 -7.7481887805e-10 1.0439587015e-10 -1.5159748381e-10 4.3381143818e-10 3.9729183292e-10 -2.3808629891e-09 -1.5933032311e-09 
0 0 -5.1365039886e-09 0 0 -5.1365039886e-09 0 0 -5.1365039886e-09 
0 0 -5.1365039886e-09 0 0 -5.1365039886e-09 0 0 -5.1365039886e-09 
-2.9354679324e-08 -1.0846914983e-07 -1.8126016275e-07 1.0842021725e-19 2.7105054312e-20 0 -6.2612675461e-18 -1.3552527156e-17 -3.198375233e-17 
-2.4799475852e-10 -1.8040831262e-10 -2.1664460874e-08 0 0 -5.1365039886e-09 0 0 -5.1365039886e-09 
0 0 -5.1365039886e-09 0 0 -5.1365039886e-09 0 0 -5.1365039886e-09 
-1.5996107436e-06 1.397522791e-06 1.0746848926e-06 0 0 -5.1365039886e-09 7.3579922537e-15 -4.1729660905e-14 -1.4838926257e-14 
-1.5040377797e-14 3.7194883675e-14 6.2010536679e-15 -3.997213652e-09 -1.9949940172e-09 8.7000975121e-09 -2.7225653243e-08 -9.498899453e-09 4.6017584891e-08 
0 0 -5.1365039886e-09 0 0 -5.1365039886e-09 0 0 -5.1365039886e-09 
0 0 -5.1365039886e-09 0 0 -5.1365039886e-09 -5.4210108624e-20 -5.4210108624e-20 -2.0328790734e-20 
-3.3201387603e-15 1.869977697e-16 2.2289936281e-14 -7.3501330223e-10 -3.2497110403e-10 -8.1616057349e-10 7.2732835379e-14 4.5404738996e-13 -7.0826574964e-10 
4.1389417935e-17 1.1926223897e-17 1.2649642497e-14 -3.5314189061e-10 1.0300220106e-10 -1.6486592357e-09 -1.4076490624e-12 2.1725211148e-12 -1.4058354371e-11 
5.5552079863e-15 -1.0895147631e-15 1.0857535133e-13 -2.2093371783e-13 2.7137797218e-14 3.2031080804e-13 9.072619524e-12 -7.2185963533e-12 -2.4765837273e-11 
-5.7097291522e-11 -5.6652392467e-11 -5.6450454161e-11 6.470149259e-13 4.6965861172e-12 2.9421815073e-11 0 0 -5.1365039886e-09 
0 0 -5.1365039886e-09 0 0 -5.1365039886e-09 0 0 -5.1365039886e-09 
2.9678843139e-07 -1.3166603849e-06 5.1327042552e-08 -2.9678843139e-07 1.3166603849e-06 -6.160005053e-08 1.3149574036e-09 1.0625444812e-09 1.6472603328e-07 
6.1813076359e-17 1.8716040003e-16 -1.0948791287e-15 -6.5052130349e-19 2.0335566998e-17 -4.8889894683e-17 -1.4760870477e-15 9.6266988521e-15 -8.3374607502e-13 
0 0 -5.1365039886e-09 0 0 -5.1365039886e-09 0 0 -5.1365039886e-09 
0 0 -5.1365039886e-09 0 0 -5.1365039886e-09 0 0 -5.1365039886e-09 
0 0 -5.1365039886e-09 0 0 -5.1365039886e-09 -6.776263578e-20 5.4210108624e-20 0 
-1.0254196255e-11 4.1464948825e-11 1.2703284227e-11 7.2028971329e-16 3.8939121025e-16 -2.2704082876e-15 1.4646979051e-10 -4.9441309107e-09 1.8227807854e-10 
-6.556170537e-16 -8.9495468328e-16 -9.2845797036e-15 0 0 -5.1365039886e-09 0 0 -5.1365039886e-09 
0 0 -5.1365039886e-09 0 0 -5.1365039886e-09 0 0 -5.1365039886e-09 
0 0 -5.1365039886e-09 7.5409919639e-10 4.042801365e-09 -5.8556089984e-10 2.4449597403e-11 -2.5331357563e-11 1.4170218923e-10 
1.0321086281e-10 6.3979154589e-11 -1.0190499921e-11 3.3771134489e-11 1.5953239706e-11 -4.0449665874e-11 -2.570234867e-11 -8.2749300034e-12 -2.554324278e-11 
9.5386075544e-12 6.1057938219e-12 3.3574107095e-11 -4.5475147085e-13 1.8661927472e-13 -3.6837377305e-11 4.0279445573e-10 -4.2417672278e-10 -1.7678585266e-09 
-2.9372559686e-11 6.3929075724e-12 6.551200662e-11 3.4803761529e-10 -3.8546571415e-11 -1.0529336953e-10 -9.4199684663e-10 1.257277752e-09 1.7196546657e-10 
-1.2518869947e-12 6.7960811674e-12 2.7892151344e-12 3.9357711697e-12 2.0816861147e-12 9.037242268e-10 3.6308291204e-10 -7.0532099844e-10 -3.8394141175e-09 
2.2694628295e-13 -8.4752752776e-12 3.7440798481e-11 -7.9601081586e-12 2.1212409379e-11 6.220157399e-09 0 0 -5.1365039886e-09 
0 0 -5.1365039886e-09 0 0 -5.1365039886e-09 0 0 -5.1365039886e-09 
0 0 -5.1365039886e-09 0 0 -5.1365039886e-09 -9.2048764444e-17 -2.9243643097e-16 9.7369486605e-16 
1.2070219498e-20 2.0328790734e-20 -2.3716922523e-20 6.1298622428e-15 -8.9514557062e-14 2.1935637223e-14 0 0 -5.1365039886e-09 
0 0 -5.1365039886e-09 0 0 -5.1365039886e-09 0 0 -5.1365039886e-09 
0 0 -5.1365039886e-09 0 0 -5.1365039886e-09 -2.2264715706e-12 8.2358152551e-12 -4.5005854927e-12 
-1.3079882772e-15 -1.1990801689e-14 -1.4104868871e-15 -6.3480673626e-11 -4.3414538132e-11 5.1672053041e-10 1.1674113011e-15 6.2906057181e-14 1.5793886449e-13 
0 0 -5.1365039886e-09 0 0 -5.1365039886e-09 0 0 -5.1365039886e-09 
0 0 -5.1365039886e-09 0 0 -5.1365039886e-09 0 0 -5.1365039886e-09 
0 0 -5.1365039886e-09 -1.3777203255e-11 6.5856983603e-11 4.664210168e-11 1.2734139155e-11 -1.0122158645e-11 -6.1732997335e-12 
-6.7497492263e-10 -4.1959826911e-10 -1.3611672857e-09 1.8464604715e-09 9.7746130732e-10 -2.2061602896e-09 -2.6553898771e-08 6.3347509184e-08 3.416222669e-09 
-2.0851957504e-08 -6.3017017919e-08 -1.0408536003e-08 -5.0086856956e-09 -4.3658666987e-08 7.4677869603e-09 1.447101358e-11 -7.0121913918e-12 3.9187622908e-10 
-2.5225258893e-12 7.6856227003e-13 -9.5457393479e-10 7.2805098322e-11 -1.3085078268e-12 5.150306006e-10 1.3390474678e-09 -7.5308408737e-10 -1.5000717452e-09 
-2.7105054312e-20 1.2874900798e-19 -3.4146015686e-21 -1.4998908024e-10 -5.2618320074e-11 7.9949334047e-10 -8.9885825305e-10 1.1602570619e-10 1.5754213896e-09 
-1.1192786819e-09 4.6031594075e-10 1.2182929331e-09 5.7064008103e-10 7.4920555708e-11 -8.0103157389e-11 1.1546846476e-10 -2.5236497462e-11 -3.6407539178e-09 
-1.0820562653e-13 -3.9958921588e-14 -1.3642372585e-12 -1.7209129087e-13 -1.6144767814e-13 1.124888282e-13 3.5199945156e-10 2.7079187986e-10 6.5791835635e-10 
1.2985750881e-10 6.179314039e-10 3.6790220227e-08 0 0 -5.1365039886e-09 0 0 -5.1365039886e-09 
0 0 -5.1365039886e-09 0 0 -5.1365039886e-09 0 0 -5.1365039886e-09 
0 0 -5.1365039886e-09 0 0 -5.1365039886e-09 -6.0185080444e-11 -3.748904534e-10 -1.8734961034e-10 
3.2612317783e-10 8.3289128117e-10 1.411261636e-09 1.1009324194e-09 -1.3846944899e-10 6.1421489316e-09 -1.3496582323e-07 -1.7668527058e-10 -1.2071386295e-07 
0 0 -5.1365039886e-09 -8.0857069111e-08 1.1120857961e-07 -1.9563553762e-07 0 0 -5.1365039886e-09 
0 0 -5.1365039886e-09 0 0 -5.1365039886e-09 0 0 -5.1365039886e-09 
0 0 -5.1365039886e-09 0 0 -5.1365039886e-09 0 0 -5.1365039886e-09 
4.808760703e-12 -1.7493227224e-11 1.2888454001e-11 -6.2713655411e-10 2.9919170169e-10 -1.8533566181e-08 2.1149755411e-08 -2.3429103209e-08 -9.6832856935e-09 
0 0 -5.1365039886e-09 0 0 -5.1365039886e-09 0 0 -5.1365039886e-09 
0 0 -5.1365039886e-09 0 0 -5.1365039886e-09 8.1000049333e-12 -1.9646333405e-11 -6.0784883209e-09 
-5.4882452503e-13 -2.6466297449e-14 1.545855009e-12 -7.368832706e-10 -4.3781426477e-10 2.6931351466e-09 7.8790973922e-13 2.1566949615e-15 -8.2667808654e-13 
-3.1323498232e-08 3.04274487e-08 -1.723909594e-08 4.1469716658e-16 -5.7987604518e-15 7.0256961586e-12 -2.7105054312e-20 0 8.4703294725e-22 
1.1493572294e-10 -1.1188665446e-10 5.1608005733e-10 5.4210108624e-20 0 4.7645603283e-21 1.6502581924e-10 -4.474223277e-10 -9.2684190753e-10 
2.3764514662e-12 -2.5729853361e-12 1.3329788216e-11 2.652427825e-09 9.3895533829e-10 4.3369215779e-09 -1.3869464738e-09 -7.1584400188e-10 -1.4593308889e-07 
0 0 -5.1365039886e-09 0 0 -5.1365039886e-09 0 0 -5.1365039886e-09 
0 0 -5.1365039886e-09 0 0 -5.1365039886e-09 0 0 -5.1365039886e-09 
-3.5126665032e-12 1.1533908187e-11 4.4693200184e-12 -1.9442667745e-11 -3.6535814413e-11 4.7951387612e-11 -8.4049939086e-08 9.189794281e-08 -1.2522099687e-07 
5.1509145403e-10 -3.7692013753e-10 1.5479858094e-08 -8.4210029349e-07 6.0236485194e-07 -1.6560241108e-07 0 0 -5.1365039886e-09 
0 0 -5.1365039886e-09 8.4210029349e-07 -6.0236485194e-07 1.5532940311e-07 8.0857069111e-08 -1.1120857961e-07 1.8536252964e-07 
0 0 -5.1365039886e-09 0 0 -5.1365039886e-09 0 0 -5.1365039886e-09 
0 0 -5.1365039886e-09 -1.3552527156e-20 -1.3552527156e-20 -4.2479019543e-12 -7.9370104239e-15 -4.7043532264e-15 2.9772069684e-13 
-8.9656895189e-12 -1.1990626618e-11 8.2315172222e-09 1.0842021725e-19 -5.4210108624e-20 -4.4733927527e-21 0 0 -5.1365039886e-09 
0 0 -5.1365039886e-09 0 0 -5.1365039886e-09 0 0 -5.1365039886e-09 
9.9949887776e-20 4.5739779152e-20 -1.6093625998e-20 5.4210108624e-20 0 2.5675686214e-21 -1.6711870377e-09 -6.1452328957e-10 7.3379239664e-09 
-5.4210108624e-20 0 0 -7.051370154e-11 3.7000545585e-11 5.2451842258e-10 1.1708841362e-15 -6.8033686323e-17 7.0703940749e-15 
-4.6035224244e-16 -1.3444106939e-17 -2.0772864697e-15 0 0 -3.388131789e-21 1.1346440904e-10 -1.050980197e-10 1.3783674619e-10 
4.0177829596e-12 -1.7836701083e-12 2.1718873345e-11 -8.0750022554e-15 2.0182965542e-15 -1.1058461062e-12 1.9000643073e-17 8.8904578144e-18 1.856018594e-17 
-9.6322800539e-13 -1.5245801583e-13 -1.1434722804e-11 -2.1879513853e-12 -1.3833913178e-12 -3.9496398951e-12 -5.4210108624e-20 2.7105054312e-20 -2.6469779602e-23 
8.1315162936e-20 0 1.0587911841e-21 0 0 -5.1365039886e-09 0 0 -5.1365039886e-09 
0 0 -5.1365039886e-09 0 0 -5.1365039886e-09 0 0 -5.1365039886e-09 
0 0 -5.1365039886e-09 0 0 -5.1365039886e-09 5.4210108624e-20 5.4210108624e-20 1.6940658945e-21 
6.5323180892e-18 1.4338573731e-17 -4.0264558181e-17 -6.776263578e-21 -1.3552527156e-20 3.388131789e-21 5.4210108624e-20 2.0328790734e-20 1.2705494209e-21 
0 0 -5.1365039886e-09 0 0 -5.1365039886e-09 0 0 -5.1365039886e-09 
0 0 -5.1365039886e-09 0 0 -5.1365039886e-09 0 0 -5.1365039886e-09 
1.1872013789e-17 1.9106352785e-16 4.9791984771e-17 -1.9570933416e-14 1.0613867641e-13 -1.7370400687e-13 -1.0443299051e-11 -5.7726908784e-12 -3.2616604635e-11 
-1.3681062072e-10 -2.0119906105e-10 -1.7443525628e-10 0 0 -5.1365039886e-09 0 0 -5.1365039886e-09 
0 0 -5.1365039886e-09 0 0 -5.1365039886e-09 0 0 -5.1365039886e-09 
1.0842021725e-19 0 5.9292306308e-21 -2.0261086645e-11 1.8100408989e-11 -2.8367041735e-09 -8.4025668368e-18 -5.2312754822e-18 -1.6572132115e-16 
1.0842021725e-19 -5.9631119487e-19 -7.1320174159e-19 3.0371506486e-09 2.6690783486e-10 -3.4264640993e-09 -4.0757739582e-10 1.2303521856e-09 3.0948252666e-09 
-3.3305267723e-15 5.4535369276e-16 1.0888710181e-15 -2.7105054312e-20 2.7105054312e-20 -4.2351647363e-22 3.9810548521e-16 -1.0280133949e-15 -3.2030343483e-13 
-9.9978601027e-11 7.9375232353e-11 -1.004431038e-09 -2.32561366e-17 1.0679391399e-17 -2.9984966333e-16 3.3024062272e-10 -7.2863459244e-11 2.3463344781e-10 
-1.1200824881e-16 2.2293907172e-17 -1.8049255666e-16 -4.3495912438e-12 -4.4703860229e-13 -9.6633754025e-12 8.2038067474e-12 1.0770204715e-12 4.4640597331e-11 
-1.6429186679e-10 3.6831230161e-10 -2.1398542025e-10 0 0 -5.2939559203e-23 0 0 -5.1365039886e-09 
0 0 -5.1365039886e-09 0 0 -5.1365039886e-09 0 0 -5.1365039886e-09 
0 0 -5.1365039886e-09 0 0 -5.1365039886e-09 -7.2641545557e-18 4.0657581468e-20 1.3552527156e-19 
-4.0657581468e-20 2.7105054312e-20 -4.0657581468e-20 1.0516761073e-17 -1.2603850255e-18 -2.2290227872e-16 -1.5746696265e-11 3.6135417141e-11 -8.7359832341e-11 
4.0460256673e-15 5.6322629124e-14 -2.5882136942e-14 0 0 -5.1365039886e-09 0 0 -5.1365039886e-09 
0 0 -5.1365039886e-09 0 0 -5.1365039886e-09 0 0 -5.1365039886e-09 
0 0 -5.1365039886e-09 0 0 -5.1365039886e-09 -3.7106819353e-17 -7.4892620317e-16 6.7961129481e-15 
2.2774750835e-15 3.825410854e-14 -2.5328341835e-13 9.6673310199e-11 1.1191856746e-10 1.7294845962e-10 -5.0799391169e-11 -1.6138922067e-11 -5.469153447e-11 
0 0 -5.1365039886e-09 0 0 -5.1365039886e-09 0 0 -5.1365039886e-09 
0 0 -5.1365039886e-09 0 0 -5.1365039886e-09 0 0 -5.1365039886e-09 
0 0 -5.1365039886e-09 2.5478751053e-18 -1.860490928e-16 8.0416596505e-15 1.5529385633e-10 -2.2863870378e-10 2.2697433722e-08 
1.3552527156e-19 6.5052130349e-19 -9.6561755987e-20 1.0825932043e-11 -2.6718582045e-12 1.4523060495e-09 0 -3.2526065175e-19 -3.0663016207e-17 
1.1058699529e-14 -3.9880208511e-15 -3.6517519897e-14 8.6807653703e-10 1.6931997211e-10 -5.2209577928e-10 0 -5.4210108624e-20 -6.3527471044e-22 
-1.1647333723e-09 9.623015221e-11 1.7854254268e-09 6.5187655621e-18 8.8904578144e-18 -1.2109183014e-16 -2.5336449518e-17 1.4690939437e-17 -6.8301348735e-17 
5.4505349377e-10 4.4470136839e-10 2.3578561255e-10 -1.8033821154e-11 -6.7888218918e-12 2.2367251821e-10 -1.8508877265e-11 -1.653428724e-10 -5.1380411669e-10 
7.7036301399e-10 -4.2637589911e-10 -1.1484263375e-10 0 0 -5.1365039886e-09 0 0 -5.1365039886e-09 
0 0 -5.1365039886e-09 0 0 -5.1365039886e-09 0 0 -5.1365039886e-09 
0 0 -5.1365039886e-09 0 0 -5.1365039886e-09 -9.1655289369e-11 -2.0389773902e-10 8.343129186e-10 
-3.8667413184e-13 3.8670015269e-14 -5.2444403444e-12 7.5894152074e-19 3.0493186101e-19 1.7701029834e-16 0 0 -5.1365039886e-09 
0 0 -5.1365039886e-09 0 0 -5.1365039886e-09 0 0 -5.1365039886e-09 
0 0 -5.1365039886e-09 0 0 -5.1365039886e-09 0 0 -5.1365039886e-09 
-1.5971409308e-14 -2.9227434275e-14 -8.7170899144e-13 2.5529125905e-11 1.6837767373e-10 -3.4801869585e-09 1.5991982044e-18 4.0657581468e-18 2.3750803841e-18 
5.0957502107e-18 -6.342582709e-18 9.2927984643e-18 -5.3282457168e-11 -5.6030883546e-11 -9.28030594e-11 4.2396303482e-12 1.5563056486e-12 -4.2283743164e-10 
0 0 -5.1365039886e-09 0 0 -5.1365039886e-09 0 0 -5.1365039886e-09 
0 0 -5.1365039886e-09 0 0 -5.1365039886e-09 0 0 -5.1365039886e-09 
1.5267082141e-11 -1.7960902893e-11 3.9971474517e-09 -5.4210108624e-20 -2.7105054312e-20 -1.0503208546e-19 -5.2544675676e-09 5.8165625945e-09 -5.6220169261e-09 
-4.3218695403e-09 2.0070759973e-09 -1.295195141e-09 -2.7105054312e-20 0 0 0 -1.0842021725e-19 1.0587911841e-21 
-3.8658922526e-16 4.2008768426e-16 -2.2921318902e-14 -1.0966217084e-14 4.4728760626e-15 -3.6168269578e-14 2.3423197433e-09 1.7294412711e-09 2.0721283066e-09 
0 -1.0842021725e-19 3.8116482626e-21 2.2774677516e-12 4.2930063801e-13 -2.0133015264e-12 5.1140461223e-17 1.4040418134e-17 3.6176607771e-16 
-2.9677691394e-10 -1.2107657346e-10 -5.331010009e-10 -2.5397368128e-13 1.945833902e-12 6.1806925849e-12 4.3542453714e-14 -3.8638346266e-12 1.0217668859e-11 
0 0 -5.1365039886e-09 0 0 -5.1365039886e-09 0 0 -5.1365039886e-09 
0 0 -5.1365039886e-09 0 0 -5.1365039886e-09 0 0 -5.1365039886e-09 
0 0 -5.1365039886e-09 0 0 -5.1365039886e-09 5.8922484947e-14 9.4191906878e-14 -3.539148497e-13 
4.0657581468e-20 8.4703294725e-20 5.4210108624e-20 -2.7484673402e-10 -1.2475254884e-09 8.4651939908e-10 0 0 -5.1365039886e-09 
0 0 -5.1365039886e-09 0 0 -5.1365039886e-09 0 0 -5.1365039886e-09 
0 0 -5.1365039886e-09 0 0 -5.1365039886e-09 0 0 -5.1365039886e-09 
0 0 -5.1365039886e-09 0 0 -5.1365039886e-09 -4.5636561962e-08 4.1118823444e-08 -1.2415478938e-07 
-7.1061759775e-11 -1.8363422011e-10 -1.3217106383e-09 4.8155507631e-11 5.4452469552e-11 3.004577991e-10 8.0890391739e-10 1.2195127411e-09 -5.3124312628e-09 
-1.0792751535e-09 -1.4210654855e-09 -1.3010829707e-09 0 0 -5.1365039886e-09 0 0 -5.1365039886e-09 
0 0 -5.1365039886e-09 0 0 -5.1365039886e-09 0 0 -5.1365039886e-09 
0 0 -5.1365039886e-09 -1.8200456823e-09 3.0709010033e-09 -1.6664931382e-09 -3.0759656112e-09 4.9886484066e-09 1.3561149104e-09 
7.4242893165e-11 3.0890314991e-12 -5.1229486037e-10 -5.9508193674e-11 -4.2291766335e-11 -2.4771752374e-10 -5.6607388075e-11 2.3178198998e-11 -5.9617460352e-11 
2.5094076948e-09 2.7319419527e-09 3.3752043986e-09 -1.2534515255e-12 4.5039211076e-13 6.604999764e-10 7.8715795813e-09 -8.439158424e-09 8.4523769262e-09 
8.8629082372e-13 6.4812897752e-14 5.2618952447e-13 3.388131789e-20 1.7618285303e-19 -3.3087224502e-21 0 1.8973538018e-19 -1.3552527156e-20 
3.388131789e-20 5.4210108624e-20 2.8799120207e-20 -1.5685292014e-12 -2.9008436278e-13 -3.0615907686e-12 0 0 -8.4703294725e-22 
5.4210108624e-20 -2.7105054312e-20 5.0821976835e-21 -3.6979731885e-13 -6.0603974096e-14 1.133267052e-11 -5.1078888851e-09 -3.0860213037e-09 -2.1993342639e-09 
1.3046302898e-08 -7.1005476366e-09 -1.5142312992e-08 0 0 -5.1365039886e-09 0 0 -5.1365039886e-09 
0 0 -5.1365039886e-09 0 0 -5.1365039886e-09 0 0 -5.1365039886e-09 
0 0 -5.1365039886e-09 0 0 -5.1365039886e-09 0 0 -5.1365039886e-09 
-2.0328790734e-20 2.7105054312e-20 1.6940658945e-20 1.6263032587e-19 -3.388131789e-21 -3.388131789e-21 3.6800970171e-10 5.9683846297e-10 4.1374199158e-09 
0 0 -5.1365039886e-09 0 0 -5.1365039886e-09 0 0 -5.1365039886e-09 
0 0 -5.1365039886e-09 0 0 -5.1365039886e-09 0 0 -5.1365039886e-09 
6.2301908191e-09 -4.2094801098e-09 -2.0160927155e-08 1.6093380476e-09 -6.5445746169e-09 2.8132593133e-08 0 0 -1.5881867761e-22 
9.6460177085e-13 8.5838985659e-13 -3.2942858141e-10 -4.0657581468e-20 1.3552527156e-20 -8.4703294725e-21 0 0 -5.1365039886e-09 
0 0 -5.1365039886e-09 0 0 -5.1365039886e-09 0 0 -5.1365039886e-09 
0 0 -5.1365039886e-09 -5.9666014686e-09 2.5753052358e-08 6.7754037607e-08 0 -8.1315162936e-20 0 
6.5708944904e-11 2.0508177296e-11 4.4031612111e-09 -6.8266789791e-16 4.1373154902e-16 -9.1674816338e-15 1.8816371795e-10 2.6718682063e-10 -1.0459524239e-10 
0 0 -5.1365039886e-09 -1.6149428528e-15 5.0874831691e-16 1.4019897808e-14 4.7302656583e-15 -2.0714766708e-15 -3.9558742566e-15 
-1.5937771936e-16 8.8362477058e-17 5.2528970729e-14 -3.3563130302e-13 5.0591814267e-14 -1.1288105252e-12 0 0 -6.0986372202e-20 
0 0 -5.1365039886e-09 6.9114608784e-13 3.1863986276e-13 -3.3059128758e-13 -7.1607311552e-14 1.2135951966e-13 -1.2249308657e-12 
7.5484785323e-09 -7.8018692661e-09 -1.4919661664e-08 0 0 -5.1365039886e-09 0 0 -5.1365039886e-09 
0 0 -5.1365039886e-09 0 0 -5.1365039886e-09 0 0 -5.1365039886e-09 
0 0 -5.1365039886e-09 1.0842021725e-19 8.3009228831e-20 4.0657581468e-20 -2.168404345e-19 -9.9746599869e-18 1.0791199748e-17 
0 -2.0328790734e-20 0 0 0 -5.1365039886e-09 0 0 -5.1365039886e-09 
0 0 -5.1365039886e-09 0 0 -5.1365039886e-09 0 0 -5.1365039886e-09 
0 0 -5.1365039886e-09 -6.1881262951e-08 6.5389058591e-08 1.0765093059e-07 -1.8069045067e-13 -2.1693677768e-11 -4.0952909742e-09 
0 0 -5.1365039886e-09 0 0 -5.1365039886e-09 0 0 -5.1365039886e-09 
0 0 -5.1365039886e-09 0 0 -5.1365039886e-09 0 0 -5.1365039886e-09 
-4.0533802831e-07 -3.3540773621e-08 6.9586660074e-07 -2.7105054312e-20 5.4210108624e-20 4.0657581468e-20 -5.4210108624e-20 -5.4210108624e-20 8.4703294725e-22 
1.7386820918e-09 9.265625121e-10 -2.4486167337e-09 1.5765668503e-09 1.4103421165e-10 9.6672653374e-11 -1.2864390037e-10 -1.0875730871e-11 5.7888760808e-09 
-2.5851987651e-15 1.7073473711e-15 -1.0484235008e-15 0 -5.4210108624e-20 -1.0164395367e-20 -3.2824356297e-14 2.5229438764e-14 6.7580286527e-15 
-1.3458472618e-15 1.1974199843e-15 -7.4572391041e-15 -6.776263578e-21 -6.776263578e-21 2.5410988418e-21 2.7105054312e-20 -6.776263578e-21 -3.388131789e-20 
-1.5565017943e-12 -9.3126643007e-13 5.0472201017e-13 -3.1718263497e-09 -2.9019737801e-09 -3.3679023022e-09 3.0810726149e-12 -6.6603460486e-12 -1.4503988668e-11 
1.1687231228e-10 -1.9111504984e-10 1.5026869634e-09 -6.9312671461e-11 1.4789352924e-10 9.1516277239e-10 0 0 -5.1365039886e-09 
0 0 -5.1365039886e-09 0 0 -5.1365039886e-09 0 0 -5.1365039886e-09 
0 0 -5.1365039886e-09 0 0 -5.1365039886e-09 -4.0657581468e-20 1.0503208546e-19 -3.388131789e-20 
0 5.4210108624e-20 -2.1175823681e-20 1.3514552994e-10 -3.353672389e-10 4.4159919416e-10 0 0 -5.1365039886e-09 
0 0 -5.1365039886e-09 0 0 -5.1365039886e-09 0 0 -5.1365039886e-09 
0 0 -5.1365039886e-09 0 0 -5.1365039886e-09 0 0 -5.1365039886e-09 
0 0 -5.1365039886e-09 1.7717351778e-08 7.8243859621e-08 -1.3731789448e-08 -9.7713720795e-18 9.0124305588e-19 2.7528570786e-21 
4.5481283271e-09 9.470461567e-09 -2.9050033892e-08 0 2.7105054312e-20 1.6940658945e-21 -1.3552527156e-19 -6.776263578e-20 2.7105054312e-20 
2.0328790734e-20 -3.2187251996e-20 5.0821976835e-21 0 0 -5.1365039886e-09 0 0 -5.1365039886e-09 
0 0 -5.1365039886e-09 0 0 -5.1365039886e-09 0 0 -5.1365039886e-09 
0 0 -5.1365039886e-09 0 0 -5.1365039886e-09 2.0328790734e-20 3.2187251996e-20 1.6940658945e-20 
1.1681044654e-09 -2.4792090907e-09 1.6125203802e-09 4.0646849059e-11 -4.2494928203e-11 -1.5395813381e-11 -3.5320495122e-09 1.1698930081e-09 9.6264428666e-09 
0 0 -8.4703294725e-22 -1.342717075e-08 1.6094983814e-09 -2.2940550845e-08 3.3073446404e-09 1.0691504212e-09 -2.4077351781e-08 
5.6988918792e-15 -2.0902037154e-12 2.0229436596e-11 -3.2681998531e-09 6.3757427849e-10 6.9079625891e-09 -1.2027867851e-19 1.0842021725e-19 6.776263578e-20 
1.0842021725e-19 0 0 -1.8973538018e-19 8.5380921083e-19 -5.4210108624e-19 -1.0164395367e-18 1.0842021725e-18 7.5894152074e-19 
0 0 -5.1365039886e-09 1.4026865607e-18 3.1103049823e-18 -7.7927031147e-19 -8.8091426514e-20 -1.5585406229e-19 0 
0 0 -5.1365039886e-09 0 0 -5.1365039886e-09 0 0 -5.1365039886e-09 
0 0 -5.1365039886e-09 -2.0328790734e-20 -6.776263578e-20 0 4.6508923557e-12 2.2546110405e-11 1.1418086511e-10 
3.6837798437e-12 2.8290876562e-11 1.0214011466e-10 0 0 -5.1365039886e-09 0 0 -5.1365039886e-09 
0 0 -5.1365039886e-09 0 0 -5.1365039886e-09 0 0 -5.1365039886e-09 
0 0 -5.1365039886e-09 0 0 -5.1365039886e-09 -1.0164395367e-20 -1.3552527156e-20 -5.4210108624e-20 
6.0986372202e-20 -3.388131789e-20 -5.4210108624e-20 1.9090515098e-12 2.8437836192e-12 -1.2189726767e-11 0 0 -5.1365039886e-09 
0 0 -5.1365039886e-09 0 0 -5.1365039886e-09 0 0 -5.1365039886e-09 
0 0 -5.1365039886e-09 0 0 -5.1365039886e-09 2.2886227961e-12 -3.4030883038e-12 3.0426333095e-11 
4.8018328612e-13 -3.5124672387e-13 -1.4130284399e-12 -1.1159722235e-11 -1.4006452573e-11 -1.6893103209e-11 -1.5473215699e-13 -7.7004104048e-14 5.8306468377e-14 
0 0 -5.1365039886e-09 4.4045713257e-20 -1.7957098482e-19 -1.0842021725e-19 -1.3552527156e-20 0 1.3552527156e-20 
-2.5362695935e-13 -3.6197783594e-15 3.2782914605e-11 0 0 -5.1365039886e-09 0 0 -5.1365039886e-09 
0 0 -5.1365039886e-09 0 0 -5.1365039886e-09 0 0 -5.1365039886e-09 
0 0 -5.1365039886e-09 0 0 -5.1365039886e-09 0 0 -5.1365039886e-09 
0 0 -5.1365039886e-09 0 0 -5.1365039886e-09 0 0 -5.1365039886e-09 
0 0 -5.1365039886e-09 0 0 -5.1365039886e-09 0 0 -5.1365039886e-09 
0 0 -5.1365039886e-09 0 0 -5.1365039886e-09 0 0 -5.1365039886e-09 
0 0 -5.1365039886e-09 0 0 -5.1365039886e-09 0 0 -4.4889685636e-19 
0 0 -5.1365039886e-09 0 0 -5.1365039886e-09 0 0 -5.1365039886e-09 
0 0 -5.1365039886e-09 0 0 -5.1365039886e-09 0 0 -5.1365039886e-09 
0 0 -5.1365039886e-09 0 0 -5.1365039886e-09 0 0 -5.1365039886e-09 
0 0 -5.1365039886e-09 0 0 -5.1365039886e-09 0 0 -5.1365039886e-09 
0 0 -5.1365039886e-09 0 0 -5.1365039886e-09 0 0 -5.1365039886e-09 
0 0 -5.1365039886e-09 0 0 -5.1365039886e-09 0 0 -5.1365039886e-09 
0 0 -5.1365039886e-09 0 0 -5.1365039886e-09 0 0 -5.1365039886e-09 
0 0 -5.1365039886e-09 0 0 -5.1365039886e-09 0 0 -5.1365039886e-09 
0 0 -5.1365039886e-09 0 0 -5.1365039886e-09 0 0 -5.1365039886e-09 
0 0 -5.1365039886e-09 0 0 -5.1365039886e-09 0 0 -5.1365039886e-09 
0 0 -5.1365039886e-09 0 0 -5.1365039886e-09 0 0 -5.1365039886e-09 
0 0 -5.1365039886e-09 0 0 -5.1365039886e-09 0 0 -5.1365039886e-09 
0 0 -5.1365039886e-09 0 0 -5.1365039886e-09 0 0 -5.1365039886e-09 
0 0 -5.1365039886e-09 0 0 -5.1365039886e-09 0 0 -5.1365039886e-09 
0 0 -5.1365039886e-09 0 0 -5.1365039886e-09 0 0 -5.1365039886e-09 
0 0 -5.1365039886e-09 0 0 -5.1365039886e-09 0 0 -5.1365039886e-09 
0 0 -5.1365039886e-09 0 0 -5.1365039886e-09 0 0 -5.1365039886e-09 
0 0 -5.1365039886e-09 0 0 -5.1365039886e-09 0 0 -5.1365039886e-09 
0 0 -5.1365039886e-09 0 0 -5.1365039886e-09 0 0 -5.1365039886e-09 
0 0 -5.1365039886e-09 0 0 -5.1365039886e-09 0 0 -5.1365039886e-09 
0 0 -5.1365039886e-09 0 0 -5.1365039886e-09 0 0 -5.1365039886e-09 
0 0 -5.1365039886e-09 0 0 -5.1365039886e-09 0 0 -5.1365039886e-09 
0 0 -5.1365039886e-09 0 0 -5.1365039886e-09 0 0 -5.1365039886e-09 
0 0 -5.1365039886e-09 0 0 -5.1365039886e-09 0 0 -5.1365039886e-09 
0 0 -5.1365039886e-09 0 0 -5.1365039886e-09 0 0 -5.1365039886e-09 
0 0 -5.1365039886e-09 0 0 -5.1365039886e-09 0 0 -5.1365039886e-09 
0 0 -5.1365039886e-09 0 0 -5.1365039886e-09 0 0 -5.1365039886e-09 
0 0 -5.1365039886e-09 0 0 -5.1365039886e-09 0 0 -5.1365039886e-09 
0 0 -5.1365039886e-09 0 0 -5.1365039886e-09 0 0 -5.1365039886e-09 
0 0 -5.1365039886e-09 0 0 -5.1365039886e-09 0 0 -5.1365039886e-09 
0 0 -5.1365039886e-09 0 0 -5.1365039886e-09 0 0 -5.1365039886e-09 
0 0 -5.1365039886e-09 0 0 -5.1365039886e-09 0 0 -5.1365039886e-09 
0 0 -5.1365039886e-09 0 0 -5.1365039886e-09 0 0 -5.1365039886e-09 
0 0 -5.1365039886e-09 0 0 -5.1365039886e-09 0 0 -5.1365039886e-09 
0 0 -5.1365039886e-09 0 0 -5.1365039886e-09 0 0 -5.1365039886e-09 
0 0 -5.1365039886e-09 0 0 -5.1365039886e-09 0 0 -5.1365039886e-09 
0 0 -5.1365039886e-09 0 0 -5.1365039886e-09 0 0 -5.1365039886e-09 
0 0 -5.1365039886e-09 0 0 -5.1365039886e-09 0 0 -5.1365039886e-09 
0 0 -5.1365039886e-09 0 0 -5.1365039886e-09 0 0 -5.1365039886e-09 
0 0 -5.1365039886e-09 0 0 -5.1365039886e-09 0 0 -5.1365039886e-09 
0 0 -5.1365039886e-09 0 0 -5.1365039886e-09 0 0 -5.1365039886e-09 
0 0 -5.1365039886e-09 0 0 -5.1365039886e-09 0 0 -5.1365039886e-09 
0 0 -5.1365039886e-09 0 0 -5.1365039886e-09 0 0 -5.1365039886e-09 
0 0 -5.1365039886e-09 0 0 -5.1365039886e-09 0 0 -5.1365039886e-09 
4.1879263126e-17 -6.2478522896e-17 -5.7008849411e-18 3.0189358526e-17 -4.0244521385e-17 9.4285623775e-18 5.302331124e-17 -3.2081247146e-17 -1.3030317447e-16 
1.2206150088e-17 -1.338166903e-16 -3.3254960187e-17 -6.2610276637e-18 1.8381245267e-17 -2.0299167742e-17 0 0 -5.1365039886e-09 
0 0 -5.1365039886e-09 0 0 -5.1365039886e-09 1.2173517813e-17 -5.5753961001e-17 7.0236946405e-17 
7.8797870353e-18 -4.1766951211e-16 1.942844306e-16 2.4284332358e-16 1.5345632543e-16 4.2919701241e-16 1.5262354481e-16 1.2668007211e-17 1.2442090785e-16 
1.072810696e-16 -4.3827663485e-17 3.2033403019e-17 -5.3470835349e-16 1.0588220205e-15 1.0028362207e-16 -6.2090031276e-16 1.2316916459e-15 -3.298335047e-17 
-2.340646278e-16 9.624997263e-16 -1.4727888933e-16 -3.369465896e-16 -1.8977482016e-17 -2.3436386534e-16 -1.764225038e-16 5.4663184397e-17 -4.5496745216e-16 
-6.3712170549e-17 -1.0775540392e-17 -6.3603167996e-17 0 0 -5.1365039886e-09 4.1808924237e-17 -5.1084615779e-17 -9.6854544837e-18 
-9.7549174719e-17 3.2660836057e-17 3.8339649338e-17 2.816127131e-17 1.6431698023e-17 4.8717025515e-17 7.3386623944e-17 2.0930030271e-16 1.4760086112e-16 
-4.6822470148e-16 8.1822896323e-17 6.2142704524e-18 6.8961687018e-17 3.0174830753e-17 -2.8543448605e-17 1.4677118076e-17 6.8782090571e-16 3.8727187922e-16 
-4.0447517297e-17 9.1667500356e-17 -5.5236864758e-17 0 0 -5.1365039886e-09 0 0 -5.1365039886e-09 
0 0 -5.1365039886e-09 0 0 -5.1365039886e-09 0 0 -5.1365039886e-09 
0 0 -5.1365039886e-09 0 0 -5.1365039886e-09 0 0 -5.1365039886e-09 
0 0 -5.1365039886e-09 6.1789096393e-17 1.3659177207e-17 9.7090034058e-17 -4.3813993498e-17 9.2213863077e-18 -1.4274460203e-17 
-3.4218145836e-18 -8.2525907199e-17 4.9774878676e-17 8.7272348136e-17 -7.4268369422e-16 -4.5423624931e-17 -3.1707253975e-17 4.4392017384e-17 4.6568547455e-16 
1.7549151905e-16 3.1774025649e-18 -1.0273228099e-16 -1.8636735095e-16 5.1313824838e-16 -1.5094504918e-15 6.5529188652e-16 -3.1171609034e-17 -7.2605658491e-16 
-1.7819238989e-16 -6.98724046e-17 -1.2130023416e-16 -1.300629056e-16 -4.7057893112e-16 -3.3589943602e-16 3.3777335344e-15 1.2774909262e-16 9.7081995517e-16 
-8.8764759391e-17 -1.1381593624e-16 -5.2021563259e-17 5.3021047537e-16 2.732079075e-16 -2.5394020731e-16 -4.2709550216e-17 1.9461663295e-17 7.3970929439e-17 
5.2261645566e-16 1.4123532993e-16 -2.0516454457e-15 0 0 -5.1365039886e-09 0 0 -5.1365039886e-09 
3.572288415e-17 -1.2187391783e-16 1.1899919006e-16 6.8161626483e-16 -1.8053666382e-15 9.5402746909e-17 3.4910382685e-17 -5.1097879982e-17 1.5255390882e-16 
4.6274530242e-16 -9.2556134863e-16 5.1622501056e-16 1.6817618838e-15 -1.0771406924e-15 4.1779828076e-16 1.9482061652e-15 -6.5388095876e-16 1.1851687777e-15 
3.8701062084e-16 -4.9971133232e-16 7.7896928225e-16 2.7263561887e-16 -2.6931025868e-15 2.2952084892e-15 -5.2718109719e-17 3.9988594185e-17 -1.6632825252e-16 
3.4085969927e-16 8.9054515817e-16 -7.939623734e-16 1.5982052907e-15 1.3049685286e-15 -1.6462684945e-15 2.3357555436e-16 8.9305836945e-17 -4.330728535e-16 
-2.1079928137e-16 1.8120013354e-15 -9.3345553688e-18 1.2557790357e-16 8.836051664e-18 9.5592665923e-17 7.9129467518e-17 6.474669122e-17 6.8334543079e-17 
-1.9748037483e-16 -7.7433248328e-16 3.6209587462e-16 -2.3634120338e-16 -1.2364615477e-16 3.9055715441e-16 1.2069159007e-15 3.2128616719e-16 1.2328030871e-16 
-3.3389492676e-16 4.3485743446e-16 3.4155931927e-17 -1.6468921854e-16 7.5407880716e-17 -1.568756866e-16 -8.1276138623e-18 5.0266222399e-16 4.204263502e-17 
-9.8301538086e-16 5.0580154554e-16 -3.694028215e-16 4.407831989e-17 1.2055110217e-16 -4.2988424647e-17 -1.1069038483e-15 4.7806782403e-16 -4.3010160803e-16 
-7.7877500493e-16 -1.9589259534e-16 -7.7158834303e-17 0 0 -5.1365039886e-09 0 0 -5.1365039886e-09 
0 0 -5.1365039886e-09 0 0 -5.1365039886e-09 0 0 -5.1365039886e-09 
0 0 -5.1365039886e-09 9.9097101953e-16 -8.4376244551e-16 3.800437368e-16 3.7498085461e-15 -3.6442035161e-16 2.0657254834e-16 
2.4009122122e-15 -1.5599700274e-15 -1.4913431707e-15 4.7863781238e-15 -1.5362737865e-15 -2.5709161266e-15 4.5306389936e-15 -9.3566630859e-16 1.0569005495e-15 
4.1726747987e-15 8.4634713181e-17 -1.5663516795e-15 0 0 -5.1365039886e-09 1.3512175673e-15 -9.5447465704e-16 3.9411783773e-16 
9.74397958e-18 -5.1675662879e-16 4.3076548085e-16 4.5720504603e-16 -1.4008499586e-15 9.5727611377e-16 1.3968217142e-14 -9.320120808e-15 6.7434620948e-16 
2.302963483e-15 -1.4711904094e-15 -4.6078903351e-17 -1.0593901077e-15 -2.1551892614e-15 3.6711235412e-15 7.0001293402e-16 1.4431632567e-15 -1.1407023993e-15 
9.733312844e-16 9.5514236959e-16 -5.9666464087e-17 1.156777373e-15 -4.2809065834e-17 -5.6884751359e-15 0 0 -5.1365039886e-09 
-1.8890990667e-16 -2.3421604052e-17 -2.7523406035e-16 5.0649403798e-17 8.2896307097e-17 -1.0929700223e-16 2.3947972473e-17 -6.8124854035e-18 -8.8769005826e-18 
8.4682897692e-16 -1.0255663638e-15 8.0039494508e-16 -2.1472160081e-16 2.5092172651e-16 -6.6234191297e-17 -4.8633210633e-16 4.3123279612e-16 -1.4242525572e-16 
0 0 -5.1365039886e-09 0 0 -5.1365039886e-09 0 0 -5.1365039886e-09 
0 0 -5.1365039886e-09 0 0 -5.1365039886e-09 0 0 -5.1365039886e-09 
0 0 -5.1365039886e-09 0 0 -5.1365039886e-09 0 0 -5.1365039886e-09 
0 0 -5.1365039886e-09 0 0 -5.1365039886e-09 0 0 -5.1365039886e-09 
0 0 -5.1365039886e-09 0 0 -5.1365039886e-09 0 0 -5.1365039886e-09 
0 0 -5.1365039886e-09 0 0 -5.1365039886e-09 0 0 -5.1365039886e-09 
0 0 -5.1365039886e-09 0 0 -5.1365039886e-09 0 0 -5.1365039886e-09 
0 0 -5.1365039886e-09 0 0 -5.1365039886e-09 0 0 -5.1365039886e-09 
0 0 -5.1365039886e-09 0 0 -5.1365039886e-09 0 0 -5.1365039886e-09 
0 0 -5.1365039886e-09 0 0 -5.1365039886e-09 0 0 -5.1365039886e-09 
0 0 -5.1365039886e-09 0 0 -5.1365039886e-09 0 0 -5.1365039886e-09 
0 0 -5.1365039886e-09 0 0 -5.1365039886e-09 0 0 -5.1365039886e-09 
0 0 -5.1365039886e-09 0 0 -5.1365039886e-09 0 0 -5.1365039886e-09 
0 0 -5.1365039886e-09 0 0 -5.1365039886e-09 0 0 -5.1365039886e-09 
0 0 -5.1365039886e-09 0 0 -5.1365039886e-09 0 0 -5.1365039886e-09 
0 0 -5.1365039886e-09 0 0 -5.1365039886e-09 0 0 -5.1365039886e-09 
0 0 -5.1365039886e-09 0 0 -5.1365039886e-09 0 0 -5.1365039886e-09 
0 0 -5.1365039886e-09 0 0 -5.1365039886e-09 0 0 -5.1365039886e-09 
0 0 -5.1365039886e-09 0 0 -5.1365039886e-09 0 0 -5.1365039886e-09 
0 0 -5.1365039886e-09 0 0 -5.1365039886e-09 0 0 -5.1365039886e-09 
0 0 -5.1365039886e-09 0 0 -5.1365039886e-09 0 0 -5.1365039886e-09 
0 0 -5.1365039886e-09 0 0 -5.1365039886e-09 0 0 -5.1365039886e-09 
0 0 -5.1365039886e-09 0 0 -5.1365039886e-09 0 0 -5.1365039886e-09 
0 0 -5.1365039886e-09 0 0 -5.1365039886e-09 0 0 -5.1365039886e-09 
0 0 -5.1365039886e-09 0 0 -5.1365039886e-09 0 0 -5.1365039886e-09 
0 0 -5.1365039886e-09 0 0 -5.1365039886e-09 0 0 -5.1365039886e-09 
0 0 -5.1365039886e-09 0 0 -5.1365039886e-09 0 0 -5.1365039886e-09 
0 0 -5.1365039886e-09 0 0 -5.1365039886e-09 0 0 -5.1365039886e-09 
0 0 -5.1365039886e-09 0 0 -5.1365039886e-09 0 0 -5.1365039886e-09 
0 0 -5.1365039886e-09 0 0 -5.1365039886e-09 0 0 -5.1365039886e-09 
0 0 -5.1365039886e-09 0 0 -5.1365039886e-09 1.3992159501e-05 3.7801477657e-06 1.1830033048e-05 
0 0 -5.1365039886e-09 0 0 -5.1365039886e-09 0 0 -5.1365039886e-09 
0 0 -5.1365039886e-09 0 0 -5.1365039886e-09 0 0 -5.1365039886e-09 

radius 1 3546 double
5e-05 5e-05 5e-05 5e-05 5e-05 5e-05 5e-05 5e-05 5e-05 
5e-05 5e-05 5e-05 5e-05 5e-05 5e-05 5e-05 5e-05 5e-05 
5e-05 5e-05 5e-05 5e-05 5e-05 5e-05 5e-05 5e-05 5e-05 
5e-05 5e-05 5e-05 5e-05 5e-05 5e-05 5e-05 5e-05 5e-05 
5e-05 5e-05 5e-05 5e-05 5e-05 5e-05 5e-05 5e-05 5e-05 
5e-05 5e-05 5e-05 5e-05 5e-05 5e-05 5e-05 5e-05 5e-05 
5e-05 5e-05 5e-05 5e-05 5e-05 5e-05 5e-05 5e-05 5e-05 
5e-05 5e-05 5e-05 5e-05 5e-05 5e-05 5e-05 5e-05 5e-05 
5e-05 5e-05 5e-05 5e-05 5e-05 5e-05 5e-05 5e-05 5e-05 
5e-05 5e-05 5e-05 5e-05 5e-05 5e-05 5e-05 5e-05 5e-05 
5e-05 5e-05 5e-05 5e-05 5e-05 5e-05 5e-05 5e-05 5e-05 
5e-05 5e-05 5e-05 5e-05 5e-05 5e-05 5e-05 5e-05 5e-05 
5e-05 5e-05 5e-05 5e-05 5e-05 5e-05 5e-05 5e-05 5e-05 
5e-05 5e-05 5e-05 5e-05 5e-05 5e-05 5e-05 5e-05 5e-05 
5e-05 5e-05 5e-05 5e-05 5e-05 5e-05 5e-05 5e-05 5e-05 
5e-05 5e-05 5e-05 5e-05 5e-05 5e-05 5e-05 5e-05 5e-05 
5e-05 5e-05 5e-05 5e-05 5e-05 5e-05 5e-05 5e-05 5e-05 
5e-05 5e-05 5e-05 5e-05 5e-05 5e-05 5e-05 5e-05 5e-05 
5e-05 5e-05 5e-05 5e-05 5e-05 5e-05 5e-05 5e-05 5e-05 
5e-05 5e-05 5e-05 5e-05 5e-05 5e-05 5e-05 5e-05 5e-05 
5e-05 5e-05 5e-05 5e-05 5e-05 5e-05 5e-05 5e-05 5e-05 
5e-05 5e-05 5e-05 5e-05 5e-05 5e-05 5e-05 5e-05 5e-05 
5e-05 5e-05 5e-05 5e-05 5e-05 5e-05 5e-05 5e-05 5e-05 
5e-05 5e-05 5e-05 5e-05 5e-05 5e-05 5e-05 5e-05 5e-05 
5e-05 5e-05 5e-05 5e-05 5e-05 5e-05 5e-05 5e-05 5e-05 
5e-05 5e-05 5e-05 5e-05 5e-05 5e-05 5e-05 5e-05 5e-05 
5e-05 5e-05 5e-05 5e-05 5e-05 5e-05 5e-05 5e-05 5e-05 
5e-05 5e-05 5e-05 5e-05 5e-05 5e-05 5e-05 5e-05 5e-05 
5e-05 5e-05 5e-05 5e-05 5e-05 5e-05 5e-05 5e-05 5e-05 
5e-05 5e-05 5e-05 5e-05 5e-05 5e-05 5e-05 5e-05 5e-05 
5e-05 5e-05 5e-05 5e-05 5e-05 5e-05 5e-05 5e-05 5e-05 
5e-05 5e-05 5e-05 5e-05 5e-05 5e-05 5e-05 5e-05 5e-05 
5e-05 5e-05 5e-05 5e-05 5e-05 5e-05 5e-05 5e-05 5e-05 
5e-05 5e-05 5e-05 5e-05 5e-05 5e-05 5e-05 5e-05 5e-05 
5e-05 5e-05 5e-05 5e-05 5e-05 5e-05 5e-05 5e-05 5e-05 
5e-05 5e-05 5e-05 5e-05 5e-05 5e-05 5e-05 5e-05 5e-05 
5e-05 5e-05 5e-05 5e-05 5e-05 5e-05 5e-05 5e-05 5e-05 
5e-05 5e-05 5e-05 5e-05 5e-05 5e-05 5e-05 5e-05 5e-05 
5e-05 5e-05 5e-05 5e-05 5e-05 5e-05 5e-05 5e-05 5e-05 
5e-05 5e-05 5e-05 5e-05 5e-05 5e-05 5e-05 5e-05 5e-05 
5e-05 5e-05 5e-05 5e-05 5e-05 5e-05 5e-05 5e-05 5e-05 
5e-05 5e-05 5e-05 5e-05 5e-05 5e-05 5e-05 5e-05 5e-05 
5e-05 5e-05 5e-05 5e-05 5e-05 5e-05 5e-05 5e-05 5e-05 
5e-05 5e-05 5e-05 5e-05 5e-05 5e-05 5e-05 5e-05 5e-05 
5e-05 5e-05 5e-05 5e-05 5e-05 5e-05 5e-05 5e-05 5e-05 
5e-05 5e-05 5e-05 5e-05 5e-05 5e-05 5e-05 5e-05 5e-05 
5e-05 5e-05 5e-05 5e-05 5e-05 5e-05 5e-05 5e-05 5e-05 
5e-05 5e-05 5e-05 5e-05 5e-05 5e-05 5e-05 5e-05 5e-05 
5e-05 5e-05 5e-05 5e-05 5e-05 5e-05 5e-05 5e-05 5e-05 
5e-05 5e-05 5e-05 5e-05 5e-05 5e-05 5e-05 5e-05 5e-05 
5e-05 5e-05 5e-05 5e-05 5e-05 5e-05 5e-05 5e-05 5e-05 
5e-05 5e-05 5e-05 5e-05 5e-05 5e-05 5e-05 5e-05 5e-05 
5e-05 5e-05 5e-05 5e-05 5e-05 5e-05 5e-05 5e-05 5e-05 
5e-05 5e-05 5e-05 5e-05 5e-05 5e-05 5e-05 5e-05 5e-05 
5e-05 5e-05 5e-05 5e-05 5e-05 5e-05 5e-05 5e-05 5e-05 
5e-05 5e-05 5e-05 5e-05 5e-05 5e-05 5e-05 5e-05 5e-05 
5e-05 5e-05 5e-05 5e-05 5e-05 5e-05 5e-05 5e-05 5e-05 
5e-05 5e-05 5e-05 5e-05 5e-05 5e-05 5e-05 5e-05 5e-05 
5e-05 5e-05 5e-05 5e-05 5e-05 5e-05 5e-05 5e-05 5e-05 
5e-05 5e-05 5e-05 5e-05 5e-05 5e-05 5e-05 5e-05 5e-05 
5e-05 5e-05 5e-05 5e-05 5e-05 5e-05 5e-05 5e-05 5e-05 
5e-05 5e-05 5e-05 5e-05 5e-05 5e-05 5e-05 5e-05 5e-05 
5e-05 5e-05 5e-05 5e-05 5e-05 5e-05 5e-05 5e-05 5e-05 
5e-05 5e-05 5e-05 5e-05 5e-05 5e-05 5e-05 5e-05 5e-05 
5e-05 5e-05 5e-05 5e-05 5e-05 5e-05 5e-05 5e-05 5e-05 
5e-05 5e-05 5e-05 5e-05 5e-05 5e-05 5e-05 5e-05 5e-05 
5e-05 5e-05 5e-05 5e-05 5e-05 5e-05 5e-05 5e-05 5e-05 
5e-05 5e-05 5e-05 5e-05 5e-05 5e-05 5e-05 5e-05 5e-05 
5e-05 5e-05 5e-05 5e-05 5e-05 5e-05 5e-05 5e-05 5e-05 
5e-05 5e-05 5e-05 5e-05 5e-05 5e-05 5e-05 5e-05 5e-05 
5e-05 5e-05 5e-05 5e-05 5e-05 5e-05 5e-05 5e-05 5e-05 
5e-05 5e-05 5e-05 5e-05 5e-05 5e-05 5e-05 5e-05 5e-05 
5e-05 5e-05 5e-05 5e-05 5e-05 5e-05 5e-05 5e-05 5e-05 
5e-05 5e-05 5e-05 5e-05 5e-05 5e-05 5e-05 5e-05 5e-05 
5e-05 5e-05 5e-05 5e-05 5e-05 5e-05 5e-05 5e-05 5e-05 
5e-05 5e-05 5e-05 5e-05 5e-05 5e-05 5e-05 5e-05 5e-05 
5e-05 5e-05 5e-05 5e-05 5e-05 5e-05 5e-05 5e-05 5e-05 
5e-05 5e-05 5e-05 5e-05 5e-05 5e-05 5e-05 5e-05 5e-05 
5e-05 5e-05 5e-05 5e-05 5e-05 5e-05 5e-05 5e-05 5e-05 
5e-05 5e-05 5e-05 5e-05 5e-05 5e-05 5e-05 5e-05 5e-05 
5e-05 5e-05 5e-05 5e-05 5e-05 5e-05 5e-05 5e-05 5e-05 
5e-05 5e-05 5e-05 5e-05 5e-05 5e-05 5e-05 5e-05 5e-05 
5e-05 5e-05 5e-05 5e-05 5e-05 5e-05 5e-05 5e-05 5e-05 
5e-05 5e-05 5e-05 5e-05 5e-05 5e-05 5e-05 5e-05 5e-05 
5e-05 5e-05 5e-05 5e-05 5e-05 5e-05 5e-05 5e-05 5e-05 
5e-05 5e-05 5e-05 5e-05 5e-05 5e-05 5e-05 5e-05 5e-05 
5e-05 5e-05 5e-05 5e-05 5e-05 5e-05 5e-05 5e-05 5e-05 
5e-05 5e-05 5e-05 5e-05 5e-05 5e-05 5e-05 5e-05 5e-05 
5e-05 5e-05 5e-05 5e-05 5e-05 5e-05 5e-05 5e-05 5e-05 
5e-05 5e-05 5e-05 5e-05 5e-05 5e-05 5e-05 5e-05 5e-05 
5e-05 5e-05 5e-05 5e-05 5e-05 5e-05 5e-05 5e-05 5e-05 
5e-05 5e-05 5e-05 5e-05 5e-05 5e-05 5e-05 5e-05 5e-05 
5e-05 5e-05 5e-05 5e-05 5e-05 5e-05 5e-05 5e-05 5e-05 
5e-05 5e-05 5e-05 5e-05 5e-05 5e-05 5e-05 5e-05 5e-05 
5e-05 5e-05 5e-05 5e-05 5e-05 5e-05 5e-05 5e-05 5e-05 
5e-05 5e-05 5e-05 5e-05 5e-05 5e-05 5e-05 5e-05 5e-05 
5e-05 5e-05 5e-05 5e-05 5e-05 5e-05 5e-05 5e-05 5e-05 
5e-05 5e-05 5e-05 5e-05 5e-05 5e-05 5e-05 5e-05 5e-05 
5e-05 5e-05 5e-05 5e-05 5e-05 5e-05 5e-05 5e-05 5e-05 
5e-05 5e-05 5e-05 5e-05 5e-05 5e-05 5e-05 5e-05 5e-05 
5e-05 5e-05 5e-05 5e-05 5e-05 5e-05 5e-05 5e-05 5e-05 
5e-05 5e-05 5e-05 5e-05 5e-05 5e-05 5e-05 5e-05 5e-05 
5e-05 5e-05 5e-05 5e-05 5e-05 5e-05 5e-05 5e-05 5e-05 
5e-05 5e-05 5e-05 5e-05 5e-05 5e-05 5e-05 5e-05 5e-05 
5e-05 5e-05 5e-05 5e-05 5e-05 5e-05 5e-05 5e-05 5e-05 
5e-05 5e-05 5e-05 5e-05 5e-05 5e-05 5e-05 5e-05 5e-05 
5e-05 5e-05 5e-05 5e-05 5e-05 5e-05 5e-05 5e-05 5e-05 
5e-05 5e-05 5e-05 5e-05 5e-05 5e-05 5e-05 5e-05 5e-05 
5e-05 5e-05 5e-05 5e-05 5e-05 5e-05 5e-05 5e-05 5e-05 
5e-05 5e-05 5e-05 5e-05 5e-05 5e-05 5e-05 5e-05 5e-05 
5e-05 5e-05 5e-05 5e-05 5e-05 5e-05 5e-05 5e-05 5e-05 
5e-05 5e-05 5e-05 5e-05 5e-05 5e-05 5e-05 5e-05 5e-05 
5e-05 5e-05 5e-05 5e-05 5e-05 5e-05 5e-05 5e-05 5e-05 
5e-05 5e-05 5e-05 5e-05 5e-05 5e-05 5e-05 5e-05 5e-05 
5e-05 5e-05 5e-05 5e-05 5e-05 5e-05 5e-05 5e-05 5e-05 
5e-05 5e-05 5e-05 5e-05 5e-05 5e-05 5e-05 5e-05 5e-05 
5e-05 5e-05 5e-05 5e-05 5e-05 5e-05 5e-05 5e-05 5e-05 
5e-05 5e-05 5e-05 5e-05 5e-05 5e-05 5e-05 5e-05 5e-05 
5e-05 5e-05 5e-05 5e-05 5e-05 5e-05 5e-05 5e-05 5e-05 
5e-05 5e-05 5e-05 5e-05 5e-05 5e-05 5e-05 5e-05 5e-05 
5e-05 5e-05 5e-05 5e-05 5e-05 5e-05 5e-05 5e-05 5e-05 
5e-05 5e-05 5e-05 5e-05 5e-05 5e-05 5e-05 5e-05 5e-05 
5e-05 5e-05 5e-05 5e-05 5e-05 5e-05 5e-05 5e-05 5e-05 
5e-05 5e-05 5e-05 5e-05 5e-05 5e-05 5e-05 5e-05 5e-05 
5e-05 5e-05 5e-05 5e-05 5e-05 5e-05 5e-05 5e-05 5e-05 
5e-05 5e-05 5e-05 5e-05 5e-05 5e-05 5e-05 5e-05 5e-05 
5e-05 5e-05 5e-05 5e-05 5e-05 5e-05 5e-05 5e-05 5e-05 
5e-05 5e-05 5e-05 5e-05 5e-05 5e-05 5e-05 5e-05 5e-05 
5e-05 5e-05 5e-05 5e-05 5e-05 5e-05 5e-05 5e-05 5e-05 
5e-05 5e-05 5e-05 5e-05 5e-05 5e-05 5e-05 5e-05 5e-05 
5e-05 5e-05 5e-05 5e-05 5e-05 5e-05 5e-05 5e-05 5e-05 
5e-05 5e-05 5e-05 5e-05 5e-05 5e-05 5e-05 5e-05 5e-05 
5e-05 5e-05 5e-05 5e-05 5e-05 5e-05 5e-05 5e-05 5e-05 
5e-05 5e-05 5e-05 5e-05 5e-05 5e-05 5e-05 5e-05 5e-05 
5e-05 5e-05 5e-05 5e-05 5e-05 5e-05 5e-05 5e-05 5e-05 
5e-05 5e-05 5e-05 5e-05 5e-05 5e-05 5e-05 5e-05 5e-05 
5e-05 5e-05 5e-05 5e-05 5e-05 5e-05 5e-05 5e-05 5e-05 
5e-05 5e-05 5e-05 5e-05 5e-05 5e-05 5e-05 5e-05 5e-05 
5e-05 5e-05 5e-05 5e-05 5e-05 5e-05 5e-05 5e-05 5e-05 
5e-05 5e-05 5e-05 5e-05 5e-05 5e-05 5e-05 5e-05 5e-05 
5e-05 5e-05 5e-05 5e-05 5e-05 5e-05 5e-05 5e-05 5e-05 
5e-05 5e-05 5e-05 5e-05 5e-05 5e-05 5e-05 5e-05 5e-05 
5e-05 5e-05 5e-05 5e-05 5e-05 5e-05 5e-05 5e-05 5e-05 
5e-05 5e-05 5e-05 5e-05 5e-05 5e-05 5e-05 5e-05 5e-05 
5e-05 5e-05 5e-05 5e-05 5e-05 5e-05 5e-05 5e-05 5e-05 
5e-05 5e-05 5e-05 5e-05 5e-05 5e-05 5e-05 5e-05 5e-05 
5e-05 5e-05 5e-05 5e-05 5e-05 5e-05 5e-05 5e-05 5e-05 
5e-05 5e-05 5e-05 5e-05 5e-05 5e-05 5e-05 5e-05 5e-05 
5e-05 5e-05 5e-05 5e-05 5e-05 5e-05 5e-05 5e-05 5e-05 
5e-05 5e-05 5e-05 5e-05 5e-05 5e-05 5e-05 5e-05 5e-05 
5e-05 5e-05 5e-05 5e-05 5e-05 5e-05 5e-05 5e-05 5e-05 
5e-05 5e-05 5e-05 5e-05 5e-05 5e-05 5e-05 5e-05 5e-05 
5e-05 5e-05 5e-05 5e-05 5e-05 5e-05 5e-05 5e-05 5e-05 
5e-05 5e-05 5e-05 5e-05 5e-05 5e-05 5e-05 5e-05 5e-05 
5e-05 5e-05 5e-05 5e-05 5e-05 5e-05 5e-05 5e-05 5e-05 
5e-05 5e-05 5e-05 5e-05 5e-05 5e-05 5e-05 5e-05 5e-05 
5e-05 5e-05 5e-05 5e-05 5e-05 5e-05 5e-05 5e-05 5e-05 
5e-05 5e-05 5e-05 5e-05 5e-05 5e-05 5e-05 5e-05 5e-05 
5e-05 5e-05 5e-05 5e-05 5e-05 5e-05 5e-05 5e-05 5e-05 
5e-05 5e-05 5e-05 5e-05 5e-05 5e-05 5e-05 5e-05 5e-05 
5e-05 5e-05 5e-05 5e-05 5e-05 5e-05 5e-05 5e-05 5e-05 
5e-05 5e-05 5e-05 5e-05 5e-05 5e-05 5e-05 5e-05 5e-05 
5e-05 5e-05 5e-05 5e-05 5e-05 5e-05 5e-05 5e-05 5e-05 
5e-05 5e-05 5e-05 5e-05 5e-05 5e-05 5e-05 5e-05 5e-05 
5e-05 5e-05 5e-05 5e-05 5e-05 5e-05 5e-05 5e-05 5e-05 
5e-05 5e-05 5e-05 5e-05 5e-05 5e-05 5e-05 5e-05 5e-05 
5e-05 5e-05 5e-05 5e-05 5e-05 5e-05 5e-05 5e-05 5e-05 
5e-05 5e-05 5e-05 5e-05 5e-05 5e-05 5e-05 5e-05 5e-05 
5e-05 5e-05 5e-05 5e-05 5e-05 5e-05 5e-05 5e-05 5e-05 
5e-05 5e-05 5e-05 5e-05 5e-05 5e-05 5e-05 5e-05 5e-05 
5e-05 5e-05 5e-05 5e-05 5e-05 5e-05 5e-05 5e-05 5e-05 
5e-05 5e-05 5e-05 5e-05 5e-05 5e-05 5e-05 5e-05 5e-05 
5e-05 5e-05 5e-05 5e-05 5e-05 5e-05 5e-05 5e-05 5e-05 
5e-05 5e-05 5e-05 5e-05 5e-05 5e-05 5e-05 5e-05 5e-05 
5e-05 5e-05 5e-05 5e-05 5e-05 5e-05 5e-05 5e-05 5e-05 
5e-05 5e-05 5e-05 5e-05 5e-05 5e-05 5e-05 5e-05 5e-05 
5e-05 5e-05 5e-05 5e-05 5e-05 5e-05 5e-05 5e-05 5e-05 
5e-05 5e-05 5e-05 5e-05 5e-05 5e-05 5e-05 5e-05 5e-05 
5e-05 5e-05 5e-05 5e-05 5e-05 5e-05 5e-05 5e-05 5e-05 
5e-05 5e-05 5e-05 5e-05 5e-05 5e-05 5e-05 5e-05 5e-05 
5e-05 5e-05 5e-05 5e-05 5e-05 5e-05 5e-05 5e-05 5e-05 
5e-05 5e-05 5e-05 5e-05 5e-05 5e-05 5e-05 5e-05 5e-05 
5e-05 5e-05 5e-05 5e-05 5e-05 5e-05 5e-05 5e-05 5e-05 
5e-05 5e-05 5e-05 5e-05 5e-05 5e-05 5e-05 5e-05 5e-05 
5e-05 5e-05 5e-05 5e-05 5e-05 5e-05 5e-05 5e-05 5e-05 
5e-05 5e-05 5e-05 5e-05 5e-05 5e-05 5e-05 5e-05 5e-05 
5e-05 5e-05 5e-05 5e-05 5e-05 5e-05 5e-05 5e-05 5e-05 
5e-05 5e-05 5e-05 5e-05 5e-05 5e-05 5e-05 5e-05 5e-05 
5e-05 5e-05 5e-05 5e-05 5e-05 5e-05 5e-05 5e-05 5e-05 
5e-05 5e-05 5e-05 5e-05 5e-05 5e-05 5e-05 5e-05 5e-05 
5e-05 5e-05 5e-05 5e-05 5e-05 5e-05 5e-05 5e-05 5e-05 
5e-05 5e-05 5e-05 5e-05 5e-05 5e-05 5e-05 5e-05 5e-05 
5e-05 5e-05 5e-05 5e-05 5e-05 5e-05 5e-05 5e-05 5e-05 
5e-05 5e-05 5e-05 5e-05 5e-05 5e-05 5e-05 5e-05 5e-05 
5e-05 5e-05 5e-05 5e-05 5e-05 5e-05 5e-05 5e-05 5e-05 
5e-05 5e-05 5e-05 5e-05 5e-05 5e-05 5e-05 5e-05 5e-05 
5e-05 5e-05 5e-05 5e-05 5e-05 5e-05 5e-05 5e-05 5e-05 
5e-05 5e-05 5e-05 5e-05 5e-05 5e-05 5e-05 5e-05 5e-05 
5e-05 5e-05 5e-05 5e-05 5e-05 5e-05 5e-05 5e-05 5e-05 
5e-05 5e-05 5e-05 5e-05 5e-05 5e-05 5e-05 5e-05 5e-05 
5e-05 5e-05 5e-05 5e-05 5e-05 5e-05 5e-05 5e-05 5e-05 
5e-05 5e-05 5e-05 5e-05 5e-05 5e-05 5e-05 5e-05 5e-05 
5e-05 5e-05 5e-05 5e-05 5e-05 5e-05 5e-05 5e-05 5e-05 
5e-05 5e-05 5e-05 5e-05 5e-05 5e-05 5e-05 5e-05 5e-05 
5e-05 5e-05 5e-05 5e-05 5e-05 5e-05 5e-05 5e-05 5e-05 
5e-05 5e-05 5e-05 5e-05 5e-05 5e-05 5e-05 5e-05 5e-05 
5e-05 5e-05 5e-05 5e-05 5e-05 5e-05 5e-05 5e-05 5e-05 
5e-05 5e-05 5e-05 5e-05 5e-05 5e-05 5e-05 5e-05 5e-05 
5e-05 5e-05 5e-05 5e-05 5e-05 5e-05 5e-05 5e-05 5e-05 
5e-05 5e-05 5e-05 5e-05 5e-05 5e-05 5e-05 5e-05 5e-05 
5e-05 5e-05 5e-05 5e-05 5e-05 5e-05 5e-05 5e-05 5e-05 
5e-05 5e-05 5e-05 5e-05 5e-05 5e-05 5e-05 5e-05 5e-05 
5e-05 5e-05 5e-05 5e-05 5e-05 5e-05 5e-05 5e-05 5e-05 
5e-05 5e-05 5e-05 5e-05 5e-05 5e-05 5e-05 5e-05 5e-05 
5e-05 5e-05 5e-05 5e-05 5e-05 5e-05 5e-05 5e-05 5e-05 
5e-05 5e-05 5e-05 5e-05 5e-05 5e-05 5e-05 5e-05 5e-05 
5e-05 5e-05 5e-05 5e-05 5e-05 5e-05 5e-05 5e-05 5e-05 
5e-05 5e-05 5e-05 5e-05 5e-05 5e-05 5e-05 5e-05 5e-05 
5e-05 5e-05 5e-05 5e-05 5e-05 5e-05 5e-05 5e-05 5e-05 
5e-05 5e-05 5e-05 5e-05 5e-05 5e-05 5e-05 5e-05 5e-05 
5e-05 5e-05 5e-05 5e-05 5e-05 5e-05 5e-05 5e-05 5e-05 
5e-05 5e-05 5e-05 5e-05 5e-05 5e-05 5e-05 5e-05 5e-05 
5e-05 5e-05 5e-05 5e-05 5e-05 5e-05 5e-05 5e-05 5e-05 
5e-05 5e-05 5e-05 5e-05 5e-05 5e-05 5e-05 5e-05 5e-05 
5e-05 5e-05 5e-05 5e-05 5e-05 5e-05 5e-05 5e-05 5e-05 
5e-05 5e-05 5e-05 5e-05 5e-05 5e-05 5e-05 5e-05 5e-05 
5e-05 5e-05 5e-05 5e-05 5e-05 5e-05 5e-05 5e-05 5e-05 
5e-05 5e-05 5e-05 5e-05 5e-05 5e-05 5e-05 5e-05 5e-05 
5e-05 5e-05 5e-05 5e-05 5e-05 5e-05 5e-05 5e-05 5e-05 
5e-05 5e-05 5e-05 5e-05 5e-05 5e-05 5e-05 5e-05 5e-05 
5e-05 5e-05 5e-05 5e-05 5e-05 5e-05 5e-05 5e-05 5e-05 
5e-05 5e-05 5e-05 5e-05 5e-05 5e-05 5e-05 5e-05 5e-05 
5e-05 5e-05 5e-05 5e-05 5e-05 5e-05 5e-05 5e-05 5e-05 
5e-05 5e-05 5e-05 5e-05 5e-05 5e-05 5e-05 5e-05 5e-05 
5e-05 5e-05 5e-05 5e-05 5e-05 5e-05 5e-05 5e-05 5e-05 
5e-05 5e-05 5e-05 5e-05 5e-05 5e-05 5e-05 5e-05 5e-05 
5e-05 5e-05 5e-05 5e-05 5e-05 5e-05 5e-05 5e-05 5e-05 
5e-05 5e-05 5e-05 5e-05 5e-05 5e-05 5e-05 5e-05 5e-05 
5e-05 5e-05 5e-05 5e-05 5e-05 5e-05 5e-05 5e-05 5e-05 
5e-05 5e-05 5e-05 5e-05 5e-05 5e-05 5e-05 5e-05 5e-05 
5e-05 5e-05 5e-05 5e-05 5e-05 5e-05 5e-05 5e-05 5e-05 
5e-05 5e-05 5e-05 5e-05 5e-05 5e-05 5e-05 5e-05 5e-05 
5e-05 5e-05 5e-05 5e-05 5e-05 5e-05 5e-05 5e-05 5e-05 
5e-05 5e-05 5e-05 5e-05 5e-05 5e-05 5e-05 5e-05 5e-05 
5e-05 5e-05 5e-05 5e-05 5e-05 5e-05 5e-05 5e-05 5e-05 
5e-05 5e-05 5e-05 5e-05 5e-05 5e-05 5e-05 5e-05 5e-05 
5e-05 5e-05 5e-05 5e-05 5e-05 5e-05 5e-05 5e-05 5e-05 
5e-05 5e-05 5e-05 5e-05 5e-05 5e-05 5e-05 5e-05 5e-05 
5e-05 5e-05 5e-05 5e-05 5e-05 5e-05 5e-05 5e-05 5e-05 
5e-05 5e-05 5e-05 5e-05 5e-05 5e-05 5e-05 5e-05 5e-05 
5e-05 5e-05 5e-05 5e-05 5e-05 5e-05 5e-05 5e-05 5e-05 
5e-05 5e-05 5e-05 5e-05 5e-05 5e-05 5e-05 5e-05 5e-05 
5e-05 5e-05 5e-05 5e-05 5e-05 5e-05 5e-05 5e-05 5e-05 
5e-05 5e-05 5e-05 5e-05 5e-05 5e-05 5e-05 5e-05 5e-05 
5e-05 5e-05 5e-05 5e-05 5e-05 5e-05 5e-05 5e-05 5e-05 
5e-05 5e-05 5e-05 5e-05 5e-05 5e-05 5e-05 5e-05 5e-05 
5e-05 5e-05 5e-05 5e-05 5e-05 5e-05 5e-05 5e-05 5e-05 
5e-05 5e-05 5e-05 5e-05 5e-05 5e-05 5e-05 5e-05 5e-05 
5e-05 5e-05 5e-05 5e-05 5e-05 5e-05 5e-05 5e-05 5e-05 
5e-05 5e-05 5e-05 5e-05 5e-05 5e-05 5e-05 5e-05 5e-05 
5e-05 5e-05 5e-05 5e-05 5e-05 5e-05 5e-05 5e-05 5e-05 
5e-05 5e-05 5e-05 5e-05 5e-05 5e-05 5e-05 5e-05 5e-05 
5e-05 5e-05 5e-05 5e-05 5e-05 5e-05 5e-05 5e-05 5e-05 
5e-05 5e-05 5e-05 5e-05 5e-05 5e-05 5e-05 5e-05 5e-05 
5e-05 5e-05 5e-05 5e-05 5e-05 5e-05 5e-05 5e-05 5e-05 
5e-05 5e-05 5e-05 5e-05 5e-05 5e-05 5e-05 5e-05 5e-05 
5e-05 5e-05 5e-05 5e-05 5e-05 5e-05 5e-05 5e-05 5e-05 
5e-05 5e-05 5e-05 5e-05 5e-05 5e-05 5e-05 5e-05 5e-05 
5e-05 5e-05 5e-05 5e-05 5e-05 5e-05 5e-05 5e-05 5e-05 
5e-05 5e-05 5e-05 5e-05 5e-05 5e-05 5e-05 5e-05 5e-05 
5e-05 5e-05 5e-05 5e-05 5e-05 5e-05 5e-05 5e-05 5e-05 
5e-05 5e-05 5e-05 5e-05 5e-05 5e-05 5e-05 5e-05 5e-05 
5e-05 5e-05 5e-05 5e-05 5e-05 5e-05 5e-05 5e-05 5e-05 
5e-05 5e-05 5e-05 5e-05 5e-05 5e-05 5e-05 5e-05 5e-05 
5e-05 5e-05 5e-05 5e-05 5e-05 5e-05 5e-05 5e-05 5e-05 
5e-05 5e-05 5e-05 5e-05 5e-05 5e-05 5e-05 5e-05 5e-05 
5e-05 5e-05 5e-05 5e-05 5e-05 5e-05 5e-05 5e-05 5e-05 
5e-05 5e-05 5e-05 5e-05 5e-05 5e-05 5e-05 5e-05 5e-05 
5e-05 5e-05 5e-05 5e-05 5e-05 5e-05 5e-05 5e-05 5e-05 
5e-05 5e-05 5e-05 5e-05 5e-05 5e-05 5e-05 5e-05 5e-05 
5e-05 5e-05 5e-05 5e-05 5e-05 5e-05 5e-05 5e-05 5e-05 
5e-05 5e-05 5e-05 5e-05 5e-05 5e-05 5e-05 5e-05 5e-05 
5e-05 5e-05 5e-05 5e-05 5e-05 5e-05 5e-05 5e-05 5e-05 
5e-05 5e-05 5e-05 5e-05 5e-05 5e-05 5e-05 5e-05 5e-05 
5e-05 5e-05 5e-05 5e-05 5e-05 5e-05 5e-05 5e-05 5e-05 
5e-05 5e-05 5e-05 5e-05 5e-05 5e-05 5e-05 5e-05 5e-05 
5e-05 5e-05 5e-05 5e-05 5e-05 5e-05 5e-05 5e-05 5e-05 
5e-05 5e-05 5e-05 5e-05 5e-05 5e-05 5e-05 5e-05 5e-05 
5e-05 5e-05 5e-05 5e-05 5e-05 5e-05 5e-05 5e-05 5e-05 
5e-05 5e-05 5e-05 5e-05 5e-05 5e-05 5e-05 5e-05 5e-05 
5e-05 5e-05 5e-05 5e-05 5e-05 5e-05 5e-05 5e-05 5e-05 
5e-05 5e-05 5e-05 5e-05 5e-05 5e-05 5e-05 5e-05 5e-05 
5e-05 5e-05 5e-05 5e-05 5e-05 5e-05 5e-05 5e-05 5e-05 
5e-05 5e-05 5e-05 5e-05 5e-05 5e-05 5e-05 5e-05 5e-05 
5e-05 5e-05 5e-05 5e-05 5e-05 5e-05 5e-05 5e-05 5e-05 
5e-05 5e-05 5e-05 5e-05 5e-05 5e-05 5e-05 5e-05 5e-05 
5e-05 5e-05 5e-05 5e-05 5e-05 5e-05 5e-05 5e-05 5e-05 
5e-05 5e-05 5e-05 5e-05 5e-05 5e-05 5e-05 5e-05 5e-05 
5e-05 5e-05 5e-05 5e-05 5e-05 5e-05 5e-05 5e-05 5e-05 
5e-05 5e-05 5e-05 5e-05 5e-05 5e-05 5e-05 5e-05 5e-05 
5e-05 5e-05 5e-05 5e-05 5e-05 5e-05 5e-05 5e-05 5e-05 
5e-05 5e-05 5e-05 5e-05 5e-05 5e-05 5e-05 5e-05 5e-05 
5e-05 5e-05 5e-05 5e-05 5e-05 5e-05 5e-05 5e-05 5e-05 
5e-05 5e-05 5e-05 5e-05 5e-05 5e-05 5e-05 5e-05 5e-05 
5e-05 5e-05 5e-05 5e-05 5e-05 5e-05 5e-05 5e-05 5e-05 
5e-05 5e-05 5e-05 5e-05 5e-05 5e-05 5e-05 5e-05 5e-05 
5e-05 5e-05 5e-05 5e-05 5e-05 5e-05 5e-05 5e-05 5e-05 
5e-05 5e-05 5e-05 5e-05 5e-05 5e-05 5e-05 5e-05 5e-05 
5e-05 5e-05 5e-05 5e-05 5e-05 5e-05 5e-05 5e-05 5e-05 
5e-05 5e-05 5e-05 5e-05 5e-05 5e-05 5e-05 5e-05 5e-05 
5e-05 5e-05 5e-05 5e-05 5e-05 5e-05 5e-05 5e-05 5e-05 
5e-05 5e-05 5e-05 5e-05 5e-05 5e-05 5e-05 5e-05 5e-05 
5e-05 5e-05 5e-05 5e-05 5e-05 5e-05 5e-05 5e-05 5e-05 
5e-05 5e-05 5e-05 5e-05 5e-05 5e-05 5e-05 5e-05 5e-05 
5e-05 5e-05 5e-05 5e-05 5e-05 5e-05 5e-05 5e-05 5e-05 
5e-05 5e-05 5e-05 5e-05 5e-05 5e-05 5e-05 5e-05 5e-05 
5e-05 5e-05 5e-05 5e-05 5e-05 5e-05 5e-05 5e-05 5e-05 
5e-05 5e-05 5e-05 5e-05 5e-05 5e-05 5e-05 5e-05 5e-05 
5e-05 5e-05 5e-05 5e-05 5e-05 5e-05 5e-05 5e-05 5e-05 
5e-05 5e-05 5e-05 5e-05 5e-05 5e-05 5e-05 5e-05 5e-05 
5e-05 5e-05 5e-05 5e-05 5e-05 5e-05 5e-05 5e-05 5e-05 
5e-05 5e-05 5e-05 5e-05 5e-05 5e-05 5e-05 5e-05 5e-05 
5e-05 5e-05 5e-05 5e-05 5e-05 5e-05 5e-05 5e-05 5e-05 
5e-05 5e-05 5e-05 5e-05 5e-05 5e-05 5e-05 5e-05 5e-05 
5e-05 5e-05 5e-05 5e-05 5e-05 5e-05 5e-05 5e-05 5e-05 
5e-05 5e-05 5e-05 5e-05 5e-05 5e-05 5e-05 5e-05 5e-05 
5e-05 5e-05 5e-05 5e-05 5e-05 5e-05 5e-05 5e-05 5e-05 
5e-05 5e-05 5e-05 5e-05 5e-05 5e-05 5e-05 5e-05 5e-05 
5e-05 5e-05 5e-05 5e-05 5e-05 5e-05 5e-05 5e-05 5e-05 
5e-05 5e-05 5e-05 5e-05 5e-05 5e-05 5e-05 5e-05 5e-05 
5e-05 5e-05 5e-05 5e-05 5e-05 5e-05 5e-05 5e-05 5e-05 
5e-05 5e-05 5e-05 5e-05 5e-05 5e-05 5e-05 5e-05 5e-05 
5e-05 5e-05 5e-05 5e-05 5e-05 5e-05 5e-05 5e-05 5e-05 
5e-05 5e-05 5e-05 5e-05 5e-05 5e-05 5e-05 5e-05 5e-05 
5e-05 5e-05 5e-05 5e-05 5e-05 5e-05 5e-05 5e-05 5e-05 
5e-05 5e-05 5e-05 5e-05 5e-05 5e-05 5e-05 5e-05 5e-05 
5e-05 5e-05 5e-05 5e-05 5e-05 5e-05 5e-05 5e-05 5e-05 
5e-05 5e-05 5e-05 5e-05 5e-05 5e-05 5e-05 5e-05 5e-05 
5e-05 5e-05 5e-05 5e-05 5e-05 5e-05 5e-05 5e-05 5e-05 
5e-05 5e-05 5e-05 5e-05 5e-05 5e-05 5e-05 5e-05 5e-05 
5e-05 5e-05 5e-05 5e-05 5e-05 5e-05 5e-05 5e-05 5e-05 
5e-05 5e-05 5e-05 5e-05 5e-05 5e-05 5e-05 5e-05 5e-05 
5e-05 5e-05 5e-05 5e-05 5e-05 5e-05 5e-05 5e-05 5e-05 
5e-05 5e-05 5e-05 5e-05 5e-05 5e-05 5e-05 5e-05 5e-05 
5e-05 5e-05 5e-05 5e-05 5e-05 5e-05 5e-05 5e-05 5e-05 
5e-05 5e-05 5e-05 5e-05 5e-05 5e-05 5e-05 5e-05 5e-05 
5e-05 5e-05 5e-05 5e-05 5e-05 5e-05 5e-05 5e-05 5e-05 
5e-05 5e-05 5e-05 5e-05 5e-05 5e-05 5e-05 5e-05 5e-05 
5e-05 5e-05 5e-05 5e-05 5e-05 5e-05 5e-05 5e-05 5e-05 
5e-05 5e-05 5e-05 5e-05 5e-05 5e-05 5e-05 5e-05 5e-05 
5e-05 5e-05 5e-05 5e-05 5e-05 5e-05 5e-05 5e-05 5e-05 
5e-05 5e-05 5e-05 5e-05 5e-05 5e-05 5e-05 5e-05 5e-05 
5e-05 5e-05 5e-05 5e-05 5e-05 5e-05 5e-05 5e-05 5e-05 
5e-05 5e-05 5e-05 5e-05 5e-05 5e-05 5e-05 5e-05 5e-05 
5e-05 5e-05 5e-05 5e-05 5e-05 5e-05 5e-05 5e-05 5e-05 
5e-05 5e-05 5e-05 5e-05 5e-05 5e-05 5e-05 5e-05 5e-05 
5e-05 5e-05 5e-05 5e-05 5e-05 5e-05 5e-05 5e-05 5e-05 
5e-05 5e-05 5e-05 5e-05 5e-05 5e-05 5e-05 5e-05 5e-05 
5e-05 5e-05 5e-05 5e-05 5e-05 5e-05 5e-05 5e-05 5e-05 
5e-05 5e-05 5e-05 5e-05 5e-05 5e-05 5e-05 5e-05 5e-05 
5e-05 5e-05 5e-05 5e-05 5e-05 5e-05 5e-05 5e-05 5e-05 
5e-05 5e-05 5e-05 5e-05 5e-05 5e-05 5e-05 5e-05 5e-05 
5e-05 5e-05 5e-05 5e-05 5e-05 5e-05 5e-05 5e-05 5e-05 
5e-05 5e-05 5e-05 5e-05 5e-05 5e-05 5e-05 5e-05 5e-05 
5e-05 5e-05 5e-05 5e-05 5e-05 5e-05 5e-05 5e-05 5e-05 
5e-05 5e-05 5e-05 5e-05 5e-05 5e-05 5e-05 5e-05 5e-05 
5e-05 5e-05 5e-05 5e-05 5e-05 5e-05 5e-05 5e-05 5e-05 
5e-05 5e-05 5e-05 5e-05 5e-05 5e-05 5e-05 5e-05 5e-05 
5e-05 5e-05 5e-05 5e-05 5e-05 5e-05 5e-05 5e-05 5e-05 
5e-05 5e-05 5e-05 5e-05 5e-05 5e-05 5e-05 5e-05 5e-05 
5e-05 5e-05 5e-05 5e-05 5e-05 5e-05 5e-05 5e-05 5e-05 
5e-05 5e-05 5e-05 5e-05 5e-05 5e-05 5e-05 5e-05 5e-05 
5e-05 5e-05 5e-05 5e-05 5e-05 5e-05 5e-05 5e-05 5e-05 
5e-05 5e-05 5e-05 5e-05 5e-05 5e-05 5e-05 5e-05 5e-05 
5e-05 5e-05 5e-05 5e-05 5e-05 5e-05 5e-05 5e-05 5e-05 
5e-05 5e-05 5e-05 5e-05 5e-05 5e-05 5e-05 5e-05 5e-05 
5e-05 5e-05 5e-05 5e-05 5e-05 5e-05 5e-05 5e-05 5e-05 
5e-05 5e-05 5e-05 5e-05 5e-05 5e-05 5e-05 5e-05 5e-05 
5e-05 5e-05 5e-05 5e-05 5e-05 5e-05 5e-05 5e-05 5e-05 
5e-05 5e-05 5e-05 5e-05 5e-05 5e-05 5e-05 5e-05 5e-05 
5e-05 5e-05 5e-05 5e-05 5e-05 5e-05 5e-05 5e-05 5e-05 
5e-05 5e-05 5e-05 5e-05 5e-05 5e-05 5e-05 5e-05 5e-05 
5e-05 5e-05 5e-05 5e-05 5e-05 5e-05 5e-05 5e-05 5e-05 
5e-05 5e-05 5e-05 5e-05 5e-05 5e-05 5e-05 5e-05 5e-05 
5e-05 5e-05 5e-05 5e-05 5e-05 5e-05 5e-05 5e-05 5e-05 
5e-05 5e-05 5e-05 5e-05 5e-05 5e-05 5e-05 5e-05 5e-05 
5e-05 5e-05 5e-05 5e-05 5e-05 5e-05 5e-05 5e-05 5e-05 
5e-05 5e-05 5e-05 5e-05 5e-05 5e-05 5e-05 5e-05 5e-05 
5e-05 5e-05 5e-05 5e-05 5e-05 5e-05 5e-05 5e-05 5e-05 
5e-05 5e-05 5e-05 5e-05 5e-05 5e-05 5e-05 5e-05 5e-05 
5e-05 5e-05 5e-05 5e-05 5e-05 5e-05 5e-05 5e-05 5e-05 
5e-05 5e-05 5e-05 5e-05 5e-05 5e-05 5e-05 5e-05 5e-05 
5e-05 5e-05 5e-05 5e-05 5e-05 5e-05 5e-05 5e-05 5e-05 
5e-05 5e-05 5e-05 5e-05 5e-05 5e-05 5e-05 5e-05 5e-05 

