# vtk DataFile Version 5.1
Generated by LIGGGHTS
ASCII
DATASET POLYDATA
POINTS 1888 float
0.000415893 -0.000261758 0.00322611 1.21789e-05 0.000808433 0.00319634 0.000678266 0.000971579 0.00317097 
0.000608758 -0.0001357 -0.0136447 -0.000476686 0.000491945 -0.0139837 -0.000858806 -0.000129407 -0.0137359 
-8.40398e-05 -0.000713276 -0.0132476 0.000348656 -0.000138694 -0.0135854 -2.07825e-05 0.000352712 -0.0136712 
0.00082655 0.000746454 -0.0136406 0.000332524 -0.000722873 -0.0134141 -0.00043314 2.7596e-05 -0.0134289 
0.000134841 0.000724436 0.00341379 -6.81872e-05 -2.39294e-05 -0.0131094 -0.000633763 0.000865838 -0.0127826 
-0.000692125 -0.000710544 -0.01265 -0.000691528 -0.000268755 -0.0125966 0.000100368 -0.000151601 -0.0125064 
-0.000186458 0.000219709 -0.0126566 -0.000392475 -0.000558188 -0.0124814 -0.000249159 -0.000314258 -0.012405 
0.000159548 0.000975565 -0.01246 0.000992369 -0.000292272 -0.0122587 -0.000525596 0.000529791 -0.0120583 
-0.000376303 0.00039806 -0.0118194 -0.000248562 0.00037622 -0.0117048 -0.000535334 0.000727002 -0.0117667 
3.55706e-05 -0.000689517 -0.011586 -0.000643081 -0.000489658 -0.0115845 0.00072292 -0.000564211 -0.0114506 
0.000762405 9.08838e-05 -0.0114186 0.000495186 0.000517974 -0.0113713 0.000689276 0.000480497 -0.0112445 
-8.54614e-05 -0.000550226 -0.0111548 -0.000379607 -0.000743812 -0.0110836 -0.000266432 -1.5227e-05 -0.010997 
9.37249e-05 0.000134698 -0.0110756 -0.000191212 0.000317364 -0.0109853 0.000544445 0.000132185 -0.0108635 
-0.000287926 -0.00026104 -0.0106395 -0.000248257 -0.000103525 -0.0106017 -5.38194e-05 -7.43366e-05 -0.0106801 
8.63747e-07 0.000559383 -0.0106218 0.000234419 0.000432394 -0.010553 5.82983e-05 -0.000561995 -0.0105881 
-0.000538068 -0.000135754 -0.0104679 -6.98082e-05 -0.000237479 -0.010593 0.000249752 -3.94803e-06 -0.0105463 
0.000126508 0.000424558 -0.0105421 2.76499e-05 -0.000404807 -0.0103209 0.000119849 0.000474607 -0.0103863 
-0.000270469 -7.23155e-05 -0.0102678 -8.44492e-05 -0.00017435 -0.0101247 0.000289786 0.000200149 -0.0100074 
5.01374e-06 0.000375654 -0.00997558 -0.000217706 -0.000286817 -0.00993779 1.93783e-05 -5.30948e-05 -0.00983245 
0.000188431 -0.000222624 -0.00978449 -0.00035918 9.75667e-05 -0.00971695 -6.53511e-05 -6.28263e-05 -0.00973498 
0.00013395 0.000176145 -0.00974607 2.76155e-05 -0.000115366 -0.00953287 5.50127e-05 2.87592e-05 -0.00962628 
-0.000105449 2.81717e-05 -0.00941594 0.000131541 2.79318e-06 -0.00948998 2.46816e-05 6.31626e-05 -0.00951029 
-0.000122141 -0.000308457 -0.0092091 -1.10006e-05 -0.000326371 -0.00919107 0.000106588 -0.000310574 -0.00921479 
0.000232485 -0.000239878 -0.00921096 -0.000264651 -0.000201975 -0.00922098 7.1036e-05 -0.000174323 -0.00932051 
0.00029837 -0.000141191 -0.00921663 -0.000331671 4.12537e-05 -0.00922094 -0.000331398 -5.52066e-05 -0.0092154 
-0.000177202 -8.00524e-05 -0.00945893 -6.42493e-05 -3.98269e-05 -0.00929221 0.000159487 -5.95043e-05 -0.00938399 
0.000332973 -5.19803e-05 -0.00919626 -0.000303582 0.000133484 -0.0091924 -0.000143594 6.91591e-05 -0.0092374 
-2.94721e-05 0.000180963 -0.00940087 9.91101e-05 0.000154933 -0.00930276 0.000312846 9.71691e-05 -0.0092154 
-0.000113225 0.000311219 -0.00917475 -0.000194186 0.000265197 -0.00921571 2.78652e-05 0.000327312 -0.00921075 
0.000120037 0.000308221 -0.00919187 0.000213904 0.000249551 -0.00917831 -0.000229331 -0.000232413 -0.0091209 
-7.96714e-05 -0.000325145 -0.00905171 -0.000155225 -0.000293793 -0.00911489 4.73623e-05 -0.000323277 -0.00904585 
0.000188448 -0.000272428 -0.00907603 -0.000313723 -0.000106242 -0.00904142 -0.000261908 -0.000211135 -0.00902954 
-0.000299104 -0.000136935 -0.00916985 4.76559e-05 -0.000233096 -0.0092407 0.000281494 -0.000180761 -0.00914327 
0.000254516 -0.000214104 -0.00903634 -0.000328967 -4.07394e-05 -0.00912291 -0.000327232 6.15344e-05 -0.00906967 
-0.00016378 -4.84194e-05 -0.0092467 -5.11529e-05 -7.30323e-05 -0.00912556 0.000329153 -3.47657e-05 -0.00909607 
0.000327297 3.53402e-05 -0.00916085 0.000327501 3.59524e-05 -0.00903319 -0.000282911 0.000172921 -0.00909497 
-9.09266e-05 0.000132874 -0.00916912 0.000285141 0.00017074 -0.00914878 0.000285342 0.000175756 -0.00905699 
-0.000157455 0.000291921 -0.00902295 -0.000216764 0.000244217 -0.00912628 4.17313e-05 0.000327053 -0.0090343 
-2.75088e-05 0.000330454 -0.00912194 -4.90439e-05 0.00032886 -0.00902367 0.00016484 0.000282896 -0.00908094 
-0.000197782 -0.000266437 -0.00896949 -8.21482e-05 -0.000321779 -0.00888542 -1.38635e-05 -0.000331123 -0.00895191 
0.000127271 -0.000306985 -0.00896717 -0.000296052 -0.000149656 -0.00893397 -3.32758e-05 -0.000218893 -0.00912406 
0.000320643 -8.47659e-05 -0.00899994 0.000239713 -0.000228487 -0.0088747 0.000291762 -0.000151515 -0.0089202 
-0.000323595 -7.65814e-05 -0.0088794 -0.000331771 -3.48871e-06 -0.00899403 -0.00032539 5.48658e-05 -0.00887678 
0.000153892 5.24079e-05 -0.00914087 0.000332315 2.443e-06 -0.00894055 -0.000261491 0.00020464 -0.00896041 
-0.000304647 0.000131513 -0.00900348 1.58953e-05 0.000160027 -0.00903051 0.000288828 0.000168887 -0.00889288 
0.000318767 9.63828e-05 -0.00895486 -0.00016294 0.00028874 -0.00892382 -2.31371e-05 0.000326985 -0.00893445 
0.00017074 0.000280319 -0.0089799 8.86637e-05 0.00031973 -0.00894449 0.000165363 0.000292445 -0.00888684 
0.000237855 0.000232626 -0.00899343 -0.000199215 -0.00026301 -0.00886975 -0.000154476 -0.000295873 -0.00878623 
4.17977e-05 -0.000334618 -0.00876731 9.31662e-05 -0.00031907 -0.00885428 0.000134995 -0.000305321 -0.00876765 
0.000223025 -0.000252746 -0.00874688 -0.000265895 -0.000197034 -0.00878505 0.000113433 -0.000180957 -0.00900494 
0.000300161 -0.000146345 -0.00881557 -0.000324352 -5.33506e-05 -0.00878563 -0.000324772 5.54641e-05 -0.00872617 
0.000328036 -3.61978e-05 -0.00883122 0.000326024 4.69571e-05 -0.0088616 -0.000311298 0.000120623 -0.00880671 
-0.000268539 0.000196422 -0.00877592 -0.000135436 -3.21046e-05 -0.00887223 0.000307607 0.000133176 -0.00879815 
-0.000206367 0.000259181 -0.00883416 -0.000158065 0.000294034 -0.00877392 3.42016e-05 0.000327666 -0.00879625 
-5.14213e-05 0.000327359 -0.00883568 0.000155927 0.000295719 -0.00878669 0.000221803 0.000243624 -0.00882488 
-0.000154142 -0.000289572 -0.00866579 -9.67807e-05 -0.000317498 -0.00856914 6.08322e-05 -0.000322287 -0.00859873 
-6.08636e-05 -0.000326391 -0.00869415 0.000177045 -0.000277161 -0.00861718 8.25133e-05 -0.000325787 -0.00869732 
-0.00031345 -0.000109886 -0.00857311 -0.000265075 -0.000198222 -0.00867709 -0.000321474 -8.14479e-05 -0.00869133 
6.31735e-05 -0.000109624 -0.00864266 0.000254902 -0.000210345 -0.00866217 0.000322489 -9.55125e-05 -0.0086867 
0.000300205 -0.000151228 -0.00860608 -0.000331762 9.09831e-06 -0.00861684 -7.08617e-05 6.25129e-05 -0.00872853 
0.000191453 -2.80856e-05 -0.00882052 0.00032851 7.22734e-06 -0.00866819 0.000329513 -2.9975e-05 -0.00857617 
-0.000310438 0.000119985 -0.00857189 -0.000309268 0.000121251 -0.00867276 -0.000271386 0.000196504 -0.00867678 
-0.000264777 0.000198004 -0.00857541 0.000314096 9.98154e-05 -0.00868907 0.000275201 0.000187911 -0.00859351 
-0.000108163 0.000312419 -0.00868376 -0.000191281 0.00027165 -0.0086511 -9.7805e-05 0.000316104 -0.00858431 
-1.30395e-05 0.000331808 -0.00866316 0.000146475 0.000298591 -0.00869073 8.69587e-05 0.000321526 -0.00860761 
0.00020702 0.000265538 -0.00860055 0.000231305 0.000232647 -0.00870913 -0.000223768 -0.000246998 -0.00855373 
-0.000200978 -0.000264054 -0.00845804 -0.000104592 -0.000311342 -0.00844551 -2.00727e-05 -0.00033112 -0.00848645 
0.000225597 -0.000251181 -0.00847628 7.84561e-05 -0.000324163 -0.00843542 0.000127114 -0.000306307 -0.00852064 
0.000235718 -0.000232279 -0.00855533 -0.000303706 -0.000124747 -0.00847484 8.70086e-05 -0.000100901 -0.00852004 
0.000281599 -0.00016819 -0.00848196 -0.000330595 -2.75618e-05 -0.0085196 -0.000130272 3.40641e-05 -0.0085992 
0.000124379 4.68503e-05 -0.00865569 0.000184483 -2.64262e-05 -0.00858774 0.000332715 -2.68995e-05 -0.00845525 
0.000325677 6.12504e-05 -0.00843059 -0.000294442 0.000145501 -0.00847822 -8.70928e-05 0.000134643 -0.00861825 
-5.45519e-05 0.000191433 -0.00851835 0.000314705 9.08589e-05 -0.00856462 0.000275066 0.00017882 -0.00847255 
-0.000167985 0.000283299 -0.00854264 -0.000230377 0.000238932 -0.00848076 -3.86617e-05 0.000327014 -0.0084739 
0.000119143 0.000310965 -0.00848351 0.000193892 0.000273621 -0.00844965 -0.000154318 -0.000289558 -0.0083297 
-2.80935e-05 -0.000329883 -0.0083881 6.68769e-05 -0.000321607 -0.00833684 0.000200547 -0.000263244 -0.00827369 
0.000228609 -0.000247075 -0.00837724 -0.000321392 -8.32949e-05 -0.00831975 -0.000248078 -0.000214617 -0.00836343 
-5.65274e-05 -0.000180671 -0.0085442 0.000278886 -0.000173563 -0.0083329 -0.00032506 4.42832e-05 -0.00838087 
-0.000331317 2.56365e-05 -0.00828282 0.000329802 3.18511e-05 -0.00832939 0.000330946 -6.2196e-05 -0.00836426 
-0.000307245 0.000125326 -0.0082724 -0.000274179 0.000184391 -0.00837395 -0.000176887 0.000165873 -0.0084212 
0.000279332 0.000174086 -0.00837633 -0.000106366 0.000313163 -0.00838646 -0.000199102 0.000266179 -0.00839073 
-0.000178193 0.000275421 -0.00828374 5.05488e-05 0.000328372 -0.00837689 0.000188678 0.000275745 -0.00833532 
0.000119168 0.000311562 -0.00827178 -0.000201273 -0.00026592 -0.0082013 -8.82385e-05 -0.000320262 -0.00817813 
-3.21737e-05 -0.000334631 -0.00823929 3.61571e-05 -0.000334868 -0.00815164 8.77037e-05 -0.000320186 -0.00822332 
0.000141929 -0.00030105 -0.00814727 -0.000251611 -0.00021507 -0.00826241 -0.000296031 -0.000148636 -0.00825106 
-0.000153656 -0.000141633 -0.00816071 0.000242221 -0.000229814 -0.00815335 0.00028777 -0.000168361 -0.00823495 
-0.000323277 6.39554e-05 -0.00818741 -0.000328769 -4.17713e-05 -0.0081506 0.000330457 2.80336e-05 -0.00813717 
0.00033093 -6.23432e-05 -0.00825139 0.000327686 7.64044e-05 -0.00824332 -0.000257207 0.000212114 -0.00822742 
-4.99106e-05 0.000113897 -0.00836631 8.60967e-05 8.70008e-05 -0.00818222 0.000275891 0.000187702 -0.00821728 
0.00030894 0.000107198 -0.00815099 -0.000103152 0.000314392 -0.00820756 -0.000193281 0.000270147 -0.00817754 
-8.1247e-06 0.000332265 -0.00821312 -5.11973e-05 0.000212617 -0.00825599 0.000215218 0.000254202 -0.00816291 
0.000132526 0.000311416 -0.00817312 -0.000241427 -0.000237884 -0.00805025 -0.000120867 -0.000309454 -0.00798471 
-0.000135168 -0.000302438 -0.00808327 -2.77049e-05 -0.00033014 -0.00805166 6.7821e-05 -0.00032241 -0.00806699 
0.000177695 -0.000283962 -0.00802455 -0.000270541 -0.000186377 -0.00797578 -0.000319493 -8.04662e-05 -0.00803392 
-0.0002954 -0.000153698 -0.00809953 6.21366e-05 -0.000208409 -0.00808192 0.000293913 -0.000154343 -0.00800016 
0.00030338 -0.000137063 -0.00811331 0.00025466 -0.000219479 -0.00805641 -0.000331746 2.12908e-05 -0.00808031 
-0.000231837 5.38021e-06 -0.00816681 -5.36423e-06 -2.78817e-05 -0.00815312 0.000327037 -5.93421e-05 -0.00807597 
0.000331165 -2.76703e-05 -0.00798737 -0.000273289 0.000190129 -0.00804009 -0.000311804 0.000117749 -0.00808002 
-0.00031654 8.92622e-05 -0.00798374 0.00027076 0.000187779 -0.0080741 0.000326327 8.02524e-05 -0.00803334 
-0.000101615 0.000314623 -0.0080779 -0.00017851 0.000275235 -0.00798821 3.24926e-05 0.000331566 -0.00801049 
-1.69664e-06 0.000334824 -0.00811304 0.000106419 0.000312506 -0.00806988 0.000211286 0.00025437 -0.00806476 
0.000225807 0.000245929 -0.0079679 -0.000122599 -0.000308656 -0.00786813 -0.000202732 -0.000262659 -0.00790549 
6.99117e-05 -0.000322641 -0.00796079 -3.17652e-05 -0.000330444 -0.0079448 0.000146518 -0.000293475 -0.00789319 
0.000222841 -0.000251002 -0.00794095 -0.00026676 -0.000195849 -0.00784626 -0.000314989 -0.000104821 -0.00788835 
0.000284072 -0.000171675 -0.00790332 -0.000327887 -7.01372e-06 -0.00790457 -5.70981e-05 -8.26567e-05 -0.00799169 
0.000178211 -1.70528e-05 -0.00801689 0.000327515 -4.10699e-05 -0.00786711 0.00032743 6.50227e-05 -0.00789188 
-0.000293463 0.000168843 -0.00782775 -0.000272717 0.000190129 -0.00792469 -4.11874e-05 0.000225721 -0.0080032 
8.20585e-05 0.00018318 -0.00791305 0.000189712 0.000101868 -0.00787529 0.000261335 0.00021237 -0.0078744 
0.000290713 0.000164234 -0.00795105 -0.00023148 0.000237819 -0.00782786 -0.000148549 0.000301751 -0.00784686 
-4.30674e-05 0.000329363 -0.00785369 -6.10794e-05 0.000330776 -0.00795909 5.24331e-05 0.000327608 -0.00787761 
0.00016091 0.000286489 -0.00787271 0.000112159 0.000313397 -0.00796136 -7.83538e-05 -0.000321429 -0.00767688 
-0.000194425 -0.000268939 -0.00770296 -0.000200495 -0.00026429 -0.00780416 4.29651e-05 -0.000329125 -0.00780438 
-6.06251e-05 -0.000325901 -0.00777345 5.54333e-05 -0.000327475 -0.00770533 0.000144597 -0.000297681 -0.00768225 
0.000144173 -0.000297681 -0.00778075 -0.000255614 -0.000207313 -0.00774333 -0.000317818 -8.95959e-05 -0.0077684 
-9.26536e-05 -0.000194388 -0.00782946 0.000241918 -0.000224236 -0.00779183 0.000298468 -0.000159779 -0.00770681 
-0.00032296 7.26981e-05 -0.00770477 -0.000323044 6.97463e-05 -0.00780329 -0.000324859 -6.66209e-05 -0.00767084 
0.0003328 -3.06307e-05 -0.0076728 0.000327916 3.64237e-05 -0.00775503 0.000325275 -6.89124e-05 -0.00777327 
-0.000280257 0.000180939 -0.00767547 -8.01468e-05 0.000166086 -0.00793107 0.000286801 0.000159323 -0.00778505 
-0.000105477 0.000313397 -0.00775192 -0.000229857 0.000239768 -0.00773092 -2.46022e-05 0.000327188 -0.0076823 
8.03749e-05 0.000327024 -0.00775254 0.000215516 0.000255651 -0.00777574 -0.000202299 -0.000262937 -0.00755655 
-6.03289e-05 -0.000326198 -0.00756798 4.27577e-05 -0.000329162 -0.00755029 0.000137433 -0.000300769 -0.00756355 
0.000228106 -0.000235096 -0.00764967 -0.000313224 -0.000111097 -0.00758251 -0.000266946 -0.00019536 -0.00763206 
-4.44012e-05 -0.000197935 -0.00763966 0.000318964 -0.000104528 -0.00761026 0.000274907 -0.00018278 -0.00754007 
-0.00033094 2.96556e-05 -0.0076159 0.000179759 9.95742e-06 -0.00771074 0.000333876 -2.20429e-05 -0.00754832 
-0.000258704 0.000208732 -0.00756418 -0.000308342 0.000125118 -0.00756133 0.000317254 8.86524e-05 -0.00754064 
0.000293267 0.000143685 -0.00765368 0.000278667 0.000181863 -0.00755438 -0.000167608 0.000283086 -0.00753643 
-0.000144286 0.000304302 -0.00765132 -6.18222e-05 0.000326454 -0.00758954 8.84903e-05 0.000324422 -0.00756649 
0.000109922 0.000311711 -0.00765607 0.000180589 0.000283003 -0.00755142 0.000201532 0.000259893 -0.0076464 
-0.000124254 -0.000307979 -0.00746642 -0.000203476 -0.000259406 -0.00742901 -0.000133897 -0.000303449 -0.00737042 
-2.98218e-05 -0.000330122 -0.00743543 8.98419e-05 -0.000319621 -0.00746261 0.000235773 -0.000238375 -0.00747039 
-0.000262883 -0.00019956 -0.00750872 -0.000268907 -0.000192611 -0.00738867 -0.000318554 -9.19637e-05 -0.00739362 
-0.0003202 -8.61855e-05 -0.00749015 0.000320696 -9.07421e-05 -0.00746402 -0.000331645 2.18471e-05 -0.00738927 
-0.000323223 6.26667e-05 -0.00749565 -0.000199697 -3.24789e-05 -0.00763051 7.41118e-06 3.52618e-05 -0.00755972 
0.000216913 4.79337e-05 -0.00746221 0.000332506 5.13099e-06 -0.0074041 -0.000274031 0.000187914 -0.00746118 
-0.000313003 0.000117413 -0.00738232 3.23894e-05 0.000173625 -0.00750568 0.000308486 0.000115279 -0.00744968 
0.000254113 0.000212466 -0.00746293 -0.000229823 0.000239347 -0.00738754 -0.000133261 0.000304867 -0.00736814 
-4.78623e-05 0.000331093 -0.00743841 5.37165e-05 0.000327287 -0.00747291 0.000179524 0.000278662 -0.00744474 
-0.000146912 -0.000295924 -0.00727548 -0.000224923 -0.000240004 -0.00730963 7.21075e-05 -0.000321596 -0.00727149 
-2.26581e-05 -0.000330915 -0.00729258 0.000174404 -0.000287373 -0.00725114 0.000181564 -0.000281485 -0.00735807 
-0.000296816 -0.000149157 -0.00730415 -0.000163135 -0.000164657 -0.00746318 0.000185204 -0.000145098 -0.00746771 
0.000194929 -6.35011e-05 -0.00733174 0.000294549 -0.000159699 -0.00725547 0.00023991 -0.000229945 -0.0072796 
0.00027244 -0.000193219 -0.0073537 -0.000322105 7.61165e-05 -0.00729847 -0.00033146 -1.92558e-05 -0.00729843 
-0.00011935 5.27192e-05 -0.00742831 4.38112e-05 -0.000146026 -0.00740776 0.00033309 -6.20438e-05 -0.00729912 
0.000329581 3.00554e-05 -0.00727293 -0.000284683 0.000176845 -0.00725708 -6.21993e-05 0.00015055 -0.00744582 
1.53445e-05 0.000211179 -0.00736685 0.000283715 0.000173027 -0.00734617 0.000287307 0.000171439 -0.00723978 
-0.000209758 0.000260701 -0.00729224 -9.95757e-05 0.000315281 -0.00727516 -3.75211e-06 0.000332126 -0.00729777 
9.21814e-05 0.000323373 -0.00736063 0.00014421 0.00030075 -0.00723835 0.000219316 0.000246593 -0.00730979 
-8.10211e-05 -0.000320751 -0.00709082 -0.000168296 -0.000286447 -0.00710197 -7.36033e-05 -0.000320658 -0.00719426 
5.71343e-05 -0.000322954 -0.00713673 0.000226142 -0.000249623 -0.00712263 -0.000246456 -0.000222561 -0.0072104 
-0.000320776 -8.37496e-05 -0.00718111 -0.000262127 -0.000199706 -0.00711461 9.94158e-05 -0.00014182 -0.00729096 
0.00027919 -0.000172872 -0.00716285 0.00032117 -8.34247e-05 -0.0071148 -0.000335009 3.31622e-05 -0.00708464 
-0.00032948 4.29432e-05 -0.00720918 9.09979e-05 1.00099e-05 -0.00718357 0.000207033 8.13623e-05 -0.00727127 
0.000328865 3.68077e-05 -0.00717799 -0.000245297 0.000223898 -0.00709677 -0.000302136 0.000133446 -0.00707291 
0.000288812 0.000170616 -0.00713907 -0.000230725 0.000238423 -0.00719738 -0.000114693 0.000311133 -0.00717772 
-5.32093e-05 0.000331445 -0.00709981 4.16253e-05 0.000325648 -0.00716229 0.000218566 0.000246038 -0.00720112 
0.000138682 0.00030819 -0.00707449 -0.000142852 -0.000299229 -0.00693552 6.35452e-05 -0.000323075 -0.00692914 
-1.66286e-05 -0.000328471 -0.00699329 0.000106035 -0.000319549 -0.00702617 0.000189679 -0.00027318 -0.00695647 
-0.000319166 -8.97026e-05 -0.00702328 -0.000247917 -0.00021487 -0.00697916 6.50196e-05 -0.000212334 -0.00714893 
0.000274629 -0.000183399 -0.00702967 0.000319976 -9.02689e-05 -0.00696624 -0.000331255 -1.93556e-05 -0.00695366 
-0.000322489 7.20278e-05 -0.00698836 0.000329057 3.11411e-05 -0.00693953 0.00032932 7.18598e-05 -0.00704143 
-0.000289321 0.000155615 -0.00691048 -0.000271275 0.000191813 -0.00700001 0.000235977 0.000228111 -0.0070359 
0.000280529 0.000177034 -0.00696602 -0.000100291 0.000315357 -0.00700143 -0.000174703 0.000277676 -0.00705608 
2.13045e-05 0.000334789 -0.00700895 0.000106476 0.000311811 -0.00697639 0.000191575 0.000275764 -0.00691268 
-0.000115667 -0.000307592 -0.00681078 -5.86981e-05 -0.000326963 -0.00689665 5.77369e-05 -0.000322925 -0.00682184 
0.000183126 -0.000279404 -0.00683274 -0.0002981 -0.000145788 -0.00690558 -0.000269442 -0.000192486 -0.00676916 
-0.000251936 -0.000217487 -0.00686934 -0.000308781 -0.000122876 -0.00680759 -0.000128664 -5.08476e-05 -0.00688495 
0.000246025 -0.00022028 -0.00690063 0.000312962 -0.00011686 -0.00685791 -0.000330721 -2.92246e-05 -0.0067831 
-0.00032281 5.77707e-05 -0.00686845 0.000221417 -8.43043e-05 -0.00694972 0.000332111 -2.48448e-05 -0.0068367 
-0.000274061 0.000188432 -0.00681762 -7.49659e-05 0.000123354 -0.00696951 -3.78993e-05 0.000232943 -0.00709373 
0.000289865 0.000164085 -0.0068704 0.000252125 0.00022222 -0.00676598 -0.000229197 0.000239931 -0.00689045 
-0.000184094 0.000276434 -0.00680236 -9.84406e-05 0.00031576 -0.006835 5.49361e-05 0.000327127 -0.00680085 
-8.68669e-06 0.000332059 -0.00687757 0.000147238 0.000297557 -0.00681163 -0.00020583 -0.000260307 -0.00674095 
-8.25884e-05 -0.000320377 -0.00663843 -0.00019813 -0.000265987 -0.00664148 3.86818e-05 -0.000329694 -0.00662094 
-2.56663e-05 -0.000329093 -0.00673498 0.000132459 -0.000302654 -0.00673259 0.000138934 -0.000300374 -0.00663425 
-0.000297633 -0.000148643 -0.00668147 0.00025378 -0.000213079 -0.00674983 0.000288203 -0.000168428 -0.00666533 
0.000304479 -0.000134753 -0.00675834 -0.000323179 5.74589e-05 -0.006736 -0.000332982 -4.98963e-05 -0.00667647 
1.47521e-05 -1.97243e-05 -0.00679278 0.000111764 -8.04244e-05 -0.00685793 9.21937e-05 9.1792e-06 -0.00673528 
0.000327568 -5.20648e-05 -0.00664965 0.000330498 -2.71987e-05 -0.00674155 -0.000290793 0.000152525 -0.00661194 
-0.000289121 0.000155903 -0.00671425 -0.000123352 8.27058e-05 -0.00686481 6.09037e-05 0.000120764 -0.00678627 
0.00031396 0.000110281 -0.00675689 0.000321336 9.08607e-05 -0.00665059 0.000278781 0.000180834 -0.00666818 
-0.000150606 0.000299429 -0.00668538 -0.000227929 0.000241189 -0.00671973 -0.000228947 0.000240165 -0.00661974 
-2.77178e-05 0.000327528 -0.00675073 5.67022e-05 0.00032431 -0.00664026 0.000167132 0.00028782 -0.00671498 
-0.000138803 -0.00030112 -0.00655819 -1.74876e-05 -0.000328248 -0.00653843 8.39903e-05 -0.000320901 -0.00646152 
0.000187371 -0.000271994 -0.00648463 0.000236455 -0.000231401 -0.00660197 -0.000246007 -0.000223129 -0.00653717 
-0.000298115 -0.000147697 -0.00649929 6.45743e-06 -0.000182892 -0.00668243 0.000171662 -0.000119503 -0.00670912 
0.00029282 -0.000156031 -0.00654915 -0.000324297 -7.42987e-05 -0.00657321 -0.000324016 5.13837e-05 -0.00656984 
-0.000331358 2.41252e-05 -0.00647394 6.16045e-06 9.82892e-05 -0.00663548 6.54885e-05 -6.77128e-05 -0.00667778 
0.000221113 1.81885e-05 -0.00663857 0.000329498 -3.65998e-05 -0.00653683 0.000325755 5.91536e-05 -0.00650422 
-0.000269086 0.000196016 -0.00650739 -0.000104567 0.000148353 -0.00659758 0.000273179 0.000181593 -0.00648146 
0.000249899 0.000221058 -0.00657006 -9.70542e-05 0.00031597 -0.0065359 -0.000186006 0.000275146 -0.00651574 
-8.57989e-06 0.000332484 -0.00649482 -2.57485e-05 0.000327425 -0.00659986 0.000104501 0.00031613 -0.00650464 
0.000181403 0.000277091 -0.00655482 -8.27174e-05 -0.000320959 -0.00645672 -9.35578e-05 -0.000318973 -0.00631688 
-0.000143067 -0.000297873 -0.00639785 -0.00020391 -0.000261651 -0.0063286 -9.1421e-06 -0.000332242 -0.00638437 
0.000135939 -0.000298393 -0.00638009 0.000243322 -0.000230883 -0.00636306 -0.000264472 -0.000196923 -0.00642611 
-0.000297619 -0.000149349 -0.0063414 -0.000318782 -8.88573e-05 -0.00643073 -3.16169e-05 -0.000233756 -0.00647603 
0.000115625 -0.000188479 -0.00644535 0.000267848 -0.000194674 -0.00645607 0.000297541 -0.000156869 -0.00637166 
-0.00032339 6.28958e-05 -0.0063534 -0.000330246 -3.3159e-05 -0.00631129 -7.57669e-05 -4.46724e-05 -0.00651236 
0.000138881 1.91843e-06 -0.00657961 0.000329702 2.92572e-05 -0.00641096 0.000326228 -6.66644e-05 -0.00643593 
-0.000239298 0.000229908 -0.00641835 -0.000304204 0.000131174 -0.00642489 -5.31267e-05 4.21698e-05 -0.00642129 
-2.61343e-05 0.000198726 -0.00648329 0.000123568 8.77149e-05 -0.00649876 0.000234551 0.000230656 -0.00635124 
0.000295016 0.000158406 -0.00636863 -9.41672e-05 0.000316496 -0.00640762 -0.000174352 0.000277886 -0.00633837 
1.07207e-05 0.000336208 -0.00634513 0.000196047 0.00026341 -0.00645019 0.00015086 0.00030383 -0.00635067 
-0.000193218 -0.000269759 -0.00622999 -8.32911e-05 -0.00032013 -0.00622252 5.75624e-05 -0.000322931 -0.00621026 
0.000188021 -0.000273772 -0.00616808 0.000110755 -0.000312296 -0.00629245 0.000192239 -0.000270491 -0.00628803 
-0.000298135 -0.000148033 -0.00622368 -2.03741e-05 -0.000128915 -0.00631131 0.000159627 -0.000108112 -0.00632628 
0.000291191 -0.000159345 -0.00627192 -0.000326384 5.27018e-05 -0.00624939 -0.000327934 -6.17009e-06 -0.00616228 
0.00017241 7.1775e-06 -0.00635736 0.000330215 -2.76655e-05 -0.00627013 -0.000298987 0.000138851 -0.00616882 
-0.000291111 0.000151875 -0.00627845 -0.000247945 0.000221419 -0.00619206 0.000319448 8.73382e-05 -0.00626623 
0.000270297 0.000196371 -0.00628417 -0.000169366 0.000280909 -0.00619748 -8.87617e-05 0.000317342 -0.00615685 
-0.000102388 0.000314333 -0.00627974 4.97751e-05 0.000327936 -0.00616094 7.64087e-05 0.000326701 -0.00625375 
-1.83585e-05 0.000327613 -0.00623379 0.000181332 0.00027737 -0.00624582 0.000232259 0.000232703 -0.00618407 
-0.000147938 -0.000296641 -0.00606138 6.67465e-05 -0.000322123 -0.00604948 -3.54082e-05 -0.000329809 -0.00609994 
0.000109855 -0.000309355 -0.00612923 0.000220169 -0.000250207 -0.00605371 -0.000268165 -0.000192675 -0.00608455 
-0.00031907 -8.72392e-05 -0.00604644 -0.000120969 -0.000191227 -0.00625188 -8.48808e-05 -0.000114548 -0.00615366 
-1.49069e-05 -0.000243942 -0.00615297 0.000268754 -0.000206783 -0.00612801 0.000309064 -0.000114447 -0.0060923 
-0.000326918 5.18367e-05 -0.00604821 -0.000144063 -6.95842e-05 -0.0063066 -0.000110529 -1.53105e-05 -0.00615632 
0.000331807 -2.37746e-05 -0.00604701 0.000332561 4.9724e-06 -0.0061426 -0.000242918 0.000225272 -0.00609074 
-9.39186e-05 0.000115693 -0.00618104 0.000148244 9.70549e-05 -0.00620978 0.000320881 8.15978e-05 -0.00605027 
0.000272729 0.00019108 -0.00602705 0.00029612 0.000146106 -0.00614298 -0.000155503 0.000293831 -0.00608698 
-6.31974e-06 0.00033209 -0.0060469 0.000173443 0.000281166 -0.00612785 0.000182869 0.000276554 -0.00602114 
-0.000128645 -0.000306244 -0.00592529 -0.000204126 -0.000261456 -0.00586606 4.69596e-05 -0.000328636 -0.00589493 
-3.75443e-05 -0.000329754 -0.00600011 0.000139555 -0.00030004 -0.00588117 0.000185845 -0.000274282 -0.00595716 
-0.000289296 -0.000169215 -0.00587858 -0.000266692 -0.000194617 -0.00598524 -0.000316408 -0.000100744 -0.00594748 
0.000303807 -0.00014356 -0.00596491 0.000301827 -0.000143635 -0.00586614 -0.000328506 -6.37379e-06 -0.00589972 
-5.84322e-06 3.13654e-05 -0.00608259 8.32666e-05 1.08671e-05 -0.00597982 9.56232e-05 -3.03373e-05 -0.0061476 
0.000331607 -6.01288e-07 -0.00590273 -0.000269028 0.000192008 -0.00598017 -0.000306976 0.000128487 -0.00586358 
-0.000317097 0.000112427 -0.00596624 -3.63205e-05 0.000127434 -0.0060082 0.00013369 0.000179044 -0.00594419 
0.000283785 0.000164996 -0.00588447 0.000320429 9.08341e-05 -0.00594766 -9.43852e-05 0.00031676 -0.0059842 
-0.000205973 0.000262753 -0.00588949 -7.68613e-06 0.000331982 -0.00594592 -5.63715e-05 0.000331946 -0.00586071 
7.66877e-05 0.000323154 -0.00599682 0.000184763 0.000277422 -0.00592227 -8.12597e-05 -0.000320165 -0.00583841 
-9.31909e-05 -0.000319339 -0.00572011 -0.000181235 -0.000283783 -0.00575578 -1.84528e-05 -0.000328032 -0.00576547 
0.000223535 -0.000245658 -0.00571489 0.00023067 -0.000242148 -0.00583144 0.000129525 -0.000303438 -0.0057815 
-0.000252724 -0.000214189 -0.00579122 -0.000316258 -0.000101587 -0.00573954 -0.00032119 -8.26816e-05 -0.00583759 
-6.66963e-05 -0.000213085 -0.00583304 -0.000170156 -0.000166318 -0.00585698 0.000306805 -0.000132583 -0.00575893 
-0.000321846 7.2684e-05 -0.00578203 -0.000182658 2.48417e-05 -0.00592998 0.00022742 1.80914e-05 -0.00580644 
0.000196608 7.32009e-05 -0.00590753 0.000329773 -2.88673e-05 -0.00581191 0.000326918 5.44071e-05 -0.00573653 
-0.000285444 0.000178659 -0.00577956 0.000263226 0.000202614 -0.00574589 -0.000142854 0.000299697 -0.00582873 
-0.000205715 0.000261467 -0.00576606 -5.1127e-05 0.00033241 -0.00573583 6.94531e-05 0.000323528 -0.0057181 
0.000171813 0.000277396 -0.00570903 0.000117335 0.000308025 -0.0058168 0.000216589 0.000246131 -0.00582245 
-0.000230042 -0.000239219 -0.00567057 -8.92825e-05 -0.000319382 -0.00561469 5.68969e-05 -0.000323003 -0.00569448 
4.266e-05 -0.000329077 -0.0055962 0.000137819 -0.000301277 -0.00559172 -0.00030421 -0.000129218 -0.00563137 
-6.62659e-05 -0.000110368 -0.00583134 0.000118217 -0.000198243 -0.00577982 0.000319656 -8.60761e-05 -0.00564336 
0.000278934 -0.00018462 -0.00566415 0.000241596 -0.000227593 -0.00557468 -0.000331525 -1.4505e-05 -0.00569292 
-0.000321728 7.60534e-05 -0.00562841 -0.000331603 -1.36794e-05 -0.00558635 0.000100108 -1.3321e-05 -0.00579574 
0.000336427 1.0177e-05 -0.00565114 -0.000282616 0.000180652 -0.00567493 0.00031658 8.73545e-05 -0.00559554 
0.000236455 0.000227619 -0.0056029 0.000292689 0.000152721 -0.00566466 -9.04891e-05 0.000316314 -0.0056417 
-0.000206163 0.000261632 -0.00566457 -0.000227798 0.000241228 -0.0055706 -2.95186e-05 0.000329306 -0.0055523 
7.71891e-05 0.000323126 -0.00561844 0.000174579 0.00028142 -0.00556251 -0.000214029 -0.000248504 -0.005518 
-0.000141521 -0.000299906 -0.00547299 -0.000224711 -0.000243487 -0.00541582 -4.30957e-05 -0.000329234 -0.0055267 
5.102e-05 -0.000321921 -0.00549057 -3.66957e-05 -0.000329702 -0.00541916 0.000222536 -0.000253294 -0.00542688 
0.000180242 -0.000275592 -0.00550851 0.000129096 -0.000303761 -0.00540385 -0.000276563 -0.000178754 -0.00548189 
-0.00031697 -0.000114094 -0.00540995 -0.000320408 -8.53652e-05 -0.00550556 8.6526e-05 -0.000182092 -0.00556913 
0.000289005 -0.000163055 -0.00542408 0.000317134 -9.68883e-05 -0.00550103 -0.000330903 3.10824e-05 -0.00549341 
0.000328219 3.43191e-05 -0.00549742 0.000329878 -3.27359e-05 -0.00540623 -0.000268215 0.000196269 -0.00548733 
-0.000309729 0.000124808 -0.00553736 -0.000307033 0.000129321 -0.00542208 4.51591e-05 -4.55061e-07 -0.00558468 
8.63752e-05 0.000199091 -0.00560517 0.000280424 0.000177899 -0.00549315 -8.7259e-05 0.000317832 -0.00545384 
-0.000160624 0.000286919 -0.00550175 8.37305e-05 0.00032627 -0.0054661 0.000181032 0.000282296 -0.00546353 
-0.000231575 -0.000235683 -0.00528318 -0.000145059 -0.000297601 -0.00532794 -4.25032e-05 -0.000329236 -0.00527032 
3.30914e-05 -0.000330227 -0.00534771 0.000126427 -0.000303082 -0.00529399 0.000191183 -0.000272827 -0.00533552 
-0.000318503 -9.31722e-05 -0.00527903 -0.000280772 -0.000170831 -0.00532839 5.44057e-05 -0.000178011 -0.00535004 
0.000271542 -0.000189248 -0.00530544 0.000315706 -9.91368e-05 -0.0053022 -0.000328534 8.57745e-06 -0.0053621 
-0.000330652 3.57889e-05 -0.0052588 -0.000112561 5.6162e-05 -0.00538144 0.000332548 5.0397e-06 -0.0052936 
0.000329645 6.65563e-05 -0.00539803 -0.000267095 0.000198099 -0.00526713 -0.000307386 0.000129272 -0.00532328 
-0.000252893 0.000216244 -0.00538996 0.000290077 0.000169181 -0.0053982 0.000241543 0.000228308 -0.00527093 
0.00030386 0.000120211 -0.00530391 -0.000154581 0.00029148 -0.00533943 -5.73552e-05 0.000327568 -0.0053568 
4.29537e-05 0.000329749 -0.0053477 0.000155953 0.000296138 -0.00536839 0.000229472 0.000236474 -0.00537315 
0.000176233 0.00028034 -0.00527804 -9.14463e-05 -0.000318771 -0.00518439 -0.000191539 -0.000270285 -0.00517814 
4.28722e-05 -0.000329115 -0.00515164 0.000124965 -0.00030437 -0.00519922 0.000191468 -0.000273684 -0.00520071 
-0.00025397 -0.000207815 -0.00519585 -0.000322259 -7.81068e-05 -0.00518024 -4.14609e-05 -0.000117841 -0.00523859 
0.000270488 -0.000184281 -0.00511986 0.000291924 -0.000162011 -0.0052221 0.00032153 -9.28375e-05 -0.00509924 
-0.000330331 2.30275e-05 -0.00512112 4.80771e-05 -6.74922e-05 -0.00518986 0.000328951 3.4765e-05 -0.00511143 
0.000328684 -5.46504e-05 -0.00519708 -0.00031568 9.28166e-05 -0.00518534 -0.000265387 0.000201278 -0.0051624 
-0.000188771 0.000113328 -0.00525658 0.000283554 0.000173979 -0.00520255 0.000320867 8.64495e-05 -0.00521354 
-0.000185656 0.000275484 -0.00514194 -9.89745e-05 0.000315404 -0.00523901 -9.29313e-05 0.00031721 -0.00511797 
-0.000185575 0.000275599 -0.00524193 6.33461e-05 0.000323478 -0.00524998 3.96577e-05 0.000330944 -0.00515507 
0.000223921 0.000242373 -0.0051118 0.000138373 0.000306793 -0.00517354 -0.000214079 -0.000248489 -0.00508496 
-9.47523e-05 -0.000318154 -0.00497927 3.41712e-05 -0.000330048 -0.00495262 -6.20877e-05 -0.00033208 -0.00507468 
4.82406e-05 -0.000328377 -0.00505151 0.000186043 -0.000275414 -0.00504061 0.000125482 -0.000304348 -0.00497788 
0.00023469 -0.000235388 -0.00497165 -0.000299981 -0.000149469 -0.00497083 -0.000299984 -0.000144492 -0.00506898 
-0.000126303 -0.00018621 -0.00505886 0.000277801 -0.000174985 -0.0050207 -0.000331857 -8.3603e-06 -0.00502851 
0.000331165 2.81097e-05 -0.00501201 -0.000268559 0.000196085 -0.0049801 -0.000300768 0.000136594 -0.00508478 
-3.96938e-05 0.00014935 -0.00508615 0.000287517 0.000164698 -0.00505806 0.000306391 0.00013656 -0.00496845 
-0.000231053 0.000238061 -0.00505817 -0.000153847 0.00029421 -0.00497905 -4.97196e-05 0.000332537 -0.00499475 
5.20616e-05 0.000327815 -0.0050571 0.000109452 0.000311292 -0.00497901 0.000155147 0.000292266 -0.00508178 
0.000231659 0.000234253 -0.00497216 -0.000205402 -0.00026055 -0.00494479 -0.000212622 -0.000254741 -0.00482214 
-8.82398e-05 -0.000318728 -0.00488559 6.55554e-05 -0.000324593 -0.00485331 0.000192071 -0.000271325 -0.0048898 
-0.000263218 -0.000197788 -0.00489892 1.65386e-05 -0.000174107 -0.00501723 0.000294052 -0.00015383 -0.00492875 
0.000286407 -0.000163993 -0.0048013 -0.00032543 -5.90848e-05 -0.00490271 -0.000323411 5.57177e-05 -0.00480333 
9.17633e-06 -5.68529e-06 -0.00502214 -0.00010077 7.03781e-06 -0.00504198 0.000140441 -7.72992e-05 -0.00494752 
0.00032561 4.96896e-05 -0.00485153 0.000327501 -5.39635e-05 -0.00481371 0.00033044 -3.05579e-05 -0.00492936 
-0.000320636 8.21844e-05 -0.00494218 -0.000303038 0.000135301 -0.00485687 -0.000259208 0.000213188 -0.00487966 
-5.18188e-05 0.000171989 -0.00490453 8.53277e-05 0.000186253 -0.00505329 0.000283718 0.000166201 -0.00483453 
-0.000171022 0.000280044 -0.00485573 -9.05262e-05 0.000317542 -0.00489669 5.83507e-05 0.000326572 -0.00489493 
0.000181615 0.000277339 -0.00488567 0.000118494 0.000308146 -0.00481185 -0.000198085 -0.00026627 -0.00470784 
-0.000119175 -0.000310684 -0.00478708 -0.000115947 -0.00031194 -0.00466711 5.6361e-05 -0.000324633 -0.00471464 
-4.28681e-05 -0.000329092 -0.00472529 0.000173931 -0.000286576 -0.00477142 0.000236753 -0.00023736 -0.00472223 
-0.00032063 -8.47643e-05 -0.00479236 -0.000273034 -0.000186842 -0.00468544 -0.000273629 -0.000185893 -0.00478722 
-0.000169756 -0.000145365 -0.00490745 -1.43967e-05 -0.000206921 -0.00488002 0.000286676 -0.000162875 -0.00470315 
-0.000330467 -3.5488e-05 -0.00470804 -0.000154491 -3.51699e-05 -0.00478612 -4.81595e-05 -5.34163e-05 -0.00484247 
0.000329148 -4.02428e-05 -0.00471777 0.000328512 3.88736e-05 -0.00473645 -0.000293519 0.000148002 -0.00474645 
-0.000239743 0.000229507 -0.00476846 0.000315601 9.01805e-05 -0.00466182 0.000280943 0.000169257 -0.00473734 
-0.000233897 0.000235445 -0.00466774 -0.000168655 0.000281465 -0.00475617 -2.1938e-05 0.00032796 -0.00474526 
4.93354e-05 0.000324969 -0.00464665 0.000227756 0.000235058 -0.0046557 0.000144194 0.000303744 -0.0046548 
0.000225737 0.000242077 -0.0047684 -8.72153e-05 -0.000319321 -0.00457112 -0.000165158 -0.000284114 -0.00459688 
4.51453e-05 -0.000328761 -0.0045972 0.000161076 -0.0002911 -0.004616 0.000236623 -0.000232138 -0.00462237 
-0.000317856 -0.000111707 -0.00464456 -0.0003015 -0.000142473 -0.00454198 -0.000252871 -0.000221878 -0.00458459 
0.000319736 -0.000103942 -0.00451817 0.000266448 -0.000198362 -0.0045276 0.000318826 -9.10997e-05 -0.00463237 
-0.000331341 -1.84647e-05 -0.00460975 0.00033056 3.24954e-05 -0.00458343 -0.000320905 8.05466e-05 -0.00453816 
-0.000268054 0.000196681 -0.00458248 -0.000320543 8.21517e-05 -0.00463622 3.98309e-05 0.000181454 -0.00462357 
0.000288838 0.000160051 -0.00451737 -0.000139636 0.000305865 -0.00464149 -0.000197942 0.000271 -0.00457043 
-4.61253e-05 0.000332639 -0.0046096 -3.9913e-05 0.000331834 -0.00451106 6.6779e-05 0.000322824 -0.0045467 
0.000219628 0.000244836 -0.00455315 -0.000162009 -0.000287396 -0.0044349 -3.56671e-05 -0.000329239 -0.00445344 
3.70778e-05 -0.000329672 -0.00438509 0.000184296 -0.000276198 -0.00437061 0.000142338 -0.000297918 -0.00447308 
-0.000239846 -0.000229569 -0.00448096 -0.000321867 -7.97325e-05 -0.0043621 -0.000300069 -0.000146581 -0.00443316 
-0.000251837 -0.00022338 -0.00437286 8.72382e-05 -0.00019847 -0.0045057 0.000301796 -0.000135777 -0.0044198 
-0.000327994 1.4117e-07 -0.0044791 -0.000207332 1.02684e-06 -0.00454579 0.000331217 -2.8006e-05 -0.00445671 
0.00032896 -3.6734e-05 -0.00436206 -0.000314394 9.69511e-05 -0.00439282 -0.000288369 0.000157657 -0.00449273 
-0.000261801 0.000200628 -0.00441835 0.000141283 6.32704e-05 -0.00442876 0.000246811 0.000212954 -0.00438956 
0.000319639 8.82524e-05 -0.0044225 -0.00019213 0.000270959 -0.0044727 -0.000106566 0.000311225 -0.00443228 
-0.000180706 0.000278983 -0.00437754 -1.14298e-05 0.000327854 -0.00440821 0.000161632 0.000285704 -0.00446892 
0.000137722 0.000305995 -0.00436853 -0.0001425 -0.000299509 -0.00433789 -9.57411e-05 -0.000317829 -0.00421737 
5.02129e-05 -0.00032409 -0.00421225 -4.83931e-05 -0.000328541 -0.00430233 0.00018526 -0.000275696 -0.00427181 
-0.000273029 -0.000186712 -0.00425274 9.02222e-06 -0.000180783 -0.00438475 0.000272143 -0.000193376 -0.0043141 
0.000316409 -9.24525e-05 -0.0042558 -0.000331593 -1.68966e-05 -0.00426725 -0.00016858 4.30485e-05 -0.00436309 
0.000329628 3.08427e-05 -0.00430296 -0.00026628 0.000198756 -0.00432353 -0.000320843 7.88251e-05 -0.00428477 
-0.000286937 0.00015955 -0.00420313 0.000269923 0.000183309 -0.0042625 -0.000156958 0.000289909 -0.00428632 
-6.45873e-05 0.000321975 -0.00421991 3.42948e-06 0.000332147 -0.00430941 0.000181123 0.000279144 -0.00420222 
0.000202652 0.000268094 -0.00430291 0.000119333 0.000306872 -0.00426987 -0.000196415 -0.000267702 -0.00408794 
-9.40936e-05 -0.000317897 -0.00411455 -0.00021568 -0.000247074 -0.00418634 2.81578e-05 -0.000330637 -0.00406931 
0.000108604 -0.000309563 -0.00412455 0.000192457 -0.000271672 -0.00415971 -0.000271097 -0.000188754 -0.00406492 
-0.000321424 -8.16787e-05 -0.00417322 0.000153153 -0.00014568 -0.00423555 0.000273274 -0.00018543 -0.00405812 
0.000307389 -0.000114873 -0.00413175 -0.00032412 -7.03767e-05 -0.00407393 -0.000329778 2.54224e-05 -0.00404703 
-0.000164116 -2.53347e-05 -0.00423774 -0.000241686 -9.93199e-06 -0.00417094 0.000332645 8.31783e-06 -0.00415969 
0.000328557 3.57619e-05 -0.00405357 0.000331897 -6.28762e-05 -0.00405237 -0.000318484 8.80972e-05 -0.00411785 
-0.000267652 0.000197525 -0.00404854 7.63956e-06 9.06186e-05 -0.00420201 6.25904e-05 0.000185056 -0.00430525 
0.000288194 0.000164608 -0.00408213 0.000315554 0.000102271 -0.00417781 0.000237326 0.000227246 -0.0041738 
-0.000181639 0.000278179 -0.00406897 -0.000167079 0.000282335 -0.00417934 6.00193e-05 0.000326181 -0.00418957 
6.69182e-05 0.000322658 -0.0040542 -6.61032e-05 0.000321604 -0.00412021 0.000181143 0.000276918 -0.00404935 
-0.000208545 -0.000257978 -0.00393198 -0.000101569 -0.000316041 -0.00401488 7.33669e-05 -0.000325728 -0.00395988 
-2.4274e-05 -0.000328391 -0.00397803 0.000151444 -0.000292145 -0.00402152 0.000139839 -0.000299813 -0.00389547 
-0.000271104 -0.000188774 -0.00396785 -0.000303206 -0.000133604 -0.00390276 -0.000134933 -0.000125243 -0.00401099 
-6.35072e-05 -0.000186275 -0.00396855 0.000103833 -0.000145852 -0.00406222 0.000308477 -0.000111517 -0.00396608 
-0.000325865 -5.57859e-05 -0.0039694 -7.44445e-05 1.41369e-05 -0.00414715 0.000208936 -8.17246e-05 -0.00410296 
0.000329845 3.06813e-05 -0.00391008 -0.000319446 8.61507e-05 -0.00397301 -0.00027814 0.000186755 -0.0039468 
0.000274919 0.000182231 -0.00392245 0.0003045 0.000112952 -0.00399056 -9.90143e-05 0.000314903 -0.00402832 
-0.000197729 0.000270729 -0.003946 5.67843e-05 0.000326935 -0.003933 -4.10619e-05 0.000332689 -0.00395062 
0.000215109 0.000248854 -0.00395051 -0.000212274 -0.000254972 -0.0038113 -9.72757e-05 -0.000317361 -0.00386977 
4.04664e-05 -0.000329285 -0.00385929 -6.4421e-05 -0.000330738 -0.00376951 0.000187555 -0.000275305 -0.00376223 
0.000118449 -0.000307081 -0.00380082 0.000234483 -0.000239983 -0.0038896 -0.000319739 -8.89369e-05 -0.00381616 
-0.000276356 -0.000178651 -0.0038178 -0.000191438 -3.66025e-05 -0.00380798 6.26172e-05 -0.000159808 -0.00391132 
0.000182373 -5.85935e-05 -0.00387876 0.000283067 -0.000167223 -0.00375782 0.000298424 -0.000156716 -0.00385808 
-0.000331656 -1.1373e-05 -0.00387809 -0.000327163 5.52367e-05 -0.00380152 0.000182195 -4.89211e-05 -0.00399796 
0.000329225 2.69189e-05 -0.00374992 0.000330688 -6.4044e-05 -0.00377345 0.000328186 -4.04376e-05 -0.00387027 
-0.000308011 0.000130172 -0.00387065 0.000124392 9.52052e-05 -0.0038419 0.000278892 0.000171758 -0.0038091 
-0.000232426 0.000234832 -0.00379324 -0.000136874 0.00030245 -0.00387343 -1.9657e-06 0.000332148 -0.00375732 
7.63701e-05 0.000322317 -0.00382716 -4.06205e-05 0.000332638 -0.00384977 0.000178004 0.000276975 -0.00386434 
0.000145478 0.000303202 -0.00375503 -0.000164743 -0.000289017 -0.00360426 -0.00013397 -0.000304115 -0.00369805 
4.71684e-05 -0.000324552 -0.00362763 3.83483e-05 -0.00032951 -0.00372697 0.000190924 -0.000271854 -0.00359399 
0.000130843 -0.000303654 -0.00367665 -0.000314169 -0.000113607 -0.00370041 -0.000300653 -0.000146597 -0.00360537 
-0.000268228 -0.000191599 -0.00370002 0.000316694 -9.25495e-05 -0.00360712 0.000247647 -0.000219218 -0.00364869 
-0.000331673 -3.73945e-05 -0.00361205 -0.000331826 -6.5232e-06 -0.00372301 4.28935e-05 -7.6005e-05 -0.00379229 
-0.000289626 0.000154845 -0.00371166 -0.000300041 0.000140366 -0.00361131 -0.000248668 0.000227076 -0.00361488 
-6.45579e-05 0.000232009 -0.00368749 0.0001149 5.25236e-05 -0.00374568 0.000284243 0.000165958 -0.00369516 
0.000319082 8.53601e-05 -0.00367598 -0.000176376 0.000280455 -0.00366808 -0.000113321 0.000308191 -0.00373371 
2.64227e-05 0.000333176 -0.00366174 0.000218487 0.000249796 -0.00362064 0.000228157 0.00024175 -0.00372939 
0.000133354 0.000305596 -0.00361593 -0.000217853 -0.000250408 -0.00352909 -0.000133373 -0.000304498 -0.00351063 
-4.91669e-05 -0.00032832 -0.00357196 4.1097e-05 -0.00032925 -0.00352907 0.000204174 -0.00026321 -0.00347496 
-0.000301302 -0.000144514 -0.00350718 -6.41537e-05 -8.76541e-05 -0.00358242 -6.19078e-05 -0.000192575 -0.00361204 
0.000267752 -0.000188402 -0.00353055 0.000316104 -9.59203e-05 -0.00347084 -0.000325356 -5.74936e-05 -0.00349507 
-0.000196398 -4.38624e-05 -0.00356095 -7.39046e-05 1.64721e-05 -0.00371306 -9.06356e-06 7.95897e-05 -0.00357309 
0.000328524 -2.97796e-06 -0.00356876 -0.000254711 0.000218842 -0.0035051 -0.000320014 7.99466e-05 -0.00350724 
0.000146179 0.000191244 -0.00356274 0.000245193 0.000217877 -0.00352116 0.000317984 9.08212e-05 -0.0035318 
-0.000155363 0.000289786 -0.00352713 -7.86308e-05 0.000318647 -0.00358174 6.28537e-05 0.000322739 -0.00352994 
0.000152676 0.00029551 -0.00351137 -0.000147451 -0.000297104 -0.00336006 -0.000215146 -0.000252833 -0.00341673 
-3.16874e-05 -0.000328436 -0.00341942 8.24692e-05 -0.00032187 -0.00343862 0.000110439 -0.000310627 -0.00333214 
0.00023572 -0.000232991 -0.00338466 -0.000316743 -0.000108251 -0.00337894 -0.000267704 -0.000192037 -0.00332129 
-0.000275539 -0.000183431 -0.00342063 0.000143654 -0.000164622 -0.00344968 0.000277471 -0.000175283 -0.00329316 
0.00029491 -0.000159534 -0.00338555 -0.000331766 -7.94799e-06 -0.00340883 4.53702e-05 1.37374e-05 -0.00351881 
0.000329435 -3.1485e-05 -0.00329831 0.000331097 -2.95858e-05 -0.00341123 -0.000284169 0.000183814 -0.00339661 
-0.000127861 0.000158988 -0.0034931 0.000153987 0.000173748 -0.0034527 0.000272602 0.000185685 -0.00335914 
0.000315874 9.31691e-05 -0.00331765 0.000306432 0.000117185 -0.00342993 -0.000215302 0.000247951 -0.0033197 
-0.000200415 0.000266242 -0.00343117 -0.000114616 0.00030768 -0.00339691 7.36739e-05 0.000323584 -0.00340527 
-2.28368e-05 0.000329377 -0.00331995 -2.6581e-05 0.000329779 -0.00343827 9.56051e-05 0.000322669 -0.00330782 
0.000224729 0.000241333 -0.00330684 0.000219924 0.000247951 -0.00341675 -0.000157674 -0.000291769 -0.00315085 
-0.000213112 -0.000254384 -0.00322407 -9.80813e-05 -0.000317085 -0.00322244 1.96455e-05 -0.000331305 -0.00324499 
-4.95856e-05 -0.000328331 -0.00314355 7.06629e-05 -0.000322596 -0.00314283 0.000182228 -0.000273917 -0.00328772 
0.000228848 -0.000240152 -0.00320918 0.000132046 -0.000303413 -0.00321134 -0.000305421 -0.000127566 -0.00314308 
-0.000319195 -9.16972e-05 -0.00328083 -0.000275914 -0.000182731 -0.00322393 -0.000146979 -0.000140495 -0.00332094 
0.000316942 -9.98783e-05 -0.00315587 0.000273507 -0.000181519 -0.00315327 -0.000328427 -4.72001e-05 -0.00319243 
0.000328521 3.70008e-05 -0.003236 -0.000319329 8.69463e-05 -0.00327524 -0.000306709 0.000132779 -0.00317018 
-0.00026237 0.00020072 -0.00321718 4.48629e-05 6.76622e-05 -0.00338867 6.63009e-05 0.000182327 -0.00323562 
0.000314919 9.77998e-05 -0.00316801 0.000270638 0.000198899 -0.00319925 -0.000137667 0.000301945 -0.00328731 
6.00098e-05 0.000326321 -0.00318503 -3.55111e-05 0.000332111 -0.0032134 0.000162336 0.000285373 -0.00321018 
-0.000108721 -0.000314164 -0.0030692 -2.65795e-05 -0.000330365 -0.00304259 0.000176626 -0.000282119 -0.00300587 
8.86027e-05 -0.000319701 -0.00303633 0.000225875 -0.000242871 -0.00309285 -0.000257757 -0.000208878 -0.00312968 
1.10555e-05 -0.000141618 -0.00317557 0.000292357 -0.00015905 -0.00305375 -0.000330301 3.33953e-05 -0.00313584 
-0.000331652 -1.07409e-05 -0.0030463 2.47685e-05 7.13299e-05 -0.00311559 3.81933e-05 -4.59155e-05 -0.00324176 
-3.29571e-05 -7.46325e-05 -0.00309014 0.000330422 -2.70604e-05 -0.00309093 -0.000319718 8.45107e-05 -0.00299925 
-0.00027613 0.000189574 -0.00309217 -0.00028599 0.000170615 -0.0029955 0.000316065 9.09635e-05 -0.00304239 
0.000271088 0.000189812 -0.0030358 -0.000162619 0.000284935 -0.00311722 -0.000222993 0.00024172 -0.00301332 
1.03447e-05 0.000332086 -0.00301028 -7.63974e-05 0.000319868 -0.00307193 0.000165442 0.000281449 -0.00305454 
0.000235551 0.000236774 -0.00311625 -0.000175487 -0.000280877 -0.00285997 -9.55047e-05 -0.000317255 -0.00294299 
-2.29563e-05 -0.000331606 -0.00286297 3.54858e-05 -0.000329835 -0.00295245 0.000178117 -0.000280525 -0.00286813 
-0.000250893 -0.000217937 -0.00298561 -0.00030368 -0.000136021 -0.00297169 9.98843e-06 -0.000186687 -0.00295409 
0.000157793 -0.0001746 -0.00312081 0.00018038 -2.62299e-05 -0.00296228 0.000254611 -0.000220488 -0.00285084 
0.000248173 -0.000224875 -0.00298251 0.000292099 -0.000157444 -0.00292677 0.000307744 -0.000128884 -0.00283662 
-0.000322761 -6.46868e-05 -0.00291377 -0.000321739 6.47161e-05 -0.00286349 0.000336162 1.0835e-05 -0.00298379 
0.000327938 -4.29079e-05 -0.00287581 -0.000288935 0.000156177 -0.00289928 -8.95512e-05 5.2437e-05 -0.00302396 
7.7382e-05 5.1872e-05 -0.00298507 0.000266491 0.000205985 -0.00285332 0.000242023 0.000222045 -0.00295016 
0.00031867 8.83813e-05 -0.00291533 -9.18416e-05 0.000317655 -0.00295917 -8.96988e-05 0.000318774 -0.00285783 
-0.00021003 0.000258908 -0.00291362 -5.86409e-06 0.000328103 -0.00290707 0.000105783 0.000314108 -0.00286261 
0.000100736 0.00032064 -0.0029695 -9.55049e-05 -0.000317095 -0.00279614 -0.000161242 -0.000289019 -0.00273015 
-4.38078e-05 -0.000328223 -0.00271263 6.01769e-05 -0.000323289 -0.0027753 0.000135888 -0.000301767 -0.00271636 
0.000227565 -0.000240981 -0.00275113 -0.000304209 -0.000131008 -0.00274016 -0.000272193 -0.000186741 -0.0028061 
0.000301377 -0.000141388 -0.00269489 -0.000331465 -1.91918e-05 -0.00281098 8.7985e-05 -7.38637e-05 -0.00290774 
-5.06421e-05 2.11693e-05 -0.00289893 0.00033639 -9.34702e-06 -0.00278177 -0.000318999 8.12752e-05 -0.0027116 
-0.000282867 0.000166637 -0.00269574 -0.000293942 0.000148915 -0.00280044 0.000317723 9.50583e-05 -0.00277713 
0.000298216 0.000145858 -0.0026933 0.00023624 0.000229929 -0.00274064 -0.000116702 0.00031156 -0.00273889 
-0.000226908 0.000239006 -0.00279544 -1.34056e-05 0.000327796 -0.00277481 0.000169834 0.00028127 -0.00278694 
7.85201e-05 0.000321783 -0.00273892 -0.000201407 -0.000263939 -0.00264219 -0.00014103 -0.000300646 -0.00255587 
-0.000101856 -0.000316118 -0.00264649 4.62503e-05 -0.000324815 -0.00267835 -3.30464e-05 -0.000329046 -0.00258778 
0.000216406 -0.000252104 -0.00259543 0.000111988 -0.00030848 -0.00260951 -0.000321407 -8.06824e-05 -0.00265719 
-0.000304439 -0.000131252 -0.00255168 -0.000275554 -0.000182921 -0.00264511 -0.000243861 -0.000229478 -0.00254891 
-0.000164846 -0.000122402 -0.0027018 0.00013543 -0.000134957 -0.00270824 0.000287509 -0.000162414 -0.00254047 
-0.000331951 -5.83934e-07 -0.00257682 -0.000228641 -4.16292e-05 -0.00278267 -4.94338e-05 -3.62955e-05 -0.00279799 
-8.12638e-05 -1.37751e-05 -0.00266334 0.000327288 -5.30598e-05 -0.00258365 0.000331366 -1.71951e-05 -0.0026825 
0.000330372 6.57902e-05 -0.00261807 -0.000253922 0.000212014 -0.00257597 -0.000318322 9.0587e-05 -0.00261179 
0.0002376 0.000227829 -0.00264223 0.000295366 0.000145556 -0.00255688 -0.000137257 0.00030201 -0.00260546 
-0.000210516 0.000253125 -0.00268313 -4.51822e-05 0.00033336 -0.00256152 5.02647e-05 0.000325176 -0.00261587 
-4.25016e-05 0.000333364 -0.00266403 0.000135892 0.000305154 -0.00258309 0.000170636 0.000279786 -0.00267237 
-0.000193054 -0.000267976 -0.00246925 -0.00010271 -0.000315423 -0.00239208 -2.54703e-05 -0.000328315 -0.00244683 
0.000104917 -0.000313343 -0.0024692 0.000178468 -0.00028027 -0.00243236 0.000234418 -0.000230974 -0.00248135 
-0.000277306 -0.000180285 -0.00243962 -5.46055e-05 -0.0001399 -0.00250528 0.000311748 -0.000103107 -0.00241436 
-0.000333064 -4.14532e-05 -0.00245075 0.000328226 3.75866e-05 -0.0025225 0.00032856 -6.99676e-06 -0.00242647 
-0.000303436 0.000138342 -0.00238427 -0.000317947 9.10734e-05 -0.0024814 -0.000270511 0.000194307 -0.00246638 
0.00024032 0.000228094 -0.00248531 0.000303322 0.000139818 -0.00241636 -8.25628e-05 0.000319514 -0.00244916 
-0.000205945 0.000264824 -0.00241994 -0.000191577 0.000276399 -0.0025312 6.02944e-05 0.000322582 -0.00247741 
0.000139069 0.000304332 -0.00241574 0.00018067 0.000275361 -0.002513 -0.000201954 -0.000262957 -0.00232294 
-6.94342e-05 -0.00032982 -0.00230012 3.18142e-05 -0.000330164 -0.00236495 0.000175068 -0.000283361 -0.00232939 
0.000105094 -0.000310733 -0.00226495 0.000238245 -0.000231993 -0.0023773 -0.000303394 -0.00013946 -0.00234901 
-0.000102664 -0.000201397 -0.00233155 0.000269317 -0.000193331 -0.0022807 -0.000331775 -8.63688e-06 -0.00230066 
9.42602e-05 -4.19441e-05 -0.00249241 0.000324779 -7.11163e-05 -0.00231825 -0.000312922 0.000123818 -0.00227568 
-9.96804e-06 0.000168229 -0.00238342 0.000247164 0.000210569 -0.00238335 0.000283204 0.000170435 -0.00229496 
0.000322566 7.89166e-05 -0.00233967 -0.000222569 0.000246084 -0.00232327 -8.31932e-05 0.00031951 -0.00233286 
-0.000175451 0.00028208 -0.00224287 -2.54462e-05 0.000330707 -0.00224388 5.43805e-05 0.000324205 -0.00237289 
0.000177456 0.000277588 -0.00230867 8.35521e-05 0.000321435 -0.00225732 -0.000202426 -0.000263045 -0.00208628 
-0.000100149 -0.000315985 -0.00220739 -0.000219124 -0.000249193 -0.0022261 -2.07119e-05 -0.000327254 -0.00212202 
5.05412e-07 -0.000336574 -0.00222627 0.00022873 -0.000239883 -0.00210492 0.000177277 -0.00028074 -0.00219287 
0.000110825 -0.000305552 -0.00212042 -0.000277587 -0.00017979 -0.00215973 -0.000318433 -9.58763e-05 -0.00212388 
0.000309309 -0.000116579 -0.00215725 -0.000322094 -7.01392e-05 -0.00222264 -0.000329431 1.29898e-05 -0.00209073 
-0.000148937 -0.000121602 -0.00214934 -8.54703e-05 0.000100285 -0.00228231 0.000146602 -9.4901e-06 -0.00216148 
0.000331777 2.32337e-05 -0.00209593 0.000332579 -2.65073e-05 -0.00222911 -0.000318974 8.72562e-05 -0.00218096 
-0.000251474 0.000216047 -0.00221745 0.000315607 0.000101727 -0.00217098 0.000260894 0.000211737 -0.00218202 
0.000294061 0.000153608 -0.00208829 -0.000219811 0.000248758 -0.00210154 -0.000112192 0.000313011 -0.00216487 
-2.25667e-06 0.000328071 -0.00213972 0.000129925 0.000305685 -0.00211354 0.000181955 0.00027576 -0.00220913 
-9.92453e-05 -0.000316347 -0.00203277 -0.00022554 -0.00023613 -0.00197782 4.47568e-05 -0.000324878 -0.00204132 
4.334e-05 -0.000325062 -0.00194183 0.000172156 -0.000285577 -0.00204327 -0.00030549 -0.000130211 -0.00201582 
-5.52317e-05 -0.000196881 -0.00211262 0.000295991 -0.000150106 -0.00206402 0.000243769 -0.000228645 -0.00199269 
0.000310464 -0.000107447 -0.0019678 -0.000332086 -6.44312e-07 -0.00199102 2.15874e-06 0.000116653 -0.00210152 
0.000331276 -2.81124e-05 -0.00200157 0.000319837 7.60424e-05 -0.00197617 -0.000290836 0.000153807 -0.00206964 
-0.000265655 0.000198502 -0.00195985 -0.000316706 9.43727e-05 -0.00199656 0.000175749 0.000139085 -0.00222759 
8.92632e-05 0.000111012 -0.00204904 0.000284967 0.000163057 -0.0019738 -8.90684e-05 0.000319286 -0.0019419 
-0.000160205 0.000286263 -0.00203541 6.44854e-05 0.000322148 -0.00193579 -3.52353e-05 0.00033315 -0.00202552 
6.75288e-05 0.000321942 -0.00203946 0.000144703 0.000303035 -0.00198316 0.000222019 0.000246916 -0.00201265 
-0.00015885 -0.000289271 -0.00187904 -0.000127541 -0.000307235 -0.00178118 -7.13093e-05 -0.000325054 -0.00192591 
-1.41763e-05 -0.000328487 -0.00181245 0.000103375 -0.000311312 -0.00186319 0.000175195 -0.000282452 -0.00192556 
-0.000320551 -8.76526e-05 -0.00192863 -0.000278356 -0.000178459 -0.00183094 -0.000279426 -0.000175764 -0.00192858 
0.000321705 -8.1735e-05 -0.00187196 0.000282895 -0.000168069 -0.00181865 -0.000322069 -7.47902e-05 -0.00182517 
-0.000332043 1.51565e-06 -0.00189231 -2.27644e-08 0.000122426 -0.00196966 0.000326139 2.08399e-05 -0.00190271 
0.00033403 2.18719e-05 -0.00180923 -0.000320491 7.83975e-05 -0.00181036 -0.000309678 0.000110044 -0.00189939 
0.000250727 0.000219156 -0.00189152 0.000308552 0.000118254 -0.00188881 -9.07902e-05 0.000317478 -0.00184397 
-0.000200064 0.000269116 -0.00190648 4.69859e-05 0.000327049 -0.00181191 0.000168245 0.000282096 -0.00182211 
-0.000211977 -0.000255219 -0.0017195 -4.50809e-05 -0.000328319 -0.00172497 -1.90691e-05 -0.000330699 -0.00163505 
0.000121446 -0.000307391 -0.00169856 0.000225851 -0.000241829 -0.00176358 -0.000277489 -0.000179944 -0.00171556 
0.00017823 -7.29389e-05 -0.00177273 0.000320554 -8.54572e-05 -0.00177207 0.000265841 -0.000196946 -0.00168007 
-0.000331787 -1.08437e-05 -0.0017492 -0.000332444 3.08646e-05 -0.00164503 -0.000140609 0.000128652 -0.00176575 
2.03695e-05 2.47045e-05 -0.00183445 0.000331597 -2.7252e-05 -0.00165249 0.000323839 7.47065e-05 -0.00168806 
-0.000263132 0.000200452 -0.00177406 -0.00031184 0.000125975 -0.00172468 -0.000253657 0.000212122 -0.00167666 
2.33442e-05 0.000101671 -0.00175116 0.000298573 0.000139939 -0.00177495 0.000270872 0.000191688 -0.00169283 
-8.68122e-05 0.000319812 -0.00174512 -0.000176187 0.000281825 -0.0017413 -0.00013358 0.000308244 -0.00165773 
2.48038e-06 0.000332293 -0.00171284 0.000146002 0.000302509 -0.00171847 0.000231769 0.000236016 -0.00177117 
-0.000159487 -0.000289934 -0.0016252 -0.000101813 -0.000315499 -0.00155698 -0.000221126 -0.000242186 -0.00148106 
0.000171127 -0.000282551 -0.00161885 0.000102601 -0.000311837 -0.00154616 -0.000258736 -0.000215442 -0.00156856 
-0.000303223 -0.00014261 -0.00162704 -0.000321854 -9.95957e-05 -0.00149811 -4.1625e-05 -0.000173207 -0.00171512 
0.00030813 -0.000123816 -0.00162913 0.000270516 -0.000194735 -0.00155711 -0.000332023 1.5214e-06 -0.00150651 
-8.00067e-05 2.88276e-05 -0.00163018 0.000112275 -2.08437e-05 -0.00155491 0.000330194 -3.21063e-05 -0.00153489 
-0.000299724 0.000143768 -0.00162367 -0.00025249 0.000213885 -0.00150738 -0.000318352 9.03351e-05 -0.001549 
0.000308329 0.000121916 -0.00160256 0.000280864 0.000176244 -0.00152369 -0.000208093 0.000260169 -0.00157714 
-0.000171732 0.000284327 -0.00148764 -8.88424e-05 0.000319652 -0.00153586 -4.24986e-05 0.000333707 -0.00162293 
-8.06627e-06 0.000327886 -0.00149786 0.000177397 0.000277713 -0.00156551 7.71167e-05 0.000321276 -0.00157041 
0.000233799 0.000233552 -0.00161672 -0.00020533 -0.00026146 -0.00138738 -0.000104005 -0.000314848 -0.00136134 
-0.000141722 -0.000300578 -0.00145858 -4.75038e-05 -0.000328426 -0.00147616 2.73587e-05 -0.000330613 -0.00135571 
4.56319e-05 -0.000324871 -0.00145366 0.000134839 -0.000301191 -0.00144317 0.000136029 -0.000298714 -0.00134089 
0.000222979 -0.00024631 -0.00147422 0.000219809 -0.000248529 -0.00136755 -0.000280423 -0.000174039 -0.00139681 
0.000183109 -0.000141577 -0.0015944 0.00031966 -8.82255e-05 -0.00142519 0.000282052 -0.000172924 -0.00138765 
-0.000323557 -7.3115e-05 -0.00138948 -0.000329259 4.62168e-05 -0.00134303 5.58897e-05 2.00162e-07 -0.00144686 
0.000331316 1.7641e-05 -0.00144839 -0.000250362 0.000217031 -0.00140064 -0.000313189 0.000101884 -0.00141786 
-7.83983e-05 0.000142738 -0.00158763 0.000112075 0.000152332 -0.00153461 0.000302914 0.000130696 -0.00140589 
-8.69572e-05 0.00031937 -0.00143541 -0.000168777 0.000286091 -0.00138809 -3.73208e-07 0.000328118 -0.00139617 
0.000226391 0.000242773 -0.00135718 8.48037e-05 0.000320977 -0.00132986 0.000131173 0.000305936 -0.00143715 
0.000222799 0.000252368 -0.00147394 -0.000151062 -0.000295349 -0.00127538 -3.26384e-05 -0.000329986 -0.00126543 
0.000225099 -0.000244237 -0.00121834 0.000119563 -0.000304665 -0.00121226 -0.000279903 -0.00017568 -0.00126421 
0.00031536 -0.000102584 -0.00127551 0.000288179 -0.000168688 -0.00120642 -0.000321699 6.49874e-05 -0.00124863 
-0.000323965 -5.78254e-05 -0.00129186 0.000329787 2.72094e-05 -0.00130063 0.000332771 -2.61672e-05 -0.00118328 
-0.000286214 0.000160887 -0.00131926 -0.00029115 0.000153673 -0.00120168 -5.94224e-06 0.000170405 -0.00138106 
0.000295026 0.000151905 -0.00126624 -0.000235614 0.000234355 -0.00118196 -0.000102854 0.00031575 -0.00124096 
-0.000204626 0.000264048 -0.00127728 -2.03659e-05 0.00033067 -0.00125908 0.00012271 0.000305694 -0.00121731 
0.000191666 0.000270756 -0.00125116 -0.000102634 -0.000315035 -0.0010506 -0.000221422 -0.000241952 -0.00115762 
-0.000130758 -0.000308607 -0.00117547 -4.9517e-06 -0.000333229 -0.00102989 -5.16402e-06 -0.000337297 -0.00115134 
0.000113557 -0.000309819 -0.00105963 0.000171658 -0.000285685 -0.00112502 -0.000267763 -0.000190507 -0.00107928 
-0.000306552 -0.000124663 -0.00115963 -2.19408e-05 -0.000209005 -0.00127642 0.000256897 -0.000209044 -0.00105862 
0.000313595 -0.000104236 -0.0010807 -0.000328084 2.40371e-05 -0.00110643 -0.000324642 -7.09469e-05 -0.0010738 
6.26322e-05 -3.47969e-06 -0.00127066 0.000333276 -2.60843e-05 -0.00107883 0.000331785 6.17606e-05 -0.00116766 
-0.000297973 0.000146054 -0.00108549 -0.000250448 0.000212265 -0.00103527 2.84892e-05 0.000195626 -0.00113301 
0.000285471 0.00016991 -0.00116889 0.000236516 0.000229393 -0.0010662 0.000312931 9.98452e-05 -0.00106911 
-0.000152793 0.000290633 -0.00103166 -0.000112413 0.000308651 -0.00114296 -4.34484e-05 0.000329422 -0.00107382 
5.02782e-05 0.000328149 -0.00115596 0.000135691 0.00030448 -0.0010545 0.000189178 0.000271065 -0.00114642 
-0.000209091 -0.00025769 -0.00102146 -0.000111793 -0.000310424 -0.000914488 -0.000219929 -0.000248505 -0.000923059 
-1.82063e-05 -0.000330281 -0.000912531 0.000171795 -0.000284037 -0.00098315 0.000104289 -0.000311512 -0.000914854 
-0.000302865 -0.000137018 -0.000895647 -0.000304656 -0.00013547 -0.000996711 0.000115132 -0.000195796 -0.000988906 
0.000313456 -0.000122075 -0.00098057 0.000251496 -0.000220495 -0.000956755 -0.000319812 7.43244e-05 -0.000882635 
-0.000327461 -4.75859e-05 -0.000880054 -0.00033174 -1.44063e-05 -0.000974618 -4.50546e-05 7.74145e-05 -0.00105798 
4.54046e-05 9.52216e-05 -0.00110977 0.000207884 1.09365e-05 -0.000981473 0.000329353 2.29316e-05 -0.000996563 
-0.0003196 7.74218e-05 -0.00099754 -0.000282412 0.000167766 -0.000962134 -0.00024712 0.000215853 -0.000883604 
-0.000166595 4.5537e-05 -0.0010247 0.000310999 0.000108527 -0.000955637 0.000263905 0.000208912 -0.000969161 
-0.000161965 0.000285325 -0.000934028 3.60105e-05 0.000327769 -0.000994175 -6.65378e-05 0.000325095 -0.000955894 
0.000150116 0.000300956 -0.000949962 -0.000121097 -0.000309119 -0.000763726 -0.000223297 -0.000242409 -0.000744441 
-0.000177028 -0.000276276 -0.000839064 3.60603e-05 -0.000326529 -0.000752971 -3.70027e-05 -0.000328225 -0.000815367 
0.000208892 -0.000261497 -0.000862173 0.000130459 -0.000311326 -0.00080572 -0.000299808 -0.000142791 -0.000796234 
-0.0002551 -0.000212958 -0.000838697 -0.000143432 -0.000112024 -0.000813726 0.000236637 -0.000228395 -0.00077912 
0.00028499 -0.00017645 -0.000860544 -0.000332403 1.38597e-05 -0.000746254 5.41758e-05 1.78107e-05 -0.000933332 
0.000327102 -3.80255e-05 -0.000738316 0.00032906 -7.01763e-05 -0.00083992 0.000328885 3.61884e-05 -0.000816054 
0.00032357 7.55203e-05 -0.000724595 -0.000247012 0.000222116 -0.000780545 -0.000302292 0.00014081 -0.000790373 
0.000122242 0.00011621 -0.000873565 0.000250949 0.000215742 -0.000800601 0.000301845 0.000139616 -0.000856805 
-0.000127014 0.000311647 -0.00084337 -0.000155005 0.00028919 -0.000752531 -1.11228e-05 0.000202454 -0.000909354 
-2.22003e-05 0.000329274 -0.000840643 -9.58562e-06 0.000329588 -0.000737542 0.000188072 0.000272831 -0.000861446 
0.000102268 0.000320588 -0.0008669 0.000153233 0.000294879 -0.000749181 -0.000121668 -0.000308927 -0.00065455 
2.55713e-05 -0.000327667 -0.000575272 0.000110999 -0.000311105 -0.000650213 0.000193175 -0.00026549 -0.000697553 
-0.000267716 -0.000191781 -0.000643629 -0.000306354 -0.000127199 -0.000678955 -8.37119e-06 -8.00109e-05 -0.000779227 
8.40963e-05 -0.000172428 -0.000627342 0.000295203 -0.000167902 -0.000694852 0.000245529 -0.000224311 -0.000580864 
-0.000331027 2.36229e-05 -0.00062156 7.06228e-05 3.2789e-05 -0.000784203 0.000332153 2.15637e-05 -0.000614423 
0.000327582 -7.56884e-05 -0.000590113 -0.000247042 0.000222012 -0.000680933 -0.000316312 9.63441e-05 -0.00068671 
-0.000308048 0.000114362 -0.000588741 0.000132068 0.00015426 -0.000701801 4.49168e-05 9.25405e-05 -0.000687701 
0.000287944 0.000152088 -0.000577245 0.000282784 0.000165207 -0.000676171 -9.01775e-05 0.000317345 -0.000677926 
-0.000146075 0.000297642 -0.000597564 -2.1817e-06 0.000328075 -0.000634787 0.000223118 0.000246083 -0.000697089 
0.000111513 0.000308552 -0.000653108 0.000221714 0.000241287 -0.000591826 -0.000103095 -0.000314815 -0.000441491 
-0.000153407 -0.000293227 -0.000561099 -0.00021196 -0.000256352 -0.000484529 3.85286e-05 -0.000327148 -0.000427557 
-3.76087e-05 -0.000328315 -0.000505978 0.00015465 -0.000293752 -0.000428097 0.000220003 -0.000249132 -0.000488808 
0.000114712 -0.00031247 -0.000546363 -0.000304115 -0.00013155 -0.000544106 -0.000305251 -0.000127112 -0.000451366 
-0.000129732 -9.07018e-05 -0.000620851 0.000134136 -3.6248e-05 -0.00062362 0.000292184 -0.000159903 -0.000479866 
-0.000329337 1.27059e-05 -0.00042625 -0.000330346 -5.29415e-05 -0.00056519 0.000216895 7.20963e-05 -0.000583513 
0.000331641 -2.71915e-05 -0.000433683 0.000328817 3.24476e-05 -0.000514809 -0.000257752 0.00021071 -0.000550462 
-0.000249067 0.000225596 -0.000437624 -0.000316019 9.71222e-05 -0.000477386 0.000321672 8.25706e-05 -0.0004361 
0.000279414 0.000173572 -0.000467676 -0.000155041 0.000294751 -0.00048174 4.87472e-05 0.000326786 -0.00048039 
-6.3327e-05 0.000326008 -0.000478731 0.000189862 0.000272494 -0.000484304 0.000119658 0.00031001 -0.000538956 
-0.000231229 -0.000240231 -0.000371806 -0.000100633 -0.000314755 -0.000342918 -0.000187077 -0.000275207 -0.000279564 
0.000161715 -0.000290326 -0.000286509 8.03991e-05 -0.000321824 -0.000319744 -0.000298246 -0.000146945 -0.000360645 
-3.81673e-06 -6.8184e-05 -0.000495397 0.00025975 -0.000209435 -0.000337208 0.000322607 -8.14693e-05 -0.000343454 
-0.000333021 6.87759e-06 -0.000326009 -0.000188753 2.4891e-05 -0.00048782 0.00032977 3.44045e-05 -0.000357525 
0.000161914 9.29429e-06 -0.000330043 -0.000297969 0.000142597 -0.000364784 -9.5948e-05 0.000172534 -0.000510025 
4.59711e-05 0.00010924 -0.000412111 0.000308722 0.000118813 -0.000343326 0.000261957 0.00020033 -0.000378585 
-0.000235155 0.000234821 -0.00031143 -0.000151649 0.000291292 -0.000310744 -8.99442e-05 0.000319138 -0.000382898 
-8.24877e-06 0.000333619 -0.000305426 0.000182638 0.000273355 -0.000289145 9.97457e-05 0.000315631 -0.000362852 
-0.000229176 -0.000240833 -0.000155677 -0.000157872 -0.000295208 -0.000160943 -4.88904e-05 -0.000326743 -0.000147839 
-1.86966e-05 -0.000334968 -0.00025104 0.000135072 -0.000296812 -0.000191069 0.000219932 -0.000248406 -0.000122743 
-0.000260364 -0.000202567 -0.000255222 -0.000313611 -0.000116118 -0.000264588 -0.000298883 -0.000137341 -0.000172814 
0.000255258 -0.000211698 -0.000250378 0.000306548 -0.000140703 -0.000205394 -0.000328254 -4.35356e-05 -0.00017355 
0.000329683 -4.78094e-07 -0.000265941 0.000329256 -2.63337e-05 -0.000145756 0.000326803 6.93903e-05 -0.000225656 
-0.000321941 8.21159e-05 -0.000263614 -0.000267579 0.000196698 -0.000225779 -0.000295144 0.000148733 -0.000150592 
0.000272083 0.000197771 -0.000265153 0.000321172 8.70734e-05 -0.000135164 0.000277732 0.00017806 -0.000164363 
-9.28293e-05 0.000315782 -0.000233915 -0.000206844 0.000257387 -0.000184856 -2.46408e-05 0.000333585 -0.000164316 
4.47979e-05 0.000325847 -0.000217087 0.000218212 0.000251066 -0.000188581 0.000131466 0.000304355 -0.000189788 
-0.000113118 -0.00031171 -5.93361e-05 -0.000192915 -0.000269249 -4.56666e-05 3.44448e-06 -0.000334682 -3.94539e-05 
5.42794e-05 -0.00032833 -0.000109637 0.000128665 -0.000306433 -5.87521e-05 -0.000278705 -0.000187358 -4.17579e-05 
-8.06794e-05 -0.000184598 -2.18117e-05 8.05584e-06 -0.000110016 -0.000196997 0.000261054 -0.000201881 -3.97857e-05 
-0.000321007 7.24204e-05 -6.96897e-05 -0.000329166 -2.64307e-05 -7.24758e-05 0.000322361 -7.55833e-05 -4.52451e-05 
0.000330195 2.62977e-05 -4.54267e-05 -0.000287692 0.000157913 -3.95208e-05 -0.000116412 0.000141134 -0.000264283 
-7.43406e-05 0.000142085 -3.91807e-05 0.000250983 0.000213397 -6.35811e-05 0.000304828 0.000136017 -4.42906e-05 
-0.000233965 0.000238018 -5.58587e-05 -0.000154434 0.000295574 -8.1115e-05 7.02223e-05 0.000326113 -4.26355e-05 
-6.05419e-05 0.000328586 -7.08059e-05 0.000181486 0.000276995 -7.78688e-05 9.32346e-05 -5.5585e-05 -0.00015611 
8.64763e-05 -0.000159015 0.000161325 -3.74951e-05 -0.000112059 0.000167133 0.000174795 -4.41873e-05 6.56093e-05 
0.000204323 8.09235e-05 4.71269e-05 8.33635e-05 0.000150453 -3.88402e-05 -3.91115e-05 0.000154539 0.000159104 
0.000236525 0.000277341 4.99999e-05 0.000156836 -1.67039e-05 0.000267694 0.000158134 0.000142514 0.000232753 
7.2874e-05 -0.000269502 0.000331811 0.000263579 0.000169044 0.000452656 0.000151416 0.000167475 0.000331301 
1.39774e-05 0.000245949 0.000345767 -2.63882e-05 -6.99245e-05 0.000721978 7.35798e-06 1.58632e-05 0.00039513 
-0.000132693 0.000316149 0.000492818 6.88225e-05 -0.000284979 0.000533131 0.000188759 -9.37837e-05 0.000579885 
2.5093e-05 0.000146128 0.000660815 6.95585e-05 -9.8749e-05 0.00085574 -4.47204e-05 7.96795e-06 0.000783668 
-0.000229158 0.000301476 0.000907581 5.64131e-06 0.00032687 0.000958384 0.000135406 -0.000315583 0.000994324 
-0.000316818 0.000324571 0.00107489 2.26822e-05 -0.000391025 0.000760746 -0.000265696 -0.000195297 0.000980154 
-0.000145378 -9.72446e-05 0.00113863 4.41014e-05 4.21747e-07 0.000955642 -0.00022799 -0.000351922 0.000824393 
-0.000315256 5.88825e-05 0.00140005 0.000183669 -0.000450627 0.00137092 -0.000458488 -0.000216581 0.00147446 
0.000294997 -0.000262823 0.00116676 0.000163688 -2.40477e-06 0.00135508 -0.000165003 -0.000415846 0.00159176 
0.000446918 -0.000357519 0.00148569 0.000327275 -0.000181582 0.00131816 -9.96873e-05 -0.000217721 0.00135948 
0.000161309 0.000337824 0.00154241 -0.000119846 -0.000350126 0.00181066 -0.00012199 -0.000106151 0.00176984 
-3.32195e-05 -0.000151809 0.00176392 5.90656e-05 -0.000173301 0.00179588 4.4917e-05 -9.93651e-05 0.00173006 
0.000137686 -0.000111909 0.00178883 -0.000147111 -1.03151e-05 0.00175628 -0.000205856 -1.53607e-06 0.00183672 
-7.82977e-05 3.33263e-05 0.00181424 -6.71683e-05 3.31986e-05 0.00171486 -4.80061e-05 -6.49296e-05 0.00171667 
-3.60955e-05 -5.99513e-05 0.00181583 2.65225e-05 3.24639e-07 0.00170298 4.88864e-05 6.21269e-06 0.00180027 
0.000116463 -2.97485e-05 0.00173593 0.0001808 1.92492e-05 0.00179475 0.000103015 6.92821e-05 0.00173938 
-0.000164794 7.99193e-05 0.00179558 -8.27803e-05 0.000122408 0.00175727 -0.000114685 0.000171674 0.00183823 
8.41748e-06 9.79834e-05 0.00172431 -2.18812e-05 0.00018648 0.00180405 6.96695e-05 0.000154652 0.00177941 
2.42866e-06 9.15425e-05 0.00182393 0.000155434 0.000114508 0.00181154 0.00054655 -0.000306957 0.00178144 
-0.000113456 -0.000174237 0.00184258 -0.000162754 -0.000154369 0.00192728 -0.000184941 -9.87633e-05 0.00184718 
-9.67345e-05 -8.3541e-05 0.00189177 -7.66895e-05 -0.000209873 0.00192847 -1.96788e-05 -0.00020876 0.0018463 
5.73587e-05 -8.44173e-05 0.00184167 -7.87826e-06 -0.000127808 0.00190381 7.44241e-05 -0.000207862 0.00188845 
1.47369e-05 -0.000219344 0.00196786 -6.68605e-05 -0.000127671 0.00198456 0.000156751 -0.000151988 0.00187844 
0.000125693 -0.000179405 0.00196946 0.000197458 -0.000101593 0.00195462 0.000101987 -8.331e-05 0.00193115 
0.000373035 -0.000174394 0.00161439 -0.00021391 -6.44801e-05 0.00193654 -0.000127988 1.12372e-05 0.00189816 
-0.000220143 3.54088e-05 0.00192854 -9.79028e-05 6.11307e-05 0.00197976 -0.000110982 -3.79367e-05 0.00198356 
-1.23001e-05 -4.14732e-05 0.00196777 -8.61687e-06 9.80816e-06 0.001882 3.34223e-05 4.86453e-05 0.001964 
0.00020071 -6.25287e-05 0.00184875 0.000119762 -6.47948e-06 0.00186966 0.000125589 1.00645e-05 0.00196811 
0.00022372 -8.39909e-06 0.00192962 0.000202487 6.96239e-05 0.00199133 -0.000185334 0.000118703 0.00188544 
-0.000128437 0.000183072 0.00193662 -0.000184974 0.000110022 0.00198508 -7.20097e-05 9.78131e-05 0.00189041 
-4.35958e-05 0.00021766 0.00189655 1.3101e-05 0.000139273 0.00192262 5.59626e-05 0.000207388 0.00186326 
8.61993e-05 8.73153e-05 0.00187838 8.13411e-05 0.000204928 0.00195995 0.000205101 8.24439e-05 0.00189219 
0.000148539 0.000165013 0.00189758 0.000112614 0.000109138 0.00197232 0.000464227 0.000337782 0.00185842 
0.000188056 -0.000310594 0.00198504 -0.000171224 -0.000110523 0.00201676 -1.97621e-05 -0.000182073 0.002054 
3.60418e-05 -0.000125103 0.00199364 6.487e-05 -0.000137528 0.00208858 -2.29478e-05 -8.22881e-05 0.0020621 
0.00015073 -0.000115578 0.00204225 -0.00013461 -4.28271e-05 0.0020806 -0.000149419 6.2337e-05 0.00206546 
-0.000203456 -6.87598e-06 0.00201761 3.3881e-05 -2.87869e-05 0.00212461 -4.91399e-05 1.38025e-05 0.00205313 
5.15177e-05 4.74445e-05 0.00206234 0.000198422 -2.95969e-05 0.00202402 0.000147162 3.00458e-05 0.00208578 
7.84778e-05 -4.54331e-05 0.00203667 -0.000113433 0.000152512 0.00204054 3.84801e-05 0.000183019 0.00204761 
-4.34052e-05 0.000208391 0.00199612 -2.09706e-05 0.0001057 0.00202553 -6.94014e-05 9.91928e-05 0.00211278 
0.000115509 0.000123777 0.0020712 0.000373411 0.000127078 0.00175713 -0.000162193 0.00050916 0.00187097 
-0.000423729 -0.00043808 0.00218347 -0.000408675 0.000227872 0.00229951 4.82033e-05 0.000255634 0.0021454 
0.000186851 0.000197352 0.00218636 1.02232e-05 0.000338623 0.00210158 -0.000150255 -0.0005095 0.00237749 
-6.06244e-05 -0.000288476 0.00252143 0.000242833 0.000188148 0.00238591 -0.0006139 0.000439752 0.00250272 
-5.5205e-05 0.000707793 0.00249605 -0.000735124 0.00015118 0.00261855 0.000433196 0.000592479 0.0029201 
-0.000164926 0.000324549 0.00283211 -0.000365514 0.000937594 0.0031717 -0.000608595 -0.000497935 0.00284093 
0.000536561 -0.000524565 0.00294553 
VERTICES 1889 1888
OFFSETS vtktypeint64
0 1 2 3 4 5 6 7 8 
9 10 11 12 13 14 15 16 17 
18 19 20 21 22 23 24 25 26 
27 28 29 30 31 32 33 34 35 
36 37 38 39 40 41 42 43 44 
45 46 47 48 49 50 51 52 53 
54 55 56 57 58 59 60 61 62 
63 64 65 66 67 68 69 70 71 
72 73 74 75 76 77 78 79 80 
81 82 83 84 85 86 87 88 89 
90 91 92 93 94 95 96 97 98 
99 100 101 102 103 104 105 106 107 
108 109 110 111 112 113 114 115 116 
117 118 119 120 121 122 123 124 125 
126 127 128 129 130 131 132 133 134 
135 136 137 138 139 140 141 142 143 
144 145 146 147 148 149 150 151 152 
153 154 155 156 157 158 159 160 161 
162 163 164 165 166 167 168 169 170 
171 172 173 174 175 176 177 178 179 
180 181 182 183 184 185 186 187 188 
189 190 191 192 193 194 195 196 197 
198 199 200 201 202 203 204 205 206 
207 208 209 210 211 212 213 214 215 
216 217 218 219 220 221 222 223 224 
225 226 227 228 229 230 231 232 233 
234 235 236 237 238 239 240 241 242 
243 244 245 246 247 248 249 250 251 
252 253 254 255 256 257 258 259 260 
261 262 263 264 265 266 267 268 269 
270 271 272 273 274 275 276 277 278 
279 280 281 282 283 284 285 286 287 
288 289 290 291 292 293 294 295 296 
297 298 299 300 301 302 303 304 305 
306 307 308 309 310 311 312 313 314 
315 316 317 318 319 320 321 322 323 
324 325 326 327 328 329 330 331 332 
333 334 335 336 337 338 339 340 341 
342 343 344 345 346 347 348 349 350 
351 352 353 354 355 356 357 358 359 
360 361 362 363 364 365 366 367 368 
369 370 371 372 373 374 375 376 377 
378 379 380 381 382 383 384 385 386 
387 388 389 390 391 392 393 394 395 
396 397 398 399 400 401 402 403 404 
405 406 407 408 409 410 411 412 413 
414 415 416 417 418 419 420 421 422 
423 424 425 426 427 428 429 430 431 
432 433 434 435 436 437 438 439 440 
441 442 443 444 445 446 447 448 449 
450 451 452 453 454 455 456 457 458 
459 460 461 462 463 464 465 466 467 
468 469 470 471 472 473 474 475 476 
477 478 479 480 481 482 483 484 485 
486 487 488 489 490 491 492 493 494 
495 496 497 498 499 500 501 502 503 
504 505 506 507 508 509 510 511 512 
513 514 515 516 517 518 519 520 521 
522 523 524 525 526 527 528 529 530 
531 532 533 534 535 536 537 538 539 
540 541 542 543 544 545 546 547 548 
549 550 551 552 553 554 555 556 557 
558 559 560 561 562 563 564 565 566 
567 568 569 570 571 572 573 574 575 
576 577 578 579 580 581 582 583 584 
585 586 587 588 589 590 591 592 593 
594 595 596 597 598 599 600 601 602 
603 604 605 606 607 608 609 610 611 
612 613 614 615 616 617 618 619 620 
621 622 623 624 625 626 627 628 629 
630 631 632 633 634 635 636 637 638 
639 640 641 642 643 644 645 646 647 
648 649 650 651 652 653 654 655 656 
657 658 659 660 661 662 663 664 665 
666 667 668 669 670 671 672 673 674 
675 676 677 678 679 680 681 682 683 
684 685 686 687 688 689 690 691 692 
693 694 695 696 697 698 699 700 701 
702 703 704 705 706 707 708 709 710 
711 712 713 714 715 716 717 718 719 
720 721 722 723 724 725 726 727 728 
729 730 731 732 733 734 735 736 737 
738 739 740 741 742 743 744 745 746 
747 748 749 750 751 752 753 754 755 
756 757 758 759 760 761 762 763 764 
765 766 767 768 769 770 771 772 773 
774 775 776 777 778 779 780 781 782 
783 784 785 786 787 788 789 790 791 
792 793 794 795 796 797 798 799 800 
801 802 803 804 805 806 807 808 809 
810 811 812 813 814 815 816 817 818 
819 820 821 822 823 824 825 826 827 
828 829 830 831 832 833 834 835 836 
837 838 839 840 841 842 843 844 845 
846 847 848 849 850 851 852 853 854 
855 856 857 858 859 860 861 862 863 
864 865 866 867 868 869 870 871 872 
873 874 875 876 877 878 879 880 881 
882 883 884 885 886 887 888 889 890 
891 892 893 894 895 896 897 898 899 
900 901 902 903 904 905 906 907 908 
909 910 911 912 913 914 915 916 917 
918 919 920 921 922 923 924 925 926 
927 928 929 930 931 932 933 934 935 
936 937 938 939 940 941 942 943 944 
945 946 947 948 949 950 951 952 953 
954 955 956 957 958 959 960 961 962 
963 964 965 966 967 968 969 970 971 
972 973 974 975 976 977 978 979 980 
981 982 983 984 985 986 987 988 989 
990 991 992 993 994 995 996 997 998 
999 1000 1001 1002 1003 1004 1005 1006 1007 
1008 1009 1010 1011 1012 1013 1014 1015 1016 
1017 1018 1019 1020 1021 1022 1023 1024 1025 
1026 1027 1028 1029 1030 1031 1032 1033 1034 
1035 1036 1037 1038 1039 1040 1041 1042 1043 
1044 1045 1046 1047 1048 1049 1050 1051 1052 
1053 1054 1055 1056 1057 1058 1059 1060 1061 
1062 1063 1064 1065 1066 1067 1068 1069 1070 
1071 1072 1073 1074 1075 1076 1077 1078 1079 
1080 1081 1082 1083 1084 1085 1086 1087 1088 
1089 1090 1091 1092 1093 1094 1095 1096 1097 
1098 1099 1100 1101 1102 1103 1104 1105 1106 
1107 1108 1109 1110 1111 1112 1113 1114 1115 
1116 1117 1118 1119 1120 1121 1122 1123 1124 
1125 1126 1127 1128 1129 1130 1131 1132 1133 
1134 1135 1136 1137 1138 1139 1140 1141 1142 
1143 1144 1145 1146 1147 1148 1149 1150 1151 
1152 1153 1154 1155 1156 1157 1158 1159 1160 
1161 1162 1163 1164 1165 1166 1167 1168 1169 
1170 1171 1172 1173 1174 1175 1176 1177 1178 
1179 1180 1181 1182 1183 1184 1185 1186 1187 
1188 1189 1190 1191 1192 1193 1194 1195 1196 
1197 1198 1199 1200 1201 1202 1203 1204 1205 
1206 1207 1208 1209 1210 1211 1212 1213 1214 
1215 1216 1217 1218 1219 1220 1221 1222 1223 
1224 1225 1226 1227 1228 1229 1230 1231 1232 
1233 1234 1235 1236 1237 1238 1239 1240 1241 
1242 1243 1244 1245 1246 1247 1248 1249 1250 
1251 1252 1253 1254 1255 1256 1257 1258 1259 
1260 1261 1262 1263 1264 1265 1266 1267 1268 
1269 1270 1271 1272 1273 1274 1275 1276 1277 
1278 1279 1280 1281 1282 1283 1284 1285 1286 
1287 1288 1289 1290 1291 1292 1293 1294 1295 
1296 1297 1298 1299 1300 1301 1302 1303 1304 
1305 1306 1307 1308 1309 1310 1311 1312 1313 
1314 1315 1316 1317 1318 1319 1320 1321 1322 
1323 1324 1325 1326 1327 1328 1329 1330 1331 
1332 1333 1334 1335 1336 1337 1338 1339 1340 
1341 1342 1343 1344 1345 1346 1347 1348 1349 
1350 1351 1352 1353 1354 1355 1356 1357 1358 
1359 1360 1361 1362 1363 1364 1365 1366 1367 
1368 1369 1370 1371 1372 1373 1374 1375 1376 
1377 1378 1379 1380 1381 1382 1383 1384 1385 
1386 1387 1388 1389 1390 1391 1392 1393 1394 
1395 1396 1397 1398 1399 1400 1401 1402 1403 
1404 1405 1406 1407 1408 1409 1410 1411 1412 
1413 1414 1415 1416 1417 1418 1419 1420 1421 
1422 1423 1424 1425 1426 1427 1428 1429 1430 
1431 1432 1433 1434 1435 1436 1437 1438 1439 
1440 1441 1442 1443 1444 1445 1446 1447 1448 
1449 1450 1451 1452 1453 1454 1455 1456 1457 
1458 1459 1460 1461 1462 1463 1464 1465 1466 
1467 1468 1469 1470 1471 1472 1473 1474 1475 
1476 1477 1478 1479 1480 1481 1482 1483 1484 
1485 1486 1487 1488 1489 1490 1491 1492 1493 
1494 1495 1496 1497 1498 1499 1500 1501 1502 
1503 1504 1505 1506 1507 1508 1509 1510 1511 
1512 1513 1514 1515 1516 1517 1518 1519 1520 
1521 1522 1523 1524 1525 1526 1527 1528 1529 
1530 1531 1532 1533 1534 1535 1536 1537 1538 
1539 1540 1541 1542 1543 1544 1545 1546 1547 
1548 1549 1550 1551 1552 1553 1554 1555 1556 
1557 1558 1559 1560 1561 1562 1563 1564 1565 
1566 1567 1568 1569 1570 1571 1572 1573 1574 
1575 1576 1577 1578 1579 1580 1581 1582 1583 
1584 1585 1586 1587 1588 1589 1590 1591 1592 
1593 1594 1595 1596 1597 1598 1599 1600 1601 
1602 1603 1604 1605 1606 1607 1608 1609 1610 
1611 1612 1613 1614 1615 1616 1617 1618 1619 
1620 1621 1622 1623 1624 1625 1626 1627 1628 
1629 1630 1631 1632 1633 1634 1635 1636 1637 
1638 1639 1640 1641 1642 1643 1644 1645 1646 
1647 1648 1649 1650 1651 1652 1653 1654 1655 
1656 1657 1658 1659 1660 1661 1662 1663 1664 
1665 1666 1667 1668 1669 1670 1671 1672 1673 
1674 1675 1676 1677 1678 1679 1680 1681 1682 
1683 1684 1685 1686 1687 1688 1689 1690 1691 
1692 1693 1694 1695 1696 1697 1698 1699 1700 
1701 1702 1703 1704 1705 1706 1707 1708 1709 
1710 1711 1712 1713 1714 1715 1716 1717 1718 
1719 1720 1721 1722 1723 1724 1725 1726 1727 
1728 1729 1730 1731 1732 1733 1734 1735 1736 
1737 1738 1739 1740 1741 1742 1743 1744 1745 
1746 1747 1748 1749 1750 1751 1752 1753 1754 
1755 1756 1757 1758 1759 1760 1761 1762 1763 
1764 1765 1766 1767 1768 1769 1770 1771 1772 
1773 1774 1775 1776 1777 1778 1779 1780 1781 
1782 1783 1784 1785 1786 1787 1788 1789 1790 
1791 1792 1793 1794 1795 1796 1797 1798 1799 
1800 1801 1802 1803 1804 1805 1806 1807 1808 
1809 1810 1811 1812 1813 1814 1815 1816 1817 
1818 1819 1820 1821 1822 1823 1824 1825 1826 
1827 1828 1829 1830 1831 1832 1833 1834 1835 
1836 1837 1838 1839 1840 1841 1842 1843 1844 
1845 1846 1847 1848 1849 1850 1851 1852 1853 
1854 1855 1856 1857 1858 1859 1860 1861 1862 
1863 1864 1865 1866 1867 1868 1869 1870 1871 
1872 1873 1874 1875 1876 1877 1878 1879 1880 
1881 1882 1883 1884 1885 1886 1887 1888 
CONNECTIVITY vtktypeint64
0 1 2 3 4 5 6 7 8 
9 10 11 12 13 14 15 16 17 
18 19 20 21 22 23 24 25 26 
27 28 29 30 31 32 33 34 35 
36 37 38 39 40 41 42 43 44 
45 46 47 48 49 50 51 52 53 
54 55 56 57 58 59 60 61 62 
63 64 65 66 67 68 69 70 71 
72 73 74 75 76 77 78 79 80 
81 82 83 84 85 86 87 88 89 
90 91 92 93 94 95 96 97 98 
99 100 101 102 103 104 105 106 107 
108 109 110 111 112 113 114 115 116 
117 118 119 120 121 122 123 124 125 
126 127 128 129 130 131 132 133 134 
135 136 137 138 139 140 141 142 143 
144 145 146 147 148 149 150 151 152 
153 154 155 156 157 158 159 160 161 
162 163 164 165 166 167 168 169 170 
171 172 173 174 175 176 177 178 179 
180 181 182 183 184 185 186 187 188 
189 190 191 192 193 194 195 196 197 
198 199 200 201 202 203 204 205 206 
207 208 209 210 211 212 213 214 215 
216 217 218 219 220 221 222 223 224 
225 226 227 228 229 230 231 232 233 
234 235 236 237 238 239 240 241 242 
243 244 245 246 247 248 249 250 251 
252 253 254 255 256 257 258 259 260 
261 262 263 264 265 266 267 268 269 
270 271 272 273 274 275 276 277 278 
279 280 281 282 283 284 285 286 287 
288 289 290 291 292 293 294 295 296 
297 298 299 300 301 302 303 304 305 
306 307 308 309 310 311 312 313 314 
315 316 317 318 319 320 321 322 323 
324 325 326 327 328 329 330 331 332 
333 334 335 336 337 338 339 340 341 
342 343 344 345 346 347 348 349 350 
351 352 353 354 355 356 357 358 359 
360 361 362 363 364 365 366 367 368 
369 370 371 372 373 374 375 376 377 
378 379 380 381 382 383 384 385 386 
387 388 389 390 391 392 393 394 395 
396 397 398 399 400 401 402 403 404 
405 406 407 408 409 410 411 412 413 
414 415 416 417 418 419 420 421 422 
423 424 425 426 427 428 429 430 431 
432 433 434 435 436 437 438 439 440 
441 442 443 444 445 446 447 448 449 
450 451 452 453 454 455 456 457 458 
459 460 461 462 463 464 465 466 467 
468 469 470 471 472 473 474 475 476 
477 478 479 480 481 482 483 484 485 
486 487 488 489 490 491 492 493 494 
495 496 497 498 499 500 501 502 503 
504 505 506 507 508 509 510 511 512 
513 514 515 516 517 518 519 520 521 
522 523 524 525 526 527 528 529 530 
531 532 533 534 535 536 537 538 539 
540 541 542 543 544 545 546 547 548 
549 550 551 552 553 554 555 556 557 
558 559 560 561 562 563 564 565 566 
567 568 569 570 571 572 573 574 575 
576 577 578 579 580 581 582 583 584 
585 586 587 588 589 590 591 592 593 
594 595 596 597 598 599 600 601 602 
603 604 605 606 607 608 609 610 611 
612 613 614 615 616 617 618 619 620 
621 622 623 624 625 626 627 628 629 
630 631 632 633 634 635 636 637 638 
639 640 641 642 643 644 645 646 647 
648 649 650 651 652 653 654 655 656 
657 658 659 660 661 662 663 664 665 
666 667 668 669 670 671 672 673 674 
675 676 677 678 679 680 681 682 683 
684 685 686 687 688 689 690 691 692 
693 694 695 696 697 698 699 700 701 
702 703 704 705 706 707 708 709 710 
711 712 713 714 715 716 717 718 719 
720 721 722 723 724 725 726 727 728 
729 730 731 732 733 734 735 736 737 
738 739 740 741 742 743 744 745 746 
747 748 749 750 751 752 753 754 755 
756 757 758 759 760 761 762 763 764 
765 766 767 768 769 770 771 772 773 
774 775 776 777 778 779 780 781 782 
783 784 785 786 787 788 789 790 791 
792 793 794 795 796 797 798 799 800 
801 802 803 804 805 806 807 808 809 
810 811 812 813 814 815 816 817 818 
819 820 821 822 823 824 825 826 827 
828 829 830 831 832 833 834 835 836 
837 838 839 840 841 842 843 844 845 
846 847 848 849 850 851 852 853 854 
855 856 857 858 859 860 861 862 863 
864 865 866 867 868 869 870 871 872 
873 874 875 876 877 878 879 880 881 
882 883 884 885 886 887 888 889 890 
891 892 893 894 895 896 897 898 899 
900 901 902 903 904 905 906 907 908 
909 910 911 912 913 914 915 916 917 
918 919 920 921 922 923 924 925 926 
927 928 929 930 931 932 933 934 935 
936 937 938 939 940 941 942 943 944 
945 946 947 948 949 950 951 952 953 
954 955 956 957 958 959 960 961 962 
963 964 965 966 967 968 969 970 971 
972 973 974 975 976 977 978 979 980 
981 982 983 984 985 986 987 988 989 
990 991 992 993 994 995 996 997 998 
999 1000 1001 1002 1003 1004 1005 1006 1007 
1008 1009 1010 1011 1012 1013 1014 1015 1016 
1017 1018 1019 1020 1021 1022 1023 1024 1025 
1026 1027 1028 1029 1030 1031 1032 1033 1034 
1035 1036 1037 1038 1039 1040 1041 1042 1043 
1044 1045 1046 1047 1048 1049 1050 1051 1052 
1053 1054 1055 1056 1057 1058 1059 1060 1061 
1062 1063 1064 1065 1066 1067 1068 1069 1070 
1071 1072 1073 1074 1075 1076 1077 1078 1079 
1080 1081 1082 1083 1084 1085 1086 1087 1088 
1089 1090 1091 1092 1093 1094 1095 1096 1097 
1098 1099 1100 1101 1102 1103 1104 1105 1106 
1107 1108 1109 1110 1111 1112 1113 1114 1115 
1116 1117 1118 1119 1120 1121 1122 1123 1124 
1125 1126 1127 1128 1129 1130 1131 1132 1133 
1134 1135 1136 1137 1138 1139 1140 1141 1142 
1143 1144 1145 1146 1147 1148 1149 1150 1151 
1152 1153 1154 1155 1156 1157 1158 1159 1160 
1161 1162 1163 1164 1165 1166 1167 1168 1169 
1170 1171 1172 1173 1174 1175 1176 1177 1178 
1179 1180 1181 1182 1183 1184 1185 1186 1187 
1188 1189 1190 1191 1192 1193 1194 1195 1196 
1197 1198 1199 1200 1201 1202 1203 1204 1205 
1206 1207 1208 1209 1210 1211 1212 1213 1214 
1215 1216 1217 1218 1219 1220 1221 1222 1223 
1224 1225 1226 1227 1228 1229 1230 1231 1232 
1233 1234 1235 1236 1237 1238 1239 1240 1241 
1242 1243 1244 1245 1246 1247 1248 1249 1250 
1251 1252 1253 1254 1255 1256 1257 1258 1259 
1260 1261 1262 1263 1264 1265 1266 1267 1268 
1269 1270 1271 1272 1273 1274 1275 1276 1277 
1278 1279 1280 1281 1282 1283 1284 1285 1286 
1287 1288 1289 1290 1291 1292 1293 1294 1295 
1296 1297 1298 1299 1300 1301 1302 1303 1304 
1305 1306 1307 1308 1309 1310 1311 1312 1313 
1314 1315 1316 1317 1318 1319 1320 1321 1322 
1323 1324 1325 1326 1327 1328 1329 1330 1331 
1332 1333 1334 1335 1336 1337 1338 1339 1340 
1341 1342 1343 1344 1345 1346 1347 1348 1349 
1350 1351 1352 1353 1354 1355 1356 1357 1358 
1359 1360 1361 1362 1363 1364 1365 1366 1367 
1368 1369 1370 1371 1372 1373 1374 1375 1376 
1377 1378 1379 1380 1381 1382 1383 1384 1385 
1386 1387 1388 1389 1390 1391 1392 1393 1394 
1395 1396 1397 1398 1399 1400 1401 1402 1403 
1404 1405 1406 1407 1408 1409 1410 1411 1412 
1413 1414 1415 1416 1417 1418 1419 1420 1421 
1422 1423 1424 1425 1426 1427 1428 1429 1430 
1431 1432 1433 1434 1435 1436 1437 1438 1439 
1440 1441 1442 1443 1444 1445 1446 1447 1448 
1449 1450 1451 1452 1453 1454 1455 1456 1457 
1458 1459 1460 1461 1462 1463 1464 1465 1466 
1467 1468 1469 1470 1471 1472 1473 1474 1475 
1476 1477 1478 1479 1480 1481 1482 1483 1484 
1485 1486 1487 1488 1489 1490 1491 1492 1493 
1494 1495 1496 1497 1498 1499 1500 1501 1502 
1503 1504 1505 1506 1507 1508 1509 1510 1511 
1512 1513 1514 1515 1516 1517 1518 1519 1520 
1521 1522 1523 1524 1525 1526 1527 1528 1529 
1530 1531 1532 1533 1534 1535 1536 1537 1538 
1539 1540 1541 1542 1543 1544 1545 1546 1547 
1548 1549 1550 1551 1552 1553 1554 1555 1556 
1557 1558 1559 1560 1561 1562 1563 1564 1565 
1566 1567 1568 1569 1570 1571 1572 1573 1574 
1575 1576 1577 1578 1579 1580 1581 1582 1583 
1584 1585 1586 1587 1588 1589 1590 1591 1592 
1593 1594 1595 1596 1597 1598 1599 1600 1601 
1602 1603 1604 1605 1606 1607 1608 1609 1610 
1611 1612 1613 1614 1615 1616 1617 1618 1619 
1620 1621 1622 1623 1624 1625 1626 1627 1628 
1629 1630 1631 1632 1633 1634 1635 1636 1637 
1638 1639 1640 1641 1642 1643 1644 1645 1646 
1647 1648 1649 1650 1651 1652 1653 1654 1655 
1656 1657 1658 1659 1660 1661 1662 1663 1664 
1665 1666 1667 1668 1669 1670 1671 1672 1673 
1674 1675 1676 1677 1678 1679 1680 1681 1682 
1683 1684 1685 1686 1687 1688 1689 1690 1691 
1692 1693 1694 1695 1696 1697 1698 1699 1700 
1701 1702 1703 1704 1705 1706 1707 1708 1709 
1710 1711 1712 1713 1714 1715 1716 1717 1718 
1719 1720 1721 1722 1723 1724 1725 1726 1727 
1728 1729 1730 1731 1732 1733 1734 1735 1736 
1737 1738 1739 1740 1741 1742 1743 1744 1745 
1746 1747 1748 1749 1750 1751 1752 1753 1754 
1755 1756 1757 1758 1759 1760 1761 1762 1763 
1764 1765 1766 1767 1768 1769 1770 1771 1772 
1773 1774 1775 1776 1777 1778 1779 1780 1781 
1782 1783 1784 1785 1786 1787 1788 1789 1790 
1791 1792 1793 1794 1795 1796 1797 1798 1799 
1800 1801 1802 1803 1804 1805 1806 1807 1808 
1809 1810 1811 1812 1813 1814 1815 1816 1817 
1818 1819 1820 1821 1822 1823 1824 1825 1826 
1827 1828 1829 1830 1831 1832 1833 1834 1835 
1836 1837 1838 1839 1840 1841 1842 1843 1844 
1845 1846 1847 1848 1849 1850 1851 1852 1853 
1854 1855 1856 1857 1858 1859 1860 1861 1862 
1863 1864 1865 1866 1867 1868 1869 1870 1871 
1872 1873 1874 1875 1876 1877 1878 1879 1880 
1881 1882 1883 1884 1885 1886 1887 
POINT_DATA 1888
FIELD FieldData 5
id 1 1888 int
16056 800 4132 4488 1022 52 45056 30134 2110 
45968 26583 23226 994 4351 1840 5945 20574 1984 
34487 2142 12082 36842 11726 46800 48076 583 3560 
15201 21549 46922 48152 45516 43063 3657 42492 781 
39686 46921 34374 44944 45969 17353 33695 46851 47937 
1950 5109 594 47166 3051 3974 3825 5751 43080 
17302 42873 21411 29263 5499 16251 2518 5366 1577 
44057 49065 17547 15414 1071 3354 2812 6440 14461 
25173 22579 39646 1087 470 6075 5543 7473 14 
38377 22347 34353 5912 17350 34843 179 7309 3011 
4274 7340 2161 5121 1591 7596 4712 4608 2615 
3925 7487 16429 43733 48015 2863 4580 6782 10796 
4515 11896 10153 6002 11071 398 2471 38632 14982 
1012 6259 16281 10966 3702 43705 395 653 21169 
22041 3189 5374 19640 7256 243 8570 22280 87 
1477 1016 17027 2231 7538 4552 9150 4965 9770 
7010 2314 2565 7793 1858 48722 5866 4452 11274 
4873 31052 3896 26591 1722 2660 822 11722 886 
10527 2470 11533 5572 1167 420 4817 4365 4784 
982 8382 16691 747 6603 5416 12042 1549 39829 
2795 2034 16319 632 7128 5002 6197 1418 15691 
4173 16204 25484 4005 168 4753 9474 21006 2554 
3329 12407 2376 29 6441 9517 43899 1694 4743 
6195 3578 5028 27785 2698 2026 3675 7277 4902 
14682 7283 3857 7034 3427 4166 11217 16719 3489 
3652 5765 6262 9541 8634 9032 5334 3981 10997 
17245 1905 21570 10636 20823 4348 5811 6321 4032 
12451 5283 667 8968 927 44431 3019 20241 9078 
26258 6925 12081 3881 683 7425 7315 4781 427 
8866 39152 2543 1544 197 207 7516 995 7226 
7230 12798 3934 10025 2127 2762 4417 5363 9733 
5208 4708 12160 11157 869 1426 7461 17305 4262 
5230 14723 6329 3759 2176 5144 11373 3906 5127 
1870 3512 1327 17317 1246 1463 7180 5255 21159 
12114 17120 1880 16876 854 4799 6653 7495 6265 
2140 9386 3417 2750 16205 14527 20993 47347 5330 
16754 505 15888 4589 10169 15869 2811 6714 6010 
11471 17242 11221 5377 3215 2975 4849 5868 4659 
3557 6279 12997 72 3254 17166 7102 9668 16923 
3817 4211 5087 8763 10889 711 6216 11727 9820 
4582 12279 4346 8068 3133 11483 2357 1085 11826 
86 6841 9137 6486 5396 1677 13908 21859 4517 
10618 2958 1501 7474 2591 3897 11874 16306 26180 
517 11178 7528 205 239 9130 24686 11498 7370 
11053 34742 4604 4535 2296 21904 4722 7438 7142 
12486 5392 35173 1331 2889 12315 2288 39416 62 
11945 1380 5700 6500 6076 2550 30762 21903 1102 
11137 894 2094 22795 49039 1872 6088 11555 7099 
20091 3791 11618 964 1387 10399 1392 2491 3802 
426 2597 6967 4075 2021 9965 5182 10544 3134 
6268 2462 6415 2909 79 7024 4366 34975 1267 
6902 3744 3563 5592 2058 10077 12014 3770 1749 
5831 2688 5203 4260 2821 468 6204 16131 8021 
11106 834 9931 6686 46944 5865 12493 966 5228 
12532 5728 11737 11532 464 9271 199 6954 6422 
16525 19889 8083 6621 12091 2285 25035 26483 167 
1209 31509 6326 2560 6895 3358 9936 10554 4443 
17316 12441 2388 2627 11334 1137 3332 6118 10359 
2495 3811 11348 35101 1117 11294 6153 13893 1967 
7109 5487 4519 11107 48453 5460 1189 8240 9512 
5844 10540 2573 316 5465 1934 353 7323 1711 
2041 16074 6116 6503 6490 21713 2925 10054 10679 
2170 30697 1518 105 639 2756 1165 13715 6770 
30910 5131 10306 12974 14641 7178 6708 319 717 
6381 12122 3477 5443 7969 271 3211 12271 5422 
1300 12438 17462 6677 12087 1504 5896 3152 5698 
5885 5932 3968 39274 4232 2342 8101 1698 6976 
7134 2956 7261 1809 4002 3611 6593 4771 17068 
11022 26493 14808 2046 22649 10500 28017 5227 2253 
7568 26291 4532 11960 5582 3713 3908 2779 4214 
29823 5140 44165 2410 2091 10932 16746 2900 2050 
8746 2730 47354 6998 362 12297 437 283 48286 
870 2328 10378 18544 42691 5745 5086 11536 2763 
5342 11385 1064 6483 11663 1248 35168 748 11566 
93 481 970 3244 6243 15026 31242 831 1512 
6479 135 7550 16981 45858 35094 4925 21770 912 
7989 2533 11685 26201 9328 5437 11109 26407 12041 
2606 8275 10677 8485 9926 41469 40826 16132 3784 
2242 47964 9974 43191 376 4258 6272 106 94 
10102 6565 12068 522 3168 40254 477 4127 1525 
17107 2694 563 11315 4997 453 5741 3826 5933 
2081 4879 1126 6468 21005 3783 4862 16962 5659 
1866 10641 26397 282 2639 3376 2131 5080 12628 
2851 5110 601 7319 3275 245 2102 25937 2955 
5589 3775 14670 981 1748 10419 12349 11186 2552 
47082 12431 3748 4556 10750 2009 26271 5340 9693 
26356 1118 5967 12387 14086 1778 1050 12645 6027 
6776 29791 2486 20308 3159 12069 15420 11648 5601 
26468 12345 10670 10993 5176 16677 44154 6689 37920 
11501 4094 18556 10662 1653 47196 2042 3096 10536 
11909 24678 12340 13916 1223 10248 6666 6403 7358 
6169 2287 4980 7921 1527 3062 1799 4864 3500 
13681 58 1043 1049 2607 5519 7339 7432 1253 
39613 20970 9278 5147 335 1583 20487 4500 5217 
7546 9424 3460 12397 1830 35310 7371 16301 3987 
14432 6823 4055 2164 2656 11068 1149 15503 11957 
28681 3787 3501 22 7243 12281 6564 2915 12728 
6325 550 6712 2951 5061 9177 3247 16339 5538 
9128 17013 1845 6808 1510 15996 4961 8999 21702 
4071 15190 43578 796 45151 28647 5657 7015 3370 
43922 772 3317 187 10154 2966 24713 2331 10397 
30542 2250 44517 16472 1061 285 26473 2837 9696 
31084 5749 8934 2778 6559 7192 6054 1621 3129 
4836 2598 17156 7057 7112 4960 12030 6883 6303 
8854 5838 11260 813 7472 5445 11701 47988 2211 
958 11083 4344 30992 1878 3711 30833 10811 4243 
30496 2496 8280 30742 763 6409 1938 1213 2559 
5718 12025 11233 438 6921 7529 10240 141 44236 
4901 1882 3418 14606 6034 333 4022 17130 12462 
16958 22023 6981 4487 10991 16505 3136 3245 4860 
10326 3977 3006 6450 11788 7535 43496 48761 5773 
3992 22034 3049 5316 41684 5697 157 12311 34556 
766 4247 2600 6142 5252 4893 3252 5058 35428 
697 850 20113 7486 3206 2556 651 20260 3648 
17109 7532 640 3493 617 15761 6795 26562 4291 
6236 5775 11457 4374 121 1660 4148 30684 4846 
48764 425 4437 6062 20581 25630 17372 3038 21812 
10817 2773 39636 846 15212 39411 17009 37850 4763 
1935 12358 6889 12571 35610 369 23758 771 5801 
48819 5850 2502 10229 1129 6958 8926 4728 6817 
3179 4392 45497 3610 6519 13889 4445 3039 475 
22479 2057 2727 1918 221 5455 11191 1690 12364 
8940 450 902 4863 19962 35064 5837 11388 148 
1070 6398 2803 4899 11338 10382 33302 1201 3603 
5115 11681 10828 3595 12478 15597 96 20956 1178 
10469 5853 12460 35591 7447 3917 8227 5579 45168 
576 10717 2534 34454 44688 6052 3645 10706 1464 
8151 10546 1662 3743 12141 7022 4628 10515 26119 
2019 11891 1456 4337 31064 6872 4507 10213 387 
542 5766 17198 5900 42097 35499 5155 1096 6650 
2670 48931 22703 10842 15485 14483 6357 20676 2247 
1329 6198 147 2867 12073 6391 22225 9637 2537 
7972 20811 31065 46982 2085 1974 5663 11769 3084 
14875 2311 6342 2634 9290 8773 6347 837 2500 
30112 3372 3035 2297 6324 5210 47766 30851 5880 
2755 2929 21897 2799 10921 10197 14646 555 25503 
47023 21957 1610 1942 1557 7106 10970 1349 1640 
4886 853 1861 6684 5162 26226 2586 1453 3362 
11738 12327 15363 22325 4248 6741 4141 21934 11721 
7158 16040 547 4429 26580 6747 11853 5696 16355 
20088 17134 7505 1562 8146 6931 2246 6214 11835 
47498 7105 7295 5414 43023 38475 9898 695 1407 
12576 5551 3222 2857 4428 2959 11045 4687 7311 
12283 597 7030 4328 5181 34 1863 5337 39969 
11299 25478 4378 11344 40 7198 2282 2793 3517 
30945 1233 586 1609 26073 2689 48 11153 5093 
6115 12119 3093 12483 7090 2547 30342 4947 9836 
30336 9562 352 46557 533 1297 4370 397 8376 
30975 8626 10481 3355 1865 2501 4341 4636 16818 
1742 287 6362 12502 2377 4405 31 3228 21483 
345 4450 48836 3456 6608 4215 7723 16448 8145 
3494 3935 10599 4371 6388 23402 6923 4442 4309 
30267 4911 2061 48535 21292 5498 4594 2154 39657 
4052 7265 3473 3629 26626 15694 2800 3621 687 
4403 3532 9218 21669 329 1573 11808 22031 2692 
11123 338 6690 34970 1756 3098 3602 11543 11062 
26595 2280 30289 2768 43861 784 328 5857 1524 
11281 6796 1514 3941 1417 5248 4305 10988 7108 
48411 30788 1219 4419 5317 1273 46028 3903 16969 
1044 2023 2448 15588 21899 6253 7359 3451 17048 
2936 10895 17843 2066 12038 34340 327 6484 5758 
1919 10485 35425 110 7414 2512 44588 3726 6520 
21579 1294 1850 5150 12028 4101 1764 12420 8395 
11869 5795 1088 21725 5507 4847 16653 7419 1666 
2269 44037 1468 5164 9840 1699 775 12305 726 
6903 12304 37336 4666 2343 2854 44841 29871 6994 
11012 2396 21241 12296 4730 11392 12848 10125 7069 
1930 11646 3984 998 25534 614 10919 260 7008 
3705 12453 45595 399 6446 15286 27908 3177 799 
11653 3425 6309 14909 4408 9451 264 6526 291 
5980 21954 1290 28650 75 12394 45838 6017 12021 
2892 18514 2461 3185 9884 10597 7139 9414 16797 
6855 9962 26460 971 931 11187 1330 30866 2705 
6988 5732 5273 2419 5198 3480 5286 16800 48159 
44080 6861 546 9523 1886 3570 3201 7448 2585 
4050 2683 12375 1745 6535 2272 15832 6420 26642 
3117 4943 10426 21967 3753 17382 6314 699 49056 
769 1844 3033 12285 6074 4590 20242 7558 16540 
31097 6338 31394 487 5583 16375 6331 2582 5981 
3440 4427 12015 1486 1790 46842 24635 1802 2942 
7073 1378 5275 10729 5917 10697 29582 2860 47445 
9970 21280 21431 5376 4663 5936 11983 2010 7456 
3481 4550 821 3388 3105 5803 11167 880 5717 
34530 47506 2340 1283 6190 24682 718 15402 9914 
10155 10355 15806 35040 5505 1498 6613 1469 1730 
5603 835 2898 3894 5964 4298 20456 3959 11188 
11631 18273 5771 476 8537 47026 36988 17341 1700 
16529 5186 39805 11152 1148 2235 540 11241 25823 
12316 3797 8572 459 722 3693 2368 3146 4987 
6288 6702 45443 3605 4446 25408 17 1150 10149 
2989 17086 7401 3527 12599 29474 737 15804 5974 
5607 8110 9121 7089 48430 6281 2383 4655 629 
11256 16553 39494 5667 4108 5156 917 11651 8184 
9162 3160 46838 6744 48733 15490 2677 3542 6386 
46011 25090 24929 26266 47076 48379 3091 45723 37816 
46548 44853 45031 47886 37097 45294 44803 40163 515 
47958 25136 5715 48472 44840 48608 45767 3130 32581 
2783 47391 25988 28996 3568 33502 1655 48479 5174 
6607 3999 2278 12332 830 5720 4092 2781 5993 
3077 4484 2930 1152 4844 6962 5308 7422 3870 
933 3851 1681 6163 3864 35134 413 2794 2051 
5886 7574 6875 3099 1374 1475 3980 12000 2244 
279 8464 9054 334 939 4546 888 10626 356 
14127 1635 2198 7013 4080 4619 573 8048 20 
7307 9105 2184 158 6763 6031 906 12103 9398 
2074 11893 574 45708 6467 35642 7617 16120 35405 
8436 30246 24693 10964 36813 4766 23376 17323 17255 
9771 25479 8455 21130 19745 22093 5615 6850 35970 
6617 42087 8373 12752 44758 3505 35189 5858 37498 
17958 45099 19857 30832 47071 34165 40841 
type 1 1888 int
1 1 1 1 1 1 1 1 1 
1 1 1 1 1 1 1 1 1 
1 1 1 1 1 1 1 1 1 
1 1 1 1 1 1 1 1 1 
1 1 1 1 1 1 1 1 1 
1 1 1 1 1 1 1 1 1 
1 1 1 1 1 1 1 1 1 
1 1 1 1 1 1 1 1 1 
1 1 1 1 1 1 1 1 1 
1 1 1 1 1 1 1 1 1 
1 1 1 1 1 1 1 1 1 
1 1 1 1 1 1 1 1 1 
1 1 1 1 1 1 1 1 1 
1 1 1 1 1 1 1 1 1 
1 1 1 1 1 1 1 1 1 
1 1 1 1 1 1 1 1 1 
1 1 1 1 1 1 1 1 1 
1 1 1 1 1 1 1 1 1 
1 1 1 1 1 1 1 1 1 
1 1 1 1 1 1 1 1 1 
1 1 1 1 1 1 1 1 1 
1 1 1 1 1 1 1 1 1 
1 1 1 1 1 1 1 1 1 
1 1 1 1 1 1 1 1 1 
1 1 1 1 1 1 1 1 1 
1 1 1 1 1 1 1 1 1 
1 1 1 1 1 1 1 1 1 
1 1 1 1 1 1 1 1 1 
1 1 1 1 1 1 1 1 1 
1 1 1 1 1 1 1 1 1 
1 1 1 1 1 1 1 1 1 
1 1 1 1 1 1 1 1 1 
1 1 1 1 1 1 1 1 1 
1 1 1 1 1 1 1 1 1 
1 1 1 1 1 1 1 1 1 
1 1 1 1 1 1 1 1 1 
1 1 1 1 1 1 1 1 1 
1 1 1 1 1 1 1 1 1 
1 1 1 1 1 1 1 1 1 
1 1 1 1 1 1 1 1 1 
1 1 1 1 1 1 1 1 1 
1 1 1 1 1 1 1 1 1 
1 1 1 1 1 1 1 1 1 
1 1 1 1 1 1 1 1 1 
1 1 1 1 1 1 1 1 1 
1 1 1 1 1 1 1 1 1 
1 1 1 1 1 1 1 1 1 
1 1 1 1 1 1 1 1 1 
1 1 1 1 1 1 1 1 1 
1 1 1 1 1 1 1 1 1 
1 1 1 1 1 1 1 1 1 
1 1 1 1 1 1 1 1 1 
1 1 1 1 1 1 1 1 1 
1 1 1 1 1 1 1 1 1 
1 1 1 1 1 1 1 1 1 
1 1 1 1 1 1 1 1 1 
1 1 1 1 1 1 1 1 1 
1 1 1 1 1 1 1 1 1 
1 1 1 1 1 1 1 1 1 
1 1 1 1 1 1 1 1 1 
1 1 1 1 1 1 1 1 1 
1 1 1 1 1 1 1 1 1 
1 1 1 1 1 1 1 1 1 
1 1 1 1 1 1 1 1 1 
1 1 1 1 1 1 1 1 1 
1 1 1 1 1 1 1 1 1 
1 1 1 1 1 1 1 1 1 
1 1 1 1 1 1 1 1 1 
1 1 1 1 1 1 1 1 1 
1 1 1 1 1 1 1 1 1 
1 1 1 1 1 1 1 1 1 
1 1 1 1 1 1 1 1 1 
1 1 1 1 1 1 1 1 1 
1 1 1 1 1 1 1 1 1 
1 1 1 1 1 1 1 1 1 
1 1 1 1 1 1 1 1 1 
1 1 1 1 1 1 1 1 1 
1 1 1 1 1 1 1 1 1 
1 1 1 1 1 1 1 1 1 
1 1 1 1 1 1 1 1 1 
1 1 1 1 1 1 1 1 1 
1 1 1 1 1 1 1 1 1 
1 1 1 1 1 1 1 1 1 
1 1 1 1 1 1 1 1 1 
1 1 1 1 1 1 1 1 1 
1 1 1 1 1 1 1 1 1 
1 1 1 1 1 1 1 1 1 
1 1 1 1 1 1 1 1 1 
1 1 1 1 1 1 1 1 1 
1 1 1 1 1 1 1 1 1 
1 1 1 1 1 1 1 1 1 
1 1 1 1 1 1 1 1 1 
1 1 1 1 1 1 1 1 1 
1 1 1 1 1 1 1 1 1 
1 1 1 1 1 1 1 1 1 
1 1 1 1 1 1 1 1 1 
1 1 1 1 1 1 1 1 1 
1 1 1 1 1 1 1 1 1 
1 1 1 1 1 1 1 1 1 
1 1 1 1 1 1 1 1 1 
1 1 1 1 1 1 1 1 1 
1 1 1 1 1 1 1 1 1 
1 1 1 1 1 1 1 1 1 
1 1 1 1 1 1 1 1 1 
1 1 1 1 1 1 1 1 1 
1 1 1 1 1 1 1 1 1 
1 1 1 1 1 1 1 1 1 
1 1 1 1 1 1 1 1 1 
1 1 1 1 1 1 1 1 1 
1 1 1 1 1 1 1 1 1 
1 1 1 1 1 1 1 1 1 
1 1 1 1 1 1 1 1 1 
1 1 1 1 1 1 1 1 1 
1 1 1 1 1 1 1 1 1 
1 1 1 1 1 1 1 1 1 
1 1 1 1 1 1 1 1 1 
1 1 1 1 1 1 1 1 1 
1 1 1 1 1 1 1 1 1 
1 1 1 1 1 1 1 1 1 
1 1 1 1 1 1 1 1 1 
1 1 1 1 1 1 1 1 1 
1 1 1 1 1 1 1 1 1 
1 1 1 1 1 1 1 1 1 
1 1 1 1 1 1 1 1 1 
1 1 1 1 1 1 1 1 1 
1 1 1 1 1 1 1 1 1 
1 1 1 1 1 1 1 1 1 
1 1 1 1 1 1 1 1 1 
1 1 1 1 1 1 1 1 1 
1 1 1 1 1 1 1 1 1 
1 1 1 1 1 1 1 1 1 
1 1 1 1 1 1 1 1 1 
1 1 1 1 1 1 1 1 1 
1 1 1 1 1 1 1 1 1 
1 1 1 1 1 1 1 1 1 
1 1 1 1 1 1 1 1 1 
1 1 1 1 1 1 1 1 1 
1 1 1 1 1 1 1 1 1 
1 1 1 1 1 1 1 1 1 
1 1 1 1 1 1 1 1 1 
1 1 1 1 1 1 1 1 1 
1 1 1 1 1 1 1 1 1 
1 1 1 1 1 1 1 1 1 
1 1 1 1 1 1 1 1 1 
1 1 1 1 1 1 1 1 1 
1 1 1 1 1 1 1 1 1 
1 1 1 1 1 1 1 1 1 
1 1 1 1 1 1 1 1 1 
1 1 1 1 1 1 1 1 1 
1 1 1 1 1 1 1 1 1 
1 1 1 1 1 1 1 1 1 
1 1 1 1 1 1 1 1 1 
1 1 1 1 1 1 1 1 1 
1 1 1 1 1 1 1 1 1 
1 1 1 1 1 1 1 1 1 
1 1 1 1 1 1 1 1 1 
1 1 1 1 1 1 1 1 1 
1 1 1 1 1 1 1 1 1 
1 1 1 1 1 1 1 1 1 
1 1 1 1 1 1 1 1 1 
1 1 1 1 1 1 1 1 1 
1 1 1 1 1 1 1 1 1 
1 1 1 1 1 1 1 1 1 
1 1 1 1 1 1 1 1 1 
1 1 1 1 1 1 1 1 1 
1 1 1 1 1 1 1 1 1 
1 1 1 1 1 1 1 1 1 
1 1 1 1 1 1 1 1 1 
1 1 1 1 1 1 1 1 1 
1 1 1 1 1 1 1 1 1 
1 1 1 1 1 1 1 1 1 
1 1 1 1 1 1 1 1 1 
1 1 1 1 1 1 1 1 1 
1 1 1 1 1 1 1 1 1 
1 1 1 1 1 1 1 1 1 
1 1 1 1 1 1 1 1 1 
1 1 1 1 1 1 1 1 1 
1 1 1 1 1 1 1 1 1 
1 1 1 1 1 1 1 1 1 
1 1 1 1 1 1 1 1 1 
1 1 1 1 1 1 1 1 1 
1 1 1 1 1 1 1 1 1 
1 1 1 1 1 1 1 1 1 
1 1 1 1 1 1 1 1 1 
1 1 1 1 1 1 1 1 1 
1 1 1 1 1 1 1 1 1 
1 1 1 1 1 1 1 1 1 
1 1 1 1 1 1 1 1 1 
1 1 1 1 1 1 1 1 1 
1 1 1 1 1 1 1 1 1 
1 1 1 1 1 1 1 1 1 
1 1 1 1 1 1 1 1 1 
1 1 1 1 1 1 1 1 1 
1 1 1 1 1 1 1 1 1 
1 1 1 1 1 1 1 1 1 
1 1 1 1 1 1 1 1 1 
1 1 1 1 1 1 1 1 1 
1 1 1 1 1 1 1 1 1 
1 1 1 1 1 1 1 1 1 
1 1 1 1 1 1 1 1 1 
1 1 1 1 1 1 1 1 1 
1 1 1 1 1 1 1 1 1 
1 1 1 1 1 1 1 1 1 
1 1 1 1 1 1 1 1 1 
1 1 1 1 1 1 1 1 1 
1 1 1 1 1 1 1 1 1 
1 1 1 1 1 1 1 1 1 
1 1 1 1 1 1 1 1 1 
1 1 1 1 1 1 1 1 1 
1 1 1 1 1 1 1 
v 3 1888 double
0.03217568441 -0.012869390282 -0.360970683 0.0023914563891 0.030183459676 -0.33457386917 0.028839391497 0.036545621264 -0.34898301752 
0.26986569982 -0.053618471848 0.11365294148 -0.020996619879 0.026734014185 -0.33797657068 -0.0429344047 -0.018022062879 -0.32584051744 
-0.070145619976 -0.081780298623 0.062270309634 0.013804383407 -0.01247618999 -0.33431182523 0.0074872932478 0.018170257393 -0.30111059433 
0.043376710675 0.035717966969 -0.34095153107 0.012365769597 -0.040344686962 -0.34379905263 -0.029747864789 0.014308060696 -0.34329781217 
0.072182071288 0.10164503705 0.050620778872 -0.0076494583108 0.0016806188888 -0.34466328556 -0.036106065604 0.037327822758 -0.28010025572 
-0.050947951223 -0.053069037252 -0.2922687607 -0.046485134797 -0.023242970426 -0.28314858787 0.0043892965437 0.0017119231724 -0.26846838868 
-0.015527438318 0.023831123861 -0.35006024105 -0.021915770583 -0.041648014216 -0.30896918772 -0.0098342083543 -0.022687250893 -0.31220707566 
0.008912694767 0.057758065674 -0.30433065066 0.071901303331 -0.015295657526 -0.30646349775 -0.035485898842 0.027412534422 -0.25181538864 
-0.012368999677 0.027944462724 -0.23312075385 -0.01849489107 0.021215487463 -0.26620059543 -0.028573549126 0.052385485197 -0.24918249601 
0.016930340069 -0.049839434468 -0.25717119049 -0.058906875349 -0.032239360998 -0.29581152765 0.065160183893 -0.059365687918 -0.26818817592 
0.06093850022 -0.0049089627156 -0.22700709147 0.036949749169 0.035935468018 -0.25473166773 0.047761528996 0.046760763425 -0.23113479946 
-0.015888241826 -0.046765293595 -0.24105493901 -0.039441239644 -0.075614562606 -0.25983657617 -0.0079561828955 -0.00028274719189 -0.23412508264 
0.020764729093 0.0078478747173 -0.25401333841 -0.031655509174 0.017534910126 -0.2011032579 0.072289648316 0.0093814719168 -0.23175487866 
-0.030223906879 -0.038507082931 -0.21665019845 -0.044342261955 -0.023337239911 -0.21698988411 0.014682995651 0.0054390835827 -0.22992766983 
-0.01232633846 0.054465120104 -0.22510158252 0.021303749959 0.032087776803 -0.17610089476 -0.0054594097546 -0.069502898888 -0.2160397575 
-0.027710533398 -0.017979253171 -0.16412900648 -0.012505991985 -0.026917019651 -0.22069117398 0.015123199897 0.013576009563 -0.19453651716 
0.016511861536 0.061781259033 -0.24889904826 0.0027572761034 -0.067451807066 -0.21770617535 -0.0074011367366 0.080742509552 -0.24859390346 
-0.047223272369 -0.025272005531 -0.21514165376 -0.029262270234 -0.023889162279 -0.20824190265 0.046116095715 0.016449427335 -0.22271432589 
0.021988922711 0.040278562594 -0.1599242913 -0.024045992432 -0.029658803791 -0.22408821595 -0.024054992765 0.015338915643 -0.13274163402 
0.023069002845 -0.051748296108 -0.17381499925 -0.091305388102 0.055073167805 -0.21832493304 -0.014248097289 0.0080274753923 -0.16581037613 
0.015402215817 0.036909379767 -0.20621696344 -0.06113671139 0.0072515716622 -0.12764096808 0.00063768920276 -0.0040331335578 -0.17772130605 
-0.075683879431 0.036975896887 -0.090236716296 -0.017496931967 -0.046748989545 -0.098617344822 0.020413144465 -0.037998972154 -0.12097622358 
-1.0790210879e-16 -1.1970745792e-16 -7.5273730692e-17 -4.6885587353e-10 5.4219116692e-11 -1.0429657144e-10 -9.3621456085e-12 -2.7583937283e-12 -1.2307527385e-11 
3.8404880825e-16 -2.5128104245e-16 -2.5649461701e-16 5.3868496211e-16 2.8550671887e-16 -6.4794628765e-16 0.016069051872 -0.0016103099618 -0.14140301374 
-6.1572636723e-16 2.7682205163e-16 1.0481659107e-16 -9.2072555947e-17 1.322864811e-17 1.7169650411e-16 -7.2820059638e-16 -1.7372327101e-16 -2.5442470949e-19 
0.020998355091 -0.039767187329 -0.15885421233 0.026056667852 -0.12006406395 -0.12075877337 0.037608779379 0.020430797452 -0.17086717876 
2.5598061318e-14 1.6881415043e-15 9.2687444396e-16 -4.1342353925e-06 -8.1952240002e-06 -6.6429933784e-06 -0.015246984026 -0.024285988022 -0.0135789925 
-0.019409109438 -0.0083781745739 -0.13865355399 0.022534958602 -0.048455760397 -0.097239071353 2.9529387981e-18 -2.1905256201e-16 -4.2155662739e-16 
-5.4587469626e-17 1.9540746912e-16 9.7461583457e-17 2.469097171e-16 1.9719236474e-19 -3.6400032973e-16 1.1449171741e-16 2.1825972939e-16 -4.3703730146e-17 
-2.9630163078e-16 2.0909786306e-16 -1.2148357593e-16 3.5205102256e-06 -2.9520968401e-06 -1.0928956444e-05 3.1744781343e-12 -3.6568208296e-12 6.3397607522e-12 
7.4275284596e-17 1.6435251202e-16 -3.6535016705e-17 1.2190024084e-12 -6.7073884844e-13 -3.8341118825e-12 -7.1396111375e-17 3.13353177e-18 -6.8380009176e-17 
1.8306363462e-16 -2.9565910316e-16 2.158461195e-17 5.2592391346e-16 4.1377731552e-16 7.9666227809e-17 -1.5399822943e-13 -1.4990694948e-13 -3.1835521444e-12 
3.3177020885e-16 4.8297101528e-16 3.0283616571e-16 0.0074609335555 -0.034192066707 -0.1281345139 -2.9014104278e-16 1.4458995339e-15 -1.8770983675e-15 
2.416415038e-16 -2.9199222103e-16 -8.7361352693e-17 -1.3989071161e-16 -3.3726067241e-17 -4.7865644722e-17 3.6556665917e-09 1.8638878366e-08 -7.4994604454e-10 
0.036181350023 0.0013707718244 -0.14108598607 -0.06814690281 -0.079101615195 -0.10423358633 5.6091368619e-16 8.2655183161e-17 -2.4184279204e-17 
-7.0230057606e-16 -2.4848472338e-16 -7.035961693e-16 2.8315931875e-16 8.2978011606e-17 4.6616366014e-17 1.3030409816e-15 -4.4476100867e-16 -4.8724846892e-17 
-0.046110554266 -0.010586645044 -0.114738872 5.8156892273e-17 1.2440349529e-16 -3.1795753596e-17 -2.708189901e-17 -8.434340689e-17 -3.2355419342e-17 
4.7996430962e-17 -3.1719764637e-17 -2.3370710674e-17 4.1438663478e-16 -6.0446554078e-16 -1.0970059175e-16 1.5805118592e-15 -4.3844278262e-15 -4.9565736635e-14 
-1.0684539887e-16 2.4913392953e-16 2.4153585807e-17 4.2384495844e-14 1.2520580166e-13 -1.1334745125e-13 7.8841319395e-08 -4.6420849302e-08 4.1109708007e-08 
-1.8786710595e-11 1.1536153835e-11 3.675099584e-11 5.3128961175e-17 -3.629168482e-16 -3.1862749516e-17 -2.4430728363e-16 -2.6438704142e-16 -4.9854553894e-17 
-1.8199800955e-16 -1.4397042703e-16 -1.6368402156e-19 8.310417887e-17 -1.9292806864e-16 -2.0546547209e-17 -0.084055460552 -0.0034558089694 -0.03116879725 
1.8657874816e-17 7.459933556e-17 6.9000422734e-19 2.1117606343e-17 -8.6425947492e-18 -1.0248099813e-18 -2.0311134801e-08 -3.1141986335e-08 -1.5631798299e-06 
9.2403961004e-17 3.3479163777e-16 -1.4528608002e-16 1.4549466229e-09 -5.6554938965e-09 -1.7619163216e-08 6.4218040313e-16 -2.7247971789e-16 -1.6115681607e-16 
0.067774518908 -0.0068244846263 -0.17073261423 -3.5474346687e-17 -8.7384172027e-17 -1.849353072e-16 2.7525613e-09 3.1380067511e-09 9.1816780778e-09 
-3.0521034589e-09 -1.499327949e-09 2.7295780184e-08 -0.048901865329 0.083825054757 -0.12692905059 2.043947588e-16 6.8880101712e-17 -1.5096389359e-16 
2.4233591983e-16 -7.9116840051e-17 4.8875854378e-17 -1.6116768337e-16 3.3124752705e-16 -1.9921137627e-18 -1.5479177109e-13 -4.4454442426e-14 -1.1014016072e-14 
2.0882855333e-16 6.4207331581e-17 4.8078967367e-18 -1.4542514998e-16 -5.1628774238e-16 9.0286288234e-19 -5.7802480665e-17 -5.3580463281e-17 -2.3192994446e-17 
2.2070798685e-16 -1.5511902967e-16 2.8341990418e-17 6.529567089e-11 -4.9638727587e-11 1.9184797235e-11 -1.4050288974e-16 -1.174276444e-16 1.2541520114e-18 
-3.1095899663e-17 7.8472004331e-17 1.6404678613e-17 5.3938937947e-17 -2.535534349e-17 7.6449423524e-17 -5.5970117054e-17 7.5592745749e-18 7.8449018229e-18 
1.2648018909e-06 1.2327954801e-06 -1.1033420094e-06 -5.5939961477e-17 -6.8033907915e-17 -7.2777853909e-19 -0.0054919897218 0.00071987927988 -0.1685120978 
4.1515126799e-17 7.2340338769e-16 3.7918189448e-17 -3.4257900383e-16 -1.7523645298e-17 5.4616757996e-18 1.8261762394e-16 -2.9782234625e-16 9.3956213778e-17 
3.1426887988e-17 6.9364432617e-17 -4.8892396748e-17 -1.7351821408e-16 -2.4796662657e-16 4.9998923289e-17 -6.5419116496e-17 -1.4320817796e-17 2.4632581312e-16 
-3.166816286e-17 4.1053394739e-16 -9.3726328606e-17 0.021301502691 -0.11234523802 -0.048863894732 -7.1756783846e-16 -2.1614752178e-16 1.1500975768e-16 
4.703941999e-11 1.5050887829e-10 8.3703526397e-10 -2.5301038762e-10 -1.2510230255e-10 1.0965061848e-09 2.0922450019e-16 1.1671106047e-15 3.0139507739e-18 
-1.6775387559e-16 3.0511480224e-16 -3.3686127367e-17 2.7808872704e-17 1.4896085485e-16 -8.028732635e-17 -2.474290468e-16 -3.9232636545e-16 -1.9765911025e-16 
-4.0337231872e-16 2.1936830989e-16 5.2439814595e-14 1.3653536048e-07 -3.4406347531e-08 -7.161856407e-07 -7.9507867642e-07 -1.4684529174e-07 -3.3775954392e-06 
7.7703134936e-18 -1.7320030705e-18 1.2561980384e-17 -2.4035069409e-09 -1.1928245518e-09 -1.2101823631e-08 -7.307233181e-17 2.1764328877e-17 9.2142281886e-17 
-3.6429088423e-07 1.6176828089e-07 -9.6965411373e-06 -6.2567842656e-17 -1.784909572e-16 8.495776141e-19 1.1967297015e-16 1.0926031899e-16 -4.1745759938e-17 
-0.065973746509 -0.033456368192 -0.04173738633 -2.4342096695e-06 -2.5684421476e-06 2.5809682098e-06 0.23130720075 -0.099369005278 0.010971432268 
-2.2533337778e-08 -1.2518569829e-07 -2.9610927492e-06 3.1461500092e-17 2.3411778229e-17 -3.0141832942e-17 -0.0059781102145 0.026253691956 -0.08881539603 
0.0017371748552 -0.031371582278 -0.22537031383 -1.5130171267e-08 2.4556762524e-07 6.5883555078e-07 1.9736712575e-09 -2.9334435102e-07 -9.1754817132e-07 
-5.2295881963e-15 9.0842061908e-15 -3.1830847552e-14 5.285616056e-16 -6.9230436544e-16 -2.9931375599e-16 7.6036577678e-16 -5.1976719075e-16 -1.4989102259e-16 
4.82593223e-15 -1.308215063e-14 -1.7617090491e-14 -1.7323484017e-08 1.0748388153e-08 2.1391792291e-07 1.224096673e-16 1.0179675961e-16 -3.6963003927e-17 
5.5790380391e-17 -3.5872928006e-16 -3.4486472454e-17 3.5790840421e-16 -7.207505073e-16 -8.044559163e-18 8.8936987872e-09 9.0459288707e-09 5.3200524076e-08 
-9.957994487e-18 -1.7381053453e-16 -3.1457471507e-18 5.1400143156e-16 7.7627840199e-16 -7.0522348268e-17 -3.5458823179e-16 -4.6244219619e-16 -5.2362905308e-17 
6.0511899305e-07 -5.4376585733e-07 -0.0001116811407 1.1662129577e-08 -1.1674455775e-08 2.1596549064e-08 -6.3706426523e-17 1.1906407928e-16 -1.3120486237e-17 
-9.5687562982e-17 -6.6385059999e-17 4.6971595433e-18 -1.1793066774e-16 -1.1348543612e-16 -3.6266262154e-17 -8.5993666901e-17 1.0894684624e-16 -3.438191503e-18 
-1.438977884e-08 -1.5021799592e-08 5.5261754505e-09 -1.4503654291e-16 -9.4146870514e-16 5.3715031639e-17 3.5251716424e-17 1.5334708139e-16 -2.0357866755e-17 
-1.1074103112e-08 -1.6585447e-08 -2.0523372666e-08 1.7099550964e-06 1.8566028074e-06 -1.5038588907e-05 -0.053472377794 0.058544772477 -0.057953884905 
-1.5998745615e-07 -2.8963075588e-07 -1.2379969555e-06 -1.9455850808e-06 -3.181510652e-06 1.9517016828e-05 -0.020827350357 -0.051411788576 -0.11848086034 
0.0033218825196 0.093007601828 -0.14902522516 -0.069270296825 -0.018798062021 -0.053321815715 1.2939350819e-16 -1.9040428279e-16 2.0551672434e-18 
-1.3777602675e-17 2.0969289652e-16 -1.5165482687e-17 -9.2849351619e-15 -1.1672089588e-14 -2.8704096301e-14 -0.0044979755322 -0.053364380383 -0.054799407704 
0.041304951325 0.031425858328 -0.062190506341 3.569191387e-16 1.5250980186e-16 -2.3032760505e-17 2.611012062e-16 2.2146912883e-16 -3.1462853159e-17 
-3.8662299438e-08 -4.031363447e-08 -1.8542417354e-07 1.5685228071e-07 1.0502224593e-07 -8.3222378951e-08 -2.998352597e-17 5.1036145421e-18 -3.167280713e-18 
4.7915575489e-17 8.2383746124e-16 3.0709797947e-17 -2.1675273093e-16 -1.5640132986e-16 1.3212589411e-16 1.2467121211e-08 -7.5044320454e-09 3.6546931391e-06 
-1.2641883e-16 -1.4505097414e-17 -3.3046808973e-17 -3.9434510878e-16 7.7111273297e-16 -6.8418954562e-17 -1.7535540055e-14 -2.3832162257e-14 8.4540179564e-13 
-2.3920906618e-08 -2.9881065576e-08 1.9006268754e-08 3.8636355828e-16 1.528423427e-16 6.3943672141e-18 -1.7971484188e-09 1.9923282182e-09 -4.1862061694e-07 
-0.017951324899 0.0097672516616 -0.13647323279 -1.4591032128e-08 -1.8721188884e-08 3.5693404512e-08 1.522247575e-09 8.8173335045e-09 4.347355289e-06 
5.243630748e-09 -2.8980050741e-09 1.6542542969e-06 -6.8885705248e-16 -1.005719974e-16 5.2183757328e-17 2.6587385315e-16 -4.9492797299e-17 6.2705232479e-17 
-5.6227352531e-17 -1.5366865077e-17 6.1031200753e-19 7.2060592407e-17 -2.9797340551e-17 -1.263825423e-17 -0.050538596805 0.0016187635281 -0.10415267759 
8.9446590633e-16 5.5960997813e-16 6.6687649714e-18 1.2371479534e-18 1.1241770082e-16 -4.4829634868e-19 -1.1906585912e-07 -5.8140559091e-08 1.74415972e-07 
3.8944979672e-07 2.5452945405e-07 5.0501283967e-05 -7.2544853431e-17 1.1996230905e-16 3.8741399283e-17 4.2011973515e-16 1.8368355262e-15 -3.9402541794e-17 
-2.4573306498e-17 -7.4017990464e-16 9.3342764559e-18 1.5348935699e-16 1.8833824085e-16 1.3518035572e-16 2.9455768154e-16 1.452590402e-17 1.2368854521e-16 
-6.2745549959e-17 6.0915265575e-16 1.0126414449e-16 1.9464459671e-16 1.8373165625e-16 5.5112244258e-16 -1.9974076051e-16 -2.25016458e-16 6.3402595495e-16 
-3.3290333637e-16 8.4996202924e-16 -2.0200539404e-16 4.3024862173e-16 4.4215191932e-16 4.2415696694e-18 9.6945798133e-18 -8.5617594993e-17 -5.6752988163e-17 
0.017514938378 0.037162843857 -0.048757112737 2.5996271148e-12 2.2804929193e-12 -1.9017438124e-12 1.156236752e-08 2.1726203009e-08 1.3980438088e-08 
-0.000339066525 0.00034733652023 0.001602589766 -2.911040594e-16 -9.7002214228e-17 4.3090855282e-18 1.602139091e-16 2.1786455354e-16 -7.8146938776e-17 
7.0827239303e-10 2.2642180573e-09 -2.7018729727e-07 -2.5099160365e-18 3.9752154865e-16 3.0212628494e-18 -5.9976251582e-13 -1.661403196e-13 1.7582476746e-12 
0.029745795113 -0.026924316637 -0.14662755831 0.035276382203 -0.067600421248 -0.025926340483 -4.2533169537e-16 -8.1801321217e-16 4.554346826e-17 
9.3657807896e-18 1.5749915659e-16 9.2425558015e-17 5.7847051489e-09 1.5189913305e-08 2.3667830784e-06 1.0343375323e-12 2.4317946662e-13 -5.1673380375e-12 
7.4076129136e-08 1.7972636011e-07 -1.2614708796e-06 -0.047345057083 -0.052880475274 -0.10634344126 1.098176666e-17 4.0226690476e-16 1.6585715158e-16 
-2.9343052948e-16 -1.033303385e-15 1.1201201793e-17 -1.4546852253e-15 -8.6174619543e-16 5.1423722696e-18 -1.6425617096e-08 2.0785873426e-09 1.9190823229e-09 
9.2061406977e-09 -4.152591428e-09 -2.0822880319e-08 5.8083151417e-17 1.3662180793e-16 -8.8823198926e-17 -2.1071339106e-16 -1.3570110453e-16 3.5728317218e-16 
-0.00073126046692 -0.00050825361795 -0.00039674248806 -7.6430559236e-16 -6.6323193738e-16 5.9317104835e-17 5.900847778e-18 1.0918642159e-16 8.445084219e-18 
5.6083893504e-16 3.134355942e-16 -1.6515810301e-17 -0.056698931205 0.016281187078 -0.09563640194 1.2942204544e-12 2.0231199464e-12 -8.9204324185e-13 
8.4810639951e-09 6.5978042779e-09 3.2370616695e-09 -3.9399411917e-13 -5.1146310732e-13 8.9955988887e-13 4.0152768716e-16 4.3759982809e-17 1.933409525e-18 
0.067434347873 -0.10334828698 -0.026495582025 0.035838135595 0.040858000315 -0.090173700098 -5.3314713257e-09 -2.1791121448e-08 -2.9295793126e-08 
8.9595737837e-10 1.3023484697e-08 -1.5773993479e-08 4.8920309451e-16 -7.4873703725e-17 4.3863907812e-17 -5.7381460648e-16 4.2853272345e-16 -4.8715975486e-17 
5.0362141104e-16 -1.1814396702e-16 -8.685085087e-15 -1.1206312683e-16 -1.5479506275e-16 -1.7232849754e-16 -3.9665500223e-19 1.5669224201e-17 5.242333912e-18 
-1.0402145954e-16 1.6571420017e-16 -1.4273188972e-19 -1.3993693256e-07 -9.1076081361e-08 1.3332206612e-05 1.1743315937e-17 1.4768336269e-16 -5.0067638512e-19 
9.589520903e-17 -6.1859227943e-16 8.5802169353e-17 -1.5267491809e-16 7.4005153521e-17 2.5383110182e-17 4.7113094198e-17 3.0558811658e-16 -1.4328580364e-16 
1.8684131419e-16 3.3835667026e-17 3.5293063017e-17 -4.093342392e-07 8.9673585115e-06 2.3607367102e-05 1.7295177419e-06 -9.45987298e-06 -7.5471080699e-05 
1.9795503666e-16 5.0302777354e-16 2.6239371483e-17 2.7852595056e-09 2.7799611154e-09 -2.5394400184e-08 -3.6028805792e-16 4.9250771893e-16 -5.0923216572e-17 
-8.5009527576e-16 3.16805523e-16 4.6330977688e-17 2.5613545567e-17 2.7538818361e-17 4.7643674569e-20 -4.9432104946e-08 -4.9136823179e-09 -5.6485728339e-07 
-2.18904064e-13 -5.3621749039e-13 2.0886715138e-12 3.1418904288e-08 3.8026423006e-08 2.4965279341e-08 -0.036064516053 -0.019320355882 -0.12765334188 
0.01776461186 -0.0073136064332 -0.086615445588 -2.0934017325e-14 -1.8486722285e-15 1.5020762566e-14 -9.8273280283e-16 6.9932582103e-17 1.7052442768e-17 
-1.035117623e-15 1.2332911848e-15 -6.8752159685e-16 -5.4994085182e-16 4.8389122456e-16 3.2831922143e-19 -0.062827801584 -0.030995878833 -0.12950461381 
0.0006147807234 0.0224676607 -0.086427278612 0.016517498003 -0.065757230681 -0.035144772302 -4.4070838929e-10 8.4167592611e-10 4.8588329868e-09 
-5.4901295868e-10 1.0053537456e-09 -1.3092618275e-10 -4.2538084006e-16 3.318792319e-16 6.3560830834e-16 -5.0776083849e-11 -3.3556768631e-11 2.3588305725e-08 
4.2265894969e-07 -6.8722747915e-08 1.7652258446e-06 2.8584656162e-16 -1.3136412659e-15 3.7734804781e-15 -8.3335335051e-07 1.4387576612e-07 4.819821136e-07 
6.9405670763e-16 5.2188389789e-16 -3.0325895522e-19 8.8139334675e-17 1.4692497222e-16 -8.5798481464e-18 3.9396766431e-17 3.0992945327e-16 -6.9480340106e-18 
-9.0447863479e-06 2.409517872e-06 2.9047817312e-07 9.0580554064e-06 -7.5853346046e-07 -2.458527006e-06 -1.0615661036e-16 -8.8926852235e-17 -3.0745268575e-18 
3.4660001277e-17 6.1919172687e-16 2.7086980958e-17 -8.6431327433e-18 -3.5773468669e-16 4.8994094223e-17 -3.4758767583e-17 -1.4613245274e-16 3.0106474455e-17 
-1.8376221042e-16 2.1653207503e-16 4.7188023102e-17 9.0147123636e-08 -6.9641376594e-07 6.039991862e-05 -2.0378987156e-16 7.2411407306e-17 -5.6641776581e-19 
0.072163065163 0.0045734848475 -0.030070197224 2.1298635936e-17 -6.3860958015e-17 3.7752573853e-17 -5.5380624088e-16 7.9239983034e-16 7.5784525405e-18 
2.5588446389e-17 -2.7860690236e-17 -1.9882488887e-17 -2.7446892332e-16 2.9247179958e-17 -1.536952098e-17 6.1817987394e-16 1.9387965989e-16 2.1212269224e-17 
-2.096852258e-16 1.2430839696e-16 -1.068461865e-17 -2.5008101685e-16 -1.1275910789e-16 -4.4862460297e-19 -4.3239704678e-15 9.4035817065e-15 1.19693962e-15 
3.6261331271e-16 1.4807291223e-16 8.8586398003e-16 -0.028557132884 0.038910990167 -0.17911796846 -7.2133346398e-05 0.00011338972473 -0.00013074219076 
-2.6414958671e-17 -1.3284043302e-16 4.7557880789e-19 -4.7254667642e-16 1.4099548154e-16 -5.8417776468e-16 1.1616377122e-06 5.1126314869e-07 8.2516303906e-06 
1.0403750286e-06 -3.0396005284e-07 -0.00026267633382 -5.8447798923e-16 -8.258013061e-16 6.294045215e-17 -8.7900906562e-16 -6.4314398639e-16 1.6601359241e-17 
-1.2406829178e-16 -9.7291848525e-16 -4.1736355112e-19 -1.1302635723e-12 -4.5067571951e-13 1.7134315422e-12 1.5438244108e-14 -2.9891814677e-14 -1.8779000541e-12 
6.4797384186e-05 7.0780358647e-05 0.00024788813256 1.9626392413e-16 -7.389447751e-17 1.2816189408e-16 -6.4508565726e-18 -1.0949816969e-16 -1.2939632611e-19 
-4.40631882e-05 0.027956165822 -0.095411366306 1.2939823898e-16 -1.3247446168e-16 -6.269500173e-17 -6.5689739297e-16 -1.3065527854e-17 -1.6263820475e-16 
8.4768287764e-17 -1.9042827054e-17 -3.9164556349e-17 0.004440744799 0.011787128584 -0.071315811814 4.6212991093e-16 4.3936868672e-17 7.3479121967e-17 
1.6700431289e-16 1.4004922806e-16 1.1180163974e-17 -2.7668557163e-16 -9.8227844621e-17 -1.4133609465e-17 -4.8510329993e-16 6.2448003519e-17 -1.9009719292e-16 
1.1416431025e-16 -9.8686244273e-17 4.5295568118e-17 -2.5158729337e-16 -9.7017795167e-17 1.01467082e-16 -2.9007247146e-16 1.1961174998e-16 2.8296679207e-18 
-2.3502941223e-06 -9.6661755742e-07 -0.0010676497656 -1.3483528974e-06 -7.666434684e-07 5.0016618082e-06 1.855218834e-06 -4.1491598378e-07 -4.2935053106e-06 
-4.1835801529e-07 1.1720571518e-07 -4.0817839984e-07 -4.2758062662e-16 -8.1593202466e-16 8.1213175977e-17 -7.3880688719e-17 -3.1954659452e-16 5.7204925464e-17 
1.26729081e-07 -5.9693537159e-08 -6.7829782363e-08 7.3260705432e-16 6.1183430946e-16 1.0413085363e-16 -3.4865488665e-07 1.7296837746e-07 4.0611347137e-08 
1.1124757979e-11 -2.7549701228e-13 -8.4387189504e-10 1.0312682922e-12 4.5585856655e-13 1.9464224689e-12 -5.4003691317e-17 5.2194024736e-17 5.8914895533e-17 
-6.8364738856e-16 -6.2235325459e-16 -1.5330194905e-17 2.8366870399e-16 3.2897097757e-16 3.2052014504e-17 -2.2520871817e-16 3.0893525526e-18 -1.4618259447e-17 
8.061698989e-18 2.3591998732e-17 -4.0711256319e-17 -2.5268449104e-12 -3.4285390305e-12 -1.0038116355e-11 -1.9982106772e-08 5.5444036673e-09 3.814713204e-07 
1.6954026438e-16 1.5199295555e-17 -5.7631785117e-17 0.019090890956 -0.025537992185 -0.14910682136 -0.060956580847 0.052992125805 -0.12069439645 
-0.038045456837 0.075429836754 -0.076986578574 -6.1336513043e-06 5.1304846623e-05 -0.00019276093195 3.0926381685e-16 -2.4693255052e-17 3.5677949854e-21 
6.3690646852e-09 -3.7922740716e-09 3.8367843427e-07 0.013744031938 -0.1153077285 -0.043175720496 1.3661285179e-16 6.7042074355e-17 -5.759072729e-17 
-8.5380359763e-17 2.1325720374e-16 5.828146514e-17 6.0531058754e-16 -3.8387777796e-16 -1.4560525241e-17 -2.0327191431e-13 -1.2520383071e-13 -3.027946696e-13 
-1.4946836448e-16 -2.8177008633e-16 -2.1654467597e-17 -1.1878506541e-06 2.2958619398e-08 -4.0304159352e-06 5.3232766255e-16 5.2343840782e-16 7.1840403782e-17 
9.0512753602e-08 -3.9099069653e-08 3.8771919494e-07 2.4075762744e-16 1.0268272531e-17 -4.8765489739e-17 1.1978302107e-16 -4.5576352932e-16 2.221426253e-17 
2.1491962647e-17 4.2599368319e-16 -5.3392590677e-18 6.9010191399e-17 4.8088980974e-16 -7.4285731441e-17 -8.283004176e-16 1.1314364141e-15 -1.6690998816e-18 
-8.5803221954e-17 2.9842567538e-18 -9.5128645729e-18 -0.076838530723 -0.022561518381 -0.15853606355 0.037423474563 0.022293096708 -0.14946937216 
-0.047952267184 0.017138767102 -0.089871951318 2.5836550672e-16 -3.5535543664e-16 -7.200864836e-17 4.5748466106e-16 -2.1150874439e-16 -2.1084979715e-16 
4.1153122074e-16 -3.8405493043e-17 -1.28066451e-17 -1.0520688614e-09 1.2407187312e-07 8.270662974e-07 2.603619119e-08 9.702407172e-09 2.010849755e-07 
0.032873172649 -0.0026394457118 -0.14699689068 -0.036244544977 -0.071234594983 -0.1488657362 -2.3144700396e-16 3.9112740405e-17 -1.106078338e-16 
-3.9831703829e-18 -6.3536269048e-17 -7.0183154905e-17 2.1838877973e-10 1.1889092533e-10 -1.8308166861e-07 -0.011763943411 0.027653799885 -0.10902836034 
-0.023836354252 0.067946299703 -0.14564961856 -1.8640877402e-14 -7.2290913058e-15 -1.7230395361e-15 -1.7299133974e-16 -3.2892004106e-16 1.823279039e-17 
2.210063184e-16 3.2267520624e-16 -4.5673368351e-17 1.3884535891e-13 5.7634566793e-14 -3.9316041492e-13 1.1538062634e-15 -1.813281935e-14 1.1654798725e-13 
2.4794365082e-15 1.6818128258e-14 1.2759363077e-12 2.7068669709e-16 7.9172377192e-16 -2.4264601965e-16 1.2001450628e-16 -3.4136723137e-17 -1.0232435107e-18 
1.7537558749e-17 -2.3127874498e-16 6.6428615751e-18 -1.348902703e-16 1.5299687481e-17 1.0042277425e-17 -2.0084947461e-17 -2.742439256e-16 -5.6070324032e-18 
-4.58546441e-06 -7.2312577164e-06 -7.5292076439e-06 4.0514105841e-08 4.0560940018e-08 -4.2345865468e-08 -6.3158743574e-16 -2.7277282383e-16 -2.6515254951e-17 
2.1832531838e-17 5.792661743e-17 -9.3652258526e-19 -5.1169523023e-17 -5.2801446706e-16 -8.2962758742e-17 0.02378589145 0.06078834075 -0.12847899131 
-6.2045225488e-16 1.7857734543e-16 6.9559683604e-19 -3.3493245535e-17 1.067547329e-17 1.0884414156e-17 -3.2614335846e-08 -9.6072910052e-08 6.2053355064e-05 
1.7326734398e-09 -1.7087088684e-07 4.7958531903e-07 0.067843241062 -0.00066640537606 -0.092957867688 0.05100942414 0.01091681958 -0.12966328046 
3.6634983605e-17 3.6096329046e-16 -2.1898050623e-17 6.0435564407e-16 -5.1835468523e-16 -1.8874488771e-17 -1.1432401888e-13 3.4377827197e-13 4.60540364e-12 
1.2005755199e-16 8.8774098358e-17 -5.8594141453e-17 -1.5702471177e-18 -2.1894308947e-17 -9.8430187063e-18 -4.1995878006e-14 1.977422808e-14 -2.7756771186e-13 
0.00045717348798 -0.0039913431141 -1.1874386838e-05 -3.1212771475e-20 -3.1272411059e-17 3.202324673e-18 6.9603310728e-17 2.2311602874e-16 -3.3773502703e-16 
4.7592047619e-16 6.9191404569e-16 2.0176795304e-17 4.6941847894e-08 -4.1121399164e-08 -1.3888450435e-07 1.008061911e-16 -1.7949872235e-14 -4.5376698631e-17 
-1.4654974226e-15 6.8532441322e-15 5.5947129893e-14 7.8797719005e-08 1.277209594e-07 -0.00031656360313 -4.9297916526e-16 4.8323222413e-16 2.5915846176e-17 
-2.7028100229e-08 3.1846739764e-08 3.7374656988e-08 3.4248644986e-08 -3.9942092863e-08 -2.5951624386e-06 0.024279459693 0.058778497407 -0.13187095582 
-1.4572454633e-14 2.0225940572e-14 1.6414744323e-14 1.5152916741e-16 1.941854764e-17 -3.5138021625e-17 2.0565407e-08 -3.5050459591e-09 2.7435795632e-08 
3.9191411749e-09 -2.0350954148e-08 8.1366544023e-08 -1.2090743746e-16 4.2001694292e-18 -9.3372227535e-22 -1.8985603025e-16 7.101931177e-17 7.8972076204e-18 
1.3328414043e-11 1.3594188655e-11 2.3684479847e-11 -4.3272189531e-12 -1.0793767982e-11 -1.5429889707e-11 -7.6713096995e-17 -8.4890153809e-17 -5.6895505383e-17 
-9.774011499e-16 -6.1834499264e-16 -1.1815054835e-17 1.3871133519e-16 -2.5981166322e-16 1.3540310894e-17 1.8542128344e-16 -5.5871861622e-16 -7.7188887333e-18 
-8.9611590121e-17 -3.8269468676e-16 -8.4326535808e-19 1.1332871471e-16 3.5422513068e-16 1.2494340819e-17 -6.3742378343e-07 3.920914741e-07 5.2048544873e-06 
-9.3347709697e-12 3.4512276774e-12 3.6934855823e-09 -3.1542509064e-08 2.4106483033e-08 5.3468067646e-07 5.4637682769e-07 9.2833855679e-08 -4.9246102529e-06 
2.2320267975e-16 5.6496859425e-17 2.7222973908e-18 1.2443488902e-11 -1.6898658414e-11 -1.4624590363e-10 2.1028293128e-08 -3.704898303e-08 -1.4166066813e-07 
-9.7582340589e-12 1.7067212306e-11 -2.7073057125e-10 -1.9790080256e-08 9.529692579e-09 -1.5996533741e-07 0.048065129575 0.088022952775 -0.03900127105 
-5.5599947523e-16 9.2203825546e-16 1.6027243247e-17 2.0012268441e-16 2.1233777359e-17 2.6720008577e-17 4.6721809303e-08 8.4175550552e-08 -3.970581359e-07 
-1.4410899771e-15 4.8779281666e-16 3.7338679107e-17 0.039546363777 -0.0074328005971 -0.16762452096 1.0842254248e-16 1.4208842733e-17 9.4519763015e-17 
1.3765744205e-11 1.5713934142e-11 9.2525664071e-11 0.032006810614 0.034883904211 -0.17744498339 0.025488201662 -0.021464819018 -0.20094904371 
4.9616904069e-16 5.8685985444e-16 7.9917701513e-17 -3.9128058097e-16 7.0833345032e-17 -1.7221211474e-16 -2.6811752367e-11 -2.670117895e-11 -6.1705253082e-11 
-7.8907751796e-08 1.0740834008e-08 -1.0480278738e-07 -1.2519078359e-07 -7.6829816359e-08 -8.8189426492e-07 -9.4450876806e-16 -1.8904059199e-15 -1.0766750255e-15 
-6.9150834022e-16 2.1352865998e-14 2.5229817748e-15 1.0368179799e-15 4.3529309844e-16 5.1716793223e-16 -3.2208074187e-08 2.5240818819e-08 2.8278141832e-08 
-5.9600105607e-17 1.3352016631e-16 -9.575130846e-18 2.5097989377e-08 -1.9681110132e-08 4.4040165491e-08 4.9959505539e-17 9.4661887062e-17 -2.4066291389e-17 
-3.2869836171e-17 -3.748247513e-16 1.2904219749e-18 1.2729389143e-16 -9.7011638363e-17 -3.5169117069e-18 -1.7648448442e-17 -1.114720628e-16 7.7981491504e-17 
-8.3522021753e-16 -4.9493004377e-16 -2.4005270699e-19 -9.7105005392e-17 -5.1459699562e-16 -2.9049924731e-17 -2.0495512506e-16 -1.3114466363e-16 -2.862267416e-19 
-5.8167121713e-16 1.6691937953e-16 1.3398842021e-16 -2.1618378442e-08 -4.4482412548e-08 3.6872886932e-07 3.8337805897e-08 -2.5716987226e-07 -5.2957528375e-05 
-0.016468727533 -0.027142243827 -0.13092839142 0.059442894214 -0.037405792743 -0.11002331224 0.041863671183 0.023563702472 -0.034909398349 
6.7710414757e-16 -1.5175528249e-16 3.8116064597e-17 -1.2862775186e-16 1.5536285404e-17 2.0705014286e-17 1.1157689323e-12 2.1027908307e-12 6.4410673931e-09 
1.2352877765e-12 2.5078489302e-12 3.2763701405e-10 -0.0045204050236 0.0026447833846 -0.18608506174 -0.016085837381 -0.050606372335 -0.083607785723 
-4.2131237411e-16 -2.0037823415e-16 1.1218984967e-16 -1.7423864893e-19 4.8600782812e-17 1.1093266312e-16 -2.6560726885e-15 2.7490945633e-15 -2.3579833338e-16 
-1.9881893138e-16 -8.0529630538e-17 -4.4502970247e-19 -3.8839697144e-07 -4.8069400473e-07 1.5192798754e-07 3.7556491645e-07 3.8596643351e-07 -6.9569655647e-07 
-7.0197928471e-16 -1.8848785809e-15 -7.3556204062e-16 2.0212061773e-16 -2.7605158199e-16 -9.1612891699e-17 -2.5582786771e-16 3.0635468879e-17 -1.8910758971e-17 
-8.3170126125e-18 2.0137573297e-16 -1.756714739e-18 6.5309640046e-17 -9.9460235333e-17 2.2698596261e-17 -1.3318567419e-12 -1.274746545e-12 7.4705719423e-12 
8.3208241256e-17 -2.102858611e-16 -9.6490062113e-17 -2.0073767248e-16 5.87327195e-17 -8.8746400011e-19 6.1130815478e-17 -4.1604813653e-16 3.8455949268e-17 
6.7518096369e-16 2.3645046096e-16 2.5039361533e-16 -0.041739547922 -0.014669391181 -0.16914950067 0.051742472664 0.019662193952 -0.11645083228 
8.1547511468e-16 -6.5978666752e-17 1.1663032908e-16 2.7069654997e-16 4.2575472887e-17 3.2319829531e-19 -6.4231641087e-06 5.0224929824e-06 -3.0921092148e-05 
9.5059608515e-06 -7.6466032173e-06 -6.2065169728e-05 0.0013104574 0.036742606468 -0.15215757857 -0.025594383496 -0.069198356586 -0.11223317686 
0.056301128827 0.075087922419 -0.12553468809 6.4573181895e-17 -1.9701777809e-16 9.3516474093e-20 -2.2070465507e-16 1.1579369342e-16 8.5920854241e-17 
-2.4946240172e-17 -2.533303205e-18 -5.4712073442e-17 0.096793828593 -0.034994405024 -0.022145944016 -8.3005911171e-17 -5.4113098156e-16 4.8871899634e-17 
-5.750818772e-16 -1.6396354666e-17 1.256350482e-16 -2.5162145042e-16 4.748115723e-16 2.2229519835e-17 -5.2135703071e-16 4.9365456663e-16 3.9382294195e-17 
-7.0849119226e-17 1.2447624707e-16 6.293548765e-17 -4.2436151907e-17 -5.6022736331e-16 -3.5847917811e-17 1.9710512336e-16 1.3789377014e-16 7.9168831962e-17 
1.4919990362e-16 1.8362426088e-16 4.7611139745e-17 0.00014426171641 7.9517745303e-05 0.0001227888193 9.0900008965e-07 -9.2754588855e-06 3.2984516712e-05 
9.3760052043e-06 -2.6423631452e-05 1.6874387538e-05 -8.5556665928e-06 9.3217169841e-06 -3.9401296838e-05 -2.1269866302e-09 8.6318168757e-10 -2.3072630862e-09 
1.1445857793e-11 5.84961717e-12 9.1396577777e-12 -1.7307263122e-12 1.2000667355e-11 1.9092652425e-10 3.7646245009e-16 5.1971141463e-16 1.372596401e-16 
-1.7964156384e-17 -1.3261165211e-16 1.7773574549e-17 4.8146980066e-16 -1.997454877e-17 -2.1717367737e-16 0.019362181101 0.06393780776 -0.032673576532 
-0.0082564682418 0.02021139922 -0.039678095505 -1.8941784053e-10 -1.9949517787e-10 1.763520555e-10 2.0675212596e-10 3.8361298203e-10 5.3168920577e-10 
9.5660730313e-16 -2.177747781e-16 -4.0896685488e-18 2.168838786e-17 -8.0753095888e-17 4.6265804476e-19 0.018255191932 -0.04331493165 -0.1667964273 
-0.024988824592 -0.048311934898 -0.15444313392 1.4042941051e-16 -9.5870505727e-18 1.5297752388e-17 1.1698320342e-16 4.824148626e-17 3.9374121996e-17 
5.4408834886e-17 3.8687792876e-17 -4.65149769e-18 1.2981846238e-17 -8.0341847809e-17 4.5734396947e-18 0.033431407833 -0.087156429652 -0.068838240505 
-0.022924147965 -0.020499764445 -0.097091404493 0.065874147212 -0.0077948665716 -0.13966502387 2.4315991461e-19 3.2065701323e-16 -4.6792228925e-17 
-3.7726753967e-16 1.0654750052e-16 2.1408790718e-16 1.5123125981e-16 -8.8317374689e-16 9.3196212547e-19 -5.6546225971e-09 -3.9673156648e-09 3.3514884194e-09 
2.4997447497e-18 8.6686026112e-17 -1.2074614709e-17 1.270754368e-06 -9.3444006408e-07 -3.3623105159e-06 1.9550446059 3.0392880346 -0.0014463126306 
-4.813942669e-06 8.9261761913e-06 3.0626476998e-05 -1.0555413786e-06 3.5923794013e-07 1.0507844626e-05 -2.1510429306e-11 -8.1698093943e-12 2.2313624603e-12 
-2.450757657e-12 -7.8950558575e-13 -1.2144541304e-11 2.1788319003e-12 -1.4915194765e-12 4.6005734453e-11 -5.0185060083e-11 -5.9209811452e-11 1.8328561597e-10 
2.591460433e-16 1.2327882736e-16 1.7984000048e-19 -0.048790746441 -0.00044867135699 -0.130281993 -0.027179807209 -0.03511166391 -0.10340826287 
-3.0609458915e-10 -6.341077156e-10 -8.0092036584e-10 -8.363995253e-16 4.617669274e-16 -1.0771172039e-18 -5.8023284096e-15 -1.4598351304e-14 -1.959006944e-13 
-0.0044246947986 0.016525739344 -0.13737291795 -5.4632007108e-18 2.2756407664e-17 1.0880433319e-20 5.1991405816e-10 -6.9458908301e-11 -2.0331832543e-08 
-1.24650876e-13 -1.9162075462e-13 1.1533454839e-10 -4.8422017716e-10 3.5605702822e-10 -3.5727652347e-09 4.5178649538e-16 9.3046452174e-17 -2.7309879616e-18 
1.8201331696e-16 -8.7472299963e-17 1.0351174498e-16 2.0465774812e-09 1.9923313685e-09 2.6284681005e-10 -3.4504164749e-09 -1.3509415343e-09 1.4765769056e-08 
5.3878648023e-09 5.7009131383e-09 2.0755889794e-08 -3.5321608997e-09 2.5249347187e-09 -5.4040442011e-09 1.9023706197e-09 -3.6947303139e-10 -3.5318226635e-09 
-8.2767775304e-11 -1.9114436647e-09 1.2313964025e-08 1.5613473667e-16 -3.0395784206e-16 2.0830418444e-16 1.79359738e-16 4.8926013328e-17 -7.6043427835e-17 
3.6304346718e-16 8.0120261828e-16 1.0419577661e-16 -3.5158896828e-13 2.8843296877e-12 3.0957392316e-11 6.4057026769e-17 -6.4783246546e-17 -3.5857357018e-18 
8.0025337956e-12 1.2554169081e-12 1.4236743723e-12 1.9590038626e-14 -3.8657879888e-14 -7.3808983857e-15 6.6341549919e-17 9.3621779174e-17 -8.7925481958e-17 
1.3624291178e-13 -4.1953510107e-13 -1.3624814175e-12 0.013607800496 0.0031025512691 -0.11312605033 0.06518607956 -0.018707037367 -0.064339034623 
-0.021630642134 -0.034166050449 -0.086824451109 -8.5516534027e-17 1.1487803964e-15 5.2180274523e-16 1.8056357623e-16 4.0447417054e-17 -5.5381364603e-17 
-1.0166592588e-15 5.0919022929e-16 -5.3137229702e-18 0.03803026154 -0.042300679441 -0.16249463234 -0.057028917974 0.057693621457 -0.12249793414 
-4.2851055646e-16 -2.1783185431e-16 4.3939412997e-17 8.4823712751e-17 3.2740560456e-17 4.3429033701e-18 -2.761407162e-16 9.8102509068e-17 7.8939517943e-18 
-0.057072568155 -0.03127869843 -0.15055506208 -0.031215999394 0.010751613609 -0.1947216546 1.9823461192e-14 5.0761187792e-15 -3.1990997532e-15 
2.7388223701e-16 3.756129137e-17 -5.1139527423e-17 9.014918755e-11 -1.476851731e-10 -4.2450917182e-10 1.1213932522e-09 -2.0654033917e-10 2.9955387402e-09 
1.1329944714e-08 3.5307159574e-09 -7.385059951e-08 -2.1919482379e-16 1.7746010143e-16 -2.0710118331e-17 -1.5934251559e-09 6.4518240442e-10 7.3138602096e-09 
1.6830305885e-11 -8.9013137726e-12 -1.0733838394e-11 -2.1862247601e-05 -0.00066856074417 -3.9648577533e-05 -7.6173286098e-17 4.0988072696e-16 -3.3034906647e-17 
8.4982429675e-18 8.8224515081e-17 4.3256355943e-19 2.459882274e-16 -3.1334592312e-16 1.328548498e-17 -6.8837838366e-17 -3.1764205674e-16 -3.8681084227e-17 
-1.0874122416e-15 -7.3814182046e-16 -1.4274531744e-16 -1.2447018384e-17 2.781169177e-16 7.8968113635e-17 -1.9159281872e-13 5.7788809328e-13 -3.1253504742e-13 
-3.4094669629e-16 2.0502770466e-16 1.4324960795e-16 4.0897964342e-16 -1.2092974399e-16 -1.2557807202e-16 1.0493944467e-06 -3.5925561404e-06 -2.2725399031e-05 
-0.011582360246 0.037345536675 -0.080431319187 -0.0030178344792 -0.0075556116116 -0.14780653164 0.013994172817 -0.0011363290284 -0.16359340598 
5.6679416726e-09 5.1314940264e-07 8.6317416999e-08 -3.9628837378e-16 -3.2948269236e-16 1.8765325557e-17 -2.170802631e-16 2.2597026453e-17 6.5024666269e-19 
-6.5519063647e-16 4.9566484463e-16 8.0264735624e-18 0.02406885282 -0.022854119075 -0.090914907021 -0.011439021417 0.047732846827 -0.084074307409 
-1.0026043842e-15 1.4556815361e-15 -2.4329243315e-16 -4.5453483203e-16 -3.4749310115e-16 -1.003132056e-16 4.6523182281e-09 -3.5755831552e-10 1.4867654978e-08 
2.3851116889e-09 1.0005091886e-09 -4.3289722293e-09 5.3767482609e-09 -4.0215111523e-09 6.2909477157e-09 -8.2633311691e-09 1.121911689e-09 -2.0515813636e-08 
-1.6928677414e-08 -1.4698906836e-10 1.8460649293e-08 3.1596586236e-09 -1.4952016571e-09 -3.1240674551e-09 -1.1285447958e-11 5.5068168572e-12 3.7512082758e-11 
1.3548302337e-13 -4.6860251547e-14 -7.2412349175e-13 4.9712523136e-07 -3.4342917899e-07 -0.00012468116689 2.808328873e-12 -7.8124462992e-13 -3.9928819472e-12 
-3.275122625e-09 -3.1845844692e-09 3.7257611405e-09 8.8254679073e-17 7.0226091506e-17 3.6474482431e-17 1.011046768e-16 2.4718191746e-17 -5.73624257e-19 
5.7407435746e-17 -2.97913991e-16 1.2278622928e-18 3.4957433182e-08 -1.1207329076e-05 1.0681754376e-05 -3.9155549368e-06 1.5043009111e-05 5.021653655e-06 
0.022671118794 -0.033475077585 -0.090798376088 0.07675309802 0.02464935071 -0.047418078163 2.1122956088e-16 -3.2085640743e-16 2.6457209782e-20 
1.6703994186e-16 -3.2895171428e-17 -2.1802514347e-17 -0.069186260478 0.0033517120537 -0.15134333916 -0.041771227391 0.0078038976005 -0.053508632509 
0.060359627438 -0.014081258988 -0.069110158991 1.1799752626e-10 1.1867709987e-07 4.1881592637e-08 5.4051362031e-10 -1.1397930523e-09 -1.13506381e-08 
9.2783291971e-16 -4.5147344414e-16 8.7257692638e-17 8.9377161834e-10 -1.6906770953e-09 -1.5197704713e-09 3.2753099554e-09 -6.1771179474e-10 1.1715236034e-08 
-3.4855798981e-09 -2.7287393741e-09 -4.9653822723e-09 -2.0691985672e-16 -1.129348833e-17 1.989319132e-17 1.04805454e-16 4.6322870967e-18 -2.1933060228e-17 
-4.1275096463e-16 -1.0892452669e-16 5.7089913632e-17 9.7741736358e-17 1.8407201641e-16 1.5700795469e-17 -8.4496438617e-10 1.0996296976e-09 3.996381858e-09 
5.5199872107e-16 3.2801458076e-16 9.2904852293e-18 2.3348754456e-16 -9.450489781e-16 1.060422997e-17 -6.8132027511e-07 -9.9692903786e-08 -2.0573897377e-07 
7.0638743082e-07 8.9542898893e-08 -1.0319232285e-07 7.8644070182e-08 -1.5211102839e-07 9.0903237755e-07 -4.3521047832e-16 -4.7899814529e-16 -1.0689636962e-16 
-0.0094166992539 0.023278135192 -0.1376288732 0.0058430487024 -0.019580176027 -0.21045719967 -7.6734140193e-11 3.6286400454e-10 8.2627787014e-09 
9.0114176672e-11 -3.2299185589e-09 -7.9212628943e-09 1.0371508908e-17 -1.1237518492e-16 -2.3759772439e-19 1.7385825312e-06 3.4025603798e-06 -2.9374929927e-05 
-6.1042995649e-17 -2.7309726667e-17 2.9953272987e-18 1.5312621174e-16 1.0792045116e-16 1.5283057029e-17 -0.14015498054 -0.041636154584 -0.15759580056 
-7.1983970609e-10 1.0840557034e-09 -5.9217017091e-09 -4.4800831857e-10 -3.9620003486e-10 1.1691067155e-07 9.0539514295e-10 -2.5824159088e-09 -3.0675441801e-09 
1.3475856317e-16 -2.5022467009e-16 2.7213891473e-17 -2.9704984849e-09 4.9960445691e-09 5.858816874e-09 4.6434101844e-17 5.3201709575e-16 2.7583346645e-17 
-9.7299977391e-12 -8.1901128854e-12 8.038843016e-12 1.8585167052e-11 1.4198975468e-11 -2.06867052e-11 8.4715376843e-17 -4.3731679684e-16 2.5389044148e-17 
-4.6011930507e-17 7.1074736161e-17 -5.0379304243e-18 2.9808870113e-16 1.2326188572e-16 8.5730855727e-18 5.3526481294e-09 1.2561076021e-08 -2.1845374632e-08 
-1.5061680961e-08 -1.3695903178e-08 -4.5314164138e-08 3.8967532392e-16 6.6421575065e-16 -1.9743400608e-18 2.1155773544e-17 4.430903709e-16 -2.4289534668e-17 
-5.9220866036e-08 -1.0320678492e-08 -1.397464083e-07 6.7823945562e-17 3.8812421355e-17 -1.2000536523e-17 5.7820476249e-07 4.8011350855e-07 -4.3315496335e-07 
-1.643463718e-07 -1.6345907052e-07 -7.7933588595e-07 -8.3648128124e-07 -4.5683359249e-08 -3.7668323404e-06 1.5904545055e-15 3.6472518892e-16 1.9877645484e-18 
-1.2965945577e-06 3.2774142725e-07 2.6544637668e-05 1.8084602502e-06 -8.1083026231e-08 1.026127842e-05 0.022705783881 0.0097010464353 -0.167083495 
-2.569214541e-07 -4.4690296794e-07 -1.7541406347e-06 -6.6472898838e-06 -1.9993013695e-05 0.0094817135385 -4.6301218627e-08 -5.4460024448e-07 -3.7473379661e-05 
-1.7180123551e-16 -1.2041209306e-16 1.2421355959e-17 -1.5878845433e-16 4.6971744889e-17 -4.4270461174e-18 -2.9827069119e-16 -2.4687206115e-16 -1.8402263022e-17 
5.3561676424e-16 -2.7780197922e-16 8.7849611834e-18 1.3125944698e-05 1.8639921874e-05 3.923988314e-05 -0.0058186549694 -0.087609291562 -0.082933908985 
-0.03648592649 0.0087665645992 -0.073658345341 -1.2183734211e-16 -2.4372256368e-17 8.3664424903e-18 -5.0208955987e-17 2.2611763255e-16 -1.7751483128e-18 
-3.4067042376e-16 2.3992429378e-16 3.9361741644e-17 -0.0005798266954 0.005793271513 0.0023501224648 7.5915796771e-17 6.2737729979e-16 4.9296904011e-17 
1.1626858922e-13 5.6936202186e-15 1.1400134542e-12 1.3057343469e-17 -1.5190002065e-17 4.9224056779e-21 -4.2016971736e-17 3.6864418783e-17 4.0249333668e-17 
6.6834503723e-17 1.9501789707e-17 -5.4581868521e-18 4.6790386984e-08 3.4564009379e-08 -1.1511641999e-06 1.2982202751e-07 -2.0814912106e-07 -3.3494843381e-06 
1.4703218243e-13 -1.0666260086e-12 1.4503248112e-12 1.8875842437e-13 -1.5935537108e-13 -1.7254802118e-13 -0.047968594715 0.095384195326 0.025438283429 
3.1280551899e-17 5.5854188983e-17 1.2759685621e-16 3.221187133e-17 -8.3491077509e-17 -5.1101316996e-17 3.7324421695e-08 -2.0802619059e-08 4.712122133e-05 
5.1042193884e-17 -6.3380487503e-17 5.0602706307e-17 0.089441577567 0.017990286018 -0.043658101672 2.9521511971e-17 -1.9169429632e-17 -1.1247643996e-18 
1.3692760749e-16 1.8383100459e-16 3.9544872208e-17 1.486963185e-06 3.7053312552e-06 3.3438183235e-05 -1.502013953e-05 -2.1474672683e-05 3.6664435425e-05 
-3.6910740746e-15 1.9456749917e-15 3.8051396532e-18 4.7900941045e-16 3.6624183557e-16 -3.6099274329e-17 1.4838302981e-15 1.213396602e-15 -2.6196258456e-16 
-3.0317048683e-16 -2.1826704045e-16 3.0395374666e-16 -7.1951103267e-16 9.3140875757e-16 1.7342966536e-18 -1.7142137741e-09 -2.1739431766e-10 -7.3279076581e-11 
4.5350297252e-17 -4.3825353187e-16 -5.1345486042e-16 -2.2122527323e-17 5.8802587785e-16 1.3202417347e-19 -2.7246704134e-16 -1.4808927327e-16 2.4412121751e-17 
1.7404586122e-16 6.4165103337e-16 -4.2183081072e-16 5.8598045033e-17 -1.4256796357e-17 1.4313037292e-17 -1.4212751351e-14 1.5479516346e-14 3.533851019e-13 
7.0230551126e-09 4.5507066441e-09 -1.2624882338e-08 6.5357761834e-08 3.0093039171e-08 -6.2538094148e-08 4.130635481e-09 -6.6287874462e-10 -9.2167555156e-08 
3.5836819517e-14 1.0230537435e-14 2.1791774176e-14 -1.5909721266e-13 5.5799799302e-13 -8.2840529329e-13 0.011837383475 0.034349342726 -0.060278607244 
-2.0553852369e-07 -7.6323059562e-07 2.1235563064e-06 -2.3359907056e-16 1.6667823398e-16 2.4873752084e-16 -7.0457049271e-16 1.908720231e-16 2.6535622928e-16 
2.9727238483e-16 -2.4430714094e-17 2.2585745874e-17 0.0081487664065 -0.10333150544 -0.040985414681 -2.9975402443e-16 -1.0449198837e-16 1.9860366291e-18 
3.0005828914e-16 5.7628843111e-18 1.7433571029e-16 4.0903606869e-16 -1.9539747631e-16 -6.8567607284e-19 2.2453588484e-16 -1.0488455119e-16 -3.0760326018e-19 
0.020759161869 -0.070511071082 -0.052865847736 5.7822877325e-16 4.230226378e-16 -5.5292777881e-16 1.3057046533e-15 1.0224118226e-15 4.2790736209e-16 
7.2381674717e-16 -6.2591624602e-16 -2.1164482266e-17 -5.3720644574e-16 4.6419904052e-16 -5.6504991508e-18 4.1089931508e-19 -3.8774763978e-17 -6.6601994939e-19 
4.1684938723e-16 -5.6578778798e-16 -9.4883610852e-18 2.490874756e-10 -1.2271835342e-10 -5.7363206699e-10 -1.6342604247e-09 4.9044205314e-10 4.0990930268e-09 
-4.6053339305e-07 9.5752376667e-09 -1.1871381462e-06 2.3048214694e-07 -2.9510854894e-08 -1.9886686943e-07 -1.2767840074e-14 -4.0684571986e-15 3.2365279473e-15 
1.1093236326e-16 4.7621947879e-16 4.4670299825e-17 8.8274925713e-07 1.686364674e-07 -7.7382549301e-07 -2.269688001e-16 -7.3967854727e-16 -6.1720741598e-17 
-1.6881736144e-06 -2.2839223421e-07 -2.8375128738e-06 1.6994505428e-07 2.3249133248e-07 -3.7090749556e-07 5.310403525e-07 1.0181382167e-07 -6.6320092067e-07 
3.174591366e-08 4.5876919333e-07 1.6493323482e-06 -6.4850403212e-16 -3.0414183286e-16 1.241098935e-16 -4.8513530192e-16 -1.1792865028e-16 -1.7947579891e-18 
0.055158678419 0.00082295976024 -0.090184615285 -2.7047330728e-07 -3.4752022015e-07 1.121837174e-06 6.5516371991e-16 -2.3340849373e-17 2.3926094175e-17 
-1.5474592943e-16 -2.0993947581e-16 3.1664068601e-17 3.1479930812e-16 -5.1894424401e-16 5.5108755737e-17 2.4948940854e-17 2.5165610745e-16 -1.62956021e-18 
0.066497503205 0.073515024242 -0.1013975638 -2.9478200936e-16 -2.3520207377e-16 -9.6319381234e-17 -1.8350110856e-16 -7.9894220915e-17 6.0979881391e-17 
-8.6197246042e-17 -1.4061815335e-16 -3.056562243e-17 -6.9073003109e-17 2.7704687572e-16 -1.2198589228e-18 -1.3561682785e-16 -2.5377673066e-17 -3.9359671011e-18 
2.0846823352e-09 -1.0657150212e-09 3.0420576455e-09 -2.2405497757e-09 4.3811936866e-10 1.0944051937e-08 -1.6327831295e-06 5.6684097108e-07 6.8680237999e-07 
-1.2305944598e-15 1.6268702628e-15 -3.3385117871e-14 -3.2164807995e-16 -1.5106327423e-16 3.0211818272e-18 5.1577000391e-08 -2.327485674e-08 -4.9750259412e-08 
8.7130805203e-17 -1.1896655979e-16 3.48725338e-17 7.1079415004e-17 -6.009036279e-16 2.7650438217e-18 -2.1988381318e-07 -2.0977523096e-07 8.7678940104e-07 
-1.7840145932e-16 -3.6639594297e-16 4.2765764162e-18 -0.0019285913925 0.071657287217 -0.10280221659 -5.5639074538e-07 -9.7585430399e-07 -2.0805771682e-06 
-1.1777738751e-16 -3.1893811195e-17 2.3397834342e-16 5.1137700566e-16 1.6182113244e-16 -5.0096087065e-19 -2.2820440039e-16 2.7193624095e-17 1.2444765888e-17 
0.039166119459 0.038025775494 -0.15146693035 -0.066748077164 -0.10020576426 -0.12880113267 0.058431665619 -0.049153274776 -0.017184964553 
9.1353794404e-16 2.4432616132e-16 1.7614465044e-17 1.439851285e-16 -7.4065711531e-17 2.2278646379e-17 2.479785955e-17 -7.4018035872e-17 -1.1448078618e-20 
-5.6829502285e-17 1.6623934076e-16 -4.9559254757e-19 -9.8348740885e-17 -5.5288867592e-16 3.1079011181e-17 1.9403290624e-17 -1.8546714229e-17 -4.2041675314e-18 
-0.026059811991 0.062173047986 -0.036267323557 -0.11656705461 -0.11907752711 -0.076936603224 1.8836315753e-07 -2.8290031129e-07 3.7897369786e-07 
-6.2968857294e-12 -4.7495636975e-12 -1.1318984857e-12 4.1505469633e-12 4.001301872e-12 5.2721494323e-11 4.3679241713e-09 -1.3771581248e-11 1.0398987062e-08 
-5.0785927523e-17 2.1428751797e-16 1.6732353528e-17 -3.2153756207e-17 2.9589762998e-16 6.2935805283e-20 -7.0180326643e-06 5.2911653116e-06 0.0013438747846 
4.5715196132e-09 -8.2723092117e-09 2.6657608435e-08 2.6455259572e-08 -1.1073939602e-09 6.5950672784e-08 1.2809761368e-09 -2.5921881371e-10 -1.0111662217e-07 
-2.2028231913e-08 7.8114638603e-09 2.854937614e-08 -1.0623853005e-15 5.1898886046e-16 2.5234432627e-16 1.5055086333e-15 1.9834089304e-15 1.1214284706e-15 
3.883746898e-09 -2.7456218796e-09 -9.6946736438e-09 1.3203001748e-09 -3.3504703111e-09 9.3223297619e-09 -3.3442015842e-08 1.1632068823e-08 -4.314840127e-07 
-0.026903819461 0.0057600884761 -0.20122486782 0.0091759195574 -0.0058989626445 -0.22961568016 -2.7861040404e-16 2.0429723621e-16 -6.8427019932e-16 
-3.6271693378e-09 6.303116975e-09 -2.2755195798e-09 -0.0031941401942 -0.021058162021 -0.090149410633 -0.018301807778 -0.056321912968 -0.065621344408 
-3.9356830987e-16 -9.7261647363e-17 9.4388797039e-17 1.595848722e-16 1.5508972864e-16 6.9842504673e-17 1.7346437287e-16 -2.8277187731e-16 1.1832123292e-18 
-2.1139675035e-12 -8.8379453805e-13 6.0208821822e-11 -1.3118635515e-16 -2.9054631274e-16 7.5958909708e-17 -3.5537690078e-08 4.8965040325e-08 1.3883711234e-07 
-3.9964174137e-16 3.5394031767e-16 -3.4749795142e-18 3.4484227807e-12 1.2939553909e-12 -2.3010704014e-11 2.5771696548e-17 8.778728821e-16 -8.212486492e-18 
-1.3624750777e-16 -4.547352372e-16 3.8094918365e-18 -9.249349286e-06 9.779137767e-06 2.1394751081e-05 4.2945832781e-17 -3.2704564619e-17 3.153085571e-18 
1.021873369e-08 -3.6175621617e-08 -4.7368859714e-07 1.3691107936e-09 -4.0046000372e-10 -5.0713583245e-08 -1.0057590817e-08 3.2860557505e-09 -5.4337230386e-08 
1.2172528492e-08 7.1408129421e-09 1.4502263971e-05 8.9839918316e-15 -1.2489218507e-14 -1.3293129181e-14 -7.1227822167e-15 2.507751234e-15 -2.3250496353e-15 
-2.0863858783e-09 -2.4462051981e-09 6.2210447151e-09 -4.0949004489e-16 -8.9642950317e-17 -1.9249810967e-18 -5.562030321e-16 -4.4400033437e-16 -3.6287550513e-13 
4.8054321011e-16 -1.9738110904e-16 3.2870637561e-17 -1.8230175631e-16 1.5128860277e-16 -1.0642386182e-16 3.7884261498e-16 -1.237475795e-16 1.9271032896e-17 
1.5442490312e-09 6.3948557277e-09 -2.3058552396e-08 1.7815315158e-17 -5.918362921e-18 -1.083451967e-17 5.3141749113e-16 -5.1110651583e-17 4.3911472159e-17 
-3.7488749254e-16 5.0013482526e-16 6.432971045e-17 2.5566841913e-16 5.8146218093e-17 -3.1100082742e-17 -0.054938195845 0.056170171966 -0.12688729256 
-6.0469752934e-18 -1.4959228986e-16 -7.8602367988e-17 -2.5344744017e-14 3.2570056326e-14 7.296898154e-14 -6.9381319037e-14 -2.7896833375e-14 1.7853749186e-13 
-5.2036186729e-16 2.0090568667e-14 8.2326836321e-16 -8.4174659816e-16 -2.3775749858e-15 -5.7660152953e-16 -7.6923759296e-17 1.4983874765e-17 -3.3432645482e-19 
-2.1079442774e-16 9.9407927919e-17 6.8341539045e-18 -2.3477022833e-16 2.9044250696e-16 -2.0379060661e-17 -5.7065562183e-18 -7.573664046e-17 1.0027932767e-17 
8.1501549782e-17 -9.9071386104e-17 1.3103805235e-17 6.0732542984e-17 -2.7602230321e-17 1.160265254e-17 -1.0976008867e-16 -1.5070574459e-17 -1.6102793322e-16 
-7.8832969183e-17 6.5786960957e-17 -4.1955203474e-19 4.8272349674e-17 2.3979526832e-17 6.505161099e-17 2.3181782105e-17 -3.1460639969e-17 -1.4024090255e-17 
1.172578171e-08 -1.7382567583e-08 -5.4850012164e-06 -0.01814154746 0.029144750636 -0.13011713815 3.6919309395e-16 -7.3901963778e-17 1.5294359136e-19 
3.156830935e-14 8.1757480509e-16 -9.510082678e-15 -0.061541393632 0.014180349826 -0.16909429819 2.6733557268e-16 -3.4983781398e-17 -9.66517325e-18 
4.3979599961e-16 -1.3050113924e-16 -8.4199336047e-18 8.0033872013e-16 -5.0658575414e-16 5.6511873933e-19 -3.2628368071e-17 -3.7100941926e-17 7.1159544537e-17 
1.1915606043e-16 -7.3504832779e-17 6.5043643511e-17 -0.043036322354 -0.074286459608 -0.075765587118 1.1322180037e-05 -1.1459617764e-05 -0.0001396321047 
-2.4696513312e-17 2.7434352397e-17 1.5928860607e-18 2.6988805237e-13 1.3163939797e-13 3.5352043435e-14 -7.6921429512e-14 -6.3151569211e-14 -1.6971373637e-12 
3.3272232081e-13 1.2942249189e-13 4.2905661732e-13 -3.7189411335e-13 2.3791152718e-14 2.5559673512e-13 -1.1691987115e-15 -1.9410339855e-15 -1.3327534068e-18 
-8.0563246757e-11 -3.4007761641e-10 -3.9652629126e-09 -1.0923583934e-16 -2.3309018936e-16 -7.7367889093e-18 2.1513615123e-18 -7.998779959e-18 -5.0520084739e-18 
-1.0781965394e-10 -1.6785196287e-11 -3.4946591479e-10 -1.5826620252e-16 -4.1784280218e-16 -6.633008093e-19 -1.2919427612e-16 -2.5057996043e-16 7.3246894009e-17 
-1.8935736132e-17 2.2444357732e-17 -2.9278901653e-18 0.035861138308 0.023687063143 -0.15919958613 -1.6994524881e-16 -1.7524805776e-16 2.7459769855e-18 
-3.6076361821e-17 2.750705831e-16 9.6206805199e-18 5.6045613655e-07 -1.6398066177e-06 7.7746427655e-06 0.032090197905 0.027804229881 -0.14856118296 
9.2340120067e-17 -4.1292598206e-16 -7.921392247e-17 -5.7450526744e-17 1.5377229544e-16 -4.4612677718e-17 -3.9186197938e-07 1.0962879395e-06 -2.6339585687e-05 
-1.2785008401e-09 -2.2777328494e-09 -2.1081482219e-06 -1.1134812474e-16 -3.2103022099e-16 -1.215037214e-16 -9.8043652424e-14 -4.8924866256e-14 1.20711042e-13 
4.714237851e-11 1.1300420767e-11 -1.5162058248e-10 3.2839700538e-13 -4.2455071904e-14 1.4239000345e-12 -4.0937487805e-08 7.2570677796e-09 4.5944408213e-08 
-2.0616335589e-09 1.4911847331e-09 3.3611543196e-10 3.3286072565e-09 -6.8928922837e-10 -7.2005342998e-09 2.5494745092e-06 -2.0514878372e-06 -0.00025688110675 
1.8203247696e-11 -6.5185375807e-12 5.2545240515e-12 6.1610958068e-11 -5.4035150775e-11 1.9253423612e-09 -5.455587199e-16 1.6987964577e-15 6.85287179e-16 
8.3565020589e-16 -1.6265227282e-15 3.449121016e-16 -3.0932558986e-16 -5.8075568331e-16 -1.7038899785e-15 3.6272400722e-08 -2.7082739609e-08 1.7575598436e-07 
-9.5738666027e-11 4.2859736532e-10 5.9361886875e-10 -0.0066451524661 0.0028617748665 -0.16853855034 2.335262374e-16 -2.2292330936e-16 1.2468741026e-18 
2.4243933865e-16 -2.1470695945e-16 4.3248301765e-17 1.3573214325e-10 -5.2999599699e-10 3.6069385542e-10 -2.6940481371e-11 7.3868989265e-11 -5.1517754753e-11 
0.024619429551 -0.025189349688 -0.076889118129 0.050973643937 -0.008448007442 -0.074894951469 2.8308936491e-15 -3.2105627415e-17 -1.6309282456e-17 
1.1242019573e-16 5.0243882527e-18 1.1503296463e-17 1.4576104175e-16 5.0821713728e-17 1.045728876e-17 -3.3476924737e-11 9.0712400883e-11 3.281496673e-10 
1.9741316341e-16 2.1154014835e-17 2.1950956261e-19 0.010109323133 -0.021528875216 -0.09380500479 -0.07853956953 -0.00074285647171 -0.11781101763 
5.6477435637e-16 2.5035332464e-16 2.5392363995e-17 8.2228987874e-16 3.6377510255e-16 5.8226825066e-18 -1.8523711033e-08 5.2955219539e-09 1.0004856943e-07 
1.5788889658e-11 -1.3402077669e-12 -6.487836949e-11 2.193477915e-10 1.3278392138e-10 1.5043872371e-07 -5.5771750202e-17 2.6589667978e-17 -1.5504247276e-17 
-1.6557223004e-17 1.1638447035e-16 -5.5343507349e-20 -1.2927467499e-10 -2.0859915958e-11 7.5971759988e-11 6.7829920674e-17 4.1033438407e-17 1.4139243507e-18 
8.1132788979e-08 -5.805321128e-08 -1.1956259705e-08 -2.713442065e-11 6.9057984197e-12 2.2337389117e-10 7.8006668062e-12 -2.9119889448e-11 1.9472318038e-10 
7.4826631798e-12 2.6234922419e-12 3.0172396569e-10 9.1193523371e-16 -1.2144892192e-15 -2.0413332078e-19 -9.5321834212e-11 -4.2279178611e-12 3.2621927262e-10 
-2.8974418907e-08 1.8554589999e-08 -5.1250459349e-09 -3.1986802595e-08 3.0536089015e-08 -4.9023379049e-08 0.05431909343 0.031675198022 0.023778514348 
-0.076223413796 0.018753724204 -0.033734331035 -0.030316863702 -0.0093169112286 -0.079202432682 4.8307127561e-09 1.3247803396e-08 -8.3986259277e-08 
1.734963733e-16 2.2923850507e-16 -1.1257927903e-18 -0.0054918759069 -0.035617901859 -0.18715368676 0.013825856519 -0.050111950599 -0.12701199196 
1.0360438722e-11 1.7144030464e-11 1.5234385277e-10 3.4605402836e-11 -8.6274434868e-11 3.2545882396e-10 -5.2933734045e-17 -6.433977866e-17 4.6412319494e-17 
-1.5838422101e-16 8.7444386512e-17 2.2054196775e-18 5.5256437853e-05 -0.00016235043531 -0.00014621574368 8.2221874369e-11 3.1907856491e-11 1.5486727286e-10 
2.0460943443e-14 -7.8928412374e-15 -5.4234117471e-14 -9.1252768475e-13 6.8884878794e-14 -1.0884948233e-11 -1.1072546865e-11 -1.0974568521e-11 6.4862332366e-11 
3.588466935e-17 -3.9079619263e-16 2.3034353924e-17 -4.7221794413e-10 -6.1957044165e-10 -4.0608520122e-09 -9.6911121562e-17 -4.2989913573e-17 -2.4584374483e-18 
2.4452273856e-10 3.307909027e-11 -2.1340232516e-11 2.0833131878e-06 -3.2486088737e-07 -0.00035186535095 2.0137077116e-12 2.1625398099e-12 1.6335630407e-10 
-6.2457052e-11 1.5645898734e-11 1.6752267134e-10 1.473135973e-16 1.5932530887e-16 3.4826093957e-17 -3.2735091872e-10 -2.8887546746e-09 -1.3767048244e-08 
5.3513241077e-09 -1.1759929884e-08 -6.8115119156e-08 -0.084199740847 0.053567350824 -0.065036101025 -0.071941412351 -0.03226689678 -0.081554000615 
0.023415781071 0.054746671046 -0.058509299631 4.4992564399e-16 -4.0551494247e-16 9.2142661574e-17 -1.4073537721e-16 -1.1660936388e-16 3.9149692909e-17 
8.5571442162e-10 3.4957976074e-09 1.1463857581e-08 3.9945554169e-09 -8.2743376384e-10 5.1217974449e-08 -0.021772934178 -0.015570432385 -0.07668393111 
-9.4779650508e-11 5.0519087835e-10 7.7929831846e-10 2.6185695719e-11 8.026285103e-11 4.7101888412e-10 -4.7891458095e-12 7.1414687613e-12 -3.6137659155e-11 
8.422921625e-17 -1.0010764321e-16 7.0144910324e-17 -0.05437720815 -0.006268231881 -0.12023961353 2.8739526984e-09 -1.6290952609e-08 -1.4579103284e-08 
-3.9875200939e-16 6.2033956233e-16 -5.1592179949e-19 -3.9609662928e-14 2.4362296234e-14 4.8711645779e-15 8.2204303265e-17 8.2154405661e-17 4.1823934881e-17 
4.4612692678e-17 6.6751663363e-17 -5.5598205331e-19 -2.0790119039e-16 -7.9054663045e-16 6.1088453319e-20 -5.7708170932e-17 -7.2014500465e-16 6.4674090773e-18 
-2.0150460484e-16 3.0542184979e-16 -1.8979244866e-17 -2.6524896313e-06 5.6324183333e-06 5.7073287793e-05 -1.1637356482e-05 9.7005831222e-06 1.4487029178e-05 
-1.2795490841e-08 -1.1924127463e-09 -1.5454627691e-08 -2.7634473888e-09 2.4192025826e-10 -1.997377725e-08 2.8937657209e-16 -2.5689987302e-16 -8.9380862189e-17 
4.7951105946e-09 4.5936816973e-10 -9.0476087123e-09 -2.4224669933e-12 6.3684240816e-12 -1.4557428075e-11 -5.5789600363e-10 2.0853827642e-09 6.3328962435e-09 
-5.5380615483e-14 8.4493659668e-13 -1.4839738581e-11 1.7113225333e-12 -4.8687370426e-12 6.2364088721e-11 -1.0833892792e-16 2.2371866545e-16 -5.580027083e-17 
-3.5790915553e-16 -2.8184246683e-16 -1.4799434525e-19 -8.9502718994e-09 1.6254250103e-09 -1.5342938827e-08 -0.089844576165 -0.10836678961 -0.12190001514 
-1.0440598927e-16 -1.4206891724e-16 -7.8644999933e-14 -7.649842615e-13 -7.309237317e-13 -1.5322344072e-11 2.2385030401e-06 3.7408304336e-06 0.0027495484799 
0.11391946686 -0.0026074653514 -0.0095106356216 -0.018012032755 -0.055117741921 -0.081452910417 9.7471534173e-09 -1.4036259021e-08 -2.0572367628e-08 
-2.1533588935e-09 3.951849196e-09 7.2584464664e-09 -0.00031339887999 0.00018352741481 5.9787331068e-05 -0.00083997158725 0.00086961443159 -0.00081415798975 
1.2601766384e-16 -4.8266790659e-17 -1.4098178246e-17 2.2127997838e-16 2.6229443223e-16 8.1324734087e-17 1.4720055046e-16 1.1796505769e-16 3.1879642443e-18 
1.9799587964e-16 2.4132123728e-16 1.1476962805e-17 1.687212344e-06 -8.5754885761e-06 3.7324978274e-05 1.14948118e-05 -9.4529805579e-06 1.4164428167e-05 
1.5052979838e-09 -2.8722663849e-09 1.3681490291e-08 1.5760899325e-08 7.9390874304e-09 -2.4932307773e-08 -7.5395080457e-16 7.2393997938e-16 -1.1500823324e-16 
4.9960113853e-10 -2.1395349447e-09 -1.2396174108e-09 0.049942093055 0.026421153064 -0.023352388616 0.039687847591 0.014343438559 -0.044119044847 
-7.568807347e-05 -0.00012729678064 0.00023809588601 6.0157867112e-16 -9.3802091464e-17 -9.4584715691e-17 -4.3489039577e-11 7.1987260247e-10 -1.5675923029e-09 
0.013606202645 -0.077799979243 0.0067404850731 0.0051518547544 -0.033098294813 -0.13640959805 -0.0838871318 0.037568878003 -0.11191322081 
-1.4311113214e-12 9.5679578466e-12 2.2903051314e-11 2.7009035236e-12 3.0760875108e-12 6.5411080729e-09 -5.7167285737e-17 5.9407813893e-17 1.4978525907e-17 
0.028307396513 0.066750625056 -0.0099878473541 -5.1495217995e-14 5.1211610494e-14 2.0714964201e-11 -3.0678289361e-18 -2.9650184099e-17 5.5507889146e-18 
-2.8795567926e-13 -3.5929861834e-13 1.9810122305e-12 -7.8112919859e-13 -3.6481071086e-14 2.7036802998e-12 -1.3427576273e-12 1.4914448715e-12 2.6121675025e-11 
2.6608702098e-12 -2.3467305838e-12 -2.4923949259e-11 6.8322788047e-10 -1.8354608525e-10 8.1872297475e-12 -7.6435585998e-10 3.1100238511e-10 1.3961271075e-09 
-3.1173074624e-18 -1.3549812763e-16 1.1129606661e-20 -5.8316464901e-09 -5.1469156645e-09 -8.9824248543e-09 1.2366613279e-06 6.3525618512e-07 1.777199677e-05 
-4.6022616867e-16 1.1350909948e-16 3.1875051775e-18 -4.4463733822e-10 2.4699022591e-09 -3.701189012e-09 3.6819182195e-10 -5.5676712852e-10 -1.5126120361e-07 
-2.3926940202e-10 6.849105716e-10 -1.3769599127e-09 -0.082339428172 -0.035158205809 -0.038043895748 3.1499815475e-16 -1.9183512067e-16 1.3881347659e-16 
-1.2923198412e-17 -1.3159644356e-16 2.2684081268e-17 1.5290846697e-10 -2.0148561428e-09 2.2246225164e-09 -0.063442427529 -0.0060137040067 -0.1583927404 
1.1139593324e-15 4.58160517e-15 8.2894738711e-15 1.5710261503e-16 -3.2346513096e-17 5.1840916073e-17 -1.8802507887e-15 1.4595620837e-15 -9.4400151868e-17 
0.0040871324259 0.023375593192 -0.16760836587 -0.032616360884 0.056643496244 -0.10414663285 -2.6216482925e-16 -1.2728893177e-16 3.6310344444e-17 
1.5399571013e-14 9.5786030379e-14 1.1490267608e-13 3.7919785863e-07 -9.8568657697e-07 3.90534499e-05 1.726835836e-16 3.5625870914e-17 -3.2142722682e-18 
1.610515168e-14 -5.5690668566e-15 -2.5068244582e-20 -1.0014015667e-16 7.0960714772e-17 5.7395383617e-18 4.1872682301e-06 2.2695130578e-05 -0.00017397343017 
-1.4080945828e-18 4.0231601032e-18 -5.402613018e-20 3.1189192273e-18 1.852255111e-16 -4.5115830894e-18 -5.2394813168e-06 -1.4568764335e-05 -0.00029414150083 
1.3092537215e-16 -2.1803575935e-16 -9.2373164555e-17 8.4860267651e-16 9.3450832356e-16 -4.9497826954e-16 -4.4014263038e-08 8.8991387305e-09 -8.5639971295e-08 
1.4234135817e-08 -7.505230857e-10 -3.5016768509e-08 2.6246976936e-08 -1.1355202595e-08 -1.2615230853e-08 6.1416608313e-17 -5.8342457231e-17 5.408919332e-19 
-1.620921957e-08 7.6737217246e-09 -1.002648611e-08 -4.0447696887e-06 -7.8599855939e-07 -3.5148208401e-06 -4.0349009599e-06 9.4892290794e-06 8.4679246671e-06 
2.401739752e-05 0.00012367107948 -0.00011808205341 1.1334012785e-06 2.5017288609e-06 1.5249980248e-05 1.3298517559e-09 -3.5186538821e-09 -6.9243941205e-08 
2.3181114131e-09 -6.7856247038e-09 3.8363610617e-09 9.6107954207e-09 -1.3114481387e-08 -2.6939138473e-10 0.077199266852 0.026242539875 -0.073810459023 
2.6922541042e-05 -3.4478973379e-05 0.00016076511028 -0.00037896799539 0.00034181049713 -0.00046821524655 -2.4520953083e-10 -3.1191671845e-09 1.1108799515e-08 
1.0786931684e-13 -1.7824414528e-13 1.833027089e-13 4.1489254311e-17 -5.1410678847e-17 1.4033138448e-18 3.8727552199e-16 -2.5306219941e-16 -3.0523038607e-17 
4.4739019781e-16 -1.3136715741e-16 1.9274509806e-17 -0.053238376978 -0.012465952404 -0.11213738221 -0.023471687555 -0.048489597206 -0.058536606955 
-2.7662420098e-13 4.4906094046e-13 1.4161620328e-12 -7.5854828333e-17 -2.2168135024e-16 5.8930517564e-18 3.105372241e-16 -3.9783702037e-16 -1.2098316063e-17 
7.4282128422e-17 4.0542083442e-17 5.9795553405e-18 -1.3041136126e-16 -4.4144080338e-16 -4.3119248108e-18 -7.2985952706e-06 3.8724366198e-06 0.00056981362171 
2.2103322947e-09 5.1060639037e-09 -2.0507895006e-07 -2.609761579e-08 3.3905475852e-10 7.6961097212e-08 -9.1664554393e-07 -7.7186566869e-07 2.6807614977e-05 
2.2258248922e-16 -4.8994426859e-16 -1.2568934071e-16 -0.0017699385245 0.0014429178216 9.3500843986e-05 -7.1810624022e-09 1.0845583228e-08 -4.095215016e-08 
-0.012449605057 0.0057927260979 -0.062675741888 3.2952693078e-10 7.0642690827e-10 -1.0967051465e-09 -7.1792991257e-10 3.9958516801e-09 -1.4274676661e-08 
-5.6360590009e-10 3.8971362973e-09 3.609389825e-10 0.087564427745 0.050425490683 -0.029333889787 0.03119156996 -0.010645311693 -0.1705252496 
-0.10152704033 -0.053612674954 -0.091380658501 1.4002103232e-05 9.1478680191e-05 9.0362153595e-06 -4.0601535199e-10 -1.7385780514e-09 -3.5247560376e-08 
3.0721100574e-09 7.0442392176e-09 1.0870906169e-08 -5.5270101036e-09 -1.5009146645e-08 -1.1750970989e-08 -1.9617669094e-16 -1.525293701e-16 1.2609194088e-16 
1.8180329653e-16 1.1793783912e-17 7.6198822408e-17 1.2265794586e-08 6.6447182146e-09 2.189296036e-05 -2.0013202371e-09 -7.9340147455e-10 2.0631562594e-08 
-1.6351625126e-07 -2.1109283729e-06 1.8567595249e-05 9.4401126538e-17 8.1827435834e-17 -5.223605541e-15 2.8190589875e-11 -1.9516035993e-11 2.9400963215e-10 
2.1981189122e-16 1.3382592787e-16 5.5056918663e-17 7.4634680707e-16 1.7128731452e-15 -6.486005027e-19 1.2249589989e-18 5.9497597803e-16 2.4859825801e-19 
-4.5098452731e-17 -1.5523348453e-17 -4.2080842093e-18 3.5068813789e-17 -1.2668116428e-16 9.5164834287e-18 1.0921422287e-16 -7.7338005032e-17 -1.4939213027e-17 
1.1773873411e-16 1.1796297396e-16 -1.0820295701e-18 1.2713678471e-16 -6.3491632945e-17 -8.2308080786e-17 0.046375977482 -0.054904182226 -0.078783115418 
-0.022935893511 -0.035787795054 -0.15160105706 -0.053230812753 0.070151587608 -0.068035742256 3.1961166844e-16 -7.9658168918e-16 2.9522799834e-17 
-7.4884602935e-07 1.5205088118e-06 1.6509876929e-05 7.6679410862e-06 4.8994169127e-06 -1.4595675065e-05 -8.4071945435e-06 -1.7598291842e-05 -6.3701471154e-06 
1.0352665889e-16 -1.4013027447e-17 -1.7671122109e-17 8.28540271e-06 6.3347774033e-06 4.9954845504e-05 1.8860132885e-17 1.7556812391e-16 -2.3310484497e-21 
-9.3207541908e-07 -1.5966236688e-06 1.1170749134e-05 -7.0360399724e-12 -9.4736723394e-10 1.9656773744e-08 0.033440163703 -0.038566808237 -0.10746764164 
0.036959914443 -0.065633934081 -0.053044799839 2.0087210785e-08 -2.8553195642e-08 -4.0690294855e-08 3.7953427196e-16 5.1660544733e-16 1.0245834518e-16 
4.3077871744e-10 -1.3454316482e-09 4.2913812206e-08 -1.5130683444e-16 1.0499333874e-16 3.1219530539e-14 7.8052682678e-14 -1.9118147976e-15 2.559583852e-13 
-3.1727920108e-16 3.7318680127e-16 -4.0142594989e-20 -1.4144286953e-13 -4.4599085844e-14 -8.9358157291e-14 -1.9256811139e-17 -1.7352480711e-16 -1.4928932201e-18 
5.7414675277e-07 1.1480419324e-06 2.8651250518e-05 5.3061367319e-17 -1.9761820843e-16 4.0708425133e-17 4.5205476032e-17 1.9621812791e-16 1.5788452973e-16 
-6.7166405551e-17 3.2720833534e-16 -1.3268626365e-17 2.7329118443e-17 -9.0255875968e-16 -3.8368107868e-17 2.8300026071e-16 -7.5447389095e-16 9.7283700496e-17 
5.3889431671e-06 5.2571328588e-06 -9.3691821468e-05 2.0915555254e-09 9.4223380462e-11 6.3412122989e-09 -4.3597318811e-09 2.7869306865e-09 2.2281923748e-08 
8.6048606722e-16 -1.5964631724e-16 -1.5740854395e-16 -1.2327497929e-05 -3.2369538801e-06 -7.9980495611e-05 0.020778914712 -0.024955665499 -0.10256586592 
0.012813672552 0.024402040578 -0.18917920652 5.3912610906e-07 -1.4739955706e-06 -2.5169892813e-05 -1.9000738632e-16 -6.8973732548e-17 -1.6358518066e-17 
-6.4125836583e-16 4.1924506566e-16 -2.9876634807e-18 1.8074311291e-09 3.6486544393e-09 -3.4189136935e-08 -3.061383227e-16 4.7092842483e-17 1.8996589449e-17 
-3.6901720909e-16 1.8168205498e-16 -1.4388289895e-17 2.9363089662e-16 -2.9876209679e-16 3.6946111872e-17 -7.5317679021e-16 2.3497465737e-15 2.4629091843e-14 
-8.3447322277e-10 -7.8329212662e-10 -2.0304652934e-07 4.2910939716e-13 3.4243334731e-15 -3.3331759648e-12 2.6149864282e-16 9.0209586829e-16 -2.4197298425e-17 
-3.5261030529e-13 -4.9916213961e-15 -1.0832874544e-12 2.0673069744e-16 4.4146585139e-16 2.1272356024e-18 -4.0479842847e-16 -9.8510704946e-16 1.8124725758e-17 
2.0982160654e-16 3.6630418818e-17 -2.4336227283e-17 2.7492453853e-17 -6.0295046257e-17 -1.0754307623e-16 1.2444375476e-16 2.2601379411e-16 1.4414491761e-16 
4.8760879323e-06 4.8768125884e-06 -5.4642021397e-05 3.5275663277e-16 -4.860170378e-16 4.2429811341e-17 -9.7685672711e-10 -3.6482484858e-09 -2.26777253e-08 
-1.1785372389e-16 7.8063879531e-17 -1.804622881e-17 3.1203750889e-17 1.3176495669e-16 2.1102102984e-19 1.1303151033e-16 3.8192294683e-18 9.742336023e-18 
0.01660050441 0.011495880072 -0.063672806672 0.031391730779 0.019132902671 -0.15198907188 -9.1838492532e-16 6.5900375493e-16 6.9553594699e-19 
1.8343558095e-16 -3.5726661907e-16 1.713500194e-16 -0.018817758239 0.019418243648 -0.15667813161 0.047488623864 -0.071853912044 -0.10855842093 
-0.094196685764 0.025558868672 -0.096061783852 4.6435367122e-17 4.5595490894e-17 -1.9239771801e-19 -8.8202798153e-07 1.8719138958e-06 2.5033145672e-06 
4.8909818604e-15 -9.9827925243e-18 -1.358144493e-15 -6.1819442484e-16 4.054244273e-16 -1.1718366587e-18 8.0965593517e-17 2.7818501613e-16 3.2281783349e-17 
-4.2304923253e-16 -3.6764233147e-16 1.5530587775e-16 -6.4384639989e-17 -3.8169462134e-17 7.1571416023e-17 -2.8767010059e-13 -6.1147118207e-14 -1.4947268965e-13 
4.5568446011e-16 -1.2077489551e-16 -2.7096089564e-19 -1.1433284212e-07 1.9976079389e-08 7.6996265199e-05 1.3777115744e-16 -4.763345902e-17 2.1432817302e-17 
-7.971269319e-18 5.2133048915e-16 -1.6567205314e-19 -1.7583237397e-16 -4.3526357825e-16 -2.3498127925e-16 -1.7606689716e-16 -1.8499821342e-17 9.7531794158e-17 
6.1812800616e-16 1.0957142334e-15 -7.5511546935e-19 9.9555587583e-17 -2.978493307e-17 -3.1541860297e-18 9.24080252e-17 2.1294581424e-16 3.1545079573e-17 
-1.6776871309e-16 1.0295423329e-16 -3.8335625883e-17 1.6315765581e-17 4.8499701375e-16 1.1969426908e-16 5.5805850673e-17 3.5261392268e-16 -2.4182221615e-16 
-4.3342274795e-17 1.9036233005e-16 -1.2151430415e-19 0.03037240872 0.013149832922 -0.11510823422 2.235257225e-06 1.0598583584e-06 -5.8446786371e-05 
-5.9168750428e-17 5.5509143242e-17 -3.7346444356e-17 -1.3375098476e-15 2.1713797228e-15 -9.246769581e-16 -1.6751985188e-06 1.4640858679e-06 -7.6841540961e-05 
1.1928733748e-13 2.440604912e-13 5.0518301874e-11 -6.2595487456e-17 -6.8395343921e-17 2.3978117658e-19 3.2153630736e-17 -4.1692291648e-17 1.5599378261e-19 
-4.3781117342e-16 -1.1141442191e-16 4.4391664733e-17 -1.4105947616e-12 8.3795787296e-12 -5.9799999629e-12 1.3422015621e-16 -7.2781541107e-18 -5.6568391861e-19 
-8.8375917792e-16 3.0012228409e-16 -4.3270174179e-17 2.1226899035e-13 2.1871030653e-13 3.8006997772e-13 -2.9176231441e-16 -1.9191607912e-15 -5.8307305895e-15 
-9.7270864066e-17 3.1698335674e-16 -2.4531316158e-18 4.2786684235e-17 1.9431052557e-16 -8.2746882798e-17 -2.2462487177e-16 -2.8339614754e-16 3.6803282087e-17 
-2.6763651836e-16 -1.27510421e-16 5.2966097186e-18 -2.9273125269e-17 1.3413308555e-16 -1.7536516654e-17 -2.8663715673e-16 4.8434253375e-16 8.4785819384e-18 
8.7438258587e-17 4.4918953633e-17 4.8089819543e-18 -2.7618952165e-16 1.234676826e-16 -6.154749514e-17 -4.8505512841e-16 -8.1722778976e-17 7.0275460355e-15 
0.062567549669 0.10134721702 -0.050134419365 -7.8140297327e-17 2.5912316082e-16 1.1895402722e-17 -1.8543782367e-16 -4.3544476399e-18 -2.0393324136e-17 
-0.010925872501 0.0088930013858 -0.14168847406 -5.0355756689e-16 1.6755896325e-16 -3.8834446427e-18 1.6749134593e-10 3.8634138957e-10 5.9999260759e-08 
-0.009666527104 0.031007722497 -0.10562819607 9.5788140741e-13 -4.3028587024e-13 4.6954321067e-12 -2.549503084e-16 -2.3154741222e-16 8.882184344e-18 
1.0163610784e-12 -3.2571977069e-12 -6.360945605e-13 -1.2981064128e-15 1.3459212133e-15 3.4123543846e-17 7.0336530319e-18 1.1801792325e-15 3.645582716e-19 
-1.1873121762e-15 1.6564442426e-15 -1.0281205454e-16 1.3607949993e-16 6.0711030204e-16 -1.9869733239e-18 1.6101823192e-16 1.8577211857e-16 -1.8178311999e-17 
-2.4477606736e-16 2.0211026691e-16 -5.7006090445e-16 -1.1039685403e-16 -4.5439268449e-17 3.6376667806e-20 -3.3997435669e-17 -6.7819294341e-17 1.2503786214e-18 
-9.421497443e-17 -1.8862213579e-16 1.2892738429e-17 -5.4657747184e-16 -5.3972002269e-16 -1.2214516694e-18 4.031370127e-17 -2.1528899844e-16 -2.9046069933e-17 
-2.8499054829e-07 1.5999615785e-08 2.5719688518e-05 1.7005285019e-16 2.0086820596e-16 -5.6561815761e-17 1.0208553439e-16 -2.8024764251e-16 1.3868377837e-19 
4.0538782904e-16 -1.0890629882e-15 -6.5724479303e-17 -3.8788451116e-16 -1.4325260943e-16 9.2341624517e-18 -5.0612381108e-17 -4.0581011658e-17 5.0776617751e-18 
-3.6701509522e-10 -4.8048083885e-10 3.3915927266e-09 3.7961230992e-16 1.0212909857e-16 -7.7152389289e-18 -2.020716356e-16 -1.4368243605e-16 -8.4002000195e-19 
-0.045065701958 -0.055769594066 -0.068417480328 -0.039738512723 0.073332808014 -0.12249260147 -0.067835849733 0.0076541173613 -0.060212484513 
5.0067558657e-15 9.9052669725e-15 -1.3828847251e-14 -6.1326523602e-17 1.5605053732e-16 7.776627949e-18 1.1033599274e-16 4.7442272426e-17 3.8439084477e-19 
-6.3908242603e-16 6.5685215201e-16 5.3709321179e-17 -2.5069288219e-16 1.7292886967e-16 1.7061587156e-17 -1.5722525852e-15 -9.1198174109e-16 -1.6928131738e-16 
-3.4189728845e-16 -2.3953352209e-16 2.575172231e-17 4.2656334061e-07 -4.0927625751e-07 -2.3021167425e-06 5.702083833e-16 -8.8692102511e-16 7.5376971254e-17 
1.9154930766e-12 5.486995573e-14 4.3384931614e-10 -1.2383051668e-14 3.3195550832e-14 2.654286426e-13 2.9070973995e-16 4.8638522004e-16 8.1567605728e-16 
-1.0525901058e-17 4.1933799561e-16 -9.2630591671e-19 -5.6952677589e-08 4.1785708367e-08 1.5375462648e-08 8.5439204431e-14 -2.1370314538e-14 -1.306030139e-14 
-2.1981100404e-13 -2.1592137472e-14 6.9094992806e-14 -1.5044689325e-16 -1.5652234171e-16 6.4552047195e-17 4.5150522855e-09 -2.4994808216e-08 8.6134569547e-09 
0.047038648354 0.0047658777638 -0.097678455504 7.5626738139e-10 9.3301835275e-10 3.7592236681e-09 -9.2929817545e-19 5.9501062849e-17 -2.7572584226e-19 
-4.1429494628e-09 -1.389019348e-08 2.1453567205e-09 -5.1916598941e-10 7.2849564335e-09 -1.1621546346e-08 -0.01365556669 0.034923825562 -0.082337453564 
5.8857325681e-10 1.602837609e-09 1.0853806216e-08 -5.9147529149e-16 -9.7362726367e-17 -7.4206509581e-17 7.9580486378e-09 2.2902402384e-08 5.8508785823e-08 
-4.7257880005e-16 5.074295322e-16 3.8518525497e-19 1.0021716336e-09 -1.0401312709e-08 -2.1552580642e-07 0.017354016855 -0.053433518642 -0.17143641407 
0.052149274261 -0.011792214424 -0.048919751337 1.1165210538e-18 1.0116192444e-16 5.8159468755e-17 4.413110408e-16 -3.468251765e-16 2.0241103245e-17 
-3.8564933727e-07 1.9107223342e-07 1.145699072e-06 5.5385402095e-14 -8.359328115e-14 1.06091952e-12 1.750124738e-16 4.3084292953e-16 -9.13072767e-19 
-4.5852941515e-13 1.3909143619e-13 8.3562926577e-13 4.4265228754e-14 1.4801975055e-13 7.6787513476e-13 1.0369009193e-13 -2.9205992867e-13 1.682806311e-12 
-6.5849979433e-16 -1.0461478273e-15 -4.7323096034e-19 3.507951237e-09 -1.4748001292e-09 -9.5848552737e-07 -8.9243162446e-09 1.7354150615e-09 -4.9475373659e-05 
1.2392931885e-16 3.0771106826e-16 1.5331633129e-16 3.0124605296e-15 -3.1083885465e-14 -1.9085478782e-13 9.9412731176e-14 3.3230572097e-14 -2.1792954132e-13 
-2.5838180273e-09 7.3555569743e-08 -1.8750857656e-07 -5.6301773199e-09 8.3851239424e-09 -2.5238314321e-08 2.3998647384e-08 -8.5570212568e-09 1.5798484054e-07 
5.4002760784e-09 2.2267857155e-08 7.3272298414e-09 -1.8070367851e-17 6.8515857113e-17 1.2049583902e-19 -1.423489189e-17 -1.1134672033e-16 -1.0719709752e-17 
-2.6349797164e-09 -4.4836803745e-08 1.9590997831e-07 -0.0424970796 0.0930989259 -0.076899042125 -4.4944587679e-16 8.7514107363e-17 8.6545799017e-17 
2.1556136098e-16 2.2063564731e-16 1.1811854833e-16 4.1618488633e-09 1.174883675e-08 4.0875703695e-08 -2.13603873e-08 -5.0732790475e-08 5.8373477466e-09 
3.4093047727e-16 5.2347295528e-16 7.9725231127e-17 -4.3395647125e-16 -1.6078739522e-16 1.4891471818e-16 3.0149417789e-16 -8.5810209195e-16 -5.4700300877e-17 
1.890717606e-16 -1.9784212501e-16 -9.5239029085e-20 1.6532111465e-16 6.4514070537e-17 2.6839815664e-19 8.8463019877e-17 -7.2633915327e-16 2.2265142411e-16 
-1.9411519837e-16 -2.4921641026e-16 5.0557009129e-18 9.5372223372e-17 1.3089707258e-16 -2.1682373768e-17 1.284422657e-16 5.7172692917e-17 7.539906717e-17 
1.8915045494e-17 4.019067846e-16 -3.8841269707e-17 4.7661699964e-10 4.7293576211e-10 4.7128108621e-10 -8.1388822779e-17 -2.1930240828e-16 8.7566175639e-18 
-0.032069227875 0.0083441024847 -0.11773278769 -2.7796782706e-09 -8.9539719484e-09 -1.8754683522e-08 -1.0941085583e-06 -3.7853912838e-06 2.2533620742e-05 
-1.99249256e-16 -1.2368337481e-18 -1.8919924473e-17 7.4031388787e-16 2.2576589643e-16 4.7469529034e-19 -0.012755019961 0.096997389738 -0.033219906689 
-0.0068398436036 -0.0047019978364 -0.12606897178 -2.5892426776e-14 3.5089365418e-15 2.1496816582e-18 -2.6808222991e-16 -7.5755530751e-17 3.5703818217e-17 
-8.304556762e-18 -3.6369700243e-16 6.4295054231e-17 2.9682856526e-10 5.422407995e-10 -1.234606578e-09 1.3445932424e-16 -2.1831360586e-16 2.5107507173e-17 
0.012553030598 -0.053782691723 -0.073612909278 6.6881868885e-16 1.6432470141e-16 -9.4251082274e-17 -7.4140367079e-17 -5.9071813905e-17 1.0928438283e-16 
7.7410995752e-18 -3.7072959695e-16 2.7921667111e-17 2.3727661816e-16 -2.6124009423e-16 -1.530513226e-18 1.3427726671e-17 -3.2609713596e-16 7.5811547257e-17 
-3.7711204792e-18 -1.2151081726e-16 -2.3700747509e-17 -1.535979796e-12 6.2405410555e-13 -1.2407752008e-10 3.1710920725e-16 3.9147633914e-16 5.183149157e-17 
-1.5738971098e-16 -2.6465974085e-17 -4.0890534382e-17 -5.108051466e-18 -2.7897170847e-17 -2.1173662418e-17 -2.807089476e-16 -2.8627179797e-16 7.3013539476e-17 
-2.695042859e-16 5.4368633521e-16 -4.157051196e-17 -2.3259093753e-16 6.9715859254e-16 -1.1573996757e-18 -1.4807838227e-17 -2.7186334233e-16 -1.1195236908e-16 
-6.2834255097e-16 -3.1049494963e-16 -7.9988736376e-18 1.0067854768e-06 -2.6827424535e-06 -0.00078647195922 0.027361828814 -0.041436976925 -0.17389117591 
1.7915645555e-06 5.8764701468e-06 -1.8787034987e-05 1.9880370381e-16 -1.3195786112e-16 -2.1957737912e-17 3.959272104e-18 -3.9366107599e-17 6.9361244062e-17 
-0.079418135053 -0.043756148565 -0.11453564662 -0.065865575334 -0.024930083125 -0.07802777816 -2.3630876026e-10 1.1128912616e-09 -5.9386442032e-10 
2.8111725358e-16 -5.6056245211e-16 2.9198940715e-17 -1.0206560433e-15 6.1627389012e-16 1.5842184878e-17 1.5210979956e-16 1.328383588e-16 -5.685777723e-17 
-9.5421016421e-16 -4.4340249951e-16 3.2113217345e-16 -1.3612615731e-15 -1.0110797782e-15 -5.293528645e-17 -1.8380185024e-16 1.5768454959e-16 -9.9808238164e-17 
-9.1876244056e-17 9.4693041856e-16 -1.93123669e-16 2.1959992018e-16 -6.8686518466e-16 -1.3027142756e-17 6.8816724656e-17 -5.6488511394e-16 -6.1551852518e-17 
5.1006406468e-17 -3.6845445671e-16 8.7141163883e-17 6.3089126144e-16 1.0146457586e-15 2.323420427e-16 5.3228441471e-17 1.8740084744e-17 -3.2930244972e-19 
1.1453532879e-15 6.5151031006e-16 -1.1767119843e-16 -3.6751807414e-16 -2.3742197341e-16 -6.8574207992e-17 6.0773789706e-18 -3.8070859125e-16 4.4371169228e-17 
5.968815341e-17 1.1001174122e-17 -1.688011758e-17 1.1745317725e-17 3.7913911251e-17 1.1544829263e-18 1.3224639196e-17 -5.4188079906e-17 -7.1410340757e-18 
1.7514986837e-17 -7.2382357941e-19 2.5733242581e-18 4.4210862521e-17 -1.2152787904e-16 1.4729884753e-17 2.2337935261e-16 -4.7974446603e-16 -9.8404620954e-18 
3.2457597858e-16 -3.325069574e-16 -2.6766311138e-18 -7.3586474122e-09 -5.5451247636e-09 -1.3479676125e-08 -4.4035700033e-16 -6.2797549644e-16 -2.8632531075e-19 
0.032182498782 -0.051205324553 -0.15830609665 1.4162608953e-09 8.6186712652e-09 5.1129687052e-09 -7.1900876327e-09 -1.8409937901e-08 -3.1662538824e-08 
1.0418195216e-16 9.831859947e-17 -1.2042191522e-19 2.0753682835e-15 -3.7835526227e-16 2.1541719155e-17 -0.064303801909 -0.013034419999 -0.077893863584 
5.0906407688e-10 -2.3170772056e-09 1.8657626276e-09 9.8719296575e-16 -5.6666345324e-16 5.5849957898e-19 1.8685888588e-15 -7.6190850051e-16 1.3301047427e-16 
0.021925078146 0.0025669374017 -0.11763516385 -0.033072731015 0.083615842993 -0.11216331665 2.4419029547e-09 -5.9260052491e-09 -1.8298487352e-06 
-2.946572296e-16 9.6899429898e-17 -8.2132172055e-17 -1.1736769604e-15 1.9101991823e-15 2.8400587313e-16 6.2507226667e-17 2.8911735815e-16 6.1996320875e-17 
3.361435988e-11 -3.2637498888e-11 1.8475170362e-11 -3.1690834772e-17 1.7924877549e-16 7.1360499758e-19 1.9197381119e-17 -1.0985451611e-16 -2.1230164903e-18 
-3.6475566128e-05 3.546079891e-05 -0.00014618781345 -7.833158604e-16 -5.6078891468e-16 -1.1228847494e-17 3.2056528324e-05 1.5388198109e-06 -4.8726117389e-06 
-4.0582581603e-17 -3.8495096299e-16 1.0733067535e-17 -4.9896229173e-06 -1.7667538408e-06 -8.1735759457e-06 -3.056232363e-16 -2.6583686626e-16 -7.8577557166e-14 
6.9945266739e-16 -2.5880584268e-16 1.7086659411e-17 -2.5173446022e-16 5.2741465107e-17 8.5268727885e-18 9.1417671967e-16 -2.5390638449e-16 4.8948409413e-17 
-1.2283440448e-16 -1.7102028448e-16 -1.9173816549e-18 1.2436112797e-16 8.3226219261e-17 9.269670025e-21 1.9272012781e-16 1.2482329607e-17 7.4587005641e-18 
9.9270882506e-16 -6.4175466637e-16 -1.0084091374e-13 3.9504434884e-17 -3.9951714254e-16 -2.0172014211e-15 -0.034662690684 0.026563473529 -0.14468151705 
1.0882718198e-16 6.9314524299e-17 -1.109478054e-18 -1.688182726e-15 2.6227691122e-15 -1.1659289848e-15 5.9108482556e-13 1.9864299877e-13 -1.6171009573e-12 
3.0479997326e-17 -2.8422595792e-17 -1.5849825043e-19 2.7999059881e-14 6.3746985915e-15 -1.4623671525e-13 1.7283626477e-17 1.1086526233e-15 -2.0291355775e-17 
3.6772172849e-16 6.1786795481e-16 8.8194461572e-18 -5.8176365222e-17 3.0370041296e-17 2.5399138129e-17 6.8459059626e-10 -6.3412747933e-10 8.3194160274e-10 
-2.3853510155e-12 1.0114444613e-12 -1.2816522226e-11 -6.2302456429e-10 1.5470229024e-10 -8.6102020159e-08 -9.1668658305e-17 1.9329291916e-16 6.9715268452e-17 
9.483248735e-17 -1.1051826131e-16 8.0424031234e-17 1.4483417221e-16 -9.1726107023e-17 3.9405551698e-17 7.250528213e-16 3.7310584598e-16 1.1230302409e-18 
4.267382977e-16 2.914549772e-16 -6.4987194568e-19 0.017182206346 0.091243086098 -0.10325666706 -9.0227476441e-18 -1.2734236711e-17 2.0750438264e-16 
-1.9533461243e-16 -3.8385365303e-17 3.7344138613e-17 1.7282321111e-16 -3.1096010461e-17 7.8503114243e-18 -1.1874159697e-16 -9.3047991407e-18 4.8591894956e-19 
0.036822321314 0.040277466009 -0.11488758031 3.5085365071e-17 1.9679799285e-16 8.246258791e-17 -4.5050872465e-16 -4.5038863094e-17 9.3896387796e-18 
3.4605775327e-07 1.8357550042e-07 1.0985665179e-06 4.5439873529e-06 6.6993169646e-06 5.7922647816e-06 -0.032016864054 0.05429041184 -0.11756840236 
8.2741041894e-17 -2.9785156082e-17 -2.3509032826e-18 -3.3103051904e-16 -2.8100197508e-16 2.6062372786e-19 -1.2593749349e-17 -1.2088204665e-16 1.5401012817e-20 
1.0701047748e-16 1.3279069812e-16 -2.0200781485e-17 -1.3395570751e-12 -7.8043627031e-14 1.4266063389e-12 8.1809061866e-13 -2.5532225186e-13 -1.7393650235e-12 
-2.5255273622e-17 1.4493541425e-16 1.3872566662e-19 6.9626163322e-17 5.6023961336e-17 3.8411723402e-19 -1.4089019656e-16 -4.1716745693e-16 -3.2318556298e-19 
-8.7295488242e-08 7.482728418e-08 1.7991994476e-08 -7.5556689734e-11 5.2788628192e-11 -1.5540951442e-09 1.977642993e-07 -1.8075759085e-07 9.7049261264e-08 
-4.2670647777e-10 1.2513343972e-10 -6.9238311411e-10 -1.0486201696e-16 1.8551767724e-17 3.019840536e-17 -2.578891256e-17 1.7414662322e-16 1.9772773972e-17 
1.4103879235e-07 -3.0495826552e-07 1.908173009e-07 -3.3564885787e-17 3.4090440818e-17 -6.4943883056e-19 0.085552558228 0.02318998036 -0.044984112692 
-8.2656983868e-16 4.9469908313e-17 -4.3472035786e-17 -9.8023874783e-17 -6.8820755382e-17 -4.0402504566e-17 -1.0972582567e-11 1.2437609605e-11 -3.1597358877e-08 
2.354645846e-08 -3.320056141e-08 2.5983734871e-07 3.1287016031e-16 2.9893494959e-17 -1.2274953667e-17 -0.049429589954 0.065225112234 -0.096372566642 
-0.030761947331 0.01169223366 -0.12679185865 0.0083500250183 -0.064611622251 -0.10718762594 5.8486798514e-16 2.6082906064e-17 5.4805963334e-18 
3.2201715869e-16 2.7529100407e-17 -2.1362277984e-17 -3.2243220626e-06 -3.7309016119e-06 -5.6745800471e-06 1.7013516404e-06 5.395949072e-07 1.7542013981e-06 
0.067482923425 -0.06314228234 0.01826707717 3.8643152804e-16 -6.9096338273e-17 -2.7201941566e-17 -1.6723953828e-06 2.4624689388e-06 -0.00024450223614 
8.6467737197e-17 -1.7459889794e-16 -8.3431130909e-18 -1.4139580951e-16 -2.8801777809e-16 -7.8699123243e-19 -1.5684813281e-16 1.3669589625e-15 -6.8091335727e-19 
2.0901848164e-16 1.00973807e-16 6.3096180622e-17 -7.0958949859e-08 -1.2760173288e-07 -3.1760094355e-09 1.7549779088e-16 1.5068058247e-16 1.0745805367e-18 
1.1110970466e-07 1.3038402769e-07 7.2967738998e-09 1.8799380687e-11 1.1477258624e-11 -3.2384330415e-10 -7.8525108871e-11 3.2286900919e-11 -2.1621974702e-10 
1.2908653042e-16 -3.7585445013e-16 -4.2236587923e-16 -8.0129950667e-14 -1.9398880112e-14 9.7918006082e-13 -1.85135024e-08 1.3177589195e-07 2.2761442067e-07 
-3.2622903345e-07 1.2895184542e-07 -2.9585991779e-07 0.012356016509 -0.00090445771843 -0.013531599215 -4.0914925161e-16 3.2453796134e-17 6.2100944891e-17 
1.5197590317e-16 -5.4431358695e-17 1.1503045504e-16 -7.7502810125e-17 2.4783709165e-17 6.047062014e-19 0.10124595916 0.090308805119 -0.10293163453 
3.4246972537e-14 1.3746074679e-14 6.989376973e-13 2.4526040362e-08 1.6189772595e-07 -3.3410462693e-06 -1.0858129217e-16 -3.5675924132e-16 -7.0023686268e-17 
1.1854919115e-16 -1.5037387795e-16 -8.8167827197e-19 -3.2060503022e-09 -3.3710185943e-09 -5.5357380772e-09 2.5656196067e-10 9.4284627407e-11 -2.5475921952e-08 
-0.026532465578 0.00035477580895 -0.10112710861 -4.3526918223e-08 5.1202361759e-08 -1.1394150449e-05 -2.308417145e-16 1.8844894004e-16 -2.9728779477e-17 
3.4584242858e-09 9.0380317049e-10 -2.9506868722e-08 -3.4015062078e-09 -8.7291359257e-10 -2.9658943231e-08 -0.026433483379 -0.035187703388 -0.10867457889 
1.5903047151e-16 1.103054264e-15 -5.5650880812e-15 -1.56662884e-17 -5.1490121289e-16 1.0178165708e-18 1.0316884291e-16 1.3747592353e-16 -8.4259132029e-19 
1.456224694e-16 1.2949818928e-16 -3.1693520982e-17 -1.0069196326e-07 -1.2904920887e-07 3.3203389043e-07 1.4561837597e-17 -1.1844106657e-16 -9.4881159634e-18 
3.0025635428e-18 4.641992705e-16 -3.1216102373e-17 -1.4024581024e-16 -6.3131687905e-16 -1.0117861197e-17 -4.1155132557e-17 -1.2583171606e-16 5.5555449405e-19 
-2.5602955793e-16 -3.5682964937e-16 -6.5829293937e-17 1.7745175302e-16 -6.1558680318e-17 -1.1379746435e-16 0.055803570683 0.036577716066 -0.083259644037 
-0.031022225228 0.042757273952 -0.052377603869 5.4609650741e-17 2.6501601972e-16 -1.3662524604e-17 4.4658015166e-16 -2.1282206245e-16 2.001933641e-16 
2.8548628994e-13 2.413225068e-12 1.8123077746e-12 -0.0020014884815 -0.0016466540638 -0.14371232576 -2.0979473482e-15 -5.7066046742e-17 -1.1313915162e-17 
7.2784190634e-07 1.8799097911e-06 1.353854902e-05 2.8960682621e-09 3.2756806893e-09 1.7977503372e-08 1.3225987435e-12 1.5350649419e-12 -6.0565389855e-13 
-2.9345830551e-12 -6.6072917962e-12 3.2799058279e-12 0.10951304262 0.0014574702871 -0.08548439456 0.011818555383 0.01114628622 -0.020772154996 
0.00036050456589 -0.00073376665454 8.8474553733e-05 0.00055852109673 -0.00084285148473 -0.00015762494777 -1.4352228391e-05 -1.4713584569e-06 9.4369643557e-05 
1.1877902229e-05 7.9926789265e-06 4.7839326143e-05 9.9508705448e-06 -3.7887057152e-06 1.1759090288e-05 7.849101316e-08 1.452399392e-07 3.6861684768e-07 
4.0869734697e-07 -1.4685100032e-07 -0.00021535808964 -0.00031009004511 0.00033239547371 -0.0003458042042 5.0814707271e-17 -3.7342441425e-17 8.1014803208e-18 
-2.6290857366e-16 -8.4849983751e-16 5.4827092534e-17 -5.4328293286e-16 -8.1624103485e-16 1.8691752269e-17 -8.4027175909e-17 -8.9925352796e-17 -4.4476072555e-18 
-2.3158188487e-17 2.1998408569e-16 2.3667191201e-17 1.5170561771e-16 -3.9914946367e-16 1.1204052377e-17 -6.0761459522e-16 1.2313640412e-16 8.4479280271e-17 
1.6280119363e-16 2.8412673611e-16 -1.8311317287e-17 1.2981602318e-13 -4.1468253457e-13 -4.193913256e-12 -1.5700737087e-13 3.5101802841e-13 -4.5100340734e-13 
0.057081686721 0.026619170827 -0.083432857333 0.0028221556558 0.049635418678 -0.13195193542 3.7406637083e-16 -2.7779811583e-16 1.4384308179e-17 
3.8516659305e-16 -2.199820291e-17 7.1403507068e-18 2.225921931e-13 1.2291376021e-12 -2.163907041e-12 -0.052389391223 -0.089139146715 -0.042296272277 
3.4354083641e-16 -3.2166334871e-16 -1.0133974604e-16 -6.959705012e-17 -2.0953007099e-16 6.8912433654e-17 -6.4026381453e-17 4.0539471608e-17 4.6112598551e-19 
1.0675343158e-07 9.4995162577e-08 -3.6459567071e-05 -1.4794956157e-16 1.6619538013e-16 -5.1860714325e-17 -1.6093352276e-17 5.9486051297e-17 -3.2202453174e-17 
-6.8973196151e-16 -3.6279040236e-16 1.8204205756e-16 1.6853456895e-07 4.8394610317e-08 -5.1406260543e-06 -1.5114521393e-16 -1.6462827638e-16 1.8403835333e-17 
5.2265942938e-07 1.2828030711e-07 1.3750906838e-06 -3.4381469935e-16 -2.8893416948e-16 4.9483797177e-18 -1.4201100804e-16 1.462728265e-16 -1.9936466423e-16 
7.6293951055e-17 4.8522373786e-16 -5.8545930032e-18 9.0022544807e-18 -2.324178713e-16 4.797440209e-17 3.1405704246e-16 5.2203375569e-16 -1.3860460669e-16 
1.9256350976e-16 -6.6427969456e-16 -5.079955338e-17 2.3856606314e-16 -1.1637984997e-15 -1.52189375e-17 5.4024057617e-14 -7.4959769505e-14 -1.2858942301e-13 
-0.016631287787 0.044946741909 -0.10244235237 -1.6426194868e-16 -3.0770347771e-16 -2.846882417e-17 6.4834468558e-07 3.0372262383e-06 -7.5263636524e-06 
4.5060011789e-16 9.1128596317e-17 -1.9239963452e-17 0.070370990588 0.092389178527 -0.059996832989 2.7411471915e-16 -1.4296331417e-16 -1.7457011105e-17 
-0.081501175921 0.060099172531 -0.032036769546 -8.9105168548e-16 3.4196631063e-16 2.1478687458e-20 0.016067994172 -0.070658906771 -0.088340051394 
-0.031962669819 -0.097958739185 -0.13736228791 4.546152079e-16 7.1854322807e-17 2.2109681983e-17 -3.9443686675e-16 -3.4778164668e-16 -1.8090580766e-18 
-1.474664817e-16 3.0667900086e-16 6.3354149974e-18 4.1319872883e-07 7.9612682797e-08 7.5277797134e-07 -2.2383205296e-06 -5.3792277882e-07 -1.2580692054e-06 
5.7776937963e-19 -1.6469022025e-17 2.9544683599e-18 -2.4481618644e-16 -9.2715464417e-17 8.3818392953e-18 -4.4371079382e-17 4.3761427056e-16 -5.511499018e-17 
2.7120880712e-16 6.4012720975e-17 9.1536882057e-17 -2.035385486e-16 -3.8802253448e-17 2.5105150208e-17 -1.6034910825e-17 1.5785042372e-17 -1.2958741239e-17 
1.665087535e-19 -2.7241726583e-16 1.0519405083e-16 3.7683390895e-16 -1.1667333037e-15 -1.1197964044e-16 4.9543965919e-16 -5.7293311526e-16 -3.8718558171e-17 
1.0566745522e-15 2.1747331868e-16 -2.0654665183e-17 1.2402431257e-15 3.9923826363e-16 1.5113686522e-17 5.6478622828e-16 3.526784135e-17 -1.2709106797e-16 
-3.2907695569e-16 2.2431113612e-16 5.7840756931e-17 -1.2709453824e-16 -2.4507281988e-17 -2.6262993825e-17 -2.1478618903e-16 -4.7503688235e-17 1.8673264536e-17 
2.8539295022e-16 2.9625388144e-16 3.8733936211e-16 -9.1412782469e-17 5.3684203024e-17 -1.9553141183e-17 -8.2111847051e-17 -8.6553656156e-16 -3.7412769734e-16 
3.5770983581e-16 4.9554397323e-17 2.4587908822e-17 -1.3130883206e-16 -2.4763150633e-16 5.6806475644e-17 -1.9089380066e-16 1.1569993005e-16 9.6172311944e-17 
-3.1084125498e-16 -2.8831842043e-16 3.4652097195e-17 9.1309142212e-17 3.1238185613e-16 -1.1664516633e-16 -7.7788820042e-12 8.1550672756e-12 3.1485614542e-12 
-1.6978599671e-08 -2.9670486392e-08 1.9112177683e-08 5.0153150978e-16 -1.9000598574e-16 8.7026289408e-17 5.533793917e-08 7.6242650915e-09 4.9360838357e-08 
-5.2677532186e-10 1.8712346927e-09 2.9395799612e-08 1.647852649e-13 2.1112694286e-13 -3.5981036028e-12 2.9448199346e-09 -5.8334818184e-10 -6.4438429852e-09 
-1.0649689914e-16 -1.1125357248e-16 3.5256568579e-17 -8.2431231664e-17 1.3642323151e-16 4.8391314003e-17 6.2433521918e-17 3.4722786649e-16 2.3502877824e-16 
1.049232633e-16 -2.7374968991e-16 4.5967453744e-17 4.5440161495e-17 7.137880708e-17 1.5286133094e-17 -3.2776242851e-16 3.1398745968e-16 2.1775609115e-16 
0.002794548587 -0.098970467484 -0.049620349931 0.035233599194 0.10236790496 -0.20747447503 -3.3370405622e-17 2.4051435864e-16 2.3336903074e-16 
1.5623380727e-16 -2.2616205189e-16 4.1243273689e-17 8.0137263299e-17 -3.292568392e-17 -7.2583883591e-18 7.1969529202e-17 1.3513150477e-16 1.3939228051e-16 
1.5742496318e-16 2.8831628547e-17 5.1448479192e-17 3.2889221384e-16 1.0999004918e-16 -3.9913880738e-16 0.054486160437 0.026797368037 -0.19072967867 
-0.036551341634 0.039542573668 -0.048139683389 2.0859490919e-18 2.4427893874e-16 -2.194996156e-17 -1.3833281002e-16 1.4697519815e-16 -6.876263882e-17 
-1.4162008955e-15 1.3465766007e-15 5.7459366121e-17 -9.1014683355e-17 -3.287499661e-17 -3.0197293507e-17 9.2686443409e-17 2.2391957897e-17 -3.0159654419e-16 
4.7381476845e-17 -3.4901576771e-16 -1.8911388495e-17 -1.8371425832e-16 7.1887682646e-17 1.8770995521e-17 -0.022440858462 0.045230233205 -0.25548382523 
-0.030547030291 0.0059601900319 -0.017957884208 0.0381904317 -0.064726203886 0.012753841711 0.15011583814 -0.024304292828 -0.07127565064 
0.082742339191 0.063470789449 -0.13096900708 -0.072211724114 0.061864662155 -0.094996880332 0.040487818055 -0.10439921936 0.0057048442993 
0 0 2.5354139803e-15 0.030328119643 0.0056355850008 -0.043755219195 0.0040748868516 0.010514457987 -0.017194511543 
0.038670903864 0.081140352914 -0.030468730185 0.005157536871 0.16545513053 -0.027049170735 0.024024276696 0.076656789825 -0.016297164492 
0.13062450739 -0.079011985688 -0.067712844076 -0.07109090949 -0.08245242551 -0.057126876553 0.0039580584136 -0.1161839658 -0.18853337474 
-0.052081238717 0.027437305988 -0.072874673444 -0.0078132230216 0.13543678716 -0.13689876592 -0.17035595656 0.08715205461 -0.045311874252 
-0.13866614245 -0.013330051911 -0.11411851794 -0.010064066062 -0.091407330528 -0.26393213903 -0.082149574464 0.15190076917 0.053822294216 
-0.01170558643 0.017108249565 -0.0076920679404 0.024455502595 0.030163456854 0.025315723929 -0.14289838587 -0.047816070394 -0.068892575754 
-0.029806379196 -0.075167096338 0.064411694187 -0.033288748746 0.15472364413 -0.26811838454 0.045293660108 -0.042077350406 -0.11889670309 
0.011514309428 0.12765197713 0.012363246853 -0.079936890288 0.15001866229 -0.028251758053 -0.0060748597342 -0.011848599629 -0.42407031548 
-0.063720035881 0.10299549169 0.039759476347 -0.010966991272 -0.11844834968 -0.080864529318 -0.10818971171 -0.077602843068 0.044370163972 
-0.0069698726787 -0.058574371518 -0.33719961993 -0.019138088985 -0.064529129093 -0.064108026408 0.060096863294 0.0074410888647 -0.088236603642 
-0.010932760348 0.098515002792 -0.080992577396 0.11173136542 0.056465588829 -0.26046835827 0.15018068779 0.0057795340337 -0.25022071095 
-0.016959712754 -0.11838057799 -0.052177612484 0.056314170252 0.058068795675 0.030826938912 6.5525210729e-15 2.5693922402e-14 1.7048786409e-14 
-1.8717038865e-14 -7.5352760745e-15 -6.7198437679e-15 7.4200160887e-15 1.2392579824e-14 1.729643282e-14 -9.6352195872e-15 3.2292380208e-14 5.2847814726e-14 
5.3101015493e-15 1.7688424289e-14 1.8614925774e-15 -1.3375106973e-14 3.1044072496e-14 2.9001831417e-14 5.5670169843e-15 1.9001503745e-14 5.4085071678e-14 
-5.8708907686e-14 5.4961480896e-14 6.8650512504e-15 1.6855056332e-14 5.6737171085e-15 5.1978635935e-14 -1.9767501224e-15 3.9473895908e-15 3.7804332412e-14 
6.2610390907e-14 -1.1799982775e-13 5.7010065395e-15 1.0485903872e-14 -4.8337060064e-14 1.1664254639e-14 -4.5431230321e-15 -1.2543106127e-16 -5.555043813e-14 
-3.6481067081e-15 7.5179552975e-15 4.7533701679e-14 7.7148942622e-15 1.0667718615e-14 -2.8286420194e-14 -2.0453424678e-14 7.8708107532e-15 3.7325273159e-14 
-3.8299544439e-14 2.5039087129e-14 -4.2460046975e-14 -3.4894013501e-14 9.8863861323e-15 -1.158507799e-14 8.4696226004e-15 6.6828005516e-15 -4.4036590754e-15 
5.6617907782e-15 -7.3060655243e-15 2.9638179768e-14 -1.7064705192e-14 -1.0367158058e-14 6.8509801962e-14 4.3895580716e-15 1.0538234259e-14 -3.084165086e-14 
3.48077654e-14 -9.2316470009e-15 -3.6563736727e-14 -1.3802934e-14 -4.0907394281e-15 -5.2327533315e-14 0.046377585921 0.0044278093635 -0.17852789158 
4.0671724429e-14 -1.7864757478e-14 7.8014837911e-14 -2.3590216638e-14 3.7607389098e-14 3.1258569245e-14 3.6806369225e-14 -3.237841094e-15 4.3780934444e-14 
5.5866633732e-14 -3.2071444561e-14 1.0181809935e-13 7.3604993662e-14 -2.4533063008e-14 -3.9429225201e-14 2.700680704e-14 1.0861038741e-14 3.5460286729e-14 
5.6410625592e-14 -1.7390006121e-14 -3.3589734835e-14 2.8056521173e-14 -4.0780272409e-14 5.4958353559e-14 2.9743095446e-14 -5.4123730166e-16 2.7775233769e-14 
5.5123368868e-14 -1.1395475238e-14 -3.1239706449e-14 -5.4124557536e-14 3.0250333106e-14 -1.8390341186e-13 8.260399397e-15 -2.9508265077e-14 4.6099061899e-14 
2.9520106638e-14 1.4618442206e-14 -1.0346416515e-13 -8.9890666043e-15 -6.3533872674e-15 -1.8865845696e-14 -2.7685653557e-14 -4.0935034971e-14 -1.0984936606e-13 
0.016453440511 -0.0072631039874 -0.37428576774 3.7015649605e-14 1.7228736214e-14 -8.4833701052e-14 -1.0547384012e-13 1.8643343507e-13 -1.440292308e-13 
-4.1016339497e-14 1.7018274727e-14 1.7315875626e-14 2.2993168315e-14 -1.6366112847e-14 -8.1340956038e-14 -1.5347930051e-13 2.0614707038e-14 -2.1649172834e-13 
-2.0182495135e-13 -4.4793742765e-14 -1.7870337966e-13 -1.2409159461e-13 4.1714352858e-15 4.1473241297e-14 1.1136922998e-14 -1.7443709713e-14 -1.6680020728e-13 
3.4454679626e-14 5.6628956026e-14 5.5069730716e-14 7.9089390947e-14 -4.7935816572e-14 -9.2948628164e-14 2.6464828283e-14 -1.8677927078e-14 -2.3331562627e-13 
1.3621697841e-14 -1.8802201751e-15 -1.0667232582e-14 2.9479884885e-15 -8.8479475299e-14 -4.3886112604e-14 3.5072803985e-14 7.8790669967e-14 -1.0875212099e-13 
-2.78558182e-14 4.3376812418e-15 3.7705025891e-14 -1.4319769702e-14 -1.4252900726e-14 -2.980343506e-14 4.9419055635e-14 1.128455925e-14 5.4845697436e-14 
-3.1782518651e-14 -3.0431922488e-14 -3.757276518e-14 1.1704124107e-13 -8.2970700988e-14 -4.9457455469e-14 6.8756792931e-14 -1.9549092215e-14 3.9619970747e-14 
1.1105950121e-13 -2.376980901e-14 -1.0935984549e-13 2.1437104234e-14 -3.2937371387e-14 -2.8186015745e-14 1.5975019757e-14 4.4684045794e-16 2.8728977215e-14 
6.1465977037e-14 -5.4392041752e-14 1.0606992805e-13 3.9970083328e-14 -5.8260973927e-14 -4.7730559935e-14 -0.086247620272 0.075693196634 -0.055253059191 
0.02479755211 -0.12874151846 -0.08960955777 -9.7803321517e-14 8.1153337842e-14 -1.5292001272e-13 7.1153714993e-14 1.0141257874e-14 1.3077921466e-13 
-6.0840951621e-14 -2.927490197e-14 -1.7188446112e-13 2.075268569e-14 1.3162452114e-13 -1.2879731746e-13 8.3134580705e-14 -5.8025554002e-14 -1.9631161273e-13 
-3.508640548e-15 1.1116797561e-14 -1.2991108915e-13 3.0904217763e-14 2.8973519432e-14 -1.4897731543e-13 5.6524671618e-14 2.1999787265e-14 1.3401314774e-13 
-2.8841255091e-14 7.7452446773e-15 -8.3642994564e-14 2.4809663872e-13 -2.1537489997e-13 -1.2688956162e-13 1.8758448986e-13 -1.397608403e-14 -2.8760893788e-14 
-1.9449060689e-14 -9.3922482987e-15 1.49367267e-14 -1.6525607538e-14 3.9280106818e-14 -1.2852876333e-13 1.3671626742e-14 1.2204540523e-14 8.2698369508e-15 
4.626625867e-14 3.2556783673e-15 -2.3345072096e-13 -1.3628329556e-13 4.4334527279e-15 -1.063323211e-13 -4.3710079267e-14 1.2955400585e-15 1.4263864164e-13 
-9.6146472941e-14 -3.7887621496e-14 1.8177698906e-13 8.2998003886e-15 -1.2347687905e-14 1.5144479449e-13 4.2507374244e-14 1.5473049501e-13 -1.3851714122e-13 
-3.1522795971e-14 6.6719717283e-15 2.0523146691e-13 -0.15133852471 -0.013067430132 -0.24032082873 0.040526121448 -0.15750253221 -0.23925641902 
0.020529430757 -0.14378573426 -0.053091522538 0.26051369438 -0.024390692655 0.12518408431 -0.047748184076 0.065776026181 0.067885894693 
0.074187750174 -0.11285428078 -0.035768158656 0.089788333543 0.17152955887 0.098476780305 -0.085486141618 0.087462472706 -0.027043217635 
-0.057776960918 -0.23546468551 0.089597179131 0.12219036517 -0.011534518221 -0.096032336481 -0.060364363518 -0.10618664875 -0.0074772546756 
0.010527963827 -0.055424416831 -0.028666764847 -0.10790897966 -0.052997078692 -0.075213977525 -0.060160475492 -0.032573295851 0.18571367918 
-0.008147618671 0.022172891357 -0.34658099175 -0.054043286395 0.1078161994 -0.0072980955461 -0.021662465674 -0.019597071696 -0.37500592152 
0.024491619128 -0.014267708445 -0.35180309456 
f 3 1888 double
0 0 -5.1365039886e-09 0 0 -5.1365039886e-09 0 0 -5.1365039886e-09 
0 0 -5.1365039886e-09 0 0 -5.1365039886e-09 0 0 -5.1365039886e-09 
0 0 -5.1365039886e-09 0 0 -5.1365039886e-09 0 0 -5.1365039886e-09 
0 0 -5.1365039886e-09 0 0 -5.1365039886e-09 0 0 -5.1365039886e-09 
0 0 -5.1365039886e-09 0 0 -5.1365039886e-09 0 0 -5.1365039886e-09 
0 0 -5.1365039886e-09 0 0 -5.1365039886e-09 0 0 -5.1365039886e-09 
0 0 -5.1365039886e-09 0 0 -5.1365039886e-09 0 0 -5.1365039886e-09 
0 0 -5.1365039886e-09 0 0 -5.1365039886e-09 0 0 -5.1365039886e-09 
0 0 -5.1365039886e-09 0 0 -5.1365039886e-09 0 0 -5.1365039886e-09 
0 0 -5.1365039886e-09 0 0 -5.1365039886e-09 0 0 -5.1365039886e-09 
0 0 -5.1365039886e-09 0 0 -5.1365039886e-09 0 0 -5.1365039886e-09 
0 0 -5.1365039886e-09 0 0 -5.1365039886e-09 0 0 -5.1365039886e-09 
0 0 -5.1365039886e-09 0 0 -5.1365039886e-09 0 0 -5.1365039886e-09 
0 0 -5.1365039886e-09 0 0 -5.1365039886e-09 0 0 -5.1365039886e-09 
0 0 -5.1365039886e-09 0 0 -5.1365039886e-09 0 0 -5.1365039886e-09 
0 0 -5.1365039886e-09 0 0 -5.1365039886e-09 0 0 -5.1365039886e-09 
0 0 -5.1365039886e-09 0 0 -5.1365039886e-09 0 0 -5.1365039886e-09 
0 0 -5.1365039886e-09 0 0 -5.1365039886e-09 0 0 -5.1365039886e-09 
0 0 -5.1365039886e-09 0 0 -5.1365039886e-09 0 0 -5.1365039886e-09 
0 0 -5.1365039886e-09 0 0 -5.1365039886e-09 0 0 -5.1365039886e-09 
0 0 -5.1365039886e-09 0 0 -5.1365039886e-09 0 0 -5.1365039886e-09 
0 0 -5.1365039886e-09 0 0 -5.1365039886e-09 0 0 -5.1365039886e-09 
-2.2022856629e-20 -2.7105054312e-20 0 -1.8679791736e-13 2.1575203104e-14 -4.180527723e-14 4.7634189514e-15 1.4274504159e-15 6.1151170933e-15 
-8.1315162936e-20 -9.4867690092e-20 0 4.7433845046e-20 -1.3552527156e-20 0 0 0 -5.1365039886e-09 
2.4394548881e-19 4.0657581468e-20 0 8.1315162936e-20 -2.3716922523e-20 0 2.168404345e-19 -2.7105054312e-20 0 
0 0 -5.1365039886e-09 0 0 -5.1365039886e-09 0 0 -5.1365039886e-09 
6.5052130349e-18 -1.1790698626e-18 2.5749801597e-19 7.9478427203e-10 1.5777408969e-09 1.2558504789e-09 0 0 -5.1365039886e-09 
0 0 -5.1365039886e-09 0 0 -5.1365039886e-09 -3.7269449679e-20 -2.7105054312e-20 0 
-1.8973538018e-19 1.0842021725e-19 4.0657581468e-20 1.0842021725e-19 1.8973538018e-19 -1.0842021725e-19 -6.776263578e-21 2.2869889576e-20 1.0842021725e-19 
8.1315162936e-20 1.4907779872e-19 3.388131789e-21 -2.400262891e-10 2.0124597231e-10 7.4452868503e-10 -2.6942423986e-17 4.4763997196e-17 -7.7367989402e-17 
1.3552527156e-20 0 1.1011428314e-20 -1.7455654977e-17 1.5612511284e-17 5.8613409401e-17 -3.388131789e-20 0 -2.7105054312e-20 
5.4210108624e-20 0 -3.388131789e-21 0 -8.1315162936e-20 6.776263578e-21 -7.2641545557e-18 1.0842021725e-17 4.3530717225e-17 
1.1519648083e-19 -6.776263578e-20 3.7269449679e-20 0 0 -5.1365039886e-09 -1.0842021725e-19 -2.168404345e-19 5.4210108624e-20 
1.0842021725e-19 0 -4.0657581468e-20 0 -4.7433845046e-20 -6.776263578e-21 -3.4289335694e-13 -1.6939912201e-12 6.1793913085e-14 
0 0 -5.1365039886e-09 0 0 -5.1365039886e-09 5.4210108624e-20 -4.0657581468e-20 0 
1.3552527156e-19 -2.7105054312e-20 6.776263578e-20 0 -1.3552527156e-20 -1.0164395367e-20 1.8295911661e-19 1.6940658945e-20 -1.6940658945e-21 
0 0 -5.1365039886e-09 0 4.4045713257e-20 -4.0657581468e-20 -2.7105054312e-20 -1.0164395367e-19 -2.0328790734e-20 
3.2187251996e-20 -5.9292306308e-21 3.5151867311e-20 -1.6263032587e-19 8.1315162936e-20 -4.7433845046e-20 -3.2797115718e-18 2.1141942363e-18 -1.4907779872e-18 
-6.776263578e-21 3.7947076037e-19 3.388131789e-21 2.0599841277e-18 4.4994390158e-18 -3.1983964088e-18 2.6704725139e-10 -1.5878935352e-10 1.3304972296e-10 
1.9287956649e-16 -1.2793585635e-16 -3.5998730852e-16 -5.4210108624e-20 0 -2.0328790734e-20 4.0657581468e-20 1.6263032587e-19 0 
0 0 0 3.8963515574e-20 3.388131789e-20 7.6232965253e-21 0 0 -5.1365039886e-09 
0 -4.1504614415e-20 1.0323214045e-21 0 0 7.4115382885e-22 5.3736187592e-13 8.245964675e-13 4.1498215994e-11 
0 -2.7105054312e-20 1.2705494209e-20 -1.5458641311e-13 5.0158425793e-13 1.5135714246e-12 0 1.0842021725e-19 9.105604183e-21 
0 0 -5.1365039886e-09 0 6.776263578e-21 0 -2.6905062379e-13 -3.038463578e-13 -7.6030054783e-13 
3.0955750116e-13 1.4878834384e-13 -2.6124814321e-12 0 0 -5.1365039886e-09 -2.7105054312e-20 1.6940658945e-20 1.3552527156e-20 
0 0 -5.9292306308e-21 0 0 0 -3.6964517818e-18 -9.4325589006e-18 -8.7074986978e-19 
1.3552527156e-19 -1.1519648083e-19 1.990527426e-20 2.7105054312e-20 0 1.5670109524e-20 8.3856261778e-20 -4.8704394467e-20 3.9492911166e-20 
1.3552527156e-20 5.4210108624e-20 3.388131789e-20 -7.0768586304e-16 5.3827927358e-16 -1.4097338748e-16 0 0 5.2939559203e-23 
1.328782936e-20 -8.9997250646e-22 -5.0729332607e-20 0 0 -3.0493186101e-20 5.4210108624e-20 0 -5.4210108624e-20 
-5.2234534948e-11 -5.0594505907e-11 4.5228292284e-11 -1.6940658945e-20 2.5410988418e-20 5.2939559203e-23 0 0 -5.1365039886e-09 
0 5.4210108624e-20 -4.5739779152e-20 -5.4210108624e-20 2.7105054312e-20 2.0328790734e-20 5.4210108624e-20 -2.7105054312e-20 -5.0821976835e-21 
2.7105054312e-20 2.7105054312e-20 1.0164395367e-20 0 5.4210108624e-20 1.1858461262e-20 0 5.4210108624e-20 -1.6940658945e-20 
5.4210108624e-20 0 1.3552527156e-20 0 0 -5.1365039886e-09 -1.0842021725e-19 2.7105054312e-20 5.4210108624e-20 
6.2757958552e-15 1.8373811587e-14 1.3325866052e-13 -3.4888595919e-14 -1.5852228384e-14 1.515606488e-13 -1.3552527156e-20 5.4210108624e-20 3.388131789e-21 
-1.3552527156e-20 -4.0657581468e-20 -1.2070219498e-20 -5.4210108624e-20 -1.0842021725e-19 -2.0328790734e-20 -2.7105054312e-20 2.7105054312e-20 1.6940658945e-20 
2.7105054312e-20 5.4210108624e-20 -5.1639893025e-19 4.689174396e-17 -1.5829351718e-17 -2.4943299176e-16 -1.0995660247e-11 -2.030815674e-12 -4.6710610817e-11 
-1.863472484e-20 2.5410988418e-21 2.9646153154e-21 -1.1002924104e-14 -7.5503839292e-15 -9.3020907122e-14 8.1315162936e-20 0 1.3552527156e-19 
-5.0931804347e-12 2.7646253071e-12 -1.4537299523e-10 1.0164395367e-20 2.0328790734e-20 -8.4703294725e-22 0 0 1.1858461262e-20 
0 0 -5.1365039886e-09 1.0333025863e-10 1.0867099646e-10 -1.0974198821e-10 -5.6712600523e-05 1.8611135075e-05 -9.1189369767e-07 
1.4619937205e-12 6.7378784843e-12 1.2029896741e-10 4.2351647363e-22 -1.2281977735e-20 -3.8116482626e-21 0 0 -5.1365039886e-09 
0 0 -5.1365039886e-09 4.7903612988e-11 -6.210405056e-11 -1.3984219586e-10 -3.3821949148e-11 1.1191269476e-10 6.2807039864e-10 
4.3368086899e-19 -9.7578195524e-19 1.975280833e-18 -1.0842021725e-19 1.0842021725e-19 2.7105054312e-20 0 -5.4210108624e-20 1.3526057376e-20 
3.7947076037e-19 -2.168404345e-19 1.47722546e-18 5.4823906204e-12 -2.870718824e-12 -1.530743395e-10 -5.4210108624e-20 2.7105054312e-20 4.0657581468e-20 
4.0657581468e-20 2.7105054312e-20 -3.9175273811e-21 0 0 7.6232965253e-21 -2.1675073303e-12 -2.5054109178e-12 -1.4957247192e-11 
3.388131789e-21 0 -1.9058241313e-21 5.4210108624e-20 1.0842021725e-19 1.863472484e-20 -1.0842021725e-19 -1.0842021725e-19 -2.7105054312e-20 
2.0863244617e-11 -1.8751152324e-11 -3.8528032627e-09 1.7956534697e-13 -1.7975345604e-13 3.3250841452e-13 1.0842021725e-19 0 3.2822526706e-21 
0 0 0 -2.7105054312e-20 0 -1.6940658945e-21 -2.7105054312e-20 0 -3.388131789e-21 
-3.091774883e-13 -3.0980632556e-13 1.1440921452e-13 -5.4210108624e-20 -2.168404345e-19 2.3716922523e-20 2.7105054312e-20 0 -4.6586812099e-21 
-1.4196395524e-13 -1.9856037929e-13 -1.9746543335e-13 2.4373820833e-11 2.7443576545e-11 -2.2525001082e-10 0 0 -5.1365039886e-09 
4.6066409639e-11 8.3287563613e-11 3.5943439938e-10 -2.7781687541e-11 -4.7312559008e-11 2.9312565508e-10 0 0 -5.1365039886e-09 
0 0 -5.1365039886e-09 0 0 -5.1365039886e-09 -4.7433845046e-20 -4.0657581468e-20 1.3552527156e-20 
3.388131789e-21 -2.7105054312e-20 1.1858461262e-20 3.035766083e-18 -5.4210108624e-19 1.1655173354e-18 0 0 -5.1365039886e-09 
0 0 -5.1365039886e-09 -4.0657581468e-20 -6.776263578e-21 1.3552527156e-20 1.0842021725e-19 8.1315162936e-20 2.7105054312e-20 
9.1201154159e-12 9.5865137118e-12 4.2164920833e-11 -3.5496892806e-11 -2.3318574665e-11 1.2967797095e-11 -5.4210108624e-20 0 -4.2351647363e-22 
2.0328790734e-20 1.0842021725e-19 -1.3552527156e-20 2.168404345e-19 -4.9127910941e-20 -3.388131789e-20 -8.8616673678e-13 5.3319523276e-13 -2.6103735326e-10 
0 -1.3552527156e-20 1.1858461262e-20 -2.3716922523e-20 -5.4210108624e-20 -2.5410988418e-21 -7.5894152074e-18 5.5836411883e-18 1.6509095658e-17 
-5.343833015e-13 -6.2041973121e-13 4.6827229187e-13 0 0 -3.388131789e-21 7.9683818138e-14 -8.8323960775e-14 1.863636822e-11 
0 0 -5.1365039886e-09 -2.4792234238e-13 -3.2407876296e-13 7.1620917611e-13 6.814183549e-14 6.307630877e-13 1.0139664577e-10 
1.1533374082e-13 2.1709487642e-12 -2.9658610591e-11 -8.1315162936e-20 -4.0657581468e-20 6.776263578e-21 0 5.4210108624e-20 -6.776263578e-21 
1.6940658945e-21 2.3716922523e-20 -2.1175823681e-22 -1.6263032587e-19 0 -6.776263578e-21 0 0 -5.1365039886e-09 
-1.0842021725e-19 1.3552527156e-20 1.3552527156e-20 -2.7105054312e-20 -1.3552527156e-20 -5.2939559203e-23 2.5874964443e-11 1.1931209493e-11 -3.4773500714e-11 
5.3398407386e-12 3.4899195079e-12 6.9243282042e-10 2.7105054312e-20 0 -1.3552527156e-20 5.4210108624e-20 0 -5.0821976835e-21 
-1.3552527156e-20 0 1.0164395367e-20 0 0 -2.7105054312e-20 -1.3552527156e-19 1.3552527156e-19 -1.3552527156e-20 
-6.776263578e-21 2.0328790734e-19 2.3716922523e-20 3.388131789e-20 -1.0842021725e-19 3.6422416732e-20 0 1.0842021725e-19 5.4210108624e-20 
2.7105054312e-20 1.0842021725e-19 6.7233240188e-21 5.4210108624e-20 -5.4210108624e-20 -2.7105054312e-20 -3.388131789e-20 3.388131789e-20 3.388131789e-21 
0 0 -5.1365039886e-09 1.8247122563e-16 1.6360610783e-16 -9.4705059767e-17 1.8361289052e-13 3.4218786658e-13 2.320915236e-13 
-9.8680887529e-09 1.8353534884e-08 4.3370172984e-07 -6.776263578e-21 -2.7105054312e-20 -1.397604363e-20 -1.0842021725e-19 -3.388131789e-20 -1.3552527156e-20 
-7.0616255898e-15 -2.2591358038e-14 2.6909230521e-12 -9.4867690092e-20 5.4210108624e-20 3.388131789e-20 8.5651971626e-18 1.7455654977e-17 -1.0019552733e-17 
0 0 -5.1365039886e-09 0 0 -5.1365039886e-09 1.0842021725e-19 1.6263032587e-19 -3.0493186101e-20 
4.0657581468e-20 4.0657581468e-20 6.4374503991e-20 -1.19022205e-11 -3.0662748545e-14 1.1098319615e-10 -5.4210108624e-19 7.2641545557e-18 6.3926000046e-17 
-9.8635985108e-12 -2.6314546787e-11 -7.2713128881e-11 0 0 -5.1365039886e-09 2.7105054312e-20 2.7105054312e-20 2.3716922523e-20 
0 0 -6.776263578e-21 0 1.0842021725e-19 -2.3716922523e-20 -7.3166180146e-13 1.0070254092e-13 7.5803615475e-14 
4.0844209932e-13 -1.8812280902e-13 -9.2151816859e-13 6.776263578e-21 4.0657581468e-20 -8.4703294725e-22 -5.4210108624e-20 -5.4210108624e-20 0 
-1.9700001298e-08 -1.3687904546e-08 -1.0676436682e-08 2.7105054312e-20 -2.7105054312e-20 3.7269449679e-20 0 1.3552527156e-20 8.4703294725e-22 
0 -5.4210108624e-20 6.776263578e-21 0 0 -5.1365039886e-09 1.3585053221e-16 1.7715863498e-16 -1.6551023789e-17 
-6.7453746581e-14 -5.5363320265e-14 7.2492169602e-14 -3.8272336689e-17 -7.2641545557e-17 1.0550642391e-17 -1.0842021725e-19 -2.0328790734e-20 -2.0328790734e-20 
0 0 -5.1365039886e-09 0 0 -5.1365039886e-09 4.0969506433e-14 1.7104110554e-13 1.0190705566e-13 
-6.6872370271e-15 -1.062414791e-13 1.1748060131e-13 0 0 2.0328790734e-20 0 -5.4210108624e-20 -1.0164395367e-20 
-5.4210108624e-20 5.4210108624e-20 1.4138303379e-17 -2.168404345e-19 2.7105054312e-20 -2.3716922523e-20 0 -3.7269449679e-20 1.0587911841e-21 
0 0 -1.9852334701e-23 -8.163739243e-12 -5.3132617663e-12 7.7777981934e-10 -1.3552527156e-20 -1.0842021725e-19 -5.5057141572e-21 
-1.3552527156e-20 0 -2.7105054312e-20 -5.4210108624e-20 0 -1.0164395367e-20 9.3279503316e-20 5.4210108624e-20 1.2705494209e-20 
8.1315162936e-20 1.0842021725e-19 2.7105054312e-20 -2.0861914301e-11 3.3160618316e-10 8.9893377657e-10 7.0804276396e-11 -3.5084030695e-10 -2.8733581313e-09 
-4.0657581468e-20 -5.4210108624e-20 -2.0328790734e-20 1.2601143815e-13 1.2003603406e-13 -1.1889004401e-12 1.3552527156e-20 0 -4.0657581468e-20 
0 0 1.0842021725e-19 -1.6940658945e-21 -3.388131789e-21 7.9409338805e-23 4.185627539e-13 4.1241641179e-14 4.4629918858e-12 
-1.8756697584e-17 -2.8785567679e-17 1.5187131338e-16 -2.6587380301e-13 -3.1171210226e-13 -1.992251541e-13 0 0 -5.1365039886e-09 
0 0 -5.1365039886e-09 -4.8518047219e-18 -1.8431436932e-18 -1.5991982044e-18 0 2.7105054312e-20 2.7105054312e-20 
0 0 -5.0821976835e-21 -1.0842021725e-19 -5.4210108624e-20 -1.5881867761e-22 0 0 -5.1365039886e-09 
0 0 -5.1365039886e-09 0 0 -5.1365039886e-09 9.1896176541e-14 -1.6185639187e-13 -1.0405213441e-12 
1.3987162123e-13 -2.6438833761e-13 5.7138714875e-14 0 5.4210108624e-20 3.0493186101e-20 -1.2249858246e-15 -8.1163374632e-16 5.6868436565e-13 
-3.3771287673e-11 5.2963265284e-12 -1.3869498265e-10 2.7105054312e-20 0 1.3891340335e-19 6.7364101317e-11 -1.1199368689e-11 -4.7617570787e-12 
6.0986372202e-20 -5.4210108624e-20 -2.3716922523e-20 2.7105054312e-20 -1.0842021725e-19 3.388131789e-21 -1.3552527156e-20 5.4210108624e-20 -2.0328790734e-20 
1.4992562216e-10 2.2974580138e-12 -5.0062721286e-11 -3.2187513418e-10 5.9917305601e-11 -6.7243970553e-11 -1.3552527156e-20 0 2.1175823681e-22 
0 0 1.6940658945e-21 -2.0328790734e-20 0 -3.388131789e-21 4.0657581468e-20 6.776263578e-21 -1.6940658945e-21 
-3.388131789e-20 -1.6940658945e-20 -1.3552527156e-20 7.7398284884e-11 -3.9747784843e-11 -1.4790431124e-09 -8.1315162936e-20 -1.3552527156e-20 -1.0587911841e-22 
0 0 -5.1365039886e-09 -2.7105054312e-20 1.3552527156e-20 -4.2351647363e-21 0 5.4210108624e-20 1.0164395367e-20 
-5.9292306308e-21 -2.5410988418e-21 2.8421925847e-21 1.8973538018e-19 -3.388131789e-20 0 -1.0842021725e-19 8.1315162936e-20 2.0328790734e-20 
5.4210108624e-20 1.3552527156e-20 -6.5645053412e-21 -5.4210108624e-20 1.3552527156e-20 0 -1.1926223897e-18 1.3552527156e-19 -3.1509625638e-19 
-1.0842021725e-19 -5.4210108624e-20 1.6940658945e-20 0 0 -5.1365039886e-09 2.7531963851e-10 -4.3255462176e-10 4.8929863455e-10 
0 -2.0328790734e-20 2.3822801642e-22 0 0 4.8704394467e-21 1.8533158129e-11 7.6885413726e-12 1.3036464575e-10 
-5.4978781944e-12 1.6062464943e-12 1.3883476671e-09 1.2112571146e-19 -9.1638376981e-20 1.4823076577e-20 0 0 -1.4823076577e-21 
-2.7105054312e-20 -1.0842021725e-19 0 1.2319247185e-17 1.3335686722e-17 -5.2293431883e-17 4.4858864887e-18 -4.1877308912e-18 4.8553199086e-17 
2.5848614427e-11 2.828275293e-11 1.0975769982e-10 1.0842021725e-19 5.4210108624e-20 -2.3716922523e-20 -1.3552527156e-20 -4.4045713257e-20 1.0587911841e-22 
0 0 -5.1365039886e-09 0 -2.7105054312e-20 -1.6940658945e-21 -2.7105054312e-20 8.1315162936e-20 1.863472484e-20 
0 -4.0657581468e-20 3.388131789e-21 0 0 -5.1365039886e-09 0 -5.4210108624e-20 2.0196441836e-20 
5.4210108624e-20 0 -2.1175823681e-21 0 5.4210108624e-20 0 -4.0657581468e-20 2.7105054312e-20 -1.0164395367e-20 
-1.3552527156e-20 -4.0657581468e-20 -6.776263578e-21 0 0 -9.3173624198e-21 2.7105054312e-20 0 2.1175823681e-22 
4.373880598e-12 1.798974923e-12 1.986614265e-09 -2.1371387326e-11 -1.1525481416e-11 7.9528775675e-11 -1.0169092916e-09 2.4733864414e-10 1.3523043668e-09 
2.3736468258e-10 -7.3357005529e-11 1.6613552857e-10 -5.4210108624e-20 0 2.0328790734e-20 0 1.0842021725e-19 1.3552527156e-20 
-1.688695299e-12 7.9547794133e-13 7.3456010765e-13 2.7105054312e-20 -2.7105054312e-20 -2.7105054312e-20 4.6420478138e-12 -2.3178158611e-12 -4.8133121905e-13 
-6.5883916703e-16 1.8058742435e-17 4.9820427873e-14 -1.5233040523e-17 -1.3769367591e-17 -2.5462128032e-17 0 -1.0842021725e-19 6.776263578e-20 
-2.7105054312e-20 5.4210108624e-20 -7.1468404925e-21 8.639736062e-20 -2.0964065445e-20 -1.1434944788e-20 -5.2092526256e-20 8.8938459462e-21 5.717472394e-21 
0 2.7105054312e-20 2.2022856629e-20 -3.1726466072e-16 -4.4582393333e-16 -1.2939004252e-15 8.342181221e-12 -4.6669026404e-12 -1.3190373715e-10 
1.0842021725e-19 -4.0657581468e-20 -1.5246593051e-20 0 0 -5.1365039886e-09 0 0 -5.1365039886e-09 
0 0 -5.1365039886e-09 -1.8830125176e-12 -2.1989477256e-11 -3.9456894001e-11 0 1.0842021725e-19 5.2939559203e-23 
-5.7581485153e-12 -9.9967739165e-13 -1.5456028125e-10 0 0 -5.1365039886e-09 -5.4210108624e-20 8.1315162936e-20 -1.6940658945e-21 
-5.4210108624e-20 -5.4210108624e-20 2.7105054312e-20 0 5.4210108624e-20 -1.2705494209e-21 1.4745149546e-17 9.3241386834e-18 2.1210552032e-17 
-2.7105054312e-20 2.7105054312e-20 6.776263578e-21 5.9827275848e-10 5.0346697839e-11 1.4274089165e-09 -5.4210108624e-20 0 -1.5881867761e-20 
-1.2006564091e-12 5.2513714406e-13 -5.2007949017e-12 1.3552527156e-20 6.776263578e-20 1.6940658945e-21 -1.3552527156e-20 0 6.776263578e-21 
6.776263578e-21 0 -8.4703294725e-22 1.0842021725e-19 1.0842021725e-19 -1.3552527156e-20 -5.4210108624e-20 1.0842021725e-19 -4.2351647363e-22 
-6.776263578e-20 1.3552527156e-20 7.3056591701e-21 0 0 -5.1365039886e-09 0 0 -5.1365039886e-09 
0 0 -5.1365039886e-09 0 0 -1.6940658945e-21 -5.4210108624e-20 0 2.0328790734e-20 
0 5.4210108624e-20 -2.0328790734e-20 8.8125437801e-12 -4.6002227052e-11 -3.1689389476e-10 -1.1193556932e-11 -1.5498447794e-12 -5.9932860955e-11 
0 0 -5.1365039886e-09 0 0 -5.1365039886e-09 1.0842021725e-19 0 1.3552527156e-20 
-1.3552527156e-20 6.776263578e-21 1.0164395367e-20 6.79220135e-15 3.7076461692e-15 -5.6566805176e-12 0 0 -5.1365039886e-09 
0 0 -5.1365039886e-09 -1.1926223897e-18 1.8973538018e-18 2.9680034472e-18 -1.0842021725e-19 -6.0986372202e-20 0 
-5.4210108624e-20 -1.3552527156e-19 1.3552527156e-20 -2.3242584073e-18 -4.0657581468e-19 -5.869514808e-18 -1.0130514049e-18 1.1926223897e-18 -8.599501997e-19 
1.0842021725e-19 5.4210108624e-19 -3.5730284935e-17 5.4210108624e-20 -1.0842021725e-19 -1.6940658945e-20 -2.7105054312e-20 2.7105054312e-20 0 
4.7433845046e-20 -5.4210108624e-20 -2.0117032497e-21 5.4210108624e-20 0 0 1.1519648083e-19 5.4210108624e-20 -1.6940658945e-21 
-2.4356142729e-10 8.3179269402e-10 2.519210683e-10 1.195267843e-14 1.1945089015e-14 -1.245050341e-14 5.4210108624e-20 1.0842021725e-19 3.8116482626e-21 
-1.6940658945e-21 -1.1434944788e-20 0 -8.1315162936e-20 2.7105054312e-20 -8.8938459462e-21 0 0 -5.1365039886e-09 
-5.4210108624e-20 2.7105054312e-20 4.9974943888e-20 0 0 -9.5291206566e-22 -7.196467814e-13 -2.1215685052e-12 1.3676288737e-09 
-7.5958202402e-12 6.779245073e-11 -1.5932710333e-10 0 0 -5.1365039886e-09 0 0 -5.1365039886e-09 
-5.4210108624e-20 -5.4210108624e-20 -1.4399560103e-20 0 -5.4210108624e-20 1.6940658945e-21 -8.6736173799e-18 1.7008421581e-17 2.9439053598e-16 
8.1315162936e-20 6.0986372202e-20 -8.4703294725e-21 5.4210108624e-20 5.4210108624e-20 1.6940658945e-21 -7.8604657505e-19 2.3310346708e-18 1.08593859e-17 
2.7772951054e-07 -1.9629027021e-07 1.3373624536e-07 -1.0164395367e-20 0 0 6.776263578e-20 3.0493186101e-20 2.2022856629e-20 
0 0 -3.388131789e-20 -2.0779948942e-13 2.0741134504e-13 6.1598072461e-13 -1.9651164376e-19 1.1872013789e-17 3.8751757337e-20 
-2.3039296165e-19 2.168404345e-19 1.1753852693e-17 -4.6502992429e-13 -7.5910556053e-13 1.8868159802e-09 -1.0164395367e-20 -4.2351647363e-21 -1.8952362195e-20 
7.3290451399e-13 -8.6575999191e-13 -8.5297266267e-13 -1.2206905408e-12 1.4236281967e-12 9.2497573571e-11 0 0 -5.1365039886e-09 
-1.7618285303e-18 2.0447375347e-18 -2.1137707199e-18 0 -2.7105054312e-20 3.388131789e-21 -5.5234278522e-13 1.0269181474e-13 -8.9428982764e-13 
-1.0833258661e-13 5.4338577095e-13 -2.2239239677e-12 0 0 1.6543612251e-24 0 -5.4210108624e-20 -1.3552527156e-20 
1.0326483592e-15 1.0988660069e-15 2.0068649975e-15 -3.3697003521e-16 -8.4513559345e-16 -1.176395356e-15 -5.4210108624e-20 -5.4210108624e-20 -3.388131789e-21 
0 5.4210108624e-20 -6.776263578e-21 -1.6940658945e-20 -1.3552527156e-20 -4.2351647363e-22 -2.7105054312e-20 0 -5.0821976835e-21 
-5.4210108624e-20 0 0 -5.4210108624e-20 0 8.4703294725e-21 3.4948843244e-11 -2.1509225499e-11 -2.8574835651e-10 
-6.0783084295e-16 2.2936296959e-16 2.4126503952e-13 1.3962688969e-13 -1.2065565561e-13 -2.4536724563e-12 6.8805183041e-12 1.1670257317e-12 -6.1874791222e-11 
5.4210108624e-20 0 2.1175823681e-22 2.8683652675e-15 -4.0971830692e-15 -4.7588079582e-14 -2.1002081638e-13 3.1772298517e-13 1.2978504752e-12 
-1.6490172942e-15 3.6468766375e-15 -1.6203717242e-13 1.5117366994e-13 -9.8288347947e-14 1.2281143916e-13 0 0 -5.1365039886e-09 
0 5.4210108624e-20 2.2022856629e-20 1.0842021725e-19 0 -1.6940658945e-21 -2.9333447563e-13 -5.8182741936e-13 2.0593777233e-12 
5.4210108624e-20 -5.4210108624e-20 0 0 0 -5.1365039886e-09 0 -2.7105054312e-20 -1.3552527156e-20 
1.2590839829e-15 1.3798098948e-15 7.9384474153e-15 0 0 -5.1365039886e-09 3.6863090234e-07 -2.1623831614e-06 1.2636700826e-06 
1.0842021725e-19 -2.7105054312e-20 2.2022856629e-20 -9.4867690092e-20 3.1509625638e-19 3.0493186101e-20 -2.3197589682e-15 -2.3327693943e-15 -5.6757416218e-15 
-2.9229038406e-11 -2.6829935192e-11 -1.2189455445e-11 -1.6958634875e-11 1.6467061682e-12 1.5753617819e-11 3.388131789e-19 3.2526065175e-19 -6.6068569886e-20 
-1.9651164376e-19 1.0842021725e-19 3.6210658495e-19 -2.7105054312e-19 -2.168404345e-19 3.388131789e-20 5.3101647428e-13 -4.0552592751e-13 -4.6977523664e-13 
2.7105054312e-20 -2.7105054312e-20 -2.0646428089e-21 -4.0651672566e-13 3.2103578693e-13 -6.5352952893e-13 -2.7105054312e-20 0 0 
0 0 2.1175823681e-22 -3.7269449679e-20 0 -8.4703294725e-22 -2.7105054312e-20 0 -5.9292306308e-21 
-1.0842021725e-19 5.4210108624e-20 7.9409338805e-23 -5.4210108624e-20 0 -1.0164395367e-20 0 5.4210108624e-20 -1.863472484e-20 
-5.4210108624e-20 -8.8091426514e-20 2.0328790734e-20 1.3939240387e-13 2.9203031933e-13 -1.7272381603e-12 4.3849190771e-13 -2.9412349292e-12 -6.0561850779e-10 
0 0 -5.1365039886e-09 0 0 -5.1365039886e-09 2.2894212322e-06 3.7304697501e-06 -4.1474206743e-06 
1.0842021725e-19 0 0 -1.6517142471e-20 8.4703294725e-21 4.4469229731e-21 3.9031278209e-18 1.1980434006e-17 3.4317276801e-14 
-5.0957502107e-17 -1.0402919845e-16 -1.354068778e-14 0 0 -5.1365039886e-09 0 0 -5.1365039886e-09 
0 0 2.0328790734e-20 -9.4867690092e-20 2.7105054312e-20 1.6093625998e-20 8.1315162936e-19 -1.1384122811e-18 4.7433845046e-20 
1.3552527156e-20 -1.3552527156e-20 2.9116757562e-22 2.0600390534e-11 1.7507587611e-11 3.3455545301e-12 -1.9221370101e-11 -1.4311019817e-11 4.0301429544e-11 
2.7105054312e-20 -1.6263032587e-19 -1.6093625998e-19 2.0328790734e-20 5.4210108624e-20 -2.5410988418e-21 -4.0657581468e-20 1.0842021725e-19 -1.397604363e-20 
0 0 4.2351647363e-22 -1.3552527156e-20 0 -2.594038401e-21 -5.0245825025e-16 -6.052253696e-16 4.3205168979e-15 
0 1.0842021725e-19 0 2.7105054312e-20 -1.3552527156e-20 1.0587911841e-22 0 -5.4210108624e-20 1.4823076577e-20 
0 -5.4210108624e-20 -4.0657581468e-20 0 0 -5.1365039886e-09 0 0 -5.1365039886e-09 
0 0 2.3716922523e-20 0 -2.7105054312e-20 1.5881867761e-22 2.7798046953e-10 -2.0426426872e-10 1.2557237018e-09 
-4.1114258005e-10 3.1424919338e-10 2.5216063087e-09 0 0 -5.1365039886e-09 -2.2894212322e-06 -3.7304697501e-06 4.1371476663e-06 
0 0 -5.1365039886e-09 -5.4210108624e-20 0 -2.2234614865e-21 8.8091426514e-20 -5.7598240413e-20 7.7927031147e-20 
0 0 -7.0939009333e-21 0 0 -5.1365039886e-09 5.4210108624e-20 5.4210108624e-20 9.3173624198e-21 
-5.4210108624e-20 4.0657581468e-20 -9.4867690092e-20 -1.3552527156e-20 -5.4210108624e-20 -7.6232965253e-21 5.4210108624e-20 0 -1.0587911841e-21 
-1.6940658945e-21 0 1.6940658945e-21 -2.7105054312e-20 -1.0842021725e-19 -8.4703294725e-21 -1.8973538018e-19 0 -6.776263578e-21 
-5.4210108624e-20 0 1.5246593051e-20 -1.0024469928e-07 -2.5759024356e-08 -9.1661186319e-09 -1.6660091489e-10 -1.292497109e-09 2.4226681113e-08 
1.9081639405e-08 9.2603919818e-09 2.8806034578e-08 7.5061268146e-09 -8.647957737e-09 4.2849117676e-09 -2.1206587071e-13 8.6173147611e-14 -2.2965979704e-13 
4.1034070673e-15 2.1171215822e-15 2.5400214159e-15 -1.2612523873e-15 -1.1595542235e-15 -2.599747403e-15 0 -2.7105054312e-20 -1.6940658945e-20 
1.0842021725e-19 -5.4210108624e-20 -5.5586537164e-22 0 -1.3552527156e-20 -1.2070219498e-20 0 0 -5.1365039886e-09 
0 0 -5.1365039886e-09 2.4086093363e-15 2.6299763149e-15 -2.027830757e-15 -2.3004601696e-15 -4.5731647635e-15 -3.9428536662e-15 
-5.4210108624e-20 -5.4210108624e-20 -3.388131789e-21 0 2.5410988418e-20 -3.3087224502e-23 0 0 -5.1365039886e-09 
0 0 -5.1365039886e-09 -4.4045713257e-20 -6.776263578e-21 -1.3552527156e-20 0 2.7105054312e-20 -1.6940658945e-21 
0 0 5.9292306308e-21 4.0657581468e-20 6.776263578e-20 -1.4823076577e-21 0 0 -5.1365039886e-09 
0 0 -5.1365039886e-09 0 0 -5.1365039886e-09 -7.4538899358e-20 -6.0986372202e-20 3.388131789e-20 
5.4210108624e-20 -1.4399560103e-19 2.0328790734e-20 6.776263578e-21 1.3552527156e-19 -3.1763735522e-22 7.3983896266e-14 5.2854584858e-14 -8.2846163977e-14 
0 1.3552527156e-20 -2.1175823681e-22 9.8289860761e-11 -7.2276713911e-11 -2.6006563591e-10 -0.00028433329136 -0.00094825783899 -0.00020363443996 
-1.3729587686e-09 1.4157748555e-09 -4.8492840919e-09 -5.2900999773e-10 1.2937011279e-09 3.3278931235e-09 8.8466831517e-16 1.2153906354e-16 -3.9758159533e-16 
8.3218954189e-16 2.4570223514e-16 3.3389045635e-15 -8.6988250804e-16 2.6248534596e-16 3.8699546226e-15 8.0729693763e-16 8.6256414338e-16 5.0674330522e-15 
0 1.0842021725e-19 0 0 0 -5.1365039886e-09 0 0 -5.1365039886e-09 
3.1942764406e-15 7.0108849282e-15 5.7514134277e-15 0 -2.7105054312e-20 0 -1.6263032587e-19 6.0308745845e-19 8.2548257619e-18 
0 0 -5.1365039886e-09 0 1.6940658945e-21 -2.0679515314e-24 5.3599607933e-14 2.1482652896e-15 -1.9109580615e-12 
2.168404345e-19 1.4907779872e-18 -8.3486711891e-16 -5.2429957077e-14 2.0503997805e-14 -3.9494503053e-13 6.0986372202e-20 3.388131789e-20 1.2705494209e-21 
0 4.0657581468e-20 -2.7105054312e-20 1.9411035279e-13 1.7932861142e-13 1.267269811e-13 -3.0477635931e-13 -1.2642447852e-13 1.4641260336e-12 
-8.3550733606e-14 -8.5570846199e-14 -2.2305875557e-13 3.6006774277e-14 -3.5838953333e-14 6.3733134032e-14 -9.5192679694e-15 3.0035652784e-15 5.3696129032e-14 
2.1044990972e-14 3.0331314717e-14 -2.0185815172e-13 0 0 0 -1.0164395367e-19 1.1858461262e-20 0 
9.7408788934e-21 4.6772100556e-20 -2.991085095e-21 -1.8350121769e-17 -7.5785731857e-16 -6.4090426081e-15 6.776263578e-21 3.388131789e-21 2.4484546132e-21 
-7.2763518301e-16 -1.6637082337e-16 -1.996335531e-15 1.734723476e-18 -4.8246996676e-18 -6.5645053412e-19 1.0164395367e-20 5.4210108624e-20 4.2351647363e-21 
6.9388939039e-18 -1.2522535092e-17 3.0130073665e-17 0 0 -5.1365039886e-09 0 0 -5.1365039886e-09 
5.905291655e-07 4.5310553994e-06 2.2321660326e-06 2.7105054312e-19 -2.168404345e-19 -3.5236570606e-19 5.4210108624e-20 0 -1.0164395367e-20 
1.6263032587e-19 0 1.6940658945e-21 0 0 -5.1365039886e-09 0 0 -5.1365039886e-09 
5.4210108624e-20 -1.3552527156e-20 -5.3998350387e-21 0 -1.3552527156e-20 -1.9058241313e-21 -1.3552527156e-20 2.8799120207e-20 5.0821976835e-21 
0 0 -5.1365039886e-09 0 0 -5.1365039886e-09 3.7472737587e-18 1.028297998e-18 -1.0943665679e-18 
1.0842021725e-19 0 -5.4210108624e-20 2.6396528192e-15 -4.314365705e-15 -1.2583914488e-14 9.0798381184e-14 -1.6329480628e-14 2.7018012402e-13 
-2.4188124919e-13 -8.048368829e-14 1.5441768127e-12 -7.9621097042e-20 0 1.5246593051e-20 -4.1015194713e-13 1.7199533898e-13 2.0191631062e-12 
1.0842021725e-19 1.9515639105e-17 -3.1305278939e-17 2.6767320753e-07 1.3617094809e-08 1.168988866e-07 0 0 -4.2351647363e-21 
0 0 0 4.0657581468e-20 -6.776263578e-20 1.3129010682e-20 5.4210108624e-20 5.4210108624e-20 2.7105054312e-20 
0 0 -1.6940658945e-20 -6.776263578e-21 0 -3.123433993e-21 -3.469446952e-18 9.7578195524e-18 -1.2355351964e-17 
1.219727444e-19 5.4210108624e-20 -7.6232965253e-21 6.776263578e-21 2.0328790734e-20 1.1434944788e-20 6.9215651006e-12 -2.3843784409e-11 -1.507606128e-10 
0 0 -5.1365039886e-09 0 0 -5.1365039886e-09 0 0 -5.1365039886e-09 
-1.0842848971e-12 -1.0698754931e-10 -1.8009552681e-11 5.4210108624e-20 -2.168404345e-19 0 1.0842021725e-19 0 -1.6940658945e-21 
0 1.0842021725e-19 0 0 0 -5.1365039886e-09 0 0 -5.1365039886e-09 
1.0842021725e-19 -2.5072175239e-19 6.776263578e-20 -5.4210108624e-20 -2.0328790734e-20 2.7105054312e-20 -1.0503386762e-13 8.4482795109e-15 -3.3677295351e-13 
-5.4403096611e-14 -2.1908934085e-14 9.7806272697e-14 -1.2470708195e-13 9.1241792767e-14 -1.696937675e-13 1.8558813069e-13 -2.6244956729e-14 4.4084043531e-13 
3.7123703092e-13 3.5940217816e-15 -3.7440171626e-13 7.3951993617e-13 -3.440820762e-13 -6.7068385893e-13 1.043544591e-17 -1.1492543028e-17 -6.206633921e-18 
1.1411227865e-17 7.643625316e-18 4.3097036356e-18 -9.2541062161e-12 6.3928114104e-12 2.3206998561e-09 -1.8499199568e-17 7.8604657505e-18 2.9314116239e-17 
2.9356719963e-13 2.826114451e-13 -3.4402487437e-13 1.0842021725e-19 0 -1.3552527156e-20 2.2022856629e-20 0 -1.5881867761e-22 
-5.4210108624e-20 5.4210108624e-20 6.3527471044e-22 7.995658172e-13 -7.6450029304e-11 7.7789943658e-11 -2.59620899e-11 1.0016881733e-10 3.0718143369e-11 
0 0 -5.1365039886e-09 0 0 -5.1365039886e-09 -5.4210108624e-20 1.0842021725e-19 -1.3234889801e-23 
0 -1.3552527156e-20 -1.2176098617e-21 0 0 -5.1365039886e-09 0 0 -5.1365039886e-09 
0 0 -5.1365039886e-09 -3.4069433743e-13 -4.0315511431e-11 -1.6253158173e-11 6.6955989364e-14 -1.4407127834e-13 -1.4060431828e-12 
0 0 6.776263578e-21 1.0338810971e-13 -1.8737284944e-13 -1.8554216534e-13 -7.3885396499e-14 1.4166619267e-14 -2.6866631139e-13 
7.9511538412e-14 6.14791963e-14 1.1295433041e-13 -4.0657581468e-20 0 -3.388131789e-21 0 1.3552527156e-20 -3.9175273811e-21 
1.3552527156e-20 2.7105054312e-20 -2.0328790734e-20 4.7433845046e-20 5.4210108624e-20 -2.7105054312e-20 -1.0221909582e-13 1.2820576171e-13 4.6484809512e-13 
-5.4210108624e-20 -5.4210108624e-20 1.6940658945e-21 -1.6940658945e-20 8.1315162936e-20 -2.5410988418e-21 -1.870417076e-11 -2.2630020145e-12 -3.3975559352e-12 
2.1229141343e-11 3.1560198248e-12 8.1245010414e-12 1.7146154966e-11 1.5903498895e-11 -3.2157552537e-11 0 2.168404345e-19 6.776263578e-20 
0 0 -5.1365039886e-09 0 0 -5.1365039886e-09 -6.6794239952e-15 4.5632612543e-14 9.8957616694e-13 
-6.0198157223e-15 2.9472584922e-13 7.0740309972e-13 5.4210108624e-20 0 3.388131789e-21 1.1029212374e-11 2.4248856991e-11 -2.1784402442e-10 
1.3552527156e-20 -2.0328790734e-20 3.8116482626e-21 0 6.776263578e-21 -2.1175823681e-21 0 0 -5.1365039886e-09 
-8.547427089e-14 1.4144960973e-13 -7.6281213435e-13 -1.90340365e-14 -1.6859994303e-14 4.9506019371e-12 1.179275861e-13 -3.2199316455e-13 -3.973649243e-13 
1.0842021725e-19 2.7105054312e-20 -3.388131789e-20 -3.7290418149e-13 6.0911312886e-13 7.1788610484e-13 -2.0328790734e-20 2.7105054312e-20 3.388131789e-21 
-1.8117018302e-16 -1.6203401468e-16 1.5789922335e-16 3.3545215217e-16 2.7348999801e-16 -4.4226470088e-16 -2.7105054312e-20 -5.4210108624e-20 -6.3527471044e-22 
0 0 0 7.7927031147e-20 -1.3552527156e-20 -1.7364175419e-20 3.1844134534e-13 7.2394249883e-13 -1.3500040541e-12 
-8.8820509107e-13 -7.8711440577e-13 -2.8298764855e-12 -5.4210108624e-20 0 8.4703294725e-22 0 0 -2.1175823681e-22 
-8.0571009256e-13 -1.4042315487e-13 -1.900240016e-12 1.4293680985e-20 -1.4823076577e-21 -8.7350272686e-22 -3.0563773409e-11 -2.9084090279e-11 -1.6725011885e-11 
-8.498917607e-12 -3.6940066349e-12 7.7352378016e-11 3.0643956217e-11 4.5242594393e-12 4.4079718966e-11 -5.4210108624e-20 2.7105054312e-20 2.1175823681e-22 
-3.8054022823e-12 1.050371541e-12 8.076153174e-11 5.2812618645e-12 -3.0737535455e-13 3.1210778393e-11 0 0 -5.1365039886e-09 
-1.0221284322e-11 -1.7776872259e-11 -7.0043036446e-11 7.259817747e-15 2.1816424535e-14 -1.0347579609e-11 -4.28693539e-16 -5.01305269e-15 -3.4791965439e-13 
-2.7105054312e-20 1.3552527156e-20 -5.0821976835e-21 5.4210108624e-20 9.4867690092e-20 2.7528570786e-21 0 1.0842021725e-19 -3.388131789e-21 
0 5.4210108624e-20 3.388131789e-21 1.6723433096e-09 2.4746497581e-09 5.4601676521e-08 0 0 -5.1365039886e-09 
0 0 -5.1365039886e-09 0 5.4210108624e-20 -1.3552527156e-20 6.776263578e-21 -8.1315162936e-20 -3.388131789e-21 
-8.1315162936e-20 5.4210108624e-20 -3.388131789e-21 -8.6813008919e-08 3.525032199e-08 4.4105696881e-08 -1.0164395367e-20 0 -1.7787691892e-20 
-7.081195439e-18 -2.9575002386e-17 5.849821292e-17 6.776263578e-21 3.388131789e-21 2.6469779602e-23 1.3552527156e-20 0 1.6940658945e-21 
2.7105054312e-20 0 4.2351647363e-22 1.4190075811e-13 -3.7023372378e-13 2.9164982512e-11 7.5060906926e-12 1.9531526471e-11 4.6533510897e-11 
1.4853569763e-17 -3.0520291155e-17 5.9875912008e-17 -6.2883726004e-18 9.3919013192e-18 -4.01493617e-18 0 0 -5.1365039886e-09 
1.4823076577e-21 3.5284216209e-20 2.8799120207e-20 5.4210108624e-20 -5.4210108624e-20 1.3552527156e-20 2.5866519213e-12 -1.5023844256e-12 3.2411063562e-09 
0 6.776263578e-21 -2.7105054312e-20 0 0 -5.1365039886e-09 0 0 -1.2970192005e-21 
0 -2.8799120207e-20 -1.3552527156e-20 1.5487371274e-09 1.0790726488e-09 -4.7666975199e-08 -4.1767836803e-09 -4.4284005823e-09 -3.8498751129e-08 
0 1.0842021725e-19 5.2939559203e-22 1.0842021725e-19 -5.4210108624e-20 8.4703294725e-21 -2.168404345e-19 5.4210108624e-20 -1.0164395367e-20 
1.0842021725e-19 1.3552527156e-19 6.776263578e-21 2.7105054312e-20 0 1.0587911841e-22 3.665346157e-13 4.6363954342e-14 1.6020716578e-14 
-2.168404345e-19 -1.0842021725e-19 1.0164395367e-19 -5.4210108624e-20 -2.168404345e-19 -1.3552527156e-20 1.3552527156e-20 5.4210108624e-20 6.776263578e-21 
2.3716922523e-20 2.7105054312e-20 1.6940658945e-21 -3.388131789e-21 6.776263578e-21 3.388131789e-21 -2.4801124696e-18 1.1113072268e-18 7.8892648707e-18 
5.2704807342e-12 1.6525953783e-12 2.9494842898e-12 -2.0061537948e-12 -1.0290436038e-12 -1.8827310581e-11 -9.9856636902e-13 -1.29949645e-12 -4.3175487328e-11 
5.8004816228e-18 -6.3154776547e-18 -1.7855454528e-17 1.0842021725e-18 1.219727444e-17 -4.3463113408e-17 0 0 -5.1365039886e-09 
6.8222581447e-13 5.1537151825e-12 -1.4674896487e-11 0 0 -4.0657581468e-20 0 -2.7105054312e-20 2.0328790734e-20 
-5.4210108624e-20 -2.7105054312e-20 1.3552527156e-20 0 0 -5.1365039886e-09 8.1315162936e-20 -6.776263578e-20 -1.5352472169e-21 
-1.0842021725e-19 -2.7105054312e-20 2.0328790734e-20 -5.4210108624e-20 5.4210108624e-20 6.776263578e-21 0 0 -5.2939559203e-23 
0 0 -5.1365039886e-09 0 -1.0842021725e-19 -3.388131789e-21 -1.0842021725e-19 -1.0842021725e-19 4.7433845046e-20 
-5.4210108624e-20 1.0842021725e-19 8.2056316765e-22 -4.0657581468e-20 -8.1315162936e-20 1.0826139857e-20 0 0 -2.9116757562e-22 
-5.4210108624e-20 0 -1.6940658945e-21 -4.818953396e-15 3.0699997666e-15 1.4752340008e-14 3.0530970547e-14 -9.7271366309e-15 -7.7358761825e-14 
-9.6064363146e-10 6.8157730842e-10 1.3333796647e-10 -2.8786895782e-09 1.2650913279e-09 -8.3180175276e-10 1.6805133674e-18 1.5720931501e-18 -3.6625704639e-18 
-1.3552527156e-20 8.1315162936e-20 -3.388131789e-21 1.8635820656e-10 3.3111605797e-11 -7.7872380776e-11 2.7105054312e-20 0 -3.388131789e-20 
-3.4844972944e-10 -4.6327424427e-11 -7.2407079432e-10 -1.4556444646e-11 -6.8376455756e-12 -4.4255316317e-11 9.2932181753e-11 1.4059689475e-11 -1.7430494665e-10 
-6.4001672885e-12 -9.4224267061e-12 -1.8447226873e-11 0 -1.0842021725e-19 -3.388131789e-21 -8.4703294725e-21 -3.0493186101e-20 4.4469229731e-21 
0 0 -5.1365039886e-09 1.8031842837e-12 2.7675239758e-12 -8.8404512931e-12 0 -2.0328790734e-20 -2.0328790734e-20 
2.7105054312e-20 -3.388131789e-21 1.3552527156e-20 0 -5.4210108624e-20 -2.0328790734e-20 -4.7433845046e-20 -6.776263578e-20 2.1175823681e-22 
0 0 -5.1365039886e-09 0 1.0842021725e-19 4.319868031e-20 0 2.7105054312e-20 0 
5.4210108624e-20 5.4210108624e-20 -3.388131789e-21 -2.7105054312e-20 5.4210108624e-20 0 -1.3552527156e-20 0 -5.9292306308e-21 
-3.7048638354e-14 2.0377037731e-14 -5.1079352878e-14 3.2650721319e-14 -6.0812357754e-15 -1.7745964572e-13 -3.9845031655e-09 1.568124916e-09 -6.1239285898e-10 
9.4867690092e-20 2.7105054312e-20 5.5353603103e-19 0 -5.4210108624e-20 0 3.7604462729e-12 -1.8249801084e-12 -4.4876813218e-12 
6.0986372202e-20 -8.1315162936e-20 -1.6940658945e-20 5.4210108624e-20 -1.0842021725e-19 -8.4703294725e-22 2.6808673012e-12 2.6275871602e-12 -1.0874926487e-11 
0 -1.0842021725e-19 1.3552527156e-20 0 0 -5.1365039886e-09 3.8952340702e-12 6.4508887056e-12 1.2507061271e-11 
-2.168404345e-19 -1.0842021725e-19 -6.776263578e-21 0 -2.7105054312e-20 -1.8528845721e-22 0 0 -1.863472484e-20 
0 0 -5.1365039886e-09 0 0 -5.1365039886e-09 0 0 -5.1365039886e-09 
1.6263032587e-19 2.7105054312e-20 4.2351647363e-22 2.168404345e-19 4.0657581468e-20 1.4399560103e-20 2.7105054312e-20 4.0657581468e-20 1.3234889801e-23 
1.3552527156e-20 -6.776263578e-21 0 9.4867690092e-20 0 -4.2351647363e-22 -1.0842021725e-19 -1.0842021725e-19 -6.776263578e-21 
0 0 -5.1365039886e-09 0 0 -5.1365039886e-09 1.8724397575e-12 -2.9333022014e-12 3.7385135271e-12 
5.8384286988e-17 4.3313876791e-17 -8.0027672857e-18 -3.4586049302e-17 -4.5211230593e-17 -5.0623326433e-16 -6.5899231059e-14 -4.1299429154e-15 -1.4672273414e-13 
1.1011428314e-20 1.3552527156e-20 1.6940658945e-21 -2.0328790734e-20 -5.4210108624e-20 3.7057691442e-22 8.3227532938e-14 -6.2749718616e-14 -1.5937306062e-11 
1.4293233752e-12 -4.2785655661e-12 5.570420609e-11 1.9047530832e-11 -2.8040240485e-12 6.5308820153e-11 1.0704691053e-12 -1.7722677709e-13 -7.0156171177e-11 
-1.4708002868e-11 5.3061954787e-12 1.4834618495e-11 8.8091426514e-20 -2.0328790734e-20 -2.8799120207e-20 -9.1479558303e-20 -1.8571197369e-19 5.0821976835e-21 
3.776288093e-13 -2.6195866765e-13 -1.1317295452e-12 1.2312427553e-13 -3.1475245248e-13 9.0900650586e-13 -2.4444120231e-12 9.7552277671e-13 -3.2363258038e-11 
0 0 -5.1365039886e-09 0 0 -5.1365039886e-09 -1.0842021725e-19 -1.0842021725e-19 7.9621097042e-20 
-3.5163939902e-13 5.728994617e-13 -3.3703258012e-13 0 0 -5.1365039886e-09 0 0 -5.1365039886e-09 
1.0842021725e-19 -8.1315162936e-20 -3.388131789e-20 5.4210108624e-20 0 2.8799120207e-20 -2.7105054312e-20 8.1315162936e-20 3.1763735522e-22 
1.515172536e-17 4.641740551e-18 -5.8014472404e-16 3.7692966153e-20 -2.2869889576e-20 -1.863472484e-20 -3.3830750701e-13 4.5811916543e-13 1.2145016285e-12 
5.4210108624e-20 0 1.2281977735e-20 -2.9788454689e-17 -2.7105054312e-18 2.1640675363e-16 2.0328790734e-20 -5.4210108624e-20 -1.6940658945e-21 
1.3552527156e-20 5.4210108624e-20 8.4703294725e-21 2.2665263693e-10 -2.3959054077e-10 -5.235306468e-10 -5.4210108624e-20 0 1.461131834e-20 
1.3345544152e-13 -2.6299226468e-13 -3.7335139579e-12 1.1321476254e-13 6.4585652364e-14 -2.0253322407e-11 -5.9894260504e-12 2.6607609887e-12 -3.4228670859e-11 
-1.7922363355e-14 -1.0518604217e-14 -2.135321093e-11 1.3552527156e-18 3.2526065175e-19 1.1943164556e-18 -4.3368086899e-19 2.8189256485e-18 2.8396779557e-19 
-1.9934531456e-13 -2.2944244161e-13 8.8802913184e-13 2.7105054312e-20 -8.3009228831e-20 -3.8116482626e-21 0 1.0842021725e-19 8.7501150429e-19 
0 5.4210108624e-20 3.5787142021e-20 0 0 -5.5057141572e-21 -1.0842021725e-19 2.7105054312e-20 3.5998900258e-21 
1.4945640212e-13 6.3044288214e-13 -2.5651777864e-12 4.7433845046e-20 0 -3.1763735522e-21 2.7105054312e-20 3.388131789e-21 -2.5410988418e-21 
0 0 -1.0376153604e-20 2.0328790734e-20 2.3716922523e-20 1.3552527156e-20 0 0 -5.1365039886e-09 
0 -4.7433845046e-20 6.776263578e-21 -4.4452289072e-18 5.7462715142e-18 -1.6161388634e-18 6.8304736867e-18 -2.9408983929e-18 -4.8585809855e-18 
-2.8460307028e-19 4.5536491244e-18 1.4907779872e-19 -9.4867690092e-20 -1.3552527156e-19 -2.7105054312e-20 -1.3552527156e-20 -2.7105054312e-20 -1.8528845721e-22 
-5.0821976835e-20 0 -1.3552527156e-20 2.7105054312e-20 -5.4210108624e-20 0 1.3552527156e-20 -6.776263578e-21 -5.8233515124e-22 
1.3552527156e-20 0 3.1763735522e-21 0 -1.0842021725e-19 0 2.7105054312e-20 -5.4210108624e-20 -1.7681812774e-20 
-3.6422416732e-20 -3.0493186101e-20 1.0587911841e-22 0 0 -1.2070219498e-20 0 2.7105054312e-20 -2.0117032497e-21 
1.2152377628e-13 -1.8012479529e-13 -5.6784623104e-11 0 0 -5.1365039886e-09 -8.1315162936e-20 -1.0164395367e-20 7.9409338805e-23 
4.7704895589e-18 7.1574284043e-20 -8.3125695861e-19 0 0 -5.1365039886e-09 1.7618285303e-19 6.0986372202e-20 -1.2705494209e-20 
5.4210108624e-20 2.7105054312e-20 -1.0164395367e-20 0 -2.7105054312e-20 -1.0587911841e-22 -5.4210108624e-20 5.4210108624e-20 -1.863472484e-20 
0 -1.0842021725e-19 1.1858461262e-20 0 0 -5.1365039886e-09 -3.9556572365e-10 4.0094517656e-10 4.8549451871e-09 
2.9646153154e-21 9.3173624198e-21 -3.9704669403e-23 -5.9631119487e-19 -9.5409791179e-18 -1.1902506975e-17 9.3512437377e-18 -4.7433845046e-18 4.3889012162e-17 
-7.4267848815e-18 4.3368086899e-19 9.4723694491e-18 1.2227767627e-17 -1.9515639105e-18 1.4465628673e-17 0 -5.4210108624e-20 1.5881867761e-22 
1.2783578788e-14 2.4119319077e-14 2.1121157684e-13 0 0 -8.4703294725e-22 4.319868031e-20 1.0164395367e-19 -6.1939284268e-21 
-7.9553334406e-18 1.3931997916e-17 -1.5925026737e-17 0 0 0 5.4210108624e-20 0 1.6940658945e-21 
6.776263578e-21 -2.5410988418e-21 -3.388131789e-21 0 0 -5.1365039886e-09 1.0842021725e-19 0 0 
0 -2.7105054312e-20 1.5881867761e-22 5.0831323742e-12 -1.8147188518e-11 1.4578257184e-10 0 0 -5.1365039886e-09 
7.4538899358e-20 1.6940658945e-20 -1.990527426e-20 -1.0842021725e-19 1.0842021725e-19 -6.776263578e-21 -3.741041873e-12 1.2907218371e-11 -2.4547532665e-10 
-4.6959398176e-14 -8.3669535059e-14 -7.743944552e-11 5.4210108624e-20 -2.7105054312e-20 -1.3552527156e-20 -7.2370495013e-18 5.4210108624e-18 -1.8587290995e-17 
-2.1600017781e-16 -5.9685329595e-17 3.7815150655e-16 -9.9060503181e-18 -3.035766083e-18 -4.1920242895e-17 1.4322123335e-13 -9.1925138291e-14 -2.3386587128e-13 
9.2733844692e-14 -8.0436471286e-14 -2.842647992e-14 -5.6920431096e-14 1.6360393942e-14 1.7231602692e-13 1.6314174404e-13 -1.3128143321e-13 -1.6438156868e-11 
2.7660538519e-15 -9.6387436606e-16 1.7992455755e-15 1.0074948688e-15 -8.7836639004e-16 3.1419188684e-14 1.3552527156e-20 0 -1.4928955695e-20 
0 5.4210108624e-20 -1.6093625998e-20 0 6.0986372202e-20 4.9127910941e-20 3.2704240046e-12 -2.7784232163e-12 -3.2443060641e-12 
7.233905315e-15 -3.2687773929e-14 -4.132821594e-14 0 0 -5.1365039886e-09 0 -8.4703294725e-21 -2.1175823681e-22 
0 1.3552527156e-20 -8.0468129989e-21 -1.0301763782e-14 4.049644192e-14 -2.9643789667e-14 2.0273767474e-15 -5.6769029039e-15 4.6338161342e-15 
0 0 -5.1365039886e-09 0 0 -5.1365039886e-09 1.0842021725e-19 1.3552527156e-20 4.2351647363e-21 
1.3552527156e-20 -2.7105054312e-20 -4.2351647363e-21 0 2.7105054312e-20 1.0164395367e-20 2.9926690466e-15 -7.2521199115e-15 -2.6396302882e-14 
1.0842021725e-19 5.4210108624e-20 -2.6469779602e-23 0 0 -5.1365039886e-09 0 0 -5.1365039886e-09 
1.7893571011e-20 2.8931469105e-20 4.0234064995e-21 -1.0842021725e-19 0 -7.6232965253e-21 8.7105534374e-14 2.5239155926e-14 -3.4264020251e-13 
-7.9363599026e-17 2.0708261494e-17 1.6574656009e-16 -7.3103415682e-15 -4.4196417359e-15 -5.0118444782e-12 -1.2917252446e-20 -2.5410988418e-21 2.5410988418e-21 
1.3552527156e-20 0 -2.6469779602e-23 6.0957911895e-16 8.3104096521e-17 -1.7029766811e-16 1.3552527156e-20 -2.7105054312e-20 4.2351647363e-22 
3.7688494361e-12 -2.582982439e-12 -5.4635543887e-13 -3.9258689615e-15 1.0123737786e-15 4.5694457807e-14 1.5922864156e-15 -6.9063136286e-15 6.7707295306e-14 
2.1276112382e-15 4.8827044838e-16 6.8727420707e-14 -5.4210108624e-20 2.7105054312e-20 -1.5881867761e-22 -1.2791471441e-14 3.8893787821e-15 1.4364886767e-13 
-3.9507126954e-12 2.9953659724e-12 1.3824134047e-12 -7.2799199394e-13 3.7286470298e-13 -1.1277135977e-12 0 0 -5.1365039886e-09 
0 0 -5.1365039886e-09 0 0 -5.1365039886e-09 -9.394340774e-15 -2.5756333915e-14 1.6328945102e-13 
-1.0842021725e-19 1.8973538018e-19 -2.1175823681e-22 0 0 -5.1365039886e-09 0 0 -5.1365039886e-09 
8.5485411068e-15 -6.9710947084e-15 2.6384671595e-13 -3.0630066625e-15 6.9495529665e-15 -2.6231487211e-14 1.2536087619e-19 -9.4867690092e-20 -5.0821976835e-21 
2.7105054312e-20 -6.4374503991e-20 -3.388131789e-21 3.0224959273e-10 -8.8822787141e-10 -8.1004144214e-10 -4.3590348345e-16 -1.7850033517e-16 -5.7415990687e-16 
3.0899761916e-18 3.5914196964e-19 -1.5334896235e-17 1.1709383463e-17 4.3368086899e-19 4.396969205e-17 7.3942588164e-17 8.4493230555e-17 -3.6262158098e-16 
2.7105054312e-20 0 1.6940658945e-20 4.3863404662e-14 -5.8507886036e-15 -8.305598992e-14 -5.4210108624e-20 -5.4210108624e-20 4.2351647363e-22 
5.5358007674e-15 8.779977613e-15 -3.6832582908e-15 5.455757455e-12 -8.5070470633e-13 -9.2151214004e-10 4.5827108249e-16 8.7136449806e-17 8.5856693587e-14 
1.407045731e-14 4.6353437581e-15 1.0473467525e-13 -7.4538899358e-20 7.8350547621e-20 4.3675136343e-21 -2.2367199239e-13 -3.1751665641e-13 -2.5419068079e-12 
-2.7742638373e-13 3.2140087677e-13 3.1187687456e-12 0 0 -5.1365039886e-09 0 0 -5.1365039886e-09 
0 0 -5.1365039886e-09 5.4210108624e-20 0 -1.3552527156e-20 0 -5.4210108624e-20 3.388131789e-21 
-1.3021593352e-14 1.2648177149e-12 3.0111424637e-12 4.9397584547e-13 -1.2409997617e-13 7.2962195977e-12 0 0 -5.1365039886e-09 
9.7447386532e-14 -9.3248852921e-13 7.1388117721e-13 7.177483434e-14 6.6797641637e-14 -4.6981733249e-13 -3.2879569293e-14 -1.2718493793e-13 4.5175231692e-13 
-1.0842021725e-19 5.4210108624e-20 2.1175823681e-21 0 0 -5.1365039886e-09 -2.3148060617e-13 1.288585246e-12 1.1516423259e-12 
-6.776263578e-21 2.7105054312e-20 0 -4.3910187986e-18 -2.3852447795e-18 2.4037736252e-18 1.1858461262e-20 0 0 
6.776263578e-21 -9.4867690092e-20 3.9704669403e-23 -1.3552527156e-20 -1.6940658945e-20 3.1763735522e-22 -6.8821426964e-21 8.1315162936e-20 -1.0376153604e-20 
0 0 -1.0587911841e-21 4.3054070996e-11 -1.0945536318e-10 -1.0603424421e-09 2.1339508643e-10 -1.8796295369e-10 -2.6012480247e-10 
6.6095092181e-13 6.0766767052e-14 7.9295890177e-13 1.4562171456e-13 -1.1931861749e-14 9.9099433472e-13 8.1315162936e-20 1.3552527156e-19 -3.388131789e-20 
-2.4974168106e-13 -2.3748201756e-14 4.7604390704e-13 -6.2580149396e-16 1.7174575564e-15 -3.8821485089e-15 8.4574274667e-15 -5.4133862106e-14 3.2574559505e-14 
-4.0386530925e-17 2.1892752368e-16 -3.7964181867e-15 -3.394094901e-16 7.2676782127e-16 -9.4717790672e-15 2.168404345e-19 0 3.0493186101e-20 
5.4210108624e-20 5.4210108624e-20 0 -1.1070457702e-12 2.3421791172e-13 -2.3958583938e-12 0 0 -5.1365039886e-09 
0 -2.7105054312e-20 2.4154137108e-18 2.611571983e-17 1.8133281335e-17 4.3401163536e-16 -9.1369045576e-13 -1.5295404917e-12 -1.1287293019e-09 
0 0 -5.1365039886e-09 0 0 -5.1365039886e-09 -7.094886202e-12 1.0103783641e-11 1.5831430825e-11 
2.0558057481e-12 -2.7532628823e-12 -8.45884067e-12 5.8329534255e-09 -2.1196709765e-08 -4.5394185616e-08 -5.181983825e-09 -2.050769168e-07 -1.2604786e-07 
-2.7105054312e-20 2.7105054312e-20 -4.2351647363e-22 -8.1315162936e-20 0 1.3552527156e-20 8.1315162936e-20 8.1315162936e-20 -5.4210108624e-20 
-6.776263578e-21 -6.776263578e-20 -1.1858461262e-20 -1.9626141099e-11 1.6766487558e-10 -6.6672201948e-10 -2.1115120503e-10 1.8228537928e-10 -2.5403592713e-10 
-8.2981087008e-14 1.4981895932e-13 -6.5857649269e-13 -8.0651789771e-13 -4.1303191336e-13 1.2226406766e-12 -2.7105054312e-19 -1.0842021725e-19 1.3552527156e-20 
-2.4540374073e-14 1.0868394943e-13 2.3438385649e-13 0 0 -5.1365039886e-09 0 0 -5.1365039886e-09 
-8.749191199e-10 -1.4715359208e-09 2.7356675227e-09 2.7105054312e-20 5.4210108624e-20 4.0657581468e-20 6.8122590902e-15 -2.0590706874e-14 1.7366900408e-13 
0 0 -5.1365039886e-09 0 0 -5.1365039886e-09 0 0 -5.1365039886e-09 
2.6351533802e-16 -1.4702492967e-15 -3.0741282051e-15 -3.576782967e-16 -4.3134983432e-16 -8.8466216594e-13 0 2.7105054312e-20 -6.3527471044e-22 
0 0 -5.1365039886e-09 1.6317242696e-17 -1.929879867e-17 -7.0372300351e-15 6.776263578e-21 -6.776263578e-21 8.4703294725e-21 
4.2798880759e-17 6.9172098605e-17 -2.9762366074e-16 1.351458008e-16 6.9659989582e-18 -4.366014386e-16 -7.5568891422e-17 7.9905700112e-17 1.4392741488e-15 
1.5319776697e-16 -1.1687699419e-16 -1.4072249632e-15 -1.2390018482e-13 6.2905410048e-14 9.4783453513e-14 1.5585509229e-13 -1.3086287696e-13 -4.0912859093e-13 
0 0 5.2939559203e-23 2.9427103657e-13 2.6692309387e-13 4.3147534195e-13 9.6066568673e-10 8.2414492272e-10 -1.8738164031e-10 
5.4210108624e-20 0 -4.3410438547e-21 -4.8946307077e-13 1.5712414822e-12 1.6887692281e-12 -6.2841378152e-12 1.1546888744e-11 1.4143013421e-10 
1.6690239414e-13 -2.7530798821e-13 1.2213494372e-12 0 0 -5.1365039886e-09 5.4210108624e-20 -5.4210108624e-20 -8.0468129989e-21 
0 -5.4210108624e-20 2.0328790734e-20 -3.1996540834e-14 1.2696611544e-13 -3.6880767012e-14 0 0 -5.1365039886e-09 
9.2157184661e-19 3.0967524552e-18 2.7901265283e-17 0 1.3552527156e-20 1.4399560103e-20 0 0 -3.388131789e-21 
0 0 -5.1365039886e-09 0 0 -5.1365039886e-09 0 4.7433845046e-20 3.388131789e-21 
-3.2797115718e-18 -1.2332799712e-17 -1.4230153514e-17 1.9645010553e-11 -5.10652267e-11 2.0232264776e-09 5.4210108624e-20 0 2.8852059766e-21 
-3.5236570606e-18 4.0928632011e-18 6.776263578e-21 -2.7105054312e-20 -5.4210108624e-20 2.5410988418e-21 -1.0928937185e-11 -5.7768157662e-11 4.0732129337e-10 
0 0 -5.2939559203e-23 -3.388131789e-20 1.0842021725e-19 2.3293406049e-21 1.3144424622e-11 3.7135687971e-11 6.8979249719e-10 
-8.639736062e-20 2.7105054312e-20 -3.2187251996e-20 -1.3552527156e-19 5.4210108624e-20 -5.251604273e-20 -3.3523971901e-12 2.5174031696e-12 6.5693923419e-12 
4.1378606813e-12 -5.2505845266e-12 3.8835588399e-12 -1.193807233e-12 5.33400025e-13 5.2492366084e-13 1.3552527156e-20 -1.3552527156e-20 -1.7205356741e-22 
-8.5594956145e-14 6.7339146412e-14 -2.4707279273e-12 -3.1317267123e-10 -1.1986449035e-10 -2.326829879e-11 -2.56759171e-10 -5.9145372728e-09 2.8575301609e-09 
-9.257226345e-09 -1.620250142e-08 8.4732785546e-09 -2.2340157083e-09 -7.0878237333e-10 5.5582734836e-11 -1.6145938753e-13 1.2569859839e-13 6.8105073479e-12 
-1.241511993e-12 3.0194585981e-12 -5.9214930457e-13 7.0721820192e-12 -1.1946036587e-11 1.3912746476e-11 0 0 -5.1365039886e-09 
-9.3641378307e-09 -2.561464451e-08 -5.8547593623e-09 -2.7406196952e-08 1.5079982354e-07 -6.1927060493e-08 3.4427815416e-13 -1.3932269238e-12 -4.1172790444e-13 
-7.8604657505e-19 9.7984771338e-18 -7.1658987338e-18 -6.776263578e-21 1.6940658945e-21 0 0 0 2.7105054312e-20 
5.4210108624e-20 -5.4210108624e-20 6.776263578e-21 0 0 -5.1365039886e-09 0 0 -5.1365039886e-09 
1.3823577699e-17 -3.7269449679e-17 -7.3434368395e-17 -1.6940658945e-20 -1.0164395367e-20 -1.5458351287e-20 0 0 1.8925892415e-21 
-1.3552527156e-20 0 -1.7470054537e-21 1.3552527156e-20 0 6.3527471044e-22 -1.0621788328e-10 5.6339740761e-11 8.2561430772e-09 
2.2719586087e-12 -7.286449547e-13 -4.6398995892e-12 -6.3323895823e-13 -5.2033030662e-15 3.905637583e-12 -5.6267789636e-11 -4.8942352233e-11 1.5991302923e-09 
-1.863472484e-20 -5.4210108624e-20 0 -8.9142613686e-08 4.6264658598e-08 1.7371433088e-08 1.901950277e-13 -1.0702849197e-12 7.0209494024e-12 
0 0 -5.1365039886e-09 -1.5422559063e-14 -3.3033742842e-14 5.131574961e-14 1.5887256754e-13 -2.88308133e-13 -5.1778609549e-12 
-2.0977837523e-13 1.5046113837e-12 1.544486233e-13 0 0 -5.1365039886e-09 0 0 -5.1365039886e-09 
0 0 -5.1365039886e-09 4.884958446e-09 1.7181214502e-08 -1.5781890806e-08 -2.1181786793e-15 -8.0594710593e-15 -2.4980188985e-13 
2.3665097659e-14 4.0137327056e-14 5.4483950988e-14 -3.7701287404e-14 -7.8965154728e-14 -1.4209321501e-13 -2.7105054312e-20 -2.7105054312e-20 0 
5.4210108624e-20 3.388131789e-20 3.2187251996e-20 -6.6926038279e-14 -3.6358286173e-14 -1.1773095591e-10 -7.848729262e-15 5.236154392e-16 2.2465592301e-13 
-2.2121744823e-11 -2.4951246895e-10 2.5640558864e-09 0 5.4210108624e-20 -5.2856973491e-18 -1.881958131e-15 1.3070057189e-15 -1.9686755007e-14 
0 1.0842021725e-19 -1.0164395367e-20 -5.4210108624e-20 0 -2.1175823681e-22 -1.3552527156e-20 4.0657581468e-20 0 
1.3552527156e-20 0 0 -6.776263578e-21 0 -6.5645053412e-21 0 0 5.2939559203e-22 
5.4210108624e-20 -5.4210108624e-20 0 4.0657581468e-20 2.0328790734e-20 -2.2022856629e-20 0 0 -5.1365039886e-09 
0 0 -5.1365039886e-09 0 0 -5.1365039886e-09 0 -1.0842021725e-19 6.776263578e-21 
-2.2864077493e-11 1.1806255723e-10 1.0173920454e-09 4.5465991833e-10 2.9325754211e-10 -1.0447874783e-09 -6.1093952792e-10 -1.279018804e-09 -5.1484642722e-10 
0 6.776263578e-21 -1.0164395367e-20 -6.6396290809e-11 -4.8220382429e-11 -3.6954488996e-10 0 -1.3552527156e-20 -1.2407709188e-24 
-5.964166422e-11 -1.0693044342e-10 8.1593275417e-10 -2.2693164622e-14 -3.4888921179e-14 1.9233118507e-13 0 0 -5.1365039886e-09 
0 0 -5.1365039886e-09 -1.2829067236e-12 1.8238869616e-12 2.607967004e-12 -1.0842021725e-19 2.7105054312e-20 2.3716922523e-20 
4.698274918e-14 -1.4683512652e-13 4.6843813559e-12 -2.7105054312e-20 4.0657581468e-20 -4.1294179668e-19 -2.1311348953e-18 -1.2468324984e-18 -2.7357681889e-17 
5.4210108624e-20 0 -2.1175823681e-22 9.6222942808e-18 -7.2641545557e-18 1.4753619875e-17 2.7105054312e-20 0 2.1175823681e-22 
7.0789708568e-11 1.3529333751e-10 3.8828394176e-09 0 0 -1.0164395367e-20 -2.0328790734e-20 8.8091426514e-20 -6.776263578e-21 
-6.776263578e-20 0 3.388131789e-20 -6.776263578e-21 0 1.6517142471e-20 5.4210108624e-20 -2.7105054312e-20 5.0821976835e-21 
1.4038032889e-14 1.3703881779e-14 -2.4413926634e-13 -1.910895487e-14 -3.339124936e-13 7.0720610357e-14 3.7145186558e-14 1.7913838815e-14 1.6066325448e-13 
1.0842021725e-19 -5.4210108624e-20 1.6940658945e-20 9.8926621343e-11 2.3011567722e-11 5.8723702185e-10 0 0 -5.1365039886e-09 
0 0 -5.1365039886e-09 -9.9963435966e-12 2.6021142625e-11 4.4449460699e-10 -5.4210108624e-20 -6.0986372202e-20 0 
-1.0842021725e-19 -2.7105054312e-20 5.0821976835e-21 2.4922853495e-14 3.777628709e-14 -2.2567942574e-13 0 0 1.1646703025e-21 
0 -5.4210108624e-20 -2.9646153154e-21 2.7105054312e-20 -1.3552527156e-19 1.9481757787e-20 -8.1315162936e-20 0 -9.2893044534e-19 
2.433335651e-13 2.2851162694e-13 5.925366779e-11 -2.1004723026e-16 2.0599841277e-18 1.5910599119e-15 -5.4210108624e-20 -5.4210108624e-20 -8.4703294725e-22 
1.7436681439e-16 1.3688052428e-18 8.3467388952e-16 5.4210108624e-20 0 7.4115382885e-21 -5.4210108624e-20 0 -4.0234064995e-21 
-8.1315162936e-20 9.4867690092e-20 6.776263578e-21 1.3552527156e-20 0 2.3716922523e-20 -5.8445273361e-20 -6.776263578e-21 -2.0328790734e-20 
1.3326579423e-14 1.3324573649e-14 -1.4931766598e-13 -2.7105054312e-20 0 0 1.2201879589e-13 8.0189964369e-13 2.6332031402e-12 
-2.7105054312e-20 2.0328790734e-20 -2.5410988418e-21 -1.3552527156e-20 -2.0328790734e-20 1.3234889801e-23 -9.7408788934e-21 -5.4210108624e-20 3.388131789e-21 
0 0 -5.1365039886e-09 0 0 -5.1365039886e-09 0 0 3.7057691442e-22 
0 2.5749801597e-19 -1.0079692072e-19 0 0 -5.1365039886e-09 0 0 -5.1365039886e-09 
0 0 -5.1365039886e-09 0 -1.3552527156e-20 -7.9409338805e-23 1.6271063381e-11 -3.3132669039e-11 -4.3884517835e-11 
1.1926223897e-17 8.6736173799e-19 -7.2506020285e-19 -5.4210108624e-20 -5.4210108624e-20 5.2939559203e-23 0 -3.388131789e-19 1.685595565e-19 
-8.1315162936e-20 4.0657581468e-20 5.0821976835e-21 0 0 8.1315162936e-20 -6.9876830017e-17 -1.8431436932e-17 -2.7250743979e-17 
-1.6263032587e-19 5.4210108624e-20 4.2351647363e-22 1.3891621618e-12 -2.4342767385e-13 -9.3854172526e-10 -1.3552527156e-20 0 -6.776263578e-21 
6.776263578e-21 0 -2.6469779602e-23 8.1315162936e-20 -2.7105054312e-20 -1.6940658945e-20 -5.4210108624e-20 5.4210108624e-20 -3.388131789e-21 
1.3552527156e-20 2.7105054312e-20 -6.3527471044e-22 -9.4867690092e-20 -1.0842021725e-19 2.5410988418e-21 0 0 1.3552527156e-20 
0 0 -3.388131789e-20 0 0 2.0328790734e-20 -8.1315162936e-20 -5.1669009783e-20 4.319868031e-20 
8.1315162936e-20 -2.9646153154e-20 -1.0587911841e-22 0 0 -5.1365039886e-09 4.5205975573e-11 2.2839768163e-11 -1.3219528757e-09 
0 1.0164395367e-20 6.776263578e-21 -2.7105054312e-19 -3.5236570606e-19 1.0842021725e-19 -3.3312200817e-11 2.9712264211e-11 -1.7600176921e-09 
1.301042607e-18 -1.6263032587e-17 -2.1454414406e-15 1.3552527156e-20 0 -1.5881867761e-22 0 0 5.2939559203e-23 
1.6263032587e-19 0 6.776263578e-21 7.1476028221e-17 -4.3192920486e-16 3.358926093e-16 5.4210108624e-20 0 2.6469779602e-23 
0 0 1.3552527156e-20 5.7760870739e-17 5.8384286988e-17 8.7423117519e-17 1.863472484e-20 5.4210108624e-20 2.2684601119e-19 
3.388131789e-20 -2.7105054312e-20 1.1011428314e-20 -1.9481757787e-20 0 3.388131789e-20 -1.3552527156e-20 2.3716922523e-20 6.776263578e-21 
-2.7105054312e-20 0 4.6586812099e-21 2.0328790734e-20 0 -4.1292856179e-21 0 1.0842021725e-19 -1.6940658945e-20 
-2.7105054312e-20 -5.4210108624e-20 -5.0821976835e-21 -5.4210108624e-20 0 -1.0164395367e-20 0 -2.7105054312e-20 2.6197140872e-19 
0 0 -5.1365039886e-09 1.3340768919e-20 9.7408788934e-21 -7.3056591701e-21 0 3.388131789e-21 -1.9058241313e-21 
0 0 -5.1365039886e-09 0 2.7105054312e-20 4.2351647363e-21 4.6646714269e-15 1.0757453955e-14 1.6697064123e-12 
0 0 -5.1365039886e-09 -5.6839298893e-17 2.7376104855e-17 -2.6446401492e-16 -1.0842021725e-19 -5.4210108624e-20 -3.388131789e-20 
-5.3451167104e-17 1.4989095035e-16 6.4119123558e-17 0 5.4210108624e-20 -3.388131789e-21 0 2.7105054312e-20 1.2573145311e-22 
5.4210108624e-20 0 7.4115382885e-22 4.0657581468e-20 2.7105054312e-20 4.2351647363e-22 8.1315162936e-20 0 -5.0821976835e-21 
1.3552527156e-20 1.3552527156e-19 -1.4272505161e-19 -9.7408788934e-21 8.2162195884e-20 -5.2112378591e-23 -8.5550327673e-20 0 -3.4410713482e-22 
-8.4703294725e-20 -1.3552527156e-20 -1.3552527156e-20 -5.4210108624e-20 0 8.4703294725e-22 2.0328790734e-20 -1.6263032587e-19 -2.5410988418e-21 
3.6385071456e-12 -2.0415787116e-13 -3.2852970583e-10 -5.4210108624e-20 0 -1.3552527156e-20 5.4210108624e-20 0 -6.6174449004e-23 
2.3716922523e-20 2.7105054312e-20 -1.9481757787e-20 -5.4210108624e-20 3.388131789e-21 3.4873934625e-21 1.0842021725e-19 -2.7105054312e-20 2.9116757562e-22 
1.3571891007e-13 1.3652688463e-13 -1.14328581e-12 2.7105054312e-20 0 -8.9467855054e-21 -5.4210108624e-20 1.3552527156e-20 4.2351647363e-22 
0 0 -5.1365039886e-09 0 0 -5.1365039886e-09 0 0 -5.1365039886e-09 
-2.1482873125e-19 9.5862953806e-19 -1.2538205202e-18 1.1858461262e-20 5.0821976835e-21 2.9646153154e-21 6.776263578e-20 -2.7105054312e-20 -2.6469779602e-23 
-5.4210108624e-20 0 6.1409888676e-21 0 0 5.9292306308e-21 1.0842021725e-19 -2.168404345e-19 -2.7105054312e-20 
0 0 -4.4469229731e-21 5.0364713539e-11 -4.5413473275e-11 -3.0073520539e-10 -5.4210108624e-20 0 -3.1763735522e-22 
-6.166399856e-19 1.0679391399e-17 -1.0134197319e-16 8.0230960764e-18 -7.3725747729e-18 -2.302066144e-17 -1.6093625998e-20 -1.3552527156e-20 1.380663704e-19 
-2.9010878443e-20 6.3527471044e-20 -1.0819522412e-21 -1.1142044264e-11 7.7772436386e-12 8.2915715648e-12 3.443019524e-17 3.4152368433e-18 -2.058628875e-17 
-8.9778716145e-17 9.4867690092e-18 4.0281922356e-17 1.0842021725e-19 0 0 -8.4808833675e-13 4.4928045184e-12 -3.2374221813e-12 
0 0 -5.1365039886e-09 -2.8178891512e-13 -2.6894686565e-13 -1.0967406083e-12 0 0 7.9409338805e-23 
-2.1427033325e-14 -6.946407425e-14 2.3945296158e-14 2.0268487409e-13 -3.3357454575e-12 -2.0772233827e-13 0 0 -5.1365039886e-09 
2.7905093871e-15 7.2164157787e-15 5.2187034381e-14 -5.4210108624e-20 -2.7105054312e-20 0 -7.8246708158e-13 -2.0728939669e-12 -3.5138435893e-12 
4.0657581468e-20 -5.4210108624e-20 -4.2351647363e-22 4.8785465685e-14 8.4823218328e-13 1.7080388992e-11 0 0 -5.1365039886e-09 
0 0 -5.1365039886e-09 5.4210108624e-20 5.4210108624e-20 -9.9526371302e-21 6.776263578e-20 9.4867690092e-20 1.4823076577e-21 
-4.5202313057e-11 2.0936842971e-11 1.4898660776e-10 -5.7090020645e-18 1.3986208025e-17 -6.2805798973e-17 0 4.7433845046e-20 -2.6469779602e-22 
3.4043948216e-17 -7.0473141212e-18 -4.9380115001e-17 -4.5536491244e-18 -1.6805133674e-17 -5.0425565416e-17 -5.2041704279e-18 2.0383000843e-17 -9.9443573832e-17 
-2.7105054312e-20 -8.1315162936e-20 -3.1763735522e-22 4.6416863408e-13 -1.9511725135e-13 -1.26736559e-10 2.8884056605e-13 -5.6181079754e-14 1.6005925081e-09 
-6.776263578e-20 -3.7947076037e-19 -2.7105054312e-20 4.5807541788e-18 -1.3335686722e-17 -6.5282523311e-17 4.1958624075e-17 3.3610267347e-18 -8.4340341108e-17 
1.4101753619e-12 -9.1244676745e-12 1.4256247665e-11 -1.5816675226e-12 3.5918291995e-12 -7.6562645214e-12 5.2018387969e-12 -4.4013971375e-12 3.0429442208e-11 
2.8485026837e-14 1.1440756112e-13 5.3221151813e-14 0 1.6263032587e-19 5.2939559203e-23 0 6.776263578e-21 -2.9646153154e-21 
7.2787186434e-13 4.858752967e-12 -1.5611433099e-11 0 0 -5.1365039886e-09 0 1.0164395367e-20 4.7433845046e-20 
0 2.7105054312e-20 -1.3552527156e-20 6.8004906177e-13 7.7076014435e-13 -8.1665885534e-12 1.4029772895e-12 3.2713372484e-12 -1.2943570844e-12 
1.0842021725e-19 -5.4210108624e-20 -2.7105054312e-20 0 1.3552527156e-20 -2.7105054312e-20 5.4210108624e-20 -6.776263578e-21 -1.1858461262e-20 
0 1.0842021725e-19 5.2939559203e-23 5.4210108624e-20 5.4210108624e-20 -3.7057691442e-22 -9.4867690092e-20 -1.0842021725e-19 -3.388131789e-20 
0 -5.4210108624e-20 -1.0323214045e-21 4.0657581468e-20 0 -8.4703294725e-22 5.4210108624e-20 1.0842021725e-19 2.0328790734e-20 
-6.776263578e-20 -5.4210108624e-20 1.9481757787e-20 -4.6585240006e-14 -4.6224580153e-14 -4.6058863239e-14 3.388131789e-20 3.388131789e-21 -3.388131789e-21 
0 0 -5.1365039886e-09 -1.4555956267e-14 -4.6865506267e-14 -1.1789399256e-13 -2.2198815926e-11 -6.425751771e-11 3.7453225815e-10 
0 2.7105054312e-20 8.2585712357e-21 1.0842021725e-19 2.7105054312e-20 2.1175823681e-22 0 0 -5.1365039886e-09 
0 0 -5.1365039886e-09 -7.3454697186e-18 -4.7433845046e-19 1.3764285393e-21 -1.0842021725e-19 -5.4210108624e-20 -5.0821976835e-21 
-2.7105054312e-20 -1.0842021725e-19 -4.2351647363e-21 -1.4328003844e-12 -2.4368542666e-12 4.2756185978e-12 5.4210108624e-20 5.4210108624e-20 -5.9292306308e-21 
0 0 -5.1365039886e-09 0 2.7105054312e-20 -1.3552527156e-20 -1.0842021725e-19 0 -1.3552527156e-20 
-2.7105054312e-20 2.7105054312e-20 1.1858461262e-20 5.4210108624e-20 0 -1.0164395367e-20 -5.4210108624e-20 1.0842021725e-19 0 
0 0 -5.0821976835e-21 -4.5536491244e-17 1.8756697584e-17 -3.8026073506e-15 6.776263578e-20 -1.1858461262e-19 1.3552527156e-20 
4.4045713257e-20 -1.0164395367e-20 -1.3552527156e-20 -2.5410988418e-20 9.4867690092e-20 5.0821976835e-21 1.0842021725e-19 -5.4210108624e-20 -1.6940658945e-21 
-5.4210108624e-20 -1.6263032587e-19 0 -6.776263578e-21 0 0 0 -1.0842021725e-19 1.3552527156e-20 
0 -5.4210108624e-20 0 -9.2531931553e-12 2.4658030988e-11 7.230462653e-09 0 0 -5.1365039886e-09 
3.3820624361e-11 9.9505774822e-11 -3.4672973708e-10 4.2351647363e-22 -2.3716922523e-20 -2.2446373102e-20 0 4.5739779152e-20 -2.4987471944e-20 
0 0 -5.1365039886e-09 0 0 -5.1365039886e-09 5.0546182908e-15 -1.9352561545e-14 1.0531593467e-14 
2.0328790734e-20 1.3552527156e-20 3.388131789e-21 -5.4210108624e-20 5.4210108624e-20 1.863472484e-20 -3.388131789e-21 -7.1150767569e-20 3.388131789e-20 
5.4210108624e-20 -2.0328790734e-20 4.0657581468e-20 -2.168404345e-19 5.4210108624e-20 -4.2351647363e-21 0 1.0842021725e-19 0 
5.4210108624e-20 0 -1.5087774373e-20 8.1315162936e-20 -1.3552527156e-19 -1.6940658945e-21 0 0 1.3129010682e-20 
6.776263578e-20 5.4210108624e-20 0 0 -5.4210108624e-20 -1.3552527156e-20 0 0 7.9409338805e-23 
-1.3552527156e-19 1.1519648083e-19 4.5739779152e-20 -4.6586812099e-21 7.7927031147e-20 3.7269449679e-20 4.0657581468e-20 4.7433845046e-20 1.0217334926e-20 
0 0 4.2351647363e-22 1.3552527156e-20 0 4.2351647363e-21 6.776263578e-21 0 -4.2351647363e-22 
6.776263578e-21 0 -4.2351647363e-22 -2.7105054312e-20 2.7105054312e-20 3.388131789e-21 -1.3552527156e-19 1.0842021725e-19 -1.3552527156e-20 
0 0 -2.7105054312e-20 3.3201306288e-14 1.789611211e-14 7.9193822283e-14 -8.1315162936e-20 -1.5246593051e-20 -5.2939559203e-23 
0 0 -5.1365039886e-09 -2.856113783e-15 -4.1255871332e-14 -7.4405075458e-14 3.3937100092e-14 9.1623459037e-14 1.5294254747e-13 
0 0 1.6940658945e-21 1.0842021725e-19 2.7105054312e-20 -2.3716922523e-20 0 0 -5.1365039886e-09 
-1.0906206493e-14 4.1012528931e-14 -3.0589657225e-14 0 -5.4210108624e-20 -1.0587911841e-22 -2.7105054312e-20 -8.1315162936e-20 -2.3081647813e-20 
0 0 -5.1365039886e-09 0 0 -5.1365039886e-09 1.4390913591e-14 -3.51300884e-14 -1.0799805508e-11 
-2.4225142291e-19 1.1858461262e-20 -1.4463087574e-19 5.4210108624e-20 1.0842021725e-19 2.9646153154e-21 2.4394548881e-19 0 1.236668103e-19 
2.1624954431e-15 -2.105032728e-15 1.1906267801e-15 -2.7952087259e-20 2.0328790734e-20 -1.6212740006e-22 -1.3552527156e-20 -5.4210108624e-20 6.776263578e-21 
2.18327449e-10 -2.1228191676e-10 8.8639022784e-10 -5.4210108624e-20 0 7.8350547621e-21 1.2808542474e-09 -8.4540930585e-10 -7.0190603935e-10 
0 -5.4210108624e-20 -4.2351647363e-21 -9.796500037e-11 -3.4683200322e-11 -1.6064746137e-10 -1.0842021725e-19 2.2022856629e-20 -6.6619141302e-18 
1.0842021725e-19 -2.7105054312e-20 -1.6940658945e-21 0 -1.0842021725e-19 -2.0328790734e-20 0 2.0328790734e-20 1.1858461262e-20 
5.4210108624e-20 -5.7598240413e-20 -3.388131789e-21 1.3552527156e-20 -6.776263578e-21 7.8840652134e-25 0 -1.0842021725e-19 0 
-5.4210108624e-20 -2.7105054312e-20 1.7350662596e-17 -4.0657581468e-19 1.3552527156e-19 -6.2579852934e-19 0 0 -5.1365039886e-09 
4.2351647363e-21 1.0164395367e-20 2.5410988418e-21 1.6263032587e-19 -1.0842021725e-19 -4.2354294341e-19 7.5894152074e-18 1.6479873022e-17 -3.1514707836e-17 
0 -1.0842021725e-19 -2.6469779602e-23 -5.1499603193e-19 6.9931040125e-18 -1.7618285303e-18 -1.0164395367e-20 -1.0842021725e-19 1.3552527156e-20 
8.1315162936e-20 -4.0657581468e-20 2.7105054312e-20 1.3552527156e-20 -2.7105054312e-20 -1.6940658945e-21 1.2191772114e-13 -1.1293792507e-13 1.4816402942e-13 
2.4633073359e-16 -8.6953014233e-17 1.3045560996e-15 2.0551079285e-14 -5.0951538995e-15 2.8928640845e-12 -1.3552527156e-20 0 4.0657581468e-20 
-1.0164395367e-20 -2.7105054312e-20 -1.3552527156e-20 3.388131789e-20 1.3552527156e-20 -3.3669559653e-20 -5.4210108624e-20 1.0842021725e-19 -8.7350272686e-22 
0 -6.776263578e-20 0 0 0 -5.1365039886e-09 -1.3552527156e-20 -1.3552527156e-20 8.8938459462e-21 
0 -2.7105054312e-20 0 -1.3552527156e-20 -3.388131789e-21 -3.388131789e-21 -1.0842021725e-19 -4.0657581468e-20 2.1175823681e-22 
0 0 -5.1365039886e-09 -2.168404345e-19 0 -2.7105054312e-20 1.0842021725e-19 -2.7105054312e-20 2.3716922523e-20 
4.5322267769e-12 3.3765148202e-12 1.2585441993e-11 5.9454787393e-11 8.5601371531e-11 7.568844231e-11 0 0 -5.1365039886e-09 
0 0 1.6940658945e-21 5.4210108624e-20 6.776263578e-21 -4.2351647363e-22 0 2.7105054312e-20 -1.3234889801e-23 
5.4210108624e-20 5.4210108624e-20 -8.4703294725e-21 -2.0897996875e-17 -4.0657581468e-18 3.1089497296e-17 1.2576745201e-17 1.301042607e-18 -3.3483424163e-17 
-1.3552527156e-20 0 5.0821976835e-21 1.3552527156e-20 5.4210108624e-20 1.0587911841e-22 2.7105054312e-20 1.0164395367e-20 0 
-4.7953887606e-11 4.2171779035e-11 4.7396031582e-10 4.7723327026e-15 -3.7081340602e-15 7.4263261285e-14 9.5640441042e-11 -8.7407501864e-11 -2.1995628174e-10 
2.6321166824e-14 -6.6641164158e-15 4.2912732151e-14 -2.7105054312e-20 -7.4538899358e-20 -5.0821976835e-21 4.0657581468e-20 0 -8.4703294725e-21 
1.4827513436e-10 -3.3812858963e-10 2.3045972514e-10 0 0 -1.8528845721e-22 0 0 -5.1365039886e-09 
5.4210108624e-20 5.4210108624e-20 3.388131789e-21 -4.0657581468e-20 -2.7105054312e-20 -4.0657581468e-20 9.7036094437e-17 -9.516584569e-17 2.7678984292e-13 
1.6237433056e-11 -3.3113321099e-11 1.7697693061e-10 0 6.776263578e-21 -6.776263578e-21 0 0 -5.1365039886e-09 
0 0 -5.1365039886e-09 0 0 -5.1365039886e-09 0 -2.7105054312e-20 -1.1858461262e-20 
5.4210108624e-20 3.388131789e-20 9.9526371302e-21 -4.0513931294e-11 -4.7112008386e-11 -8.421996299e-11 2.0155281795e-11 6.0855126819e-12 3.1078534979e-11 
0 0 -5.1365039886e-09 -5.4210108624e-20 -5.4210108624e-20 5.5057141572e-21 1.4135377547e-11 -2.0810933163e-11 2.0657988661e-09 
2.7105054312e-20 5.4210108624e-20 8.4703294725e-21 -2.7105054312e-20 0 1.0587911841e-22 0 1.0842021725e-19 -2.6469779602e-22 
5.4210108624e-20 0 1.3552527156e-20 -1.4793109839e-10 -8.6035134746e-11 5.0442915996e-11 1.0842021725e-19 5.4210108624e-20 4.2351647363e-22 
1.5942581985e-10 9.1604910614e-11 -3.6601733801e-10 -1.6329711021e-15 -1.1862255969e-15 2.8567029791e-14 5.5123752243e-15 -2.6276181751e-15 1.6124373294e-14 
5.4210108624e-20 0 0 9.8391347153e-18 4.8789097762e-18 -1.4178653911e-16 -2.0622752421e-11 1.6319332184e-10 2.1359333389e-10 
-2.4025482347e-10 5.9803090919e-11 2.6632797227e-10 0 0 -5.1365039886e-09 0 5.4210108624e-20 -2.7105054312e-20 
1.0842021725e-19 3.388131789e-20 -5.0821976835e-21 0 0 1.0587911841e-22 0 0 -5.1365039886e-09 
-1.4365678785e-18 -1.1655173354e-18 -1.5646392602e-17 -1.6162740634e-12 -1.0660914751e-11 2.2032174359e-10 5.4210108624e-20 -2.7105054312e-20 3.388131789e-21 
0 0 -3.8116482626e-21 -5.0109439168e-14 -5.2765246599e-14 -9.4775238564e-14 3.756435267e-15 1.3752562457e-15 -3.9254901599e-13 
0 0 -5.1365039886e-09 4.2997918594e-13 -5.0692154467e-13 1.129879542e-10 2.7105054312e-20 1.3552527156e-19 1.863472484e-20 
-4.4352000371e-15 -2.608590427e-16 3.2876608066e-14 4.3974698015e-15 2.5907010912e-16 3.6604571167e-14 0 0 -5.1365039886e-09 
-4.0657581468e-20 -2.7105054312e-20 2.5407282648e-18 2.7105054312e-20 1.0842021725e-19 0 -3.3034284943e-20 1.6940658945e-20 1.6411263353e-21 
0 0 1.863472484e-20 -2.4197934238e-13 -3.0856448039e-13 8.3354864574e-13 0 0 -2.5410988418e-21 
0 0 -6.776263578e-21 -2.0328790734e-20 8.1315162936e-20 3.388131789e-21 -5.4210108624e-20 1.0842021725e-19 -1.1011428314e-20 
-1.0842021725e-19 2.168404345e-19 1.6940658945e-20 1.0842021725e-19 4.0657581468e-20 -3.388131789e-21 0 0 -5.1365039886e-09 
0 0 -5.1365039886e-09 0 0 2.0328790734e-20 7.4538899358e-20 3.7269449679e-20 7.4538899358e-20 
-2.6454533009e-17 2.2071645726e-16 4.0322495234e-16 0 0 -5.1365039886e-09 5.4210108624e-20 5.4210108624e-20 -3.1763735522e-22 
-9.3939613033e-12 -2.4287225578e-11 -1.747090426e-10 4.5517084026e-14 5.1331389226e-14 2.9828083973e-13 1.5527130363e-16 1.3617579286e-16 -3.1350976367e-16 
-2.7842311789e-16 -6.0173220573e-16 1.3794609172e-16 0 0 -5.1365039886e-09 0 0 -5.1365039886e-09 
-4.9380479424e-08 -5.7031593748e-09 -3.1125736037e-08 -3.2770458264e-08 4.7940766693e-08 -2.9254298806e-08 5.5579761586e-10 2.8908127275e-11 -3.8034762371e-09 
-4.4820027046e-10 -3.1551358921e-10 -1.8541156641e-09 -4.1707174008e-10 1.6899839156e-10 -4.4782806971e-10 1.8640200061e-13 3.4916015391e-13 9.252958889e-13 
5.616667423e-12 -2.0181369054e-12 -2.9595978271e-09 -2.6462587759e-09 2.8369339351e-09 -2.8989139246e-09 -4.0657581468e-20 -1.3552527156e-20 -1.8211208366e-20 
-3.388131789e-21 -2.7105054312e-20 -8.1791618969e-21 0 0 -6.776263578e-21 -1.3552527156e-20 0 1.6940658945e-21 
2.7105054312e-20 5.4210108624e-20 8.7879668278e-21 0 0 8.4703294725e-22 -1.0842021725e-19 -2.7105054312e-20 2.7105054312e-20 
-2.7105054312e-20 0 -8.4703294725e-21 1.9922214919e-17 -5.1580918356e-17 -5.9106297873e-16 -1.4290292853e-17 4.2850549769e-17 -6.1646316747e-17 
0 0 -5.1365039886e-09 0 0 -5.1365039886e-09 -3.388131789e-21 -9.8255821881e-20 2.3716922523e-20 
0 1.0164395367e-20 -8.4703294725e-22 2.5478751053e-17 1.2149840595e-16 -4.0703321247e-16 0 0 -5.1365039886e-09 
0 -2.7105054312e-20 7.4538899358e-20 0 -1.3552527156e-20 -6.776263578e-21 0 -5.4210108624e-20 9.2644228606e-23 
-1.3838562349e-11 -1.2325223958e-11 4.7218724971e-09 4.0657581468e-20 -1.3552527156e-20 5.0821976835e-21 9.3173624198e-21 7.2844833464e-20 6.246867986e-21 
5.4210108624e-20 1.3552527156e-20 -2.7105054312e-20 -2.0500685947e-11 -5.5947657531e-12 5.7441769435e-10 -2.7105054312e-20 0 1.0164395367e-20 
-6.8324296795e-11 -1.5745287452e-11 -1.4851990012e-10 1.3552527156e-20 1.2027867851e-19 4.5528020915e-21 0 0 1.3552527156e-20 
5.4210108624e-20 0 -3.1763735522e-22 -3.388131789e-21 -1.3552527156e-20 -9.105604183e-21 1.3552527156e-19 0 2.7105054312e-20 
-5.4210108624e-20 -1.0842021725e-19 3.388131789e-21 0 0 -1.6940658945e-20 1.2251484549e-17 -4.0115480382e-18 -1.3477141224e-17 
0 0 -5.1365039886e-09 -5.4210108624e-20 8.9785492409e-20 2.0328790734e-20 -1.5647325075e-10 -7.3193811868e-10 1.8198368247e-09 
-1.0842021725e-19 1.3552527156e-20 -5.0821976835e-21 0 0 -5.1365039886e-09 0 2.7105054312e-20 -4.2351647363e-21 
0 0 -5.1365039886e-09 8.1315162936e-20 -1.1858461262e-20 -7.9409338805e-23 0 0 -5.1365039886e-09 
0 0 -5.1365039886e-09 1.0842021725e-19 5.4210108624e-20 6.776263578e-21 -2.7105054312e-20 8.1315162936e-20 1.3552527156e-20 
0 0 6.776263578e-21 -4.7950772259e-11 -9.1432745164e-12 -8.6107792863e-11 2.6733909091e-10 6.4455703036e-11 1.5245368654e-10 
0 0 -6.3527471044e-22 -6.776263578e-21 0 2.0328790734e-20 2.7105054312e-20 1.6263032587e-19 6.776263578e-21 
1.0842021725e-19 -5.4210108624e-20 0 0 5.4210108624e-20 -9.3173624198e-21 -1.3552527156e-20 -6.776263578e-21 8.4703294725e-22 
0 1.6940658945e-20 3.388131789e-21 2.7105054312e-20 -5.4210108624e-20 -1.3552527156e-20 5.4210108624e-20 0 2.5410988418e-20 
-1.0842021725e-19 -5.4210108624e-20 -1.3552527156e-20 1.0842021725e-19 5.4210108624e-20 -1.3552527156e-20 -2.7105054312e-20 -2.7105054312e-20 -3.388131789e-21 
4.0657581468e-20 4.0657581468e-20 1.3213713977e-19 0 0 -1.6093625998e-20 8.1315162936e-20 -2.7105054312e-20 1.6940658945e-21 
1.0842021725e-19 -1.4907779872e-19 -1.3891340335e-19 1.3552527156e-20 -6.776263578e-21 1.0587911841e-21 -2.7105054312e-20 1.8973538018e-19 1.0842021725e-19 
1.0842021725e-19 -5.4210108624e-20 1.6940658945e-20 0 -1.0842021725e-19 6.776263578e-20 -2.0328790734e-20 -2.2022856629e-20 -6.776263578e-21 
-1.3552527156e-20 -5.0821976835e-20 -1.6940658945e-21 2.7105054312e-20 -1.0842021725e-19 6.4374503991e-20 -1.1134756311e-16 1.1901829348e-16 4.8409627001e-17 
4.1802514683e-12 4.9246220166e-12 -3.8166409287e-12 -5.4210108624e-20 -1.6263032587e-19 2.8799120207e-20 -6.7129689123e-12 -1.0830426183e-12 -4.2667186516e-12 
-6.7855577656e-13 -4.1973965536e-14 -2.2514547464e-12 9.7578195524e-18 4.4452289072e-18 -4.7212769447e-17 -2.2784935221e-13 3.9817094392e-14 3.7664569034e-13 
-8.3856261778e-20 -5.4210108624e-20 6.776263578e-20 3.0493186101e-20 -1.5924219408e-19 0 2.7105054312e-20 -8.1315162936e-20 -1.0842021725e-19 
1.3552527156e-20 -1.0842021725e-19 -8.1315162936e-20 -1.0164395367e-19 0 2.7105054312e-20 -2.0328790734e-20 0 1.6263032587e-19 
0 0 -5.1365039886e-09 0 0 -5.1365039886e-09 7.4538899358e-20 -2.1006417092e-19 5.4210108624e-20 
-5.4210108624e-20 2.7105054312e-20 0 -1.0842021725e-19 -6.776263578e-21 2.7105054312e-20 5.0821976835e-20 2.7105054312e-20 2.7105054312e-20 
8.1315162936e-20 5.4210108624e-20 2.7105054312e-20 3.4558944248e-19 -1.3552527156e-20 0 0 0 -5.1365039886e-09 
0 0 -5.1365039886e-09 0 -5.4210108624e-20 -6.776263578e-21 1.3552527156e-20 -1.2620790914e-19 -5.4210108624e-20 
1.0842021725e-19 1.0842021725e-19 0 5.4210108624e-20 5.4210108624e-20 1.3552527156e-20 3.7269449679e-20 -4.0657581468e-20 0 
8.1315162936e-20 5.4210108624e-20 1.3552527156e-20 7.9621097042e-20 -2.7105054312e-20 -5.9292306308e-21 0 0 -5.1365039886e-09 
0 0 -5.1365039886e-09 0 0 -5.1365039886e-09 0 0 -5.1365039886e-09 
0 0 -5.1365039886e-09 0 0 -5.1365039886e-09 0 0 -5.1365039886e-09 
0 0 -1.2471567532e-19 0 0 -5.1365039886e-09 0 0 -5.1365039886e-09 
0 0 -5.1365039886e-09 0 0 -5.1365039886e-09 0 0 -5.1365039886e-09 
0 0 -5.1365039886e-09 0 0 -5.1365039886e-09 0 0 -5.1365039886e-09 
0 0 -5.1365039886e-09 0 0 -5.1365039886e-09 0 0 -5.1365039886e-09 
0 0 -5.1365039886e-09 0 0 -5.1365039886e-09 0 0 -5.1365039886e-09 
0 0 -5.1365039886e-09 0 0 -5.1365039886e-09 0 0 -5.1365039886e-09 
0 0 -5.1365039886e-09 0 0 -5.1365039886e-09 0 0 -5.1365039886e-09 
0 0 -5.1365039886e-09 0 0 -5.1365039886e-09 0 0 -5.1365039886e-09 
0 0 -5.1365039886e-09 0 0 -5.1365039886e-09 0 0 -5.1365039886e-09 
0 0 -5.1365039886e-09 0 0 -5.1365039886e-09 0 0 -5.1365039886e-09 
0 0 -5.1365039886e-09 0 0 -5.1365039886e-09 0 0 -5.1365039886e-09 
0 0 -5.1365039886e-09 0 0 -5.1365039886e-09 -1.0143087194e-18 2.7722941686e-18 4.9250863067e-18 
-1.4539957469e-18 7.6888588606e-19 4.1043775553e-18 -7.9984725639e-19 2.8234519808e-18 1.3814577974e-19 1.9405193949e-18 -3.1710630527e-18 -7.4780932406e-18 
-3.5263156191e-18 1.2629939532e-18 2.4887680875e-18 -2.8928160382e-19 7.0390505868e-19 -1.4108657226e-18 2.3817673122e-18 7.6993702583e-19 3.397034734e-18 
6.9794263743e-18 1.0022451174e-18 -1.3340629953e-17 -6.5077772948e-19 -8.6684557729e-19 2.270246822e-18 -1.8958152459e-19 2.2865141559e-18 8.9926113113e-19 
-5.7964795162e-18 2.4830485471e-18 1.0074073034e-17 -2.1615610798e-18 -1.1010789317e-18 5.6586002954e-18 -4.7312232953e-18 3.6277639445e-19 4.5215222566e-18 
-1.6558071368e-18 1.8024116655e-18 -7.8394884502e-19 5.7193252785e-18 2.5702656438e-18 -8.6150926972e-18 4.7283240272e-18 3.130202812e-18 -3.4853304741e-18 
4.5190274799e-18 -4.6085236659e-18 -2.3927547522e-18 -2.5933253713e-18 -1.8206021944e-18 1.8373253048e-18 1.1570933281e-19 -1.4092312137e-18 3.7043645916e-18 
1.2472163102e-18 1.897697909e-18 1.0221437742e-18 -1.3318947895e-18 -3.2471802126e-20 8.5771085635e-18 -1.8237512709e-19 -3.0664379401e-18 -9.8160696111e-19 
2.2280539933e-18 -8.9550676513e-19 5.4618620042e-18 1.3328228861e-18 1.0007264138e-18 -4.5402223287e-18 0 0 -5.1365039886e-09 
9.5673198573e-19 3.0773434893e-19 3.6496689279e-18 2.4370850156e-18 6.6144670502e-19 -9.9477609005e-19 7.4579910973e-18 -2.0617228614e-19 2.5760563216e-18 
-3.2309742969e-18 -4.4607082482e-18 -6.9760194242e-18 2.3369961615e-18 7.6487306748e-18 5.7191513638e-18 6.9139147038e-19 -3.3587205552e-18 4.7288782382e-18 
-8.8522883922e-19 -5.8419361928e-19 1.9056471147e-18 -7.8127862328e-18 1.6696233278e-18 1.0480275791e-17 1.5112387132e-18 6.396931784e-18 3.4227894159e-18 
3.7082287658e-18 3.1625960319e-18 -3.184231768e-19 -1.8206361088e-18 2.8381807588e-18 -4.4741686481e-18 -2.2779817879e-18 -5.3206821259e-19 1.9334916685e-18 
2.414335274e-18 -4.1647137635e-19 -1.4235712168e-18 -3.3683654811e-18 -2.761047821e-18 2.0623573089e-18 2.8593069516e-19 2.6985038677e-18 -5.1546504334e-18 
0 0 -5.1365039886e-09 2.7111353293e-18 -6.6047745614e-19 -3.5352014e-19 1.7342858974e-18 9.0387464828e-18 -5.150971134e-18 
-1.2207597655e-18 8.5097198133e-19 -5.4697140161e-18 3.8593559045e-18 3.7170047385e-18 -3.0455210239e-18 -6.5528937934e-18 -3.4101596087e-18 5.2735890793e-18 
1.852737334e-18 -4.2758951096e-18 -4.6859037239e-19 2.1212178269e-18 1.6603897174e-18 -6.4427228484e-18 -3.4054901742e-19 4.9845440491e-18 -1.6887669755e-18 
-2.1946234888e-18 4.7775770492e-18 1.0700404268e-18 1.847813955e-19 -1.7175710588e-18 9.9171361927e-18 -4.6890102006e-18 1.7741419409e-18 -8.2037208893e-19 
-2.780503109e-18 2.7031278073e-18 5.5509299174e-19 5.8655013277e-18 6.6065095727e-18 7.2864156403e-18 1.633024308e-18 4.1714790669e-18 4.4998946889e-18 
-4.238650372e-18 -7.1246451687e-19 -1.0592065774e-18 -4.1950911443e-18 -1.6405307653e-19 -2.7586618185e-18 1.7141845814e-18 3.4772571913e-18 8.2159912865e-18 
-1.5973056152e-18 4.1654003234e-19 -2.8014518716e-19 2.2788180675e-18 -3.5082715012e-18 1.0091074078e-18 -6.2486038245e-18 -1.8012784281e-18 1.6585273203e-18 
3.5734516791e-18 1.1138640421e-18 -5.768560723e-18 3.132566067e-18 -1.1337229942e-18 -2.0180766763e-19 3.8673324071e-18 -3.5585888978e-18 -2.3179255125e-18 
-1.7598035921e-18 -2.9893058295e-18 4.7674695225e-18 2.7659455574e-18 4.7698873715e-19 -2.3846789879e-18 0 0 -5.1365039886e-09 
0 0 -5.1365039886e-09 -3.9411466963e-18 1.9497887809e-18 6.1988584232e-19 9.0570843144e-18 3.8067032218e-18 -1.1041997808e-19 
-6.5205990079e-18 3.6677994862e-18 6.7735280917e-18 4.1278091005e-19 1.3967970347e-18 7.5419548926e-18 -3.3957439186e-19 2.2542656926e-19 -1.7024096653e-18 
8.5470132512e-19 1.2784250075e-18 7.5566588551e-19 1.380162536e-18 -6.6417893428e-18 2.4391049907e-18 -3.9150818216e-18 9.8161626689e-20 -3.1801140629e-18 
-3.2696822136e-18 -1.2138004882e-18 -2.9404682589e-18 -4.3820924858e-18 8.305492539e-19 1.6954262757e-17 5.1002114025e-18 2.1636087654e-18 -1.6366057933e-18 
-1.6918304389e-18 7.0140620809e-18 2.6865097488e-18 -6.783451364e-18 -1.67322937e-18 2.1643780433e-19 -2.031181492e-18 -1.2662873728e-18 -1.3586722803e-18 
-7.071982715e-18 4.1351166725e-18 -7.4239972829e-18 6.5938761983e-18 -5.6067716915e-18 1.0049278296e-17 -6.9927718995e-19 4.0762798842e-18 9.2259176031e-19 
4.1255397305e-18 -7.4210012347e-19 -2.1704143939e-18 -3.057900609e-19 5.6302669554e-18 -3.2897072223e-18 1.8470219295e-19 3.2323672173e-19 1.3592827396e-18 
1.3883068529e-19 1.4018304287e-18 1.6880390566e-18 0 0 -5.1365039886e-09 0 0 -5.1365039886e-09 
0 0 -5.1365039886e-09 0 0 -5.1365039886e-09 0 0 -5.1365039886e-09 
0 0 -5.1365039886e-09 0 0 -5.1365039886e-09 0 0 -5.1365039886e-09 
0 0 -5.1365039886e-09 0 0 -5.1365039886e-09 0 0 -5.1365039886e-09 
0 0 -5.1365039886e-09 0 0 -5.1365039886e-09 0 0 -5.1365039886e-09 
0 0 -5.1365039886e-09 0 0 -5.1365039886e-09 0 0 -5.1365039886e-09 
0 0 -5.1365039886e-09 
radius 1 1888 double
5e-05 5e-05 5e-05 5e-05 5e-05 5e-05 5e-05 5e-05 5e-05 
5e-05 5e-05 5e-05 5e-05 5e-05 5e-05 5e-05 5e-05 5e-05 
5e-05 5e-05 5e-05 5e-05 5e-05 5e-05 5e-05 5e-05 5e-05 
5e-05 5e-05 5e-05 5e-05 5e-05 5e-05 5e-05 5e-05 5e-05 
5e-05 5e-05 5e-05 5e-05 5e-05 5e-05 5e-05 5e-05 5e-05 
5e-05 5e-05 5e-05 5e-05 5e-05 5e-05 5e-05 5e-05 5e-05 
5e-05 5e-05 5e-05 5e-05 5e-05 5e-05 5e-05 5e-05 5e-05 
5e-05 5e-05 5e-05 5e-05 5e-05 5e-05 5e-05 5e-05 5e-05 
5e-05 5e-05 5e-05 5e-05 5e-05 5e-05 5e-05 5e-05 5e-05 
5e-05 5e-05 5e-05 5e-05 5e-05 5e-05 5e-05 5e-05 5e-05 
5e-05 5e-05 5e-05 5e-05 5e-05 5e-05 5e-05 5e-05 5e-05 
5e-05 5e-05 5e-05 5e-05 5e-05 5e-05 5e-05 5e-05 5e-05 
5e-05 5e-05 5e-05 5e-05 5e-05 5e-05 5e-05 5e-05 5e-05 
5e-05 5e-05 5e-05 5e-05 5e-05 5e-05 5e-05 5e-05 5e-05 
5e-05 5e-05 5e-05 5e-05 5e-05 5e-05 5e-05 5e-05 5e-05 
5e-05 5e-05 5e-05 5e-05 5e-05 5e-05 5e-05 5e-05 5e-05 
5e-05 5e-05 5e-05 5e-05 5e-05 5e-05 5e-05 5e-05 5e-05 
5e-05 5e-05 5e-05 5e-05 5e-05 5e-05 5e-05 5e-05 5e-05 
5e-05 5e-05 5e-05 5e-05 5e-05 5e-05 5e-05 5e-05 5e-05 
5e-05 5e-05 5e-05 5e-05 5e-05 5e-05 5e-05 5e-05 5e-05 
5e-05 5e-05 5e-05 5e-05 5e-05 5e-05 5e-05 5e-05 5e-05 
5e-05 5e-05 5e-05 5e-05 5e-05 5e-05 5e-05 5e-05 5e-05 
5e-05 5e-05 5e-05 5e-05 5e-05 5e-05 5e-05 5e-05 5e-05 
5e-05 5e-05 5e-05 5e-05 5e-05 5e-05 5e-05 5e-05 5e-05 
5e-05 5e-05 5e-05 5e-05 5e-05 5e-05 5e-05 5e-05 5e-05 
5e-05 5e-05 5e-05 5e-05 5e-05 5e-05 5e-05 5e-05 5e-05 
5e-05 5e-05 5e-05 5e-05 5e-05 5e-05 5e-05 5e-05 5e-05 
5e-05 5e-05 5e-05 5e-05 5e-05 5e-05 5e-05 5e-05 5e-05 
5e-05 5e-05 5e-05 5e-05 5e-05 5e-05 5e-05 5e-05 5e-05 
5e-05 5e-05 5e-05 5e-05 5e-05 5e-05 5e-05 5e-05 5e-05 
5e-05 5e-05 5e-05 5e-05 5e-05 5e-05 5e-05 5e-05 5e-05 
5e-05 5e-05 5e-05 5e-05 5e-05 5e-05 5e-05 5e-05 5e-05 
5e-05 5e-05 5e-05 5e-05 5e-05 5e-05 5e-05 5e-05 5e-05 
5e-05 5e-05 5e-05 5e-05 5e-05 5e-05 5e-05 5e-05 5e-05 
5e-05 5e-05 5e-05 5e-05 5e-05 5e-05 5e-05 5e-05 5e-05 
5e-05 5e-05 5e-05 5e-05 5e-05 5e-05 5e-05 5e-05 5e-05 
5e-05 5e-05 5e-05 5e-05 5e-05 5e-05 5e-05 5e-05 5e-05 
5e-05 5e-05 5e-05 5e-05 5e-05 5e-05 5e-05 5e-05 5e-05 
5e-05 5e-05 5e-05 5e-05 5e-05 5e-05 5e-05 5e-05 5e-05 
5e-05 5e-05 5e-05 5e-05 5e-05 5e-05 5e-05 5e-05 5e-05 
5e-05 5e-05 5e-05 5e-05 5e-05 5e-05 5e-05 5e-05 5e-05 
5e-05 5e-05 5e-05 5e-05 5e-05 5e-05 5e-05 5e-05 5e-05 
5e-05 5e-05 5e-05 5e-05 5e-05 5e-05 5e-05 5e-05 5e-05 
5e-05 5e-05 5e-05 5e-05 5e-05 5e-05 5e-05 5e-05 5e-05 
5e-05 5e-05 5e-05 5e-05 5e-05 5e-05 5e-05 5e-05 5e-05 
5e-05 5e-05 5e-05 5e-05 5e-05 5e-05 5e-05 5e-05 5e-05 
5e-05 5e-05 5e-05 5e-05 5e-05 5e-05 5e-05 5e-05 5e-05 
5e-05 5e-05 5e-05 5e-05 5e-05 5e-05 5e-05 5e-05 5e-05 
5e-05 5e-05 5e-05 5e-05 5e-05 5e-05 5e-05 5e-05 5e-05 
5e-05 5e-05 5e-05 5e-05 5e-05 5e-05 5e-05 5e-05 5e-05 
5e-05 5e-05 5e-05 5e-05 5e-05 5e-05 5e-05 5e-05 5e-05 
5e-05 5e-05 5e-05 5e-05 5e-05 5e-05 5e-05 5e-05 5e-05 
5e-05 5e-05 5e-05 5e-05 5e-05 5e-05 5e-05 5e-05 5e-05 
5e-05 5e-05 5e-05 5e-05 5e-05 5e-05 5e-05 5e-05 5e-05 
5e-05 5e-05 5e-05 5e-05 5e-05 5e-05 5e-05 5e-05 5e-05 
5e-05 5e-05 5e-05 5e-05 5e-05 5e-05 5e-05 5e-05 5e-05 
5e-05 5e-05 5e-05 5e-05 5e-05 5e-05 5e-05 5e-05 5e-05 
5e-05 5e-05 5e-05 5e-05 5e-05 5e-05 5e-05 5e-05 5e-05 
5e-05 5e-05 5e-05 5e-05 5e-05 5e-05 5e-05 5e-05 5e-05 
5e-05 5e-05 5e-05 5e-05 5e-05 5e-05 5e-05 5e-05 5e-05 
5e-05 5e-05 5e-05 5e-05 5e-05 5e-05 5e-05 5e-05 5e-05 
5e-05 5e-05 5e-05 5e-05 5e-05 5e-05 5e-05 5e-05 5e-05 
5e-05 5e-05 5e-05 5e-05 5e-05 5e-05 5e-05 5e-05 5e-05 
5e-05 5e-05 5e-05 5e-05 5e-05 5e-05 5e-05 5e-05 5e-05 
5e-05 5e-05 5e-05 5e-05 5e-05 5e-05 5e-05 5e-05 5e-05 
5e-05 5e-05 5e-05 5e-05 5e-05 5e-05 5e-05 5e-05 5e-05 
5e-05 5e-05 5e-05 5e-05 5e-05 5e-05 5e-05 5e-05 5e-05 
5e-05 5e-05 5e-05 5e-05 5e-05 5e-05 5e-05 5e-05 5e-05 
5e-05 5e-05 5e-05 5e-05 5e-05 5e-05 5e-05 5e-05 5e-05 
5e-05 5e-05 5e-05 5e-05 5e-05 5e-05 5e-05 5e-05 5e-05 
5e-05 5e-05 5e-05 5e-05 5e-05 5e-05 5e-05 5e-05 5e-05 
5e-05 5e-05 5e-05 5e-05 5e-05 5e-05 5e-05 5e-05 5e-05 
5e-05 5e-05 5e-05 5e-05 5e-05 5e-05 5e-05 5e-05 5e-05 
5e-05 5e-05 5e-05 5e-05 5e-05 5e-05 5e-05 5e-05 5e-05 
5e-05 5e-05 5e-05 5e-05 5e-05 5e-05 5e-05 5e-05 5e-05 
5e-05 5e-05 5e-05 5e-05 5e-05 5e-05 5e-05 5e-05 5e-05 
5e-05 5e-05 5e-05 5e-05 5e-05 5e-05 5e-05 5e-05 5e-05 
5e-05 5e-05 5e-05 5e-05 5e-05 5e-05 5e-05 5e-05 5e-05 
5e-05 5e-05 5e-05 5e-05 5e-05 5e-05 5e-05 5e-05 5e-05 
5e-05 5e-05 5e-05 5e-05 5e-05 5e-05 5e-05 5e-05 5e-05 
5e-05 5e-05 5e-05 5e-05 5e-05 5e-05 5e-05 5e-05 5e-05 
5e-05 5e-05 5e-05 5e-05 5e-05 5e-05 5e-05 5e-05 5e-05 
5e-05 5e-05 5e-05 5e-05 5e-05 5e-05 5e-05 5e-05 5e-05 
5e-05 5e-05 5e-05 5e-05 5e-05 5e-05 5e-05 5e-05 5e-05 
5e-05 5e-05 5e-05 5e-05 5e-05 5e-05 5e-05 5e-05 5e-05 
5e-05 5e-05 5e-05 5e-05 5e-05 5e-05 5e-05 5e-05 5e-05 
5e-05 5e-05 5e-05 5e-05 5e-05 5e-05 5e-05 5e-05 5e-05 
5e-05 5e-05 5e-05 5e-05 5e-05 5e-05 5e-05 5e-05 5e-05 
5e-05 5e-05 5e-05 5e-05 5e-05 5e-05 5e-05 5e-05 5e-05 
5e-05 5e-05 5e-05 5e-05 5e-05 5e-05 5e-05 5e-05 5e-05 
5e-05 5e-05 5e-05 5e-05 5e-05 5e-05 5e-05 5e-05 5e-05 
5e-05 5e-05 5e-05 5e-05 5e-05 5e-05 5e-05 5e-05 5e-05 
5e-05 5e-05 5e-05 5e-05 5e-05 5e-05 5e-05 5e-05 5e-05 
5e-05 5e-05 5e-05 5e-05 5e-05 5e-05 5e-05 5e-05 5e-05 
5e-05 5e-05 5e-05 5e-05 5e-05 5e-05 5e-05 5e-05 5e-05 
5e-05 5e-05 5e-05 5e-05 5e-05 5e-05 5e-05 5e-05 5e-05 
5e-05 5e-05 5e-05 5e-05 5e-05 5e-05 5e-05 5e-05 5e-05 
5e-05 5e-05 5e-05 5e-05 5e-05 5e-05 5e-05 5e-05 5e-05 
5e-05 5e-05 5e-05 5e-05 5e-05 5e-05 5e-05 5e-05 5e-05 
5e-05 5e-05 5e-05 5e-05 5e-05 5e-05 5e-05 5e-05 5e-05 
5e-05 5e-05 5e-05 5e-05 5e-05 5e-05 5e-05 5e-05 5e-05 
5e-05 5e-05 5e-05 5e-05 5e-05 5e-05 5e-05 5e-05 5e-05 
5e-05 5e-05 5e-05 5e-05 5e-05 5e-05 5e-05 5e-05 5e-05 
5e-05 5e-05 5e-05 5e-05 5e-05 5e-05 5e-05 5e-05 5e-05 
5e-05 5e-05 5e-05 5e-05 5e-05 5e-05 5e-05 5e-05 5e-05 
5e-05 5e-05 5e-05 5e-05 5e-05 5e-05 5e-05 5e-05 5e-05 
5e-05 5e-05 5e-05 5e-05 5e-05 5e-05 5e-05 5e-05 5e-05 
5e-05 5e-05 5e-05 5e-05 5e-05 5e-05 5e-05 5e-05 5e-05 
5e-05 5e-05 5e-05 5e-05 5e-05 5e-05 5e-05 5e-05 5e-05 
5e-05 5e-05 5e-05 5e-05 5e-05 5e-05 5e-05 5e-05 5e-05 
5e-05 5e-05 5e-05 5e-05 5e-05 5e-05 5e-05 5e-05 5e-05 
5e-05 5e-05 5e-05 5e-05 5e-05 5e-05 5e-05 5e-05 5e-05 
5e-05 5e-05 5e-05 5e-05 5e-05 5e-05 5e-05 5e-05 5e-05 
5e-05 5e-05 5e-05 5e-05 5e-05 5e-05 5e-05 5e-05 5e-05 
5e-05 5e-05 5e-05 5e-05 5e-05 5e-05 5e-05 5e-05 5e-05 
5e-05 5e-05 5e-05 5e-05 5e-05 5e-05 5e-05 5e-05 5e-05 
5e-05 5e-05 5e-05 5e-05 5e-05 5e-05 5e-05 5e-05 5e-05 
5e-05 5e-05 5e-05 5e-05 5e-05 5e-05 5e-05 5e-05 5e-05 
5e-05 5e-05 5e-05 5e-05 5e-05 5e-05 5e-05 5e-05 5e-05 
5e-05 5e-05 5e-05 5e-05 5e-05 5e-05 5e-05 5e-05 5e-05 
5e-05 5e-05 5e-05 5e-05 5e-05 5e-05 5e-05 5e-05 5e-05 
5e-05 5e-05 5e-05 5e-05 5e-05 5e-05 5e-05 5e-05 5e-05 
5e-05 5e-05 5e-05 5e-05 5e-05 5e-05 5e-05 5e-05 5e-05 
5e-05 5e-05 5e-05 5e-05 5e-05 5e-05 5e-05 5e-05 5e-05 
5e-05 5e-05 5e-05 5e-05 5e-05 5e-05 5e-05 5e-05 5e-05 
5e-05 5e-05 5e-05 5e-05 5e-05 5e-05 5e-05 5e-05 5e-05 
5e-05 5e-05 5e-05 5e-05 5e-05 5e-05 5e-05 5e-05 5e-05 
5e-05 5e-05 5e-05 5e-05 5e-05 5e-05 5e-05 5e-05 5e-05 
5e-05 5e-05 5e-05 5e-05 5e-05 5e-05 5e-05 5e-05 5e-05 
5e-05 5e-05 5e-05 5e-05 5e-05 5e-05 5e-05 5e-05 5e-05 
5e-05 5e-05 5e-05 5e-05 5e-05 5e-05 5e-05 5e-05 5e-05 
5e-05 5e-05 5e-05 5e-05 5e-05 5e-05 5e-05 5e-05 5e-05 
5e-05 5e-05 5e-05 5e-05 5e-05 5e-05 5e-05 5e-05 5e-05 
5e-05 5e-05 5e-05 5e-05 5e-05 5e-05 5e-05 5e-05 5e-05 
5e-05 5e-05 5e-05 5e-05 5e-05 5e-05 5e-05 5e-05 5e-05 
5e-05 5e-05 5e-05 5e-05 5e-05 5e-05 5e-05 5e-05 5e-05 
5e-05 5e-05 5e-05 5e-05 5e-05 5e-05 5e-05 5e-05 5e-05 
5e-05 5e-05 5e-05 5e-05 5e-05 5e-05 5e-05 5e-05 5e-05 
5e-05 5e-05 5e-05 5e-05 5e-05 5e-05 5e-05 5e-05 5e-05 
5e-05 5e-05 5e-05 5e-05 5e-05 5e-05 5e-05 5e-05 5e-05 
5e-05 5e-05 5e-05 5e-05 5e-05 5e-05 5e-05 5e-05 5e-05 
5e-05 5e-05 5e-05 5e-05 5e-05 5e-05 5e-05 5e-05 5e-05 
5e-05 5e-05 5e-05 5e-05 5e-05 5e-05 5e-05 5e-05 5e-05 
5e-05 5e-05 5e-05 5e-05 5e-05 5e-05 5e-05 5e-05 5e-05 
5e-05 5e-05 5e-05 5e-05 5e-05 5e-05 5e-05 5e-05 5e-05 
5e-05 5e-05 5e-05 5e-05 5e-05 5e-05 5e-05 5e-05 5e-05 
5e-05 5e-05 5e-05 5e-05 5e-05 5e-05 5e-05 5e-05 5e-05 
5e-05 5e-05 5e-05 5e-05 5e-05 5e-05 5e-05 5e-05 5e-05 
5e-05 5e-05 5e-05 5e-05 5e-05 5e-05 5e-05 5e-05 5e-05 
5e-05 5e-05 5e-05 5e-05 5e-05 5e-05 5e-05 5e-05 5e-05 
5e-05 5e-05 5e-05 5e-05 5e-05 5e-05 5e-05 5e-05 5e-05 
5e-05 5e-05 5e-05 5e-05 5e-05 5e-05 5e-05 5e-05 5e-05 
5e-05 5e-05 5e-05 5e-05 5e-05 5e-05 5e-05 5e-05 5e-05 
5e-05 5e-05 5e-05 5e-05 5e-05 5e-05 5e-05 5e-05 5e-05 
5e-05 5e-05 5e-05 5e-05 5e-05 5e-05 5e-05 5e-05 5e-05 
5e-05 5e-05 5e-05 5e-05 5e-05 5e-05 5e-05 5e-05 5e-05 
5e-05 5e-05 5e-05 5e-05 5e-05 5e-05 5e-05 5e-05 5e-05 
5e-05 5e-05 5e-05 5e-05 5e-05 5e-05 5e-05 5e-05 5e-05 
5e-05 5e-05 5e-05 5e-05 5e-05 5e-05 5e-05 5e-05 5e-05 
5e-05 5e-05 5e-05 5e-05 5e-05 5e-05 5e-05 5e-05 5e-05 
5e-05 5e-05 5e-05 5e-05 5e-05 5e-05 5e-05 5e-05 5e-05 
5e-05 5e-05 5e-05 5e-05 5e-05 5e-05 5e-05 5e-05 5e-05 
5e-05 5e-05 5e-05 5e-05 5e-05 5e-05 5e-05 5e-05 5e-05 
5e-05 5e-05 5e-05 5e-05 5e-05 5e-05 5e-05 5e-05 5e-05 
5e-05 5e-05 5e-05 5e-05 5e-05 5e-05 5e-05 5e-05 5e-05 
5e-05 5e-05 5e-05 5e-05 5e-05 5e-05 5e-05 5e-05 5e-05 
5e-05 5e-05 5e-05 5e-05 5e-05 5e-05 5e-05 5e-05 5e-05 
5e-05 5e-05 5e-05 5e-05 5e-05 5e-05 5e-05 5e-05 5e-05 
5e-05 5e-05 5e-05 5e-05 5e-05 5e-05 5e-05 5e-05 5e-05 
5e-05 5e-05 5e-05 5e-05 5e-05 5e-05 5e-05 5e-05 5e-05 
5e-05 5e-05 5e-05 5e-05 5e-05 5e-05 5e-05 5e-05 5e-05 
5e-05 5e-05 5e-05 5e-05 5e-05 5e-05 5e-05 5e-05 5e-05 
5e-05 5e-05 5e-05 5e-05 5e-05 5e-05 5e-05 5e-05 5e-05 
5e-05 5e-05 5e-05 5e-05 5e-05 5e-05 5e-05 5e-05 5e-05 
5e-05 5e-05 5e-05 5e-05 5e-05 5e-05 5e-05 5e-05 5e-05 
5e-05 5e-05 5e-05 5e-05 5e-05 5e-05 5e-05 5e-05 5e-05 
5e-05 5e-05 5e-05 5e-05 5e-05 5e-05 5e-05 5e-05 5e-05 
5e-05 5e-05 5e-05 5e-05 5e-05 5e-05 5e-05 5e-05 5e-05 
5e-05 5e-05 5e-05 5e-05 5e-05 5e-05 5e-05 5e-05 5e-05 
5e-05 5e-05 5e-05 5e-05 5e-05 5e-05 5e-05 5e-05 5e-05 
5e-05 5e-05 5e-05 5e-05 5e-05 5e-05 5e-05 5e-05 5e-05 
5e-05 5e-05 5e-05 5e-05 5e-05 5e-05 5e-05 5e-05 5e-05 
5e-05 5e-05 5e-05 5e-05 5e-05 5e-05 5e-05 5e-05 5e-05 
5e-05 5e-05 5e-05 5e-05 5e-05 5e-05 5e-05 5e-05 5e-05 
5e-05 5e-05 5e-05 5e-05 5e-05 5e-05 5e-05 5e-05 5e-05 
5e-05 5e-05 5e-05 5e-05 5e-05 5e-05 5e-05 5e-05 5e-05 
5e-05 5e-05 5e-05 5e-05 5e-05 5e-05 5e-05 5e-05 5e-05 
5e-05 5e-05 5e-05 5e-05 5e-05 5e-05 5e-05 5e-05 5e-05 
5e-05 5e-05 5e-05 5e-05 5e-05 5e-05 5e-05 5e-05 5e-05 
5e-05 5e-05 5e-05 5e-05 5e-05 5e-05 5e-05 5e-05 5e-05 
5e-05 5e-05 5e-05 5e-05 5e-05 5e-05 5e-05 5e-05 5e-05 
5e-05 5e-05 5e-05 5e-05 5e-05 5e-05 5e-05 5e-05 5e-05 
5e-05 5e-05 5e-05 5e-05 5e-05 5e-05 5e-05 5e-05 5e-05 
5e-05 5e-05 5e-05 5e-05 5e-05 5e-05 5e-05 5e-05 5e-05 
5e-05 5e-05 5e-05 5e-05 5e-05 5e-05 5e-05 5e-05 5e-05 
5e-05 5e-05 5e-05 5e-05 5e-05 5e-05 5e-05 5e-05 5e-05 
5e-05 5e-05 5e-05 5e-05 5e-05 5e-05 5e-05 5e-05 5e-05 
5e-05 5e-05 5e-05 5e-05 5e-05 5e-05 5e-05 5e-05 5e-05 
5e-05 5e-05 5e-05 5e-05 5e-05 5e-05 5e-05 5e-05 5e-05 
5e-05 5e-05 5e-05 5e-05 5e-05 5e-05 5e-05 5e-05 5e-05 
5e-05 5e-05 5e-05 5e-05 5e-05 5e-05 5e-05 5e-05 5e-05 
5e-05 5e-05 5e-05 5e-05 5e-05 5e-05 5e-05 5e-05 5e-05 
5e-05 5e-05 5e-05 5e-05 5e-05 5e-05 5e-05 5e-05 5e-05 
5e-05 5e-05 5e-05 5e-05 5e-05 5e-05 5e-05 5e-05 5e-05 
5e-05 5e-05 5e-05 5e-05 5e-05 5e-05 5e-05 5e-05 5e-05 
5e-05 5e-05 5e-05 5e-05 5e-05 5e-05 5e-05 5e-05 5e-05 
5e-05 5e-05 5e-05 5e-05 5e-05 5e-05 5e-05 5e-05 5e-05 
5e-05 5e-05 5e-05 5e-05 5e-05 5e-05 5e-05 5e-05 5e-05 
5e-05 5e-05 5e-05 5e-05 5e-05 5e-05 5e-05 5e-05 5e-05 
5e-05 5e-05 5e-05 5e-05 5e-05 5e-05 5e-05 
