# vtk DataFile Version 5.1
Generated by LIGGGHTS
ASCII
DATASET POLYDATA
POINTS 3555 float
0.000168661 -0.000811015 0.00319427 0.000771496 -0.0005175 0.00331627 -0.000302634 -0.000357303 0.00333458 
0.000864193 -0.000225456 -0.0138256 0.000148877 2.4279e-05 0.00332431 -0.000125162 -6.17829e-05 -0.0138564 
-0.00028196 0.0002815 0.00343451 -6.31855e-05 0.000345289 0.00333186 1.47308e-05 -0.000333742 -0.0140335 
0.000111397 7.7704e-05 -0.0139512 0.000292179 0.00053276 -0.0137905 -0.000292753 -0.000588233 -0.0139434 
-0.0003972 -0.00049377 -0.0138738 0.000133727 -0.000325073 -0.0139346 0.000527714 -3.53183e-05 -0.013991 
-0.000183282 0.000148368 -0.0138806 -8.6186e-06 2.49964e-05 -0.0135238 7.90668e-06 0.00034886 -0.0139065 
0.000261924 0.000330204 -0.0139686 0.000518807 0.000271583 -0.0138474 -0.000510914 0.000437286 -0.0139596 
0.00084086 0.000454908 -0.0138847 0.000217081 0.000636026 -0.013965 0.000347901 0.000638969 -0.0138649 
-0.000986433 -0.000354323 -0.0138126 0.000308769 0.000169514 -0.0137544 0.000148625 0.000335806 -0.0138216 
0.000412374 0.000358718 -0.0137098 0.000915196 0.000383316 -0.0134657 -0.000345823 0.00050215 -0.0138206 
-0.000119213 0.000474713 -0.0137509 0.000790343 -0.000748196 -0.0136814 0.000157903 -8.20221e-05 -0.0135698 
0.000372042 -8.84005e-05 -0.0136272 -0.000306746 -5.59479e-05 -0.0135768 0.000597238 0.000166886 -0.0135805 
0.00015815 0.000328473 -0.0135463 -0.000236052 0.000562036 -0.0135764 0.00024673 0.000604162 -0.0136212 
-0.000514944 -0.00069798 -0.0135044 -0.000296231 -0.000187396 -0.013423 -9.64012e-05 -0.000192953 -0.0134183 
0.000103835 4.31602e-05 -0.0134308 -0.000305459 0.000101439 -0.0134926 0.000129667 0.000385501 -0.0134384 
0.0002548 0.000351467 -0.0134918 -0.000376272 -0.000652883 -0.0132401 0.000186418 -0.000647331 -0.0132588 
-0.000149429 -0.000256413 -0.0133361 7.24841e-05 -0.000221283 -0.0133392 0.000374736 -0.000225637 -0.0133239 
-0.000349942 -1.29102e-05 -0.0133842 -0.000323015 2.55614e-05 -0.0132835 6.35832e-05 0.000295269 -0.0133466 
0.000178882 0.000556149 -0.0133715 0.000122216 0.000639566 -0.013302 -0.000764764 -0.000790668 -0.0131186 
-0.000444984 -0.000420097 -0.0131083 0.00015493 -6.77303e-05 -0.0132266 -0.000401192 0.000527071 -0.0132018 
-0.000288018 0.000447434 -0.0132071 0.000325446 0.000793136 -0.0132269 -0.000296124 -0.000699554 -0.0130537 
-0.000229682 1.48135e-05 -0.0129479 -0.000704827 0.000294085 -0.0130502 0.00020627 -0.000636745 -0.0123692 
-0.00070429 -0.000283118 -0.0128635 0.000332935 -7.07929e-05 -0.0128012 0.000763444 -7.43291e-05 -0.0128945 
-0.000627248 0.00018065 -0.0128591 -0.00014861 0.000250247 -0.0128566 -0.000143028 -0.000381865 -0.0127249 
1.33876e-06 -0.000323268 -0.0125908 -2.37566e-05 -0.000168269 -0.0126237 -6.33778e-05 5.67483e-05 -0.0126358 
0.000213435 -2.80915e-06 -0.0126242 -0.000246504 8.7888e-05 -0.0126688 0.000295149 0.000116202 -0.0126403 
-0.000337865 0.0005071 -0.0126245 -0.000335863 -0.000262532 -0.0124513 0.000882326 -0.000324134 -0.0125032 
-0.000740442 -0.000111416 -0.0125973 -0.0003957 -0.000155749 -0.0126017 -0.000121839 -0.000228746 -0.0125874 
0.000643987 0.000121805 -0.0125021 -0.000542029 0.0003524 -0.0125639 -0.00045851 0.000323229 -0.0125117 
0.00010949 0.000623825 -0.0124873 4.01261e-05 0.000829937 -0.0124527 -0.00029301 -0.000605463 -0.0123952 
-7.3754e-05 -0.000138745 -0.0124365 -3.54782e-05 -0.000130492 -0.0123244 0.000154366 -0.000150707 -0.0123999 
-0.000518267 2.4631e-05 -0.0124075 -0.000346071 -5.62099e-06 -0.0124097 -0.000315258 0.000170369 -0.0123432 
-0.000539102 0.000329505 -0.0124173 -0.000304402 0.00038357 -0.0124324 -0.000203787 -0.000810911 -0.0122466 
0.000181335 -0.000217277 -0.0121825 0.00049869 -8.39596e-05 -0.012177 -0.000256376 0.00013192 -0.0121964 
-0.000652349 0.000301303 -0.0122534 -0.000275209 0.000803173 -0.0122398 -8.74512e-05 -0.000310872 -0.0120411 
0.000252879 -0.000323234 -0.0120554 0.00061407 -0.00037836 -0.0119796 3.57535e-05 3.22266e-05 -0.0119806 
0.000332884 -6.89241e-05 -0.012089 9.70082e-05 -0.000501478 -0.0118959 0.000392362 -0.000461807 -0.0119516 
-0.000409431 -0.000343631 -0.0118909 8.92725e-05 -0.000315667 -0.011924 -3.47958e-05 -0.000134995 -0.0119779 
-0.000106784 -1.18783e-07 -0.011865 -0.000366015 0.000100052 -0.0118973 -9.05408e-05 8.37651e-05 -0.0119312 
-5.44912e-05 0.00015146 -0.0118507 0.000354342 8.65111e-05 -0.0118569 -0.000393724 0.000265163 -0.0119751 
0.000187917 -0.000660629 -0.0117693 0.000442407 -0.000476005 -0.0117783 -0.00096603 -0.00016915 -0.011756 
-0.000548306 -7.56038e-05 -0.0116926 -0.000220735 -7.12599e-05 -0.0117195 0.000217534 7.51436e-05 -0.0117881 
-0.000875429 0.000165961 -0.0117477 -8.36276e-05 0.000240315 -0.0117084 4.08083e-05 0.000117096 -0.0117284 
0.000419723 0.000176537 -0.0118198 0.000577824 0.000350846 -0.0117664 0.000226077 0.000426309 -0.0117142 
-0.000421773 -0.000120097 -0.0116037 0.0001905 -0.000158171 -0.0116496 0.000271591 -8.46772e-05 -0.0116059 
-0.000192612 0.000171273 -0.0116217 -0.000373206 0.000513827 -0.0116242 -0.000681137 -3.46435e-06 -0.0113922 
0.000307351 3.35883e-05 -0.011434 -3.66425e-05 0.00016555 -0.0114223 -7.29597e-05 -0.000515865 -0.0112845 
7.07465e-05 -0.000517512 -0.0113213 -0.000227588 -0.000159275 -0.0113392 -8.04164e-05 -0.000197611 -0.0112726 
-0.000209241 -0.000234363 -0.0112206 0.000466667 -0.000144867 -0.0112273 -0.000219393 1.44032e-05 -0.0111876 
3.70175e-06 -7.83339e-05 -0.0113573 0.000210057 1.84312e-05 -0.0112445 -0.000537407 0.000232375 -0.0112674 
-0.000166017 0.000111116 -0.0113433 -9.35206e-05 0.000389157 -0.0112954 -3.28264e-05 -0.000424856 -0.0111837 
-0.000284621 -0.00015778 -0.0111319 3.9476e-05 0.00038989 -0.01109 -0.00020594 -0.000382747 -0.0109092 
0.000178173 -0.000122527 -0.0109418 0.000313515 5.20424e-05 -0.0110051 -0.000225665 0.00013206 -0.01093 
0.000520526 0.000231148 -0.010936 -8.9029e-05 0.000296512 -0.0109571 0.000381808 0.000361775 -0.0108812 
6.70086e-07 -0.000539062 -0.0107147 -0.000311493 -0.000302644 -0.0107235 -1.31844e-05 -0.000334105 -0.0108248 
-5.1771e-05 -0.000204475 -0.0107341 -0.000596332 -8.90626e-05 -0.0108734 -9.29891e-05 -5.74553e-05 -0.0108274 
0.000325078 -5.15861e-05 -0.0107371 -0.000152173 0.000120426 -0.0108581 0.000377704 8.88542e-05 -0.0107269 
0.000274772 0.000464875 -0.01082 0.000109288 0.000687064 -0.0108093 0.000139097 -0.000307939 -0.0107005 
-0.000272291 -0.000167808 -0.0106672 -0.00015995 -0.000196197 -0.0106606 -4.5192e-05 -0.000135675 -0.0106202 
-6.3612e-05 -2.6735e-05 -0.0106121 0.000138392 -5.98626e-05 -0.0106544 -0.000156489 0.000119186 -0.0106106 
-0.000194445 0.000211844 -0.0105533 -5.16716e-05 0.000365469 -0.0106882 0.000118045 0.000297462 -0.0107034 
0.000125644 0.000303878 -0.0105735 0.000318664 0.000501111 -0.0106681 0.000116059 -0.00060054 -0.0104343 
0.000154168 -0.000601137 -0.0105316 0.000330895 -0.000618822 -0.0104883 -0.000213578 -0.000105513 -0.0105339 
-0.000200701 -0.000110379 -0.0104248 -5.55506e-05 -0.000104818 -0.0104184 -0.000398834 2.39586e-05 -0.0104955 
3.26904e-05 -2.4825e-05 -0.0104897 0.000279551 7.14806e-05 -0.0105506 0.000276632 -3.43948e-05 -0.0105132 
9.90561e-06 0.000175872 -0.0104792 5.81805e-05 0.000274597 -0.0104527 -0.000245334 -0.000382421 -0.0102535 
0.000118009 -0.000314051 -0.010299 0.000272355 -0.00025472 -0.0104015 0.000169356 -0.000118546 -0.0102666 
-0.000369777 5.49742e-05 -0.0103959 -0.000108713 -7.16758e-05 -0.0103003 1.19517e-05 7.43582e-05 -0.0102751 
0.000137967 3.12014e-05 -0.0103507 0.000276312 -4.93068e-06 -0.0103481 -0.000112286 0.000150458 -0.0103631 
0.000259646 0.000138058 -0.010316 -7.16869e-05 0.000382143 -0.0103725 8.89972e-05 0.000360626 -0.0102911 
-0.00018449 0.000440771 -0.010344 2.09595e-05 -0.000361508 -0.0102411 9.93075e-05 -0.00040971 -0.010198 
0.00014496 -0.000281513 -0.0101329 8.47613e-05 -0.000195657 -0.0101 0.000246845 -0.000199178 -0.0102222 
-0.00035383 6.39728e-06 -0.0101342 -0.000135624 -5.32838e-05 -0.0101989 -2.66341e-05 -6.68549e-06 -0.0101695 
0.000260296 -5.4312e-05 -0.0101839 -0.000479859 0.00016095 -0.0101151 -9.89007e-05 8.14764e-05 -0.0101664 
8.68636e-07 0.000199188 -0.0100904 0.000268201 0.000100206 -0.0100712 0.000352696 0.00018255 -0.0101579 
-0.000141594 -0.000255944 -0.0100095 -3.76153e-05 -0.000275676 -0.0100617 -0.000240961 -0.000157255 -0.0100604 
-0.000151322 1.22741e-05 -0.0100833 -0.000104888 -6.94511e-05 -0.00999543 8.34905e-05 -7.01221e-05 -0.00999773 
1.10047e-05 1.21811e-05 -0.0100364 9.05464e-05 7.29501e-05 -0.00996337 0.000323495 1.7036e-05 -0.0100383 
-0.000352942 0.00021725 -0.00991736 9.90097e-05 0.000231434 -0.00991767 0.000293853 0.000153992 -0.00993335 
-9.67149e-05 0.00030141 -0.0100095 -5.43988e-05 0.000443537 -0.00992394 -0.000246459 -0.000197397 -0.0097884 
-0.000120076 -0.000167757 -0.00990791 -0.00016318 -9.9711e-05 -0.00978153 -1.66271e-05 -0.000127415 -0.00990754 
7.97842e-05 -0.000161297 -0.00985314 0.000182095 -0.000121452 -0.00980727 -0.000284122 -1.48152e-05 -0.00991307 
-0.000163913 -2.0756e-05 -0.00986567 4.33822e-05 4.14483e-05 -0.00979284 0.000327212 -0.000104757 -0.00982677 
-0.000338314 8.89634e-05 -0.00989922 4.14661e-05 0.000221027 -0.00982066 0.000198306 0.000199594 -0.00981544 
0.00012257 0.000329851 -0.00974797 -0.000216826 -0.00020428 -0.00960989 8.00299e-05 -0.000214098 -0.00972565 
-3.88037e-05 -0.000108961 -0.00973685 -8.23436e-05 -0.000184487 -0.00960895 0.000118226 -0.000126691 -0.00962797 
0.000352402 -0.000252214 -0.00963072 -0.000298228 2.55312e-05 -0.00973797 -0.000161642 5.64585e-05 -0.00975723 
7.39508e-06 1.52899e-05 -0.00963686 0.000159206 -4.20216e-06 -0.0097254 7.92631e-05 -6.96327e-05 -0.00978114 
-0.000217952 0.000190866 -0.00965905 -5.81002e-05 0.000142154 -0.00969544 -2.33873e-05 0.000240181 -0.00971217 
8.24943e-05 -0.000268812 -0.00961879 -0.000126783 -7.00279e-05 -0.00959903 -0.000148867 -0.000195099 -0.00945827 
5.66206e-05 -0.0002416 -0.00948555 0.000146088 -0.00017505 -0.0095062 -0.000264076 6.84858e-05 -0.00951262 
-0.000241265 -2.13112e-05 -0.0095554 -0.000194309 -6.6887e-05 -0.00944941 -6.72919e-05 -2.42749e-05 -0.00952234 
-2.93094e-06 6.67886e-05 -0.0094607 4.72265e-05 -8.48568e-05 -0.00950752 6.76759e-05 4.60966e-05 -0.00955137 
0.000257408 -5.5828e-05 -0.00950605 -8.64591e-05 0.0002292 -0.00954049 -0.000163672 0.000172142 -0.00946285 
-6.85684e-05 0.000113953 -0.00954501 2.75896e-05 0.000169081 -0.00953034 0.000152363 0.000114408 -0.00956208 
0.00019266 0.000230336 -0.00953654 0.00022511 8.74066e-05 -0.00948776 -0.000122141 -0.000308457 -0.0092091 
-1.10008e-05 -0.000326371 -0.00919107 -5.42308e-05 -0.000253535 -0.00940121 0.000106588 -0.000310574 -0.00921479 
0.000232485 -0.000239878 -0.00921096 -0.000264651 -0.000201975 -0.00922098 -0.000214423 -8.77581e-05 -0.00933932 
-0.000107973 -0.000139827 -0.00933341 7.55341e-06 -0.000132755 -0.00937385 0.000113106 -0.000190724 -0.00929704 
0.000204113 -0.000105512 -0.00926526 0.00029837 -0.000141191 -0.00921663 -0.000331671 4.12537e-05 -0.00922094 
-0.000331398 -5.52066e-05 -0.0092154 -0.000241816 1.48696e-05 -0.00939763 -0.000115745 3.26391e-05 -0.00944049 
-8.49582e-05 -5.47435e-05 -0.0093929 3.21162e-05 -1.89602e-05 -0.00936297 -7.36294e-05 1.62538e-05 -0.00930524 
0.000148839 -4.5002e-05 -0.00940595 0.000116466 -2.27608e-05 -0.00929893 0.000141076 6.65657e-05 -0.00942749 
0.000332973 -5.19802e-05 -0.00919626 -0.000303582 0.000133485 -0.00919241 -0.000113888 0.000118261 -0.0092867 
-7.00979e-05 0.00013856 -0.00941255 -2.64628e-05 0.000230763 -0.0092654 -6.7635e-06 8.95188e-05 -0.00931762 
0.00015731 0.000232453 -0.009441 0.000312846 9.71691e-05 -0.0092154 -0.000113226 0.000311219 -0.00917475 
-0.000194186 0.000265197 -0.00921571 2.78652e-05 0.000327312 -0.00921075 0.000120037 0.000308221 -0.00919187 
0.000213903 0.000249551 -0.00917831 -0.000229331 -0.000232413 -0.0091209 -7.96715e-05 -0.000325145 -0.00905171 
-0.000155225 -0.000293793 -0.00911489 4.73539e-05 -0.00032328 -0.00904585 0.000188448 -0.000272429 -0.00907602 
-0.000313723 -0.000106242 -0.00904142 -0.000261908 -0.000211135 -0.00902954 -0.000299104 -0.000136935 -0.00916985 
-0.000185636 -0.000141869 -0.00918752 -0.000131581 -0.000187576 -0.00909769 -2.56619e-05 -0.000229897 -0.00913776 
-7.46762e-05 -0.000116276 -0.00914542 7.51798e-05 -0.000110936 -0.00917224 8.63856e-05 -0.000213769 -0.00919949 
0.000224987 -9.71794e-05 -0.00913214 0.000281495 -0.000180761 -0.00914327 0.000254515 -0.000214104 -0.00903634 
-0.000328967 -4.0739e-05 -0.00912291 -0.000327232 6.15345e-05 -0.00906967 -0.000209685 -2.33946e-05 -0.00919854 
-0.000131717 -7.45225e-05 -0.00924188 -0.000119892 4.35014e-05 -0.00921925 -0.000224699 4.75098e-05 -0.00911332 
2.45773e-05 -4.83757e-05 -0.00926018 -2.13387e-05 -9.71878e-06 -0.00917984 8.0664e-05 8.4327e-05 -0.00926557 
7.44939e-05 2.11506e-05 -0.00917844 0.000229804 7.16206e-05 -0.00914612 0.000329153 -3.47657e-05 -0.00909607 
0.000327297 3.53402e-05 -0.00916085 0.000327501 3.59524e-05 -0.00903319 -0.000282911 0.000172922 -0.00909497 
-0.000214421 8.65938e-05 -0.00922572 -0.000179267 0.000145613 -0.00912606 -0.000107184 0.000203558 -0.00916544 
2.30979e-06 0.00011529 -0.00917479 7.69623e-05 0.000189228 -0.00925277 0.000170105 0.000128425 -0.00924905 
0.000132876 0.000149652 -0.00912283 0.000285141 0.00017074 -0.00914878 0.000285342 0.000175756 -0.00905699 
-0.000157455 0.000291921 -0.00902295 -0.000216764 0.000244217 -0.00912628 4.1731e-05 0.000327053 -0.0090343 
-2.75088e-05 0.000330454 -0.00912194 -4.9044e-05 0.00032886 -0.00902367 0.00016484 0.000282896 -0.00908094 
-0.000197782 -0.000266437 -0.00896949 -8.21483e-05 -0.000321779 -0.00888542 -1.38635e-05 -0.000331123 -0.00895191 
0.000127271 -0.000306985 -0.00896717 -0.000296052 -0.000149656 -0.00893397 -0.000166457 -9.03112e-05 -0.00909978 
-0.000184099 -0.000119455 -0.00895498 4.07722e-05 -0.000152168 -0.00906892 -6.16897e-05 -0.000192662 -0.00902469 
0.000142336 -0.000175233 -0.00908625 0.000122011 -0.000207636 -0.00894493 0.00018663 -0.000114683 -0.00900981 
0.000320643 -8.47658e-05 -0.00899994 0.000239713 -0.000228487 -0.0088747 0.000291762 -0.000151515 -0.0089202 
-0.000323595 -7.65817e-05 -0.0088794 -0.000331771 -3.48876e-06 -0.00899403 -0.00032539 5.4866e-05 -0.00887678 
-0.000206997 -2.03933e-05 -0.00903575 -0.000127471 1.64269e-07 -0.00911749 -9.72341e-05 4.72759e-05 -0.00900239 
-0.000105122 -5.13717e-05 -0.0090244 -8.56752e-07 -5.84038e-05 -0.00908766 4.34385e-06 3.43509e-05 -0.00900543 
9.03284e-05 3.80716e-05 -0.00907508 0.000102992 -5.67487e-05 -0.00903786 0.000160633 2.99269e-05 -0.00898299 
0.000241787 -2.72902e-05 -0.00903215 0.000332315 2.44296e-06 -0.00894055 -0.000261491 0.00020464 -0.00896041 
-0.000304647 0.000131513 -0.00900348 -0.000173737 0.000135646 -0.00901522 -8.0246e-05 0.000160159 -0.00907932 
2.88676e-05 0.000121088 -0.00906599 3.43539e-05 0.000164977 -0.00895572 0.000213828 0.000119175 -0.00900562 
0.000125221 0.00017244 -0.00902383 0.000288829 0.000168887 -0.00889288 0.000318767 9.63833e-05 -0.00895486 
-0.00016294 0.00028874 -0.00892382 2.18476e-05 0.000227 -0.00904591 -2.31371e-05 0.000326985 -0.00893445 
-7.55121e-05 0.000225934 -0.00895894 0.00017074 0.000280319 -0.0089799 8.86637e-05 0.00031973 -0.00894449 
0.000165364 0.000292445 -0.00888684 0.000237855 0.000232626 -0.00899343 -0.000199215 -0.00026301 -0.00886976 
-0.000154476 -0.000295873 -0.00878623 4.1798e-05 -0.000334618 -0.00876731 -2.61925e-05 -0.00022385 -0.00892834 
-7.49067e-05 -0.000232435 -0.00883386 9.31664e-05 -0.00031907 -0.00885428 0.000134995 -0.000305321 -0.00876765 
0.000223025 -0.000252746 -0.00874689 -0.000265895 -0.000197034 -0.00878505 -8.39623e-05 -0.000123842 -0.00892789 
-0.000160022 -0.000163794 -0.00878744 3.815e-05 -0.000147341 -0.0089623 -2.52722e-05 -0.000121532 -0.00884553 
8.31719e-05 -0.000154884 -0.00883772 0.000201589 -0.000108538 -0.00890648 0.000187832 -0.000146146 -0.00875777 
0.000300161 -0.000146344 -0.00881557 -0.000324352 -5.33506e-05 -0.00878563 -0.000324772 5.54643e-05 -0.00872617 
-0.00014731 -2.33251e-05 -0.00893439 -0.000154906 -4.25762e-05 -0.00882326 -0.000119768 6.30638e-05 -0.00888258 
-3.07377e-05 -2.79891e-05 -0.00893343 3.19044e-05 7.96947e-05 -0.0088864 4.31348e-05 -3.45561e-05 -0.0088474 
-5.93471e-05 -1.29575e-05 -0.00881977 0.000105263 -7.9331e-05 -0.00891463 0.000114077 2.04119e-05 -0.00889514 
0.000176705 -5.3503e-05 -0.00882187 0.000328036 -3.61977e-05 -0.00883122 0.000326024 4.69571e-05 -0.0088616 
0.000224895 6.07466e-05 -0.00884992 -0.000311298 0.000120623 -0.00880671 -0.000268539 0.000196422 -0.00877592 
-0.000221321 8.99613e-05 -0.00892327 -0.000147482 0.00016669 -0.00892271 -0.000128597 0.000191586 -0.00880687 
-5.41108e-05 0.000118162 -0.00894628 -4.23941e-05 0.000138054 -0.00884524 7.93392e-05 0.000145024 -0.00881368 
0.000133242 0.000145321 -0.0089255 0.00018526 0.000148065 -0.00881362 0.000307607 0.000133176 -0.00879815 
-0.000206367 0.000259181 -0.00883416 -0.000158065 0.000294034 -0.00877392 3.42017e-05 0.000327666 -0.00879625 
-5.14212e-05 0.000327359 -0.00883568 6.66945e-05 0.000225527 -0.00887774 0.000155926 0.000295719 -0.00878669 
0.000221805 0.000243624 -0.00882488 -0.000154142 -0.000289572 -0.00866579 6.08322e-05 -0.000322287 -0.00859873 
-6.08648e-05 -0.00032639 -0.00869415 1.05474e-05 -0.00023388 -0.00876315 -3.06592e-05 -0.000233246 -0.00867199 
0.000177045 -0.000277161 -0.00861718 8.25134e-05 -0.000325787 -0.00869732 -0.000313465 -0.00010984 -0.00857314 
-0.000265075 -0.000198222 -0.00867709 -0.000321474 -8.14479e-05 -0.00869133 -0.000177427 -0.00014039 -0.00868024 
-5.97668e-05 -0.000156651 -0.00875751 2.73733e-05 -0.000147068 -0.00869112 0.000109291 -0.000200078 -0.00872393 
0.000254902 -0.000210344 -0.00866217 0.000322085 -9.56012e-05 -0.00868616 0.000300202 -0.000151233 -0.00860607 
-0.000331763 9.09925e-06 -0.00861684 -0.000214588 6.72234e-05 -0.00877726 -0.000231294 -3.61594e-05 -0.00873415 
-0.0001416 1.56097e-05 -0.00871862 -0.000222989 6.77451e-05 -0.00866328 -7.73516e-05 -6.43796e-05 -0.00870538 
1.21986e-05 -1.60795e-05 -0.00870925 0.000139853 3.74815e-05 -0.00879022 0.000100986 -8.53623e-05 -0.00876509 
0.000204259 8.06303e-05 -0.00871449 0.00012878 -2.65524e-05 -0.00868727 0.000227921 -4.17e-05 -0.00867781 
0.00032851 7.22738e-06 -0.00866819 0.000329514 -2.99749e-05 -0.00857617 -0.000310438 0.000119984 -0.00857189 
-0.000309268 0.000121251 -0.00867276 -0.000271386 0.000196504 -0.00867678 -0.000264776 0.000197999 -0.0085754 
-8.80512e-05 9.09123e-05 -0.00875975 -0.000149278 0.000147642 -0.0086958 1.78365e-05 5.74419e-05 -0.00878367 
-3.62391e-05 0.000226648 -0.00877925 6.85055e-05 0.000229579 -0.00868929 7.62383e-05 0.00011744 -0.00870943 
0.000143664 0.000173054 -0.00864255 0.000314096 9.98155e-05 -0.00868907 0.000275201 0.000187911 -0.00859351 
-0.000108163 0.000312419 -0.00868376 -0.000191281 0.00027165 -0.0086511 -9.78051e-05 0.000316104 -0.00858431 
-1.30396e-05 0.000331808 -0.00866316 0.000146476 0.00029859 -0.00869073 8.69588e-05 0.000321526 -0.00860761 
0.00020702 0.000265538 -0.00860055 0.000231306 0.000232646 -0.00870913 -9.75173e-05 -0.000317313 -0.00856528 
-0.000223768 -0.000246998 -0.00855373 -0.000200978 -0.000264054 -0.00845804 -0.000104591 -0.000311342 -0.00844551 
-2.00724e-05 -0.00033112 -0.00848645 0.000225597 -0.000251181 -0.00847628 7.8456e-05 -0.000324163 -0.00843542 
0.000127114 -0.000306307 -0.00852064 0.000235717 -0.000232279 -0.00855533 -0.000303707 -0.000124749 -0.00847485 
-8.84701e-05 -0.000158059 -0.00863666 -0.000205564 -0.000129989 -0.00855425 -0.000144155 -0.000184343 -0.00849002 
5.09771e-05 -0.000214979 -0.00861233 -1.61375e-05 -9.4184e-05 -0.0086067 0.000144506 -0.00019121 -0.00857156 
0.000197543 -0.00011017 -0.00860441 9.12016e-05 -0.000100695 -0.00862172 0.000281599 -0.00016819 -0.00848196 
-0.000330714 -2.59956e-05 -0.00851843 -0.000211155 -2.76552e-05 -0.00862682 -0.000117582 -5.97182e-05 -0.00860285 
-0.00018765 2.51551e-05 -0.00853958 -8.1146e-05 3.36929e-05 -0.00854471 7.49554e-07 8.8819e-05 -0.00864497 
1.76338e-05 1.61554e-06 -0.00857442 0.000124664 -1.07509e-06 -0.0085508 0.000332715 -2.68995e-05 -0.00845525 
0.000325677 6.12503e-05 -0.00843059 0.000223903 -2.26626e-05 -0.00854502 -0.000294442 0.000145501 -0.00847822 
-0.000124475 7.01339e-05 -0.00863427 -0.000165557 0.000161159 -0.00859436 -9.16752e-05 0.000203061 -0.00850644 
-3.29231e-05 0.00017995 -0.00867458 7.45087e-05 0.000103387 -0.00854308 -3.75525e-05 0.000124595 -0.00855102 
0.000144489 6.35613e-05 -0.0086246 0.000217314 8.28878e-05 -0.00854095 6.2071e-05 0.000211863 -0.00849726 
0.000314705 9.08593e-05 -0.00856462 0.000275066 0.00017882 -0.00847255 -0.000167985 0.000283299 -0.00854264 
-0.000230377 0.000238932 -0.00848076 -3.86624e-05 0.000327014 -0.0084739 0.000119143 0.000310965 -0.00848351 
0.000193892 0.000273621 -0.00844965 -0.000154318 -0.000289558 -0.0083297 -2.80925e-05 -0.000329881 -0.0083881 
6.6877e-05 -0.000321607 -0.00833684 0.000200547 -0.000263244 -0.00827369 0.000228609 -0.000247076 -0.00837724 
-0.000321392 -8.32951e-05 -0.00831975 -0.000248078 -0.000214617 -0.00836343 -0.000210609 -0.000111926 -0.0084351 
-0.000137816 -0.000172825 -0.00836674 -4.01219e-05 -0.000193257 -0.00851115 7.34908e-05 -0.000227647 -0.00846283 
-3.24839e-05 -7.62818e-05 -0.00850021 -1.2719e-05 -0.00021417 -0.00839171 3.10649e-05 -7.46043e-05 -0.00842235 
0.000167649 -0.000131284 -0.00849377 0.000228429 -5.42157e-05 -0.0084351 0.000123151 -0.000159023 -0.00840686 
0.000278887 -0.000173564 -0.0083329 -0.00032506 4.42832e-05 -0.00838088 -0.000331319 2.56373e-05 -0.00827932 
-0.000187174 1.77941e-05 -0.00843278 -0.000140407 -6.6809e-05 -0.00850214 -0.00020637 -4.57642e-05 -0.00834876 
-9.45643e-05 -6.4077e-05 -0.00839884 -9.53239e-05 7.02035e-05 -0.00842597 -1.53916e-05 2.4088e-05 -0.00846823 
7.15905e-05 -8.51093e-05 -0.00851585 8.70484e-05 2.25212e-05 -0.00845946 0.000132705 -4.88299e-05 -0.00840029 
0.000113129 5.04986e-05 -0.00835931 0.000329802 3.1851e-05 -0.00832939 0.000330946 -6.21959e-05 -0.00836426 
0.000216853 2.84077e-05 -0.00837315 -0.000307245 0.000125326 -0.0082724 -0.000274179 0.000184391 -0.00837395 
-0.000157136 0.000129641 -0.00848093 -0.000181814 8.42353e-05 -0.00833139 -2.02167e-05 0.000234294 -0.00843565 
-1.48428e-06 9.78959e-05 -0.00839655 8.98166e-05 0.000121124 -0.00843918 0.000188314 0.000132792 -0.00845151 
8.78136e-05 0.000203819 -0.0083575 0.000179933 0.000135606 -0.00834136 0.000279332 0.000174086 -0.00837632 
-0.000106366 0.000313163 -0.00838646 -0.000199102 0.00026618 -0.00839073 -0.000178193 0.000275421 -0.00828374 
5.05491e-05 0.000328372 -0.00837689 0.000188678 0.000275745 -0.00833532 0.000119168 0.000311562 -0.00827178 
-0.000201273 -0.00026592 -0.0082013 -8.82384e-05 -0.000320262 -0.00817814 -3.21737e-05 -0.000334631 -0.00823929 
3.61571e-05 -0.000334868 -0.00815164 3.15124e-05 -0.000231355 -0.00817232 8.77037e-05 -0.000320186 -0.00822332 
0.000141929 -0.00030105 -0.00814727 -0.000251611 -0.00021507 -0.00826241 -0.000296031 -0.000148636 -0.00825106 
-0.000155395 -0.000181084 -0.00824892 -0.000208726 -8.90585e-05 -0.00825549 -7.38299e-05 -0.000125188 -0.00822844 
-3.00867e-05 -0.000232705 -0.00826056 -4.34646e-05 -0.000129236 -0.00833898 6.60894e-05 -0.000191951 -0.0083235 
3.6511e-05 -0.000145968 -0.00823371 0.000179966 -0.000164941 -0.00831883 0.000173526 -0.00015558 -0.00819167 
0.000242222 -0.000229813 -0.00815335 0.00028777 -0.000168361 -0.00823495 -0.000323276 6.396e-05 -0.00818737 
-0.000328769 -4.17712e-05 -0.0081506 -0.000234544 2.26002e-05 -0.00823086 -0.000106468 -1.63069e-05 -0.0083069 
3.47455e-05 -2.95856e-05 -0.00832808 -8.93387e-06 4.55762e-05 -0.00825895 -3.29183e-06 -5.36289e-05 -0.00820706 
9.86895e-05 2.82545e-05 -0.0082597 0.000108078 -9.80375e-05 -0.00829835 0.000237041 3.33677e-05 -0.00818421 
0.000330457 2.80336e-05 -0.00813717 0.00033093 -6.23431e-05 -0.00825139 0.000327686 7.64044e-05 -0.00824332 
0.000219943 -6.13785e-05 -0.00821362 -0.000257207 0.000212114 -0.00822742 -0.000105366 0.00019598 -0.00831584 
-7.60747e-05 9.65734e-05 -0.00832458 -0.000176908 0.000142603 -0.00824096 -0.000105352 7.26239e-05 -0.00822093 
5.6437e-05 0.000114615 -0.00830506 8.23918e-07 0.000229689 -0.00830595 9.79234e-07 0.000143821 -0.00821872 
-5.56563e-05 0.000226505 -0.0082186 8.09456e-05 0.000223406 -0.00822953 0.000174167 9.48649e-05 -0.00823271 
0.000275891 0.000187702 -0.00821728 0.00030894 0.000107198 -0.00815099 -0.000103153 0.000314392 -0.00820756 
-0.000193281 0.000270147 -0.00817754 -8.12478e-06 0.000332265 -0.00821312 0.000215218 0.000254202 -0.00816291 
0.000132526 0.000311416 -0.00817312 -0.000241427 -0.000237884 -0.00805025 -0.000120867 -0.000309454 -0.00798471 
-0.000135168 -0.000302438 -0.00808327 -2.7705e-05 -0.00033014 -0.00805166 6.7821e-05 -0.00032241 -0.00806699 
0.000177693 -0.000283964 -0.00802455 -0.000270542 -0.000186377 -0.00797578 -0.000319493 -8.04663e-05 -0.00803392 
-0.0002954 -0.000153697 -0.00809953 -8.80249e-05 -0.000209409 -0.00815761 -0.000195027 -0.000129266 -0.00816497 
-9.79301e-05 -0.00011922 -0.00810783 4.18152e-07 -0.000158379 -0.00810773 0.000129043 -0.000208244 -0.00810377 
0.0001017 -6.14871e-05 -0.00819199 0.000221919 -7.62432e-05 -0.00809924 0.000293913 -0.000154343 -0.00800016 
0.00030338 -0.000137063 -0.00811331 0.000254661 -0.000219479 -0.00805641 -0.000331746 2.12909e-05 -0.0080803 
-0.000155362 -2.11814e-05 -0.00818159 -0.000227158 -4.10948e-05 -0.00810455 -4.66743e-05 3.94992e-05 -0.00814631 
5.77669e-05 1.10741e-05 -0.00813584 -2.71478e-05 -4.89743e-05 -0.00809994 0.00014522 6.15271e-05 -0.00814018 
0.000327037 -5.93423e-05 -0.00807597 0.000331165 -2.76702e-05 -0.00798737 0.000228542 5.74243e-05 -0.00804219 
-0.000273289 0.000190129 -0.00804009 -0.000311804 0.000117749 -0.00808002 -0.00031654 8.92619e-05 -0.00798374 
-0.000205954 6.19896e-05 -0.00812556 -8.3048e-05 0.000120066 -0.00809642 -7.03559e-05 0.000223485 -0.00804183 
3.79097e-05 0.000116363 -0.00812815 0.00011252 0.000182018 -0.00814069 0.000270759 0.000187779 -0.0080741 
0.000326327 8.02524e-05 -0.00803334 -0.000101615 0.000314623 -0.0080779 -0.00017851 0.000275235 -0.00798821 
3.24926e-05 0.000331566 -0.00801049 -1.69655e-06 0.000334824 -0.00811304 0.000106419 0.000312506 -0.00806988 
0.000211286 0.00025437 -0.00806476 0.000225807 0.000245929 -0.0079679 -0.000122592 -0.00030865 -0.00786814 
-0.000202739 -0.000262664 -0.00790544 6.99116e-05 -0.000322641 -0.00796079 -3.17652e-05 -0.000330444 -0.0079448 
0.000146518 -0.000293475 -0.00789319 0.000222841 -0.000251002 -0.00794095 -0.00026676 -0.000195849 -0.00784626 
-0.000315052 -0.000104597 -0.00788384 -8.69937e-05 -0.000210987 -0.00801243 -0.000191232 -0.000109685 -0.00797436 
-0.000133406 -0.000189092 -0.00790277 -0.000129953 -8.79382e-05 -0.00788776 5.35926e-05 -0.00018735 -0.00802025 
-2.17385e-05 -0.000121639 -0.00801332 -9.70219e-06 -0.000226907 -0.00795093 3.16188e-05 -0.000128513 -0.0079284 
0.000182377 -0.000149391 -0.00803453 0.000153518 -0.000174046 -0.00794083 0.000216912 -8.21532e-05 -0.00796582 
0.000102597 -0.000100092 -0.00799293 0.000284072 -0.000171675 -0.00790332 -0.000327886 -7.01688e-06 -0.00790457 
-0.000218986 1.76692e-05 -0.00802409 -0.000130153 -3.62676e-05 -0.008034 -0.000112375 6.07144e-05 -0.00801025 
-6.44838e-06 3.45517e-05 -0.00804251 6.72579e-05 -2.55258e-05 -0.00793673 -3.95166e-05 -3.57563e-05 -0.00794095 
0.000145725 -1.3605e-05 -0.0080701 9.59087e-05 7.14339e-05 -0.00804011 0.000176954 1.68454e-05 -0.00795789 
0.000327516 -4.10697e-05 -0.00786711 0.00032743 6.50225e-05 -0.00789188 -0.000293463 0.000168843 -0.00782775 
-0.000272717 0.000190129 -0.00792469 -0.000132956 0.000157332 -0.00799001 -0.000197594 0.000110282 -0.0079298 
5.87793e-07 0.000141269 -0.0080317 4.81206e-05 7.82793e-05 -0.00793766 0.000102932 0.000216582 -0.00802957 
0.000190401 0.000139347 -0.00792643 9.22686e-05 0.000161764 -0.00789931 0.000261335 0.00021237 -0.0078744 
0.000290713 0.000164234 -0.00795105 -0.00023148 0.000237819 -0.00782786 -0.000148549 0.000301751 -0.00784685 
-4.30674e-05 0.000329363 -0.00785369 -6.10794e-05 0.000330776 -0.00795909 5.24331e-05 0.000327608 -0.00787761 
-6.54567e-06 0.000243747 -0.0079584 0.000160911 0.000286489 -0.00787271 0.000112159 0.000313397 -0.00796136 
-7.83538e-05 -0.000321429 -0.00767688 -0.000194425 -0.000268939 -0.00770296 -0.000200495 -0.00026429 -0.00780417 
4.29651e-05 -0.000329125 -0.00780438 -6.06252e-05 -0.000325901 -0.00777345 5.54333e-05 -0.000327475 -0.00770533 
0.000144597 -0.000297681 -0.00768225 0.000144173 -0.000297682 -0.00778075 -0.000255613 -0.000207313 -0.00774333 
-0.000317818 -8.9596e-05 -0.0077684 -0.000214359 -0.000109809 -0.00777276 -3.70796e-05 -0.000138577 -0.00785286 
3.84068e-05 -0.000144114 -0.00778032 0.00011447 -0.000180919 -0.0078425 0.000159553 -0.000177087 -0.00773659 
0.00012047 -7.71772e-05 -0.00786236 0.000241918 -0.000224236 -0.00779183 0.000298468 -0.000159779 -0.00770681 
-0.00032296 7.26981e-05 -0.00770477 -0.000323044 6.97464e-05 -0.00780329 -0.000324859 -6.66211e-05 -0.00767084 
-0.000134843 2.16053e-05 -0.00787404 -8.88034e-05 -4.24329e-05 -0.00780849 1.9768e-05 -5.3353e-05 -0.00785216 
1.07048e-05 4.59161e-05 -0.00783205 0.000220679 -4.10004e-05 -0.00783244 0.000123316 -2.0897e-05 -0.00777242 
0.000114266 3.66751e-05 -0.00785426 0.0003328 -3.06307e-05 -0.0076728 0.000327916 3.64237e-05 -0.00775503 
0.000325275 -6.89123e-05 -0.00777327 -0.000280256 0.000180939 -0.00767547 -8.91984e-05 0.000192089 -0.00790395 
-8.12581e-05 9.69579e-05 -0.0077813 -0.000179211 0.000138344 -0.00783526 -5.71434e-05 0.000195097 -0.00778844 
9.41461e-06 0.000223605 -0.00786105 -4.90931e-05 8.37016e-05 -0.00791524 8.63589e-05 0.000197255 -0.00775647 
0.000231452 6.22752e-05 -0.0078035 0.00028682 0.000159294 -0.007785 -0.000105476 0.000313397 -0.00775192 
-0.000229858 0.000239768 -0.00773092 -2.46002e-05 0.000327188 -0.0076823 8.0376e-05 0.000327023 -0.00775282 
0.000215516 0.000255651 -0.00777574 -0.000202299 -0.000262937 -0.00755655 -6.03289e-05 -0.000326198 -0.00756798 
4.27546e-05 -0.000329163 -0.0075503 -3.33403e-05 -0.000216836 -0.00768665 0.000137433 -0.000300769 -0.00756355 
0.000228103 -0.0002351 -0.0076497 -0.000313223 -0.000111099 -0.00758251 -0.000266946 -0.00019536 -0.00763206 
-9.26192e-05 -0.000183233 -0.00758928 -0.000188489 -8.2844e-05 -0.00767825 -5.03885e-05 -0.00012011 -0.0077306 
4.83497e-05 -0.00021618 -0.00762682 7.72103e-05 -8.62974e-05 -0.00769161 0.000140818 -0.000176758 -0.00762171 
0.000318964 -0.000104528 -0.00761026 0.000274907 -0.00018278 -0.00754006 -0.00033094 2.96557e-05 -0.0076159 
-0.000211351 2.23559e-05 -0.00772984 -0.000128926 4.42668e-05 -0.00766992 -1.31695e-05 -4.02869e-05 -0.00768237 
3.97405e-05 3.33747e-05 -0.00772425 0.000242593 1.39618e-05 -0.00769849 0.000204003 -7.9981e-05 -0.00772834 
0.000150396 1.46981e-05 -0.00765407 0.000333876 -2.2043e-05 -0.00754832 -0.000258704 0.000208732 -0.00756418 
-0.000308342 0.000125118 -0.00756133 -0.000141594 0.000175618 -0.00772258 -0.00020835 0.000104747 -0.00763857 
-1.88086e-06 0.000232332 -0.00765775 -5.84062e-05 0.000127448 -0.00765969 0.000136453 7.98234e-05 -0.00776011 
0.000146398 0.000174448 -0.00767637 0.000199877 9.89302e-05 -0.00760431 4.41265e-05 0.000107835 -0.00765465 
0.000317254 8.86524e-05 -0.00754064 0.000293267 0.000143684 -0.00765368 0.000278667 0.000181863 -0.00755438 
-0.000167608 0.000283086 -0.00753643 -0.000144286 0.000304302 -0.00765129 -6.18279e-05 0.000326454 -0.00758955 
8.84902e-05 0.000324422 -0.00756649 0.000109922 0.000311711 -0.00765607 0.000180589 0.000283003 -0.00755142 
0.000201532 0.000259893 -0.0076464 -0.000124253 -0.00030798 -0.00746642 -0.000203476 -0.000259406 -0.00742901 
-0.000133899 -0.000303448 -0.00737042 -2.98219e-05 -0.000330122 -0.00743543 8.98462e-05 -0.00031962 -0.00746266 
0.00023577 -0.000238378 -0.0074704 -0.000262883 -0.00019956 -0.00750872 -0.000268907 -0.000192611 -0.00738867 
-0.000318549 -9.19574e-05 -0.00739362 -0.000320201 -8.6184e-05 -0.00749015 -0.000126918 -0.000186344 -0.00746425 
-0.000204061 -0.000116314 -0.00749568 -0.000116017 -6.32027e-05 -0.00749615 -1.88698e-05 -0.000239531 -0.00752439 
-1.79352e-05 -7.85697e-05 -0.00757841 5.50451e-05 -0.000141356 -0.00753951 0.000141947 -8.72457e-05 -0.00757441 
0.000106819 -0.00020376 -0.00747263 0.000199073 -0.000140109 -0.00747192 0.000320696 -9.07418e-05 -0.00746402 
-0.000331645 2.18472e-05 -0.00738927 -0.000323223 6.26668e-05 -0.00749565 -0.000225774 -3.06792e-05 -0.00755632 
-0.000122764 -5.56781e-05 -0.00759882 -0.000223556 4.18937e-05 -0.00748286 -0.000119351 8.55385e-05 -0.00754664 
-9.77173e-06 2.93147e-05 -0.00758815 7.90902e-05 -1.26279e-05 -0.0075399 -2.18988e-05 -1.94324e-05 -0.00745875 
0.000108997 8.14726e-05 -0.00756023 8.68333e-05 5.46455e-05 -0.00746349 0.000206001 -2.24232e-05 -0.0075142 
0.000331046 1.92336e-05 -0.00740996 -0.000274031 0.000187914 -0.00746118 -0.000313003 0.000117413 -0.00738232 
-0.000160032 0.000182969 -0.00759473 -8.80062e-05 0.000194837 -0.00748616 -3.03551e-05 0.000131028 -0.00755224 
4.72747e-05 0.000223976 -0.0074698 6.19129e-05 0.000170421 -0.00755759 0.000308486 0.000115279 -0.00744968 
0.000254113 0.000212466 -0.00746293 -0.000229823 0.000239347 -0.00738754 -0.000133261 0.000304867 -0.00736814 
-4.78623e-05 0.000331093 -0.00743841 5.37166e-05 0.000327287 -0.00747291 0.000179518 0.000278656 -0.0074447 
-0.000146911 -0.000295924 -0.00727548 -0.000224923 -0.000240004 -0.00730963 7.21072e-05 -0.000321596 -0.00727149 
-2.2658e-05 -0.000330915 -0.00729258 0.000174404 -0.000287373 -0.00725114 0.000181564 -0.000281485 -0.00735807 
-0.000296816 -0.000149157 -0.00730415 -0.000108499 -0.000207213 -0.00735477 -0.000182221 -0.000135029 -0.00733726 
-6.79046e-05 -9.04894e-05 -0.00734098 3.95161e-05 -5.15243e-05 -0.00737565 0.000140152 -0.000168289 -0.00733554 
0.000210341 -7.53947e-05 -0.00735434 0.000294549 -0.000159699 -0.00725547 0.00023991 -0.000229945 -0.0072796 
0.00027244 -0.000193219 -0.0073537 -0.000322106 7.61167e-05 -0.00729847 -0.00033146 -1.92559e-05 -0.00729843 
-0.0002182 7.82529e-05 -0.00735615 -0.000128744 6.25902e-05 -0.00744475 -0.000119505 4.39567e-05 -0.00732956 
6.07562e-05 7.41407e-05 -0.00735608 0.000237072 4.18466e-05 -0.0074393 0.000112858 -8.11786e-05 -0.00745961 
0.000333087 -6.2055e-05 -0.00729913 0.000329593 3.01359e-05 -0.00727293 -0.000284683 0.000176845 -0.00725708 
-0.000140174 0.000147434 -0.00738635 -1.1445e-06 0.000119876 -0.00743225 -3.64839e-05 0.000207099 -0.0073573 
0.000118027 0.000158117 -0.00738956 0.000283715 0.000173027 -0.00734617 0.000287306 0.000171439 -0.00723978 
-0.000209758 0.000260701 -0.00729224 -9.95759e-05 0.000315282 -0.00727516 -3.75145e-06 0.000332124 -0.00729776 
9.21815e-05 0.000323373 -0.00736064 0.00014421 0.00030075 -0.00723835 0.000219316 0.000246593 -0.00730979 
-8.10211e-05 -0.000320751 -0.00709082 -0.000168296 -0.000286447 -0.00710197 -7.36046e-05 -0.000320658 -0.00719426 
5.71343e-05 -0.000322954 -0.00713673 0.00022614 -0.000249625 -0.00712262 -0.000246456 -0.000222561 -0.0072104 
-0.000320776 -8.37499e-05 -0.00718111 -0.000262127 -0.000199706 -0.00711461 -6.45242e-05 -0.000169279 -0.0072714 
1.54143e-05 -0.000232228 -0.00727744 -6.56559e-05 -0.000152914 -0.00716354 2.1338e-05 -0.000121361 -0.0072424 
0.000131837 -0.000174234 -0.00720993 0.00027919 -0.000172872 -0.00716285 0.000321175 -8.34296e-05 -0.00711479 
-0.000335009 3.31623e-05 -0.00708465 -0.00032948 4.29429e-05 -0.00720917 -0.000205402 6.88019e-05 -0.00723767 
-0.000226619 -4.76084e-05 -0.00721688 -7.78653e-05 -3.16618e-05 -0.00720933 -2.32856e-05 2.81518e-06 -0.00730953 
-4.25055e-05 8.74178e-05 -0.00722893 3.03767e-05 -1.64362e-05 -0.00722518 0.000109597 -4.0833e-06 -0.00730324 
0.000200236 -1.77442e-05 -0.00720016 0.000132297 6.09784e-05 -0.00718739 0.000329009 3.66783e-05 -0.00717798 
-0.000245297 0.000223898 -0.00709677 -0.000302136 0.000133445 -0.00707291 -0.000121432 0.000194763 -0.00729492 
-0.000116069 0.000136007 -0.00715331 -2.80245e-05 0.000112502 -0.00732524 5.04178e-05 0.000123056 -0.00724318 
6.31905e-05 0.000226859 -0.00728638 0.000182902 0.000120894 -0.00731337 0.000179834 0.000155166 -0.00715616 
0.000288812 0.000170616 -0.00713907 -0.000230725 0.000238423 -0.00719738 -0.000114693 0.000311133 -0.00717772 
-5.32026e-05 0.000331427 -0.0070998 4.16254e-05 0.000325648 -0.0071623 4.76306e-05 0.000223651 -0.00715122 
0.000218566 0.000246038 -0.00720112 0.000138682 0.00030819 -0.00707449 -0.000142851 -0.000299229 -0.00693553 
6.35452e-05 -0.000323075 -0.00692915 -1.66287e-05 -0.000328471 -0.00699329 -5.2803e-05 -0.00022885 -0.00702922 
0.000106035 -0.000319549 -0.00702613 0.000189679 -0.00027318 -0.00695647 -0.000319166 -8.97026e-05 -0.00702328 
-0.000247917 -0.00021487 -0.00697916 -0.00013646 -0.000171224 -0.00707683 5.84782e-05 -0.000177843 -0.00710075 
0.000172917 -0.000129491 -0.00711858 0.000102907 -9.58502e-05 -0.00705083 0.000274626 -0.0001834 -0.00702966 
0.000319976 -9.0269e-05 -0.00696624 -0.000331255 -1.93556e-05 -0.00695366 -0.000322489 7.20279e-05 -0.00698836 
-0.000172436 3.91064e-05 -0.00714108 -0.000183167 -5.92758e-05 -0.00711795 -0.00021914 5.20389e-05 -0.0070451 
-0.000120327 -2.54171e-05 -0.00701535 2.49894e-06 -7.08465e-05 -0.00713868 4.22774e-05 3.29282e-05 -0.00712868 
-3.49297e-05 -8.23212e-05 -0.00703698 -7.64244e-05 4.91523e-05 -0.00707297 3.87158e-05 1.64529e-05 -0.00702223 
0.000101308 -4.69368e-05 -0.00715908 0.00023236 -2.364e-05 -0.00708954 0.000140796 2.72876e-05 -0.00707361 
0.000329057 3.1141e-05 -0.00693953 0.00032932 7.18597e-05 -0.00704143 -0.000289321 0.000155615 -0.00691048 
-0.000271275 0.000191813 -0.00700001 -0.000128633 0.000182915 -0.00705271 7.61159e-05 0.00012716 -0.00713338 
-3.85911e-05 0.000199252 -0.00710447 1.57109e-05 0.000111111 -0.00704634 0.000195355 0.000116006 -0.00705919 
9.03075e-05 0.000178204 -0.0070299 0.000235977 0.000228111 -0.0070359 0.000280529 0.000177034 -0.00696602 
-0.000100291 0.000315357 -0.00700143 -0.000174703 0.000277676 -0.00705608 2.13045e-05 0.000334789 -0.00700895 
0.000106476 0.000311811 -0.00697639 0.000191577 0.000275762 -0.0069127 -0.000115667 -0.000307592 -0.00681078 
-5.86985e-05 -0.000326963 -0.00689665 5.77368e-05 -0.000322925 -0.00682184 0.000183126 -0.000279404 -0.00683274 
-0.0002981 -0.000145788 -0.00690558 -0.000269442 -0.000192486 -0.00676916 -0.000251936 -0.000217487 -0.00686934 
-0.000308781 -0.000122876 -0.00680759 -0.000141734 -0.000136677 -0.00696885 -0.000121607 -0.000184246 -0.00685454 
-0.000200699 -0.000108782 -0.00689053 -4.11613e-05 -0.000160553 -0.00694964 5.24394e-05 -0.00012366 -0.006964 
6.41275e-05 -0.000222347 -0.00700835 9.54611e-06 -0.000203085 -0.00686823 -2.81498e-05 -8.98915e-05 -0.00686862 
0.00016006 -0.000126508 -0.00695447 0.000132206 -0.000176006 -0.00686075 0.000246025 -0.00022028 -0.00690063 
0.000312962 -0.00011686 -0.00685791 -0.000330721 -2.92246e-05 -0.0067831 -0.000322809 5.77722e-05 -0.00686845 
-0.000208519 -6.24381e-05 -0.00697946 -0.000215966 4.95138e-05 -0.00690587 -5.83051e-05 8.13309e-06 -0.00692871 
4.22747e-05 5.59377e-05 -0.00691684 8.89479e-05 -5.78413e-05 -0.00688822 0.000152376 1.54126e-05 -0.00694846 
0.000332111 -2.48457e-05 -0.0068367 -0.000274061 0.000188432 -0.00681762 -0.000125026 6.84206e-05 -0.00697669 
-0.000175682 0.00013099 -0.00681565 -0.000100011 0.000212937 -0.00687772 -4.03739e-05 0.000215309 -0.00698953 
-4.01099e-05 0.00012633 -0.00693095 1.52286e-05 0.000212516 -0.00689267 0.000210011 0.000106918 -0.00690321 
0.000111063 0.000191118 -0.0069201 0.000289865 0.000164085 -0.0068704 0.000252125 0.00022222 -0.00676598 
-0.000229197 0.000239931 -0.00689045 -0.000184091 0.000276434 -0.00680236 -9.84415e-05 0.000315761 -0.00683501 
5.49361e-05 0.000327127 -0.00680085 -8.68675e-06 0.000332059 -0.00687757 0.000147238 0.000297557 -0.00681163 
-0.000205829 -0.000260305 -0.00674095 -8.25884e-05 -0.000320377 -0.00663843 -0.000198132 -0.000265989 -0.00664148 
3.86814e-05 -0.000329694 -0.00662094 -2.56664e-05 -0.000329093 -0.00673498 0.000132459 -0.000302654 -0.00673259 
0.000138933 -0.000300375 -0.00663425 -0.000297633 -0.000148643 -0.00668147 -0.000113501 -0.00021209 -0.00670296 
-0.000212705 -0.0001101 -0.00678012 -4.43361e-05 -0.000188407 -0.00677669 3.54318e-05 -0.000153697 -0.00671573 
-6.00897e-05 -7.73134e-05 -0.00677277 0.000209897 -0.000116268 -0.00680544 0.000130371 -0.000173284 -0.0067567 
0.000253779 -0.000213079 -0.00674983 0.000288203 -0.000168428 -0.00666533 0.000304479 -0.000134753 -0.00675834 
-0.000323179 5.74589e-05 -0.006736 -0.000332982 -4.98962e-05 -0.00667645 -0.000240051 -2.64576e-05 -0.00684136 
-0.000124934 -4.35316e-05 -0.00687215 -9.40673e-05 5.62605e-05 -0.00682648 1.99554e-05 7.6975e-06 -0.00681494 
-5.53305e-05 1.59038e-05 -0.00672919 0.000141541 1.61768e-05 -0.00683402 8.11222e-05 8.89352e-05 -0.00674565 
8.22882e-05 -6.46251e-05 -0.00675919 0.000327568 -5.20643e-05 -0.00664964 0.000330502 -2.71944e-05 -0.00674154 
-0.000290793 0.000152525 -0.00661194 -0.000289121 0.000155903 -0.00671425 -0.000120326 0.000211352 -0.00676081 
-9.19108e-05 0.000121748 -0.00672549 6.10513e-05 0.000193924 -0.00680094 -7.91752e-06 0.000112255 -0.006804 
3.24683e-05 0.000239287 -0.00669726 0.000203898 9.95596e-05 -0.00677861 9.80327e-05 0.000109712 -0.00684578 
0.00031396 0.000110282 -0.00675689 0.000321336 9.08606e-05 -0.00665059 0.000278781 0.000180834 -0.00666818 
-0.000150606 0.000299429 -0.00668538 -0.000227931 0.00024119 -0.00671975 -0.000228948 0.000240163 -0.00661979 
-2.77178e-05 0.000327528 -0.00675073 5.6702e-05 0.00032431 -0.00664026 0.000167132 0.00028782 -0.00671498 
-0.000138803 -0.00030112 -0.00655819 -1.74874e-05 -0.000328248 -0.00653843 8.39904e-05 -0.000320901 -0.00646152 
0.000187371 -0.000271994 -0.00648463 0.000236455 -0.000231401 -0.00660197 -0.000246007 -0.000223129 -0.00653717 
-0.000298115 -0.000147697 -0.00649929 -0.000189372 -0.00011142 -0.00658298 -0.000137184 -0.000197596 -0.00655907 
-9.14394e-05 -7.03314e-05 -0.00657667 1.60091e-05 -0.000223002 -0.00662241 -2.46703e-05 -7.2826e-05 -0.00667617 
-7.63624e-06 -0.000127931 -0.00656041 0.000110871 -0.000148942 -0.00664917 0.000204483 -7.24202e-05 -0.00664336 
0.000157346 -0.000177623 -0.00655012 0.00029282 -0.000156031 -0.00654915 -0.000324297 -7.42988e-05 -0.00657321 
-0.000324016 5.13827e-05 -0.00656984 -0.000331359 2.41268e-05 -0.00647367 -0.000206008 -2.8874e-06 -0.00660174 
-0.000137304 -4.11976e-05 -0.00670071 -0.000116875 5.97628e-05 -0.00661663 5.9993e-07 1.14596e-05 -0.00658738 
0.000239731 2.07064e-05 -0.00669133 8.42248e-05 -3.51793e-05 -0.00664165 0.000329498 -3.65998e-05 -0.00653683 
0.000325755 5.91536e-05 -0.00650422 -0.000269086 0.000196016 -0.00650739 -0.000189043 9.9366e-05 -0.00670577 
-0.000134525 0.000201059 -0.00663046 -3.09271e-06 9.68683e-05 -0.00668215 -4.69293e-05 0.000234529 -0.00656849 
0.000204641 0.00010886 -0.0066278 0.000132663 0.000188503 -0.006598 8.10698e-05 6.60197e-05 -0.00662397 
0.000273179 0.000181593 -0.00648146 0.000249899 0.000221058 -0.00657006 -9.70552e-05 0.000315969 -0.0065359 
-0.000186006 0.000275147 -0.00651573 -8.58036e-06 0.000332484 -0.00649482 -2.57493e-05 0.000327421 -0.00659986 
0.000104501 0.00031613 -0.00650464 0.000181403 0.000277091 -0.00655481 -8.27179e-05 -0.000320959 -0.00645672 
-9.35575e-05 -0.000318973 -0.00631688 -0.000143066 -0.000297874 -0.00639785 -0.000203913 -0.000261649 -0.0063286 
-9.14226e-06 -0.000332242 -0.00638437 0.000135939 -0.000298394 -0.00638009 0.000243322 -0.000230883 -0.00636306 
-0.000264472 -0.000196923 -0.00642611 -0.000297619 -0.000149349 -0.0063414 -0.000318782 -8.88575e-05 -0.00643073 
-0.000136685 -0.000141104 -0.00646249 5.32465e-05 -0.000217159 -0.00648305 -3.85402e-05 -0.000227651 -0.0064308 
8.41069e-05 -0.00011494 -0.00651619 -1.518e-05 -0.000129152 -0.00645909 0.000149683 -0.000165079 -0.00642816 
0.000267849 -0.000194674 -0.00645607 0.000297541 -0.000156869 -0.00637166 -0.00032339 6.28955e-05 -0.00635341 
-0.000330246 -3.31589e-05 -0.00631129 -0.000200112 -4.62467e-06 -0.00644838 -0.000114032 4.49139e-05 -0.00651057 
-8.28427e-05 -5.21913e-05 -0.00647354 7.75539e-08 3.00329e-05 -0.00648655 -2.34963e-05 -5.74593e-05 -0.00638887 
0.000195511 -1.13961e-05 -0.00648534 0.000105403 4.35867e-06 -0.00653142 0.000121833 3.44157e-05 -0.00639746 
0.000329702 2.92572e-05 -0.00641096 0.000326228 -6.66646e-05 -0.00643593 -0.000239299 0.000229908 -0.00641835 
-0.000304204 0.000131174 -0.00642489 -0.00017042 0.000150812 -0.00651673 -7.56761e-05 0.000200098 -0.0063882 
-5.1917e-05 0.000134997 -0.00655059 2.51848e-05 0.000192078 -0.00650982 1.96735e-05 4.3462e-05 -0.0063686 
0.000180797 0.000123801 -0.00649586 8.65144e-05 9.05353e-05 -0.00648133 0.000191083 0.000145098 -0.00638029 
8.50222e-05 0.000180327 -0.00642996 0.000234551 0.000230656 -0.00635124 0.000295016 0.000158406 -0.00636863 
-9.41673e-05 0.000316496 -0.00640762 -0.000174352 0.000277886 -0.00633837 1.07207e-05 0.000336208 -0.00634513 
0.000196047 0.00026341 -0.00645019 0.000148447 0.00029309 -0.00635376 -0.000193216 -0.00026976 -0.00622999 
-8.32912e-05 -0.00032013 -0.00622251 5.75624e-05 -0.000322931 -0.00621026 0.000188021 -0.000273772 -0.00616808 
0.000110755 -0.000312296 -0.00629245 0.000192239 -0.000270491 -0.00628803 -0.000298135 -0.000148033 -0.00622368 
-0.00021418 -6.8805e-05 -0.00623583 -6.80431e-05 -0.00012114 -0.00628669 -4.25937e-05 -0.000226281 -0.00632739 
5.13522e-05 -0.00018088 -0.00638208 2.50467e-05 -0.000162762 -0.00628606 0.000117175 -0.000204148 -0.00629645 
0.000193604 -0.000127473 -0.00624324 0.000291192 -0.000159344 -0.00627194 -0.000326384 5.27031e-05 -0.0062494 
-0.000331209 -1.98162e-05 -0.00618074 -0.000225298 6.00893e-05 -0.00633359 -0.00022638 -8.7864e-05 -0.00638546 
-0.000136855 -5.8988e-05 -0.00634934 -0.000148463 2.33261e-05 -0.00627682 -5.96585e-05 6.19109e-06 -0.00632062 
7.5088e-06 -4.47573e-05 -0.00626372 6.86955e-05 -5.53342e-05 -0.00634594 8.86204e-05 2.73476e-05 -0.00628324 
0.000216343 -1.935e-05 -0.00628207 0.00022335 4.01529e-05 -0.00639376 0.000330215 -2.76654e-05 -0.00627013 
-0.000298987 0.000138851 -0.00616882 -0.000291111 0.000151875 -0.00627845 -0.000247944 0.000221419 -0.00619206 
-0.000109524 0.000106723 -0.00641843 -0.000175618 0.000148589 -0.00632024 -7.45143e-05 0.0002179 -0.00628903 
2.54054e-05 0.000193283 -0.00633996 6.21072e-05 0.000146518 -0.00625353 0.000124426 0.000193901 -0.00632282 
0.000211117 9.55882e-05 -0.00629057 0.000319448 8.73381e-05 -0.00626623 0.000270297 0.000196371 -0.00628417 
-0.000169366 0.000280909 -0.00619748 -8.87619e-05 0.000317342 -0.00615684 -0.000102388 0.000314333 -0.00627974 
4.97751e-05 0.000327936 -0.00616094 7.64087e-05 0.000326701 -0.00625375 -1.83585e-05 0.000327613 -0.00623379 
0.000181325 0.000277369 -0.00624582 0.000232259 0.000232703 -0.00618407 -0.000147936 -0.00029664 -0.00606139 
6.67465e-05 -0.000322123 -0.00604948 -3.54083e-05 -0.000329809 -0.00609994 0.000109855 -0.000309355 -0.00612923 
0.000220169 -0.000250207 -0.00605371 -0.000268166 -0.000192675 -0.00608455 -0.000319085 -8.72771e-05 -0.00604644 
-0.000134103 -0.000181212 -0.00620849 -0.000213736 -0.000102069 -0.00613989 7.64584e-05 -0.00020275 -0.00619724 
-3.56365e-05 -0.000223581 -0.00620652 -8.72919e-06 -0.000128075 -0.00616598 9.1077e-05 -8.58178e-05 -0.0062048 
0.000171237 -0.000160815 -0.00610087 0.000268754 -0.000206783 -0.00612801 0.000309064 -0.000114447 -0.0060923 
-0.000326918 5.18368e-05 -0.00604821 -0.000195083 1.22948e-05 -0.00616737 -0.000115235 -5.4633e-05 -0.00622057 
7.04792e-05 2.75881e-05 -0.00618404 -2.98496e-05 1.29219e-05 -0.00619152 0.000190796 2.17265e-05 -0.00617251 
0.000201081 -7.62352e-05 -0.0061483 0.000331807 -2.37747e-05 -0.00604701 0.000332561 4.97238e-06 -0.0061426 
-0.000242918 0.000225273 -0.00609074 -0.000208803 0.000112998 -0.00613145 -0.000138353 0.000176664 -0.00616494 
-9.45022e-05 8.57972e-05 -0.00615802 -4.08569e-05 0.000122379 -0.00625499 3.07634e-05 0.000134013 -0.00614556 
-1.23395e-05 0.000205105 -0.00608672 9.38105e-05 0.000205415 -0.00608319 0.0001913 0.00012818 -0.00614442 
0.000320881 8.15977e-05 -0.00605027 0.000272729 0.00019108 -0.00602705 0.000296119 0.000146108 -0.00614298 
-0.000155503 0.000293831 -0.00608698 -4.08773e-05 0.000212131 -0.00618989 -6.31963e-06 0.00033209 -0.0060469 
0.000173443 0.000281166 -0.00612785 0.000182866 0.000276554 -0.00602114 -0.000128645 -0.000306244 -0.00592529 
-0.000204122 -0.000261457 -0.00586606 4.69596e-05 -0.000328636 -0.00589493 -3.75442e-05 -0.000329754 -0.00600011 
0.000139555 -0.000300041 -0.00588117 0.000185846 -0.000274282 -0.00595716 -0.000289296 -0.000169215 -0.00587859 
-0.000266692 -0.000194617 -0.00598524 -0.00031641 -0.000100743 -0.00594744 -0.000101467 -0.000204975 -0.0060624 
-9.61823e-05 -0.000107691 -0.00610546 -0.000174687 -0.000144381 -0.00598285 -9.43015e-05 -0.000212413 -0.00591105 
1.25832e-05 -0.000181432 -0.00603076 0.000185589 -0.00013464 -0.00596142 9.60269e-05 -0.000218012 -0.0059827 
0.000303807 -0.00014356 -0.00596491 0.000301827 -0.000143635 -0.00586614 -0.000328506 -6.37406e-06 -0.00589972 
-0.000217387 2.92764e-05 -0.00606914 -0.000238955 3.52246e-05 -0.00596785 -0.000160436 -4.73656e-05 -0.00602904 
-0.000124188 5.47376e-05 -0.00602643 5.71269e-05 6.00436e-05 -0.00608204 -4.32082e-05 -2.58513e-06 -0.0060903 
3.61886e-05 -7.13334e-05 -0.00604717 -4.1932e-05 -3.94993e-06 -0.00598423 0.0001469 -6.17866e-05 -0.00606115 
0.000147523 9.58284e-05 -0.00605181 0.000223397 2.60974e-05 -0.00606099 8.6467e-05 7.69412e-06 -0.00599962 
0.000331607 -6.01281e-07 -0.00590273 0.000221918 -4.37823e-06 -0.00596236 -0.000269028 0.000192008 -0.00598017 
-0.000306977 0.000128486 -0.00586358 -0.000317097 0.000112427 -0.00596624 -0.000139701 0.000161999 -0.00605347 
-0.00020033 0.000128603 -0.0059419 -3.6175e-05 0.000221852 -0.00597611 -4.3497e-05 0.000106335 -0.00606207 
4.005e-05 0.000119979 -0.00596576 0.000110567 0.000218605 -0.00598124 0.000283785 0.000164996 -0.00588447 
0.000320429 9.08338e-05 -0.00594766 -9.43852e-05 0.00031676 -0.0059842 -0.000205972 0.000262753 -0.00588949 
-7.68607e-06 0.000331982 -0.00594592 -5.63715e-05 0.000331946 -0.00586072 7.66874e-05 0.000323154 -0.00599682 
0.000184763 0.000277422 -0.00592227 -8.12603e-05 -0.000320165 -0.00583841 -9.31909e-05 -0.000319339 -0.00572011 
-0.000181235 -0.000283783 -0.00575577 -1.84566e-05 -0.000328029 -0.00576547 0.000223535 -0.000245658 -0.00571489 
0.00023067 -0.000242148 -0.00583144 0.000129525 -0.000303438 -0.0057815 -0.000252724 -0.000214189 -0.00579122 
-0.000316292 -0.000101442 -0.00573314 -0.00032119 -8.26815e-05 -0.00583759 -0.000191016 -0.000152249 -0.00586013 
-0.00011249 -0.000211252 -0.00576763 -7.68523e-05 -0.000109065 -0.00582615 -2.5954e-05 -0.000133767 -0.00595051 
1.45288e-05 -0.000152724 -0.00581764 9.09488e-05 -0.000125669 -0.00592841 0.00021892 -8.05252e-05 -0.00580329 
0.000306805 -0.000132583 -0.00575893 -0.000321851 7.26842e-05 -0.00578203 -0.000239726 3.59528e-05 -0.00586371 
-0.000143083 -5.08261e-05 -0.00593033 -0.000136361 5.12525e-05 -0.00590808 -0.000180864 -5.45265e-05 -0.00581698 
1.67832e-05 5.13798e-05 -0.00589479 1.47486e-05 -5.09362e-05 -0.00590383 -7.02865e-05 -1.21486e-05 -0.0058569 
0.000174276 -6.2001e-05 -0.00589227 0.000131411 8.67907e-06 -0.00582894 0.000329773 -2.88673e-05 -0.00581191 
0.000326918 5.44062e-05 -0.00573653 0.000234848 6.31898e-06 -0.00574566 -0.000285444 0.000178659 -0.00577956 
-0.000145636 0.000148662 -0.00585999 3.82335e-05 0.000238969 -0.00590412 6.21054e-05 0.00012359 -0.00584058 
-5.61626e-05 0.000220901 -0.00586695 -5.35093e-05 0.000111201 -0.00584443 0.000216604 7.91649e-05 -0.00590445 
0.000147352 0.000174692 -0.0058948 0.000191958 0.000134254 -0.00580692 0.000263227 0.000202614 -0.00574589 
-0.000142854 0.000299697 -0.00582873 -0.000205715 0.000261467 -0.00576606 -5.11269e-05 0.00033241 -0.00573583 
6.94533e-05 0.000323527 -0.0057181 0.000171814 0.000277395 -0.00570903 0.000117335 0.000308025 -0.0058168 
0.000216589 0.000246131 -0.00582245 -0.000230042 -0.000239219 -0.00567057 -8.92819e-05 -0.000319382 -0.00561469 
5.6897e-05 -0.000323003 -0.00569448 4.266e-05 -0.000329078 -0.0055962 0.000137819 -0.000301277 -0.00559172 
-0.000304209 -0.000129219 -0.00563137 -0.000185452 -0.00013344 -0.00567649 2.48209e-05 -0.000235347 -0.00574632 
-4.88202e-05 -0.000143502 -0.00572342 -6.68846e-05 -0.000215058 -0.00563627 3.62625e-05 -0.000145062 -0.00566634 
0.000122264 -0.000210472 -0.00573613 0.000101342 -9.0754e-05 -0.00577821 0.000224371 -8.74078e-05 -0.005696 
0.000128049 -9.20403e-05 -0.00563566 0.000319656 -8.60758e-05 -0.00564336 0.000278934 -0.00018462 -0.00566415 
0.000241596 -0.000227593 -0.00557468 -0.000331531 -1.44346e-05 -0.00568634 -0.000321728 7.60534e-05 -0.00562841 
-0.000331603 -1.36794e-05 -0.00558634 -0.000223301 -2.54602e-05 -0.00562209 -0.000229038 4.92295e-05 -0.00574872 
-0.000111103 -6.25457e-05 -0.00573643 -0.000154676 2.81335e-05 -0.00568556 3.6976e-05 3.08911e-05 -0.00578815 
4.18112e-06 -5.78669e-05 -0.00574596 -5.28776e-05 2.62306e-05 -0.00574184 -4.99875e-05 1.20722e-05 -0.00563526 
0.000121609 -1.15081e-05 -0.0056994 0.000237416 3.35664e-05 -0.00563697 0.000336427 1.0177e-05 -0.00565114 
-0.000282616 0.000180652 -0.00567493 -0.000132473 7.52588e-05 -0.00577741 -0.000164001 0.000153008 -0.0056998 
-0.000223729 9.6132e-05 -0.00564006 -6.69917e-05 0.000218904 -0.0057013 9.70123e-06 0.000123765 -0.00574301 
6.63322e-05 0.000214887 -0.00575594 -6.94998e-05 0.000105915 -0.0056714 3.78221e-05 0.000188013 -0.00566228 
3.49819e-05 8.13979e-05 -0.00565514 0.000164598 9.03052e-05 -0.00569382 0.000139197 0.000190584 -0.00566355 
0.00031658 8.73544e-05 -0.00559554 0.000236454 0.00022762 -0.0056029 0.00029269 0.00015272 -0.00566466 
-9.04898e-05 0.000316314 -0.0056417 -0.000206163 0.000261632 -0.00566457 -0.000227798 0.000241228 -0.0055706 
-2.95183e-05 0.000329306 -0.0055523 7.71891e-05 0.000323127 -0.00561843 0.000174579 0.00028142 -0.00556251 
-0.00021394 -0.000248575 -0.00551795 -0.000137156 -0.000302093 -0.00546939 -0.000224711 -0.000243487 -0.00541582 
-4.3097e-05 -0.000329234 -0.00552668 5.10191e-05 -0.000321921 -0.00549057 -3.66892e-05 -0.0003297 -0.00541919 
0.000222536 -0.000253294 -0.00542688 0.000180243 -0.000275592 -0.00550852 0.000129096 -0.000303761 -0.00540385 
-0.000276563 -0.000178754 -0.00548189 -0.000316968 -0.000114093 -0.00540997 -0.000320411 -8.53668e-05 -0.0055056 
-0.000125105 -0.000201541 -0.00555132 -0.000175729 -0.000105588 -0.00557667 1.80512e-05 -0.000226325 -0.00554278 
-5.48134e-05 -9.16505e-05 -0.0056352 -3.93983e-05 -0.000142162 -0.00554059 0.000100599 -0.000206767 -0.00559847 
0.000195372 -0.000136592 -0.00556671 6.30195e-05 -0.000125273 -0.00554741 0.000146722 -0.00018024 -0.00545217 
0.000289003 -0.00016306 -0.00542408 0.000315947 -0.000100837 -0.00549755 -0.000330907 3.10355e-05 -0.00549665 
-0.000215524 -1.71079e-05 -0.00550407 -9.75397e-05 -5.69371e-05 -0.00551798 -0.000117717 3.34646e-05 -0.00556051 
3.01886e-05 -4.35089e-05 -0.0056015 2.18451e-06 -5.8927e-05 -0.0055002 -1.31001e-05 4.07824e-05 -0.0055456 
6.58093e-05 2.00203e-05 -0.00548753 0.000107168 4.06703e-05 -0.00558521 0.000234975 -1.35778e-05 -0.00554661 
0.000163452 4.32829e-05 -0.00549351 0.00012945 -4.63184e-05 -0.00553827 0.00032822 3.43186e-05 -0.00549742 
0.000329878 -3.2736e-05 -0.00540623 -0.000268202 0.000196268 -0.00548732 -0.000309727 0.000124809 -0.00553736 
-0.000307033 0.000129321 -0.00542208 -0.000142002 0.000142918 -0.00558659 -8.45e-05 0.000226123 -0.00557449 
-0.000206778 8.56889e-05 -0.00551806 -8.1169e-05 0.000210503 -0.00544032 -8.98377e-05 0.000118517 -0.00549227 
-2.40428e-05 0.00014552 -0.00557106 1.81117e-05 0.000226103 -0.0055096 0.000191958 0.000120362 -0.00558292 
8.47153e-05 0.000143553 -0.00558375 9.36774e-05 0.00012395 -0.00548271 0.000280424 0.000177899 -0.00549315 
-8.72592e-05 0.000317832 -0.00545384 -0.000160624 0.000286919 -0.00550175 7.09021e-05 0.000324095 -0.00546708 
0.000181032 0.000282296 -0.00546353 -0.000231574 -0.000235683 -0.00528318 -0.000145059 -0.000297601 -0.00532794 
-4.25032e-05 -0.000329236 -0.00527032 3.30833e-05 -0.000330229 -0.00534764 -3.26894e-05 -0.000240916 -0.00536589 
0.000126427 -0.000303082 -0.00529399 0.000191183 -0.000272827 -0.00533552 -0.000318503 -9.3172e-05 -0.00527903 
-0.000280772 -0.000170831 -0.00532839 -9.05016e-05 -0.000214416 -0.00544923 -0.000159504 -0.000136064 -0.00547444 
-0.000157879 -0.000171184 -0.00537036 5.14169e-05 -0.000215667 -0.00541508 -6.44083e-05 -0.000115663 -0.00544055 
5.58349e-05 -0.000109503 -0.00541242 1.40024e-05 -0.000159781 -0.0053243 0.00019486 -0.000120581 -0.00537792 
0.000117834 -0.000203775 -0.00534015 0.000271543 -0.00018925 -0.00530544 0.000315706 -9.91365e-05 -0.0053022 
-0.000328534 8.57752e-06 -0.0053621 -0.000330652 3.57891e-05 -0.0052588 -0.000239478 4.37444e-05 -0.00541104 
-0.000115854 2.31013e-05 -0.00546086 -0.000198432 -6.93756e-05 -0.00540114 -1.38186e-05 5.39434e-05 -0.00543669 
-4.36785e-05 -2.90814e-05 -0.00538667 5.67989e-05 -1.07826e-05 -0.00538864 0.000233486 -6.2255e-06 -0.00539828 
0.000141536 -5.66676e-05 -0.00543907 0.000130165 6.19055e-05 -0.00539906 0.000143181 1.82601e-06 -0.00531969 
0.00033256 5.0352e-06 -0.00529353 0.000329645 6.6556e-05 -0.00539803 -0.000267095 0.000198099 -0.00526714 
-0.000307386 0.000129272 -0.00532328 -0.000252893 0.000216244 -0.00538996 -0.000177522 0.000126277 -0.00542343 
-9.22605e-05 8.23235e-05 -0.00537029 -0.000102538 0.000206551 -0.00532324 8.09397e-06 0.000151792 -0.00543697 
4.88344e-05 8.22284e-05 -0.0053394 0.00018856 0.000141469 -0.00541572 8.75467e-05 0.000212346 -0.00541639 
0.000105044 0.000198932 -0.00530767 0.000290077 0.000169181 -0.0053982 0.000241543 0.000228309 -0.00527093 
0.00030386 0.000120211 -0.00530391 -0.000154581 0.00029148 -0.00533943 -5.73545e-05 0.000327563 -0.00535679 
4.29542e-05 0.000329749 -0.0053477 -7.22821e-06 0.000229989 -0.00536468 0.000155953 0.000296138 -0.00536839 
0.000229472 0.000236474 -0.00537315 0.000176233 0.00028034 -0.00527804 -9.14463e-05 -0.000318771 -0.00518439 
-0.000191539 -0.000270285 -0.00517814 4.28723e-05 -0.000329115 -0.00515164 4.37747e-05 -0.000238529 -0.00526605 
0.000124965 -0.00030437 -0.00519922 0.000191467 -0.000273684 -0.00520071 -0.00025397 -0.000207815 -0.00519585 
-0.000322263 -7.80891e-05 -0.00517865 -0.000178955 -0.0001314 -0.00527539 -8.83169e-05 -0.000108168 -0.00533207 
-8.81809e-05 -0.000204475 -0.00528998 -0.000118437 -0.000162997 -0.00520197 -0.000216618 -6.94995e-05 -0.00517827 
8.65299e-05 -8.21967e-05 -0.00531572 -1.73458e-05 -0.000165575 -0.00522375 0.00018395 -9.52488e-05 -0.00528115 
0.000149276 -0.000189728 -0.0052401 8.77844e-05 -0.00011626 -0.0051992 0.000270491 -0.000184277 -0.00511987 
0.000291924 -0.000162011 -0.0052221 0.00032153 -9.28373e-05 -0.00509924 -0.000330331 2.30275e-05 -0.00512112 
-0.000238018 -3.67719e-05 -0.00530793 -0.000220574 6.54715e-05 -0.00529795 -0.000136348 1.73788e-06 -0.0053277 
-0.000182713 1.68865e-05 -0.00521874 -0.000106501 -5.06845e-05 -0.00521177 -3.29317e-05 3.44515e-05 -0.00530551 
5.70163e-05 2.21214e-06 -0.00526586 -2.32968e-05 -5.9801e-05 -0.00526768 0.000215493 6.79098e-05 -0.00519329 
0.000137285 -2.91007e-05 -0.0052121 0.000328951 3.4765e-05 -0.00511143 0.000328684 -5.46501e-05 -0.00519708 
0.000233766 -8.43171e-06 -0.00527397 0.000229648 -4.58737e-05 -0.00517502 -0.00031568 9.28164e-05 -0.00518534 
-0.000265387 0.000201278 -0.0051624 -0.000175925 0.000156936 -0.00527369 -0.000112557 0.000195671 -0.00520118 
-0.000102615 9.12635e-05 -0.00524825 -0.000175617 0.000116592 -0.00517977 -2.74628e-05 0.000141249 -0.00530004 
9.27044e-06 0.000237854 -0.0052652 4.81961e-05 0.000139147 -0.00522933 0.000203535 0.000124378 -0.0053032 
0.000127083 7.35806e-05 -0.00524456 0.000136475 0.000196496 -0.00519511 0.000283555 0.000173978 -0.00520255 
0.000320868 8.64484e-05 -0.00521354 -0.000185656 0.000275485 -0.00514184 -9.89744e-05 0.000315404 -0.00523901 
-9.29314e-05 0.00031721 -0.00511797 -0.000185575 0.000275599 -0.00524193 6.33462e-05 0.000323478 -0.00524998 
3.96578e-05 0.000330944 -0.00515507 -2.17007e-05 0.000240841 -0.00516626 0.000223921 0.000242373 -0.0051118 
0.000138373 0.000306793 -0.00517354 -0.000214079 -0.000248489 -0.00508496 -9.47522e-05 -0.000318154 -0.00497927 
3.41718e-05 -0.000330052 -0.00495262 -6.20877e-05 -0.00033208 -0.00507468 4.82402e-05 -0.000328372 -0.0050515 
-5.63174e-06 -0.00024428 -0.00500262 0.000186043 -0.000275414 -0.00504061 0.000125482 -0.000304348 -0.00497788 
0.00023469 -0.000235388 -0.00497165 -0.00029998 -0.000149469 -0.00497083 -0.000299984 -0.000144492 -0.00506898 
-0.000174705 -0.000152076 -0.0051157 -7.62515e-05 -0.000229237 -0.00509427 -0.000186323 -0.000150895 -0.00501129 
6.00858e-05 -0.000223575 -0.00514984 -3.29378e-05 -0.000136515 -0.00507063 0.000154964 -0.000177467 -0.00512541 
0.000106649 -0.000189947 -0.00503127 0.000119471 -8.71624e-05 -0.00502357 0.000277801 -0.000174986 -0.0050207 
-0.000331857 -8.36017e-06 -0.00502851 -0.000225321 -7.1454e-05 -0.00506654 -8.74966e-05 3.29094e-05 -0.00515734 
-0.000218874 4.02967e-05 -0.0051147 -0.000108707 2.26848e-05 -0.00501749 -9.18194e-05 -5.54442e-05 -0.00510708 
1.55962e-06 -6.25751e-05 -0.00516873 9.11363e-06 4.31735e-05 -0.00518199 4.77886e-06 -2.41097e-05 -0.00506136 
0.000131951 4.57215e-05 -0.00514198 0.000149089 -7.33348e-05 -0.00512244 0.000219637 1.89196e-05 -0.00509523 
0.000104396 4.87077e-05 -0.00504166 0.000211347 8.01555e-05 -0.00500002 0.000231066 -7.31846e-05 -0.00505551 
0.000331165 2.81098e-05 -0.00501201 -0.000268559 0.000196085 -0.0049801 -0.000300754 0.000136602 -0.00508478 
-0.00013489 0.000102126 -0.00508858 -0.000108917 0.000209426 -0.00503883 -3.67689e-05 0.000141776 -0.00515375 
5.83392e-05 0.000117081 -0.00511999 -3.84885e-05 8.47194e-05 -0.00506143 8.5706e-05 0.000223391 -0.00510267 
0.000193044 0.000134058 -0.00510926 0.000142592 0.000167183 -0.00501682 0.000287517 0.000164698 -0.00505806 
0.000306391 0.00013656 -0.00496845 -0.000231053 0.000238061 -0.00505817 -0.000153847 0.00029421 -0.00497905 
-4.97195e-05 0.000332537 -0.00499475 5.20615e-05 0.000327815 -0.0050571 -1.11104e-05 0.000241466 -0.00506647 
0.000109452 0.000311292 -0.00497901 0.000155147 0.000292266 -0.00508178 0.000231658 0.000234254 -0.00497216 
-0.000205401 -0.000260551 -0.00494479 -0.000212622 -0.000254741 -0.00482214 -8.82399e-05 -0.000318728 -0.00488559 
6.55554e-05 -0.000324593 -0.00485331 1.53005e-05 -0.00023895 -0.00489928 0.000192071 -0.000271325 -0.0048898 
-0.000263218 -0.000197788 -0.00489893 -0.000108846 -0.000211309 -0.00497939 -0.000132733 -7.17621e-05 -0.00498025 
-0.000120896 -0.000197541 -0.00487164 -0.000225125 -9.11958e-05 -0.00493733 -0.000123677 -7.99272e-05 -0.00487497 
4.00119e-05 -0.000104089 -0.0049543 -4.9237e-05 -0.000151003 -0.00492338 0.000199408 -0.000112709 -0.00495612 
0.00011427 -0.000206164 -0.00492349 0.000294052 -0.00015383 -0.00492875 0.000286407 -0.000163993 -0.0048013 
-0.00032543 -5.90848e-05 -0.00490271 -0.000323411 5.57177e-05 -0.00480333 -0.00020775 -9.21216e-07 -0.00499786 
-0.000141596 9.75452e-06 -0.00492255 -0.000236112 3.59959e-05 -0.0049033 -3.62102e-05 -3.92786e-05 -0.00495323 
-1.84111e-05 6.9269e-05 -0.00495387 0.000205196 -9.42769e-06 -0.00495277 5.58291e-05 4.48961e-06 -0.00493658 
0.000225305 8.15511e-05 -0.00488456 0.00032561 4.96888e-05 -0.00485153 0.000327501 -5.39634e-05 -0.00481371 
0.00033044 -3.05582e-05 -0.00492936 -0.000320636 8.21844e-05 -0.00494218 -0.000303038 0.000135301 -0.00485687 
-0.000259208 0.000213188 -0.00487966 -0.000201393 0.000114235 -0.00495741 -0.000101522 0.000119351 -0.00498484 
-0.00011691 0.000195114 -0.00488335 3.67094e-05 0.000157081 -0.00502707 8.32358e-05 0.000214882 -0.0048956 
-1.26273e-05 0.000153184 -0.0048709 0.000175356 0.000168406 -0.00491403 8.7822e-05 0.000110208 -0.00495154 
0.000283718 0.000166201 -0.00483453 -0.000171022 0.000280044 -0.00485573 -9.05262e-05 0.000317542 -0.00489669 
-4.44791e-05 0.000240314 -0.00494864 5.83507e-05 0.000326572 -0.00489493 0.000181615 0.000277339 -0.00488567 
0.000118494 0.000308146 -0.00481185 -0.000198001 -0.000266334 -0.00472391 -0.000119175 -0.000310684 -0.00478708 
-0.000115947 -0.00031194 -0.00466711 5.63616e-05 -0.000324635 -0.00471465 -4.28677e-05 -0.000329093 -0.00472529 
-5.38428e-05 -0.000231007 -0.00470921 0.000173931 -0.000286576 -0.00477141 0.000236753 -0.00023736 -0.00472223 
-0.000320632 -8.47648e-05 -0.00479235 -0.000273034 -0.000186842 -0.00468544 -0.000273629 -0.000185893 -0.00478722 
-0.000196775 -0.000129207 -0.00482519 -0.000143651 -0.000179461 -0.00473016 -0.000134865 -7.52245e-05 -0.00471145 
4.24597e-06 -0.000222851 -0.0047975 7.06022e-07 -0.000101096 -0.00483278 -5.2575e-05 -0.000130741 -0.00473034 
4.55655e-05 -0.000152485 -0.00473401 0.000184779 -0.000134057 -0.00484077 0.000126374 -0.000196609 -0.00477863 
0.00023274 -6.96858e-05 -0.00473412 0.000286676 -0.000162875 -0.00470315 -0.000330466 -3.5487e-05 -0.00470803 
-0.000230878 -4.13909e-05 -0.00476213 -0.000143196 -1.8205e-07 -0.00478958 -0.000235374 6.16064e-05 -0.00475298 
2.6823e-05 6.14134e-05 -0.00485868 -6.0724e-05 2.49893e-07 -0.00484819 3.2028e-05 -1.17413e-05 -0.00478952 
0.000127046 6.1217e-05 -0.00486558 9.65138e-05 -7.32005e-05 -0.00487773 0.000221092 2.87364e-05 -0.00479718 
0.000130531 -2.93745e-05 -0.00478507 0.000329148 -4.0243e-05 -0.00471776 0.000328512 3.88737e-05 -0.00473645 
-0.000293519 0.000148002 -0.00474645 -0.000239743 0.000229507 -0.00476846 -0.000191121 0.000138957 -0.00480593 
-0.000118837 9.42075e-05 -0.00487386 -9.47542e-05 0.000107673 -0.00477668 -0.000133067 0.000196869 -0.0047131 
-6.57393e-05 0.000222451 -0.00480141 1.07195e-05 0.000145943 -0.00477053 8.58893e-05 0.000217525 -0.00478431 
0.000169031 0.000161119 -0.00480154 0.000109193 8.3569e-05 -0.00476472 0.000315601 9.01812e-05 -0.00466182 
0.000280943 0.000169256 -0.00473734 -0.000233897 0.000235445 -0.00466774 -0.000168657 0.000281467 -0.00475617 
-2.1938e-05 0.00032796 -0.00474526 4.93354e-05 0.000324969 -0.00464665 0.000227759 0.000235055 -0.00465571 
0.000144194 0.000303744 -0.0046548 0.000225738 0.000242077 -0.0047684 -8.72153e-05 -0.000319321 -0.00457112 
-0.000165158 -0.000284114 -0.00459688 4.51355e-05 -0.000328769 -0.0046154 0.000161076 -0.0002911 -0.004616 
0.000236623 -0.000232138 -0.00462237 -0.000317855 -0.000111707 -0.00464456 -0.0003015 -0.000142473 -0.00454198 
-0.000252871 -0.000221878 -0.0045846 -0.000187701 -0.000135849 -0.00464052 -9.79216e-05 -8.2955e-05 -0.0046122 
6.17282e-05 -0.000235102 -0.00467046 -2.76384e-05 -0.000155421 -0.00463604 6.61857e-05 -0.000103054 -0.00463475 
0.000138803 -0.000115139 -0.00472135 0.000133004 -0.0001875 -0.00461858 0.000170246 -8.84397e-05 -0.00462279 
0.000319736 -0.000103942 -0.00451817 0.000266496 -0.000198279 -0.00452748 0.000318826 -9.11002e-05 -0.00463236 
-0.000331342 -1.84648e-05 -0.00460974 -0.000224392 -4.24795e-05 -0.00465303 -0.000147305 2.03083e-05 -0.0046816 
-0.000224142 5.33638e-05 -0.00461961 -1.31271e-06 -4.37611e-05 -0.00469309 -1.85424e-05 6.38054e-05 -0.00471376 
-6.34946e-05 1.20663e-05 -0.00459256 3.32144e-05 4.21968e-05 -0.0046027 0.000216501 4.57257e-05 -0.00469797 
9.37521e-05 2.50606e-06 -0.00469288 0.000136597 2.03446e-05 -0.00460391 0.00033056 3.24952e-05 -0.00458343 
0.000236063 -7.91055e-06 -0.00460899 -0.000320905 8.05463e-05 -0.00453816 -0.000268054 0.000196681 -0.00458248 
-0.000320543 8.21518e-05 -0.00463622 -0.000100848 0.000108459 -0.00466727 -0.000174209 0.000158861 -0.00458669 
-7.7586e-05 0.000198679 -0.0045964 -9.27259e-06 0.000128247 -0.00463144 8.68847e-05 0.000103138 -0.00466874 
0.000118356 0.000206243 -0.00465749 0.000192238 0.000122984 -0.00462502 0.000100809 0.000125024 -0.00456633 
0.000288838 0.000160051 -0.00451737 -0.000139635 0.000305865 -0.00464149 -0.000197942 0.000271001 -0.00457044 
1.74555e-05 0.000222016 -0.00465445 -4.61252e-05 0.000332639 -0.0046096 -3.9913e-05 0.000331834 -0.00451106 
6.67791e-05 0.000322824 -0.0045467 4.16062e-05 0.000223452 -0.00455696 0.000219627 0.000244837 -0.00455314 
-0.000162008 -0.000287397 -0.0044349 -3.56672e-05 -0.000329239 -0.00445344 3.70778e-05 -0.000329672 -0.00438509 
-1.46684e-05 -0.000225641 -0.00443989 0.000184296 -0.000276198 -0.00437061 0.000142337 -0.000297918 -0.00447308 
-0.000239846 -0.000229569 -0.00448096 -0.00032186 -7.97398e-05 -0.00436213 -0.000300069 -0.000146584 -0.00443316 
-0.000251837 -0.00022338 -0.0043728 -0.000143976 -0.000176524 -0.00455829 -9.46552e-05 -9.35297e-05 -0.00450952 
-0.000128985 -0.000189681 -0.00442724 -0.000205071 -0.000123099 -0.00445733 -3.82716e-06 -0.000165453 -0.00453072 
-2.88664e-05 -0.000126333 -0.0044405 6.66395e-05 -0.000161277 -0.0044332 9.50299e-05 -0.0002118 -0.00451806 
0.000158801 -0.000135127 -0.00448804 0.000301796 -0.000135777 -0.0044198 -0.000331381 -1.83586e-05 -0.00444037 
-0.000241475 7.34132e-06 -0.00451335 -0.000204374 -7.9332e-05 -0.00455973 -0.000141697 -6.32717e-07 -0.00453102 
-9.835e-06 -6.22058e-05 -0.00455202 4.96339e-05 -6.10486e-05 -0.00444689 5.68303e-06 3.08596e-05 -0.0045047 
-5.72183e-05 -2.36569e-05 -0.00444882 0.000102287 -6.47254e-05 -0.0045383 0.000210618 -4.10572e-05 -0.00451084 
0.000109553 3.4054e-05 -0.00450392 0.000331217 -2.8006e-05 -0.00445671 0.00032896 -3.67339e-05 -0.00436206 
0.000243667 8.30224e-06 -0.00441879 -0.000314394 9.6951e-05 -0.00439282 -0.000288369 0.000157657 -0.00449273 
-0.000261803 0.000200628 -0.00441835 -0.000132041 0.000187201 -0.00449594 -9.4358e-05 9.99626e-05 -0.00455632 
-9.55887e-05 7.31021e-05 -0.00445767 -0.000211257 0.000111425 -0.00440325 -0.000115244 0.000174957 -0.00439488 
6.87712e-06 0.000128514 -0.00453187 -4.58401e-05 0.000232199 -0.00446422 -1.84413e-05 0.000133708 -0.00443017 
0.000214972 9.08547e-05 -0.00452931 0.000164451 0.000175672 -0.00450523 8.58947e-05 0.000125919 -0.00446509 
0.00024681 0.000212955 -0.00438955 0.000319638 8.82532e-05 -0.0044225 -0.00019213 0.000270959 -0.0044727 
-0.000106566 0.000311225 -0.00443228 -0.000180706 0.000278983 -0.00437754 -1.14306e-05 0.000327854 -0.00440821 
6.06896e-05 0.000221215 -0.00443388 0.000161632 0.000285704 -0.00446893 0.000137722 0.000305995 -0.00436853 
-0.000142504 -0.000299508 -0.00433789 -9.57411e-05 -0.000317829 -0.00421737 5.02129e-05 -0.00032409 -0.00421225 
-4.83931e-05 -0.000328541 -0.00430233 0.000185259 -0.000275696 -0.00427181 -0.000273029 -0.000186712 -0.00425274 
-0.000119441 -8.96783e-05 -0.00440588 -0.000114134 -0.000212409 -0.00429573 -0.000185478 -0.000131323 -0.00431323 
-6.08048e-06 -0.000180729 -0.00434186 0.000170291 -0.000161956 -0.00439207 8.46877e-05 -9.58892e-05 -0.00434621 
0.000179727 -0.000152522 -0.00426293 8.19996e-05 -0.000215142 -0.00426868 0.000272142 -0.000193376 -0.0043141 
0.000316409 -9.24524e-05 -0.0042558 -0.000331593 -1.68953e-05 -0.00426725 -0.000168542 1.03354e-05 -0.00442914 
-0.000226271 -4.04406e-05 -0.00436502 -0.000127726 -1.18762e-05 -0.00433553 -0.000219377 1.32757e-05 -0.00427794 
-1.19301e-05 -5.80085e-05 -0.00436575 6.44888e-05 4.41535e-05 -0.00441176 -1.49638e-05 4.09439e-05 -0.00435016 
5.15488e-05 -4.53463e-06 -0.0042791 0.000151013 -4.14292e-05 -0.00441749 0.000138189 4.08694e-05 -0.0043325 
0.000329628 3.08426e-05 -0.00430296 0.000233575 -3.83969e-05 -0.00432018 -0.00026628 0.000198756 -0.00432353 
-0.000320843 7.88253e-05 -0.00428477 -0.000286937 0.00015955 -0.00420313 -0.000169635 9.21704e-05 -0.00431453 
4.92051e-05 0.000165855 -0.004343 -6.26998e-05 0.000128331 -0.00431904 0.000189087 9.48413e-05 -0.00442777 
0.000146559 0.000170476 -0.00437704 0.00017699 0.000127979 -0.00429 0.000269923 0.000183309 -0.0042625 
-0.000156958 0.000289909 -0.00428632 -6.45873e-05 0.000321975 -0.00421991 3.43052e-06 0.000332147 -0.00430945 
-4.52813e-05 0.000238008 -0.0043516 0.000181123 0.000279144 -0.00420222 0.000202652 0.000268094 -0.00430291 
0.000119333 0.000306872 -0.00426987 -0.000196454 -0.000267671 -0.00408496 -9.40938e-05 -0.000317897 -0.00411455 
-0.00021568 -0.000247074 -0.00418634 2.81573e-05 -0.000330635 -0.00406931 0.000108604 -0.000309564 -0.00412455 
0.000192457 -0.000271672 -0.00415971 -0.000271097 -0.000188753 -0.00406492 -0.000321936 -7.95686e-05 -0.00406639 
-0.000321495 -8.13544e-05 -0.00419148 -9.78254e-05 -0.000140934 -0.00421883 -0.000205304 -0.000129058 -0.00419362 
-1.21378e-05 -0.000242472 -0.00424659 4.1781e-05 -0.000112105 -0.00425184 2.27497e-05 -0.00017285 -0.00415001 
0.000131976 -0.000191923 -0.0041821 0.000203687 -8.50178e-05 -0.00416081 9.66018e-05 -9.68841e-05 -0.00415999 
0.000273274 -0.00018543 -0.00405812 0.000307389 -0.000114873 -0.00413175 -0.000329778 2.53798e-05 -0.00404704 
-0.000100557 3.39004e-05 -0.004248 -0.000225972 7.19852e-05 -0.00419343 -0.000234681 -3.51757e-05 -0.00416864 
-0.000147331 -5.51224e-05 -0.00423457 -4.39134e-05 -5.68502e-05 -0.00426809 3.51416e-06 5.78982e-06 -0.00418815 
0.000155229 -4.20003e-05 -0.00424998 0.000217867 2.56747e-05 -0.00419279 0.000126272 5.81971e-05 -0.00421655 
0.000332645 8.31802e-06 -0.00415968 0.000328557 3.57617e-05 -0.00405357 0.000331897 -6.28762e-05 -0.00405237 
-0.000318483 8.80955e-05 -0.00411786 -0.000267652 0.000197526 -0.00404854 -0.000151124 0.000141384 -0.00422674 
-6.81354e-05 0.000202157 -0.00421853 3.12887e-05 0.000112936 -0.00424886 -6.16705e-05 9.49424e-05 -0.0041787 
3.80884e-05 0.000126292 -0.00414228 1.72524e-05 0.000228631 -0.00411802 6.93336e-05 0.000197562 -0.00420603 
0.00015045 0.000180544 -0.00414728 0.000288129 0.000164727 -0.00408205 0.000315554 0.000102271 -0.00417782 
0.000237326 0.000227247 -0.0041738 -0.000181639 0.000278179 -0.00406897 -0.000167079 0.000282335 -0.00417935 
6.00195e-05 0.000326182 -0.00418957 6.69183e-05 0.000322658 -0.0040542 -6.61032e-05 0.000321604 -0.00412021 
0.000181143 0.000276918 -0.00404935 -0.000208543 -0.000257979 -0.00393203 -0.000101569 -0.000316042 -0.00401488 
7.3367e-05 -0.000325728 -0.00395988 -2.4274e-05 -0.000328391 -0.00397803 0.000151444 -0.000292145 -0.00402152 
0.000139839 -0.000299813 -0.00389547 -0.000271106 -0.000188773 -0.00396785 -0.000303206 -0.000133604 -0.00390275 
-0.000147366 -0.000154059 -0.00399072 -6.79215e-05 -0.000143707 -0.0040967 5.69599e-06 -0.000230691 -0.004012 
5.28622e-05 -0.000138814 -0.00401374 0.000172949 -0.000172411 -0.00404009 0.000308477 -0.000111517 -0.00396608 
-0.000325865 -5.57848e-05 -0.00396939 -0.000229264 5.68468e-05 -0.00408409 -0.000164517 -2.60765e-05 -0.00408623 
1.8351e-05 -7.89324e-05 -0.00409802 -6.92218e-05 -3.60325e-05 -0.0041304 7.87529e-05 2.77998e-05 -0.00412027 
-5.68147e-05 -6.84395e-05 -0.00402319 -5.10759e-05 4.76075e-05 -0.00406365 0.000218824 -2.24305e-05 -0.00408139 
0.000126911 -7.2543e-05 -0.00405353 0.000148573 4.29568e-05 -0.00401899 0.000329845 3.06812e-05 -0.00391008 
0.000213899 6.75331e-05 -0.00394747 -0.000319446 8.61479e-05 -0.00397302 -0.00027814 0.000186755 -0.0039468 
-0.000131816 8.84876e-05 -0.00410577 -0.000111679 0.000188178 -0.00410269 -0.000160133 0.000155624 -0.00399499 
-4.90805e-06 0.000154027 -0.00405326 0.000201076 9.64595e-05 -0.00412294 0.000107401 0.000125143 -0.00406242 
8.05228e-05 0.000229301 -0.00397941 0.000274919 0.000182231 -0.00392245 0.0003045 0.000112951 -0.00399056 
-9.90143e-05 0.000314903 -0.00402832 -0.000197729 0.000270729 -0.003946 5.67843e-05 0.000326935 -0.003933 
-4.10619e-05 0.000332689 -0.00395062 -2.62965e-05 0.000230383 -0.00396042 0.00021511 0.000248854 -0.00395051 
-0.000212274 -0.000254972 -0.0038113 -9.72757e-05 -0.000317361 -0.00386977 4.04696e-05 -0.000329284 -0.00385933 
-6.44209e-05 -0.000330738 -0.00376954 0.000187555 -0.000275305 -0.00376223 0.000118447 -0.000307081 -0.00380082 
0.000234483 -0.000239983 -0.0038896 -0.000319739 -8.89426e-05 -0.00381615 -0.000276356 -0.000178651 -0.0038178 
-0.000213276 -0.000105799 -0.00385739 -0.000121048 -0.000121693 -0.00389805 -6.67525e-05 -0.000219356 -0.0038772 
2.32859e-06 -0.000133255 -0.00391278 0.000175766 -0.000153463 -0.00383716 8.73336e-05 -0.000192093 -0.00389348 
0.000283067 -0.000167223 -0.00375782 0.000298423 -0.000156716 -0.00385808 -0.000331657 -1.13666e-05 -0.003878 
-0.000327163 5.52366e-05 -0.00380152 -0.000156931 -3.49333e-05 -0.00398061 -0.000234218 1.62298e-05 -0.00388314 
-0.000132589 6.43819e-05 -0.0039443 3.73425e-05 -1.09582e-05 -0.00399885 -5.38951e-05 -4.73725e-05 -0.0039215 
-1.30084e-05 4.41822e-05 -0.00390265 0.000222585 -3.19664e-05 -0.00392668 8.68227e-05 -7.9814e-05 -0.00393374 
8.99484e-05 8.99394e-06 -0.00388309 0.000329225 2.69191e-05 -0.00374992 0.000330688 -6.4044e-05 -0.00377345 
0.000328186 -4.04375e-05 -0.00387027 -0.000308011 0.000130172 -0.00387065 -0.000192863 0.000146644 -0.00387526 
-6.09456e-05 0.000131657 -0.00392345 7.86993e-05 0.000214024 -0.00387534 -5.80606e-05 0.000212612 -0.00386123 
0.000153121 0.000166343 -0.00394112 7.00611e-05 0.000102278 -0.00396522 0.000192677 0.000113777 -0.00383167 
0.000278892 0.000171758 -0.0038091 -0.000232426 0.000234832 -0.00379324 -0.000136874 0.00030245 -0.00387343 
-1.96571e-06 0.000332148 -0.00375732 7.63701e-05 0.000322317 -0.00382716 -4.06205e-05 0.000332638 -0.00384977 
0.000178007 0.000276975 -0.00386433 0.000145478 0.000303202 -0.00375504 -0.000164742 -0.000289017 -0.00360426 
-0.00013397 -0.000304115 -0.00369805 4.71686e-05 -0.000324552 -0.00362763 3.83484e-05 -0.00032951 -0.00372697 
0.000190923 -0.000271854 -0.00359399 0.000130843 -0.000303654 -0.00367665 -0.000314169 -0.000113607 -0.00370041 
-0.000300653 -0.000146597 -0.00360537 -0.000268228 -0.000191599 -0.00370002 -0.000186826 -0.000151571 -0.00376533 
1.56937e-05 -0.000212093 -0.00381699 -4.67883e-05 -0.000131742 -0.00380189 1.85613e-05 -0.000219235 -0.0036803 
-1.25228e-05 -0.000102104 -0.00371033 7.6126e-05 -0.000133144 -0.00376861 0.000129963 -0.00016663 -0.00366777 
0.000201914 -8.88974e-05 -0.00370453 0.000316693 -9.25491e-05 -0.00360713 0.000247646 -0.000219218 -0.00364869 
-0.000331673 -3.73944e-05 -0.00361205 -0.000331844 -6.10047e-06 -0.00371497 -0.000112191 -3.39508e-05 -0.00383962 
-0.000195983 7.39409e-05 -0.00379481 -0.000194956 -4.01828e-05 -0.00377968 -9.68983e-05 -4.88366e-05 -0.00373581 
-7.94804e-05 5.96961e-05 -0.00382693 -7.00394e-06 -3.82447e-05 -0.00382876 1.35551e-06 2.774e-05 -0.00374414 
-8.36724e-05 4.58479e-05 -0.00369296 0.00019288 5.72862e-07 -0.00382858 0.000234269 2.21801e-05 -0.00371095 
8.7809e-05 -1.68064e-05 -0.00377768 -0.000289626 0.000154845 -0.00371166 -0.000300041 0.000140366 -0.00361131 
-0.000248668 0.000227076 -0.0036151 -0.000100872 0.000211863 -0.00376035 -0.00020147 9.06954e-05 -0.00369336 
1.51801e-05 0.00010167 -0.00381844 1.75032e-05 0.000125572 -0.00371713 2.64425e-05 0.000225699 -0.00373428 
0.000138829 0.000197807 -0.00373866 0.000108749 9.51457e-05 -0.00377236 0.000192156 0.000123962 -0.00365237 
0.000284243 0.000165958 -0.00369516 0.000319082 8.53604e-05 -0.00367598 -0.000176375 0.000280455 -0.00366808 
-0.000113322 0.000308189 -0.00373371 2.64226e-05 0.000333176 -0.00366174 0.000218487 0.000249796 -0.00362064 
0.000228159 0.00024175 -0.00372939 0.000133354 0.000305596 -0.00361593 -0.000217853 -0.000250408 -0.00352909 
-0.000133375 -0.000304497 -0.0035106 -4.91677e-05 -0.00032832 -0.00357194 4.10978e-05 -0.00032925 -0.00352907 
0.000204174 -0.000263211 -0.00347496 -0.000301302 -0.000144514 -0.00350718 -0.000195979 -0.000130544 -0.00365417 
-0.000144448 -0.00011738 -0.00353062 -8.00301e-05 -0.000193662 -0.00364628 1.79653e-05 -0.000143297 -0.00358973 
0.00010535 -5.99214e-05 -0.00368455 0.000137726 -0.000166894 -0.00356701 0.000267752 -0.000188403 -0.00353054 
0.000316104 -9.592e-05 -0.00347084 -0.000325356 -5.74936e-05 -0.00349507 -0.000215153 -2.99374e-05 -0.00365331 
-0.000161406 -1.46164e-05 -0.00356973 -7.72171e-05 -9.24561e-05 -0.00360872 1.61361e-05 -2.81222e-05 -0.0036262 
0.000218607 5.51339e-05 -0.00354106 9.75732e-05 -7.51888e-05 -0.0035832 0.000222213 -4.5786e-05 -0.00357137 
0.000116642 2.01244e-05 -0.00353206 0.000328524 -2.97866e-06 -0.00356876 -0.000254711 0.000218842 -0.0035051 
-0.000320014 7.99467e-05 -0.00350724 -0.000117682 0.000162995 -0.00366527 -0.000168338 9.75282e-05 -0.00359099 
1.00244e-05 0.000139936 -0.00360163 0.000107669 0.000201214 -0.00364052 0.000108872 0.000126041 -0.00357008 
0.000245193 0.000217877 -0.00352116 0.000317984 9.08212e-05 -0.0035318 -0.000155363 0.000289786 -0.00352713 
-7.86309e-05 0.000318647 -0.00358174 6.28538e-05 0.000322739 -0.00352994 -1.93423e-05 0.000242213 -0.00362194 
0.000152676 0.00029551 -0.00351137 -0.000147451 -0.000297104 -0.00336006 -0.000215146 -0.000252833 -0.00341673 
-3.16875e-05 -0.000328436 -0.00341942 8.24695e-05 -0.00032187 -0.00343862 0.000110439 -0.000310627 -0.00333214 
0.00023572 -0.000232991 -0.00338466 -0.000316743 -0.000108251 -0.00337894 -0.000267704 -0.000192036 -0.00332129 
-0.000275539 -0.000183431 -0.00342063 -0.000214173 -6.55029e-05 -0.00342423 -0.000135755 -0.00017829 -0.00344249 
2.51859e-05 -0.000125878 -0.00349078 -4.05287e-05 -0.000130759 -0.00340426 8.82748e-05 -0.000226879 -0.00348689 
0.000140119 -9.78793e-05 -0.00349271 0.00027747 -0.000175284 -0.00329317 0.000294911 -0.000159532 -0.00338555 
-0.000331766 -7.94802e-06 -0.00340883 -0.000167105 4.19933e-05 -0.00338898 3.90887e-06 6.49345e-05 -0.00350877 
-5.33339e-05 -3.29042e-05 -0.00351212 5.44389e-05 -3.1139e-05 -0.00346776 0.000114438 -4.2177e-05 -0.00338074 
0.000204527 -3.69832e-05 -0.00342424 0.000329435 -3.14849e-05 -0.00329831 0.000331097 -2.95858e-05 -0.00341123 
-0.000284169 0.000183815 -0.00339661 -0.000170093 0.000171011 -0.00343483 -7.75721e-05 0.000165773 -0.0035174 
-2.31562e-05 0.000225897 -0.00340674 5.12261e-05 0.000128601 -0.00342778 -3.05259e-05 0.000122515 -0.00336994 
0.000187434 0.000144802 -0.00347323 0.000192077 6.46703e-05 -0.00337551 8.85797e-05 0.000219499 -0.00340413 
0.000272602 0.000185685 -0.00335914 0.000315874 9.31695e-05 -0.00331765 0.000306432 0.000117185 -0.00342993 
-0.0002153 0.000247952 -0.0033197 -0.000200415 0.000266242 -0.00343116 -0.000114616 0.00030768 -0.00339691 
1.57036e-05 0.00022944 -0.00350214 7.3674e-05 0.000323585 -0.00340525 -2.28368e-05 0.000329377 -0.00331995 
-2.65809e-05 0.000329779 -0.00343827 9.56053e-05 0.000322668 -0.00330781 0.00022473 0.000241333 -0.00330684 
0.000219925 0.00024795 -0.00341675 -0.000157674 -0.000291769 -0.00315085 -0.000213112 -0.000254384 -0.00322407 
-9.80812e-05 -0.000317085 -0.00322244 1.96456e-05 -0.000331305 -0.00324499 -4.95855e-05 -0.000328331 -0.00314355 
7.06629e-05 -0.000322596 -0.00314283 0.000182228 -0.000273917 -0.00328772 0.000228854 -0.000240158 -0.00320918 
0.000132046 -0.000303412 -0.00321134 -0.000305421 -0.000127566 -0.00314308 -0.000319195 -9.16971e-05 -0.00328083 
-0.000275914 -0.000182731 -0.00322393 -0.000116355 -0.000183854 -0.00325004 2.47368e-05 -0.000225487 -0.00329646 
3.07053e-05 -8.91768e-05 -0.00334656 0.000100339 -0.000175787 -0.0033576 9.4338e-05 -0.000193316 -0.00323023 
0.000181669 -0.000156852 -0.00326355 0.000316933 -9.98937e-05 -0.00315586 0.000273455 -0.000181636 -0.0031531 
-0.000328427 -4.72002e-05 -0.00319243 -0.000239962 2.3226e-05 -0.00328401 -0.000111066 -5.52709e-05 -0.00336046 
-9.64507e-05 4.06115e-05 -0.00328567 -0.000167477 -6.34407e-05 -0.00323104 -2.90619e-06 2.59122e-06 -0.00338782 
2.4774e-05 1.74016e-05 -0.00327028 9.96787e-05 6.33044e-05 -0.00333454 0.000105338 -4.79444e-05 -0.00328092 
0.000203958 -1.86535e-05 -0.00328013 0.000328521 3.70007e-05 -0.003236 -0.000319329 8.69463e-05 -0.00327524 
-0.000306709 0.000132779 -0.00317018 -0.00026237 0.00020072 -0.00321718 -0.000207373 0.00013117 -0.00327369 
-0.000102788 0.000206474 -0.0033312 -6.04456e-06 0.000211569 -0.00330069 -1.82082e-05 0.000116402 -0.00326493 
0.000158236 0.000159046 -0.00334762 8.50943e-05 0.000191683 -0.00325483 0.000314919 9.77998e-05 -0.00316801 
0.000270638 0.000198899 -0.00319925 -0.000137671 0.000301942 -0.00328724 6.00097e-05 0.000326321 -0.00318503 
-3.55109e-05 0.000332111 -0.0032134 0.000162336 0.000285373 -0.00321018 -0.000108721 -0.000314164 -0.0030692 
-2.65792e-05 -0.000330365 -0.00304259 -7.29249e-06 -0.000221739 -0.00304776 0.000176626 -0.000282119 -0.00300587 
8.86048e-05 -0.0003197 -0.00303633 0.000225277 -0.000243349 -0.00309166 -0.000257757 -0.000208878 -0.00312968 
-9.40544e-05 -0.000106959 -0.00317378 -9.77255e-05 -0.00022003 -0.00310294 -2.79471e-05 -0.000196086 -0.00319726 
4.02535e-05 -8.00617e-05 -0.00320316 5.97712e-05 -0.000158869 -0.00314303 2.59925e-05 -6.55887e-05 -0.0031042 
0.00014247 -9.06612e-05 -0.00318021 0.000141908 -0.000156706 -0.00305606 0.000292357 -0.00015905 -0.00305375 
-0.000330301 3.33954e-05 -0.00313584 -0.000331652 -1.07409e-05 -0.0030463 -0.000230738 -5.68045e-05 -0.00313052 
-3.94588e-05 -1.00181e-06 -0.00318706 -0.000140137 -5.34974e-06 -0.00313935 0.000102063 7.52065e-05 -0.00323385 
0.000103713 1.83823e-05 -0.00314683 0.000209458 -4.57031e-05 -0.00310542 0.000330423 -2.70597e-05 -0.00309093 
-0.000319718 8.45108e-05 -0.00299925 -0.00027613 0.000189574 -0.00309217 -0.00028599 0.000170615 -0.0029955 
-0.000100973 0.000100059 -0.00318378 -0.000111961 0.000215293 -0.00319977 -0.000225515 7.73959e-05 -0.00313871 
1.17653e-07 0.000239978 -0.00318655 -2.86621e-05 0.000159335 -0.00311682 0.000139974 0.000191146 -0.00317071 
0.000206849 8.24301e-05 -0.00310929 8.57686e-05 0.000114857 -0.00310635 0.000316065 9.09633e-05 -0.00304239 
0.000271088 0.000189812 -0.0030358 -0.000162619 0.000284935 -0.00311722 -0.000222993 0.00024172 -0.00301332 
1.03446e-05 0.000332086 -0.00301027 -7.63974e-05 0.000319868 -0.00307193 0.000165444 0.000281448 -0.00305454 
0.000235551 0.000236774 -0.00311625 -0.000175487 -0.000280877 -0.00285996 -9.55047e-05 -0.000317255 -0.00294299 
-2.29575e-05 -0.000331606 -0.00286297 3.54852e-05 -0.000329835 -0.00295245 0.000178117 -0.000280525 -0.00286813 
-0.000250893 -0.000217937 -0.00298561 -0.00030368 -0.000136021 -0.00297169 -0.000151345 -0.000145312 -0.00306355 
5.68669e-05 -0.000226336 -0.00295096 -4.97459e-05 -0.00012672 -0.00305861 -2.57577e-05 -0.000161107 -0.00296613 
0.000108779 -0.000140134 -0.00295425 0.000254611 -0.000220488 -0.00285084 0.000248173 -0.000224875 -0.00298251 
0.0002921 -0.000157444 -0.00292677 0.000307744 -0.000128884 -0.00283662 -0.000322761 -6.46869e-05 -0.00291377 
-0.00032174 6.47154e-05 -0.00286349 -0.000229991 2.84382e-06 -0.00289076 -0.000203207 2.67354e-06 -0.00305097 
-0.00019222 -9.85672e-05 -0.00298382 -0.000109283 -3.37104e-05 -0.00303558 6.56502e-05 3.98462e-05 -0.00304341 
8.8375e-06 -2.87483e-05 -0.00298708 -4.46795e-05 2.51319e-05 -0.00308724 -5.31744e-05 6.18208e-05 -0.00298035 
0.000129107 -4.58689e-05 -0.00301251 0.000100982 5.50194e-05 -0.00294359 0.000336162 1.08351e-05 -0.00298379 
0.000327938 -4.29078e-05 -0.00287581 -0.000288935 0.000156177 -0.00289928 -0.00016928 0.000139799 -0.0030333 
-0.000167563 8.43121e-05 -0.00293944 -7.07422e-05 0.000158226 -0.00300283 3.87255e-05 0.000222969 -0.00307416 
-5.6849e-05 0.000200064 -0.00289646 5.2982e-05 0.000135248 -0.00298414 0.000141293 0.00018349 -0.00302443 
0.00019205 0.000116647 -0.00295799 6.03307e-05 0.00021161 -0.00291406 0.00026649 0.000205986 -0.00285333 
0.000242023 0.000222045 -0.00295016 0.000318696 8.8381e-05 -0.00291534 -9.18415e-05 0.000317655 -0.00295917 
-8.96988e-05 0.000318774 -0.00285783 -0.00021003 0.000258908 -0.00291362 -5.86411e-06 0.000328103 -0.00290707 
0.000105783 0.000314108 -0.00286261 0.000100736 0.00032064 -0.00296949 -9.55022e-05 -0.000317093 -0.00279613 
-0.000161257 -0.00028903 -0.00273015 -4.38062e-05 -0.000328223 -0.00271263 6.01769e-05 -0.000323289 -0.0027753 
0.000135888 -0.000301767 -0.00271636 0.000226807 -0.000241534 -0.00269958 -0.000304209 -0.000131008 -0.00274016 
-0.000272193 -0.000186741 -0.0028061 -0.000114407 -0.00020501 -0.00290544 -0.000168421 -0.000109302 -0.00287957 
4.51773e-05 -0.000198756 -0.00284885 5.91689e-05 -0.000102135 -0.0028175 0.000216693 -6.30219e-05 -0.00279155 
0.000141531 -0.000155813 -0.00286018 0.000301377 -0.000141388 -0.00269489 -0.000331464 -1.91914e-05 -0.00281097 
-0.000116545 -3.37139e-05 -0.00292455 -0.000108471 -2.5705e-05 -0.00279891 -1.86118e-05 1.28696e-05 -0.00289944 
-3.77346e-05 -8.71983e-05 -0.00287697 7.72686e-05 -4.84339e-05 -0.00290824 0.000229518 6.12618e-05 -0.00287955 
0.00012328 9.42898e-06 -0.00283129 0.000226433 -4.71199e-05 -0.00289162 0.00033639 -9.34725e-06 -0.00278177 
-0.000318999 8.12748e-05 -0.0027116 -0.000282867 0.000166637 -0.00269574 -0.000293942 0.000148915 -0.00280044 
-0.000168907 0.00016634 -0.00288209 -0.000151719 0.000159582 -0.00278261 -5.81246e-05 7.66708e-05 -0.00281786 
-4.40338e-05 0.000196281 -0.00279261 8.04129e-05 0.000190037 -0.00278478 4.82291e-05 9.74091e-05 -0.00284005 
0.000162538 0.000157512 -0.00285979 0.000317723 9.50575e-05 -0.00277712 0.000298216 0.000145856 -0.00269331 
0.000236237 0.00022993 -0.00274064 -0.000116702 0.00031156 -0.00273889 -0.000226908 0.000239006 -0.00279544 
-1.34057e-05 0.000327796 -0.00277481 0.000169834 0.00028127 -0.00278694 7.85201e-05 0.000321783 -0.00273892 
-0.000201407 -0.000263942 -0.00264217 -0.000141027 -0.000300646 -0.00255583 -0.000101857 -0.000316118 -0.00264649 
4.62505e-05 -0.000324815 -0.00267835 -3.30467e-05 -0.000329046 -0.00258778 -3.52251e-05 -0.000226564 -0.00260275 
0.000215253 -0.000253257 -0.0025825 0.000111988 -0.00030848 -0.00260951 -0.000321407 -8.06825e-05 -0.00265719 
-0.000304439 -0.000131252 -0.00255168 -0.000275554 -0.000182921 -0.00264511 -0.000243861 -0.000229478 -0.00254891 
-0.000137444 -0.000125506 -0.00276914 -0.000154814 -0.000168333 -0.00266741 -8.20431e-05 -0.000229283 -0.00271865 
3.49995e-05 -0.000209025 -0.00273345 -4.26273e-05 -0.000131858 -0.0027182 9.27077e-05 -9.95984e-05 -0.00265946 
0.000187489 -0.00013919 -0.00271523 0.000157711 -0.000171649 -0.00261743 0.000287509 -0.000162414 -0.00254047 
-0.000331951 -5.83902e-07 -0.00257681 -0.000203003 4.17247e-05 -0.00269074 -0.000211739 -4.6773e-05 -0.00277097 
-0.00023057 -2.37764e-05 -0.00261716 -0.000117086 -6.25832e-05 -0.00269076 -8.85156e-06 -1.57603e-05 -0.0027674 
-8.94341e-05 5.1499e-05 -0.00268882 2.12364e-06 -3.74855e-05 -0.0026616 0.000123832 -4.8595e-05 -0.00273986 
9.52888e-05 5.0944e-05 -0.0027322 0.000134125 -2.57791e-06 -0.00262659 0.000327288 -5.30597e-05 -0.00258365 
0.000331366 -1.71948e-05 -0.0026825 0.000330372 6.57902e-05 -0.00261807 -0.000253922 0.000212014 -0.00257597 
-0.000318322 9.05869e-05 -0.00261179 -8.55744e-05 0.000213009 -0.00269684 -0.000175822 0.000140206 -0.00267544 
3.66774e-06 0.00011647 -0.00274172 1.81653e-05 0.000240365 -0.00266752 0.0001916 0.00011442 -0.0027457 
0.00012644 0.000174433 -0.00265824 0.000237598 0.000227828 -0.00264223 0.000295366 0.000145556 -0.00255688 
-0.000137257 0.00030201 -0.00260546 -0.000210516 0.000253125 -0.00268313 -4.51822e-05 0.00033336 -0.00256152 
5.02648e-05 0.000325176 -0.00261587 -4.25016e-05 0.000333364 -0.00266403 0.000135892 0.000305154 -0.00258309 
0.000170636 0.000279786 -0.00267237 -0.000193054 -0.000267976 -0.00246924 -0.00010271 -0.000315423 -0.00239207 
-2.54691e-05 -0.000328315 -0.00244683 0.000104917 -0.000313343 -0.0024692 0.000178468 -0.00028027 -0.00243236 
0.000234418 -0.000230975 -0.00248135 -0.000277306 -0.000180285 -0.00243962 -0.000196799 -0.000124337 -0.00252032 
-0.000114161 -0.000176383 -0.00255066 6.001e-05 -0.000211071 -0.00257718 8.33287e-06 -0.000133233 -0.00261248 
-3.39163e-05 -0.000153869 -0.00248352 9.9132e-05 -0.000209289 -0.00244826 0.000311748 -0.000103107 -0.00241436 
-0.000333064 -4.14533e-05 -0.00245076 -0.000231074 2.81199e-05 -0.00248964 -0.000146879 -1.81278e-05 -0.00255576 
-2.19258e-06 5.68565e-05 -0.00258784 6.72542e-05 -4.08601e-05 -0.00255306 -5.17202e-05 2.035e-05 -0.002504 
0.000238617 -2.25264e-06 -0.00258054 0.000221363 -8.93657e-05 -0.00251065 0.000215596 5.97226e-05 -0.00250512 
0.000328226 3.75866e-05 -0.0025225 0.00032856 -6.99681e-06 -0.00242647 -0.000303436 0.000138342 -0.00238427 
-0.000317947 9.10733e-05 -0.0024814 -0.00027051 0.000194306 -0.00246638 -8.92922e-05 0.000166623 -0.00250101 
-0.000199265 0.000123792 -0.00246663 -0.000151343 7.58411e-05 -0.00259687 8.80339e-06 0.000125788 -0.00250189 
0.000112284 8.3546e-05 -0.00257227 8.97548e-05 0.000185262 -0.0025064 0.00024032 0.000228094 -0.00248531 
0.000303322 0.000139818 -0.00241636 -8.2563e-05 0.000319514 -0.00244916 -0.000205945 0.000264823 -0.00241994 
-0.000191577 0.000276399 -0.0025312 6.02944e-05 0.000322582 -0.00247741 -3.44947e-05 0.000220204 -0.00256962 
0.000139069 0.000304332 -0.00241574 0.00018067 0.000275361 -0.002513 -0.000201954 -0.000262957 -0.00232294 
-6.94342e-05 -0.00032982 -0.00230012 3.18125e-05 -0.000330164 -0.00236492 -1.30077e-05 -0.000234252 -0.00240291 
0.000175069 -0.000283361 -0.00232939 0.000105094 -0.000310733 -0.00226495 0.000238245 -0.000231993 -0.0023773 
-0.000303394 -0.00013946 -0.00234901 -0.000181709 -0.000156495 -0.00242183 -0.000161698 -8.74678e-05 -0.00233349 
-0.000116904 -0.000179067 -0.00234507 -3.57792e-05 -0.000104278 -0.00238879 5.87512e-05 -0.000113986 -0.00233327 
0.0001084 -0.000207429 -0.0023255 0.000151051 -0.00013981 -0.00239511 0.000269317 -0.000193332 -0.00228069 
-0.000331775 -8.63679e-06 -0.00230065 -0.000227345 3.04891e-05 -0.00235397 -9.65933e-05 -6.90457e-05 -0.00248607 
-0.000229171 -6.28722e-05 -0.00242707 -0.000134637 4.90977e-05 -0.00242982 -9.13667e-05 -1.33882e-05 -0.00235693 
-3.95079e-07 4.86648e-06 -0.00240449 0.000111632 -4.96444e-05 -0.00245853 0.000138594 -5.401e-05 -0.00234038 
0.00011493 3.83946e-05 -0.00237316 0.000223067 -4.48607e-05 -0.00239955 0.000324783 -7.10974e-05 -0.00232053 
0.000218046 4.56618e-05 -0.00233328 -0.000312922 0.000123818 -0.00227568 -0.000133451 0.000155101 -0.00239821 
-0.000206123 0.000128349 -0.00232039 -2.91158e-05 0.000100498 -0.00238018 2.52692e-05 0.000208738 -0.00237409 
0.00016651 0.00013844 -0.00241574 0.000247163 0.000210569 -0.00238335 0.000283204 0.000170435 -0.00229496 
0.000322566 7.89166e-05 -0.00233967 -0.000222569 0.000246084 -0.00232327 -8.31932e-05 0.00031951 -0.00233286 
-0.00017545 0.00028208 -0.00224288 -2.54462e-05 0.000330707 -0.00224388 5.43805e-05 0.000324205 -0.00237289 
0.000177456 0.000277588 -0.00230867 8.35533e-05 0.000321435 -0.00225732 -0.000202426 -0.000263044 -0.00208628 
-0.00010015 -0.000315985 -0.00220739 -0.000219124 -0.000249193 -0.0022261 -2.07128e-05 -0.000327254 -0.00212202 
5.05802e-07 -0.000336574 -0.00222631 0.00022873 -0.000239883 -0.00210492 0.000177277 -0.00028074 -0.00219287 
0.000110826 -0.000305552 -0.00212042 -0.000277586 -0.000179789 -0.00215973 -0.000318434 -9.58772e-05 -0.00212387 
-1.91835e-05 -0.000230728 -0.00228378 -7.9394e-05 -0.000150975 -0.00223762 8.60697e-06 -0.000116158 -0.00220213 
0.000138469 -0.000156429 -0.00223703 0.000309309 -0.00011658 -0.00215724 -0.000322094 -7.01393e-05 -0.00222264 
-0.000329431 1.29898e-05 -0.00209073 -0.000160285 -2.39232e-06 -0.00227543 -0.000107861 0.000101277 -0.00231722 
-8.42226e-05 -4.9421e-05 -0.00222117 -0.000198294 -4.94808e-05 -0.00216479 -0.000159213 4.63184e-05 -0.00217774 
-1.59649e-05 -5.59843e-05 -0.00229908 5.89698e-05 1.82308e-05 -0.00219699 7.94468e-06 7.23981e-05 -0.00227448 
0.000126441 -5.73699e-05 -0.00222645 0.000184643 3.97321e-05 -0.00216539 0.000128219 5.71225e-05 -0.00226997 
0.000331777 2.32338e-05 -0.00209593 0.000332579 -2.65081e-05 -0.00222911 0.00022853 -3.61619e-05 -0.00222938 
-0.000318974 8.72564e-05 -0.00218096 -0.000251474 0.000216047 -0.00221745 -0.000104939 0.000204153 -0.00229138 
-0.000162951 0.000163521 -0.00220661 1.50511e-05 0.000198072 -0.00226869 -4.43405e-05 0.000199915 -0.00218518 
0.00012904 0.000198767 -0.00225795 0.000315606 0.000101744 -0.00217093 0.000260894 0.000211737 -0.00218202 
0.00029406 0.000153612 -0.00208829 -0.000219811 0.000248758 -0.00210154 -0.000112192 0.000313011 -0.00216487 
-2.25666e-06 0.000328071 -0.00213972 0.000129925 0.000305685 -0.00211354 0.000181955 0.00027576 -0.00220913 
-9.92454e-05 -0.000316347 -0.00203277 -0.000225531 -0.000236135 -0.00197782 4.47567e-05 -0.000324878 -0.00204132 
4.33404e-05 -0.000325062 -0.00194183 0.000172156 -0.000285577 -0.00204327 -0.00030549 -0.000130211 -0.00201582 
-0.000136663 -0.000138711 -0.00213147 -0.000185531 -0.000136054 -0.00199734 -5.79092e-05 -0.000203843 -0.00212795 
4.68996e-05 -0.00021679 -0.00217867 -7.87306e-05 -0.000188373 -0.00202535 2.32158e-05 -9.57236e-05 -0.00205122 
0.000128961 -0.000193582 -0.00207714 0.000295991 -0.000150105 -0.00206398 0.000243769 -0.000228645 -0.00199269 
0.000310464 -0.000107447 -0.0019678 -0.000332086 -6.44279e-07 -0.00199102 -0.000234191 5.05026e-05 -0.00210431 
-0.000101289 -9.85376e-07 -0.00206007 -4.03256e-05 -5.4947e-05 -0.00212213 -5.54145e-05 5.50839e-05 -0.0021938 
8.10845e-05 9.90258e-06 -0.00208778 0.000189817 -4.35633e-05 -0.00209974 0.000331276 -2.81125e-05 -0.00200157 
0.000319837 7.60424e-05 -0.00197617 -0.000290836 0.000153807 -0.00206965 -0.000265655 0.000198502 -0.00195985 
-0.000316706 9.43727e-05 -0.00199656 -0.000142606 0.000136161 -0.00209462 -0.000108739 8.6042e-05 -0.00199893 
-0.000135639 0.000190681 -0.00200079 7.12302e-05 0.000194438 -0.00211796 -4.28414e-05 0.000207076 -0.00206346 
-3.83106e-05 0.000105511 -0.00208241 0.00011559 0.000125692 -0.00217909 0.000168613 0.000101236 -0.002023 
6.24202e-05 0.000106651 -0.00204219 0.000120865 0.00019032 -0.00203022 0.000284967 0.000163057 -0.0019738 
-8.90683e-05 0.000319286 -0.0019419 -0.000160205 0.000286263 -0.00203541 6.44856e-05 0.000322147 -0.00193579 
-3.52353e-05 0.00033315 -0.00202552 6.7529e-05 0.000321942 -0.00203946 0.000144704 0.000303034 -0.00198316 
0.000222595 0.000246353 -0.00203344 -0.00015885 -0.000289271 -0.00187904 -0.000127541 -0.000307235 -0.00178117 
-7.13093e-05 -0.000325054 -0.00192591 -1.41764e-05 -0.000328487 -0.00181245 0.000103375 -0.000311312 -0.00186319 
0.000175195 -0.000282452 -0.00192556 -0.000320551 -8.76528e-05 -0.00192863 -0.000278356 -0.000178458 -0.00183094 
-0.000279425 -0.000175765 -0.00192858 -0.000110213 -0.000176531 -0.00192679 -0.000183069 -0.000135918 -0.00186666 
-7.9573e-05 -8.63831e-05 -0.00196274 8.56592e-06 -0.000224827 -0.00197353 5.22885e-05 -8.48966e-05 -0.00191093 
0.000129849 -8.52657e-05 -0.00199079 0.000151915 -0.000158815 -0.00191727 0.000321704 -8.17358e-05 -0.00187196 
0.000282895 -0.000168069 -0.00181865 -0.000322069 -7.47903e-05 -0.00182517 -0.000332043 1.51559e-06 -0.00189231 
-0.000227646 4.64393e-06 -0.00200919 -0.000135587 -1.46332e-05 -0.00192008 2.91477e-06 -2.16768e-06 -0.00199949 
5.74626e-06 7.8749e-06 -0.00187557 0.000138822 1.48707e-05 -0.00198149 0.00023342 1.21608e-05 -0.00194741 
0.000326139 2.08398e-05 -0.00190271 0.00033403 2.1872e-05 -0.00180923 -0.000320491 7.83978e-05 -0.00181036 
-0.000309678 0.000110044 -0.00189939 -8.1353e-05 7.41332e-05 -0.00190053 -0.000207309 0.000114681 -0.00182897 
-0.000119429 0.000187079 -0.00188875 -7.58172e-06 0.000164443 -0.0019549 6.85256e-05 0.000219832 -0.00189434 
0.000114227 0.000129528 -0.00193699 0.000212099 0.000111874 -0.00183801 0.000250727 0.000219156 -0.00189152 
0.000308552 0.000118254 -0.00188881 -9.07901e-05 0.000317478 -0.00184397 -0.000200064 0.000269116 -0.00190647 
4.69859e-05 0.000327049 -0.00181191 0.000168245 0.000282096 -0.00182211 -0.000211979 -0.000255221 -0.00171951 
-4.50809e-05 -0.000328319 -0.00172497 -1.90691e-05 -0.000330699 -0.00163505 0.000121446 -0.000307391 -0.00169856 
0.000225851 -0.000241829 -0.00176358 -0.000277488 -0.000179942 -0.00171556 -9.59441e-05 -8.05623e-05 -0.00185493 
-0.000193532 -8.28064e-05 -0.00177861 -0.000118399 -0.000202882 -0.00178318 2.45007e-05 -0.000199482 -0.00185813 
0.000128274 -0.000202154 -0.00182321 0.000204681 -0.00010054 -0.00182304 9.13429e-05 -0.000101284 -0.00179425 
0.000320555 -8.54571e-05 -0.00177207 0.000265841 -0.000196946 -0.00168007 -0.000331787 -1.08436e-05 -0.0017492 
-0.000332444 3.08646e-05 -0.00164503 -0.00020406 8.73763e-06 -0.00185045 -0.000130216 -2.75404e-05 -0.00171757 
-1.49636e-08 -4.69198e-05 -0.00175906 0.000182337 1.09343e-05 -0.00183116 5.92931e-05 4.76012e-05 -0.00173988 
0.000331597 -2.7252e-05 -0.00165249 0.000323839 7.47066e-05 -0.00168806 -0.000263132 0.000200452 -0.00177406 
-0.00031184 0.000125975 -0.00172468 -0.000253657 0.000212122 -0.00167666 -0.000212473 0.000111255 -0.00171284 
-0.000123693 6.39405e-05 -0.00180113 -2.71874e-05 0.000233931 -0.00181431 4.92565e-05 0.000219391 -0.00174476 
9.19107e-05 6.11582e-05 -0.00185988 0.000298574 0.000139938 -0.00177495 0.000270872 0.000191689 -0.00169283 
-8.68123e-05 0.000319812 -0.00174512 -0.000176187 0.000281825 -0.0017413 -0.00013358 0.000308244 -0.00165773 
2.48033e-06 0.000332293 -0.00171284 0.000146002 0.000302509 -0.00171847 0.000231769 0.000236016 -0.00177117 
-0.000159487 -0.000289934 -0.0016252 -0.000101813 -0.000315499 -0.00155698 -0.000221126 -0.000242185 -0.00148106 
0.000171127 -0.000282551 -0.00161885 0.000102601 -0.000311837 -0.00154616 -0.000258736 -0.000215442 -0.00156856 
-0.000303223 -0.000142609 -0.00162704 -0.000321854 -9.95957e-05 -0.00149813 -0.00013553 -0.0001824 -0.00168153 
3.06127e-06 -0.000172936 -0.00173314 -2.24923e-05 -0.000227267 -0.00160129 -2.99103e-05 -0.00011278 -0.00165562 
0.00016685 -8.41014e-05 -0.00169782 0.000108471 -0.000179042 -0.00165456 7.57575e-05 -6.36636e-05 -0.00163723 
0.000166405 -0.000168653 -0.00154692 0.00030813 -0.000123816 -0.00162913 0.000270516 -0.000194735 -0.00155711 
-0.000332023 1.52087e-06 -0.00150651 -0.000227089 -8.26836e-05 -0.00168402 -0.000184617 -2.12913e-05 -0.00160092 
-7.24981e-05 -1.63989e-05 -0.00162075 -0.000116492 7.8339e-05 -0.0016867 0.000175734 2.04961e-05 -0.00168965 
0.000183795 -3.09384e-05 -0.00160081 0.000330194 -3.21063e-05 -0.00153489 -0.000299724 0.000143768 -0.00162367 
-0.000252491 0.000213882 -0.00150741 -0.000318352 9.03354e-05 -0.001549 -0.000127558 0.000189333 -0.00171157 
-0.000194312 0.000116153 -0.00159261 -0.000105658 0.00019392 -0.00157523 4.16317e-05 0.000119728 -0.00166673 
2.88883e-05 0.000146803 -0.00155353 0.000136669 0.000170638 -0.00173837 0.000133868 7.95817e-05 -0.00158315 
0.000308329 0.000121916 -0.00160256 0.000280865 0.000176244 -0.00152369 -0.000208091 0.000260172 -0.00157712 
-0.000171726 0.000284333 -0.00148763 -8.88409e-05 0.000319652 -0.00153585 -2.61519e-05 0.000192014 -0.00164231 
-4.2502e-05 0.000333707 -0.00162293 -8.06508e-06 0.000327886 -0.00149786 0.000177397 0.000277713 -0.00156551 
7.71168e-05 0.000321276 -0.00157041 0.000233799 0.000233552 -0.00161672 -0.00020533 -0.000261461 -0.00138738 
-0.000104005 -0.000314847 -0.00136134 -0.000141722 -0.000300578 -0.00145857 -4.75038e-05 -0.000328426 -0.00147616 
2.73624e-05 -0.000330613 -0.00135571 4.56319e-05 -0.000324871 -0.00145366 0.000134839 -0.000301191 -0.00144317 
0.000136028 -0.000298715 -0.00134089 0.000222979 -0.00024631 -0.00147422 0.000219804 -0.000248533 -0.00136754 
-0.000280423 -0.000174039 -0.0013968 -0.000115798 -0.000141147 -0.00157707 -0.000150635 -0.000164897 -0.00147136 
5.5721e-05 -0.000228764 -0.00148382 -5.52297e-06 -0.000189382 -0.0014088 0.000319661 -8.82249e-05 -0.00142511 
0.000282051 -0.000172926 -0.00138765 -0.000323557 -7.3115e-05 -0.00138948 -0.000329259 4.62169e-05 -0.00134303 
-0.000226709 -1.81348e-05 -0.00149947 1.64954e-05 1.42403e-05 -0.00158565 -3.28351e-05 -8.47287e-05 -0.00155008 
-5.47263e-05 4.17925e-05 -0.0014723 8.13232e-05 -4.57628e-05 -0.00153637 0.000237878 4.72356e-05 -0.00156885 
0.000133542 2.64273e-05 -0.00141169 0.000331316 1.7641e-05 -0.00144839 -0.000250362 0.00021703 -0.00140064 
-0.000313189 0.000101884 -0.00141786 -6.9802e-05 9.46258e-05 -0.00156426 -0.000190196 0.000134622 -0.00149352 
1.75931e-05 0.000229038 -0.00148421 0.000302858 0.000130861 -0.00140588 -8.69572e-05 0.00031937 -0.00143541 
-0.000168785 0.00028609 -0.00138809 -3.73209e-07 0.000328118 -0.00139617 0.000226391 0.000242774 -0.00135718 
8.48038e-05 0.000320977 -0.00132986 0.000131173 0.000305936 -0.00143715 0.000222799 0.000252367 -0.00147395 
-0.000151062 -0.00029535 -0.00127537 -3.26571e-05 -0.000329972 -0.00127577 -7.71731e-05 -0.000218268 -0.00129215 
0.000225099 -0.000244237 -0.00121834 0.000119541 -0.000304673 -0.00121229 -0.000279903 -0.00017568 -0.00126421 
-0.0002024 -8.57748e-05 -0.00141908 -0.000215182 -0.000100935 -0.00130161 -3.15537e-05 -6.98206e-05 -0.00144951 
-5.09525e-05 -0.000111297 -0.00131091 0.000100642 -0.000173421 -0.00135195 0.000201929 -0.000106206 -0.00137533 
0.000102 -0.00018651 -0.00125176 0.00031536 -0.000102584 -0.00127551 0.000288179 -0.000168688 -0.00120642 
-0.000321699 6.49874e-05 -0.00124863 -0.000323965 -5.78255e-05 -0.00129186 -0.000152107 3.56185e-06 -0.00141958 
-0.00012179 9.60646e-05 -0.00138179 -2.17384e-05 7.28337e-05 -0.00137368 4.55426e-05 -2.57971e-05 -0.00136557 
0.000205445 9.10488e-05 -0.00135441 8.79475e-05 7.64738e-05 -0.00132629 0.000329787 2.72095e-05 -0.00130063 
0.000332771 -2.61673e-05 -0.00118328 -0.000286214 0.000160887 -0.00131926 -0.00029115 0.000153673 -0.00120168 
-0.000135612 0.000194652 -0.00135233 -5.16391e-05 0.00016336 -0.0014149 0.000105592 0.000155695 -0.00140424 
0.000156156 0.000175629 -0.00127521 0.000295026 0.000151905 -0.00126624 -0.000235614 0.000234355 -0.00118194 
-0.000102854 0.00031575 -0.00124096 -0.000204626 0.000264048 -0.00127728 -2.03659e-05 0.00033067 -0.00125908 
0.00012271 0.000305694 -0.00121731 0.000191666 0.000270756 -0.00125116 -0.000102634 -0.000315035 -0.0010506 
-0.000221422 -0.000241952 -0.00115762 -0.000130757 -0.000308608 -0.00117547 -4.95167e-06 -0.000333229 -0.00102989 
-5.16411e-06 -0.000337297 -0.00115134 0.000113557 -0.000309819 -0.00105963 0.000171658 -0.000285685 -0.00112502 
-0.000267763 -0.000190507 -0.00107928 -0.000306552 -0.000124663 -0.00115963 -0.0001121 -0.000211159 -0.00116019 
-0.000192086 -8.09286e-05 -0.00118827 4.83413e-06 -0.000173673 -0.00122455 8.20124e-05 -0.000187161 -0.00114993 
0.000214064 -4.55259e-05 -0.00117986 0.000256897 -0.000209044 -0.00105862 0.000313596 -0.000104236 -0.0010807 
-0.000328084 2.40372e-05 -0.00110643 -0.000324642 -7.09469e-05 -0.0010738 -0.000113473 -2.53258e-05 -0.0013081 
-0.000200181 2.81325e-05 -0.00126827 -0.000152103 6.38971e-06 -0.00115631 -5.60125e-05 -6.16474e-05 -0.0011916 
4.82083e-05 -5.72589e-05 -0.00119262 0.000215553 9.23791e-05 -0.001239 0.000104338 -2.2169e-05 -0.00127585 
0.000333276 -2.60843e-05 -0.00107883 0.000331785 6.17606e-05 -0.00116766 -0.000297973 0.000146054 -0.00108549 
-0.000250448 0.000212265 -0.00103527 -0.000181897 0.00013551 -0.00123184 -0.000113047 0.000208689 -0.00125445 
3.61496e-05 0.000230351 -0.00121214 -4.28147e-06 0.000130279 -0.00128263 3.39593e-05 0.000108925 -0.00119159 
-7.54038e-05 0.000107825 -0.00120793 0.000136249 0.000117893 -0.00117261 0.00028547 0.000169908 -0.00116888 
0.000236516 0.000229394 -0.0010662 0.000312931 9.98452e-05 -0.00106911 -0.000152793 0.000290633 -0.00103166 
-0.000112413 0.000308651 -0.00114296 -4.34483e-05 0.000329422 -0.00107382 5.02782e-05 0.000328149 -0.00115596 
0.000135691 0.00030448 -0.0010545 0.000189178 0.000271065 -0.00114642 -0.000209088 -0.000257691 -0.00102146 
-0.000111793 -0.000310424 -0.000914488 -0.000219934 -0.000248499 -0.000923059 -1.82063e-05 -0.000330281 -0.000912531 
0.000171795 -0.000284037 -0.00098315 0.000104289 -0.000311512 -0.000914855 -0.000302863 -0.000137022 -0.000895642 
-0.000304656 -0.00013547 -0.000996711 -0.000181375 -0.000159441 -0.00101671 -0.00011262 -0.000137859 -0.00108968 
-4.93177e-06 -0.000134855 -0.00111875 -2.227e-05 -0.000158996 -0.0010189 0.000142804 -0.000112259 -0.00111377 
0.000128717 -0.000190166 -0.00104683 0.000313456 -0.000122075 -0.00098057 0.000251496 -0.000220495 -0.000956755 
-0.000319812 7.43245e-05 -0.000882635 -0.000327461 -4.75863e-05 -0.000880048 -0.00033174 -1.44062e-05 -0.000974618 
-0.000206066 -4.77532e-05 -0.00104496 -0.000213717 5.76384e-05 -0.00107841 -0.000100503 -8.00368e-05 -0.00100457 
-0.000129732 3.35915e-05 -0.00100327 4.23698e-05 -4.43989e-05 -0.0010517 -5.99845e-05 5.94501e-06 -0.00107285 
4.45995e-05 5.54125e-05 -0.00107865 0.000223274 -5.61799e-05 -0.00107072 0.000126446 -2.56502e-07 -0.0011518 
0.00015129 -5.31856e-05 -0.00100018 0.000176791 5.33814e-05 -0.00107585 0.000329353 2.29317e-05 -0.000996563 
-0.0003196 7.74217e-05 -0.00099754 -0.000282412 0.000167766 -0.000962134 -0.00024712 0.000215853 -0.000883604 
-0.000110051 0.000204718 -0.00112892 -0.000155062 0.000175364 -0.00100404 -5.97935e-05 0.000125594 -0.00104628 
4.21563e-05 0.000129643 -0.000979088 6.78337e-05 0.000196048 -0.00110988 7.97638e-05 0.000222131 -0.0010139 
0.000165283 0.000143414 -0.00101746 0.000310999 0.000108526 -0.000955637 0.000263906 0.00020891 -0.000968976 
-0.000161965 0.000285325 -0.000934028 -2.69546e-05 0.000228175 -0.00103634 3.60104e-05 0.000327769 -0.000994175 
-6.65378e-05 0.000325095 -0.000955894 0.000150115 0.000300956 -0.000949963 -0.000121097 -0.000309118 -0.000763726 
-0.000223297 -0.000242409 -0.000744441 -0.000177027 -0.000276277 -0.000839063 3.60602e-05 -0.000326529 -0.000752971 
-3.70027e-05 -0.000328225 -0.000815367 0.000208892 -0.000261497 -0.000862173 0.000130458 -0.000311326 -0.000805721 
-0.000299809 -0.000142789 -0.000796235 -0.000255097 -0.000212961 -0.000838691 -0.00011782 -0.000187338 -0.000820355 
1.6545e-05 -0.000173402 -0.000915289 6.54363e-05 -0.000101445 -0.000967808 0.00015829 -0.000135047 -0.000935712 
0.000207655 -0.00011427 -0.000850711 0.000236637 -0.000228395 -0.00077912 0.000285012 -0.000176478 -0.000860557 
-0.000332403 1.38596e-05 -0.000746251 -0.000159816 5.35456e-05 -0.000854597 -0.000157429 -7.61402e-05 -0.000896039 
-5.2657e-05 7.64212e-05 -0.000836764 8.90801e-05 2.85269e-05 -0.000978148 -1.76353e-05 2.14319e-05 -0.000968074 
-2.89299e-05 -3.48741e-05 -0.000871386 0.000125213 -4.22288e-05 -0.000886242 0.000225194 -1.06992e-05 -0.000848969 
0.000327102 -3.80255e-05 -0.000738317 0.00032906 -7.01756e-05 -0.000839935 0.000328885 3.61884e-05 -0.000816054 
0.00032357 7.55204e-05 -0.000724594 -0.000247011 0.000222118 -0.000780543 -0.000302292 0.00014081 -0.000790363 
-8.78307e-05 0.000173707 -0.000894498 0.000213118 7.07197e-05 -0.000920879 0.000127682 0.000185692 -0.000932243 
0.000102176 0.000103347 -0.000846377 0.000250949 0.000215742 -0.000800601 0.000301845 0.000139615 -0.000856804 
-0.000127014 0.000311647 -0.00084337 -0.000155005 0.00028919 -0.000752531 -2.22004e-05 0.000329274 -0.000840643 
-9.58564e-06 0.000329588 -0.000737541 0.000188072 0.000272831 -0.000861446 0.000102268 0.000320588 -0.000866899 
0.000153232 0.000294879 -0.000749157 -0.000121669 -0.000308927 -0.000654549 2.55713e-05 -0.000327667 -0.000575272 
0.000110999 -0.000311105 -0.000650214 0.000193175 -0.00026549 -0.000697553 -0.000267717 -0.000191781 -0.000643635 
-0.000306354 -0.000127199 -0.000678957 -0.000204959 -0.000125656 -0.000722834 -0.000107886 -0.000146027 -0.00067554 
-3.2444e-05 -0.000232553 -0.000729569 4.89821e-05 -0.000148331 -0.000798996 5.47347e-05 -0.000182495 -0.000675949 
0.000120601 -0.000209044 -0.000749777 0.000158485 -0.000114828 -0.00075796 0.000295203 -0.000167902 -0.000694853 
0.000245529 -0.000224311 -0.000580864 -0.000331027 2.36228e-05 -0.00062156 -0.000192592 -1.7059e-05 -0.000748548 
-0.000114841 -4.37204e-05 -0.00081031 -9.6871e-05 -3.07228e-06 -0.000682143 -1.61223e-05 -1.2509e-05 -0.000758811 
0.000108879 -2.81611e-05 -0.000781658 0.000224175 -6.97573e-05 -0.000692768 0.00020437 8.38654e-05 -0.000663037 
0.000332153 2.15638e-05 -0.000614423 0.000327582 -7.5688e-05 -0.00059011 -0.000247043 0.000222011 -0.00068094 
-0.000316312 9.63446e-05 -0.000686709 -0.000308048 0.000114362 -0.000588741 -0.000178734 0.000118609 -0.00077636 
-8.85155e-05 0.000197982 -0.000739367 -2.95456e-06 0.000203165 -0.000799071 4.0494e-05 8.88868e-05 -0.000751104 
0.000116899 0.000181808 -0.000689743 0.000287943 0.000152089 -0.000577246 0.000282784 0.000165208 -0.00067617 
-9.01773e-05 0.000317346 -0.000677928 -0.000146075 0.000297642 -0.000597565 -2.18183e-06 0.000328075 -0.000634787 
0.000223117 0.000246084 -0.000697067 0.000111513 0.000308552 -0.000653113 0.000221711 0.00024129 -0.00059184 
-0.000103095 -0.000314815 -0.000441491 -0.000153408 -0.000293228 -0.000561099 -0.00021196 -0.000256352 -0.000484529 
3.85286e-05 -0.000327148 -0.000427557 -3.76087e-05 -0.000328315 -0.000505979 6.01162e-05 -0.000209746 -0.000569335 
0.00015465 -0.000293752 -0.000428097 0.000220003 -0.000249132 -0.000488808 0.000114712 -0.00031247 -0.000546364 
-0.000304115 -0.00013155 -0.000544105 -0.000305248 -0.000127112 -0.000451366 -8.04104e-05 -0.000196344 -0.000593737 
7.69418e-05 -8.50063e-05 -0.000702612 -2.83448e-05 -9.07163e-05 -0.000588308 9.30716e-05 -9.39283e-05 -0.000526371 
0.000176434 -0.000144213 -0.000601444 0.000292184 -0.000159903 -0.000479866 -0.000329337 1.27059e-05 -0.00042625 
-0.000330346 -5.29418e-05 -0.00056519 -0.000225497 3.68092e-05 -0.000635769 -0.000176789 -6.07073e-05 -0.000582221 
-0.00010574 1.58878e-05 -0.000568036 7.11412e-06 -5.0923e-06 -0.000635348 -1.09183e-05 7.46705e-06 -0.000536564 
0.000151328 -4.29977e-05 -0.000609995 0.000125227 2.2406e-05 -0.000686859 0.000231224 5.61335e-05 -0.000512308 
0.000331641 -2.71915e-05 -0.000433683 0.000328817 3.24476e-05 -0.000514809 -0.000257752 0.00021071 -0.000550462 
-0.000249067 0.000225596 -0.000437628 -0.000316019 9.71221e-05 -0.000477386 -0.000186123 0.000111052 -0.000564907 
-0.000105452 0.000193105 -0.000577608 1.52746e-05 0.000209883 -0.000669677 5.614e-05 0.00010504 -0.000651665 
-6.33433e-05 0.000100221 -0.000606488 4.61855e-05 9.56314e-05 -0.000530542 0.00011443 0.000164039 -0.000574693 
0.000131416 6.22734e-05 -0.000578114 0.000321672 8.25705e-05 -0.0004361 0.000279414 0.000173572 -0.000467676 
-0.000155041 0.000294751 -0.00048174 4.87472e-05 0.000326786 -0.00048039 -6.33272e-05 0.00032601 -0.000478732 
6.56117e-05 0.00021687 -0.000488619 0.000189862 0.000272494 -0.000484304 0.000119658 0.00031001 -0.000538956 
-0.000231229 -0.000240231 -0.000371806 -0.000100633 -0.000314755 -0.000342918 -0.000187077 -0.000275207 -0.000279564 
0.000161715 -0.000290326 -0.000286509 8.03992e-05 -0.000321824 -0.000319744 -0.000298246 -0.000146945 -0.000360645 
-0.000169049 -0.000162326 -0.000460983 -0.000221814 -5.71861e-05 -0.000409888 -5.76547e-05 -0.000160068 -0.000485571 
3.22659e-05 -0.000234788 -0.000360955 -4.75774e-06 -0.000126302 -0.000395099 0.000213284 -8.32624e-05 -0.000387739 
0.000146526 -0.000189303 -0.000405109 0.00025975 -0.000209435 -0.000337208 0.000322607 -8.14691e-05 -0.000343453 
-0.000333021 6.87769e-06 -0.000326009 -0.000103892 -5.94806e-05 -0.000495401 -0.000199735 4.06892e-05 -0.000491737 
-9.34811e-05 -5.29135e-05 -0.000394652 -5.23342e-05 4.20597e-05 -0.000406854 3.75856e-05 -1.92756e-05 -0.000395298 
0.000126448 1.89766e-06 -0.000496101 0.000237373 3.1573e-05 -0.00039918 0.00032977 3.44046e-05 -0.000357525 
-0.000297969 0.000142597 -0.000364784 -0.000151634 0.000169072 -0.000471422 -0.000133442 0.00015773 -0.000334696 
-6.13259e-05 0.000112271 -0.000484072 -6.39455e-05 0.000226113 -0.000480523 2.04624e-05 0.000224814 -0.000397385 
0.000183211 0.000130352 -0.000433988 6.58161e-05 0.000102806 -0.00042425 0.000131213 0.00020544 -0.000366032 
0.000308722 0.000118813 -0.000343326 0.000261957 0.00020033 -0.000378584 -0.000235157 0.000234819 -0.000311434 
-0.000151649 0.000291292 -0.000310744 -8.99442e-05 0.000319138 -0.000382898 -8.249e-06 0.000333619 -0.000305418 
0.000182638 0.000273355 -0.000289145 9.97456e-05 0.000315631 -0.000362852 -0.000229176 -0.000240833 -0.000155677 
-0.000157872 -0.000295208 -0.000160943 -4.88904e-05 -0.000326743 -0.00014784 -1.86969e-05 -0.000334968 -0.00025104 
0.000135072 -0.000296812 -0.000191069 0.000219931 -0.000248407 -0.000122742 -0.000260364 -0.000202566 -0.000255224 
-0.000313611 -0.000116118 -0.000264588 -0.000298883 -0.000137341 -0.000172814 -0.000140881 -0.000199199 -0.000350755 
-0.000164226 -0.00015006 -0.000248433 -6.17034e-05 -0.000218277 -0.000246708 4.83866e-05 -0.000189053 -0.00026413 
-5.08117e-05 -0.000123607 -0.000284285 9.65514e-05 -9.17065e-05 -0.000359565 0.000207713 -0.000124875 -0.000280182 
0.000255258 -0.000211698 -0.000250378 0.000306548 -0.000140703 -0.000205394 -0.000328254 -4.35357e-05 -0.000173551 
-0.000217895 3.84594e-05 -0.000244431 -0.000127948 -5.29799e-05 -0.000297473 -0.000148618 4.30175e-05 -0.000377481 
-0.000118226 5.94604e-05 -0.000254525 5.83428e-06 4.94727e-05 -0.000304617 2.63966e-05 -6.48316e-05 -0.000250246 
0.000123414 4.42808e-05 -0.000345464 0.0001288 -3.98296e-05 -0.000241133 0.000329683 -4.79069e-07 -0.00026594 
0.000329256 -2.63337e-05 -0.000145756 0.000326803 6.939e-05 -0.000225655 0.000225509 -1.41235e-05 -0.000251639 
-0.000321941 8.21158e-05 -0.000263614 -0.000267579 0.000196699 -0.000225779 -0.000295144 0.000148733 -0.000150592 
-0.000182973 0.000145757 -0.000203947 7.88521e-07 0.000231357 -0.000276175 -6.09841e-05 0.00015769 -0.000227792 
5.36701e-05 0.000142378 -0.000315408 0.000150373 0.000180397 -0.000254254 0.000197962 7.99168e-05 -0.000217991 
0.000272083 0.000197771 -0.000265153 0.000321172 8.70734e-05 -0.000135164 0.000277732 0.00017806 -0.000164363 
-9.28292e-05 0.000315782 -0.000233915 -0.000206841 0.000257387 -0.000184852 -2.46408e-05 0.000333585 -0.000164316 
4.47978e-05 0.000325847 -0.000217087 0.000218212 0.000251066 -0.000188581 0.000131466 0.000304355 -0.000189788 
-0.000113118 -0.00031171 -5.93361e-05 -0.000192915 -0.000269249 -4.56666e-05 3.44449e-06 -0.000334682 -3.94539e-05 
5.42794e-05 -0.00032833 -0.000109637 0.000128665 -0.000306433 -5.87521e-05 -0.000278706 -0.000187358 -4.17579e-05 
-0.000209263 -8.75241e-05 -0.000132363 -9.72191e-05 -0.000122801 -0.000133058 -9.43576e-05 -0.000204504 -4.34793e-05 
8.62576e-05 -0.000116332 -0.000186352 3.89978e-05 -0.000227016 -0.000113468 0.000131808 -8.56517e-05 -5.64996e-05 
0.000261054 -0.000201881 -3.97856e-05 -0.000321007 7.24202e-05 -6.96906e-05 -0.000329166 -2.64307e-05 -7.24767e-05 
-0.0002044 5.84367e-05 -5.61095e-05 -6.4191e-05 -3.29562e-05 -0.00018624 -0.000112632 6.08105e-06 -6.77769e-05 
3.60469e-05 -3.57937e-05 -0.000149334 0.000219617 -2.86154e-05 -3.4414e-05 0.000107997 4.94405e-05 -0.000185082 
0.000235399 6.57388e-05 -8.78301e-05 0.000322361 -7.55833e-05 -4.52451e-05 0.000330195 2.62977e-05 -4.54267e-05 
0.00019238 -4.32899e-05 -0.000129508 -0.000287692 0.000157913 -3.95207e-05 -9.14431e-05 0.000143028 -0.000119411 
-2.85766e-05 0.000237341 -0.000136681 2.60447e-05 8.00984e-05 -0.000129499 7.92601e-05 0.000173212 -0.000157968 
0.000147689 0.000113533 -8.16883e-05 0.000250983 0.000213397 -6.35811e-05 0.000304828 0.000136017 -4.42906e-05 
-0.000233965 0.000238018 -5.58586e-05 -0.000154434 0.000295574 -8.1115e-05 7.02222e-05 0.000326113 -4.26355e-05 
-6.05424e-05 0.000328586 -7.08053e-05 0.000181486 0.000276995 -7.78688e-05 -3.01974e-06 -0.000239416 6.2784e-06 
-0.000237755 -8.39123e-05 7.86938e-05 -7.82166e-05 -0.000124779 2.91831e-05 -0.000173296 -0.000171585 3.75009e-05 
-2.06513e-06 -9.14591e-05 -7.4786e-05 2.21817e-05 -0.000136132 6.44804e-05 8.88338e-05 -0.000196922 -2.83461e-05 
0.000167183 -0.000199493 9.89414e-05 0.000156053 -8.27171e-05 8.22981e-05 -0.000234118 -3.80418e-05 -4.26777e-05 
-2.38004e-05 -1.12221e-05 -1.12902e-05 0.000108124 5.03994e-06 -2.23199e-06 0.000166746 4.15996e-05 0.000101544 
0.000244739 -3.21411e-05 6.95282e-05 -0.000220569 0.000119111 4.2382e-05 -8.63386e-05 5.75281e-05 2.62563e-05 
-0.000110893 0.000210213 -3.8008e-05 6.32613e-05 0.000194562 -5.52387e-05 3.42835e-05 8.53244e-05 -2.39312e-05 
6.35326e-06 0.000203648 8.66362e-05 0.000207427 0.000120879 5.51403e-05 0.000139013 0.000190156 2.57947e-05 
9.97612e-05 0.000113267 7.64552e-05 0.000236525 0.000277341 4.99999e-05 5.20131e-05 -0.000237245 0.000123077 
-5.68377e-05 -0.000269772 0.000169153 -0.000257208 -4.71695e-05 0.000182498 -0.000143828 -9.48407e-05 0.000156625 
-6.81008e-05 -1.58249e-05 0.000129229 0.000125237 -0.000208072 0.000212821 0.000230018 -0.000117946 0.000147576 
-0.000261231 3.81476e-05 0.000129895 -0.000173061 2.02747e-05 6.35806e-05 -0.000158415 1.08471e-06 0.000186208 
-4.01829e-05 9.19174e-06 0.000234951 6.56197e-05 -1.51245e-05 0.000140194 0.000251748 -5.02838e-06 0.00016664 
-0.00013498 0.000115551 9.5353e-05 3.71037e-05 0.000159094 0.000195922 0.000158006 0.000147286 0.000260129 
-7.39263e-05 0.000189025 0.000144615 8.93009e-05 0.000245107 0.000152999 -8.55159e-05 -0.000335029 0.000444256 
-4.68525e-05 -0.000258524 0.000330471 0.000148395 -0.000220784 0.000380358 -0.00024669 -0.000123796 0.000286284 
-4.95289e-05 -0.000191928 0.000246305 0.000131476 -0.000103397 0.000277373 0.000259193 -0.000123018 0.00035777 
-0.000231687 2.11037e-05 0.000273294 -0.000316379 -5.27566e-05 0.00035253 -1.3061e-05 -4.22809e-05 0.000321925 
0.000264759 -9.0407e-05 0.000250368 0.000222045 9.53996e-05 0.000318942 0.000272256 2.28624e-05 0.000266735 
-0.000240513 0.000134636 0.000246827 -7.69735e-05 0.000114005 0.0002229 -0.00019403 0.000164889 0.000370776 
-0.000128573 3.32401e-05 0.000276932 6.67025e-05 4.77962e-05 0.00044987 -5.38193e-05 0.000163196 0.000332546 
0.000135597 0.000194969 0.000461451 0.000259216 0.000122727 0.00019875 -0.000127654 0.000258519 0.000233223 
4.29155e-06 0.000297951 0.000224984 0.000137888 0.000245869 0.000242437 8.73233e-05 0.000308241 0.000377092 
0.000166354 -0.000253043 0.000497521 -0.000170542 -0.000220086 0.000346951 -0.00015485 -0.000229152 0.000496101 
4.21201e-05 -0.000114116 0.000488891 -0.000108821 -0.00012595 0.000446404 0.000205127 -9.55042e-05 0.00063909 
0.000211612 -5.16532e-05 0.000432067 -0.000305441 7.21985e-05 0.000379819 -0.000232835 -4.00969e-05 0.000444836 
-0.000190508 3.15006e-05 0.000378492 2.26663e-05 -8.34359e-06 0.000524572 0.000352455 2.76208e-05 0.000513931 
-0.000249045 0.000142255 0.000482123 -6.77704e-05 8.04611e-05 0.000478235 0.000244475 0.00010883 0.000418449 
-0.000127573 0.000294072 0.000566214 -6.3367e-06 0.00026898 0.000369624 -0.000257727 -0.000135765 0.000555777 
-4.6372e-05 -0.000233905 0.000572694 0.000194994 -0.000339891 0.000814889 5.65206e-05 -0.000307233 0.000728473 
-0.000226772 -0.000232349 0.000651897 0.000117367 -0.000228539 0.000686711 -0.000315866 6.32927e-05 0.000637402 
-0.000119563 6.81157e-05 0.000595011 -0.000133201 -6.78438e-05 0.000609581 0.000126985 -2.15788e-05 0.000540374 
7.19221e-05 6.05206e-05 0.000770126 0.000294255 0.000158112 0.000586054 -0.000252845 0.000202632 0.000583052 
0.0001253 7.68372e-05 0.000559917 -0.00015522 0.000222193 0.000689831 -2.83886e-05 0.000208419 0.000668045 
2.78188e-05 -0.000315995 0.000839068 -0.000226496 -4.34939e-05 0.000720479 -2.97359e-05 -0.000129941 0.000719225 
0.000137935 -4.0262e-05 0.000727501 0.000214512 6.99119e-05 0.000676435 -0.000209494 0.000115758 0.000784185 
-8.10827e-06 0.000268822 0.000796984 -0.000103636 7.55611e-05 0.000819039 9.3599e-05 0.000337593 0.000809255 
0.00026088 0.000144598 0.000774012 3.68437e-06 0.000377581 0.00058263 -8.14951e-05 -0.000364758 0.000730309 
0.00014052 -0.000425464 0.000975771 -9.82004e-05 -0.000369533 0.000874486 9.52966e-05 -0.000335377 0.000975471 
-0.000394885 -4.53552e-05 0.000829309 -0.000123816 -5.53395e-05 0.000758105 0.00022289 -0.000113652 0.000856259 
0.000212277 0.000173015 0.000886384 0.000415022 0.000171079 0.000997373 -5.91499e-05 0.000423301 0.000865709 
0.000182979 0.000365529 0.00102366 0.000140167 -0.000258894 0.00102546 0.000233038 -0.000203822 0.000957445 
0.000331954 -0.000276661 0.00100993 0.000125083 4.60197e-05 0.000948846 -8.79599e-05 -2.74668e-05 0.000910808 
0.000102024 8.99859e-05 0.00104746 -0.000119713 9.94589e-05 0.00109729 -0.000164336 0.000232275 0.000838519 
4.24665e-05 0.000204525 0.00112523 0.000371007 -7.89224e-06 0.000926652 0.000161747 0.000199266 0.0011279 
8.27772e-05 0.000445218 0.00105063 0.000163567 -0.000305879 0.00125686 -0.000472271 -0.000171567 0.00126928 
-6.98937e-05 -0.000251071 0.00115751 -0.000288512 -9.69827e-05 0.00126403 -2.86356e-05 -0.000200966 0.00128833 
3.63901e-05 -0.000219798 0.00114739 0.000218392 -0.000191355 0.00106133 -0.000303858 2.977e-05 0.00103475 
6.40628e-05 0.000158799 0.00127366 0.00036946 1.0686e-05 0.00108973 -4.66932e-05 0.000265925 0.00117342 
-0.000335937 0.000235857 0.00105199 -5.43331e-05 0.000446149 0.00116165 0.00041637 -0.000370024 0.00141166 
-0.000239299 -0.000328301 0.00127333 -0.000256957 -0.000232817 0.00133457 -0.000162585 -0.000225351 0.00122428 
6.91708e-05 -0.000225578 0.0012687 0.000116674 -0.000189814 0.00141375 -0.000488877 -0.000169235 0.00137815 
-0.000400717 0.000266652 0.0013202 -0.000299261 0.000218625 0.00134335 9.28532e-05 0.000359124 0.00121466 
8.25777e-05 0.00050326 0.00135407 0.000176451 -0.000391711 0.00151808 0.000395012 -0.000186864 0.0013343 
0.000391189 -0.000126787 0.0014923 -0.000125649 2.39398e-05 0.00152115 -0.000331436 0.000387185 0.00132352 
0.000245493 0.000474948 0.00146784 -0.000137773 0.00051984 0.00145112 -0.000291887 -0.00041428 0.00150426 
-0.00016276 -0.000464775 0.00144416 4.24577e-05 -0.000370254 0.00177689 -0.000359982 -0.000188068 0.00159398 
-0.000122006 -0.000106127 0.00176983 -3.32324e-05 -0.000151783 0.0017639 5.90609e-05 -0.000173269 0.00179584 
4.49008e-05 -9.93249e-05 0.00173003 0.000137751 -0.000111953 0.00178892 -0.000147143 -1.0288e-05 0.00175631 
-0.000205883 -1.61901e-06 0.00183677 -7.82712e-05 3.33549e-05 0.00181427 -6.72082e-05 3.32302e-05 0.00171488 
-4.80275e-05 -6.48954e-05 0.00171666 -3.62964e-05 -5.94598e-05 0.00181582 2.65786e-05 2.71659e-07 0.00170298 
4.89417e-05 6.23297e-06 0.00180026 0.000116538 -2.98097e-05 0.00173599 0.000180843 1.92434e-05 0.0017948 
0.000103069 6.92189e-05 0.00173939 -0.000164719 8.00014e-05 0.00179554 -8.26736e-05 0.000122472 0.00175727 
-0.000114762 0.000171628 0.00183822 8.47476e-06 9.79092e-05 0.00172428 -2.1854e-05 0.000186536 0.00180414 
6.96765e-05 0.000154629 0.00177939 2.50508e-06 9.15836e-05 0.0018239 0.000155441 0.000114502 0.00181154 
-0.000236846 0.00015081 0.00163436 9.40175e-05 0.000398165 0.00151847 0.000370858 0.000456883 0.00175458 
1.85824e-05 -0.000616525 0.00162362 -0.000522716 -0.000232892 0.00185886 -0.000113593 -0.000174168 0.00184263 
-0.000162778 -0.00015433 0.0019274 -0.000184921 -9.88383e-05 0.00184721 -9.66313e-05 -8.39008e-05 0.00189173 
-7.6608e-05 -0.000209904 0.00192839 -1.98054e-05 -0.000208688 0.0018461 5.70183e-05 -8.4423e-05 0.00184169 
-7.78577e-06 -0.000128105 0.00190408 7.43464e-05 -0.000207877 0.00188841 1.47683e-05 -0.000219333 0.0019679 
-6.71601e-05 -0.000127702 0.00198454 0.000156724 -0.000152049 0.00187855 0.000125521 -0.000179502 0.0019695 
0.000197297 -0.000101798 0.00195489 0.000101969 -8.32992e-05 0.00193101 0.000521621 -0.000191384 0.00167784 
-0.000485338 -1.32615e-05 0.00189942 -0.000214063 -6.40063e-05 0.00193631 -0.000127922 1.09418e-05 0.00189813 
-0.000220131 3.55056e-05 0.00192853 -9.78428e-05 6.12449e-05 0.00197977 -0.000110959 -3.78085e-05 0.00198377 
-1.24225e-05 -4.20273e-05 0.00196726 -8.49576e-06 1.01355e-05 0.00188203 3.34355e-05 4.85046e-05 0.00196431 
0.000200744 -6.25189e-05 0.00184882 0.000119763 -6.29524e-06 0.00186974 0.000125636 9.9868e-06 0.00196823 
0.000223684 -8.6404e-06 0.00192988 0.00020253 6.96706e-05 0.00199114 0.000500101 -0.000110724 0.00185985 
0.000591983 -0.000176437 0.00197158 -0.000185307 0.000118737 0.0018854 -0.00012842 0.000183083 0.00193662 
-0.000184919 0.00011013 0.00198503 -7.18556e-05 9.79352e-05 0.00189045 -4.33266e-05 0.000217727 0.00189669 
1.31705e-05 0.000139446 0.00192282 5.60652e-05 0.000207361 0.00186325 8.62076e-05 8.75025e-05 0.00187846 
8.15813e-05 0.000204849 0.00195991 0.000205246 8.20279e-05 0.00189195 0.000148874 0.000164758 0.00189775 
0.000112554 0.000109113 0.00197248 -0.000504057 0.000355029 0.00172829 -0.000337757 0.000261468 0.00192388 
2.71163e-05 0.000310434 0.00162096 0.000451512 0.000138825 0.00166244 0.000321125 0.000585902 0.00185452 
-0.000142911 -0.000559774 0.00189904 -0.000280039 -0.000536934 0.00207245 -0.000173589 -0.000522915 0.00179003 
-0.000462964 -0.000545746 0.00212583 -0.000143035 -0.000449733 0.00202597 -0.000171276 -0.000110395 0.00201683 
-1.99802e-05 -0.000182075 0.00205395 3.63642e-05 -0.000125188 0.00199379 6.47972e-05 -0.000137149 0.00208891 
-2.29711e-05 -8.23897e-05 0.00206196 0.000150706 -0.00011583 0.00204238 -0.000134794 -4.27103e-05 0.00208077 
-0.000150607 6.28287e-05 0.00206618 -0.000203505 -6.77123e-06 0.00201762 3.38175e-05 -2.90977e-05 0.00212469 
-4.97817e-05 1.35654e-05 0.00205337 5.17606e-05 4.72113e-05 0.0020626 0.000198294 -2.97638e-05 0.00202427 
0.000147715 3.09296e-05 0.00208557 7.88321e-05 -4.55958e-05 0.00203693 -0.000114376 0.000152757 0.00204166 
3.78653e-05 0.00018339 0.00204725 -4.45222e-05 0.00020803 0.00199621 -2.09419e-05 0.000105337 0.00202606 
-6.98554e-05 9.86746e-05 0.00211302 0.000114872 0.000124296 0.00207129 -0.000598293 0.000222738 0.00196995 
0.000452522 0.000441587 0.00203682 7.37704e-05 0.000485329 0.00206876 0.00024753 0.00045903 0.00218558 
0.000215699 -0.000562146 0.00201168 -0.000194595 -0.00028855 0.00219378 0.00025026 -0.000434202 0.00227468 
0.00053867 -0.00031881 0.00207005 -0.000644962 -0.000183242 0.00227167 -0.000177808 0.000229684 0.00223993 
0.000527948 0.000481772 0.00218256 -0.000367273 0.000525839 0.00212435 -0.000553834 0.000395206 0.00220572 
0.000122033 0.000535316 0.00226997 -0.000219853 -0.000636122 0.00221917 -2.08785e-05 -0.000715967 0.00202318 
0.000246743 -0.000595985 0.00243764 0.000545404 -0.000397394 0.00220563 -0.000412003 -0.000173024 0.00221438 
0.000300569 -0.00029506 0.00215252 0.000183319 0.00021375 0.00220931 0.000484529 0.000318831 0.0025345 
0.000351844 0.000127998 0.00201222 0.000766443 0.000116787 0.00231162 3.79878e-05 0.000303054 0.00209202 
-6.61875e-05 -0.000703069 0.00221422 0.000103791 -0.000682423 0.00245215 -0.000109657 -0.000596991 0.00216852 
-7.06547e-05 -0.000346881 0.00233657 0.000289385 -0.00030793 0.00227851 0.000477152 -0.000349927 0.00249591 
-0.000275775 -0.000164218 0.00237836 -0.000196073 -0.00011497 0.00220525 -0.000713278 4.58846e-05 0.00221642 
-0.000393215 -3.95264e-05 0.00232097 0.000288021 6.55413e-05 0.00238622 0.00060498 -3.49325e-05 0.00245472 
9.96992e-05 0.000236011 0.00244988 -0.000364094 0.00024619 0.00260974 -1.15062e-06 0.000455566 0.00220183 
-0.000414576 -0.000517427 0.00239703 0.000373855 -0.000438533 0.00232095 -0.000617867 -0.000135955 0.00259641 
0.000213168 -0.000380594 0.00243178 0.000547445 -0.000229746 0.00256376 -0.000553803 -3.41475e-05 0.00238237 
0.000803754 0.000234264 0.00274449 -0.000183346 0.000543387 0.0026143 0.00017866 0.000791498 0.00253469 
6.38225e-05 -0.000707609 0.00260403 -0.000278526 -0.000643066 0.00249968 -0.00075854 -0.000310624 0.00259048 
3.24877e-05 -0.000338188 0.00257803 1.35705e-05 -0.000237 0.00246952 0.000572094 -0.000269496 0.00289991 
-0.000159462 -9.11909e-05 0.00283523 0.000382853 0.000508088 0.00245129 0.000590141 0.000352534 0.00260875 
6.49619e-05 0.000550649 0.00288639 0.000524337 -0.00056951 0.00269057 -3.12481e-05 -0.000452504 0.00302423 
-0.00060313 -2.59131e-05 0.00279769 0.000160671 2.07405e-05 0.00299917 0.000205961 -4.33554e-05 0.00258321 
0.000621722 0.000184227 0.00266646 0.000219746 -0.000802113 0.00275826 -3.7052e-05 -4.97887e-05 0.002787 
-0.000276099 0.00021614 0.00284536 -0.000297485 9.75205e-05 0.00278628 5.88374e-05 0.000215761 0.00280949 
0.000211583 0.000848639 0.00283552 0.000466902 0.000740478 0.00285472 -7.79138e-05 -0.000776396 0.00326743 
0.000271826 -0.000684394 0.0029056 0.000396302 -0.000376326 0.00301179 0.000599919 -0.00051492 0.00288494 
-0.000148604 -0.000356905 0.00296123 -0.000272686 4.22829e-05 0.00292788 0.000445979 0.000561281 0.00297405 
-6.4695e-06 0.000793423 0.00303585 0.000476491 -0.000725262 0.00304627 -0.000575101 -0.000628995 0.00316704 
0.000413989 -0.000456912 0.00316284 -0.000130315 -4.74465e-05 0.00311684 -0.00027919 0.000491072 0.00313729 

VERTICES 3556 3555
OFFSETS vtktypeint64
0 1 2 3 4 5 6 7 8 
9 10 11 12 13 14 15 16 17 
18 19 20 21 22 23 24 25 26 
27 28 29 30 31 32 33 34 35 
36 37 38 39 40 41 42 43 44 
45 46 47 48 49 50 51 52 53 
54 55 56 57 58 59 60 61 62 
63 64 65 66 67 68 69 70 71 
72 73 74 75 76 77 78 79 80 
81 82 83 84 85 86 87 88 89 
90 91 92 93 94 95 96 97 98 
99 100 101 102 103 104 105 106 107 
108 109 110 111 112 113 114 115 116 
117 118 119 120 121 122 123 124 125 
126 127 128 129 130 131 132 133 134 
135 136 137 138 139 140 141 142 143 
144 145 146 147 148 149 150 151 152 
153 154 155 156 157 158 159 160 161 
162 163 164 165 166 167 168 169 170 
171 172 173 174 175 176 177 178 179 
180 181 182 183 184 185 186 187 188 
189 190 191 192 193 194 195 196 197 
198 199 200 201 202 203 204 205 206 
207 208 209 210 211 212 213 214 215 
216 217 218 219 220 221 222 223 224 
225 226 227 228 229 230 231 232 233 
234 235 236 237 238 239 240 241 242 
243 244 245 246 247 248 249 250 251 
252 253 254 255 256 257 258 259 260 
261 262 263 264 265 266 267 268 269 
270 271 272 273 274 275 276 277 278 
279 280 281 282 283 284 285 286 287 
288 289 290 291 292 293 294 295 296 
297 298 299 300 301 302 303 304 305 
306 307 308 309 310 311 312 313 314 
315 316 317 318 319 320 321 322 323 
324 325 326 327 328 329 330 331 332 
333 334 335 336 337 338 339 340 341 
342 343 344 345 346 347 348 349 350 
351 352 353 354 355 356 357 358 359 
360 361 362 363 364 365 366 367 368 
369 370 371 372 373 374 375 376 377 
378 379 380 381 382 383 384 385 386 
387 388 389 390 391 392 393 394 395 
396 397 398 399 400 401 402 403 404 
405 406 407 408 409 410 411 412 413 
414 415 416 417 418 419 420 421 422 
423 424 425 426 427 428 429 430 431 
432 433 434 435 436 437 438 439 440 
441 442 443 444 445 446 447 448 449 
450 451 452 453 454 455 456 457 458 
459 460 461 462 463 464 465 466 467 
468 469 470 471 472 473 474 475 476 
477 478 479 480 481 482 483 484 485 
486 487 488 489 490 491 492 493 494 
495 496 497 498 499 500 501 502 503 
504 505 506 507 508 509 510 511 512 
513 514 515 516 517 518 519 520 521 
522 523 524 525 526 527 528 529 530 
531 532 533 534 535 536 537 538 539 
540 541 542 543 544 545 546 547 548 
549 550 551 552 553 554 555 556 557 
558 559 560 561 562 563 564 565 566 
567 568 569 570 571 572 573 574 575 
576 577 578 579 580 581 582 583 584 
585 586 587 588 589 590 591 592 593 
594 595 596 597 598 599 600 601 602 
603 604 605 606 607 608 609 610 611 
612 613 614 615 616 617 618 619 620 
621 622 623 624 625 626 627 628 629 
630 631 632 633 634 635 636 637 638 
639 640 641 642 643 644 645 646 647 
648 649 650 651 652 653 654 655 656 
657 658 659 660 661 662 663 664 665 
666 667 668 669 670 671 672 673 674 
675 676 677 678 679 680 681 682 683 
684 685 686 687 688 689 690 691 692 
693 694 695 696 697 698 699 700 701 
702 703 704 705 706 707 708 709 710 
711 712 713 714 715 716 717 718 719 
720 721 722 723 724 725 726 727 728 
729 730 731 732 733 734 735 736 737 
738 739 740 741 742 743 744 745 746 
747 748 749 750 751 752 753 754 755 
756 757 758 759 760 761 762 763 764 
765 766 767 768 769 770 771 772 773 
774 775 776 777 778 779 780 781 782 
783 784 785 786 787 788 789 790 791 
792 793 794 795 796 797 798 799 800 
801 802 803 804 805 806 807 808 809 
810 811 812 813 814 815 816 817 818 
819 820 821 822 823 824 825 826 827 
828 829 830 831 832 833 834 835 836 
837 838 839 840 841 842 843 844 845 
846 847 848 849 850 851 852 853 854 
855 856 857 858 859 860 861 862 863 
864 865 866 867 868 869 870 871 872 
873 874 875 876 877 878 879 880 881 
882 883 884 885 886 887 888 889 890 
891 892 893 894 895 896 897 898 899 
900 901 902 903 904 905 906 907 908 
909 910 911 912 913 914 915 916 917 
918 919 920 921 922 923 924 925 926 
927 928 929 930 931 932 933 934 935 
936 937 938 939 940 941 942 943 944 
945 946 947 948 949 950 951 952 953 
954 955 956 957 958 959 960 961 962 
963 964 965 966 967 968 969 970 971 
972 973 974 975 976 977 978 979 980 
981 982 983 984 985 986 987 988 989 
990 991 992 993 994 995 996 997 998 
999 1000 1001 1002 1003 1004 1005 1006 1007 
1008 1009 1010 1011 1012 1013 1014 1015 1016 
1017 1018 1019 1020 1021 1022 1023 1024 1025 
1026 1027 1028 1029 1030 1031 1032 1033 1034 
1035 1036 1037 1038 1039 1040 1041 1042 1043 
1044 1045 1046 1047 1048 1049 1050 1051 1052 
1053 1054 1055 1056 1057 1058 1059 1060 1061 
1062 1063 1064 1065 1066 1067 1068 1069 1070 
1071 1072 1073 1074 1075 1076 1077 1078 1079 
1080 1081 1082 1083 1084 1085 1086 1087 1088 
1089 1090 1091 1092 1093 1094 1095 1096 1097 
1098 1099 1100 1101 1102 1103 1104 1105 1106 
1107 1108 1109 1110 1111 1112 1113 1114 1115 
1116 1117 1118 1119 1120 1121 1122 1123 1124 
1125 1126 1127 1128 1129 1130 1131 1132 1133 
1134 1135 1136 1137 1138 1139 1140 1141 1142 
1143 1144 1145 1146 1147 1148 1149 1150 1151 
1152 1153 1154 1155 1156 1157 1158 1159 1160 
1161 1162 1163 1164 1165 1166 1167 1168 1169 
1170 1171 1172 1173 1174 1175 1176 1177 1178 
1179 1180 1181 1182 1183 1184 1185 1186 1187 
1188 1189 1190 1191 1192 1193 1194 1195 1196 
1197 1198 1199 1200 1201 1202 1203 1204 1205 
1206 1207 1208 1209 1210 1211 1212 1213 1214 
1215 1216 1217 1218 1219 1220 1221 1222 1223 
1224 1225 1226 1227 1228 1229 1230 1231 1232 
1233 1234 1235 1236 1237 1238 1239 1240 1241 
1242 1243 1244 1245 1246 1247 1248 1249 1250 
1251 1252 1253 1254 1255 1256 1257 1258 1259 
1260 1261 1262 1263 1264 1265 1266 1267 1268 
1269 1270 1271 1272 1273 1274 1275 1276 1277 
1278 1279 1280 1281 1282 1283 1284 1285 1286 
1287 1288 1289 1290 1291 1292 1293 1294 1295 
1296 1297 1298 1299 1300 1301 1302 1303 1304 
1305 1306 1307 1308 1309 1310 1311 1312 1313 
1314 1315 1316 1317 1318 1319 1320 1321 1322 
1323 1324 1325 1326 1327 1328 1329 1330 1331 
1332 1333 1334 1335 1336 1337 1338 1339 1340 
1341 1342 1343 1344 1345 1346 1347 1348 1349 
1350 1351 1352 1353 1354 1355 1356 1357 1358 
1359 1360 1361 1362 1363 1364 1365 1366 1367 
1368 1369 1370 1371 1372 1373 1374 1375 1376 
1377 1378 1379 1380 1381 1382 1383 1384 1385 
1386 1387 1388 1389 1390 1391 1392 1393 1394 
1395 1396 1397 1398 1399 1400 1401 1402 1403 
1404 1405 1406 1407 1408 1409 1410 1411 1412 
1413 1414 1415 1416 1417 1418 1419 1420 1421 
1422 1423 1424 1425 1426 1427 1428 1429 1430 
1431 1432 1433 1434 1435 1436 1437 1438 1439 
1440 1441 1442 1443 1444 1445 1446 1447 1448 
1449 1450 1451 1452 1453 1454 1455 1456 1457 
1458 1459 1460 1461 1462 1463 1464 1465 1466 
1467 1468 1469 1470 1471 1472 1473 1474 1475 
1476 1477 1478 1479 1480 1481 1482 1483 1484 
1485 1486 1487 1488 1489 1490 1491 1492 1493 
1494 1495 1496 1497 1498 1499 1500 1501 1502 
1503 1504 1505 1506 1507 1508 1509 1510 1511 
1512 1513 1514 1515 1516 1517 1518 1519 1520 
1521 1522 1523 1524 1525 1526 1527 1528 1529 
1530 1531 1532 1533 1534 1535 1536 1537 1538 
1539 1540 1541 1542 1543 1544 1545 1546 1547 
1548 1549 1550 1551 1552 1553 1554 1555 1556 
1557 1558 1559 1560 1561 1562 1563 1564 1565 
1566 1567 1568 1569 1570 1571 1572 1573 1574 
1575 1576 1577 1578 1579 1580 1581 1582 1583 
1584 1585 1586 1587 1588 1589 1590 1591 1592 
1593 1594 1595 1596 1597 1598 1599 1600 1601 
1602 1603 1604 1605 1606 1607 1608 1609 1610 
1611 1612 1613 1614 1615 1616 1617 1618 1619 
1620 1621 1622 1623 1624 1625 1626 1627 1628 
1629 1630 1631 1632 1633 1634 1635 1636 1637 
1638 1639 1640 1641 1642 1643 1644 1645 1646 
1647 1648 1649 1650 1651 1652 1653 1654 1655 
1656 1657 1658 1659 1660 1661 1662 1663 1664 
1665 1666 1667 1668 1669 1670 1671 1672 1673 
1674 1675 1676 1677 1678 1679 1680 1681 1682 
1683 1684 1685 1686 1687 1688 1689 1690 1691 
1692 1693 1694 1695 1696 1697 1698 1699 1700 
1701 1702 1703 1704 1705 1706 1707 1708 1709 
1710 1711 1712 1713 1714 1715 1716 1717 1718 
1719 1720 1721 1722 1723 1724 1725 1726 1727 
1728 1729 1730 1731 1732 1733 1734 1735 1736 
1737 1738 1739 1740 1741 1742 1743 1744 1745 
1746 1747 1748 1749 1750 1751 1752 1753 1754 
1755 1756 1757 1758 1759 1760 1761 1762 1763 
1764 1765 1766 1767 1768 1769 1770 1771 1772 
1773 1774 1775 1776 1777 1778 1779 1780 1781 
1782 1783 1784 1785 1786 1787 1788 1789 1790 
1791 1792 1793 1794 1795 1796 1797 1798 1799 
1800 1801 1802 1803 1804 1805 1806 1807 1808 
1809 1810 1811 1812 1813 1814 1815 1816 1817 
1818 1819 1820 1821 1822 1823 1824 1825 1826 
1827 1828 1829 1830 1831 1832 1833 1834 1835 
1836 1837 1838 1839 1840 1841 1842 1843 1844 
1845 1846 1847 1848 1849 1850 1851 1852 1853 
1854 1855 1856 1857 1858 1859 1860 1861 1862 
1863 1864 1865 1866 1867 1868 1869 1870 1871 
1872 1873 1874 1875 1876 1877 1878 1879 1880 
1881 1882 1883 1884 1885 1886 1887 1888 1889 
1890 1891 1892 1893 1894 1895 1896 1897 1898 
1899 1900 1901 1902 1903 1904 1905 1906 1907 
1908 1909 1910 1911 1912 1913 1914 1915 1916 
1917 1918 1919 1920 1921 1922 1923 1924 1925 
1926 1927 1928 1929 1930 1931 1932 1933 1934 
1935 1936 1937 1938 1939 1940 1941 1942 1943 
1944 1945 1946 1947 1948 1949 1950 1951 1952 
1953 1954 1955 1956 1957 1958 1959 1960 1961 
1962 1963 1964 1965 1966 1967 1968 1969 1970 
1971 1972 1973 1974 1975 1976 1977 1978 1979 
1980 1981 1982 1983 1984 1985 1986 1987 1988 
1989 1990 1991 1992 1993 1994 1995 1996 1997 
1998 1999 2000 2001 2002 2003 2004 2005 2006 
2007 2008 2009 2010 2011 2012 2013 2014 2015 
2016 2017 2018 2019 2020 2021 2022 2023 2024 
2025 2026 2027 2028 2029 2030 2031 2032 2033 
2034 2035 2036 2037 2038 2039 2040 2041 2042 
2043 2044 2045 2046 2047 2048 2049 2050 2051 
2052 2053 2054 2055 2056 2057 2058 2059 2060 
2061 2062 2063 2064 2065 2066 2067 2068 2069 
2070 2071 2072 2073 2074 2075 2076 2077 2078 
2079 2080 2081 2082 2083 2084 2085 2086 2087 
2088 2089 2090 2091 2092 2093 2094 2095 2096 
2097 2098 2099 2100 2101 2102 2103 2104 2105 
2106 2107 2108 2109 2110 2111 2112 2113 2114 
2115 2116 2117 2118 2119 2120 2121 2122 2123 
2124 2125 2126 2127 2128 2129 2130 2131 2132 
2133 2134 2135 2136 2137 2138 2139 2140 2141 
2142 2143 2144 2145 2146 2147 2148 2149 2150 
2151 2152 2153 2154 2155 2156 2157 2158 2159 
2160 2161 2162 2163 2164 2165 2166 2167 2168 
2169 2170 2171 2172 2173 2174 2175 2176 2177 
2178 2179 2180 2181 2182 2183 2184 2185 2186 
2187 2188 2189 2190 2191 2192 2193 2194 2195 
2196 2197 2198 2199 2200 2201 2202 2203 2204 
2205 2206 2207 2208 2209 2210 2211 2212 2213 
2214 2215 2216 2217 2218 2219 2220 2221 2222 
2223 2224 2225 2226 2227 2228 2229 2230 2231 
2232 2233 2234 2235 2236 2237 2238 2239 2240 
2241 2242 2243 2244 2245 2246 2247 2248 2249 
2250 2251 2252 2253 2254 2255 2256 2257 2258 
2259 2260 2261 2262 2263 2264 2265 2266 2267 
2268 2269 2270 2271 2272 2273 2274 2275 2276 
2277 2278 2279 2280 2281 2282 2283 2284 2285 
2286 2287 2288 2289 2290 2291 2292 2293 2294 
2295 2296 2297 2298 2299 2300 2301 2302 2303 
2304 2305 2306 2307 2308 2309 2310 2311 2312 
2313 2314 2315 2316 2317 2318 2319 2320 2321 
2322 2323 2324 2325 2326 2327 2328 2329 2330 
2331 2332 2333 2334 2335 2336 2337 2338 2339 
2340 2341 2342 2343 2344 2345 2346 2347 2348 
2349 2350 2351 2352 2353 2354 2355 2356 2357 
2358 2359 2360 2361 2362 2363 2364 2365 2366 
2367 2368 2369 2370 2371 2372 2373 2374 2375 
2376 2377 2378 2379 2380 2381 2382 2383 2384 
2385 2386 2387 2388 2389 2390 2391 2392 2393 
2394 2395 2396 2397 2398 2399 2400 2401 2402 
2403 2404 2405 2406 2407 2408 2409 2410 2411 
2412 2413 2414 2415 2416 2417 2418 2419 2420 
2421 2422 2423 2424 2425 2426 2427 2428 2429 
2430 2431 2432 2433 2434 2435 2436 2437 2438 
2439 2440 2441 2442 2443 2444 2445 2446 2447 
2448 2449 2450 2451 2452 2453 2454 2455 2456 
2457 2458 2459 2460 2461 2462 2463 2464 2465 
2466 2467 2468 2469 2470 2471 2472 2473 2474 
2475 2476 2477 2478 2479 2480 2481 2482 2483 
2484 2485 2486 2487 2488 2489 2490 2491 2492 
2493 2494 2495 2496 2497 2498 2499 2500 2501 
2502 2503 2504 2505 2506 2507 2508 2509 2510 
2511 2512 2513 2514 2515 2516 2517 2518 2519 
2520 2521 2522 2523 2524 2525 2526 2527 2528 
2529 2530 2531 2532 2533 2534 2535 2536 2537 
2538 2539 2540 2541 2542 2543 2544 2545 2546 
2547 2548 2549 2550 2551 2552 2553 2554 2555 
2556 2557 2558 2559 2560 2561 2562 2563 2564 
2565 2566 2567 2568 2569 2570 2571 2572 2573 
2574 2575 2576 2577 2578 2579 2580 2581 2582 
2583 2584 2585 2586 2587 2588 2589 2590 2591 
2592 2593 2594 2595 2596 2597 2598 2599 2600 
2601 2602 2603 2604 2605 2606 2607 2608 2609 
2610 2611 2612 2613 2614 2615 2616 2617 2618 
2619 2620 2621 2622 2623 2624 2625 2626 2627 
2628 2629 2630 2631 2632 2633 2634 2635 2636 
2637 2638 2639 2640 2641 2642 2643 2644 2645 
2646 2647 2648 2649 2650 2651 2652 2653 2654 
2655 2656 2657 2658 2659 2660 2661 2662 2663 
2664 2665 2666 2667 2668 2669 2670 2671 2672 
2673 2674 2675 2676 2677 2678 2679 2680 2681 
2682 2683 2684 2685 2686 2687 2688 2689 2690 
2691 2692 2693 2694 2695 2696 2697 2698 2699 
2700 2701 2702 2703 2704 2705 2706 2707 2708 
2709 2710 2711 2712 2713 2714 2715 2716 2717 
2718 2719 2720 2721 2722 2723 2724 2725 2726 
2727 2728 2729 2730 2731 2732 2733 2734 2735 
2736 2737 2738 2739 2740 2741 2742 2743 2744 
2745 2746 2747 2748 2749 2750 2751 2752 2753 
2754 2755 2756 2757 2758 2759 2760 2761 2762 
2763 2764 2765 2766 2767 2768 2769 2770 2771 
2772 2773 2774 2775 2776 2777 2778 2779 2780 
2781 2782 2783 2784 2785 2786 2787 2788 2789 
2790 2791 2792 2793 2794 2795 2796 2797 2798 
2799 2800 2801 2802 2803 2804 2805 2806 2807 
2808 2809 2810 2811 2812 2813 2814 2815 2816 
2817 2818 2819 2820 2821 2822 2823 2824 2825 
2826 2827 2828 2829 2830 2831 2832 2833 2834 
2835 2836 2837 2838 2839 2840 2841 2842 2843 
2844 2845 2846 2847 2848 2849 2850 2851 2852 
2853 2854 2855 2856 2857 2858 2859 2860 2861 
2862 2863 2864 2865 2866 2867 2868 2869 2870 
2871 2872 2873 2874 2875 2876 2877 2878 2879 
2880 2881 2882 2883 2884 2885 2886 2887 2888 
2889 2890 2891 2892 2893 2894 2895 2896 2897 
2898 2899 2900 2901 2902 2903 2904 2905 2906 
2907 2908 2909 2910 2911 2912 2913 2914 2915 
2916 2917 2918 2919 2920 2921 2922 2923 2924 
2925 2926 2927 2928 2929 2930 2931 2932 2933 
2934 2935 2936 2937 2938 2939 2940 2941 2942 
2943 2944 2945 2946 2947 2948 2949 2950 2951 
2952 2953 2954 2955 2956 2957 2958 2959 2960 
2961 2962 2963 2964 2965 2966 2967 2968 2969 
2970 2971 2972 2973 2974 2975 2976 2977 2978 
2979 2980 2981 2982 2983 2984 2985 2986 2987 
2988 2989 2990 2991 2992 2993 2994 2995 2996 
2997 2998 2999 3000 3001 3002 3003 3004 3005 
3006 3007 3008 3009 3010 3011 3012 3013 3014 
3015 3016 3017 3018 3019 3020 3021 3022 3023 
3024 3025 3026 3027 3028 3029 3030 3031 3032 
3033 3034 3035 3036 3037 3038 3039 3040 3041 
3042 3043 3044 3045 3046 3047 3048 3049 3050 
3051 3052 3053 3054 3055 3056 3057 3058 3059 
3060 3061 3062 3063 3064 3065 3066 3067 3068 
3069 3070 3071 3072 3073 3074 3075 3076 3077 
3078 3079 3080 3081 3082 3083 3084 3085 3086 
3087 3088 3089 3090 3091 3092 3093 3094 3095 
3096 3097 3098 3099 3100 3101 3102 3103 3104 
3105 3106 3107 3108 3109 3110 3111 3112 3113 
3114 3115 3116 3117 3118 3119 3120 3121 3122 
3123 3124 3125 3126 3127 3128 3129 3130 3131 
3132 3133 3134 3135 3136 3137 3138 3139 3140 
3141 3142 3143 3144 3145 3146 3147 3148 3149 
3150 3151 3152 3153 3154 3155 3156 3157 3158 
3159 3160 3161 3162 3163 3164 3165 3166 3167 
3168 3169 3170 3171 3172 3173 3174 3175 3176 
3177 3178 3179 3180 3181 3182 3183 3184 3185 
3186 3187 3188 3189 3190 3191 3192 3193 3194 
3195 3196 3197 3198 3199 3200 3201 3202 3203 
3204 3205 3206 3207 3208 3209 3210 3211 3212 
3213 3214 3215 3216 3217 3218 3219 3220 3221 
3222 3223 3224 3225 3226 3227 3228 3229 3230 
3231 3232 3233 3234 3235 3236 3237 3238 3239 
3240 3241 3242 3243 3244 3245 3246 3247 3248 
3249 3250 3251 3252 3253 3254 3255 3256 3257 
3258 3259 3260 3261 3262 3263 3264 3265 3266 
3267 3268 3269 3270 3271 3272 3273 3274 3275 
3276 3277 3278 3279 3280 3281 3282 3283 3284 
3285 3286 3287 3288 3289 3290 3291 3292 3293 
3294 3295 3296 3297 3298 3299 3300 3301 3302 
3303 3304 3305 3306 3307 3308 3309 3310 3311 
3312 3313 3314 3315 3316 3317 3318 3319 3320 
3321 3322 3323 3324 3325 3326 3327 3328 3329 
3330 3331 3332 3333 3334 3335 3336 3337 3338 
3339 3340 3341 3342 3343 3344 3345 3346 3347 
3348 3349 3350 3351 3352 3353 3354 3355 3356 
3357 3358 3359 3360 3361 3362 3363 3364 3365 
3366 3367 3368 3369 3370 3371 3372 3373 3374 
3375 3376 3377 3378 3379 3380 3381 3382 3383 
3384 3385 3386 3387 3388 3389 3390 3391 3392 
3393 3394 3395 3396 3397 3398 3399 3400 3401 
3402 3403 3404 3405 3406 3407 3408 3409 3410 
3411 3412 3413 3414 3415 3416 3417 3418 3419 
3420 3421 3422 3423 3424 3425 3426 3427 3428 
3429 3430 3431 3432 3433 3434 3435 3436 3437 
3438 3439 3440 3441 3442 3443 3444 3445 3446 
3447 3448 3449 3450 3451 3452 3453 3454 3455 
3456 3457 3458 3459 3460 3461 3462 3463 3464 
3465 3466 3467 3468 3469 3470 3471 3472 3473 
3474 3475 3476 3477 3478 3479 3480 3481 3482 
3483 3484 3485 3486 3487 3488 3489 3490 3491 
3492 3493 3494 3495 3496 3497 3498 3499 3500 
3501 3502 3503 3504 3505 3506 3507 3508 3509 
3510 3511 3512 3513 3514 3515 3516 3517 3518 
3519 3520 3521 3522 3523 3524 3525 3526 3527 
3528 3529 3530 3531 3532 3533 3534 3535 3536 
3537 3538 3539 3540 3541 3542 3543 3544 3545 
3546 3547 3548 3549 3550 3551 3552 3553 3554 
3555 
CONNECTIVITY vtktypeint64
0 1 2 3 4 5 6 7 8 
9 10 11 12 13 14 15 16 17 
18 19 20 21 22 23 24 25 26 
27 28 29 30 31 32 33 34 35 
36 37 38 39 40 41 42 43 44 
45 46 47 48 49 50 51 52 53 
54 55 56 57 58 59 60 61 62 
63 64 65 66 67 68 69 70 71 
72 73 74 75 76 77 78 79 80 
81 82 83 84 85 86 87 88 89 
90 91 92 93 94 95 96 97 98 
99 100 101 102 103 104 105 106 107 
108 109 110 111 112 113 114 115 116 
117 118 119 120 121 122 123 124 125 
126 127 128 129 130 131 132 133 134 
135 136 137 138 139 140 141 142 143 
144 145 146 147 148 149 150 151 152 
153 154 155 156 157 158 159 160 161 
162 163 164 165 166 167 168 169 170 
171 172 173 174 175 176 177 178 179 
180 181 182 183 184 185 186 187 188 
189 190 191 192 193 194 195 196 197 
198 199 200 201 202 203 204 205 206 
207 208 209 210 211 212 213 214 215 
216 217 218 219 220 221 222 223 224 
225 226 227 228 229 230 231 232 233 
234 235 236 237 238 239 240 241 242 
243 244 245 246 247 248 249 250 251 
252 253 254 255 256 257 258 259 260 
261 262 263 264 265 266 267 268 269 
270 271 272 273 274 275 276 277 278 
279 280 281 282 283 284 285 286 287 
288 289 290 291 292 293 294 295 296 
297 298 299 300 301 302 303 304 305 
306 307 308 309 310 311 312 313 314 
315 316 317 318 319 320 321 322 323 
324 325 326 327 328 329 330 331 332 
333 334 335 336 337 338 339 340 341 
342 343 344 345 346 347 348 349 350 
351 352 353 354 355 356 357 358 359 
360 361 362 363 364 365 366 367 368 
369 370 371 372 373 374 375 376 377 
378 379 380 381 382 383 384 385 386 
387 388 389 390 391 392 393 394 395 
396 397 398 399 400 401 402 403 404 
405 406 407 408 409 410 411 412 413 
414 415 416 417 418 419 420 421 422 
423 424 425 426 427 428 429 430 431 
432 433 434 435 436 437 438 439 440 
441 442 443 444 445 446 447 448 449 
450 451 452 453 454 455 456 457 458 
459 460 461 462 463 464 465 466 467 
468 469 470 471 472 473 474 475 476 
477 478 479 480 481 482 483 484 485 
486 487 488 489 490 491 492 493 494 
495 496 497 498 499 500 501 502 503 
504 505 506 507 508 509 510 511 512 
513 514 515 516 517 518 519 520 521 
522 523 524 525 526 527 528 529 530 
531 532 533 534 535 536 537 538 539 
540 541 542 543 544 545 546 547 548 
549 550 551 552 553 554 555 556 557 
558 559 560 561 562 563 564 565 566 
567 568 569 570 571 572 573 574 575 
576 577 578 579 580 581 582 583 584 
585 586 587 588 589 590 591 592 593 
594 595 596 597 598 599 600 601 602 
603 604 605 606 607 608 609 610 611 
612 613 614 615 616 617 618 619 620 
621 622 623 624 625 626 627 628 629 
630 631 632 633 634 635 636 637 638 
639 640 641 642 643 644 645 646 647 
648 649 650 651 652 653 654 655 656 
657 658 659 660 661 662 663 664 665 
666 667 668 669 670 671 672 673 674 
675 676 677 678 679 680 681 682 683 
684 685 686 687 688 689 690 691 692 
693 694 695 696 697 698 699 700 701 
702 703 704 705 706 707 708 709 710 
711 712 713 714 715 716 717 718 719 
720 721 722 723 724 725 726 727 728 
729 730 731 732 733 734 735 736 737 
738 739 740 741 742 743 744 745 746 
747 748 749 750 751 752 753 754 755 
756 757 758 759 760 761 762 763 764 
765 766 767 768 769 770 771 772 773 
774 775 776 777 778 779 780 781 782 
783 784 785 786 787 788 789 790 791 
792 793 794 795 796 797 798 799 800 
801 802 803 804 805 806 807 808 809 
810 811 812 813 814 815 816 817 818 
819 820 821 822 823 824 825 826 827 
828 829 830 831 832 833 834 835 836 
837 838 839 840 841 842 843 844 845 
846 847 848 849 850 851 852 853 854 
855 856 857 858 859 860 861 862 863 
864 865 866 867 868 869 870 871 872 
873 874 875 876 877 878 879 880 881 
882 883 884 885 886 887 888 889 890 
891 892 893 894 895 896 897 898 899 
900 901 902 903 904 905 906 907 908 
909 910 911 912 913 914 915 916 917 
918 919 920 921 922 923 924 925 926 
927 928 929 930 931 932 933 934 935 
936 937 938 939 940 941 942 943 944 
945 946 947 948 949 950 951 952 953 
954 955 956 957 958 959 960 961 962 
963 964 965 966 967 968 969 970 971 
972 973 974 975 976 977 978 979 980 
981 982 983 984 985 986 987 988 989 
990 991 992 993 994 995 996 997 998 
999 1000 1001 1002 1003 1004 1005 1006 1007 
1008 1009 1010 1011 1012 1013 1014 1015 1016 
1017 1018 1019 1020 1021 1022 1023 1024 1025 
1026 1027 1028 1029 1030 1031 1032 1033 1034 
1035 1036 1037 1038 1039 1040 1041 1042 1043 
1044 1045 1046 1047 1048 1049 1050 1051 1052 
1053 1054 1055 1056 1057 1058 1059 1060 1061 
1062 1063 1064 1065 1066 1067 1068 1069 1070 
1071 1072 1073 1074 1075 1076 1077 1078 1079 
1080 1081 1082 1083 1084 1085 1086 1087 1088 
1089 1090 1091 1092 1093 1094 1095 1096 1097 
1098 1099 1100 1101 1102 1103 1104 1105 1106 
1107 1108 1109 1110 1111 1112 1113 1114 1115 
1116 1117 1118 1119 1120 1121 1122 1123 1124 
1125 1126 1127 1128 1129 1130 1131 1132 1133 
1134 1135 1136 1137 1138 1139 1140 1141 1142 
1143 1144 1145 1146 1147 1148 1149 1150 1151 
1152 1153 1154 1155 1156 1157 1158 1159 1160 
1161 1162 1163 1164 1165 1166 1167 1168 1169 
1170 1171 1172 1173 1174 1175 1176 1177 1178 
1179 1180 1181 1182 1183 1184 1185 1186 1187 
1188 1189 1190 1191 1192 1193 1194 1195 1196 
1197 1198 1199 1200 1201 1202 1203 1204 1205 
1206 1207 1208 1209 1210 1211 1212 1213 1214 
1215 1216 1217 1218 1219 1220 1221 1222 1223 
1224 1225 1226 1227 1228 1229 1230 1231 1232 
1233 1234 1235 1236 1237 1238 1239 1240 1241 
1242 1243 1244 1245 1246 1247 1248 1249 1250 
1251 1252 1253 1254 1255 1256 1257 1258 1259 
1260 1261 1262 1263 1264 1265 1266 1267 1268 
1269 1270 1271 1272 1273 1274 1275 1276 1277 
1278 1279 1280 1281 1282 1283 1284 1285 1286 
1287 1288 1289 1290 1291 1292 1293 1294 1295 
1296 1297 1298 1299 1300 1301 1302 1303 1304 
1305 1306 1307 1308 1309 1310 1311 1312 1313 
1314 1315 1316 1317 1318 1319 1320 1321 1322 
1323 1324 1325 1326 1327 1328 1329 1330 1331 
1332 1333 1334 1335 1336 1337 1338 1339 1340 
1341 1342 1343 1344 1345 1346 1347 1348 1349 
1350 1351 1352 1353 1354 1355 1356 1357 1358 
1359 1360 1361 1362 1363 1364 1365 1366 1367 
1368 1369 1370 1371 1372 1373 1374 1375 1376 
1377 1378 1379 1380 1381 1382 1383 1384 1385 
1386 1387 1388 1389 1390 1391 1392 1393 1394 
1395 1396 1397 1398 1399 1400 1401 1402 1403 
1404 1405 1406 1407 1408 1409 1410 1411 1412 
1413 1414 1415 1416 1417 1418 1419 1420 1421 
1422 1423 1424 1425 1426 1427 1428 1429 1430 
1431 1432 1433 1434 1435 1436 1437 1438 1439 
1440 1441 1442 1443 1444 1445 1446 1447 1448 
1449 1450 1451 1452 1453 1454 1455 1456 1457 
1458 1459 1460 1461 1462 1463 1464 1465 1466 
1467 1468 1469 1470 1471 1472 1473 1474 1475 
1476 1477 1478 1479 1480 1481 1482 1483 1484 
1485 1486 1487 1488 1489 1490 1491 1492 1493 
1494 1495 1496 1497 1498 1499 1500 1501 1502 
1503 1504 1505 1506 1507 1508 1509 1510 1511 
1512 1513 1514 1515 1516 1517 1518 1519 1520 
1521 1522 1523 1524 1525 1526 1527 1528 1529 
1530 1531 1532 1533 1534 1535 1536 1537 1538 
1539 1540 1541 1542 1543 1544 1545 1546 1547 
1548 1549 1550 1551 1552 1553 1554 1555 1556 
1557 1558 1559 1560 1561 1562 1563 1564 1565 
1566 1567 1568 1569 1570 1571 1572 1573 1574 
1575 1576 1577 1578 1579 1580 1581 1582 1583 
1584 1585 1586 1587 1588 1589 1590 1591 1592 
1593 1594 1595 1596 1597 1598 1599 1600 1601 
1602 1603 1604 1605 1606 1607 1608 1609 1610 
1611 1612 1613 1614 1615 1616 1617 1618 1619 
1620 1621 1622 1623 1624 1625 1626 1627 1628 
1629 1630 1631 1632 1633 1634 1635 1636 1637 
1638 1639 1640 1641 1642 1643 1644 1645 1646 
1647 1648 1649 1650 1651 1652 1653 1654 1655 
1656 1657 1658 1659 1660 1661 1662 1663 1664 
1665 1666 1667 1668 1669 1670 1671 1672 1673 
1674 1675 1676 1677 1678 1679 1680 1681 1682 
1683 1684 1685 1686 1687 1688 1689 1690 1691 
1692 1693 1694 1695 1696 1697 1698 1699 1700 
1701 1702 1703 1704 1705 1706 1707 1708 1709 
1710 1711 1712 1713 1714 1715 1716 1717 1718 
1719 1720 1721 1722 1723 1724 1725 1726 1727 
1728 1729 1730 1731 1732 1733 1734 1735 1736 
1737 1738 1739 1740 1741 1742 1743 1744 1745 
1746 1747 1748 1749 1750 1751 1752 1753 1754 
1755 1756 1757 1758 1759 1760 1761 1762 1763 
1764 1765 1766 1767 1768 1769 1770 1771 1772 
1773 1774 1775 1776 1777 1778 1779 1780 1781 
1782 1783 1784 1785 1786 1787 1788 1789 1790 
1791 1792 1793 1794 1795 1796 1797 1798 1799 
1800 1801 1802 1803 1804 1805 1806 1807 1808 
1809 1810 1811 1812 1813 1814 1815 1816 1817 
1818 1819 1820 1821 1822 1823 1824 1825 1826 
1827 1828 1829 1830 1831 1832 1833 1834 1835 
1836 1837 1838 1839 1840 1841 1842 1843 1844 
1845 1846 1847 1848 1849 1850 1851 1852 1853 
1854 1855 1856 1857 1858 1859 1860 1861 1862 
1863 1864 1865 1866 1867 1868 1869 1870 1871 
1872 1873 1874 1875 1876 1877 1878 1879 1880 
1881 1882 1883 1884 1885 1886 1887 1888 1889 
1890 1891 1892 1893 1894 1895 1896 1897 1898 
1899 1900 1901 1902 1903 1904 1905 1906 1907 
1908 1909 1910 1911 1912 1913 1914 1915 1916 
1917 1918 1919 1920 1921 1922 1923 1924 1925 
1926 1927 1928 1929 1930 1931 1932 1933 1934 
1935 1936 1937 1938 1939 1940 1941 1942 1943 
1944 1945 1946 1947 1948 1949 1950 1951 1952 
1953 1954 1955 1956 1957 1958 1959 1960 1961 
1962 1963 1964 1965 1966 1967 1968 1969 1970 
1971 1972 1973 1974 1975 1976 1977 1978 1979 
1980 1981 1982 1983 1984 1985 1986 1987 1988 
1989 1990 1991 1992 1993 1994 1995 1996 1997 
1998 1999 2000 2001 2002 2003 2004 2005 2006 
2007 2008 2009 2010 2011 2012 2013 2014 2015 
2016 2017 2018 2019 2020 2021 2022 2023 2024 
2025 2026 2027 2028 2029 2030 2031 2032 2033 
2034 2035 2036 2037 2038 2039 2040 2041 2042 
2043 2044 2045 2046 2047 2048 2049 2050 2051 
2052 2053 2054 2055 2056 2057 2058 2059 2060 
2061 2062 2063 2064 2065 2066 2067 2068 2069 
2070 2071 2072 2073 2074 2075 2076 2077 2078 
2079 2080 2081 2082 2083 2084 2085 2086 2087 
2088 2089 2090 2091 2092 2093 2094 2095 2096 
2097 2098 2099 2100 2101 2102 2103 2104 2105 
2106 2107 2108 2109 2110 2111 2112 2113 2114 
2115 2116 2117 2118 2119 2120 2121 2122 2123 
2124 2125 2126 2127 2128 2129 2130 2131 2132 
2133 2134 2135 2136 2137 2138 2139 2140 2141 
2142 2143 2144 2145 2146 2147 2148 2149 2150 
2151 2152 2153 2154 2155 2156 2157 2158 2159 
2160 2161 2162 2163 2164 2165 2166 2167 2168 
2169 2170 2171 2172 2173 2174 2175 2176 2177 
2178 2179 2180 2181 2182 2183 2184 2185 2186 
2187 2188 2189 2190 2191 2192 2193 2194 2195 
2196 2197 2198 2199 2200 2201 2202 2203 2204 
2205 2206 2207 2208 2209 2210 2211 2212 2213 
2214 2215 2216 2217 2218 2219 2220 2221 2222 
2223 2224 2225 2226 2227 2228 2229 2230 2231 
2232 2233 2234 2235 2236 2237 2238 2239 2240 
2241 2242 2243 2244 2245 2246 2247 2248 2249 
2250 2251 2252 2253 2254 2255 2256 2257 2258 
2259 2260 2261 2262 2263 2264 2265 2266 2267 
2268 2269 2270 2271 2272 2273 2274 2275 2276 
2277 2278 2279 2280 2281 2282 2283 2284 2285 
2286 2287 2288 2289 2290 2291 2292 2293 2294 
2295 2296 2297 2298 2299 2300 2301 2302 2303 
2304 2305 2306 2307 2308 2309 2310 2311 2312 
2313 2314 2315 2316 2317 2318 2319 2320 2321 
2322 2323 2324 2325 2326 2327 2328 2329 2330 
2331 2332 2333 2334 2335 2336 2337 2338 2339 
2340 2341 2342 2343 2344 2345 2346 2347 2348 
2349 2350 2351 2352 2353 2354 2355 2356 2357 
2358 2359 2360 2361 2362 2363 2364 2365 2366 
2367 2368 2369 2370 2371 2372 2373 2374 2375 
2376 2377 2378 2379 2380 2381 2382 2383 2384 
2385 2386 2387 2388 2389 2390 2391 2392 2393 
2394 2395 2396 2397 2398 2399 2400 2401 2402 
2403 2404 2405 2406 2407 2408 2409 2410 2411 
2412 2413 2414 2415 2416 2417 2418 2419 2420 
2421 2422 2423 2424 2425 2426 2427 2428 2429 
2430 2431 2432 2433 2434 2435 2436 2437 2438 
2439 2440 2441 2442 2443 2444 2445 2446 2447 
2448 2449 2450 2451 2452 2453 2454 2455 2456 
2457 2458 2459 2460 2461 2462 2463 2464 2465 
2466 2467 2468 2469 2470 2471 2472 2473 2474 
2475 2476 2477 2478 2479 2480 2481 2482 2483 
2484 2485 2486 2487 2488 2489 2490 2491 2492 
2493 2494 2495 2496 2497 2498 2499 2500 2501 
2502 2503 2504 2505 2506 2507 2508 2509 2510 
2511 2512 2513 2514 2515 2516 2517 2518 2519 
2520 2521 2522 2523 2524 2525 2526 2527 2528 
2529 2530 2531 2532 2533 2534 2535 2536 2537 
2538 2539 2540 2541 2542 2543 2544 2545 2546 
2547 2548 2549 2550 2551 2552 2553 2554 2555 
2556 2557 2558 2559 2560 2561 2562 2563 2564 
2565 2566 2567 2568 2569 2570 2571 2572 2573 
2574 2575 2576 2577 2578 2579 2580 2581 2582 
2583 2584 2585 2586 2587 2588 2589 2590 2591 
2592 2593 2594 2595 2596 2597 2598 2599 2600 
2601 2602 2603 2604 2605 2606 2607 2608 2609 
2610 2611 2612 2613 2614 2615 2616 2617 2618 
2619 2620 2621 2622 2623 2624 2625 2626 2627 
2628 2629 2630 2631 2632 2633 2634 2635 2636 
2637 2638 2639 2640 2641 2642 2643 2644 2645 
2646 2647 2648 2649 2650 2651 2652 2653 2654 
2655 2656 2657 2658 2659 2660 2661 2662 2663 
2664 2665 2666 2667 2668 2669 2670 2671 2672 
2673 2674 2675 2676 2677 2678 2679 2680 2681 
2682 2683 2684 2685 2686 2687 2688 2689 2690 
2691 2692 2693 2694 2695 2696 2697 2698 2699 
2700 2701 2702 2703 2704 2705 2706 2707 2708 
2709 2710 2711 2712 2713 2714 2715 2716 2717 
2718 2719 2720 2721 2722 2723 2724 2725 2726 
2727 2728 2729 2730 2731 2732 2733 2734 2735 
2736 2737 2738 2739 2740 2741 2742 2743 2744 
2745 2746 2747 2748 2749 2750 2751 2752 2753 
2754 2755 2756 2757 2758 2759 2760 2761 2762 
2763 2764 2765 2766 2767 2768 2769 2770 2771 
2772 2773 2774 2775 2776 2777 2778 2779 2780 
2781 2782 2783 2784 2785 2786 2787 2788 2789 
2790 2791 2792 2793 2794 2795 2796 2797 2798 
2799 2800 2801 2802 2803 2804 2805 2806 2807 
2808 2809 2810 2811 2812 2813 2814 2815 2816 
2817 2818 2819 2820 2821 2822 2823 2824 2825 
2826 2827 2828 2829 2830 2831 2832 2833 2834 
2835 2836 2837 2838 2839 2840 2841 2842 2843 
2844 2845 2846 2847 2848 2849 2850 2851 2852 
2853 2854 2855 2856 2857 2858 2859 2860 2861 
2862 2863 2864 2865 2866 2867 2868 2869 2870 
2871 2872 2873 2874 2875 2876 2877 2878 2879 
2880 2881 2882 2883 2884 2885 2886 2887 2888 
2889 2890 2891 2892 2893 2894 2895 2896 2897 
2898 2899 2900 2901 2902 2903 2904 2905 2906 
2907 2908 2909 2910 2911 2912 2913 2914 2915 
2916 2917 2918 2919 2920 2921 2922 2923 2924 
2925 2926 2927 2928 2929 2930 2931 2932 2933 
2934 2935 2936 2937 2938 2939 2940 2941 2942 
2943 2944 2945 2946 2947 2948 2949 2950 2951 
2952 2953 2954 2955 2956 2957 2958 2959 2960 
2961 2962 2963 2964 2965 2966 2967 2968 2969 
2970 2971 2972 2973 2974 2975 2976 2977 2978 
2979 2980 2981 2982 2983 2984 2985 2986 2987 
2988 2989 2990 2991 2992 2993 2994 2995 2996 
2997 2998 2999 3000 3001 3002 3003 3004 3005 
3006 3007 3008 3009 3010 3011 3012 3013 3014 
3015 3016 3017 3018 3019 3020 3021 3022 3023 
3024 3025 3026 3027 3028 3029 3030 3031 3032 
3033 3034 3035 3036 3037 3038 3039 3040 3041 
3042 3043 3044 3045 3046 3047 3048 3049 3050 
3051 3052 3053 3054 3055 3056 3057 3058 3059 
3060 3061 3062 3063 3064 3065 3066 3067 3068 
3069 3070 3071 3072 3073 3074 3075 3076 3077 
3078 3079 3080 3081 3082 3083 3084 3085 3086 
3087 3088 3089 3090 3091 3092 3093 3094 3095 
3096 3097 3098 3099 3100 3101 3102 3103 3104 
3105 3106 3107 3108 3109 3110 3111 3112 3113 
3114 3115 3116 3117 3118 3119 3120 3121 3122 
3123 3124 3125 3126 3127 3128 3129 3130 3131 
3132 3133 3134 3135 3136 3137 3138 3139 3140 
3141 3142 3143 3144 3145 3146 3147 3148 3149 
3150 3151 3152 3153 3154 3155 3156 3157 3158 
3159 3160 3161 3162 3163 3164 3165 3166 3167 
3168 3169 3170 3171 3172 3173 3174 3175 3176 
3177 3178 3179 3180 3181 3182 3183 3184 3185 
3186 3187 3188 3189 3190 3191 3192 3193 3194 
3195 3196 3197 3198 3199 3200 3201 3202 3203 
3204 3205 3206 3207 3208 3209 3210 3211 3212 
3213 3214 3215 3216 3217 3218 3219 3220 3221 
3222 3223 3224 3225 3226 3227 3228 3229 3230 
3231 3232 3233 3234 3235 3236 3237 3238 3239 
3240 3241 3242 3243 3244 3245 3246 3247 3248 
3249 3250 3251 3252 3253 3254 3255 3256 3257 
3258 3259 3260 3261 3262 3263 3264 3265 3266 
3267 3268 3269 3270 3271 3272 3273 3274 3275 
3276 3277 3278 3279 3280 3281 3282 3283 3284 
3285 3286 3287 3288 3289 3290 3291 3292 3293 
3294 3295 3296 3297 3298 3299 3300 3301 3302 
3303 3304 3305 3306 3307 3308 3309 3310 3311 
3312 3313 3314 3315 3316 3317 3318 3319 3320 
3321 3322 3323 3324 3325 3326 3327 3328 3329 
3330 3331 3332 3333 3334 3335 3336 3337 3338 
3339 3340 3341 3342 3343 3344 3345 3346 3347 
3348 3349 3350 3351 3352 3353 3354 3355 3356 
3357 3358 3359 3360 3361 3362 3363 3364 3365 
3366 3367 3368 3369 3370 3371 3372 3373 3374 
3375 3376 3377 3378 3379 3380 3381 3382 3383 
3384 3385 3386 3387 3388 3389 3390 3391 3392 
3393 3394 3395 3396 3397 3398 3399 3400 3401 
3402 3403 3404 3405 3406 3407 3408 3409 3410 
3411 3412 3413 3414 3415 3416 3417 3418 3419 
3420 3421 3422 3423 3424 3425 3426 3427 3428 
3429 3430 3431 3432 3433 3434 3435 3436 3437 
3438 3439 3440 3441 3442 3443 3444 3445 3446 
3447 3448 3449 3450 3451 3452 3453 3454 3455 
3456 3457 3458 3459 3460 3461 3462 3463 3464 
3465 3466 3467 3468 3469 3470 3471 3472 3473 
3474 3475 3476 3477 3478 3479 3480 3481 3482 
3483 3484 3485 3486 3487 3488 3489 3490 3491 
3492 3493 3494 3495 3496 3497 3498 3499 3500 
3501 3502 3503 3504 3505 3506 3507 3508 3509 
3510 3511 3512 3513 3514 3515 3516 3517 3518 
3519 3520 3521 3522 3523 3524 3525 3526 3527 
3528 3529 3530 3531 3532 3533 3534 3535 3536 
3537 3538 3539 3540 3541 3542 3543 3544 3545 
3546 3547 3548 3549 3550 3551 3552 3553 3554 

POINT_DATA 3555
FIELD FieldData 5
id 1 3555 int
16717 5680 4415 21085 7740 3032 6325 3751 7362 
3000 14332 6211 26493 17506 3223 26561 25630 22795 
2112 1894 2028 1381 975 2079 3063 4923 587 
28778 2380 21786 1036 44 17100 5597 34781 5992 
29895 2987 25050 640 558 16202 15361 22290 2656 
10360 16924 12465 6490 14446 5290 4758 44502 6386 
3927 3516 11943 7367 14461 1722 6933 5523 15737 
12661 7321 21279 4694 2435 3170 12046 814 3820 
2826 2698 5568 6760 4992 9898 5499 3061 1891 
21069 7464 26564 470 3039 560 306 6891 17258 
34577 16634 33302 14339 1144 3134 2719 17407 5895 
17271 12082 39924 2233 20490 15415 4051 900 21738 
2835 492 5515 21611 34380 10713 33965 7742 5896 
20968 6011 4997 11950 5170 11117 20568 20281 436 
12210 42715 7438 24678 16799 30079 12429 17198 8083 
29439 15515 313 28866 23978 7639 5664 16132 9825 
22859 30897 11253 13893 29945 10756 5715 19737 20581 
765 12280 2118 2974 3402 4334 35469 5302 7089 
7210 20778 15085 25770 5102 28490 20658 14363 6587 
4412 12503 20867 2723 6153 2280 31242 16137 44322 
27914 27088 42525 5802 3411 1481 3263 6813 39274 
2546 28753 16245 4991 40041 18401 39491 33502 9963 
10259 4908 12613 10724 20236 26414 4384 15181 12124 
28020 19773 10666 6842 2321 1685 528 2997 5913 
15490 19618 468 11599 25970 14384 23258 2860 22347 
17958 1808 7024 2800 21694 25777 27785 23651 4028 
32572 5372 105 14719 27465 16847 13115 7123 14527 
26443 14164 26447 20011 550 21959 34454 20665 23800 
8914 25001 5229 2439 5503 25284 26143 19345 23420 
36294 3104 32729 35186 33575 3668 29602 4473 30697 
8431 15960 30851 3824 286 44087 7598 20033 23791 
300 6207 2795 24792 17006 48411 3542 24912 15414 
1071 21255 3354 2812 6440 2552 480 20985 3300 
5894 25173 22579 39646 651 9929 1598 4232 13715 
6993 3501 12411 5543 7473 10587 876 6375 7117 
5273 34353 5912 17350 34843 179 7309 3011 4274 
7340 2161 5121 1591 7596 4712 10811 30192 4527 
41541 2894 1433 4187 2615 3925 7487 16429 12039 
30623 37158 2277 6921 36369 27473 24321 9837 2863 
4580 6782 10796 4318 12372 39273 18991 5284 2461 
22231 11896 10153 6002 11071 398 2471 38632 14982 
1012 6259 16281 10966 3702 11712 29791 21459 37850 
16364 8860 31174 395 653 21169 22041 3189 5374 
3243 19640 40106 18242 4952 41684 28017 44588 17138 
17372 7256 243 8570 22280 14808 6670 24993 12190 
28996 87 1477 1016 798 17027 20456 2231 7538 
4552 9150 4965 9770 7010 15425 46887 2314 2565 
7793 1858 47016 17501 28141 17949 7532 28890 4045 
5866 4452 11274 18240 2323 47175 12011 45494 24733 
39374 19362 16588 41145 4873 31052 43052 3896 26591 
446 16057 11747 20507 30762 24635 20487 35966 2660 
822 11722 886 10527 41471 2470 11533 5572 420 
4817 1109 33327 4365 4784 982 8382 16691 10800 
31509 34968 24234 6603 5416 12042 1549 38787 47354 
6276 43191 28750 46265 6977 22703 15694 24413 38475 
2034 16319 632 7128 5002 6197 1929 5001 48517 
25064 30377 4390 23679 1418 15691 4173 16204 25484 
4005 168 4753 9474 21006 1167 2554 3329 12407 
2376 29 6441 9517 43899 1694 2291 47076 37538 
6114 5697 30346 4170 19365 6195 3578 14678 47313 
35069 11393 30654 34689 17717 2026 3675 760 7277 
35012 26947 12365 29684 32334 29179 34700 6263 6380 
7283 3857 7034 3427 4166 11217 16719 3489 3652 
5765 6262 9541 8634 9032 10960 2005 28819 42161 
4618 345 16432 1311 12822 17813 3981 10997 17245 
46838 43438 31065 16873 42079 3776 7815 28681 21954 
30755 1905 21570 45817 10636 20823 18548 7125 35447 
21248 30329 30685 25286 6610 5811 6321 4032 12451 
5283 667 8968 927 44431 3019 20241 15539 9078 
26258 6925 12081 39223 44166 22930 8373 47661 44382 
47347 15658 17352 683 7425 7315 4781 48170 48234 
19759 20811 44236 37336 48931 14804 427 8866 39152 
21303 2543 12083 24130 38965 15940 48175 35444 16895 
15209 19015 41946 207 7516 995 7226 7230 3934 
10025 2127 2762 4417 5363 9733 5208 4708 12160 
11157 38861 29268 42324 48511 8488 30294 30066 1426 
7461 17305 4262 24482 38980 47196 47964 25478 33432 
6329 3759 42005 2176 5144 11373 48233 21619 34530 
36988 16644 3906 5127 1870 3512 1327 17317 1246 
1463 7180 5255 21159 12114 17120 1880 16876 854 
4799 24900 47120 49067 19176 30662 25981 31380 44738 
12016 17369 43645 44117 6653 7495 22325 46062 42473 
22973 49056 18930 35587 30832 46073 9386 3417 2750 
16205 20477 25090 45615 47493 48506 15363 42677 5330 
16754 505 15888 4589 10169 15869 4221 2811 6714 
6010 11471 17242 11221 5377 3215 2975 4849 5868 
4659 16464 29885 39657 19166 15381 42217 6279 12997 
72 3254 17166 38644 34779 28314 42691 33421 25721 
22465 7102 9668 16923 3817 9678 11315 37098 40008 
45675 38574 38186 40783 5087 8763 10889 711 6216 
11727 9820 4582 12279 46992 4346 8068 3133 11483 
43023 28559 19828 37579 40109 24682 1085 11826 86 
14391 417 25747 39191 39188 38027 15727 9137 6486 
5396 21516 19986 18134 47082 45166 38669 35875 26446 
1677 13908 21859 4517 10618 2958 1501 7474 2591 
3897 11874 16306 26180 517 11178 7528 205 239 
9130 24686 25901 16014 25438 25136 40465 31106 28647 
49058 43931 11498 7370 11053 16676 30951 42405 18697 
48076 20422 47182 45536 45723 29947 2296 21904 4722 
14852 43496 45179 29910 35195 7142 12486 5392 35173 
1331 2889 12315 2288 39416 62 11945 1380 5700 
6500 43413 39494 47658 18487 43244 39576 21903 1102 
11137 894 2094 10106 24910 30099 44873 1126 6794 
1872 6088 11555 47951 48470 18325 13048 3791 11618 
964 1387 10399 1392 2491 3802 426 2597 6967 
4075 2021 9965 5182 10544 27427 35425 3087 45168 
46577 6268 2462 6415 2909 45259 40247 45409 22800 
46988 45614 34871 48678 34266 4366 34975 1267 47734 
30336 35772 31394 44957 34750 31548 6902 3744 3563 
5592 2058 46975 10077 12014 3770 1749 5831 45417 
2688 5203 4260 2821 46649 17684 44630 45449 6204 
16131 8021 11106 45516 41525 34056 31032 45624 48853 
45375 38145 47386 45774 12253 3841 834 9931 6686 
46944 41997 46147 42813 28390 28180 16065 5865 12493 
966 5228 12532 5728 11737 11532 464 9271 199 
6954 6422 16525 19889 44688 26602 45595 19962 30485 
47886 18273 21081 47937 43358 6621 12091 2285 25035 
35134 31950 22225 35402 30935 49102 167 1209 42679 
21408 34722 22855 47506 46497 15588 46751 2560 6895 
3358 9936 10554 4443 17316 12441 2388 2627 11334 
1137 3332 6118 10359 2495 25424 47988 41024 44803 
45633 36984 44530 3811 11348 35101 1117 11294 44398 
48749 49119 48012 39613 45497 44176 48521 7109 5487 
4519 11107 41992 34178 48379 6679 3895 20640 47344 
1189 8240 9512 5844 10540 2573 316 5465 1934 
353 7323 1711 2041 16074 6116 6503 1397 46746 
44057 12763 43473 40434 47896 39572 30981 2925 10054 
10679 2170 34589 48535 49111 33751 39334 37097 639 
2756 1165 39636 48479 40567 36786 46137 26108 44662 
6770 30910 5131 10306 12974 14641 7178 6708 319 
717 6381 12122 3477 5443 7969 271 3211 12271 
25584 35953 25397 39322 25422 21001 12438 17462 6677 
12087 47563 35064 45057 45476 47617 45387 39057 44268 
3152 5698 5885 5932 45857 44407 35453 34601 30823 
47169 42873 21290 46245 2342 8101 1698 6976 7134 
2956 7261 1809 4002 3611 6593 4771 17068 11022 
45952 44975 48218 2109 42145 47695 45990 2046 22649 
10500 24570 33611 2107 32611 42213 45235 40038 48821 
47100 34243 5227 2253 7568 26291 46851 47706 41921 
40511 44934 48520 24811 4532 11960 5582 3713 3908 
2779 4214 29823 5140 44165 2410 2091 10932 16746 
2900 2050 8746 39631 44841 32886 47247 5748 48559 
45670 362 12297 437 45264 302 46598 49017 47337 
47472 870 2328 10378 21135 15712 761 45465 39426 
26053 30146 25567 5745 5086 11536 2763 47552 5342 
11385 1064 6483 11663 1248 35168 748 11566 93 
481 970 29870 5919 43544 46698 48665 45331 25518 
3244 6243 15026 47505 47023 34919 48728 44674 6721 
47705 7494 45144 48465 34946 42807 6479 25503 135 
7550 16981 4450 6447 48917 6876 46666 46067 4925 
21770 912 7989 2533 11685 26201 9328 5437 11109 
26407 12041 2606 8275 10677 8485 9926 41469 41251 
47477 7016 46154 46641 26839 37114 3784 2242 30597 
47550 46086 48191 45011 48033 44729 32160 44888 376 
4258 45977 6272 41626 46231 33288 19274 45887 46383 
46213 46845 106 94 10102 6565 12068 522 3168 
40254 477 4127 1525 17107 2694 563 48907 46695 
48000 34433 46434 3726 49043 20760 47331 453 5741 
3826 5933 2081 4879 46028 44760 11092 44917 47763 
47863 45677 44980 48755 27715 6468 21005 46588 47133 
44840 1115 45026 46390 48041 45815 47599 24929 48551 
3783 4862 16962 5659 1866 10641 26397 282 2639 
3376 2131 5080 12628 2851 5110 601 7319 3275 
245 2102 25937 46338 742 48877 48246 32663 35372 
40781 45669 45151 5589 3775 14670 49073 47854 4057 
3201 47639 6881 49061 48430 41800 48922 47071 981 
1748 10419 12349 11186 3343 47219 7039 40841 458 
48836 45087 45233 45016 48879 12431 3748 4556 10750 
2009 26271 5340 9693 26356 39006 1118 5967 12387 
14086 34168 44625 47078 38800 3658 48885 3091 42999 
5858 1050 12645 6027 6776 47101 41727 45276 48453 
5161 5665 45246 2667 45481 48968 2486 20308 3159 
12069 15420 48688 1378 29871 6102 39768 538 45795 
37498 11648 5601 26468 12345 10670 10993 48935 5176 
16677 44154 6689 37920 11501 2333 4094 18556 10662 
1653 44798 5210 5650 44699 46557 43733 48159 42492 
47088 4440 2042 3096 10536 11909 45031 46419 46565 
45777 25988 45547 35182 515 5274 43147 12340 13916 
7527 1959 1223 10248 47498 47321 47170 47433 35334 
52 48572 47711 16737 43019 6403 7358 6169 2287 
4980 7921 1527 3062 46730 1799 4864 3500 13681 
58 1043 1049 46982 2607 5519 7339 7432 1253 
45600 46922 42698 16965 44937 43547 574 7499 20970 
9278 928 45194 45585 48132 29579 1552 2040 45343 
47663 1847 47829 5923 45542 46495 5147 335 1583 
49024 46222 40295 1966 45219 42212 46543 43060 4500 
5217 7546 9424 3460 12397 48733 1830 35310 7371 
16301 3987 14432 6823 47121 4055 2164 46796 17371 
34778 45420 43081 48681 46449 48449 3868 11068 1149 
15503 11957 2458 6909 20242 46908 48750 3940 43901 
40526 22 7243 12281 6564 2915 12728 49093 30515 
48573 47866 44080 2783 46202 34322 6712 2951 5061 
38239 9177 3247 16339 5538 9128 17013 1845 6808 
19661 1510 15996 4961 8999 21702 44872 26199 46739 
48279 45360 5750 47134 16618 987 37512 43578 796 
47482 48053 47376 1337 45206 44689 6290 45998 2881 
45164 5657 7015 3370 43922 71 16360 5968 47958 
45991 18639 36404 43080 42690 772 3317 187 10154 
2966 24713 2331 10397 30542 2250 44517 16472 1061 
285 26473 2837 9696 44775 43094 15201 19750 46364 
40222 6170 6382 31084 5749 8934 2778 46333 4738 
47525 39267 35385 12185 6109 6171 43865 42087 6559 
35970 7192 6054 1621 1831 45129 45099 46624 5667 
29028 1235 48605 4836 2598 17156 3059 7057 7112 
4960 46696 12030 6883 6303 8854 6448 5838 11260 
813 7472 5445 11701 48434 46743 6128 45504 45145 
46800 48167 47208 5945 2211 958 1372 44758 30134 
46548 979 26008 6652 45767 7223 47700 4344 30992 
27284 1878 3711 30833 47765 6333 3753 21263 44786 
44684 32581 45717 45265 1958 45019 4243 30496 2496 
8280 30742 763 46842 6409 1938 1213 2559 5718 
12025 11233 438 45773 41143 49081 37816 35055 7483 
16484 1655 7529 10240 141 3130 1720 486 6617 
1077 37381 9640 30426 4175 6249 4901 49124 1882 
3418 14606 16695 45583 5984 41995 43063 6326 6034 
333 4022 17130 47166 12462 16958 22023 6981 4487 
10991 16505 3136 3245 4860 11788 10326 4683 2017 
26100 46133 5806 6620 1876 12752 3006 6450 7535 
30031 30578 46271 1160 7520 34374 15818 5899 1614 
5773 3992 22034 3049 5316 47936 47528 45708 47858 
6943 34359 38688 21985 157 12311 34556 766 4247 
2600 6142 5252 4893 3252 5058 35428 697 850 
20113 7486 3206 48979 45009 7368 2583 46583 3648 
17109 1805 45274 12617 47026 47453 21230 588 44955 
44866 45838 3493 45897 617 15761 46412 48415 48240 
45294 16929 45970 5082 6795 26562 4291 6236 5775 
11457 47445 4374 121 1660 4148 30684 4846 48764 
425 4437 6062 1507 46342 14665 347 613 3505 
3038 21812 10817 2773 3510 21098 24320 47934 40514 
29445 15782 47364 28509 846 15212 39411 17009 21639 
5364 47483 19192 48890 45390 48929 4763 1935 12358 
6889 12571 35610 369 23758 771 5801 48819 5850 
2502 10229 1129 6958 8926 48514 48152 48568 46387 
37881 3485 48695 44714 4728 6817 3179 4392 42527 
40611 35542 47985 6049 20322 46262 1624 583 48189 
43823 3610 6519 13889 4332 41763 5796 19317 2767 
44853 1202 42722 475 22479 2057 2727 1918 221 
5455 11191 1690 12364 8940 450 902 4863 47630 
19346 6138 49003 44495 1835 5837 11388 148 5137 
2976 36842 686 4644 48982 48822 41871 4899 11338 
10382 4569 29337 38085 46386 20903 1201 3603 5115 
11681 10828 47961 3595 12478 15597 96 20956 1178 
10469 5853 12460 35591 46815 45056 48071 2775 4219 
6835 3917 8227 5579 20553 12575 45969 45823 323 
46113 576 10717 2534 720 38405 283 40163 1576 
22037 45706 37798 6052 3645 10706 1464 8151 10546 
40808 1662 3743 12141 7022 4628 10515 26119 2019 
11891 1456 4337 31064 6872 4507 10213 387 542 
5766 6703 47391 357 29369 21637 21411 5900 42097 
35499 26028 1182 15546 35062 7320 26367 47029 44359 
19385 5155 1096 6650 2670 38397 7168 21510 48329 
46358 41212 10842 15485 14483 6357 20676 2247 1329 
6198 30627 147 2867 12073 6391 45283 16351 34926 
14509 30941 40826 44719 16704 9637 2537 7972 6951 
34780 25006 736 2350 6095 2085 1974 5663 11769 
3936 344 30342 47533 6495 5355 12151 4837 3084 
14875 2311 6342 2634 9290 8773 6347 837 2500 
30112 3372 3035 2297 6324 6732 47288 25435 10089 
48126 5880 2755 2929 21897 2799 10921 48472 24901 
16668 1643 534 29675 43879 43705 1402 1448 10197 
14646 555 48183 1528 34161 6320 20091 19377 6744 
39215 3346 21957 1610 1942 1557 7106 10970 1349 
1640 4886 853 1861 6684 5162 26226 2586 1453 
3362 3585 42947 48069 38955 46289 17246 11738 12327 
46898 1592 17206 45900 6337 26329 3613 751 4248 
6741 4141 21934 45377 34167 16957 23365 22749 39686 
6186 11721 7158 16040 547 4429 26580 6747 11853 
5696 16355 20088 17134 7505 4933 1562 8146 6931 
2246 6214 11835 5022 1087 17302 3310 48084 610 
14239 10224 7295 5414 26491 5028 43383 1180 592 
5366 44982 1973 34516 2730 695 1407 12576 5551 
3222 26062 869 43084 4608 3943 48057 2857 4428 
2959 11045 4687 7311 12283 597 7030 4328 5181 
34 1863 5337 39969 11299 3568 45286 39603 47387 
3794 1303 4378 11344 1879 12427 1577 1984 5005 
2699 41273 48608 40 7198 2282 2793 3517 7398 
34313 3920 30273 30158 3405 30945 1233 586 1609 
26073 2689 19857 48 11153 5093 6115 12119 26583 
3093 12483 7090 2547 26266 30131 6997 5281 1268 
1200 34623 4947 9836 29220 2290 38841 46909 46461 
44944 4423 29710 775 644 9562 47712 352 12058 
40132 6989 17160 4161 533 1297 4370 397 8376 
30975 8626 10481 3355 1865 2501 4341 4636 16818 
1742 287 6362 12502 2377 4405 45423 36306 5711 
29309 31 3228 21483 39232 48966 5343 19420 3128 
46295 45714 1459 4627 5319 20532 3456 6608 2047 
4215 7723 3092 2518 4654 4672 43540 16448 8145 
3494 3935 10599 4371 6388 23402 6923 4442 4309 
30267 4911 2061 4039 16584 34487 2780 35478 6604 
46761 21292 5498 4594 2154 3557 4751 26017 4488 
4132 44011 4052 7265 3473 3629 26626 7278 4567 
48106 1708 1019 2356 2508 23609 3191 6273 3621 
687 4403 3532 9218 21669 329 1573 11808 22031 
2692 11123 338 6690 34970 1756 3098 4475 48015 
36556 3972 818 2535 25828 3602 11543 11062 26595 
23 46050 11693 1727 4737 34185 30289 2768 43861 
784 46921 42867 994 32693 3758 3657 47766 328 
5857 1524 11281 6796 1514 3941 1417 5248 4305 
10988 7108 3765 39799 4827 39950 45152 7257 192 
30788 1219 4419 5317 44251 39478 48909 4382 30227 
3903 16969 1044 2023 2448 936 2425 1855 4522 
40162 21899 6253 7359 3451 17048 2936 10895 17843 
2066 12038 34340 327 6484 5758 1919 10485 1340 
6667 47372 2228 630 33938 2093 33695 110 7414 
2512 17547 781 17287 1398 26497 43602 6520 21579 
1294 1850 28403 1967 40576 1578 34165 40118 6688 
5150 12028 4101 1764 12420 49039 8395 11869 5795 
1088 21725 5507 4847 16653 7419 1666 2269 44037 
1468 5164 9840 1699 2181 5053 2180 3515 12305 
726 6903 12304 30886 47022 3474 34065 289 2825 
40103 4666 2343 2854 21575 4715 39471 6994 11012 
2396 21241 12296 4730 11392 12848 10125 7069 30357 
1930 11646 3984 44065 4457 20669 20896 43431 3268 
1410 998 25534 614 10919 47248 35484 594 3123 
46631 33937 260 7008 3705 12453 2506 6431 40127 
3560 399 6446 15286 27908 3177 799 11653 3425 
6309 14909 4408 9451 264 6526 291 5980 955 
11883 7099 6777 12380 1290 28650 75 12394 1950 
20358 48772 31103 4211 47146 120 6017 12021 2892 
18514 36761 4604 26145 6527 43572 676 34742 3185 
9884 10597 7139 9414 16797 6855 9962 26460 971 
931 11187 1330 30866 2705 6988 5732 2687 2803 
30278 24637 35189 3883 2419 5198 3480 5286 16800 
1153 449 5266 39584 5705 1824 16309 4071 43419 
6202 3079 546 9523 1886 3570 7152 44342 3122 
2327 1111 9942 48722 7448 2585 4050 30451 2683 
12375 1745 6535 2272 15832 6420 26642 3117 4943 
10426 21967 6364 3997 34974 38377 476 17382 6314 
699 4945 1890 2923 1625 669 263 4188 1136 
769 1844 3033 12285 6074 4590 42885 3787 3051 
6192 7558 16540 31097 6338 487 5583 16375 6331 
2582 5981 3440 4427 12015 1486 1790 109 30590 
1300 7530 17232 293 12115 1802 2942 7073 30324 
4250 2067 4957 25196 2070 31138 5275 10729 5917 
10697 29582 4938 39829 3208 670 48761 9970 21280 
21431 5376 4663 5936 11983 2010 7456 3481 4550 
821 3388 457 3105 5803 11167 880 5717 3654 
47945 30277 496 17146 2340 1283 6190 4086 35481 
296 3506 21556 7357 7336 1792 718 15402 9914 
10155 10355 42191 46737 47684 2281 48287 5845 1222 
48077 15806 35040 5505 1498 6613 45367 1469 1730 
5603 835 2898 3894 5964 4298 6974 2469 2886 
30989 3706 1833 11496 3959 11188 11631 5940 334 
2562 2937 4643 3679 37792 5771 8537 38372 11726 
12490 45968 2232 12183 15673 46230 17341 1700 16529 
5186 39805 11152 1148 2235 540 11241 25823 12316 
3797 8572 459 722 3693 35094 1840 4710 301 
5257 5907 4448 2368 3146 4987 21428 1055 5891 
2394 1140 1560 3803 7366 6288 6702 45443 7000 
3605 4446 25408 3586 20993 3555 4212 5215 2772 
17 1150 10149 2989 17086 7401 3527 12599 29474 
737 15804 5974 5607 8110 9121 4064 5068 1256 
6998 29263 6969 6281 2383 4655 7209 5826 529 
371 590 6478 3973 629 11256 2556 16553 904 
2515 6723 3528 4294 4108 5156 917 11651 8184 
9162 3160 831 26483 5641 48172 5106 1504 3324 
6265 5422 4338 3336 3881 16121 758 1457 4249 
38155 2804 6601 3545 5890 45858 1888 46011 5092 
25317 6633 4445 5791 20196 35171 49065 4989 2845 
13394 48286 3612 7441 4587 4668 5149 39830 7453 
6540 2677 3815 1476 15190 4472 21105 5751 3825 
3198 704 6451 19323 21952 17353 2395 5496 6850 
6666 3101 6056 6655 6654 364 48497 4480 39032 
2640 905 12570 8977 21880 4121 7240 11948 6972 
11866 17321 5023 16890 2357 4661 43897 7577 1225 
2025 8276 6076 11414 800 6317 7501 2550 35322 
4515 3722 1273 2142 4348 2048 1931 23226 7004 
2728 195 1191 564 6499 1518 15986 2178 747 
18985 10826 2381 6028 6264 3874 312 3781 1746 
17029 3129 2140 1778 4535 7124 16944 17293 4548 
2476 579 2390 6398 6678 1242 2052 6811 2110 
5230 4058 3922 3508 2366 6598 3974 5918 184 
15046 17279 2411 3977 5109 5554 22063 6075 545 
21549 6179 3166 3111 16235 4406 4854 6606 4351 
5174 6607 3999 2278 12332 830 5720 4092 2781 
5993 3077 4484 2930 1152 4844 6962 5308 7422 
3870 933 3851 1681 6163 3864 1941 5975 3281 
916 1544 413 2794 2051 5886 7574 6875 3099 
1374 1475 3980 12000 2244 279 8464 9054 5375 
9777 939 4546 888 10626 356 14127 1635 2198 
7013 4080 4619 573 8048 18075 7153 20 7307 
9105 2184 158 6763 6031 906 12103 9398 2074 
11893 5972 6886 2406 5099 1512 6983 16056 5242 
7447 578 6467 35642 7617 16120 35405 8436 30246 
24693 10964 36813 4766 23376 17323 17255 9771 25479 
8455 21130 19745 22093 5615 6121 4242 5056 3594 
11172 6680 1221 12798 11933 6841 4513 5134 7342 
39966 47510 11464 1022 28342 20260 5797 14723 2558 
21489 5876 3625 19683 6861 5240 4902 5334 79 
4743 2590 2955 3422 4843 11083 5460 7208 1726 
7338 2842 3034 2940 7105 6014 3639 6898 20574 
6949 8812 3725 1226 2664 4114 7510 2805 28635 
1647 3432 25076 197 18544 943 9974 21713 23878 
6638 3278 739 13303 14 2464 23104 4184 2666 
1070 14682 954 2922 6356 832 9334 3968 16251 

type 1 3555 int
1 1 1 1 1 1 1 1 1 
1 1 1 1 1 1 1 1 1 
1 1 1 1 1 1 1 1 1 
1 1 1 1 1 1 1 1 1 
1 1 1 1 1 1 1 1 1 
1 1 1 1 1 1 1 1 1 
1 1 1 1 1 1 1 1 1 
1 1 1 1 1 1 1 1 1 
1 1 1 1 1 1 1 1 1 
1 1 1 1 1 1 1 1 1 
1 1 1 1 1 1 1 1 1 
1 1 1 1 1 1 1 1 1 
1 1 1 1 1 1 1 1 1 
1 1 1 1 1 1 1 1 1 
1 1 1 1 1 1 1 1 1 
1 1 1 1 1 1 1 1 1 
1 1 1 1 1 1 1 1 1 
1 1 1 1 1 1 1 1 1 
1 1 1 1 1 1 1 1 1 
1 1 1 1 1 1 1 1 1 
1 1 1 1 1 1 1 1 1 
1 1 1 1 1 1 1 1 1 
1 1 1 1 1 1 1 1 1 
1 1 1 1 1 1 1 1 1 
1 1 1 1 1 1 1 1 1 
1 1 1 1 1 1 1 1 1 
1 1 1 1 1 1 1 1 1 
1 1 1 1 1 1 1 1 1 
1 1 1 1 1 1 1 1 1 
1 1 1 1 1 1 1 1 1 
1 1 1 1 1 1 1 1 1 
1 1 1 1 1 1 1 1 1 
1 1 1 1 1 1 1 1 1 
1 1 1 1 1 1 1 1 1 
1 1 1 1 1 1 1 1 1 
1 1 1 1 1 1 1 1 1 
1 1 1 1 1 1 1 1 1 
1 1 1 1 1 1 1 1 1 
1 1 1 1 1 1 1 1 1 
1 1 1 1 1 1 1 1 1 
1 1 1 1 1 1 1 1 1 
1 1 1 1 1 1 1 1 1 
1 1 1 1 1 1 1 1 1 
1 1 1 1 1 1 1 1 1 
1 1 1 1 1 1 1 1 1 
1 1 1 1 1 1 1 1 1 
1 1 1 1 1 1 1 1 1 
1 1 1 1 1 1 1 1 1 
1 1 1 1 1 1 1 1 1 
1 1 1 1 1 1 1 1 1 
1 1 1 1 1 1 1 1 1 
1 1 1 1 1 1 1 1 1 
1 1 1 1 1 1 1 1 1 
1 1 1 1 1 1 1 1 1 
1 1 1 1 1 1 1 1 1 
1 1 1 1 1 1 1 1 1 
1 1 1 1 1 1 1 1 1 
1 1 1 1 1 1 1 1 1 
1 1 1 1 1 1 1 1 1 
1 1 1 1 1 1 1 1 1 
1 1 1 1 1 1 1 1 1 
1 1 1 1 1 1 1 1 1 
1 1 1 1 1 1 1 1 1 
1 1 1 1 1 1 1 1 1 
1 1 1 1 1 1 1 1 1 
1 1 1 1 1 1 1 1 1 
1 1 1 1 1 1 1 1 1 
1 1 1 1 1 1 1 1 1 
1 1 1 1 1 1 1 1 1 
1 1 1 1 1 1 1 1 1 
1 1 1 1 1 1 1 1 1 
1 1 1 1 1 1 1 1 1 
1 1 1 1 1 1 1 1 1 
1 1 1 1 1 1 1 1 1 
1 1 1 1 1 1 1 1 1 
1 1 1 1 1 1 1 1 1 
1 1 1 1 1 1 1 1 1 
1 1 1 1 1 1 1 1 1 
1 1 1 1 1 1 1 1 1 
1 1 1 1 1 1 1 1 1 
1 1 1 1 1 1 1 1 1 
1 1 1 1 1 1 1 1 1 
1 1 1 1 1 1 1 1 1 
1 1 1 1 1 1 1 1 1 
1 1 1 1 1 1 1 1 1 
1 1 1 1 1 1 1 1 1 
1 1 1 1 1 1 1 1 1 
1 1 1 1 1 1 1 1 1 
1 1 1 1 1 1 1 1 1 
1 1 1 1 1 1 1 1 1 
1 1 1 1 1 1 1 1 1 
1 1 1 1 1 1 1 1 1 
1 1 1 1 1 1 1 1 1 
1 1 1 1 1 1 1 1 1 
1 1 1 1 1 1 1 1 1 
1 1 1 1 1 1 1 1 1 
1 1 1 1 1 1 1 1 1 
1 1 1 1 1 1 1 1 1 
1 1 1 1 1 1 1 1 1 
1 1 1 1 1 1 1 1 1 
1 1 1 1 1 1 1 1 1 
1 1 1 1 1 1 1 1 1 
1 1 1 1 1 1 1 1 1 
1 1 1 1 1 1 1 1 1 
1 1 1 1 1 1 1 1 1 
1 1 1 1 1 1 1 1 1 
1 1 1 1 1 1 1 1 1 
1 1 1 1 1 1 1 1 1 
1 1 1 1 1 1 1 1 1 
1 1 1 1 1 1 1 1 1 
1 1 1 1 1 1 1 1 1 
1 1 1 1 1 1 1 1 1 
1 1 1 1 1 1 1 1 1 
1 1 1 1 1 1 1 1 1 
1 1 1 1 1 1 1 1 1 
1 1 1 1 1 1 1 1 1 
1 1 1 1 1 1 1 1 1 
1 1 1 1 1 1 1 1 1 
1 1 1 1 1 1 1 1 1 
1 1 1 1 1 1 1 1 1 
1 1 1 1 1 1 1 1 1 
1 1 1 1 1 1 1 1 1 
1 1 1 1 1 1 1 1 1 
1 1 1 1 1 1 1 1 1 
1 1 1 1 1 1 1 1 1 
1 1 1 1 1 1 1 1 1 
1 1 1 1 1 1 1 1 1 
1 1 1 1 1 1 1 1 1 
1 1 1 1 1 1 1 1 1 
1 1 1 1 1 1 1 1 1 
1 1 1 1 1 1 1 1 1 
1 1 1 1 1 1 1 1 1 
1 1 1 1 1 1 1 1 1 
1 1 1 1 1 1 1 1 1 
1 1 1 1 1 1 1 1 1 
1 1 1 1 1 1 1 1 1 
1 1 1 1 1 1 1 1 1 
1 1 1 1 1 1 1 1 1 
1 1 1 1 1 1 1 1 1 
1 1 1 1 1 1 1 1 1 
1 1 1 1 1 1 1 1 1 
1 1 1 1 1 1 1 1 1 
1 1 1 1 1 1 1 1 1 
1 1 1 1 1 1 1 1 1 
1 1 1 1 1 1 1 1 1 
1 1 1 1 1 1 1 1 1 
1 1 1 1 1 1 1 1 1 
1 1 1 1 1 1 1 1 1 
1 1 1 1 1 1 1 1 1 
1 1 1 1 1 1 1 1 1 
1 1 1 1 1 1 1 1 1 
1 1 1 1 1 1 1 1 1 
1 1 1 1 1 1 1 1 1 
1 1 1 1 1 1 1 1 1 
1 1 1 1 1 1 1 1 1 
1 1 1 1 1 1 1 1 1 
1 1 1 1 1 1 1 1 1 
1 1 1 1 1 1 1 1 1 
1 1 1 1 1 1 1 1 1 
1 1 1 1 1 1 1 1 1 
1 1 1 1 1 1 1 1 1 
1 1 1 1 1 1 1 1 1 
1 1 1 1 1 1 1 1 1 
1 1 1 1 1 1 1 1 1 
1 1 1 1 1 1 1 1 1 
1 1 1 1 1 1 1 1 1 
1 1 1 1 1 1 1 1 1 
1 1 1 1 1 1 1 1 1 
1 1 1 1 1 1 1 1 1 
1 1 1 1 1 1 1 1 1 
1 1 1 1 1 1 1 1 1 
1 1 1 1 1 1 1 1 1 
1 1 1 1 1 1 1 1 1 
1 1 1 1 1 1 1 1 1 
1 1 1 1 1 1 1 1 1 
1 1 1 1 1 1 1 1 1 
1 1 1 1 1 1 1 1 1 
1 1 1 1 1 1 1 1 1 
1 1 1 1 1 1 1 1 1 
1 1 1 1 1 1 1 1 1 
1 1 1 1 1 1 1 1 1 
1 1 1 1 1 1 1 1 1 
1 1 1 1 1 1 1 1 1 
1 1 1 1 1 1 1 1 1 
1 1 1 1 1 1 1 1 1 
1 1 1 1 1 1 1 1 1 
1 1 1 1 1 1 1 1 1 
1 1 1 1 1 1 1 1 1 
1 1 1 1 1 1 1 1 1 
1 1 1 1 1 1 1 1 1 
1 1 1 1 1 1 1 1 1 
1 1 1 1 1 1 1 1 1 
1 1 1 1 1 1 1 1 1 
1 1 1 1 1 1 1 1 1 
1 1 1 1 1 1 1 1 1 
1 1 1 1 1 1 1 1 1 
1 1 1 1 1 1 1 1 1 
1 1 1 1 1 1 1 1 1 
1 1 1 1 1 1 1 1 1 
1 1 1 1 1 1 1 1 1 
1 1 1 1 1 1 1 1 1 
1 1 1 1 1 1 1 1 1 
1 1 1 1 1 1 1 1 1 
1 1 1 1 1 1 1 1 1 
1 1 1 1 1 1 1 1 1 
1 1 1 1 1 1 1 1 1 
1 1 1 1 1 1 1 1 1 
1 1 1 1 1 1 1 1 1 
1 1 1 1 1 1 1 1 1 
1 1 1 1 1 1 1 1 1 
1 1 1 1 1 1 1 1 1 
1 1 1 1 1 1 1 1 1 
1 1 1 1 1 1 1 1 1 
1 1 1 1 1 1 1 1 1 
1 1 1 1 1 1 1 1 1 
1 1 1 1 1 1 1 1 1 
1 1 1 1 1 1 1 1 1 
1 1 1 1 1 1 1 1 1 
1 1 1 1 1 1 1 1 1 
1 1 1 1 1 1 1 1 1 
1 1 1 1 1 1 1 1 1 
1 1 1 1 1 1 1 1 1 
1 1 1 1 1 1 1 1 1 
1 1 1 1 1 1 1 1 1 
1 1 1 1 1 1 1 1 1 
1 1 1 1 1 1 1 1 1 
1 1 1 1 1 1 1 1 1 
1 1 1 1 1 1 1 1 1 
1 1 1 1 1 1 1 1 1 
1 1 1 1 1 1 1 1 1 
1 1 1 1 1 1 1 1 1 
1 1 1 1 1 1 1 1 1 
1 1 1 1 1 1 1 1 1 
1 1 1 1 1 1 1 1 1 
1 1 1 1 1 1 1 1 1 
1 1 1 1 1 1 1 1 1 
1 1 1 1 1 1 1 1 1 
1 1 1 1 1 1 1 1 1 
1 1 1 1 1 1 1 1 1 
1 1 1 1 1 1 1 1 1 
1 1 1 1 1 1 1 1 1 
1 1 1 1 1 1 1 1 1 
1 1 1 1 1 1 1 1 1 
1 1 1 1 1 1 1 1 1 
1 1 1 1 1 1 1 1 1 
1 1 1 1 1 1 1 1 1 
1 1 1 1 1 1 1 1 1 
1 1 1 1 1 1 1 1 1 
1 1 1 1 1 1 1 1 1 
1 1 1 1 1 1 1 1 1 
1 1 1 1 1 1 1 1 1 
1 1 1 1 1 1 1 1 1 
1 1 1 1 1 1 1 1 1 
1 1 1 1 1 1 1 1 1 
1 1 1 1 1 1 1 1 1 
1 1 1 1 1 1 1 1 1 
1 1 1 1 1 1 1 1 1 
1 1 1 1 1 1 1 1 1 
1 1 1 1 1 1 1 1 1 
1 1 1 1 1 1 1 1 1 
1 1 1 1 1 1 1 1 1 
1 1 1 1 1 1 1 1 1 
1 1 1 1 1 1 1 1 1 
1 1 1 1 1 1 1 1 1 
1 1 1 1 1 1 1 1 1 
1 1 1 1 1 1 1 1 1 
1 1 1 1 1 1 1 1 1 
1 1 1 1 1 1 1 1 1 
1 1 1 1 1 1 1 1 1 
1 1 1 1 1 1 1 1 1 
1 1 1 1 1 1 1 1 1 
1 1 1 1 1 1 1 1 1 
1 1 1 1 1 1 1 1 1 
1 1 1 1 1 1 1 1 1 
1 1 1 1 1 1 1 1 1 
1 1 1 1 1 1 1 1 1 
1 1 1 1 1 1 1 1 1 
1 1 1 1 1 1 1 1 1 
1 1 1 1 1 1 1 1 1 
1 1 1 1 1 1 1 1 1 
1 1 1 1 1 1 1 1 1 
1 1 1 1 1 1 1 1 1 
1 1 1 1 1 1 1 1 1 
1 1 1 1 1 1 1 1 1 
1 1 1 1 1 1 1 1 1 
1 1 1 1 1 1 1 1 1 
1 1 1 1 1 1 1 1 1 
1 1 1 1 1 1 1 1 1 
1 1 1 1 1 1 1 1 1 
1 1 1 1 1 1 1 1 1 
1 1 1 1 1 1 1 1 1 
1 1 1 1 1 1 1 1 1 
1 1 1 1 1 1 1 1 1 
1 1 1 1 1 1 1 1 1 
1 1 1 1 1 1 1 1 1 
1 1 1 1 1 1 1 1 1 
1 1 1 1 1 1 1 1 1 
1 1 1 1 1 1 1 1 1 
1 1 1 1 1 1 1 1 1 
1 1 1 1 1 1 1 1 1 
1 1 1 1 1 1 1 1 1 
1 1 1 1 1 1 1 1 1 
1 1 1 1 1 1 1 1 1 
1 1 1 1 1 1 1 1 1 
1 1 1 1 1 1 1 1 1 
1 1 1 1 1 1 1 1 1 
1 1 1 1 1 1 1 1 1 
1 1 1 1 1 1 1 1 1 
1 1 1 1 1 1 1 1 1 
1 1 1 1 1 1 1 1 1 
1 1 1 1 1 1 1 1 1 
1 1 1 1 1 1 1 1 1 
1 1 1 1 1 1 1 1 1 
1 1 1 1 1 1 1 1 1 
1 1 1 1 1 1 1 1 1 
1 1 1 1 1 1 1 1 1 
1 1 1 1 1 1 1 1 1 
1 1 1 1 1 1 1 1 1 
1 1 1 1 1 1 1 1 1 
1 1 1 1 1 1 1 1 1 
1 1 1 1 1 1 1 1 1 
1 1 1 1 1 1 1 1 1 
1 1 1 1 1 1 1 1 1 
1 1 1 1 1 1 1 1 1 
1 1 1 1 1 1 1 1 1 
1 1 1 1 1 1 1 1 1 
1 1 1 1 1 1 1 1 1 
1 1 1 1 1 1 1 1 1 
1 1 1 1 1 1 1 1 1 
1 1 1 1 1 1 1 1 1 
1 1 1 1 1 1 1 1 1 
1 1 1 1 1 1 1 1 1 
1 1 1 1 1 1 1 1 1 
1 1 1 1 1 1 1 1 1 
1 1 1 1 1 1 1 1 1 
1 1 1 1 1 1 1 1 1 
1 1 1 1 1 1 1 1 1 
1 1 1 1 1 1 1 1 1 
1 1 1 1 1 1 1 1 1 
1 1 1 1 1 1 1 1 1 
1 1 1 1 1 1 1 1 1 
1 1 1 1 1 1 1 1 1 
1 1 1 1 1 1 1 1 1 
1 1 1 1 1 1 1 1 1 
1 1 1 1 1 1 1 1 1 
1 1 1 1 1 1 1 1 1 
1 1 1 1 1 1 1 1 1 
1 1 1 1 1 1 1 1 1 
1 1 1 1 1 1 1 1 1 
1 1 1 1 1 1 1 1 1 
1 1 1 1 1 1 1 1 1 
1 1 1 1 1 1 1 1 1 
1 1 1 1 1 1 1 1 1 
1 1 1 1 1 1 1 1 1 
1 1 1 1 1 1 1 1 1 
1 1 1 1 1 1 1 1 1 
1 1 1 1 1 1 1 1 1 
1 1 1 1 1 1 1 1 1 
1 1 1 1 1 1 1 1 1 
1 1 1 1 1 1 1 1 1 
1 1 1 1 1 1 1 1 1 
1 1 1 1 1 1 1 1 1 
1 1 1 1 1 1 1 1 1 
1 1 1 1 1 1 1 1 1 
1 1 1 1 1 1 1 1 1 
1 1 1 1 1 1 1 1 1 
1 1 1 1 1 1 1 1 1 
1 1 1 1 1 1 1 1 1 
1 1 1 1 1 1 1 1 1 
1 1 1 1 1 1 1 1 1 
1 1 1 1 1 1 1 1 1 
1 1 1 1 1 1 1 1 1 
1 1 1 1 1 1 1 1 1 
1 1 1 1 1 1 1 1 1 
1 1 1 1 1 1 1 1 1 
1 1 1 1 1 1 1 1 1 
1 1 1 1 1 1 1 1 1 
1 1 1 1 1 1 1 1 1 
1 1 1 1 1 1 1 1 1 
1 1 1 1 1 1 1 1 1 
1 1 1 1 1 1 1 1 1 
1 1 1 1 1 1 1 1 1 
1 1 1 1 1 1 1 1 1 
1 1 1 1 1 1 1 1 1 
1 1 1 1 1 1 1 1 1 
1 1 1 1 1 1 1 1 1 
1 1 1 1 1 1 1 1 1 
1 1 1 1 1 1 1 1 1 
1 1 1 1 1 1 1 1 1 
1 1 1 1 1 1 1 1 1 
1 1 1 1 1 1 1 1 1 
1 1 1 1 1 1 1 1 1 
1 1 1 1 1 1 1 1 1 
1 1 1 1 1 1 1 1 1 
1 1 1 1 1 1 1 1 1 

v 3 3555 double
0.0054566600678 -0.035177148969 -0.34291283195 0.029694241386 -0.028610495535 -0.33553392736 -0.02046100605 -0.017622405661 -0.33924903247 
0.044480023395 0.02498263121 0.083808575553 0.0030635464259 0.0041045268328 -0.33277478346 -0.028697147707 -0.23970374779 0.025683333586 
-0.11488483953 0.050196217779 -0.22431756997 -0.0043924544141 0.0094281881286 -0.3335312186 -0.0062619331433 -0.013141250904 -0.32953775534 
-0.10013459908 -0.14540848177 -0.1425163136 0.00066458433586 0.12914441841 -0.00097438756067 -0.013092001215 -0.017095493237 -0.32312457227 
-0.018418758787 -0.017749143741 -0.32438581685 0.0065605878348 -0.016263278812 -0.33247665191 0.017151922884 -0.0030560861942 -0.33502758101 
-0.0048252319109 0.0059024735513 -0.33141366118 -0.062242105503 -0.12276889066 0.11091531226 2.2306447599e-05 0.012562695357 -0.33348980793 
0.0056531128057 0.013051905974 -0.33151469085 0.020813189791 0.0024934271434 -0.31563514616 -0.016849309574 0.012322134105 -0.32391732463 
0.032957344741 0.017414265924 -0.33197676628 0.0078160739488 0.028457733522 -0.32496606769 0.012648132481 0.022643180605 -0.32413202214 
-0.041857355921 -0.020905098316 -0.31989916148 0.010072647873 0.0094401245043 -0.32431435183 0.0037521987525 0.013527289386 -0.32256483291 
0.012281648872 0.018995234282 -0.32611522421 0.012972892856 0.0063776936428 0.043986222672 -0.0074433941124 0.018601808322 -0.32667703243 
-0.00097071980743 0.024029675244 -0.33139195294 0.036052424092 -0.027569134545 -0.31813509077 0.0063744809502 -0.0014316827065 -0.31526294473 
0.016657075682 -0.0011814622328 -0.3300676531 -0.011286604423 0.0004638895165 -0.31733646554 0.022631569398 0.0002641187975 -0.32294346442 
0.0075448323301 0.017893643864 -0.31383660357 -0.0014072112989 0.02531539953 -0.31954191175 0.0081572993043 0.024439076746 -0.31634692794 
-0.018381024347 -0.026833294881 -0.3152551402 -0.0052182681896 -0.0048066039649 -0.32048970342 -0.006445294176 -0.0065026138992 -0.31317144164 
-0.0023355828418 -0.00076736027621 -0.32164694068 -0.0057984454312 0.0070668475369 -0.31301554078 0.015305137479 0.018536727484 -0.31165606658 
0.0097483916361 0.01427411656 -0.3156191228 -0.020335843268 -0.027834304802 -0.30429036178 0.013207346875 -0.020946826172 -0.2964274342 
-0.0050404221866 -0.011590445981 -0.31366737244 0.0066544831311 -0.012101551752 -0.31466635487 0.011279953979 -0.0041454638967 -0.29925699617 
-0.015381697607 -0.0010505516306 -0.31630874796 -0.01295057587 -0.0026513836639 -0.31467473169 -0.0022599510224 -0.0014130627125 -0.31035476913 
0.012646896058 0.024924676542 -0.30870316479 0.0034065524082 0.023924917167 -0.30599216598 -0.035524405864 -0.036541691116 -0.30148113025 
-0.013305094951 -0.015830669398 -0.28756987059 0.0046602005001 -0.0079198016631 -0.31049049937 -0.010287818404 0.025051158708 -0.30452142809 
-0.016298703016 0.010970628022 -0.29597462782 0.013597584092 0.033776017651 -0.30786128437 -0.014288287725 -0.029927236967 -0.29924704935 
-0.0093289477157 0.0059512405565 -0.2984190469 -0.027975720575 0.012364244624 -0.3014918408 -0.025970497655 0.033579074394 0.22797651388 
-0.034756513669 -0.013681073209 -0.30310572162 0.014014651533 0.004132110489 -0.2897246031 0.031072313816 5.8647402569e-05 -0.29456884839 
-0.02994890155 0.012357550646 -0.29029364519 -0.011562106041 0.024030312977 -0.28763597509 0.0004168030562 -0.015625517344 -0.28713237536 
-0.0026834906553 -0.0060817600483 -0.26438753153 -0.0046902485655 -0.0021159924214 -0.28475837334 -0.0075957845376 -0.0066666455131 -0.29632654039 
0.0078020917735 -0.0040335841066 -0.28564587821 -0.0076725486111 -0.0023509389501 -0.28331473735 0.010046954634 -0.00039225317857 -0.28269819441 
-0.010281037572 0.02007941951 -0.27610132254 -0.0098874021095 -0.0071538886736 -0.27787398596 0.045593070461 -0.012361838833 -0.27786604068 
-0.035136386594 -0.009529245888 -0.28269852545 -0.019012029745 -0.0041794379669 -0.28346375746 -0.0078060590645 -0.0061877938825 -0.29472318317 
0.024644753753 0.0044097543462 -0.27189832128 -0.026236030531 0.012290722026 -0.28691634597 -0.026979121681 0.014114497429 -0.27860576617 
0.0024945623841 0.036512787189 -0.28061520558 0.0053251272115 0.035293124871 -0.26514782607 -0.01301187928 -0.025347980913 -0.27044473079 
-0.0077284464032 -0.0073354259612 -0.27092453891 -0.002156258806 -0.010711998517 -0.28402245671 0.0024553762664 -0.0072865896574 -0.27727787211 
-0.024187757528 0.0038618038692 -0.27558539598 -0.022173678584 0.0031611724638 -0.2809033717 -0.010442531994 0.011154495616 -0.27875782133 
-0.022257671314 0.016586308408 -0.27699528101 -0.021175202017 0.01872233287 -0.28934252418 -0.010823046761 -0.038116385131 -0.26695382749 
0.0028675300078 -0.010579399369 -0.26896172578 0.021164664117 -0.0036249589642 -0.2758043833 -0.01327040186 0.016343635456 -0.27606808964 
-0.044980003115 0.01504323943 -0.28126337228 -0.013929377259 0.037037140416 -0.26252215156 0.00074187312973 -0.016307967898 -0.269162119 
0.014155657889 -0.0090688045974 -0.2543483827 0.030668027902 -0.022963534674 -0.25534647745 0.0023338380353 -0.002678129337 -0.26029284553 
0.008897989221 -0.011563606001 -0.25314877045 0.011350972941 -0.019552099734 -0.25731113124 0.021278683292 -0.026195325171 -0.26138586489 
-0.019394495814 -0.014038282004 -0.25113883623 0.0068664754008 -0.012027388047 -0.25667214317 -0.0029763379089 -0.012560827085 -0.26463004546 
-0.009453681094 0.0038150592285 -0.2698729744 -0.027912714605 -0.00064235716207 -0.25899786343 -0.0053496885259 0.0016320801551 -0.26992877056 
-0.015350798298 0.00084062262933 -0.25712116823 0.020086725963 0.0065774996123 -0.25499444053 -0.020846925988 0.016591559147 -0.25894619665 
0.0058823748044 -0.034008287717 -0.24247866996 0.017895386535 -0.030164780786 -0.24737114386 -0.058398216241 -0.00725229666 -0.25420296223 
-0.035153456904 0.0014941033003 -0.24646393367 -0.014097695367 0.00035808598182 -0.26743050165 0.011349641094 0.009611781656 -0.26106404766 
-0.056270589594 0.01342661837 -0.245684817 -0.00065659028922 0.017229287463 -0.25690527248 -0.0019520546684 -0.00023479696514 -0.26789794111 
0.029983933116 0.0013361265465 -0.26583342122 0.021863386005 0.02179344309 -0.23532684137 0.021940436897 0.023299012759 -0.25787801591 
-0.01837828 -0.0050737209021 -0.24471791918 -0.0011880404835 -0.0041705473129 -0.25178642082 0.017343532939 -0.0069800672364 -0.24919671793 
-0.005045079818 0.01225976966 -0.24212314589 -0.030962091757 0.020829245231 -0.2419358009 -0.040497584509 -0.0015931608599 -0.23062240279 
0.022954559775 -0.0035485659559 -0.24658205515 0.0034926736263 0.0032139989816 -0.23973848727 -0.00023602257505 -0.025624510105 -0.22833803402 
0.0052531234086 -0.03155115564 -0.23705048933 -0.01228103413 -0.0063718589892 -0.23797369257 -0.0028473348442 -0.012046474375 -0.22010206281 
-0.0078012104986 -0.0092250044877 -0.23492102326 0.019315215726 -0.019688987794 -0.21811016104 -0.021703155487 0.010439186614 -0.21745391876 
-0.01344066046 -0.0031697191639 -0.24669198789 0.016505669886 -0.0048877811485 -0.23553590662 -0.030980529947 0.015017241637 -0.23135228172 
-0.0056528592012 0.011032731025 -0.23726198197 -0.0027481861571 0.012693325158 -0.22822124801 -0.0015329811315 -0.036500145525 -0.23053286763 
-0.022463865427 -0.018117566221 -0.23058551537 -0.0081098535214 0.01997212134 -0.22262935606 -0.015612642459 -0.025638879071 -0.21052599246 
0.016511819909 -0.023331100088 -0.2235440138 0.024746372868 -0.0024453704866 -0.22475826941 -0.0016707043491 0.00029414669502 -0.2088063752 
0.025604953016 0.018917832392 -0.20486221931 -0.0023588791515 0.011541629511 -0.20983779267 0.018847439306 0.020652973877 -0.19689504843 
-0.00051853513112 -0.035704433949 -0.19309181188 -0.018336893024 -0.019660850185 -0.20585257025 -0.0076091639636 -0.019642693779 -0.20329358905 
-0.0012958751274 -0.010886622907 -0.20311893061 -0.038632585359 -0.015303304618 -0.21689859588 -0.012413661774 -0.0038525820219 -0.21761037571 
0.013434763504 0.0085276534585 -0.18741122925 -0.0023619138571 0.011170267042 -0.2254667683 0.020147992833 0.0046950808156 -0.20648129259 
0.019903380186 0.026362362297 -0.20781546 0.0067171686416 0.047503299365 -0.1994364992 0.0008206566693 -0.020864027565 -0.20207880772 
-0.024499985264 -0.02107644308 -0.18687651473 -0.0035982011373 -0.015720112516 -0.20706217581 -0.0024676266524 0.0013663581621 -0.21064572622 
-0.0028926465038 -0.00049567839113 -0.19635716133 0.012768963272 0.0026018747275 -0.20607347844 -0.0031193240122 0.0082283871935 -0.21240156298 
-0.0056775110928 0.0045306668387 -0.18884320246 -0.0014490246492 0.013020050926 -0.19293420431 0.025511074812 0.025960087646 -0.19631729567 
0.020823184932 0.033081187937 -0.19517419592 0.011708010031 0.039234357142 -0.19366135123 0.013005848459 -0.039858161613 -0.1684759573 
0.011229066871 -0.039179234208 -0.17781828808 0.032563342971 -0.044888476755 -0.18402660911 -0.011886469781 -0.0081651271146 -0.19927115626 
-0.009321798214 0.00065373412128 -0.19536605602 0.00080039270487 -0.0045009760812 -0.19175891805 -0.031479663471 0.012981678308 -0.2115281158 
-0.0081347253222 -0.00025846539684 -0.19423855595 0.031864250558 0.0043626683541 -0.193044284 0.010942660167 0.0021497533341 -0.19771112217 
0.0076590821754 0.021583362796 -0.2046397728 0.008243548617 0.016160028625 -0.18781349287 -0.027028370235 -0.030275994811 -0.17007196828 
-0.00094726999006 -0.017296879608 -0.17348308471 0.015739413296 -0.021945499156 -0.192645203 0.0073909831744 -0.0080643385763 -0.17861365775 
-0.035990264328 0.0051057001202 -0.18345087671 -0.010946138755 0.0043566367354 -0.20393288272 0.00047006549669 0.010982915799 -0.18945366428 
0.0098190245947 -0.00042121268726 -0.19419519963 0.014213863995 0.0065693366017 -0.18882398452 0.00030993769638 0.0017090395513 -0.19009878732 
0.016268709364 0.0098205806902 -0.1712211605 -0.007245202436 0.031297024414 -0.1977085717 -0.0081604051945 0.024309892811 -0.16572914698 
-0.018146358444 0.02810396101 -0.18493063157 0.0087989179166 -0.04190639959 -0.18033958452 0.010247907498 -0.036323415614 -0.1709095028 
0.014791040178 -0.013140779053 -0.17432293691 0.006848333222 -0.0090520109894 -0.17356711877 0.011517435249 -0.0072652642828 -0.1797046586 
-0.025949733819 0.0033647616847 -0.1841671289 -0.0066779481106 0.0010992992871 -0.20593053008 0.00048314981408 -0.0021139447253 -0.18553658839 
0.029222258385 -0.0028475936221 -0.18426002087 -0.043265499601 0.018429212474 -0.16761397114 -0.00094701229127 -0.0082362877952 -0.17171038735 
0.0014075925455 0.017311691713 -0.17132566236 0.025474527706 -0.012802526246 -0.15088423053 0.022820034655 0.011002077266 -0.16045235717 
0.0047892185057 -0.019442529135 -0.1587783811 -0.0055486622407 -0.014996816883 -0.17626712664 -0.021105807165 -0.0081436049186 -0.15567083937 
-0.011403831891 -0.011474595309 -0.17720413514 -0.0079016214771 -0.0020152500761 -0.17759612638 0.0081430006135 -0.010130966737 -0.17017191323 
-0.0073143217561 -0.015817716021 -0.18194713603 -0.0071470082298 0.018427515057 -0.18458621524 0.023544491965 -0.0059018764174 -0.18475104318 
-0.032740903712 0.01536801638 -0.15210039587 0.0053977894973 0.010432343196 -0.1454835437 0.018473353823 0.01934653602 -0.12575682332 
0.0027552036855 0.04164744909 -0.18374168703 -0.00076354194498 0.043174278106 -0.14889209935 -0.024788425388 -0.022104379564 -0.14725064696 
-0.021577886562 -0.0089245029626 -0.1630472068 -0.0071072836597 -0.0037420544571 -0.16231509701 -0.012307611995 -0.016575535687 -0.16597805012 
-0.0028210395347 -0.0019655594362 -0.14150707537 0.013454261202 -0.014183300893 -0.162243624 -0.036041105142 -0.003691441433 -0.17465117661 
-0.031602905109 -0.017321769562 -0.16661676076 -0.0037641539661 0.0047468976704 -0.16306967751 0.039128865908 -0.033292125875 -0.16093035081 
-0.022019418386 0.010940550304 -0.15875654535 0.014445281683 0.011994454459 -0.14411053634 0.0052707216035 0.025522445565 -0.14954797422 
0.00076380499967 0.027293226732 -0.13484743753 -0.030069324674 -0.0040365854242 -0.12133091986 0.0096924301744 -0.0020609010915 -0.13815792411 
-0.0043071381007 0.004362011101 -0.14990386977 -0.020549548767 -8.2746242618e-05 -0.13812206621 0.016395962556 -0.018236786008 -0.15738325772 
0.063991826187 -0.031825432493 -0.14748720157 -0.027800660159 0.019959317402 -0.15582648499 -0.0035270921699 0.0098415333276 -0.15846475222 
-0.027569757032 0.0036905373045 -0.17000003323 0.00048417514134 -0.013728818993 -0.15915001698 -0.0036540645169 -0.0089804757932 -0.17131256788 
-0.024247036737 0.013478202026 -0.13096466685 -0.0045877816352 0.013317993714 -0.15292133136 -0.0070140916367 0.0026502510953 -0.14051970757 
0.010105837967 -0.021646977721 -0.1640307169 -0.014942050648 0.010273118589 -0.13998397623 -0.008654658071 -0.0011697052951 -0.11284827034 
-0.0011974640996 -0.042732463254 -0.13346863095 0.01453265202 -0.036624500744 -0.14397752725 -0.017437915354 0.001105928461 -0.1181430954 
-0.024772364654 0.015748374096 -0.13071052407 -0.023976026369 -0.0026973237567 -0.13679705453 -0.0027402139398 -0.002232891012 -0.13178767657 
-0.021638263477 0.0010671298442 -0.12762392727 -0.0010172270353 -0.011828712515 -0.14742247103 0.012346069579 0.016785838761 -0.14121189783 
0.023397814202 -0.020231548965 -0.10983119485 0.0045255092851 0.015958975549 -0.12523035635 -0.017791693739 0.025966111228 -0.12799195967 
-0.0017535483739 -0.0005498913747 -0.12930278633 0.0017018122776 0.016607851963 -0.13078716641 0.028182037269 0.0013559180194 -0.11957877644 
0.025056218314 0.011852772865 -0.13061093367 0.011826168947 -0.0096505493744 -0.11645679246 3.2058131481e-16 3.6184749799e-16 -2.7990415779e-16 
-6.262134532e-07 7.2245051703e-08 -1.4079711382e-07 -0.0033635708003 -0.021056313383 -0.13031360409 5.9365046142e-06 -1.0579833106e-05 -7.710579329e-05 
-1.7509864261e-17 -2.0014444737e-16 1.5647372986e-16 -1.4262559749e-09 9.4227836359e-09 -1.0632940545e-08 -0.02373006515 0.0043777894004 -0.11819926013 
-0.0038676391043 0.0033453822396 -0.1242493777 -0.005893906431 -0.022170564397 -0.14475613175 0.00077141430727 0.024411441345 -0.10060357228 
-0.0038410928203 -0.020572460128 -0.089401477718 -1.0600042506e-11 -2.4092825771e-11 -2.2595542461e-10 1.6744523769e-10 2.4852839848e-09 -2.3036582916e-09 
-2.2574028604e-08 1.7951752175e-08 1.1723763211e-07 -0.016798305949 -0.0068658952977 -0.10896997901 -0.0026093817025 -0.001754077473 -0.14858718421 
-0.01048839713 -0.0030877353947 -0.13575995111 -0.028674236751 -0.005920372227 -0.14590801738 -0.020452102537 0.0047225747261 -0.12817834618 
0.0044417312027 -0.0069938472559 -0.13213014195 -0.009783981066 -0.002916586862 -0.12868875831 0.023989566948 -0.0067845674679 -0.1423953945 
-1.3995817387e-13 -1.522165766e-11 -7.9700736746e-11 -8.7184224804e-06 -1.7299532012e-05 -1.3844256376e-05 -0.013166253712 -0.0060378153484 -0.12254197901 
0.0066645795682 0.0085960716509 -0.13591703839 0.0047722637935 0.018359565627 -0.085830225248 -0.013873317835 -0.00017042914819 -0.11235068478 
0.0095993967961 0.026626214831 -0.13420309466 -3.7444170171e-13 1.5740241738e-12 2.401881028e-13 0.00013927725851 4.5276756664e-05 3.6054915321e-05 
-1.4802797561e-16 4.5575010174e-16 4.6077369889e-17 9.1949937761e-17 3.6551082267e-16 -1.4479341319e-16 2.3580632532e-19 1.1476302238e-16 -4.3262522183e-17 
1.5613783099e-05 -1.3090968162e-05 -4.8427981926e-05 3.6361234192e-07 2.3493237552e-08 5.8239134422e-06 8.7143390994e-17 5.6375458465e-17 -1.2348475156e-17 
8.4999567077e-07 4.9827844664e-07 -3.9356905234e-06 6.0423107737e-12 1.6526487903e-12 -1.9320412379e-12 4.4804224413e-06 3.9247973856e-06 -1.0707530316e-05 
4.1351501503e-17 -2.9155345849e-17 -3.4979019337e-17 -3.147682564e-06 3.7129532972e-06 4.9854191932e-06 -1.7997293942e-07 1.9879036153e-07 3.7565493675e-08 
0.043409376692 -0.019990987424 -0.06503599928 -0.051032152854 0.0046605673387 -0.095125187084 -0.0009875370635 -0.034544993873 -0.10455048956 
0.0024279927919 0.0063296909591 -0.11790165708 0.0035129307791 -0.019322074496 -0.11256753998 -0.0015172547548 0.028136749353 -0.089202535666 
0.020304976324 0.021223405763 -0.10003482304 5.5125620834e-10 8.765641293e-10 -1.5000631969e-09 2.743151214e-06 4.1526377961e-06 6.3070847622e-06 
-4.8028103396e-08 -1.2729724007e-07 1.2423090761e-06 -4.8442587186e-07 -3.1624815971e-06 -6.7305774071e-08 0.054285773328 0.0083716566285 -0.020218069142 
-0.0013078183867 -0.022656280965 -0.11919623995 -0.0075287924282 -0.011197975812 -0.12068688263 0.01187832692 0.0062027487911 -0.06977962429 
0.020167827548 -0.0064110917605 -0.15536659 0.015618480937 -0.0055693117728 -0.10775943946 -0.025758188137 0.024467158721 -0.11374733722 
-0.0040667231907 0.010924730345 -0.10191246939 -0.018510216254 0.0015961659009 -0.088555670048 4.6437466161e-13 -5.0325613716e-13 -4.794189757e-12 
3.3707443009e-12 4.3120494433e-13 -2.9625906554e-11 9.7941245085e-14 -4.7871229159e-13 -3.1364465214e-12 -2.2069537965e-06 -4.9285359312e-06 -4.395697734e-05 
-0.00069048364398 -0.0050521448195 -0.080330487484 0.0018770202485 -0.0066562929966 -0.095362875689 0.004050175821 -0.052543468962 -0.054068167944 
-0.0225262556 0.010907791915 -0.11205635579 0.024835294849 -0.012453166133 -0.1262062788 -0.0040964303186 -0.0009058091139 -0.085273356714 
0.00059436933998 -0.012199527364 -0.087976618014 -1.0996965083e-09 4.1261268587e-09 -6.0966567698e-09 -5.4293103734e-09 5.3356315814e-09 9.5179106086e-10 
-4.4011141401e-11 -3.7616200908e-11 1.5579865612e-11 -2.8562015857e-17 1.7040503522e-17 -5.4890014799e-17 -1.472119108e-08 -4.9858007683e-09 -2.2540476999e-07 
-1.307057496e-16 7.690657311e-16 -1.6508679294e-17 3.5377798024e-07 2.3450188591e-08 -2.7206943266e-07 5.5114926568e-07 -3.2772675012e-07 2.7456745245e-07 
-3.0819045564e-07 1.8987834757e-07 6.0917445689e-07 1.6426726422e-16 -3.5838913901e-16 -4.5971353043e-18 -2.8088610273e-17 -9.9033615556e-17 6.5430475593e-17 
-2.1939962345e-17 -3.413419098e-16 -5.8015779316e-19 4.3140204654e-10 -2.0454625021e-10 7.3401780604e-09 0.0016560912983 0.0035494800315 -0.094962894988 
0.010604672124 -0.022414272226 -0.090603906939 -0.0059409605458 0.013208930029 -0.082913081479 0.031583526605 0.0066683686569 -0.067955420348 
-0.0300593904 -0.0012653602749 -0.092319768082 0.031751984685 0.0070039169786 -0.059348801735 0.017618485297 0.011089576739 -0.075104064074 
1.8814865395e-08 1.0011749195e-07 7.1110055296e-06 7.7971761936e-17 1.3947416023e-16 1.9097650768e-18 -1.2709418054e-05 -2.0251052146e-05 3.1939680284e-05 
-1.2398021463e-08 2.8213861204e-08 4.6680432542e-09 -2.862443449e-07 1.3203120114e-06 3.4988248347e-06 3.5900228472e-06 1.4500769101e-05 4.1445493083e-06 
0.017527571075 -0.010296764236 -0.11442702933 -0.014192060566 -0.0077792867611 -0.11567240116 -0.012696042262 -0.0059813470493 -0.10052808805 
-0.019624117947 -0.019282713309 -0.12009704683 0.010832386281 0.011234668215 -0.12445894855 0.0071172133799 -0.0012219658222 -0.10070999021 
-0.010277788096 0.027302303023 -0.096835407937 -0.025164388308 0.011409214909 -0.092784912077 -0.0083185861072 0.004081269108 -0.091203323931 
-0.026799853107 0.028911610586 -0.053633389423 -8.679178228e-14 2.9483183818e-12 4.2524745218e-13 -1.8125722977e-07 -1.9873167696e-07 -6.955522625e-07 
1.0490400676e-07 -3.0977656447e-07 -2.025532105e-06 0.0018866757646 -0.01736261655 -0.070237274431 -0.023292896037 0.021127564255 -0.12088949545 
-0.027896105617 0.010918812082 -0.11859906565 0.00088173366554 -0.029132994418 -0.081023672536 0.009210142119 -0.010924171735 -0.045812680025 
0.0017717214818 -0.022267138732 -0.092486601784 2.4341752167e-14 -2.8749226749e-13 -4.0832964237e-14 5.1139212151e-13 -1.304783254e-12 -1.505088562e-12 
7.5460263995e-11 3.8405114153e-11 3.2432109534e-11 0.0052362477047 0.0054221817201 -0.073541358098 -5.9525526875e-07 -4.9754356231e-08 -2.7043410759e-08 
0.0012973440584 -0.018134659328 -0.049257272892 -6.716462389e-07 5.653320749e-07 -7.4348153173e-07 -8.4254088181e-07 6.7305194813e-07 8.4290682963e-07 
2.5754220394e-07 3.5054503004e-07 -2.6326243368e-06 -7.8137452918e-08 5.9485447135e-08 1.1279145896e-07 1.072958774e-06 -8.11661965e-07 3.130529451e-07 
-1.4161811376e-09 3.2217548032e-10 2.289736053e-07 -1.2117409207e-06 1.5791393369e-07 4.1673995469e-06 -0.024598291174 0.032358238856 -0.085989819139 
0.0016089286884 -0.012849828295 -0.10197844019 2.2068397229e-06 6.8915106131e-07 -1.417238636e-06 -2.7316541594e-06 -7.7140833461e-08 1.1669105911e-06 
-6.4425346814e-08 -6.0052786314e-08 6.2016171012e-08 2.6880641475e-17 -1.7008677042e-17 -1.003960465e-18 -0.0017580775753 -0.028228728857 -0.076878429319 
0.018166060661 0.027545963141 -0.059144382483 0.020682659717 -0.0082337583909 -0.12317266851 0.015886445858 0.006480549897 -0.084492917864 
0.023052314452 -0.030386451999 -0.11567842047 0.023765225947 -0.027440194978 -0.045552792999 -0.019374660604 0.034870410748 -0.04564003414 
-6.4248681446e-15 -1.5277638885e-14 -3.9237871887e-14 2.8196771367e-08 -1.0339545201e-07 -2.037763897e-08 1.2320944773e-06 5.9327929517e-06 1.509840484e-05 
0.019869460625 0.0052686036358 -0.058377698879 -0.023295680403 0.0082741560558 -0.088248959524 -0.021688180509 2.4240486403e-05 -0.062211316619 
0.011943773755 0.031892072504 -0.093902294746 -0.020951507078 0.016418597341 -0.077070777027 -0.042615350789 -0.017772870033 -0.0801637204 
-0.011170332681 -0.02220870978 -0.11041238352 -0.0087043480517 0.014146898715 -0.088906692004 -0.029644317847 -0.0032157210824 -0.085974255995 
0.018600323882 -0.013009922571 -0.084487628669 -1.0244186215e-13 2.3879645342e-13 -4.0477142822e-12 -5.9922289973e-13 4.0159019751e-12 -2.8185438377e-12 
-0.010273767469 0.0057229123607 -0.090410137326 -1.6660338512e-05 -4.9387658566e-05 0.00011638639711 -3.7626276269e-05 -5.0996753194e-05 -9.0921766734e-05 
-0.03103686972 0.0050665972991 -0.10291164135 -0.01179016104 -0.018372672384 -0.0549665246 0.0040463611982 -0.023175317507 -0.08540052961 
-0.026866358804 -0.010429529323 -0.073653056301 -0.014257778391 0.0077054419559 -0.10422081408 0.027426733246 -0.010112057225 -0.10581186367 
-0.015977193603 0.037454803199 -0.081137150039 -0.023478729954 0.016439069597 -0.096406314961 7.3388988877e-16 5.3434543583e-16 -7.0027182275e-17 
7.9627858969e-06 2.4529352142e-05 0.00014219778673 -4.1134384535e-05 -2.031802693e-05 0.00017817791078 3.0412478606e-06 -1.1115298018e-06 -4.3333629211e-05 
-3.6514037916e-06 2.1620361575e-06 3.3565467419e-05 -0.0012588270323 -0.005344052491 -0.090322344518 -7.1255532968e-05 5.8818933722e-05 0.0001180686997 
-4.2501598623e-05 2.6676207098e-05 -0.0001050086874 -3.2392337423e-08 1.4766178521e-08 5.607663951e-06 -1.179680171e-06 -1.9509781838e-07 -5.2623719824e-06 
0.00013744063594 -2.4461515159e-05 -4.4946019803e-05 -0.019043778932 0.030621796294 -0.055941746561 -0.0080945513532 0.0099007582252 -0.05755859241 
8.9246232922e-05 4.3049542989e-05 0.00017773413767 -1.3095866917e-06 -5.6133572245e-07 5.0116629111e-06 0.00023507311812 0.00037086362183 0.00058841780336 
-5.733962211e-17 -6.7806051373e-17 2.3991642883e-18 -1.1375261747e-07 4.0560167809e-07 -8.3604533344e-09 -0.035711189766 -0.0032514058799 -0.094217184937 
0.009214675226 -0.0025609528889 -0.10096798619 0.0027097937518 0.0053354970819 -0.078704802285 0.0046499859596 -0.032333865773 -0.057600636847 
2.3123617105e-07 2.3220688448e-07 -2.0951050121e-07 -4.8670773568e-08 5.7978362129e-08 -1.5748391774e-07 5.3496476873e-08 -6.257158737e-08 5.0681152201e-07 
3.0888584536e-17 -3.8105495462e-17 9.0817593118e-19 -0.014291215574 0.0092348331181 -0.073083202293 -0.020621880014 -0.00010432452112 -0.10285744174 
0.0043685654743 -0.0094088703309 -0.10480668305 0.01055797068 0.021826485599 -0.063908017565 -0.010340059673 0.013939586865 -0.10388579422 
-0.011076846084 0.029236203696 -0.13007114459 0.00076076108356 0.063733868204 -0.076969709132 -0.0057200467181 -0.013377380326 -0.085548077015 
-0.030292021552 -0.0039230599368 -0.078344362319 -0.037934522768 -0.0052658947489 -0.10188797531 0.0026667824835 -0.016023714746 -0.058483911665 
-4.2623798539e-06 7.5705952024e-06 1.7471436178e-05 3.0007975623e-06 -1.2149547438e-05 -6.1875593773e-05 -9.4617214881e-07 -2.492576947e-06 8.9177244666e-06 
1.5965830554e-06 5.736071147e-06 1.0008082235e-05 2.455764228e-05 4.8809676851e-05 -3.9987176306e-05 1.1192628385e-06 1.6616743976e-06 4.606692104e-06 
0.00018184770983 0.002543827853 -0.054051842057 -0.026639295399 0.0063908353271 -0.08230987187 0.020414362541 -0.0098014976561 -0.092460621622 
0.018445846749 -0.0029412222346 -0.094378369355 -0.023015599043 -0.015593469459 -0.060073221393 0.0070113334675 0.0086323284473 -0.10612236791 
0.003656698887 0.0039794646578 -0.063278442452 -6.1479338865e-07 3.5116129133e-07 1.5131126191e-05 6.8570116722e-17 1.2231806143e-16 -1.6012050422e-17 
6.9187452111e-09 -9.774893206e-09 -4.241161323e-07 1.1261685754e-08 -3.9393507638e-09 1.1512683334e-07 5.480542821e-08 6.9014508268e-08 4.157061839e-07 
-3.3896558337e-08 1.0554688641e-08 -1.3409520768e-07 9.209193998e-05 -4.2275453362e-05 7.3852454197e-05 4.1202026846e-10 -1.4140116329e-10 2.1904784322e-11 
-6.7963904445e-07 6.1092287742e-07 0.00012556983856 5.5308964475e-05 -5.5367535118e-05 0.00010242382351 5.541994148e-07 -1.3965603496e-07 -2.9070101257e-06 
-2.3562509674e-05 2.1407329865e-05 -2.7856193893e-05 5.1183538984e-05 -2.8187251874e-05 5.3951034156e-05 -5.8632056784e-12 6.1767575712e-13 -4.4761359254e-12 
1.6906365569e-11 4.4543602136e-13 9.6483818261e-12 1.59377209e-05 -5.7395783116e-05 -6.178806243e-06 -7.346733501e-14 -2.4232109784e-13 -1.9634669411e-13 
1.0985187807e-12 6.8443970503e-13 5.5049843617e-13 3.0121810281e-05 -8.9236593167e-06 0.0001692687105 -0.00015623677408 -0.00026961491192 0.00034256803557 
0.0045157127242 0.016243223596 -0.049226755903 0.021159779057 0.0049813737906 -0.048634103276 -0.00013405495945 0.0040835554389 -0.049055138142 
-0.018810391395 0.017495001818 -0.074625296313 -0.006199038699 0.0056012951145 -0.10636517314 -0.018600360493 0.0077350799812 -0.024462685379 
0.0096519424677 -0.0095248571255 -0.087485565479 -0.0035830916356 -0.026534097793 -0.10932435518 2.2669710098e-07 4.1139083277e-07 1.7267226558e-06 
-7.2908061727e-08 3.1724322698e-07 0.00012325414635 0.026098711536 -0.035019510788 -0.058662063953 -0.011321935479 0.026205598521 -0.10389634015 
-0.006672044364 0.015824799476 -0.072677115771 0.017427333421 -0.0014152648239 -0.093593173893 -0.014311420327 0.012153320849 -0.10937115941 
0.026953286431 0.043895632529 -0.11670137088 0.0087828492443 -0.013627580411 -0.09702027323 1.7858327828e-10 3.2567154416e-09 1.1475866881e-09 
1.4989003217e-10 -8.1049049767e-10 -2.7087262836e-09 -0.01400956344 -0.016390465039 -0.085578376685 1.5333567955e-06 3.4306143719e-06 7.4040240863e-06 
0.0037632941318 0.0074317533302 -0.099473872449 0.019213241023 0.021458509514 -0.11633096521 0.012558713005 0.011712479109 -0.076332908942 
0.021424534286 0.0041216199703 -0.11741965158 0.010196172288 -0.003350067887 -0.076194464631 -0.0059456428596 0.011754105557 -0.088266728922 
-0.0077962933902 -0.025002280432 -0.099006472108 -0.020851790613 0.012029798024 -0.071039946694 -0.033576991499 0.014611397334 -0.070738356075 
-3.4091154998e-05 9.4717741588e-05 4.9921127167e-05 -0.00015400184602 -0.0010605459697 -0.00016528962365 -2.249087597e-07 -2.3790682812e-07 -1.0091762761e-06 
8.4613936406e-07 5.4673807147e-07 -1.9012843019e-07 -0.00037633923147 -0.00051199568737 0.00040862210081 1.6591725706e-07 -2.1022323325e-10 2.1170568662e-07 
7.5003953118e-07 -3.6390455505e-07 9.4061321607e-07 2.802225858e-07 -1.6863340145e-07 8.2392654726e-05 -4.9846190223e-12 -3.1862636472e-13 -7.7597174816e-12 
2.0494521684e-13 -3.6345584748e-14 6.1512140634e-13 -5.3891945991e-11 -5.2448670881e-11 2.2422244276e-09 5.8050006295e-05 -6.0358493923e-05 -4.6453696054e-06 
-3.8525030688e-07 -6.3562605762e-07 2.233354685e-05 1.2896599229e-06 -1.4295528781e-06 0.00030129231987 0.054334805865 0.014658594594 -0.035897542961 
0.0093208944598 0.011776701604 -0.063986629576 0.0023232515248 0.022166150114 -0.10776744671 0.00482915878 -0.019192308808 -0.095723956767 
-0.0039715102447 0.011231264564 -0.1172136772 -0.0018131190862 -0.012606965473 -0.092042902744 -0.020093677539 -0.011483761327 -0.11589867649 
0.026225717984 0.036438872068 -0.056831793716 0.021438445188 0.0022012220428 -0.087337439188 0.013496590491 -0.0081224174635 -0.097408849708 
-0.00015249517069 7.761607284e-05 6.6092964556e-05 -3.4671076886e-08 -2.5315778796e-07 -9.611077317e-05 -1.0327244386e-07 -6.9802017905e-07 -9.2184253263e-07 
-0.017685778924 0.016617459904 -0.089958073122 -0.02974650859 0.0055690766315 -0.096106251167 -0.015191217776 0.024605127171 -0.085382070057 
-0.018890483236 0.0070166118216 -0.078358034925 -0.025368531905 0.0010424315913 -0.070865917321 -0.010358171056 0.012277461827 -0.10543085485 
-0.024863462571 -0.017717215422 -0.10865613275 0.013866032652 0.0060060333415 -0.10805940168 0.0051913015198 -0.021890402471 -0.11803386002 
-0.044468558245 0.023491651169 -0.095147748993 -2.5662675602e-09 4.6437145584e-09 -3.071625455e-09 -1.4674206173e-10 -6.1182584771e-09 1.5011763817e-08 
0.017091721197 0.0053702784167 -0.080463250501 1.1153649511e-13 1.2888525419e-13 3.8111579216e-12 4.3940559887e-16 -8.1040490778e-16 6.040284459e-18 
0.0047372073306 0.016589694093 -0.084331499084 0.004903010614 0.014486276542 -0.063092089446 0.03462898905 -0.048284822112 -0.024549588125 
0.017441973864 -0.010983138658 -0.069984595991 -0.050177274382 -0.012867322858 -0.073045192379 -0.016724312487 0.0060336888925 -0.031425196281 
0.0066010461236 -0.0022276215169 -0.078540679056 -0.019171751607 -0.0070860608372 -0.0281620716 1.2314460276e-05 8.0047071499e-05 -0.0001349218352 
2.657255691e-15 -1.107562432e-14 -2.0440257542e-13 -5.9507067183e-07 -2.5952810854e-07 7.3367814646e-07 -4.085540392e-07 -2.6701535526e-07 -5.2978486081e-05 
8.0449906258e-18 -2.4150553602e-16 -9.6219949582e-17 -4.3994330814e-15 1.3077724214e-15 5.0768227091e-14 6.3724156719e-12 -3.5380314839e-12 -1.0224682815e-11 
-4.0623143607e-06 -3.4339982564e-07 -8.8153882038e-06 1.7249418444e-05 3.6528257223e-05 0.00091977834513 -1.9648119447e-05 -2.4611688837e-05 0.00050280123556 
1.1232419306e-06 6.7371586643e-07 4.5635060956e-06 -0.0014101357376 0.0074729716308 -0.059293775666 -6.5906699156e-07 -2.8522118377e-07 4.9405181676e-06 
1.3321156708e-06 4.2886704184e-07 -1.8252442695e-06 3.5983487936e-06 1.518134586e-07 -9.5260647945e-06 2.8475486543e-06 8.4156351763e-07 -3.1727951884e-05 
0.029893806329 0.012875756891 -0.039387363853 0.0095244939604 0.017208587728 -0.056432812485 0.0029453198343 -0.00046807828107 -0.064597586383 
0.011938333493 0.0079769818898 -0.066952563333 -0.010356156104 0.0016745235099 -0.10249644986 -0.005126985948 -0.022394442379 -0.089254570212 
-0.0071584915467 -0.026264442257 -0.09094246936 -0.03368015739 0.012024737399 -0.069961657991 -0.0031078356269 -0.020327161627 -0.076315407143 
0.00030568029117 0.00026142651696 -0.00015923669993 3.141018167e-05 -6.4497592471e-05 0.00017829775832 4.1416516431e-08 4.3202083921e-07 1.4861545339e-06 
9.1880843458e-08 4.7458059653e-07 -3.0893361564e-06 -0.032273414131 0.038182626287 -0.054026658915 0.030046396868 -0.025829278625 -0.080091629899 
0.013998640982 -0.00019807921834 -0.11573124256 0.042938924744 0.0044884984621 -0.04825241605 0.0097851988595 -0.035182255171 -0.098744281485 
0.022000471925 0.018792508684 -0.12535247019 -0.0045134981895 -0.01786443703 -0.11485177828 0.020425564418 -0.011671514392 -0.05439546628 
-1.9152479224e-08 -2.8835895982e-08 -1.6818152975e-08 1.0524491466e-06 3.3652579131e-06 -0.00040143408946 9.6824625591e-09 -2.9739304689e-08 -3.7376521982e-08 
-0.0033676884749 -0.0037696919688 -0.073585953063 -4.0824006194e-05 -1.1208147293e-05 0.00012446167749 -0.0040471302044 -0.0070285804914 -0.061897087032 
0.0060907936816 -0.0060687998869 -0.082560801946 0.0018647728862 -0.023534281194 -0.065289362161 0.021368471347 -0.022650201216 -0.093350267617 
-0.0046961389076 0.0036656634294 -0.10516918373 0.0015511448304 0.026134903258 -0.086397843324 -0.026359128783 0.015604243932 -0.078651766855 
-0.029762108986 0.010386037024 -0.090585211639 -0.0059944313059 0.014888884805 -0.095776316147 0.030077688275 0.009153137497 -0.089981018172 
3.9306160357e-16 -4.7788278837e-17 -3.2563175772e-17 2.0343644602e-08 -6.5588516609e-08 1.1053388019e-07 1.7605532636e-10 -6.9760879313e-11 -1.9120317868e-08 
7.6893825536e-05 1.8080532122e-05 -0.00036591895738 -4.6505687655e-10 8.5938124117e-11 8.1406626943e-09 5.9803042808e-11 -2.4286001963e-11 6.5275117492e-11 
-1.9179939045e-12 1.2503718865e-12 -1.5084476232e-11 -1.0061075193e-06 6.2688056734e-07 2.2839333365e-06 -6.733697588e-06 9.0004845806e-07 7.2933855157e-07 
3.7643611226e-06 -1.7209278553e-06 -8.5006927362e-06 -3.3613770512e-07 -1.3910839835e-07 -7.1484156056e-06 -1.7493849444e-06 -5.1175946322e-07 6.0092585724e-06 
4.6184024023e-13 4.1853683245e-13 2.2493326435e-13 2.3318841302e-06 -2.1947776799e-06 9.6101497309e-06 2.5563365008e-12 -8.6376227696e-12 -8.0056030519e-10 
5.2358491273e-17 1.6799927431e-16 -2.2548204218e-17 -0.0046192093098 0.07854205542 -0.037987454733 -0.022697178607 -0.016871835473 -0.095876188399 
-0.023715957656 0.0081349634848 -0.044920804682 0.0011206713791 0.028198287105 -0.057818754564 0.0071339921484 0.012135668978 -0.076493766791 
0.0027456157157 0.016074445399 -0.11313563567 -0.0036966131648 0.0064518271991 -0.08722496606 3.8126677207e-05 8.5798730545e-05 -4.7707013113e-05 
-7.4454817094e-09 -4.3721217302e-08 1.4415920972e-06 -7.4943276987e-05 -7.0359082378e-08 0.00012113854188 -1.424928806e-07 -7.5477823299e-07 -5.759059607e-07 
0.029354770497 -0.0057963586672 -0.06183753151 -0.026301890248 0.010589860407 -0.066717323737 0.021340168291 -0.00554934803 -0.085791308262 
0.0078418907421 0.014451877584 -0.1045956068 0.02959353879 0.029178493863 -0.077551575876 -0.0086657002918 0.020674473012 -0.11412396442 
-1.2296302576e-08 6.0431670205e-09 -1.8711369208e-06 4.5169611877e-09 -6.6378279912e-08 -8.459635171e-08 0.010627162597 0.03543073581 -0.079519253408 
6.207931921e-08 8.5635415221e-08 -1.6655906237e-06 -1.0438597232e-07 -1.7610966679e-07 -1.3718922399e-06 -5.3142297641e-10 -2.483884235e-09 1.327771114e-06 
-0.013576309994 0.014924295053 -0.11543293338 0.028808394245 0.022496539115 -0.10637543393 0.039964003289 -0.021505563831 -0.060652671227 
-0.015933426824 -0.008047144606 -0.12731344116 -0.0047794929478 0.041455569804 -0.081380148509 -2.560811876e-12 2.474664214e-12 -2.7100212287e-12 
4.8088127923e-10 -1.876758228e-09 4.9699462583e-08 8.4504152773e-05 5.2391497212e-05 -0.00066468393516 -2.209024997e-07 -1.4377155238e-07 2.1045780418e-05 
2.963808587e-13 -6.7256043611e-14 -3.4068728745e-12 1.1992020174e-11 -2.762339553e-13 -3.6547288953e-12 -7.839679806e-14 3.4195252296e-14 -2.541449846e-13 
-3.5009320399e-11 1.6355330597e-11 -1.6955922976e-11 6.0688965397e-13 -5.698117358e-13 -8.8200363487e-12 -7.9751633122e-06 0.00012593534859 0.00034194148633 
2.6838283108e-05 -0.00013344073209 -0.0010929699049 9.5398801871e-10 1.3184960663e-10 1.2872630597e-07 1.1534319117e-06 1.1172036229e-06 -1.0750808189e-05 
1.0297922546e-06 2.4825167541e-07 7.8734423347e-08 -1.6986090556e-06 -1.0621507902e-06 -3.5921000386e-06 -1.4303536778e-16 1.3122777747e-16 2.2307445281e-19 
-7.5526161756e-07 2.1338817921e-06 0.00039563354699 0.0060446291078 -0.04451551208 -0.059062175066 -0.0012658006171 -0.0069976976772 -0.022714363448 
-0.0099263127973 -0.013588238064 -0.090505338659 0.031407126838 -0.010962296241 -0.05207147534 0.0095892788882 -0.0033228192562 -0.051680258914 
-0.0074919958466 -0.011518770808 -0.066994276731 0.006957725048 -0.029880797104 -0.089603219743 -0.027151664422 -0.01071165746 -0.043103167713 
-0.032905077397 0.040916430402 -0.051649479161 0.0097330317818 0.029343889372 -0.094229364025 0.034292223847 -0.023886936942 -0.11260096656 
-0.045193564621 0.046828050564 -0.064528635276 4.5425960337e-05 5.625722493e-05 9.2439344776e-05 -1.2052873883e-08 3.8051444604e-07 2.0699943105e-06 
0.0012199238359 -0.034664469683 -0.040412142767 0.017697449226 -0.05427672421 -0.13331200473 -0.015108285596 0.013526887848 -0.082539834034 
-0.016018857956 0.019852237968 -0.10637136224 0.015111685764 -0.012549470745 -0.14071784656 -0.012737804371 -0.012957618043 -0.11903511516 
-0.011838576085 -0.00048158565259 -0.095394136832 0.0057105798591 0.004687568099 -0.096502577583 -0.021539095099 0.0029482711359 -0.068738471397 
4.7562463791e-16 -2.5191150596e-16 -3.5818189327e-18 -1.3877717326e-15 -1.6425235215e-16 6.6517296179e-17 -3.8259463255e-06 -5.6206246189e-06 2.736490889e-05 
-2.90197578e-17 2.2525762493e-17 -2.8211484301e-19 -0.016195958674 -0.010232365745 -0.040447145366 0.015556916098 -0.021133009397 -0.072445629169 
-0.014419762178 0.024504136277 -0.10824624146 0.011657224989 0.0069474993656 -0.070471644942 -0.036105389027 -0.024239090006 -0.080444875287 
-0.026682584497 0.018173188903 -0.027258216291 -0.047237866451 0.022252236533 -0.056860006685 -4.2827208567e-08 7.5430127134e-08 4.8482725584e-07 
-6.5136968922e-08 1.2313467409e-07 -2.6574395169e-08 -3.6586743252e-06 -4.3031981078e-06 -1.2953455217e-05 -9.7097781994e-07 -6.4170073564e-07 0.00045033235064 
3.4986063554e-10 -5.152752379e-11 1.3963770184e-09 2.7944513641e-08 5.3395070384e-09 3.4802398345e-06 -7.111766794e-10 1.1074044706e-10 -5.3117098778e-10 
0.030286726089 -0.018474221456 -0.050938457571 3.7121737171e-09 -2.0499309677e-09 1.555791665e-08 -4.1683330821e-13 9.2271831227e-14 -4.7152811303e-12 
-1.2236446854e-10 4.4023402957e-11 -5.3842381932e-12 5.1448771953e-09 8.2856473254e-10 -1.004913636e-08 -8.8086269464e-09 -2.1707881249e-10 -9.1098064036e-09 
-4.5338000152e-09 -7.7668386417e-10 -1.1457680045e-08 2.1281461619e-10 -7.584742729e-11 1.9751926877e-10 6.5906104798e-09 7.4656062105e-10 -9.2081842905e-10 
6.4597209591e-10 1.2504705116e-09 1.621223327e-08 -1.642729792e-09 -1.2146668214e-09 -1.9534138781e-09 1.6662752655e-09 -4.7439756971e-10 -4.4917448053e-08 
4.3840253683e-16 -2.9543738324e-17 7.4729815654e-15 0.019461590373 0.0074968778015 -0.096248908088 0.057521279895 0.025279529257 -0.086105860107 
-0.035150538042 -0.0028736543562 -0.065167316307 -0.0092296457479 0.01404062807 -0.073881734434 0.026250756228 -0.020807065178 -0.043803356862 
-0.0081450644694 0.0049166512782 -0.097193260727 -1.5542968037e-16 1.7387191886e-16 -1.6723829637e-17 -1.2595740024e-16 8.4796460802e-16 -3.6419760434e-17 
-9.2666752215e-08 -6.5654510274e-07 -6.6850662518e-07 4.8678468127e-09 -4.0835452561e-08 -5.8683944662e-07 8.3697664945e-13 -3.8007854912e-12 1.1895929379e-11 
-0.040533663827 0.032948623118 -0.084140360037 0.016233571588 0.0091928185999 -0.086033281351 0.031727317637 -0.013945545254 -0.086900450014 
-0.0047394337322 -0.020410937299 -0.12630066413 0.036644843746 -0.031048013183 -0.092957574065 -0.038387205211 0.0095070419774 -0.097174371695 
0.010511588321 -0.031164211703 -0.11176868905 3.7752492382e-15 4.2023504509e-15 7.6370269839e-15 3.5857320643e-13 -1.9251881655e-13 7.0425887126e-11 
-1.5470851555e-15 3.9003163389e-16 -3.5437206462e-17 -4.8787431893e-06 -4.1770740852e-06 -3.2433837557e-05 -0.017919821136 0.043722080363 -0.081471387071 
-0.0026268268633 -0.033124715985 -0.096858743935 -0.021925214113 -0.0058646233591 -0.096025659673 0.015843983292 0.013818510963 -0.083350728442 
-0.010350447161 0.018734683522 -0.11054022681 0.0045167616775 -0.018210083259 -0.11368303595 0.0072771462276 0.015846083859 -0.11942443306 
0.011694664832 -0.034701725223 -0.093685025815 8.254658421e-05 -0.00012957510944 0.00014278381717 2.4212902815e-07 1.0880301195e-07 6.7338932908e-05 
9.150856242e-06 9.0425452837e-06 1.5950827787e-05 -0.000331174136 -0.00259467985 0.0019693867714 -3.5446243815e-06 1.0355725302e-06 0.00089527930437 
-1.6457228667e-16 -2.2189207849e-17 2.7347569328e-17 -1.3558108951e-05 -6.858032277e-06 -5.8915651204e-06 2.3468357638e-10 -4.0619311883e-11 -6.6106699008e-08 
2.5968429663e-07 1.0097484457e-07 -3.8457367811e-07 -0.0017999136168 0.030245877513 -0.063141732229 -7.9882530831e-09 6.1286270668e-09 4.4207387291e-07 
-4.5476586689e-05 -6.5093079454e-05 -0.0002041862559 1.7953538727e-12 -9.0763508895e-12 3.9160767993e-13 -3.0971638955e-16 -1.8745627046e-16 -2.3801031516e-20 
-0.0037693839377 -0.029146692034 -0.079519199347 0.0080106860436 -0.0046186220285 -0.068118517993 -0.03239409284 -0.019919063375 -0.10328933173 
-0.039569536585 0.014113896679 -0.06949730172 -0.0035604129389 0.0018866165632 -0.088936266164 -0.069047300947 0.024371933861 -0.030592254421 
1.937797836e-14 -2.2089272058e-15 -1.6691451312e-14 2.9714786744e-05 4.3193644821e-06 0.00023019390803 1.310932571e-07 1.2008630463e-06 -8.0331008625e-07 
-0.037242957088 -0.015950313079 -0.091100813181 0.054196126618 -0.0069404283168 -0.087151568282 -0.008187564128 -0.013637075458 -0.084788921408 
-0.033240592621 -0.0072355763445 -0.085538560194 -0.0011424464439 -0.027710199058 -0.055172196204 -0.0025580874947 -0.018849990422 -0.12986204634 
-0.04883820046 -0.010215987613 -0.093418452848 6.6684317456e-11 3.0977271789e-10 -7.8459992993e-08 -1.6604448276e-11 -1.8402135308e-10 4.0630287356e-09 
1.2915104358e-10 -6.1736905306e-10 1.7448906603e-08 -0.042931373284 0.026758123736 -0.12334166231 0.028345145949 -0.037137932746 -0.068505838421 
-0.0032186158158 -0.058364792769 -0.033689642388 -0.042690020702 0.0016933790475 -0.090380824308 -0.0075943473186 0.00095476481648 -0.12055852275 
0.016180069975 0.0068862746071 -0.081292831631 0.00013723738403 -0.0083965037819 -0.073048235618 -0.012693886191 -0.0039220363928 -0.11585332956 
-5.5992781007e-16 3.6186172486e-15 1.2880966796e-15 -1.1752313154e-16 1.8919087546e-17 -6.0291523639e-17 -3.7702336003e-15 1.4527179367e-13 -6.1418173829e-13 
-5.1331152272e-08 -4.0575648864e-08 -3.3823162128e-06 6.907834173e-07 2.8410933449e-07 0.00031378009003 6.8586583994e-05 4.8041331744e-05 0.0010529041818 
-2.4263097902e-08 5.863071835e-09 3.1380963728e-08 5.6788434463e-09 -1.7615750471e-09 3.9151661655e-09 7.0970924997e-11 -4.7108522503e-11 -1.010603903e-10 
-7.3068147783e-11 7.2026157565e-11 4.4143645649e-11 0.00014097368366 -4.7887055214e-05 -7.1442030529e-05 2.4892037428e-15 -1.2959945147e-14 2.988703991e-15 
-0.00032025468054 0.00017174700671 2.0083885555e-05 1.2231745545e-09 -2.8930949295e-11 -9.28159022e-08 -2.3650691457e-07 -1.1303237706e-07 -4.2932435148e-07 
-0.00023131579394 -0.00021946803539 -0.00015090031813 -1.8454940164e-07 -2.9138785434e-06 1.3306176311e-05 -8.3430756034e-08 1.3629046004e-07 -4.3511679301e-07 
-3.6267103201e-12 1.2556477581e-11 -1.1392187287e-11 2.5523286208e-12 -5.7910429154e-12 -4.9375355206e-12 -0.015956205332 -0.0088922530292 -0.082618548737 
-0.011767990513 -0.0079485348736 -0.038465420871 0.038377831873 0.016469320473 -0.11975060454 0.005175586703 0.030753731344 -0.089908788457 
0.020010786365 0.0070952152872 -0.10809151762 -0.0096328065913 -0.024107469546 -0.098662364747 0.010563302862 0.059276006868 -0.091737231262 
-0.022864716302 0.015734506077 -0.092862414402 0.040181691061 -0.0068273017189 -0.054719385646 9.8011064094e-16 -2.7105884531e-16 3.501097271e-18 
-4.7901874939e-06 3.5905946644e-06 9.2488776947e-05 -7.8062451548e-10 -1.4786377277e-09 -2.4481754954e-09 0.012052940807 0.018855122462 -0.099262697632 
0.0057017652565 -0.014473244054 -0.084726544541 -0.02345291633 0.01014792357 -0.10423046738 -0.023174667295 -0.020944823546 -0.10598455535 
0.0026379052662 0.012367398805 -0.10441030279 0.014662159733 0.025137096927 -0.11478799859 0.0061471750614 -0.005955815633 -0.084215766625 
-0.019035262601 0.0066147579024 -0.10877772697 -0.006759852557 0.0093100614861 -0.077293979978 -0.0089278344965 0.019584731701 -0.085672200241 
-3.6036203209e-06 3.1602484161e-05 -0.00011910756521 3.9356440589e-14 1.690681924e-14 2.6589373204e-11 4.0197244842e-06 2.2468132408e-06 0.00013249021705 
0.017782643331 -0.049111105421 -0.090071404625 -0.029470521733 0.03476575296 -0.15112154159 -0.023220922035 6.3689778127e-05 -0.12552465936 
-0.0065949881951 0.037251389418 -0.092700006528 -0.033656303483 -0.020969181565 -0.070563086223 3.1828747529e-15 -2.3576996576e-15 -3.5513828531e-14 
3.1184147136e-14 -1.0045481529e-13 -2.8190662977e-13 -9.4763331534e-16 1.1902182511e-15 -1.1872963777e-18 -4.3812413657e-08 -3.2997817789e-08 -7.3242631014e-08 
2.874687536e-16 1.2925664207e-16 -7.4385448707e-17 1.4234788405e-08 7.6599362492e-10 3.3379529259e-08 -1.3788181847e-16 -2.9680690471e-16 7.9909384377e-18 
7.5265156775e-05 -3.1629640289e-05 0.00028679115523 -2.2601017435e-09 1.7792396685e-09 1.0196893991e-08 1.4226630595e-05 -1.5082940391e-06 -2.6163311317e-05 
-6.9701843494e-06 2.8042150845e-06 6.9967070262e-06 -6.098020999e-07 -1.9789899154e-07 5.2640752718e-06 5.8084649022e-09 3.5006352548e-09 -1.0963345112e-06 
2.4360404214e-08 -3.4732950014e-08 9.0093411636e-10 0.0077668139231 -0.035146511326 -0.11307845351 -0.0038042060134 0.036457773358 -0.086168973195 
-0.042952529448 0.0071182276883 -0.12337478837 -0.020983674063 0.051008723616 -0.13993665374 -0.012312666977 0.0020844507562 -0.090816182969 
0.03063174559 0.017629387798 -0.10462797702 9.8792353904e-07 1.5246497791e-07 -8.6760880026e-06 3.393722744e-06 2.2765800419e-06 7.2281755031e-06 
-2.4884416668e-06 -3.9489163691e-06 -7.3360301348e-06 -8.7333894242e-06 3.1205122614e-05 0.00024077061519 9.4640729323e-06 1.7576727523e-06 4.9104039173e-05 
-0.0027023819315 -0.046429682039 -0.032055069832 0.0023353726226 0.02744821703 -0.098240452035 0.023147053546 0.0056677366027 -0.089175782642 
0.0055226736586 0.015316750441 -0.1025651296 0.030641148693 0.0054325382073 -0.1004708056 -0.030154797102 0.026093534845 -0.12345652235 
0.00091464792188 0.0068140662375 0.0015053860989 -0.0018179149632 -0.011171347716 0.0090315000214 5.8808330126e-12 3.1623209585e-12 -4.8984894138e-09 
0.0045822777473 0.023314875731 -0.11163310304 0.058106601166 0.0016006602354 -0.10728866431 -0.0043226072786 0.0088667409572 -0.09327692517 
0.040065609462 -0.019693722253 -0.07487313419 3.3906978476e-16 1.4435079333e-16 2.2704933028e-17 -2.5557831321e-16 -1.8081868531e-16 3.0699105839e-17 
-8.1226496448e-16 1.1607273031e-16 -3.3425995109e-17 3.6802717487e-08 1.4436415716e-08 -1.0822014224e-07 3.7572488869e-09 4.3171811589e-09 2.3956966128e-08 
-9.0964293355e-08 -5.5312191924e-08 8.3366563079e-05 6.383574744e-06 -2.4506799284e-06 -9.6512515489e-07 -2.8497825166e-11 2.1439318775e-11 -2.6867274414e-09 
-2.4212697176e-15 5.9525586923e-15 3.3876911299e-14 3.7987432189e-15 8.4854485373e-16 6.4881582683e-14 -1.7959038018e-16 -6.3007919065e-16 -2.9784219618e-18 
-8.7136680198e-09 -1.5132830482e-09 4.4875494504e-07 9.5163516414e-05 9.5286153207e-05 -9.9033891075e-05 1.0998705991e-09 -1.4655499139e-09 -2.8334250631e-09 
7.0842542036e-07 -2.8726008932e-06 2.0715760589e-06 -8.9529050464e-10 1.0444299639e-09 4.6060875108e-09 -0.011175059787 0.057518155546 -0.13417813531 
-0.015894122822 0.02648728213 -0.06883967222 -0.0080750693268 0.014554439068 -0.019366454566 0.018989189869 0.044561519685 -0.092415813827 
0.00084916523024 0.017130969623 -0.063478846937 2.108055353e-07 6.1886209627e-07 8.9334493669e-07 -1.0876600759e-10 -4.0925703921e-10 -2.2095269118e-10 
6.7213205556e-07 1.9814083916e-06 -0.0012774530905 3.8225262887e-06 -5.2289519256e-05 0.00012311208676 -0.016693002219 0.0026177752017 -0.11349650447 
-0.016870627038 -0.0011599812369 -0.077419983876 0.020344267204 -0.0075043025268 -0.1318120131 -0.00091050960617 -0.0024801304997 -0.11849616628 
0.0011447332431 0.0054988647627 -0.099395193384 -0.021086632812 0.055276288067 -0.10062804988 0.0097137697033 0.010508214255 -0.11581309895 
0.017847136723 -0.0019807206459 -0.067967848882 0.026746625433 -0.032529406211 -0.087362164378 -0.093316770556 -0.13085933725 0.0097501711849 
-2.6929901074e-08 4.7740135284e-07 2.1925691874e-06 -3.1946332853e-08 8.6215873252e-08 1.2458322771e-06 -0.046445979651 0.014871743876 -0.044087861759 
-0.023864546403 -0.01310118052 -0.093083580286 -0.015960928647 0.020662145264 -0.13076003298 0.052997774305 0.030444512777 -0.11566933871 
-0.023946055409 0.0095621536988 -0.091469321844 0.026974669777 0.016884512304 -0.12846236694 0.007834454745 0.031507782091 -0.089444343292 
-1.9686528268e-16 -1.4131077239e-16 -4.5138355016e-17 -4.2099619026e-16 2.2067935394e-16 -3.6959477213e-17 -1.198872897e-08 4.4898482675e-10 -9.5086795946e-08 
-1.6104848137e-12 -4.439264583e-13 -2.0235189618e-09 2.4313979595e-07 1.7971119547e-07 -9.7226254889e-05 -0.018807532663 0.0083564262245 -0.06045663038 
-9.1855519059e-07 1.8385245003e-06 3.0498482338e-06 -9.7378224112e-09 4.5443260852e-09 1.7976326851e-08 2.7725512753e-05 -2.3822029221e-05 -8.198284964e-05 
-8.6741384663e-17 -2.1440291175e-15 4.4516565384e-15 2.5069527844e-06 4.5451503313e-08 -0.00017998585847 0.011890564195 -0.0031390248664 -0.080950927824 
3.2493683791e-07 5.2821184505e-07 -0.0013107360448 2.2884174242e-12 4.8363237213e-12 8.4731573751e-12 -6.1571531331e-08 7.2874217753e-08 6.1247949583e-08 
-1.7739587575e-06 2.0688597193e-06 0.00013442044765 -0.0097265317134 0.0051926923409 -0.1117778232 0.018185256363 -0.023796376446 -0.12221712966 
0.014719369232 -0.016950171676 -0.082978367534 0.026807634216 -0.010923689553 -0.097150176318 -1.1911407942e-16 1.4534966507e-16 -7.2769646971e-17 
-1.7823583826e-13 -1.0225295046e-12 -6.0178864575e-13 4.6056555965e-08 -9.1238553406e-09 8.4881289553e-08 9.2345118877e-09 -4.5101842593e-08 1.8797275443e-07 
-0.0017760010829 -0.0062709951056 -0.11400764288 -0.01527047092 0.011214210221 -0.11579052048 -0.0038687654818 0.016591898854 -0.1017109755 
0.0071701797814 -0.00070867742496 -0.14036054909 0.051207271119 -0.010192852479 -0.096896335557 -0.010707307417 -0.015989932099 -0.098292574457 
0.026310078405 -0.026020119529 -0.087673190927 -0.0041701314128 -0.0092135688599 -0.084403848323 -0.0085609333314 -0.013350619732 -0.11860570081 
-0.0314296421 -0.020610298058 -0.077683634055 0.006003892338 -0.019724395581 -0.080623972524 -0.0018642857196 0.0067435114527 -0.11433786957 
-3.4572456344e-14 1.4531054159e-13 -2.5362027828e-09 1.2550021497e-14 -2.3888230348e-16 3.1552983236e-15 3.7416373794e-06 3.8398285505e-06 6.7733716838e-06 
-1.2233061429e-06 -3.0428228516e-06 -4.305558313e-06 -0.021807262285 0.041330766816 -0.10734764081 -0.012623712413 -0.017770263104 -0.088287792169 
0.0003847790787 0.0089316398939 -0.077371593285 0.010539459986 -0.021528537333 -0.095407389184 0.0076846747795 0.0049390400918 -0.09334600497 
-0.021754075379 -0.039950450962 -0.077325977409 -2.1811138746e-15 -3.0982272318e-15 -1.6462227083e-16 1.1175298864e-15 1.1114497323e-15 -1.1771329298e-16 
1.3444283123e-06 8.960541544e-07 -2.8500136887e-06 -2.7450131428e-06 -2.5612393859e-06 5.1292389354e-06 -1.6010502865e-09 2.4841057828e-10 -1.1238022873e-08 
8.273417496e-10 -1.2022606132e-10 -2.3214396886e-09 -1.1717998133e-05 7.245078086e-06 9.6886821674e-05 -4.0494237397e-07 1.4962435516e-07 0.00016043529215 
-1.8629186698e-05 1.3981969424e-05 0.00031413939066 -3.4137648479e-06 -5.7904254857e-07 3.0698841883e-05 1.0081422503e-15 -1.3007407702e-15 6.6554476808e-16 
-1.2487411184e-16 -5.2318316518e-17 2.8805987729e-17 -1.049373511e-05 9.1043589156e-06 -3.3747823045e-05 4.3609373996e-16 3.6597349032e-16 -2.2469345019e-17 
-1.261217399e-05 9.6272758437e-06 -3.8304224161e-05 -0.012183357388 0.016132429567 -0.093217763773 -0.02175552804 0.0036486054697 -0.090785916174 
-0.013466692372 0.0028023745265 -0.073926217264 -0.0012161400348 0.02692099312 -0.086849978895 0.024349051382 -0.0056427771196 -0.10094513519 
0.0019912578419 -0.021396329528 -0.098805172488 0.010221170346 0.011019042091 -0.082784412121 0.024091836953 0.0085154300931 -0.08501233326 
0.010570444033 0.026707539608 -0.096456185812 -0.015845569947 0.012239310627 -0.10021059341 -3.4592658208e-12 -6.9777184358e-12 7.2391084581e-11 
9.1830153079e-16 -2.7100568304e-16 -2.3040601812e-16 4.6509434573e-06 -1.9488199707e-06 -2.0632934818e-05 -2.1306566663e-07 -3.5582283206e-07 -3.2923197595e-06 
-0.032322297887 -0.0051098684891 -0.11603744842 -0.0076487599329 0.015966488288 -0.10964732664 0.029118845721 -0.02596732565 -0.12174702048 
0.01157661004 -0.0024057228581 -0.11716083782 -0.008739701491 -0.010863813181 -0.11891775903 0.012153491355 0.0026019776508 -0.13128095537 
-4.4160298614e-16 -1.141469056e-17 -3.1602138835e-16 4.0304828653e-06 4.5365070625e-06 2.6580534988e-05 -0.030315378873 -0.0069406873154 -0.084446429517 
-0.044515665234 -0.0045178729272 -0.050050761626 -0.063183769664 0.01370092833 -0.06312007508 0.02681357603 -0.078976067862 -0.055459589063 
-0.021847136634 -0.02035541801 -0.12055688904 -0.0065907877409 -0.016845069054 -0.087194899218 0.040357033388 -0.017127555366 -0.091915636089 
0.015089826685 -0.005323454035 -0.080848897435 9.6235856091e-17 1.2822245607e-16 1.6618593028e-16 5.0222460272e-16 5.5528938089e-16 1.3964761033e-16 
-7.7057118032e-06 -7.6908438388e-06 -1.8068005454e-05 -0.00069299233965 0.0016933763283 0.00038271465495 -0.0001080763473 -0.00014031429268 0.0004810844063 
-2.107610474e-06 -1.4547673573e-07 2.2263779173e-06 1.9189545121e-06 2.8352722449e-07 -6.0178095937e-06 -1.1715950672e-06 4.8050900212e-07 -9.5894396902e-07 
-6.7928335127e-06 -3.1683479277e-06 9.1538359021e-06 -3.3037975682e-06 1.8021048459e-06 -5.209217437e-06 3.169694154e-06 -3.2270542133e-05 -7.9438916804e-06 
2.9852133169e-06 1.2463979681e-06 1.3019966499e-05 1.1851009303e-08 -6.0579130044e-10 -1.2029295626e-06 -2.2723977208e-11 1.4919326512e-11 -2.9822410281e-10 
1.7744508489e-11 -1.5499454626e-11 -3.2720477297e-10 2.4025518046e-10 -2.7521673652e-10 -2.9568642579e-07 -0.033958006781 -0.037626124134 -0.08265014004 
0.0090216586012 -0.0012505163332 -0.065312502622 -0.027651189783 0.018880154169 -0.064307691439 -0.020683474848 0.00013483555994 -0.067077021121 
-0.023597219531 0.041009026622 -0.071602089823 0.024351800171 -0.0082798063035 -0.080490239463 -0.0066517540459 0.0050295836652 -0.059164600454 
-6.2675734465e-16 9.353114275e-16 2.5397403027e-15 2.1476810669e-16 1.9740842567e-17 -7.0861055702e-16 1.0051828734e-16 5.2778460907e-16 -1.8415688632e-15 
-2.5950869885e-06 1.8322435446e-06 2.6983960275e-05 9.7172233364e-07 -6.5180873581e-06 -0.0013421672225 -0.021730896015 0.00085310222599 -0.12586361038 
0.0022929213795 -0.0010169924694 -0.12327804648 0.0055224743748 0.015042389633 -0.06254201059 0.0097309412508 0.00035958839456 -0.089668989851 
-0.0016951094948 -0.0086090070373 -0.073565608398 0.0050792316084 -0.0092684739064 -0.10878131586 0.0048232371902 0.013605317263 -0.098858924151 
-0.0060536386085 0.003407566563 -0.1219116897 5.3496423985e-17 2.1517651013e-17 7.0978777891e-16 -6.4105279374e-16 2.76857888e-16 -4.7618442195e-16 
1.1329599462e-07 2.1387424548e-07 0.00065445236927 -8.2732790826e-07 -1.6151300045e-06 -0.00021293800603 0.052088967657 -0.002077929572 -0.02034744854 
-0.0069431369114 -0.0040392079033 -0.10103463954 0.0026004790884 -0.0095047829845 -0.10628606653 0.0013011697578 0.017018203428 -0.11167905477 
0.018303443661 0.024203304396 -0.090841364423 -0.02416645676 -0.00053234597209 -0.067225883874 -0.027443544501 -0.015426804232 -0.10146547067 
8.7632739322e-06 -2.4894071189e-05 1.385961134e-05 3.9481810766e-16 9.9319049643e-17 -6.5488228268e-19 9.2298456069e-16 1.6002750302e-16 2.2612905647e-17 
-5.792227293e-16 6.4366813493e-16 7.8124148272e-19 -0.00059431480979 0.00030250647981 -7.4083980709e-05 0.00010645059055 0.00032587032568 -0.00033981434794 
2.6978765311e-07 -7.7118692473e-08 2.3549271987e-06 0.00030603930494 -0.00025812794953 -1.4874691717e-05 -1.7951547361e-07 1.0225507841e-07 -1.4893086548e-07 
8.4761048418e-06 -4.5101142157e-06 8.6215580946e-06 -2.2616838854e-06 -9.1273603758e-07 9.9078651924e-06 -2.2977296384e-06 -3.0666596685e-06 2.2317798776e-05 
2.8830283373e-16 -3.629036549e-15 5.6601236453e-16 2.6781959964e-11 2.963317809e-11 -5.0016946104e-09 3.2629692309e-07 -1.6712411612e-07 -7.4820534453e-07 
-2.5097584334e-07 5.3866677152e-07 7.7278440295e-07 0.010801497488 0.02028580805 -0.067614438759 -0.028366472836 -0.026518386026 -0.073409418789 
0.029462019226 0.021280253448 -0.085375616458 0.013193160689 0.013327776011 -0.088089554822 0.0049105433249 0.0015882375773 -0.087573740555 
-0.0036778520223 0.0080876601312 -0.10650354811 0.021236594846 0.0007957216994 -0.10012947034 0.015219565134 0.014417111896 -0.078276473046 
0.024090640933 0.0061597043571 -0.078649125361 4.3209541881e-08 9.33646715e-08 6.5140144505e-09 -2.9209015426e-08 1.2239863654e-07 2.2854599345e-05 
-1.3096576611e-07 -8.8225638163e-07 9.090536218e-05 3.47044183e-08 6.2723946691e-08 0.00010392513771 0.020631640858 0.026014753698 -0.065864227439 
-0.043737941699 0.021141631379 -0.12866360772 0.016988529762 0.040211083474 -0.11041684125 0.00071659161227 -0.036593615481 -0.083732711817 
0.028014980626 0.019748782926 -0.10163965828 0.020120841156 0.026364107513 -0.10649247987 6.8108115104e-17 -6.8377543523e-17 9.4322838904e-18 
-2.2550274944e-07 4.0866901693e-07 -1.0264745848e-06 1.6421079449e-08 1.2575369381e-08 5.3817852604e-08 -0.016186673271 0.015250174799 -0.10704949301 
0.026384524522 0.043561130887 -0.086544027667 0.045915591255 -0.037327923466 -0.098521969619 -0.020207783562 -0.076849093725 -0.022186841417 
0.016910612832 0.0075503239268 -0.075254615672 0.025925340139 0.0041808834036 -0.089876053402 0.050879704698 0.0028362677005 -0.11233184208 
-9.0744257852e-09 1.3859192984e-08 2.1051983429e-08 2.6736282757e-09 -3.5850879425e-09 1.0155430083e-09 -0.00030518793936 -8.1629721611e-05 0.00019052571014 
0.00010565224169 5.1610981909e-05 -4.1983634727e-05 -0.00016490748466 -4.0256322858e-05 4.6344409912e-05 1.8613049979e-05 0.0046256840604 -0.0018627717709 
-3.6572716871e-10 -3.6391134907e-11 3.1461722635e-09 4.9226135254e-10 -3.054199274e-10 1.3843908735e-09 1.0864069915e-06 -1.114044179e-06 6.8636020148e-06 
-3.4028031809e-06 2.8694850665e-06 -8.3423337833e-06 -8.9680984782e-06 6.0406743684e-06 1.9731663196e-05 -3.2199801479e-05 1.9732748659e-05 4.8435592048e-05 
4.2300731151e-15 2.6567329452e-14 5.4353388145e-15 2.2277394977e-05 1.1605787734e-05 1.4666006989e-05 -2.8819578308e-06 1.4221801356e-07 2.9476109843e-05 
-1.3144750739e-08 -2.0964898962e-07 -7.725196981e-07 1.0341459663e-14 -1.1463068599e-14 -2.42431654e-12 5.5108601725e-08 -1.2648078657e-07 1.0091892701e-06 
-0.040281480851 0.00066706053886 -0.019193026681 0.033276471264 -0.017892882798 -0.082884922418 0.007689875011 -0.0069111083807 -0.061049657841 
0.019631189908 -0.011874961992 -0.11485513843 0.026336229246 0.043508106579 -0.098284750067 0.0093387813412 -0.0015928745159 -0.10293973841 
-2.6539543332e-05 -2.8920713469e-05 2.5123185932e-05 3.0432351652e-05 5.6716947348e-05 7.0841229381e-05 -1.3089075007e-05 -4.9580605276e-05 0.0018741528157 
-2.0393776625e-17 5.6499384537e-17 1.4696176166e-15 -0.0275538068 -0.0052188194273 -0.023385516397 -0.025519926877 0.022433806853 -0.12862177436 
-0.0073417533368 0.0052447881367 -0.078461519104 0.0022655446859 0.029423841456 -0.094703784101 -0.041532286101 -0.021501923158 -0.078909006341 
0.011329994942 0.036834799629 -0.10805670433 0.0016009870827 0.057432022702 -0.093640838921 0.0081457691953 -0.046093311657 -0.087996055938 
1.2855639929e-07 4.4858043375e-07 6.6940965881e-07 1.0540113436e-06 4.9534901246e-06 1.7715122206e-06 -2.4894563548e-08 -1.4684767459e-08 5.7983490974e-08 
1.4134469823e-16 -4.3405642735e-16 9.7880135959e-20 -0.045250256456 0.025161391127 -0.13927393892 0.0010465322146 -0.023923783986 -0.07653119293 
0.030949328164 0.016691802607 -0.12158306282 0.00083693116547 -0.022225630879 -0.060080163717 0.029159168456 -0.018868944366 -0.10331951947 
0.0068480268691 -0.0011755244686 -0.067808903156 0.03478036469 0.037498121996 -0.07130206259 -0.02387760684 0.017179527734 -0.070566700833 
0.0082092705758 0.0068853125982 -0.095191302589 -4.6483962394e-05 -5.5158911924e-05 -9.6282038295e-05 -2.6144233835e-05 -1.4047379942e-08 7.3381666569e-06 
4.7938537497e-07 6.8486902497e-08 7.3149142709e-05 -1.2058372508e-08 -8.8033007489e-09 2.0907690421e-08 4.2084657412e-17 1.339753721e-16 -4.1497446298e-17 
-9.4021405189e-06 6.9137943646e-06 2.4877205393e-05 -2.6760350448 -4.5497497133 -0.14422961389 3.3660288109e-05 -1.5688813046e-05 9.3595619414e-05 
4.1035338062e-07 -3.4571750539e-08 -2.7478016947e-07 3.5015610958e-06 -1.5154912872e-08 -3.132119381e-06 4.5687622481e-06 1.3558407453e-06 1.8700545152e-05 
-5.9396273555e-06 3.9967563205e-07 2.8510335762e-05 -7.1187001741e-06 -8.5965568314e-06 6.1004878034e-05 -7.6495920028e-08 1.1162536935e-07 5.8985686707e-05 
0.0061011377937 0.012831715249 -0.069722154488 0.014491640666 -0.0110825524 -0.10350073165 0.0019735314158 -0.0017221481943 -0.059035692063 
0.00091639887266 -0.0048162929782 -0.1006899672 0.045570919451 0.034518601457 -0.066766316157 0.011180901247 -0.017889233774 -0.092319287571 
-0.031139514946 -0.0081347437174 -0.085915831513 -4.0277388859e-05 -9.1654615335e-05 -0.00010549913095 8.578273724e-09 -7.5909092623e-09 1.6070033674e-07 
-2.0099521457e-08 1.8402041586e-08 -2.6852437636e-08 -0.014544590669 0.034657270099 -0.087453207316 -0.026606306597 -0.04897507952 -0.10957677488 
-0.0027141276077 -0.028546383074 -0.11751779054 0.027827863401 -0.0080985476516 -0.072429956845 0.0044688915422 -0.036470435449 -0.08333582296 
-0.026662815634 0.00048116603958 -0.026984933792 -0.030689572874 -0.00059020835884 -0.12382873163 0.012595700538 0.02130874487 -0.11023492443 
-0.0016546135965 -0.00315553014 -0.092180660819 -0.042529178674 -0.014189289706 -0.064440387756 2.8518868151e-16 1.8582050226e-15 -4.5094862888e-12 
1.4811906449e-06 -4.5237227317e-06 -0.00023563527772 -1.4296586971e-07 -2.6524625348e-07 0.00015540008838 1.1121058087e-06 9.8971050128e-06 1.6092462474e-05 
0.0085874919042 -0.043841334871 -0.094140960575 0.0059858163844 0.0094659281754 -0.10882975248 -0.020629925185 0.017631387782 -0.045760410642 
-0.061183298135 -0.018617325095 -0.10692840777 0.016822166763 0.020009937578 -0.08771203402 -0.028411522332 -0.026456066294 -0.0418992342 
-0.0035251024635 -0.028138426493 -0.073077136712 3.1200074718e-17 -1.9955015938e-17 -1.6615238416e-18 -5.4595164396e-05 -3.4757410082e-05 -9.6814211616e-06 
1.526478732e-05 1.1375479063e-05 -3.18285716e-05 -1.9633251736e-05 -1.091602875e-05 7.489643815e-05 1.607169514e-08 1.6075536477e-08 2.7844548236e-08 
-4.5274272194e-09 6.5686180143e-09 -9.2997251057e-09 -8.763244423e-10 -2.4781351568e-10 -1.036258742e-08 -6.9801847443e-09 -6.0607910022e-09 4.0854601352e-08 
7.5593017662e-15 -1.0371656401e-16 -2.5165954592e-13 -6.7748727438e-14 6.9431343147e-14 1.0455560567e-13 1.6471872551e-05 -8.4961183425e-06 -2.0174307911e-05 
1.5611759791e-06 -4.1068596753e-06 -3.6129482623e-05 4.1704770817e-16 -6.2514025406e-16 6.3776232607e-16 -6.371319616e-06 -1.1350769803e-06 -1.190528939e-05 
-4.8632675824e-16 3.3401938028e-16 -6.2243492854e-18 1.1977232638e-07 -2.9517144905e-08 4.1406628178e-06 -7.6535844604e-16 -1.3770889121e-16 -1.3551349025e-16 
-0.0027567512939 0.0072584366475 -0.069738912489 -0.0088092413857 0.017148259616 -0.092987517037 0.020624761636 0.0074340641858 -0.074287615851 
-8.7188048222e-05 -0.010047173768 -0.087554297263 0.021898311388 -0.0057688390639 -0.10674446564 0.018518668655 0.012777756872 -0.084695796323 
0.016781596679 -0.028220380206 -0.089293818454 -9.8818669257e-16 9.4096185456e-16 1.06735685e-16 -5.1138311273e-15 -1.9824526378e-14 -2.9926919622e-14 
-1.7455221603e-11 -8.7888972178e-11 -1.260052294e-08 0.050951611909 0.012629256902 -0.067971179771 0.013249209832 -0.021542075759 -0.06908247452 
0.015228782903 0.031995530182 -0.11672315814 0.0062435834237 0.013839162102 -0.11277928327 0.032510660526 0.043686159296 -0.083800047552 
-0.030054681256 0.0094131713019 -0.038294254597 -2.2425087224e-16 -1.5000367673e-16 -3.4688885015e-18 -5.4859681844e-16 -5.7647841558e-17 1.6224314264e-18 
3.6232812625e-05 3.3832434275e-05 0.00044365301396 0.047100078764 0.039672613304 -0.058890756048 0.017195995253 -0.011468701361 -0.036902389232 
0.045025122517 -0.052622532088 -0.12516887055 -0.00033360155909 -0.0064708826365 -0.12875335276 -0.0093722059551 0.016555768847 -0.095299693641 
0.0087295107575 0.020814937308 -0.071457390899 -0.026540237249 -0.034641195319 -0.065375265127 0.004461297944 0.0078932496708 -0.10632606579 
4.9869599068e-07 -2.862673759e-06 -1.2436105358e-06 -2.4103844343e-16 7.6342007023e-16 1.9361969612e-16 1.3647945143e-09 -2.2955303603e-09 -5.9197540823e-09 
3.4221031601e-06 2.6397724312e-07 1.2075411743e-05 -0.0084363186922 -0.027081876289 -0.081326981613 -8.775801808e-06 -3.1444932991e-06 5.8689460677e-05 
-6.259452425e-15 -6.5040254041e-15 3.5194303936e-14 -1.6518108099e-09 6.8683318094e-10 8.0003636331e-09 -1.2294244366e-05 -2.192290087e-05 -5.7720233932e-06 
1.6185092208e-16 3.1586948519e-16 6.3768901828e-17 2.1290745275e-07 1.6763864464e-08 4.3787213681e-07 -2.9571223125e-16 8.3859777866e-16 3.2233440431e-16 
1.4350005166e-07 1.7796915814e-07 2.9382401401e-06 -4.3796548587e-07 -4.0155116807e-07 2.4811340545e-07 -6.1370102807e-12 1.0450104048e-11 2.0298527358e-11 
-4.6433005983e-07 5.0614697592e-07 -3.9758857716e-06 -4.4593507396e-16 -1.5360874575e-16 -2.7066966846e-17 0.0035367582546 0.0089301119484 -0.080422308401 
-0.0085985052341 0.013536150125 -0.12768932387 -0.0056732161428 -0.020736868258 -0.097872419235 0.0027106511661 0.017141985893 -0.047611895963 
0.032377123051 0.024050891985 -0.12608911288 0.016020523761 -0.018678162127 -0.084113394089 0.040661387584 -0.02170699317 -0.071553329398 
2.8787174637e-16 -1.1851450751e-16 -1.9202614173e-17 -6.5125224532e-16 2.0517673234e-16 1.0572889498e-16 6.305082317e-10 -2.2190984877e-09 -1.5286104335e-08 
0.0088866397519 0.010188582671 -0.080057452943 0.008875672116 -0.025064950999 -0.063780323919 0.0018249358069 -0.035797300284 -0.089684992577 
-0.030195432056 -0.030042292849 -0.1295796254 0.0089078088539 0.01323073947 -0.083561693998 0.011227923606 0.01535134558 -0.10617799919 
0.010822875549 -0.026477601388 -0.11832427337 -0.0047695033344 -0.0073606651569 -0.047759071963 -0.031186361752 -0.045212260404 -0.11011087825 
0.01093587332 0.02568754614 -0.092575373953 0.018653942291 0.037857073257 -0.090117885476 -0.0056046179539 -0.0072349932956 -0.1288724819 
-1.4437876646e-14 4.9321580047e-15 4.8945480084e-16 -0.020301914998 0.021743538557 -0.067952384706 2.9123089387e-07 5.0553628248e-07 3.7738172422e-06 
-0.00026319656902 0.00010857645511 -0.00098634938452 -5.4816805045e-07 -1.0870951209e-06 5.567649225e-07 0.062801482745 -0.026684978164 -0.015721059096 
-0.024127531733 0.020792975663 -0.080074034755 -0.016037844361 -0.023285636909 -0.071085713392 0.010737677983 0.00013183543953 -0.095540925066 
0.001161355308 0.0036120259353 -0.089294280469 0.01145140013 0.020202681904 -0.07816986336 -8.1038291642e-16 -2.8919770801e-16 -8.1310927455e-17 
-5.766127324e-14 -3.3757531439e-14 7.258560333e-14 -4.0062059768e-06 3.3925208184e-07 -1.6116136353e-05 -1.7861867905e-06 -9.0787004316e-07 2.1328215719e-06 
-6.2272029679e-06 3.4311796453e-06 -5.9269893641e-06 8.4899815913e-06 -7.9871766034e-07 1.8399774374e-05 1.3690004855e-05 1.3037087602e-07 -1.4222163705e-05 
3.0503326124e-09 -1.4255390345e-09 -2.8311744549e-09 9.5349880153e-07 -4.0842350966e-06 -2.5082725348e-05 -8.6946403633e-08 -2.0514882465e-07 1.3920847893e-06 
6.5673083368e-06 -4.5383914458e-06 -0.0016480432302 -2.7475009718e-06 -5.0149701816e-07 8.2755862981e-06 -2.8899543101e-10 -2.8468952061e-10 3.1585367863e-10 
8.20702193e-17 2.847765891e-16 -9.6138337368e-18 -1.0460356772e-15 -3.0167680124e-15 -2.3238985549e-13 6.7738422468e-11 -8.1509470797e-11 -1.8447148987e-08 
-1.4608145184e-06 -3.3423495103e-07 4.076202751e-06 -1.2085970586e-09 4.6488462039e-09 2.9373280944e-10 0.021837502066 0.0087412613055 -0.076016990121 
-0.0036185002684 -0.017778343189 -0.067006664187 0.0085229908333 0.0078678288237 -0.10808548658 0.013796074523 -0.0092696330925 -0.11442070491 
0.023033853165 0.003612606711 -0.10384812975 -0.017043122726 0.0082544365775 -0.10687123703 0.0059866773054 0.0091427653317 -0.090201197362 
6.4929848689e-17 -8.3919464473e-18 2.1036682304e-19 0.00048069320291 0.0010066916758 -0.00024747358388 -0.0055648547539 0.017653330317 -0.091256359948 
-0.0093589644074 -0.0082233137253 -0.12766162824 0.044157133774 -0.053702414742 -0.081504646109 -0.011633441404 -0.011591967564 -0.11736713582 
-0.0028299258812 0.014374578154 -0.083180684349 0.0097054782177 0.010605258667 -0.092491200488 -0.014945180722 0.0052847682036 -0.099566816912 
-0.0061796736858 -0.016173746057 -0.052151395208 -0.0026216841394 0.0065051112007 -0.085274552977 8.8183215246e-15 -1.9775302845e-16 -9.6991205421e-16 
-4.8218182709e-08 1.034181426e-07 1.012605662e-06 0.012636857718 -0.0064859690837 -0.066439976602 2.9398194742e-16 5.3198970725e-17 -3.9437528129e-17 
0.019697607983 0.00739062233 -0.066795515633 -0.017666467024 0.0098784851877 -0.051899215024 0.0041310323545 -0.02144360359 -0.073982009325 
0.0047760658203 0.012879279027 -0.09516699358 0.003716844817 0.016420415548 -0.076416062876 -0.014007201493 -0.0050225831255 -0.092023776854 
0.011227851261 0.010398620206 -0.10017655356 0.010536612926 0.013653810374 -0.11539470808 -7.5310961741e-08 1.3769218877e-07 1.3396911886e-07 
-2.7664013537e-06 5.716740109e-07 -1.0651642047e-05 2.1057675235e-06 1.5797776765e-06 2.6897442819e-06 -1.6980395767e-16 9.3359548465e-17 7.2224920518e-17 
3.6988095838e-07 -7.7688300382e-08 -9.3036853551e-07 8.4038619745e-05 0.00035165944461 0.00021391348447 -5.6476764386e-13 8.2606228171e-14 1.1966406888e-12 
7.4055831677e-08 -9.3533752874e-08 -3.3931943944e-07 3.4379353713e-15 -7.156990951e-16 2.851476084e-14 -2.8235991815e-07 2.2646942772e-08 1.0262716534e-07 
-4.7097516778e-06 -4.2268643688e-07 2.1494436432e-07 4.7395508183e-06 3.5651265869e-07 4.760788558e-07 1.8285539391e-06 -2.2106991498e-07 1.1826281583e-06 
1.3238858981e-15 7.8452582725e-16 2.6199235098e-16 0.029603231604 0.0081667958306 -0.030407324592 0.018306548723 0.008725625042 -0.023882353848 
0.015633830762 -0.011106943302 -0.081888084156 0.012819531616 0.012270985244 -0.055866701787 0.0075517136041 -0.0059378778823 -0.095495916915 
0.032221220226 -0.01075790606 -0.085137878074 -0.013600578036 0.0095580427646 -0.10018141287 0.011342215537 -0.0068134202109 -0.082813202854 
0.0031224021035 -0.012671498184 -0.10285531649 5.147786373e-09 -3.2812059076e-08 -7.1684041513e-07 1.06040227e-11 -2.7829460533e-10 -7.0237154805e-10 
5.3263625468e-13 5.3622565039e-13 -6.231189909e-12 1.646629235e-06 -5.6335974974e-06 -7.7926648586e-06 -2.7757803343e-07 2.1117700617e-06 -5.5359194381e-06 
5.7358959475e-08 2.9579596955e-06 8.1676294066e-08 0.0060216220661 0.0094385665225 -0.08817558728 0.059565680733 -0.0069646324426 -0.063686545614 
-0.0088141222153 -0.012911743791 -0.093942764734 0.067612786322 -0.027576705497 -0.051628939119 0.013118979821 -0.0093485000841 -0.10836175371 
0.017289971283 -0.0060090065767 -0.084417325926 0.0011653746185 0.0095647062435 -0.095932399303 -0.0063986619877 -0.015753847467 -0.097062790039 
-0.0065752273823 0.0030342114899 -0.086291739502 0.011173058244 0.015727526754 -0.036409166393 6.2070675177e-08 -1.0117321787e-07 5.4597136181e-07 
-1.6544357947e-10 -1.4623846816e-10 4.3419996152e-08 0.0055935894616 0.012197478425 -0.10752246599 -0.023814499458 0.013219722176 -0.082045309871 
-0.026885195573 -0.014914489898 -0.088736603524 -0.010193808035 0.00097389140013 -0.081366409315 -0.0096296138818 -0.015668172148 -0.1074441051 
0.010064277964 -0.0045912167616 -0.11023822081 -0.0043540586819 -0.0013462178997 -0.093782617481 0.023430344041 0.011739295489 -0.097521155293 
-0.0045116418868 -0.0064605049629 -0.093986163775 0.016784101729 -0.0008890615985 -0.099839954998 -0.038213701641 -0.065599576677 -0.036435262009 
-8.4223014934e-08 2.3176192866e-07 2.8388425667e-07 1.2175423855e-07 -8.2103339885e-09 8.2144858662e-06 2.6811016759e-07 -4.4009449153e-07 -5.1828582227e-07 
-1.6952849714e-08 -5.1977031995e-09 3.4557582741e-07 6.7702751541e-08 5.9312668988e-08 -5.3483159731e-08 -1.2831330723e-07 -1.0205031589e-07 1.6147361058e-07 
3.6018218993e-16 6.8893366333e-16 -5.8399582446e-17 -5.111807141e-07 1.4867514931e-07 -6.7665976374e-07 5.2263944053e-07 -2.7683321968e-07 6.5584664182e-06 
3.3165109201e-07 -2.829620349e-07 -1.0470946013e-05 -0.00019677098104 -0.00070124009003 -0.00042850299028 -3.0111642381e-10 2.3607377037e-10 3.3374638776e-08 
5.7286783551e-07 -5.101996998e-08 -8.0373280628e-07 1.4980577533e-05 2.6112767357e-06 3.5376177869e-05 1.2093134297e-07 2.0440674043e-08 2.5250719721e-07 
4.7963734332e-06 2.1216942105e-06 -1.1043762603e-05 -3.3805590615e-06 -3.0832247307e-06 4.6546359178e-07 -4.0589165269e-06 -7.6543653344e-07 -3.3768582189e-05 
7.0440850245e-12 -9.322324095e-12 -3.1092748194e-09 1.1210552603e-05 -2.9421487072e-06 -0.00023308207936 -1.5603576832e-05 7.8518015154e-07 -9.0091953496e-05 
-0.012448512786 -0.03517203399 -0.060050215052 0.0046561026775 -0.015261581308 -0.089741986882 -0.01078215171 -0.0020191844758 -0.071147990296 
0.018564296788 -0.00096344908871 -0.073451162785 0.0018739057453 0.0114093573 -0.087770411254 0.010749829136 -0.020790390008 -0.069809564953 
-0.015474705497 -0.038396752389 -0.074689537125 -0.018540964388 0.026835100248 -0.086949259548 -0.03082375787 -0.018434992739 -0.061508374424 
-2.9767285568e-05 -8.3239160775e-06 -4.5034532995e-05 4.2960518797e-05 -1.6255472405e-05 0.00013205342144 7.8747935526e-08 9.2438615124e-07 6.4408924808e-05 
-0.028325755275 -0.0050200967401 -0.076709779633 -0.011321183478 0.016242645568 -0.084012914276 -0.0025338929744 0.00038441702284 -0.091943608691 
-0.0075331187666 0.017252448246 -0.083847218278 -0.021706949934 -0.012671255424 -0.081513439342 -0.0019360472797 -0.00083033713125 -0.093824544892 
-0.0029736111344 -0.0079601589497 -0.087449788957 0.0066761295737 -0.0042422377339 -0.092135623642 0.027111935338 -0.034423302057 -0.079402860564 
0.0039437975162 0.0042006903357 -0.076891983927 0.0038831649849 -0.0052288366916 -0.080140192806 2.3391730946e-09 8.6460689395e-09 5.2934566026e-08 
-0.00014977926404 2.7033239459e-05 5.0970924572e-06 4.3155071764e-16 1.0930095944e-15 -1.280268474e-15 1.7870553303e-17 -1.4139965695e-15 -5.0180729683e-15 
-2.8633626298e-06 -6.3704613358e-06 -4.2048061405e-05 -0.0067824950107 0.0095754905696 -0.08647927732 0.0011636655146 0.018087963088 -0.060216344154 
0.0068792555884 -0.00074345660232 -0.073645142137 -0.01843945418 -0.017429218114 -0.023181084119 -0.0027989861185 0.00084816117832 -0.094299015503 
0.015979012946 -0.00088355887984 -0.11317165419 -0.010571678642 -0.014425448127 -0.057609758218 0.027150716656 0.0036279112814 -0.094700985662 
0.0055469495536 -0.0096721871723 -0.093037379472 -0.0014796488012 0.0084209208974 -0.095986471244 2.901617505e-06 -4.6412165616e-06 -5.7189787432e-06 
-7.4818869846e-07 7.7313706718e-06 -0.00012195849412 -4.4835698964e-06 -1.0590552466e-05 -9.2184290137e-05 -4.8673658858e-05 1.1895161283e-05 0.0012888886861 
1.2825684139e-07 -2.3349508894e-08 -3.9648429437e-07 1.5940862079e-05 -1.0106657749e-05 0.0001083221768 8.7081953632e-11 -2.1373459614e-11 -5.5696626513e-08 
5.9077552883e-12 -5.5794354078e-13 6.100405821e-12 -1.8568266523e-07 -2.1051271308e-08 5.2538480637e-07 0.0210129195 0.0031129109799 -0.051862680517 
-1.1854797898e-07 2.926810181e-06 -2.6898996272e-05 1.5279244672e-06 2.1506430178e-06 -3.9557830985e-05 7.8339015392e-07 -4.3371550763e-05 0.00012786343724 
1.7899396113e-05 -1.2004885849e-05 1.0460587822e-05 0.026504587771 0.028461777307 -0.043950653885 0.016333922591 -0.021555379402 -0.088942185194 
-0.029740427745 -0.0104761136 -0.071511643061 0.013926714204 -0.0011319653057 -0.065162812048 0.0042060047607 -0.011341455449 -0.095768411656 
0.0013200359358 0.0016724545023 -0.087259552524 0.0013246175924 0.0013217929732 -0.068336601353 0.01051192027 -0.0078862015028 -0.077319283157 
-0.0041307047049 0.0056101661372 -0.050478633421 -2.2803121665e-12 -3.176364673e-12 6.6936106513e-12 3.8825043264e-12 7.2698804277e-12 2.7711738043e-14 
3.6767736438e-10 -1.5174990679e-10 4.8562527249e-07 2.5808772614e-06 -2.2949634096e-05 -2.4406450194e-05 -0.013928158731 -0.012173784671 -0.076371094819 
-0.006416683598 0.025843237042 -0.097126018156 -0.016883975744 -0.018686029756 -0.060392740959 -0.0064873841644 -0.017733524042 -0.086698504322 
0.013236191476 0.012092598538 -0.06926232375 0.016775345326 -0.0017819819158 -0.10283851105 -0.0121252835 0.01425004645 -0.058266126474 
0.0076188049804 -0.0075957034312 -0.089272873114 -0.0027575590323 -0.010952386214 -0.096424663571 0.016076061361 -0.00816995477 -0.07738447444 
-7.0247052457e-05 0.00082483871719 -0.00045470656364 4.1692177431e-05 -7.36481092e-05 3.0749449832e-06 -6.493567526e-05 -2.7065248438e-05 3.0632497482e-05 
4.4363790606e-05 2.302560132e-05 2.5626690341e-05 -6.5031481048e-08 -1.046588306e-07 -2.1621137632e-06 0.0072789173395 0.00098366824401 -0.054910363284 
0.001171117203 -0.0031333946435 -0.085163234713 0.0090647721886 -0.013494518027 -0.029261078985 0.0077641395675 -0.019697203973 -0.070836152854 
0.0029365537905 -0.024101422045 -0.067718470816 0.0096882480905 0.022979673335 -0.050543492399 0.0032633555209 -0.0014148578142 -0.060636942663 
-0.00048560605691 -0.015289667289 -0.061440381387 9.8787131834e-07 -2.4242708141e-06 -2.7474294517e-06 2.0270915364e-06 -5.7624029184e-07 -1.197730663e-05 
4.2931992664e-06 -2.6762178428e-06 1.57196105e-05 3.4957681457e-05 -4.3275942215e-05 -1.7058118135e-05 5.7582040913e-05 7.2526999037e-06 2.5499466183e-06 
2.9416880112e-15 2.3177116199e-14 4.9664046921e-15 0.016612997143 -0.021714588595 -0.058721006979 -1.7896124572e-06 7.0367931506e-07 -1.9618608192e-06 
3.7131935996e-07 -6.4188902608e-07 -1.3159579058e-06 4.179703319e-07 -5.902543517e-07 -2.1483464845e-05 -1.6498732139e-12 2.3811353748e-13 -1.7780135025e-12 
8.555181996e-06 -6.9687692056e-06 7.478859036e-05 -1.101330569e-06 -4.5985422871e-07 -7.7827830653e-07 -0.0031680467457 -0.0023968730924 -0.050075776981 
1.1680384943e-06 2.4317896098e-07 4.4838767745e-06 3.9596918815e-07 -2.296667966e-07 -2.3358205682e-06 1.7159492272e-06 3.0064437299e-06 -2.3589032502e-06 
2.9073645884e-06 1.993101052e-06 0.00014811549403 -0.011827231458 0.0051514216961 -0.088805387918 -0.026718223056 0.0042560625185 -0.081974215149 
-0.004069880964 0.0040888076742 -0.073909281476 -0.013150631671 0.021486240412 -0.06233801683 0.019078317177 0.011430472649 -0.080664509076 
0.0072422237549 -0.0034188043209 -0.074627154056 -0.048063072455 -0.0011960320302 -0.091746845069 0.017313599849 -0.0055396660389 -0.079070776206 
0.012267994987 -0.021642244873 -0.055841106274 -0.016624000334 0.0063886449549 -0.089078573666 -1.0102874579e-07 -3.5495214142e-07 9.9263440096e-07 
2.0631986142e-12 9.3237240282e-13 3.4651553693e-11 -1.1993479618e-06 -4.5919762332e-06 -8.9549714482e-07 -5.5604492006e-06 8.4739086715e-06 -4.6614028792e-05 
-0.0034555298379 -0.010893769033 -0.08348211662 -0.0054319786655 0.008573987504 -0.090532579885 -0.010231841335 0.00027395074363 -0.09317583328 
0.0024662485749 0.0058824440446 -0.089056717249 -0.0044454989406 0.01478783601 -0.10207892938 0.0031319567111 0.005032262095 -0.085622219892 
0.0099017339389 -0.013517642767 -0.071741430201 0.016630973947 0.002301155385 -0.072065831179 -0.038362435612 -0.01515535222 -0.018883258937 
0.0097405053291 -0.0075642507067 -0.061686879867 5.7960342372e-17 9.1279851777e-17 -1.3338722738e-17 -3.2215911903e-05 -0.0001915234457 0.00028437748297 
-0.013070559583 -0.0067301644772 -0.019095382123 0.0030043370788 0.0018875789777 -0.029650685591 4.7932277473e-06 1.6974296187e-05 -6.7605455226e-05 
4.2592527294e-10 4.7516910996e-10 2.3234099686e-07 -0.0039936498654 -0.015955018418 -0.061998991004 -0.009636449666 0.0089380068579 -0.048917836561 
-0.0060789473765 -0.012144125587 -0.084167902541 -0.0045091842262 -0.0027270810578 -0.10064362217 -0.00078649844891 -0.0017236070785 -0.08273079754 
-0.012625873313 0.013605228078 -0.071009237668 0.028764437469 0.0054845038594 -0.064812915095 0.029558627278 -0.00995170624 -0.073729242607 
-0.0011202427044 -0.01860110802 -0.074810365628 -0.0066959028087 0.019251058881 -0.06059417903 5.941799028e-07 -2.5661659048e-06 -7.0007912523e-05 
-2.6424013569e-05 4.2457057607e-05 3.4137012472e-05 -4.9419953983e-08 -3.0902246388e-08 -1.5063921423e-05 1.2352871985e-08 9.232645079e-09 1.0884969776e-06 
1.8789316515e-07 3.6250381373e-08 3.4011010168e-05 -1.5055674102e-09 -4.6707575729e-09 -5.5737617315e-07 -3.8757996733e-11 1.9007813364e-11 8.8769147621e-11 
2.5419914451e-10 -7.6250616504e-11 -6.3696952162e-10 0.014694390817 -0.0079905401096 -0.059958864246 -6.5516167924e-07 4.1620358054e-07 -3.8527866582e-08 
-1.8303270694e-06 8.0940638737e-07 -5.6529708525e-07 -1.1624908166e-05 1.2846169954e-05 5.9504870182e-06 8.2055259451e-17 6.1033345167e-17 -5.5633106606e-17 
2.1666451642e-07 3.8960291471e-08 -1.1219889056e-07 -9.7329026937e-17 -3.3687569831e-16 -6.6912573197e-17 -4.0554606608e-07 -5.4123613938e-08 -8.1053316892e-07 
-0.001257846134 -0.015980092798 -0.070134730167 9.3520194697e-08 1.0613302001e-07 -9.8845504255e-08 1.2604013598e-07 2.5931800725e-08 -1.6531327336e-07 
3.6637603816e-08 2.1861097365e-07 7.1822649641e-07 9.2489270409e-05 -0.00059017488543 0.00057815335023 6.6328305725e-05 8.6423589358e-05 5.4693359673e-05 
-0.011412225215 0.0082979360107 -0.05057826691 0.0042545659617 -0.0086933587149 -0.077954858981 0.026172660874 0.015429520776 -0.06973701042 
-0.0022891124844 -0.0057521643408 -0.079071749808 0.0057881934551 -0.036252733348 -0.085144719998 -0.021127542082 -0.0018053432872 -0.075415843126 
0.0018376979515 -0.012790298052 -0.082733677958 -0.01070883033 -0.0045647840794 -0.050207703111 -1.2352055054e-07 -1.5874007286e-07 5.1918691407e-07 
-3.5123561246e-07 -1.3726217566e-05 1.2247591784e-05 0.017376226207 -0.012108514928 -0.064009167458 -0.0077795878578 0.01090387836 -0.07889535485 
0.048859477775 0.012993746109 -0.052503545213 -0.0084860780798 -0.028626623584 -0.066474600968 -0.0092247587959 -0.026905945057 -0.091447556484 
-0.017621150499 0.0008324585492 -0.08689740565 -0.010880514519 0.013612171548 -0.10347786054 0.0056274770052 -0.011848549936 -0.084381429307 
0.027561710769 -0.013216930133 -0.073388027175 -0.0095508401431 0.00067374187935 -0.065071271403 -0.010488932218 0.010209171271 -0.054296954123 
-0.0015946577447 -0.016775466372 -0.072014249423 -0.015729040839 0.019038952616 -0.053192389702 0.0016671289998 -0.025978278723 -0.050334558703 
-4.3575840725e-16 -1.5290370628e-16 -4.4797627825e-17 0.00010757964982 8.8643254174e-05 0.00044575888061 7.3099153366e-14 4.4730206548e-14 1.4506735865e-12 
-0.0051142969748 -0.009318140167 -0.077567603362 -0.027844090033 0.012745311959 -0.075775328842 -0.0036391881055 -0.0013385102557 -0.076898191707 
-0.0012867304816 -0.018547682235 -0.097793102734 -0.039000650498 -0.0035318677586 -0.094806505997 0.0016789442474 0.016699620051 -0.048540193819 
-0.0035611286398 0.016342925383 -0.046412006737 -0.0032617782532 0.0068512326029 -0.051644350259 5.6059426002e-06 -1.2600074605e-05 -3.891968184e-06 
4.1890997243e-06 -1.2433299884e-05 3.300564171e-06 -0.00013879894838 -0.00012711005547 -0.00027652320725 -5.7477237261e-10 -6.4311224107e-10 2.6784990514e-08 
8.4730574812e-18 1.8527429826e-16 1.5597854021e-17 -3.2472087141e-10 1.6585508779e-10 -4.7339505179e-10 -0.027614313836 -0.013028331596 -0.063393097151 
3.4954730579e-10 -6.8352237317e-11 -1.7045670876e-09 -2.7122470844e-06 1.0607140136e-06 -4.1119137268e-07 6.38133037e-11 -7.0851624694e-11 1.4466456119e-09 
6.624137856e-05 -8.3868069473e-05 2.3751223235e-05 1.232448257e-06 2.335593433e-06 9.6859698026e-08 9.720472317e-17 8.8254793106e-17 8.0117023179e-19 
-2.8068146576e-08 1.4879501896e-09 2.1742434168e-06 0.0047545260551 0.0059784841557 -0.05319308328 -9.5430148637e-08 -9.152516238e-08 3.1357304605e-07 
7.6716512463e-05 -0.00013851480798 -0.00057070245527 -0.029945292903 -0.0060465630369 -0.078547190695 -0.0036682476509 -0.0027833400295 -0.079950114868 
-0.00087614926322 -0.022418341657 -0.058226370825 0.020689725081 0.026403014026 -0.03535314694 -0.015106409342 0.0068718827041 -0.078935182458 
-0.0036934313939 -0.0052877805761 -0.034761736764 -0.029550668709 -0.0064722232127 -0.075479173288 0.026065527288 -0.0091073657678 -0.045927008735 
-0.0019361245033 0.002147478579 -0.062286079282 -2.5169772555e-07 -4.443553386e-07 -9.7389085122e-07 1.081855119e-07 1.9244956265e-07 2.2597545183e-07 
-5.3406941346e-11 2.9009102571e-10 9.5039442903e-08 1.2604087855e-14 -1.3597411595e-12 -5.6327982759e-13 -0.02294508115 0.037646138496 -0.056300700304 
-0.030260800681 -0.014456314131 -0.072771202402 0.016112775795 -0.055013485033 -0.045115682684 -0.026447878222 -0.009717062392 -0.080955946842 
0.018550378275 -0.0052776039523 -0.087777323286 -0.007931019755 0.0078276728225 -0.063886808581 -0.017315822655 -0.0029554871211 -0.094861341452 
0.0058848396806 0.0039185622087 -0.047596735304 5.7004307262e-08 3.2428614639e-07 -1.6274438719e-06 -6.1268137548e-09 -6.6509843086e-08 -2.0209679164e-07 
-1.5216263341e-16 9.1056855139e-17 -2.808181409e-20 -1.0539866476e-16 -1.3603106638e-16 8.9910831993e-21 -2.5807506084e-14 6.7961036064e-13 1.1481935973e-12 
2.6435244155e-14 5.8703432241e-14 -3.2921387189e-12 0.015551546027 -0.054002338428 -0.030084313913 -0.0077234172924 -0.013354682516 -0.064922732757 
0.0012452091618 0.021069311365 -0.073401875208 7.1752292767e-05 -0.0097810740356 -0.061940086625 0.0088294008479 0.016119679408 -0.0510466548 
-0.022215029006 -0.0050542668835 -0.071082416408 0.014511898886 -0.0017777771699 -0.072798841001 -0.0041902577962 0.0085428419638 -0.081359490317 
-1.0102124669e-05 1.525229011e-05 -2.0305756203e-05 -0.00024699221303 0.00029839601077 9.5119458669e-05 5.490477266e-05 -1.0292919496e-05 -4.0220026038e-05 
-0.015874665227 0.046534762307 -0.082182926117 -6.8093835873e-10 2.4836254792e-12 -1.6215710687e-09 1.2701634562e-17 -3.8456584241e-16 1.8134750722e-18 
9.5701912e-12 4.6454260667e-12 -5.7520731431e-09 1.4428354191e-05 -1.161428969e-05 4.7165961223e-05 9.653484076e-06 1.5556474839e-05 1.03791179e-05 
7.0882903376e-06 2.0219933824e-05 1.9546685179e-05 -0.00018489553114 0.0014534721317 0.001256426299 7.3766632836e-06 -4.216145954e-05 -2.8889250726e-05 
-0.028421718734 0.0091468134416 -0.074590997731 7.7092446789e-09 7.1432850479e-09 -1.0928459784e-08 -6.3452210057e-08 -6.5113034847e-08 -4.7811015705e-08 
-1.1457184901e-06 7.7871988593e-07 3.3988661925e-06 -3.7700735711e-07 9.6301056689e-07 -2.7703154778e-06 -1.0687066379e-05 5.6680180438e-06 -0.00011008765701 
-0.0083160725865 -0.014018886138 -0.066889774601 -0.0084459258861 0.005792423188 -0.061986452402 -0.012891187619 -0.032787814918 -0.080948332041 
-0.01060635444 -0.014584137676 -0.073180446908 -0.0028651405445 0.0098468006214 -0.064487595222 0.021679427656 0.0013206246293 -0.07284100272 
-0.0055044557184 -0.01620508393 -0.076379323338 0.017485098884 0.0057664443536 -0.064210419993 0.019235538986 -0.026862395436 -0.078411524868 
0.011345183457 0.021037210469 -0.05572849467 1.5528419187e-08 2.837447041e-08 -1.2413135532e-07 1.0648352933e-06 -1.7044386276e-06 9.7820027769e-07 
-0.0097095650037 0.00017240086813 -0.096674016639 -0.0040649571519 -0.0065013542552 -0.098780276835 -0.018161547775 0.0076826401862 -0.075980147807 
-0.0025974542996 -0.0050443420107 -0.060170151505 -0.0032959026826 -0.022440065104 -0.091826443975 -0.0016115863174 -0.0058159375183 -0.066405774511 
-0.029501418775 -0.010810134829 -0.086214782812 -0.027602658868 -0.0065747500001 -0.086327007234 -0.0098650108249 0.0071002572133 -0.050681793124 
-0.028865302927 -0.0076732954674 -0.096622704482 -1.280941723e-08 -2.8809275297e-08 3.6590070777e-07 1.799049595e-08 -6.8568406365e-09 -1.2887385986e-07 
-6.6353824368e-10 -1.1762924835e-09 -2.8117743487e-07 -4.95269481e-05 0.00020939326423 0.00037240610277 -0.024407135275 0.0064666627192 -0.077630771815 
-0.010058233818 -0.0021822676457 -0.082336390376 0.023994459475 0.0064209007174 -0.069841447563 0.039989955191 -0.048397210948 -0.025145762955 
0.01524098187 0.0032051113076 -0.085102765719 -0.012360716753 0.032871643385 -0.077911234473 0.0081296454376 0.021548227862 -0.043550899629 
0.013355565442 0.0026288308099 -0.063149946331 -0.00050940415068 -0.0072129122582 -0.076855429293 1.2866019468e-08 -5.4304967425e-08 1.0790630959e-07 
1.8960803718e-06 -2.6072026258e-06 -7.3365712877e-06 0.00011134318973 0.00011055588505 0.00021486687034 2.8736131264e-05 0.00045255453074 -8.1384216664e-05 
1.6214862132e-10 -9.5505272864e-12 2.7325259152e-08 8.2643282698e-07 -3.1101260614e-07 4.3728858616e-05 0.00012940622762 -0.00013681152113 -0.00029934487509 
-7.7288796895e-07 2.2591041556e-07 1.8788144194e-05 -5.6908637187e-07 1.8762942968e-06 2.47605116e-05 -2.9586721406e-07 1.9673078175e-07 -6.1211036359e-06 
-5.1831605483e-06 1.6361924516e-06 -1.345812006e-05 2.0749729916e-05 6.945553274e-05 3.4689756169e-05 1.9791590276e-08 2.1554363818e-08 5.2852682746e-07 
2.5402726183e-07 2.5208416997e-07 7.7929327641e-08 6.0764116425e-07 7.0655924611e-07 -2.6280935537e-06 3.1553692542e-17 4.0948888303e-17 -2.4710296535e-18 
2.6822522776e-08 -3.9774286923e-08 0.00012232265097 -0.027759166493 -0.00066545049388 -0.099324252283 0.016304410289 0.0093186074605 -0.099848262139 
-0.018772832091 0.03767130421 -0.032049009637 -0.027696062536 0.05938869424 -0.099349062178 -0.0050422067217 -0.0139672594 -0.092325994867 
-0.020173508005 -0.017049292179 -0.076170046525 -0.014397833166 -0.014491886138 -0.044876050707 0.022730001146 -0.001181355832 -0.07504527538 
-3.6458743047e-13 -1.7630893155e-12 -1.3454995272e-12 8.6079366912e-18 -5.9354905717e-16 -5.3987830862e-16 1.7233373352e-07 5.034039085e-07 7.4704979139e-07 
-4.5423605786e-07 -1.9469481169e-06 7.7441022862e-06 -0.0092163381052 -0.002085846992 -0.069765288534 -0.015598827524 -0.014542538747 -0.073713163766 
0.038072576968 0.01310391266 -0.035262350669 -0.0059425994924 0.010801954719 -0.069855579993 -0.013223562346 -0.037942254517 -0.087488944265 
0.0023659857126 -0.0058404931859 -0.098067739093 0.0081998545963 -0.028315046097 -0.077610081728 0.01780165467 -0.0096184067189 -0.085124851363 
0.017087577025 0.019874680893 -0.069510704171 0.016577647141 -0.010863422874 -0.065442537018 -4.1916891905e-09 3.9469720874e-09 1.7218014255e-09 
-0.0095250995931 0.0060444398649 -0.073784713192 -3.0530873476e-05 -1.1203900686e-05 9.6871745433e-05 -0.00010768745226 -7.461848756e-05 -0.00027677557363 
-4.1016104381e-05 1.3466322344e-05 6.9167938046e-05 -0.011569257161 -0.015891025062 -0.064933638247 -0.011347146843 0.017949726249 -0.058422293911 
0.018413446357 -0.01361482141 -0.076185090629 -0.0018500997506 0.0044199393715 -0.067595067201 -0.0045349376508 -0.024999146601 -0.077580359724 
0.0054104458555 0.017579313164 -0.043491160402 -0.0011325037964 0.011741559982 -0.081346874962 -0.0016803075836 0.015144392314 -0.067310835908 
-5.8661194662e-06 7.3504465067e-06 1.7963276672e-06 2.6513980914e-05 1.0034243618e-05 -5.9686227917e-05 -3.8893859197e-06 7.2285842223e-07 -0.00010368248958 
-0.0080991255879 0.0060090562606 -0.039660483392 1.6819259856e-17 2.1212725335e-16 3.6503042091e-17 -4.6946636522e-17 1.3342318462e-16 2.8591728023e-18 
-2.4618130958e-07 -1.9798972869e-08 -5.8696364134e-05 -0.0095133186615 -0.0049490356961 -0.053311458436 4.1539971701e-05 0.00026733392617 0.00089537899318 
-7.0321074397e-06 -9.6795843185e-05 0.00014720508219 5.1954614681e-06 8.1900968375e-07 1.0756433455e-05 -7.3562936685e-06 -8.273023524e-07 2.185023897e-05 
0.003854613677 0.0037370451665 -0.06327675089 -2.9186324304e-07 -1.4487172329e-07 2.8230323015e-07 -1.1776232287e-08 -6.7242303564e-10 -1.4824735865e-05 
-6.4399013782e-08 5.9899041281e-08 5.829651165e-06 2.6295824866e-05 -1.1769596468e-05 8.6337175797e-05 -7.5238506728e-06 5.1631481245e-05 -0.00018392401922 
-1.4789014449e-07 2.1911628087e-07 6.847654313e-05 0.00243987305 -0.0075422430091 -0.092536433013 0.019759030999 -0.010791726289 -0.080699581419 
0.017556772926 -0.022154815112 -0.054607848536 -0.02061872113 -0.043217735731 -0.074019351768 0.024461910325 -0.011644983111 -0.080286552209 
0.014151726765 0.0015338842903 -0.10092633329 0.010177773028 -0.016645848594 -0.09660487843 0.01530634729 -0.036257773257 -0.076447211494 
-0.0056401430783 -0.0072375366264 -0.073149054979 -2.3609070555e-10 -8.3590492538e-10 -6.1197945119e-08 -1.3650989561e-05 -5.1590117316e-05 -0.00014810741565 
-0.002168365838 -0.014635049281 -0.072758827349 -0.0042227719094 -0.0066621552899 -0.051428913382 0.0067626740938 -0.010962894595 -0.11200364733 
-0.010864210436 -0.020027160783 -0.090713034564 -0.0031942821263 0.0051885957187 -0.076065625919 -0.02203018581 -0.012900282086 -0.070815267034 
0.00072401348953 -0.0061291440567 -0.084348297182 -0.001660447902 -0.0024673945942 -0.062839803938 -0.005482981383 0.0062192442848 -0.056528595382 
-0.019252973618 0.0001134216379 -0.076087359535 -1.9887094885e-13 -6.1358101952e-13 -3.311808352e-12 -2.0527860945e-12 4.2581022293e-12 -1.744185196e-11 
0.0062003973466 0.016634092384 -0.047033811646 9.2533570427e-08 9.058180289e-08 -0.00018307128182 2.3549365924e-06 9.1978474894e-06 -5.723101107e-05 
-9.920770676e-06 -1.8549624814e-05 4.6521222871e-06 -0.015067928446 0.015822582917 -0.058101555403 0.015052607666 -0.0059392672139 -0.065114943789 
-0.021942571352 0.027786396132 -0.058207767483 -0.0063567495182 -0.020223406517 -0.076177637037 -0.03707628707 0.028809120411 -0.073596082702 
-0.0011042234762 -0.02627635621 -0.075325504331 0.00076519417192 0.030662182597 -0.061199798906 -0.020235718235 0.0071880637292 -0.060272214637 
-0.0048807770112 -0.0081630599081 -0.099383957771 0.0060050000573 -0.002804378518 -0.061988835911 -0.045795750277 -0.030327229147 -0.077253008207 
-2.0963585601e-05 2.1226133685e-05 0.00026012330006 4.0927036216e-16 6.0003200105e-17 1.2976263559e-18 -6.0809546059e-05 -2.6418318585e-05 -3.9612433736e-05 
2.7954565897e-05 2.6886967877e-05 0.00050192724017 -9.8810297353e-05 -3.9737866019e-05 -9.5053810703e-05 0.00012329371665 -1.1072961291e-05 -6.6226394685e-05 
-0.028876253811 0.016732990829 -0.079598009451 6.4364173229e-06 -3.4133892637e-06 0.00040436252159 8.5368404214e-12 7.6033668397e-12 1.6892321971e-10 
-0.00024728166997 0.0009637159391 0.00045722009946 1.7805570893e-11 -1.8906033797e-12 2.2571052148e-11 1.7038819821e-07 2.6476668538e-08 5.5224042303e-07 
-4.6438183958e-11 4.5569275103e-12 -4.5755045996e-11 4.0786154566e-07 1.3988052959e-07 1.8593834283e-06 6.3918502204e-17 8.0047528504e-17 3.4540423548e-18 
-0.017440245689 0.0069211915517 -0.098366869433 0.0048395491643 0.036379568534 -0.0044479909465 -0.010381719199 -0.037721730476 -0.11538578472 
0.013804473223 0.04006965421 -0.044621583667 0.02944527962 -0.0046812139892 -0.058719172145 0.020610195603 0.0039526121431 -0.065265916944 
-0.011382114453 -0.01665826428 -0.084546677726 -0.0056837819504 -0.048329518477 -0.035573441872 3.366793853e-17 3.8776274482e-16 2.05368487e-16 
-9.5163594425e-08 -1.6666370037e-07 6.2358081158e-06 5.5174846299e-05 5.9018511481e-05 -2.5397397268e-05 -0.021576270759 -0.0089935942512 -0.082520652181 
0.0068923729266 0.034097303876 -0.078057660084 -0.025471658921 0.0058987426471 -0.089090226434 0.035451073843 -0.071772659652 -0.019583865079 
-0.0021421054043 -0.032198658159 -0.053397745589 0.04077752599 -0.020459328093 -0.080781199619 -0.017082380197 0.0014549946274 -0.044117532821 
0.0063087522764 -0.020035982935 -0.084551401528 -0.0043956229204 0.0034482692021 -0.099651014112 -0.010625942825 -0.006915605455 -0.027736173542 
6.147881394e-12 -6.6261712865e-12 -9.716472669e-11 -0.0012746886344 -0.0075992793073 -0.081560234949 9.7317745086e-07 1.449064811e-06 -4.9426447648e-07 
-3.7036843366e-06 3.5072528568e-05 -6.0044647984e-05 1.4299986915e-08 2.5475500091e-08 2.357931249e-05 0.0085741580079 -0.018418856916 -0.062203793333 
-0.015101696138 -0.015230180048 -0.12735392727 0.031015392486 0.024363383376 -0.063662745003 0.0017573156002 0.0058175025376 -0.095497986557 
0.007623768348 -0.0041094875695 -0.093323317216 0.028361312587 -0.00092459296301 -0.076640721402 2.4716943707e-11 -4.1025202393e-11 4.2616901447e-11 
2.4179657007e-05 1.378468608e-05 -4.7662039711e-05 8.1498238335e-06 1.9548963194e-06 -2.6800340357e-05 -0.00010797421978 1.1276091097e-05 -0.00042881562406 
-0.025326003583 -0.0044078999184 -0.08433303184 -3.022796061e-10 5.7158557351e-11 3.4760019916e-10 4.2064058594e-11 -3.3200357671e-11 -1.8686874376e-11 
3.751076834e-11 -6.3314372116e-12 -3.9095864459e-11 6.0037808335e-08 -4.8310683897e-08 -6.0493170022e-06 2.2012565089e-07 -7.8591831183e-08 9.1686532528e-08 
-9.8181176882e-09 8.6118063638e-09 -3.0683253251e-07 -9.766589999e-09 5.6295153976e-09 3.490557373e-08 1.7318100285e-08 -2.9307462358e-10 2.4529927942e-08 
-8.6794234843e-09 -1.9394112238e-09 -9.5444164643e-08 1.1354832197e-06 -1.0316460382e-06 3.7202787273e-06 1.3092430549e-06 -1.048770793e-05 -1.207969378e-05 
1.7780419975e-06 5.6257559723e-05 -5.0451903285e-05 0.00054600937319 -0.017610514905 -0.089248966175 0.022588445809 0.0046176968032 -0.073803343369 
0.0048631824706 -0.043897624148 -0.08634328517 0.017906393168 -0.012460701147 -0.079489928941 0.002552045925 0.0044186996444 -0.072780156224 
0.0058168440288 -0.029697844925 -0.085820582477 -0.00037236100103 -0.00051635216294 -0.078106201929 0.031317827841 -0.024137592181 -0.09038900565 
4.3675874829e-13 2.1611089197e-12 1.2289899802e-10 -1.0557903232e-07 -1.8014252301e-07 7.4969845298e-08 -4.8582365059e-05 3.2323657713e-06 -0.00024235968897 
0.0119751454 -0.012495266858 -0.066364116741 -0.014457248572 0.02278978671 -0.064235746796 0.031079900253 0.035366513316 -0.088010658854 
-0.017933119114 -0.0071903213697 -0.087516127339 -0.051475018078 0.012835366419 -0.077115265155 0.0020154001153 0.0235126669 -0.093376457731 
0.007945843413 -0.0086081143218 -0.091744562098 -0.0049196962034 0.0017041229185 -0.093669309907 0.0041856960031 0.0030283494013 -0.077268960775 
-1.6558705245e-06 2.9810116941e-06 9.925010113e-05 -1.5400864821e-08 -6.7702174294e-08 4.9118410824e-07 1.6168733362e-07 5.8258469329e-07 2.7085411562e-07 
-5.5122885492e-05 -9.6193787891e-06 -0.00034579604176 8.593047701e-11 1.0280400073e-10 4.1922264887e-08 0.021146841404 -0.005338832939 -0.075084062175 
0.019025245155 -0.01489234648 -0.094347058216 0.0099553387381 -0.0099758091449 -0.11587968093 0.029173942037 0.017175772094 -0.068655034549 
-0.026157204428 -0.02157810169 -0.091874389964 0.010179568746 0.0085001170645 -0.089858917936 0.0036353516341 0.0054078524146 -0.092706285455 
0.028882602723 0.028142323412 -0.098646400557 -4.8264727637e-17 -7.2269648795e-17 -2.6242305301e-17 3.4042641462e-06 -6.5745830004e-06 -4.8106489845e-05 
-1.4065186859e-10 3.7473868128e-11 7.5514712169e-10 2.5088894652e-06 -4.7934347612e-07 -1.2296389932e-05 2.6032862665e-07 1.5760551131e-07 0.00017855032506 
2.8097551587e-12 -4.0849766398e-13 8.2177766616e-13 -6.2081361766e-17 5.5452803883e-17 -9.1951086238e-15 -2.257667832e-05 -3.5141538711e-06 1.3763463725e-05 
-1.0355400436e-15 -1.9062353632e-16 1.7785024927e-14 1.1373072766e-06 -5.189210617e-07 1.0550288748e-06 -3.0762120954e-07 8.1104952402e-08 3.0586948744e-06 
1.3410731343e-07 -2.6008573788e-07 2.1224202483e-06 2.6558811758e-08 3.3075594956e-08 4.0677993159e-06 -4.4480852556e-09 -2.5018946599e-09 -1.1720292996e-06 
-5.8893149932e-07 1.1070900792e-07 4.1260457949e-06 5.540479303e-07 1.0004168459e-06 -8.1438157614e-06 5.778158442e-06 -3.2653055401e-05 -5.4204986735e-06 
-0.033770734701 0.030446636026 -0.078246193266 -0.00022409305699 -0.021405467443 -0.10708234979 0.0070621173225 -0.005520220534 -0.062790676656 
0.00028419120803 -0.0083145117828 -0.12411857347 -0.0001184354946 -0.0021534332164 -0.092770613669 1.015338608e-07 2.784460905e-07 -1.7653155806e-06 
-7.266904309e-07 5.1774381863e-06 -3.4362400302e-05 0.015225056693 -0.03710797716 -0.046522993387 -0.012205142996 0.0063816330388 -0.11266164681 
0.0023812628467 -0.01143258521 -0.11484039241 0.00050885426954 -0.025959610157 -0.092398304438 0.0030997346703 0.0070952871059 -0.09307525728 
-0.029547456554 -0.028875362121 -0.11952631076 0.013529137188 -0.0043848747859 -0.10306771152 0.044632623184 0.02366811351 -0.065791717144 
-0.008692229118 0.019627847164 -0.11613631871 0.0084880814991 0.0030981074095 -0.089428089598 -1.9326203025e-07 1.0352030744e-07 4.9680130777e-06 
-0.024050152417 0.014127204024 -0.040834431052 -1.4164184622e-05 9.8720061666e-06 -0.00016913394437 2.8101524946e-15 4.5751746094e-15 3.0969903059e-14 
0.0078376069532 0.001563545646 -0.088977342317 -0.02643823324 0.0040007216931 -0.10241639323 -0.036569792242 0.0042153457188 -0.095333297881 
-0.01928218002 -0.016868231577 -0.089446046672 -0.019548706817 0.016373958797 -0.061502603024 -0.00048967378249 0.021088271312 -0.097307667871 
-0.016378769914 -0.010403534627 -0.06479792794 -5.4971940277e-07 -3.0514885618e-07 8.1512478865e-06 -8.5256778665e-06 2.5051953879e-05 2.2571389589e-05 
1.4785052007e-05 5.9017418908e-06 2.7915124194e-05 1.0587548646e-12 3.2844052664e-13 -4.2811235832e-12 -2.5089733093e-07 2.3814636906e-08 -1.9704767102e-06 
-2.0106057777e-06 -2.0935348731e-06 1.200989909e-05 -0.0032528435074 0.031503320207 -0.10174714644 -4.526641959e-06 3.3691648514e-06 4.6957857308e-06 
1.4690563718e-06 -3.5826488574e-06 -1.6332094115e-05 -6.7134418781e-17 -5.56691609e-18 -1.18577409e-18 4.0873879866e-07 2.7187230576e-07 -1.7768066583e-07 
6.7785363728e-06 -1.0569937384e-06 -0.0011448927444 8.6746024661e-09 2.7363374564e-09 2.1349099068e-06 3.3742354431e-07 1.67679905e-07 2.7404224079e-06 
5.1743895571e-11 3.0610690977e-10 -4.6414738324e-09 -2.6400286197e-05 -1.0856517445e-05 -0.00023211329591 8.0065329691e-06 -2.3033091387e-05 -3.4436832802e-05 
-0.034403630578 -0.0048396340415 -0.093941031933 -0.015740402721 -0.016498940057 -0.085776474129 -0.024790687319 0.0052630242727 -0.095136889804 
-0.034676745826 0.031944743802 -0.10819502486 0.0160118769 0.01146481422 -0.05540311275 -0.019251448928 0.0083523368335 -0.04635839581 
-1.4954655431e-08 -2.5817413928e-08 -2.9137988484e-08 4.5210950125e-11 9.2005258374e-11 -3.1970874766e-10 -8.9459626369e-07 0.00011889082847 0.00029228384317 
-7.3213122051e-09 -4.0131774896e-08 2.3217299074e-05 -0.012301692863 0.019956934745 -0.099252036316 0.011645278327 -0.007354503501 -0.09574510154 
-0.029906547842 0.016491723687 -0.13744815787 -0.004588967477 -0.010406351657 -0.12298029336 -0.026926110178 -0.015489332796 -0.10545789554 
-0.0091894198756 -0.024342906401 -0.095093028818 0.025234329766 -0.022823477897 -0.11451919954 0.0077317768866 0.011791983159 -0.080524187251 
0.013346319106 -0.014325968956 -0.10316238406 -2.193422901e-07 4.0698727753e-08 1.9576490434e-06 2.4630970368e-08 1.4326330683e-06 -2.953776056e-09 
-1.5712434455e-07 6.0623796749e-08 5.0459630619e-06 2.995377496e-15 -1.3456001329e-14 4.8213142373e-14 -0.021735145057 0.029366370498 -0.073455853845 
-0.035884397427 -0.046589116063 -0.081755386887 0.024572589776 0.0058476578038 -0.085540118347 0.0081111806908 -0.044267992855 -0.048639827213 
-0.045665942427 0.013954906048 -0.038755118096 -0.044574960424 -0.014393414857 -0.10539897733 0.039671605066 0.0033819252478 -0.090595973726 
-9.1656695386e-06 5.2166984275e-05 4.6668551725e-05 2.5802215949e-09 3.7632865209e-09 2.9324334542e-06 -2.0149473906e-12 -5.5857297802e-13 9.7019522902e-14 
2.4079571922e-06 3.7473536454e-07 -4.1131077135e-06 3.0008706891e-10 -1.3652860362e-09 2.98217922e-06 8.9574651708e-11 -9.0343289972e-12 1.038385371e-08 
-3.4533385928e-07 5.0384426306e-07 3.9620377663e-07 2.7189914934e-16 9.7923945854e-17 -3.8513500257e-17 8.786918007e-08 -1.2161990568e-07 -1.4261183921e-06 
3.0244982383e-07 -2.138345914e-07 -3.9558414049e-07 7.0449024127e-06 5.2694718611e-07 1.6813481034e-05 7.2636902358e-06 8.8484577537e-08 2.4316169043e-05 
-1.0532545181e-05 -5.659663174e-06 -8.3665380788e-05 -5.9294184467e-06 -5.0467541057e-07 1.306093355e-05 -2.9374352806e-11 7.6046138593e-11 -1.7483434371e-10 
4.9083511623e-08 -1.3886082686e-07 -4.6750529592e-07 4.540392506e-14 1.0189831609e-11 -1.8075558738e-10 0.068752533776 0.022684986981 -0.02484256565 
-0.02260842083 -0.0048313836355 -0.091460032665 -0.020235044677 -0.0070847406277 -0.1232457026 0.0017895036134 0.006644299468 -0.047664634012 
-0.012607889092 0.022436241599 -0.068800161137 -0.01435799372 0.0047976661141 -0.071419248365 0.0059275240422 0.005518688468 -0.014841545711 
-0.0056386753153 -0.031935147905 -0.085567325309 1.5900989233e-05 -3.4023462132e-05 0.00042103028843 -1.0693900866e-05 -7.4776340199e-06 2.5399531545e-05 
6.9912242089e-12 -3.2669164445e-11 -3.6424180874e-09 5.3633572338e-08 -3.8084109745e-07 -9.5586219825e-05 -0.017723865283 0.0085233545906 -0.10086182666 
0.021132098067 0.021096905476 -0.10698629942 -0.0025664636767 -0.02996052773 -0.081770834614 0.015614866492 0.043860018129 -0.12675284611 
-0.017225207717 0.0019253950299 -0.09657156437 -0.0068700347347 0.01208967617 -0.11561937211 -0.021627312852 -0.0028641193496 -0.10410550586 
-0.029747816184 -0.0055476225974 -0.1253081244 0.0017604741012 0.0027557911252 -0.050856320086 -0.043671156612 0.0088676263673 -0.05286285232 
-0.01876374332 0.0019555176997 -0.12390711028 1.9137246505e-09 2.9312927058e-09 1.1729854606e-06 -7.6134065398e-14 -5.2384277515e-14 -1.3488456774e-12 
-1.3290656195e-06 -2.2210385529e-06 -0.0016323045382 -0.0021838253446 0.04962012194 -0.10975485435 -0.049580874314 -0.016938027754 -0.047689259789 
-0.009330238263 -0.022476327854 -0.077898465305 -0.0023938707441 -0.0015009393388 -0.087148002899 -0.027930742721 -0.0028199616725 -0.11617530802 
0.020049993198 -0.01043585231 -0.099335251723 -0.046966820478 -0.021302096106 -0.087677202743 -0.012917884773 0.0095951170933 -0.067559225829 
-4.2547796544e-06 4.1553086063e-06 9.110094001e-06 2.0099470799e-06 -3.1316397787e-06 -6.5380796744e-06 2.4258801909e-10 1.144735343e-10 5.106529552e-11 
-5.0825989865e-11 -1.8060043846e-11 -2.282801923e-10 -1.2609801811e-06 -1.5081584728e-07 1.8990405004e-06 7.8680767411e-08 -6.8962032569e-08 2.1569105861e-07 
0.000816498083 0.00013112564221 -0.00014815884117 1.8856456576e-16 -2.0387663214e-16 6.2761516298e-17 -8.5266510034e-08 1.8203327376e-07 -1.0305191963e-06 
-2.959513259e-07 2.1093318066e-07 -3.8831276256e-07 -1.9700516166e-07 2.7836343818e-06 -1.3283515978e-05 -1.0500222319e-05 -6.747273564e-06 2.3861333555e-05 
8.5088570046e-16 -6.4311851988e-16 1.7863813936e-16 9.9273076659e-08 -2.5207515184e-07 -9.5903494792e-07 0.024605423911 0.027904626974 -0.053546242205 
0.00047385892768 0.042602738368 -0.084377079191 0.00030044776481 -0.033003867905 -0.1194797395 -0.04961587556 0.023491251067 -0.11984120624 
0.0025459306662 0.06600728854 -0.12143070034 0.02127283331 -0.028683319526 -0.077672500641 8.6558195893e-05 0.00014558369259 -0.00027114470582 
4.7588609959e-08 8.0041909419e-08 -1.1126566804e-07 -2.1923938292e-08 2.1007368968e-08 -6.342728375e-07 -0.030174627643 -0.03543854374 -0.10677255311 
-0.026783562473 -0.026883457301 -0.087750112847 -0.015122391249 0.0036267340836 -0.09193159215 -0.037062405668 0.015342575576 -0.089530516875 
-0.0034497493034 0.066785446722 -0.048913810731 0.036003432459 -0.0099142930939 -0.091523453946 -0.047211082044 -0.0057069916778 -0.038873378535 
-0.012964432487 -0.022015024155 -0.12742514413 -1.3959158285e-05 6.8650132498e-05 0.00012640871508 -3.9800587085e-11 -4.6340442118e-11 -9.5865626881e-08 
-5.223738233e-17 -2.7322314767e-15 -7.3087133304e-13 0.0086739619602 0.023634505005 -0.1231569491 -0.01086204241 0.0052216420827 -0.10386537955 
0.0026252925773 0.02778530458 -0.10457991169 0.010188295293 0.0089565106275 -0.099396680668 0.012146094396 0.00025016454089 -0.092319197944 
8.7708057644e-05 0.00011768380291 -0.00028702879803 1.3117673437e-08 -4.0904268756e-08 1.7901438899e-08 -3.0708415448e-07 -4.0077006248e-07 2.0020162124e-06 
-8.4888622269e-07 -6.7501917036e-08 2.850984912e-06 -5.8186405102e-07 6.3585320404e-07 1.1265036817e-05 -0.049707112709 0.01654580644 -0.089635272304 
1.1487561974e-06 -1.0169059308e-06 -1.0773018568e-05 1.0071698337e-06 -6.487451269e-07 -1.4087940374e-06 -1.0302923282e-06 8.1661244316e-07 2.2573175074e-06 
-8.6603855796e-13 1.546141432e-13 -2.7629920138e-10 3.4086786287e-06 4.4632528371e-06 9.2469833963e-06 8.582344088e-09 4.8162145342e-09 3.1716559817e-07 
3.6386611491e-05 -6.7936732152e-06 -0.00026559791243 1.7213859099e-06 -5.6669904553e-06 -4.9810796376e-06 -1.7898115164e-07 9.748401891e-07 -1.6969598795e-05 
-6.9170792802e-07 1.0955138363e-06 -3.5350248266e-06 -0.045915029364 0.011929773372 -0.090269492961 -0.0019783396605 0.015896651883 -0.094350661098 
-0.028405018722 -0.04230123596 -0.11544266047 0.0029510871332 -0.028971778302 -0.14922071806 -0.032391968481 -0.012740777031 -0.083255930643 
-0.022333065014 0.048386043561 -0.066161680215 5.8244508482e-05 0.00023676589353 0.000489522089 -9.6695002482e-05 -0.00020503659069 -0.00014937499628 
8.7404890494e-08 -2.3571389531e-07 -4.9363904301e-08 -0.033000861709 -0.0027224727277 -0.069651314334 -0.066328591875 0.0037233176976 -0.094734286928 
0.0039079596626 -0.015742102025 -0.12491182118 -0.032116979143 -0.01123649347 -0.10776011928 -0.075122237824 -0.011939125499 -0.13223530284 
0.033706310841 0.0028471545919 -0.061129122597 -1.4744406088e-07 -2.5507143282e-07 -1.1812236745e-06 5.4613456012e-09 9.0730072727e-09 -3.0125270806e-08 
-2.3673282399e-05 -3.4187357589e-05 -0.00012003338446 -0.012207676882 -0.018425127579 -0.10255758452 0.019194418868 -0.0095188835338 -0.10480988917 
0.0019033623118 -0.035031742351 -0.083255175306 0.0027422095035 0.014046410469 -0.072405732333 0.022145523499 -0.010790559014 -0.11161298389 
-0.041608620878 -0.059733654453 -0.034893378346 -0.0089888145777 -0.024980518662 -0.065009877195 -0.010439615323 -0.019008980758 -0.067522487517 
-1.4975394484e-07 6.3936483447e-08 -1.6735875807e-06 -3.9361169477e-08 1.2256511726e-07 9.0082129283e-08 9.160370015e-08 -2.381141648e-07 9.4341233602e-06 
6.0045792609e-16 -1.3437142188e-16 7.3061673739e-18 0.0010643038723 -0.001654657945 0.00070822139544 2.9424576666e-07 -2.1609267325e-07 8.4030433974e-07 
-0.016409481379 -0.028898255422 -0.05483812912 -1.5349916395e-06 -8.2859103282e-06 6.2715920593e-05 5.0286479504e-07 -3.882561919e-08 0.00013074767212 
-2.3048378321e-07 1.4089717025e-07 -1.3330953684e-06 1.908695795e-06 5.3201695322e-06 0.00010606294603 1.2659504652e-07 6.158839161e-08 -3.0251659582e-06 
-1.6834190917e-06 8.0590041927e-07 -2.5556596703e-06 -9.6528135732e-07 9.890546775e-05 -1.5788478895e-05 1.3334415853e-05 2.1485786401e-05 -1.9941749544e-05 
6.8536458279e-06 1.7125338184e-05 -1.3258599789e-05 5.1675565063e-11 5.8859924534e-12 -1.2417118908e-08 3.2955858873e-05 0.00013585201285 -6.0424864394e-06 
2.949211375e-08 1.8609182719e-09 1.7054145806e-08 -2.3599464409e-08 -2.2108148186e-08 5.3244963836e-08 4.2051883661e-08 6.1586387907e-08 -7.4584721358e-08 
-4.0814300086e-08 -7.1649705556e-09 -1.1712916024e-07 4.1805567616e-07 -7.183029127e-06 -0.00013077092513 5.074332764e-06 -1.27598281e-05 5.3622305419e-06 
6.3477662806e-06 -1.9104392168e-05 -1.1506536229e-05 -0.01094565546 0.0060252962339 -0.069565210469 -0.029037409678 -0.033939737837 -0.10127356979 
-0.0056033378977 -0.0067927306291 -0.11726667503 -0.004045572602 -0.0033711934101 -0.11523327482 -0.06119904682 0.028455845839 -0.066676083006 
-0.013222382388 0.0081873959292 -0.027162638238 -1.2114993143e-08 3.2671041189e-08 -4.8462540841e-08 7.8727038608e-09 2.1580722226e-08 -1.3085771596e-07 
-4.6742061155e-06 1.121913604e-05 8.1666127085e-06 0.012747297813 0.020925791238 -0.073132374003 0.0014945668376 -0.0092958780818 -0.09037854657 
0.016963592486 0.029252795473 -0.073695832209 0.031638558354 -0.020253481266 -0.085485191223 -0.034689339183 0.002715412211 -0.096492857726 
-0.0049789332647 -0.024160420867 -0.11262871358 -0.025858886694 0.017370931918 -0.13208554978 -0.010507592268 -0.0023302720602 -0.11583600531 
-0.017726724539 0.0008943934642 -0.053248708085 3.6353587849e-08 1.3852808279e-07 -3.8790747876e-07 8.3552803363e-17 -1.0988248608e-16 5.7734467235e-18 
-2.152322277e-07 -6.5838586453e-08 -4.0292834398e-07 -3.1374941099e-09 2.6257993908e-08 -3.2965905883e-08 -0.028265471284 -0.0019989104362 -0.10843049462 
0.034384239369 0.013425287126 -0.11734679789 -0.031224603818 -0.049388103916 -0.062762532059 -0.028784861714 0.0010335994933 -0.064890133603 
0.0040469117448 -0.010027622424 -0.079172574682 0.02637853102 -0.014269446645 -0.051288155303 5.3912634867e-08 -1.115558909e-07 -1.7436964288e-07 
-1.0804224894e-08 2.3823519678e-08 -4.5202143559e-08 -3.8790708873e-17 -5.2432589554e-16 1.110461676e-17 4.7224039224e-05 -2.5288192786e-05 -0.00012329510722 
-2.7716950383e-06 1.9332356327e-05 0.00018392546491 9.1541579815e-07 -4.8547149832e-07 -7.1025027562e-05 -5.9560864685e-05 -0.00031073458049 -9.3245307597e-05 
4.3238640794e-05 5.7561366132e-05 5.5384552907e-05 0.012166197137 0.033221872196 -0.059196116421 -4.5425548728e-07 -3.9486006197e-07 1.2599932552e-05 
-0.00018367355669 -6.6035288743e-05 0.00010936593992 4.2107829885e-08 1.1397406822e-08 7.9582249573e-09 -1.0470375523e-05 1.5786239574e-05 -5.7849502589e-05 
0.013704982653 0.0061042909344 -0.067024286825 -0.00038884339042 0.0059192987821 -0.049577589625 0.043871514157 -0.0052468270466 -0.07590791543 
-0.025508495779 -0.011981172265 -0.10811336714 -0.0080958930537 -0.010321248171 -0.057716708291 -0.014947827276 0.037986371347 -0.057734904277 
-0.047385584023 0.033022370704 -0.026137590458 -0.018288485338 0.002370077186 -0.058683729423 2.4839226877e-16 -4.900049305e-15 5.4907171379e-15 
-1.5239200962e-06 7.3309555919e-06 2.4718626615e-06 1.1031239797e-07 -4.6228018625e-06 2.4676734629e-07 0.018773882617 0.0056482816116 -0.084899725729 
0.067056175378 -0.014302490697 -0.095064394275 0.021444784219 0.0030209268282 -0.10982343229 -0.00073981932418 0.047607059282 -0.11171353328 
-0.0048040971164 0.021422241021 -0.10727431208 -0.003649612494 -0.013225153106 -0.099674211403 1.0517677491e-08 -3.244975755e-08 1.8623364493e-08 
1.8085670838e-09 7.7726579909e-09 1.5535510153e-07 -1.3490886593e-08 -3.1303145122e-08 -4.8504157962e-08 2.4392470177e-08 6.6859579459e-08 5.024875107e-08 
0.014666039512 -0.069023192991 -0.071583374333 0.031075800402 -0.023195123019 -0.015964085202 -0.039880549133 -0.0098161574119 -0.11912806201 
0.010132450988 -0.010800265603 0.045172956864 -0.024185262606 0.022684740287 -0.063425364615 -0.015866475733 -0.030245581279 -0.071751312364 
0.0015603502228 -0.0056589416078 -0.11883091102 -0.01957343804 -0.020793569031 -0.083534276815 1.4967499305e-07 -4.7316826598e-07 8.3796395457e-07 
3.717249152e-08 -6.1415722919e-08 1.046934732e-08 3.8902101473e-09 2.1053016341e-09 6.9754467099e-06 8.9866567005e-09 3.6571296295e-09 -8.8888284928e-08 
-2.7039673975e-07 -2.9685574732e-06 3.1453933794e-05 8.6803850923e-10 -5.1789711582e-10 1.8771472126e-06 2.8044465976e-05 -1.9458271125e-05 0.0002928329203 
-4.5418241806e-10 8.7227190851e-09 7.9706831721e-08 3.9723578711e-07 -2.5062623686e-07 -9.747115016e-05 3.157692495e-18 2.4438186143e-17 -3.3683293972e-19 
1.7926479742e-05 -1.51913065e-06 1.973476783e-05 4.5417286332e-05 -0.00012386872575 9.6155270961e-06 -1.7115090724e-09 -3.1736775323e-09 -4.7697758453e-08 
-4.9724108081e-16 5.3321198869e-16 2.0917067519e-15 1.3247724741e-15 4.5457098413e-16 1.5936007238e-15 -0.00046569474984 -0.046002077562 -0.11409979344 
-0.0078104212556 0.026287952707 -0.050771104242 -0.0075952418933 0.0050331496405 -0.15158415066 -0.0079008213984 0.021269097366 -0.116057727 
0.043227743815 0.024944255044 -0.10906260644 -1.9604325913e-08 -1.8260815385e-08 -2.1640462113e-08 -1.50043885e-07 1.009456659e-06 7.5375154849e-06 
3.5969055764e-06 2.0239989199e-06 -7.5565236545e-06 -4.6669631912e-06 -9.8927994675e-06 -3.887108279e-06 3.0938090102e-15 1.0846960395e-15 -1.2781064453e-15 
5.5960231845e-05 4.208708803e-05 0.0003288591796 -0.00080995150607 -0.021627638524 -0.040709262878 -0.025048543612 0.058083826356 -0.090310846622 
-0.0041763705256 -0.021084569098 -0.10997293617 0.059725414268 0.013327553218 -0.11187485068 0.013495101717 0.034760177276 -0.10038238956 
0.03205997476 0.010363744485 -0.11081359056 0.016637818912 -0.008253337686 -0.15025364379 -0.026642904733 -0.019078892514 -0.13236777843 
0.014453693247 -0.0078562267554 -0.12252385899 0.00079257266049 0.027601491356 -0.089633074664 1.7973964999e-15 2.4175373456e-16 -3.9159578001e-07 
-5.0863197607e-07 -7.9638029391e-07 7.277490223e-06 -5.5229658652e-10 3.45093142e-09 -8.5242654798e-08 -0.0068055354551 -0.0065237151957 -0.095721254895 
-0.0029411053231 0.0063395369901 -0.076891013771 0.022502114585 -0.031440460003 -0.063940690548 0.0075756666027 0.013940958396 -0.11998599382 
-0.0029670726443 0.033339223361 -0.086135874709 -0.03858428879 -0.018230290444 -0.078331438667 0.039547845114 0.0024871288425 -0.077266539905 
-0.010472383562 0.034585946565 -0.072864053898 -0.027146858023 0.029148882872 -0.10153421827 -2.3584845291e-05 3.3527809686e-05 4.788870112e-05 
-3.0768371619e-08 3.7324199649e-08 -1.1562257688e-07 0.0056434521985 0.00022091198348 -0.0030050848834 1.9664246439e-08 9.5281077123e-09 1.5783966839e-05 
-1.1290587322e-12 -7.9485415027e-14 -4.1759845258e-12 -1.1666331179e-16 -5.4687964084e-16 -1.7420647653e-16 2.3227935047e-12 7.973805405e-14 1.4806726053e-12 
1.2169229472e-07 -4.2638133547e-08 3.0291640902e-05 8.4975498794e-07 1.6085963959e-06 4.7470026682e-05 -3.8647709363e-05 -8.9743187905e-06 -0.0001319294315 
-0.00096394782723 -0.00095478756837 -9.4384706148e-05 -3.9971461371e-05 -4.4061166007e-06 -6.1275660573e-05 2.9401201388e-05 3.439089991e-06 1.0671930766e-05 
7.825245956e-06 2.5995710055e-06 1.4755478131e-05 -0.017274928072 0.017442441794 -8.3979509742e-05 1.8528538559e-14 6.1802342947e-15 1.1228118439e-14 
-2.9548206922e-15 1.7001972267e-14 1.5166192905e-14 0.0019939760707 -0.0066472178903 -0.08564480745 -0.041216204841 0.016425173862 -0.10694470912 
-0.0025627688721 0.01315244785 -0.079018519654 0.0022309791693 -0.012226803092 -0.091519155844 0.009352199301 0.0039897573882 -0.077238174574 
0.0037370123705 0.0083104036477 -0.067971214282 -1.2759186318e-08 -2.6916414322e-08 2.8087643407e-09 -8.3298516596e-05 -2.1058343927e-05 -0.00052537274575 
-0.007344906021 -0.012394446743 -0.12017250735 -0.011522469595 -0.0098617873071 -0.11705196465 -0.035413788459 -0.01150565419 -0.1278606225 
-0.010726185982 0.0099712385898 -0.10675322911 -0.034194061419 0.013934545635 -0.10777496437 -0.00068573964505 0.0019877828078 -0.045750500005 
0.0058004788699 0.0060763936162 -0.088532491144 0.0015846876811 0.017078035427 -0.094219179371 -6.4098129256e-06 1.679958671e-05 0.00028697312821 
-4.2050650877e-07 -6.3302474433e-07 1.0007963138e-05 2.7688387817e-07 4.7683405061e-07 -9.668391784e-07 -7.6519189959e-09 -1.5772369202e-08 1.5109209198e-07 
-0.01359819226 -0.0058679412338 -0.065297060852 0.035045020986 0.0010283265648 -0.11752248167 0.019092400881 -0.05466024048 -0.11492636003 
-0.014801368293 0.0057469317355 -0.056480254116 0.025569500841 -0.047423030148 -0.071075181641 -0.014130499149 -0.051576528664 -0.07611891221 
-0.010436936947 0.035631551219 -0.065853644433 2.0261053678e-16 -1.7069371236e-16 -5.2059762659e-18 -4.3686969134e-17 2.3135256211e-17 3.311154143e-17 
5.2499965748e-08 -4.7226913337e-08 1.1700875943e-09 -2.1959406337e-07 -8.2250053732e-08 -0.00069791556436 -1.0510865307e-06 -1.0462311185e-06 -0.00027378408064 
-8.3138958535e-07 4.5076842918e-09 6.3745779107e-06 1.132982831e-09 -6.604874633e-10 7.3184023278e-09 6.9775742317e-07 3.8412969669e-08 2.7482302308e-06 
-7.983066527e-05 -0.00027311373552 -0.00021605897807 1.5868685727e-06 -1.3750507033e-06 7.4847274081e-06 8.5389908847e-06 -3.7696782531e-07 2.8540765959e-05 
-7.1744122048e-05 -2.0396514103e-05 3.4290091235e-05 -4.3992717508e-07 5.7467039607e-07 5.1788276746e-06 0.0025794528315 0.012992623101 -0.068689774477 
5.0348285388e-06 2.2327085423e-05 -0.00017987739107 3.5751071615e-05 1.4722205731e-05 -0.00012847818732 -1.0658416275e-15 -4.086295866e-15 -1.512527284e-14 
-1.7188277004e-13 4.734174324e-12 6.8765009114e-12 1.0522631005e-16 -5.1399467778e-17 2.0785023685e-19 -6.1610175008e-15 6.8175412686e-16 -1.4034978373e-14 
-0.0098776680947 -0.00072749075167 -0.11051704983 0.0035125814732 -0.015531393389 -0.096880883333 -0.0069904409549 0.010293313381 -0.058506351378 
0.0086465821125 -0.016440786794 -0.088859895385 0.014700975053 -0.0092466681859 -0.10578261004 0.019691638526 0.00012647676692 -0.064618654294 
-0.00033695025448 0.0051857958509 -0.07139317782 0.00054462160594 0.014592246651 -0.044642658763 -9.3773124743e-09 -1.6110440372e-08 1.6027527799e-06 
5.0496659976e-14 -2.2791549358e-13 3.5178905474e-13 0.026418400055 -0.057602055795 -0.064450078526 -0.0018440802624 0.0005202117621 -0.10548122386 
-0.040357075211 0.0098979972215 -0.070969492153 0.0019574218517 -0.0048569341907 -0.096154701468 0.0058406049898 0.034809317172 -0.11689636295 
-0.021097905909 0.0058583184686 -0.083854930288 0.01905933389 -0.01357430336 -0.12057461805 0.0072974086443 0.014366514123 -0.098927446238 
0.0018141828516 -0.0028891705045 -0.096663457365 0.039046035029 -0.017105555243 -0.09010995603 -4.5564113567e-11 -9.6126073894e-10 -3.3110970732e-06 
1.0440537613e-05 -2.1382860583e-05 -2.8359454373e-05 -2.9600268096e-16 -2.8882258605e-17 -2.7658662472e-17 -3.8099095929e-14 -3.4478839266e-14 -1.3408928904e-11 
-3.1393120058e-14 1.1585183492e-13 1.7660089772e-12 0.0013113585317 -0.0058818815033 -0.029321498076 0.024163455398 0.021570891339 -0.04827038334 
-0.011144965322 0.019132688807 -0.097048213688 0.0046891461376 0.015789026983 -0.083495430058 0.019348663632 0.0069465219945 -0.095643315992 
0.0034507676498 0.036640755725 -0.13129022412 2.1603061166e-07 -2.5919087185e-07 -1.0167432175e-06 5.4293006838e-11 -6.2706443927e-11 7.7737323436e-11 
9.6302805475e-08 3.5505487322e-08 2.1748961147e-08 6.3671876138e-09 5.4156878482e-09 1.1907681807e-06 4.0939763413e-07 -6.2902797026e-08 -0.00019893348449 
3.1172815072e-08 3.763254213e-08 -3.1076804231e-06 -6.396342868e-09 8.5271468131e-10 6.6053978584e-06 6.2578957235e-07 -1.6847362539e-07 6.190782487e-07 
1.7819966832e-07 -5.8553519173e-08 -1.3475221557e-06 -1.9931022231e-14 2.2706952413e-14 2.1488986019e-12 -2.3406902684e-13 4.2650944433e-16 -2.2543231498e-12 
-1.1602696878e-12 -2.5142475352e-13 -3.4019193391e-12 -7.3491566712e-07 -8.8493487986e-07 1.4210701544e-05 3.2630744025e-06 2.0609973494e-06 -2.2085539519e-05 
1.4548827175e-06 3.0782300935e-07 -1.1351246336e-05 -4.2445441379e-09 6.4737685761e-09 3.733544679e-06 0.0053688115992 -0.016792389455 -0.10908133462 
-0.02695769937 -0.011912197063 -0.096298043783 0.0027934781116 0.021734096706 -0.017901422664 0.00076313971871 0.0084483682142 -0.14295320792 
-0.013905129383 -0.020696840275 -0.11538827055 0.012862779214 -0.013941075896 -0.067645713288 -1.357761262e-07 -1.0267547929e-06 3.1828299679e-06 
9.4452546595e-13 -2.9338142932e-12 3.9528786233e-13 0.02737143245 0.012214818432 -0.081450848157 0.0076838934271 0.003567899422 -0.11123377099 
-0.018473115274 -0.0059343077786 -0.095652250485 -0.0078458307006 -0.018931907722 -0.14943205411 0.012026217317 -0.00049565109075 -0.11240856439 
0.039808243216 0.002658289869 -0.078119575501 0.043027436189 -0.015564933799 -0.10705127677 -0.021440712838 0.0064911294677 -0.082355062339 
-3.5038408482e-17 4.6752765553e-17 1.4769303134e-17 6.9661466514e-08 -1.5092348018e-07 4.6918428791e-06 5.0953146254e-18 2.2032740114e-17 -8.583549443e-20 
5.8191644607e-17 6.8954322629e-17 2.4084512432e-18 0.00011400012019 8.8992116469e-05 1.9836435104e-05 -0.027132157751 -0.013433405757 -0.068635103422 
0.0069470108931 -0.017941924434 -0.084860221569 -0.0069664014965 -0.0043311231117 -0.13785082777 -0.040198199814 -0.053253617081 -0.12864055807 
-0.0098357867155 -0.085644058514 -0.099830742529 -0.0052455430248 0.0099344750691 -0.03637250946 7.1623554369e-08 3.1953218247e-08 -1.4218688844e-08 
-8.58577962e-06 5.0939639866e-05 -3.1464990403e-05 1.0182330198e-09 1.9442888202e-10 3.0244216691e-07 1.0211469546e-06 9.1179633733e-07 3.1091365302e-06 
-7.831218047e-08 -6.8868501303e-08 -1.2416742469e-07 3.1352418494e-08 -1.6081666427e-09 -2.4534130428e-05 0.014741864314 -0.041817577715 -0.066284943045 
-2.803693591e-10 -2.0081714381e-11 -2.7188822254e-09 2.730722263e-07 -3.6815994276e-07 -5.1119482995e-07 -5.1980902137e-08 5.1108625325e-08 2.005878534e-08 
1.7098458059e-13 -4.1435297723e-14 -4.8856665429e-13 2.8839702226e-12 4.7627819071e-13 -5.4598179491e-12 -0.00848642089 0.00057185963736 -0.11045120577 
7.7201324164e-06 2.1670557219e-06 -3.5590898966e-05 -7.5286444881e-06 6.6443542899e-07 -4.7117024184e-06 -8.4011464348e-07 -1.0194626539e-06 -3.5106674107e-05 
1.2494080096e-16 -1.6774256082e-16 6.1997942011e-15 -0.056044319061 0.0012293348231 -0.11532830181 0.009316707389 -0.021287577402 -0.04792924787 
-0.0044542593444 -0.018664687736 -0.078649716161 -0.0063798581693 0.0017698767221 -0.10939073431 0.001119710569 -0.013548865425 -0.13994371548 
-0.022743974182 -0.0041541435187 -0.07529993118 0.026345563544 -0.011382256654 -0.088138999217 -6.1071699212e-17 -4.1539949598e-17 3.0903578781e-17 
4.9316345565e-07 1.8784472701e-05 6.5019217181e-05 -0.0027969823258 0.018680917359 -0.080469204005 0.036393993196 -0.035646227083 -0.087105310267 
-0.0061059709513 -0.012597588661 -0.091442305481 0.041119641219 -0.020713034001 -0.084043015967 0.021953702286 -0.011838816365 -0.073749087066 
-0.01693611753 -0.037923413034 -0.077778164729 -0.0025554581835 -0.0055182738679 -0.10292404838 0.0043002741209 0.025278630141 -0.12419894254 
-0.0028727197175 -0.01755424396 -0.10310385366 -0.0035809446666 0.011599024208 -0.09446099513 5.8818636939e-08 1.7731288607e-06 -2.2371833375e-06 
-0.034126049489 -0.034938105357 -0.075433305243 3.0563194104e-07 7.0454069167e-07 0.00010934410011 -0.01703281703 0.0048727769372 -0.11156255953 
0.03612787618 0.00086662425797 -0.04255208976 0.010101605791 -0.00097258515129 -0.092241514878 -0.014364869397 -0.019444562313 -0.095328958662 
0.024066763095 0.0026160504672 -0.11512887046 4.1384693661e-06 -8.9256329284e-07 2.0348721345e-05 -1.5988937324e-16 -1.6978086131e-16 5.2487039068e-17 
7.5445586925e-06 -2.3879825851e-05 -4.6229822864e-06 -1.530700975e-06 -7.6713811061e-07 1.3104907665e-06 -3.0247008273e-13 2.2090681693e-14 -1.3728375554e-10 
7.3199174442e-07 1.4200832031e-07 -2.7089942198e-06 -1.0608765722e-16 -5.3314212658e-16 -4.8887346442e-18 2.9274558291e-10 5.0513540532e-11 6.1680522051e-09 
-1.8078668539e-06 9.3740033483e-07 -2.4170216259e-05 -1.7668833416e-09 8.776470761e-11 3.8984197032e-07 -8.2999646216e-10 7.0836721203e-10 1.2309213216e-07 
-9.4688016645e-14 1.6658167917e-14 -4.9791394061e-14 2.4735018701e-08 -2.5901981745e-08 1.0189020716e-07 -7.6750321424e-17 1.3160867345e-17 8.8230159155e-17 
8.8097509668e-06 -4.9456560341e-07 -0.00079507045143 4.223646134e-06 4.2654876125e-06 5.1622330344e-06 -1.5826630207e-16 1.1938606784e-16 1.4801712799e-19 
-9.2855579936e-07 -3.3142812052e-07 2.0722733825e-06 -1.7554612262e-08 5.1746643975e-07 6.2243362458e-06 6.9825822972e-08 -1.0157334913e-06 1.3477836697e-07 
0.0041795965248 -0.00015698282913 -0.070995248535 -0.0089715232847 -0.0063740839151 -0.054716049196 -0.031963377888 -0.064357174385 -0.096646401763 
-0.0036105171661 -0.03429725734 -0.086931674613 6.7606910905e-07 6.6750279087e-07 -5.6636875898e-06 -9.4841391919e-07 -1.3789319884e-05 4.5002842952e-05 
3.1216173208e-08 -4.1604281831e-07 -4.6090324612e-05 0.0051358721238 -0.0070074096362 -0.1101427652 0.0048959283473 0.028110144587 -0.12486827684 
0.01636999312 -0.028863665909 -0.10922405415 0.034171506678 0.02586332605 -0.071885594015 0.014661836101 0.014801489342 -0.070749657873 
-0.014113171484 0.018295860882 -0.064355496373 -0.00233457782 0.019119710539 -0.076569799911 0.03211046681 0.0072957537577 -0.13905003222 
0.012414320723 0.039668596588 -0.057788389206 -0.0027509851173 -0.014336270133 -0.050520862869 0.044478138766 -0.012260518309 -0.10114438238 
8.0666715726e-17 -1.3849921975e-17 1.4505579838e-17 1.6154035717e-08 4.3933400248e-08 2.9777828741e-06 0.019201823239 -0.038095112093 -0.055083005618 
7.3779586255e-12 4.5545778261e-11 1.4117689439e-08 -1.3724506819e-15 -6.3667830103e-16 -1.2191188017e-15 0.0099786604652 0.033745610275 -0.076849737493 
0.0077411227079 0.01944976282 -0.077534888981 0.0072600364658 -0.0012019843077 -0.10904065454 0.0024375641732 0.0024193209554 -0.09316243237 
0.02622068427 0.021528824995 -0.1317101819 -3.5656532153e-09 4.5704349004e-09 1.402730634e-08 9.055637159e-16 5.304889061e-16 -6.1435955874e-16 
5.7566624987e-09 -6.4250863202e-09 1.7127648622e-08 3.6437385289e-06 -3.3655039548e-06 -2.0963102302e-05 2.6882257833e-09 9.8783217939e-10 9.1811438656e-07 
8.6146553189e-08 9.2490282471e-10 1.9545075294e-05 3.0938142721e-08 -5.5155879739e-09 -3.5528737889e-07 2.102599626e-06 -1.0431403119e-06 2.3559618295e-05 
3.7273643748e-17 2.4784194781e-16 1.0777617645e-18 2.8815732681e-06 -2.2623328593e-06 -8.5174820492e-07 5.8417069686e-06 9.6088481927e-07 -2.4279108581e-06 
-1.5433145496e-05 -2.8454716611e-07 5.868498166e-06 -3.1014827387e-06 -3.5095015598e-06 -1.9716789217e-05 -2.2799341084e-07 1.1734591824e-06 -6.6200872124e-07 
0.0046760158143 0.017609625282 -0.097703158381 -0.028632704931 0.012694243737 -0.048342551188 -0.011083274903 -0.015850329635 -0.10175217975 
0.0063599615635 -0.0034023580033 -0.13881022304 -0.018114986625 -0.043125922688 -0.11225909969 -0.003855472403 -0.021852897574 -0.10849931288 
0.039558739517 -0.0054900411958 -0.13537040884 -1.4042847292e-06 -1.3164407642e-06 -5.375098208e-06 -1.0728404039e-14 -1.2041236221e-14 3.5795391362e-12 
-1.2039874675e-05 -4.0539431755e-05 5.2799228622e-06 1.7448346729e-07 -3.2269334856e-06 -5.261549436e-06 -0.0012319000094 0.036433206174 -0.077414721738 
-0.0024960655826 0.028988380204 -0.12770576168 -0.041182278114 0.002002734694 -0.080726970147 0.014577008636 -0.0056402254996 -0.11904025854 
0.016657887691 -0.011766989529 -0.10908353526 0.031628260799 0.025610081316 -0.10718585328 1.7282903727e-06 4.7371112849e-06 3.1830991846e-05 
-8.3918994143e-10 -3.1472368034e-10 -9.7196394941e-10 -1.4700980311e-06 -1.8687386115e-06 1.4678954962e-05 -3.3886431097e-12 -2.2311549439e-12 2.0573109755e-10 
2.7964479471e-06 2.1228553225e-06 -2.7488285579e-06 -0.03119641988 0.031612477845 -0.079077488719 0.0024724033404 -0.011617597123 -0.063788087664 
-0.017535085585 0.0079858570354 -0.058948225551 0.0081261801207 -0.0050853418929 -0.092531975804 -0.016264692968 0.0039374837806 -0.092161521344 
0.018923205802 0.016032689288 -0.08537079811 -0.020873668964 0.039980347355 -0.08307463387 -0.029013272062 -0.0013175078666 -0.072067507775 
-0.021468582277 0.030674857675 -0.1113330059 -0.035243182474 0.027412216825 -0.10438169469 2.5934421557e-09 -2.6142668685e-09 -1.4458826632e-09 
1.3454846708e-06 -1.110321649e-06 2.7247543316e-05 -3.2793597514e-06 1.5593305388e-06 1.0402478129e-05 1.0516129008e-07 7.8135594465e-08 -1.048699423e-06 
3.2434421731e-16 9.5501238716e-16 -1.3990182271e-18 3.7976764006e-07 -1.3665663835e-07 -8.7803944704e-07 -2.4811089901e-07 5.5418902467e-08 -1.3111680127e-06 
8.3444620118e-06 -8.1023353418e-06 -0.00032342798506 1.4613620264e-08 -9.3073191405e-09 2.1688633712e-06 8.4317526075e-07 -3.5442008726e-07 -0.00023025562983 
-2.3113989442e-09 4.4950200086e-10 -1.2814417893e-05 2.3824028803e-15 -2.3845072724e-15 4.2150025311e-15 7.1313402548e-08 -1.7261752196e-06 -1.1742186975e-05 
7.0374371917e-06 1.6528242498e-06 -1.5701553847e-05 1.2402191777e-08 -2.0486942781e-06 6.0366507548e-06 3.4758579479e-07 -6.6641056168e-07 -2.2692536118e-06 
-1.1838995515e-06 9.071318712e-07 -6.8745576242e-06 0.0090228932935 0.0077420085127 -0.091672773999 -0.024904377691 -0.0011785742172 -0.098936092831 
0.015888807891 -0.0058229265954 -0.057887978983 -0.0111347016 0.00052393448401 -0.11002375742 -0.0093598514437 0.015231633048 -0.054603189711 
-0.0084645645575 -0.00091422481023 -0.12758390476 0.0060463955718 0.05128961238 -0.055183847701 1.5651489125e-05 6.4763974576e-05 2.0147105045e-05 
3.3127078889e-16 -3.4685248637e-16 1.1190638313e-20 6.0177330764e-08 1.6135598293e-06 3.9466793576e-06 -1.302302777e-07 4.8339281985e-06 -5.9377938344e-06 
-0.023911661402 0.020578163195 -0.11077246744 -5.1997348738e-05 0.010738575789 -0.05854314777 0.0098674299419 -0.011586073097 -0.11742097124 
-0.044200961665 0.0040784325126 -0.10016971727 0.036828627161 0.021170968925 -0.1211689536 0.022524644757 -0.0090806183489 -0.10272823426 
-2.0251387129e-09 1.7627494101e-08 -1.0308906118e-09 5.6201579497e-09 -1.7638729302e-08 5.4232449612e-08 2.0071180868e-06 1.8700064369e-06 -3.4460552853e-07 
-3.0286101108e-07 -3.1104105284e-06 -3.2801702248e-07 -0.0047759950488 -0.025061828657 -0.13027799618 0.021441838115 -0.014402652187 -0.05801806337 
0.042268118701 -0.041074441083 -0.023588097384 0.02071233929 0.011061284903 -0.098852336293 0.0021701449179 0.022088545406 -0.096893880733 
0.0062913322596 -0.028449539542 -0.078921786886 -0.011485841622 -0.011651156924 -0.041841887686 -9.0321823596e-16 -7.5066096309e-16 -2.7994700137e-17 
-7.6470030759e-10 3.216264314e-09 -7.1348667657e-09 -7.272731947e-06 -4.4330357081e-06 -6.0103444109e-06 -1.278359402e-08 3.3460903513e-07 -0.0011555403064 
-3.4883451771e-12 5.5460664447e-13 -1.2670943256e-09 3.1181836345e-10 -8.7906656174e-11 1.4578496598e-09 -3.823662409e-11 9.5480369933e-11 4.0799425969e-10 
1.5215877049e-16 3.6715243505e-15 -4.1560221208e-17 -1.4839385472e-15 5.2245017267e-15 4.8947137964e-15 4.5929040858e-07 -5.902600022e-07 -1.1904882444e-07 
-1.2268579978e-16 2.7608506315e-16 -1.3643804293e-16 -2.9325757767e-10 7.3497909315e-10 -8.5596371381e-10 -0.013918003112 0.029149291444 -0.13916571991 
-0.017434421843 -0.018230764583 -0.093975531618 0.011387064198 -0.014480111636 -0.12452286427 -0.0041746274539 -0.049188087404 -0.086634418428 
-0.038648135087 0.038779954481 -0.020503708981 -0.014603360453 -0.040223661188 -0.07554195216 0.0026658831458 0.01156657898 -0.10104108702 
-8.0629916684e-06 -2.5976695158e-05 -5.2935824525e-05 -1.3850845692e-06 -4.8332988765e-06 2.8797638763e-05 2.3408507399e-08 -2.2899781965e-06 6.7335160599e-06 
7.6549839322e-16 -6.9942562395e-17 2.1066645501e-19 -0.03938992623 -0.019431548469 -0.094693134282 0.0089599059166 0.016488326045 -0.16229973523 
0.019112759663 0.049980178512 -0.050943171988 0.023034402481 -0.010997467202 -0.10880963989 -0.016311643919 0.0059594710797 -0.13938966317 
-5.410456067e-16 -3.8320292927e-17 -1.4123960339e-18 9.687222858e-10 -3.9745828274e-09 -1.1736941572e-09 -1.3918998618e-06 -6.7393002677e-07 -2.8836017687e-06 
1.290678833e-05 1.3893001334e-05 -7.5034855484e-06 1.3631277308e-06 -1.1076144159e-07 -4.5891241719e-07 0.023115171845 -0.023129664205 -0.087288459682 
0.0035170582948 0.0059219500294 -0.068769985603 0.011185665222 -0.0070238116316 -0.10141687758 -0.0091229392703 0.032621684499 -0.10467983478 
0.051804519954 0.045698993645 -0.12064111404 3.8871600278e-05 -7.943695107e-05 6.2310166946e-05 4.4615896808e-10 -5.9043655312e-10 2.4741884965e-10 
2.189567142e-05 1.3192942957e-05 -6.9517989631e-06 1.2277604723e-05 4.5426690028e-06 -3.4959411898e-06 -5.2156707397e-05 -2.8982450357e-05 -9.0111801968e-05 
8.5430991107e-06 1.5222223137e-06 1.2514650287e-05 2.4202451399e-07 -9.9271312086e-08 1.958520526e-05 -3.164653413e-10 1.8963081851e-10 1.9032696133e-09 
-1.1418912501e-07 2.3090527289e-08 2.5289001485e-07 1.468035054e-06 -1.6436745423e-07 -4.8586573683e-07 4.4125872489e-05 -5.9549058847e-05 -8.3134573978e-06 
-2.3211087861e-07 2.6611248043e-07 -4.1657984608e-07 -2.0986829041e-08 -1.0986967106e-08 -4.7522878037e-06 -1.6363898769e-05 3.2696639398e-05 0.00017498146448 
3.5981578188e-10 -1.1443678089e-09 3.019859107e-09 1.7691707625e-07 -4.7130810622e-07 -0.00013802021894 0.041503876511 -0.012045387495 -0.11680329575 
-0.025401876614 -0.007179363367 -0.12566533359 0.017027539556 -0.035351362766 -0.088605073305 -0.012205183989 -0.022611320007 -0.11651079916 
0.012133836168 0.014138571999 -0.10655751113 -0.045952418731 0.018493523894 -0.091593143897 -0.002017002084 -0.030598227632 -0.12288250831 
-0.0020595686173 -0.011506728812 -0.050326614366 2.2763326247e-06 7.5040657136e-06 -2.3896367729e-05 2.4724648424e-17 4.2842215435e-17 -9.4512156749e-17 
-3.7769771826e-05 -0.00025644498437 -7.8018010782e-05 -0.032549532535 -0.0057957307145 -0.096833401046 0.029789061699 -0.0059334987801 -0.090968673524 
0.031549040498 0.022780059405 -0.071373699843 -0.0017132031841 0.018371956995 -0.11253391374 -0.011771920187 0.0029200615937 -0.082751469697 
-0.010726340162 -0.010180715467 -0.13708404433 -4.442772481e-16 3.8123251504e-16 -1.9253033365e-21 -1.647091593e-06 -2.3627662975e-05 -1.2146843486e-06 
-0.00065857736424 0.00042442113242 0.00018409915841 1.5539474751e-06 0.00010598552146 0.00029541314661 0.048056730204 -0.05135214565 -0.037151361116 
-0.024867749841 0.015372442342 -0.062234845542 -0.021528168705 -0.020893139053 -0.10704235602 0.014969403951 0.043767946658 -0.089484071815 
0.031247071031 -0.044384377554 -0.05220073519 0.0051440415455 0.031770400736 -0.13348433614 0.022182615987 -0.01739149186 -0.099590125623 
1.3425072297e-09 -6.3527021752e-09 -4.4993808865e-09 -1.2493455051e-09 9.6554736948e-10 4.8303161758e-10 0.00022548757766 1.1943356493e-06 -8.7793371722e-07 
0.00017248237851 0.00046179620443 0.00088784450929 0.00032337894513 0.00021694332019 0.00054567869616 -0.03449536002 -0.00099704188879 -0.096509287808 
-0.00062880680023 -4.1543747989e-05 -0.00085805152184 -0.00034896002907 0.00080679841209 0.0007623362794 -1.3984579146e-12 -5.3454001045e-12 9.0139731658e-11 
9.7212154101e-11 -2.9678312904e-11 3.682660116e-08 -5.8333112155e-12 1.3969899621e-11 4.8474709592e-11 -6.4454300349e-05 3.630360477e-05 7.2376439221e-05 
-2.5559757433e-16 -2.2593683432e-16 4.9557980361e-19 -4.5140218083e-07 -3.0561158481e-07 4.5553003651e-06 -3.665670724e-06 5.8639565463e-07 5.7531275096e-06 
-6.5871223596e-06 1.9129957535e-06 5.2648310583e-06 2.9659922472e-06 3.3991454268e-07 5.3864967032e-07 6.0791283251e-07 -4.2042224676e-08 -1.3786640926e-05 
-9.5181120975e-06 -3.5151737968e-06 -0.00011949032928 5.1407289596e-08 4.8223420522e-08 -3.3600455887e-08 -1.1138152077e-10 -8.937562289e-11 -1.8969342369e-10 
-8.1291342524e-08 -1.8310040478e-08 0.00017302379324 -0.0052155352713 -0.018496899751 -0.11835813044 0.063225901371 -0.00058182305542 -0.09637221814 
-0.0090133182558 -0.042127303597 -0.052328086983 -0.012692239812 -0.004281333273 -0.066777858679 2.4141663248e-11 1.2852420348e-10 3.8040427703e-11 
-1.0769348723e-10 -2.7209186388e-10 -4.7190041675e-10 2.1413357012e-14 -1.4561593055e-13 -1.1649894071e-13 -4.5402091695e-07 -3.1556414517e-06 2.0414721176e-07 
0.06546598985 -0.011891966959 -0.063035866602 -0.0052181105429 0.046591692469 -0.07262085616 0.0044603695152 -0.01726070284 -0.11756921453 
0.025414709477 -0.012603065293 -0.1013212612 -0.019777752682 0.023719665023 -0.14336002942 0.0027483188352 0.010911838048 -0.095314702634 
0.028841947496 0.034628991967 -0.079238416702 1.4088939743e-16 2.2321000761e-17 -1.5580158974e-18 5.7415069931e-16 -1.1287079468e-15 2.2585012157e-18 
-1.3103072056e-07 1.3265501378e-06 6.936377234e-06 0.035590773462 0.042783984877 -0.13005531367 0.056451656206 -0.030966271069 -0.05818700254 
0.023065152129 -0.064107750714 -0.065796155268 -9.5136564413e-17 -5.7880180618e-17 -6.7175340351e-19 9.5085096351e-08 4.6757485174e-09 -2.6917549173e-07 
-0.00066607501184 0.00055413434211 0.0014385512782 -1.3615195614e-07 -5.1548961486e-10 1.2646365346e-07 4.0348089615e-12 -3.8925502372e-12 2.1814104265e-12 
-6.5556735918e-17 3.2200492891e-17 4.043114889e-20 -8.8002769049e-17 -7.9167359078e-16 1.054232796e-17 8.288996636e-05 -8.0576519494e-05 0.00033024112399 
-5.1715862017e-17 3.9168322211e-17 8.3313769728e-17 1.4911800211e-06 -2.2553938411e-06 -4.0253687667e-06 -0.041360899187 0.0067816034376 -0.07599110587 
2.0605165295e-11 -3.2487589948e-11 7.2806628244e-10 -0.0001735621454 -6.1436009124e-05 -0.00028592411496 7.3703290581e-14 -1.3836750461e-13 -5.4391154049e-11 
-0.0028845183544 -0.020156148431 -0.098545184307 -0.0064516891032 -0.0080949340637 -0.13812896033 -0.022324746637 0.022581090198 -0.15426551004 
-0.0020094357295 -0.011165392585 -0.1142280057 -0.038785478416 0.037928601343 -0.092289993897 0.047895751361 0.0060881418465 -0.061219608844 
0.026492974346 -0.0049759738641 -0.1033448586 2.1075159526e-11 2.8558528504e-10 -8.7001523636e-11 -4.4935309591e-10 -8.2560418306e-10 1.005175463e-09 
4.1912370757e-07 5.3795702992e-07 -2.272251376e-06 -2.1893074474e-15 7.3517903194e-14 -3.5239831056e-13 -0.0039851058541 0.015234830256 -0.11256632199 
-0.025197177607 0.040198763505 -0.11379265044 -0.0076300144919 0.016403312058 -0.13395379991 -0.0079378200618 -0.042002461763 -0.1153833496 
0.027164803277 0.01047866409 -0.10908511238 -0.0062303235837 0.031168213123 -0.11132629731 1.084808558e-16 -3.1019686765e-18 3.1736763905e-15 
3.2905855189e-12 1.828057356e-12 -1.19529958e-10 1.1076825582e-12 1.5400935667e-12 -9.9502443635e-10 -2.2982414766e-14 1.3008060333e-14 7.5237258062e-15 
0.015378114177 -0.086271647362 -0.032072052629 -0.016652997002 -0.019521988319 -0.099903535967 0.019441891899 0.033692957973 -0.087850839913 
-0.018441826847 -0.0070951637899 -0.040934870882 -3.5091720476e-16 -2.7454200996e-16 6.1833470796e-17 -1.2931798779e-14 1.1206076459e-14 -7.0297803293e-16 
-2.4270743893e-05 -7.9377943559e-06 3.4579240687e-05 6.4695129016e-16 -5.4551897626e-16 -1.5804397514e-19 -1.1143252365e-06 1.5232807482e-08 6.9238835893e-06 
3.1946279813e-06 -1.5071111307e-07 2.155872897e-05 -1.3315501265e-06 4.8207422353e-08 -1.1934011516e-05 6.8375402437e-18 2.1416916594e-17 1.6334788839e-17 
7.3589357147e-08 -6.8163082516e-08 8.9426674092e-08 1.4484258515e-05 0.00012759241587 -8.8379476933e-07 6.5056317356e-10 -1.6170343377e-10 8.9299718487e-08 
9.2354972784e-07 1.0527715588e-08 1.0991309585e-06 -7.1570841818e-12 -1.0887276561e-11 -7.701508913e-12 -2.561602041e-11 -1.4746430137e-11 -3.5046033855e-11 
-4.9580723023e-15 3.4085852983e-15 -5.0792234097e-13 1.874203537e-16 -1.3380895496e-16 3.9825426661e-19 0.019876193669 -0.005476055055 -0.12891692567 
-0.030149788193 -0.035705745509 -0.11171747173 -0.030770971524 0.013826899185 -0.062461601691 0.018302675211 -0.0025470185058 -0.075262437656 
0.096526923535 0.085809914032 -0.069061893173 3.4297326656e-16 -6.4681219115e-16 1.1997801562e-16 -1.185413833e-06 1.3247208274e-06 -1.0165202549e-05 
3.1347701826e-14 1.2623227596e-14 6.5812820707e-15 -3.0137935514e-16 1.1719703782e-17 5.2290992554e-18 -0.029781408007 0.020570566088 -0.14009152322 
-0.0027671269552 0.025288806303 -0.15618439886 -0.022307180327 0.023049569319 -0.1201737778 0.013016745988 0.020867710585 -0.16740184854 
0.0082350428822 -0.026256733616 -0.1280457438 -0.006509823409 0.047229521832 -0.064391358959 -0.0021579506376 -0.010181801564 -0.13014623026 
-2.3300401238e-07 6.0525848615e-07 1.1448518662e-07 7.8041209991e-12 -4.2882014517e-11 7.008075991e-11 7.4468731378e-10 3.897416637e-10 2.3732585842e-09 
9.7770640297e-09 1.4425874762e-08 1.2463838906e-08 -0.037679354447 -0.031825544905 -0.10689615389 -0.013700925364 -0.0051939024247 -0.10089580346 
-0.085979953796 0.0089070410414 -0.098827999013 -0.043109214167 0.023006551318 -0.11500656498 0.021011207766 0.027072585789 -0.13725973709 
-0.031001082337 0.019339326823 -0.12201408673 0.010575048305 0.038054080514 -0.1289289933 -3.3874346681e-16 -1.4688701599e-16 -3.7241974063e-17 
-4.7392989282e-09 4.2345005157e-09 -6.6350476793e-07 4.2168473974e-12 -1.1100257217e-11 -5.7499514384e-09 -2.3946182513e-07 -9.3754684399e-08 -5.403764112e-07 
6.1991802942e-05 6.5476991445e-06 -6.036836656e-05 -3.9069650432e-05 8.3969565656e-06 8.3467327264e-05 -9.0676096818e-06 1.5467573061e-06 5.3535836883e-06 
9.8344647401e-12 -4.993216366e-14 -3.1375598226e-10 -1.684844951e-16 2.3585839484e-16 -1.4556917217e-18 -0.00011235800825 -0.0011123892472 -0.00037230099772 
1.500311425e-13 -9.0133652233e-14 2.6109155727e-12 -0.00060132853053 0.00022183637197 -0.00028808043832 7.8610027836e-13 -2.0607329088e-13 1.2858382975e-12 
7.6818802854e-11 3.8414290376e-12 5.0403925535e-11 -8.4839907343e-11 -7.18465946e-12 -3.1107691405e-10 4.2605422722e-05 -0.00010476397122 9.5663742548e-05 
-5.1854934419e-17 -1.2472424606e-17 3.1329311519e-19 0.021788343905 0.044249099531 -0.043014673253 -0.018511127265 0.05902636614 -0.10763995706 
-0.0001767454528 0.015224578251 -0.12749181953 -0.032131794757 0.0041756748245 -0.10245655598 -0.0093258575024 0.0048747398317 -0.10510728301 
0.01868854135 0.016160004025 -0.098154327856 -2.6663951102e-14 3.3748149077e-15 1.0529277634e-15 1.1480562216e-08 9.7435436509e-09 -2.8187294613e-08 
6.8748159832e-13 -7.965790012e-13 2.0038429172e-09 2.7777628823e-06 -1.2053493502e-05 0.00025923416572 1.4307434689e-08 2.2298340459e-07 -1.6194185582e-07 
-0.01346632242 -0.0086245915325 -0.089307926089 -0.0027946854908 -0.013542742002 -0.0840498035 0.047441549056 -0.00931984096 -0.10365615888 
0.0078095560217 -0.0030755134092 -0.11602146248 0.0075407206643 0.036390238491 -0.13015181762 -0.015823782994 0.022747436333 -0.10641674741 
0.0065397077996 -0.0046570393206 -0.14561312061 0.042576646517 0.012470348011 -0.087836634176 -0.00082014890302 0.014307345148 -0.14097886933 
0.014988888294 0.031598111709 -0.119041228 0.022706106548 0.052396641665 -0.099428898381 8.0162010648e-09 5.2214106449e-07 -3.3500461422e-06 
9.8998261117e-09 1.511720801e-07 -1.0078138679e-06 -6.947326978e-09 -8.03753965e-09 -1.2155998946e-08 3.672723381e-09 1.1669062152e-09 3.7305594447e-09 
0.0072956706159 -0.038820291405 -0.093178873618 0.015141386696 0.047386263675 -0.085342584972 0.0035669079654 -0.068629904843 -0.092173805757 
-0.0044124046941 0.00099680957415 -0.093219185443 -0.0096378277707 -0.030758743798 -0.095312477165 -0.018140759637 0.027383298106 -0.068302163638 
0.025082464509 0.0010329131013 -0.096308262229 3.6540897787e-08 5.5492772379e-08 -4.5308908802e-06 2.4578816595e-06 -3.6207158653e-06 0.00035989849432 
3.5781073613e-07 1.5476996448e-07 -2.1909343115e-07 0.031083499543 -0.017648262773 -0.032824473185 -6.5613672525e-14 3.3357738643e-14 -9.051552302e-12 
-8.6703516932e-12 -3.0843550635e-12 -4.9831527394e-09 9.2087764618e-06 -3.3264724764e-06 -3.3025208218e-05 -0.00021172280062 -6.788035669e-05 5.2067249425e-06 
-1.8716029418e-16 1.1421812378e-16 2.0036022111e-19 0.00037157987265 -2.453934791e-05 -0.00073515320091 -4.3752136585e-14 -5.7198371623e-14 6.810705131e-13 
1.6095944864e-13 -1.060955063e-13 4.2377999822e-13 9.1673615826e-05 7.5707645034e-05 3.4310464399e-05 3.0467874494e-06 1.1441104219e-06 -3.7573937404e-05 
0.00012499203787 -9.8264932779e-05 0.0001150697429 -0.0001523018985 0.00010330659038 -0.00017574677518 -0.0036462099123 0.026609304776 -0.083671796598 
-0.025479525302 -0.078013156885 -0.12477156817 0.016085018312 0.0020284719297 -0.12304538799 -0.058594096976 0.036677249167 -0.063806487723 
0.0060378547406 -0.0058584673392 -0.082857452065 -1.4981967038e-05 -3.2248213089e-05 0.00011934434327 0.0019887664199 -0.0015782724903 -0.00014472251881 
3.428687441e-07 -1.4291183752e-06 -0.00059025132829 0.020874889068 0.011054894224 -0.095675867356 -0.014049967555 -0.014284071006 -0.10502090541 
0.03202993226 0.019558190021 -0.079769766051 0.044039383087 0.014990405619 -0.14136386244 0.044076458943 0.018149734408 -0.12617759601 
-0.0054711203703 -0.014408607318 -0.13188470481 0.0083034020965 -0.0092707364612 -0.13216152823 0.0025547695749 -0.00561861994 -0.086915663481 
2.9692940433e-17 -2.6121967551e-17 -2.0657363679e-17 3.8271508897e-07 2.5279613097e-06 -5.2107533305e-05 3.64863842e-17 1.345144365e-16 5.616170418e-18 
-3.1566070474e-16 -1.1854391073e-16 3.2281341166e-18 -1.7591662785e-06 -9.6871697716e-07 1.368773934e-05 -9.2863710664e-07 -7.7842603469e-07 2.1203896229e-05 
0.04240207212 -0.04793288836 -0.10556436455 0.022425414119 0.02604120328 -0.12596830437 -0.022381036061 0.034293223463 -0.087157412245 
0.010994115275 -0.010477839116 -0.076597678468 2.2941889818e-15 2.0367462952e-15 5.9044057662e-14 1.6394204568e-08 -1.6275587517e-08 -1.8856291715e-08 
1.4234830233e-06 3.9367695301e-07 -1.226509449e-05 -1.3989065162e-06 -3.804326032e-07 -1.224146309e-05 -4.9697559857e-17 4.806661299e-17 -4.2086225111e-19 
2.7272454043e-17 4.1982261699e-16 -2.0799422253e-18 -3.2805829595e-07 3.5250239254e-07 -1.9104497507e-05 -9.1571555052e-06 3.7527140032e-06 -3.2758930887e-05 
3.5270091062e-06 4.5213524063e-06 -1.1607750554e-05 2.0092440879e-09 -6.2390947578e-10 1.7206101326e-09 6.5880404634e-06 1.2419442916e-06 -6.4760808482e-06 
-8.6624669171e-15 3.3781500823e-15 -6.436045521e-14 -4.1151361125e-05 -1.5074019302e-05 -6.8614562804e-05 6.6727373225e-09 1.0499308877e-07 4.9682659688e-07 
-5.2892601291e-08 -2.2978912702e-07 2.6312004889e-06 0.011840408139 -0.037225725981 -0.059677668021 -0.037039658575 -0.0051017610487 -0.12306978349 
0.07593010871 -0.019467028687 -0.050522663317 0.030667020829 -0.039980657189 -0.12452172757 0.018348103392 0.018402324924 -0.058100342022 
0.0055971454853 -0.038163182266 -0.07468755162 -0.017983507299 -0.015445742322 -0.064821679029 -5.8372926043e-08 -9.2067967404e-08 3.3457073342e-07 
-1.6576295891e-09 -1.862364454e-09 2.8456161977e-08 1.4391669274e-09 -1.1378550534e-08 -2.4509591758e-08 0.062518644389 -0.0017451758778 -0.0596504787 
-0.0094402231267 -0.017654296059 -0.1141077285 -0.0030533224035 0.0094478304284 -0.099532639505 -0.019418448874 -0.0075309690936 -0.12954121491 
-0.01228894565 7.1519340002e-05 -0.096335121723 -0.035738336876 -0.0048172201461 -0.079012035986 0.011502643465 0.037543056977 -0.10080242816 
-9.0120522927e-16 1.1338350502e-16 1.9576590105e-16 -1.701330709e-05 -4.3960527841e-05 -0.00031644472709 3.8898407226e-07 1.1271141614e-06 -2.5090810607e-05 
-7.8593049874e-09 -5.9547257818e-09 2.2868074226e-08 1.387714788e-08 2.8919491053e-08 -4.081085179e-09 0.092856804796 -0.0074810778964 -0.049768850895 
0.032672465071 -0.01859806502 -0.093306356829 0.018219668956 -0.00041835598652 -0.12215716992 -0.0014141418862 0.010735961482 -0.1197620775 
0.046541373644 -0.016541057566 -0.076874957781 7.0791981867e-07 -1.1951124096e-06 6.4839339609e-07 1.1996503933e-06 -1.9447132806e-06 -5.2840219563e-07 
-5.0195131191e-06 -2.3967019749e-07 3.4459819969e-05 4.0399586778e-06 2.8545691283e-06 1.6745903924e-05 3.7901342056e-06 -1.5435112165e-06 4.0386489228e-06 
-2.7507752122e-06 -5.0874003033e-06 -1.288672621e-05 1.4645610747e-07 -5.2623788248e-08 -7.7172407305e-05 0.00041019466398 -0.00043973104974 0.00045422878688 
1.6872021765e-06 4.2754121367e-07 6.4489813633e-06 -1.5044784688e-09 3.6739773158e-10 4.6428190364e-09 -2.7524150062e-16 -3.86637647e-16 -1.7622894701e-18 
-6.9921184535e-17 -2.0927549862e-16 -1.655417769e-17 -4.5120245292e-06 -9.7611992636e-07 -8.8466969873e-06 0.016052027834 0.039794117541 -0.045668997843 
1.770774181e-07 8.9570872249e-08 2.9836477541e-07 -5.9668270345e-08 1.6316296233e-08 -1.8784574456e-07 -1.1917459931e-06 -1.8391593953e-07 3.3313584268e-05 
-8.0815847881e-10 2.3738560857e-09 3.1326625738e-08 7.5807094151e-10 -1.7458019426e-09 3.3027339767e-09 -0.014001341769 -0.014494122409 -0.089987082187 
-0.043091128916 0.015232537946 -0.071578444539 -0.0074100122523 -0.0017215288017 -0.10986800895 0.03511903959 0.009978030229 -0.064709258912 
0.0047726762131 -0.02716016418 -0.072780755844 2.4282188171e-16 -8.6132945778e-17 2.5261092665e-17 -5.7883813526e-13 -1.4021077285e-13 -5.5435485863e-12 
-1.5612530396e-09 -6.3562036909e-09 2.4948658709e-08 0.0071623951749 0.019135405858 -0.095314784192 -0.02068274406 -0.036703212395 -0.084389082883 
0.0077242668489 -0.024466064697 -0.094339053519 0.023260500203 0.010737703774 -0.10712471991 -0.0023066422035 -0.005366731458 -0.094890639818 
-0.041292104335 0.016815214596 -0.11254715273 0.014079826241 0.016294116339 -0.10929012583 0.0063883824848 -0.0085297156863 -0.079768352562 
4.2858719939e-06 6.5537558698e-06 8.0077545955e-06 -6.9360366724e-07 -3.5439886934e-06 2.1104756383e-05 1.6301922428e-16 -3.6197049597e-16 -4.4049541952e-19 
-7.2086499726e-07 -6.4225018655e-07 0.00024587881003 1.4480923127e-12 1.7101092988e-13 -6.3366153244e-11 0.011999983195 0.074537953795 -0.090772974945 
0.038857339006 0.020985800657 -0.073350479581 0.028596919147 0.035926077116 -0.11827213655 0.014141673819 0.0093886573577 -0.12965220833 
-0.0013558279292 0.0058059619036 -0.096077703304 0.038384086111 -0.023281882306 -0.081521639332 0.025280118713 -0.019538969809 -0.092989240358 
0.033777859709 -0.048457585341 -0.14440315553 -1.3356050562e-07 2.5027099202e-06 -1.7908045079e-05 5.9351789319e-17 3.7921115706e-17 -3.5250171733e-17 
5.9873430171e-06 2.5150707888e-05 -0.0001635703447 -7.0308345772e-08 4.9327732541e-08 -1.4248977315e-06 -0.00039987419493 0.003253317563 -0.00067340829645 
0.018566268954 -0.0026706693301 -0.0552713086 -2.6932449393e-07 7.3252551898e-08 2.3860162589e-06 7.2418635194e-07 -3.0411276339e-07 -5.802424397e-07 
-1.2864174691e-16 2.9566069066e-16 -8.5359330346e-19 -3.2346342276e-08 3.6636848476e-07 4.7870592289e-06 1.2661827206e-10 -6.9870319757e-11 1.471282665e-10 
-4.1543163106e-06 -1.9203670873e-06 1.8909371501e-06 4.4427087205e-07 -7.2737296102e-07 6.6739664889e-06 -1.017154501e-10 1.0353990103e-10 4.0322697771e-10 
-0.011412253609 -0.0014805184471 -0.13408460245 0.045331509778 0.028349868291 -0.034043996184 -0.033444075563 -0.017138629147 -0.068522869609 
0.045523953397 -0.0084476007455 -0.044501209465 -0.012220895513 -0.014954799337 -0.13304279595 0.006998488329 0.037410369695 -0.090922420454 
0.017158476635 -0.033784023627 -0.1146823533 -1.0593469949e-16 9.8692387316e-17 3.1360544962e-17 3.1329483433e-16 9.463998677e-17 -2.4236872367e-17 
2.4734983559e-09 1.954554257e-08 5.5955435968e-07 -0.020434580039 -0.013067184889 -0.079975078633 0.025892969978 0.0098083179545 -0.09465245531 
-0.047719819915 0.022234284189 -0.11286368389 -0.012542583664 -0.039127416322 -0.080044938167 -0.031819451777 -0.013181562291 -0.10958236062 
0.03322551787 0.011768021345 -0.075125005032 0.0098657892965 0.00011891096577 -0.0065360005819 -4.9721005867e-06 7.6621309891e-06 2.7578359162e-05 
2.3155754426e-10 1.7938163973e-09 1.886736995e-06 -0.00052665856171 -0.021152220549 -0.084825236929 -0.0010640131215 0.012665471053 -0.054797924074 
-0.017323462398 -0.018521166636 -0.14304252269 -0.027189153714 0.042684846625 -0.056619624964 -0.017768914358 0.0076360003583 -0.088727299274 
0.0031280910655 0.017105555213 -0.11385817422 -0.021732565569 0.0014665124979 -0.13802102458 0.0003160283655 -0.044101924823 -0.055542523414 
-1.9797424792e-06 3.8659741121e-06 6.453683075e-05 -5.5939154726e-16 -4.7103203402e-16 3.9609671856e-17 -0.00053326155187 -0.00036369890906 -0.00021211157707 
1.3066756118e-05 2.5207411452e-06 2.3216425494e-05 -7.2471344595e-05 -8.6282758024e-06 -5.3180953436e-05 1.0543102846e-05 -2.561973714e-07 -0.00065509810608 
5.4519089992e-17 3.2544926029e-16 -4.6862134509e-17 -3.2339409759e-15 -5.2030548031e-15 -3.6436619671e-15 -2.5645706915e-10 1.9702426495e-10 5.1979251817e-11 
-1.0612745307e-11 9.4432233801e-12 -5.7251232355e-11 6.6222371475e-18 7.7136565192e-17 2.4862253884e-18 -1.7802247638e-11 4.8329961343e-12 2.0567758234e-11 
9.2369381764e-06 5.5307195347e-06 -3.0091092346e-06 1.6469508484e-06 1.505035994e-06 1.7038459892e-06 -1.800150533e-06 3.8981008339e-06 8.4030915443e-06 
-2.3844576241e-12 3.7310837137e-12 -4.2968299526e-11 1.6302195154e-12 -3.1189478973e-12 -2.7092840724e-11 -0.030564957521 -0.019758569512 -0.060803434415 
-0.022330406135 -0.00071015004007 -0.092267322801 -0.021739241511 -0.0073422988805 -0.047535754612 0.010129343379 0.018243092207 -0.11584265163 
-0.00029938185235 0.0095280053329 -0.13509889897 -0.018753372268 -0.021313460738 -0.10413202483 0.058205932795 -0.0023217254442 -0.14794612018 
-1.0579424227e-16 1.4108387168e-16 1.2121734356e-16 -1.3348098459e-16 2.8695533955e-16 -2.2056328777e-16 -3.0290695091e-12 7.380812922e-12 -9.7156001112e-12 
0.02716943286 -0.041618432055 -0.058035935733 0.050163895559 0.0097044556888 -0.12486776963 -0.0076330595096 -0.023544704098 -0.12476733233 
-0.019974797797 -0.01063085626 -0.089038674317 0.017630408089 -0.0059803855656 -0.10885092229 -0.0088994362623 -0.027499892198 -0.10816736135 
-0.0078281368443 0.020377589073 -0.10340241186 -0.040014646594 -0.014635201647 -0.10128534898 9.7911340647e-06 -0.00018585029063 3.038051988e-05 
2.0034809914e-15 9.6589750562e-14 1.9991225976e-13 6.7588083812e-07 -2.5497893482e-05 3.6836785556e-05 -0.038565351688 -0.021069306647 -0.078081499723 
-1.2432351919e-09 -1.124772704e-08 9.0223915315e-08 0.00028216979277 0.00021991262842 0.00022727384334 1.8287890313e-05 -2.6598070727e-05 -0.00013779830563 
0.087517312786 0.035637756814 -0.018649186496 0.019408615158 -0.0054150079906 -0.012741754143 -0.027513324231 -0.069990565744 -0.046583728767 
-0.0090367662362 0.016381548939 -0.094012147797 0.0023063573311 0.016085882947 -0.095653539818 0.0082998115095 0.033985011178 -0.078424501975 
2.8811622521e-16 5.3446341912e-17 -9.6477587615e-17 4.8692930717e-07 3.8392997768e-06 8.814020669e-06 -1.8635824386e-07 1.9455923621e-07 8.1384586278e-08 
-8.7445138309e-07 -1.1622032346e-06 8.5573788145e-07 -0.00020578261276 -0.00012722243001 0.00010226333209 1.834386203e-06 2.6948780572e-07 1.3407082114e-06 
9.4392446898e-08 3.5369680351e-08 7.945191228e-07 8.8196251195e-09 -1.6070426276e-09 -7.716233201e-08 8.2062551321e-08 -1.5341817838e-08 -1.6189524953e-07 
-3.2756585221e-17 -3.6619357386e-16 -1.4140919576e-17 -9.0860023367e-17 -3.3763068224e-16 -5.4308184111e-18 3.5886047334e-06 -7.9553606295e-07 1.3044751232e-05 
-1.2354999099e-05 -1.5860352982e-05 6.4858719045e-05 -5.0921701766e-06 -2.8254016014e-06 -1.8211826785e-05 -3.2392510552e-16 -4.0011943317e-17 1.6688720691e-16 
0.0027491493298 0.014793956411 -0.052729310929 -0.0036756328277 -0.019011275559 -0.16953555146 -0.015574406987 -0.014211750047 -0.15329108752 
0.038280864932 -0.012667653194 -0.10575295059 0.016532495887 0.047096293297 -0.071364743656 -0.091635597648 -0.0053102851978 -0.043978152048 
-4.5808855971e-17 -2.4425112854e-16 2.5461826662e-17 5.4135462929e-06 2.1691623523e-05 0.0001360475252 2.5316920958e-06 2.8567977095e-05 9.9811647522e-05 
0.040648469883 0.029421364867 -0.043018273225 -0.039992057439 -0.0022917328514 -0.10090265128 0.089529411886 -0.0088495097519 -0.10257771011 
0.03280582531 0.041966122833 -0.10583476799 -0.029135904575 0.0081377365113 -0.12714651109 0.0039982451152 0.0067504814713 -0.089440770536 
0.021660415625 -0.016052391719 -0.10405476764 2.554702659e-13 5.8405479777e-13 5.0807008488e-13 1.3457226469e-14 2.9184460917e-15 -7.9957466205e-16 
0.052045132691 0.020934196905 -0.078639740646 2.1427506271e-06 4.0402775402e-06 -9.011379708e-06 0.052524578223 0.0011961232373 -0.10836138244 
0.030723093011 0.014604453547 -0.10526342154 0.035535748005 -0.039257875758 -0.11785509339 -0.017285646867 -0.0075569924934 -0.14453578625 
0.031768576404 -0.03964700435 -0.09957705886 3.5202545561e-12 -5.3006202912e-12 4.7284688765e-11 7.4374728669e-13 -5.4807876376e-13 -2.2061627114e-12 
2.6697313808e-06 4.092425898e-06 4.8019075045e-06 4.0234605395e-16 -2.4383844909e-16 -1.4196801945e-16 -1.3759517487e-16 -2.4256250342e-16 -3.5110600385e-16 
8.8613617959e-11 9.1660518917e-12 1.6794727593e-10 -3.9286363874e-13 -2.50131398e-14 5.0936713338e-11 -0.019095215479 0.018062701518 -0.14796926039 
0.036570678038 0.017516319712 -0.05955475995 0.038682483872 -0.076181935445 -0.081580410167 -0.046675337692 0.031542192525 -0.056448704323 
0.045477580364 -0.056098131313 -0.13157116001 0.012802155505 -0.052675816 -0.083558140394 0.0061721210105 -0.027529773905 -0.084889372114 
0.072909887713 0.008021852302 -0.072348894759 -0.036563360772 0.032013591954 -0.073064272433 0.0027531722388 0.01393537943 -0.079482121161 
0.051399807433 0.0076206000207 -0.074643359279 -0.079840543448 0.026027272227 -0.076090411436 0.0069931468231 -0.011131440016 -0.073651883814 
-0.043359483808 0.059206964472 -0.067058406149 -0.00035008481122 0.00078559837889 -0.077228179333 0.047633768132 -0.012187500147 -0.10947714938 
-0.0076699980042 0.039154972129 -0.090540730749 0.017596626767 0.025818866639 -0.095233236429 -0.0077037168649 -0.029211104563 -0.10490628906 
-0.0076047123415 -0.01961226679 -0.059196498483 0.05965083168 0.0027902928112 -0.093377600096 0.021449611618 0.077132184622 -0.10385638379 
-0.032965522746 -0.032590136756 -0.092400004312 0 0 -3.3589267613e-15 0.018349234837 -0.015209140532 -0.01799081361 
-0.011891313999 -0.039316269135 -0.14533980247 0.01425512404 -0.012092171368 -0.033560795835 0.037269462914 0.023675073105 -0.16139262037 
0.010911618636 0.06550426776 -0.12296801565 -0.08545081312 0.013499132047 -0.055861684044 -0.044495127797 -0.023503232874 -0.13269172369 
0.01083521316 0.084173595323 -0.060841503518 0.074667493851 0.048622701783 -0.20019957906 -0.011327826227 -0.080442322187 -0.15093964243 
-0.02443268406 -0.050317629276 -0.076803545324 -0.039978925119 -0.017234348302 -0.040069648437 -0.0030717422131 0.05388907745 -0.036128498759 
0.06397404139 0.027353537877 -0.068359679183 -0.0036465697894 0.040384231975 -0.049735974916 0.070358711682 0.0067934779785 -0.065732244693 
0.017961668065 -0.03933613724 -0.12426357205 0.0097390223065 -5.3308212815e-05 -0.12124638966 -0.025647563324 -0.048225128256 0.014195332629 
-0.056235344543 -0.019820598507 -0.10538100217 -0.065505160227 0.020673547206 -0.070274005003 -0.066921356701 0.025806220107 -0.22801703806 
0.08046201616 -0.039339240397 -0.096708759167 0.041387303081 0.077087808923 -0.14200461151 -0.048912111749 0.028218119455 -0.052099471075 
0.094494089015 0.021043678662 -0.082406115124 0.079184434 0.0072808459978 -0.037653386192 -0.020910578301 -0.048170081473 -0.21094026761 
0.072148741461 0.013879865717 -0.11419166094 -0.021333158131 0.064577879183 -0.11612314957 -0.042211182189 0.012744967739 -0.13386390643 
-0.0012835871003 0.038410539742 -0.11005275479 0.072091565903 -0.073240950828 -0.10152553434 0.045198769596 -0.08068361497 -0.04126620836 
-0.098611773983 -0.040339804563 -0.083060534478 -0.01202544019 -0.090279901101 -0.0052873984109 -0.054624984263 -0.055990498007 -0.14345407886 
-0.0059076433126 0.035768563773 -0.002602177808 -0.042184694275 -0.023175782865 -0.1380582652 0.091374066425 0.00069361902372 -0.13220867693 
0.054450100635 -0.03748572593 -0.18106966156 0.059370146 -0.023881120057 -0.1184421474 -0.05161276596 -0.024740139964 -0.015244856402 
0.068312057112 0.0020149426716 -0.11396256508 -0.017032194898 -0.025264683726 -0.09468183671 0.0039060210483 -0.091979966648 -0.089054763519 
0.026242945073 0.0012786927623 -0.078045055772 -0.10114396098 -0.018188856927 -0.13003237213 0.059205976886 0.04540041059 0.0048460080236 
-0.088939028672 0.084044132971 -0.17440122214 0.079078662614 0.010231489733 -0.10826346321 -0.034694368158 0.063495923946 -0.073933640482 
-0.0024665221408 0.026865887798 -0.17517441654 -0.091265537061 0.089009319849 -0.035267187149 -0.024133592424 -0.049052219214 -0.10543804075 
0.09747877083 -0.028777948684 -0.057725125629 -0.078771433444 -0.060007737471 -0.1834801427 -0.014566411565 -0.063481922793 -0.036047704597 
0.035869580496 -0.036896381927 0.0018877077711 0.01276999 -0.036587265775 -0.072580781735 -0.075811405311 0.11508103876 -0.13844463545 
-0.080065756561 0.0048504504976 -0.10162837728 -0.037320448122 -0.0018081849174 0.049075801509 -0.057214502995 -0.047620761044 -0.095116075394 
-0.034113572871 -0.14534931588 -0.15351254604 0.057552911196 -0.021489808143 -0.077940684744 -0.0010941059869 0.020018513656 -0.051537155012 
0.092662777402 0.066764480006 -0.021277159707 0.012960119938 -0.034412234668 -0.11675569153 0.0078532610837 -0.039735968429 -0.14616086573 
-0.13800554729 0.080498508491 -0.032334524843 -0.088188828034 0.029667637535 -0.24923411084 0.068904205716 -0.031434334103 -0.11984006239 
0.18613773643 -0.057737430498 -0.12366417201 0.029534631975 -0.041364094248 -0.27199703137 0.017185246404 -0.083464635079 -0.07811639037 
-0.050750632227 -0.035366889127 0.007170925067 0.2042758662 0.080063297455 -0.12972301249 0.10756285174 -0.034644898586 -0.098375325886 
-0.089147445925 0.081277357048 -0.079794903456 -0.039680063122 0.056736799081 -0.22591292312 0.037276422826 -0.092569507661 -0.13471558779 
0.19026415834 0.07207250244 -0.13275210239 -0.063928770553 -0.11655268129 -0.033884960898 0.0028662205136 0.14390293278 -0.10622669774 
-0.056974845124 -0.027632650832 -0.024798004273 -0.13299800131 -0.17024412705 -0.037511139837 -0.085518291461 0.10202461898 -0.24270923953 
0.074055980725 0.02485373973 -0.079462261856 0.044379896492 -0.1155023405 -0.10906542969 -0.13587899037 -0.1228650038 -0.20387318428 
-0.0092587714191 0.028284706985 -0.16620127669 0.036818060282 -0.087343807136 -0.22761610349 0.10429876579 -0.10220461401 -0.1764616467 
-0.095600739001 0.043904985437 -0.20785831447 0.0090007865682 -0.0085703054595 -0.028184168511 -0.18037005718 0.0071044692886 -0.24750205189 
0.050336236373 0.029759483578 0.027787253318 -0.032862655376 0.0960007289 -0.037957790717 -0.026909051685 0.1053830559 -0.21128300726 
0.0031047589314 0.07783486883 -0.16085813069 0.031374976733 0.18185397102 -0.13477760697 0.13625966488 -0.012860500323 -0.2035820048 
0.11766311663 0.027782386151 -0.098119350385 -0.073737437019 0.055233748627 -0.14348801329 0.032545561426 0.017393486669 -0.015581487895 
-0.1146316123 -0.12667801659 -0.18235432239 0.0061284998142 -0.11874332495 -0.16116816272 -0.030921346429 -0.1096413242 -0.11243349244 
0.011412563598 0.01238837513 -0.043685047043 -0.064682947601 0.030536228572 -0.056289602054 0.055193547291 0.0077859412559 -0.092119091644 
0.055297504197 -0.10689860792 -0.13858156081 -0.10917297636 0.08279113909 -0.12109923273 0.07772270053 0.0025870408466 -0.091394841699 
-0.10808805648 0.030786811305 -0.19131068071 -0.023701701472 0.013116732208 -0.24767793943 0.14428033243 0.030078131779 -0.2677199548 
-0.037101119611 0.16978268926 -0.077192868832 0.050295503986 0.038058182253 -0.25566377673 0.078286096106 0.15480699442 -0.16726367617 
-0.077972033594 -0.071708962172 -0.35112330724 0.012605444667 -0.10465963675 -0.1886634168 -0.022480643239 0.077432510321 -0.074754039904 
0.073040855599 -0.011551631389 -0.13982183915 0.0025301835772 0.046277216646 -0.093963946329 0.013918971617 0.00030424874411 -0.25588295838 
0.11015979421 -0.01644604609 -0.099923814671 -0.027594662894 0.092591662871 -0.053656725053 0.096805245526 0.14260810549 -0.13159790304 
-0.066527411115 -0.092828380684 -0.20137862298 -0.14467479351 -0.021435187497 -0.099553028786 0.043009816728 0.11195019463 -0.069285959357 
0.072432341706 -0.015318222273 -0.15554335797 0.10233668962 0.056457285078 -0.10527120659 -0.13452901626 0.10592319565 -0.23218436726 
0.06566427784 -0.19640101324 -0.15171550841 0.018289754943 -0.23098098614 -0.15702827062 0.086029024071 -0.13479230378 -0.24060234012 
-0.060287288791 0.036735625324 -0.21281998104 0.13412662909 -0.027152272265 -0.10472924103 0.082717665121 0.050151993284 -0.22190316469 
-0.0045100549773 -0.016422675604 -0.38826244751 -0.067499873038 0.086334498039 -0.064706117623 0.095005203638 -0.10412581257 -0.18402109003 
-2.033501092e-11 2.0744371004e-11 -4.332004229e-12 -1.493521006e-11 1.7564057245e-11 -4.5782448803e-13 -2.1703864977e-11 1.4979876393e-11 6.0952566897e-11 
-3.1936657854e-12 5.3598967499e-11 8.7720525289e-12 2.2336290827e-12 -8.5145469164e-12 1.0412346707e-11 -8.8825840536e-12 2.3594063762e-11 -2.4263960997e-11 
-7.1946956855e-12 1.619735419e-10 -8.5725201131e-11 -1.1550816253e-10 -8.1095713879e-11 -1.8409004209e-10 -6.6359809465e-11 -6.9688871446e-12 -5.2978452724e-11 
-4.8892374691e-11 1.8203335435e-11 -2.2044947824e-11 2.3051879134e-10 -4.7703176481e-10 -4.2882677059e-11 2.803880193e-10 -5.4421892544e-10 1.5294715564e-11 
1.0942833465e-10 -4.2616858133e-10 6.8695997206e-11 1.5048479804e-10 7.2904927274e-12 1.0152638089e-10 8.0269036164e-11 -2.0879773338e-11 1.9881812564e-10 
2.730952286e-11 4.627413992e-12 2.8735370618e-11 -1.7083023395e-11 2.955751514e-11 -2.610569011e-12 4.1775568735e-11 -1.299968981e-11 -1.7360559774e-11 
-1.7194886559e-11 -7.7881271071e-12 -1.6662528121e-11 -2.9462007184e-11 -9.2602364882e-11 -6.9724772661e-11 2.0599168861e-10 -4.0253567446e-11 -8.2912176543e-13 
-2.5616981153e-11 -1.5328163876e-11 2.6231447763e-11 6.7083737805e-12 -2.9784101501e-10 -1.8217710972e-10 2.5924616376e-11 -4.2753108802e-11 2.2287140653e-11 
0.14246115541 -0.12729328915 -0.094830785213 -0.010116027311 0.086944992484 -0.32895457938 0.030894486134 0.070675170701 0.014362905347 
0.012701249467 0.22965430804 -0.15138557419 -0.054872157071 0.0030638458103 -0.11409278887 -3.2521363549e-11 -7.8083900519e-12 -4.9038265124e-11 
6.6682279502e-11 -3.8616810824e-11 2.4040611829e-11 3.9319169847e-12 3.7271225539e-11 -5.8375907153e-12 -4.1673169248e-11 3.4610876816e-10 3.5842423038e-11 
5.4133815268e-12 -1.465127469e-11 -2.0609923039e-10 -8.2165114513e-11 8.7927322114e-13 5.283596131e-11 7.4302862016e-11 -2.2810122614e-10 6.8828581865e-10 
-3.0050180865e-10 1.3689548425e-11 3.3534316627e-10 7.599907049e-11 2.6046927843e-11 5.3846420905e-11 6.2993239319e-11 2.1273633885e-10 1.44260139e-10 
-1.5533117939e-09 -1.4385552849e-11 -4.3568900379e-10 3.8332780213e-11 5.6506035671e-11 3.0373638519e-11 -2.7166730308e-10 -1.4842721246e-10 1.1603824796e-10 
7.471457047e-12 -1.0153122147e-11 -1.3271159227e-11 -2.4557785406e-10 -2.3376629726e-11 9.45420274e-10 -0.14990831044 0.026870693568 -0.24704798072 
0.15108444267 0.007037475191 -0.051068594007 -1.9573381957e-11 6.8556569991e-11 -4.9595411525e-11 -3.4670112589e-10 8.7457948347e-10 -1.9418087631e-11 
-1.7342514512e-11 2.2349641178e-11 -7.5938220063e-11 -1.7488264102e-10 4.9059376493e-10 -2.2656882185e-10 -8.0119770253e-10 5.6790833995e-10 -1.4850739982e-10 
-9.2568873001e-10 2.8851406946e-10 -5.0314824385e-10 -1.8598854584e-10 2.0238940871e-10 -3.4054431567e-10 -1.1789955538e-10 1.2298853745e-09 -1.0299674958e-09 
2.0802972923e-11 -1.6712019097e-11 7.602989262e-11 -1.391846452e-10 -3.8544555866e-10 3.6707002376e-10 -7.2683853363e-10 -5.8609777448e-10 7.5130726516e-10 
-1.0569724835e-10 -4.0187243272e-11 2.0507683573e-10 8.1193724603e-11 -7.7658408546e-10 2.6854510181e-11 -0.060035770382 -0.045758541789 -0.11276938733 
-0.14460836601 -0.07459004296 -0.011148279868 -6.7594371052e-11 -1.6733422449e-11 -4.8039444598e-11 -4.1120599403e-11 -3.5741864918e-11 -1.7699625887e-11 
1.6717596011e-10 4.7666424487e-10 -1.4869209096e-10 1.0820765743e-10 1.3513980969e-11 -2.097611452e-10 -7.9401638869e-10 -2.0447349982e-10 -8.1293464497e-11 
1.2170467731e-10 -2.0802861043e-10 -1.9096419699e-11 4.1432170423e-11 -2.5242223011e-11 8.7194274718e-11 6.8369322903e-12 -2.1142823229e-10 -1.3001581318e-11 
5.131441361e-10 -2.4807037223e-10 1.7777139634e-10 -1.8098936334e-11 -5.9573439897e-11 1.2252497243e-11 4.9858648964e-10 -2.0580225666e-10 1.7225213509e-10 
3.2410826853e-10 1.3627044882e-10 1.8712691016e-11 0.16080207743 -0.013383309043 -0.090883780339 -0.016332649659 0.010667201122 -0.052349847013 
-0.11021980417 -0.037872512898 -0.27654048947 0.013469107625 -0.11422968716 -0.34463659928 0.17618092113 0.057079616617 -0.041122040153 
0.026631248435 0.15658016506 -0.22161454924 -0.093243687733 -0.15308168978 -0.075471846847 -0.057495796336 -0.035548074823 -0.2388768867 
-0.10977325662 -0.21453724338 0.073417725712 -0.058008959032 -0.11842868208 -0.019464350645 -4.8465576244e-10 4.3191971928e-10 -1.6056309361e-10 
-1.7103076407e-09 1.8155985725e-10 -1.0461611956e-10 -1.0994925732e-09 7.0410868934e-10 6.807667495e-10 -2.1708184588e-09 6.7089450862e-10 1.1511140896e-09 
-2.0332668395e-09 4.9173481072e-10 -5.1909469933e-10 -1.8903038246e-09 -5.9048863085e-11 6.9879898368e-10 -8.274285759e-10 5.8118663578e-10 -1.7204737389e-10 
1.2655827922e-10 2.5216527866e-10 -2.235253309e-10 -2.6713296832e-10 8.2532177151e-10 -5.7601040144e-10 -6.3401404018e-09 4.3402021926e-09 -3.5234708561e-10 
-8.9776501838e-10 7.5368093864e-10 -2.8677986911e-11 5.2094950729e-10 1.1035925564e-09 -1.6847618541e-09 -3.2019023392e-10 -6.876244901e-10 4.9350241117e-10 
-4.0518372351e-10 -4.2538551709e-10 -1.599486086e-11 -5.0945819136e-10 1.4508723603e-11 2.5753591155e-09 1.1652779469e-10 5.0932627191e-11 2.3617145239e-10 
3.8667961058e-12 -1.8342458659e-11 2.6153127875e-11 -3.0790291515e-11 -4.6668179272e-13 2.8954854412e-11 -3.6149828425e-10 5.6340812934e-10 -4.4419000487e-10 
2.39424774e-10 -7.3322864211e-11 4.3144673133e-11 2.1629778278e-10 -2.1656465862e-10 7.1342477188e-11 -0.043409814068 -0.041816813544 0.00046577580981 
-0.065740647149 -0.075546827723 -0.10874204391 0.07929074722 0.083300768316 -0.1014750887 -0.024924114199 -0.20541919329 0.13800931465 
-0.205583549 0.21884752073 -0.07421010435 -0.092672805438 -0.015138614119 -0.077155317862 0.094261161099 -0.11452298311 0.12360627915 
0.18285561912 -0.090151173657 -0.13355559683 -0.25006419994 -0.10155064343 0.08621442603 0.13608724761 0.16408689462 0.0021830781738 
0.080563937249 0.12328801431 -0.07332542617 0.043132377302 0.081914576104 -0.049029818215 -0.033694452967 -0.15687330391 0.048422482498 
-0.098104142173 -0.066412941162 0.0048875354969 0.068206670818 0.13080463708 -0.22535245286 -0.0011139205414 -0.0246977837 -0.37056020094 
-0.13092269092 0.076148840469 0.094026331687 -0.11716830097 0.089013752147 -0.14738199208 -0.2855799316 0.064611563112 -0.22605867448 
-0.12990836615 0.074757394927 -0.22585782822 0.18241158412 0.21644368519 0.10415224738 0.18357484787 0.10418803681 0.15177404868 
0.0092836749772 0.0044644444275 -0.38050574933 0.020731457459 -0.077378671993 0.009170478841 -0.01374868438 -0.29698499526 -0.15069552156 
0.041872315786 0.021872944521 -0.18760862726 0.026454304811 0.1279998676 -0.21865278582 -0.024686785411 0.1031733751 -0.41249735145 
0.22547619052 -0.16470777686 -0.22062475941 -0.012781643729 0.047684607746 -0.24793870958 0.22950953668 -0.11009233909 -0.051686107393 
0.015247094446 0.058606959983 -0.094793623776 -0.0039892097165 -0.0082204919767 -0.36505511228 0.14974080898 -0.04066943859 -0.21623771348 
0.14367700078 0.013276282294 -0.17896802815 0.018805069347 0.068900417684 -0.070942888636 -0.21213475311 -0.074246706658 -0.028616733341 
0.089889800976 0.07681601256 -0.044182883234 0.076270666634 -0.08319160004 0.028056656045 -0.00047609716282 0.017285071724 -0.3672774835 
-0.014030494642 -0.014738018656 -0.35424723407 0.08611997882 -0.094432904234 -0.27231343218 0.15855351462 0.25599656341 -0.049037425148 
0.071403295101 -0.076947559959 -0.20869118304 -0.058839230869 -0.029850994036 -0.08384080068 -0.01592944612 -0.00050234716405 -0.37070086891 
0.040152179043 -0.11683395747 0.024794802446 -0.01805831353 -0.097424445244 -0.055640000271 -0.00027945572824 -0.16750977875 -0.041931347516 
-0.067492311768 0.14902791654 -0.043957473322 -0.010915536555 -0.023411672115 -0.36264835295 0.14359058076 0.036525683551 -0.20452888438 
-0.22032562353 -0.0086406247826 -0.24936818541 -0.0026270362167 -0.0082704253574 -0.35190134751 -0.099596264704 -0.061013004771 0.069836936209 
0.10680840058 -0.1155401446 0.05024878164 0.050280708702 0.01214510875 -0.32514029292 -0.14415192526 -0.063731896663 -0.18454665226 
-0.18807909231 -0.16773539032 0.057275113886 0.020181533187 -0.021923867247 -0.35289518029 0.12811891707 -0.061418758094 0.028604582761 
0.14998454951 0.041451898431 -0.10994627633 0.09702132997 0.061771374329 -0.02710700544 0.0047180460782 -0.0029840603847 -0.35827046584 
0.019117216752 0.0023342434784 -0.34971895672 0.0098465077712 -0.025364880028 -0.34878175846 -0.0023831056641 -0.00043545561138 -0.34834598986 
-0.0097284814817 0.0059871993797 -0.35003852362 -0.0073750332624 -0.00053409627096 -0.34875165685 0.0077338910777 0.0024623920821 -0.34879803822 
0.0077456440672 0.025470249673 -0.34132755069 0.01464435117 0.022117071298 -0.34261611118 -0.12283456183 -0.077489753033 -0.084645014508 
0.010054678058 -0.023330125096 -0.3493352169 0.088168552474 0.16149883953 -0.33547982905 0.02225268793 -0.014603323872 -0.34804044861 
-0.006101039405 -0.012748859878 -0.34841701357 -0.013293139586 0.0030790203069 -0.34935063527 0.019707679787 0.016995333009 -0.34173620362 
0.0031217827362 0.023387172215 -0.33285802398 0.018952309212 -0.029958349207 -0.34618594535 -0.017997693353 -0.021680143824 -0.33510463338 
0.047045260455 -0.048222706377 -0.16379361742 -0.0088732220205 -0.006794282725 -0.33846317363 -0.0035981969815 0.018029675071 -0.33765241243 

f 3 3555 double
0 0 -5.1365039886e-09 0 0 -5.1365039886e-09 0 0 -5.1365039886e-09 
0 0 -5.1365039886e-09 0 0 -5.1365039886e-09 0 0 -5.1365039886e-09 
0 0 -5.1365039886e-09 0 0 -5.1365039886e-09 0 0 -5.1365039886e-09 
0 0 -5.1365039886e-09 0 0 -5.1365039886e-09 0 0 -5.1365039886e-09 
0 0 -5.1365039886e-09 0 0 -5.1365039886e-09 0 0 -5.1365039886e-09 
0 0 -5.1365039886e-09 0 0 -5.1365039886e-09 0 0 -5.1365039886e-09 
0 0 -5.1365039886e-09 0 0 -5.1365039886e-09 0 0 -5.1365039886e-09 
0 0 -5.1365039886e-09 0 0 -5.1365039886e-09 0 0 -5.1365039886e-09 
0 0 -5.1365039886e-09 0 0 -5.1365039886e-09 0 0 -5.1365039886e-09 
0 0 -5.1365039886e-09 0 0 -5.1365039886e-09 0 0 -5.1365039886e-09 
0 0 -5.1365039886e-09 0 0 -5.1365039886e-09 0 0 -5.1365039886e-09 
0 0 -5.1365039886e-09 0 0 -5.1365039886e-09 0 0 -5.1365039886e-09 
0 0 -5.1365039886e-09 0 0 -5.1365039886e-09 0 0 -5.1365039886e-09 
0 0 -5.1365039886e-09 0 0 -5.1365039886e-09 0 0 -5.1365039886e-09 
0 0 -5.1365039886e-09 0 0 -5.1365039886e-09 0 0 -5.1365039886e-09 
0 0 -5.1365039886e-09 0 0 -5.1365039886e-09 0 0 -5.1365039886e-09 
0 0 -5.1365039886e-09 0 0 -5.1365039886e-09 0 0 -5.1365039886e-09 
0 0 -5.1365039886e-09 0 0 -5.1365039886e-09 0 0 -5.1365039886e-09 
0 0 -5.1365039886e-09 0 0 -5.1365039886e-09 0 0 -5.1365039886e-09 
0 0 -5.1365039886e-09 0 0 -5.1365039886e-09 0 0 -5.1365039886e-09 
0 0 -5.1365039886e-09 0 0 -5.1365039886e-09 0 0 -5.1365039886e-09 
0 0 -5.1365039886e-09 0 0 -5.1365039886e-09 0 0 -5.1365039886e-09 
0 0 -5.1365039886e-09 0 0 -5.1365039886e-09 0 0 -5.1365039886e-09 
0 0 -5.1365039886e-09 0 0 -5.1365039886e-09 0 0 -5.1365039886e-09 
0 0 -5.1365039886e-09 0 0 -5.1365039886e-09 0 0 -5.1365039886e-09 
0 0 -5.1365039886e-09 0 0 -5.1365039886e-09 0 0 -5.1365039886e-09 
0 0 -5.1365039886e-09 0 0 -5.1365039886e-09 0 0 -5.1365039886e-09 
0 0 -5.1365039886e-09 0 0 -5.1365039886e-09 0 0 -5.1365039886e-09 
0 0 -5.1365039886e-09 0 0 -5.1365039886e-09 0 0 -5.1365039886e-09 
0 0 -5.1365039886e-09 0 0 -5.1365039886e-09 0 0 -5.1365039886e-09 
0 0 -5.1365039886e-09 0 0 -5.1365039886e-09 0 0 -5.1365039886e-09 
0 0 -5.1365039886e-09 0 0 -5.1365039886e-09 0 0 -5.1365039886e-09 
0 0 -5.1365039886e-09 0 0 -5.1365039886e-09 0 0 -5.1365039886e-09 
0 0 -5.1365039886e-09 0 0 -5.1365039886e-09 0 0 -5.1365039886e-09 
0 0 -5.1365039886e-09 0 0 -5.1365039886e-09 0 0 -5.1365039886e-09 
0 0 -5.1365039886e-09 0 0 -5.1365039886e-09 0 0 -5.1365039886e-09 
0 0 -5.1365039886e-09 0 0 -5.1365039886e-09 0 0 -5.1365039886e-09 
0 0 -5.1365039886e-09 0 0 -5.1365039886e-09 0 0 -5.1365039886e-09 
0 0 -5.1365039886e-09 0 0 -5.1365039886e-09 0 0 -5.1365039886e-09 
0 0 -5.1365039886e-09 0 0 -5.1365039886e-09 0 0 -5.1365039886e-09 
0 0 -5.1365039886e-09 0 0 -5.1365039886e-09 0 0 -5.1365039886e-09 
0 0 -5.1365039886e-09 0 0 -5.1365039886e-09 0 0 -5.1365039886e-09 
0 0 -5.1365039886e-09 0 0 -5.1365039886e-09 0 0 -5.1365039886e-09 
0 0 -5.1365039886e-09 0 0 -5.1365039886e-09 0 0 -5.1365039886e-09 
0 0 -5.1365039886e-09 0 0 -5.1365039886e-09 0 0 -5.1365039886e-09 
0 0 -5.1365039886e-09 0 0 -5.1365039886e-09 0 0 -5.1365039886e-09 
0 0 -5.1365039886e-09 0 0 -5.1365039886e-09 0 0 -5.1365039886e-09 
0 0 -5.1365039886e-09 0 0 -5.1365039886e-09 0 0 -5.1365039886e-09 
0 0 -5.1365039886e-09 0 0 -5.1365039886e-09 0 0 -5.1365039886e-09 
0 0 -5.1365039886e-09 0 0 -5.1365039886e-09 0 0 -5.1365039886e-09 
0 0 -5.1365039886e-09 0 0 -5.1365039886e-09 0 0 -5.1365039886e-09 
0 0 -5.1365039886e-09 0 0 -5.1365039886e-09 0 0 -5.1365039886e-09 
0 0 -5.1365039886e-09 0 0 -5.1365039886e-09 0 0 -5.1365039886e-09 
0 0 -5.1365039886e-09 0 0 -5.1365039886e-09 0 0 -5.1365039886e-09 
0 0 -5.1365039886e-09 0 0 -5.1365039886e-09 0 0 -5.1365039886e-09 
0 0 -5.1365039886e-09 0 0 -5.1365039886e-09 0 0 -5.1365039886e-09 
0 0 -5.1365039886e-09 0 0 -5.1365039886e-09 0 0 -5.1365039886e-09 
0 0 -5.1365039886e-09 0 0 -5.1365039886e-09 0 0 -5.1365039886e-09 
0 0 -5.1365039886e-09 0 0 -5.1365039886e-09 0 0 -5.1365039886e-09 
0 0 -5.1365039886e-09 0 0 -5.1365039886e-09 0 0 -5.1365039886e-09 
0 0 -5.1365039886e-09 0 0 -5.1365039886e-09 0 0 -5.1365039886e-09 
0 0 -5.1365039886e-09 0 0 -5.1365039886e-09 0 0 -5.1365039886e-09 
0 0 -5.1365039886e-09 0 0 -5.1365039886e-09 0 0 -5.1365039886e-09 
0 0 -5.1365039886e-09 0 0 -5.1365039886e-09 0 0 -5.1365039886e-09 
0 0 -5.1365039886e-09 0 0 -5.1365039886e-09 0 0 -5.1365039886e-09 
0 0 -5.1365039886e-09 0 0 -5.1365039886e-09 0 0 -5.1365039886e-09 
0 0 -5.1365039886e-09 0 0 -5.1365039886e-09 0 0 -5.1365039886e-09 
0 0 -5.1365039886e-09 0 0 -5.1365039886e-09 0 0 -5.1365039886e-09 
0 0 -5.1365039886e-09 0 0 -5.1365039886e-09 0 0 -5.1365039886e-09 
0 0 -5.1365039886e-09 0 0 -5.1365039886e-09 0 0 -5.1365039886e-09 
0 0 -5.1365039886e-09 0 0 -5.1365039886e-09 0 0 -5.1365039886e-09 
0 0 -5.1365039886e-09 0 0 -5.1365039886e-09 0 0 -5.1365039886e-09 
0 0 -5.1365039886e-09 0 0 -5.1365039886e-09 0 0 -5.1365039886e-09 
0 0 -5.1365039886e-09 0 0 -5.1365039886e-09 0 0 -5.1365039886e-09 
0 0 -5.1365039886e-09 0 0 -5.1365039886e-09 0 0 -5.1365039886e-09 
0 0 -5.1365039886e-09 0 0 -5.1365039886e-09 0 0 -5.1365039886e-09 
0 0 -5.1365039886e-09 0 0 -5.1365039886e-09 0 0 -5.1365039886e-09 
0 0 -5.1365039886e-09 0 0 -5.1365039886e-09 0 0 -5.1365039886e-09 
0 0 -5.1365039886e-09 0 0 -5.1365039886e-09 0 0 -5.1365039886e-09 
0 0 -5.1365039886e-09 0 0 -5.1365039886e-09 0 0 -5.1365039886e-09 
0 0 -5.1365039886e-09 0 0 -5.1365039886e-09 0 0 -5.1365039886e-09 
0 0 -5.1365039886e-09 0 0 -5.1365039886e-09 0 0 -5.1365039886e-09 
0 0 -5.1365039886e-09 0 0 -5.1365039886e-09 0 0 -5.1365039886e-09 
0 0 -5.1365039886e-09 0 0 -5.1365039886e-09 0 0 -5.1365039886e-09 
0 0 -5.1365039886e-09 0 0 -5.1365039886e-09 0 0 -5.1365039886e-09 
0 0 -5.1365039886e-09 0 0 -5.1365039886e-09 0 0 -5.1365039886e-09 
0 0 -5.1365039886e-09 0 0 -5.1365039886e-09 0 0 -5.1365039886e-09 
0 0 -5.1365039886e-09 0 0 -5.1365039886e-09 0 0 -5.1365039886e-09 
0 0 -5.1365039886e-09 0 0 -5.1365039886e-09 0 0 -5.1365039886e-09 
0 0 -5.1365039886e-09 0 0 -5.1365039886e-09 0 0 -5.1365039886e-09 
0 0 -5.1365039886e-09 0 0 -5.1365039886e-09 0 0 -5.1365039886e-09 
0 0 -5.1365039886e-09 0 0 -5.1365039886e-09 0 0 -5.1365039886e-09 
0 0 -5.1365039886e-09 0 0 -5.1365039886e-09 0 0 -5.1365039886e-09 
0 0 -5.1365039886e-09 0 0 -5.1365039886e-09 0 0 -5.1365039886e-09 
0 0 -5.1365039886e-09 0 0 -5.1365039886e-09 0 0 -5.1365039886e-09 
0 0 -5.1365039886e-09 0 0 -5.1365039886e-09 -6.776263578e-21 -5.4210108624e-20 0 
2.5998845103e-10 -3.0006516003e-11 5.8127972745e-11 0 0 -5.1365039886e-09 -4.2278131837e-08 1.2403249061e-07 1.9196439203e-08 
1.7618285303e-19 -9.4867690092e-20 0 -4.6344386526e-13 -1.9555179619e-12 5.3253631973e-12 0 0 -5.1365039886e-09 
0 0 -5.1365039886e-09 0 0 -5.1365039886e-09 0 0 -5.1365039886e-09 
0 0 -5.1365039886e-09 -3.1417468453e-16 -6.2254888744e-16 -1.2629112166e-14 -2.616350604e-14 3.4235631772e-14 2.2139614361e-13 
4.2817086411e-12 4.3140576831e-12 -8.644022889e-12 0 0 -5.1365039886e-09 0 0 -5.1365039886e-09 
0 0 -5.1365039886e-09 0 0 -5.1365039886e-09 -5.8037414631e-07 -3.776017331e-07 3.9271291559e-07 
0 0 -5.1365039886e-09 0 0 -5.1365039886e-09 0 0 -5.1365039886e-09 
5.4318528842e-17 -7.5880599547e-16 -5.4062386078e-15 5.4210943655e-10 1.0762883918e-09 8.5511989139e-10 0 0 -5.1365039886e-09 
0 0 -5.1365039886e-09 0 0 -5.1365039886e-09 5.8037414631e-07 3.776017331e-07 -4.0298592356e-07 
0 0 -5.1365039886e-09 -8.7312156203e-18 6.0701769132e-17 1.7130394325e-17 1.3235512004e-08 4.3838535298e-09 3.4919821481e-09 
-6.776263578e-21 -4.0657581468e-20 -1.0842021725e-19 5.0821976835e-20 6.776263578e-21 0 -7.4538899358e-20 8.1315162936e-20 -6.9456701675e-20 
3.9922673799e-10 -3.3476071302e-10 -1.2391828785e-09 -1.3251384245e-09 1.5519694693e-09 -2.5281150035e-09 5.4210108624e-20 0 6.776263578e-21 
-5.0056687484e-10 2.674337094e-10 1.3849081497e-09 8.3871847184e-16 3.952052444e-16 -3.3687516752e-16 2.1835812093e-09 1.7994363161e-09 -5.816285587e-09 
-2.7105054312e-20 0 0 -1.2096203813e-11 2.0617071353e-10 1.5109369751e-09 4.2189636631e-11 -4.5951351963e-11 -5.7797425191e-12 
0 0 -5.1365039886e-09 0 0 -5.1365039886e-09 0 0 -5.1365039886e-09 
0 0 -5.1365039886e-09 0 0 -5.1365039886e-09 0 0 -5.1365039886e-09 
0 0 -5.1365039886e-09 3.361178523e-14 5.2368970705e-14 -1.0387236861e-13 1.0265271285e-09 1.6684674275e-09 3.0356098346e-09 
-3.5960681048e-12 -3.0272476217e-12 6.6343913216e-11 6.4773867693e-12 6.4821186748e-11 1.0504509961e-11 0 0 -5.1365039886e-09 
0 0 -5.1365039886e-09 0 0 -5.1365039886e-09 0 0 -5.1365039886e-09 
0 0 -5.1365039886e-09 0 0 -5.1365039886e-09 0 0 -5.1365039886e-09 
0 0 -5.1365039886e-09 0 0 -5.1365039886e-09 2.7999521104e-17 -2.7457420018e-17 -1.7521384734e-16 
1.5834772729e-16 7.7520455333e-18 -1.5010101452e-15 1.6506978076e-17 -3.7039056718e-17 -1.4397527224e-16 -6.9166520432e-11 -1.5024674693e-10 -1.2313193801e-09 
0 0 -5.1365039886e-09 0 0 -5.1365039886e-09 0 0 -5.1365039886e-09 
0 0 -5.1365039886e-09 0 0 -5.1365039886e-09 0 0 -5.1365039886e-09 
0 0 -5.1365039886e-09 2.7168946346e-13 -1.0368788076e-12 1.9660274385e-12 4.5874941216e-13 -5.8618327951e-13 -8.0294210408e-14 
1.9572881591e-15 1.5408308581e-15 -7.4910619767e-16 -2.7105054312e-20 -2.7105054312e-20 -1.3552527156e-20 -1.3739715068e-12 -1.0809195336e-12 -4.534920154e-11 
0 -1.6263032587e-19 3.388131789e-20 8.8589287111e-11 5.8802078332e-12 -6.7727486556e-11 -4.7798861494e-12 2.8405794969e-12 -2.3878242049e-12 
8.9821839745e-12 -5.403096102e-12 -1.6928181643e-11 0 -2.168404345e-19 0 -8.1315162936e-20 0 3.388131789e-21 
0 0 0 6.350087421e-15 4.0648907851e-15 1.5155903096e-13 0 0 -5.1365039886e-09 
0 0 -5.1365039886e-09 0 0 -5.1365039886e-09 0 0 -5.1365039886e-09 
0 0 -5.1365039886e-09 0 0 -5.1365039886e-09 0 0 -5.1365039886e-09 
7.6640285101e-13 4.080792963e-12 2.8987059129e-10 -5.4210108624e-20 -5.4210108624e-20 0 -1.0771424953e-08 8.8205478441e-10 -3.7039836082e-08 
-3.0166461776e-13 6.8406849738e-13 1.4130860225e-13 1.0789174567e-11 -4.1528287236e-11 -8.4837617313e-11 1.3842715987e-10 -1.3537358929e-09 3.8813319108e-08 
0 0 -5.1365039886e-09 0 0 -5.1365039886e-09 0 0 -5.1365039886e-09 
0 0 -5.1365039886e-09 0 0 -5.1365039886e-09 0 0 -5.1365039886e-09 
0 0 -5.1365039886e-09 0 0 -5.1365039886e-09 1.4253672101e-06 7.8953197868e-07 -1.6282124747e-06 
0 0 -5.1365039886e-09 -8.8904578144e-18 1.6986059911e-16 -6.4628613876e-18 -1.9644763247e-12 -3.5421349556e-12 -1.6243083708e-12 
9.3515095841e-12 2.2297338373e-11 -2.2279763109e-11 0 0 -5.1365039886e-09 0 0 -5.1365039886e-09 
0 0 -5.1365039886e-09 0 0 -5.1365039886e-09 0 0 -5.1365039886e-09 
0 0 -5.1365039886e-09 1.0923336888e-17 -2.1507860597e-17 -1.3420390016e-17 3.1333442785e-17 -5.6839298893e-17 -4.5726226625e-17 
-3.2770010663e-15 -1.6308569079e-15 -1.1771072872e-15 0 0 -5.1365039886e-09 -1.4702683882e-10 -1.2093180353e-11 -2.5095402417e-11 
0 0 -5.1365039886e-09 3.6334215232e-11 -4.7026327317e-11 -9.6782224687e-11 2.117484321e-11 -2.6594090753e-11 -4.057549004e-10 
-7.3542445886e-12 3.7033406167e-11 -3.1829801667e-10 7.6609399298e-12 -5.1878867277e-12 -4.0142854725e-12 -3.147812577e-11 2.3719086021e-11 -9.1015118619e-12 
-2.3868949352e-13 5.4087919039e-14 3.8466530453e-11 1.0542809675e-10 5.3484690326e-11 -5.6452671283e-11 0 0 -5.1365039886e-09 
0 0 -5.1365039886e-09 -3.9331809316e-10 -1.4911140703e-10 2.298483294e-10 3.0456287384e-10 4.5638482793e-11 7.6379148865e-11 
5.3165616441e-12 4.9733627589e-12 -4.9381731902e-12 1.3552527156e-20 6.776263578e-21 2.6469779602e-22 0 0 -5.1365039886e-09 
0 0 -5.1365039886e-09 0 0 -5.1365039886e-09 0 0 -5.1365039886e-09 
0 0 -5.1365039886e-09 0 0 -5.1365039886e-09 0 0 -5.1365039886e-09 
4.4994390158e-18 -2.9273458657e-18 1.3772755722e-18 8.5904059473e-13 -3.1126049275e-12 -6.8893171333e-13 1.2833531617e-10 3.5117828017e-10 -1.6099538673e-09 
0 0 -5.1365039886e-09 0 0 -5.1365039886e-09 0 0 -5.1365039886e-09 
0 0 -5.1365039886e-09 0 0 -5.1365039886e-09 0 0 -5.1365039886e-09 
0 0 -5.1365039886e-09 0 0 -5.1365039886e-09 -1.4253672101e-06 -7.8953197868e-07 1.6179394667e-06 
1.7002205087e-06 2.2599668414e-07 -1.7492528487e-06 1.2739375527e-17 1.734723476e-17 -1.2909120929e-16 -6.4401609046e-17 1.9615927806e-16 -8.4760892966e-17 
0 0 -5.1365039886e-09 -4.8192027588e-10 1.5735920344e-09 -6.9980338332e-09 -9.4892011967e-10 -3.9548195301e-10 -9.164114131e-09 
0 0 -5.1365039886e-09 0 0 -5.1365039886e-09 0 0 -5.1365039886e-09 
0 0 -5.1365039886e-09 0 0 -5.1365039886e-09 0 0 -5.1365039886e-09 
0 0 -5.1365039886e-09 0 0 -5.1365039886e-09 -1.0842021725e-19 0 8.1315162936e-20 
6.6682725394e-10 1.9699879041e-09 1.5081084425e-08 -3.8182405453e-09 -1.6967482419e-09 1.6641410104e-08 7.3003850103e-11 -1.4591516038e-11 -1.0930838313e-09 
-9.6953841792e-11 2.2407457129e-11 8.1560405043e-10 0 0 -5.1365039886e-09 2.0086330443e-09 -2.0862349971e-09 -5.4386380239e-09 
1.9278275021e-09 -1.0999196375e-09 4.7868074214e-09 -5.9523949897e-12 2.7134531601e-12 1.030439505e-09 -5.2896933402e-11 -1.345407878e-11 -1.7986056362e-10 
4.0943148797e-08 -7.8077998902e-09 -1.3625621792e-08 0 0 -5.1365039886e-09 0 0 -5.1365039886e-09 
-1.1485727011e-09 7.0110598035e-09 -1.4413778764e-09 9.1417604335e-11 5.3121681641e-11 -3.2347289203e-10 5.7964067696e-08 -1.5175567396e-07 -7.660534495e-08 
-6.776263578e-21 -4.0657581468e-20 1.6940658945e-21 -3.4063339172e-12 1.2045700863e-11 -1.343971343e-12 0 0 -5.1365039886e-09 
0 0 -5.1365039886e-09 0 0 -5.1365039886e-09 0 0 -5.1365039886e-09 
-1.6807398789e-11 -1.6938043795e-11 1.5806016076e-11 3.2281760815e-12 -4.0494396302e-12 8.4131811989e-12 -3.667328702e-12 3.7202455201e-12 -3.0154768609e-11 
-4.2351647363e-22 -3.388131789e-21 6.3527471044e-21 0 0 -5.1365039886e-09 0 0 -5.1365039886e-09 
0 0 -5.1365039886e-09 0 0 -5.1365039886e-09 0 0 -5.1365039886e-09 
0 0 -5.1365039886e-09 0 0 -5.1365039886e-09 -1.7002205087e-06 -2.2599668414e-07 1.7389798407e-06 
0 0 -5.1365039886e-09 0 0 -5.1365039886e-09 0 0 -5.1365039886e-09 
3.9072822457e-10 -2.7124796051e-10 -5.8813690211e-10 -2.653344197e-10 6.8737587487e-10 4.4766359263e-09 -1.8154062455e-11 -3.9795915641e-11 1.5172705422e-10 
5.1853724719e-09 -1.8411781242e-09 9.3898776903e-09 1.4908042868e-09 3.3164063859e-09 2.6798731613e-09 1.1072301442e-11 1.6106789296e-11 4.9218756132e-11 
0 0 -5.1365039886e-09 0 0 -5.1365039886e-09 0 0 -5.1365039886e-09 
0 0 -5.1365039886e-09 0 0 -5.1365039886e-09 0 0 -5.1365039886e-09 
0 0 -5.1365039886e-09 3.0623585646e-11 -1.1078818139e-11 -1.0863996591e-09 2.7105054312e-20 -1.3552527156e-20 0 
9.2258052055e-13 -1.1480648382e-12 -5.6662459755e-11 1.4821595015e-12 -4.4778146035e-13 1.7486346917e-11 1.043154243e-11 1.1957730596e-11 7.1322691683e-11 
-4.4888375684e-12 1.1925314252e-12 -2.0365900396e-11 -3.6209437295e-09 1.8170537387e-09 -3.159600616e-09 7.0029160422e-15 -2.4417317127e-15 3.4915375712e-16 
2.2349152964e-11 -2.0086183151e-11 -4.1268909859e-09 -1.3448333652e-09 1.3462579364e-09 -2.4904343792e-09 4.8707782599e-17 -7.3725747729e-18 -2.4943913275e-16 
6.5891487552e-11 -5.7708515755e-11 1.5333089101e-10 5.6488073046e-10 5.9410074435e-10 -1.8913144741e-10 -4.6620693417e-18 -2.2768245622e-18 -1.1231995694e-16 
5.1892626481e-17 1.1926223897e-18 6.6031300436e-17 -2.9176262437e-10 -1.2439654797e-10 -6.8066277028e-09 9.7171619709e-18 -6.738316502e-17 -1.0512695315e-16 
2.6481638063e-16 1.5449880958e-16 8.1718985894e-17 1.9160564702e-08 -1.2573085241e-08 2.0644916378e-08 1.130157945e-07 5.6032500911e-08 3.4017079617e-08 
0 0 -5.1365039886e-09 0 0 -5.1365039886e-09 0 0 -5.1365039886e-09 
0 0 -5.1365039886e-09 0 0 -5.1365039886e-09 0 0 -5.1365039886e-09 
0 0 -5.1365039886e-09 0 0 -5.1365039886e-09 -1.8887537107e-10 -3.4148641215e-10 -1.4734996999e-09 
9.7915382399e-15 -4.2586743051e-14 -1.6545837406e-11 0 0 -5.1365039886e-09 0 0 -5.1365039886e-09 
0 0 -5.1365039886e-09 0 0 -5.1365039886e-09 0 0 -5.1365039886e-09 
0 0 -5.1365039886e-09 0 0 -5.1365039886e-09 1.6991026912e-14 2.0490650599e-13 7.9718299155e-14 
7.188168924e-15 -4.0799666163e-14 -1.4510817881e-13 0 0 -5.1365039886e-09 2.5427721669e-11 5.3741015246e-11 1.4441968248e-10 
0 0 -5.1365039886e-09 0 0 -5.1365039886e-09 0 0 -5.1365039886e-09 
0 0 -5.1365039886e-09 0 0 -5.1365039886e-09 0 0 -5.1365039886e-09 
0 0 -5.1365039886e-09 0 0 -5.1365039886e-09 0 0 -5.1365039886e-09 
3.1473158445e-09 -8.7567814977e-09 -4.6381011931e-09 -3.8569074149e-08 1.3220514618e-07 3.4566064722e-07 -4.3993174067e-11 -4.6216683746e-11 -2.0393537403e-10 
1.7174705755e-10 1.1298376021e-10 -6.4841861381e-11 6.874098918e-08 3.6590869257e-08 1.2648610804e-07 -1.4492861318e-11 -1.2948304267e-12 -1.7938781591e-11 
-6.0284998646e-11 3.1430726785e-11 -7.75932423e-11 -5.221672026e-12 3.141188698e-12 -1.5416674236e-09 -2.4740138323e-17 1.062518129e-17 -1.8868505933e-17 
3.7245732757e-17 1.0842021725e-18 1.2899464754e-16 -7.7562793428e-14 -7.5924184474e-14 3.1659285346e-12 -6.6729606503e-09 2.6634592394e-08 1.7408649744e-08 
1.2302120282e-10 1.2293743196e-09 3.8375275953e-09 1.8691513181e-12 -2.0751700597e-12 4.1986564965e-10 0 0 -5.1365039886e-09 
0 0 -5.1365039886e-09 0 0 -5.1365039886e-09 0 0 -5.1365039886e-09 
0 0 -5.1365039886e-09 0 0 -5.1365039886e-09 0 0 -5.1365039886e-09 
0 0 -5.1365039886e-09 0 0 -5.1365039886e-09 0 0 -5.1365039886e-09 
-2.00124992e-07 9.4471346945e-08 -7.8819898891e-08 1.3966475546e-12 1.0197868815e-11 3.8715923572e-09 1.7256812299e-12 1.0198826375e-11 1.1766763771e-11 
0 0 -5.1365039886e-09 0 0 -5.1365039886e-09 0 0 -5.1365039886e-09 
0 0 -5.1365039886e-09 0 0 -5.1365039886e-09 0 0 -5.1365039886e-09 
0 0 -5.1365039886e-09 0 0 -5.1365039886e-09 0 0 -5.1365039886e-09 
0 0 -5.1365039886e-09 -6.9241410294e-13 1.0848242741e-12 -6.1221477378e-13 -1.237150573e-14 -3.6863426808e-13 1.1187980914e-12 
0 0 -5.1365039886e-09 -3.4389537659e-19 -2.3869388454e-18 -6.8738258917e-17 -2.168404345e-19 -5.4210108624e-20 -3.388131789e-21 
0 0 -5.1365039886e-09 0 0 -5.1365039886e-09 0 0 -5.1365039886e-09 
0 0 -5.1365039886e-09 -7.602381424e-07 -3.6912557369e-07 -1.7610111755e-07 7.602381424e-07 3.6912557369e-07 1.6582810957e-07 
0 0 -5.1365039886e-09 0 0 -5.1365039886e-09 -1.6451404255e-08 -6.7280194177e-09 -9.6908912646e-08 
5.6920614055e-19 -3.1170812459e-19 7.1117203889e-17 -1.255769289e-10 -5.8166939581e-11 1.6994848956e-10 9.712244057e-12 6.3475567033e-12 1.2594215102e-09 
-2.7105054312e-20 1.6263032587e-19 -2.7105054312e-20 1.6263032587e-18 1.0842021725e-19 -1.3127316617e-17 2.0456591065e-15 -9.8613608598e-16 -3.1268661705e-15 
6.4183801384e-10 1.888788709e-09 2.0190943471e-08 3.1834198708e-10 -9.0149923659e-12 1.6655037048e-08 -7.1660705415e-10 1.5242329813e-10 8.3486064249e-09 
8.0701368469e-10 2.185948061e-10 1.6966693359e-09 0 0 -5.1365039886e-09 -1.2130598402e-09 -3.2042320566e-10 1.601713481e-09 
4.8433556967e-10 1.5972245273e-10 -7.4860450816e-10 1.4183480045e-09 5.7862370971e-10 -1.3025910963e-08 -1.1568559169e-09 -6.7261134484e-10 -1.1986971969e-08 
0 0 -5.1365039886e-09 -1.0120739102e-07 -4.4082428902e-09 -2.9727107983e-07 0 0 -5.1365039886e-09 
0 0 -5.1365039886e-09 0 0 -5.1365039886e-09 0 0 -5.1365039886e-09 
0 0 -5.1365039886e-09 0 0 -5.1365039886e-09 0 0 -5.1365039886e-09 
-2.3376374055e-08 -1.3940781153e-08 1.8562874774e-09 -3.1550338754e-08 7.9818405696e-09 1.0867646433e-09 -7.4951167234e-13 -6.4362266737e-12 -2.3898806219e-11 
3.0590832737e-12 2.2225909501e-11 -1.3653549925e-10 0 0 -5.1365039886e-09 0 0 -5.1365039886e-09 
0 0 -5.1365039886e-09 0 0 -5.1365039886e-09 0 0 -5.1365039886e-09 
0 0 -5.1365039886e-09 0 0 -5.1365039886e-09 0 0 -5.1365039886e-09 
-5.1987142889e-12 -1.8268029647e-11 3.4962802496e-10 -4.4567500732e-12 -1.4284854278e-11 1.6982525978e-09 3.6147913344e-12 -1.0029927491e-11 -1.8562898567e-11 
0 0 -5.1365039886e-09 3.7979392309e-10 6.1795182415e-11 -1.1100541467e-09 0 0 -5.1365039886e-09 
0 0 -5.1365039886e-09 0 0 -5.1365039886e-09 0 0 -5.1365039886e-09 
0 0 -5.1365039886e-09 0 0 -5.1365039886e-09 0 0 -5.1365039886e-09 
0 0 -5.1365039886e-09 0 0 -5.1365039886e-09 0 0 -5.1365039886e-09 
-1.0842021725e-19 -1.0842021725e-19 -2.7105054312e-20 1.5940565294e-11 -5.1383643901e-11 7.9223494044e-11 2.3305169643e-14 -8.5712686948e-15 -2.2823275698e-12 
-7.2690063333e-10 -9.2436696969e-11 3.0342859204e-09 -6.118252301e-14 1.043512065e-14 1.4257585097e-12 3.6361010231e-14 -1.4020279078e-14 4.3139560798e-14 
1.5032463122e-16 -2.2659825405e-17 -6.3467568874e-15 -5.4990859934e-10 5.0092014423e-10 4.2599316853e-09 6.2314862526e-11 -6.7911828504e-12 -8.592281374e-12 
-3.5145862986e-11 1.5329645102e-11 7.9809431367e-11 -3.6333485991e-11 -9.9533200421e-12 2.0386146078e-10 -5.2293877095e-10 -8.9680980198e-11 9.198660581e-10 
-1.5037884132e-16 -1.2316536679e-16 -6.8297960603e-17 1.7596072512e-09 -1.9423924882e-09 7.8552377655e-09 2.3348293784e-16 -7.8467099355e-16 -7.2740656458e-14 
1.0842021725e-19 0 2.5410988418e-21 0 0 -5.1365039886e-09 1.0120739102e-07 4.4082428902e-09 2.8699807185e-07 
0 0 -5.1365039886e-09 0 0 -5.1365039886e-09 -1.9804155564e-06 2.5787474295e-06 1.6168369753e-06 
0 0 -5.1365039886e-09 0 0 -5.1365039886e-09 4.1281776489e-09 7.4706344033e-09 -1.5925860561e-09 
-3.3536251163e-10 -2.6250320564e-10 -1.1644612313e-10 -3.1098727933e-08 1.404753979e-08 2.1012783913e-08 -5.1377942699e-12 -3.5303003237e-11 -2.4958111038e-11 
0 0 -5.1365039886e-09 2.1738307809e-07 -5.8667981135e-07 -4.5525518075e-07 0 0 -5.1365039886e-09 
0 0 -5.1365039886e-09 0 0 -5.1365039886e-09 0 0 -5.1365039886e-09 
2.103503965e-10 8.5857006673e-10 1.1380594263e-09 -3.5215820196e-11 -5.1189300567e-10 6.1855309267e-10 0 0 -5.1365039886e-09 
2.3488835659e-12 3.3556505014e-12 -6.9970554565e-11 -4.1660013113e-12 -7.4820278011e-12 -6.3815286392e-11 5.4257271419e-15 1.2280868325e-12 -1.6270241881e-09 
0 0 -5.1365039886e-09 0 0 -5.1365039886e-09 0 0 -5.1365039886e-09 
0 0 -5.1365039886e-09 0 0 -5.1365039886e-09 -8.9739413817e-16 9.3851250556e-16 -8.1215551862e-16 
-4.7620276998e-14 1.8579063594e-13 -4.9197775629e-12 -1.6046282916e-08 2.505902111e-08 1.2576396648e-07 2.6473169983e-11 1.7229700143e-11 -2.5221678627e-09 
-1.1939776424e-17 3.035766083e-18 -1.6216784588e-16 9.6180421754e-16 -4.5753331679e-17 -2.7732536319e-16 3.5778671692e-18 4.6078592331e-18 -1.3765979459e-17 
-1.5566935829e-14 7.2385419734e-15 -1.0268770578e-14 1.2969768488e-16 -3.513899241e-16 -3.2955002659e-15 -7.0311292053e-12 8.1541079878e-11 1.9121340723e-10 
1.3723220531e-11 -6.0778774158e-11 -5.9646239615e-10 3.3938319819e-14 4.6511731099e-15 4.5547287662e-12 -1.0303944228e-11 -1.1059213332e-11 8.8575460043e-11 
4.3493289122e-10 9.8631985175e-11 -1.514974001e-10 -2.5541371599e-09 -1.717110474e-09 -5.5223318405e-09 -1.6940658945e-20 1.0164395367e-20 -5.2939559203e-23 
1.1726622277e-14 -3.3157233469e-14 -6.147078367e-12 0 0 -5.1365039886e-09 0 0 -5.1365039886e-09 
0 0 -5.1365039886e-09 0 0 -5.1365039886e-09 0 0 -5.1365039886e-09 
0 0 -5.1365039886e-09 0 0 -5.1365039886e-09 0 0 -5.1365039886e-09 
0 0 -5.1365039886e-09 0 0 -5.1365039886e-09 0 0 -5.1365039886e-09 
1.9369751476e-06 -2.0288504579e-06 -2.1585482071e-06 2.5713597213e-10 -3.1195023127e-10 6.2742517272e-09 3.102253697e-13 -9.7146945707e-12 -5.2955496988e-11 
-2.1738307809e-07 5.8667981135e-07 4.4498217277e-07 0 0 -5.1365039886e-09 0 0 -5.1365039886e-09 
0 0 -5.1365039886e-09 -1.9369751476e-06 2.0288504579e-06 2.1482751991e-06 0 0 -5.1365039886e-09 
0 0 -5.1365039886e-09 0 0 -5.1365039886e-09 0 0 -5.1365039886e-09 
0 1.3552527156e-20 -2.7105054312e-20 0 -2.7105054312e-20 0 -2.7399834907e-10 -4.0580820556e-10 1.9881165929e-09 
0 0 -1.8528845721e-22 0 0 -5.1365039886e-09 0 0 -5.1365039886e-09 
0 0 -5.1365039886e-09 1.6252319334e-06 6.4218651125e-07 -8.6407372079e-08 0 0 -5.1365039886e-09 
0 0 -5.1365039886e-09 0 0 -5.1365039886e-09 -4.6667492868e-12 9.0023038598e-12 5.1281080368e-11 
-5.6500523661e-12 1.0292691179e-11 -1.1934467764e-12 -2.5424591886e-10 -2.9687843872e-10 -9.5575219125e-10 2.3073943201e-11 1.5247082134e-11 -1.0716304017e-08 
9.2554382127e-14 -1.4791336558e-14 3.8361147723e-13 5.4582153955e-13 1.0426728925e-13 6.7963099888e-11 -1.8343121889e-13 3.1134058005e-14 6.3937741193e-14 
0 0 -5.1365039886e-09 1.2716410312e-12 -6.9909456371e-13 5.2929200905e-12 -2.482822975e-17 1.8323016715e-17 -2.5440465164e-16 
-1.211606702e-13 3.9664506488e-14 -7.694338195e-14 3.9170300033e-12 -7.8678231465e-13 3.5654070435e-13 -5.2131415504e-12 8.6421581696e-13 6.0071565719e-13 
-5.5092299537e-13 -9.3115402541e-14 -1.6108094434e-12 2.2343274962e-13 -7.3629578996e-14 -9.2696480713e-13 7.9956185986e-13 9.0583898889e-14 4.4459319445e-16 
5.9628043063e-14 1.4145129702e-13 2.0351385084e-12 -1.8273865765e-13 -1.3779553331e-13 -1.7723258308e-13 5.7652721572e-13 -1.1100067263e-13 -2.9990517925e-11 
0 4.0657581468e-20 3.2197839908e-19 0 0 -5.1365039886e-09 0 0 -5.1365039886e-09 
0 0 -5.1365039886e-09 0 0 -5.1365039886e-09 0 0 -5.1365039886e-09 
0 0 -5.1365039886e-09 0 -2.0328790734e-20 4.2351647363e-21 0 1.0842021725e-19 0 
-7.1914540685e-12 -5.7027288422e-11 -4.0608056231e-11 -2.8336694428e-13 1.2144064854e-11 4.4564097713e-12 2.1196152472e-16 -1.126892633e-15 3.6799176987e-15 
0 0 -5.1365039886e-09 0 0 -5.1365039886e-09 0 0 -5.1365039886e-09 
0 0 -5.1365039886e-09 0 0 -5.1365039886e-09 0 0 -5.1365039886e-09 
0 0 -5.1365039886e-09 2.1141942363e-18 3.2526065175e-19 1.5115302944e-18 -6.8819732899e-17 4.5780436733e-17 -1.528264722e-14 
0 0 1.0164395367e-20 -3.3531898471e-10 -2.8895439427e-10 -2.2203649669e-09 0 0 -5.1365039886e-09 
0 0 -5.1365039886e-09 0 0 -5.1365039886e-09 0 0 -5.1365039886e-09 
0 0 -5.1365039886e-09 -1.6252319334e-06 -6.4218651125e-07 7.6134364102e-08 0 0 -5.1365039886e-09 
0 0 -5.1365039886e-09 -1.5149544684e-09 2.3711890978e-09 -2.6678232601e-09 4.7648943981e-12 2.1492331095e-12 1.3231017721e-09 
6.2754815548e-10 6.2291062391e-10 1.1260032395e-09 1.3269422564e-07 4.3417136657e-08 1.597563222e-08 -4.1748533233e-11 1.219736714e-11 1.0541798276e-08 
5.9292306308e-20 -1.3234889801e-20 2.5410988418e-21 -6.0585185035e-10 1.4249466236e-09 2.5179128778e-09 2.3983554942e-13 -4.0927656229e-14 -6.8208155562e-11 
2.9819421807e-12 1.1278000018e-12 -5.485628619e-12 0 0 -5.1365039886e-09 -7.8757834943e-14 6.4908460009e-14 4.7180099333e-12 
1.7171124496e-08 -3.9505369253e-09 -5.3230460857e-09 6.2840357917e-16 -2.851126453e-15 2.8845876425e-16 1.0164395367e-20 -5.7598240413e-20 -1.3234889801e-23 
0 0 -5.1365039886e-09 0 0 -5.1365039886e-09 0 0 -5.1365039886e-09 
0 0 -5.1365039886e-09 0 0 -5.1365039886e-09 0 0 -5.1365039886e-09 
-1.0191500421e-17 3.2797115718e-18 -1.6771252356e-18 -3.2787609543e-09 3.2640668584e-10 -2.4686078374e-08 8.8839325436e-12 8.4473359717e-11 -6.9585812085e-11 
0 0 -5.1365039886e-09 0 0 -5.1365039886e-09 -1.2651790162e-06 -1.5323077516e-06 1.5479677888e-07 
1.2651790162e-06 1.5323077516e-06 -1.6506978686e-07 0 0 -5.1365039886e-09 0 0 -5.1365039886e-09 
0 0 -5.1365039886e-09 -5.2986044372e-15 -2.4728971041e-14 6.2826969484e-12 -1.9806747388e-15 3.2667987239e-14 -5.4713057942e-13 
-4.0680674974e-14 8.8652880609e-14 -3.0509520488e-12 0 0 -5.1365039886e-09 0 0 -5.1365039886e-09 
0 0 -5.1365039886e-09 0 0 -5.1365039886e-09 0 0 -5.1365039886e-09 
0 0 -5.1365039886e-09 0 0 -5.1365039886e-09 0 0 -5.1365039886e-09 
9.7578195524e-19 9.0801931946e-19 1.6601845766e-19 0 -4.7433845046e-20 1.3552527156e-20 -6.5052130349e-18 3.1225022568e-17 -1.7665634445e-16 
2.5825009991e-12 2.0427312186e-12 1.7159278922e-10 1.9182886074e-12 7.8892578234e-13 8.714448497e-10 1.597412956e-07 -4.5192209722e-08 -2.0181401313e-07 
-5.5598966186e-13 1.3267566299e-13 8.5019049635e-13 1.2895249918e-13 -3.9122405402e-14 9.7228086313e-14 5.7128780873e-15 -3.6009606755e-15 -6.3730030503e-15 
-2.4427074946e-15 2.4817116678e-15 1.4671152748e-15 -1.2510789411e-08 -9.5922597698e-09 9.2812988028e-09 1.8946432964e-17 -1.1357017757e-17 -3.8760227666e-18 
7.8299868721e-09 -8.6982966049e-09 6.2014698363e-09 -8.3585197683e-14 1.9837105049e-15 6.3428199016e-12 -2.7024544711e-12 -1.2483314079e-12 -6.0025885662e-12 
2.4199901635e-08 2.2336318819e-08 1.5288162367e-08 -2.292477215e-09 2.4577471914e-09 -2.1514336543e-09 -1.1980300593e-11 1.9975235798e-11 -6.5416044488e-11 
-1.0783902559e-15 4.039334107e-15 -3.523778398e-15 7.7477087246e-16 -2.00122037e-15 -1.7801600173e-15 0 0 -5.1365039886e-09 
0 0 -5.1365039886e-09 0 0 -5.1365039886e-09 0 0 -5.1365039886e-09 
0 0 -5.1365039886e-09 0 0 -5.1365039886e-09 0 0 -5.1365039886e-09 
0 0 -5.1365039886e-09 0 0 -5.1365039886e-09 1.0842021725e-19 0 -8.4703294725e-21 
7.2322455663e-10 -2.7909245406e-09 -3.1774817448e-09 1.6333223836e-13 2.7518743848e-13 5.7008273919e-13 0 0 -5.1365039886e-09 
0 0 -5.1365039886e-09 0 0 -5.1365039886e-09 0 0 -5.1365039886e-09 
0 0 -5.1365039886e-09 0 0 -5.1365039886e-09 0 0 -5.1365039886e-09 
0 0 -5.1365039886e-09 0 0 -5.1365039886e-09 0 0 -5.1365039886e-09 
-3.971508452e-14 3.482157054e-13 -1.3124034849e-12 -8.5651971626e-18 5.2583805366e-18 -1.696227999e-15 8.4366343349e-10 1.2757213165e-09 3.0948546259e-09 
0 0 -5.1365039886e-09 0 0 -5.1365039886e-09 0 0 -5.1365039886e-09 
0 0 -5.1365039886e-09 0 0 -5.1365039886e-09 -1.0842021725e-19 -4.0657581468e-19 -6.5221536939e-18 
1.5720931501e-18 -4.0657581468e-17 -9.2536655422e-17 0 0 -5.5057141572e-21 -1.1937712591e-11 -8.063285933e-12 -2.3477349085e-11 
0 -8.1315162936e-20 1.6940658945e-20 3.3304226889e-13 1.6402460987e-14 8.6740350005e-13 0 0 3.5998900258e-21 
-1.2496992906e-09 5.4964186314e-10 -6.7949950632e-10 -1.3135231292e-13 1.0322962645e-13 5.9019534086e-13 1.2990850815e-09 -1.5540043606e-10 -2.120972453e-09 
-2.8831575814e-10 4.3919326292e-11 -1.7689506794e-10 -2.6551174779e-11 -8.3838347506e-12 2.8209495719e-10 6.3075044862e-12 3.8116480458e-12 -1.1878289901e-09 
3.0619207866e-12 -5.0110457742e-12 -7.5193442221e-13 0 0 -5.1365039886e-09 0 0 -5.1365039886e-09 
0 0 -5.1365039886e-09 0 0 -5.1365039886e-09 0 0 -5.1365039886e-09 
0 0 -5.1365039886e-09 4.525001901e-11 9.7082471185e-12 -3.9083449052e-10 1.5042709586e-10 1.0383625042e-10 3.2130417383e-10 
-1.0985750992e-10 -1.7655389439e-10 -3.2626028497e-10 -8.015334616e-10 -2.7680241582e-09 -7.2549893707e-09 2.5835066508e-12 1.792047891e-09 8.224266091e-11 
0 0 -5.1365039886e-09 0 0 -5.1365039886e-09 0 0 -5.1365039886e-09 
0 0 -5.1365039886e-09 0 0 -5.1365039886e-09 0 0 -5.1365039886e-09 
4.1861612017e-07 1.7921542117e-06 9.0298177843e-07 -5.9962576084e-06 -1.0375155325e-05 -1.7023966376e-06 -7.6978354246e-17 -5.0306980803e-17 6.9004594451e-14 
0 0 -5.1365039886e-09 0 0 -5.1365039886e-09 0 0 -5.1365039886e-09 
0 0 -5.1365039886e-09 0 0 -3.388131789e-21 -2.7105054312e-20 -6.776263578e-20 5.0821976835e-21 
-1.6263032587e-19 -1.8973538018e-19 -1.3552527156e-20 9.2595238727e-12 3.5848385892e-12 -2.8471294963e-11 9.3754279513e-13 9.7139635745e-13 9.4044928627e-12 
-2.3080141747e-11 -1.4901394246e-11 2.188863708e-08 6.5062865371e-10 -2.5020938598e-10 -7.9743576671e-11 -1.0891623974e-15 8.198059202e-16 -1.0289976429e-13 
2.5749801597e-19 -2.7105054312e-20 -2.772868232e-18 -1.6263032587e-19 2.168404345e-19 -4.0725344104e-18 -2.7105054312e-20 0 0 
4.9681060047e-13 8.6285796216e-14 -2.5586042842e-11 7.6207641413e-10 7.6286342846e-10 -7.9949487944e-10 2.7490710446e-13 -3.4351650214e-13 -8.0856934333e-13 
1.0062214641e-10 -4.0802996932e-10 2.9425398283e-10 -2.2212901006e-13 2.4531041803e-13 1.0130400322e-12 0 0 -5.1365039886e-09 
0 0 -5.1365039886e-09 0 0 -5.1365039886e-09 0 0 -5.1365039886e-09 
0 0 -5.1365039886e-09 8.8447436766e-12 2.420277081e-11 3.5764474773e-11 5.062465204e-15 1.9004248045e-14 1.0264217459e-14 
-1.8104214959e-12 -5.3312289614e-12 3.4465931361e-09 -2.7965029695e-10 2.4188483909e-09 -3.9137818805e-09 0 0 -5.1365039886e-09 
0 0 -5.1365039886e-09 0 0 -5.1365039886e-09 0 0 -5.1365039886e-09 
0 0 -5.1365039886e-09 0 0 -5.1365039886e-09 0 0 -5.1365039886e-09 
0 0 -5.1365039886e-09 0 0 -5.1365039886e-09 -2.324810937e-05 -1.6943381423e-05 -1.2992410041e-06 
-1.7373354437e-11 2.777410906e-10 7.4383676572e-10 -1.7063682417e-12 2.6938481556e-12 4.9002356933e-11 0 0 -5.1365039886e-09 
0 0 -5.1365039886e-09 0 0 -5.1365039886e-09 0 0 -5.1365039886e-09 
0 0 -5.1365039886e-09 0 0 -5.1365039886e-09 0 0 -5.1365039886e-09 
-2.7105054312e-20 -3.388131789e-20 -8.4703294725e-22 -5.4210108624e-20 0 -3.388131789e-21 -2.724251109e-12 -1.0443252166e-14 -2.1473637933e-11 
-1.5288605885e-16 -3.6212352561e-17 -1.9117373967e-13 -2.0138541934e-10 -7.7825348813e-11 7.6712458975e-08 0 0 -5.1365039886e-09 
-7.250578729e-11 1.5163731008e-10 2.5704697696e-10 -5.0215858305e-10 1.9811025411e-10 3.413617259e-10 -8.7552497977e-10 7.8379772486e-10 2.5910489752e-09 
-5.9631119487e-19 -4.3368086899e-19 3.6060733663e-17 3.8935114549e-10 7.1280602948e-12 -2.7939239723e-08 0 0 -5.1365039886e-09 
2.4802303223e-12 4.0072813774e-12 -9.9193169162e-09 -2.3146699943e-16 -5.7568678963e-16 -9.379575931e-16 -8.1358179742e-12 9.5894944546e-12 1.1019110157e-11 
2.7400028806e-11 -3.1954995236e-11 -2.0762269438e-09 0 0 -5.1365039886e-09 0 0 -5.1365039886e-09 
0 0 -5.1365039886e-09 0 0 -5.1365039886e-09 -8.1315162936e-20 2.0328790734e-20 -1.0482032722e-20 
-3.9573379296e-17 -1.6504267571e-16 -8.5330099106e-17 6.1827937518e-12 -1.0660891928e-12 8.4751202587e-12 1.1826984433e-12 -6.1137488437e-12 2.4517716063e-11 
0 0 -5.1365039886e-09 0 0 -5.1365039886e-09 0 0 -5.1365039886e-09 
0 0 -5.1365039886e-09 0 0 -5.1365039886e-09 0 0 -5.1365039886e-09 
0 0 -5.1365039886e-09 0 0 -5.1365039886e-09 0 0 -5.1365039886e-09 
0 0 -5.1365039886e-09 0 0 -5.1365039886e-09 0 0 -5.1365039886e-09 
-8.7278274885e-18 -1.6195269952e-18 -3.6526457255e-14 8.7820375971e-18 1.6263032587e-19 1.9447876469e-18 1.7712640263e-10 1.8873031247e-10 3.5150679074e-10 
-5.7905503743e-11 -1.4341175605e-10 -2.0253439563e-10 0 0 -5.1365039886e-09 0 0 -5.1365039886e-09 
0 0 -5.1365039886e-09 0 0 -5.1365039886e-09 0 0 -5.1365039886e-09 
0 0 -5.1365039886e-09 0 5.4210108624e-20 -1.0164395367e-20 0 0 -1.0164395367e-20 
1.4710403919e-10 1.1907966961e-10 -3.8316049913e-10 -2.7908933812e-10 -2.0185904359e-10 6.3917585254e-10 -7.3652252374e-14 9.743182823e-15 -8.067033776e-13 
3.7661009294e-14 -4.9973046534e-15 -1.2105934812e-13 -9.1506225971e-09 5.630515413e-09 7.4773876918e-08 1.623105296e-12 -5.997751666e-13 -6.4098054109e-10 
5.8830051502e-10 -4.5886268982e-10 -1.0029728863e-08 2.0554812046e-10 3.492423012e-11 -1.8525686217e-09 0 -1.0842021725e-19 2.4775713707e-20 
-6.776263578e-21 -2.0328790734e-20 -6.776263578e-21 -6.2224546576e-09 2.8737116649e-09 -8.2156938502e-09 -5.4210108624e-20 0 6.776263578e-21 
-6.7991246215e-09 -2.5253633316e-09 4.3897550011e-09 0 0 -5.1365039886e-09 0 0 -5.1365039886e-09 
0 0 -5.1365039886e-09 0 0 -5.1365039886e-09 0 0 -5.1365039886e-09 
0 0 -5.1365039886e-09 0 0 -5.1365039886e-09 0 0 -5.1365039886e-09 
0 0 -5.1365039886e-09 0 0 -5.1365039886e-09 2.0887154853e-16 5.8828809879e-16 -6.6341534723e-15 
0 5.4210108624e-20 -1.1858461262e-20 -5.3268360458e-10 2.5211840476e-10 -2.6108711691e-10 -1.4837272497e-10 -2.4739588294e-10 -2.241095552e-09 
0 0 -5.1365039886e-09 0 0 -5.1365039886e-09 0 0 -5.1365039886e-09 
0 0 -5.1365039886e-09 0 0 -5.1365039886e-09 0 0 -5.1365039886e-09 
2.7105054312e-20 0 -2.8799120207e-20 2.2349579533e-10 2.3983422095e-10 1.3809394479e-09 0 0 -5.1365039886e-09 
0 0 -5.1365039886e-09 0 0 -5.1365039886e-09 0 0 -5.1365039886e-09 
0 0 -5.1365039886e-09 0 0 -5.1365039886e-09 0 0 -5.1365039886e-09 
0 0 -5.1365039886e-09 0 -5.4210108624e-20 -1.0164395367e-20 5.4210108624e-20 -2.6088614775e-19 -3.0493186101e-20 
-4.0461243064e-10 -4.0704705204e-10 -1.0029535015e-09 3.7149009289e-09 8.5399471539e-08 -5.162874337e-08 8.9645031766e-08 -3.622397451e-08 6.2026041342e-08 
1.2197237529e-10 8.5378727742e-12 -1.264549936e-10 -1.1112365323e-10 -1.7233399278e-11 3.2924201199e-10 6.5439007891e-11 -2.6093866868e-11 5.6581166869e-11 
3.1473088627e-09 3.2791365449e-09 2.6788255656e-10 -5.8450487104e-10 3.1175751314e-10 -8.9725461328e-10 -4.6401672902e-09 2.4179945737e-09 -1.2550812276e-10 
1.2906078913e-09 3.9539001413e-10 5.8417377506e-09 -1.3463730727e-12 6.847872421e-14 1.3660320545e-10 -1.0563042953e-15 5.5456941123e-16 -1.620690649e-14 
8.3998563313e-16 -5.4988023683e-16 -1.7265884021e-14 -8.6200577926e-15 9.8965432203e-15 1.0602692128e-11 0 0 -5.1365039886e-09 
0 0 -5.1365039886e-09 0 0 -5.1365039886e-09 0 0 -5.1365039886e-09 
0 0 -5.1365039886e-09 0 0 -5.1365039886e-09 0 0 -5.1365039886e-09 
-1.6263032587e-19 1.0842021725e-19 3.4558944248e-19 0 2.168404345e-19 -3.7354152974e-18 2.168404345e-19 -5.4210108624e-20 -2.2361669808e-19 
-7.0077677049e-10 1.1706481302e-09 2.1437274164e-09 2.4216250749e-12 -1.6242322157e-11 -3.3441026879e-09 0 0 -5.1365039886e-09 
0 0 -5.1365039886e-09 0 0 -5.1365039886e-09 0 0 -5.1365039886e-09 
0 0 -5.1365039886e-09 0 0 -5.1365039886e-09 0 0 -5.1365039886e-09 
0 0 -5.1365039886e-09 1.0842021725e-19 -1.3552527156e-20 4.5739779152e-20 -1.4103098572e-19 7.8774064095e-20 -1.0482032722e-20 
-1.2642355695e-12 -2.3864983611e-12 -7.301674529e-09 3.4225338004e-11 6.68156691e-11 8.8090093922e-09 0 0 -5.1365039886e-09 
0 0 -5.1365039886e-09 0 0 -5.1365039886e-09 0 0 -5.1365039886e-09 
0 0 -5.1365039886e-09 0 0 -5.1365039886e-09 0 0 -5.1365039886e-09 
4.1670481551e-10 -1.1848426611e-09 6.6127527999e-10 -4.0657581468e-20 2.7105054312e-20 -5.8445273361e-20 3.2526065175e-19 2.7105054312e-19 1.219727444e-19 
3.388131789e-20 1.0842021725e-19 -8.7350272686e-22 4.9027323104e-09 -1.0196636844e-07 8.7878980443e-08 2.0161310147e-08 6.1129540304e-08 7.9737920869e-08 
-1.6216474635e-11 4.5810503286e-12 -1.4005117242e-10 6.4055688719e-08 4.8157507723e-08 -4.9287148988e-08 1.1117825532e-11 -6.384784086e-12 9.017308796e-12 
1.4801442856e-09 -7.6252089289e-10 1.6036459005e-09 -1.0109366967e-09 -3.0555229982e-10 3.8764477851e-09 -4.7187380471e-11 -5.2250704651e-11 4.8048758082e-10 
7.0473141212e-19 1.301042607e-18 1.4907779872e-19 1.369927392e-14 1.5158796392e-14 -2.558632433e-12 -2.2076911913e-11 1.0111107156e-11 3.3398427029e-11 
1.649329848e-11 -3.6478360914e-11 -5.2634662809e-11 0 0 -5.1365039886e-09 0 0 -5.1365039886e-09 
0 0 -5.1365039886e-09 0 0 -5.1365039886e-09 0 0 -5.1365039886e-09 
0 0 -5.1365039886e-09 0 0 -5.1365039886e-09 0 0 -5.1365039886e-09 
0 0 -5.1365039886e-09 1.7939973508e-12 3.8769464527e-12 2.7083704677e-13 -2.5626766334e-13 1.0661110395e-12 1.9871403397e-10 
2.8083770661e-12 1.8918794008e-11 -1.9493501539e-09 -5.7490904398e-15 -1.0389745095e-14 -1.7214632049e-11 0 0 -5.1365039886e-09 
0 0 -5.1365039886e-09 0 0 -5.1365039886e-09 0 0 -5.1365039886e-09 
0 0 -5.1365039886e-09 0 0 -5.1365039886e-09 5.4210108624e-20 2.7105054312e-20 -3.8116482626e-21 
8.8748090867e-11 -1.9041836834e-10 4.1502099767e-10 3.2338725881e-13 2.7632719246e-13 1.0522122809e-12 0 0 -5.1365039886e-09 
0 0 -5.1365039886e-09 0 0 -5.1365039886e-09 0 0 -5.1365039886e-09 
0 0 -5.1365039886e-09 0 0 -5.1365039886e-09 0 0 -5.1365039886e-09 
1.1785520476e-12 -1.8038754084e-12 -2.4044322221e-12 -3.1628451485e-13 4.5519535678e-13 5.8919435628e-14 1.2281347478e-07 1.0136771019e-07 -6.1738420197e-08 
-2.070091544e-08 -1.5765961054e-08 3.0284993041e-08 5.4154924042e-10 -1.2953881087e-08 7.1109291677e-09 1.161356773e-07 6.763021865e-07 1.9317508735e-07 
1.5165548938e-13 6.1027571885e-15 -1.157248549e-12 -4.7967814616e-14 2.6938195598e-14 -4.6756656096e-13 -1.1363208456e-10 1.0698080095e-10 -6.7661614538e-10 
3.3640337534e-10 4.3252609876e-10 6.7627669858e-09 6.3006884514e-10 1.3802500867e-11 -1.7463356931e-09 1.0719351345e-09 -7.1289511431e-10 1.5866984201e-09 
6.0647559023e-19 3.7913194719e-18 7.0473141212e-19 6.1033948403e-10 2.9871972598e-10 3.906232749e-10 1.7611682306e-10 4.2546120002e-10 2.7058076212e-09 
2.516831768e-12 1.4659350258e-11 5.5707557409e-11 -4.8789097762e-18 7.6978354246e-18 1.6496790123e-15 -4.4085796754e-12 8.7632580906e-12 -7.3720340944e-11 
0 0 -5.1365039886e-09 0 0 -5.1365039886e-09 0 0 -5.1365039886e-09 
0 0 -5.1365039886e-09 0 0 -5.1365039886e-09 0 0 -5.1365039886e-09 
-2.0434772235e-09 -2.2598442217e-09 2.2333694717e-09 3.1516943087e-09 5.9973122341e-09 7.0295566581e-09 -5.6062283066e-08 5.308393617e-08 3.3053954059e-07 
1.6940658945e-21 1.5246593051e-20 1.2550645998e-19 0 0 -5.1365039886e-09 0 0 -5.1365039886e-09 
0 0 -5.1365039886e-09 0 0 -5.1365039886e-09 0 0 -5.1365039886e-09 
0 0 -5.1365039886e-09 0 0 -5.1365039886e-09 0 0 -5.1365039886e-09 
3.1620644417e-12 4.4138927017e-11 1.6093521251e-10 6.4009246037e-12 6.3583480603e-11 -2.3716815561e-11 -4.8980649181e-13 -3.304982156e-13 1.2581780024e-12 
1.2874900798e-19 7.4538899358e-20 -4.2351647363e-22 0 0 -5.1365039886e-09 0 0 -5.1365039886e-09 
0 0 -5.1365039886e-09 0 0 -5.1365039886e-09 8.5062084521e-07 6.0177743119e-09 -9.1743244962e-07 
0 0 -5.1365039886e-09 0 0 -5.1365039886e-09 0 0 -5.1365039886e-09 
0 0 -5.1365039886e-09 5.51882797e-08 4.5807007239e-08 1.7068725444e-08 1.4146174359e-08 2.3800677419e-10 1.1669918535e-09 
-6.8368169104e-11 -1.0841494017e-11 -1.0769600114e-08 -9.4556959918e-12 -6.6376689301e-12 5.629932657e-12 -1.3552527156e-20 0 -1.926999955e-20 
-1.9886022082e-10 1.4623037449e-10 5.2616459924e-10 0.00015738461946 0.00095435981323 0.00029187423489 -5.5488522008e-11 -1.0611366021e-10 1.3975928365e-09 
-4.3148918429e-10 2.0912437588e-10 1.1582517517e-09 5.3790476963e-10 1.5097517241e-10 -2.7173747474e-10 2.3949063815e-10 7.4418679603e-11 1.0792614455e-09 
-4.1678372702e-10 -5.7346805581e-11 8.0392584265e-10 -4.2771162626e-10 -4.4984369036e-10 1.8169927653e-09 3.7151025095e-11 -5.4262531859e-11 -2.8649329981e-08 
0 0 -5.1365039886e-09 0 0 -5.1365039886e-09 0 0 -5.1365039886e-09 
0 0 -5.1365039886e-09 0 0 -5.1365039886e-09 0 0 -5.1365039886e-09 
0 0 -5.1365039886e-09 -8.3691303786e-09 -8.2876870948e-09 -1.1063072335e-08 1.2900563864e-13 -1.5077807167e-13 2.8543784586e-12 
-3.0241759617e-13 3.5313482553e-13 -6.4458414093e-13 0 0 -5.1365039886e-09 0 0 -5.1365039886e-09 
0 0 -5.1365039886e-09 0 0 -5.1365039886e-09 -8.5062084521e-07 -6.0177743119e-09 9.0715944165e-07 
2.9511649633e-06 -3.9035487749e-06 -3.7609721704e-06 0 0 -5.1365039886e-09 0 0 -5.1365039886e-09 
0 0 -5.1365039886e-09 0 0 -5.1365039886e-09 3.1679032227e-19 -1.7533582008e-19 -1.0131373473e-15 
7.2625881004e-12 1.5022038111e-10 4.0976161524e-09 -7.7058795e-12 -1.4296828749e-11 8.3761759119e-09 2.5379635958e-10 1.086311271e-10 9.6309402838e-10 
0 0 -5.1365039886e-09 0 0 -5.1365039886e-09 0 0 -5.1365039886e-09 
0 0 -5.1365039886e-09 0 0 -5.1365039886e-09 0 0 -5.1365039886e-09 
0 0 -5.1365039886e-09 6.776263578e-21 -2.7105054312e-20 4.2351647363e-22 -1.4778332104e-09 -1.2735092146e-08 1.9532230984e-09 
-3.744772067e-10 -4.4369520064e-10 -1.048097887e-09 8.3383086384e-10 3.0219419539e-10 -4.3479597015e-09 9.0082744459e-12 9.549662222e-12 3.4849992121e-11 
-6.0315977473e-12 4.2681671999e-12 -9.1070548387e-12 3.289833873e-12 -6.3864744656e-13 -5.9491046936e-12 -9.7502457226e-14 -3.2212088357e-12 2.0664222143e-11 
1.0896231833e-17 -1.0842021725e-17 -2.0478546159e-16 -5.9725987177e-17 9.1647270827e-17 1.3452238455e-16 -6.9906413617e-10 3.6034445923e-10 8.5705771147e-10 
1.0984075107e-10 -2.4568923952e-10 -2.4860669394e-09 -1.3552527156e-20 1.6940658945e-20 -1.5802458422e-20 -5.8662362018e-10 -8.9750493062e-11 -4.9795812741e-10 
0 0 1.0164395367e-20 9.4798785351e-12 -2.8191408897e-12 2.1966415684e-10 -1.219727444e-19 -1.3552527156e-20 -8.4967992521e-21 
0 0 -5.1365039886e-09 0 0 -5.1365039886e-09 0 0 -5.1365039886e-09 
0 0 -5.1365039886e-09 0 0 -5.1365039886e-09 0 0 -5.1365039886e-09 
0 0 -5.1365039886e-09 1.8973538018e-19 0 -2.7105054312e-20 -7.9688859678e-18 1.8566962204e-18 2.1345230271e-19 
1.7135815336e-16 8.4432244182e-16 1.2151529325e-13 0 0 -5.1365039886e-09 0 0 -5.1365039886e-09 
0 0 -5.1365039886e-09 -2.9511649633e-06 3.9035487749e-06 3.7506991625e-06 0 0 -5.1365039886e-09 
0 0 -5.1365039886e-09 5.4210108624e-20 2.7105054312e-20 -2.3822801642e-21 0 -6.776263578e-21 0 
-2.3751370652e-09 -2.2146520248e-09 -2.9040698177e-08 0 0 -5.1365039886e-09 0 0 -5.1365039886e-09 
0 0 -5.1365039886e-09 0 0 -5.1365039886e-09 0 0 -5.1365039886e-09 
0 0 -5.1365039886e-09 0 0 -5.1365039886e-09 0 0 -5.1365039886e-09 
-1.8024691463e-09 9.8008887729e-09 2.9374635718e-09 2.168404345e-19 -1.0842021725e-19 -4.0657581468e-20 1.2839011538e-12 -2.1020014613e-12 -6.0616215281e-12 
-3.1832165384e-10 6.0820514871e-11 -8.7736507238e-10 0 0 -5.1365039886e-09 -4.650786707e-10 -7.6288047494e-11 2.5309542601e-09 
-3.6249622011e-17 -5.5836411883e-18 2.8048056092e-16 -1.4155126724e-14 7.0710581487e-15 9.589583393e-14 -6.901479113e-09 -1.1331065712e-08 1.4522481135e-09 
1.8422966603e-20 -2.8957938884e-20 1.0905549196e-20 9.3891684724e-12 7.520533675e-13 2.6611857027e-11 2.7105054312e-20 1.0842021725e-19 -3.8116482626e-21 
5.8265285026e-12 7.7447284358e-12 1.3436002111e-10 -1.8446120987e-11 -1.6920033896e-11 1.0913755685e-11 -4.1524943206e-17 8.1125427556e-17 1.7087703865e-16 
-2.8683929411e-11 2.8762630868e-11 -2.5847583874e-10 0 2.7105054312e-20 0 0 0 -5.1365039886e-09 
0 0 -5.1365039886e-09 0 0 -5.1365039886e-09 0 0 -5.1365039886e-09 
0 0 -5.1365039886e-09 0 0 -5.1365039886e-09 0 0 -5.1365039886e-09 
2.7105054312e-20 -1.3552527156e-20 3.388131789e-21 6.4374503991e-20 0 -1.6517142471e-20 4.4150447187e-14 -1.5662023409e-13 -1.0682196323e-12 
0 0 -5.1365039886e-09 0 0 -5.1365039886e-09 0 0 -5.1365039886e-09 
0 0 -5.1365039886e-09 0 0 -5.1365039886e-09 0 0 -5.1365039886e-09 
0 0 -5.1365039886e-09 0 0 -5.1365039886e-09 0 0 -5.1365039886e-09 
0 0 -5.1365039886e-09 0 0 -5.1365039886e-09 0 0 -5.1365039886e-09 
-2.7105054312e-18 -6.4374503991e-19 -2.9137933386e-19 0 0 -5.1365039886e-09 2.048741374e-11 3.6483947401e-11 2.9201722488e-10 
1.5549221122e-08 5.0789286935e-08 -2.4042418042e-08 -4.3057650761e-11 -1.0513907746e-10 1.9857338162e-10 0 0 -5.1365039886e-09 
0 0 -5.1365039886e-09 0 0 -5.1365039886e-09 0 0 -5.1365039886e-09 
0 0 -5.1365039886e-09 0 0 -5.1365039886e-09 -8.1315162936e-20 0 2.7105054312e-20 
8.1111875029e-18 3.5656698948e-17 2.5085727766e-17 -1.4921678414e-10 -6.7002759542e-12 2.335181258e-10 7.6035014277e-11 2.445206025e-11 -2.1433787511e-10 
-5.2650899096e-10 6.5793965762e-11 -9.4583237162e-10 2.9031966129e-10 2.5207946733e-11 -1.7633182204e-10 7.759279019e-10 1.3413808692e-11 -3.888819057e-10 
1.1352138847e-14 -4.0702033757e-15 2.488840297e-15 2.3824296243e-10 -1.0927048328e-09 -2.7312469045e-10 1.8250169429e-11 -1.6519121872e-11 -3.1143712704e-10 
-1.9352358258e-13 5.5019031865e-14 1.9064740952e-11 7.986284877e-11 -3.3677913393e-10 -1.2122546089e-09 7.5691514688e-14 7.3043079831e-14 -8.8103274811e-14 
-1.0842021725e-19 0 -3.388131789e-21 2.151463686e-19 1.3552527156e-19 3.1231004738e-17 -2.2038035459e-15 2.6538558677e-15 6.0122144097e-13 
7.4629583112e-12 -2.8964195951e-12 -3.7152564604e-12 -8.4348435354e-14 3.2725384902e-13 7.1888702673e-16 0 0 -5.1365039886e-09 
0 0 -5.1365039886e-09 0 0 -5.1365039886e-09 0 0 -5.1365039886e-09 
0 0 -5.1365039886e-09 0 0 -5.1365039886e-09 0 0 -5.1365039886e-09 
0 0 5.2939559203e-23 7.5824858641e-07 5.6767136015e-08 8.2653723058e-08 0 0 -5.1365039886e-09 
0 0 -5.1365039886e-09 0 0 -5.1365039886e-09 0 0 -5.1365039886e-09 
0 0 -5.1365039886e-09 0 0 -5.1365039886e-09 0 0 -5.1365039886e-09 
0 0 -5.1365039886e-09 0 0 -5.1365039886e-09 -2.1548518178e-18 -8.1315162936e-20 1.3264535954e-18 
6.4083135499e-13 -1.3066188756e-12 -1.3455238165e-11 0 0 -5.1365039886e-09 0 -1.0842021725e-19 6.776263578e-21 
0 0 -5.1365039886e-09 0 0 -5.1365039886e-09 0 0 -5.1365039886e-09 
0 0 -5.1365039886e-09 0 0 -5.1365039886e-09 0 0 -5.1365039886e-09 
0 0 -5.1365039886e-09 0 0 -5.1365039886e-09 1.1479868705e-12 -2.2425739651e-12 -1.7550632271e-12 
8.2734572394e-11 -5.8970845785e-12 1.6298893846e-10 -1.4313316846e-10 -1.1954056006e-10 -2.3137711046e-10 -6.776263578e-20 -1.0842021725e-19 0 
-3.080239804e-11 7.0237657108e-12 7.9309400825e-11 5.9475256515e-09 3.6254720359e-08 8.9545286549e-08 1.1482378633e-16 -2.3093506274e-17 -2.45133029e-16 
-9.3156370476e-13 1.2781305216e-12 4.637031412e-12 1.6263032587e-19 -5.4210108624e-20 -1.8295911661e-19 1.6668970313e-10 -1.9729794567e-11 -6.881486337e-11 
-5.9265486324e-11 -2.4786185149e-11 -8.1657810426e-11 1.5218427633e-11 5.2713999615e-12 9.5878359875e-11 -1.0854636997e-10 3.2909129523e-11 -6.2970606805e-10 
0 -1.6263032587e-19 0 0 0 -5.1365039886e-09 0 0 -5.1365039886e-09 
0 0 -5.1365039886e-09 0 0 -5.1365039886e-09 0 0 -5.1365039886e-09 
0 0 -5.1365039886e-09 0 0 -5.1365039886e-09 0 0 -5.1365039886e-09 
0 0 -5.1365039886e-09 -1.2908198002e-13 4.1294913452e-13 1.0207965097e-11 -1.6742249948e-15 7.5680715018e-14 1.8258394539e-13 
5.4535369276e-17 5.0306980803e-17 -6.1440212455e-16 -8.6734981176e-12 3.6203916858e-11 1.4795103425e-11 1.054836909e-12 -9.8056072471e-12 1.1985146135e-11 
4.9319077468e-13 -1.9525991555e-11 4.9970142164e-12 0 0 -5.1365039886e-09 -2.2902054048e-06 7.0715485676e-07 -2.0359814399e-06 
0 0 -5.1365039886e-09 2.2902054048e-06 -7.0715485676e-07 2.025708432e-06 0 0 -5.1365039886e-09 
0 0 -5.1365039886e-09 0 0 -5.1365039886e-09 0 0 -5.1365039886e-09 
0 0 -5.1365039886e-09 0 0 -5.1365039886e-09 -8.8125047624e-13 1.1391616274e-12 -6.5683933275e-12 
-3.1736982833e-14 -2.8078234182e-14 8.2651392437e-12 0 0 -5.1365039886e-09 0 0 -5.1365039886e-09 
0 0 -5.1365039886e-09 0 0 -5.1365039886e-09 0 0 -5.1365039886e-09 
0 0 -5.1365039886e-09 0 0 -5.1365039886e-09 0 0 -5.1365039886e-09 
0 0 -5.1365039886e-09 0 0 -5.1365039886e-09 0 0 -5.1365039886e-09 
9.9700830274e-13 -2.9837722462e-12 -3.4470302826e-12 -3.9412682319e-11 -1.4475462197e-11 -2.8297016094e-09 -3.3592850181e-12 5.9085205804e-12 6.8533731614e-12 
-5.3697306746e-13 -1.6360524047e-13 1.0904747137e-11 -7.2887617166e-12 -6.1306975122e-12 6.1347153431e-12 1.3926128371e-11 1.0607195298e-11 -1.5392204247e-11 
9.4867690092e-20 1.6263032587e-19 -3.6210658495e-20 4.2700800754e-11 -1.3229490745e-11 5.3853019123e-11 -5.1228808376e-10 2.1389264349e-10 -2.2073800859e-09 
5.842938763e-12 -4.985143754e-12 -1.8447433907e-10 -2.2242110304e-08 -4.8656429789e-08 -3.7255100114e-08 -4.3043774925e-14 3.3654557006e-14 4.7470493197e-12 
-3.4509980792e-10 4.45536829e-11 3.8926527802e-10 2.1989795863e-10 3.8305835012e-11 5.1809190837e-10 -9.1738274776e-14 -2.1434131037e-14 -6.4835702458e-13 
-1.1631014719e-09 -1.3204217117e-09 1.6681753491e-09 3.7972911854e-10 2.4892625016e-10 -2.6932345424e-10 1.1240814061e-09 -4.2809820535e-10 5.6026548723e-09 
-6.5583389414e-16 8.8148347129e-16 2.9317516123e-13 -1.5891296688e-10 3.96892656e-11 3.2391814879e-09 2.2178640716e-10 -9.5447956993e-12 1.2522383137e-09 
0 0 -5.1365039886e-09 0 0 -5.1365039886e-09 0 0 -5.1365039886e-09 
0 0 -5.1365039886e-09 0 0 -5.1365039886e-09 0 0 -5.1365039886e-09 
0 0 -5.1365039886e-09 0 0 -5.1365039886e-09 0 0 -5.1365039886e-09 
-6.5537749056e-10 -1.9711981765e-10 -1.0233530267e-09 9.3307475364e-10 -3.5118407496e-10 3.0114658503e-09 -4.6783323743e-16 -5.4633896148e-15 -3.8871069839e-13 
0 0 -5.1365039886e-09 0 0 -5.1365039886e-09 0 0 -5.1365039886e-09 
0 0 -5.1365039886e-09 0 0 -5.1365039886e-09 0 0 -5.1365039886e-09 
0 0 -5.1365039886e-09 0 0 -5.1365039886e-09 0 0 -5.1365039886e-09 
0 0 -5.1365039886e-09 0 0 -5.1365039886e-09 -4.2788347396e-13 -1.5781226965e-12 -9.6777215453e-12 
5.4813062851e-08 1.1789024516e-08 -1.8839240065e-08 -1.0842021725e-19 -1.0842021725e-19 5.7598240413e-20 1.0842021725e-19 5.4210108624e-20 1.9312351197e-19 
1.5608771567e-10 -1.9917705939e-10 2.6766083487e-10 0 0 -5.1365039886e-09 0 0 -5.1365039886e-09 
0 0 -5.1365039886e-09 0 0 -5.1365039886e-09 0 0 -5.1365039886e-09 
0 0 -5.1365039886e-09 0 0 -5.1365039886e-09 0 0 -5.1365039886e-09 
0 0 -5.1365039886e-09 0 0 -5.1365039886e-09 2.281672221e-10 -3.8919866413e-10 -4.1951269133e-10 
2.0578493107e-10 -1.1200055964e-09 1.5332080834e-08 5.6850905228e-10 1.5169671622e-09 1.1247652694e-08 4.5168172859e-13 2.748344087e-14 -1.2526530971e-11 
7.1072180506e-10 -3.2794424415e-10 -4.467856309e-10 1.437320536e-10 -5.4377874077e-11 1.5465539373e-09 1.8204906441e-15 -4.4553594212e-16 -1.1659503552e-12 
2.6488414327e-16 -2.5045070184e-17 2.5734639707e-16 1.5884076823e-13 2.2017218777e-14 8.9106183738e-14 0 0 -5.1365039886e-09 
-1.374657355e-10 -3.5817554668e-10 5.9083390093e-09 -4.3221809543e-10 3.5482798602e-10 8.3755773564e-09 1.6506276294e-10 -6.762199669e-10 2.5177934078e-09 
2.2558632479e-10 1.3806532767e-11 1.7168373486e-10 0 0 -5.1365039886e-09 0 0 -5.1365039886e-09 
0 0 -5.1365039886e-09 0 0 -5.1365039886e-09 0 0 -5.1365039886e-09 
0 0 -5.1365039886e-09 0 0 -5.1365039886e-09 0 0 -5.1365039886e-09 
0 0 -5.1365039886e-09 3.6926846028e-16 5.1362622084e-16 -8.8781917185e-16 7.5230620344e-15 1.3726866865e-14 3.290282543e-16 
3.0749963123e-13 -1.7573355965e-13 3.864513222e-10 -5.4085367695e-11 -1.0697905454e-09 -8.5660709361e-10 0 0 -5.1365039886e-09 
0 0 -5.1365039886e-09 0 0 -5.1365039886e-09 0 0 -5.1365039886e-09 
0 0 -5.1365039886e-09 0 0 -5.1365039886e-09 0 0 -5.1365039886e-09 
0 0 -5.1365039886e-09 0 0 -5.1365039886e-09 0 0 -5.1365039886e-09 
1.6010410871e-09 1.1054342781e-09 -2.0482495241e-09 -2.2156470546e-08 1.1017757499e-08 2.1354601622e-09 -1.7906363265e-08 8.5939871453e-09 -5.0291157914e-09 
-6.7462611524e-09 -1.3905352292e-09 -6.7695085732e-09 1.0726721052e-11 1.7242203704e-11 3.6130528776e-10 0 0 -5.1365039886e-09 
0 0 -5.1365039886e-09 0 0 -5.1365039886e-09 0 0 -5.1365039886e-09 
0 0 -5.1365039886e-09 0 0 -5.1365039886e-09 0 0 -5.1365039886e-09 
0 0 -5.1365039886e-09 7.6140988805e-11 -2.225362872e-10 -3.8883105463e-10 1.2900743051e-09 -1.2826816252e-09 -6.6287742627e-09 
1.1377199305e-09 -1.3397205928e-09 4.1113092088e-09 1.0497436508e-08 -1.1259071987e-09 -5.1440578734e-09 2.1655820752e-09 2.7938705613e-10 8.6421960447e-11 
3.9573379296e-18 1.8431436932e-18 -5.9021255765e-18 0 0 -5.1365039886e-09 7.2933447367e-11 -1.5296009956e-10 -2.4372500693e-09 
3.293055696e-10 -2.4091991772e-10 5.0364563117e-10 -4.2839406975e-10 -3.3724305493e-12 -9.6197628418e-09 -7.768647379e-17 2.456395547e-17 -6.5529856931e-17 
-1.2212109816e-10 1.0609757471e-10 1.7721913976e-10 5.8580645058e-10 1.9905352009e-10 4.6551695376e-10 0 0 -5.1365039886e-09 
-3.5769950901e-10 5.2159171649e-11 -1.3563378267e-09 -8.6650456165e-11 4.787544112e-11 3.7254426372e-10 3.0401033579e-11 2.5211439788e-11 -8.9325666509e-11 
-4.4484282609e-10 -1.2344750734e-10 -4.5150955481e-10 0 0 -5.1365039886e-09 0 0 -5.1365039886e-09 
0 0 -5.1365039886e-09 0 0 -5.1365039886e-09 0 0 -5.1365039886e-09 
0 0 -5.1365039886e-09 0 0 -5.1365039886e-09 0 0 -5.1365039886e-09 
0 0 -5.1365039886e-09 0 0 -5.1365039886e-09 3.3953405408e-12 1.565084664e-11 -4.7422130238e-11 
-3.9009594166e-16 -2.8644621397e-16 -4.0644164466e-15 -3.767203589e-10 -1.4471718459e-09 -2.7810045198e-10 -1.8978705162e-10 6.2866571806e-10 -1.5475940361e-09 
0 0 -5.1365039886e-09 0 0 -5.1365039886e-09 0 0 -5.1365039886e-09 
0 0 -5.1365039886e-09 0 0 -5.1365039886e-09 0 0 -5.1365039886e-09 
0 0 -5.1365039886e-09 0 0 -5.1365039886e-09 0 0 -5.1365039886e-09 
0 0 -5.1365039886e-09 0 2.7105054312e-20 -3.7587087034e-21 6.6862043159e-10 3.950086543e-09 -5.9522903295e-09 
0 0 -5.1365039886e-09 0 0 -5.1365039886e-09 1.7306009612e-10 7.0675758052e-10 -2.5461513891e-09 
-1.6106267795e-13 -1.7966297937e-13 -8.7860167342e-11 0 0 -5.1365039886e-09 0 0 -5.1365039886e-09 
0 0 -5.1365039886e-09 0 0 -5.1365039886e-09 0 0 -5.1365039886e-09 
0 0 -5.1365039886e-09 0 0 -5.1365039886e-09 0 0 -5.1365039886e-09 
0 0 -5.1365039886e-09 0 0 -5.1365039886e-09 -2.4186897288e-10 2.233297927e-11 -1.8080490873e-08 
-7.3815815472e-09 1.2380656538e-08 9.1230596987e-09 -1.3200399974e-13 -8.2535324061e-14 -4.0235714968e-11 6.3180014063e-13 4.7008478653e-13 5.278433523e-11 
-5.5148246809e-12 -1.0659612299e-12 -9.9889262102e-10 -6.5811668181e-14 -2.181098184e-13 -3.4940520865e-11 8.0980415516e-16 -5.0651214993e-16 -2.4042488107e-15 
-5.1507328134e-15 1.6368200198e-15 1.2990055351e-14 0 0 -5.1365039886e-09 1.9637130748e-11 -1.1601671148e-11 3.3152028689e-12 
1.5215518136e-11 -7.7692486776e-12 9.4062290102e-12 1.1112365211e-10 -1.0627927428e-10 7.3351137054e-11 -1.3552527156e-20 2.7105054312e-20 1.0164395367e-20 
6.4905285329e-12 1.1189804508e-12 -1.6799874082e-12 -5.4210108624e-20 0 5.4210108624e-20 -1.2030780872e-11 -1.5875697024e-12 -2.6151921912e-11 
0 0 -5.1365039886e-09 -5.77339088e-12 -5.6994005869e-12 4.8861041352e-13 2.3294375902e-12 1.6126070748e-14 -7.6010793559e-12 
-3.3608111411e-12 -1.2483630124e-11 -3.7076041198e-11 -8.2671427337e-08 4.2161829445e-08 -6.5167322255e-08 -5.0735873527e-09 -3.5833777108e-09 -1.4374065246e-08 
0 0 -5.1365039886e-09 0 0 -5.1365039886e-09 0 0 -5.1365039886e-09 
0 0 -5.1365039886e-09 0 0 -5.1365039886e-09 0 0 -5.1365039886e-09 
0 0 -5.1365039886e-09 0 0 -5.1365039886e-09 7.6045918152e-12 1.0235734583e-11 -2.3431970123e-11 
3.1443860645e-11 -8.3652992186e-10 6.1110567549e-10 0 0 -5.1365039886e-09 0 0 -5.1365039886e-09 
0 0 -5.1365039886e-09 0 0 -5.1365039886e-09 0 0 -5.1365039886e-09 
0 0 -5.1365039886e-09 0 0 -5.1365039886e-09 0 0 -5.1365039886e-09 
0 0 -5.1365039886e-09 0 0 -5.1365039886e-09 0 0 -5.1365039886e-09 
0 0 -5.1365039886e-09 0 0 -5.1365039886e-09 0 0 -5.1365039886e-09 
-1.219727444e-19 1.0164395367e-20 -1.3552527156e-20 3.7161662748e-09 1.9765997216e-09 -9.3868545827e-10 -1.1587410718e-18 -1.200753906e-17 -1.662945904e-16 
0 0 -5.1365039886e-09 0 0 -5.1365039886e-09 0 0 -5.1365039886e-09 
0 0 -5.1365039886e-09 0 0 -5.1365039886e-09 0 0 -5.1365039886e-09 
0 0 -5.1365039886e-09 0 0 -5.1365039886e-09 5.5318943501e-10 -1.2339794032e-09 -3.6964974681e-10 
4.825976861e-10 -1.4456345976e-09 3.7613895203e-10 -1.2045920701e-09 -3.2594224653e-09 -8.6573731445e-09 5.5102813588e-14 6.1651421815e-14 -2.5920294108e-12 
3.388131789e-20 0 2.5410988418e-21 6.2787909637e-15 -3.4371377272e-15 8.6572069636e-15 0 0 -5.1365039886e-09 
-5.6497504158e-15 1.0605665651e-15 3.0298337501e-14 5.064883172e-11 -2.0273042115e-11 2.1002912273e-12 -6.4656396556e-16 7.0007950717e-16 -1.4639591876e-14 
-2.163535392e-08 2.6407937049e-08 -2.2389494611e-08 3.8883201617e-11 -4.0662627996e-11 -3.7467106497e-11 -1.0164395367e-20 -5.4210108624e-20 1.6940658945e-21 
-5.0901979436e-12 2.7209891241e-13 3.8858395997e-10 0 0 -5.1365039886e-09 4.8141910109e-12 4.680400307e-12 -1.2284249845e-11 
1.449052387e-08 3.1600023619e-08 1.3035984502e-07 0 0 -5.1365039886e-09 0 0 -5.1365039886e-09 
-1.420568678e-06 -4.0084697042e-07 1.6663032878e-06 0 0 -5.1365039886e-09 0 0 -5.1365039886e-09 
0 0 -5.1365039886e-09 1.420568678e-06 4.0084697042e-07 -1.6765762957e-06 0 0 -5.1365039886e-09 
0 0 -5.1365039886e-09 1.2224256763e-11 2.1092194397e-11 4.4246051836e-11 -2.1366628464e-11 -3.7879129087e-11 -4.5334414791e-11 
7.8745603788e-15 -4.2906135459e-14 -1.4061402919e-11 -4.4452289072e-18 -1.973790055e-16 -4.5685569043e-17 0 0 -5.1365039886e-09 
7.2832976024e-07 -6.6652739427e-07 -2.7813193849e-07 -7.2832976024e-07 6.6652739427e-07 2.6785893051e-07 0 0 -5.1365039886e-09 
0 0 -5.1365039886e-09 0 0 -5.1365039886e-09 0 0 -5.1365039886e-09 
0 0 -5.1365039886e-09 -4.1670303276e-12 -2.4184586489e-11 1.2093428931e-10 -2.4064047196e-12 -4.3380668537e-11 -1.5092613103e-10 
0 -5.4210108624e-20 9.9261673506e-24 -8.1315162936e-20 7.4538899358e-20 1.5881867761e-22 4.512991543e-18 9.738168388e-17 1.8427794691e-16 
-6.7220534694e-18 5.2041704279e-18 -4.4596962299e-16 0 0 -5.1365039886e-09 0 0 -5.1365039886e-09 
0 0 -5.1365039886e-09 0 0 -5.1365039886e-09 0 0 -5.1365039886e-09 
0 0 -5.1365039886e-09 0 0 -5.1365039886e-09 0 0 -5.1365039886e-09 
3.9880621402e-10 -5.9347259603e-10 8.0366537e-10 7.7547756148e-09 2.8476956594e-08 -1.1013231144e-08 4.6217760776e-10 1.2144950236e-08 -1.2378265765e-08 
0 0 -5.1365039886e-09 1.1330305726e-14 6.3512563264e-16 2.5355436609e-14 -2.8799120207e-20 1.0164395367e-19 -1.6940658945e-21 
-7.9617031284e-16 -4.5075705321e-16 5.1993700249e-13 -2.2994364773e-10 2.4613303312e-10 -5.6193424995e-10 2.9908722414e-09 2.3140387848e-10 5.9447860402e-10 
5.356922836e-09 2.3829630218e-11 -2.8179322564e-09 -1.7819830984e-08 1.8815075002e-07 7.9892180966e-08 1.1170353341e-10 -3.4238300619e-08 1.2726049965e-08 
4.2087730773e-09 2.9017693453e-08 1.3252219193e-08 9.2681318315e-13 8.534399104e-13 2.2285928291e-13 1.4696374204e-12 1.0835490262e-12 3.4336314623e-12 
1.3428458649e-12 -2.4034760727e-12 2.6442955813e-12 4.3387992851e-13 -1.0504575115e-12 2.1408911868e-12 1.5228119319e-10 -5.4717574222e-11 1.4155840669e-09 
0 0 -5.1365039886e-09 0 0 -5.1365039886e-09 0 0 -5.1365039886e-09 
0 0 -5.1365039886e-09 0 0 -5.1365039886e-09 0 0 -5.1365039886e-09 
0 0 -5.1365039886e-09 0 0 -5.1365039886e-09 0 0 -5.1365039886e-09 
0 0 -5.1365039886e-09 -4.8978571307e-12 -8.1539078061e-12 2.9037592064e-11 -1.4597179802e-12 6.7234350953e-12 1.3201095575e-12 
0 0 -5.1365039886e-09 0 0 -5.1365039886e-09 0 0 -5.1365039886e-09 
0 0 -5.1365039886e-09 0 0 -5.1365039886e-09 0 0 -5.1365039886e-09 
0 0 -5.1365039886e-09 0 0 -5.1365039886e-09 0 0 -5.1365039886e-09 
0 0 -5.1365039886e-09 7.6967595166e-12 6.0399566343e-11 2.2822300236e-11 6.869763276e-13 4.0839952405e-12 -4.4887274202e-12 
7.7865678857e-13 1.3817339742e-12 3.3074964143e-10 4.6298954246e-08 4.1542557757e-08 -1.2953466018e-08 0 0 -5.1365039886e-09 
0 0 -5.1365039886e-09 0 0 -5.1365039886e-09 0 0 -5.1365039886e-09 
0 0 -5.1365039886e-09 0 0 -5.1365039886e-09 0 0 -5.1365039886e-09 
0 0 -5.1365039886e-09 0 0 -5.1365039886e-09 9.0353782865e-13 -2.9435191492e-12 9.3393796311e-12 
-7.5922703888e-11 1.0497378186e-10 3.0145751529e-10 -6.1989217454e-10 -1.3853428716e-09 -2.1453758382e-09 2.024065012e-07 -2.3243079172e-07 -1.2385762994e-08 
-5.0785290144e-14 3.0306161226e-15 -8.6294876232e-12 -1.4721693831e-10 5.6073789817e-11 -7.7333420453e-09 -1.8207755508e-09 1.9246131088e-09 4.2016780782e-09 
1.4094609534e-10 -4.0530884204e-11 -2.6766853002e-09 2.0189647134e-11 -8.0972792253e-11 -1.0471297421e-09 2.2796415783e-11 -7.4853271097e-12 -8.8239137888e-10 
6.0727223751e-10 3.3029156775e-11 -1.8834833717e-09 2.8797569096e-08 -1.6660997986e-08 -5.7653388148e-08 -3.8818931793e-13 -4.3061669681e-13 -8.7127084806e-12 
-5.6195994581e-12 -5.553381702e-12 -3.3124289565e-12 -6.6697613144e-13 -4.2240261853e-13 -5.9646260031e-12 0 -1.1858461262e-20 1.2705494209e-21 
3.039008498e-12 -4.5062135447e-12 1.3816019212e-08 0 0 -5.1365039886e-09 0 0 -5.1365039886e-09 
2.53497203e-08 1.528596528e-07 5.6747076786e-08 0 0 -5.1365039886e-09 0 0 -5.1365039886e-09 
0 0 -5.1365039886e-09 0 0 -5.1365039886e-09 0 0 -5.1365039886e-09 
1.7152078369e-16 8.4727689274e-16 2.2387573134e-16 0 -1.0842021725e-19 -9.7408788934e-20 -1.6652942046e-11 -5.9988019733e-11 -6.9388007337e-11 
4.9672527376e-13 -8.7322083768e-13 4.464151709e-12 0 0 -5.1365039886e-09 0 0 -5.1365039886e-09 
0 0 -5.1365039886e-09 0 0 -5.1365039886e-09 0 0 -5.1365039886e-09 
5.2914556841e-07 -5.1127512735e-07 -1.8059421183e-07 0 0 -5.1365039886e-09 0 0 -5.1365039886e-09 
0 0 -5.1365039886e-09 0 0 -5.1365039886e-09 -1.9410258042e-13 8.6272291123e-14 7.8520953709e-14 
0 0 -5.1365039886e-09 -2.2442533041e-09 4.0699851755e-09 2.3460163175e-08 2.704613755e-09 3.2642000538e-09 3.8778645791e-09 
-2.5794812242e-08 3.0075114164e-09 -6.213117998e-09 0 0 -5.1365039886e-09 0 0 -5.1365039886e-09 
0 0 -5.1365039886e-09 0 0 -5.1365039886e-09 0 0 -5.1365039886e-09 
0 0 -5.1365039886e-09 0 0 -5.1365039886e-09 0 0 -5.1365039886e-09 
-4.8772086283e-10 2.4465269108e-09 -6.9847482556e-10 -1.3389597192e-09 -4.0280057837e-10 2.8925280494e-09 2.2690497354e-10 -3.2702152862e-11 5.7729381149e-09 
0 0 -5.1365039886e-09 2.0328790734e-20 0 8.4703294725e-21 -6.776263578e-21 0 1.6940658945e-21 
-1.1426506375e-11 -5.3909017549e-13 -3.07679862e-09 0 0 -5.1365039886e-09 -4.132795386e-08 1.0342540141e-08 -2.2518670622e-07 
1.3109863557e-09 3.8726840395e-09 -5.8472489848e-08 -6.8443192486e-11 -9.9998039634e-12 -3.475398989e-10 1.0444201828e-10 1.3969418179e-11 -3.6240070304e-10 
0 0 -5.1365039886e-09 6.9835730623e-12 3.4480101066e-12 -3.2895902104e-12 5.0652353405e-14 4.9241887694e-15 6.1180666905e-11 
3.3290512553e-12 -3.0965721523e-12 -3.0137523824e-10 2.5482145127e-10 -1.0709127739e-10 5.7634288745e-10 -4.4767006291e-11 3.5678477393e-10 -1.4069920389e-09 
3.3348954457e-11 -4.9436681094e-11 -1.5593582924e-08 0 0 -5.1365039886e-09 -3.4491598558e-06 -2.5124029575e-06 -1.8228836862e-06 
0 0 -5.1365039886e-09 0 0 -5.1365039886e-09 0 0 -5.1365039886e-09 
0 0 -5.1365039886e-09 0 0 -5.1365039886e-09 0 0 -5.1365039886e-09 
0 0 -5.1365039886e-09 -1.5357618064e-13 -5.4799914098e-13 -3.0924630168e-11 8.8194692435e-12 -3.108126254e-10 -1.1270676156e-09 
0 0 -5.1365039886e-09 0 0 -5.1365039886e-09 0 0 -5.1365039886e-09 
1.6931202358e-06 9.1747667261e-07 1.0250242672e-09 0 0 -5.1365039886e-09 0 0 -5.1365039886e-09 
1.75603962e-06 1.5949262849e-06 1.8064491499e-06 0 0 -5.1365039886e-09 0 0 -5.1365039886e-09 
0 0 -5.1365039886e-09 1.5991982044e-17 -1.560573502e-17 1.0253723462e-15 3.5849144833e-16 -9.3412148676e-16 2.9859808745e-15 
0 0 -5.1365039886e-09 -3.4349818454e-12 -3.3427824853e-12 6.8741523327e-09 -1.4380728849e-08 4.6024560531e-09 9.8928498811e-09 
-8.9370252729e-10 7.7553152539e-11 1.3412770767e-09 0 0 -5.1365039886e-09 -5.2914556841e-07 5.1127512735e-07 1.7032120385e-07 
0 0 -5.1365039886e-09 -1.1144408484e-06 2.7547657629e-07 -1.9803289956e-06 0 0 -5.1365039886e-09 
0 0 -5.1365039886e-09 0 0 -5.1365039886e-09 0 0 -5.1365039886e-09 
0 0 -5.1365039886e-09 0 0 -5.1365039886e-09 8.2795495633e-07 8.169661732e-07 -6.4701028874e-07 
1.1625126959e-09 -1.178236478e-09 -1.4308621535e-08 3.3034284943e-20 -2.6258021365e-20 4.7645603283e-22 2.5958388602e-10 -6.0678007063e-10 1.8873851957e-09 
2.6020439468e-10 1.7068236871e-10 -1.2223295222e-09 2.0450508345e-09 1.3975578833e-09 8.7612557591e-10 8.9141129042e-10 1.1025589892e-10 -9.2721773978e-10 
0 0 -5.1365039886e-09 2.9429543072e-10 -1.5603076887e-10 1.8459864775e-08 -2.3592535735e-15 -2.4085703728e-15 -3.2583091879e-14 
1.8827882276e-07 5.9411631126e-09 -1.1750217436e-07 -7.9343270235e-17 2.1751806085e-18 -1.3291990409e-16 3.934164416e-12 6.1131834187e-13 1.2750851014e-11 
2.3275110138e-16 -1.6913553891e-17 1.4584382692e-16 -1.0062040394e-11 -3.3747991381e-12 -1.5420900439e-11 4.7433845046e-20 -1.863472484e-20 1.2705494209e-21 
0 0 -5.1365039886e-09 0 0 -5.1365039886e-09 0 0 -5.1365039886e-09 
0 0 -5.1365039886e-09 0 0 -5.1365039886e-09 0 0 -5.1365039886e-09 
0 0 -5.1365039886e-09 0 0 -5.1365039886e-09 1.0842021725e-19 5.4210108624e-20 2.7105054312e-20 
1.6676861145e-11 2.9224129464e-11 -1.096529913e-09 -4.1739771159e-08 -1.3471543518e-08 -3.7775668947e-08 0 0 -5.1365039886e-09 
0 0 -5.1365039886e-09 0 0 -5.1365039886e-09 0 0 -5.1365039886e-09 
0 0 -5.1365039886e-09 -8.2795495633e-07 -8.169661732e-07 6.3673728076e-07 0 0 -5.1365039886e-09 
0 0 -5.1365039886e-09 0 0 -5.1365039886e-09 0 0 -5.1365039886e-09 
-1.1691392483e-15 1.5798384194e-15 1.229135799e-14 0 0 -5.1365039886e-09 1.1132478522e-10 7.1381151207e-11 -1.2350277858e-10 
-2.3372847471e-09 6.9018782692e-10 -1.1816093808e-08 -4.7224187451e-13 -8.4130686901e-13 -7.7867652311e-10 1.1144408484e-06 -2.7547657629e-07 1.9700559877e-06 
0 0 -5.1365039886e-09 0 0 -5.1365039886e-09 0 0 -5.1365039886e-09 
0 0 -5.1365039886e-09 0 0 -5.1365039886e-09 -5.9221833167e-16 9.5838728663e-16 -1.0034765445e-15 
-6.0370316726e-10 -3.6380417195e-10 8.3189781258e-10 3.6183885478e-13 -6.3731897364e-14 -3.5947234791e-11 -8.2017754077e-10 -4.0083417813e-11 -1.2636183036e-09 
0 0 -5.1365039886e-09 -4.7345858652e-14 7.8893868435e-15 5.1569276735e-14 -1.0607420704e-14 9.0372587885e-15 4.5101861698e-15 
1.4979303334e-15 -6.813668553e-16 -1.1983101101e-14 1.6314201509e-13 -1.3128305951e-13 -1.6438348713e-11 6.2143064132e-12 -2.048712684e-12 8.6706348731e-12 
5.609428937e-14 -4.9204564034e-14 1.7530665156e-12 -6.8769154867e-14 3.8750903528e-14 3.5152602239e-13 1.2400785965e-13 9.0980825304e-16 1.6872644148e-13 
-6.262227065e-14 -1.6113351701e-14 -6.9217179138e-13 -7.0306071755e-12 5.1068521563e-12 -1.2842231465e-10 9.0238413313e-11 -6.5707389551e-10 -7.7896354052e-10 
-1.1969489193e-07 -4.234297523e-08 -4.5889653477e-08 0 0 -5.1365039886e-09 0 0 -5.1365039886e-09 
0 0 -5.1365039886e-09 0 0 -5.1365039886e-09 0 0 -5.1365039886e-09 
0 0 -5.1365039886e-09 0 0 -5.1365039886e-09 0 0 -5.1365039886e-09 
-1.084473223e-16 -5.1248288518e-16 -2.93521639e-14 1.4565145422e-12 2.2303837515e-12 -1.3568307986e-12 -1.1441708565e-08 4.8337490264e-09 4.0440277254e-09 
0 0 -5.1365039886e-09 0 0 -5.1365039886e-09 0 0 -5.1365039886e-09 
0 0 -5.1365039886e-09 0 0 -5.1365039886e-09 0 0 -5.1365039886e-09 
0 0 -5.1365039886e-09 0 0 -5.1365039886e-09 0 0 -5.1365039886e-09 
1.6232432521e-10 -2.6717232068e-10 -9.0730115177e-09 1.7199737186e-13 1.1492520667e-12 -7.075427021e-12 -1.7234426776e-12 -6.0233329283e-12 -2.0131740852e-12 
-2.1992285046e-08 -5.0238408084e-08 2.3456542043e-08 2.4585531094e-13 2.9292556878e-13 1.1928536176e-10 0 0 -5.1365039886e-09 
0 0 -5.1365039886e-09 0 0 -5.1365039886e-09 0 0 -5.1365039886e-09 
0 0 -5.1365039886e-09 0 0 -5.1365039886e-09 0 0 -5.1365039886e-09 
0 0 -5.1365039886e-09 7.6232965253e-21 2.1784628612e-20 -1.0587911841e-22 -3.2908146488e-10 5.9284299941e-10 4.3117463129e-09 
-2.0832023172e-14 6.3285558434e-15 1.1293909736e-13 8.2244108984e-12 1.0979164518e-11 -5.3473766739e-12 6.1872993979e-12 3.7458580617e-12 4.2436616539e-09 
3.405665371e-17 -1.4393630873e-17 -2.7503159797e-18 0 0 -1.7383002049e-18 7.27925428e-12 -5.6955477118e-12 1.4012538522e-11 
1.5924219408e-19 -1.8973538018e-19 -3.8074130979e-18 -2.6492845136e-11 1.6301663849e-11 9.3537804571e-12 -8.7635254685e-12 2.2348954284e-12 1.5302871481e-10 
5.3665770016e-12 -2.4129328852e-11 2.6147933957e-10 8.4889843229e-12 1.3098454071e-12 2.3870047026e-10 -1.17243113e-12 -6.6588648115e-13 -2.8981783092e-10 
-5.2525624936e-11 9.8621433489e-12 5.3861668249e-10 -8.3944978383e-12 1.5470915293e-12 4.7097423399e-11 -9.338840725e-11 1.1601975159e-10 2.5409839563e-11 
0 0 -5.1365039886e-09 0 0 -5.1365039886e-09 0 0 -5.1365039886e-09 
0 0 -5.1365039886e-09 0 0 -5.1365039886e-09 4.3581548093e-11 1.1951747521e-10 -7.5769835374e-10 
-5.0317967241e-11 3.2539581619e-10 -2.1320893046e-09 0 0 -5.1365039886e-09 0 0 -5.1365039886e-09 
0 0 -5.1365039886e-09 0 0 -5.1365039886e-09 0 0 -5.1365039886e-09 
0 0 -5.1365039886e-09 3.3254650482e-06 -8.4307112195e-08 9.7896435508e-07 0 0 -5.1365039886e-09 
0 0 -5.1365039886e-09 -3.8494577299e-07 -6.784651646e-07 -1.0518757928e-06 -5.4736012496e-11 4.2368515665e-11 -5.7008320458e-10 
3.8494577299e-07 6.784651646e-07 1.0416027848e-06 -2.5159042013e-09 -8.118745784e-09 -1.367059196e-08 2.7105054312e-20 -1.6263032587e-19 -4.3791603373e-19 
-3.3254650482e-06 8.4307112195e-08 -9.8923736306e-07 0 0 -5.1365039886e-09 0 0 -5.1365039886e-09 
0 0 -5.1365039886e-09 0 0 -5.1365039886e-09 0 0 -5.1365039886e-09 
0 0 -5.1365039886e-09 6.8745238912e-11 9.8697827719e-11 -1.0561709956e-09 -2.2748652278e-10 6.6984784916e-10 6.1076754923e-10 
-3.122490485e-11 -1.6660141393e-11 7.4266942527e-12 9.9746599869e-18 6.4476147945e-18 -1.5263004314e-17 -2.3647241663e-12 1.0720259316e-12 1.9462240073e-12 
1.4725884164e-11 9.3107609838e-12 -3.2013824719e-11 0 0 -5.1365039886e-09 6.1856595125e-10 -4.846192783e-10 -7.4517644215e-10 
-5.4269214773e-11 -2.397939475e-11 -2.4926690779e-10 2.7105054312e-20 0 0 3.2863943134e-11 2.9261024268e-11 -1.6349247119e-11 
1.0951744882e-12 -1.7067098602e-13 -1.8508066597e-10 2.8128416988e-12 5.9340643672e-13 2.5529700047e-10 4.2814450559e-11 1.7466019082e-11 3.604716355e-10 
1.3248320355e-14 1.6281712417e-13 -2.6712096389e-12 -3.1964244077e-11 1.0212378295e-10 -2.6727010289e-10 3.6235850927e-10 -5.7671079402e-10 -3.9089361142e-09 
0 0 -5.1365039886e-09 0 0 -5.1365039886e-09 0 0 -5.1365039886e-09 
0 0 -5.1365039886e-09 0 0 -5.1365039886e-09 0 0 -5.1365039886e-09 
3.7003982777e-14 6.3652398239e-14 7.1702492644e-14 1.433315272e-16 2.8200098506e-16 -9.1739936231e-16 1.1662541256e-10 1.9298342817e-10 9.6037185496e-10 
1.6359635001e-13 8.979547249e-13 -5.2009932475e-10 0 0 -5.1365039886e-09 0 0 -5.1365039886e-09 
0 0 -5.1365039886e-09 0 0 -5.1365039886e-09 0 0 -5.1365039886e-09 
0 0 -5.1365039886e-09 0 0 -5.1365039886e-09 0 0 -5.1365039886e-09 
0 0 -5.1365039886e-09 -1.0083427076e-10 -3.1211506873e-10 3.8016329277e-10 2.6650180326e-11 1.7760861651e-10 6.3096275851e-10 
7.7942795935e-11 -6.0327898818e-12 -6.3453244181e-10 -9.7578195524e-19 1.6805133674e-18 -1.6119036986e-18 0 0 -5.1365039886e-09 
0 0 -5.1365039886e-09 0 0 -5.1365039886e-09 0 0 -5.1365039886e-09 
0 0 -5.1365039886e-09 0 0 -5.1365039886e-09 0 0 -5.1365039886e-09 
1.4532317667e-09 -8.1708792226e-09 -7.3280661795e-09 -2.949178987e-15 -3.5382937899e-15 -2.6411902568e-12 -1.2088854223e-17 -1.5178830415e-18 -4.7770540643e-18 
-1.6780164088e-10 -3.0418244529e-11 2.6777371658e-10 -4.996112031e-15 2.0861269526e-14 -4.5958283108e-11 -9.8952692828e-15 9.8158921312e-16 -1.1546065772e-12 
7.0159067161e-11 -9.1831047405e-11 -3.7398850839e-11 5.4210108624e-20 0 2.7528570786e-21 -2.4630182605e-11 5.3817539726e-11 5.4059831504e-10 
-1.0994008872e-10 9.2551987233e-11 1.3643917991e-10 -4.7648723971e-10 -5.0673575308e-11 -1.7146387506e-10 1.1983770302e-10 1.221392063e-11 -3.5031436136e-11 
1.1093690199e-09 5.8256412339e-10 8.8062783458e-09 3.1899248925e-11 5.8163688167e-12 1.8721452304e-10 -1.0805592532e-14 2.897546569e-14 -6.5659822279e-14 
-8.0811599816e-12 4.4411118473e-11 -3.749952605e-11 -7.5295130374e-16 3.6272254731e-15 -6.4303073279e-14 0 0 -5.1365039886e-09 
0 0 -5.1365039886e-09 0 0 -5.1365039886e-09 0 0 -5.1365039886e-09 
0 0 -5.1365039886e-09 0 0 -5.1365039886e-09 0 0 -5.1365039886e-09 
0 0 -5.1365039886e-09 1.1189321447e-09 -2.9198953237e-09 3.0034641004e-08 1.0235552362e-09 7.3733016654e-10 -2.5192845515e-09 
-2.0475158027e-15 9.5898495308e-15 1.0851753939e-12 1.186279807e-14 -8.428039828e-14 -2.1153264993e-11 0 0 -5.1365039886e-09 
0 0 -5.1365039886e-09 0 0 -5.1365039886e-09 0 0 -5.1365039886e-09 
0 0 -5.1365039886e-09 0 0 -5.1365039886e-09 0 0 -5.1365039886e-09 
0 0 -5.1365039886e-09 0 0 -5.1365039886e-09 0 0 -5.1365039886e-09 
0 0 -5.1365039886e-09 -3.6894966249e-14 -5.6567516513e-14 -2.2709952479e-11 6.7274744803e-17 7.2987134999e-17 1.4389408413e-15 
4.5297572117e-12 7.5705469454e-12 5.5662981843e-09 0 0 -5.1365039886e-09 0 0 -5.1365039886e-09 
0 0 -5.1365039886e-09 0 0 -5.1365039886e-09 0 0 -5.1365039886e-09 
-3.280858209e-07 -4.2981246205e-08 7.523922648e-08 0 0 -5.1365039886e-09 0 0 -5.1365039886e-09 
-1.9622492075e-09 3.1030342229e-09 4.3396179488e-09 1.6783950279e-10 -5.7284938583e-10 -1.9003323248e-09 -2.3263929303e-14 -1.099161452e-14 -4.904537605e-15 
4.6767873862e-15 1.6381210624e-15 2.0623463332e-14 8.72117297e-11 1.2831948449e-11 -1.3688539028e-10 -4.5500133338e-12 4.0065384821e-12 -1.2612359914e-11 
9.8129366097e-08 1.9583702955e-08 1.1287578737e-09 8.8091426514e-20 -1.3552527156e-20 -2.7105054312e-20 1.5018134902e-11 -8.202588977e-11 3.51368089e-10 
1.0862725612e-10 -9.011804779e-11 1.3338400652e-10 1.0977432194e-10 -5.1810836329e-11 1.8221825131e-10 5.2789270829e-10 1.956313862e-10 -3.7541531161e-10 
1.0842021725e-19 -1.3552527156e-20 4.7433845046e-20 4.3555121532e-12 -2.199809936e-11 8.2434003776e-12 0 0 -5.1365039886e-09 
0 0 -5.1365039886e-09 0 0 -5.1365039886e-09 0 0 -5.1365039886e-09 
0 0 -5.1365039886e-09 0 0 -5.1365039886e-09 -6.405079518e-10 -1.0771686146e-09 1.9847659271e-09 
-1.989411511e-13 -3.8906519065e-13 6.4484840197e-13 4.6560727821e-12 -2.6928665081e-11 6.6243304862e-11 0 0 -5.1365039886e-09 
0 0 -5.1365039886e-09 0 0 -5.1365039886e-09 0 0 -5.1365039886e-09 
0 0 -5.1365039886e-09 0 0 -5.1365039886e-09 0 0 -5.1365039886e-09 
0 0 -5.1365039886e-09 -8.9050886462e-10 4.4501705642e-09 9.4019553084e-09 -1.4341826338e-15 -1.663870864e-15 -3.4815492113e-12 
-2.168404345e-19 2.3039296165e-19 4.5702642051e-17 0 0 -5.1365039886e-09 0 0 -5.1365039886e-09 
0 0 -5.1365039886e-09 0 0 -5.1365039886e-09 0 0 -5.1365039886e-09 
9.6627409101e-09 -1.077639878e-08 -1.0777800591e-08 -2.7506106252e-12 1.1323080406e-11 -7.1511329641e-12 1.3030468604e-11 1.8573929965e-11 -7.66322015e-11 
3.6332519926e-11 1.7192071063e-12 -1.1843641255e-10 -2.7328721588e-11 2.7170592707e-11 5.0292267733e-10 0 0 -5.1365039886e-09 
5.2563241845e-11 -4.3862905821e-11 -4.9189453956e-10 2.3488292908e-11 -3.1806452003e-12 3.5370000465e-11 -2.7418557117e-11 2.0818397462e-11 1.3471954445e-10 
-6.2802410841e-17 1.6994869054e-17 -1.9404631414e-14 -2.3446125304e-10 -1.2228731862e-10 -9.1085031351e-11 -1.477335615e-12 -1.1781815757e-12 -2.6983680588e-11 
-5.839357504e-09 -9.9759122567e-09 -2.5163035545e-08 2.265185615e-10 -7.5179885367e-10 -8.3553215352e-10 7.7861540566e-11 -6.2671293984e-10 -2.1329808548e-09 
-4.1329037469e-11 5.7488318698e-11 -4.9941702467e-10 0 0 -5.1365039886e-09 0 0 -5.1365039886e-09 
0 0 -5.1365039886e-09 0 0 -5.1365039886e-09 0 0 -5.1365039886e-09 
0 0 -5.1365039886e-09 -3.7137771535e-09 -2.3102959257e-08 -5.3723378488e-09 -2.0246237857e-08 -3.404767031e-08 -3.3970730319e-08 
-6.7006660637e-12 4.8540760807e-11 -3.7436061276e-11 0 0 -5.1365039886e-09 0 0 -5.1365039886e-09 
0 0 -5.1365039886e-09 0 0 -5.1365039886e-09 0 0 -5.1365039886e-09 
0 0 -5.1365039886e-09 -2.3646370886e-11 -3.4260535632e-11 -3.0134007489e-10 -1.8049038826e-13 -2.8873072282e-13 9.7055881466e-13 
-9.2019463772e-10 -1.328891818e-09 -4.6549157939e-09 0 0 -5.1365039886e-09 0 0 -5.1365039886e-09 
0 0 -5.1365039886e-09 0 0 -5.1365039886e-09 0 0 -5.1365039886e-09 
0 0 -5.1365039886e-09 0 0 -5.1365039886e-09 0 0 -5.1365039886e-09 
1.9563405258e-11 -4.5875685571e-12 1.9784631991e-10 -6.8943258627e-12 2.0601611915e-11 1.6340107144e-11 -1.5543888063e-11 4.0404759833e-11 -1.6008556143e-09 
0 5.4210108624e-20 -3.2028433318e-21 -6.2272254684e-08 3.3545363093e-08 -7.9312465537e-08 -6.2458736479e-11 -9.4080632553e-11 2.784846472e-10 
0 0 -5.1365039886e-09 -1.3755626453e-11 -7.5021286926e-11 5.8612287496e-10 1.3674884996e-11 -8.8836468563e-13 3.5151347378e-09 
3.231510012e-11 5.5601029369e-11 -1.7940996599e-10 1.7377953352e-11 4.8142551252e-11 9.9063556217e-10 -1.9824829009e-11 -9.1694965829e-12 3.755764717e-10 
2.0734877967e-10 -9.8149933276e-11 3.1444577855e-10 -3.9183479872e-09 -2.8553934078e-08 -1.3139279276e-09 4.3841873955e-09 6.9955762111e-09 -1.4962051609e-09 
-1.1731504712e-09 -2.7487902005e-09 9.6880732864e-10 -6.2044194381e-14 -7.0605955978e-15 1.4899339315e-11 -7.8418699459e-09 -2.4021648273e-08 -2.1841100252e-09 
-8.0416789953e-11 -1.0825286441e-11 -7.0029808975e-11 6.9966873007e-12 -3.0751211039e-12 1.3598371737e-11 1.2021863865e-11 1.7077088821e-11 -2.3790285253e-11 
-1.432286331e-11 3.5464775105e-12 9.7996751088e-11 -1.6259625037e-10 -6.4000231533e-10 -1.0029774921e-08 4.6075590847e-10 -1.2612336109e-09 2.7744467361e-10 
3.021956207e-10 -4.114254589e-09 -7.7806341158e-10 0 0 -5.1365039886e-09 0 0 -5.1365039886e-09 
0 0 -5.1365039886e-09 0 0 -5.1365039886e-09 8.6688918634e-07 -9.3903532749e-07 -8.7521976047e-07 
0 0 -5.1365039886e-09 -5.9255403318e-12 1.0752565993e-11 -1.1662741207e-11 1.4729904579e-12 7.0741441693e-12 -6.0361362691e-11 
-3.0019269058e-10 8.4418318072e-10 5.3224215637e-10 0 0 -5.1365039886e-09 0 0 -5.1365039886e-09 
0 0 -5.1365039886e-09 0 0 -5.1365039886e-09 0 0 -5.1365039886e-09 
0 0 -5.1365039886e-09 0 0 -5.1365039886e-09 0 0 -5.1365039886e-09 
0 0 -5.1365039886e-09 1.1634983856e-11 9.1583986895e-12 -6.2065032593e-11 4.0657581468e-20 -8.4703294725e-21 8.4703294725e-22 
-1.363805542e-11 -2.162363615e-11 1.6770435016e-10 -1.8100438141e-12 5.0757570347e-12 5.8043876627e-11 3.2041003204e-06 -1.15040822e-06 1.2497092913e-06 
0 0 -5.1365039886e-09 0 0 -5.1365039886e-09 0 0 -5.1365039886e-09 
0 0 -5.1365039886e-09 0 0 -5.1365039886e-09 -5.6331838337e-12 5.3660259558e-12 3.974035385e-11 
2.042077919e-13 -3.9823794083e-13 1.0106671008e-12 5.4210108624e-20 -1.0842021725e-19 -1.1911400821e-21 -1.1125052453e-08 -1.1950595459e-09 4.0128642194e-09 
-2.7901436029e-09 4.5529013643e-09 -4.3953240439e-09 -8.8965135606e-11 4.7201352093e-11 6.9435423742e-09 1.6255833451e-08 4.15002763e-08 -8.909469523e-09 
-1.7271271785e-08 -1.262467841e-08 2.8584664541e-09 0 0 -5.1365039886e-09 4.8323020932e-13 -1.6651546678e-12 -1.595063063e-10 
-8.7255240737e-09 2.6722159938e-10 2.2400839654e-10 1.8980700312e-11 9.3826043397e-12 7.3255916218e-12 -8.5708114705e-10 4.0448812518e-10 -4.8240740722e-09 
0 0 -5.1365039886e-09 0 0 -5.1365039886e-09 0 0 -5.1365039886e-09 
0 0 -5.1365039886e-09 -8.6688918634e-07 9.3903532749e-07 8.6494675249e-07 0 0 -5.1365039886e-09 
0 0 -5.1365039886e-09 0 0 -5.1365039886e-09 -3.2526065175e-19 -4.3368086899e-19 6.6746196244e-19 
4.5482893109e-12 3.53663294e-10 8.2857295761e-10 5.8043731497e-12 -3.8801826932e-10 1.0143962431e-10 0 0 -5.1365039886e-09 
0 0 -5.1365039886e-09 0 0 -5.1365039886e-09 0 0 -5.1365039886e-09 
0 0 -5.1365039886e-09 0 0 -5.1365039886e-09 5.2599204289e-12 -1.072287206e-11 2.294366208e-13 
6.5233652898e-14 2.744973438e-13 5.9691091816e-12 -5.29138155e-13 -1.1470644448e-12 -1.7352958483e-12 9.2917383857e-13 2.4134960523e-12 2.2656312005e-12 
0 0 -5.1365039886e-09 0 0 -5.1365039886e-09 0 0 -5.1365039886e-09 
0 0 -5.1365039886e-09 0 0 -5.1365039886e-09 0 0 -5.1365039886e-09 
0 0 -5.1365039886e-09 2.3139750747e-07 9.194426633e-07 -2.7048630717e-07 -3.9759069626e-11 1.2465925365e-10 -2.1983099813e-10 
-1.6011372593e-12 2.8015226349e-12 -5.0758692738e-13 -2.4640605853e-13 -1.3353191166e-13 -4.3909077236e-10 3.0923749889e-13 1.055540746e-13 -3.8614845362e-12 
8.3699608578e-12 9.6891035017e-11 -9.6641739341e-10 -1.0590818858e-13 6.4526671766e-14 -2.3433698465e-10 1.9956063805e-09 -1.3798462626e-09 2.0690370462e-08 
9.5464272338e-14 -3.643066751e-13 -9.1721980107e-13 1.3951857974e-10 -8.7876452913e-11 -3.41639003e-08 -4.0657581468e-20 -9.4867690092e-20 0 
2.9313956998e-09 -1.6485089442e-09 2.0005830871e-09 1.1040271899e-08 2.9366010586e-08 -1.2530572871e-08 8.2458237287e-14 1.7924041158e-13 2.4927755402e-12 
5.4210108624e-20 -5.4210108624e-20 -9.8255821881e-20 1.3552527156e-20 -2.7105054312e-20 -1.5077186461e-19 0 0 -5.1365039886e-09 
0 0 -5.1365039886e-09 0 0 -5.1365039886e-09 0 0 -5.1365039886e-09 
0 0 -5.1365039886e-09 1.0096972087e-12 9.2781143012e-13 1.1102836586e-12 5.060736964e-11 6.8651466564e-11 -1.8317094142e-10 
-3.6198247958e-11 -1.2554619302e-10 -1.2398356679e-10 -2.0158679663e-10 -4.8344220218e-10 -2.9840453834e-10 -1.0842021725e-19 2.7105054312e-20 1.5246593051e-19 
1.0169856622e-09 7.894085588e-10 6.2760118452e-09 0 0 -5.1365039886e-09 0 0 -5.1365039886e-09 
0 0 -5.1365039886e-09 0 0 -5.1365039886e-09 -2.3139750747e-07 -9.194426633e-07 2.6021329919e-07 
0 0 -5.1365039886e-09 0 0 -5.1365039886e-09 0 0 -5.1365039886e-09 
0 0 -5.1365039886e-09 0 0 -5.1365039886e-09 1.0842021725e-19 2.7105054312e-20 -6.1792980487e-12 
-1.5141925474e-11 1.1099886825e-11 1.0118905857e-09 1.0715457384e-13 2.9226537098e-13 -3.5772518506e-12 0 0 -5.1365039886e-09 
0 0 -5.1365039886e-09 0 0 -5.1365039886e-09 0 0 -5.1365039886e-09 
0 0 -5.1365039886e-09 0 0 -5.1365039886e-09 0 0 -5.1365039886e-09 
0 0 -5.1365039886e-09 0 0 -5.1365039886e-09 5.4050268178e-10 -7.6843107734e-10 -1.0990216992e-09 
1.3664435794e-12 -1.600985078e-12 4.309803904e-12 -8.2701517775e-07 -1.3116740983e-08 2.8947200858e-07 1.0698216266e-12 5.1873093223e-13 8.5829996962e-10 
1.0689216981e-16 1.8702487475e-18 3.6854657645e-16 5.4210108624e-20 1.0842021725e-19 3.5840081581e-20 -2.0683189319e-16 -4.9873299934e-18 -1.6300302037e-16 
-1.6128476321e-12 5.6406311913e-13 -4.0233113398e-10 -2.7258321576e-11 -5.2569270443e-11 -1.4684823914e-09 2.2312452472e-08 4.5098281112e-08 2.6133600516e-08 
5.5847106048e-07 5.4663286203e-07 3.7907616527e-07 -5.7526964669e-09 -8.2123842774e-11 8.0572702882e-10 1.089303748e-09 -2.2134443166e-10 2.1842565031e-09 
-5.7488642205e-10 2.3206589776e-10 6.5129161079e-09 9.0735987673e-06 -9.1632237039e-06 -5.8293395452e-09 4.1199682554e-18 -1.1655173354e-18 4.0454293561e-18 
-1.7211709488e-18 1.5449880958e-18 1.0967382601e-17 0 0 -5.1365039886e-09 0 0 -5.1365039886e-09 
0 0 -5.1365039886e-09 0 0 -5.1365039886e-09 0 0 -5.1365039886e-09 
0 0 -5.1365039886e-09 3.039481427e-12 6.4222335132e-12 -6.8827135289e-13 -1.5124885838e-09 -4.1096146935e-10 -1.0067912445e-08 
0 0 -5.1365039886e-09 0 0 -5.1365039886e-09 0 0 -5.1365039886e-09 
0 0 -5.1365039886e-09 0 0 -5.1365039886e-09 -2.572599687e-06 -3.4552390381e-07 1.1455303746e-06 
0 0 -5.1365039886e-09 0 0 -5.1365039886e-09 -4.1675072573e-11 1.1623294785e-10 1.9841318005e-09 
-2.5904394653e-10 -3.9714802473e-10 6.3023484073e-09 1.677256095e-10 2.9329812141e-10 4.8359423617e-10 -3.6276174122e-13 -6.73679889e-13 5.7121743388e-12 
0 0 -5.1365039886e-09 0 0 -5.1365039886e-09 0 0 -5.1365039886e-09 
0 0 -5.1365039886e-09 0 0 -5.1365039886e-09 0 0 -5.1365039886e-09 
0 0 -5.1365039886e-09 1.0842021725e-19 0 2.1175823681e-22 -1.0842021725e-19 0 -1.7787691892e-20 
-5.56344074e-12 5.0312518772e-12 -6.1237293319e-12 -4.1670597637e-13 -1.5595348363e-13 -1.3207355491e-09 -1.0791389471e-10 -1.2139160497e-10 -3.222376648e-08 
1.831238161e-10 2.3444440833e-13 -1.3538542668e-09 1.0620873078e-12 -5.3527153413e-13 -2.4399127742e-12 -1.5374035126e-10 -9.5817974188e-12 -7.0901866236e-10 
-1.0936096008e-08 -1.495428579e-08 1.1779931038e-08 -4.8605722198e-10 2.5182464339e-10 -3.4106837928e-10 -4.0401719698e-10 -5.7585527499e-11 -5.6989253911e-11 
-8.1610268528e-10 3.7714574551e-10 -8.2773482223e-10 -7.2307959417e-10 3.9638677675e-12 5.6128721021e-10 -3.1724750175e-06 -2.4326376364e-07 -4.5234079968e-07 
-6.9443112469e-10 5.3551792503e-10 8.658295705e-11 4.1181445108e-10 1.0469063577e-10 3.0846869784e-10 1.4230153514e-19 4.641740551e-19 -1.0892843702e-18 
-1.1031757105e-17 1.1227591122e-16 1.5758624467e-16 -6.776263578e-21 -6.776263578e-20 3.9704669403e-23 -6.8440262138e-19 5.8275866771e-19 -9.3851250556e-19 
0 0 -5.1365039886e-09 0 0 -5.1365039886e-09 1.5199873883e-06 1.3393419202e-06 5.8903363238e-07 
0 0 -5.1365039886e-09 0 0 -5.1365039886e-09 0 0 -5.1365039886e-09 
0 0 -5.1365039886e-09 0 0 -5.1365039886e-09 5.0503763498e-14 8.7376015711e-14 -8.7323120769e-12 
9.7578195524e-18 -6.8779075317e-19 1.0109338225e-17 0 0 -5.1365039886e-09 0 0 -5.1365039886e-09 
0 0 -5.1365039886e-09 0 0 -5.1365039886e-09 0 0 -5.1365039886e-09 
0 0 -5.1365039886e-09 0 0 -5.1365039886e-09 0 0 -5.1365039886e-09 
0 0 -5.1365039886e-09 0 0 -5.1365039886e-09 -7.2945122165e-16 -1.8410281437e-14 -7.1957137892e-11 
6.8327310498e-11 -1.4746019089e-10 -1.9797890554e-10 0 2.7105054312e-20 -5.0821976835e-21 -1.3715157482e-17 -8.1315162936e-19 -1.9129767422e-15 
-8.6736173799e-18 -1.3688052428e-18 5.480387872e-17 0 0 -5.1365039886e-09 0 0 -5.1365039886e-09 
0 0 -5.1365039886e-09 0 0 -5.1365039886e-09 0 0 -5.1365039886e-09 
0 0 -5.1365039886e-09 -8.7431429013e-12 1.9461738563e-11 7.9058199237e-11 4.0273773899e-15 -4.624772787e-15 5.7663834645e-15 
-2.8202103738e-12 -9.602007774e-13 -8.8675205349e-13 -2.0156939269e-12 -1.712813268e-12 -3.7711226699e-10 -4.3532513653e-11 -1.5609474759e-11 1.6130106135e-10 
-7.3772742337e-12 1.0336282611e-12 -5.9983560999e-10 -2.341865715e-13 3.1160187278e-14 2.4105324093e-10 -1.9886804368e-11 2.7583714094e-11 7.8831221993e-11 
5.53966441e-11 -1.0617377474e-12 1.0825707849e-10 2.4835006013e-18 5.6920614055e-18 -2.7551228917e-17 -1.0096632731e-17 -9.0801931946e-19 -8.9204427807e-17 
-6.1542025816e-17 -1.7293024651e-17 -1.6764476092e-16 -7.6066522872e-12 -4.1608822399e-11 1.4069408579e-09 1.5986842888e-10 -9.1049920424e-12 -8.6260297278e-10 
8.9166981538e-11 5.9020065124e-12 -6.4539853622e-10 6.6854255964e-13 -1.0203626731e-12 -5.880738173e-10 0 0 -5.1365039886e-09 
0 0 -5.1365039886e-09 3.9326339585e-06 -1.6278128526e-06 8.5114855005e-07 -7.6015894091e-07 1.8710766162e-06 -4.1421726234e-07 
0 0 -5.1365039886e-09 0 0 -5.1365039886e-09 1.4497249375e-11 1.6093689592e-10 -5.0942253767e-10 
-5.38984005e-16 1.6148208801e-15 -1.9858518042e-16 0 0 -5.1365039886e-09 -8.5334555853e-07 8.5514931582e-07 -1.1839230951e-06 
0 0 -5.1365039886e-09 0 0 -5.1365039886e-09 0 0 -5.1365039886e-09 
0 0 -5.1365039886e-09 0 0 -5.1365039886e-09 0 0 -5.1365039886e-09 
-8.1315162936e-20 8.1315162936e-20 4.4469229731e-21 -1.4473665105e-11 2.5928602107e-11 -7.5091864625e-10 0 0 -3.1763735522e-22 
0 -8.1315162936e-20 5.0292581243e-22 -2.7607970389e-07 2.852380341e-07 3.9561896649e-09 0 0 -5.1365039886e-09 
-7.7846159113e-07 7.9023750507e-08 -5.0786356155e-07 0 0 -5.1365039886e-09 0 0 -5.1365039886e-09 
0 0 -5.1365039886e-09 0 0 -5.1365039886e-09 4.2519757463e-10 -7.3152409811e-10 -1.3034873035e-09 
2.8894442318e-10 -1.5915475657e-09 1.0659529012e-09 -5.2853750022e-13 -1.0134287073e-13 -1.572557805e-10 1.9092762115e-10 1.7237427967e-10 5.8144314175e-10 
2.2705616955e-12 1.9638812061e-12 3.5804545194e-12 -3.9589056351e-13 2.0403275423e-14 3.1298494246e-10 0 0 -5.1365039886e-09 
3.1631110491e-14 4.9559558931e-15 3.1546871286e-13 4.3844587416e-10 -3.4978369192e-10 -7.996180822e-10 1.3557976702e-10 -1.1655070576e-10 -4.7060397598e-11 
6.6407383065e-18 2.0599841277e-18 -2.4150179876e-17 1.4301981908e-16 2.2659825405e-17 -2.9350369249e-16 0 0 -5.1365039886e-09 
-1.5193451821e-09 -6.7367970523e-10 -8.0845052924e-10 1.0592194567e-09 2.1939273895e-10 6.7346016309e-10 2.3073862363e-10 1.1429733917e-10 -4.9358314212e-10 
0 5.4210108624e-20 1.9712362507e-17 0 0 -5.1365039886e-09 0 0 -5.1365039886e-09 
0 0 -5.1365039886e-09 0 0 -5.1365039886e-09 0 0 -5.1365039886e-09 
0 0 -5.1365039886e-09 0 0 -5.1365039886e-09 -3.0704944338e-21 5.8445273361e-20 6.3527471044e-22 
-1.6472420975e-11 -4.3622404342e-10 -1.4795148991e-09 0 0 -5.1365039886e-09 8.5334555853e-07 -8.5514931582e-07 1.1736500871e-06 
0 0 -5.1365039886e-09 0 0 -5.1365039886e-09 0 0 -5.1365039886e-09 
0 0 -5.1365039886e-09 0 0 -5.1365039886e-09 0 0 -5.1365039886e-09 
0 0 -5.1365039886e-09 0 0 -5.1365039886e-09 5.9865572785e-12 -2.7543155688e-10 3.3340355582e-10 
0 0 -5.1365039886e-09 -1.00738518e-11 -2.3227403833e-11 -3.6069009442e-09 7.7846159113e-07 -7.9023750507e-08 4.9759055357e-07 
0 0 -5.1365039886e-09 0 0 -5.1365039886e-09 0 0 -5.1365039886e-09 
0 0 -5.1365039886e-09 -1.6784379163e-10 4.6999262473e-11 -6.9547836104e-10 -1.0842021725e-19 1.0842021725e-19 3.388131789e-20 
-2.7179254171e-10 7.2441343505e-10 2.765987465e-10 -2.8999304108e-10 -1.538714309e-10 2.6476027937e-10 -9.1482268809e-16 6.3696877634e-18 -4.0972686491e-13 
1.4130535327e-10 3.4839703822e-11 -5.8280960808e-10 0 2.7105054312e-20 -4.2351647363e-22 -3.3445305987e-14 -9.3237050025e-15 -6.5668414242e-13 
-2.5800576644e-11 1.0652438052e-11 -3.743377935e-10 1.5236667696e-12 -7.5780142922e-14 -3.3621286263e-10 6.6314434158e-13 -5.6583643004e-13 -9.8326268084e-11 
-3.3915199208e-18 -8.1992789294e-19 2.0430434688e-18 -5.4364218964e-11 3.7892509497e-11 -1.1011769015e-10 6.0986372202e-20 -1.6263032587e-19 3.388131789e-21 
-1.0278138415e-10 5.766878728e-12 9.2805768548e-09 -9.8186500922e-11 -1.0012544651e-10 -1.1809611924e-10 0 0 -3.9704669403e-23 
7.8372555062e-12 2.8029389248e-12 -1.7408832614e-11 -1.3131125283e-12 2.1875813903e-11 2.3759623462e-10 4.0915066474e-12 -4.3111662542e-11 -8.089434046e-12 
0 0 -5.1365039886e-09 0 0 -5.1365039886e-09 0 0 -5.1365039886e-09 
0 0 -5.1365039886e-09 1.8521595932e-11 2.0246091994e-11 -1.6045553538e-10 2.5021648571e-11 3.1791109841e-10 -1.0933011879e-09 
-2.5371413629e-11 -2.3319746619e-11 -1.3824778332e-09 0 0 -5.1365039886e-09 0 0 -5.1365039886e-09 
0 0 -5.1365039886e-09 0 0 -5.1365039886e-09 0 0 -5.1365039886e-09 
0 0 -5.1365039886e-09 0 0 -5.1365039886e-09 0 0 -5.1365039886e-09 
0 0 -5.1365039886e-09 0 0 -5.1365039886e-09 0 0 -5.1365039886e-09 
7.4115382885e-22 2.2499312661e-20 8.5232690317e-21 -1.6488633606e-11 -4.03509192e-11 -2.8561518592e-09 0 0 -5.1365039886e-09 
-2.4353213673e-15 -1.5012920377e-14 -4.6568714941e-12 1.6263032587e-19 1.6263032587e-19 3.8836460632e-19 0 0 -5.1365039886e-09 
0 0 -5.1365039886e-09 0 0 -5.1365039886e-09 0 0 -5.1365039886e-09 
0 0 -5.1365039886e-09 -7.6242723072e-13 1.1030758013e-12 2.9839519718e-12 -1.0842021725e-19 -1.0842021725e-19 1.0842021725e-19 
1.2134710554e-12 -1.5241097772e-12 4.2933050184e-12 1.5250996446e-10 -1.3693155518e-10 -9.1649745554e-10 1.046810208e-13 3.8468794122e-14 3.5740359983e-11 
2.6312947609e-11 2.8249727861e-13 5.9698472938e-09 1.3160914212e-12 -2.9501677793e-13 -1.4011791922e-11 3.0930845655e-11 -1.2588763297e-11 2.5830966112e-10 
-2.7210933431e-20 -2.0646428089e-21 1.1249656331e-22 -1.6965575846e-10 1.0921303052e-10 9.7757437135e-11 -6.6790434098e-11 -8.2058380815e-12 -5.2933696283e-11 
-3.508916878e-11 5.1418389132e-11 3.0609229629e-11 7.2313546319e-11 8.2531903187e-11 4.6799698533e-10 -3.7190857761e-11 2.0001587162e-10 -1.0330297706e-10 
0 0 -5.1365039886e-09 0 0 -5.1365039886e-09 0 0 -5.1365039886e-09 
0 0 -5.1365039886e-09 0 0 -5.1365039886e-09 0 0 -5.1365039886e-09 
0 0 -5.1365039886e-09 -3.8372721667e-11 -3.9687279125e-11 -1.6122653249e-10 5.9631119487e-19 4.0115480382e-18 -4.6362168373e-16 
-4.421441582e-10 -1.4744306264e-09 2.728631013e-10 1.4728544632e-10 -3.7467573654e-10 -2.9111375574e-10 0 0 -5.1365039886e-09 
0 0 -5.1365039886e-09 0 0 -5.1365039886e-09 0 0 -5.1365039886e-09 
0 0 -5.1365039886e-09 0 0 -5.1365039886e-09 6.1983050318e-11 1.6738675648e-10 1.1448847972e-09 
-2.5936663841e-14 -8.3947673574e-14 2.2292798575e-13 -1.2165875403e-11 -5.3235634461e-11 4.5838286638e-10 1.3637365976e-15 9.0731458804e-16 -8.4303499939e-14 
-2.0141695314e-10 -6.7628501319e-10 9.0665415501e-11 0 0 -5.1365039886e-09 0 0 -5.1365039886e-09 
0 0 -5.1365039886e-09 0 0 -5.1365039886e-09 0 0 -5.1365039886e-09 
0 0 -5.1365039886e-09 0 0 -5.1365039886e-09 0 0 -5.1365039886e-09 
0 0 -5.1365039886e-09 0 0 -5.1365039886e-09 2.9243079312e-13 -3.3225332208e-13 -8.7692624133e-14 
2.4101054227e-10 -2.5054342341e-10 4.893171742e-09 -1.3681065956e-10 6.3072614622e-11 4.5392516917e-10 4.0297217942e-12 3.0985715296e-12 -4.9123932134e-11 
-3.388131789e-20 -3.388131789e-20 1.7205356741e-22 1.47542797e-11 -5.1324530021e-12 -3.889175339e-11 -9.9307367342e-12 2.1371323764e-12 -6.1689966627e-11 
1.3981361641e-13 -1.3575631504e-13 -5.4190861612e-12 2.5999075207e-11 -1.6579630626e-11 3.8568685959e-09 2.0987098778e-11 -8.8210213873e-12 -5.7293540382e-09 
8.0248145368e-14 -1.5611643922e-14 4.4470025967e-10 1.7618285303e-19 -2.7105054312e-19 1.3552527156e-19 -1.0646366167e-10 -5.630885775e-11 -1.5211063359e-10 
1.493260879e-10 2.4617425719e-11 -5.9702405825e-10 4.502828015e-11 -4.3543096876e-10 9.5951154047e-10 -5.5992655282e-11 1.409693826e-10 1.0159480085e-10 
1.1857644201e-10 -1.5775823153e-10 4.1518882159e-10 0 0 -5.1365039886e-09 0 0 -5.1365039886e-09 
0 0 -5.1365039886e-09 0 0 -5.1365039886e-09 0 0 -5.1365039886e-09 
0 0 -5.1365039886e-09 0 0 -5.1365039886e-09 5.7831444299e-10 2.3742537907e-09 8.3439145095e-10 
-5.4210108624e-20 -5.4210108624e-20 0 -1.6611124233e-12 -4.0754763096e-11 -1.0635016979e-10 4.8840782872e-11 6.1761045324e-10 -1.0925666286e-09 
0 0 -5.1365039886e-09 0 0 -5.1365039886e-09 0 0 -5.1365039886e-09 
0 0 -5.1365039886e-09 0 0 -5.1365039886e-09 0 0 -5.1365039886e-09 
-1.3694839533e-13 1.3544057267e-12 -2.0419345332e-13 4.1900749363e-13 -1.3886041568e-12 5.1453395648e-12 -1.5788601262e-09 -1.0786294978e-09 5.8535579632e-09 
6.670971329e-10 2.0339395681e-09 1.3907376851e-09 0 0 -5.1365039886e-09 0 0 -5.1365039886e-09 
0 0 -5.1365039886e-09 0 0 -5.1365039886e-09 0 0 -5.1365039886e-09 
0 0 -5.1365039886e-09 0 0 -5.1365039886e-09 1.0842021725e-19 0 -6.0986372202e-20 
-9.5539068735e-14 3.0325625366e-13 -5.0854584216e-13 -8.9466798721e-10 -4.8336301891e-10 -1.1300539267e-09 -3.8286926472e-11 -2.1695039753e-10 -3.47799852e-08 
-7.5417103118e-16 1.2148485343e-16 -2.7465630613e-13 -7.6479810983e-14 1.8518660997e-14 -2.6993052162e-13 5.8941566905e-15 -8.1055496516e-15 4.1789683089e-15 
1.4907779872e-19 -2.168404345e-19 -2.7401515844e-19 -4.0657581468e-20 1.0842021725e-19 -6.0986372202e-20 -4.537528969e-11 -6.6877934421e-10 3.8626698561e-09 
5.4210108624e-20 -1.0842021725e-19 -1.6940658945e-20 6.6860782861e-15 -3.42073612e-14 -6.0931449315e-14 0 0 -5.1365039886e-09 
0 0 -5.1365039886e-09 0 0 -5.1365039886e-09 0 0 -5.1365039886e-09 
0 0 -5.1365039886e-09 0 0 -5.1365039886e-09 0 0 -5.1365039886e-09 
-2.9734636075e-10 -9.5767979736e-10 -2.0731264839e-09 -4.014281362e-11 -1.2205043141e-10 7.1583135268e-10 -3.6770532365e-13 5.8071512222e-11 -1.6512157361e-10 
-2.7105054312e-20 -1.3552527156e-20 -1.0587911841e-22 0 0 -5.1365039886e-09 0 0 -5.1365039886e-09 
0 0 -5.1365039886e-09 0 0 -5.1365039886e-09 0 0 -5.1365039886e-09 
1.3552527156e-20 1.3552527156e-20 -2.1175823681e-22 -4.0527043527e-14 1.7265962965e-13 4.609897872e-14 -4.5632818379e-11 -7.4581450743e-11 -1.9812599287e-10 
-4.2205715213e-09 -8.1306681787e-10 -1.3530871338e-09 -1.4111900223e-10 -4.3173241523e-10 -8.3170483445e-10 0 0 -5.1365039886e-09 
0 0 -5.1365039886e-09 0 0 -5.1365039886e-09 0 0 -5.1365039886e-09 
0 0 -5.1365039886e-09 -6.1211162161e-09 1.2364451376e-08 -1.0024650321e-08 -1.1838403521e-13 1.5425079833e-13 -6.3321228686e-14 
1.4124860388e-09 5.3167088053e-10 -1.5634704182e-09 7.7091926712e-10 -7.3307686717e-09 7.4250272821e-11 -3.4840854368e-09 -1.950815475e-09 -1.002650257e-08 
2.9311981509e-10 1.7868694035e-10 -3.830451466e-10 -3.4392640103e-12 1.4119323115e-12 -2.7878993965e-10 7.8181384977e-14 -4.1211161545e-14 -4.3095858642e-13 
6.6879439981e-12 -1.3593942053e-12 -1.4119496237e-11 -7.7944368682e-11 8.6393521629e-12 2.7084295913e-11 9.5090747055e-10 -1.2556265737e-09 -1.531996184e-10 
-5.4248243994e-10 -2.9815874753e-10 -1.7885443003e-09 -1.6121795603e-12 -8.5009034317e-13 -3.6864752959e-10 -3.5763508095e-10 6.9908199282e-10 4.0753624278e-09 
-1.1102880768e-14 5.6752264563e-14 -1.7349927054e-13 -9.7131147526e-12 2.5883440736e-11 7.5896717169e-09 0 0 -5.1365039886e-09 
0 0 -5.1365039886e-09 0 0 -5.1365039886e-09 0 0 -5.1365039886e-09 
0 0 -5.1365039886e-09 0 0 -5.1365039886e-09 0 0 -5.1365039886e-09 
0 0 -5.1365039886e-09 6.2338557168e-11 1.891391148e-10 -6.4306801574e-10 -4.2351647363e-21 2.0328790734e-20 -5.9292306308e-21 
5.3009806861e-08 2.1525948895e-08 3.1480598287e-08 0 0 -5.1365039886e-09 0 0 -5.1365039886e-09 
0 0 -5.1365039886e-09 0 0 -5.1365039886e-09 0 0 -5.1365039886e-09 
0 0 -5.1365039886e-09 -5.4210108624e-20 5.4210108624e-20 0 -8.7672556186e-11 4.2797048036e-10 7.8473090144e-11 
-1.6803598161e-07 1.6865753299e-07 5.0880754535e-07 3.1935598468e-09 3.8466023939e-10 -7.3022197249e-09 0 0 -5.1365039886e-09 
0 0 -5.1365039886e-09 0 0 -5.1365039886e-09 0 0 -5.1365039886e-09 
0 0 -5.1365039886e-09 0 0 -5.1365039886e-09 0 0 -5.1365039886e-09 
-6.0631851644e-14 2.8006743246e-13 1.9849679084e-13 5.7329900376e-14 -4.132713052e-14 -9.0437961888e-15 -7.3270215021e-08 -6.2352529603e-08 -1.5955678056e-07 
-9.5039811762e-08 -1.9525287768e-07 8.5811937578e-08 -6.4037438459e-09 1.1426167256e-08 -1.1326616575e-07 0 0 -5.1365039886e-09 
1.5990031472e-08 3.1784952504e-08 2.5784899729e-08 2.3083816008e-08 6.5012272914e-08 -6.1197000557e-08 1.7098410361e-15 2.5248900193e-15 -3.4335856098e-14 
-4.6112405886e-15 1.4102217658e-15 -1.7454417697e-12 1.2673239194e-15 -5.2412569185e-15 -2.1038909276e-14 -1.3953167197e-09 7.7759214568e-10 1.5631016478e-09 
8.1315162936e-20 -7.4538899358e-20 -2.5146290622e-21 2.2399231016e-11 1.7222551293e-11 -2.4418967509e-10 1.9637697057e-10 -3.1522648641e-11 -2.7747510797e-10 
2.9929490237e-10 -9.3593873428e-11 -2.3945115509e-10 -1.3155781464e-10 -1.7258922427e-11 -2.4766374723e-11 -2.7955451674e-11 3.6115918199e-12 6.9046643781e-10 
-1.308785368e-10 -4.8417895263e-11 -1.6163653286e-09 -2.6999923564e-12 -2.5333070602e-12 1.765408532e-12 2.2192154798e-14 1.660352628e-14 4.0898232846e-14 
2.0855225858e-11 4.2590430304e-12 -4.4355472457e-08 0 0 -5.1365039886e-09 0 0 -5.1365039886e-09 
0 0 -5.1365039886e-09 0 0 -5.1365039886e-09 -4.2144022647e-15 -2.5993232089e-14 -1.624418494e-14 
2.1698517549e-14 5.5639439453e-14 9.5678896934e-14 2.2117724319e-17 -8.3863038042e-17 -7.874695904e-17 -5.4462822598e-11 -3.516209197e-10 2.3845534883e-11 
0 0 -5.1365039886e-09 0 0 -5.1365039886e-09 0 0 -5.1365039886e-09 
0 0 -5.1365039886e-09 0 0 -5.1365039886e-09 0 0 -5.1365039886e-09 
0 0 -5.1365039886e-09 0 6.776263578e-21 8.4703294725e-22 -1.0842021725e-19 0 3.1763735522e-22 
-8.3709046368e-12 1.4752267943e-10 7.6515026966e-10 0 0 -5.1365039886e-09 0 0 -5.1365039886e-09 
0 0 -5.1365039886e-09 -2.7105054312e-20 3.388131789e-20 0 -1.3566994e-11 -6.4529525336e-13 3.807836224e-11 
3.2184568973e-07 -1.7797216118e-07 3.6885055683e-08 1.9512606005e-11 3.9389119137e-14 -2.2110420555e-11 -3.6672054282e-15 3.561820977e-15 -2.0171412013e-15 
-1.3552527156e-20 -1.6940658945e-21 2.6469779602e-22 1.3552527156e-20 0 -8.4703294725e-22 1.9702377002e-10 -1.9168155843e-10 8.4155838609e-10 
-1.6263032587e-19 0 -1.1202010727e-19 -6.4780084644e-11 1.085943386e-10 1.7748066229e-10 0 0 -5.1365039886e-09 
-2.6816277063e-14 4.2382384494e-14 -1.6306122614e-13 1.0618146976e-08 3.7595414767e-09 1.7452371647e-08 -2.0626946332e-17 2.8978691191e-17 1.2048675533e-14 
0 0 -5.1365039886e-09 0 0 -5.1365039886e-09 0 0 -5.1365039886e-09 
0 0 -5.1365039886e-09 0 0 -5.1365039886e-09 0 0 -5.1365039886e-09 
0 0 -5.1365039886e-09 4.0836366406e-14 -1.9252186108e-13 -8.8652156396e-14 2.6233973761e-13 4.9863580062e-13 -6.1209528114e-13 
4.4015208633e-11 5.921852265e-11 -2.6953681605e-10 -4.1741783641e-18 4.3855977877e-17 -1.8276429903e-16 0 0 -5.1365039886e-09 
0 0 -5.1365039886e-09 0 0 -5.1365039886e-09 0 0 -5.1365039886e-09 
0 0 -5.1365039886e-09 0 0 -5.1365039886e-09 0 6.776263578e-21 9.4368122116e-19 
1.8247122563e-16 1.3552527156e-16 -7.7713985421e-15 -7.561768052e-16 -1.0169545327e-15 6.9023848901e-13 5.3125906452e-18 -2.5749801597e-18 1.4518065307e-17 
0 0 -5.1365039886e-09 0 0 -5.1365039886e-09 0 0 -5.1365039886e-09 
0 0 -5.1365039886e-09 3.3034284943e-20 -5.0821976835e-20 3.7269449679e-20 -5.4752209711e-18 3.035766083e-18 9.7099886606e-18 
4.3456671462e-10 5.7344750259e-11 2.5177258965e-09 1.0842021725e-19 0 5.2939559203e-23 -9.6773076206e-12 4.3218261543e-11 -6.4680270541e-10 
-1.0998612762e-10 3.1417265707e-12 -6.408228841e-10 5.2059503328e-11 2.1673567035e-11 -1.6096817854e-10 0 0 -1.6940658945e-21 
2.4070440194e-12 -2.2295538354e-12 2.9250535141e-12 -5.7677580448e-09 -2.1087332013e-08 -2.1627090582e-09 -6.9829856958e-14 1.7333573812e-14 -9.7246930611e-12 
8.0231619756e-11 8.4675354835e-13 9.4861319463e-11 2.3376076465e-16 -1.8819039209e-15 -1.0242546015e-14 -6.2752469779e-15 -3.7671426105e-15 -9.4836909974e-15 
-9.2157184661e-19 8.4025668368e-19 -7.1475075309e-17 -2.7105054312e-20 2.7105054312e-20 4.2351647363e-22 0 0 -5.1365039886e-09 
0 0 -5.1365039886e-09 0 0 -5.1365039886e-09 0 0 -5.1365039886e-09 
0 0 -5.1365039886e-09 8.1315162936e-20 -5.4210108624e-20 4.1504614415e-20 -1.3479167571e-11 1.2091506019e-11 -9.7698399311e-11 
-9.7578195524e-19 2.649519059e-18 -5.5836411883e-18 0 6.776263578e-21 1.6940658945e-21 0 0 -5.1365039886e-09 
0 0 -5.1365039886e-09 0 0 -5.1365039886e-09 0 0 -5.1365039886e-09 
0 0 -5.1365039886e-09 0 0 -5.1365039886e-09 0 0 -5.1365039886e-09 
9.1012395103e-12 -5.119971111e-12 -1.8030510895e-12 5.2789803778e-16 -2.7151132904e-15 4.4583392831e-15 1.4794623046e-14 1.0024248684e-14 4.2638090189e-14 
1.9326245248e-13 2.8027124892e-13 2.4625173252e-13 0 0 -5.1365039886e-09 0 0 -5.1365039886e-09 
0 0 -5.1365039886e-09 0 0 -5.1365039886e-09 0 0 -5.1365039886e-09 
0 0 -5.1365039886e-09 0 0 -5.1365039886e-09 0 0 1.2705494209e-20 
-5.2542632788e-14 4.6742313796e-14 -7.3668336446e-12 -7.3178225632e-16 1.9558465091e-15 1.0107337614e-12 -3.7874051334e-11 -1.5869015195e-11 -8.4327205081e-11 
-3.9102866575e-10 1.5891273621e-10 6.1165590704e-10 5.0152768304e-11 2.4180126166e-09 3.1870683944e-10 3.127541024e-10 -4.9976984248e-11 -6.6692781524e-11 
4.5094678859e-16 -9.2428235204e-18 -1.4150389374e-14 -1.3552527156e-20 6.0986372202e-20 5.2939559203e-23 -9.9389532979e-08 -1.2974372561e-07 5.4376452153e-08 
7.5894152074e-19 -9.7578195524e-18 1.2883709941e-16 1.1697015968e-08 -9.0431360534e-08 2.1185355982e-08 2.7926676271e-17 -8.639736062e-18 4.5251888174e-17 
3.5288422575e-14 2.6836917562e-15 2.6726549169e-14 -4.6768063597e-14 -6.355051034e-15 -2.6081479497e-13 -2.9024912933e-08 5.1623031794e-08 -6.8489013523e-08 
0 0 2.6469779602e-23 0 0 -5.1365039886e-09 0 0 -5.1365039886e-09 
0 0 -5.1365039886e-09 0 0 -5.1365039886e-09 0 0 -5.1365039886e-09 
0 0 -5.1365039886e-09 -3.3610267347e-18 6.0986372202e-19 -1.5246593051e-19 9.5424146015e-13 8.1757615001e-13 -2.2584930481e-12 
-1.6371452805e-17 1.5246593051e-17 -3.8598881363e-14 -3.6907766042e-09 3.9499729495e-09 -8.8014442799e-08 -6.7002718478e-14 3.5056840379e-13 -3.3761564118e-12 
0 0 -5.1365039886e-09 0 0 -5.1365039886e-09 0 0 -5.1365039886e-09 
0 0 -5.1365039886e-09 0 0 -5.1365039886e-09 0 0 -5.1365039886e-09 
0 0 -5.1365039886e-09 0 0 -5.1365039886e-09 0 0 -5.1365039886e-09 
0 0 -5.1365039886e-09 0 0 -5.1365039886e-09 2.0635127992e-12 -8.3576305205e-11 3.9521197853e-10 
6.1496651955e-14 2.2255337357e-13 -1.8480269553e-12 -1.3306722261e-13 -1.5449870116e-13 -2.6295091232e-13 6.7593337611e-14 2.0831643702e-14 9.2657730311e-14 
0 0 -5.1365039886e-09 0 0 -5.1365039886e-09 0 0 -5.1365039886e-09 
0 0 -5.1365039886e-09 0 0 -5.1365039886e-09 0 0 -5.1365039886e-09 
0 0 -5.1365039886e-09 -5.2753988244e-12 7.7626413598e-12 5.792006268e-10 -2.3426455144e-10 3.4491815079e-10 -3.4242496266e-08 
5.624501109e-11 2.5659551686e-11 -4.1045511298e-11 0 0 -5.1365039886e-09 -2.5885326868e-18 -8.2399365109e-18 2.4467817231e-16 
3.2168278458e-15 1.1291965626e-15 1.801714303e-12 -1.1803360454e-10 4.2532091022e-11 2.8861701033e-10 6.2118117209e-09 2.4816777431e-09 -6.0038131972e-09 
1.6263032587e-19 1.0842021725e-19 1.2705494209e-21 -3.9887212333e-08 4.0694797751e-09 -2.0840054584e-08 1.2536087619e-18 -9.812029661e-18 1.0975852931e-17 
1.3755815063e-18 -3.8489177123e-18 1.1512871819e-17 3.2939515232e-10 3.7085958859e-10 -3.6394783098e-10 -1.7529240977e-10 -6.5910651286e-11 2.1682143549e-09 
5.4587549679e-09 -7.3318570487e-09 3.3342606444e-09 -1.7827729058e-08 -1.1015838943e-08 -7.506418573e-08 0 0 -5.1365039886e-09 
0 0 -5.1365039886e-09 0 0 -5.1365039886e-09 0 0 -5.1365039886e-09 
-2.4962322874e-06 3.6448551347e-06 2.2335728918e-06 -3.3680440105e-10 -1.0200433599e-10 -9.4030114591e-10 -1.2058453112e-06 1.5269430852e-06 8.3112709524e-07 
3.7174823116e-11 -1.5461341283e-10 -6.3796666624e-08 0 0 -5.1365039886e-09 0 0 -5.1365039886e-09 
0 0 -5.1365039886e-09 0 0 -5.1365039886e-09 0 0 -5.1365039886e-09 
0 0 -5.1365039886e-09 0 0 -5.1365039886e-09 0 0 -5.1365039886e-09 
0 2.7105054312e-20 -1.6940658945e-21 -4.7289316994e-11 -3.1192864402e-10 6.446304101e-09 5.4210108624e-20 0 -5.0821976835e-21 
0 -2.7105054312e-20 -1.6940658945e-21 -5.8669362888e-09 -5.9932846082e-09 -2.3491955364e-09 -8.2747915291e-11 -2.610638448e-10 -1.9883237303e-08 
0 0 -5.1365039886e-09 0 0 -5.1365039886e-09 0 0 -5.1365039886e-09 
0 0 -5.1365039886e-09 -5.4210108624e-20 -1.6263032587e-19 2.552957303e-18 3.3476986374e-13 -3.4166122893e-13 -3.6612123652e-13 
-7.7492916923e-11 -1.9868325301e-11 6.590321718e-10 7.6237633014e-11 1.918580583e-11 6.6396761179e-10 1.3552527156e-20 2.7105054312e-20 0 
5.4210108624e-20 0 -4.2351647363e-22 3.7440281122e-12 -4.4461323762e-12 2.4400925038e-10 1.1596823485e-10 -4.7120397211e-11 2.8375601136e-10 
1.5759984246e-11 2.0140604679e-11 -5.3276323609e-11 -2.0028786572e-13 6.1995656005e-14 -1.7587400332e-13 6.4756101997e-11 1.3076834483e-11 -1.3989292439e-10 
1.320016145e-17 2.6562953226e-18 8.3671608596e-17 6.5994402033e-10 2.9963657543e-10 1.0617092505e-09 2.5307057068e-12 7.9595084863e-12 5.2347555984e-11 
-8.6987478581e-12 -1.6506908741e-11 3.984652598e-10 0 0 -5.1365039886e-09 -6.3890031334e-07 7.6955036371e-07 -1.4505992276e-06 
0 0 -5.1365039886e-09 0 0 -5.1365039886e-09 0 0 -5.1365039886e-09 
0 0 -5.1365039886e-09 0 0 -5.1365039886e-09 -9.1835862049e-11 -1.4628674324e-10 5.4469399931e-10 
1.3939018871e-12 1.7847540115e-12 -3.860434389e-12 -7.2219964384e-13 1.8705776538e-12 4.5115542263e-12 0 0 -5.1365039886e-09 
0 0 -5.1365039886e-09 0 0 -5.1365039886e-09 0 0 -5.1365039886e-09 
0 0 -5.1365039886e-09 0 0 -5.1365039886e-09 0 0 -5.1365039886e-09 
0 -1.3552527156e-20 1.7999450129e-21 -1.8355974824e-10 -4.7377627651e-10 -3.4146943324e-09 5.7652431892e-09 6.9386035282e-09 2.1543816543e-08 
1.2218724025e-12 8.2842191223e-13 -4.8444942782e-12 -1.8084535605e-12 -3.6442731699e-12 -4.2630265298e-13 0 0 -5.1365039886e-09 
0 0 -5.1365039886e-09 0 0 -5.1365039886e-09 0 0 -5.1365039886e-09 
0 0 -5.1365039886e-09 4.3954072383e-11 -7.3764434014e-11 4.0095614745e-11 7.2366375858e-11 -1.1789334602e-10 -3.2202130727e-11 
-3.4841779237e-10 -3.5380830454e-11 2.29257183e-09 2.8823418522e-10 1.9411351335e-10 1.1613480849e-09 2.4193435473e-10 -9.2248210101e-11 2.8536433871e-10 
-1.2203498357e-11 -2.2736577107e-11 -5.9142941876e-11 -7.6375399061e-12 2.7442849967e-12 4.024509174e-09 -1.8974029012e-09 2.0341845759e-09 -2.0062285823e-09 
8.7077097377e-12 -2.0793297775e-12 2.6897994272e-11 1.4950174887e-13 -3.6335667006e-14 -4.8449607992e-13 -5.4210108624e-20 -8.1315162936e-20 5.0821976835e-21 
8.1315162936e-20 0 -1.6940658945e-21 -2.9933226199e-11 -3.5447999245e-12 -7.8250050697e-11 0 0 -5.1365039886e-09 
-1.3307796163e-11 -7.1659694238e-12 -2.6347407299e-11 5.2878171134e-12 5.3663739847e-13 1.2491235175e-11 -2.4419363206e-11 -2.1923844034e-12 3.9738565872e-10 
2.3467547892e-13 -6.7310035583e-13 -6.8263950917e-12 -2.2990039823e-13 5.3321856174e-13 -7.5372686256e-13 6.3890031334e-07 -7.6955036371e-07 1.4403262196e-06 
0 0 -5.1365039886e-09 0 0 -5.1365039886e-09 0 0 -5.1365039886e-09 
0 0 -5.1365039886e-09 -1.0842021725e-19 -1.3891340335e-19 2.7105054312e-20 7.1204977678e-16 9.2224947297e-16 4.4466934272e-15 
3.4240253861e-13 7.8605640063e-13 -4.5921997386e-12 0 0 -5.1365039886e-09 0 0 -5.1365039886e-09 
0 0 -5.1365039886e-09 0 0 -5.1365039886e-09 0 0 -5.1365039886e-09 
0 0 -5.1365039886e-09 0 0 -5.1365039886e-09 0 0 -5.1365039886e-09 
-4.0646754518e-10 -3.1769673081e-10 -1.0203575403e-09 5.8755186376e-10 -2.0913616131e-09 9.1349672006e-09 0 5.4210108624e-20 1.3234889801e-22 
-4.5458720989e-11 -4.0479381132e-11 1.5514299481e-08 -2.128736098e-15 -2.0951122781e-15 2.6868173925e-14 0 0 -5.1365039886e-09 
0 0 -5.1365039886e-09 0 0 -5.1365039886e-09 0 0 -5.1365039886e-09 
0 0 -5.1365039886e-09 0 0 -5.1365039886e-09 0 0 -5.1365039886e-09 
0 0 -5.1365039886e-09 -1.2916889267e-09 3.0928090235e-09 -1.1412043113e-09 2.7105054312e-20 -5.4210108624e-20 1.3552527156e-20 
-2.4767197397e-10 2.4640773254e-08 -6.6836989271e-09 -6.1167348964e-11 3.5294915482e-11 -7.6716378895e-10 -1.5998060791e-07 1.4442578798e-06 -2.6089858201e-07 
0 0 -5.1365039886e-09 -1.3315305114e-10 4.3385496422e-11 1.1524782362e-09 3.9724666975e-10 -1.7485103729e-10 -3.3474980521e-10 
5.4210108624e-20 0 -1.0587911841e-22 -1.5143964845e-13 -1.4031044122e-12 2.2723381826e-11 4.0061541324e-15 -2.1782705847e-15 4.5055173242e-15 
-2.0282255329e-10 -9.337665645e-11 9.950846551e-11 2.0653596075e-11 -3.566583682e-11 3.7732969017e-10 6.513734864e-14 -9.1990651208e-14 -1.8225713551e-13 
0 0 -5.1365039886e-09 0 0 -5.1365039886e-09 0 0 -5.1365039886e-09 
0 0 -5.1365039886e-09 0 0 -5.1365039886e-09 0 0 -5.1365039886e-09 
0 0 -5.1365039886e-09 -1.0842021725e-19 -2.8375603733e-19 1.3552527156e-20 0 1.0842021725e-19 7.7927031147e-20 
-2.8659085738e-12 -1.8864082524e-11 -1.9092270246e-10 0 0 -5.1365039886e-09 0 0 -5.1365039886e-09 
0 0 -5.1365039886e-09 0 0 -5.1365039886e-09 0 0 -5.1365039886e-09 
0 0 -5.1365039886e-09 0 0 -5.1365039886e-09 1.15945147e-09 -3.9320713023e-09 -5.458291358e-09 
-1.2986841962e-13 -9.9477838517e-13 -1.0528443031e-09 0 0 -5.1365039886e-09 0 0 -5.1365039886e-09 
0 0 -5.1365039886e-09 1.9226487277e-07 -1.6916691561e-06 3.2754943199e-07 0 0 -5.1365039886e-09 
0 0 -5.1365039886e-09 0 0 -5.1365039886e-09 0 0 -5.1365039886e-09 
3.6016651662e-10 -9.7999440838e-10 -5.5859580756e-09 5.4210108624e-20 -1.0842021725e-19 4.0657581468e-20 6.0914510209e-08 -5.7735201679e-09 1.3786087024e-07 
-1.2479736374e-10 -4.0909455023e-11 -1.9487317057e-10 -3.5747501511e-10 8.1937958068e-09 -1.0785568062e-08 2.1869351463e-09 -2.9133152292e-10 -1.0121718704e-07 
1.3552527156e-20 1.3552527156e-19 1.3552527156e-20 -2.4123498338e-18 -2.3852447795e-18 1.3417001885e-18 -3.3974450857e-14 2.5903487254e-14 5.3402513531e-15 
-1.6010142431e-15 1.3849734077e-15 -5.6947481941e-15 1.6940658945e-20 1.3552527156e-20 -5.0821976835e-21 5.369352017e-15 -1.4625040274e-15 -6.2525634355e-15 
4.5985021384e-10 2.7502599049e-10 -1.487569219e-10 5.2870889161e-10 4.8365345707e-10 5.5879854175e-10 3.3032499999e-10 -7.1423019568e-10 -1.5532563568e-09 
4.6837533851e-17 -7.2641545557e-17 4.368047265e-16 -1.9380113833e-17 5.3776427755e-17 2.6047618381e-16 0 0 -5.1365039886e-09 
0 0 -5.1365039886e-09 0 0 -5.1365039886e-09 0 0 -5.1365039886e-09 
0 0 -5.1365039886e-09 0 0 -5.1365039886e-09 0 0 -5.1365039886e-09 
8.1315162936e-20 -5.0821976835e-20 -6.4374503991e-20 0 -1.0842021725e-19 -2.9646153154e-20 5.3989880058e-17 -1.3216763296e-16 1.7187653753e-16 
0 0 -5.1365039886e-09 0 0 -5.1365039886e-09 0 0 -5.1365039886e-09 
0 0 -5.1365039886e-09 0 0 -5.1365039886e-09 0 0 -5.1365039886e-09 
0 0 -5.1365039886e-09 0 0 -5.1365039886e-09 -2.1286600397e-09 3.8168758831e-08 -4.6278607373e-09 
4.079310674e-18 8.1376149309e-17 1.6676755242e-16 -3.3686885692e-11 6.6796823026e-09 -1.0380129961e-08 0 0 -5.1365039886e-09 
1.3432502723e-12 1.3373370228e-11 -4.6693137228e-11 8.5512209421e-08 -1.1197647295e-07 1.2929910457e-07 5.4690381915e-08 6.066906334e-08 2.3200514627e-09 
0 0 -5.1365039886e-09 0 0 -5.1365039886e-09 0 0 -5.1365039886e-09 
0 0 -5.1365039886e-09 0 0 -5.1365039886e-09 0 0 -5.1365039886e-09 
2.0328790734e-20 3.0493186101e-20 -2.0328790734e-20 6.4357663486e-11 -1.26377711e-09 -1.7640732333e-09 7.1814006347e-11 -7.503238097e-11 -2.905602263e-11 
1.5303177752e-11 1.6771308029e-11 -1.903188644e-12 8.7157711983e-10 2.9855612608e-08 -4.503536098e-08 -2.3472286831e-11 2.7801979469e-13 6.7766511939e-12 
-7.2741331865e-12 2.7502501145e-12 2.377822677e-12 -1.5095434126e-12 -1.7705806439e-12 3.3063143931e-11 -1.3685954344e-12 2.3464678822e-13 1.8184578548e-12 
-6.3527471044e-20 -1.0842021725e-19 1.3552527156e-20 2.0328790734e-20 0 0 -8.8563277553e-10 1.1471528581e-10 3.5520952054e-10 
-4.2826846311e-09 -2.9112784477e-09 1.2142207898e-08 -1.3201682839e-09 -1.2801848116e-09 -1.0034003107e-09 -2.8460307028e-19 -1.3552527156e-20 0 
0 0 -5.1365039886e-09 0 0 -5.1365039886e-09 0 0 -5.1365039886e-09 
0 0 -5.1365039886e-09 0 0 -5.1365039886e-09 0 0 -5.1365039886e-09 
4.7433845046e-20 1.3552527156e-20 -5.4210108624e-20 4.6800009563e-10 2.0481841459e-09 1.1222356064e-08 2.9607488824e-10 2.5988884601e-09 9.2824239796e-09 
0 0 -5.1365039886e-09 0 0 -5.1365039886e-09 0 0 -5.1365039886e-09 
0 0 -5.1365039886e-09 2.1070767661e-07 1.4089882125e-07 2.5315334413e-07 0 0 -5.1365039886e-09 
0 0 -5.1365039886e-09 -2.2821100478e-16 -4.8443508319e-16 -3.8860516367e-16 -2.5912431922e-17 -6.6034688568e-18 1.0299920639e-18 
-2.1070767661e-07 -1.4089882125e-07 -2.6342635211e-07 1.7638513136e-10 3.3480397221e-10 -6.9696085031e-10 0 0 -5.1365039886e-09 
0 0 -5.1365039886e-09 0 0 -5.1365039886e-09 0 0 -5.1365039886e-09 
0 0 -5.1365039886e-09 2.1575623232e-16 -3.0856393829e-16 2.4959375861e-15 3.401345503e-17 -3.5540655434e-17 -8.4838819997e-17 
1.2229937018e-10 1.9971002971e-10 2.4006683315e-10 8.1315162936e-20 5.4210108624e-20 0 1.1858461262e-20 -3.388131789e-20 5.4210108624e-20 
-8.8164610161e-16 -7.0364720994e-17 -1.6822751959e-15 -2.490869788e-17 -4.4723339615e-18 2.7410396984e-15 0 0 -5.1365039886e-09 
0 0 -5.1365039886e-09 0 0 -5.1365039886e-09 0 0 -5.1365039886e-09 
0 0 -5.1365039886e-09 0 0 -5.1365039886e-09 0 0 -5.1365039886e-09 
0 0 -5.1365039886e-09 0 0 -5.1365039886e-09 0 0 -5.1365039886e-09 
0 0 -5.1365039886e-09 0 0 -5.1365039886e-09 0 0 -5.1365039886e-09 
0 0 -5.1365039886e-09 0 0 -5.1365039886e-09 0 0 -5.1365039886e-09 
0 0 -5.1365039886e-09 0 0 -5.1365039886e-09 0 0 -5.1365039886e-09 
0 0 -5.1365039886e-09 0 0 -5.1365039886e-09 0 0 -5.1365039886e-09 
0 0 -5.1365039886e-09 0 0 -3.8119460477e-19 0 0 -5.1365039886e-09 
0 0 -5.1365039886e-09 0 0 -5.1365039886e-09 0 0 -5.1365039886e-09 
0 0 -5.1365039886e-09 0 0 -5.1365039886e-09 0 0 -5.1365039886e-09 
0 0 -5.1365039886e-09 0 0 -5.1365039886e-09 0 0 -5.1365039886e-09 
0 0 -5.1365039886e-09 0 0 -5.1365039886e-09 0 0 -5.1365039886e-09 
0 0 -5.1365039886e-09 0 0 -5.1365039886e-09 0 0 -5.1365039886e-09 
0 0 -5.1365039886e-09 0 0 -5.1365039886e-09 0 0 -5.1365039886e-09 
0 0 -5.1365039886e-09 0 0 -5.1365039886e-09 0 0 -5.1365039886e-09 
0 0 -5.1365039886e-09 0 0 -5.1365039886e-09 0 0 -5.1365039886e-09 
0 0 -5.1365039886e-09 0 0 -5.1365039886e-09 0 0 -5.1365039886e-09 
0 0 -5.1365039886e-09 0 0 -5.1365039886e-09 0 0 -5.1365039886e-09 
0 0 -5.1365039886e-09 0 0 -5.1365039886e-09 0 0 -5.1365039886e-09 
0 0 -5.1365039886e-09 0 0 -5.1365039886e-09 0 0 -5.1365039886e-09 
0 0 -5.1365039886e-09 0 0 -5.1365039886e-09 0 0 -5.1365039886e-09 
0 0 -5.1365039886e-09 0 0 -5.1365039886e-09 0 0 -5.1365039886e-09 
0 0 -5.1365039886e-09 0 0 -5.1365039886e-09 0 0 -5.1365039886e-09 
0 0 -5.1365039886e-09 0 0 -5.1365039886e-09 0 0 -5.1365039886e-09 
0 0 -5.1365039886e-09 0 0 -5.1365039886e-09 0 0 -5.1365039886e-09 
0 0 -5.1365039886e-09 0 0 -5.1365039886e-09 0 0 -5.1365039886e-09 
0 0 -5.1365039886e-09 0 0 -5.1365039886e-09 0 0 -5.1365039886e-09 
0 0 -5.1365039886e-09 0 0 -5.1365039886e-09 0 0 -5.1365039886e-09 
0 0 -5.1365039886e-09 0 0 -5.1365039886e-09 0 0 -5.1365039886e-09 
0 0 -5.1365039886e-09 0 0 -5.1365039886e-09 0 0 -5.1365039886e-09 
0 0 -5.1365039886e-09 0 0 -5.1365039886e-09 0 0 -5.1365039886e-09 
0 0 -5.1365039886e-09 0 0 -5.1365039886e-09 0 0 -5.1365039886e-09 
0 0 -5.1365039886e-09 0 0 -5.1365039886e-09 0 0 -5.1365039886e-09 
0 0 -5.1365039886e-09 0 0 -5.1365039886e-09 0 0 -5.1365039886e-09 
0 0 -5.1365039886e-09 0 0 -5.1365039886e-09 0 0 -5.1365039886e-09 
0 0 -5.1365039886e-09 0 0 -5.1365039886e-09 0 0 -5.1365039886e-09 
0 0 -5.1365039886e-09 0 0 -5.1365039886e-09 0 0 -5.1365039886e-09 
0 0 -5.1365039886e-09 0 0 -5.1365039886e-09 0 0 -5.1365039886e-09 
0 0 -5.1365039886e-09 0 0 -5.1365039886e-09 0 0 -5.1365039886e-09 
0 0 -5.1365039886e-09 0 0 -5.1365039886e-09 0 0 -5.1365039886e-09 
0 0 -5.1365039886e-09 0 0 -5.1365039886e-09 0 0 -5.1365039886e-09 
0 0 -5.1365039886e-09 0 0 -5.1365039886e-09 0 0 -5.1365039886e-09 
0 0 -5.1365039886e-09 0 0 -5.1365039886e-09 0 0 -5.1365039886e-09 
0 0 -5.1365039886e-09 0 0 -5.1365039886e-09 0 0 -5.1365039886e-09 
0 0 -5.1365039886e-09 0 0 -5.1365039886e-09 0 0 -5.1365039886e-09 
0 0 -5.1365039886e-09 0 0 -5.1365039886e-09 0 0 -5.1365039886e-09 
0 0 -5.1365039886e-09 0 0 -5.1365039886e-09 0 0 -5.1365039886e-09 
0 0 -5.1365039886e-09 0 0 -5.1365039886e-09 0 0 -5.1365039886e-09 
0 0 -5.1365039886e-09 0 0 -5.1365039886e-09 0 0 -5.1365039886e-09 
0 0 -5.1365039886e-09 0 0 -5.1365039886e-09 0 0 -5.1365039886e-09 
0 0 -5.1365039886e-09 0 0 -5.1365039886e-09 0 0 -5.1365039886e-09 
0 0 -5.1365039886e-09 0 0 -5.1365039886e-09 0 0 -5.1365039886e-09 
0 0 -5.1365039886e-09 0 0 -5.1365039886e-09 0 0 -5.1365039886e-09 
0 0 -5.1365039886e-09 0 0 -5.1365039886e-09 0 0 -5.1365039886e-09 
0 0 -5.1365039886e-09 0 0 -5.1365039886e-09 0 0 -5.1365039886e-09 
0 0 -5.1365039886e-09 0 0 -5.1365039886e-09 0 0 -5.1365039886e-09 
-4.3385251518e-16 4.8416078803e-16 -4.6604226732e-17 -1.1577685897e-16 2.0656591451e-16 -1.2343673539e-16 -3.71328858e-16 1.1607012914e-16 4.0381650559e-16 
7.8567029059e-18 5.9051749613e-16 2.5397899112e-17 4.0296651134e-17 -7.3336928173e-17 1.1292689906e-16 1.2742732557e-16 3.4984403934e-16 -5.6497197009e-16 
2.7178067725e-16 2.8311622961e-15 -9.6719990468e-16 -5.7341437891e-16 3.2329655936e-16 -2.1790520305e-15 -7.4356574193e-16 -6.8918147539e-17 -6.1937963426e-16 
-4.5571474946e-16 2.087877237e-16 -2.6157293927e-16 2.6535428597e-15 -4.4653298924e-15 -4.9731454837e-16 2.8080408433e-15 -5.7534593952e-15 3.6663430693e-17 
9.3995990123e-16 -4.468598109e-15 2.4437351507e-16 1.6318904072e-15 1.7401754896e-16 1.0047378626e-15 8.8610219636e-16 -3.1782489195e-16 2.168417153e-15 
2.4237323684e-16 -7.4812803675e-18 2.6113413319e-16 -2.9589862521e-16 5.3240197997e-17 9.4186849311e-17 5.3910130252e-16 -6.7356236982e-17 -1.9051653316e-16 
7.4865109613e-17 1.7519460712e-16 -5.9387449118e-16 -4.3856808863e-16 -9.8136085833e-16 -7.0874764861e-16 2.3526298817e-15 -3.6219382934e-16 1.8291222208e-16 
-6.0984856973e-16 -1.6633950962e-16 -2.6336808664e-16 -2.7921065712e-16 -3.345355408e-15 -1.3218982654e-15 2.1087877839e-18 -2.8936758097e-16 4.2097587771e-16 
0 0 -5.1365039886e-09 0 0 -5.1365039886e-09 0 0 -5.1365039886e-09 
0 0 -5.1365039886e-09 0 0 -5.1365039886e-09 -2.0373759085e-16 -9.265400919e-17 -1.6077702771e-17 
-1.7966819938e-15 1.4943448164e-15 -8.4359632138e-16 -1.7570410901e-16 2.4447497787e-16 -7.3149083232e-16 -4.6545906715e-16 2.660436088e-15 -4.9158133225e-16 
7.1214894746e-16 -6.2383646024e-16 -2.1569849917e-15 -5.212958614e-16 -1.2258663153e-16 2.779238962e-16 1.0976160749e-15 -2.4543631953e-15 6.1711587568e-15 
-2.7144799927e-15 4.0206984962e-17 2.6232356109e-15 8.2602158776e-16 3.7509275312e-16 6.8014788266e-16 7.3452147071e-16 1.8082931347e-15 1.7723285765e-15 
-1.2983572528e-14 -2.2409946905e-15 -3.7458387972e-15 4.0184080455e-16 3.390205018e-16 4.3462566021e-17 -1.4542797167e-15 -7.4376947114e-16 9.1817988063e-16 
5.7869318584e-16 7.6542981793e-17 -1.2079884808e-15 -1.5171222293e-15 -2.38120542e-15 7.8439820683e-15 0 0 -5.1365039886e-09 
0 0 -5.1365039886e-09 2.1679144059e-17 7.6490828469e-17 -3.5018594623e-16 -1.1881603765e-15 5.4120774797e-15 -1.3720062928e-15 
3.4770373267e-17 2.3763313355e-16 -2.9052492959e-16 -3.2445411309e-15 5.3182714404e-16 -2.7097066692e-15 -5.2930571727e-15 1.1681360241e-15 -3.8565959006e-15 
-6.3933862058e-15 2.1067238938e-15 -6.28329379e-15 -1.1745606215e-15 2.8005403202e-15 -3.7993247356e-15 -7.9854329797e-16 1.1730170585e-14 -9.8890780874e-15 
2.9602887472e-16 -1.5811591241e-16 7.3217017921e-16 -1.8711682387e-15 -4.8594547316e-15 3.1566200954e-15 -6.914788027e-15 -6.6539549387e-15 6.8164030541e-15 
-1.0014556058e-15 -5.5845178193e-16 1.9039591295e-15 2.3553496416e-15 -1.1301771895e-14 -8.0289926334e-16 0 0 -5.1365039886e-09 
0 0 -5.1365039886e-09 -1.5879839845e-16 4.4907489293e-16 -1.9052313199e-16 -9.1955562902e-17 -2.5052555342e-17 -7.4839058108e-16 
-2.323812997e-15 -1.6421144125e-15 -2.0680202312e-15 1.2938957988e-15 2.3824913235e-15 -9.2573090246e-17 3.9151584965e-15 8.5388907677e-16 2.3242699216e-16 
3.0169271125e-15 -1.4181392926e-15 3.1023744047e-16 2.3590308051e-15 -7.5013397951e-16 1.5902771442e-17 2.9321535842e-17 -3.1835996603e-15 -1.8033386703e-16 
2.306941238e-15 -1.7885629812e-15 1.1031615905e-15 -2.1412361685e-16 -2.1993453088e-16 4.2411433641e-16 6.0115666487e-15 -3.1097969396e-15 3.2814472134e-15 
5.4850737231e-15 -1.1315238511e-15 1.2236702517e-15 0 0 -5.1365039886e-09 0 0 -5.1365039886e-09 
0 0 -5.1365039886e-09 0 0 -5.1365039886e-09 0 0 -5.1365039886e-09 
0 0 -5.1365039886e-09 0 0 -5.1365039886e-09 0 0 -5.1365039886e-09 
0 0 -5.1365039886e-09 0 0 -5.1365039886e-09 -2.9784844244e-15 1.7212014238e-15 -1.9965738119e-15 
-1.497892072e-14 1.0439347872e-15 -8.7807246816e-16 -8.8625508089e-15 6.2327043453e-15 6.285707393e-15 -2.0012400395e-14 7.2421971989e-15 1.142778214e-14 
-1.8991702653e-14 4.8823766183e-16 -3.1693673986e-15 -1.7452517236e-14 -6.9700003452e-16 7.4269580443e-15 2.8193217955e-15 -1.8333113319e-15 -2.0665128476e-15 
-4.7780087391e-15 1.7558358446e-15 -3.0746546229e-16 2.7982157508e-16 -1.5485840375e-15 8.7255579102e-16 -5.9547587316e-14 3.6172749874e-14 -1.6271069871e-15 
-1.4523179218e-14 2.3145768343e-15 2.3005105035e-15 3.8963741628e-15 4.5304743715e-15 -1.5420423174e-14 -3.3267075769e-15 -6.3656961471e-15 5.2632741048e-15 
-4.8851153009e-15 -4.6938954342e-15 1.6157722495e-15 -4.9049937447e-15 -2.7965792546e-16 2.5144976677e-14 -1.191329097e-16 -1.4270386395e-15 -3.2455582008e-15 
-1.4303232415e-15 -1.447929689e-15 1.4208506545e-15 8.8774242324e-16 2.6824556539e-16 -6.9874836935e-16 -4.5100891829e-15 9.844512051e-17 5.4652620473e-17 
-4.609417989e-15 -2.7095773267e-15 -2.4104654171e-16 2.7019733506e-15 -1.6144685185e-15 1.4325856863e-16 0 0 -5.1365039886e-09 
0 0 -5.1365039886e-09 0 0 -5.1365039886e-09 0 0 -5.1365039886e-09 
0 0 -5.1365039886e-09 0 0 -5.1365039886e-09 0 0 -5.1365039886e-09 
0 0 -5.1365039886e-09 0 0 -5.1365039886e-09 0 0 -5.1365039886e-09 
0 0 -5.1365039886e-09 0 0 -5.1365039886e-09 0 0 -5.1365039886e-09 
0 0 -5.1365039886e-09 0 0 -5.1365039886e-09 0 0 -5.1365039886e-09 
0 0 -5.1365039886e-09 0 0 -5.1365039886e-09 0 0 -5.1365039886e-09 
0 0 -5.1365039886e-09 0 0 -5.1365039886e-09 0 0 -5.1365039886e-09 
0 0 -5.1365039886e-09 0 0 -5.1365039886e-09 0 0 -5.1365039886e-09 
0 0 -5.1365039886e-09 0 0 -5.1365039886e-09 0 0 -5.1365039886e-09 
0 0 -5.1365039886e-09 0 0 -5.1365039886e-09 0 0 -5.1365039886e-09 
0 0 -5.1365039886e-09 0 0 -5.1365039886e-09 0 0 -5.1365039886e-09 
0 0 -5.1365039886e-09 0 0 -5.1365039886e-09 0 0 -5.1365039886e-09 
0 0 -5.1365039886e-09 0 0 -5.1365039886e-09 0 0 -5.1365039886e-09 
0 0 -5.1365039886e-09 0 0 -5.1365039886e-09 0 0 -5.1365039886e-09 
0 0 -5.1365039886e-09 0 0 -5.1365039886e-09 0 0 -5.1365039886e-09 
0 0 -5.1365039886e-09 0 0 -5.1365039886e-09 0 0 -5.1365039886e-09 
0 0 -5.1365039886e-09 0 0 -5.1365039886e-09 0 0 -5.1365039886e-09 
0 0 -5.1365039886e-09 0 0 -5.1365039886e-09 0 0 -5.1365039886e-09 
0 0 -5.1365039886e-09 0 0 -5.1365039886e-09 0 0 -5.1365039886e-09 
0 0 -5.1365039886e-09 0 0 -5.1365039886e-09 0 0 -5.1365039886e-09 
0 0 -5.1365039886e-09 0 0 -5.1365039886e-09 0 0 -5.1365039886e-09 
0 0 -5.1365039886e-09 0 0 -5.1365039886e-09 0 0 -5.1365039886e-09 
0 0 -5.1365039886e-09 0 0 -5.1365039886e-09 0 0 -5.1365039886e-09 
0 0 -5.1365039886e-09 0 0 -5.1365039886e-09 0 0 -5.1365039886e-09 
0 0 -5.1365039886e-09 0 0 -5.1365039886e-09 0 0 -5.1365039886e-09 
0 0 -5.1365039886e-09 0 0 -5.1365039886e-09 0 0 -5.1365039886e-09 
0 0 -5.1365039886e-09 0 0 -5.1365039886e-09 0 0 -5.1365039886e-09 
0 0 -5.1365039886e-09 0 0 -5.1365039886e-09 0 0 -5.1365039886e-09 

radius 1 3555 double
5e-05 5e-05 5e-05 5e-05 5e-05 5e-05 5e-05 5e-05 5e-05 
5e-05 5e-05 5e-05 5e-05 5e-05 5e-05 5e-05 5e-05 5e-05 
5e-05 5e-05 5e-05 5e-05 5e-05 5e-05 5e-05 5e-05 5e-05 
5e-05 5e-05 5e-05 5e-05 5e-05 5e-05 5e-05 5e-05 5e-05 
5e-05 5e-05 5e-05 5e-05 5e-05 5e-05 5e-05 5e-05 5e-05 
5e-05 5e-05 5e-05 5e-05 5e-05 5e-05 5e-05 5e-05 5e-05 
5e-05 5e-05 5e-05 5e-05 5e-05 5e-05 5e-05 5e-05 5e-05 
5e-05 5e-05 5e-05 5e-05 5e-05 5e-05 5e-05 5e-05 5e-05 
5e-05 5e-05 5e-05 5e-05 5e-05 5e-05 5e-05 5e-05 5e-05 
5e-05 5e-05 5e-05 5e-05 5e-05 5e-05 5e-05 5e-05 5e-05 
5e-05 5e-05 5e-05 5e-05 5e-05 5e-05 5e-05 5e-05 5e-05 
5e-05 5e-05 5e-05 5e-05 5e-05 5e-05 5e-05 5e-05 5e-05 
5e-05 5e-05 5e-05 5e-05 5e-05 5e-05 5e-05 5e-05 5e-05 
5e-05 5e-05 5e-05 5e-05 5e-05 5e-05 5e-05 5e-05 5e-05 
5e-05 5e-05 5e-05 5e-05 5e-05 5e-05 5e-05 5e-05 5e-05 
5e-05 5e-05 5e-05 5e-05 5e-05 5e-05 5e-05 5e-05 5e-05 
5e-05 5e-05 5e-05 5e-05 5e-05 5e-05 5e-05 5e-05 5e-05 
5e-05 5e-05 5e-05 5e-05 5e-05 5e-05 5e-05 5e-05 5e-05 
5e-05 5e-05 5e-05 5e-05 5e-05 5e-05 5e-05 5e-05 5e-05 
5e-05 5e-05 5e-05 5e-05 5e-05 5e-05 5e-05 5e-05 5e-05 
5e-05 5e-05 5e-05 5e-05 5e-05 5e-05 5e-05 5e-05 5e-05 
5e-05 5e-05 5e-05 5e-05 5e-05 5e-05 5e-05 5e-05 5e-05 
5e-05 5e-05 5e-05 5e-05 5e-05 5e-05 5e-05 5e-05 5e-05 
5e-05 5e-05 5e-05 5e-05 5e-05 5e-05 5e-05 5e-05 5e-05 
5e-05 5e-05 5e-05 5e-05 5e-05 5e-05 5e-05 5e-05 5e-05 
5e-05 5e-05 5e-05 5e-05 5e-05 5e-05 5e-05 5e-05 5e-05 
5e-05 5e-05 5e-05 5e-05 5e-05 5e-05 5e-05 5e-05 5e-05 
5e-05 5e-05 5e-05 5e-05 5e-05 5e-05 5e-05 5e-05 5e-05 
5e-05 5e-05 5e-05 5e-05 5e-05 5e-05 5e-05 5e-05 5e-05 
5e-05 5e-05 5e-05 5e-05 5e-05 5e-05 5e-05 5e-05 5e-05 
5e-05 5e-05 5e-05 5e-05 5e-05 5e-05 5e-05 5e-05 5e-05 
5e-05 5e-05 5e-05 5e-05 5e-05 5e-05 5e-05 5e-05 5e-05 
5e-05 5e-05 5e-05 5e-05 5e-05 5e-05 5e-05 5e-05 5e-05 
5e-05 5e-05 5e-05 5e-05 5e-05 5e-05 5e-05 5e-05 5e-05 
5e-05 5e-05 5e-05 5e-05 5e-05 5e-05 5e-05 5e-05 5e-05 
5e-05 5e-05 5e-05 5e-05 5e-05 5e-05 5e-05 5e-05 5e-05 
5e-05 5e-05 5e-05 5e-05 5e-05 5e-05 5e-05 5e-05 5e-05 
5e-05 5e-05 5e-05 5e-05 5e-05 5e-05 5e-05 5e-05 5e-05 
5e-05 5e-05 5e-05 5e-05 5e-05 5e-05 5e-05 5e-05 5e-05 
5e-05 5e-05 5e-05 5e-05 5e-05 5e-05 5e-05 5e-05 5e-05 
5e-05 5e-05 5e-05 5e-05 5e-05 5e-05 5e-05 5e-05 5e-05 
5e-05 5e-05 5e-05 5e-05 5e-05 5e-05 5e-05 5e-05 5e-05 
5e-05 5e-05 5e-05 5e-05 5e-05 5e-05 5e-05 5e-05 5e-05 
5e-05 5e-05 5e-05 5e-05 5e-05 5e-05 5e-05 5e-05 5e-05 
5e-05 5e-05 5e-05 5e-05 5e-05 5e-05 5e-05 5e-05 5e-05 
5e-05 5e-05 5e-05 5e-05 5e-05 5e-05 5e-05 5e-05 5e-05 
5e-05 5e-05 5e-05 5e-05 5e-05 5e-05 5e-05 5e-05 5e-05 
5e-05 5e-05 5e-05 5e-05 5e-05 5e-05 5e-05 5e-05 5e-05 
5e-05 5e-05 5e-05 5e-05 5e-05 5e-05 5e-05 5e-05 5e-05 
5e-05 5e-05 5e-05 5e-05 5e-05 5e-05 5e-05 5e-05 5e-05 
5e-05 5e-05 5e-05 5e-05 5e-05 5e-05 5e-05 5e-05 5e-05 
5e-05 5e-05 5e-05 5e-05 5e-05 5e-05 5e-05 5e-05 5e-05 
5e-05 5e-05 5e-05 5e-05 5e-05 5e-05 5e-05 5e-05 5e-05 
5e-05 5e-05 5e-05 5e-05 5e-05 5e-05 5e-05 5e-05 5e-05 
5e-05 5e-05 5e-05 5e-05 5e-05 5e-05 5e-05 5e-05 5e-05 
5e-05 5e-05 5e-05 5e-05 5e-05 5e-05 5e-05 5e-05 5e-05 
5e-05 5e-05 5e-05 5e-05 5e-05 5e-05 5e-05 5e-05 5e-05 
5e-05 5e-05 5e-05 5e-05 5e-05 5e-05 5e-05 5e-05 5e-05 
5e-05 5e-05 5e-05 5e-05 5e-05 5e-05 5e-05 5e-05 5e-05 
5e-05 5e-05 5e-05 5e-05 5e-05 5e-05 5e-05 5e-05 5e-05 
5e-05 5e-05 5e-05 5e-05 5e-05 5e-05 5e-05 5e-05 5e-05 
5e-05 5e-05 5e-05 5e-05 5e-05 5e-05 5e-05 5e-05 5e-05 
5e-05 5e-05 5e-05 5e-05 5e-05 5e-05 5e-05 5e-05 5e-05 
5e-05 5e-05 5e-05 5e-05 5e-05 5e-05 5e-05 5e-05 5e-05 
5e-05 5e-05 5e-05 5e-05 5e-05 5e-05 5e-05 5e-05 5e-05 
5e-05 5e-05 5e-05 5e-05 5e-05 5e-05 5e-05 5e-05 5e-05 
5e-05 5e-05 5e-05 5e-05 5e-05 5e-05 5e-05 5e-05 5e-05 
5e-05 5e-05 5e-05 5e-05 5e-05 5e-05 5e-05 5e-05 5e-05 
5e-05 5e-05 5e-05 5e-05 5e-05 5e-05 5e-05 5e-05 5e-05 
5e-05 5e-05 5e-05 5e-05 5e-05 5e-05 5e-05 5e-05 5e-05 
5e-05 5e-05 5e-05 5e-05 5e-05 5e-05 5e-05 5e-05 5e-05 
5e-05 5e-05 5e-05 5e-05 5e-05 5e-05 5e-05 5e-05 5e-05 
5e-05 5e-05 5e-05 5e-05 5e-05 5e-05 5e-05 5e-05 5e-05 
5e-05 5e-05 5e-05 5e-05 5e-05 5e-05 5e-05 5e-05 5e-05 
5e-05 5e-05 5e-05 5e-05 5e-05 5e-05 5e-05 5e-05 5e-05 
5e-05 5e-05 5e-05 5e-05 5e-05 5e-05 5e-05 5e-05 5e-05 
5e-05 5e-05 5e-05 5e-05 5e-05 5e-05 5e-05 5e-05 5e-05 
5e-05 5e-05 5e-05 5e-05 5e-05 5e-05 5e-05 5e-05 5e-05 
5e-05 5e-05 5e-05 5e-05 5e-05 5e-05 5e-05 5e-05 5e-05 
5e-05 5e-05 5e-05 5e-05 5e-05 5e-05 5e-05 5e-05 5e-05 
5e-05 5e-05 5e-05 5e-05 5e-05 5e-05 5e-05 5e-05 5e-05 
5e-05 5e-05 5e-05 5e-05 5e-05 5e-05 5e-05 5e-05 5e-05 
5e-05 5e-05 5e-05 5e-05 5e-05 5e-05 5e-05 5e-05 5e-05 
5e-05 5e-05 5e-05 5e-05 5e-05 5e-05 5e-05 5e-05 5e-05 
5e-05 5e-05 5e-05 5e-05 5e-05 5e-05 5e-05 5e-05 5e-05 
5e-05 5e-05 5e-05 5e-05 5e-05 5e-05 5e-05 5e-05 5e-05 
5e-05 5e-05 5e-05 5e-05 5e-05 5e-05 5e-05 5e-05 5e-05 
5e-05 5e-05 5e-05 5e-05 5e-05 5e-05 5e-05 5e-05 5e-05 
5e-05 5e-05 5e-05 5e-05 5e-05 5e-05 5e-05 5e-05 5e-05 
5e-05 5e-05 5e-05 5e-05 5e-05 5e-05 5e-05 5e-05 5e-05 
5e-05 5e-05 5e-05 5e-05 5e-05 5e-05 5e-05 5e-05 5e-05 
5e-05 5e-05 5e-05 5e-05 5e-05 5e-05 5e-05 5e-05 5e-05 
5e-05 5e-05 5e-05 5e-05 5e-05 5e-05 5e-05 5e-05 5e-05 
5e-05 5e-05 5e-05 5e-05 5e-05 5e-05 5e-05 5e-05 5e-05 
5e-05 5e-05 5e-05 5e-05 5e-05 5e-05 5e-05 5e-05 5e-05 
5e-05 5e-05 5e-05 5e-05 5e-05 5e-05 5e-05 5e-05 5e-05 
5e-05 5e-05 5e-05 5e-05 5e-05 5e-05 5e-05 5e-05 5e-05 
5e-05 5e-05 5e-05 5e-05 5e-05 5e-05 5e-05 5e-05 5e-05 
5e-05 5e-05 5e-05 5e-05 5e-05 5e-05 5e-05 5e-05 5e-05 
5e-05 5e-05 5e-05 5e-05 5e-05 5e-05 5e-05 5e-05 5e-05 
5e-05 5e-05 5e-05 5e-05 5e-05 5e-05 5e-05 5e-05 5e-05 
5e-05 5e-05 5e-05 5e-05 5e-05 5e-05 5e-05 5e-05 5e-05 
5e-05 5e-05 5e-05 5e-05 5e-05 5e-05 5e-05 5e-05 5e-05 
5e-05 5e-05 5e-05 5e-05 5e-05 5e-05 5e-05 5e-05 5e-05 
5e-05 5e-05 5e-05 5e-05 5e-05 5e-05 5e-05 5e-05 5e-05 
5e-05 5e-05 5e-05 5e-05 5e-05 5e-05 5e-05 5e-05 5e-05 
5e-05 5e-05 5e-05 5e-05 5e-05 5e-05 5e-05 5e-05 5e-05 
5e-05 5e-05 5e-05 5e-05 5e-05 5e-05 5e-05 5e-05 5e-05 
5e-05 5e-05 5e-05 5e-05 5e-05 5e-05 5e-05 5e-05 5e-05 
5e-05 5e-05 5e-05 5e-05 5e-05 5e-05 5e-05 5e-05 5e-05 
5e-05 5e-05 5e-05 5e-05 5e-05 5e-05 5e-05 5e-05 5e-05 
5e-05 5e-05 5e-05 5e-05 5e-05 5e-05 5e-05 5e-05 5e-05 
5e-05 5e-05 5e-05 5e-05 5e-05 5e-05 5e-05 5e-05 5e-05 
5e-05 5e-05 5e-05 5e-05 5e-05 5e-05 5e-05 5e-05 5e-05 
5e-05 5e-05 5e-05 5e-05 5e-05 5e-05 5e-05 5e-05 5e-05 
5e-05 5e-05 5e-05 5e-05 5e-05 5e-05 5e-05 5e-05 5e-05 
5e-05 5e-05 5e-05 5e-05 5e-05 5e-05 5e-05 5e-05 5e-05 
5e-05 5e-05 5e-05 5e-05 5e-05 5e-05 5e-05 5e-05 5e-05 
5e-05 5e-05 5e-05 5e-05 5e-05 5e-05 5e-05 5e-05 5e-05 
5e-05 5e-05 5e-05 5e-05 5e-05 5e-05 5e-05 5e-05 5e-05 
5e-05 5e-05 5e-05 5e-05 5e-05 5e-05 5e-05 5e-05 5e-05 
5e-05 5e-05 5e-05 5e-05 5e-05 5e-05 5e-05 5e-05 5e-05 
5e-05 5e-05 5e-05 5e-05 5e-05 5e-05 5e-05 5e-05 5e-05 
5e-05 5e-05 5e-05 5e-05 5e-05 5e-05 5e-05 5e-05 5e-05 
5e-05 5e-05 5e-05 5e-05 5e-05 5e-05 5e-05 5e-05 5e-05 
5e-05 5e-05 5e-05 5e-05 5e-05 5e-05 5e-05 5e-05 5e-05 
5e-05 5e-05 5e-05 5e-05 5e-05 5e-05 5e-05 5e-05 5e-05 
5e-05 5e-05 5e-05 5e-05 5e-05 5e-05 5e-05 5e-05 5e-05 
5e-05 5e-05 5e-05 5e-05 5e-05 5e-05 5e-05 5e-05 5e-05 
5e-05 5e-05 5e-05 5e-05 5e-05 5e-05 5e-05 5e-05 5e-05 
5e-05 5e-05 5e-05 5e-05 5e-05 5e-05 5e-05 5e-05 5e-05 
5e-05 5e-05 5e-05 5e-05 5e-05 5e-05 5e-05 5e-05 5e-05 
5e-05 5e-05 5e-05 5e-05 5e-05 5e-05 5e-05 5e-05 5e-05 
5e-05 5e-05 5e-05 5e-05 5e-05 5e-05 5e-05 5e-05 5e-05 
5e-05 5e-05 5e-05 5e-05 5e-05 5e-05 5e-05 5e-05 5e-05 
5e-05 5e-05 5e-05 5e-05 5e-05 5e-05 5e-05 5e-05 5e-05 
5e-05 5e-05 5e-05 5e-05 5e-05 5e-05 5e-05 5e-05 5e-05 
5e-05 5e-05 5e-05 5e-05 5e-05 5e-05 5e-05 5e-05 5e-05 
5e-05 5e-05 5e-05 5e-05 5e-05 5e-05 5e-05 5e-05 5e-05 
5e-05 5e-05 5e-05 5e-05 5e-05 5e-05 5e-05 5e-05 5e-05 
5e-05 5e-05 5e-05 5e-05 5e-05 5e-05 5e-05 5e-05 5e-05 
5e-05 5e-05 5e-05 5e-05 5e-05 5e-05 5e-05 5e-05 5e-05 
5e-05 5e-05 5e-05 5e-05 5e-05 5e-05 5e-05 5e-05 5e-05 
5e-05 5e-05 5e-05 5e-05 5e-05 5e-05 5e-05 5e-05 5e-05 
5e-05 5e-05 5e-05 5e-05 5e-05 5e-05 5e-05 5e-05 5e-05 
5e-05 5e-05 5e-05 5e-05 5e-05 5e-05 5e-05 5e-05 5e-05 
5e-05 5e-05 5e-05 5e-05 5e-05 5e-05 5e-05 5e-05 5e-05 
5e-05 5e-05 5e-05 5e-05 5e-05 5e-05 5e-05 5e-05 5e-05 
5e-05 5e-05 5e-05 5e-05 5e-05 5e-05 5e-05 5e-05 5e-05 
5e-05 5e-05 5e-05 5e-05 5e-05 5e-05 5e-05 5e-05 5e-05 
5e-05 5e-05 5e-05 5e-05 5e-05 5e-05 5e-05 5e-05 5e-05 
5e-05 5e-05 5e-05 5e-05 5e-05 5e-05 5e-05 5e-05 5e-05 
5e-05 5e-05 5e-05 5e-05 5e-05 5e-05 5e-05 5e-05 5e-05 
5e-05 5e-05 5e-05 5e-05 5e-05 5e-05 5e-05 5e-05 5e-05 
5e-05 5e-05 5e-05 5e-05 5e-05 5e-05 5e-05 5e-05 5e-05 
5e-05 5e-05 5e-05 5e-05 5e-05 5e-05 5e-05 5e-05 5e-05 
5e-05 5e-05 5e-05 5e-05 5e-05 5e-05 5e-05 5e-05 5e-05 
5e-05 5e-05 5e-05 5e-05 5e-05 5e-05 5e-05 5e-05 5e-05 
5e-05 5e-05 5e-05 5e-05 5e-05 5e-05 5e-05 5e-05 5e-05 
5e-05 5e-05 5e-05 5e-05 5e-05 5e-05 5e-05 5e-05 5e-05 
5e-05 5e-05 5e-05 5e-05 5e-05 5e-05 5e-05 5e-05 5e-05 
5e-05 5e-05 5e-05 5e-05 5e-05 5e-05 5e-05 5e-05 5e-05 
5e-05 5e-05 5e-05 5e-05 5e-05 5e-05 5e-05 5e-05 5e-05 
5e-05 5e-05 5e-05 5e-05 5e-05 5e-05 5e-05 5e-05 5e-05 
5e-05 5e-05 5e-05 5e-05 5e-05 5e-05 5e-05 5e-05 5e-05 
5e-05 5e-05 5e-05 5e-05 5e-05 5e-05 5e-05 5e-05 5e-05 
5e-05 5e-05 5e-05 5e-05 5e-05 5e-05 5e-05 5e-05 5e-05 
5e-05 5e-05 5e-05 5e-05 5e-05 5e-05 5e-05 5e-05 5e-05 
5e-05 5e-05 5e-05 5e-05 5e-05 5e-05 5e-05 5e-05 5e-05 
5e-05 5e-05 5e-05 5e-05 5e-05 5e-05 5e-05 5e-05 5e-05 
5e-05 5e-05 5e-05 5e-05 5e-05 5e-05 5e-05 5e-05 5e-05 
5e-05 5e-05 5e-05 5e-05 5e-05 5e-05 5e-05 5e-05 5e-05 
5e-05 5e-05 5e-05 5e-05 5e-05 5e-05 5e-05 5e-05 5e-05 
5e-05 5e-05 5e-05 5e-05 5e-05 5e-05 5e-05 5e-05 5e-05 
5e-05 5e-05 5e-05 5e-05 5e-05 5e-05 5e-05 5e-05 5e-05 
5e-05 5e-05 5e-05 5e-05 5e-05 5e-05 5e-05 5e-05 5e-05 
5e-05 5e-05 5e-05 5e-05 5e-05 5e-05 5e-05 5e-05 5e-05 
5e-05 5e-05 5e-05 5e-05 5e-05 5e-05 5e-05 5e-05 5e-05 
5e-05 5e-05 5e-05 5e-05 5e-05 5e-05 5e-05 5e-05 5e-05 
5e-05 5e-05 5e-05 5e-05 5e-05 5e-05 5e-05 5e-05 5e-05 
5e-05 5e-05 5e-05 5e-05 5e-05 5e-05 5e-05 5e-05 5e-05 
5e-05 5e-05 5e-05 5e-05 5e-05 5e-05 5e-05 5e-05 5e-05 
5e-05 5e-05 5e-05 5e-05 5e-05 5e-05 5e-05 5e-05 5e-05 
5e-05 5e-05 5e-05 5e-05 5e-05 5e-05 5e-05 5e-05 5e-05 
5e-05 5e-05 5e-05 5e-05 5e-05 5e-05 5e-05 5e-05 5e-05 
5e-05 5e-05 5e-05 5e-05 5e-05 5e-05 5e-05 5e-05 5e-05 
5e-05 5e-05 5e-05 5e-05 5e-05 5e-05 5e-05 5e-05 5e-05 
5e-05 5e-05 5e-05 5e-05 5e-05 5e-05 5e-05 5e-05 5e-05 
5e-05 5e-05 5e-05 5e-05 5e-05 5e-05 5e-05 5e-05 5e-05 
5e-05 5e-05 5e-05 5e-05 5e-05 5e-05 5e-05 5e-05 5e-05 
5e-05 5e-05 5e-05 5e-05 5e-05 5e-05 5e-05 5e-05 5e-05 
5e-05 5e-05 5e-05 5e-05 5e-05 5e-05 5e-05 5e-05 5e-05 
5e-05 5e-05 5e-05 5e-05 5e-05 5e-05 5e-05 5e-05 5e-05 
5e-05 5e-05 5e-05 5e-05 5e-05 5e-05 5e-05 5e-05 5e-05 
5e-05 5e-05 5e-05 5e-05 5e-05 5e-05 5e-05 5e-05 5e-05 
5e-05 5e-05 5e-05 5e-05 5e-05 5e-05 5e-05 5e-05 5e-05 
5e-05 5e-05 5e-05 5e-05 5e-05 5e-05 5e-05 5e-05 5e-05 
5e-05 5e-05 5e-05 5e-05 5e-05 5e-05 5e-05 5e-05 5e-05 
5e-05 5e-05 5e-05 5e-05 5e-05 5e-05 5e-05 5e-05 5e-05 
5e-05 5e-05 5e-05 5e-05 5e-05 5e-05 5e-05 5e-05 5e-05 
5e-05 5e-05 5e-05 5e-05 5e-05 5e-05 5e-05 5e-05 5e-05 
5e-05 5e-05 5e-05 5e-05 5e-05 5e-05 5e-05 5e-05 5e-05 
5e-05 5e-05 5e-05 5e-05 5e-05 5e-05 5e-05 5e-05 5e-05 
5e-05 5e-05 5e-05 5e-05 5e-05 5e-05 5e-05 5e-05 5e-05 
5e-05 5e-05 5e-05 5e-05 5e-05 5e-05 5e-05 5e-05 5e-05 
5e-05 5e-05 5e-05 5e-05 5e-05 5e-05 5e-05 5e-05 5e-05 
5e-05 5e-05 5e-05 5e-05 5e-05 5e-05 5e-05 5e-05 5e-05 
5e-05 5e-05 5e-05 5e-05 5e-05 5e-05 5e-05 5e-05 5e-05 
5e-05 5e-05 5e-05 5e-05 5e-05 5e-05 5e-05 5e-05 5e-05 
5e-05 5e-05 5e-05 5e-05 5e-05 5e-05 5e-05 5e-05 5e-05 
5e-05 5e-05 5e-05 5e-05 5e-05 5e-05 5e-05 5e-05 5e-05 
5e-05 5e-05 5e-05 5e-05 5e-05 5e-05 5e-05 5e-05 5e-05 
5e-05 5e-05 5e-05 5e-05 5e-05 5e-05 5e-05 5e-05 5e-05 
5e-05 5e-05 5e-05 5e-05 5e-05 5e-05 5e-05 5e-05 5e-05 
5e-05 5e-05 5e-05 5e-05 5e-05 5e-05 5e-05 5e-05 5e-05 
5e-05 5e-05 5e-05 5e-05 5e-05 5e-05 5e-05 5e-05 5e-05 
5e-05 5e-05 5e-05 5e-05 5e-05 5e-05 5e-05 5e-05 5e-05 
5e-05 5e-05 5e-05 5e-05 5e-05 5e-05 5e-05 5e-05 5e-05 
5e-05 5e-05 5e-05 5e-05 5e-05 5e-05 5e-05 5e-05 5e-05 
5e-05 5e-05 5e-05 5e-05 5e-05 5e-05 5e-05 5e-05 5e-05 
5e-05 5e-05 5e-05 5e-05 5e-05 5e-05 5e-05 5e-05 5e-05 
5e-05 5e-05 5e-05 5e-05 5e-05 5e-05 5e-05 5e-05 5e-05 
5e-05 5e-05 5e-05 5e-05 5e-05 5e-05 5e-05 5e-05 5e-05 
5e-05 5e-05 5e-05 5e-05 5e-05 5e-05 5e-05 5e-05 5e-05 
5e-05 5e-05 5e-05 5e-05 5e-05 5e-05 5e-05 5e-05 5e-05 
5e-05 5e-05 5e-05 5e-05 5e-05 5e-05 5e-05 5e-05 5e-05 
5e-05 5e-05 5e-05 5e-05 5e-05 5e-05 5e-05 5e-05 5e-05 
5e-05 5e-05 5e-05 5e-05 5e-05 5e-05 5e-05 5e-05 5e-05 
5e-05 5e-05 5e-05 5e-05 5e-05 5e-05 5e-05 5e-05 5e-05 
5e-05 5e-05 5e-05 5e-05 5e-05 5e-05 5e-05 5e-05 5e-05 
5e-05 5e-05 5e-05 5e-05 5e-05 5e-05 5e-05 5e-05 5e-05 
5e-05 5e-05 5e-05 5e-05 5e-05 5e-05 5e-05 5e-05 5e-05 
5e-05 5e-05 5e-05 5e-05 5e-05 5e-05 5e-05 5e-05 5e-05 
5e-05 5e-05 5e-05 5e-05 5e-05 5e-05 5e-05 5e-05 5e-05 
5e-05 5e-05 5e-05 5e-05 5e-05 5e-05 5e-05 5e-05 5e-05 
5e-05 5e-05 5e-05 5e-05 5e-05 5e-05 5e-05 5e-05 5e-05 
5e-05 5e-05 5e-05 5e-05 5e-05 5e-05 5e-05 5e-05 5e-05 
5e-05 5e-05 5e-05 5e-05 5e-05 5e-05 5e-05 5e-05 5e-05 
5e-05 5e-05 5e-05 5e-05 5e-05 5e-05 5e-05 5e-05 5e-05 
5e-05 5e-05 5e-05 5e-05 5e-05 5e-05 5e-05 5e-05 5e-05 
5e-05 5e-05 5e-05 5e-05 5e-05 5e-05 5e-05 5e-05 5e-05 
5e-05 5e-05 5e-05 5e-05 5e-05 5e-05 5e-05 5e-05 5e-05 
5e-05 5e-05 5e-05 5e-05 5e-05 5e-05 5e-05 5e-05 5e-05 
5e-05 5e-05 5e-05 5e-05 5e-05 5e-05 5e-05 5e-05 5e-05 
5e-05 5e-05 5e-05 5e-05 5e-05 5e-05 5e-05 5e-05 5e-05 
5e-05 5e-05 5e-05 5e-05 5e-05 5e-05 5e-05 5e-05 5e-05 
5e-05 5e-05 5e-05 5e-05 5e-05 5e-05 5e-05 5e-05 5e-05 
5e-05 5e-05 5e-05 5e-05 5e-05 5e-05 5e-05 5e-05 5e-05 
5e-05 5e-05 5e-05 5e-05 5e-05 5e-05 5e-05 5e-05 5e-05 
5e-05 5e-05 5e-05 5e-05 5e-05 5e-05 5e-05 5e-05 5e-05 
5e-05 5e-05 5e-05 5e-05 5e-05 5e-05 5e-05 5e-05 5e-05 
5e-05 5e-05 5e-05 5e-05 5e-05 5e-05 5e-05 5e-05 5e-05 
5e-05 5e-05 5e-05 5e-05 5e-05 5e-05 5e-05 5e-05 5e-05 
5e-05 5e-05 5e-05 5e-05 5e-05 5e-05 5e-05 5e-05 5e-05 
5e-05 5e-05 5e-05 5e-05 5e-05 5e-05 5e-05 5e-05 5e-05 
5e-05 5e-05 5e-05 5e-05 5e-05 5e-05 5e-05 5e-05 5e-05 
5e-05 5e-05 5e-05 5e-05 5e-05 5e-05 5e-05 5e-05 5e-05 
5e-05 5e-05 5e-05 5e-05 5e-05 5e-05 5e-05 5e-05 5e-05 
5e-05 5e-05 5e-05 5e-05 5e-05 5e-05 5e-05 5e-05 5e-05 
5e-05 5e-05 5e-05 5e-05 5e-05 5e-05 5e-05 5e-05 5e-05 
5e-05 5e-05 5e-05 5e-05 5e-05 5e-05 5e-05 5e-05 5e-05 
5e-05 5e-05 5e-05 5e-05 5e-05 5e-05 5e-05 5e-05 5e-05 
5e-05 5e-05 5e-05 5e-05 5e-05 5e-05 5e-05 5e-05 5e-05 
5e-05 5e-05 5e-05 5e-05 5e-05 5e-05 5e-05 5e-05 5e-05 
5e-05 5e-05 5e-05 5e-05 5e-05 5e-05 5e-05 5e-05 5e-05 
5e-05 5e-05 5e-05 5e-05 5e-05 5e-05 5e-05 5e-05 5e-05 
5e-05 5e-05 5e-05 5e-05 5e-05 5e-05 5e-05 5e-05 5e-05 
5e-05 5e-05 5e-05 5e-05 5e-05 5e-05 5e-05 5e-05 5e-05 
5e-05 5e-05 5e-05 5e-05 5e-05 5e-05 5e-05 5e-05 5e-05 
5e-05 5e-05 5e-05 5e-05 5e-05 5e-05 5e-05 5e-05 5e-05 
5e-05 5e-05 5e-05 5e-05 5e-05 5e-05 5e-05 5e-05 5e-05 
5e-05 5e-05 5e-05 5e-05 5e-05 5e-05 5e-05 5e-05 5e-05 
5e-05 5e-05 5e-05 5e-05 5e-05 5e-05 5e-05 5e-05 5e-05 
5e-05 5e-05 5e-05 5e-05 5e-05 5e-05 5e-05 5e-05 5e-05 
5e-05 5e-05 5e-05 5e-05 5e-05 5e-05 5e-05 5e-05 5e-05 
5e-05 5e-05 5e-05 5e-05 5e-05 5e-05 5e-05 5e-05 5e-05 
5e-05 5e-05 5e-05 5e-05 5e-05 5e-05 5e-05 5e-05 5e-05 
5e-05 5e-05 5e-05 5e-05 5e-05 5e-05 5e-05 5e-05 5e-05 
5e-05 5e-05 5e-05 5e-05 5e-05 5e-05 5e-05 5e-05 5e-05 
5e-05 5e-05 5e-05 5e-05 5e-05 5e-05 5e-05 5e-05 5e-05 
5e-05 5e-05 5e-05 5e-05 5e-05 5e-05 5e-05 5e-05 5e-05 
5e-05 5e-05 5e-05 5e-05 5e-05 5e-05 5e-05 5e-05 5e-05 
5e-05 5e-05 5e-05 5e-05 5e-05 5e-05 5e-05 5e-05 5e-05 
5e-05 5e-05 5e-05 5e-05 5e-05 5e-05 5e-05 5e-05 5e-05 
5e-05 5e-05 5e-05 5e-05 5e-05 5e-05 5e-05 5e-05 5e-05 
5e-05 5e-05 5e-05 5e-05 5e-05 5e-05 5e-05 5e-05 5e-05 
5e-05 5e-05 5e-05 5e-05 5e-05 5e-05 5e-05 5e-05 5e-05 
5e-05 5e-05 5e-05 5e-05 5e-05 5e-05 5e-05 5e-05 5e-05 
5e-05 5e-05 5e-05 5e-05 5e-05 5e-05 5e-05 5e-05 5e-05 
5e-05 5e-05 5e-05 5e-05 5e-05 5e-05 5e-05 5e-05 5e-05 
5e-05 5e-05 5e-05 5e-05 5e-05 5e-05 5e-05 5e-05 5e-05 
5e-05 5e-05 5e-05 5e-05 5e-05 5e-05 5e-05 5e-05 5e-05 
5e-05 5e-05 5e-05 5e-05 5e-05 5e-05 5e-05 5e-05 5e-05 
5e-05 5e-05 5e-05 5e-05 5e-05 5e-05 5e-05 5e-05 5e-05 
5e-05 5e-05 5e-05 5e-05 5e-05 5e-05 5e-05 5e-05 5e-05 
5e-05 5e-05 5e-05 5e-05 5e-05 5e-05 5e-05 5e-05 5e-05 
5e-05 5e-05 5e-05 5e-05 5e-05 5e-05 5e-05 5e-05 5e-05 
5e-05 5e-05 5e-05 5e-05 5e-05 5e-05 5e-05 5e-05 5e-05 
5e-05 5e-05 5e-05 5e-05 5e-05 5e-05 5e-05 5e-05 5e-05 
5e-05 5e-05 5e-05 5e-05 5e-05 5e-05 5e-05 5e-05 5e-05 
5e-05 5e-05 5e-05 5e-05 5e-05 5e-05 5e-05 5e-05 5e-05 
5e-05 5e-05 5e-05 5e-05 5e-05 5e-05 5e-05 5e-05 5e-05 
5e-05 5e-05 5e-05 5e-05 5e-05 5e-05 5e-05 5e-05 5e-05 
5e-05 5e-05 5e-05 5e-05 5e-05 5e-05 5e-05 5e-05 5e-05 
5e-05 5e-05 5e-05 5e-05 5e-05 5e-05 5e-05 5e-05 5e-05 
5e-05 5e-05 5e-05 5e-05 5e-05 5e-05 5e-05 5e-05 5e-05 
5e-05 5e-05 5e-05 5e-05 5e-05 5e-05 5e-05 5e-05 5e-05 
5e-05 5e-05 5e-05 5e-05 5e-05 5e-05 5e-05 5e-05 5e-05 
5e-05 5e-05 5e-05 5e-05 5e-05 5e-05 5e-05 5e-05 5e-05 
5e-05 5e-05 5e-05 5e-05 5e-05 5e-05 5e-05 5e-05 5e-05 
5e-05 5e-05 5e-05 5e-05 5e-05 5e-05 5e-05 5e-05 5e-05 
5e-05 5e-05 5e-05 5e-05 5e-05 5e-05 5e-05 5e-05 5e-05 
5e-05 5e-05 5e-05 5e-05 5e-05 5e-05 5e-05 5e-05 5e-05 
5e-05 5e-05 5e-05 5e-05 5e-05 5e-05 5e-05 5e-05 5e-05 
5e-05 5e-05 5e-05 5e-05 5e-05 5e-05 5e-05 5e-05 5e-05 
5e-05 5e-05 5e-05 5e-05 5e-05 5e-05 5e-05 5e-05 5e-05 
5e-05 5e-05 5e-05 5e-05 5e-05 5e-05 5e-05 5e-05 5e-05 
5e-05 5e-05 5e-05 5e-05 5e-05 5e-05 5e-05 5e-05 5e-05 
5e-05 5e-05 5e-05 5e-05 5e-05 5e-05 5e-05 5e-05 5e-05 
5e-05 5e-05 5e-05 5e-05 5e-05 5e-05 5e-05 5e-05 5e-05 
5e-05 5e-05 5e-05 5e-05 5e-05 5e-05 5e-05 5e-05 5e-05 
5e-05 5e-05 5e-05 5e-05 5e-05 5e-05 5e-05 5e-05 5e-05 
5e-05 5e-05 5e-05 5e-05 5e-05 5e-05 5e-05 5e-05 5e-05 
5e-05 5e-05 5e-05 5e-05 5e-05 5e-05 5e-05 5e-05 5e-05 
5e-05 5e-05 5e-05 5e-05 5e-05 5e-05 5e-05 5e-05 5e-05 
5e-05 5e-05 5e-05 5e-05 5e-05 5e-05 5e-05 5e-05 5e-05 
5e-05 5e-05 5e-05 5e-05 5e-05 5e-05 5e-05 5e-05 5e-05 
5e-05 5e-05 5e-05 5e-05 5e-05 5e-05 5e-05 5e-05 5e-05 
5e-05 5e-05 5e-05 5e-05 5e-05 5e-05 5e-05 5e-05 5e-05 
5e-05 5e-05 5e-05 5e-05 5e-05 5e-05 5e-05 5e-05 5e-05 
5e-05 5e-05 5e-05 5e-05 5e-05 5e-05 5e-05 5e-05 5e-05 
5e-05 5e-05 5e-05 5e-05 5e-05 5e-05 5e-05 5e-05 5e-05 
5e-05 5e-05 5e-05 5e-05 5e-05 5e-05 5e-05 5e-05 5e-05 
5e-05 5e-05 5e-05 5e-05 5e-05 5e-05 5e-05 5e-05 5e-05 
5e-05 5e-05 5e-05 5e-05 5e-05 5e-05 5e-05 5e-05 5e-05 
5e-05 5e-05 5e-05 5e-05 5e-05 5e-05 5e-05 5e-05 5e-05 
5e-05 5e-05 5e-05 5e-05 5e-05 5e-05 5e-05 5e-05 5e-05 
5e-05 5e-05 5e-05 5e-05 5e-05 5e-05 5e-05 5e-05 5e-05 
5e-05 5e-05 5e-05 5e-05 5e-05 5e-05 5e-05 5e-05 5e-05 
5e-05 5e-05 5e-05 5e-05 5e-05 5e-05 5e-05 5e-05 5e-05 
5e-05 5e-05 5e-05 5e-05 5e-05 5e-05 5e-05 5e-05 5e-05 
5e-05 5e-05 5e-05 5e-05 5e-05 5e-05 5e-05 5e-05 5e-05 
5e-05 5e-05 5e-05 5e-05 5e-05 5e-05 5e-05 5e-05 5e-05 
5e-05 5e-05 5e-05 5e-05 5e-05 5e-05 5e-05 5e-05 5e-05 
5e-05 5e-05 5e-05 5e-05 5e-05 5e-05 5e-05 5e-05 5e-05 
5e-05 5e-05 5e-05 5e-05 5e-05 5e-05 5e-05 5e-05 5e-05 
5e-05 5e-05 5e-05 5e-05 5e-05 5e-05 5e-05 5e-05 5e-05 
5e-05 5e-05 5e-05 5e-05 5e-05 5e-05 5e-05 5e-05 5e-05 
5e-05 5e-05 5e-05 5e-05 5e-05 5e-05 5e-05 5e-05 5e-05 
5e-05 5e-05 5e-05 5e-05 5e-05 5e-05 5e-05 5e-05 5e-05 
5e-05 5e-05 5e-05 5e-05 5e-05 5e-05 5e-05 5e-05 5e-05 
5e-05 5e-05 5e-05 5e-05 5e-05 5e-05 5e-05 5e-05 5e-05 
5e-05 5e-05 5e-05 5e-05 5e-05 5e-05 5e-05 5e-05 5e-05 
5e-05 5e-05 5e-05 5e-05 5e-05 5e-05 5e-05 5e-05 5e-05 
5e-05 5e-05 5e-05 5e-05 5e-05 5e-05 5e-05 5e-05 5e-05 
5e-05 5e-05 5e-05 5e-05 5e-05 5e-05 5e-05 5e-05 5e-05 
5e-05 5e-05 5e-05 5e-05 5e-05 5e-05 5e-05 5e-05 5e-05 
5e-05 5e-05 5e-05 5e-05 5e-05 5e-05 5e-05 5e-05 5e-05 
5e-05 5e-05 5e-05 5e-05 5e-05 5e-05 5e-05 5e-05 5e-05 
5e-05 5e-05 5e-05 5e-05 5e-05 5e-05 5e-05 5e-05 5e-05 
5e-05 5e-05 5e-05 5e-05 5e-05 5e-05 5e-05 5e-05 5e-05 
5e-05 5e-05 5e-05 5e-05 5e-05 5e-05 5e-05 5e-05 5e-05 
5e-05 5e-05 5e-05 5e-05 5e-05 5e-05 5e-05 5e-05 5e-05 
5e-05 5e-05 5e-05 5e-05 5e-05 5e-05 5e-05 5e-05 5e-05 
5e-05 5e-05 5e-05 5e-05 5e-05 5e-05 5e-05 5e-05 5e-05 
5e-05 5e-05 5e-05 5e-05 5e-05 5e-05 5e-05 5e-05 5e-05 
5e-05 5e-05 5e-05 5e-05 5e-05 5e-05 5e-05 5e-05 5e-05 
5e-05 5e-05 5e-05 5e-05 5e-05 5e-05 5e-05 5e-05 5e-05 
5e-05 5e-05 5e-05 5e-05 5e-05 5e-05 5e-05 5e-05 5e-05 
5e-05 5e-05 5e-05 5e-05 5e-05 5e-05 5e-05 5e-05 5e-05 
5e-05 5e-05 5e-05 5e-05 5e-05 5e-05 5e-05 5e-05 5e-05 
5e-05 5e-05 5e-05 5e-05 5e-05 5e-05 5e-05 5e-05 5e-05 
5e-05 5e-05 5e-05 5e-05 5e-05 5e-05 5e-05 5e-05 5e-05 
5e-05 5e-05 5e-05 5e-05 5e-05 5e-05 5e-05 5e-05 5e-05 
5e-05 5e-05 5e-05 5e-05 5e-05 5e-05 5e-05 5e-05 5e-05 
5e-05 5e-05 5e-05 5e-05 5e-05 5e-05 5e-05 5e-05 5e-05 
5e-05 5e-05 5e-05 5e-05 5e-05 5e-05 5e-05 5e-05 5e-05 
5e-05 5e-05 5e-05 5e-05 5e-05 5e-05 5e-05 5e-05 5e-05 
5e-05 5e-05 5e-05 5e-05 5e-05 5e-05 5e-05 5e-05 5e-05 
5e-05 5e-05 5e-05 5e-05 5e-05 5e-05 5e-05 5e-05 5e-05 
5e-05 5e-05 5e-05 5e-05 5e-05 5e-05 5e-05 5e-05 5e-05 
5e-05 5e-05 5e-05 5e-05 5e-05 5e-05 5e-05 5e-05 5e-05 
5e-05 5e-05 5e-05 5e-05 5e-05 5e-05 5e-05 5e-05 5e-05 
5e-05 5e-05 5e-05 5e-05 5e-05 5e-05 5e-05 5e-05 5e-05 
5e-05 5e-05 5e-05 5e-05 5e-05 5e-05 5e-05 5e-05 5e-05 
5e-05 5e-05 5e-05 5e-05 5e-05 5e-05 5e-05 5e-05 5e-05 
5e-05 5e-05 5e-05 5e-05 5e-05 5e-05 5e-05 5e-05 5e-05 
5e-05 5e-05 5e-05 5e-05 5e-05 5e-05 5e-05 5e-05 5e-05 
5e-05 5e-05 5e-05 5e-05 5e-05 5e-05 5e-05 5e-05 5e-05 
5e-05 5e-05 5e-05 5e-05 5e-05 5e-05 5e-05 5e-05 5e-05 
5e-05 5e-05 5e-05 5e-05 5e-05 5e-05 5e-05 5e-05 5e-05 
5e-05 5e-05 5e-05 5e-05 5e-05 5e-05 5e-05 5e-05 5e-05 
5e-05 5e-05 5e-05 5e-05 5e-05 5e-05 5e-05 5e-05 5e-05 
5e-05 5e-05 5e-05 5e-05 5e-05 5e-05 5e-05 5e-05 5e-05 
5e-05 5e-05 5e-05 5e-05 5e-05 5e-05 5e-05 5e-05 5e-05 

