# vtk DataFile Version 5.1
Generated by LIGGGHTS
ASCII
DATASET POLYDATA
POINTS 2839 float
-0.000353176 -0.00050137 0.00341537 0.00100193 -0.000408539 0.00323053 -0.000546861 -0.00025568 0.00331284 
0.00059715 -9.85564e-05 -0.0138965 0.000166569 2.94014e-05 0.00321753 0.000125326 0.000259817 0.00322976 
0.000433777 0.000380565 0.00332782 0.00068714 -0.000969515 0.00334369 1.66821e-06 -0.000831341 0.00344836 
0.000741399 -0.000618223 0.00344146 -0.000577281 -0.000388415 0.00342625 -0.000173382 0.000787385 -0.0140338 
0.000265404 -0.000268466 0.00344032 6.87302e-05 -0.000726178 -0.0138703 0.000121567 -0.000421217 -0.0138772 
-0.00015102 -0.000265512 -0.0139386 -4.94967e-05 5.6804e-05 -0.0139243 0.000257518 6.51701e-05 -0.0139699 
0.000929695 1.42742e-05 -0.0139024 -0.000782485 0.000293288 -0.0136096 2.07449e-05 0.00022121 -0.0139328 
0.000275934 0.000102257 -0.0138466 0.000228143 0.000246082 -0.0139877 0.000432635 0.000400148 -0.0139354 
-0.000282846 -0.000753042 -0.0137349 -0.000450906 -0.000650131 -0.0137916 -0.00036449 0.000459953 -0.0137441 
0.000394296 -0.000104412 -0.0136649 2.17465e-05 -7.70022e-05 -0.0135766 -0.000163989 0.000291012 -0.0136979 
0.000168161 0.000250009 -0.0135411 -0.000404914 0.000442888 -0.0136059 0.000655173 0.00074739 -0.0135882 
0.000865374 0.000796885 -0.0135887 0.000411679 -0.000703894 -0.013552 0.00024461 0.000237484 -0.0133764 
-0.000868765 0.000432485 -0.0133977 0.000866739 0.00048339 -0.013493 8.52331e-05 0.000695748 -0.0134377 
-0.000586457 -0.000764214 -0.0132428 -0.000483925 -0.000469356 -0.013265 -0.000589402 -0.000176139 -0.0132611 
-0.000898885 -5.77932e-05 -0.0133135 -0.000658826 -1.90264e-05 -0.0132879 0.000439656 0.000129701 -0.0133006 
3.73317e-06 -0.000551477 -0.0131074 -0.000312855 7.29667e-05 -0.0132313 -0.000489834 0.000243102 -0.0131368 
0.000216408 0.000106134 -0.0132066 0.000512643 0.000128525 -0.0130816 0.000284429 0.000336898 -0.0131561 
0.000133002 0.000412338 -0.012902 -0.000363901 -0.000479048 0.00321652 0.000529104 0.00092023 -0.0130249 
-4.51024e-05 -0.000174325 -0.0129006 -7.98099e-05 -2.21696e-05 -0.0129217 0.000331988 0.000786448 -0.0126999 
0.000517867 0.000941298 -0.0128788 -0.000663669 -0.000925987 -0.0127436 0.000216372 -0.000398314 -0.0126015 
-0.000164629 -0.000191807 -0.0126898 0.000123718 -1.31769e-05 -0.0127309 0.000680529 7.70047e-06 -0.0126182 
-0.000886385 0.000125623 -0.0126309 7.15873e-05 0.000129521 -0.0126647 0.000268973 0.000412807 -0.0126699 
0.00020716 -0.000995471 -0.012581 -0.000889758 -0.000767105 -0.0125767 0.00044088 -0.000167316 -0.0125546 
-0.000154805 0.000317064 -0.0125221 8.86279e-05 0.000393438 -0.0125266 0.000666653 0.00049013 -0.0125624 
9.39255e-05 -0.000833871 -0.0123764 -0.000204558 -0.000526106 -0.0124287 0.000418849 -0.000361743 -0.0123739 
8.29848e-05 -0.00018722 -0.0123371 -0.000433768 0.000323993 -0.0124423 -0.000240088 -0.000555041 -0.0121693 
-0.000127725 -0.000137843 -0.01225 -0.000190391 0.000279175 -0.0122259 0.000366621 -0.000383518 -0.0120207 
-0.000622622 0.000203484 -0.0119772 0.000426615 0.000390405 -0.0119797 0.000438482 -0.000913302 -0.0118626 
0.000791283 -0.000718992 -0.0118495 0.000175172 0.000156715 -0.0119092 0.000580018 0.000653566 -0.0119092 
0.000705151 0.000651717 -0.0118815 0.00012994 -0.000281365 -0.011767 0.000651121 -0.000280766 -0.0117772 
-0.000597737 -0.00019088 -0.0118207 -0.000249864 -0.000228494 -0.0117456 -2.02024e-06 -8.17936e-05 -0.0117219 
0.000285194 1.39043e-05 -0.0117311 -0.00019691 8.09065e-05 -0.0116692 0.000116686 0.000158897 -0.011743 
0.000222383 0.000223185 -0.0116963 -0.000361036 0.000340326 -0.0117447 0.000982136 0.000453675 -0.0117454 
0.000223116 -0.000449877 -0.011516 0.000824778 -0.000324039 -0.0116101 -0.000128757 0.000471641 -0.0115519 
0.000181762 0.000835755 -0.0115369 -0.000289973 0.000983152 -0.0115819 2.85823e-05 -0.000614689 -0.0114642 
-0.000100251 -0.000243109 -0.0114318 -4.72083e-05 -0.00014574 -0.0113606 0.00040111 -0.000102156 -0.0114895 
0.000368999 0.000440107 -0.0114854 -0.000757494 -0.000620545 -0.0112103 -4.62165e-05 -0.000576069 -0.0112243 
4.4545e-05 -0.000197571 -0.0112851 0.000315211 -2.61349e-05 -0.0113591 0.000557726 -1.90482e-05 -0.0112585 
-0.000754452 -0.000986575 -0.010709 2.61227e-05 -0.000551721 -0.0110198 0.000116515 2.27485e-05 -0.0111986 
0.000528881 8.07353e-05 -0.0111867 -0.000165682 0.000176069 -0.0110793 -0.00021417 0.000497287 0.00289285 
-1.14202e-05 -0.0004289 -0.0109574 0.000215952 -0.000470661 -0.0110408 -0.000407923 -0.000408846 -0.0110202 
-0.000525037 -0.000245722 -0.0109411 -0.000185654 -0.000223767 -0.0109699 0.000341325 -0.00021531 -0.0108907 
-0.000174523 0.000427357 -0.0110134 0.000180508 0.000552577 -0.0109823 0.000191032 -0.000459641 -0.0108026 
-0.000292721 -0.000350852 -0.0108612 -0.000166659 -0.000126625 -0.0107038 -0.000409363 -6.58733e-05 -0.0108703 
-0.000131213 8.04823e-05 -0.0108586 0.000435709 0.000102295 -0.0108741 -0.000448912 0.000364737 -0.0107347 
0.000544923 0.000464335 -0.0107943 -5.0701e-06 -0.000352304 -0.0107182 -0.0004517 -0.000167634 -0.0105498 
-0.00035843 4.13474e-05 -0.0106739 0.000183447 0.000533973 -0.0107244 -0.000208789 -0.000519236 -0.0104995 
-7.03355e-05 0.000417287 -0.0104636 0.000239968 0.000304176 -0.0105132 0.000264934 0.000598547 -0.010518 
0.000403746 -0.000256355 -0.0102908 0.000511964 -0.00033947 -0.0103239 -0.0002279 -0.000160258 -0.0104119 
1.98348e-05 -0.000189413 -0.0103634 0.00020969 -0.000120215 -0.0103722 -1.165e-05 2.75781e-05 -0.0103064 
0.000401913 -2.03216e-05 -0.0103153 -0.000377339 0.000174734 -0.0102567 -0.000201377 0.000254921 -0.010279 
0.000419922 0.000208792 -0.0104017 5.41664e-06 0.000264294 -0.010287 -0.000384063 -0.000318007 -0.0102017 
-6.74832e-05 -0.000213043 -0.0101733 6.23135e-05 -7.98885e-05 -0.0102138 -2.08926e-05 9.04728e-06 -0.010113 
0.000189103 -7.27845e-07 -0.0101492 0.00034991 6.74924e-07 -0.0101814 -0.000450653 0.000107557 -0.0101162 
0.00032309 0.000220611 -0.0101655 0.000309125 8.86957e-05 -0.0100973 -0.000231507 0.000312136 -0.0101126 
8.38847e-05 0.00031447 -0.0102097 0.000115621 0.000374378 -0.0101306 -0.000208944 -0.000145502 -0.00997657 
0.000175296 -9.16862e-05 -0.0100221 3.10089e-05 -2.91823e-05 -0.0100039 0.000336939 1.66877e-05 -0.010002 
-8.76195e-05 0.000203398 -0.00996032 0.000150107 0.000206444 -0.0100288 -0.000330919 0.000272424 -0.0100151 
-2.61742e-05 0.000310969 -0.0100194 6.21447e-05 -0.000291547 -0.0098071 -3.74699e-05 -0.000185162 -0.00985824 
-0.000271519 -6.34462e-05 -0.00991525 -0.000122739 -8.17885e-05 -0.00993252 4.50436e-05 -3.76594e-05 -0.00990132 
0.000161173 5.65812e-05 -0.00992232 -0.000165365 0.000157528 -0.00983453 0.000294718 0.00020071 -0.00991833 
-6.1497e-05 -0.000356796 -0.00973027 3.01985e-05 -0.000337552 -0.00966422 -0.00018488 -0.000114665 -0.00965652 
9.29913e-05 -0.000205692 -0.00976157 4.78249e-05 -0.000146229 -0.00968205 -0.000202825 6.5666e-05 -0.00961495 
5.90851e-05 -3.65209e-05 -0.00966809 -1.45523e-05 5.26614e-05 -0.00972211 0.000240911 2.09522e-05 -0.00962438 
0.000286496 0.000117986 -0.00971756 2.21304e-05 0.000162089 -0.00965603 0.000163443 0.000107131 -0.00963284 
-3.51455e-05 -0.000289174 -0.00959103 2.04215e-05 -0.000127453 -0.00955737 0.000134124 -0.000129944 -0.00955482 
2.88112e-05 2.73779e-05 -0.00950503 0.000164036 2.59493e-05 -0.00954484 -9.67088e-05 8.49476e-05 -0.00950759 
9.88567e-05 0.000150115 -0.00956333 -0.000116367 0.000247601 -0.00957122 -0.000122141 -0.000308457 -0.0092091 
-1.10008e-05 -0.000326371 -0.00919107 -2.44422e-05 -0.000291689 -0.00946492 0.000106588 -0.000310574 -0.00921479 
0.000232485 -0.000239878 -0.00921096 -0.000264651 -0.000201975 -0.00922098 -3.47117e-06 -0.00021207 -0.00931808 
3.25797e-05 -0.000169123 -0.00946092 0.000198733 -0.000155289 -0.00940377 0.000183664 -0.000146696 -0.00927933 
0.00029837 -0.000141191 -0.00921663 -0.000331671 4.12537e-05 -0.00922094 -0.000331398 -5.52066e-05 -0.0092154 
-0.000137363 -1.16516e-05 -0.0094255 -0.000150847 -6.13605e-05 -0.00930938 -0.000121819 3.66669e-05 -0.00926677 
-1.9625e-05 -2.10744e-05 -0.00935666 0.000169795 -3.92153e-05 -0.0094186 0.000137218 5.22145e-05 -0.00934847 
0.000332973 -5.19803e-05 -0.00919626 -0.000303586 0.000133476 -0.00919241 -8.60741e-05 0.000200567 -0.00941131 
3.08986e-06 0.000246018 -0.00936543 0.000114202 0.000206296 -0.00930671 0.000312846 9.71691e-05 -0.0092154 
-0.000113225 0.000311219 -0.00917475 -0.000194186 0.000265197 -0.00921571 2.78652e-05 0.000327312 -0.00921075 
0.000120037 0.000308221 -0.00919187 0.000213904 0.000249551 -0.00917831 -0.000229331 -0.000232413 -0.0091209 
-7.96715e-05 -0.000325145 -0.00905171 -0.000155225 -0.000293793 -0.00911489 4.73587e-05 -0.000323277 -0.00904585 
0.000188448 -0.000272428 -0.00907603 -0.000313723 -0.000106242 -0.00904142 -0.000261908 -0.000211135 -0.00902954 
-0.000299104 -0.000136935 -0.00916985 -4.1813e-05 -0.000166252 -0.00920354 -0.000163173 -0.00012537 -0.00917483 
7.13404e-05 -0.000215842 -0.00924068 -1.66401e-05 -0.000191468 -0.00910618 0.000120731 -0.000123311 -0.00920459 
0.000213812 -7.71149e-05 -0.00918374 0.000281494 -0.000180761 -0.00914327 0.000254516 -0.000214104 -0.00903634 
-0.000328967 -4.07392e-05 -0.00912291 -0.000327232 6.15344e-05 -0.00906967 -0.000119175 5.04964e-05 -0.00916024 
-4.99429e-05 -3.083e-05 -0.00923409 6.30282e-05 -5.52456e-06 -0.00919054 0.000329153 -3.47657e-05 -0.00909607 
0.000327297 3.53402e-05 -0.00916085 0.000327501 3.59523e-05 -0.00903319 -0.000282911 0.000172921 -0.00909497 
-0.000231271 5.38787e-05 -0.00918508 -7.56795e-05 0.00017772 -0.00925525 -1.16113e-05 8.32002e-05 -0.00928153 
-2.92518e-05 0.00010236 -0.00917194 0.000154284 0.000154846 -0.00915781 0.000285141 0.00017074 -0.00914878 
0.000285342 0.000175756 -0.00905699 -0.000157455 0.000291921 -0.00902295 -0.000216764 0.000244217 -0.00912628 
4.17312e-05 0.000327053 -0.0090343 -2.75088e-05 0.000330454 -0.00912194 -4.90439e-05 0.00032886 -0.00902367 
0.000164844 0.000282894 -0.00908094 -0.000197782 -0.000266437 -0.00896949 -8.21481e-05 -0.000321779 -0.00888542 
-1.38635e-05 -0.000331123 -0.00895191 0.000127271 -0.000306985 -0.00896717 -0.000296052 -0.000149656 -0.00893397 
-0.000178991 -0.000129483 -0.00906178 -7.83385e-05 -0.000199554 -0.0089911 3.84216e-05 -7.61659e-05 -0.00910064 
8.96971e-05 -0.000115063 -0.00900791 -4.4688e-05 -6.72845e-05 -0.00897668 0.000111246 -0.000176457 -0.00909075 
0.000320643 -8.47659e-05 -0.00899994 0.000239713 -0.000228487 -0.0088747 0.000291762 -0.000151515 -0.0089202 
-0.000323595 -7.65815e-05 -0.0088794 -0.000331771 -3.48874e-06 -0.00899403 -0.00032539 5.48659e-05 -0.00887678 
-0.000179864 -2.81875e-05 -0.00914461 -0.000235428 -4.21328e-05 -0.00894277 -4.08916e-05 -1.68253e-05 -0.00911441 
3.04313e-05 6.32891e-05 -0.00909462 0.000227916 3.82612e-05 -0.00905872 0.000195216 -7.15829e-05 -0.008993 
0.000332315 2.44293e-06 -0.00894055 -0.000261491 0.00020464 -0.00896041 -0.000304647 0.000131513 -0.00900348 
-8.75212e-05 0.000206041 -0.00905051 -0.000142302 7.02075e-05 -0.00903876 8.5415e-05 0.000216007 -0.00907907 
0.000148777 0.000121738 -0.00903019 0.000288829 0.000168887 -0.00889288 0.000318767 9.6383e-05 -0.00895486 
-0.00016294 0.00028874 -0.00892382 -2.31371e-05 0.000326985 -0.00893445 0.00017074 0.000280319 -0.0089799 
8.86639e-05 0.000319731 -0.00894449 0.000165365 0.000292447 -0.00888685 0.000237855 0.000232626 -0.00899343 
-0.000199216 -0.000263009 -0.00886976 -0.000154476 -0.000295873 -0.00878623 4.17979e-05 -0.000334618 -0.00876731 
9.31663e-05 -0.00031907 -0.00885428 0.000134995 -0.000305321 -0.00876765 0.000223025 -0.000252746 -0.00874689 
-0.000265895 -0.000197034 -0.00878505 -0.000152344 -0.00015148 -0.00887004 2.45808e-06 -0.000219079 -0.00890418 
7.61172e-06 -9.58339e-05 -0.00888741 0.000168426 -0.000154215 -0.00893496 9.72653e-05 -0.000210551 -0.00885744 
0.000300161 -0.000146345 -0.00881557 -0.000324352 -5.33506e-05 -0.00878563 -0.000324772 5.54642e-05 -0.00872617 
-0.000134871 -3.3441e-06 -0.00895821 -0.000114453 -5.70613e-05 -0.00885962 2.94966e-05 -1.30445e-05 -0.00902269 
-1.76959e-06 3.99749e-05 -0.00888675 0.000170559 2.39995e-05 -0.00897446 0.000121599 -6.59066e-05 -0.00885433 
0.000128781 7.18889e-05 -0.00886998 0.000328036 -3.61977e-05 -0.00883122 0.000326024 4.69571e-05 -0.0088616 
0.000228725 -4.54219e-05 -0.00887716 -0.000311298 0.000120623 -0.00880671 -0.000268539 0.000196422 -0.00877592 
-0.000131323 0.000118771 -0.0088635 -5.36108e-05 8.57278e-05 -0.00897991 5.09509e-05 0.000125004 -0.00898676 
-7.10931e-05 0.000181348 -0.00891467 1.92355e-05 0.000214118 -0.00884756 0.000122327 0.000207609 -0.00885075 
0.000307607 0.000133176 -0.00879815 -0.000206367 0.000259181 -0.00883416 -0.000158065 0.000294034 -0.00877392 
3.42017e-05 0.000327666 -0.00879625 -5.14212e-05 0.000327359 -0.00883568 0.000155925 0.00029572 -0.00878669 
0.000221805 0.000243625 -0.00882488 -0.000154142 -0.000289572 -0.00866579 6.08322e-05 -0.000322287 -0.00859873 
-6.08634e-05 -0.000326391 -0.00869415 0.000177045 -0.000277161 -0.00861718 8.25134e-05 -0.000325787 -0.00869732 
-0.00031346 -0.000109858 -0.00857312 -0.000265075 -0.000198222 -0.00867709 -0.000321474 -8.14479e-05 -0.00869133 
-0.000150309 -0.000132703 -0.00877011 -3.40462e-05 -7.19294e-05 -0.00877723 -6.87062e-05 -0.000184738 -0.0087319 
3.49079e-05 -0.000169651 -0.00876726 0.000220733 -0.000101812 -0.00869632 0.000254903 -0.000210344 -0.00866217 
0.000322086 -9.56016e-05 -0.00868616 0.000300201 -0.000151232 -0.00860607 -0.000331763 9.09888e-06 -0.00861684 
-0.000183384 5.40183e-07 -0.00878281 -0.000101856 0.000104234 -0.00872826 -0.000115675 -1.09502e-05 -0.00871009 
-5.53061e-05 3.72386e-05 -0.00879059 2.11383e-05 4.44471e-05 -0.00871005 5.7323e-05 -2.24209e-05 -0.00878671 
0.00032851 7.22735e-06 -0.00866819 0.000329513 -2.99749e-05 -0.00857617 -0.000310438 0.000119984 -0.00857189 
-0.000309268 0.000121251 -0.00867276 -0.000271386 0.000196504 -0.00867678 -0.000264776 0.000197999 -0.0085754 
-0.000172034 0.000169137 -0.0087609 -6.64611e-05 0.000229487 -0.00878684 3.50234e-05 0.000194027 -0.00874751 
0.000211535 7.31167e-05 -0.00879421 0.00019777 0.000101516 -0.00863042 0.000139204 0.000199167 -0.00867815 
0.000314096 9.98154e-05 -0.00868907 0.000275201 0.000187911 -0.00859351 -0.000108163 0.000312419 -0.00868376 
-0.000191281 0.00027165 -0.0086511 -9.78051e-05 0.000316104 -0.00858431 -1.30395e-05 0.000331808 -0.00866316 
0.000146478 0.000298589 -0.00869073 8.69587e-05 0.000321526 -0.00860761 0.000207019 0.000265538 -0.00860049 
0.000231305 0.000232647 -0.00870913 -9.72259e-05 -0.000317386 -0.00856681 -0.000223768 -0.000246998 -0.00855373 
-0.000200977 -0.000264053 -0.00845804 -0.000104591 -0.000311342 -0.00844551 -2.00724e-05 -0.00033112 -0.00848645 
0.000225597 -0.000251181 -0.00847628 7.8456e-05 -0.000324163 -0.00843542 0.000127114 -0.000306307 -0.00852064 
0.000235718 -0.000232279 -0.00855533 -0.000303707 -0.000124747 -0.00847484 -0.000124716 -0.000186506 -0.0085689 
-1.03241e-05 -0.00019115 -0.00864716 2.19512e-06 -0.000204342 -0.00853569 9.99993e-05 -0.000182639 -0.00858778 
0.00022052 -6.78617e-05 -0.00855424 7.37445e-05 -0.000112685 -0.00850117 0.000281599 -0.00016819 -0.00848196 
-0.000330609 -2.72951e-05 -0.00851957 -0.000220292 -4.85923e-05 -0.00858437 -0.00011925 -4.05512e-05 -0.00860366 
-0.000125094 6.73903e-05 -0.0086237 -3.48828e-05 -9.71174e-05 -0.00867042 -4.57434e-05 0.000102399 -0.00855419 
2.03201e-05 2.12923e-05 -0.00858819 9.71765e-05 -1.12607e-05 -0.00866651 0.000168681 1.63621e-05 -0.00851146 
0.000332715 -2.69003e-05 -0.00845525 0.000325677 6.12494e-05 -0.00843059 -0.000294442 0.000145501 -0.00847822 
-0.000169446 0.000172627 -0.00865612 -8.98608e-05 0.000195201 -0.00858822 -0.000142998 0.000132377 -0.00852086 
4.43235e-05 0.000206756 -0.00860055 6.91e-05 0.000110273 -0.00863784 0.000162275 0.000173482 -0.00854513 
0.000314705 9.08588e-05 -0.00856462 0.000275066 0.00017882 -0.00847255 -0.000167985 0.000283299 -0.00854264 
-0.000230377 0.000238932 -0.00848076 -3.86618e-05 0.000327014 -0.0084739 0.000119143 0.000310965 -0.00848351 
0.000193892 0.000273621 -0.00844965 -0.000154318 -0.000289558 -0.0083297 -2.80925e-05 -0.000329881 -0.0083881 
6.6877e-05 -0.000321607 -0.00833684 0.000200547 -0.000263244 -0.00827369 0.000228609 -0.000247075 -0.00837724 
-0.000321392 -8.3295e-05 -0.00831975 -0.000248078 -0.000214617 -0.00836343 -0.000140745 -0.000184349 -0.00845381 
-5.32016e-05 -7.71175e-05 -0.00852556 -4.27981e-06 -6.83483e-05 -0.0083802 -1.00968e-05 -0.000163107 -0.00834561 
0.000131412 -0.000204752 -0.0083838 0.000278886 -0.000173563 -0.0083329 -0.00032506 4.42832e-05 -0.00838087 
-0.000331318 2.56422e-05 -0.00827939 -0.000189218 2.71696e-05 -0.00840342 -0.000197975 -7.98785e-05 -0.00842153 
1.916e-07 8.43554e-06 -0.00847208 0.000232806 -4.0953e-05 -0.00842805 0.000170766 6.57923e-05 -0.00839089 
0.000116419 -4.76513e-05 -0.00839016 0.000329802 3.18511e-05 -0.00832939 0.000330946 -6.21948e-05 -0.00836427 
-0.000307245 0.000125326 -0.0082724 -0.000274179 0.000184391 -0.00837395 6.75834e-05 9.12566e-05 -0.00849657 
4.3977e-06 0.000210253 -0.00850552 6.38485e-05 0.000164197 -0.0084243 -5.24779e-05 0.000230013 -0.00841115 
0.000279332 0.000174086 -0.00837633 -0.000106366 0.000313163 -0.00838646 -0.000199102 0.000266179 -0.00839073 
-0.000178193 0.000275421 -0.00828374 5.05489e-05 0.000328372 -0.00837689 0.00018868 0.000275744 -0.00833532 
0.000119168 0.000311562 -0.00827178 -0.000201273 -0.00026592 -0.0082013 -8.82385e-05 -0.000320262 -0.00817813 
-3.21737e-05 -0.000334631 -0.00823929 3.61571e-05 -0.000334868 -0.00815164 8.77036e-05 -0.000320186 -0.00822332 
0.000141929 -0.00030105 -0.00814727 -0.000251611 -0.00021507 -0.00826241 -0.000296031 -0.000148636 -0.00825106 
-0.000175593 -0.000131613 -0.00825269 0.000105754 -0.00019491 -0.00823285 0.000242221 -0.000229814 -0.00815335 
0.00028777 -0.000168361 -0.00823495 -0.000323277 6.39566e-05 -0.00818738 -0.000328769 -4.17712e-05 -0.0081506 
-0.00013218 3.63086e-05 -0.00825293 7.50109e-05 -6.61773e-05 -0.00829995 -1.35882e-05 -1.47826e-05 -0.00827171 
0.000231966 -6.09729e-05 -0.00832708 0.000169583 9.6348e-07 -0.00827748 0.000330457 2.80336e-05 -0.00813717 
0.00033093 -6.23432e-05 -0.00825139 0.000327686 7.64044e-05 -0.00824332 -0.000257207 0.000212114 -0.00822742 
-0.000184016 0.000121207 -0.00836 -0.000197504 0.000100429 -0.00818471 -6.21055e-05 9.65351e-05 -0.00840805 
-6.72431e-05 0.000137963 -0.00826398 9.23263e-06 0.00017855 -0.00832113 0.000110326 0.00020792 -0.00833391 
0.000190915 0.000111816 -0.00826844 9.27135e-05 0.000100437 -0.00831893 0.000275891 0.000187702 -0.00821728 
0.00030894 0.000107198 -0.00815099 -0.000103152 0.000314392 -0.00820756 -0.000193281 0.000270147 -0.00817754 
-8.12475e-06 0.000332265 -0.00821312 0.000215218 0.000254202 -0.00816291 0.000132526 0.000311416 -0.00817312 
-0.000241427 -0.000237884 -0.00805025 -0.000120867 -0.000309454 -0.00798471 -0.000135167 -0.000302439 -0.00808327 
-2.7705e-05 -0.00033014 -0.00805166 6.7821e-05 -0.00032241 -0.00806699 0.000177693 -0.000283964 -0.00802455 
-0.000270541 -0.000186377 -0.00797578 -0.000319493 -8.04663e-05 -0.00803392 -0.0002954 -0.000153698 -0.00809953 
-0.000174597 -0.000113971 -0.0080879 -5.12669e-05 -0.000180598 -0.00821896 2.00199e-05 -0.000180452 -0.00809756 
0.00018484 -0.000147234 -0.00811986 0.000293913 -0.000154343 -0.00800016 0.00030338 -0.000137063 -0.00811331 
0.00025466 -0.000219479 -0.00805641 -0.000331746 2.12908e-05 -0.00808031 -0.000189637 -2.63922e-05 -0.00819332 
-0.000195328 5.25764e-05 -0.00809686 5.94813e-05 -8.23676e-05 -0.00816847 -8.78995e-05 7.56131e-06 -0.00815393 
0.000231768 -4.02245e-05 -0.00818326 0.00011808 -6.63304e-05 -0.00807926 0.00010425 2.45502e-05 -0.00816015 
0.000327037 -5.93421e-05 -0.00807597 0.000331165 -2.76703e-05 -0.00798737 0.000188739 6.44058e-06 -0.00806573 
-0.000273289 0.000190129 -0.00804009 -0.000311804 0.000117749 -0.00808002 -0.00031654 8.9262e-05 -0.00798374 
-0.00014116 0.000136712 -0.00810619 9.28407e-06 7.21846e-05 -0.00818831 3.91418e-05 0.000241257 -0.0081023 
-7.3055e-05 0.000212637 -0.00816892 0.000129707 0.000144063 -0.00817629 0.00027076 0.000187779 -0.0080741 
0.000326327 8.02524e-05 -0.00803334 -0.000101615 0.000314623 -0.0080779 -0.00017851 0.000275235 -0.00798821 
3.24926e-05 0.000331566 -0.00801049 -1.6966e-06 0.000334824 -0.00811304 0.000106419 0.000312506 -0.00806988 
0.000211286 0.00025437 -0.00806476 0.000225807 0.000245929 -0.0079679 -0.000122597 -0.000308644 -0.00786811 
-0.000202731 -0.00026267 -0.00790555 6.99117e-05 -0.000322641 -0.00796079 -3.17656e-05 -0.000330443 -0.0079448 
0.000146518 -0.000293475 -0.00789319 0.000222841 -0.000251002 -0.00794095 -0.00026676 -0.000195849 -0.00784626 
-0.00031499 -0.000104819 -0.00788827 -0.000126197 -0.000202716 -0.00804991 -9.78843e-05 -8.37389e-05 -0.00802332 
-6.55596e-05 -0.00019488 -0.00793687 0.000147088 -0.000160706 -0.00799874 5.39698e-05 -6.81742e-05 -0.00795789 
0.000196692 -8.41613e-05 -0.0079342 0.000284072 -0.000171675 -0.00790332 -0.000327886 -7.01491e-06 -0.00790457 
-0.00021571 1.27976e-05 -0.00800218 -5.94966e-05 2.21293e-05 -0.00801943 5.27655e-05 3.97738e-05 -0.00801862 
0.000193437 1.98737e-05 -0.00795828 0.000327515 -4.10699e-05 -0.00786711 0.00032743 6.50226e-05 -0.00789188 
-0.000293463 0.000168843 -0.00782775 -0.000272717 0.000190129 -0.00792469 -0.000125057 9.9367e-05 -0.00798519 
-3.97271e-05 0.000122805 -0.00810476 -2.8958e-05 0.00013136 -0.00797173 0.000143953 0.000132059 -0.00803952 
0.00018293 0.00013513 -0.00790863 0.000103968 0.000196272 -0.00793836 0.000261335 0.00021237 -0.0078744 
0.000290713 0.000164234 -0.00795105 -0.00023148 0.000237819 -0.00782786 -0.000148549 0.000301751 -0.00784686 
-4.30675e-05 0.000329363 -0.00785369 -6.10794e-05 0.000330776 -0.00795909 5.24333e-05 0.000327609 -0.00787761 
-4.24336e-06 0.000242119 -0.00797367 0.000160911 0.000286489 -0.00787271 0.000112159 0.000313397 -0.00796136 
-7.83538e-05 -0.000321429 -0.00767688 -0.000194425 -0.000268939 -0.00770296 -0.000200495 -0.00026429 -0.00780417 
4.29652e-05 -0.000329125 -0.00780438 -6.06252e-05 -0.000325901 -0.00777345 5.54333e-05 -0.000327475 -0.00770533 
0.000144597 -0.000297681 -0.00768225 0.000144173 -0.000297681 -0.00778075 -0.000255613 -0.000207313 -0.00774333 
-0.000317818 -8.95959e-05 -0.0077684 -0.000186822 -9.6486e-05 -0.00788117 -0.000173489 -0.000149391 -0.00774786 
-0.000136983 -0.000187678 -0.00786222 -5.17447e-05 -0.000110416 -0.00788197 -2.94433e-05 -0.000220089 -0.00781529 
0.000124173 -0.000201563 -0.00783125 4.95305e-05 -0.000126858 -0.00786739 0.000241918 -0.000224236 -0.00779183 
0.000298468 -0.000159779 -0.00770681 -0.00032296 7.26981e-05 -0.00770477 -0.000323044 6.97463e-05 -0.00780329 
-0.000324859 -6.6621e-05 -0.00767084 -0.000213371 4.27861e-06 -0.00785449 -0.000136348 5.93747e-05 -0.007889 
-2.51785e-05 3.10815e-05 -0.0079021 -1.60971e-05 -5.36623e-06 -0.00780308 9.25661e-05 5.09259e-05 -0.00785084 
0.000201865 -8.62189e-05 -0.0078336 0.000207888 6.13332e-05 -0.00772586 0.0003328 -3.06307e-05 -0.0076728 
0.000327916 3.64237e-05 -0.00775503 0.000325275 -6.89124e-05 -0.00777327 -0.000280257 0.000180939 -0.00767547 
-0.000102384 0.000190012 -0.00790228 4.31513e-05 0.000235586 -0.00782902 -6.13493e-05 0.000226991 -0.00779093 
-4.96345e-06 0.000106817 -0.00779679 0.000286815 0.000159301 -0.00778501 -0.000105477 0.000313397 -0.00775192 
-0.000229857 0.000239768 -0.00773092 -2.46014e-05 0.000327187 -0.0076823 8.03751e-05 0.000327024 -0.00775261 
0.000215516 0.000255651 -0.00777574 -0.000202299 -0.000262937 -0.00755655 -6.03289e-05 -0.000326198 -0.00756798 
4.27558e-05 -0.000329163 -0.00755029 0.000137433 -0.000300769 -0.00756355 0.000228113 -0.000235088 -0.00764965 
-0.000313223 -0.000111099 -0.00758251 -0.000266946 -0.00019536 -0.00763206 -0.000149939 -0.000114033 -0.00760578 
1.87428e-05 -0.000124098 -0.00776201 0.00019021 -0.00013781 -0.00774093 0.000122296 -0.000105168 -0.00762361 
0.000318964 -0.000104528 -0.00761026 0.000274907 -0.00018278 -0.00754007 -0.00033094 2.96557e-05 -0.0076159 
-0.000187285 -4.15512e-05 -0.0077465 -0.000129925 9.13719e-05 -0.00770754 -0.000191361 4.97685e-05 -0.0075968 
-0.00012373 -1.64125e-05 -0.00766432 -2.42916e-05 7.12317e-05 -0.00767957 0.00020474 -4.65315e-05 -0.00765124 
7.12709e-05 1.79052e-05 -0.00774379 0.000333876 -2.2043e-05 -0.00754832 -0.000258704 0.000208732 -0.00756418 
-0.000308342 0.000125118 -0.00756133 -0.000151066 0.000189862 -0.00768188 8.13483e-05 0.000128995 -0.00774276 
0.000185792 0.000101362 -0.0076341 0.000317254 8.86524e-05 -0.00754064 0.000293267 0.000143684 -0.00765368 
0.000278667 0.000181863 -0.00755438 -0.000167608 0.000283086 -0.00753643 -0.000144286 0.000304302 -0.00765128 
-6.18233e-05 0.000326455 -0.00758955 8.84901e-05 0.000324422 -0.00756649 0.000109922 0.000311711 -0.00765607 
0.00018059 0.000283003 -0.00755142 0.000201533 0.000259893 -0.0076464 -0.000124254 -0.000307979 -0.00746642 
-0.000203476 -0.000259406 -0.00742901 -0.000133897 -0.000303449 -0.00737042 -2.98218e-05 -0.000330122 -0.00743543 
8.98442e-05 -0.00031962 -0.00746263 0.000235773 -0.000238375 -0.00747039 -0.000262883 -0.00019956 -0.00750872 
-0.000268907 -0.000192611 -0.00738867 -0.000318551 -9.19596e-05 -0.00739362 -0.000320201 -8.61845e-05 -0.00749015 
-8.83552e-05 -0.000146852 -0.00752072 -3.01306e-05 -0.000130858 -0.00760137 -3.47033e-05 -0.000220966 -0.00744106 
6.57445e-05 -0.000219177 -0.00744739 6.23619e-05 -0.000119698 -0.00754429 0.000147636 -0.000168725 -0.00748291 
0.000320696 -9.0742e-05 -0.00746402 -0.000331645 2.1847e-05 -0.00738927 -0.000323223 6.26667e-05 -0.00749565 
-0.000238971 -4.43822e-05 -0.00760259 -0.000125849 -1.35942e-05 -0.00754978 3.53269e-05 6.30906e-05 -0.00757625 
-5.93809e-06 -4.09508e-05 -0.00755508 0.000179612 -1.7889e-05 -0.00755434 0.00033226 7.52164e-06 -0.00740475 
-0.000274031 0.000187914 -0.00746118 -0.000313003 0.000117413 -0.00738232 -0.000142759 0.000184637 -0.00745022 
4.28699e-05 0.000222509 -0.0075755 0.000148018 0.000171024 -0.00756964 0.000200256 0.000100459 -0.00748967 
0.000101313 0.000146229 -0.00747216 0.000308486 0.000115279 -0.00744968 0.000254113 0.000212466 -0.00746293 
-0.000229823 0.000239347 -0.00738754 -0.000133261 0.000304867 -0.00736814 -4.78624e-05 0.000331093 -0.00743841 
5.37166e-05 0.000327287 -0.00747291 -5.32945e-05 0.000228343 -0.00743695 0.000179523 0.000278662 -0.00744474 
-0.000146912 -0.000295924 -0.00727548 -0.000224923 -0.000240004 -0.00730963 7.21074e-05 -0.000321596 -0.00727149 
-2.26581e-05 -0.000330915 -0.00729258 0.000174404 -0.000287373 -0.00725114 0.000181564 -0.000281485 -0.00735807 
-0.000296816 -0.000149157 -0.00730415 -3.89129e-05 -0.000215961 -0.00731254 -0.000119499 -0.000122308 -0.00739012 
-2.1947e-05 -0.000134952 -0.00737068 0.000294549 -0.000159699 -0.00725547 0.00023991 -0.000229945 -0.0072796 
0.00027244 -0.000193219 -0.0073537 -0.000322106 7.61165e-05 -0.00729847 -0.00033146 -1.92558e-05 -0.00729843 
-0.000218603 -6.13576e-05 -0.00735538 -0.00020647 3.67259e-05 -0.00730584 -7.17768e-05 -2.00361e-05 -0.00738791 
7.66019e-05 6.31374e-05 -0.0074002 0.000220416 -2.26784e-05 -0.00739525 0.000106393 -3.08947e-05 -0.00743629 
0.00033309 -6.20438e-05 -0.00729912 0.000329576 3.0058e-05 -0.00727293 -0.000284683 0.000176845 -0.00725708 
-0.000150721 7.61285e-05 -0.0073947 -0.000112113 0.000192044 -0.00732589 -2.10417e-05 4.74193e-05 -0.00746571 
-6.56814e-05 9.21726e-05 -0.00734408 6.90098e-06 0.000165187 -0.00737335 0.000283715 0.000173027 -0.00734617 
0.000287306 0.000171439 -0.00723978 -0.000209758 0.000260701 -0.00729224 -9.95759e-05 0.000315282 -0.00727516 
-3.75143e-06 0.000332124 -0.00729776 9.21814e-05 0.000323373 -0.00736063 0.00014421 0.00030075 -0.00723835 
0.000219316 0.000246593 -0.00730979 -8.10211e-05 -0.000320751 -0.00709082 -0.000168296 -0.000286447 -0.00710197 
-7.3604e-05 -0.000320658 -0.00719426 5.71343e-05 -0.000322954 -0.00713673 0.000226139 -0.000249626 -0.00712262 
-0.000246456 -0.000222561 -0.0072104 -0.000320776 -8.37497e-05 -0.00718111 -0.000262127 -0.000199706 -0.00711461 
-8.174e-05 -0.000104162 -0.00728981 -0.000136873 -0.000183948 -0.00718107 1.97509e-05 -0.000224392 -0.00722763 
2.93833e-05 -9.80158e-05 -0.00728255 0.000187984 -0.000109151 -0.00723911 0.000121402 -0.000184793 -0.00721494 
0.00027919 -0.000172872 -0.00716285 0.000321174 -8.34288e-05 -0.00711479 -0.000335009 3.31622e-05 -0.00708462 
-0.00032948 4.29432e-05 -0.00720918 -0.000134115 3.43248e-05 -0.00719928 2.01693e-05 1.73764e-05 -0.00724768 
0.00013145 -4.52888e-05 -0.00733799 0.000206649 3.26328e-05 -0.00728679 0.000205174 -7.68097e-05 -0.00714362 
0.000133437 -7.03086e-06 -0.00721874 0.000328865 3.67571e-05 -0.00717799 -0.000245297 0.000223898 -0.00709677 
-0.000302136 0.000133445 -0.00707291 -0.000167446 0.000147716 -0.00720652 -3.33113e-05 0.000236266 -0.00723407 
5.20364e-05 9.66223e-05 -0.00730326 -5.67768e-05 0.000123122 -0.00724328 0.000179237 0.00011828 -0.00718013 
0.000288812 0.000170616 -0.00713907 -0.000230725 0.000238423 -0.00719738 -0.000114693 0.000311133 -0.00717772 
-5.32026e-05 0.000331427 -0.0070998 4.16254e-05 0.000325648 -0.00716229 4.05439e-05 0.000224066 -0.00716809 
0.000218566 0.000246038 -0.00720112 0.000138682 0.00030819 -0.00707449 -0.000142852 -0.000299229 -0.00693552 
6.35452e-05 -0.000323075 -0.00692915 -1.66287e-05 -0.000328471 -0.00699329 0.000106035 -0.000319549 -0.00702616 
0.000189679 -0.00027318 -0.00695647 -0.000319166 -8.97026e-05 -0.00702328 -0.000247917 -0.00021487 -0.00697916 
-0.000145234 -0.000153834 -0.00704949 4.09344e-06 -0.000118095 -0.00717136 -2.59974e-05 -0.000186527 -0.00704372 
3.59869e-05 -0.000107423 -0.00706189 0.000156855 -0.000162727 -0.00709717 0.000274626 -0.0001834 -0.00702966 
0.000319976 -9.02689e-05 -0.00696624 -0.000331255 -1.93556e-05 -0.00695366 -0.000322489 7.20279e-05 -0.00698836 
-0.000194227 -5.3549e-05 -0.00710576 -0.000229052 4.80289e-05 -0.00712473 -0.000134539 4.12428e-05 -0.00708563 
-3.37451e-05 -1.1712e-05 -0.00715221 1.88266e-05 5.44241e-05 -0.00707225 0.00020567 2.96337e-05 -0.00713459 
0.000100391 -9.34856e-05 -0.00714482 0.000235567 6.72204e-05 -0.00699595 8.55296e-05 6.1301e-05 -0.00715013 
0.000120549 2.43048e-05 -0.00701313 0.000329057 3.11411e-05 -0.00693953 0.00032932 7.18598e-05 -0.00704143 
0.000240681 -3.48749e-05 -0.00701846 -0.000289321 0.000155615 -0.00691048 -0.000271275 0.000191813 -0.00700001 
-0.00010166 0.000186442 -0.00711 -1.381e-05 0.000217906 -0.00705825 -5.15668e-05 9.13089e-05 -0.00713861 
0.000123204 0.000189863 -0.00709919 0.000154216 0.000137099 -0.0070179 0.000235977 0.000228111 -0.0070359 
0.000280529 0.000177034 -0.00696602 -0.000100291 0.000315357 -0.00700143 -0.000174703 0.000277676 -0.00705608 
2.13045e-05 0.000334789 -0.00700895 0.000106476 0.000311811 -0.00697639 0.000191575 0.000275764 -0.00691268 
-0.000115667 -0.000307592 -0.00681078 -5.86982e-05 -0.000326963 -0.00689665 5.7737e-05 -0.000322925 -0.00682184 
0.000183126 -0.000279404 -0.00683274 -0.0002981 -0.000145788 -0.00690558 -0.000269442 -0.000192486 -0.00676916 
-0.000251936 -0.000217487 -0.00686934 -0.000308781 -0.000122876 -0.00680759 -7.1828e-05 -0.000180931 -0.00691297 
-0.000118105 -0.000111688 -0.0068502 2.9487e-05 -0.000185484 -0.0069436 -1.09653e-05 -9.46986e-05 -0.00690288 
0.000106602 -8.30056e-05 -0.00699131 0.000166047 -0.000146554 -0.00689525 0.000246025 -0.00022028 -0.00690063 
0.000312962 -0.00011686 -0.00685791 -0.000330721 -2.92246e-05 -0.0067831 -0.00032281 5.77713e-05 -0.00686845 
-0.000193888 -9.49248e-05 -0.0069624 -0.000187827 3.51412e-05 -0.00697058 -0.000155737 -2.29824e-05 -0.00688498 
-3.64442e-05 -2.58304e-05 -0.00698051 -5.60408e-05 7.7295e-05 -0.00692841 0.000105107 -5.30497e-05 -0.00686877 
0.000229108 -5.86971e-05 -0.00688251 0.000332111 -2.48456e-05 -0.0068367 -0.000274061 0.000188432 -0.00681762 
-0.00014882 0.000159577 -0.00693937 -3.93088e-05 0.000233463 -0.00691734 5.46762e-05 0.000144493 -0.00696398 
0.000201515 0.000121378 -0.00690557 0.000289865 0.000164085 -0.0068704 0.000252125 0.00022222 -0.00676598 
-0.000229197 0.000239931 -0.00689045 -0.000184094 0.000276432 -0.00680236 -9.84408e-05 0.00031576 -0.006835 
5.49361e-05 0.000327127 -0.00680085 -8.68672e-06 0.000332059 -0.00687757 0.000147238 0.000297557 -0.00681163 
-0.000205829 -0.000260305 -0.00674095 -8.25884e-05 -0.000320377 -0.00663843 -0.000198132 -0.000265989 -0.00664148 
3.86819e-05 -0.000329694 -0.00662094 -2.56663e-05 -0.000329093 -0.00673498 2.35802e-05 -0.000229692 -0.00674689 
0.000132459 -0.000302654 -0.00673259 0.000138934 -0.000300375 -0.00663425 -0.000297633 -0.000148643 -0.00668147 
-7.37132e-05 -0.000204017 -0.00680177 -7.05515e-05 -4.89045e-05 -0.00676147 2.22169e-05 -0.000107298 -0.00680667 
8.99733e-05 -0.000183584 -0.00681949 0.00025378 -0.000213079 -0.00674983 0.000288203 -0.000168428 -0.00666533 
0.000304479 -0.000134753 -0.00675834 -0.000323179 5.74589e-05 -0.006736 -0.000332982 -4.9896e-05 -0.00667641 
-0.000192783 -9.15772e-05 -0.00675658 -0.000164914 8.09813e-05 -0.00675915 7.18006e-07 -7.36856e-06 -0.00685183 
3.98432e-06 6.13105e-05 -0.00676214 0.000112319 -1.71345e-05 -0.00676 0.000186747 2.89513e-05 -0.00684497 
0.000217425 7.37137e-06 -0.00666786 0.000189304 -8.4805e-05 -0.00673111 0.000327568 -5.20644e-05 -0.00664964 
0.000330502 -2.71944e-05 -0.00674154 -0.000290793 0.000152525 -0.00661196 -0.000289121 0.000155903 -0.00671425 
-9.68925e-05 0.000209733 -0.00679921 -8.94809e-05 9.57717e-05 -0.00683053 6.22207e-06 0.000191209 -0.00682967 
9.52691e-05 0.000199613 -0.00675596 0.000108421 8.2043e-05 -0.00679584 0.00031396 0.000110281 -0.00675689 
0.000321336 9.08607e-05 -0.00665059 0.000278781 0.000180834 -0.00666818 -0.000150606 0.000299429 -0.00668538 
-0.000227929 0.000241191 -0.00671971 -2.77178e-05 0.000327528 -0.00675073 5.67022e-05 0.00032431 -0.00664026 
0.000167132 0.00028782 -0.00671498 -0.000138803 -0.00030112 -0.00655819 -1.74877e-05 -0.000328248 -0.00653843 
8.39903e-05 -0.000320901 -0.00646152 0.000187371 -0.000271994 -0.00648463 0.000236455 -0.000231401 -0.00660197 
-0.000246008 -0.000223128 -0.00653717 -0.000298115 -0.000147698 -0.00649929 -0.000140878 -0.000187474 -0.00657584 
-4.4722e-05 -0.000206894 -0.00666937 5.55564e-05 -0.000205162 -0.00662841 0.000117115 -0.000140797 -0.00667902 
0.00029282 -0.000156031 -0.00654915 -0.000324297 -7.42987e-05 -0.00657321 -0.000324016 5.13827e-05 -0.00656984 
-0.000331359 2.41267e-05 -0.00647391 -0.000210459 -1.44173e-05 -0.0066766 -0.000194515 -7.61228e-05 -0.00654159 
-0.000125382 4.44434e-05 -0.0066623 -6.22976e-05 -4.23556e-05 -0.00665223 4.64267e-05 -6.02623e-05 -0.00668954 
6.22067e-05 1.73611e-05 -0.0065662 -4.39944e-05 8.20081e-05 -0.00660685 0.000111627 2.46626e-05 -0.00666923 
0.000151281 -8.38011e-05 -0.0065897 0.000329498 -3.65998e-05 -0.00653683 0.000325755 5.91536e-05 -0.00650422 
-0.000269086 0.000196015 -0.00650739 -0.000225111 7.19638e-05 -0.0066163 -0.000144518 0.000145569 -0.00660388 
-6.29621e-05 0.000139296 -0.00672784 -3.09974e-06 0.00018346 -0.0066435 0.000131964 0.00014005 -0.0066487 
0.000183545 2.52842e-05 -0.00653203 0.000273179 0.000181593 -0.00648146 0.000249899 0.000221058 -0.00657006 
-0.000228935 0.000240172 -0.00659895 -9.70539e-05 0.00031597 -0.0065359 -0.000186004 0.000275149 -0.00651572 
-8.57968e-06 0.000332484 -0.00649482 -2.57486e-05 0.000327425 -0.00659986 0.000104501 0.00031613 -0.00650464 
0.000181403 0.000277091 -0.00655481 -8.27178e-05 -0.000320959 -0.00645672 -9.35576e-05 -0.000318973 -0.00631688 
-0.000143066 -0.000297874 -0.00639785 -0.000203911 -0.00026165 -0.0063286 -9.14218e-06 -0.000332242 -0.00638437 
0.00013594 -0.000298394 -0.00638009 0.000243322 -0.000230883 -0.00636306 -0.000264472 -0.000196924 -0.00642611 
-0.000297619 -0.000149349 -0.0063414 -0.000318784 -8.88579e-05 -0.00643072 -0.00022102 -8.91273e-05 -0.00640776 
-4.87434e-05 -0.000204677 -0.00652917 -1.61459e-05 -0.000219712 -0.00639415 4.55624e-05 -0.000204105 -0.00648095 
1.41493e-06 -3.61841e-05 -0.00645187 0.000267848 -0.000194674 -0.00645607 0.000297541 -0.000156869 -0.00637166 
-0.00032339 6.28958e-05 -0.0063534 -0.000330246 -3.3159e-05 -0.00631129 -0.000239966 1.23537e-05 -0.00652682 
-0.000107931 6.38136e-05 -0.00652372 -1.88131e-05 -6.27794e-05 -0.0065549 -0.000103754 -3.96664e-05 -0.00649347 
9.22744e-05 5.21293e-05 -0.0064566 0.000219431 -8.10994e-05 -0.00645127 0.000127071 -5.59729e-05 -0.00641271 
0.000230789 7.83735e-05 -0.00641977 0.000329702 2.92572e-05 -0.00641096 0.000326228 -6.66644e-05 -0.00643593 
-0.000239298 0.000229908 -0.00641835 -0.000304204 0.000131174 -0.00642489 -0.000177956 0.000148396 -0.00642925 
3.37879e-05 0.00015581 -0.00654212 -5.81618e-05 0.000172006 -0.00650057 -1.61068e-05 0.000211819 -0.00641025 
-4.98423e-05 7.31799e-05 -0.00644094 0.000137554 0.000124013 -0.00651238 0.000122969 0.000194508 -0.00643306 
0.000234551 0.000230656 -0.00635124 0.000295016 0.000158406 -0.00636863 -9.41672e-05 0.000316496 -0.00640762 
-0.000174352 0.000277886 -0.00633837 1.07207e-05 0.000336208 -0.00634513 0.000196048 0.00026341 -0.00645019 
0.00014595 0.000289436 -0.00635358 -0.000193217 -0.000269759 -0.00622999 -8.32912e-05 -0.00032013 -0.00622251 
5.75627e-05 -0.000322931 -0.00621026 0.000188021 -0.000273772 -0.00616808 0.000110755 -0.000312294 -0.00629245 
0.000192239 -0.000270492 -0.00628803 -0.000298135 -0.000148033 -0.00622368 -0.00012021 -0.000169635 -0.0063368 
4.56387e-05 -0.000234333 -0.00627876 9.37402e-06 -9.72985e-05 -0.00636956 0.000114353 -0.000145904 -0.00633818 
0.000291191 -0.000159345 -0.00627192 -0.000326384 5.27029e-05 -0.0062494 -0.000331209 -1.98158e-05 -0.00618073 
-0.000148666 -2.28502e-05 -0.00637076 -7.94931e-05 -8.63333e-05 -0.00628717 -4.97225e-05 1.4596e-05 -0.00631623 
4.62881e-05 1.74862e-05 -0.0063599 4.37794e-05 -5.79686e-05 -0.00628208 0.000203059 -3.26881e-05 -0.00634555 
0.000330215 -2.76654e-05 -0.00627013 -0.000298987 0.000138851 -0.00616882 -0.000291111 0.000151875 -0.00627846 
-0.000247945 0.000221419 -0.00619206 -0.000181455 0.000150878 -0.00631375 -0.000175049 7.92178e-05 -0.00623585 
-9.76281e-05 0.000180577 -0.00626482 5.98494e-05 0.000119948 -0.0063815 7.35334e-05 0.000217986 -0.00634 
2.48022e-05 9.31505e-05 -0.00628699 0.000176606 0.000125822 -0.00632777 0.000319448 8.73382e-05 -0.00626623 
0.000270297 0.000196371 -0.00628417 -0.000169366 0.000280909 -0.00619748 -8.87617e-05 0.000317342 -0.00615684 
-0.000102388 0.000314333 -0.00627974 4.97751e-05 0.000327936 -0.00616094 7.64087e-05 0.000326701 -0.00625375 
-1.83585e-05 0.000327613 -0.00623379 0.00018133 0.00027737 -0.00624582 0.000232259 0.000232703 -0.00618407 
-0.000147937 -0.000296641 -0.00606138 6.67466e-05 -0.000322123 -0.00604948 -3.54082e-05 -0.000329809 -0.00609994 
0.000109855 -0.000309355 -0.00612923 0.000220169 -0.000250207 -0.00605371 -0.000268165 -0.000192675 -0.00608455 
-0.000319071 -8.72394e-05 -0.00604644 -0.0001832 -8.19471e-05 -0.00613253 -0.000144756 -0.000191288 -0.00617899 
-2.14566e-05 -0.000165456 -0.00624018 -2.63261e-05 -6.61058e-05 -0.00617696 0.000156028 -0.000160521 -0.00618972 
7.0617e-05 -0.000207472 -0.00611149 0.000268754 -0.000206783 -0.00612801 0.000309064 -0.000114447 -0.0060923 
-0.000326918 5.18368e-05 -0.00604821 -0.000183348 -6.12581e-05 -0.00625923 -0.000238648 4.32593e-05 -0.00612904 
-9.6945e-05 1.43049e-05 -0.0062273 5.92776e-05 7.32222e-05 -0.00619387 0.000128392 -5.94571e-05 -0.00616138 
0.000213256 4.03554e-05 -0.00621966 0.000331807 -2.37746e-05 -0.00604701 0.000332561 4.97238e-06 -0.0061426 
-0.000242918 0.000225273 -0.00609074 -8.86568e-05 0.000184231 -0.00610897 -1.02941e-05 0.000176739 -0.0062052 
0.000154278 0.000152934 -0.00615761 9.65508e-05 0.000156903 -0.0062579 0.000320881 8.15978e-05 -0.00605027 
0.000272729 0.00019108 -0.00602705 0.000296118 0.000146109 -0.00614298 -0.000155503 0.000293831 -0.00608698 
-6.31972e-06 0.00033209 -0.0060469 0.000173443 0.000281166 -0.00612785 0.000182866 0.000276554 -0.00602114 
-0.000128645 -0.000306245 -0.00592529 -0.000204123 -0.000261456 -0.00586606 4.69596e-05 -0.000328636 -0.00589493 
-3.75443e-05 -0.000329754 -0.00600011 0.000139555 -0.00030004 -0.00588117 0.000185845 -0.000274282 -0.00595716 
-0.000289296 -0.000169215 -0.00587858 -0.000266692 -0.000194617 -0.00598524 -0.000316407 -0.000100744 -0.00594748 
-0.000151312 -0.000108909 -0.00601467 -3.61861e-05 -0.000215065 -0.00604792 4.4732e-05 -0.000150448 -0.0059888 
-1.78831e-05 -9.38466e-05 -0.00604563 0.000143224 -0.000172643 -0.00601522 0.000204149 -0.000109003 -0.00606515 
0.000303807 -0.00014356 -0.00596491 0.000301827 -0.000143635 -0.00586614 -0.000328506 -6.37382e-06 -0.00589972 
-0.000232821 4.48969e-05 -0.00599524 -0.000111746 -1.22929e-05 -0.00608878 -0.000105315 -4.85373e-05 -0.00592032 
-1.63112e-05 4.18806e-05 -0.00608966 9.35331e-05 -3.52977e-05 -0.00603535 -8.99052e-05 7.84318e-05 -0.00602265 
0.000331607 -6.01269e-07 -0.00590273 -0.000269028 0.000192008 -0.00598017 -0.000306976 0.000128487 -0.00586358 
-0.000317097 0.000112427 -0.00596624 3.79105e-05 0.000135119 -0.00608022 0.000192506 0.000124288 -0.00606795 
0.000283785 0.000164996 -0.00588447 0.000320429 9.08339e-05 -0.00594766 -9.43852e-05 0.00031676 -0.0059842 
-0.000205973 0.000262753 -0.00588949 -7.68616e-06 0.000331982 -0.00594592 -5.63715e-05 0.000331946 -0.00586072 
7.66876e-05 0.000323154 -0.00599682 3.184e-06 0.000227916 -0.00598309 0.000184763 0.000277422 -0.00592227 
-8.126e-05 -0.000320165 -0.00583841 -9.31906e-05 -0.000319339 -0.00572011 -0.000181234 -0.000283784 -0.00575586 
-1.84542e-05 -0.000328031 -0.00576547 0.000223535 -0.000245658 -0.00571489 0.00023067 -0.000242148 -0.00583144 
0.000129525 -0.000303438 -0.0057815 -0.000252724 -0.000214189 -0.00579122 -0.000316259 -0.000101582 -0.00573954 
-0.00032119 -8.26813e-05 -0.0058376 -0.000102845 -0.000164132 -0.00590014 -2.19989e-05 -0.000241749 -0.00592327 
0.00011352 -0.000164197 -0.00583076 0.000306805 -0.000132583 -0.00575893 -0.000321846 7.2684e-05 -0.00578203 
-0.000165674 3.35566e-05 -0.00590927 -0.000202119 -6.02045e-05 -0.0058748 -5.8018e-05 1.76107e-06 -0.00584257 
-1.97986e-05 2.70192e-05 -0.00595315 -9.02628e-06 -8.00344e-05 -0.00591921 0.000185836 -6.74726e-05 -0.00589296 
9.06493e-05 -1.66745e-05 -0.00591274 0.000220153 4.41114e-05 -0.00595823 0.000180517 4.72171e-05 -0.0058537 
0.000329773 -2.88673e-05 -0.00581191 0.000326918 5.44068e-05 -0.00573653 -0.000285444 0.000178659 -0.00577956 
-0.000167912 0.000133748 -0.00591051 -0.000134563 8.69167e-05 -0.00582004 -9.19697e-05 0.00017512 -0.00584955 
3.60729e-05 0.000225233 -0.00586125 2.27783e-05 0.000115002 -0.00583812 0.000118768 0.000131105 -0.00596173 
0.000263227 0.000202614 -0.00574589 -0.000142854 0.000299697 -0.00582873 -0.000205715 0.000261467 -0.00576606 
-5.1127e-05 0.00033241 -0.00573583 6.94532e-05 0.000323528 -0.0057181 0.000171813 0.000277396 -0.00570903 
0.000117335 0.000308025 -0.0058168 0.000216589 0.000246131 -0.00582245 -0.000230042 -0.000239219 -0.00567057 
-8.92825e-05 -0.000319382 -0.00561469 5.6897e-05 -0.000323003 -0.00569448 4.266e-05 -0.000329078 -0.0055962 
-1.34426e-05 -0.000230931 -0.00569617 0.000137819 -0.000301277 -0.00559172 -0.000304209 -0.000129218 -0.00563137 
-0.000175534 -0.000109478 -0.00568407 -7.9297e-05 -0.000150844 -0.005798 3.18892e-05 -0.000211578 -0.00578329 
1.42406e-06 -9.65814e-05 -0.00574374 0.000106333 -0.000202564 -0.00570515 0.000319656 -8.6076e-05 -0.00564336 
0.000278934 -0.00018462 -0.00566415 0.000241596 -0.000227593 -0.00557468 -0.000331523 -1.45095e-05 -0.00569283 
-0.000321728 7.60534e-05 -0.00562841 -0.000331603 -1.36794e-05 -0.00558635 -0.000194034 8.56683e-05 -0.00566834 
-0.000112127 9.00474e-06 -0.00572506 4.72514e-05 -1.38573e-05 -0.00579662 0.000210393 1.84801e-05 -0.00563714 
0.000130102 -3.78891e-05 -0.00573849 0.000336427 1.0177e-05 -0.00565114 -0.000282616 0.000180652 -0.00567493 
-0.000120302 0.000211523 -0.00571661 -2.02468e-05 0.000233012 -0.00573237 -7.70692e-05 0.000102616 -0.00568024 
5.68673e-05 0.000197897 -0.00566731 0.000131295 0.000181784 -0.0057579 0.0001528 8.38709e-05 -0.00573828 
0.00014229 0.000131861 -0.00562342 0.00031658 8.73544e-05 -0.00559554 0.000236455 0.00022762 -0.0056029 
0.000292689 0.00015272 -0.00566466 -9.04892e-05 0.000316314 -0.0056417 -0.000206163 0.000261632 -0.00566457 
-0.000227798 0.000241228 -0.0055706 -2.95186e-05 0.000329306 -0.0055523 7.71891e-05 0.000323126 -0.00561844 
0.000174579 0.00028142 -0.00556251 -0.000214029 -0.000248503 -0.005518 -0.000141522 -0.000299907 -0.00547299 
-0.000224711 -0.000243487 -0.00541582 -4.30956e-05 -0.000329234 -0.0055267 5.10194e-05 -0.000321921 -0.00549057 
-3.66923e-05 -0.000329696 -0.00541918 0.000222536 -0.000253294 -0.00542688 0.000180243 -0.000275592 -0.00550851 
0.000129096 -0.000303761 -0.00540385 -0.000276563 -0.000178754 -0.00548189 -0.000316968 -0.000114093 -0.00540997 
-0.00032041 -8.53666e-05 -0.0055056 -0.000187744 -5.26875e-05 -0.00558799 -0.000131241 -0.000177255 -0.00562219 
-0.000167452 -0.000130255 -0.00546458 4.00522e-05 -0.000187781 -0.00561586 8.12334e-05 -9.28887e-05 -0.00556023 
-5.14751e-05 -0.000194284 -0.00551914 0.000182917 -0.000144413 -0.00550672 0.000289003 -0.000163058 -0.00542408 
0.000315958 -0.000100805 -0.00549752 -0.000330889 3.12499e-05 -0.00548217 -6.99274e-05 -8.01856e-05 -0.00564628 
-0.000236632 1.38675e-05 -0.00552833 1.69444e-05 2.58197e-05 -0.00567283 0.000221368 3.69642e-05 -0.00549685 
0.00032822 3.43188e-05 -0.00549742 0.000329878 -3.27359e-05 -0.00540623 -0.000268215 0.000196269 -0.00548733 
-0.000309729 0.000124808 -0.00553736 -0.000307033 0.000129321 -0.00542208 -9.64832e-05 0.000203226 -0.00561582 
6.80354e-05 0.000124041 -0.00554894 -2.6339e-05 5.26245e-05 -0.00557007 1.14023e-05 0.000219602 -0.0055497 
0.000131728 2.82523e-05 -0.0055731 0.000280424 0.000177899 -0.00549315 -8.7259e-05 0.000317832 -0.00545384 
-0.000160624 0.000286919 -0.00550175 7.95041e-05 0.000322482 -0.00546361 0.000181032 0.000282296 -0.00546353 
-0.000231574 -0.000235683 -0.00528318 -0.000145059 -0.000297601 -0.00532794 -4.25032e-05 -0.000329236 -0.00527032 
3.3088e-05 -0.000330235 -0.00534768 0.000126427 -0.000303082 -0.00529399 0.000191183 -0.000272826 -0.00533552 
-0.000318503 -9.31726e-05 -0.00527903 -0.000280772 -0.000170831 -0.00532839 -0.000186765 -0.000111702 -0.00532072 
-8.38952e-05 -7.63552e-05 -0.00539312 9.39122e-06 -7.94491e-05 -0.00548486 9.6532e-05 -8.26514e-05 -0.00541388 
7.2217e-05 -0.000191514 -0.00544663 0.00016157 -0.00012451 -0.00534212 0.000271543 -0.00018925 -0.00530544 
0.000315706 -9.91367e-05 -0.0053022 -0.000328534 8.57745e-06 -0.0053621 -0.000330652 3.57897e-05 -0.0052588 
-0.000163446 -1.37452e-05 -0.00544114 -0.000226218 2.50406e-05 -0.00536773 -9.63543e-05 3.19886e-05 -0.00537059 
-4.53205e-05 1.00331e-05 -0.00546613 4.41528e-05 3.80113e-05 -0.00541362 0.000161689 9.31094e-05 -0.00542597 
0.000167426 -3.59051e-06 -0.00534996 0.000332553 5.03858e-06 -0.00529357 0.000329645 6.65562e-05 -0.00539803 
-0.000267095 0.0001981 -0.00526714 -0.000307386 0.000129272 -0.00532328 -0.000252893 0.000216244 -0.00538996 
-0.000173186 0.000108963 -0.00550282 -0.000174636 0.000136817 -0.00537689 -6.99278e-05 0.000203295 -0.0054786 
5.6177e-05 0.000211801 -0.00545566 -3.77316e-05 0.000109991 -0.00544564 -6.56872e-05 0.000221926 -0.00534649 
0.000133966 0.000182229 -0.00538156 0.000290077 0.000169181 -0.0053982 0.000241543 0.000228308 -0.00527093 
0.00030386 0.000120211 -0.00530391 -0.000154581 0.00029148 -0.00533944 -5.73547e-05 0.000327565 -0.00535679 
4.2954e-05 0.000329749 -0.0053477 0.000155953 0.000296138 -0.00536839 0.000229472 0.000236474 -0.00537315 
0.000176233 0.00028034 -0.00527804 -9.14463e-05 -0.000318771 -0.00518439 -0.000191539 -0.000270285 -0.00517814 
4.28722e-05 -0.000329115 -0.00515164 0.000124965 -0.00030437 -0.00519922 0.000191467 -0.000273684 -0.00520071 
-0.00025397 -0.000207815 -0.00519585 -0.000322259 -7.81065e-05 -0.00518025 -9.663e-05 -0.000163261 -0.00528641 
-5.05197e-07 -6.19452e-05 -0.00527157 5.06581e-05 -0.000222701 -0.0052796 0.000107145 -0.000128772 -0.00524176 
0.00027049 -0.000184278 -0.00511987 0.000291924 -0.000162011 -0.0052221 0.00032153 -9.28375e-05 -0.00509924 
-0.000330331 2.30274e-05 -0.00512112 -0.000117791 -5.4136e-05 -0.00526945 -0.00019739 -9.71353e-05 -0.00516989 
-0.00018729 1.92473e-05 -0.00517706 -0.000146422 6.44842e-05 -0.0052858 6.7608e-05 3.78052e-05 -0.00530848 
0.0002278 1.51401e-05 -0.00525171 0.000119546 -2.94893e-05 -0.00524818 0.000328951 3.4765e-05 -0.00511143 
0.000328684 -5.465e-05 -0.00519708 -0.00031568 9.2816e-05 -0.00518533 -0.000265387 0.000201278 -0.0051624 
-1.55736e-05 0.000105213 -0.00532809 -9.8524e-05 0.000158295 -0.0052516 0.000163859 0.000109763 -0.0053038 
0.000154931 0.000163037 -0.00521909 0.000283554 0.000173978 -0.00520255 0.000320867 8.64494e-05 -0.00521354 
-0.000185656 0.000275485 -0.00514173 -9.89745e-05 0.000315404 -0.00523901 -9.29314e-05 0.00031721 -0.00511797 
-0.000185575 0.000275599 -0.00524193 6.33461e-05 0.000323478 -0.00524998 3.96577e-05 0.000330944 -0.00515507 
0.000223921 0.000242373 -0.0051118 0.000138373 0.000306793 -0.00517354 -0.000214079 -0.000248489 -0.00508496 
-9.47523e-05 -0.000318154 -0.00497927 3.41713e-05 -0.000330048 -0.00495262 -6.20877e-05 -0.00033208 -0.00507468 
4.82406e-05 -0.000328377 -0.00505151 0.000186043 -0.000275414 -0.00504061 0.000125482 -0.000304348 -0.00497788 
0.00023469 -0.000235388 -0.00497165 -0.000299981 -0.000149469 -0.00497083 -0.000299984 -0.000144492 -0.00506898 
-0.000181447 -0.00013085 -0.00506787 -5.46473e-05 -0.000189263 -0.00516156 -3.09845e-06 -6.60154e-05 -0.00513491 
-4.41538e-05 -0.000187986 -0.00505998 0.000153151 -0.00018896 -0.00516287 7.83742e-05 -0.000157729 -0.00508936 
0.000277801 -0.000174986 -0.0050207 -0.000331857 -8.36009e-06 -0.00502851 1.31869e-05 1.78197e-05 -0.00519051 
-8.73605e-05 2.96058e-07 -0.00514096 0.000219733 -6.96987e-05 -0.0051879 0.000132097 -7.50802e-05 -0.00510821 
0.000174793 4.81094e-05 -0.00506008 0.000331165 2.81098e-05 -0.00501201 -0.000268559 0.000196085 -0.0049801 
-0.000300754 0.000136602 -0.00508478 -0.000167225 9.55527e-05 -0.00508234 -3.13804e-05 0.000113579 -0.00517619 
-5.0386e-05 0.000157403 -0.00507371 9.02261e-05 0.000176978 -0.00513955 0.000287517 0.000164698 -0.00505806 
0.000306391 0.00013656 -0.00496845 -0.000231053 0.000238061 -0.00505817 -0.000153847 0.00029421 -0.00497905 
-4.97196e-05 0.000332537 -0.00499475 5.20615e-05 0.000327815 -0.0050571 0.000109452 0.000311292 -0.00497901 
0.000155147 0.000292266 -0.00508178 0.000231659 0.000234253 -0.00497216 -0.000205402 -0.00026055 -0.00494479 
-0.000212622 -0.000254741 -0.00482214 -8.82398e-05 -0.000318728 -0.00488559 6.55554e-05 -0.000324593 -0.00485331 
0.000192071 -0.000271325 -0.0048898 -0.000263218 -0.000197788 -0.00489892 -0.000126282 -0.00015024 -0.00497819 
-0.000190856 -7.48677e-05 -0.0049162 6.52655e-05 -0.000215941 -0.00499215 1.72269e-05 -8.16668e-05 -0.00503694 
0.000294052 -0.00015383 -0.00492875 0.000286407 -0.000163993 -0.0048013 -0.00032543 -5.90848e-05 -0.00490272 
-0.000323411 5.57177e-05 -0.00480333 -0.000194672 -8.00877e-06 -0.00501665 -5.12652e-05 -5.74556e-05 -0.00496111 
-0.000152673 2.94233e-05 -0.00492796 0.000240804 -4.21958e-05 -0.00499394 0.000111226 -4.2922e-05 -0.00500072 
0.00032561 4.96893e-05 -0.00485153 0.000327501 -5.39634e-05 -0.00481371 0.00033044 -3.05584e-05 -0.00492936 
-0.000320636 8.21844e-05 -0.00494218 -0.000303038 0.000135301 -0.00485687 -0.000259208 0.000213188 -0.00487966 
-0.000126204 0.000138378 -0.00489366 3.40632e-05 0.000127395 -0.00499664 0.000149519 0.000160727 -0.00498472 
0.000134612 5.60489e-05 -0.00493847 0.000283718 0.000166201 -0.00483453 -0.000171022 0.000280044 -0.00485573 
-9.05262e-05 0.000317542 -0.00489669 1.93881e-05 0.0002259 -0.00497216 5.83507e-05 0.000326572 -0.00489493 
0.000181615 0.000277339 -0.00488567 0.000118494 0.000308146 -0.00481185 -0.000198001 -0.000266333 -0.00472391 
-0.000119175 -0.000310685 -0.00478708 -0.000115947 -0.00031194 -0.00466711 5.63616e-05 -0.000324633 -0.00471465 
-4.28682e-05 -0.000329092 -0.00472529 0.000173931 -0.000286576 -0.00477142 0.000236753 -0.00023736 -0.00472223 
-0.000320631 -8.47645e-05 -0.00479236 -0.000273034 -0.000186842 -0.00468544 -0.000273629 -0.000185893 -0.00478722 
-0.000121007 -0.000132703 -0.0048638 -0.000176394 -0.000139955 -0.0047264 -4.33769e-06 -0.000197226 -0.00476097 
-4.07083e-05 -9.2424e-05 -0.00478573 7.45058e-05 -0.000215201 -0.00484458 5.96657e-05 -9.0112e-05 -0.00476865 
0.000107966 -0.00019426 -0.00472158 0.000286676 -0.000162875 -0.00470315 -0.000330467 -3.54878e-05 -0.00470804 
-0.000224628 -7.33867e-06 -0.00482077 -0.000115226 -3.11638e-05 -0.00472627 -7.63315e-05 7.4163e-05 -0.00475979 
3.83779e-05 -3.98844e-05 -0.0049076 -6.37769e-05 2.02468e-06 -0.00484606 0.000185391 -5.33493e-05 -0.00490231 
0.000218239 5.55987e-05 -0.00478452 0.000329148 -4.02427e-05 -0.00471777 0.000328512 3.88737e-05 -0.00473645 
-0.000293519 0.000148002 -0.00474645 -0.000239743 0.000229507 -0.00476846 -0.000194843 0.000103488 -0.00481355 
1.38319e-06 0.000149069 -0.00485406 0.000146132 0.000174561 -0.00488468 0.000119773 9.38155e-05 -0.00481491 
0.000315601 9.0181e-05 -0.00466182 0.000280943 0.000169257 -0.00473734 -0.000233897 0.000235445 -0.00466774 
-0.000168655 0.000281465 -0.00475617 -2.1938e-05 0.00032796 -0.00474526 4.93354e-05 0.000324969 -0.00464665 
0.000227757 0.000235057 -0.0046557 0.000144194 0.000303744 -0.0046548 0.000225738 0.000242077 -0.0047684 
-8.72153e-05 -0.000319321 -0.00457112 -0.000165158 -0.000284114 -0.00459688 4.51358e-05 -0.000328769 -0.00461541 
0.000161076 -0.0002911 -0.004616 0.000236623 -0.000232138 -0.00462237 -0.000317856 -0.000111707 -0.00464456 
-0.0003015 -0.000142473 -0.00454198 -0.000252871 -0.000221878 -0.00458458 -0.000126889 -0.000189556 -0.00463438 
2.36345e-05 -0.000187959 -0.0046468 0.000319736 -0.000103942 -0.00451817 0.000266443 -0.000198361 -0.00452758 
0.000318826 -9.10997e-05 -0.00463237 -0.000331342 -1.84647e-05 -0.00460975 -0.000237423 -5.56304e-05 -0.00461356 
-6.50883e-05 5.6781e-05 -0.00459519 -0.000182742 5.92688e-05 -0.00455744 -5.64265e-05 -8.44427e-05 -0.00465621 
7.19493e-05 5.63564e-05 -0.00472041 4.57344e-05 -5.71916e-05 -0.00463423 0.000147248 -2.1567e-05 -0.00472172 
0.00033056 3.24952e-05 -0.00458343 -0.000320906 8.05461e-05 -0.00453816 -0.000268054 0.000196681 -0.00458248 
-0.000320543 8.21518e-05 -0.00463622 -1.98282e-05 0.000167695 -0.00471497 -6.34414e-05 0.000202569 -0.00459539 
0.000181011 0.000104407 -0.00469344 9.25278e-05 0.000202628 -0.00464136 0.000288838 0.000160051 -0.00451737 
-0.000139636 0.000305865 -0.00464149 -0.000197942 0.000271 -0.00457043 -4.61253e-05 0.000332639 -0.0046096 
-3.9913e-05 0.000331834 -0.00451106 6.67791e-05 0.000322824 -0.0045467 0.000219628 0.000244836 -0.00455314 
-0.000162009 -0.000287396 -0.0044349 -3.56671e-05 -0.000329239 -0.00445344 3.70778e-05 -0.000329672 -0.00438509 
0.000184296 -0.000276198 -0.00437061 0.000142338 -0.000297918 -0.00447308 -0.000239846 -0.000229569 -0.00448096 
-0.000321864 -7.97384e-05 -0.00436213 -0.000300069 -0.000146582 -0.00443316 -0.000251837 -0.00022338 -0.00437282 
-0.000177129 -0.000104931 -0.00454074 -4.47398e-05 -8.48097e-05 -0.00447629 -0.000126229 -0.000160292 -0.00445339 
-3.41476e-05 -0.000162217 -0.00455122 9.38317e-05 -0.000198974 -0.00451407 0.000180564 -7.32017e-05 -0.00455139 
0.000301796 -0.000135777 -0.0044198 -0.000331378 -1.8362e-05 -0.0044404 -0.000211605 -2.06191e-05 -0.00449872 
7.13658e-06 -1.98708e-05 -0.00453332 0.000112338 7.04042e-05 -0.00445858 0.000331217 -2.8006e-05 -0.00445671 
0.00032896 -3.67339e-05 -0.00436206 0.000209097 2.3225e-05 -0.00450452 -0.000314394 9.6951e-05 -0.00439282 
-0.000288369 0.000157656 -0.00449273 -0.000261803 0.000200628 -0.00441835 -0.000100054 6.54946e-05 -0.00449698 
6.39078e-06 0.00010886 -0.00451637 0.000246811 0.000212955 -0.00438956 0.000319638 8.82532e-05 -0.0044225 
-0.00019213 0.000270959 -0.0044727 -0.000106566 0.000311225 -0.00443228 -0.000180706 0.000278983 -0.00437754 
-1.14299e-05 0.000327854 -0.00440821 0.000161632 0.000285704 -0.00446892 0.000137722 0.000305995 -0.00436853 
-0.0001425 -0.000299509 -0.00433789 -9.57411e-05 -0.000317829 -0.00421737 5.02128e-05 -0.00032409 -0.00421225 
-4.83931e-05 -0.000328541 -0.00430233 0.000185259 -0.000275696 -0.00427181 -0.000273029 -0.000186712 -0.00425274 
-0.000111323 -0.000151677 -0.00435438 7.67642e-05 -0.000227049 -0.00437724 -3.24552e-05 -0.000235462 -0.00439732 
5.18403e-06 -9.28865e-05 -0.00438277 0.000205903 -5.98404e-05 -0.00442897 0.000110881 -0.000121993 -0.0043061 
0.000272142 -0.000193376 -0.0043141 0.000316409 -9.24525e-05 -0.0042558 -0.000331593 -1.68966e-05 -0.00426725 
-0.000239947 -4.9407e-06 -0.00435597 -0.000137274 -1.46093e-05 -0.00441142 2.17945e-05 2.452e-05 -0.00436541 
0.000121002 3.49989e-06 -0.0043327 0.000329628 3.08426e-05 -0.00430296 0.000213349 5.26136e-05 -0.00431455 
-0.00026628 0.000198757 -0.00432353 -0.000320843 7.88251e-05 -0.00428477 -0.000286937 0.00015955 -0.00420314 
-0.000176453 0.00012494 -0.00435781 -4.22048e-05 0.000121769 -0.00442999 0.000205915 7.98556e-05 -0.00441248 
0.000269923 0.000183309 -0.0042625 -0.000156958 0.000289909 -0.00428632 -6.45873e-05 0.000321975 -0.00421991 
3.42968e-06 0.000332147 -0.00430942 0.000181123 0.000279144 -0.00420222 0.000202652 0.000268094 -0.00430291 
0.000119333 0.000306872 -0.00426987 -0.000196445 -0.000267677 -0.0040855 -9.40937e-05 -0.000317897 -0.00411455 
-0.00021568 -0.000247074 -0.00418634 2.81573e-05 -0.000330636 -0.00406931 0.000108604 -0.000309564 -0.00412455 
0.000192457 -0.000271672 -0.00415971 -0.000271097 -0.000188753 -0.00406492 -0.000321496 -8.13569e-05 -0.00418823 
-8.22355e-05 -0.000129657 -0.00425095 -0.000200044 -7.27442e-05 -0.00420544 -1.62121e-05 -8.53632e-05 -0.00416654 
0.00015913 -0.000110304 -0.00413143 0.000273274 -0.00018543 -0.00405812 0.000307389 -0.000114873 -0.00413175 
-0.000324121 -7.03776e-05 -0.00407394 -0.000329778 2.54222e-05 -0.00404703 4.53847e-05 -1.87914e-05 -0.00426831 
-9.5527e-05 2.13491e-05 -0.00432729 0.000127247 -3.09299e-05 -0.00420797 0.000332645 8.31784e-06 -0.00415969 
0.000328557 3.57618e-05 -0.00405357 0.000331897 -6.28762e-05 -0.00405237 -0.000318484 8.80972e-05 -0.00411785 
-0.000267652 0.000197525 -0.00404854 -0.000101184 0.000120192 -0.00422427 7.17463e-06 0.0001395 -0.00432701 
3.61217e-05 0.000178421 -0.00422496 0.00016713 0.000147362 -0.00429509 0.000288032 0.000164924 -0.00408199 
0.000315554 0.000102271 -0.00417781 0.000237326 0.000227247 -0.0041738 -0.000181639 0.000278179 -0.00406897 
-0.000167079 0.000282335 -0.00417935 6.00193e-05 0.000326181 -0.00418957 6.69182e-05 0.000322658 -0.0040542 
-6.61032e-05 0.000321604 -0.00412021 0.000181143 0.000276918 -0.00404935 -0.000208545 -0.000257981 -0.00393202 
-0.000101569 -0.000316042 -0.00401488 7.3367e-05 -0.000325728 -0.00395988 -2.4274e-05 -0.000328391 -0.00397803 
0.000151444 -0.000292145 -0.00402152 0.000139839 -0.000299813 -0.00389547 -0.000271105 -0.000188772 -0.00396785 
-0.000303206 -0.000133604 -0.00390276 -7.56163e-05 -0.000183938 -0.00404196 2.1495e-05 -0.00016185 -0.00406544 
0.000111237 -7.51182e-05 -0.0039824 0.000308477 -0.000111517 -0.00396608 -0.000325865 -5.57859e-05 -0.0039694 
-0.000211801 -1.31323e-05 -0.00407775 6.65347e-05 5.16424e-05 -0.00417065 0.000165374 9.59765e-06 -0.00401248 
0.000329845 3.06812e-05 -0.00391008 -0.000319446 8.61506e-05 -0.00397301 -0.00027814 0.000186755 -0.0039468 
-0.000109727 0.000192187 -0.0040441 6.13796e-05 0.00017733 -0.00408663 0.000178061 0.000158044 -0.00404223 
0.000274919 0.000182231 -0.00392245 0.0003045 0.000112952 -0.00399056 -9.90143e-05 0.000314903 -0.00402832 
-0.000197729 0.000270729 -0.003946 5.67843e-05 0.000326935 -0.003933 -4.10619e-05 0.000332689 -0.00395062 
0.000215109 0.000248854 -0.00395051 -0.000212274 -0.000254972 -0.0038113 -9.72757e-05 -0.000317361 -0.00386977 
4.04679e-05 -0.000329285 -0.0038593 -6.4419e-05 -0.000330739 -0.00376986 0.000187555 -0.000275305 -0.00376223 
0.000118448 -0.000307081 -0.00380082 0.000234483 -0.000239983 -0.0038896 -0.000319739 -8.89414e-05 -0.00381615 
-0.000276356 -0.000178651 -0.0038178 -0.000138423 -6.76483e-05 -0.00398282 -0.00013018 -0.000198782 -0.00388101 
4.27179e-05 -0.000226768 -0.00392542 -1.37267e-05 -0.000119638 -0.00394803 9.8338e-05 -8.10102e-05 -0.00385939 
0.000283067 -0.000167223 -0.00375782 0.000298424 -0.000156716 -0.00385808 -0.000331656 -1.13679e-05 -0.00387802 
-0.000327163 5.52366e-05 -0.00380152 -0.000189658 1.06034e-06 -0.00384229 -0.000112154 2.06255e-05 -0.00393925 
-1.42216e-05 -2.4131e-05 -0.00401357 0.000329225 2.6919e-05 -0.00374992 0.000330688 -6.4044e-05 -0.00377345 
0.000328186 -4.04375e-05 -0.00387027 -0.000308011 0.000130172 -0.00387065 -0.000181496 0.000149058 -0.00398342 
-6.80964e-05 0.000150064 -0.00385022 -2.97739e-05 0.000139876 -0.00399835 7.52369e-05 0.000126982 -0.00394022 
0.000278892 0.000171758 -0.0038091 -0.000232426 0.000234832 -0.00379324 -0.000136874 0.00030245 -0.00387343 
-1.96569e-06 0.000332148 -0.00375732 7.63701e-05 0.000322317 -0.00382716 -4.06205e-05 0.000332638 -0.00384977 
0.000178004 0.000276975 -0.00386434 0.000145477 0.000303201 -0.00375504 -0.000164742 -0.000289017 -0.00360426 
-0.00013397 -0.000304115 -0.00369805 4.7167e-05 -0.000324552 -0.00362763 3.83481e-05 -0.00032951 -0.00372698 
-8.35702e-05 -0.000135128 -0.00373723 0.000190924 -0.000271854 -0.00359399 0.000130844 -0.000303654 -0.00367665 
-0.000314169 -0.000113607 -0.00370041 -0.000300653 -0.000146597 -0.00360537 -0.000268228 -0.000191599 -0.00370002 
2.29578e-05 -0.00013774 -0.00372032 0.000316693 -9.25494e-05 -0.00360713 0.000247647 -0.000219218 -0.00364869 
-0.000331673 -3.73944e-05 -0.00361205 -0.000331829 -6.44694e-06 -0.00372263 -0.000121608 -7.71037e-05 -0.00381242 
-0.000189877 0.000106945 -0.00376121 -8.49125e-05 4.04049e-05 -0.00384361 2.64002e-05 8.56327e-06 -0.00380681 
-1.94934e-05 8.34956e-05 -0.00374953 0.000204176 5.5114e-05 -0.00386694 0.00012109 4.33664e-05 -0.00365624 
0.000219696 4.0055e-05 -0.00371416 -0.000289626 0.000154845 -0.00371166 -0.000300041 0.000140366 -0.00361131 
-0.000248668 0.000227077 -0.00361478 7.31584e-05 0.000130862 -0.00378437 8.97523e-06 0.00019932 -0.00373294 
0.000151837 0.000163226 -0.00372704 0.000284243 0.000165958 -0.00369516 0.000319082 8.53602e-05 -0.00367598 
-0.000176375 0.000280455 -0.00366808 -0.000113322 0.000308189 -0.00373371 2.64227e-05 0.000333176 -0.00366174 
0.000218487 0.000249796 -0.00362064 0.000228156 0.000241751 -0.00372939 0.000133354 0.000305596 -0.00361593 
-0.000217853 -0.000250408 -0.00352909 -0.000133374 -0.000304497 -0.00351061 -4.91669e-05 -0.000328322 -0.00357195 
4.1099e-05 -0.000329247 -0.00352908 8.71889e-06 -0.000232088 -0.00361297 0.000204174 -0.00026321 -0.00347496 
-0.000301302 -0.000144514 -0.00350718 -0.000147702 -0.000157186 -0.00365947 -0.000201249 -0.000138416 -0.00357742 
-4.21912e-05 -0.000132704 -0.00364024 0.000204071 -0.000126897 -0.00370769 0.000162325 -0.000161455 -0.00362362 
0.000267747 -0.000188411 -0.00353053 0.000316104 -9.59202e-05 -0.00347084 -0.000325356 -5.74936e-05 -0.00349507 
-0.000124217 -5.83874e-05 -0.0036444 7.24369e-06 5.14313e-05 -0.003648 7.87849e-05 -2.12385e-05 -0.00357111 
0.000214724 0.000109416 -0.00349466 0.000328524 -2.97816e-06 -0.00356876 0.00019742 -1.15195e-05 -0.00357679 
-0.000254711 0.000218842 -0.0035051 -0.000320014 7.99466e-05 -0.00350724 -0.000161934 0.000154026 -0.00361397 
-7.22608e-05 0.000150983 -0.00368532 6.86593e-05 0.000105404 -0.00357673 0.000245193 0.000217877 -0.00352116 
0.000317984 9.08212e-05 -0.0035318 -0.000155363 0.000289786 -0.00352713 -7.86309e-05 0.000318647 -0.00358174 
6.28538e-05 0.000322739 -0.00352994 0.000152676 0.00029551 -0.00351137 -0.000147451 -0.000297104 -0.00336006 
-0.000215146 -0.000252833 -0.00341673 -3.16875e-05 -0.000328436 -0.00341942 8.24687e-05 -0.000321871 -0.00343862 
0.000110439 -0.000310627 -0.00333214 0.00023572 -0.000232991 -0.00338466 -0.000316743 -0.000108251 -0.00337894 
-0.000267704 -0.000192037 -0.00332129 -0.000275539 -0.000183431 -0.00342063 -0.000117715 -7.5919e-05 -0.00348832 
2.70698e-05 -0.000220552 -0.00346099 5.69675e-06 -0.000119685 -0.00352639 0.00017589 -0.000155607 -0.00345064 
0.000277471 -0.000175283 -0.00329316 0.00029491 -0.000159534 -0.00338555 -0.000331766 -7.94802e-06 -0.00340883 
-0.000208975 -2.30373e-06 -0.00347624 -6.10517e-05 1.00803e-05 -0.00352868 1.05424e-05 2.43583e-05 -0.00343084 
0.000106572 1.41219e-05 -0.00346302 0.000329435 -3.14849e-05 -0.00329831 0.000331097 -2.95858e-05 -0.00341123 
0.000205038 -2.83539e-05 -0.0034051 -0.000284169 0.000183814 -0.00339661 -0.000148717 0.000103134 -0.00349666 
-0.000191792 0.000127226 -0.00339687 -4.19323e-06 0.000136546 -0.00351337 -3.37345e-05 0.000200083 -0.00344097 
0.000122575 0.000159239 -0.0035098 0.000272602 0.000185685 -0.00335914 0.000315874 9.31695e-05 -0.00331765 
0.000306432 0.000117185 -0.00342993 -0.000215302 0.000247951 -0.0033197 -0.000200415 0.000266242 -0.00343117 
-0.000114616 0.00030768 -0.00339691 7.36742e-05 0.000323586 -0.00340525 -2.28368e-05 0.000329377 -0.00331995 
-2.6581e-05 0.000329779 -0.00343827 9.56051e-05 0.000322668 -0.00330781 0.00022473 0.000241333 -0.00330684 
0.000219924 0.00024795 -0.00341675 -0.000157674 -0.000291769 -0.00315085 -0.000213112 -0.000254384 -0.00322407 
-9.80812e-05 -0.000317085 -0.00322244 1.96455e-05 -0.000331305 -0.00324499 -4.95856e-05 -0.000328331 -0.00314355 
7.06629e-05 -0.000322596 -0.00314283 0.000182228 -0.000273917 -0.00328772 0.000228849 -0.000240152 -0.00320918 
0.000132046 -0.000303413 -0.00321134 -0.000305421 -0.000127566 -0.00314308 -0.000319195 -9.16972e-05 -0.00328083 
-0.000275914 -0.000182731 -0.00322393 -0.000180459 -7.38577e-05 -0.00333075 -8.82043e-05 -0.000167436 -0.00334508 
8.63647e-06 -0.000214631 -0.00325688 6.1778e-05 -0.00010061 -0.00334673 -4.45173e-05 -0.000126837 -0.00323922 
0.000179644 -9.12864e-05 -0.00332796 0.000316942 -9.98786e-05 -0.00315587 0.000273507 -0.000181518 -0.00315327 
-0.000328427 -4.72001e-05 -0.00319243 -0.000225685 -3.50359e-05 -0.0032141 -0.000177792 5.26213e-05 -0.00331643 
-8.95551e-05 2.81036e-05 -0.0032563 7.60409e-05 -1.46811e-06 -0.0032818 0.000328522 3.70007e-05 -0.003236 
-0.000319329 8.69463e-05 -0.00327524 -0.000306709 0.000132779 -0.00317018 -0.00026237 0.00020072 -0.00321718 
-9.62757e-05 0.000162545 -0.00326566 8.96388e-06 0.000125439 -0.00325903 0.000114689 9.09664e-05 -0.00327908 
0.000193394 0.000100022 -0.00335828 0.00010419 0.000200879 -0.00331553 0.000314919 9.77998e-05 -0.00316801 
0.000270638 0.000198899 -0.00319925 -0.000137668 0.000301945 -0.00328731 6.00099e-05 0.000326321 -0.00318503 
-3.55111e-05 0.000332111 -0.0032134 -1.36103e-05 0.000226452 -0.00326241 0.000162336 0.000285373 -0.00321018 
-0.000108721 -0.000314164 -0.0030692 -2.65795e-05 -0.000330365 -0.00304259 0.000176626 -0.000282119 -0.00300587 
8.86027e-05 -0.000319701 -0.00303633 0.000225874 -0.00024287 -0.00309285 -0.000257757 -0.000208878 -0.00312968 
-0.000199136 -0.000110886 -0.00313692 0.000100661 -0.000155833 -0.00326169 2.16786e-05 -0.000147011 -0.0031593 
0.000177726 -0.000116844 -0.00320513 0.000292357 -0.00015905 -0.00305375 -0.000330301 3.33954e-05 -0.00313584 
-0.000331652 -1.07409e-05 -0.0030463 -0.000114358 -4.60817e-05 -0.00319216 -0.000111424 7.78884e-05 -0.00310084 
4.04207e-05 7.44665e-05 -0.00312679 0.000175635 2.23332e-05 -0.00319784 0.000330422 -2.70599e-05 -0.00309093 
-0.000319718 8.45107e-05 -0.00299925 -0.00027613 0.000189574 -0.00309217 -0.00028599 0.000170615 -0.0029955 
-0.000212473 6.85826e-05 -0.00309689 -0.000141404 0.000155509 -0.00316079 -3.12269e-05 0.000169992 -0.00313857 
8.31958e-05 0.000211424 -0.00312938 0.000151825 0.00012045 -0.00311889 0.000316065 9.09634e-05 -0.00304239 
0.000271088 0.000189812 -0.0030358 -0.000162619 0.000284935 -0.00311722 -0.000222993 0.00024172 -0.00301332 
1.03447e-05 0.000332086 -0.00301027 -7.63974e-05 0.000319868 -0.00307193 0.000165444 0.000281448 -0.00305453 
0.000235551 0.000236774 -0.00311625 -0.000175487 -0.000280877 -0.00285997 -9.55047e-05 -0.000317255 -0.00294299 
-2.29572e-05 -0.000331606 -0.00286297 3.54858e-05 -0.000329835 -0.00295245 4.86828e-05 -0.00023152 -0.0029815 
0.000178117 -0.000280525 -0.00286814 -0.000250893 -0.000217937 -0.00298561 -0.00030368 -0.000136021 -0.00297169 
-0.000120306 -0.000201654 -0.00301144 -0.000179347 -0.000123037 -0.00302932 0.000127333 -0.000206206 -0.00308939 
2.46329e-05 -0.000139904 -0.00302867 -3.77297e-05 -0.000177624 -0.00295952 0.000150623 -0.000119143 -0.0030056 
0.00025461 -0.000220489 -0.00285084 0.000248173 -0.000224875 -0.00298251 0.0002921 -0.000157444 -0.00292677 
0.000307744 -0.000128884 -0.00283662 -0.000322761 -6.46868e-05 -0.00291377 -0.000321739 6.47161e-05 -0.00286349 
-0.000167953 -3.17155e-05 -0.00307224 -6.0113e-05 -6.61903e-05 -0.00304498 -0.000234101 -3.40326e-06 -0.00293921 
2.36335e-05 4.74875e-05 -0.00301591 0.000197686 7.73927e-05 -0.00300973 0.000113045 -5.06769e-05 -0.00312066 
0.000336162 1.0835e-05 -0.00298378 0.000327938 -4.29079e-05 -0.00287581 -0.000288935 0.000156177 -0.00289928 
-0.000112808 0.000205609 -0.00307357 3.59321e-05 0.00017308 -0.00294044 -6.22701e-05 0.000121741 -0.00295956 
0.000131707 0.00018887 -0.00302472 0.000266492 0.000205984 -0.00285333 0.000242023 0.000222045 -0.00295016 
0.00031867 8.83813e-05 -0.00291533 -9.18415e-05 0.000317655 -0.00295917 -8.96988e-05 0.000318774 -0.00285783 
-0.00021003 0.000258908 -0.00291362 -5.86409e-06 0.000328103 -0.00290707 0.000105783 0.000314108 -0.00286261 
0.000100736 0.00032064 -0.0029695 -9.5502e-05 -0.000317093 -0.00279613 -0.000161243 -0.000289018 -0.00273015 
-4.38063e-05 -0.000328223 -0.00271263 6.01769e-05 -0.000323289 -0.0027753 0.000135888 -0.000301767 -0.00271636 
0.000228603 -0.000239934 -0.00269576 -0.000304209 -0.000131008 -0.00274016 -0.000272193 -0.000186741 -0.0028061 
-0.000143673 -0.000186832 -0.00290928 -2.8321e-05 -6.68854e-05 -0.00285997 0.000107888 -7.8269e-05 -0.00290222 
0.000124254 -0.000188005 -0.00290167 0.000187917 -0.000125218 -0.00284833 0.000301375 -0.000141392 -0.00269489 
-0.000331465 -1.91918e-05 -0.00281098 -6.8498e-05 2.01106e-05 -0.00290691 -0.00011272 6.10883e-06 -0.00279085 
8.08927e-05 9.16475e-05 -0.00289671 3.61411e-05 4.55614e-05 -0.00280812 7.03558e-05 -6.21441e-05 -0.00277753 
0.000215938 -3.09164e-05 -0.00288163 0.000204588 7.86337e-05 -0.00277282 0.00033639 -9.34709e-06 -0.00278177 
-0.000318998 8.12759e-05 -0.0027116 -0.000282867 0.000166637 -0.00269574 -0.000293942 0.000148915 -0.00280044 
-0.000159181 0.000163839 -0.00276619 2.32122e-05 0.000184671 -0.00283801 0.000205069 0.000115211 -0.00287736 
0.000317724 9.50582e-05 -0.00277712 0.000298214 0.000145854 -0.00269331 0.000236237 0.00022993 -0.00274064 
-0.000116702 0.00031156 -0.00273889 -0.000226908 0.000239006 -0.00279545 -1.34056e-05 0.000327796 -0.00277481 
0.000169834 0.00028127 -0.00278694 7.85201e-05 0.000321783 -0.00273892 -0.000201408 -0.000263939 -0.00264218 
-0.000141029 -0.000300645 -0.00255587 -0.000101857 -0.000316118 -0.00264649 4.62505e-05 -0.000324815 -0.00267835 
-3.30464e-05 -0.000329046 -0.00258778 0.000215726 -0.000252784 -0.00258781 0.000111988 -0.00030848 -0.0026095 
-0.000321407 -8.06824e-05 -0.00265719 -0.000304439 -0.000131252 -0.00255168 -0.000275554 -0.000182921 -0.00264511 
-0.000243861 -0.000229478 -0.00254891 -0.000221312 -7.18682e-05 -0.00273178 -0.000149067 -0.000179718 -0.00266356 
3.85686e-05 -0.000168179 -0.00270837 0.000287509 -0.000162414 -0.00254047 -0.000331951 -5.83924e-07 -0.00257681 
-0.000178135 9.02878e-06 -0.00263351 -0.000122843 -6.02543e-05 -0.00270741 -2.48207e-05 7.82986e-05 -0.0027143 
-2.91699e-05 -5.20374e-05 -0.0027591 0.000127792 1.8007e-05 -0.00274081 0.000208572 -6.50415e-05 -0.00272165 
0.000327288 -5.30598e-05 -0.00258365 0.000331366 -1.71951e-05 -0.0026825 0.000330372 6.57902e-05 -0.00261807 
-0.000253922 0.000212014 -0.00257597 -0.000318322 9.0587e-05 -0.00261179 -0.000142997 0.000110342 -0.00266633 
-5.33533e-05 0.000199354 -0.00273461 7.6823e-05 0.000104445 -0.00270207 0.000114129 0.000209325 -0.00255255 
0.00020924 0.000117219 -0.00261876 0.000237598 0.000227829 -0.00264223 0.000295366 0.000145556 -0.00255688 
-0.000137254 0.000302012 -0.00260546 -0.000210516 0.000253125 -0.00268313 -4.51822e-05 0.00033336 -0.00256152 
5.02648e-05 0.000325176 -0.00261587 -4.25016e-05 0.000333364 -0.00266403 0.000135892 0.000305154 -0.00258309 
0.000170636 0.000279786 -0.00267237 -0.000193054 -0.000267976 -0.00246924 -0.00010271 -0.000315423 -0.00239208 
-2.54682e-05 -0.000328315 -0.00244682 0.000104917 -0.000313343 -0.0024692 0.000178468 -0.00028027 -0.00243236 
0.000234418 -0.000230974 -0.00248135 -0.000277306 -0.000180285 -0.00243962 -9.8952e-05 -0.000207571 -0.00257577 
-0.000122192 -0.000125868 -0.00251718 2.02183e-05 -9.7424e-05 -0.00262944 3.17283e-05 -0.000221395 -0.00260288 
7.22867e-06 -0.000168297 -0.00251913 -1.34711e-05 -9.69477e-05 -0.00242616 0.000131699 -0.000123095 -0.00246283 
0.000311748 -0.000103107 -0.00241436 -0.000333064 -4.14532e-05 -0.00245076 -3.11773e-05 -1.3411e-07 -0.00262786 
-1.1376e-06 3.84298e-05 -0.00253954 0.000146171 -5.48189e-05 -0.00261136 0.000328226 3.75866e-05 -0.0025225 
0.00032856 -6.99676e-06 -0.00242647 -0.000303436 0.000138342 -0.00238427 -0.000317947 9.10734e-05 -0.0024814 
-0.000270511 0.000194307 -0.00246638 -8.36226e-05 0.000154769 -0.00258194 -0.000151557 0.000184485 -0.00251406 
0.00024032 0.000228094 -0.00248531 0.000303322 0.000139818 -0.00241636 -8.25629e-05 0.000319514 -0.00244916 
-0.000205945 0.000264824 -0.00241994 -0.000191578 0.000276398 -0.00253119 6.02944e-05 0.000322582 -0.00247741 
0.000139069 0.000304332 -0.00241574 0.00018067 0.000275361 -0.002513 -0.000201954 -0.000262957 -0.00232294 
-6.94343e-05 -0.00032982 -0.00230012 3.1811e-05 -0.000330164 -0.0023649 0.00017507 -0.00028336 -0.00232939 
0.000105093 -0.000310733 -0.00226495 0.000238245 -0.000231994 -0.0023773 -0.000303394 -0.00013946 -0.00234901 
-0.000149199 -4.84506e-05 -0.00238119 -4.42213e-06 -0.000225661 -0.00242727 0.0001781 -7.18395e-05 -0.00238765 
0.000269317 -0.000193331 -0.0022807 -0.000331775 -8.63573e-06 -0.00230065 8.77157e-05 -1.60311e-05 -0.00249478 
0.000204778 4.39038e-05 -0.00235445 0.000324779 -7.11145e-05 -0.00231826 -0.000312922 0.000123818 -0.00227568 
-0.00019504 7.46015e-05 -0.00235496 -1.19282e-05 0.000150668 -0.0023934 0.000122518 0.000119206 -0.00242423 
0.000118711 0.000137738 -0.00230365 0.000247163 0.000210569 -0.00238335 0.000283204 0.000170435 -0.00229496 
0.000322566 7.89166e-05 -0.00233967 -0.000222569 0.000246084 -0.00232327 -8.31932e-05 0.00031951 -0.00233286 
-0.00017545 0.00028208 -0.00224288 -2.54462e-05 0.000330707 -0.00224388 5.43805e-05 0.000324205 -0.00237289 
0.000177456 0.000277588 -0.00230867 8.35536e-05 0.000321435 -0.00225732 -0.000202426 -0.000263044 -0.00208628 
-0.00010015 -0.000315984 -0.00220739 -0.000219124 -0.000249193 -0.0022261 -2.07122e-05 -0.000327254 -0.00212202 
5.04753e-07 -0.000336574 -0.00222621 0.000228737 -0.000239878 -0.0021049 0.000177277 -0.00028074 -0.00219287 
0.000110825 -0.000305552 -0.00212042 -0.000277586 -0.000179791 -0.00215973 -0.000318435 -9.58758e-05 -0.00212391 
-0.000110338 -0.00021069 -0.00226147 -8.19309e-06 -0.000216589 -0.0022943 9.45804e-05 -0.000191784 -0.00223975 
0.000128223 -0.000181057 -0.00235089 0.000309309 -0.000116579 -0.00215724 -0.000322094 -7.014e-05 -0.00222263 
-0.000329431 1.29898e-05 -0.00209073 -0.000199842 -2.64828e-05 -0.00227517 -9.98347e-05 -1.8107e-05 -0.00228008 
-9.79209e-05 4.99912e-05 -0.00235749 3.26417e-05 4.06008e-05 -0.00232737 0.000331777 2.32345e-05 -0.00209593 
0.000332579 -2.65079e-05 -0.00222911 -0.000318974 8.72563e-05 -0.00218096 -0.000251474 0.000216047 -0.00221745 
0.000209623 0.000110001 -0.00218223 0.000114994 0.000196186 -0.00220978 0.000315606 0.00010174 -0.00217094 
0.000260894 0.000211737 -0.00218202 0.00029406 0.000153611 -0.00208827 -0.000219811 0.000248758 -0.00210154 
-0.000112192 0.000313011 -0.00216487 -2.25667e-06 0.000328071 -0.00213972 0.000129925 0.000305685 -0.00211354 
0.000181955 0.00027576 -0.00220913 -9.92455e-05 -0.000316347 -0.00203277 -0.000225531 -0.000236135 -0.00197782 
4.47567e-05 -0.000324878 -0.00204132 4.33404e-05 -0.000325062 -0.00194183 0.000172152 -0.000285586 -0.00204329 
-0.00030549 -0.000130211 -0.00201582 -0.00018291 -0.000139919 -0.0021392 -9.0275e-05 -0.000198829 -0.00207802 
2.97723e-05 -0.000229883 -0.002116 0.000182455 -0.000117043 -0.00214641 0.000295991 -0.000150105 -0.00206399 
0.000243769 -0.000228645 -0.00199269 0.000310464 -0.000107447 -0.0019678 -0.000332086 -6.44349e-07 -0.00199102 
-0.000216104 6.32736e-05 -0.00210196 -6.81406e-05 8.51164e-06 -0.00214152 3.43549e-05 7.89825e-06 -0.00214337 
0.000200767 5.55377e-05 -0.00207967 0.000331276 -2.81124e-05 -0.00200157 0.000319837 7.60423e-05 -0.00197617 
-0.000290836 0.000153807 -0.00206965 -0.000265655 0.000198502 -0.00195985 -0.000316706 9.43727e-05 -0.00199656 
4.05008e-05 0.000104102 -0.00209331 -4.39115e-05 0.000176085 -0.00203866 0.000284967 0.000163057 -0.0019738 
-8.90684e-05 0.000319286 -0.0019419 -0.000160205 0.000286263 -0.00203541 6.44854e-05 0.000322148 -0.00193579 
-3.52353e-05 0.00033315 -0.00202552 6.75289e-05 0.000321942 -0.00203946 0.000144703 0.000303035 -0.00198316 
0.000222046 0.000246887 -0.00201253 -0.00015885 -0.000289271 -0.00187904 -0.000127541 -0.000307235 -0.00178118 
-7.13093e-05 -0.000325054 -0.00192591 -1.41764e-05 -0.000328487 -0.00181245 0.000103375 -0.000311312 -0.00186319 
0.000175195 -0.000282452 -0.00192556 -0.000320551 -8.76528e-05 -0.00192863 -0.000278356 -0.000178458 -0.00183094 
-0.000279425 -0.000175765 -0.00192858 -2.66489e-05 -0.000206565 -0.0019286 -1.75377e-05 -0.000127789 -0.00205168 
0.000144636 -0.000189073 -0.00205187 0.000321704 -8.17348e-05 -0.00187195 0.000282895 -0.000168069 -0.00181865 
-0.000322069 -7.47902e-05 -0.00182517 -0.000332043 1.51564e-06 -0.00189231 -9.32957e-05 -5.76306e-05 -0.00198662 
-0.000228025 -1.52626e-05 -0.00195992 -0.00012527 2.82155e-05 -0.00194351 2.04335e-06 7.43439e-05 -0.00200301 
0.000103019 -8.32575e-05 -0.00193839 0.000193998 -3.43452e-05 -0.00194427 0.000326138 2.08397e-05 -0.00190271 
0.00033403 2.18719e-05 -0.00180923 -0.000320491 7.83976e-05 -0.00181036 -0.000309678 0.000110044 -0.00189939 
-0.000195263 9.16619e-05 -0.00197944 5.20346e-05 9.50167e-06 -0.00189566 8.64534e-05 0.000121606 -0.00195658 
8.4552e-05 0.000169505 -0.00185005 0.000178081 0.00013745 -0.0019203 0.000250727 0.000219156 -0.00189152 
0.000308552 0.000118254 -0.00188881 -9.07902e-05 0.000317478 -0.00184397 -0.000200064 0.000269116 -0.00190648 
4.69859e-05 0.000327049 -0.00181191 -4.26304e-05 0.000224223 -0.00193548 0.000168245 0.000282096 -0.00182211 
-0.000211978 -0.00025522 -0.0017195 -4.50809e-05 -0.000328319 -0.00172497 -1.9069e-05 -0.000330699 -0.00163505 
-2.13643e-05 -0.000221714 -0.00172332 0.000121446 -0.000307391 -0.00169856 0.000225851 -0.000241829 -0.00176358 
-0.000277488 -0.000179943 -0.00171556 -0.000128717 -0.000165616 -0.0019025 3.01587e-05 -0.000137094 -0.00186547 
0.000320555 -8.54571e-05 -0.00177206 0.000265841 -0.000196946 -0.00168007 -0.000331787 -1.08436e-05 -0.0017492 
-0.000332444 3.08646e-05 -0.00164503 -0.00018878 -1.63731e-05 -0.0018013 -0.000100346 7.54913e-05 -0.00183864 
-4.55892e-05 -3.2407e-05 -0.00189008 -8.11783e-05 -3.08377e-05 -0.0017944 2.00883e-05 8.65888e-06 -0.00176017 
6.65187e-05 -8.53175e-05 -0.00174716 0.000131805 -4.15246e-05 -0.00184048 0.000331597 -2.7252e-05 -0.00165249 
0.000323839 7.47065e-05 -0.00168806 -0.000263132 0.000200452 -0.00177406 -0.00031184 0.000125975 -0.00172468 
-0.000253657 0.000212122 -0.00167666 -0.000194418 0.00011783 -0.00176524 -1.17592e-05 0.000130195 -0.00184981 
0.0001711 0.000136057 -0.00179286 0.000298574 0.000139938 -0.00177495 0.000270871 0.00019169 -0.00169283 
-8.68122e-05 0.000319812 -0.00174512 -0.000176187 0.000281825 -0.0017413 -0.00013358 0.000308244 -0.00165773 
2.48038e-06 0.000332293 -0.00171284 2.81648e-06 0.000198741 -0.0017536 0.000146002 0.000302509 -0.00171848 
0.000231769 0.000236016 -0.00177117 -0.000159487 -0.000289934 -0.0016252 -0.000101813 -0.000315499 -0.00155698 
-0.000221126 -0.000242186 -0.00148106 0.000171127 -0.000282551 -0.00161885 0.000102601 -0.000311837 -0.00154616 
-0.000258736 -0.000215442 -0.00156856 -0.000303223 -0.00014261 -0.00162704 -0.000321855 -9.95926e-05 -0.00149722 
-4.10413e-05 -0.000146432 -0.00159379 6.84667e-05 -0.000196915 -0.00164301 -2.38825e-05 -0.000100212 -0.00168745 
0.00030813 -0.000123816 -0.00162913 0.000270516 -0.000194735 -0.00155711 -0.000332023 1.52143e-06 -0.00150651 
-0.000201037 2.72884e-05 -0.00170683 -0.000116963 -1.98212e-06 -0.00161425 -7.35491e-05 8.57881e-05 -0.00165189 
1.62405e-05 -4.49375e-05 -0.00159154 4.96827e-05 5.92748e-05 -0.00164903 0.000187818 -3.39211e-05 -0.00172099 
0.000330194 -3.21063e-05 -0.00153489 -0.000299724 0.000143768 -0.00162367 -0.000252491 0.000213885 -0.00150738 
-0.000318352 9.03351e-05 -0.001549 -0.000179399 0.000116409 -0.00160476 -7.87737e-05 0.00017932 -0.00168841 
-5.20271e-05 0.000106252 -0.00175528 0.00017157 0.000132224 -0.00166464 0.000308329 0.000121916 -0.00160256 
0.000280865 0.000176244 -0.00152369 -0.000208093 0.000260168 -0.00157714 -0.000171731 0.000284327 -0.00148764 
-8.88424e-05 0.000319652 -0.00153586 -4.24986e-05 0.000333707 -0.00162293 -8.06626e-06 0.000327886 -0.00149786 
0.000177397 0.000277713 -0.00156551 7.71167e-05 0.000321276 -0.00157042 0.000233799 0.000233553 -0.00161672 
-0.00020533 -0.00026146 -0.00138738 -0.000104005 -0.000314848 -0.00136134 -0.000141722 -0.000300578 -0.00145858 
-4.75038e-05 -0.000328426 -0.00147616 2.73587e-05 -0.000330613 -0.00135571 4.56319e-05 -0.000324871 -0.00145366 
0.000134839 -0.000301191 -0.00144317 0.000136029 -0.000298715 -0.00134089 0.000222979 -0.00024631 -0.00147422 
0.000219656 -0.000248677 -0.00136704 -0.000280423 -0.000174039 -0.00139681 -0.000109492 -0.000152478 -0.00152129 
-2.24125e-05 -0.000184629 -0.00145097 7.66075e-05 -0.000152732 -0.00146643 0.000211272 -0.000106979 -0.00150171 
0.000165118 -9.50528e-05 -0.00141366 0.000319662 -8.82261e-05 -0.00142515 0.00028205 -0.000172926 -0.00138765 
-0.000323557 -7.31151e-05 -0.00138948 -0.000329259 4.62168e-05 -0.00134303 -0.00020677 -3.21472e-05 -0.00153184 
-0.000182791 -8.97253e-05 -0.00144399 -0.00011405 5.34062e-05 -0.00152625 -0.000224529 4.66646e-05 -0.00141975 
-4.58795e-05 -4.19399e-05 -0.00144495 -4.40784e-05 6.38399e-05 -0.00144085 0.000227328 4.07896e-06 -0.00147793 
0.000331316 1.7641e-05 -0.00144839 -0.000250362 0.000217031 -0.00140064 -0.000313189 0.000101884 -0.00141786 
-0.000166692 0.000159964 -0.00148898 6.20285e-05 0.000217234 -0.00153092 -6.2137e-05 0.000156162 -0.00156932 
-5.69559e-06 0.000194034 -0.00142597 6.00311e-05 0.00010814 -0.00151839 0.000302861 0.000130896 -0.00140589 
-8.69572e-05 0.00031937 -0.00143541 -0.000168777 0.000286091 -0.00138809 -3.73207e-07 0.000328118 -0.00139617 
0.000226391 0.000242773 -0.00135718 8.48037e-05 0.000320977 -0.00132986 0.000131173 0.000305936 -0.00143715 
0.000222802 0.000252364 -0.00147393 -0.000151063 -0.000295349 -0.00127538 -3.23657e-05 -0.000330011 -0.00127226 
-1.10613e-05 -0.00020622 -0.00134919 0.000225099 -0.000244237 -0.00121834 0.000119566 -0.000304664 -0.00121225 
-0.000279903 -0.00017568 -0.00126421 5.47003e-05 -0.000111086 -0.00137433 -9.36733e-05 -0.000103332 -0.00136596 
0.00031536 -0.000102584 -0.00127551 0.000288179 -0.000168688 -0.00120642 -0.000321699 6.49874e-05 -0.00124863 
-0.000323965 -5.78254e-05 -0.00129186 -0.000216716 -4.35743e-05 -0.0013181 0.00015146 2.75401e-05 -0.00139305 
0.000126226 -4.68827e-05 -0.00132027 0.000329787 2.72095e-05 -0.00130063 0.000332771 -2.61672e-05 -0.00118328 
-0.000286214 0.000160887 -0.00131926 -0.00029115 0.000153673 -0.00120168 -0.000133932 0.000171044 -0.0012645 
-0.000133086 4.04271e-05 -0.00135537 7.16769e-05 0.000116192 -0.00136751 5.18074e-06 0.00020555 -0.00131384 
0.000187274 9.07784e-05 -0.00131494 0.000295025 0.000151905 -0.00126624 -0.000235613 0.000234355 -0.00118195 
-0.000102854 0.00031575 -0.00124096 -0.000204626 0.000264048 -0.00127727 -2.03659e-05 0.00033067 -0.00125908 
0.00012271 0.000305694 -0.00121731 0.000191666 0.000270756 -0.00125116 -0.000102634 -0.000315035 -0.0010506 
-0.000221422 -0.000241952 -0.00115762 -0.000130758 -0.000308607 -0.00117547 -4.95169e-06 -0.000333229 -0.00102989 
-5.16407e-06 -0.000337297 -0.00115134 0.000113557 -0.000309819 -0.00105963 0.000171658 -0.000285685 -0.00112502 
-0.000267763 -0.000190507 -0.00107928 -0.000306552 -0.000124663 -0.00115963 -0.000135182 -0.000183162 -0.00118004 
1.16285e-05 -0.000222831 -0.001231 9.42553e-05 -0.000107965 -0.00124735 0.000114012 -0.000208326 -0.00128075 
0.000256897 -0.000209044 -0.00105862 0.000313595 -0.000104236 -0.0010807 -0.000328084 2.40372e-05 -0.00110643 
-0.000324642 -7.09469e-05 -0.0010738 -0.000175591 7.91972e-05 -0.00127062 -0.000127683 -4.39656e-05 -0.00122411 
-8.29148e-05 5.71265e-05 -0.00119868 1.28348e-05 3.68954e-05 -0.00131484 -7.37684e-06 6.3737e-06 -0.00114373 
0.000192876 9.1086e-05 -0.00118175 0.000333276 -2.60843e-05 -0.00107883 0.000331785 6.17606e-05 -0.00116766 
-0.000297973 0.000146054 -0.00108549 -0.000250448 0.000212265 -0.00103527 -5.35049e-05 0.000231583 -0.00120994 
-4.06954e-05 0.000137914 -0.0011278 6.39601e-05 9.82843e-05 -0.0012526 6.13424e-05 0.000212823 -0.0012146 
0.00028547 0.000169907 -0.00116888 0.000236516 0.000229393 -0.0010662 0.000312931 9.98452e-05 -0.00106911 
-0.000152793 0.000290633 -0.00103166 -0.000112413 0.000308651 -0.00114296 -4.34485e-05 0.000329422 -0.00107382 
5.02784e-05 0.000328149 -0.00115596 0.000135691 0.00030448 -0.0010545 0.000189178 0.000271065 -0.00114642 
-0.000209092 -0.00025769 -0.00102146 -0.000111793 -0.000310424 -0.000914488 -0.000219929 -0.000248505 -0.000923059 
-1.82063e-05 -0.000330281 -0.000912531 0.000171795 -0.000284037 -0.00098315 0.000104289 -0.000311512 -0.000914855 
-0.000302865 -0.000137019 -0.000895647 -0.000304656 -0.00013547 -0.000996711 -5.42694e-06 -0.000148357 -0.00109946 
9.30543e-05 -0.000110578 -0.00108732 8.60871e-05 -0.000212797 -0.00113256 0.000313456 -0.000122075 -0.00098057 
0.000251496 -0.000220495 -0.000956755 -0.000319812 7.43245e-05 -0.000882635 -0.000327461 -4.7586e-05 -0.000880054 
-0.00033174 -1.44062e-05 -0.000974618 -0.000154531 -0.000102474 -0.00106583 -0.000150494 2.87309e-05 -0.00110127 
-0.000146092 2.79617e-05 -0.000999609 8.26067e-08 8.76098e-05 -0.00105072 0.000221745 -5.81839e-05 -0.00110229 
0.000329353 2.29316e-05 -0.000996563 -0.0003196 7.74218e-05 -0.00099754 -0.000282412 0.000167766 -0.000962134 
-0.00024712 0.000215853 -0.000883604 -9.69734e-05 0.000136916 -0.00101282 6.14157e-06 0.000188651 -0.000984516 
7.89605e-05 0.000167359 -0.00105419 0.000310999 0.000108527 -0.000955637 0.000263905 0.000208912 -0.000969167 
-0.000161965 0.000285325 -0.000934028 3.60105e-05 0.000327769 -0.000994175 -6.65378e-05 0.000325095 -0.000955894 
0.000150115 0.000300956 -0.000949962 -0.000121097 -0.000309119 -0.000763726 -0.000223297 -0.000242409 -0.000744441 
-0.000177028 -0.000276276 -0.000839065 3.60603e-05 -0.000326529 -0.000752971 -3.70027e-05 -0.000328225 -0.000815367 
0.000208891 -0.000261497 -0.000862173 0.000130458 -0.000311326 -0.00080572 -0.000299808 -0.00014279 -0.000796233 
-0.0002551 -0.000212958 -0.000838697 -0.000125531 -0.000101875 -0.000857911 -5.56273e-05 -0.000130315 -0.000949864 
-2.15485e-05 -0.000176168 -0.000827349 0.000172336 -0.000149587 -0.000908187 0.000236637 -0.000228394 -0.00077912 
0.00028499 -0.00017645 -0.000860544 -0.000332403 1.38597e-05 -0.000746254 -0.000199453 -1.6149e-05 -0.000883729 
1.98965e-05 -1.90312e-05 -0.000853921 0.000113899 4.10929e-05 -0.000982916 0.000327102 -3.80255e-05 -0.000738316 
0.00032906 -7.01771e-05 -0.000839903 0.000328885 3.61884e-05 -0.000816054 0.00032357 7.55203e-05 -0.000724594 
-0.000247012 0.000222116 -0.000780545 -0.000302292 0.00014081 -0.000790373 -7.98337e-05 0.000203586 -0.000806279 
-0.000134967 5.76411e-05 -0.000857084 8.20955e-05 0.000173053 -0.000865531 0.000161876 7.49471e-05 -0.000854273 
0.000250949 0.000215742 -0.000800603 0.000301845 0.000139616 -0.000856805 -0.000127013 0.000311648 -0.000843377 
-0.000155006 0.000289189 -0.000752538 -2.22003e-05 0.000329274 -0.000840643 -9.58563e-06 0.000329588 -0.000737542 
0.000188072 0.000272831 -0.000861446 0.000102268 0.000320588 -0.000866899 0.000153232 0.000294879 -0.000749183 
-0.000121668 -0.000308926 -0.000654549 2.55713e-05 -0.000327667 -0.000575272 0.000110999 -0.000311105 -0.000650213 
0.000193175 -0.00026549 -0.000697552 -0.000267717 -0.000191781 -0.000643635 -0.000306354 -0.000127199 -0.000678957 
-0.000144142 -0.000132347 -0.000720598 4.94539e-05 -0.000214331 -0.00073126 0.00016115 -5.36924e-05 -0.000804176 
0.000295203 -0.000167902 -0.000694852 0.000245529 -0.000224311 -0.000580864 -0.000331027 2.36229e-05 -0.00062156 
-4.08624e-05 -6.78922e-06 -0.000690573 0.000152741 1.29111e-05 -0.000719215 0.000332153 2.15637e-05 -0.000614423 
0.000327582 -7.56886e-05 -0.000590115 -0.000247042 0.000222013 -0.000680933 -0.000316312 9.63445e-05 -0.00068671 
-0.000308047 0.000114362 -0.000588741 -0.000173357 9.37268e-05 -0.000710498 7.39719e-05 0.000218846 -0.000627875 
-6.2692e-05 0.000117166 -0.000754552 2.59866e-05 8.4317e-05 -0.000810864 0.000114715 0.000114442 -0.000714846 
0.000287943 0.000152089 -0.000577246 0.000282784 0.000165208 -0.00067617 -9.01774e-05 0.000317345 -0.000677927 
-0.000146075 0.000297642 -0.000597565 -2.18175e-06 0.000328075 -0.000634787 0.000223118 0.000246084 -0.000697093 
0.000111513 0.000308552 -0.000653112 0.000221709 0.000241293 -0.000591836 -0.000103095 -0.000314815 -0.000441491 
-0.000153408 -0.000293228 -0.000561099 -0.00021196 -0.000256352 -0.000484529 3.85286e-05 -0.000327148 -0.000427557 
-3.76087e-05 -0.000328315 -0.000505979 0.00015465 -0.000293752 -0.000428097 0.000220003 -0.000249132 -0.000488808 
0.000114712 -0.00031247 -0.000546363 -0.000304115 -0.00013155 -0.000544106 -0.000305248 -0.000127112 -0.000451366 
-0.000186696 -0.000132361 -0.000565015 0.000127623 -0.000108907 -0.000598792 0.000292184 -0.000159903 -0.000479866 
-0.000329337 1.27059e-05 -0.00042625 -0.000330346 -5.29415e-05 -0.00056519 -0.000227348 -4.05508e-05 -0.000600953 
-0.000142972 8.61247e-06 -0.000647121 -6.58923e-05 -0.000100649 -0.000657728 5.59736e-05 -4.46925e-05 -0.000682323 
-2.37351e-05 1.56592e-05 -0.000577335 0.000234525 5.44654e-05 -0.000616083 0.000107866 -1.48807e-06 -0.000582039 
0.000331641 -2.71915e-05 -0.000433683 0.000328817 3.24475e-05 -0.000514808 -0.000257752 0.00021071 -0.000550462 
-0.000249067 0.000225596 -0.000437622 -0.000316019 9.71222e-05 -0.000477386 -0.000212847 0.000112575 -0.000540698 
-9.00985e-05 0.000204392 -0.00064367 2.78689e-05 0.000138922 -0.000534871 0.000321672 8.25706e-05 -0.0004361 
0.000279414 0.000173572 -0.000467676 -0.000155041 0.000294753 -0.000481745 4.87472e-05 0.000326786 -0.00048039 
-6.3329e-05 0.000326003 -0.000478728 0.000189862 0.000272494 -0.000484304 0.000119658 0.00031001 -0.000538956 
-0.000231229 -0.000240231 -0.000371806 -0.000100633 -0.000314755 -0.000342918 -0.000187077 -0.000275207 -0.000279564 
0.000161715 -0.000290326 -0.000286509 8.03991e-05 -0.000321824 -0.000319744 -0.000298246 -0.000146945 -0.000360645 
8.98508e-05 -0.000179007 -0.000453389 -1.59075e-05 -0.000120983 -0.000463784 0.00025975 -0.000209435 -0.000337208 
0.000322607 -8.14692e-05 -0.000343453 -0.000333021 6.87763e-06 -0.000326009 -0.000180078 7.71231e-05 -0.000301239 
-0.000208012 -6.8077e-05 -0.000472974 0.000213769 -3.51997e-05 -0.000434744 2.17257e-05 -7.57857e-06 -0.000470084 
0.00032977 3.44044e-05 -0.000357526 -0.000297969 0.000142597 -0.000364784 -5.19085e-05 0.000226335 -0.000480707 
-0.00011961 0.000186351 -0.000345091 -7.48977e-05 0.000130459 -0.000423494 3.15498e-05 9.0336e-05 -0.000413692 
0.000308722 0.000118813 -0.000343326 0.000261957 0.00020033 -0.000378585 -0.000235155 0.000234821 -0.00031143 
-0.000151648 0.000291292 -0.000310743 -8.99451e-05 0.000319139 -0.0003829 -8.24877e-06 0.000333619 -0.000305426 
0.000182638 0.000273355 -0.000289145 9.97456e-05 0.000315631 -0.000362852 -0.000229176 -0.000240833 -0.000155677 
-0.000157872 -0.000295208 -0.000160943 -4.88904e-05 -0.000326743 -0.00014784 -1.86968e-05 -0.000334968 -0.00025104 
0.000135072 -0.000296812 -0.000191069 0.000219932 -0.000248406 -0.000122742 -0.000260364 -0.000202567 -0.000255223 
-0.000313613 -0.000116117 -0.000264578 -0.000298883 -0.000137342 -0.000172807 -0.000213601 -0.000102325 -0.000263124 
-0.000113658 -0.0001204 -0.00029696 5.99482e-05 -0.000126711 -0.000322973 0.000255258 -0.000211698 -0.000250378 
0.000306548 -0.000140703 -0.000205394 -0.000328252 -4.35385e-05 -0.000173548 -7.58145e-05 -9.73037e-06 -0.000316589 
4.98983e-05 2.18928e-06 -0.000227533 0.000190472 -8.72823e-05 -0.000251841 0.00010563 -2.99195e-05 -0.000356034 
0.000329683 -4.7809e-07 -0.000265941 0.000329256 -2.63337e-05 -0.000145756 0.000326803 6.93902e-05 -0.000225656 
-0.000321941 8.21159e-05 -0.000263614 -0.000267579 0.000196698 -0.000225779 -0.000295144 0.000148733 -0.000150592 
-2.61185e-05 0.000165979 -0.000255743 7.39023e-05 0.000167301 -0.000296695 0.000118545 0.000171783 -0.000413071 
0.000272083 0.000197771 -0.000265153 0.000321172 8.70734e-05 -0.000135164 0.000277732 0.00017806 -0.000164363 
-9.28293e-05 0.000315782 -0.000233915 -0.000206843 0.000257387 -0.000184855 -2.46408e-05 0.000333585 -0.000164316 
4.47979e-05 0.000325847 -0.000217087 0.000218212 0.000251066 -0.000188581 0.000131466 0.000304355 -0.000189788 
-0.000113118 -0.00031171 -5.93361e-05 -0.000192915 -0.000269249 -4.56666e-05 3.44448e-06 -0.000334682 -3.94539e-05 
5.42794e-05 -0.00032833 -0.000109637 0.000128665 -0.000306433 -5.87521e-05 -0.000278706 -0.000187358 -4.17579e-05 
-8.93408e-05 -0.00018793 -0.000151559 7.88797e-05 -0.000173947 -0.000144018 0.000182078 -0.000149235 -0.000160048 
0.000220936 -8.76862e-05 -3.30107e-05 0.000261054 -0.000201881 -3.97857e-05 -0.000321007 7.24204e-05 -6.96897e-05 
-0.000329166 -2.64306e-05 -7.24758e-05 -0.000229643 3.33298e-06 -0.000244249 -0.000177462 -4.04639e-05 -0.0001179 
-7.56331e-05 2.90973e-05 -0.00011504 -1.27175e-05 -6.02221e-05 -0.000118373 -5.24273e-05 -7.29747e-05 -0.000219167 
2.14037e-05 6.80899e-05 -4.36775e-05 0.000186641 2.9071e-05 -0.000257752 0.000322361 -7.55833e-05 -4.52451e-05 
0.000330195 2.62977e-05 -4.54267e-05 -0.000287692 0.000157913 -3.95208e-05 -0.000130952 0.000144957 -0.000172481 
-1.72819e-05 7.51498e-05 -0.000205317 -1.23832e-05 0.000198835 -0.000112403 7.32087e-05 0.000178564 -0.000174565 
0.000250983 0.000213397 -6.35811e-05 0.000304828 0.000136017 -4.42906e-05 -0.000233965 0.000238018 -5.58586e-05 
-0.000154434 0.000295574 -8.1115e-05 7.02222e-05 0.000326113 -4.26355e-05 -6.05421e-05 0.000328586 -7.08056e-05 
0.000181486 0.000276995 -7.78689e-05 -0.0002288 6.15592e-06 0.000118368 -0.000158132 -0.000201365 8.80984e-05 
1.12609e-05 -0.000108153 0.000163095 8.68077e-05 -0.000172977 8.21489e-06 -9.5294e-05 7.39638e-06 1.32955e-06 
-2.63553e-06 9.65871e-06 6.9875e-05 0.000126692 -4.55804e-05 -1.24382e-05 0.000231908 -3.29216e-05 5.93933e-05 
2.93464e-05 0.000231452 -2.0235e-05 0.000114855 0.000173953 6.94933e-05 0.000224338 7.66444e-05 2.88696e-06 
0.000236525 0.000277341 4.99999e-05 -0.000201341 -0.000124979 0.000146349 0.0001856 -0.000118563 0.0002628 
-9.42147e-05 7.11883e-05 0.000157357 -8.87752e-05 -5.75044e-05 0.00028711 5.59547e-05 -1.72768e-05 0.000178157 
0.000191284 9.20503e-05 0.000171617 -0.000178882 9.63159e-05 0.000237791 0.000185242 0.000193867 0.00018654 
1.15689e-05 0.00024334 9.16748e-05 -8.87646e-05 -0.000299745 0.000287401 4.77384e-05 -0.000287276 0.000429515 
-0.000191722 -7.10199e-05 0.000388267 -0.000322489 -2.96789e-07 0.000394413 -5.89216e-05 -0.000152732 0.00022409 
6.46017e-05 -0.0002047 0.000292687 0.000123266 0.000103862 0.000266034 6.17021e-07 -0.00011668 0.000331898 
-0.000143192 0.000196203 0.000395308 -0.000109047 -0.000242105 0.000444684 0.000115329 -0.000278675 0.000613938 
-0.000248773 -0.000175697 0.000506875 0.00010545 -0.000117985 0.000397371 0.00025067 -0.000195022 0.000472401 
-0.000375228 1.20571e-05 0.00056064 -0.000134732 -0.000112943 0.000518446 -5.7468e-05 -4.23524e-06 0.00049285 
0.000327639 2.99705e-06 0.000418544 -0.000122183 0.000157393 0.000498361 -2.19909e-05 0.000109722 0.000433145 
0.000214518 0.000153698 0.00039766 0.000271197 0.00017666 0.000521455 -0.000155382 0.000310693 0.000538776 
6.55451e-06 0.000305476 0.000464084 0.000146119 0.000227121 0.000409415 -8.37246e-05 -0.000360863 0.000653842 
3.48322e-05 -0.000338635 0.000555861 0.000196976 -0.000165736 0.000664831 -5.01297e-05 -0.000207329 0.000683171 
0.000113885 -9.34475e-05 0.000568765 -0.000170455 -6.29693e-05 0.00061412 5.70855e-05 0.000120004 0.000585043 
-0.000275452 0.000190569 0.000672641 -5.8761e-05 9.50912e-05 0.00056138 -0.000155966 0.000103221 0.000600691 
-6.8121e-05 0.000260144 0.000548736 0.000327712 0.0001481 0.000638487 -0.000269866 0.000296274 0.000708659 
9.50826e-05 0.000176969 0.000685387 -7.88748e-05 0.000366294 0.000772212 -0.000242467 -0.000215638 0.000737676 
-3.06704e-05 -0.000216562 0.000826638 0.000339529 -0.000133445 0.000677345 0.000349732 -0.000107213 0.0008021 
-0.000364714 7.75838e-06 0.000807682 -0.000109815 -6.33894e-06 0.00069371 0.00011801 -1.99545e-05 0.000695933 
6.88358e-05 -0.000162046 0.000719198 -0.000246023 8.89135e-05 0.000774121 -0.000148339 0.000220332 0.000691829 
-1.93133e-05 0.000104155 0.000872026 -2.10072e-05 8.91251e-05 0.000659383 0.000139679 0.000193678 0.000799712 
5.50479e-05 0.000331961 0.000764161 0.00022151 0.000340638 0.000888631 -0.000231184 0.000368511 0.000878681 
8.78546e-06 -0.000421987 0.00088651 0.00022534 -0.000302898 0.00101836 -0.000346466 -0.000179533 0.000870355 
-0.000150551 -0.000128881 0.000887735 -0.000389362 4.81218e-05 0.000970345 -0.000184397 6.97674e-06 0.000852515 
-5.1001e-05 2.29592e-05 0.000958526 -0.000101071 0.000368592 0.000925455 0.000121829 -0.000364344 0.00110238 
0.000264455 -0.000305377 0.00113331 -0.000361717 -5.50908e-05 0.00107624 -0.000300306 1.63308e-06 0.00100195 
0.000291381 -0.000160038 0.00115383 -0.000447714 0.000173921 0.00104509 -0.000196765 8.3727e-05 0.000974241 
-0.00028304 0.000187668 0.00107689 -7.52907e-05 0.000280772 0.00115171 -0.000150208 0.000227426 0.000928157 
-0.000174147 0.000418493 0.00101314 -4.96181e-05 0.000295287 0.000982947 1.65897e-05 0.000345461 0.00110416 
-0.000358351 -0.000136338 0.000966284 9.96852e-05 -0.000289827 0.00121208 -0.000346998 -0.000170097 0.00116124 
0.000188701 -0.000127378 0.00134065 -0.000217786 -8.66276e-05 0.00114625 1.74394e-05 8.65089e-06 0.00108231 
0.000419904 -6.76949e-05 0.00123978 0.000470743 0.000189143 0.00115565 0.000323887 0.000296062 0.00118065 
0.000153264 -0.000418751 0.00129616 0.000219731 -0.000270745 0.0012631 -0.000129236 5.102e-05 0.00116136 
-0.000300543 0.000138192 0.00134402 0.000295942 1.6084e-05 0.00147328 0.000159657 0.000318704 0.00125083 
0.000194653 0.000411861 0.00138728 -0.000369998 -0.000404892 0.001367 -0.000214034 -0.000250422 0.00155291 
-0.000187091 -0.000124284 0.00155415 0.000339183 -0.00016019 0.0016804 0.000424716 -0.000197313 0.00156982 
-0.00025821 0.000443082 0.00154039 -0.00010895 0.000521157 0.00132314 -0.000122003 -0.000106133 0.00176983 
-3.32362e-05 -0.000151804 0.00176392 5.90719e-05 -0.000173308 0.00179589 4.49004e-05 -9.9382e-05 0.00173006 
0.000137714 -0.000111939 0.00178888 -0.000147122 -1.02936e-05 0.00175629 -0.000205849 -1.38081e-06 0.00183674 
-7.8285e-05 3.33184e-05 0.00181425 -6.71741e-05 3.32069e-05 0.00171487 -4.80125e-05 -6.49222e-05 0.00171667 
-3.6186e-05 -5.96686e-05 0.00181582 2.65578e-05 2.83305e-07 0.00170298 4.89181e-05 6.22889e-06 0.00180026 
0.000116479 -2.98009e-05 0.00173595 0.000180805 1.92303e-05 0.00179475 0.000103049 6.9232e-05 0.00173938 
-0.000164753 7.99667e-05 0.00179556 -8.27196e-05 0.000122433 0.00175726 -0.000114735 0.000171638 0.00183821 
8.45737e-06 9.79419e-05 0.00172429 -2.18566e-05 0.000186497 0.00180407 6.96807e-05 0.000154638 0.0017794 
2.43444e-06 9.15474e-05 0.00182392 0.000155444 0.000114492 0.00181154 -0.000297872 0.000354549 0.00164893 
0.000366679 0.000156053 0.00168209 -0.000414076 0.000393028 0.00172383 6.54283e-05 0.000565192 0.00158421 
0.00028457 -0.000498905 0.00172825 -0.000315472 -0.000453331 0.00182363 0.000272836 -0.000257669 0.00181374 
-0.000113431 -0.00017424 0.00184255 -0.000162823 -0.000154316 0.00192719 -0.000184987 -9.86251e-05 0.00184714 
-9.67687e-05 -8.34931e-05 0.00189173 -7.67242e-05 -0.00020986 0.00192848 -1.96592e-05 -0.000208771 0.00184633 
5.7193e-05 -8.44199e-05 0.00184166 -7.96163e-06 -0.000127831 0.00190388 7.43725e-05 -0.00020788 0.00188847 
1.46915e-05 -0.000219339 0.00196789 -6.69341e-05 -0.000127702 0.00198464 0.000156723 -0.000152034 0.0018785 
0.000125616 -0.000179442 0.0019695 0.000197288 -0.000101825 0.00195487 0.000101941 -8.33114e-05 0.00193109 
-0.000439155 3.21125e-05 0.00184002 -0.000214063 -6.39982e-05 0.00193633 -0.000127985 1.13188e-05 0.00189818 
-0.00022013 3.5519e-05 0.00192857 -9.79134e-05 6.1113e-05 0.00197974 -0.000111017 -3.79511e-05 0.00198353 
-1.23923e-05 -4.18023e-05 0.00196746 -8.54576e-06 1.00062e-05 0.00188202 3.3447e-05 4.84374e-05 0.00196423 
0.000200727 -6.25715e-05 0.00184881 0.000119768 -6.41841e-06 0.00186969 0.00012568 9.99905e-06 0.00196816 
0.000223703 -8.53009e-06 0.00192976 0.000202482 6.97324e-05 0.00199125 0.000599394 6.50368e-05 0.00186502 
-0.000185292 0.000118762 0.00188541 -0.000128384 0.000183105 0.00193661 -0.000184902 0.000110149 0.00198505 
-7.19956e-05 9.78192e-05 0.0018904 -4.35174e-05 0.000217679 0.00189658 1.30883e-05 0.000139315 0.00192263 
5.60007e-05 0.000207376 0.00186325 8.61924e-05 8.73739e-05 0.00187839 8.1497e-05 0.000204879 0.00195992 
0.000205178 8.22244e-05 0.00189207 0.000148753 0.000164847 0.00189767 0.00011252 0.00010911 0.00197238 
-0.000469729 0.000274409 0.00184494 0.000116715 0.000480376 0.00199602 -0.000490315 0.000360704 0.00189775 
5.95011e-05 0.000314676 0.00182985 -0.000684086 -0.000991793 0.00173323 -0.000618211 -0.00037223 0.00207661 
-0.000171178 -0.000110601 0.00201673 -1.97268e-05 -0.000182042 0.00205405 3.61922e-05 -0.000125163 0.00199374 
6.49061e-05 -0.000137294 0.00208876 -2.28959e-05 -8.24095e-05 0.00206215 0.000150792 -0.000115693 0.00204231 
-0.000134654 -4.28491e-05 0.00208058 -0.000148872 6.17899e-05 0.00206578 -0.000203493 -6.76714e-06 0.00201765 
3.3854e-05 -2.88761e-05 0.00212471 -4.92156e-05 1.36337e-05 0.00205305 5.1519e-05 4.74611e-05 0.00206258 
0.000198208 -2.94552e-05 0.00202457 0.000147224 3.06019e-05 0.00208617 7.84271e-05 -4.53623e-05 0.00203673 
0.000457583 3.166e-05 0.00177024 -0.000454301 0.000165577 0.00189535 -0.000113486 0.000152016 0.00204114 
3.80996e-05 0.000183257 0.00204737 -4.40723e-05 0.000208188 0.00199613 -2.09977e-05 0.000105572 0.00202564 
-6.89436e-05 9.87895e-05 0.00211314 0.000115142 0.000124127 0.00207121 0.000369396 0.000179342 0.00188956 
-0.000436567 0.000556735 0.00199596 0.000283029 0.00058964 0.00213535 0.000142353 -0.000697658 0.00210701 
-0.000134859 -7.65858e-05 0.00228035 0.000273416 -0.000259128 0.00234201 -0.00066487 6.25741e-05 0.00214587 
-0.000224943 -4.43161e-05 0.00233669 -0.000131582 0.000266099 0.0021223 0.000233919 0.000266126 0.00202237 
0.000679276 0.000121789 0.00215817 0.000352244 0.000255224 0.00202295 0.000115941 -0.000234938 0.00239068 
-6.79824e-05 -0.000280169 0.0022931 -0.000317073 -0.000149447 0.00236611 5.49876e-05 0.000138921 0.00234062 
-0.000248711 0.000100052 0.00250923 0.000432931 0.000149518 0.00207654 -0.000208731 0.000419948 0.00243249 
-0.000235196 0.000655875 0.00204577 0.0002188 -0.000614866 0.00224382 0.000447779 -0.000413287 0.00240206 
-0.000500198 -0.000170925 0.00232616 0.000327183 -0.000186618 0.00244509 -0.000548952 4.74726e-06 0.00224581 
-0.000332624 0.000407105 0.00276408 -0.000365557 0.000487508 0.00237847 -0.000371208 0.000577244 0.0021647 
2.97189e-05 0.000693808 0.00257752 9.25114e-05 0.000603026 0.00213165 0.000156821 0.000807817 0.00259202 
8.9299e-05 -0.000447101 0.00263021 -0.000649551 -0.000232248 0.00247387 -5.15541e-05 -6.11215e-05 0.00240116 
0.000770965 0.000251915 0.00266781 -9.47251e-05 0.000251364 0.00227199 -8.49249e-05 0.000762504 0.0023117 
0.00012513 -0.000761768 0.00278139 0.000976975 -0.000825482 0.00245654 -0.000200337 -0.000629161 0.00251202 
-8.17815e-05 -0.000127943 0.00247404 -0.000608613 0.000229266 0.00252444 -2.04323e-05 0.000432272 0.00284595 
0.000324543 0.000415232 0.00253288 -0.000100649 0.000803693 0.00271724 -0.000681653 -0.000391583 0.00267486 
-0.000295341 -0.000510339 0.00278076 -5.34232e-05 -0.000242547 0.00264203 -0.000820802 -0.000295699 0.00302274 
-0.000849293 9.74621e-05 0.00270821 0.000614786 -0.000743386 0.00318708 -0.000876488 -0.000777054 0.00306079 
1.99783e-05 -0.000533297 0.00282494 -5.53301e-06 0.000800431 -0.0139415 0.000116917 -7.88475e-05 0.00275164 
-0.00048328 -0.000937731 0.00291116 
VERTICES 2840 2839
OFFSETS vtktypeint64
0 1 2 3 4 5 6 7 8 
9 10 11 12 13 14 15 16 17 
18 19 20 21 22 23 24 25 26 
27 28 29 30 31 32 33 34 35 
36 37 38 39 40 41 42 43 44 
45 46 47 48 49 50 51 52 53 
54 55 56 57 58 59 60 61 62 
63 64 65 66 67 68 69 70 71 
72 73 74 75 76 77 78 79 80 
81 82 83 84 85 86 87 88 89 
90 91 92 93 94 95 96 97 98 
99 100 101 102 103 104 105 106 107 
108 109 110 111 112 113 114 115 116 
117 118 119 120 121 122 123 124 125 
126 127 128 129 130 131 132 133 134 
135 136 137 138 139 140 141 142 143 
144 145 146 147 148 149 150 151 152 
153 154 155 156 157 158 159 160 161 
162 163 164 165 166 167 168 169 170 
171 172 173 174 175 176 177 178 179 
180 181 182 183 184 185 186 187 188 
189 190 191 192 193 194 195 196 197 
198 199 200 201 202 203 204 205 206 
207 208 209 210 211 212 213 214 215 
216 217 218 219 220 221 222 223 224 
225 226 227 228 229 230 231 232 233 
234 235 236 237 238 239 240 241 242 
243 244 245 246 247 248 249 250 251 
252 253 254 255 256 257 258 259 260 
261 262 263 264 265 266 267 268 269 
270 271 272 273 274 275 276 277 278 
279 280 281 282 283 284 285 286 287 
288 289 290 291 292 293 294 295 296 
297 298 299 300 301 302 303 304 305 
306 307 308 309 310 311 312 313 314 
315 316 317 318 319 320 321 322 323 
324 325 326 327 328 329 330 331 332 
333 334 335 336 337 338 339 340 341 
342 343 344 345 346 347 348 349 350 
351 352 353 354 355 356 357 358 359 
360 361 362 363 364 365 366 367 368 
369 370 371 372 373 374 375 376 377 
378 379 380 381 382 383 384 385 386 
387 388 389 390 391 392 393 394 395 
396 397 398 399 400 401 402 403 404 
405 406 407 408 409 410 411 412 413 
414 415 416 417 418 419 420 421 422 
423 424 425 426 427 428 429 430 431 
432 433 434 435 436 437 438 439 440 
441 442 443 444 445 446 447 448 449 
450 451 452 453 454 455 456 457 458 
459 460 461 462 463 464 465 466 467 
468 469 470 471 472 473 474 475 476 
477 478 479 480 481 482 483 484 485 
486 487 488 489 490 491 492 493 494 
495 496 497 498 499 500 501 502 503 
504 505 506 507 508 509 510 511 512 
513 514 515 516 517 518 519 520 521 
522 523 524 525 526 527 528 529 530 
531 532 533 534 535 536 537 538 539 
540 541 542 543 544 545 546 547 548 
549 550 551 552 553 554 555 556 557 
558 559 560 561 562 563 564 565 566 
567 568 569 570 571 572 573 574 575 
576 577 578 579 580 581 582 583 584 
585 586 587 588 589 590 591 592 593 
594 595 596 597 598 599 600 601 602 
603 604 605 606 607 608 609 610 611 
612 613 614 615 616 617 618 619 620 
621 622 623 624 625 626 627 628 629 
630 631 632 633 634 635 636 637 638 
639 640 641 642 643 644 645 646 647 
648 649 650 651 652 653 654 655 656 
657 658 659 660 661 662 663 664 665 
666 667 668 669 670 671 672 673 674 
675 676 677 678 679 680 681 682 683 
684 685 686 687 688 689 690 691 692 
693 694 695 696 697 698 699 700 701 
702 703 704 705 706 707 708 709 710 
711 712 713 714 715 716 717 718 719 
720 721 722 723 724 725 726 727 728 
729 730 731 732 733 734 735 736 737 
738 739 740 741 742 743 744 745 746 
747 748 749 750 751 752 753 754 755 
756 757 758 759 760 761 762 763 764 
765 766 767 768 769 770 771 772 773 
774 775 776 777 778 779 780 781 782 
783 784 785 786 787 788 789 790 791 
792 793 794 795 796 797 798 799 800 
801 802 803 804 805 806 807 808 809 
810 811 812 813 814 815 816 817 818 
819 820 821 822 823 824 825 826 827 
828 829 830 831 832 833 834 835 836 
837 838 839 840 841 842 843 844 845 
846 847 848 849 850 851 852 853 854 
855 856 857 858 859 860 861 862 863 
864 865 866 867 868 869 870 871 872 
873 874 875 876 877 878 879 880 881 
882 883 884 885 886 887 888 889 890 
891 892 893 894 895 896 897 898 899 
900 901 902 903 904 905 906 907 908 
909 910 911 912 913 914 915 916 917 
918 919 920 921 922 923 924 925 926 
927 928 929 930 931 932 933 934 935 
936 937 938 939 940 941 942 943 944 
945 946 947 948 949 950 951 952 953 
954 955 956 957 958 959 960 961 962 
963 964 965 966 967 968 969 970 971 
972 973 974 975 976 977 978 979 980 
981 982 983 984 985 986 987 988 989 
990 991 992 993 994 995 996 997 998 
999 1000 1001 1002 1003 1004 1005 1006 1007 
1008 1009 1010 1011 1012 1013 1014 1015 1016 
1017 1018 1019 1020 1021 1022 1023 1024 1025 
1026 1027 1028 1029 1030 1031 1032 1033 1034 
1035 1036 1037 1038 1039 1040 1041 1042 1043 
1044 1045 1046 1047 1048 1049 1050 1051 1052 
1053 1054 1055 1056 1057 1058 1059 1060 1061 
1062 1063 1064 1065 1066 1067 1068 1069 1070 
1071 1072 1073 1074 1075 1076 1077 1078 1079 
1080 1081 1082 1083 1084 1085 1086 1087 1088 
1089 1090 1091 1092 1093 1094 1095 1096 1097 
1098 1099 1100 1101 1102 1103 1104 1105 1106 
1107 1108 1109 1110 1111 1112 1113 1114 1115 
1116 1117 1118 1119 1120 1121 1122 1123 1124 
1125 1126 1127 1128 1129 1130 1131 1132 1133 
1134 1135 1136 1137 1138 1139 1140 1141 1142 
1143 1144 1145 1146 1147 1148 1149 1150 1151 
1152 1153 1154 1155 1156 1157 1158 1159 1160 
1161 1162 1163 1164 1165 1166 1167 1168 1169 
1170 1171 1172 1173 1174 1175 1176 1177 1178 
1179 1180 1181 1182 1183 1184 1185 1186 1187 
1188 1189 1190 1191 1192 1193 1194 1195 1196 
1197 1198 1199 1200 1201 1202 1203 1204 1205 
1206 1207 1208 1209 1210 1211 1212 1213 1214 
1215 1216 1217 1218 1219 1220 1221 1222 1223 
1224 1225 1226 1227 1228 1229 1230 1231 1232 
1233 1234 1235 1236 1237 1238 1239 1240 1241 
1242 1243 1244 1245 1246 1247 1248 1249 1250 
1251 1252 1253 1254 1255 1256 1257 1258 1259 
1260 1261 1262 1263 1264 1265 1266 1267 1268 
1269 1270 1271 1272 1273 1274 1275 1276 1277 
1278 1279 1280 1281 1282 1283 1284 1285 1286 
1287 1288 1289 1290 1291 1292 1293 1294 1295 
1296 1297 1298 1299 1300 1301 1302 1303 1304 
1305 1306 1307 1308 1309 1310 1311 1312 1313 
1314 1315 1316 1317 1318 1319 1320 1321 1322 
1323 1324 1325 1326 1327 1328 1329 1330 1331 
1332 1333 1334 1335 1336 1337 1338 1339 1340 
1341 1342 1343 1344 1345 1346 1347 1348 1349 
1350 1351 1352 1353 1354 1355 1356 1357 1358 
1359 1360 1361 1362 1363 1364 1365 1366 1367 
1368 1369 1370 1371 1372 1373 1374 1375 1376 
1377 1378 1379 1380 1381 1382 1383 1384 1385 
1386 1387 1388 1389 1390 1391 1392 1393 1394 
1395 1396 1397 1398 1399 1400 1401 1402 1403 
1404 1405 1406 1407 1408 1409 1410 1411 1412 
1413 1414 1415 1416 1417 1418 1419 1420 1421 
1422 1423 1424 1425 1426 1427 1428 1429 1430 
1431 1432 1433 1434 1435 1436 1437 1438 1439 
1440 1441 1442 1443 1444 1445 1446 1447 1448 
1449 1450 1451 1452 1453 1454 1455 1456 1457 
1458 1459 1460 1461 1462 1463 1464 1465 1466 
1467 1468 1469 1470 1471 1472 1473 1474 1475 
1476 1477 1478 1479 1480 1481 1482 1483 1484 
1485 1486 1487 1488 1489 1490 1491 1492 1493 
1494 1495 1496 1497 1498 1499 1500 1501 1502 
1503 1504 1505 1506 1507 1508 1509 1510 1511 
1512 1513 1514 1515 1516 1517 1518 1519 1520 
1521 1522 1523 1524 1525 1526 1527 1528 1529 
1530 1531 1532 1533 1534 1535 1536 1537 1538 
1539 1540 1541 1542 1543 1544 1545 1546 1547 
1548 1549 1550 1551 1552 1553 1554 1555 1556 
1557 1558 1559 1560 1561 1562 1563 1564 1565 
1566 1567 1568 1569 1570 1571 1572 1573 1574 
1575 1576 1577 1578 1579 1580 1581 1582 1583 
1584 1585 1586 1587 1588 1589 1590 1591 1592 
1593 1594 1595 1596 1597 1598 1599 1600 1601 
1602 1603 1604 1605 1606 1607 1608 1609 1610 
1611 1612 1613 1614 1615 1616 1617 1618 1619 
1620 1621 1622 1623 1624 1625 1626 1627 1628 
1629 1630 1631 1632 1633 1634 1635 1636 1637 
1638 1639 1640 1641 1642 1643 1644 1645 1646 
1647 1648 1649 1650 1651 1652 1653 1654 1655 
1656 1657 1658 1659 1660 1661 1662 1663 1664 
1665 1666 1667 1668 1669 1670 1671 1672 1673 
1674 1675 1676 1677 1678 1679 1680 1681 1682 
1683 1684 1685 1686 1687 1688 1689 1690 1691 
1692 1693 1694 1695 1696 1697 1698 1699 1700 
1701 1702 1703 1704 1705 1706 1707 1708 1709 
1710 1711 1712 1713 1714 1715 1716 1717 1718 
1719 1720 1721 1722 1723 1724 1725 1726 1727 
1728 1729 1730 1731 1732 1733 1734 1735 1736 
1737 1738 1739 1740 1741 1742 1743 1744 1745 
1746 1747 1748 1749 1750 1751 1752 1753 1754 
1755 1756 1757 1758 1759 1760 1761 1762 1763 
1764 1765 1766 1767 1768 1769 1770 1771 1772 
1773 1774 1775 1776 1777 1778 1779 1780 1781 
1782 1783 1784 1785 1786 1787 1788 1789 1790 
1791 1792 1793 1794 1795 1796 1797 1798 1799 
1800 1801 1802 1803 1804 1805 1806 1807 1808 
1809 1810 1811 1812 1813 1814 1815 1816 1817 
1818 1819 1820 1821 1822 1823 1824 1825 1826 
1827 1828 1829 1830 1831 1832 1833 1834 1835 
1836 1837 1838 1839 1840 1841 1842 1843 1844 
1845 1846 1847 1848 1849 1850 1851 1852 1853 
1854 1855 1856 1857 1858 1859 1860 1861 1862 
1863 1864 1865 1866 1867 1868 1869 1870 1871 
1872 1873 1874 1875 1876 1877 1878 1879 1880 
1881 1882 1883 1884 1885 1886 1887 1888 1889 
1890 1891 1892 1893 1894 1895 1896 1897 1898 
1899 1900 1901 1902 1903 1904 1905 1906 1907 
1908 1909 1910 1911 1912 1913 1914 1915 1916 
1917 1918 1919 1920 1921 1922 1923 1924 1925 
1926 1927 1928 1929 1930 1931 1932 1933 1934 
1935 1936 1937 1938 1939 1940 1941 1942 1943 
1944 1945 1946 1947 1948 1949 1950 1951 1952 
1953 1954 1955 1956 1957 1958 1959 1960 1961 
1962 1963 1964 1965 1966 1967 1968 1969 1970 
1971 1972 1973 1974 1975 1976 1977 1978 1979 
1980 1981 1982 1983 1984 1985 1986 1987 1988 
1989 1990 1991 1992 1993 1994 1995 1996 1997 
1998 1999 2000 2001 2002 2003 2004 2005 2006 
2007 2008 2009 2010 2011 2012 2013 2014 2015 
2016 2017 2018 2019 2020 2021 2022 2023 2024 
2025 2026 2027 2028 2029 2030 2031 2032 2033 
2034 2035 2036 2037 2038 2039 2040 2041 2042 
2043 2044 2045 2046 2047 2048 2049 2050 2051 
2052 2053 2054 2055 2056 2057 2058 2059 2060 
2061 2062 2063 2064 2065 2066 2067 2068 2069 
2070 2071 2072 2073 2074 2075 2076 2077 2078 
2079 2080 2081 2082 2083 2084 2085 2086 2087 
2088 2089 2090 2091 2092 2093 2094 2095 2096 
2097 2098 2099 2100 2101 2102 2103 2104 2105 
2106 2107 2108 2109 2110 2111 2112 2113 2114 
2115 2116 2117 2118 2119 2120 2121 2122 2123 
2124 2125 2126 2127 2128 2129 2130 2131 2132 
2133 2134 2135 2136 2137 2138 2139 2140 2141 
2142 2143 2144 2145 2146 2147 2148 2149 2150 
2151 2152 2153 2154 2155 2156 2157 2158 2159 
2160 2161 2162 2163 2164 2165 2166 2167 2168 
2169 2170 2171 2172 2173 2174 2175 2176 2177 
2178 2179 2180 2181 2182 2183 2184 2185 2186 
2187 2188 2189 2190 2191 2192 2193 2194 2195 
2196 2197 2198 2199 2200 2201 2202 2203 2204 
2205 2206 2207 2208 2209 2210 2211 2212 2213 
2214 2215 2216 2217 2218 2219 2220 2221 2222 
2223 2224 2225 2226 2227 2228 2229 2230 2231 
2232 2233 2234 2235 2236 2237 2238 2239 2240 
2241 2242 2243 2244 2245 2246 2247 2248 2249 
2250 2251 2252 2253 2254 2255 2256 2257 2258 
2259 2260 2261 2262 2263 2264 2265 2266 2267 
2268 2269 2270 2271 2272 2273 2274 2275 2276 
2277 2278 2279 2280 2281 2282 2283 2284 2285 
2286 2287 2288 2289 2290 2291 2292 2293 2294 
2295 2296 2297 2298 2299 2300 2301 2302 2303 
2304 2305 2306 2307 2308 2309 2310 2311 2312 
2313 2314 2315 2316 2317 2318 2319 2320 2321 
2322 2323 2324 2325 2326 2327 2328 2329 2330 
2331 2332 2333 2334 2335 2336 2337 2338 2339 
2340 2341 2342 2343 2344 2345 2346 2347 2348 
2349 2350 2351 2352 2353 2354 2355 2356 2357 
2358 2359 2360 2361 2362 2363 2364 2365 2366 
2367 2368 2369 2370 2371 2372 2373 2374 2375 
2376 2377 2378 2379 2380 2381 2382 2383 2384 
2385 2386 2387 2388 2389 2390 2391 2392 2393 
2394 2395 2396 2397 2398 2399 2400 2401 2402 
2403 2404 2405 2406 2407 2408 2409 2410 2411 
2412 2413 2414 2415 2416 2417 2418 2419 2420 
2421 2422 2423 2424 2425 2426 2427 2428 2429 
2430 2431 2432 2433 2434 2435 2436 2437 2438 
2439 2440 2441 2442 2443 2444 2445 2446 2447 
2448 2449 2450 2451 2452 2453 2454 2455 2456 
2457 2458 2459 2460 2461 2462 2463 2464 2465 
2466 2467 2468 2469 2470 2471 2472 2473 2474 
2475 2476 2477 2478 2479 2480 2481 2482 2483 
2484 2485 2486 2487 2488 2489 2490 2491 2492 
2493 2494 2495 2496 2497 2498 2499 2500 2501 
2502 2503 2504 2505 2506 2507 2508 2509 2510 
2511 2512 2513 2514 2515 2516 2517 2518 2519 
2520 2521 2522 2523 2524 2525 2526 2527 2528 
2529 2530 2531 2532 2533 2534 2535 2536 2537 
2538 2539 2540 2541 2542 2543 2544 2545 2546 
2547 2548 2549 2550 2551 2552 2553 2554 2555 
2556 2557 2558 2559 2560 2561 2562 2563 2564 
2565 2566 2567 2568 2569 2570 2571 2572 2573 
2574 2575 2576 2577 2578 2579 2580 2581 2582 
2583 2584 2585 2586 2587 2588 2589 2590 2591 
2592 2593 2594 2595 2596 2597 2598 2599 2600 
2601 2602 2603 2604 2605 2606 2607 2608 2609 
2610 2611 2612 2613 2614 2615 2616 2617 2618 
2619 2620 2621 2622 2623 2624 2625 2626 2627 
2628 2629 2630 2631 2632 2633 2634 2635 2636 
2637 2638 2639 2640 2641 2642 2643 2644 2645 
2646 2647 2648 2649 2650 2651 2652 2653 2654 
2655 2656 2657 2658 2659 2660 2661 2662 2663 
2664 2665 2666 2667 2668 2669 2670 2671 2672 
2673 2674 2675 2676 2677 2678 2679 2680 2681 
2682 2683 2684 2685 2686 2687 2688 2689 2690 
2691 2692 2693 2694 2695 2696 2697 2698 2699 
2700 2701 2702 2703 2704 2705 2706 2707 2708 
2709 2710 2711 2712 2713 2714 2715 2716 2717 
2718 2719 2720 2721 2722 2723 2724 2725 2726 
2727 2728 2729 2730 2731 2732 2733 2734 2735 
2736 2737 2738 2739 2740 2741 2742 2743 2744 
2745 2746 2747 2748 2749 2750 2751 2752 2753 
2754 2755 2756 2757 2758 2759 2760 2761 2762 
2763 2764 2765 2766 2767 2768 2769 2770 2771 
2772 2773 2774 2775 2776 2777 2778 2779 2780 
2781 2782 2783 2784 2785 2786 2787 2788 2789 
2790 2791 2792 2793 2794 2795 2796 2797 2798 
2799 2800 2801 2802 2803 2804 2805 2806 2807 
2808 2809 2810 2811 2812 2813 2814 2815 2816 
2817 2818 2819 2820 2821 2822 2823 2824 2825 
2826 2827 2828 2829 2830 2831 2832 2833 2834 
2835 2836 2837 2838 2839 
CONNECTIVITY vtktypeint64
0 1 2 3 4 5 6 7 8 
9 10 11 12 13 14 15 16 17 
18 19 20 21 22 23 24 25 26 
27 28 29 30 31 32 33 34 35 
36 37 38 39 40 41 42 43 44 
45 46 47 48 49 50 51 52 53 
54 55 56 57 58 59 60 61 62 
63 64 65 66 67 68 69 70 71 
72 73 74 75 76 77 78 79 80 
81 82 83 84 85 86 87 88 89 
90 91 92 93 94 95 96 97 98 
99 100 101 102 103 104 105 106 107 
108 109 110 111 112 113 114 115 116 
117 118 119 120 121 122 123 124 125 
126 127 128 129 130 131 132 133 134 
135 136 137 138 139 140 141 142 143 
144 145 146 147 148 149 150 151 152 
153 154 155 156 157 158 159 160 161 
162 163 164 165 166 167 168 169 170 
171 172 173 174 175 176 177 178 179 
180 181 182 183 184 185 186 187 188 
189 190 191 192 193 194 195 196 197 
198 199 200 201 202 203 204 205 206 
207 208 209 210 211 212 213 214 215 
216 217 218 219 220 221 222 223 224 
225 226 227 228 229 230 231 232 233 
234 235 236 237 238 239 240 241 242 
243 244 245 246 247 248 249 250 251 
252 253 254 255 256 257 258 259 260 
261 262 263 264 265 266 267 268 269 
270 271 272 273 274 275 276 277 278 
279 280 281 282 283 284 285 286 287 
288 289 290 291 292 293 294 295 296 
297 298 299 300 301 302 303 304 305 
306 307 308 309 310 311 312 313 314 
315 316 317 318 319 320 321 322 323 
324 325 326 327 328 329 330 331 332 
333 334 335 336 337 338 339 340 341 
342 343 344 345 346 347 348 349 350 
351 352 353 354 355 356 357 358 359 
360 361 362 363 364 365 366 367 368 
369 370 371 372 373 374 375 376 377 
378 379 380 381 382 383 384 385 386 
387 388 389 390 391 392 393 394 395 
396 397 398 399 400 401 402 403 404 
405 406 407 408 409 410 411 412 413 
414 415 416 417 418 419 420 421 422 
423 424 425 426 427 428 429 430 431 
432 433 434 435 436 437 438 439 440 
441 442 443 444 445 446 447 448 449 
450 451 452 453 454 455 456 457 458 
459 460 461 462 463 464 465 466 467 
468 469 470 471 472 473 474 475 476 
477 478 479 480 481 482 483 484 485 
486 487 488 489 490 491 492 493 494 
495 496 497 498 499 500 501 502 503 
504 505 506 507 508 509 510 511 512 
513 514 515 516 517 518 519 520 521 
522 523 524 525 526 527 528 529 530 
531 532 533 534 535 536 537 538 539 
540 541 542 543 544 545 546 547 548 
549 550 551 552 553 554 555 556 557 
558 559 560 561 562 563 564 565 566 
567 568 569 570 571 572 573 574 575 
576 577 578 579 580 581 582 583 584 
585 586 587 588 589 590 591 592 593 
594 595 596 597 598 599 600 601 602 
603 604 605 606 607 608 609 610 611 
612 613 614 615 616 617 618 619 620 
621 622 623 624 625 626 627 628 629 
630 631 632 633 634 635 636 637 638 
639 640 641 642 643 644 645 646 647 
648 649 650 651 652 653 654 655 656 
657 658 659 660 661 662 663 664 665 
666 667 668 669 670 671 672 673 674 
675 676 677 678 679 680 681 682 683 
684 685 686 687 688 689 690 691 692 
693 694 695 696 697 698 699 700 701 
702 703 704 705 706 707 708 709 710 
711 712 713 714 715 716 717 718 719 
720 721 722 723 724 725 726 727 728 
729 730 731 732 733 734 735 736 737 
738 739 740 741 742 743 744 745 746 
747 748 749 750 751 752 753 754 755 
756 757 758 759 760 761 762 763 764 
765 766 767 768 769 770 771 772 773 
774 775 776 777 778 779 780 781 782 
783 784 785 786 787 788 789 790 791 
792 793 794 795 796 797 798 799 800 
801 802 803 804 805 806 807 808 809 
810 811 812 813 814 815 816 817 818 
819 820 821 822 823 824 825 826 827 
828 829 830 831 832 833 834 835 836 
837 838 839 840 841 842 843 844 845 
846 847 848 849 850 851 852 853 854 
855 856 857 858 859 860 861 862 863 
864 865 866 867 868 869 870 871 872 
873 874 875 876 877 878 879 880 881 
882 883 884 885 886 887 888 889 890 
891 892 893 894 895 896 897 898 899 
900 901 902 903 904 905 906 907 908 
909 910 911 912 913 914 915 916 917 
918 919 920 921 922 923 924 925 926 
927 928 929 930 931 932 933 934 935 
936 937 938 939 940 941 942 943 944 
945 946 947 948 949 950 951 952 953 
954 955 956 957 958 959 960 961 962 
963 964 965 966 967 968 969 970 971 
972 973 974 975 976 977 978 979 980 
981 982 983 984 985 986 987 988 989 
990 991 992 993 994 995 996 997 998 
999 1000 1001 1002 1003 1004 1005 1006 1007 
1008 1009 1010 1011 1012 1013 1014 1015 1016 
1017 1018 1019 1020 1021 1022 1023 1024 1025 
1026 1027 1028 1029 1030 1031 1032 1033 1034 
1035 1036 1037 1038 1039 1040 1041 1042 1043 
1044 1045 1046 1047 1048 1049 1050 1051 1052 
1053 1054 1055 1056 1057 1058 1059 1060 1061 
1062 1063 1064 1065 1066 1067 1068 1069 1070 
1071 1072 1073 1074 1075 1076 1077 1078 1079 
1080 1081 1082 1083 1084 1085 1086 1087 1088 
1089 1090 1091 1092 1093 1094 1095 1096 1097 
1098 1099 1100 1101 1102 1103 1104 1105 1106 
1107 1108 1109 1110 1111 1112 1113 1114 1115 
1116 1117 1118 1119 1120 1121 1122 1123 1124 
1125 1126 1127 1128 1129 1130 1131 1132 1133 
1134 1135 1136 1137 1138 1139 1140 1141 1142 
1143 1144 1145 1146 1147 1148 1149 1150 1151 
1152 1153 1154 1155 1156 1157 1158 1159 1160 
1161 1162 1163 1164 1165 1166 1167 1168 1169 
1170 1171 1172 1173 1174 1175 1176 1177 1178 
1179 1180 1181 1182 1183 1184 1185 1186 1187 
1188 1189 1190 1191 1192 1193 1194 1195 1196 
1197 1198 1199 1200 1201 1202 1203 1204 1205 
1206 1207 1208 1209 1210 1211 1212 1213 1214 
1215 1216 1217 1218 1219 1220 1221 1222 1223 
1224 1225 1226 1227 1228 1229 1230 1231 1232 
1233 1234 1235 1236 1237 1238 1239 1240 1241 
1242 1243 1244 1245 1246 1247 1248 1249 1250 
1251 1252 1253 1254 1255 1256 1257 1258 1259 
1260 1261 1262 1263 1264 1265 1266 1267 1268 
1269 1270 1271 1272 1273 1274 1275 1276 1277 
1278 1279 1280 1281 1282 1283 1284 1285 1286 
1287 1288 1289 1290 1291 1292 1293 1294 1295 
1296 1297 1298 1299 1300 1301 1302 1303 1304 
1305 1306 1307 1308 1309 1310 1311 1312 1313 
1314 1315 1316 1317 1318 1319 1320 1321 1322 
1323 1324 1325 1326 1327 1328 1329 1330 1331 
1332 1333 1334 1335 1336 1337 1338 1339 1340 
1341 1342 1343 1344 1345 1346 1347 1348 1349 
1350 1351 1352 1353 1354 1355 1356 1357 1358 
1359 1360 1361 1362 1363 1364 1365 1366 1367 
1368 1369 1370 1371 1372 1373 1374 1375 1376 
1377 1378 1379 1380 1381 1382 1383 1384 1385 
1386 1387 1388 1389 1390 1391 1392 1393 1394 
1395 1396 1397 1398 1399 1400 1401 1402 1403 
1404 1405 1406 1407 1408 1409 1410 1411 1412 
1413 1414 1415 1416 1417 1418 1419 1420 1421 
1422 1423 1424 1425 1426 1427 1428 1429 1430 
1431 1432 1433 1434 1435 1436 1437 1438 1439 
1440 1441 1442 1443 1444 1445 1446 1447 1448 
1449 1450 1451 1452 1453 1454 1455 1456 1457 
1458 1459 1460 1461 1462 1463 1464 1465 1466 
1467 1468 1469 1470 1471 1472 1473 1474 1475 
1476 1477 1478 1479 1480 1481 1482 1483 1484 
1485 1486 1487 1488 1489 1490 1491 1492 1493 
1494 1495 1496 1497 1498 1499 1500 1501 1502 
1503 1504 1505 1506 1507 1508 1509 1510 1511 
1512 1513 1514 1515 1516 1517 1518 1519 1520 
1521 1522 1523 1524 1525 1526 1527 1528 1529 
1530 1531 1532 1533 1534 1535 1536 1537 1538 
1539 1540 1541 1542 1543 1544 1545 1546 1547 
1548 1549 1550 1551 1552 1553 1554 1555 1556 
1557 1558 1559 1560 1561 1562 1563 1564 1565 
1566 1567 1568 1569 1570 1571 1572 1573 1574 
1575 1576 1577 1578 1579 1580 1581 1582 1583 
1584 1585 1586 1587 1588 1589 1590 1591 1592 
1593 1594 1595 1596 1597 1598 1599 1600 1601 
1602 1603 1604 1605 1606 1607 1608 1609 1610 
1611 1612 1613 1614 1615 1616 1617 1618 1619 
1620 1621 1622 1623 1624 1625 1626 1627 1628 
1629 1630 1631 1632 1633 1634 1635 1636 1637 
1638 1639 1640 1641 1642 1643 1644 1645 1646 
1647 1648 1649 1650 1651 1652 1653 1654 1655 
1656 1657 1658 1659 1660 1661 1662 1663 1664 
1665 1666 1667 1668 1669 1670 1671 1672 1673 
1674 1675 1676 1677 1678 1679 1680 1681 1682 
1683 1684 1685 1686 1687 1688 1689 1690 1691 
1692 1693 1694 1695 1696 1697 1698 1699 1700 
1701 1702 1703 1704 1705 1706 1707 1708 1709 
1710 1711 1712 1713 1714 1715 1716 1717 1718 
1719 1720 1721 1722 1723 1724 1725 1726 1727 
1728 1729 1730 1731 1732 1733 1734 1735 1736 
1737 1738 1739 1740 1741 1742 1743 1744 1745 
1746 1747 1748 1749 1750 1751 1752 1753 1754 
1755 1756 1757 1758 1759 1760 1761 1762 1763 
1764 1765 1766 1767 1768 1769 1770 1771 1772 
1773 1774 1775 1776 1777 1778 1779 1780 1781 
1782 1783 1784 1785 1786 1787 1788 1789 1790 
1791 1792 1793 1794 1795 1796 1797 1798 1799 
1800 1801 1802 1803 1804 1805 1806 1807 1808 
1809 1810 1811 1812 1813 1814 1815 1816 1817 
1818 1819 1820 1821 1822 1823 1824 1825 1826 
1827 1828 1829 1830 1831 1832 1833 1834 1835 
1836 1837 1838 1839 1840 1841 1842 1843 1844 
1845 1846 1847 1848 1849 1850 1851 1852 1853 
1854 1855 1856 1857 1858 1859 1860 1861 1862 
1863 1864 1865 1866 1867 1868 1869 1870 1871 
1872 1873 1874 1875 1876 1877 1878 1879 1880 
1881 1882 1883 1884 1885 1886 1887 1888 1889 
1890 1891 1892 1893 1894 1895 1896 1897 1898 
1899 1900 1901 1902 1903 1904 1905 1906 1907 
1908 1909 1910 1911 1912 1913 1914 1915 1916 
1917 1918 1919 1920 1921 1922 1923 1924 1925 
1926 1927 1928 1929 1930 1931 1932 1933 1934 
1935 1936 1937 1938 1939 1940 1941 1942 1943 
1944 1945 1946 1947 1948 1949 1950 1951 1952 
1953 1954 1955 1956 1957 1958 1959 1960 1961 
1962 1963 1964 1965 1966 1967 1968 1969 1970 
1971 1972 1973 1974 1975 1976 1977 1978 1979 
1980 1981 1982 1983 1984 1985 1986 1987 1988 
1989 1990 1991 1992 1993 1994 1995 1996 1997 
1998 1999 2000 2001 2002 2003 2004 2005 2006 
2007 2008 2009 2010 2011 2012 2013 2014 2015 
2016 2017 2018 2019 2020 2021 2022 2023 2024 
2025 2026 2027 2028 2029 2030 2031 2032 2033 
2034 2035 2036 2037 2038 2039 2040 2041 2042 
2043 2044 2045 2046 2047 2048 2049 2050 2051 
2052 2053 2054 2055 2056 2057 2058 2059 2060 
2061 2062 2063 2064 2065 2066 2067 2068 2069 
2070 2071 2072 2073 2074 2075 2076 2077 2078 
2079 2080 2081 2082 2083 2084 2085 2086 2087 
2088 2089 2090 2091 2092 2093 2094 2095 2096 
2097 2098 2099 2100 2101 2102 2103 2104 2105 
2106 2107 2108 2109 2110 2111 2112 2113 2114 
2115 2116 2117 2118 2119 2120 2121 2122 2123 
2124 2125 2126 2127 2128 2129 2130 2131 2132 
2133 2134 2135 2136 2137 2138 2139 2140 2141 
2142 2143 2144 2145 2146 2147 2148 2149 2150 
2151 2152 2153 2154 2155 2156 2157 2158 2159 
2160 2161 2162 2163 2164 2165 2166 2167 2168 
2169 2170 2171 2172 2173 2174 2175 2176 2177 
2178 2179 2180 2181 2182 2183 2184 2185 2186 
2187 2188 2189 2190 2191 2192 2193 2194 2195 
2196 2197 2198 2199 2200 2201 2202 2203 2204 
2205 2206 2207 2208 2209 2210 2211 2212 2213 
2214 2215 2216 2217 2218 2219 2220 2221 2222 
2223 2224 2225 2226 2227 2228 2229 2230 2231 
2232 2233 2234 2235 2236 2237 2238 2239 2240 
2241 2242 2243 2244 2245 2246 2247 2248 2249 
2250 2251 2252 2253 2254 2255 2256 2257 2258 
2259 2260 2261 2262 2263 2264 2265 2266 2267 
2268 2269 2270 2271 2272 2273 2274 2275 2276 
2277 2278 2279 2280 2281 2282 2283 2284 2285 
2286 2287 2288 2289 2290 2291 2292 2293 2294 
2295 2296 2297 2298 2299 2300 2301 2302 2303 
2304 2305 2306 2307 2308 2309 2310 2311 2312 
2313 2314 2315 2316 2317 2318 2319 2320 2321 
2322 2323 2324 2325 2326 2327 2328 2329 2330 
2331 2332 2333 2334 2335 2336 2337 2338 2339 
2340 2341 2342 2343 2344 2345 2346 2347 2348 
2349 2350 2351 2352 2353 2354 2355 2356 2357 
2358 2359 2360 2361 2362 2363 2364 2365 2366 
2367 2368 2369 2370 2371 2372 2373 2374 2375 
2376 2377 2378 2379 2380 2381 2382 2383 2384 
2385 2386 2387 2388 2389 2390 2391 2392 2393 
2394 2395 2396 2397 2398 2399 2400 2401 2402 
2403 2404 2405 2406 2407 2408 2409 2410 2411 
2412 2413 2414 2415 2416 2417 2418 2419 2420 
2421 2422 2423 2424 2425 2426 2427 2428 2429 
2430 2431 2432 2433 2434 2435 2436 2437 2438 
2439 2440 2441 2442 2443 2444 2445 2446 2447 
2448 2449 2450 2451 2452 2453 2454 2455 2456 
2457 2458 2459 2460 2461 2462 2463 2464 2465 
2466 2467 2468 2469 2470 2471 2472 2473 2474 
2475 2476 2477 2478 2479 2480 2481 2482 2483 
2484 2485 2486 2487 2488 2489 2490 2491 2492 
2493 2494 2495 2496 2497 2498 2499 2500 2501 
2502 2503 2504 2505 2506 2507 2508 2509 2510 
2511 2512 2513 2514 2515 2516 2517 2518 2519 
2520 2521 2522 2523 2524 2525 2526 2527 2528 
2529 2530 2531 2532 2533 2534 2535 2536 2537 
2538 2539 2540 2541 2542 2543 2544 2545 2546 
2547 2548 2549 2550 2551 2552 2553 2554 2555 
2556 2557 2558 2559 2560 2561 2562 2563 2564 
2565 2566 2567 2568 2569 2570 2571 2572 2573 
2574 2575 2576 2577 2578 2579 2580 2581 2582 
2583 2584 2585 2586 2587 2588 2589 2590 2591 
2592 2593 2594 2595 2596 2597 2598 2599 2600 
2601 2602 2603 2604 2605 2606 2607 2608 2609 
2610 2611 2612 2613 2614 2615 2616 2617 2618 
2619 2620 2621 2622 2623 2624 2625 2626 2627 
2628 2629 2630 2631 2632 2633 2634 2635 2636 
2637 2638 2639 2640 2641 2642 2643 2644 2645 
2646 2647 2648 2649 2650 2651 2652 2653 2654 
2655 2656 2657 2658 2659 2660 2661 2662 2663 
2664 2665 2666 2667 2668 2669 2670 2671 2672 
2673 2674 2675 2676 2677 2678 2679 2680 2681 
2682 2683 2684 2685 2686 2687 2688 2689 2690 
2691 2692 2693 2694 2695 2696 2697 2698 2699 
2700 2701 2702 2703 2704 2705 2706 2707 2708 
2709 2710 2711 2712 2713 2714 2715 2716 2717 
2718 2719 2720 2721 2722 2723 2724 2725 2726 
2727 2728 2729 2730 2731 2732 2733 2734 2735 
2736 2737 2738 2739 2740 2741 2742 2743 2744 
2745 2746 2747 2748 2749 2750 2751 2752 2753 
2754 2755 2756 2757 2758 2759 2760 2761 2762 
2763 2764 2765 2766 2767 2768 2769 2770 2771 
2772 2773 2774 2775 2776 2777 2778 2779 2780 
2781 2782 2783 2784 2785 2786 2787 2788 2789 
2790 2791 2792 2793 2794 2795 2796 2797 2798 
2799 2800 2801 2802 2803 2804 2805 2806 2807 
2808 2809 2810 2811 2812 2813 2814 2815 2816 
2817 2818 2819 2820 2821 2822 2823 2824 2825 
2826 2827 2828 2829 2830 2831 2832 2833 2834 
2835 2836 2837 2838 
POINT_DATA 2839
FIELD FieldData 5
id 1 2839 int
30278 47169 34313 3510 2356 3568 1592 1879 48069 
49081 21575 48015 43540 1111 48772 33695 46342 2767 
39584 42213 19420 669 2093 613 4567 2327 869 
15673 3505 2687 39478 6777 6989 3092 5053 19377 
34974 17246 39686 6186 4587 40163 48573 48608 3557 
39232 5028 2535 24637 22749 40127 48665 1805 40222 
3765 12151 5705 5496 21556 21098 476 6192 16584 
40132 3474 4672 3101 34065 2845 46386 42087 27284 
6654 4475 19857 47391 4161 48183 1303 21411 3920 
47248 529 47712 31103 3545 6811 7398 31138 37798 
41143 4933 1625 904 30277 334 2937 1984 12380 
48822 301 4086 11948 20903 16668 3555 30131 17547 
26062 2070 13394 5366 43431 35094 45897 4188 7152 
43602 7240 4751 6969 1576 7453 34623 4627 29309 
5215 14239 20896 17302 40103 2640 3794 39830 47684 
2366 630 4938 12752 44714 48106 4654 7366 289 
40118 45423 296 29263 26028 34167 3881 2067 2825 
644 6451 4382 39829 610 44982 3336 496 4457 
25006 30590 38155 3208 16309 42885 26491 1840 4535 
20091 2922 1746 36306 45968 12570 4945 1055 11933 
1560 19323 6202 1019 4121 6850 3787 676 12115 
6983 1950 44342 26017 758 800 6598 3528 2550 
6028 7336 4058 4643 1888 15414 1071 6633 3354 
2812 6440 16251 1153 21637 35484 25173 22579 39646 
4989 4294 47766 6678 17232 670 5543 7473 4715 
3943 3973 34353 5912 17350 34843 179 7309 3011 
4274 7340 2161 5121 1591 7596 4712 3051 3781 
2556 5907 47945 7501 2615 3925 7487 16429 4445 
43572 5751 2863 4580 6782 10796 2025 5023 11726 
6075 29369 11896 10153 6002 11071 398 2471 38632 
14982 1012 6259 16281 10966 3702 818 457 5149 
25828 35189 1833 395 653 21169 22041 3189 5374 
2110 936 21105 34487 1476 30886 7256 243 8570 
28403 6179 3874 916 87 1477 1016 17027 2231 
7538 4552 9150 4965 9770 7010 2314 2565 7793 
1858 4668 293 6527 6601 45367 5866 4452 11274 
2923 7099 28866 11883 6667 2728 6680 4873 31052 
22063 3896 26591 47022 23 590 3198 38377 2772 
2660 822 11722 886 10527 2470 11533 5572 420 
4817 4365 4784 982 8382 16691 3560 34742 4249 
7209 6974 6603 5416 12042 1549 3825 30941 5972 
14682 39215 3122 2034 16319 632 7128 5002 6197 
26497 4957 7447 48722 29945 6998 1418 15691 4173 
16204 25484 4005 168 4753 9474 21006 1167 2554 
3329 12407 2376 29 6441 9517 43899 1694 30989 
558 17279 47146 1300 6265 6195 3578 4522 2803 
14723 16056 5109 1647 6211 5918 2026 3675 7277 
7124 7278 6886 3972 48287 17293 7283 3857 7034 
3427 4166 11217 16719 3489 3652 5765 6262 9541 
8634 9032 6723 2558 3586 21952 17029 3981 10997 
17245 21489 3515 4071 42191 2140 2677 1905 21570 
10636 20823 1722 26145 34165 46631 5811 6321 4032 
12451 5283 667 8968 927 44431 3019 20241 9078 
26258 6925 12081 564 747 683 7425 7315 4781 
5896 6972 4472 4338 14446 427 8866 39152 2543 
17321 470 1022 48286 2290 5372 1191 2562 207 
7516 995 7226 7230 3934 10025 2127 2762 4417 
5363 9733 5208 4708 12160 11157 2804 7577 7357 
17353 1426 7461 17305 4262 7208 6655 6898 49065 
43897 38372 5890 6329 3759 6606 2176 5144 11373 
5334 11414 2142 3134 23609 3906 5127 1870 3512 
1327 17317 1246 1463 7180 5255 21159 12114 17120 
1880 16876 854 4799 1792 39471 3612 449 15190 
7004 6653 7495 1504 3815 48761 9777 9386 3417 
2750 16205 12798 5134 4923 30324 1967 23226 5330 
16754 505 15888 4589 10169 15869 11866 2811 6714 
6010 11471 17242 11221 5377 3215 2975 4849 5868 
4659 1708 4351 23104 4028 2730 1222 2666 6279 
12997 72 3254 17166 22795 6356 831 20993 3706 
2805 1890 7102 9668 16923 3817 2664 9974 2955 
1256 5087 8763 10889 711 6216 11727 9820 4582 
12279 4346 8068 3133 11483 2112 2381 11253 23791 
1085 11826 86 3111 17271 3223 5290 7338 20574 
4604 9137 6486 5396 17146 5891 39924 1677 13908 
21859 4517 10618 2958 1501 7474 2591 3897 11874 
16306 26180 517 11178 7528 205 239 9130 24686 
30623 2357 545 3516 11496 7438 11498 7370 11053 
12465 5845 1931 12183 15415 2296 21904 4722 5680 
4212 4184 6638 11464 7142 12486 5392 35173 1331 
2889 7000 12315 2288 39416 62 11945 1380 5700 
6500 8977 28342 3922 21903 1102 11137 894 2094 
20568 16717 28778 12082 44502 3061 1872 6088 11555 
23800 5460 4694 3034 1242 3791 11618 964 1387 
10399 1392 2491 3802 426 2597 6967 4075 2021 
9965 5182 10544 14339 109 578 2987 6933 1070 
6268 2462 6415 2909 14 9837 4242 1544 4334 
5499 4366 34975 1267 21428 16634 8276 2698 3039 
6902 3744 3563 5592 2058 3974 10077 12014 3770 
1749 5831 2688 5203 4260 2821 49039 21713 5056 
47510 6317 6204 16131 8021 11106 594 6861 44322 
184 7362 29895 13115 1726 2719 6499 834 9931 
12490 6686 46944 4064 4515 37158 3278 7441 5865 
12493 966 5228 12532 5728 11737 11532 464 9271 
199 6954 6422 16525 19889 2506 14461 3166 10259 
23651 42715 6621 12091 2285 25035 30451 197 35322 
105 17506 20281 2835 167 1209 8812 943 6207 
16121 2560 6895 3358 9936 10554 4443 17316 12441 
2388 2627 11334 1137 3332 25317 6118 10359 2495 
13303 24792 5230 25770 3811 11348 35101 1117 11294 
2048 5641 8083 528 21459 3824 20581 18544 7109 
5487 4519 11107 2232 905 5273 4406 17198 1189 
8240 9512 5844 10540 316 5465 1934 353 7323 
1711 2041 16074 6116 6503 35069 3722 4902 4448 
2925 10054 10679 2170 14164 6949 1808 4992 45858 
24413 2291 6076 18075 639 2756 1165 20867 31509 
704 5422 20658 24678 6770 30910 2573 5131 10306 
12974 14641 7178 6708 319 717 6381 12122 3477 
5443 7969 271 3211 12271 34374 3725 954 3594 
3422 12438 17462 6677 12087 5894 34781 4384 814 
23420 1941 2842 4908 3152 5698 5885 5932 21549 
6153 2552 6398 19345 2546 3751 2342 8101 1698 
6976 7134 2956 7261 1809 4002 3611 6593 4771 
17068 11022 14527 20236 31242 21611 2046 22649 10500 
436 27088 47354 79 30897 39491 5227 2253 7568 
26291 4348 48497 3501 1512 7105 26483 7367 4532 
11960 5582 3713 3908 2779 4214 29823 5140 44165 
2410 2091 10932 16746 2900 2050 8746 14808 25630 
5913 4661 12046 6490 362 12297 437 30697 5503 
28020 5802 11599 9929 870 2328 10378 6666 3820 
30079 17372 5745 5086 11536 2763 5342 11385 1064 
6483 11663 1248 35168 748 11566 93 481 970 
19640 4743 10360 2800 5992 26493 3244 6243 15026 
6264 25001 2406 22280 28141 3968 6479 135 7550 
16981 38787 7024 4925 21770 912 7989 2533 11685 
26201 2178 9328 5437 11109 26407 12041 2606 8275 
10677 8485 9926 41469 2079 28996 33502 3784 2242 
1518 1273 20968 2795 11712 47313 25777 13715 640 
376 4258 6272 30346 20456 28753 37850 24733 195 
106 94 10102 6565 12068 522 3168 40254 477 
4127 1525 17107 5568 2694 563 11393 12613 3300 
36294 22347 453 5741 3826 5933 2081 4879 19365 
5515 7342 6587 20033 6468 21005 13893 26561 30762 
6121 47196 43438 6841 3783 4862 16962 5659 1866 
10641 26397 282 2639 3376 2131 5080 12628 2851 
5110 601 7319 3275 245 2102 25937 24635 47347 
4390 3625 1778 10811 651 5589 3775 14670 22231 
6386 20487 560 981 1748 10419 12349 11186 35966 
27785 7740 47082 49111 12431 3748 4556 10750 2009 
26271 5340 9693 26356 1118 5967 12387 14086 26447 
492 3281 35186 832 12411 1050 12645 6027 6776 
3129 7532 32729 16644 15940 876 17717 2486 20308 
3159 12069 15420 42079 48931 9334 42161 16588 11315 
3977 11648 5601 26468 12345 10670 10993 5176 16677 
44154 6689 37920 11501 4094 18556 10662 1653 14332 
11083 22290 345 2042 3096 10536 11909 468 16132 
2656 26947 4854 2280 12016 12340 13916 1223 10248 
42691 17501 10724 1226 6403 7358 6169 2287 4980 
7921 1527 3062 1799 4864 3500 13681 58 1043 
1049 2607 5519 7339 7432 1253 2439 4997 20011 
17006 17258 17100 20970 9278 23679 7117 28017 3668 
3104 5147 335 1583 31065 3776 20811 27473 4500 
5217 7546 9424 3460 12397 1830 35310 7371 16301 
3987 14432 6823 4055 2164 2390 33302 21069 15694 
11068 1149 15503 11957 7510 20665 2590 30294 34454 
22 7243 12281 6564 2915 12728 286 6325 4548 
23258 6712 2951 5061 39657 9177 3247 16339 5538 
9128 17013 1845 6808 1510 15996 4961 8999 21702 
12661 12372 15727 6276 33432 16364 38475 43578 796 
4051 28490 47658 550 15425 6993 3000 5657 7015 
3370 43922 4952 25424 15363 4232 772 3317 187 
10154 2966 24713 2331 10397 30542 2250 44517 16472 
1061 285 26473 2837 9696 10756 18697 31084 5749 
8934 2778 45497 2277 28635 45387 2860 26108 7123 
6559 7192 6054 1621 20260 19773 25064 2723 4836 
2598 17156 7057 7112 4960 12030 6883 6303 8854 
5838 11260 813 7472 5445 11701 28647 49067 7153 
29791 22703 39274 2211 958 45633 35875 5284 4344 
30992 48175 1878 3711 30833 48678 39191 4243 30496 
2496 8280 30742 763 6409 1938 1213 2559 5718 
12025 11233 438 29179 24993 19176 20985 34750 16057 
7529 10240 141 43191 18325 48559 15539 4901 20422 
1882 3418 14606 18930 1126 18401 6034 333 4022 
17130 12462 16958 22023 6981 4487 10991 16505 3136 
3245 4860 10326 27914 8860 48170 30329 3006 6450 
11788 7535 12365 1397 46073 5773 3992 22034 3049 
5316 28681 45235 6921 44588 157 12311 34556 766 
4247 2600 6142 5252 4893 3252 5058 35428 697 
850 20113 7486 3206 37579 29602 46137 3648 17109 
5229 42473 43645 3493 617 15761 21619 16137 5697 
6795 26562 4291 6236 5775 11457 4374 121 1660 
4148 30684 4846 48764 425 4437 6062 41684 47344 
1894 16464 21738 3038 21812 10817 2773 48517 21303 
47964 846 15212 39411 17009 24682 417 47182 20507 
4763 1935 12358 6889 12571 35610 369 23758 771 
5801 48819 5850 45476 2502 10229 1129 6958 8926 
43244 4728 6817 3179 4392 47493 480 7815 8373 
21255 17958 10800 44236 3610 6519 13889 45417 12124 
2974 475 22479 2057 2727 1918 221 5455 11191 
1690 12364 8940 450 44166 902 4863 26602 3243 
48836 47076 46751 5837 11388 148 43496 14363 30851 
28819 4899 31106 11338 10382 36369 37097 45449 1201 
3603 5115 11681 10828 3595 12478 15597 96 20956 
1178 10469 5853 12460 35591 36786 26414 39223 35772 
3917 8227 5579 48470 6380 14391 39613 576 10717 
38186 2534 21694 47120 46838 19962 2107 6052 3645 
10706 1464 8151 10546 1662 3743 12141 7022 4628 
10515 26119 2019 11891 1456 4337 31064 6872 4507 
10213 387 542 5766 45952 25286 5975 30654 3201 
18242 5900 42097 35499 34871 24811 28559 43901 5155 
1096 6650 2670 19986 35447 6977 24910 24900 10842 
15485 14483 6357 20676 44738 2247 1329 6198 147 
2867 12073 6391 30832 2461 3542 38980 9637 2537 
7972 32611 48479 40783 22325 2085 1974 5663 11769 
49102 39636 45615 40106 46988 3084 14875 2311 6342 
2634 9290 8773 6347 837 2500 30112 3372 35444 
3035 2297 6324 28750 15490 15381 25503 13048 47175 
5880 2755 2929 21897 2799 10921 15588 30336 38644 
43413 47866 7039 10197 14646 555 2109 35134 46577 
5715 21957 1610 1942 1557 7106 10970 1349 1640 
4886 853 1861 6684 5162 26226 2586 1453 3362 
48430 38669 19759 44117 48749 11738 12327 47988 8488 
17352 25721 45817 46975 306 4248 6741 4141 21934 
47863 25478 9678 11721 7158 16040 547 4429 26580 
6747 11853 5696 16355 20088 17134 7505 1562 8146 
6931 2246 6214 11835 30099 24130 47886 7295 5414 
34722 4527 47472 38574 16737 45857 695 1407 12576 
5551 3222 14678 35064 12190 48233 47617 2857 4428 
2959 11045 4687 7311 12283 597 7030 4328 5181 
34 1863 5337 39969 11299 48535 40434 45516 37336 
47026 48411 44688 4378 11344 47896 45409 42677 40 
7198 2282 2793 3517 48453 40781 30945 1233 586 
1609 26073 2689 48 11153 5093 6115 12119 3093 
12483 7090 2547 41921 48728 12822 4947 9836 16432 
30951 9562 352 39768 48572 6263 48521 533 1297 
4370 397 8376 30975 8626 10481 3355 1865 2501 
4341 4636 16818 1742 287 6362 12502 2377 4405 
44917 40038 5923 25567 31 3228 21483 43023 47386 
15209 19274 3456 6608 4215 7723 31394 1929 16448 
8145 3494 3935 10599 4371 6388 23402 6923 4442 
4309 30267 4911 2061 7089 36988 25090 9898 21292 
5498 4594 2154 26839 2583 18487 45600 4052 7265 
3473 3629 26626 48877 48191 3621 687 4403 3532 
9218 21669 329 1573 11808 22031 2692 11123 338 
6690 34970 1756 3098 46213 45179 18273 3602 11543 
11062 26595 46133 45595 45057 46982 41145 34601 30289 
2768 43861 784 30823 4450 32160 46746 5968 328 
5857 1524 11281 6796 45723 1514 3941 1417 5248 
44080 4305 10988 7108 10960 39494 30788 1219 4419 
5317 40008 45547 1378 45773 41024 47477 34530 3903 
16969 1044 2023 2448 48000 39426 16873 21899 6253 
7359 3451 17048 2936 52 10895 17843 2066 12038 
34340 327 6484 5758 1919 10485 6652 45970 2775 
110 7414 2512 27715 46028 46845 23978 22225 49056 
6520 21579 1294 1850 39322 48982 45259 41251 5150 
12028 4101 1764 12420 8395 11869 5795 1088 21725 
5507 4847 16653 7419 1666 2269 44037 1468 5164 
9840 1699 34322 48551 18991 7016 46390 12305 726 
6903 12304 48012 35425 4683 16895 6617 48246 15712 
4666 2343 2854 5858 39188 3841 48520 48379 6994 
11012 2396 21241 12296 4730 11392 12848 10125 7069 
45375 1930 11646 3984 46695 47506 998 25534 614 
10919 2040 44625 44803 260 7008 3705 12453 2783 
21954 48159 45774 46649 399 6446 15286 27908 3177 
799 11653 3425 6309 14909 4408 9451 264 6526 
291 5980 30342 45031 31950 515 1290 28650 75 
12394 45264 44841 47023 44689 44268 40247 6017 12021 
2892 18514 20242 41727 39267 12253 3185 9884 10597 
7139 9414 16797 6855 9962 26460 971 931 11187 
1330 30866 2705 6988 5732 2350 33965 21081 2419 
5198 3480 5286 16800 47505 42212 6382 45151 1552 
546 9523 1886 3570 48189 48688 45998 7448 2585 
4050 2683 12375 1745 6535 2272 15832 6420 26642 
3117 4943 10426 21967 49024 45504 43080 48084 17382 
6314 699 48755 25584 42527 769 1844 3033 12285 
6074 4590 42690 6102 44662 48968 7558 16540 31097 
6338 487 5583 16375 6331 2582 5981 3440 4427 
12015 1486 1790 46796 25136 45168 1802 2942 7073 
46851 31380 5275 10729 5917 10697 29582 4440 5210 
16695 19750 35453 9970 21280 21431 5376 4663 5936 
11983 2010 7456 3481 4550 821 3388 3105 5803 
11167 880 5717 48922 45099 2340 1283 6190 44674 
43063 47498 4738 26367 3130 40526 718 15402 9914 
10155 10355 45016 15782 46557 15806 35040 5505 1498 
6613 1469 1730 5603 835 2898 3894 5964 4298 
24929 42145 3959 11188 11631 42005 7168 45164 38955 
5771 8537 3087 35970 3091 2333 17341 1700 16529 
5186 39805 11152 1148 2235 540 11241 25823 12316 
3797 8572 459 722 3693 48041 3940 30935 2368 
3146 4987 47937 26199 2881 32581 6288 6702 45443 
3605 4446 25408 47858 25988 45360 17 1150 10149 
2989 17086 7401 3527 12599 29474 737 15804 5974 
5607 8110 9121 47453 46548 30134 1831 6281 2383 
4655 574 48076 979 37816 44975 45815 44840 629 
11256 16553 2667 3753 45675 48733 4108 5156 917 
11651 8184 9162 3160 6943 45481 45166 25422 46739 
37381 45206 5667 34161 6495 45708 46011 5137 44786 
761 1459 2425 19317 37498 34243 928 35372 48152 
45714 16484 4132 34433 987 44630 2458 45838 1614 
46449 29871 48218 45585 29579 26329 47071 7520 46696 
47958 44955 25518 534 45019 47445 4569 44758 46086 
6876 46842 3585 1337 46050 30357 19661 44853 43733 
42492 775 17371 40841 38239 3726 46800 2976 46358 
46295 6326 1655 42873 47934 3658 5022 44944 29028 
47829 43081 45670 12058 15201 47482 1180 44872 588 
43705 48279 283 16929 29675 4644 43084 6333 26266 
2699 26583 33938 1876 48966 43547 46922 7368 5711 
43383 1643 45767 1824 47166 6997 47985 5899 45294 
46495 4488 1115 45390 71 32693 21510 42722 5174 
6607 3999 2278 12332 830 5720 4092 2781 5993 
3077 4484 2930 1152 4844 6962 5308 7422 3870 
933 3851 1681 6163 3864 48890 583 45717 1087 
46289 48449 40611 413 2794 2051 5886 7574 6875 
3099 1374 1475 3980 12000 2244 279 8464 9054 
44057 939 4546 888 10626 356 14127 1635 2198 
7013 4080 4619 573 8048 45056 20 7307 9105 
2184 158 6763 6031 906 12103 9398 2074 11893 
17287 4332 47630 7499 2181 5945 6467 35642 7617 
16120 35405 8436 30246 24693 10964 36813 4766 23376 
17323 17255 9771 357 46909 25479 8455 21130 19745 
22093 5615 994 16957 5319 49124 4423 48568 6951 
45969 48434 1577 30273 34185 3059 781 736 4608 
36842 720 3485 45009 48909 48472 10224 46419 20322 
5082 6056 43419 6448 46921 1958 45152 2518 3657 
4211 5106 5257 1160 46271 6744 1528 10089 1200 
7483 41800 751 40826 40162 192 5806 4837 1835 
6703 3405 5940 28509 
type 1 2839 int
1 1 1 1 1 1 1 1 1 
1 1 1 1 1 1 1 1 1 
1 1 1 1 1 1 1 1 1 
1 1 1 1 1 1 1 1 1 
1 1 1 1 1 1 1 1 1 
1 1 1 1 1 1 1 1 1 
1 1 1 1 1 1 1 1 1 
1 1 1 1 1 1 1 1 1 
1 1 1 1 1 1 1 1 1 
1 1 1 1 1 1 1 1 1 
1 1 1 1 1 1 1 1 1 
1 1 1 1 1 1 1 1 1 
1 1 1 1 1 1 1 1 1 
1 1 1 1 1 1 1 1 1 
1 1 1 1 1 1 1 1 1 
1 1 1 1 1 1 1 1 1 
1 1 1 1 1 1 1 1 1 
1 1 1 1 1 1 1 1 1 
1 1 1 1 1 1 1 1 1 
1 1 1 1 1 1 1 1 1 
1 1 1 1 1 1 1 1 1 
1 1 1 1 1 1 1 1 1 
1 1 1 1 1 1 1 1 1 
1 1 1 1 1 1 1 1 1 
1 1 1 1 1 1 1 1 1 
1 1 1 1 1 1 1 1 1 
1 1 1 1 1 1 1 1 1 
1 1 1 1 1 1 1 1 1 
1 1 1 1 1 1 1 1 1 
1 1 1 1 1 1 1 1 1 
1 1 1 1 1 1 1 1 1 
1 1 1 1 1 1 1 1 1 
1 1 1 1 1 1 1 1 1 
1 1 1 1 1 1 1 1 1 
1 1 1 1 1 1 1 1 1 
1 1 1 1 1 1 1 1 1 
1 1 1 1 1 1 1 1 1 
1 1 1 1 1 1 1 1 1 
1 1 1 1 1 1 1 1 1 
1 1 1 1 1 1 1 1 1 
1 1 1 1 1 1 1 1 1 
1 1 1 1 1 1 1 1 1 
1 1 1 1 1 1 1 1 1 
1 1 1 1 1 1 1 1 1 
1 1 1 1 1 1 1 1 1 
1 1 1 1 1 1 1 1 1 
1 1 1 1 1 1 1 1 1 
1 1 1 1 1 1 1 1 1 
1 1 1 1 1 1 1 1 1 
1 1 1 1 1 1 1 1 1 
1 1 1 1 1 1 1 1 1 
1 1 1 1 1 1 1 1 1 
1 1 1 1 1 1 1 1 1 
1 1 1 1 1 1 1 1 1 
1 1 1 1 1 1 1 1 1 
1 1 1 1 1 1 1 1 1 
1 1 1 1 1 1 1 1 1 
1 1 1 1 1 1 1 1 1 
1 1 1 1 1 1 1 1 1 
1 1 1 1 1 1 1 1 1 
1 1 1 1 1 1 1 1 1 
1 1 1 1 1 1 1 1 1 
1 1 1 1 1 1 1 1 1 
1 1 1 1 1 1 1 1 1 
1 1 1 1 1 1 1 1 1 
1 1 1 1 1 1 1 1 1 
1 1 1 1 1 1 1 1 1 
1 1 1 1 1 1 1 1 1 
1 1 1 1 1 1 1 1 1 
1 1 1 1 1 1 1 1 1 
1 1 1 1 1 1 1 1 1 
1 1 1 1 1 1 1 1 1 
1 1 1 1 1 1 1 1 1 
1 1 1 1 1 1 1 1 1 
1 1 1 1 1 1 1 1 1 
1 1 1 1 1 1 1 1 1 
1 1 1 1 1 1 1 1 1 
1 1 1 1 1 1 1 1 1 
1 1 1 1 1 1 1 1 1 
1 1 1 1 1 1 1 1 1 
1 1 1 1 1 1 1 1 1 
1 1 1 1 1 1 1 1 1 
1 1 1 1 1 1 1 1 1 
1 1 1 1 1 1 1 1 1 
1 1 1 1 1 1 1 1 1 
1 1 1 1 1 1 1 1 1 
1 1 1 1 1 1 1 1 1 
1 1 1 1 1 1 1 1 1 
1 1 1 1 1 1 1 1 1 
1 1 1 1 1 1 1 1 1 
1 1 1 1 1 1 1 1 1 
1 1 1 1 1 1 1 1 1 
1 1 1 1 1 1 1 1 1 
1 1 1 1 1 1 1 1 1 
1 1 1 1 1 1 1 1 1 
1 1 1 1 1 1 1 1 1 
1 1 1 1 1 1 1 1 1 
1 1 1 1 1 1 1 1 1 
1 1 1 1 1 1 1 1 1 
1 1 1 1 1 1 1 1 1 
1 1 1 1 1 1 1 1 1 
1 1 1 1 1 1 1 1 1 
1 1 1 1 1 1 1 1 1 
1 1 1 1 1 1 1 1 1 
1 1 1 1 1 1 1 1 1 
1 1 1 1 1 1 1 1 1 
1 1 1 1 1 1 1 1 1 
1 1 1 1 1 1 1 1 1 
1 1 1 1 1 1 1 1 1 
1 1 1 1 1 1 1 1 1 
1 1 1 1 1 1 1 1 1 
1 1 1 1 1 1 1 1 1 
1 1 1 1 1 1 1 1 1 
1 1 1 1 1 1 1 1 1 
1 1 1 1 1 1 1 1 1 
1 1 1 1 1 1 1 1 1 
1 1 1 1 1 1 1 1 1 
1 1 1 1 1 1 1 1 1 
1 1 1 1 1 1 1 1 1 
1 1 1 1 1 1 1 1 1 
1 1 1 1 1 1 1 1 1 
1 1 1 1 1 1 1 1 1 
1 1 1 1 1 1 1 1 1 
1 1 1 1 1 1 1 1 1 
1 1 1 1 1 1 1 1 1 
1 1 1 1 1 1 1 1 1 
1 1 1 1 1 1 1 1 1 
1 1 1 1 1 1 1 1 1 
1 1 1 1 1 1 1 1 1 
1 1 1 1 1 1 1 1 1 
1 1 1 1 1 1 1 1 1 
1 1 1 1 1 1 1 1 1 
1 1 1 1 1 1 1 1 1 
1 1 1 1 1 1 1 1 1 
1 1 1 1 1 1 1 1 1 
1 1 1 1 1 1 1 1 1 
1 1 1 1 1 1 1 1 1 
1 1 1 1 1 1 1 1 1 
1 1 1 1 1 1 1 1 1 
1 1 1 1 1 1 1 1 1 
1 1 1 1 1 1 1 1 1 
1 1 1 1 1 1 1 1 1 
1 1 1 1 1 1 1 1 1 
1 1 1 1 1 1 1 1 1 
1 1 1 1 1 1 1 1 1 
1 1 1 1 1 1 1 1 1 
1 1 1 1 1 1 1 1 1 
1 1 1 1 1 1 1 1 1 
1 1 1 1 1 1 1 1 1 
1 1 1 1 1 1 1 1 1 
1 1 1 1 1 1 1 1 1 
1 1 1 1 1 1 1 1 1 
1 1 1 1 1 1 1 1 1 
1 1 1 1 1 1 1 1 1 
1 1 1 1 1 1 1 1 1 
1 1 1 1 1 1 1 1 1 
1 1 1 1 1 1 1 1 1 
1 1 1 1 1 1 1 1 1 
1 1 1 1 1 1 1 1 1 
1 1 1 1 1 1 1 1 1 
1 1 1 1 1 1 1 1 1 
1 1 1 1 1 1 1 1 1 
1 1 1 1 1 1 1 1 1 
1 1 1 1 1 1 1 1 1 
1 1 1 1 1 1 1 1 1 
1 1 1 1 1 1 1 1 1 
1 1 1 1 1 1 1 1 1 
1 1 1 1 1 1 1 1 1 
1 1 1 1 1 1 1 1 1 
1 1 1 1 1 1 1 1 1 
1 1 1 1 1 1 1 1 1 
1 1 1 1 1 1 1 1 1 
1 1 1 1 1 1 1 1 1 
1 1 1 1 1 1 1 1 1 
1 1 1 1 1 1 1 1 1 
1 1 1 1 1 1 1 1 1 
1 1 1 1 1 1 1 1 1 
1 1 1 1 1 1 1 1 1 
1 1 1 1 1 1 1 1 1 
1 1 1 1 1 1 1 1 1 
1 1 1 1 1 1 1 1 1 
1 1 1 1 1 1 1 1 1 
1 1 1 1 1 1 1 1 1 
1 1 1 1 1 1 1 1 1 
1 1 1 1 1 1 1 1 1 
1 1 1 1 1 1 1 1 1 
1 1 1 1 1 1 1 1 1 
1 1 1 1 1 1 1 1 1 
1 1 1 1 1 1 1 1 1 
1 1 1 1 1 1 1 1 1 
1 1 1 1 1 1 1 1 1 
1 1 1 1 1 1 1 1 1 
1 1 1 1 1 1 1 1 1 
1 1 1 1 1 1 1 1 1 
1 1 1 1 1 1 1 1 1 
1 1 1 1 1 1 1 1 1 
1 1 1 1 1 1 1 1 1 
1 1 1 1 1 1 1 1 1 
1 1 1 1 1 1 1 1 1 
1 1 1 1 1 1 1 1 1 
1 1 1 1 1 1 1 1 1 
1 1 1 1 1 1 1 1 1 
1 1 1 1 1 1 1 1 1 
1 1 1 1 1 1 1 1 1 
1 1 1 1 1 1 1 1 1 
1 1 1 1 1 1 1 1 1 
1 1 1 1 1 1 1 1 1 
1 1 1 1 1 1 1 1 1 
1 1 1 1 1 1 1 1 1 
1 1 1 1 1 1 1 1 1 
1 1 1 1 1 1 1 1 1 
1 1 1 1 1 1 1 1 1 
1 1 1 1 1 1 1 1 1 
1 1 1 1 1 1 1 1 1 
1 1 1 1 1 1 1 1 1 
1 1 1 1 1 1 1 1 1 
1 1 1 1 1 1 1 1 1 
1 1 1 1 1 1 1 1 1 
1 1 1 1 1 1 1 1 1 
1 1 1 1 1 1 1 1 1 
1 1 1 1 1 1 1 1 1 
1 1 1 1 1 1 1 1 1 
1 1 1 1 1 1 1 1 1 
1 1 1 1 1 1 1 1 1 
1 1 1 1 1 1 1 1 1 
1 1 1 1 1 1 1 1 1 
1 1 1 1 1 1 1 1 1 
1 1 1 1 1 1 1 1 1 
1 1 1 1 1 1 1 1 1 
1 1 1 1 1 1 1 1 1 
1 1 1 1 1 1 1 1 1 
1 1 1 1 1 1 1 1 1 
1 1 1 1 1 1 1 1 1 
1 1 1 1 1 1 1 1 1 
1 1 1 1 1 1 1 1 1 
1 1 1 1 1 1 1 1 1 
1 1 1 1 1 1 1 1 1 
1 1 1 1 1 1 1 1 1 
1 1 1 1 1 1 1 1 1 
1 1 1 1 1 1 1 1 1 
1 1 1 1 1 1 1 1 1 
1 1 1 1 1 1 1 1 1 
1 1 1 1 1 1 1 1 1 
1 1 1 1 1 1 1 1 1 
1 1 1 1 1 1 1 1 1 
1 1 1 1 1 1 1 1 1 
1 1 1 1 1 1 1 1 1 
1 1 1 1 1 1 1 1 1 
1 1 1 1 1 1 1 1 1 
1 1 1 1 1 1 1 1 1 
1 1 1 1 1 1 1 1 1 
1 1 1 1 1 1 1 1 1 
1 1 1 1 1 1 1 1 1 
1 1 1 1 1 1 1 1 1 
1 1 1 1 1 1 1 1 1 
1 1 1 1 1 1 1 1 1 
1 1 1 1 1 1 1 1 1 
1 1 1 1 1 1 1 1 1 
1 1 1 1 1 1 1 1 1 
1 1 1 1 1 1 1 1 1 
1 1 1 1 1 1 1 1 1 
1 1 1 1 1 1 1 1 1 
1 1 1 1 1 1 1 1 1 
1 1 1 1 1 1 1 1 1 
1 1 1 1 1 1 1 1 1 
1 1 1 1 1 1 1 1 1 
1 1 1 1 1 1 1 1 1 
1 1 1 1 1 1 1 1 1 
1 1 1 1 1 1 1 1 1 
1 1 1 1 1 1 1 1 1 
1 1 1 1 1 1 1 1 1 
1 1 1 1 1 1 1 1 1 
1 1 1 1 1 1 1 1 1 
1 1 1 1 1 1 1 1 1 
1 1 1 1 1 1 1 1 1 
1 1 1 1 1 1 1 1 1 
1 1 1 1 1 1 1 1 1 
1 1 1 1 1 1 1 1 1 
1 1 1 1 1 1 1 1 1 
1 1 1 1 1 1 1 1 1 
1 1 1 1 1 1 1 1 1 
1 1 1 1 1 1 1 1 1 
1 1 1 1 1 1 1 1 1 
1 1 1 1 1 1 1 1 1 
1 1 1 1 1 1 1 1 1 
1 1 1 1 1 1 1 1 1 
1 1 1 1 1 1 1 1 1 
1 1 1 1 1 1 1 1 1 
1 1 1 1 1 1 1 1 1 
1 1 1 1 1 1 1 1 1 
1 1 1 1 1 1 1 1 1 
1 1 1 1 1 1 1 1 1 
1 1 1 1 1 1 1 1 1 
1 1 1 1 1 1 1 1 1 
1 1 1 1 1 1 1 1 1 
1 1 1 1 1 1 1 1 1 
1 1 1 1 1 1 1 1 1 
1 1 1 1 1 1 1 1 1 
1 1 1 1 1 1 1 1 1 
1 1 1 1 1 1 1 1 1 
1 1 1 1 1 1 1 1 1 
1 1 1 1 1 1 1 1 1 
1 1 1 1 1 1 1 1 1 
1 1 1 1 1 1 1 1 1 
1 1 1 1 1 1 1 1 1 
1 1 1 1 1 1 1 1 1 
1 1 1 1 1 1 1 1 1 
1 1 1 1 1 1 1 1 1 
1 1 1 1 1 1 1 1 1 
1 1 1 1 1 1 1 1 1 
1 1 1 1 1 1 1 1 1 
1 1 1 1 1 1 1 1 1 
1 1 1 1 1 1 1 1 1 
1 1 1 1 1 1 1 1 1 
1 1 1 1 1 1 1 1 1 
1 1 1 1 
v 3 2839 double
0.042962808384 -0.038244306695 0.065199610985 0.041488579304 -0.012685832798 -0.34943089859 -0.031068563541 -0.013340055968 -0.33279746489 
-0.044593564707 0.021718957525 0.067590942521 -0.0011871698909 0.0037237897993 -0.33278077931 0.010099248233 0.011490997784 -0.34601074673 
0.0099937140914 0.016331850735 -0.32361288595 0.03092398643 -0.047149998929 -0.34987302992 -0.0070496109204 -0.036089180331 -0.33311298542 
0.031493037932 -0.025188471318 -0.33334616566 -0.028094878119 -0.015804738539 -0.34848454369 -0.012812223425 0.033233750148 -0.32923154793 
0.02910733848 -0.1231597629 0.14746061549 -0.00069927763807 -0.028134172676 -0.32486186307 0.0043152697866 -0.027786324334 -0.34415190056 
-0.0095638185336 -0.015030882009 -0.35262026976 0.005484209323 -0.0024347091769 -0.3260473178 0.009041534088 0.0051194174619 -0.33009046582 
0.036876273263 -9.9437874427e-05 -0.33576478183 -0.08840454364 0.075899330636 0.02054010393 -0.0054058839515 0.017125140631 -0.31749517614 
0.015052068407 0.00063604785469 -0.33178158155 0.0054110950845 0.0087194330223 -0.33557403646 0.013073418979 0.017132366997 -0.32963556601 
-0.016358601273 -0.031114474328 -0.33241620351 -0.024775426927 -0.030461441853 -0.33833318076 -0.013925976039 0.026290789061 -0.33862625784 
0.015456500146 -0.0049327917238 -0.3278384525 0.0066095985004 -0.0093364316761 -0.31669606638 -0.005315000375 0.017599442777 -0.33967350918 
0.0046793904608 0.0051055815038 -0.31784863684 -0.025971615822 0.026227471253 -0.33975516575 0.023085375684 0.026907606054 -0.30834473321 
0.041514699819 0.042248225127 -0.33818420422 0.028360133386 -0.03463111046 -0.34689065072 0.0028432184175 0.013813944716 -0.29970173929 
-0.047020057635 0.021673529134 -0.32603141295 0.030382479265 0.017109254636 -0.30067669044 0.0061524088239 0.025073642253 -0.30834482963 
-0.02036070245 -0.03828200204 -0.30375549196 -0.021741536374 -0.019153157349 -0.31847340363 -0.03069350908 -0.012043082834 -0.33884253538 
-0.042392362533 -0.0078487600198 -0.31645911197 -0.027020567381 -0.009196431177 -0.29835685004 0.01403654313 0.011697235649 -0.311161656 
-0.0015780313526 -0.022461846836 -0.29950388328 -0.02107507152 0.011107926202 -0.32038792274 -0.024419159051 0.01541467537 -0.31861005818 
0.0038816079088 0.0015880979788 -0.30530896844 0.026070226728 -0.00045737564389 -0.30493118508 0.010975848674 0.018351444596 -0.32345836677 
-0.053832431582 -0.094669433035 -0.19440415098 0.004657035553 0.091338860868 -0.33433315681 0.021679491877 0.03371795982 -0.28180110076 
0.006506849092 -0.018519541126 -0.32237716702 -0.0040370773839 0.0017427776641 -0.312464121 0.054283793701 0.11188300265 -0.12186289428 
0.042563273283 0.060223416181 -0.33019991761 -0.031159095118 -0.058513443434 -0.29590488226 0.010533029713 -0.02511039108 -0.28847251378 
-0.015211380386 -0.00596177402 -0.31709178049 0.0066462558319 0.0044997850609 -0.31531602089 0.034561321574 0.0020417304846 -0.29078500762 
-0.043739396575 -0.0031731895378 -0.28306928771 0.008355214289 0.00087169401982 -0.281401131 0.01720351802 0.021824874975 -0.31214903073 
0.0069278665735 -0.054668109495 -0.2887787206 -0.055628828524 -0.053923420508 -0.30885996332 0.028635249991 -0.014613711906 -0.30092474972 
-0.0095691544554 0.016223018268 -0.29497113603 0.0045410623882 0.013085197733 -0.28828939036 0.024293872187 0.028528817939 -0.27300741138 
0.010101645371 -0.060289380094 -0.30091318441 -0.0086356446478 -0.029430402609 -0.28546112068 0.0303571165 -0.021648961879 -0.28137533575 
0.00378838064 -0.011739282149 -0.28173694222 -0.01476101373 0.01322143613 -0.28538807507 -0.0099559343856 -0.031024461299 -0.26995292949 
-0.0033173143037 -0.0095219633286 -0.28694469842 -0.0034415944668 0.017024351501 -0.27314759916 0.013680561128 -0.023875269934 -0.2598049403 
-0.036332634536 0.011480184152 -0.25966587872 0.014237366987 0.01853824672 -0.2557539397 0.029071193376 -0.051183038578 -0.24913312879 
0.052784853747 -0.038802113451 -0.25340730071 0.0065160933425 0.006791379145 -0.27397635843 0.040577976357 0.043351021623 -0.25731567842 
0.040285221252 0.044768667439 -0.26403833145 0.013625597119 -0.020872706059 -0.2722582653 0.037703372436 -0.0096055693731 -0.26234194065 
-0.039414012613 -0.012646946143 -0.2654825478 -0.016135823588 -0.024403737707 -0.26372297785 -0.01029954103 -0.0092064607354 -0.26754383641 
0.0093953939176 -0.0016699063823 -0.25739945221 -0.0032967440671 0.0013275668667 -0.24708880523 0.0074376290929 0.012970798372 -0.25050717156 
0.019511464523 0.013456516697 -0.2835695812 -0.02377596251 0.011667447945 -0.26711391836 0.067981222403 0.027356641857 -0.26110414473 
0.02371049213 -0.019935409585 -0.23923196663 0.056771939973 -0.014538679541 -0.2574421736 -0.0067607507644 0.041844726447 -0.26012517467 
0.0038404418455 0.06693656729 -0.2629638277 -0.025987422446 0.057876999183 -0.24205044302 0.0087433852695 -0.039638697917 -0.24131951559 
0.00028825899083 -0.017454295363 -0.24382555154 0.0031277074088 -0.0068900972596 -0.24568737045 0.021161993623 -0.0083556638464 -0.26330127904 
0.025032125816 0.018074719297 -0.24251375513 -0.042315201285 -0.048401801671 -0.21789569703 -0.0052221932316 -0.037217611363 -0.22133340459 
0.0087137744861 -0.016037868539 -0.25003775069 0.028996885672 0.0093500687863 -0.25582240528 0.035365332034 -0.0069063053867 -0.2283793837 
-0.0071788811639 -0.016232295531 0.17792257187 0.0098149413814 -0.038383062268 -0.20914707285 0.011594153936 -0.0057656282811 -0.24395303263 
0.043206879616 0.010256604769 -0.23324810407 -0.00088036343672 0.023604825876 -0.221576456 -0.010460591837 0.022498284885 -0.35778166625 
-0.011100588461 -0.034135145485 -0.23364950221 0.010814336592 -0.034704556604 -0.23468962585 -0.033252145613 -0.033977115902 -0.24251062822 
-0.027735128479 -0.03209494963 -0.20462038894 0.0029688644028 -0.017108120195 -0.22101732334 0.032315321646 -0.028539859697 -0.22938944031 
-0.004041864533 0.025104301476 -0.22620772257 0.020785642056 0.033668977257 -0.23093389466 0.022692094301 -0.046201601791 -0.22290673117 
-0.019595604201 -0.025776807826 -0.23266893654 -0.014116383685 0.0082709618117 -0.1927852263 -0.036261343407 -0.010293965167 -0.21756453148 
-0.030128350642 0.021895001792 -0.24198112112 0.025202017885 0.022998740455 -0.21891203679 -0.02891381611 0.026217991922 -0.2019694532 
0.044704922878 0.025587171133 -0.20164696657 0.0065863497123 -0.018802631232 -0.21409162088 -0.029542223226 -0.020354812342 -0.19152504963 
-0.032341115208 0.0052150665416 -0.21403119557 0.028101356572 0.051073440041 -0.23837785211 -0.015051644916 -0.04790908216 -0.19639158291 
0.011237824877 0.04608474758 -0.17993673697 0.01870286678 0.034452818288 -0.20899259581 0.018747141723 0.068809271989 -0.20503767943 
0.038032092056 -0.027907382186 -0.1879700019 0.044461740004 -0.032517916276 -0.18140918736 -0.017068696149 -0.02019580279 -0.20608834442 
0.0013419284378 -0.016373858818 -0.19110143745 0.021535832189 -0.0022042009711 -0.21270231166 -0.013467468839 0.0033567008054 -0.19828097718 
0.029123678321 0.00039061862686 -0.17231760431 -0.030682360988 0.019328177747 -0.1749041563 -0.026955801435 0.033473998792 -0.20369867173 
0.048054425693 0.00547856353 -0.19605507996 -0.010316090263 0.030891362946 -0.17856219123 -0.046977023654 -0.029260407481 -0.18057646088 
3.156224715e-05 -0.018610370164 -0.20353629306 -0.0091948527556 -0.0073500154823 -0.19652536042 0.005193972803 0.00029759154515 -0.20020404212 
0.0039312018204 -0.0028056295343 -0.17000034547 0.022031012822 0.0098561710832 -0.2023925813 -0.042887184693 0.013842635743 -0.18149994376 
0.043643569378 0.0052631106379 -0.17390043435 0.039903623939 -0.00015492202842 -0.18020776459 -0.026776568526 0.036203700091 -0.19580466022 
0.028090907624 0.025075841288 -0.19020806456 0.023595489806 0.040516756537 -0.19841190861 -0.01557979541 -0.0093428626721 -0.15132985307 
0.009910722967 -0.000606689212 -0.19045916449 -0.0054716571468 -0.013684214983 -0.1756227978 0.02640316817 -0.0081030510555 -0.17699848515 
-0.0071890951822 0.039443019593 -0.17744961906 0.013463273251 0.01478017841 -0.176680688 -0.032229428971 0.03702671482 -0.18295750227 
0.0077827608249 0.051620514947 -0.15680623202 0.010117415238 -0.018658901438 -0.14921809613 0.020334696517 0.0036299790935 -0.14650623079 
-0.01481826916 0.0026186048267 -0.17391891434 -0.025502460778 -0.024372741087 -0.21547995036 -0.0065786807459 0.0054147554118 -0.16777547528 
0.013265182379 -0.016271400873 -0.20245314539 -0.020739427154 0.024962830876 -0.16197194148 0.039062381202 0.032856499454 -0.1815221399 
0.0043272662136 -0.046426240657 -0.15861604686 -0.0041118054999 -0.040020102005 -0.14370493195 -0.021704359552 -0.022723714231 -0.17729536002 
0.019238783903 -0.034126863538 -0.15994131521 0.034797840161 0.003292859657 -0.19603983934 0.0036211099422 0.01595720433 -0.14083796385 
-0.0036247313571 0.018618741179 -0.17509396022 -0.023347465483 0.00048174357707 -0.18706155215 0.034680555034 0.031512130633 -0.13178339143 
0.035330251395 0.047247901943 -0.13564001607 -0.020446974453 0.013163937427 -0.142471362 0.016404660614 0.025340429358 -0.12131626462 
-0.018311915699 -0.034931814223 -0.16861992952 0.0039926503311 -0.012280088165 -0.16354765372 -0.0049281375083 0.0080771052052 -0.14785906556 
-0.00063967245484 0.012506474646 -0.15637988272 0.032081578739 0.0099999044629 -0.13964076343 -0.0038487626 -0.013795316769 -0.15276753927 
0.0018790893722 0.023450208337 -0.16351352504 -0.0032874235442 0.013013230959 -0.14921604543 1.7123608333e-16 3.4685842699e-16 8.4672033759e-17 
9.9959079235e-17 -2.7345229089e-16 -1.3365268019e-17 0.017837495416 -0.047937363243 -0.16710018795 -1.0601746212e-08 -3.2299656764e-09 -1.4006071531e-08 
3.7975747687e-17 -2.5166450785e-16 1.5690957952e-16 3.247819614e-16 1.3068047254e-16 -2.3471734987e-16 0.0003091789751 -0.031364756529 -0.1379358898 
0.0093312740119 -0.031196854666 -0.16980216095 0.029393310705 -0.032327388414 -0.10823151001 0.040465368608 0.033471991248 -0.1007688259 
3.3258047947e-07 4.6570657376e-07 1.6908669194e-07 -5.6039924923e-16 -7.1484137742e-17 1.7258845572e-16 1.7718659421e-16 3.4529893638e-17 1.0231267686e-16 
-0.037042917985 -0.0063296733568 -0.12203949191 0.022810208902 -0.01277770642 -0.11583450236 0.039469310048 -0.015371729158 -0.1267446342 
-0.044095299765 -0.01020993052 -0.16624097495 0.011093545383 -0.0032301964607 -0.17225571458 -0.029188884929 -0.01154378735 -0.16484103455 
5.3511831419e-07 -2.9872892525e-07 3.1625962459e-06 -7.7993879056e-06 -1.5363960839e-05 -1.3435306534e-05 0.0079574047909 0.027724512262 -0.14633648923 
0.0057384556476 0.026424573841 -0.10251671903 0.019292927326 0.035032616286 -0.14034681143 -4.4092394132e-08 2.8241672747e-07 -6.2673359263e-07 
3.7021289831e-15 1.8524623331e-14 -4.51237429e-15 -3.1588080564e-16 3.0171453764e-16 -1.5939140838e-16 2.3531322789e-16 5.2466694727e-16 1.6605471083e-16 
5.1164470567e-17 2.7510336857e-16 -9.2252824289e-17 -7.4376078532e-08 6.2361627844e-08 2.3075572591e-07 3.6506995863e-06 -4.2690524615e-06 7.3793319602e-06 
1.5523330788e-16 4.153641123e-16 7.6411958398e-17 1.4297782211e-06 -7.7167991154e-07 -4.4264831425e-06 -7.7461627959e-10 -2.4275114178e-10 2.7310373076e-10 
1.8676105783e-05 1.4116268777e-05 -4.7517321479e-05 3.5219112823e-16 2.3071677991e-16 -4.0158869656e-17 -2.3441871821e-07 -2.4501835904e-07 -3.7264713731e-06 
-4.6561475781e-16 -7.8935391837e-16 -9.2610159671e-17 0.05402758363 0.040706639594 -0.10132813971 0.0048280090249 -0.01360806408 -0.14385128431 
0.00077721902486 0.0072679340207 -0.093233938951 0.011300354225 0.0075817211676 -0.12685898978 0.015755007164 -0.02453508352 -0.13079008462 
0.0031126287222 0.011674626273 -0.1522607085 -7.9023066947e-08 -1.4306935407e-07 -4.0660551769e-09 8.256392287e-06 1.3442736289e-05 2.4864694985e-05 
1.6891542233e-16 -7.7868774418e-17 4.6340021507e-17 -1.3557936213e-11 -5.8286353951e-11 1.24896073e-12 0.033055752258 -0.010703606338 -0.067747631947 
-0.0011718763584 -0.0095537993691 -0.1338179683 -0.021275445357 -0.0030413369958 -0.16162969812 5.3454209812e-06 7.9734690798e-06 2.4783387618e-06 
3.4603180189e-06 6.29239625e-06 5.5310069501e-06 -5.5714399678e-07 0.00011467446001 -8.5649129828e-05 3.9895127454e-10 8.7980216904e-10 7.5597405303e-09 
0.052806968488 -0.057755392092 -0.065680212296 -0.027017181073 0.022532867434 -0.15661084524 0.012867107926 -0.0071183226347 -0.13011784354 
0.013646734594 -0.01659027952 -0.11299235789 0.00023981130192 -0.022229032295 -0.12802847619 -1.1561982807e-06 2.2773624801e-06 3.7128197469e-06 
8.0682044452e-06 -6.5375299594e-06 7.5764589642e-06 4.5871287525e-08 3.9153048053e-08 -1.6024208332e-08 -2.0789971103e-16 -5.9713685686e-17 -1.1899771911e-16 
-5.0530574111e-17 -2.6372845091e-16 6.4070507907e-17 1.5317512586e-19 6.6297750846e-16 -4.9651942759e-17 6.7666490633e-17 1.8548336936e-16 -3.0708270581e-17 
-6.7923201901e-05 3.1386838356e-05 -3.5305292621e-05 -7.7199010803e-06 4.5755616125e-06 1.4118982351e-05 -1.2393907144e-16 1.5969529865e-16 -1.4945481742e-17 
-2.8887425559e-16 6.1679579872e-16 7.5657469246e-17 -2.8070013947e-17 -2.3531067891e-16 -9.5294022414e-19 1.6365951779e-17 3.6451215376e-17 -1.4467447201e-18 
-0.016709969732 -0.071950289288 -0.11869810758 0.00014965684461 0.017332096268 -0.046964600702 -0.021548546522 -0.00044732912283 -0.18861553841 
-0.0067631395386 0.007190225109 -0.12801246722 -0.0023445377554 -0.0077659717674 -0.13511559346 -0.050439029552 0.048535085563 -0.081429206311 
-4.1565669902e-17 -4.1128199751e-17 4.8309836119e-17 -8.430659571e-17 8.7794255976e-18 3.6519043109e-18 7.7303607403e-12 1.185132799e-11 5.9482969406e-10 
4.9994806623e-16 2.3410323629e-16 -6.62166959e-17 -8.8616463971e-12 1.5425771315e-11 3.8147231497e-11 -7.5636660829e-11 -6.0827827142e-10 3.2923382698e-09 
-0.0014073310316 0.02803954879 -0.17932059585 -0.018276519025 -0.038901151903 -0.054731997613 0.03413524388 -0.039343614342 -0.098869379139 
0.014640396717 0.054160316393 -0.12469826692 -0.021508815993 0.014926434635 -0.10853134732 -0.019172808565 -0.045928349667 -0.032841258351 
-4.9445992995e-06 6.6973015747e-05 -2.7378294657e-05 -1.2214355038e-11 -1.3338890534e-11 -1.4558415749e-11 1.5677694429e-11 6.924543461e-12 -1.1064371359e-10 
-0.0014066157549 0.013829193208 -0.13849165078 -0.018453990132 -0.072530780132 -0.12420489553 0.0012707143602 -0.036006861245 -0.099576181739 
0.02130470915 0.019977458813 -0.13543718604 -4.2080825591e-06 3.9453551642e-06 6.2189836066e-06 3.4020957398e-07 7.6235109969e-05 0.00010968660566 
-7.9714648497e-08 -3.9565782267e-08 -2.9343709559e-08 1.6676562453e-17 3.2412008871e-16 1.3794288052e-16 4.4079984726e-05 -9.4809669806e-06 7.4645316316e-05 
0.00054193941082 0.00027325997631 0.00052807761031 4.3476703831e-05 -0.00011206016402 0.00022455754231 0.00010151059957 -6.8072400016e-05 -7.6737941094e-05 
2.7165302764e-05 -2.0420544444e-05 7.8101016556e-06 -1.8713563225e-16 -9.4431354391e-16 -2.5217686718e-16 -1.8975304283e-12 1.1378360955e-12 1.4351287764e-11 
3.6953226427e-11 1.1435566651e-11 -1.6035847684e-11 -1.0655064053e-11 -3.7945447688e-13 2.7074928532e-11 2.5315266003e-07 2.3698964507e-07 -2.3884563894e-07 
-1.4098426771e-16 -9.7027347765e-17 -1.2938187295e-18 -0.023987537276 -0.041375231632 -0.08433599166 -0.0069867911758 -0.014991942386 -0.12956460069 
-0.049101137397 -0.021057254965 -0.10449095601 0.027948738756 0.0016806150607 -0.093501087583 0.013567587066 -0.017679303658 -0.1270128098 
-4.7824178441e-16 6.6796812087e-16 -5.6955245748e-17 -4.1847940906e-16 -1.1926764229e-16 -8.0192657071e-17 1.0800661355e-10 1.5875917934e-10 -7.4148797268e-10 
-0.039984339496 0.024668705314 -0.11677946938 0.0073003253642 0.039127373228 -0.13646972172 -0.0067012202089 0.033054365708 -0.10611620489 
0.016981411091 -0.0017600317781 -0.077748863925 -0.02034941011 -0.026504423892 -0.098086400568 0.0095721824762 -0.010683551138 -0.11817225088 
-0.0082538331361 0.02446607711 -0.11365599652 -1.928260632e-06 6.8456657303e-06 -3.5166297661e-05 1.9652784589e-06 4.7164153108e-05 -4.5852407948e-05 
0.030676100146 0.011871524321 -0.097119749028 4.34327559e-10 1.2772193244e-09 -3.4729196038e-09 6.278019174e-10 7.9024401099e-10 1.3756922896e-09 
-0.024759855457 0.014654662953 -0.11103073893 0.0055408782225 -0.0071952775619 -0.12804521009 -0.044623955816 0.021399579255 -0.080243752997 
-0.017931145663 -0.04163531043 -0.081712224209 0.033574140183 0.0083290929475 -0.049358914789 -0.028427778923 -0.079418987712 -0.046509638578 
-3.0574277049e-16 -4.2264783934e-16 -9.1407181073e-17 -5.4688086653e-16 1.2090678613e-16 3.505523813e-16 -6.1698630939e-17 -1.8155837314e-16 1.5996947875e-16 
-1.7090686076e-13 1.3736996202e-14 2.2434100622e-12 1.5729360786e-13 -1.8653321538e-14 -1.698826574e-12 0.00015880485504 -0.00015437476427 0.00028248963901 
0.00046497170035 -4.9645535193e-05 0.00083396696863 -1.1411522228e-06 5.2020398723e-07 0.00019754863988 -1.2222494954e-07 -2.257402872e-08 -5.1922667542e-07 
4.4576880304e-06 -1.1083843522e-06 -1.8395036663e-06 1.4525037059e-06 6.3128600036e-07 5.6490814295e-06 2.6280771036e-12 1.0709883527e-12 3.4999715118e-12 
9.4385254126e-07 -3.5936841654e-07 2.4664162726e-05 -4.05854148e-16 -1.3355642356e-16 -4.1132806078e-18 1.2670677417e-16 -1.0428090135e-16 4.1699417662e-18 
-0.0098723383051 -0.028934455644 -0.13322967667 0.003953925891 0.014054822281 -0.13214147168 -0.026259302417 -0.010173756742 -0.035480085388 
-0.030758251976 0.0026141304702 -0.10418259783 -0.0014012388731 -0.01161008555 -0.079249139123 -8.3916352192e-07 -8.4530258108e-07 7.7574785108e-07 
1.6825799883e-07 -1.9861999545e-07 5.0449852365e-07 -1.8508591371e-07 2.0537560008e-07 -1.6862330584e-06 4.8452765905e-11 -1.0907210587e-09 -8.626342945e-10 
-0.017850661882 0.014119078862 -0.12005997329 -0.014043558693 0.050877530061 -0.11470246663 0.024091451296 -0.0023801345941 -0.10412492277 
0.0091821382331 0.021832376418 -0.1406442668 0.019244585604 -0.041762780803 -0.11901971214 -0.049099481752 -0.028082251163 -0.17851312478 
1.1545369492e-10 -1.430500265e-10 -3.1912496257e-10 -8.176000639e-11 2.6219108179e-10 1.4931269131e-09 7.9824999964e-16 -1.1732644557e-15 1.6721815905e-15 
-9.2074554782e-11 -3.8200839813e-10 4.0813347818e-09 -5.7111712233e-10 -6.8180666066e-10 2.333276887e-09 6.0243501599e-17 6.4315866681e-16 8.0155260497e-16 
-0.015814460741 0.072229184073 -0.08450001401 -0.032853655169 -0.045820287534 -0.079263877111 -0.041143450567 0.011681240474 -0.11016563627 
-0.046142319188 -0.040810051032 -0.11481993443 -0.01221943955 0.011623760486 -0.067571026808 -0.028186039746 -0.024579696557 -0.055625348607 
1.2610460172e-11 -6.7421339917e-12 -3.6398872427e-10 -2.2838761963e-16 -7.7342451139e-17 2.1302186687e-16 4.3725079367e-08 -5.1412800173e-08 -2.6875627644e-06 
6.9867095341e-08 -1.9727563517e-08 8.699465143e-07 -9.5071809994e-07 -1.1227958088e-06 -6.7188603479e-06 -2.1214271915e-07 5.23728942e-08 -1.0131762299e-06 
-0.00011309164475 0.00057603548832 -0.00025742606134 -2.5362858436e-16 -3.6148883523e-16 -1.4918019273e-16 -4.1982939554e-06 3.7735292248e-06 0.00077547546597 
8.6000401456e-07 -8.6091575169e-07 1.5925724113e-06 3.1865029067e-06 -8.0298601212e-07 -1.6714554349e-05 -0.00010983143392 -3.6293251997e-05 -0.00018333499284 
0.0010428278365 0.0017775816907 0.00054486597974 -1.1903639115e-16 -2.198067808e-16 -1.8952290224e-18 3.2876677216e-17 -2.9689514879e-16 -3.6223593709e-17 
1.8162066082e-06 1.7675144375e-06 3.3163463813e-07 1.5725745851e-16 -5.6494307404e-17 3.1361331253e-17 1.3043261996e-16 -3.2716826047e-17 1.3034029682e-17 
6.7677837779e-07 2.4629649356e-06 5.6629711269e-06 -4.4359068199e-06 -4.7586681092e-06 3.8256519218e-05 -0.0084021835391 -0.029374122587 -0.077004049874 
-0.0061189001287 -0.0025223401408 -0.11538234264 -0.070839804175 -0.026563236934 -0.066737853238 -0.039294803292 0.047753273764 -0.016601094056 
0.0040902923618 0.024682623191 -0.097045270826 -0.047533304156 -0.0018566614194 -0.093913309413 2.252285219e-06 4.0730411015e-06 1.7546331956e-05 
5.0504016551e-06 8.1045047203e-06 -4.9604196004e-05 0.013659350112 0.0041457324986 -0.06308487904 -0.032616705089 -0.0004563109139 -0.14350361678 
0.023936413611 -0.0022049334657 -0.12288647044 -0.028997353858 -0.037835440576 -0.15296306535 0.011415287782 -0.012559666206 -0.10121260171 
-0.014639531362 0.022235969389 -0.11824312585 -0.025545409889 -0.010343114693 -0.12410456224 0.025965107159 0.0075054291023 -0.092964546418 
6.0451963779e-05 0.00011404856035 0.00012206091375 1.6880148939e-05 1.3833793674e-05 2.5916134039e-05 -1.3738717055e-15 1.1179818574e-15 1.5184628574e-15 
-0.016860288095 0.0010029678569 -0.1031179368 -0.039168151803 0.056906967145 -0.08992158311 0.029193661048 -0.015390852301 -0.055398853223 
0.036266630587 -0.0050928817563 -0.12941765072 0.034160434731 -0.0098186769666 -0.13011156637 -0.0069232345299 -0.0045596004067 -0.12553310735 
2.4861564227e-14 -3.6391779288e-14 -2.244198584e-14 3.9681277866e-16 9.9706726412e-16 1.5193190567e-15 3.9764291708e-06 4.1860820765e-06 1.825511116e-05 
-1.5353614368e-05 -1.0047762153e-05 5.1080286068e-06 1.6156846463e-13 2.0627535097e-15 1.1204395584e-11 9.9441658087e-10 1.7925389924e-11 1.2607958623e-09 
4.4193559504e-09 -2.1759738682e-09 5.571052632e-09 -1.2385931408e-08 7.4522501209e-09 -3.6496447484e-06 9.5811655117e-17 4.5734416348e-17 9.8519023484e-18 
-1.4761452849e-16 1.4479281009e-16 1.2942195033e-17 4.8250224767e-16 8.7942375644e-17 -4.2053462811e-16 2.9853721536e-07 3.9891379019e-07 -3.1626563029e-07 
-3.607435579e-17 4.664944667e-17 3.199024752e-17 3.0741241827e-07 -3.4068258389e-07 7.2215143333e-05 0.022399684707 0.01593003285 -0.10980974185 
-0.0160113995 0.016800503116 -0.13288806016 -0.00076489150165 0.029357492191 -0.10497207152 -0.0033146926993 0.066891208668 -0.088761754091 
0.029478370064 0.032381060147 -0.10155713879 2.7130064004e-07 3.2556880078e-07 -8.2283340567e-07 1.240486296e-09 9.057893726e-09 3.4387694962e-06 
-1.7418401922e-07 -1.013228671e-06 -1.1532732003e-06 0.018238896611 -0.001372188405 -0.1451644277 -0.024981529056 -0.0055720807094 -0.14540873568 
0.011601943152 -0.014087468455 -0.12067577353 -0.058051284996 -0.0065022018344 -0.032376457201 -0.018201645889 0.035480834029 -0.13000614054 
0.039410327434 -0.025289429171 -0.12120830942 6.1939408822e-16 4.9322822087e-16 -2.4258218588e-15 -2.977751334e-05 -0.00024995554473 0.00024377329666 
-2.061184134e-17 -9.5186778516e-17 6.9464753668e-21 -8.0483242855e-16 4.6411690858e-16 -1.1151670488e-18 0.030236076727 -0.020872378232 -0.09255448954 
0.0018575589453 -0.0044444306366 -0.12297361475 0.021969268435 -0.0086769948174 -0.10824367667 -0.050649977512 -0.0026944665403 -0.10887393337 
-2.3707479121e-15 1.3499329886e-15 2.7342354319e-15 -3.9429300794e-16 -8.7428428571e-16 -9.1479606656e-14 1.1100231749e-05 5.0557777042e-06 -1.4639030138e-05 
-4.6907618607e-07 -3.0657029442e-07 -6.0826610667e-05 -5.9138784268e-12 1.5812010231e-13 1.5810029679e-11 -0.00030315195092 0.00017749751863 0.0015598178319 
1.9365062153e-16 1.3403863119e-16 6.7196624087e-17 -7.3185468156e-16 -2.308603346e-16 3.6850358148e-17 -1.1018613121e-08 -2.212111659e-08 -6.7007335685e-07 
1.3763141389e-08 1.668216784e-08 -3.5616067006e-07 2.8265909018e-13 6.2914224962e-15 1.0377551039e-12 -3.2159515482e-13 -9.5894781779e-14 7.3980494128e-13 
1.4759002763e-13 6.4931696889e-14 -1.3536955289e-13 -2.7338160306e-16 -2.3316463541e-16 5.3398236973e-17 -3.002533126e-16 -2.0480500723e-16 1.9109926579e-17 
-0.050179483166 -0.0076886547324 -0.12551761417 0.0076644749104 0.017428471802 -0.12590746609 3.3973478089e-06 3.4071468375e-06 -2.6736112647e-06 
-1.4875653425e-07 -2.7002245161e-07 -1.9407809775e-07 7.6297635298e-08 6.4085057084e-07 2.4016924785e-06 1.7495687132e-07 9.7935544271e-07 -6.394214895e-06 
0.0082974083048 0.011100060605 -0.16612684083 -0.013978049565 -0.014333324615 -0.066816208238 0.020678233463 -0.0031496972621 -0.091206630831 
0.032958082377 -0.013289578381 -0.10174057121 0.019164878064 -0.032284516682 -0.10846909135 -1.613473521e-15 8.4735055363e-15 1.4253669403e-14 
1.1257721714e-07 3.5995983756e-07 -4.2940722203e-05 -6.4273575652e-15 2.5055747015e-15 3.1559751433e-15 -4.1036347626e-11 -1.1831492655e-11 1.2586337714e-10 
0.0029047480256 -0.011369446743 -0.11080580819 -0.017786683385 -0.0099336413983 -0.12061929668 -0.026193013486 0.0073182937331 -0.17400156415 
-0.033100324937 -0.025589723411 -0.089256028071 -0.021915223035 -0.016803239666 -0.15780000068 -0.0025359297202 -0.025327283491 -0.084627537217 
0.025620580141 0.016386341332 -0.083967708173 0.014100615341 0.011984784252 -0.13177886261 -5.3071422911e-16 -9.8069969831e-17 9.9205133556e-18 
1.4501253423e-13 2.0570606541e-14 -1.4538613746e-13 -1.9390663102e-09 7.2874902637e-10 1.9581922898e-07 7.7330322267e-11 1.912005268e-11 -3.7327884693e-10 
5.0988591471e-09 -8.9059733344e-10 -1.1026864396e-07 -3.7219756805e-08 1.4831847683e-08 -4.2298143498e-08 -4.4794759764e-16 -1.0314575486e-15 1.2320296169e-17 
-7.1372127349e-08 6.0866794118e-08 4.6559625252e-07 0.00064185153907 -0.00052961970084 -0.00037344080904 -0.00032867476701 0.00013642095047 -0.00060867757172 
2.5138038894e-14 -1.3502966718e-14 1.0519560166e-13 -1.6980521764e-13 -5.0199032455e-14 3.4572632331e-13 2.8975748916e-11 2.0146766824e-11 1.570538937e-11 
2.1316567472e-07 -2.291210561e-07 9.3990925308e-07 5.3443838376e-11 -1.8011562213e-10 -1.6691578019e-08 -7.7973350353e-16 5.8748668961e-17 -2.2233663694e-17 
-0.0014469672404 -0.0399022986 -0.10837582851 -0.042279202049 0.031707154253 -0.14278303248 0.0084596891425 -0.025506152698 -0.12315066594 
-0.0077883580325 -0.017752300842 -0.11197922816 1.7789513349e-06 2.7880465066e-06 -1.5235981398e-06 1.1263888185e-15 -2.1837453327e-16 -4.5937433545e-17 
-6.402283176e-07 -7.7334060954e-07 1.1548565639e-06 -2.7575420736e-07 -1.55982264e-06 -1.2618490281e-06 0.016418822834 0.021437333757 -0.09332970568 
0.049302896688 -0.017082525381 -0.087828198715 0.049517635766 -0.011899792916 -0.1247820126 -0.016412530472 -0.048744306309 -0.040415777436 
0.015609185797 0.025326124502 -0.084650240717 -0.035219990648 -0.039654002687 -0.11596581072 -0.014621518083 -0.0072922055879 -0.1476233312 
8.597374489e-16 -1.7493071115e-16 -1.0700073662e-16 -3.2229826426e-16 1.5391116651e-16 -5.2899896593e-17 -0.019335553703 -0.009030615199 -0.044746698017 
1.1981633015e-07 1.7353877593e-07 -3.1466860908e-06 -2.0494999825e-07 -3.5689244474e-07 -2.6510967932e-06 -8.749473212e-14 -1.1575597666e-11 1.5200560359e-08 
-0.0077620597883 0.042842629871 -0.13299399986 0.045261933576 -0.018219866056 -0.088844009322 0.0074978483681 0.036138052893 -0.067929299159 
-0.0018917164345 0.0019969169171 -0.13573155358 -0.046575186775 -0.049116311823 -0.058046092002 1.2970004773e-09 -1.2886777455e-09 1.3011058353e-09 
-6.2457151557e-08 2.4376567435e-07 -6.4553177156e-06 -2.3927488818e-18 -4.9414016513e-17 1.4593850324e-14 6.6449822386e-07 4.3247969697e-07 -6.3308546472e-05 
4.3967418514e-17 -1.5357426034e-16 -1.3546893462e-17 1.3367250983e-12 -1.2766944246e-13 -3.2918096037e-13 -2.30646372e-16 -1.2837855236e-16 3.0475948071e-17 
1.9197755209e-08 -8.9627289407e-09 1.0600726114e-08 -2.4126893513e-10 4.1252233061e-10 4.5491386471e-09 -6.1655248192e-05 0.00010893608562 -9.6309952771e-05 
-0.00018464621456 -3.8155089704e-05 -0.00043735075251 -3.4160388677e-17 -1.6368961536e-16 1.9430918805e-17 -0.00013300821374 2.9139287362e-05 -0.00028087109345 
-9.1885905022e-09 -2.0281183542e-09 4.4386504812e-09 6.4371060596e-08 4.3455078234e-08 1.3935497745e-07 2.5286352151e-18 -1.0674140661e-17 -7.9783512809e-20 
-9.2852736491e-06 -9.2283892137e-07 -0.00010576798543 -0.0049490604603 0.1041451348 -0.029663309556 0.029084392157 0.0013063139707 -0.12240345646 
0.0044288226491 0.01890483698 -0.079896289531 0.00041107846159 -0.003152771918 -0.087763326586 -0.030181968971 0.016523252786 -0.090899230579 
-0.010055748883 0.00076411687835 -0.15374567041 -2.8189025754e-07 -7.3445112553e-07 3.0036346774e-06 5.9017556284e-06 7.1316006855e-06 4.637236766e-06 
-0.031596996279 0.02293244037 -0.071887084688 0.033587815634 -0.015558096986 -0.11988054844 -0.029917356372 0.051452357577 -0.12371516326 
-0.028789275864 0.0037121623323 -0.079099308174 1.0895932292e-13 1.0986903784e-12 -2.1966780401e-12 -3.0137466291e-11 1.5620788642e-10 -3.7498043731e-10 
-3.8880019629e-07 -5.82918623e-07 2.8809020546e-06 -2.7432039193e-17 1.7755391529e-17 4.2673634706e-19 -0.013941651116 0.047324361999 -0.10750036989 
0.035514895683 0.011385513196 -0.15488493239 -0.014330859429 -0.014021248008 -0.14642428287 0.013373630989 0.0022950634937 -0.13426552911 
0.013804947688 0.010183761849 -0.090988083564 -0.015657947593 -0.0065130745439 -0.10094739101 -3.2708921749e-16 -1.4695474313e-16 -8.1100929511e-17 
-5.5717152256e-16 -5.3694803309e-16 2.8744033467e-17 -3.4426629515e-07 -3.9715736299e-07 -1.4156243427e-06 -1.0665601247e-10 -7.0455660456e-11 4.974200399e-08 
3.8211588592e-05 5.3478973992e-06 0.00014861609818 1.1800775145e-08 2.2546372675e-09 1.4695415053e-06 9.0412660382e-05 -0.00041632535057 0.00041213435552 
0.0048998154839 0.050238987877 -0.10810199783 -5.7984619453e-06 3.1882795148e-06 -2.4140127312e-05 -1.0083960089e-16 3.2570507411e-17 -3.5995337646e-17 
2.0366174825e-17 -1.7798684773e-16 -3.5267669454e-17 -7.7558083569e-06 2.4789457694e-06 2.0488576854e-06 2.9729394328e-06 1.0395890857e-06 -3.1379369971e-06 
-1.7148458993e-06 -3.103792193e-07 -6.2331985933e-06 -6.6451342799e-17 -3.0709015639e-16 1.1448075628e-17 2.9184610646e-06 2.9741728857e-07 1.8881982628e-07 
2.6920507025e-07 6.4524709403e-07 9.2638971306e-06 -8.6718499976e-07 -6.4002265679e-07 -2.1298714364e-06 2.1573720494e-06 -2.0245625797e-06 3.9317873406e-05 
-1.3370777029e-14 -1.3764793527e-14 2.4524520648e-12 0.031648964452 0.035643284861 -0.10574410189 -0.030819413882 -0.010534225199 -0.1261024492 
0.059536063902 0.067944017097 -0.021791678604 -0.030559374609 -0.010151782 -0.09931766296 0.00829795925 -0.00051445876282 -0.16098033007 
-0.026047385862 -0.00047765560473 -0.063381042736 -0.03452477478 -0.013590665798 -0.14727146674 -1.0381896403e-07 -2.0797878125e-07 -2.0348591477e-06 
4.1605252722e-09 8.9469280328e-09 -2.9931311674e-08 -8.2895086025e-12 -6.1622585331e-11 -5.3997916746e-11 1.6767267378e-13 3.6564379014e-12 -2.5920345911e-11 
-1.2174317522e-05 6.5006984291e-05 -0.00021442825855 -0.038916417112 -0.020143260711 -0.11657044544 0.0013188664075 0.018445313435 -0.088823048662 
-0.017929061301 0.011603008891 -0.11916224211 -0.057344045332 0.030320627289 -0.1173160682 -0.032851416633 -0.010542162881 -0.085710514192 
0.0034741581559 -0.0097180162736 -0.12292712561 -0.010319425814 -0.0071670057134 -0.062393807837 5.0992414459e-08 1.7815948506e-07 2.6357195168e-07 
-1.9872337913e-16 -1.3831064124e-16 -3.868387854e-16 -4.3107109342e-13 -1.2929895457e-12 -6.2133297259e-13 -4.4518103617e-07 -3.8780797341e-07 -2.9276355462e-06 
0.012223590824 -0.0046037069992 -0.12622944438 0.026385248012 -0.068476731807 0.0130240053 -0.0029923462527 0.037990954676 -0.098460554871 
0.0053276719869 -0.011702411868 -0.12394809893 3.8659530395e-05 -6.0714831918e-05 6.7617452363e-05 4.2760831126e-17 1.1310727573e-16 -3.3012880019e-19 
8.3053638547e-07 8.3069593554e-07 1.5618944974e-06 -8.502961734e-07 -3.7306492086e-07 -6.0365482623e-06 -3.2158313282e-07 9.3942791141e-08 8.1272329916e-05 
3.6279454465e-16 5.1323799279e-16 -7.3983131331e-17 2.2166425293e-14 -1.917683916e-14 -2.3810047252e-14 1.7756868836e-09 -3.0142656043e-10 -5.0683709629e-07 
5.8745352804e-05 -1.0219349605e-05 -1.3867907846e-05 2.2295943829e-05 -4.4885397073e-06 -9.8989574109e-06 6.0625490523e-05 6.6231751472e-05 0.00023352319507 
-2.913119559e-05 0.00016520638478 -1.5986272167e-05 -1.1884224016e-16 -1.1995935903e-16 5.4729710987e-20 -0.042605636664 0.029673277821 -0.06927090724 
-0.041647981755 0.039579436109 -0.12101062792 -0.00194436577 -0.0020671619217 -0.08611718373 0.024773961263 0.016722588177 -0.09387484886 
-1.6519525285e-08 3.3765741686e-08 -5.2007840079e-07 2.5651464885e-08 2.642158095e-09 1.9443810733e-07 1.1114519706e-11 1.0328976736e-10 -7.2924937089e-11 
-0.028399778058 0.013952217596 -0.13860266013 -0.027877911523 0.026933632197 -0.074641442216 0.03993916409 0.0040927393232 -0.080139277782 
0.011077110241 0.0051860569457 -0.12001842838 -0.0066419399402 0.038460061929 -0.13027694497 0.0045750215405 -0.0027714567717 -0.14239698645 
0.0040566561954 0.018059915273 -0.12006059041 -3.7625172608e-16 1.518357277e-16 8.8288951594e-15 1.2539188222e-08 -4.831422553e-08 4.686287089e-07 
9.4821672687e-08 -9.0294642871e-08 4.4215144177e-06 0.0061548899032 -0.039129111505 -0.06991083852 -0.032064669377 0.04464499753 -0.11025994298 
-0.0056554442225 0.012907493102 -0.10657408044 -2.0127130571e-16 -2.6115042701e-17 -8.7983507192e-17 8.2934916371e-11 -1.2266770149e-10 -9.8718973856e-12 
5.5002566846e-09 -1.8060802572e-08 9.8786733808e-08 1.4833315874e-16 -8.2395950909e-17 -4.9387525614e-18 -3.2079680501e-07 -1.3193427627e-07 -0.00014572892152 
9.8661038413e-07 5.5940182545e-07 -3.6605376579e-06 -1.7032548035e-06 4.0917324556e-07 2.3915685113e-06 3.969587861e-07 -1.2186475201e-07 2.8565293706e-07 
-2.1935337402e-16 -4.9808505153e-16 1.5286801139e-16 1.9282398676e-16 7.3190490155e-16 -2.1716957846e-16 1.1903130621e-06 -5.6047347218e-07 -6.1162416199e-07 
-1.8316281427e-12 1.320737807e-12 4.1630919113e-13 -3.2757340176e-06 1.6275418085e-06 3.7300185877e-07 -8.1947701883e-17 5.874977968e-16 9.5355361681e-17 
3.9295917188e-05 -2.7857047084e-05 -1.2682235863e-05 -1.9126889508e-07 -1.7978668682e-07 -1.2308081573e-07 -2.2592017648e-14 9.7876070056e-15 1.2296104664e-13 
6.492595521e-09 -1.0318265081e-08 3.5250010886e-08 6.3922181555e-05 -0.00022420600097 0.00019659908705 -3.3419900742e-05 0.00011944985397 0.0001022181813 
0.038365984248 -0.020220801226 -0.1567475763 0.016422994937 -0.038809666663 -0.12273685284 -0.037919981528 0.0090769607264 -0.068995533388 
-0.022090931418 0.034795880102 -0.06662724274 0.026997915591 0.0092074836484 -0.14083697241 0.014866755263 -0.014032921877 -0.10972170287 
1.2064512098e-09 1.6342359132e-09 4.7891837772e-09 -9.2259053629e-09 5.4771972869e-09 1.4222597374e-07 -2.9007465085e-07 -4.3193992798e-07 -1.1133521198e-06 
0.011089908376 -0.031751819848 -0.090086504084 0.014528857917 0.0085800178833 -0.082572117458 0.00092823530732 0.022988957868 -0.13328892027 
-0.0033474743469 -0.014352922458 -0.12273026355 -0.051477213847 0.02380995295 -0.081095913395 1.1041000368e-05 -9.6825693342e-05 0.00036492930513 
5.2217067127e-16 -2.3692695706e-16 -7.8560968796e-19 6.7802637207e-09 1.4473826361e-09 1.7018530109e-07 -0.0058269820708 -0.044278393838 -0.072155554288 
0.012672366072 0.0086309475767 -0.11910866428 -0.0090733574334 -0.011054784654 -0.076494315078 0.029337607127 0.020694660868 -0.1145305667 
0.016878184061 -0.019710313398 -0.078735681805 -9.4897110155e-16 7.5049738059e-17 1.5549706662e-17 -7.645130903e-09 1.3539295423e-08 3.9816473275e-08 
-2.6635667356e-06 -2.0729483151e-06 -2.5969632486e-06 3.794183412e-06 2.5497247564e-06 7.5093661761e-06 4.2644999183e-05 -1.3192450887e-05 2.9204091531e-05 
1.0091354371e-06 5.2119802132e-08 2.4907507702e-06 0.00049008668814 -0.023454151098 -0.03123223049 5.3466943704e-16 7.3186049357e-16 1.070585483e-16 
8.4998480587e-07 -3.6816431819e-07 3.6508732952e-06 2.3448405269e-17 -1.7615101884e-17 -1.8043790524e-17 -2.5635918809e-11 2.6586041497e-12 4.5935350192e-11 
1.2071159779e-11 6.1623602088e-13 -2.4864882864e-11 2.0718863635e-06 7.86020493e-07 -1.8981638143e-05 -1.0718526778e-14 1.3646970837e-14 -1.387257002e-17 
-1.6541243374e-09 2.4017753071e-09 2.2235767303e-10 0.065900490992 0.0074704354804 -0.078133513388 0.0018298565932 -0.037487763581 -0.10914043501 
0.0020627499488 -0.012673773599 -0.13843822516 -3.053817346e-06 -5.8089932044e-07 2.664766244e-05 -1.047209644e-05 -7.1200295447e-06 -2.2629425327e-05 
7.6517490648e-06 1.2213659414e-05 2.2544720507e-05 -1.0861121318e-08 5.0115406746e-08 3.4669595226e-07 1.2422975895e-08 1.3805225732e-09 6.308071302e-08 
-0.022329449447 -0.04097989955 -0.087766656434 -0.0064376370101 0.022854047186 -0.065952192572 9.0373188523e-05 -0.026865989276 -0.12203568117 
0.056082666826 -0.029082859843 -0.11745685347 0.032844667871 0.027523620206 -0.11725088447 0.032222862999 -0.057147506481 -0.12181914121 
-1.2872225602e-06 -4.7437569067e-06 -9.5372937604e-06 -4.9545837162e-07 2.2652638867e-06 -1.2074751991e-05 -1.6424004292e-07 -8.9348776471e-08 0.00013784188502 
-0.003540455478 -0.038357180804 -0.12819138276 0.026741655141 0.043427943224 -0.099392450565 0.046792102953 -0.032614471488 -0.12529423372 
0.039003812653 -0.036712772423 -0.14259903763 0.011862643271 -0.025122232608 -0.069010796792 -9.3955013928e-09 1.5533101292e-08 1.0541708015e-08 
3.4393977363e-12 6.0370305825e-12 1.3647180913e-10 -2.897702158e-06 -4.1117897718e-06 8.3400297303e-07 -2.9326481898e-06 -1.1345596346e-06 9.032073616e-06 
-2.9671543508e-07 -3.0587904078e-07 -3.0282456094e-06 -1.9820542552e-12 -1.2802410268e-12 1.9004196863e-09 8.8078206929e-13 -3.5908973574e-13 -5.1728972858e-14 
2.9702843162e-16 6.6498837511e-18 1.6918539852e-14 -5.938635627e-17 -3.8165161525e-16 -8.5874917411e-18 -4.9900104193e-16 2.3128398298e-16 -2.1371600752e-17 
-4.5155685335e-16 -9.9409330288e-16 1.0804068684e-18 -1.1488969716e-09 -1.9953911016e-10 5.917030631e-08 -3.2328053096e-05 -6.2006826888e-05 7.3379302217e-06 
-1.8140741667e-06 2.2963496975e-06 5.2054114078e-06 -1.0788846176e-17 -2.7297278161e-17 2.0892708364e-17 1.4679158773e-06 -1.6391672872e-06 -6.8642156174e-06 
-0.0016670643679 0.011926435992 -0.1307665658 -0.018606754621 0.0091506995824 -0.11008785773 0.0084651254993 -0.0064553995588 -0.098773780244 
0.043418541505 0.01811372589 -0.16393415388 -0.052357864939 -0.0099380966575 -0.09320583485 0.016511153511 -0.057825537122 -0.1520072882 
-6.2722575064e-07 -1.7894949474e-06 -2.3230929378e-06 -2.7612185871e-06 -1.1110722117e-05 -5.7933033495e-06 -4.0810707386e-07 -1.2030459837e-06 0.00077568640038 
9.3168828161e-09 -7.4518438851e-08 1.7076575737e-07 -0.031469075459 0.017756925236 -0.10829081571 -0.00406508412 0.011269882071 -0.14017129032 
0.01841678532 -0.023036363041 -0.19782835508 0.023066280427 0.045276967377 -0.10424325043 -0.063694756463 0.02052539381 -0.035579000533 
-0.078705381788 -0.01896429959 -0.10262799191 5.1558494001e-07 -1.4452105987e-06 3.9785649503e-06 2.6189872793e-08 9.0601881674e-08 2.83023597e-07 
-1.2587969114e-10 2.2583610687e-10 3.8480391819e-09 -0.0094671416496 -0.022954536428 -0.065364050223 -0.01729691814 -0.011895718487 -0.095905477222 
-0.0031675002208 0.019100954616 -0.16373757219 -0.01542023304 -0.009883492642 -0.14576600329 0.0059449111405 0.0010215952956 -0.11261945775 
9.6359300268e-09 -6.598338713e-08 -3.4897722522e-07 2.8957690505e-06 2.3692880284e-06 -2.4295348037e-06 8.5849800789e-07 5.2732065317e-09 6.7583247973e-06 
6.7230044563e-17 6.418567491e-16 -3.958129382e-17 1.3479911911e-07 -1.6552403324e-08 -5.7656188327e-05 -0.019644441455 -0.030037870511 -0.079338216827 
-2.7911508995e-14 2.8203297417e-13 2.4904591882e-13 8.2586238723e-14 -1.151857413e-14 -5.2514000805e-14 1.3341068903e-05 -1.1650860231e-05 -3.946816329e-05 
1.3209904252e-06 1.9242293932e-07 -0.00010025085392 -7.5880860135e-07 -1.4038833543e-08 5.4420702916e-05 4.7934518411e-10 8.026967034e-10 -2.0153124383e-06 
-2.6997115383e-13 -5.691998092e-13 -9.6551450503e-13 -3.9983538263e-07 4.7093873062e-07 5.0654986865e-07 4.3759714654e-07 -5.1034280911e-07 -3.3158612754e-05 
-0.045716993412 0.0088367900955 -0.10812935758 -0.014685175288 0.013511077331 -0.16158201362 0.011352726078 0.023436264991 -0.074810082411 
-0.019025273426 0.00040536321728 -0.095675584937 -0.054317146821 0.077256053463 -0.051467123555 -4.3858126111e-16 3.6307987248e-16 7.5227003843e-18 
9.5673897464e-06 3.6240480358e-05 1.8682143828e-05 3.0258517872e-07 -5.3578211778e-08 4.4877652896e-07 5.8611452759e-08 -2.9834401295e-07 1.2119659916e-06 
0.0056184580977 -0.015943772902 -0.079684369677 -0.0048432331368 -0.015165029163 -0.11847190618 -0.0069188151484 -0.005378586531 -0.12916021217 
0.015631097351 -0.018788108184 -0.12568669225 0.025980149377 0.0088828954335 -0.13150722757 -0.019034480548 -0.034583311333 -0.09612112509 
0.0026578030729 0.029845717502 -0.1374225419 -0.028084227447 -0.0022372094358 -0.054715576638 -0.0054700350519 0.019652038123 -0.17661927937 
-0.026472780746 -0.013741674163 -0.099378483073 9.1786861906e-17 8.0594105158e-17 -3.6653221317e-15 9.5169617955e-16 -4.3774741696e-18 5.2257255569e-17 
-0.0048120942849 -0.028938881736 -0.080701299458 1.3558810263e-08 1.4367712761e-08 2.6620441895e-08 -4.4433961261e-09 -1.1011678435e-08 -1.5549483271e-08 
-0.0072248966513 0.00511999214 -0.074138739443 0.021559215211 0.00094722958264 -0.086800557513 -0.010185189777 -0.0094930108415 -0.15206428044 
0.0027254497654 0.025247380676 -0.092637443485 0.015134062066 0.014959792567 -0.068595410919 -3.1878089551e-16 -1.9091519807e-15 2.9975344621e-16 
4.0691103373e-16 7.0401422052e-17 -1.055437255e-16 1.0635352746e-07 6.3139495215e-08 -2.2701833419e-07 -1.5952150718e-07 -1.5013085408e-07 3.2138108079e-07 
2.3041647976e-16 2.5025230961e-16 -4.3153060368e-18 1.4163051906e-16 8.7504042368e-17 -1.7626584501e-18 4.1846917811e-07 -2.5871646434e-07 -3.4595930065e-06 
1.6509402224e-07 -6.1002074812e-08 -6.5384824881e-05 -8.9645105534e-06 6.8314128257e-06 0.00015183465798 -1.4868554912e-05 -2.5260020638e-06 0.00013399843762 
-1.1665432764e-15 1.1918957339e-15 -1.3593168634e-18 -1.7440056773e-16 -2.2890191128e-16 1.92768406e-17 -4.4827522911e-08 1.6279530765e-07 3.6616719387e-07 
-9.5938307606e-16 -8.2651737498e-16 -2.7316940119e-18 1.0914797939e-07 -3.8003044379e-08 1.4441430438e-06 0.0021262712694 -0.043813951935 -0.091027177421 
-0.0042792717817 0.05051581896 -0.098271362583 -0.017379790439 0.09311536463 -0.083222162426 -0.006660011664 -0.022012054192 -0.20284047572 
0.016469541984 0.0058501227237 -0.11317847772 -0.03120660753 0.0098141459606 -0.099340375815 3.0108433721e-13 7.0552106984e-13 -7.5070800013e-12 
-2.640463139e-10 -7.7348305073e-10 -3.3220322577e-08 -3.1327152998e-07 -5.2535149353e-07 2.7720092936e-06 1.3560641351e-15 -1.1289400857e-16 -7.7001416056e-18 
-0.0093400135517 -0.0388322814 -0.12742246469 -0.013552312318 0.0039010535528 -0.11139518723 -0.016596511452 0.0024042667672 -0.13450756 
-0.0025499565629 0.047344820428 -0.090900728339 -0.035498530947 0.0015138928548 -0.11884208571 0.017905474537 -0.0073906484201 -0.10857443033 
-0.0045117901998 -0.0061399774573 -0.12573322472 -1.4401315028e-09 -3.1551310918e-09 -3.5687851381e-08 1.6761413022e-08 1.8105670836e-08 1.044255608e-07 
0.002413999863 0.012342519266 -0.065739798716 0.041933310121 -0.013442357594 -0.066128690456 -0.0076390310013 0.047142801214 -0.089444066309 
0.0069027167056 0.016766750047 -0.13072599698 1.9360212916e-16 5.2804139924e-16 1.0144150151e-16 -3.662520208e-16 -7.2415765917e-16 4.2937279882e-17 
-3.0534343098e-08 -3.0685974013e-08 -7.5177988076e-08 -4.0544132007e-07 -8.4510641077e-07 4.5093825257e-07 2.0016757363e-07 2.2799272603e-07 3.5869686303e-06 
-1.0186098659e-06 -7.0268220099e-08 1.0664792257e-06 9.2478801562e-07 1.4082513131e-07 -2.8337352573e-06 -5.6159434567e-07 2.2770910866e-07 -4.6956087797e-07 
-2.6547727528e-07 1.9004412271e-07 1.9555503248e-07 -6.1780304621e-17 1.343069995e-16 -3.6174746371e-18 1.9254316609e-07 -1.5363228221e-07 3.2734090714e-07 
5.4045794273e-06 1.6059529327e-06 2.4535501787e-05 -2.6848906633e-11 1.3446499305e-12 2.72405866e-09 -0.0251854825 0.014136339672 -0.076184409528 
-6.8190318287e-16 2.5475266499e-15 5.1744401571e-15 1.1245099275e-15 -2.2900030866e-15 5.7674948026e-15 -8.3530515301e-09 9.5807578112e-09 1.0281200977e-05 
0.028624412813 -0.0043398080638 -0.12670813914 0.020622076613 0.029892515418 -0.1309824672 0.031596376145 0.002337812135 -0.13704448109 
0.00054930369991 0.011405408927 -0.10938118197 8.7146778655e-07 1.1882623636e-06 9.1415116202e-06 2.0705395662e-16 -4.4275397196e-16 3.1276543743e-17 
2.3262507137e-07 2.6417013004e-06 -5.3751141315e-06 1.4187681928e-07 2.8591288983e-07 -2.6514317936e-06 -3.8891935408e-07 2.608624239e-06 0.00053710589873 
0.00014872173446 -0.023065768974 -0.098330868245 -0.020505702338 0.060244571028 -0.12550776737 0.028477484962 0.038642075434 -0.10581544284 
-0.031206795666 -0.0082189709176 -0.16917499549 0.023400645559 -0.021610980303 -0.10600759031 -0.008429296716 0.018092107418 -0.12605535265 
0.039232065304 -0.045011430314 -0.091665323128 0.01092290431 -0.020767203128 -0.1286098481 -2.3961012193e-10 -1.9106541484e-08 1.1206064499e-07 
3.1958356301e-09 2.296011663e-08 -2.9753817203e-08 -2.1871907459e-07 -4.3711582414e-07 -0.00050356507737 -9.7256060295e-07 -1.8986578994e-06 -0.00025031876758 
-0.0023647518705 -0.03500039637 -0.066443003213 -0.014952253738 -0.0052997540957 -0.068492006842 0.038372281456 -0.0093806012356 -0.10420149406 
-0.032596738696 0.024475120261 -0.065618404627 -0.010374037107 -0.015691380785 -0.13965236681 3.1274598756e-16 1.900681899e-16 9.1555601798e-17 
3.4581816521e-09 -4.345568057e-09 4.5558313352e-09 -2.7178090656e-16 -2.607829412e-16 -9.8273945219e-17 1.2153883967e-13 3.2793678732e-14 5.3858100451e-11 
6.8190889837e-08 5.150927856e-07 -1.3209588327e-06 1.3365565976e-07 -3.7856857332e-08 1.1578270397e-06 5.9533126258e-09 1.1873286351e-09 1.5116180625e-08 
-9.0071194563e-08 5.1609399157e-08 -7.4269289066e-08 -3.0572214502e-16 -7.215982762e-16 1.0893535393e-18 -4.2448575824e-06 -1.2486244796e-06 1.6090846563e-05 
7.9582041302e-06 -2.3305523351e-05 -7.3828213995e-05 -1.7440372045e-16 4.5554942915e-16 1.0074625889e-16 2.7764028639e-16 -5.3155862247e-17 -1.3778693409e-19 
-0.00012445922146 0.00026742283166 -2.2629434692e-05 0.0001279034895 0.00040053840495 2.6203436913e-06 -0.02929560773 -0.011667800191 -0.10024860222 
0.040804459808 -0.034274698084 -0.11138546391 -0.0056631462939 -0.0077143520494 -0.09082657665 0.00059450632073 -0.025002645776 -0.13198141422 
6.1165874261e-16 -1.8751603614e-16 4.6678416253e-17 7.314529048e-07 -3.0630856084e-06 -0.00057185715755 7.4818985204e-08 -6.1051704685e-08 3.7636893395e-07 
-1.1077832451e-07 9.2312177636e-08 7.5519545614e-07 0.01801129191 -0.0091171619975 -0.081573135618 0.063375082831 -0.040916235994 -0.030541116512 
0.018451125214 0.062397827122 -0.11616331148 0.013963231485 -0.013287010501 -0.099819190143 0.012360862244 -0.039580200463 -0.085136719178 
0.01464820427 0.028521733792 -0.089390361658 0.011474210442 0.046112383391 -0.14882035247 0.014812920018 -0.013075592811 -0.10060550902 
0.01822731402 -0.041392941464 -0.08582530139 -3.9441519086e-16 8.7112525867e-17 -1.3929642622e-17 3.2597241629e-16 1.5608485427e-16 3.8238953278e-17 
-6.4387925761e-05 6.9882276925e-06 0.00010396967613 -0.043170184955 -0.011096984626 -0.10607416044 -0.004779859599 0.00065519737111 -0.097716588051 
-0.00070554022124 -0.02541523766 -0.17176964796 -0.0061470318849 0.0079010505817 -0.13520125043 0.027187570832 -0.029170898918 -0.057577833993 
-0.030968438634 -0.060427961859 -0.024478142804 8.9230152205e-10 -1.4915115835e-09 -2.3209724248e-09 -5.2815531114e-10 2.5125655696e-10 -2.7942111957e-09 
4.386451257e-08 1.2391868876e-07 2.0627540135e-07 -6.4589588744e-08 -3.5097718118e-08 -6.1860926368e-07 6.2646799585e-09 -6.9231899824e-08 1.1196682568e-08 
-1.7319373063e-07 -1.621029048e-08 1.0487764362e-07 4.7517270227e-08 1.1808658136e-08 -4.4665778263e-08 -1.4551469764e-09 -1.2157346867e-10 1.1921892433e-08 
-7.3278142209e-10 4.3864982247e-10 2.9642673317e-09 5.1728736312e-13 -5.1976113289e-13 2.6539887311e-12 -1.3842347487e-12 1.1458808424e-12 -4.9191262569e-12 
-6.3937688799e-12 5.1832559642e-12 5.6673426808e-12 -2.2046641743e-12 3.3737705371e-12 2.098774863e-11 -7.4887025333e-18 6.2664909739e-17 3.8029093397e-18 
-7.0544913112e-05 0.00015681545576 -2.8472559734e-05 1.0719643331e-05 -5.3896210349e-05 -2.6563551735e-06 -2.7662413128e-05 2.0603564736e-05 -0.00021121744006 
-3.1792372717e-16 -2.3273784776e-16 -7.2319361203e-18 0.0023271089925 0.0012232301041 -0.00021455847334 0.052807194715 -0.008435182239 -0.066343121084 
-0.01097206843 0.0038216320343 -0.13854456611 0.036539305252 -0.016805534447 -0.12577926115 -0.0027187997903 0.06144572515 -0.065626386892 
-0.029984345013 0.024284544177 -0.12225010776 -9.6679632431e-06 -5.5192700339e-06 1.9287565977e-06 7.9411244638e-09 -4.3239293616e-06 2.775129741e-06 
-1.3571651588e-16 7.415473463e-17 -2.4112774452e-17 6.4193590664e-17 -2.2298721714e-17 -4.4805360118e-15 -0.018990648533 -0.042034643565 -0.051984137774 
-0.017723856549 0.0015847689177 -0.13873535723 -9.6600807559e-06 -0.018264341674 -0.13292547804 -0.0423758791 0.0074442253539 -0.14559313824 
0.020161583469 0.0028944133567 -0.12895115964 0.019378412559 -0.020201091026 -0.09828492915 0.021102629927 -0.032916632109 -0.10110468662 
0.00055328498858 0.062851684916 -0.096916692838 1.4273718077e-17 -1.6050363641e-17 -1.6683773182e-17 1.3396519335e-16 -4.6923200728e-18 -1.2722770743e-17 
-0.00059225464956 0.00043736631571 6.4994237655e-05 -4.8288602039e-17 -8.5318786481e-17 1.4744130522e-18 0.032282136233 -0.021567481735 -0.05222739991 
0.023552034133 0.019824066925 -0.12231157353 -0.031812478418 0.0039179988055 -0.11475831392 -0.0095191801638 0.012011698543 -0.11233356838 
0.014362228306 -0.015571298516 -0.12975522043 -0.017037913765 -0.010163001339 -0.10298125763 -0.045957114122 -0.023851242807 -0.085854706585 
8.621760592e-11 -1.1975887703e-10 -3.8908170376e-11 9.5696736499e-11 -1.3495686452e-10 1.2726230197e-10 -2.4117062587e-13 -2.302460791e-14 -3.9353264336e-11 
-1.0555149868e-13 -7.7382826738e-14 1.14922662e-13 5.4990142044e-17 -3.0460209332e-17 2.0925840528e-17 -0.00017196545513 -0.0001976862321 -0.00076239051741 
-1.8556047402 -1.9828694957 0.41622022141 9.3731451586e-12 -6.8986361043e-12 -3.4298765666e-11 2.2659104638e-13 -6.8925257344e-14 -5.8641949515e-13 
4.4378181391e-05 0.00016433988258 5.0573828425e-05 1.3130335471e-05 -4.9734034306e-06 -1.4288968078e-05 0.00029088539915 -0.00021530788458 3.0400953165e-05 
-0.00010725147285 0.00057517153601 4.0375190618e-05 -3.0605005928e-10 4.4704405697e-10 2.36002801e-07 -0.018290554106 -0.0091424245795 -0.075844157175 
-0.032842006472 0.081119424327 -0.047647055324 0.034453621197 0.002802165075 -0.14613874234 0.029132857111 -0.012133786626 -0.12981579544 
-1.2820536856e-06 8.5605471044e-07 2.5183940212e-06 -1.5496033653e-11 8.1365216478e-12 -2.2346585103e-10 3.6235919897e-11 -2.1572067031e-11 1.1926132059e-11 
0.076619504674 0.012549054591 -0.094802910516 -4.0246637574e-05 -0.01087662516 -0.11477531609 -0.0030565583615 -0.0048549838228 -0.10856895574 
0.041719008966 0.0076236700222 -0.10920895989 0.010744328732 0.011084046519 -0.12153022481 0.014472941969 -0.0033859555377 -0.14220380441 
5.7047071359e-17 -3.249285202e-19 -1.3835323457e-20 -3.4922200552e-10 3.6517055305e-11 1.3453291592e-08 -8.7768884099e-09 -1.6283105842e-08 9.5373873166e-06 
3.2795681832e-10 -2.2145953481e-10 2.4286342203e-09 0.00058148354465 -0.0055614168319 -0.079338151702 0.029679847962 -0.0055299700987 -0.10584255288 
0.03753492638 0.01557496298 -0.0954257008 -0.014656463624 -0.0018221671867 -0.11031125894 0.0017956145511 0.007997312673 -0.13858670032 
-0.019799714671 0.03764458599 -0.14618664366 -0.043009025835 -0.0039586909178 -0.13448522337 3.2823675545e-16 3.7074590072e-16 6.6070840735e-15 
2.2228221766e-10 -3.592977879e-10 -6.5372567229e-10 -1.3561325293e-09 -1.3096880339e-09 -2.849442774e-10 2.2618653403e-09 8.933183088e-10 -9.8532197819e-09 
1.1314615163e-13 1.1052197942e-13 2.7128269547e-13 -1.0279916468e-13 2.5295829602e-14 -1.1916985061e-13 3.0755774222e-14 -4.1457214016e-14 -8.6456679957e-14 
-4.8116205463e-14 -3.6197835823e-14 2.9247398021e-13 -9.9617103214e-11 -6.6838344871e-11 -1.5727514728e-09 -1.101920576e-09 1.4114196256e-09 2.2841660937e-09 
1.1816995927e-14 -1.1410871287e-14 -8.5693367818e-15 -1.4624514862e-05 -4.5290616008e-06 2.2559012828e-05 8.0679473318e-14 -1.9666981539e-14 1.9639814537e-13 
5.0469414745e-05 -4.0758329114e-05 -5.3475709859e-05 -1.7785919962e-16 2.2549418688e-16 -7.1632462992e-17 -6.8023796737e-16 -2.0857621198e-16 -1.2847775797e-17 
1.3397765972e-08 -4.4085236336e-08 -1.2506682684e-07 -0.028250964813 -0.015104662224 -0.11590131422 -0.0022233232885 0.010881105812 -0.07661778239 
0.019794461559 0.017872278678 -0.13349162602 0.017713668252 0.013437172307 -0.13719136107 0.0079883135144 0.021575943219 -0.075286085195 
-0.020283360691 0.027670557446 -0.034049091279 1.0568186005e-15 -1.024807881e-15 -7.3859732612e-17 -1.1183427988e-07 -8.3079595937e-07 1.5263607141e-08 
1.903973913e-09 9.5827076089e-09 1.3739033275e-06 -0.018807825088 -0.031219910226 -0.17627805446 0.029272492246 -0.041824778965 -0.04373328757 
-0.043164077327 0.02984029484 -0.15487667658 0.0088719190342 -0.0067269534577 -0.098473416985 -0.0075908592764 0.0062890583916 -0.11697180099 
-0.0022796054804 -0.050680003716 -0.076161073824 -5.6445112961e-13 3.2276385446e-12 -1.5900752778e-11 1.1864658553e-12 -6.4599775389e-12 -6.4271738114e-12 
3.2267197969e-16 -3.6130602328e-16 -2.4451277964e-17 0.057203200098 -0.0011785076727 -0.079074237097 0.0013833785699 0.016438073915 -0.077670434225 
0.017118381252 0.027933404954 -0.12568823175 0.0038696664038 0.021728038962 -0.16436150294 1.1749802014e-16 -3.0523114296e-17 -6.9644686163e-18 
-9.6780839844e-16 -5.7945202017e-16 -1.145208698e-16 0.00014390273882 -0.00023567113917 -0.00067895991258 -7.2608983665e-10 1.3331477596e-10 -1.9697721558e-09 
-1.3424570848e-07 -6.0094301741e-08 8.8814879412e-07 -1.9457834467e-10 5.1262443107e-11 6.5090448686e-09 1.962414005e-17 2.5787745918e-16 -5.9171027776e-17 
-2.2241003294e-07 1.1737086825e-07 1.452658065e-07 -6.2308544825e-08 5.2081322337e-08 2.885875348e-08 1.4854967619e-13 4.4820270845e-14 3.563153632e-13 
-1.0920103617e-13 3.6433590729e-14 9.5732322826e-14 8.622174014e-14 1.3558051078e-13 2.1790485053e-12 -3.3443037167e-13 -2.6126730928e-13 1.8844360546e-13 
3.5769478064e-14 -3.7749853824e-14 -6.5053784301e-14 8.7227163158e-17 -1.1772525913e-16 -2.1451531711e-17 -2.3029902844e-08 5.8809574484e-08 -4.5718878225e-08 
0.020857719367 0.028307966994 -0.084217162654 0.00081642093873 -0.024916740559 -0.10739127247 -0.0024873466464 -0.015530458636 -0.14547791775 
0.012218186285 -0.039054246157 -0.093497722812 -0.075746184895 -0.033354420466 -0.084063405439 -0.022535104733 0.05530376217 -0.088993821882 
-2.3291861138e-16 7.7236771174e-17 -1.2895667337e-16 -1.0217015702e-15 4.9293538682e-16 2.5112891428e-16 1.4999839156e-06 -5.1363125494e-06 -3.2491147752e-05 
0.01426270205 -0.027254809953 -0.11688807727 0.017851665964 -0.005081798822 -0.087256376459 0.017861703562 0.0036868040915 -0.079686818793 
-0.0064818274352 0.038225319692 -0.14052472984 0.020869527327 -0.018374346089 -0.17566393352 -0.023723222308 0.016461369439 -0.12326414189 
-2.7079328189e-16 -2.103369529e-17 -9.670393751e-17 -6.8585001716e-07 -1.1816185032e-06 -8.8492714022e-06 3.9608274336e-16 -1.8026241637e-16 -2.626022906e-17 
1.0524763006e-06 2.2860215203e-06 -4.1105839633e-06 0.016652714586 -0.0053874582632 -0.15927305113 0.026356534026 0.020758820326 -0.11463539794 
4.0233278831e-16 1.942616134e-16 -1.5211585453e-17 2.2758510669e-16 2.7560014234e-16 4.6873866684e-17 -7.2305731396e-08 8.5206684085e-09 -3.1375090766e-07 
-5.8860431918e-08 -2.125538009e-08 1.1834700729e-07 -3.5152165134e-08 7.1538809215e-08 -4.4373734413e-08 1.1779712411e-07 -2.7730178169e-08 3.850998196e-07 
2.0816810072e-07 1.6665232643e-09 -2.3540470029e-07 -0.010107573497 -0.0073860851127 -0.070532931935 -5.7350253935e-17 -3.0133111905e-17 -3.5127413453e-18 
1.4943223512e-07 -7.2810467082e-08 -4.9593429723e-07 -1.4417242442e-09 9.4861734337e-11 9.1044280432e-09 -2.5383417119e-06 1.7534606868e-06 0.00063649999607 
-3.7045328354e-08 1.0188687876e-08 5.1818051241e-08 -1.2012744407e-09 -1.1680383e-09 1.3667364836e-09 -4.2563768986e-16 3.7896349187e-16 7.0665138599e-18 
-1.1693737753e-16 3.7870682616e-16 2.2119959256e-17 3.1144873666e-10 -3.74393054e-10 -8.4818148375e-08 4.9995054493e-08 -1.6048506188e-05 1.5319269473e-05 
-5.5982366375e-06 2.1511122922e-05 7.1560383911e-06 -0.000630262097 0.0022808692519 -0.16694021388 0.0094535742386 0.020221995354 -0.067477243838 
0.0046757882381 0.0090514731307 -0.09405727415 -1.4389132541e-16 1.8425743938e-16 -5.4465708668e-20 -5.3826538031e-16 -2.1097860315e-17 2.0306858636e-17 
0.019647288999 -0.0022031777681 -0.083516329544 0.00034157090682 -0.0026938527035 -0.10132364279 0.0019564542843 0.036737549331 -0.12782389487 
-0.0084606487076 -0.0052509601032 -0.13728623525 0.024936100738 -0.011485337502 -0.13052360405 0.002400306399 -0.020657569767 -0.10930320776 
-0.0046818069334 0.012536611799 -0.15131778686 0.015779230627 0.00017228683956 -0.17792130032 0.033092976873 -0.0016919498613 -0.1544073704 
2.3869063049e-18 -1.7339283043e-18 5.738206133e-18 1.286806102e-07 -2.766212517e-07 -2.7023512925e-06 6.1469675592e-16 -3.5232035521e-16 -2.3248649428e-19 
-0.014543584423 -0.023225630494 -0.084774601118 -0.01474870692 -0.020244236054 -0.12897868272 0.0073170002276 -0.049809464253 -0.10758045502 
0.0066763353101 0.01945440213 -0.12794314021 -0.00059965352563 0.010230186844 -0.12233079138 -0.01656576372 0.0098102297944 -0.15253386091 
1.9940967872e-07 -3.6227413583e-07 -3.5702730571e-07 -7.6264598743e-08 1.2963159577e-08 -2.5908746146e-07 9.1912452534e-08 7.1537705764e-08 1.3495047888e-07 
3.6351833921e-17 -4.056470148e-18 -7.550502694e-17 -4.1337877526e-15 1.5901178838e-14 1.2105916373e-14 6.9322204273e-09 -4.5206468762e-09 -1.3016111782e-08 
-6.3641823627e-18 2.6073762416e-16 7.293742341e-17 -1.9689608417e-07 2.4745773203e-07 8.9724844488e-07 -4.7898318724e-16 -1.9112347935e-16 9.4658234195e-18 
-2.1943665546e-17 2.1786329818e-16 -9.1894147969e-18 -2.9817668421e-06 -4.5713708208e-07 -1.8486801919e-06 3.905411922e-06 7.4530363871e-07 -5.7222735653e-06 
-0.0012989815808 0.024402486298 -0.082651049241 -3.126334762e-07 -4.1445103472e-06 2.5847397323e-05 8.35946965e-10 2.0708454081e-08 -9.0984915338e-08 
-0.0021422487452 -0.00029929376515 -0.08912333054 0.027812046795 -0.023198186676 -0.088242080679 -0.011602880788 -0.02762257845 -0.1044414506 
0.030666829737 -0.02239157152 -0.17885252566 0.026225259908 -0.010236107139 -0.12663575771 -1.3099859096e-08 8.7666098114e-08 1.905167817e-06 
3.3043975551e-11 -1.1847911155e-09 -2.9054390664e-09 -4.3838559702e-16 -8.6930186959e-16 7.1725695481e-15 2.4860409368e-06 4.8854419432e-06 -4.217213347e-05 
-1.1950280657e-14 2.5435041208e-14 -6.931339753e-14 -3.2691144446e-17 -1.7807745667e-14 2.3341712839e-14 -0.027680018101 0.012993882464 -0.10484269854 
-0.046629381781 -0.0096700504112 -0.092482701988 0.045829010771 -0.026967960182 -0.098065426788 0.0055920175555 -0.020891149366 -0.048210230275 
0.0068697121244 -0.024005058003 -0.16478665934 -1.6468109935e-07 2.7129391562e-07 -1.4634466853e-06 -6.1925913729e-10 -5.4771195227e-10 1.6142607764e-07 
-0.001231247502 -0.0099841320018 -0.069354687751 -0.004556994399 0.054292216843 -0.11424260268 0.023503831807 -0.027460656306 -0.032791713633 
-0.010005648228 0.019352540139 -0.11232007547 0.0046431506191 0.0094249707778 -0.11072366586 0.056317174656 -0.00030488615608 -0.14319634184 
-0.015653713707 -0.032519175945 -0.079701019393 2.2610308434e-07 -6.1876028478e-07 -7.6197118432e-07 -2.6880233924e-09 -3.3310788571e-09 -1.2460366775e-07 
-7.1643225282e-07 1.171890362e-06 1.380819328e-06 5.5054783511e-11 1.7120991766e-11 -1.1304849819e-09 5.4604021364e-06 4.6845021826e-06 -4.4589018462e-06 
-1.0392419984e-05 -8.0824275429e-06 1.224702804e-05 1.8609532299e-05 -2.7074219104e-06 4.2748277331e-05 6.6385697025e-15 -3.2244424898e-15 7.8350501927e-15 
-2.1926508872e-08 1.6676588389e-08 -8.6018458667e-08 1.3609561776e-05 3.0847594861e-05 -5.7893476524e-05 -3.7928970106e-05 -3.3530428783e-05 -0.00012146512798 
-2.5918604886e-16 1.5040143182e-16 7.2854048556e-19 1.3691652946e-17 1.5418905673e-17 -1.0989165008e-18 5.6616073089e-06 9.8661575471e-07 1.3354926383e-05 
-2.2454646299e-11 -3.746559757e-12 -4.4009638255e-11 7.5527173921e-06 7.4758853055e-06 9.9299268723e-06 2.1453556614e-06 2.3357706519e-06 -2.3422659148e-05 
-9.2410318206e-06 -1.489435901e-06 -2.7707175028e-05 9.5745845255e-11 -1.2625872807e-10 -4.2193860402e-08 -5.7135039835e-06 1.3632692335e-06 0.00011439273348 
7.993113722e-06 -2.9336387358e-07 4.4229344441e-05 -0.00080248924056 0.03431909113 -0.093693623056 -0.029525230527 0.052249835525 -0.083405862739 
-0.035029019634 -0.014864960911 -0.073872735077 0.0064961075218 -0.012785587918 -0.093375624715 0.041793892715 0.0062246861803 -0.12437818745 
0.013649987037 -0.012813794769 -0.08852043708 0.054632774472 -0.021985221214 -0.08595661046 -2.7475241014e-06 -9.3653455903e-07 -4.5446419735e-06 
3.8105991393e-06 -1.4184842439e-06 1.3458699417e-05 -2.4743294196e-07 -2.935403363e-06 -0.00019114093064 0.0013380945513 -0.018600645849 -0.12661391074 
-0.018716946358 0.02020067905 -0.10778395796 -0.011229679834 0.05693795138 -0.13228342149 0.041123871094 -0.0051853367178 -0.10263274383 
-3.4591393349e-16 -6.0945452669e-17 3.4778195917e-17 -1.949888587e-14 -1.01543133e-14 3.9009820411e-14 1.201242213e-16 -4.2682782697e-17 -2.2425604216e-17 
3.2588662252e-16 -2.2556832765e-17 -4.2466542098e-17 -5.7984527245e-08 -8.733116686e-08 -2.8128971869e-06 0.0019423282689 0.013914636241 -0.089492711228 
0.04801909252 -0.064605018109 -0.13441527274 0.013186913827 -0.0070327580223 -0.15322492074 0.0022778301958 0.05573378777 -0.068465267071 
-0.032972671285 -0.064990954211 -0.082924140589 -8.2519243047e-08 1.3388269627e-07 1.6477010578e-07 1.4635534139e-09 -6.7075413941e-09 8.6267746211e-08 
3.2064280768e-09 9.0421794202e-09 6.2351324354e-08 -0.00031713919914 -0.00044799495723 0.0059806621654 -3.1839262219e-08 1.2462648224e-08 5.9287104351e-08 
1.801520823e-06 -1.2272951558e-06 1.1016659948e-05 -1.718272481e-12 4.1839506958e-13 1.0915196991e-09 1.5897154837e-11 -1.4887029077e-12 1.7784539521e-11 
3.4328662019e-11 3.9107126882e-12 -1.0056231656e-10 3.9785023447e-07 -6.123025437e-07 4.3078369592e-06 -3.6518090575e-06 -8.4246755432e-06 -8.9291626435e-06 
8.7843224667e-07 -8.0626471991e-06 1.2114309616e-05 1.9002859858e-06 -1.2979005737e-06 1.0991333448e-06 -0.0074533316757 -0.018024469049 -0.095076936533 
0.043462922823 0.038714436528 -0.079101768469 0.037809893038 0.0042209715324 -0.097319453145 0.0039155604799 -0.011819736231 -0.14609975398 
-0.022681105812 0.0063293857087 -0.12308717817 -0.036662645086 0.0011175038399 -0.098187436485 2.8820120744e-09 3.9967720969e-09 -6.9898872322e-09 
3.2376439273e-15 -6.1539171631e-15 -2.2356163144e-15 6.9150450428e-06 6.5268625764e-06 0.00022351992003 8.0246515328e-07 2.3157131219e-09 3.0500537947e-06 
0.007542325791 -0.00046226021678 -0.098621584578 0.033033321634 0.0021750826095 -0.10565066345 -0.028308763378 0.0083169263423 -0.12362737218 
-0.0099946973438 -0.032822782077 -0.13395601797 0.018538120258 0.010970067089 -0.17452918122 0.007275485373 0.056252784216 -0.10024112646 
-0.0084941172038 0.030601707144 -0.10752334308 -3.9896609387e-09 4.5986562419e-08 -2.3888157647e-08 -1.7565038711e-14 -1.4566689418e-13 -1.7009463924e-14 
-8.7550365263e-08 -5.0054428157e-08 2.816328442e-06 1.9857131162e-07 1.9397857453e-07 2.2372710689e-06 -5.4800332431e-10 -8.8136107845e-10 -1.8359918404e-08 
0.017717757774 0.022396151951 -0.13484296149 -0.037547631381 -0.0042599286841 -0.11635661928 -0.019385356111 -0.039753072935 -0.089050784115 
0.0033058258314 0.019962201921 -0.083904947729 -0.054058095747 -0.041193557127 -0.11772342678 0.05030256602 -0.037926446152 -0.070286918589 
0.012663471705 -0.0048938852073 -0.083278063036 -2.5593741635e-08 6.9542905146e-08 9.4806908352e-08 -3.5907679631e-07 3.582493219e-07 1.5905310059e-06 
-2.2075511396e-07 3.4418055156e-07 -4.1923675412e-07 -2.9612647097e-06 1.2353728207e-05 -0.0016193280427 -5.0794276305e-07 -6.389837711e-08 -2.3439817989e-08 
2.8216179045e-16 1.5260953604e-15 1.5796991773e-16 1.2785652654e-07 -4.4970954227e-08 3.0004331516e-07 -2.2830502506e-08 1.8856970523e-08 -2.9452964334e-08 
-1.7397840933e-08 4.5128567654e-08 2.3554558946e-06 -4.5061453104e-12 6.3772872748e-13 -4.7247342676e-12 -2.1447493854e-07 1.648498313e-07 4.8334768782e-06 
-1.7491855939e-07 -1.9908603018e-07 -1.7282794486e-06 -9.8733322404e-08 2.2338693264e-07 4.7369330814e-06 5.2682318229e-08 1.1384725227e-07 7.6051836574e-06 
-1.3171938701e-08 5.3219000383e-07 -9.2971761736e-07 -1.0227530068e-06 3.6607043498e-06 -7.9672068196e-06 -0.0068116390231 0.02187622698 -0.05428245141 
0.027250020827 0.026525421629 -0.067348509682 -0.067236368581 0.062843461275 -0.086355539412 -0.043036607744 -0.013210098238 -0.079681761286 
3.9331380153e-07 4.8209407214e-07 -8.6885898495e-07 -3.0428998587e-09 -2.1648515751e-09 -3.1649309708e-08 -1.0304060008e-11 -4.0284348948e-11 -7.0121460628e-12 
-8.3486110955e-07 3.2741519314e-07 -3.4810926738e-06 0.03994324642 0.048560143959 -0.089746524723 0.056165527102 -0.068594071125 -0.07219013906 
0.065556943071 -0.026266622055 -0.035119909642 -0.040985774288 0.034715075774 -0.13158856953 0.0065872263247 0.019946086122 -0.097817312568 
0.023053012985 0.015784074585 -0.018166783872 0.01208596266 -0.016042301655 -0.14804479012 1.6347325365e-12 -4.0142080977e-12 -1.2605408725e-11 
-2.8657005729e-06 -2.4151779694e-05 3.3226952266e-05 5.0133445747e-07 8.354557589e-07 7.0006394729e-07 5.3770672468e-16 -1.0885603298e-16 2.6232693267e-15 
-0.030604792367 0.00040053328239 -0.12548474891 -0.048240088557 -0.0062407994463 -0.13138464546 0.038225248708 -0.070185973428 -0.067871725203 
0.026727550411 0.014375987936 -0.088891592984 1.4783224523e-07 -2.9197989446e-08 3.2786376327e-06 1.2141867129e-06 -2.0975895456e-06 -1.3596119599e-06 
-1.1715583968e-06 -7.3257451492e-07 -0.00035710810167 -1.8047563348e-16 -1.0437985135e-16 -3.2017696274e-18 1.1295859257e-13 3.1742468792e-14 1.9233982136e-11 
2.7414726648e-16 -3.8761215849e-16 -4.0828648123e-18 -1.0696676687e-11 5.7717372652e-12 2.7346471396e-11 6.9310827087e-11 -2.1195636983e-11 -1.7414968616e-10 
-2.3972824485e-16 1.8206778426e-16 9.5813160154e-18 -4.552377572e-17 -2.2939079776e-16 1.6891053507e-18 -3.013662911e-08 2.0180454147e-07 7.0220025889e-07 
1.4783656399e-16 1.1691085223e-16 -3.284244122e-17 8.9702566986e-07 1.5753641614e-07 -3.7672627471e-07 9.9411752683e-08 -1.1589390997e-08 -1.3521821217e-07 
-1.6745472663e-06 -2.2264006833e-07 -3.4795350485e-06 2.8174562433e-08 8.8147365529e-08 -2.7167645464e-07 4.751033402e-07 8.8066139961e-08 -7.253803884e-07 
-9.1923571258e-09 1.6457637671e-07 5.5290444635e-07 3.4463950861e-09 -8.7775115982e-09 2.106448924e-09 -2.7584726735e-10 1.3058383385e-09 2.7501179016e-10 
-0.058444180894 0.012747675334 -0.13551399112 -0.018343467017 -0.012649211124 -0.087168466328 -0.0076010925676 -0.011016202206 -0.087198914695 
-0.0056902229899 0.013954275539 -0.073884107003 0.020199596746 -0.0035390271824 -0.1069125858 -0.016587271917 0.033340910542 -0.13313270763 
-2.2076229992e-07 -3.6024507298e-07 -6.6800125909e-07 -2.3961453345e-07 -7.9342028383e-07 -6.9573608619e-07 -0.023340194629 -0.016352167065 -0.11734019671 
-0.018936302377 0.0099460325089 -0.13916837702 -0.075276914081 -0.0098804715597 -0.064037683665 0.032353603152 -0.0077272357451 -0.070606251609 
-0.023907882229 0.063725855818 -0.10008117357 -2.6981421231e-12 6.0018897863e-12 4.2274896676e-12 -6.1824088921e-12 -5.2424396592e-12 -2.4703759235e-11 
4.4962035902e-16 -5.1753070614e-16 3.9309961307e-18 0.021013329133 0.029799177199 -0.065450519164 -0.0094603770241 -0.0051994201758 -0.13754448177 
-0.027501574529 0.032386606974 -0.11230279195 0.023034766068 0.027038350727 -0.15232775507 -1.4795061982e-14 -1.0677660253e-15 -9.6988702754e-15 
1.1589415496e-15 1.4980969527e-16 6.5649584144e-16 7.4756744805e-12 7.4067761937e-12 1.6793267159e-11 -4.4109022586e-17 -5.0659660897e-16 -3.0980999807e-19 
1.7447401349e-09 1.8220341145e-10 -1.3399156855e-09 -8.6959067186e-11 4.5586005311e-11 -1.2432440368e-10 8.7891364832e-11 -1.6931599711e-11 -4.430159916e-10 
-4.5470085237e-17 -3.5833286344e-16 -3.4913623243e-17 -3.1482041429e-17 -9.0018521137e-17 4.8553751512e-18 -2.6500983403e-08 1.638932937e-08 -6.4505937011e-09 
2.9324800091e-09 3.1613515946e-09 -2.9968037179e-10 -1.6117704675e-16 -1.9101571419e-17 6.2564750603e-17 4.1217422382e-16 -1.8872026557e-16 -3.6716877723e-14 
-5.5508269879e-08 -6.651954193e-08 3.1327431215e-07 1.0137950156e-08 -5.8857799938e-09 -3.9450746237e-08 0.014765838162 -0.016515576338 -0.13517400812 
0.058271479217 0.0023884320546 -0.06259932187 -0.0041496717849 -0.034081164531 -0.11432463396 0.024984008785 0.0062884964767 -0.16894441866 
7.1770227064e-08 2.5940840898e-07 1.3360302024e-06 2.7831095178e-09 4.2341225491e-09 2.593743915e-09 2.0534024342e-07 -1.1140939907e-06 -0.00036489595997 
-8.498104905e-16 1.9318875224e-16 3.9825459912e-18 -0.029905855441 -0.04484836796 -0.12611703893 0.034153575595 0.006106959776 -0.10654702112 
-0.0084110749759 -0.01581212773 -0.059300213868 0.039790061606 0.011621416535 -0.11218032755 -0.0082541238588 -0.032777743842 -0.17891343145 
9.1380249706e-16 -3.6794414449e-17 -5.5420389063e-17 1.4676395627e-09 9.6263531517e-09 5.5976708841e-08 1.0171178134e-11 1.7142022363e-11 -3.1963054919e-08 
-2.1320128918e-16 -2.0203811224e-16 3.374723034e-19 -4.9761175892e-16 2.2501671936e-16 8.6670808153e-19 -9.0809828796e-16 -2.1978635544e-16 5.8889303107e-17 
0.004799959093 -0.010342101114 -0.10296067206 0.024169651107 -0.0085471870193 -0.14332107465 -0.051242384046 0.023067488703 -0.067921931893 
0.010361364952 -0.037023977484 -0.12632373203 -9.7911263293e-08 1.4719300177e-07 -1.9695764314e-07 1.9437278553e-07 1.7224662917e-07 8.8866888294e-08 
-1.0710249579e-07 -1.574900307e-07 -1.7401603629e-06 0.034556433701 -0.0033684020633 -0.072072493055 -1.7304376682e-10 -2.7950266277e-12 -4.0381734006e-10 
5.8486234268e-07 2.5397558096e-06 -1.1691614105e-06 2.1639144133e-16 3.4811576938e-16 5.9600669455e-19 2.003264445e-08 -1.6231528851e-08 6.6703741845e-08 
1.2466709588e-06 -8.6841654382e-07 1.0384557865e-05 1.9537169095e-06 -2.4950406592e-07 6.799111385e-06 1.7834346701e-07 -7.9410146047e-08 -7.5831878383e-06 
-4.2320812565e-06 1.5719720639e-06 4.5753139588e-06 -5.4675073282e-09 -5.0618447412e-09 5.2339941592e-09 2.9315046881e-08 3.07977154e-08 1.8106956451e-08 
-6.1165857986e-08 4.459278351e-08 1.0446769322e-07 -2.2123921837e-08 5.5551668455e-08 -1.4610635404e-07 -1.539068353e-08 8.1102192486e-09 -1.6031753134e-07 
-0.013323033027 -0.027346244712 -0.06104876516 -0.0019870653357 0.0071415736031 -0.080805271722 0.0024657322135 -0.01216942843 -0.1037926045 
0.044435637145 0.003061241889 -0.068042216252 -0.00099276839257 -0.056117557513 -0.12568567128 -0.00081682462372 -0.019935191822 -0.10086439723 
-0.027127117912 -0.0083618436845 -0.061723046711 3.2155131154e-09 3.7861077018e-09 -1.3186145877e-08 5.7403898291e-08 -1.0967482108e-07 6.4062425457e-09 
0.018402887514 0.013671211751 -0.041346819659 -0.045992258481 0.019176450505 -0.097099968511 0.025703276497 0.033404646625 -0.12057997578 
-0.062415345426 -0.047281811233 -0.082246890875 0.020671897747 -0.019146812828 -0.10974601417 -0.040600781412 0.028827427063 -0.087426756159 
-0.023590449963 0.011487153197 -0.08046401886 -4.8441760936e-09 -7.7848336178e-09 -1.9697346334e-07 -8.8577959803e-09 1.7686993173e-08 -2.6580216783e-07 
-1.6603739257e-10 -2.9465186753e-10 -7.0522270728e-08 7.1468301438e-08 1.9295323945e-08 -2.0504460497e-06 -0.015846418311 0.0041094509602 -0.12032939014 
-0.046091507663 0.026743911101 -0.15440569759 0.0083060378899 -0.059137665699 -0.059868473957 -0.013662330474 -0.0041287486762 -0.088518763182 
2.828317528e-08 -6.7160475333e-08 3.9128338252e-08 1.845506371e-08 -2.5418694355e-08 -7.19748481e-08 3.1323334472e-10 3.0591619479e-10 5.7300070148e-10 
-1.1132186133e-07 -2.6203556868e-08 6.2316714495e-07 2.7665133367e-15 8.2826275069e-15 1.7229633832e-13 -3.2767528381e-06 2.1231308866e-06 -0.00022567355733 
-0.00021379197477 0.00022600736111 0.00049412059009 7.9284318299e-06 1.8687729576e-07 -8.4022400017e-05 -5.3488775757e-09 1.8691592812e-08 2.4508780825e-07 
1.4656854402e-08 -3.4039073489e-08 -3.3618532428e-06 -3.4326041613e-07 1.8367025093e-07 -3.3807233018e-06 -4.5109527628e-07 9.3259138729e-08 -2.792481122e-06 
-9.3154233561e-09 -1.0126742573e-08 -2.3218655045e-07 -1.1817513841e-07 -1.1731819733e-07 -3.4430952208e-08 3.3748415363e-08 4.0637103312e-08 -2.5807966752e-08 
7.4502631106e-16 -3.9997764226e-17 -2.1239813375e-19 -9.0461335577e-08 1.3415610486e-07 -0.00041127413055 0.0073990475888 0.02234633834 -0.049251594146 
-0.003960899215 0.087242995913 -0.097724586552 -1.8902636236e-09 -8.9291446178e-09 -8.4291615203e-10 -1.4430073194e-13 -1.660141164e-13 -1.841013205e-13 
-5.0990186698e-08 -1.3583571925e-07 -2.0750792924e-07 -2.4494153291e-08 -9.8339423131e-08 2.8055477297e-07 -0.0085839547978 0.01701432125 -0.065068383545 
0.018001003638 -0.0097298868738 -0.10199266631 -0.0051483461273 -0.0080968103588 -0.051233252409 0.02718127537 -0.018708988376 -0.10616643893 
0.0047195487107 0.040078016268 -0.11599625346 0.010686394957 -0.0035714308602 -0.14627888501 0.0080448568535 0.0004776526204 -0.083340216745 
-2.7200052516e-09 4.3087959135e-09 1.570140898e-08 2.4162134201e-11 5.2480781442e-11 -1.3730252143e-10 -3.5218146913e-10 -2.8013549684e-10 -8.7423013791e-10 
-2.553445657e-12 -1.9598798475e-11 -1.9004202184e-11 -0.025725644308 -0.040559593773 -0.10607664189 -0.044732938577 0.032079082916 -0.099874041612 
0.0022143910709 0.021173175125 -0.1172254487 -0.042522717628 -0.080078064532 -0.097619395792 9.5600069945e-17 -7.0704645877e-17 -6.2632038014e-17 
-1.0909881082e-09 1.2320860777e-09 1.0498583765e-08 -1.1457701508e-08 -9.2276212279e-09 2.48939145e-08 1.8432325148e-08 1.711322773e-10 5.8895589321e-08 
-1.102034528e-08 -4.3849035047e-10 1.8187241199e-08 5.3567252186e-08 4.6604895689e-09 1.2191752776e-05 -8.7501270193e-12 8.5684639292e-12 3.7309421214e-11 
1.1637056093e-06 -7.0796329009e-07 -7.1201990763e-06 1.4257809836e-11 2.2772990484e-12 3.1390289513e-11 -1.9846867695e-11 -2.214569848e-12 6.182805647e-11 
5.4972301952e-13 2.9069361736e-13 -5.3911308995e-13 -3.1719147642e-16 8.859109074e-15 3.7381577768e-12 -7.7479993554e-17 -2.7369240371e-19 2.628915489e-19 
-7.2060900186e-06 3.5490717684e-06 -2.2833835823e-05 1.993375524e-06 -1.3836362778e-05 5.0527659779e-05 1.8363086561e-06 -2.7222134135e-06 -0.00085903490846 
0.0052348539608 0.018649565805 -0.098068108819 0.0010941982088 0.0079960765486 -0.12517446724 -0.0017118128918 0.010770349291 -0.10312372287 
-0.0089430805669 0.0080476372598 -0.12922529963 -0.023899403793 -0.024177421722 -0.11661487678 0.015141108616 0.0047414728217 -0.074954467211 
-4.1058950412e-16 2.9252669595e-17 -9.0193593384e-19 3.6388781687e-06 1.332154139e-05 3.9270549601e-05 -0.036250371039 -0.026402794582 -0.17608941439 
0.062544060138 0.0091521901286 -0.12695908227 -0.049646741674 0.049558318593 -0.12079303661 5.4867452079e-10 2.5510553534e-09 -6.4070906513e-09 
-7.5792245911e-11 -6.643720888e-10 -2.2301277985e-10 -0.050369435977 0.025455492777 -0.11058563074 1.0195491262e-09 1.0011721952e-09 -2.0048508583e-06 
8.9542316508e-11 8.7026532455e-11 -7.5833178416e-11 -1.7663248912e-11 -3.2850741532e-11 2.3731641915e-11 -0.0046245843545 -0.017317631596 -0.11996835529 
0.02820876365 -0.015167066462 -0.057371629354 -1.7399914262e-07 1.7621504795e-07 2.1434702736e-06 1.4783587901e-07 -2.1050785105e-07 1.4332385125e-05 
5.4252237262e-08 3.1316141715e-08 1.7683313399e-08 -1.935330489e-08 -1.8506191883e-08 -3.4262759127e-07 6.506676695e-08 2.484364332e-08 6.5288960397e-08 
-8.1082014286e-08 7.806533065e-09 4.2247281093e-08 5.6400508817e-08 -2.9912143129e-08 3.5444755163e-06 3.454117087e-16 6.2466529746e-16 -2.206142097e-17 
-2.2434596833e-06 1.3702150073e-06 -1.2578954919e-06 4.4173980491e-17 -3.7555344927e-18 5.729563252e-18 -8.4370438242e-07 -1.3110345609e-07 -2.7344878689e-06 
-4.8116685889e-17 -2.6169391551e-17 3.6977085531e-17 -7.6947876549e-13 -2.6820130676e-13 -3.3338010649e-12 -1.424105589e-18 3.5046920373e-17 -4.222606642e-18 
-0.0099609810653 0.042292637454 -0.036874122877 0.050902368644 0.0025720497033 -0.064128999584 0.026096642926 -0.011695467877 -0.11075731661 
0.011683827456 -0.014757220958 -0.063755298167 0.049946637213 0.0216350919 -0.10897620175 -0.019019364599 -0.020317776171 -0.07213991506 
-7.309874223e-17 -2.317298907e-16 6.3786692767e-17 1.5806280615e-17 -5.3122401149e-16 1.4497327663e-14 -3.5168087862e-08 9.0917484839e-08 -2.1205668892e-07 
-0.0040550175643 -0.026468209825 -0.060770786771 -0.0032484103338 0.01943136021 -0.14160397866 -0.0076842876078 -0.017064363423 -0.1233322133 
-0.050968307889 -0.0077883676687 -0.14151043354 -2.334577654e-10 3.1557382728e-10 3.1518061117e-09 -0.029601782118 -0.022295654157 -0.077396657778 
3.0607171854e-12 3.3952389612e-12 3.0859284965e-12 2.3904224596e-08 -5.7942709809e-08 1.6285551486e-06 1.5097968221e-07 2.6897001489e-07 0.00024894759243 
0.0203391495 0.0024075575033 -0.10893236187 -0.071105185305 0.0034016471567 -0.11485163727 -0.01130546464 0.0062969567777 -0.062821909488 
1.2449108224e-07 -2.0732118029e-07 2.1554570091e-07 -1.7322037953e-08 -9.7592680833e-09 3.4563607995e-08 3.0596555875e-10 7.3390353212e-11 -9.9476680653e-10 
6.9680435492e-08 -7.7570103129e-09 2.8950268609e-07 1.135807225e-16 -1.3771114014e-16 -6.0833104768e-17 2.4235092717e-16 3.6068244963e-16 -1.5549145118e-16 
6.4076908788e-17 -1.355229459e-16 2.2519603591e-17 -2.3739508068e-06 1.9102490272e-06 0.00023919561003 2.97322928e-08 -1.0944140071e-08 1.3523835802e-09 
2.6217314645e-10 -2.2994591064e-10 8.193235753e-09 7.8794301995e-11 -4.6172340285e-11 -1.9103614128e-10 -1.378374489e-10 4.9409179259e-12 -2.0115655246e-10 
6.8673973445e-11 1.3534045461e-11 7.5240748766e-10 3.0401204617e-12 -2.978435364e-12 5.3327355566e-12 -1.2727769632e-09 -5.9209910609e-07 0.00057681265998 
0.03065826047 0.018180041825 -0.11137675927 -0.00072736543085 0.011069717096 -0.1206303247 0.025215660798 0.016691519138 -0.13241233408 
-0.011975724865 -0.00038237639529 -0.098407665629 8.3018889781e-17 -1.1605730221e-16 2.5638552136e-18 2.8332772417e-17 4.9026468789e-17 -4.0674910206e-17 
1.0185651492e-12 -3.1459395414e-12 5.5975002832e-12 -6.4017510377e-13 2.1831578398e-12 2.0962981281e-12 -0.044576280011 0.0098769970896 -0.10545465233 
-0.025746016459 0.029747375758 -0.17948084579 -0.00039822324285 -0.020327241747 -0.14940109836 2.639051526e-07 -4.3331767423e-07 -1.4730076014e-05 
1.7225756971e-16 -8.7036975232e-18 -1.6306894107e-17 -1.6170019119e-16 -2.617363919e-16 -1.0242417072e-16 -1.2603626528e-12 2.1108526175e-12 1.1373725452e-11 
-2.1093995585e-16 6.7335046267e-17 -3.9370456811e-14 0.0094841817062 -0.069186833198 -0.076261781645 0.00071456764775 0.042446917565 -0.1773125104 
0.010974814318 0.004967389696 -0.13667211024 -0.01907917452 0.03645923559 -0.13538568 4.3159764689e-18 7.39467765e-17 4.5373228747e-17 
-5.3485323049e-07 9.617595004e-07 6.9963794214e-06 -2.7448971034e-16 -3.2750132895e-17 -2.5157175632e-16 1.0230324377e-10 -7.9231967766e-12 -4.2594951814e-10 
1.1937778221e-07 7.227247871e-08 8.1876984793e-05 3.247651143e-10 -4.8681064791e-11 9.5478203847e-11 4.0209896438e-17 -1.679244179e-16 -2.695213759e-17 
-8.3859470248e-10 -1.3588569533e-10 4.9852733275e-10 7.2137032075e-18 1.1718815602e-16 -2.3122237378e-18 1.0519837766e-12 2.6962344364e-13 2.6725757823e-12 
-3.9948875005e-08 1.0904421045e-08 2.9600468953e-07 2.2971487411e-08 -6.1829676145e-09 1.3787607454e-08 -8.4582507466e-09 4.2501888909e-09 3.7944714766e-07 
-2.8135611762e-11 -1.5879310665e-11 -7.2068849459e-09 -4.5783716977e-08 -8.6001870694e-09 -8.4308802961e-09 2.3153979905e-12 3.7852038718e-12 -2.6810087278e-11 
1.3517936768e-11 -1.098214885e-10 -1.4878791231e-11 -0.0085785572695 0.069065222744 -0.084308796469 -0.0021874160157 -0.032414534763 -0.16761688675 
-0.04156860574 -0.01498263404 -0.09271975075 1.0806866137e-05 2.9636606697e-05 -0.00018788541806 1.8287578758e-15 1.3986359674e-14 2.5700396268e-12 
-0.065180383172 0.021827546422 -0.11444222214 -0.0058430347877 0.0062553864306 -0.14718385656 -0.0098231565878 0.016785603096 -0.10902399215 
3.0562148774e-11 7.4518616282e-10 -3.7007352937e-09 1.2577005447e-12 -2.0215492605e-12 1.1148701886e-11 5.9915897257e-06 1.9745028287e-05 0.00011767180165 
-0.063110952473 0.032528088561 -0.12100180587 -0.0094305087497 0.049332146602 -0.14153010998 -0.022796585763 -0.0036622096608 -0.1052935251 
3.5692247234e-10 4.713176761e-10 -4.6133092902e-09 4.920085936e-09 -1.4456186902e-08 -1.3023600398e-08 5.3178913457e-10 2.0584494631e-10 1.0100706255e-09 
4.574628017e-17 2.4168078737e-17 -2.3030971689e-18 -5.7989855052e-12 2.4242126234e-13 -7.072091915e-11 -7.0936020716e-11 -7.0033797129e-11 4.186572721e-10 
3.0561224732e-09 -2.3562378614e-09 -3.5821565492e-09 3.6884414857e-12 -1.5657419347e-11 -7.9028890679e-11 1.9346737803e-15 2.5152234356e-14 -2.6200799695e-17 
-2.5227755556e-08 -1.2995538872e-08 1.1762143224e-08 3.6318789522e-06 -5.6627714141e-07 -0.00061348170649 -4.8733936962e-10 -1.5870039104e-09 -2.5140836543e-07 
9.2082215487e-09 1.0238626647e-08 -1.3076969564e-07 8.950911655e-17 1.1550435374e-16 2.424382434e-17 -9.676349591e-11 -3.0516570905e-11 -8.5660108812e-10 
5.6268319271e-11 -1.2968921349e-10 -4.1090830862e-10 -0.027765959961 -0.032664623255 -0.13004990909 0.011375452607 -0.033505608721 -0.11472065424 
0.012579371663 -0.00030816339349 -0.10657636281 0.045167369419 0.0078219693858 -0.12197977837 0.0093315389985 0.046451083854 -0.11319616668 
-1.4882121998e-11 -2.5746187545e-11 -2.9026454307e-11 7.0882640652e-17 -4.2732106216e-16 -6.3639944453e-17 5.7530894344e-12 4.4299618865e-10 1.0790327223e-09 
-1.8655514588e-09 -1.0232795563e-08 5.9232241228e-06 0.032614136864 -0.0059685884621 -0.07338347977 0.026620329096 0.02130255975 -0.10792773981 
0.014058386485 0.011319954681 -0.15684806168 -6.6691423098e-09 5.5265408026e-08 -7.5246919472e-09 -1.9154612542e-09 9.479629177e-10 3.1087673032e-08 
9.3193168685e-10 4.4410842579e-09 -1.4899055489e-08 -9.259202155e-06 -2.677659285e-05 0.00017248450584 0.02011031745 -0.0073355892854 -0.09220248023 
0.077333358825 -0.017327085158 -0.083105263194 -0.00054255482074 -0.026404176944 -0.14102253766 -0.027800206399 0.028480113357 -0.1776940186 
3.0974062561e-16 -9.5674890013e-17 -1.132122723e-17 1.3920384707e-08 2.0323223425e-08 1.5839314231e-05 -1.8176109128e-17 -8.9119593329e-17 -4.5692772771e-18 
1.7244383852e-08 7.852965087e-09 -7.0742329005e-09 1.2146198082e-17 -3.95639703e-17 -8.1505010508e-20 1.1096599271e-16 2.7329548144e-17 1.0709409559e-19 
3.249397826e-10 -4.6343368084e-10 -2.0512259743e-10 -2.0457531814e-16 3.0456839743e-16 -6.0428017282e-17 -8.4555220287e-07 1.8751698106e-06 1.8748911319e-05 
-3.8073905631e-06 3.222115349e-06 4.7172846121e-06 -9.600437876e-05 -9.5272622632e-06 -6.7386694902e-05 1.5684853816e-05 3.6276786254e-06 -6.3865624318e-05 
-0.0087076706967 0.099810586632 -0.096731828634 5.988055529e-12 3.0863924512e-12 4.753312372e-11 1.5626519343e-05 1.7657964271e-06 -2.7153191063e-05 
-3.7673269483e-07 1.0041422831e-06 -2.2812370427e-06 8.0796960933e-11 -2.5021765076e-10 -9.8578015271e-11 -2.1708346804e-08 1.2716040278e-07 -2.2555263526e-06 
0.014976612534 -0.021693076849 -0.16515083269 5.6658558692e-06 -1.1497419436e-05 0.00015052358503 5.0422455057e-12 3.7425005051e-12 -1.2846402787e-11 
1.5520875215e-16 3.1139744226e-17 1.3864631397e-18 -1.0283151126e-07 1.5092089376e-06 0.00019723709542 0.011988536165 -0.023870185328 -0.12949352416 
0.0074005308749 0.041213522349 -0.11642398386 -0.02283759662 0.044332671508 -0.14700282579 -0.026926877513 -0.064680595579 -0.068252778959 
0.025586171488 0.00035640919547 -0.11632511935 0.009834758293 -0.022134910023 -0.15821997156 0.019103555159 -0.018460290251 -0.10686033405 
-0.0041890305561 0.0014769330605 -0.087192990235 4.3289059845e-08 6.6342752814e-08 2.6622642609e-05 -6.2951853857e-17 1.4507066019e-17 -1.5500274319e-17 
-9.7546951963e-07 -1.6302273781e-06 -0.0011985042509 0.00047847560505 -0.024103265777 -0.13374957405 0.021761617232 0.0084222180165 -0.092959644885 
0.013101703942 -0.053419357485 -0.032579317628 5.841029038e-07 -8.3647122153e-07 -1.2681778259e-06 -1.4912335151e-07 2.3118876352e-07 5.6580012716e-07 
1.4951074188e-16 -6.5552114051e-16 -3.0125674964e-17 -1.5075237225e-16 -4.0097416477e-16 1.1728658735e-17 -8.2505248925e-09 -3.8620720966e-09 1.916495792e-08 
6.7235414883e-14 -5.491831753e-14 1.7794879259e-13 4.4548798112e-05 -1.7513285177e-05 4.5263493983e-05 -1.8459701009e-16 -7.3788580061e-16 4.8193643703e-17 
5.0178016615e-07 -2.8588108345e-06 1.2142964398e-05 3.7643596353e-06 -3.1368573896e-06 4.6106097686e-06 8.4632540237e-06 -1.3896724704e-05 7.6739342069e-05 
0.00012971156257 4.8950126085e-05 -0.00014450766353 0.052615196811 0.0011800893477 -0.094603324526 5.9380029731e-16 -9.5701029059e-16 1.4987613007e-16 
-2.0830187858e-09 2.4818660369e-09 -1.2496154361e-09 0.0014999414497 -0.042421062224 -0.064287061984 -0.00047325209658 0.022262158413 -0.04959352936 
0.024993675746 -0.030198887729 -0.087223130907 -0.01791570427 -0.0025965419585 -0.14227760004 -0.0032687322277 -0.040146295627 -0.12371463827 
3.466167824e-05 5.8292514414e-05 -0.00010795137709 -8.2171927547e-09 -1.3752145036e-08 1.8985160294e-08 -3.767805508e-11 1.5156993329e-09 1.7582084426e-09 
-0.03752545733 0.066307963698 -0.071017746226 0.014299831115 0.015384044294 -0.13529304772 -0.072501176371 -0.060891789095 -0.12667619164 
0.027022927508 0.0168224739 -0.060629454889 -4.6281328837e-06 2.3451093316e-05 4.7567452667e-05 0.044391137067 -0.010593448325 -0.066795560113 
1.8874683902e-15 -9.8385007585e-16 2.0257464103e-14 -3.4157112388e-11 -2.4459515481e-10 -6.4208520883e-08 -0.017649924935 0.017001852422 -0.11488055826 
-0.0043438167345 0.024693741934 -0.12173872303 -0.04533699748 0.033314050779 -0.0723458331 -1.8113361962e-07 2.0810272519e-07 7.7409942979e-05 
-4.2170139462e-17 -6.3040590436e-17 -2.182977025e-17 -1.3218914451e-13 -1.281128033e-13 7.1518568019e-13 -3.1639407521e-13 -3.0857768542e-14 1.0359094312e-12 
1.5088882302e-10 -4.179065417e-11 -1.7248824855e-09 -2.3430926382e-10 8.5522498551e-11 2.1493003738e-09 1.1817844926e-08 -2.1302958004e-09 1.1909833139e-11 
-1.1711780987e-08 2.095514327e-09 2.6643884543e-08 3.0245957476e-17 -1.1624105917e-16 1.0367431168e-19 -6.4357008799e-05 -3.3938799817e-05 -3.6686972095e-05 
1.4987173582e-12 2.8124127602e-12 -8.5341367489e-11 5.656661996e-13 1.1137842256e-12 -7.7937222337e-12 1.0848357053e-09 -1.7588484564e-09 6.6740221557e-10 
-4.5393317611e-10 3.077868603e-10 -3.2229709279e-09 7.1604460023e-10 -3.9394753666e-10 -2.3622930189e-08 0.014259617977 0.0045708180546 -0.12714477971 
-0.0073942329659 0.043668738658 -0.068051158332 0.044557850117 0.00033597484762 -0.14138208988 0.051692668857 0.015703526993 -0.12926322801 
2.905049358e-14 -8.0285443897e-14 -2.3552551006e-12 3.1793953557e-12 6.774699722e-12 2.3600616834e-11 -1.2198711826e-10 -2.620250598e-09 4.8271993399e-09 
0.0043079887629 0.027694005678 -0.081027318248 -0.032885188443 0.0086675299265 -0.16613536679 0.010571768002 0.034439250873 -0.075906483888 
-0.0025846161647 0.029187535958 -0.16672085243 3.7199368564e-16 -1.6288326122e-16 5.7748925605e-17 -7.4354686079e-10 -1.2493604896e-09 4.1332721614e-09 
-0.0031194620976 -0.003144604407 -0.034855243521 -1.8732990995e-09 -2.7049147285e-09 -9.3970778142e-09 0.018151287792 -0.014300248433 -0.11706602904 
-0.0037225401334 0.012215600284 -0.1126365968 0.022455008704 0.034903078465 -0.1516327031 -0.008741572099 0.0075836830589 -0.15342152548 
-0.010912874576 0.041010715741 -0.080905827953 -4.695804427e-16 -2.1007981231e-17 -9.6708658276e-17 -1.4218519669e-16 -5.054303142e-17 7.7970612927e-17 
-4.825781041e-08 1.2544133326e-07 -4.9700469567e-06 -3.6346801949e-17 1.8417687487e-16 9.5786789366e-18 1.0360959169e-14 -5.2792284865e-15 -4.6675402375e-18 
-9.3834922147e-14 -5.3353024976e-14 1.2806433139e-13 -4.8907359489e-06 -2.6430397361e-05 0.00020079206117 -1.374975076e-17 1.1068763337e-16 -1.220588202e-19 
5.9002132396e-14 2.2434029334e-14 5.0745654305e-14 6.092425139e-06 1.6969178105e-05 0.0003395500134 -1.7295497355e-16 -2.0198416097e-16 -7.124287111e-17 
-3.0009469863e-16 -6.22556119e-16 -9.2634326417e-17 3.3722964948e-08 -9.8857348673e-09 2.4807175511e-08 -1.6826640202e-09 -1.6024017329e-09 1.2448526377e-08 
-1.3612165927e-08 3.5545884367e-09 1.3571491862e-08 -1.34539506e-08 -1.5299861527e-09 3.2307937941e-06 1.2643307193e-08 -5.529355773e-09 3.4743125076e-09 
6.4467053979e-12 7.6209492542e-13 6.8161719801e-12 -1.5983027839e-10 -1.721494424e-10 1.6835900974e-10 4.2759039734e-10 8.6126627354e-10 -1.1902330135e-09 
-4.1600936893e-11 -2.5983389349e-11 -4.2242475257e-11 1.4324922622e-10 -4.3532890634e-10 -6.8484635661e-10 -5.2344665421e-10 1.7226326075e-09 -1.0395531384e-09 
1.520217727e-10 -2.2289311662e-10 -7.9993882462e-09 -0.030093667165 0.022193157376 -0.13604510591 -0.049406950422 -0.020025626216 -0.11898437922 
0.013579151903 -0.0050175691626 -0.065434504489 0.050290667489 -0.0071231190042 -0.1700710068 0.040952720565 -0.018153711203 -0.12949877885 
-0.016275532611 -0.0076455376091 -0.13202358498 -5.9884021987e-10 1.5480809042e-09 -1.9608472734e-09 3.4688524332e-10 9.3799016621e-10 -2.7064670412e-09 
1.3687994357e-11 -1.593067074e-10 -6.6818651968e-10 -0.014656708416 -0.021190759447 -0.083940322896 -0.00050410835495 -0.036211723591 -0.10038385893 
-0.008228787416 -0.0069657654399 -0.1184648948 0.010620364658 0.0072956208043 -0.12060668478 -3.9686128143e-17 1.1818566639e-16 3.6500284294e-17 
-6.9858003112e-18 -1.9921134011e-17 -6.8158971726e-18 -2.4283385039e-16 1.0580294874e-16 -1.0996652074e-16 -1.4744185534e-16 2.248740459e-17 5.7163439324e-17 
-0.018710015479 -0.015624684693 -0.11535313691 -0.032670605997 -0.011189377872 -0.14939564669 -0.047225728237 0.0082565806534 -0.1116597437 
0.0023830545453 0.0028876203789 -0.17393594644 0.035784451477 0.07375711099 -0.14791441809 -8.4462005345e-17 1.2248778923e-17 1.460440928e-16 
-6.37273216e-17 5.2719882542e-17 -3.461525272e-17 -4.3559466627e-17 2.1085966441e-17 -6.3318485023e-18 5.7008718433e-08 -1.1557009207e-08 -6.8942183226e-08 
-2.8693181325e-08 4.9955311338e-09 -3.8596933286e-08 0.0019928284656 -0.00075025093104 -0.077039715591 5.3232473075e-07 -2.824142829e-07 -4.15103568e-05 
-2.5584015794e-08 5.7796073239e-09 1.9747085295e-07 3.8587371382e-08 -1.7980553962e-09 -1.4724618648e-07 -5.1388122346e-07 -5.0797774414e-07 1.2819265968e-05 
-4.229537051e-07 -1.0968340721e-07 1.7181988249e-07 7.0990904356e-10 1.7558025949e-10 -1.2667690007e-10 2.8669512166e-10 -1.3316412472e-10 -1.6580364738e-09 
-0.0053350516115 0.011399251392 -0.17959232619 0.027971727626 -0.018222828069 -0.17028704743 0.034991424333 -0.012307613498 -0.11572741414 
0.017862083646 -0.0046489412154 -0.14350425251 -9.6757600059e-14 -1.3197288882e-13 2.7703256429e-13 -3.9935604771e-10 6.006966584e-09 -7.9296124719e-09 
-1.3385890477e-10 -7.2686835898e-09 4.3051326009e-09 -0.02311159503 0.045633699825 -0.10880467507 0.027193272712 0.0084740896257 -0.10572077974 
0.010007571658 0.019568693948 -0.056454876358 0.054535430556 -0.026318360861 -0.12631454195 5.3982551598e-10 -1.6537412179e-09 1.8592772667e-11 
-2.9615682265e-08 -1.2698027748e-07 -2.5803848018e-06 2.2490905616e-07 5.1553045496e-07 7.9574867722e-07 -4.0348058538e-07 -1.0967624183e-06 -8.5969263978e-07 
0.0053675219629 -0.027498943539 -0.070990019869 0.0028500746583 0.010872533351 -0.12513118103 -0.018783773332 -0.0066983652692 -0.12659029279 
0.033882918393 0.035644960537 -0.084735312485 0.039742758159 -0.025263804659 -0.067824453388 -1.1796354203e-16 1.1552022639e-16 1.5129199952e-16 
-8.5167071636e-18 -2.5078088812e-16 -1.2429415392e-16 -6.490478085e-07 -2.4590040983e-06 1.6695687654e-05 -1.464664628e-07 -5.795135886e-08 1.5116333222e-06 
-3.6965123553e-07 -4.3679368457e-06 4.2553568458e-05 -2.4255712836e-08 1.4660954563e-08 -5.3206484147e-05 2.1769670261e-05 -2.3609076757e-05 -0.00050383826893 
1.2025160301e-16 2.8467728045e-17 -7.5149840314e-18 3.3463242304e-07 -2.1112002204e-07 -8.1926679319e-05 -3.8835692371e-17 1.2621013476e-16 5.6923186814e-20 
8.7494306009e-09 -1.6785130188e-09 1.0374113618e-08 1.102862995e-07 4.1575196049e-09 -8.0738577789e-08 0.011637433145 -0.0047868273655 -0.097420452859 
5.9233076743e-07 2.2984696867e-06 2.5412668961e-05 6.7411542913e-17 6.2743066141e-17 6.5280725959e-18 7.4025368515e-17 -1.3370055199e-16 -2.6457585941e-17 
0.031791803634 0.018196201508 -0.079082037505 -0.0071741524642 0.0035872115873 -0.12087677896 0.063662134781 -0.017075873272 -0.11975073642 
0.063443621613 0.0042158299645 -0.11392057936 0.01543621433 0.0059729136804 -0.10762183896 0.00050370209283 0.024925838894 -0.070160684287 
9.75767962e-06 8.5106950835e-06 1.0589887917e-05 1.3019032222e-06 3.0491595158e-06 1.5614129334e-06 -2.024120407e-06 -1.6145353941e-05 -1.0849469961e-05 
-2.0130116842e-05 -5.3595033765e-05 -3.7392672335e-05 2.6092953537e-16 1.7405388668e-16 -1.0616325263e-17 -9.0091041935e-07 -6.5616550717e-07 -5.0379757953e-06 
-0.01188673677 0.013893253082 -0.12086611896 0.034046100428 -0.017041905508 -0.082303002196 0.03042229487 -0.015227780403 -0.084921635287 
-0.0076956947574 0.044311513521 -0.12819882768 0.0060120607302 0.012585842674 -0.099541619169 0.025074871372 0.011836927207 -0.18031988143 
-3.1966736452e-14 -6.7714380861e-15 0.00020363531636 -1.5351311988e-06 5.0897503528e-06 0.0001628331882 -2.1975071941e-09 -7.1709240044e-08 1.4380570407e-06 
0.029481694455 -0.046214872531 -0.05716883625 0.014831042742 0.034681332375 -0.10556595863 -0.019189239297 0.0031117292668 -0.13044259013 
-0.016842279947 -0.038458015497 -0.036467026238 2.3776996405e-05 -3.3800698572e-05 -4.8196890633e-05 2.9215985786e-17 -4.1799182306e-16 -7.2293321768e-17 
-5.8102565766e-09 1.814707673e-08 -5.7883574421e-07 3.1269047999e-16 -6.6383648308e-16 1.3152717432e-15 -1.5907668701e-16 1.1895383637e-16 1.4422400165e-19 
4.5142588833e-16 -3.485303841e-17 2.3021925833e-19 -3.8844562359e-17 1.2822136826e-17 3.2592875069e-17 -1.5430480558e-10 5.4053011295e-11 -3.8419992079e-08 
1.2207997598e-06 2.3709859521e-06 6.4838963212e-05 -2.2478609639e-08 1.8305729741e-08 -1.0720756036e-07 6.6264501036e-07 -4.9974271435e-07 -9.0290938433e-08 
-1.9016985601e-10 9.0513446919e-09 -1.3137927838e-07 2.0565253556e-08 7.2024991224e-09 -5.811338605e-08 2.1086948038e-08 4.909423808e-10 -1.2836732196e-07 
-3.2096309159e-05 -3.1676020956e-05 -0.00025739533552 1.4696609333e-07 5.623580801e-08 8.9269519455e-07 2.7735429619e-08 2.0220744626e-08 2.6713501949e-06 
-0.0094587627402 -0.02224071658 -0.10206240243 0.0040384755513 -0.018294228088 -0.13667318155 -0.028816370033 0.027924177993 -0.11930249403 
-0.043059922014 -0.016954795955 -0.12574222875 0.019142597609 -0.0084316591676 -0.095853367797 7.0551172683e-05 0.00014822254914 -1.6758809387e-05 
1.342206141e-06 3.1440243865e-07 8.0085704532e-06 0.0037757944975 0.082109345352 -0.13531482438 -0.018863483235 0.0094921596316 -0.10596290667 
0.038368728986 5.1448223317e-05 -0.11666986431 0.022539452931 -0.013959662597 -0.1009533782 0.033901172239 -0.02386148028 -0.054297085374 
-0.020184990707 0.074612106015 -0.091075953526 -0.01188644339 0.026861400548 -0.081424779831 5.7493924195e-07 -1.6183425997e-06 -2.762945393e-05 
-2.1084045199e-16 7.701588551e-18 -4.8431398363e-16 3.2878372647e-16 -1.8174534643e-16 -3.4831906585e-17 1.3283450837e-07 2.676371712e-07 -2.4973347002e-06 
0.0048561791667 0.021454255388 -0.063872122324 0.0080251808893 0.021742704435 -0.087210991327 0.026242020298 0.016330780708 -0.039809188831 
-2.4734866423e-15 2.5353140605e-14 4.1986619878e-15 1.0192384917e-14 2.1556253434e-14 5.0030633815e-14 -1.0588850351e-12 6.5159964556e-13 6.6517442752e-12 
1.6931928963e-09 6.3432174822e-10 5.3854100544e-06 2.5250983447e-06 2.3710159857e-06 0.00061478684565 1.7479153127e-09 2.8880708194e-12 -1.2996865445e-08 
1.1523914638e-12 -4.468365749e-13 4.2767144541e-12 -1.4673586492e-09 -9.1670270418e-11 -6.8958790933e-09 -3.0941615231e-07 2.5730379036e-07 -7.9181619281e-07 
1.9714794257e-08 -1.2037769927e-08 4.2339792717e-08 1.9765996184e-08 2.1426366245e-09 1.0518129218e-07 -8.0652565624e-08 -2.947611799e-08 1.8252185494e-08 
-6.2202534229e-09 1.9369045008e-09 2.2461749286e-08 -5.6780775185e-06 -5.6789213026e-06 6.3629211759e-05 3.0427409142e-08 1.6882686421e-08 -2.3312874417e-07 
-1.2027640287e-07 -5.2799194455e-07 1.8972173753e-06 -8.7666916229e-16 9.3854927323e-17 -5.0280427156e-17 -3.9964444356e-16 -1.4291387404e-16 3.2485338258e-20 
7.1327951716e-13 -5.4600667601e-13 2.8197638019e-12 -0.022559200264 0.0078710225441 -0.073221691849 -0.01221106034 -0.021844577018 -0.080643936135 
0.00710855159 -0.032546672179 -0.096524595826 6.9756007997e-12 1.2052389091e-11 -1.1973831113e-09 -6.3388985839e-07 2.3856434101e-06 -3.7085047204e-06 
0.013578536163 -0.072029760976 -0.031930516302 -0.011987687865 0.04283311404 -0.11555785354 0.036105359408 0.012277116394 -0.11962726713 
0.060204995873 -0.0029849409978 -0.15330662473 -0.016456833814 -0.010042390781 -0.097610056919 -0.047409943357 0.043417535414 -0.084369845562 
-1.2135346044e-15 -1.8811072425e-17 -9.1536132964e-20 -9.4357252312e-07 2.0521465047e-06 2.7593606285e-06 -7.6297080711e-17 -3.7169940265e-17 -8.137811914e-17 
-1.2269386163e-12 -1.51966912e-12 -5.1148165434e-10 5.1030019769e-07 -1.4778653013e-06 -1.8706204212e-05 0.0068751066135 0.026466459088 -0.095231003059 
-0.018936042212 0.018068646249 -0.16490268496 -0.045811301691 -0.015505697972 -0.05446893432 0.036581667551 -0.0067625647775 -0.02158149163 
0.01333677592 0.0034557609582 -0.089598986898 3.5428684943e-13 -3.5712801076e-13 6.1339436208e-14 -1.1414058223e-06 1.3193814599e-06 -1.6353205089e-06 
0.00061456370024 0.0004797488613 0.00087789834676 -6.8142388746e-16 8.5558908067e-16 1.4479420924e-15 -2.1477617333e-08 3.7544401346e-09 1.4471915897e-05 
-5.3507153067e-16 2.446570619e-15 2.0130490096e-14 1.123766066e-08 -1.4949044886e-09 -1.1555393992e-05 6.7059523773e-15 9.9066695555e-15 2.3774778493e-14 
5.9648784323e-14 -4.3621127403e-14 -1.0573115694e-13 2.6964788058e-16 -5.8545982064e-16 -2.6631620095e-14 -5.6560317142e-06 -1.2396949512e-05 -3.3281880047e-05 
-2.4836763846e-05 -9.3847325503e-06 -4.9381939142e-05 1.1678794549e-06 -9.7449230282e-07 2.4442582155e-05 8.5328032523e-06 2.4675548436e-06 -4.0021854296e-05 
3.0093419588e-06 1.1175131353e-06 -1.8461946001e-05 -2.014268723e-14 1.5509826121e-14 6.9140915575e-12 -0.022352774595 -0.037320150273 -0.090371211494 
-0.02605566471 -0.020139474319 -0.083454241869 0.021036028008 0.035931756639 -0.14098948421 -0.014223506977 -0.022943359949 -0.11795737629 
0.037709763823 0.035647514949 -0.1136719303 -0.031563385797 -0.010770200129 -0.035872233285 0.023146696126 0.012057159611 -0.063151314058 
1.9837042793e-08 1.0729874676e-08 -6.5047127815e-07 -1.0740566471e-16 1.8264159634e-17 2.5499599029e-17 0.00071801457063 0.028846619356 -0.10375279229 
-0.03632181211 -0.018893349871 -0.11799747581 0.071177483545 -0.0076510863466 -0.13159880397 -4.8531436768e-16 -1.8395596554e-16 1.8431141066e-17 
-1.4332574054e-08 1.3088746956e-08 -8.7592921114e-07 -1.8568109463e-06 -1.560674315e-06 -0.00021130173504 -5.0886185763e-17 -5.871752965e-18 4.7156849244e-19 
-1.143237776e-17 -1.7344561249e-16 -6.8959899268e-20 0.039988679066 0.0072123239254 -0.05339333143 0.038008874398 -0.054347169343 -0.019571019911 
4.0103887201e-14 -2.5608233812e-14 -8.3890713579e-14 2.8224561959e-08 -7.3462461736e-08 1.2245090091e-07 -1.1953800502e-15 2.5531200835e-15 -1.9565574106e-13 
1.1752732561e-07 1.0677404266e-07 3.5794451068e-07 0.00051007244733 0.00019220857706 0.0011583823619 -1.3839572502e-09 7.0683037866e-11 1.0729021164e-06 
4.2341235688e-16 7.1880637551e-16 -3.5771390932e-18 1.5606061066e-14 -2.6019443557e-14 -5.5235585989e-14 -8.8834991818e-09 -7.108994288e-10 4.637674184e-10 
2.0311050361e-06 7.8125807965e-06 -7.654333112e-06 2.4692615228e-05 1.794593855e-05 -8.6007791787e-05 0.00012078353025 5.6198644389e-05 -9.641548963e-05 
-6.7079462669e-05 -4.933632719e-05 -3.3597825124e-05 -1.0558102333e-05 1.0866202991e-06 -0.0001200489995 3.3065752905e-16 3.0513917525e-16 -4.4698651927e-19 
0.018407094492 0.078572743254 -0.045806194923 -0.014670470962 0.073363349989 -0.062554827424 0.021518524222 0.043243293789 -0.11231434751 
-3.8108927372e-17 1.56942704e-16 -1.4452072043e-17 -2.4787513957e-06 -7.0964083536e-05 -0.00024180414797 0.00053464969493 -0.037684443683 -0.12171247154 
0.0074404211173 -0.013517250708 -0.1060117686 -1.2411069283e-15 4.951770817e-16 -6.3293825273e-18 -2.4329426656e-10 -5.6089826294e-10 -8.7071997694e-08 
0.097627398849 -0.054116253758 -0.03642940148 -0.0026658685358 0.027518173253 -0.13800754727 -0.049133240442 -0.030359650253 -0.10442289793 
-0.039818030845 -0.012618503204 -0.073977529517 -3.4942963317e-08 1.9745851248e-08 -9.4569571162e-08 -2.2076229368e-11 4.0507743916e-11 1.2700739327e-10 
1.6104685599e-09 -5.7455834562e-09 6.8350134471e-08 -1.7984323268e-07 -9.8400787542e-08 1.6994009946e-07 -1.2491498494e-16 -2.9302802806e-16 3.5797357794e-19 
8.8548496157e-08 2.4371910007e-08 -3.8569333015e-07 -8.0439400682e-17 1.5044085648e-16 -2.1632643604e-18 1.3719985595e-16 2.3625350434e-16 -1.5573428469e-17 
1.9423508163e-17 2.7649420785e-16 -6.3806095303e-17 1.1416858413e-16 6.1285413935e-17 -6.1439518487e-20 4.1039987445e-16 4.5869453025e-16 -1.6061603458e-18 
-1.1381543209e-06 6.1625228918e-07 -9.2993966692e-07 -1.4959664657e-09 1.2298645637e-08 -7.0330942329e-08 6.1965666823e-06 -2.1109382393e-06 5.002226107e-05 
-5.5854492235e-06 3.1195846086e-07 0.00050466908255 -0.00065908694448 0.00024719693585 -0.0021458869598 -3.676395855e-16 1.3227108378e-16 -8.6494322227e-19 
-9.574392064e-10 -3.4202211554e-10 2.1319969623e-09 0.00011640982583 -0.00035480690586 0.00047429599352 -0.00014365501367 -0.00020584141079 -6.9067261356e-05 
0.028873168765 -0.020849758754 -0.074840559151 -0.0077624255702 0.039808710374 -0.12844681588 -0.0072900548812 0.15314990382 -0.038230643737 
0.01904100655 -0.067439271431 -0.14927882858 -3.6235899008e-10 -3.1161812615e-10 2.9106414206e-09 3.9593552151e-06 5.1800403284e-05 -0.00017604360868 
-1.4455150711e-16 3.7053016057e-17 -9.6664276814e-19 0.067908385034 -0.040049056646 -0.018520890073 0.044475992678 0.030661977676 -0.10864941957 
0.024080682808 0.027039387195 -0.15991179595 -0.031274064217 0.017630272273 -0.13795745433 -1.5888265413e-17 -2.677755452e-17 -6.3170239263e-18 
-1.8729739688e-16 1.8444141904e-16 -1.7437687023e-17 6.2837286284e-16 -6.1148484212e-17 1.8930565037e-16 1.2574717256e-16 -1.6535971514e-17 -4.8694433858e-17 
-0.024984669573 0.00057838121681 -0.09226824011 -0.01048086444 0.014595074988 -0.10108989597 -7.0841514273e-07 1.1328113867e-06 2.1832118491e-06 
2.588878267e-11 -2.9418777164e-11 -5.9490566745e-11 1.2809081804e-06 -1.5796490501e-06 4.1307211015e-06 3.9661841077e-07 -3.6526740107e-07 -2.2923302999e-06 
-2.7379171724e-11 -1.0044275814e-11 -9.3468607055e-09 3.5712630928e-08 3.8337575548e-10 8.1024406366e-06 1.6499397702e-08 -4.0964380947e-09 -2.1579797963e-07 
-2.6985079355e-16 -3.7860415354e-16 -1.0074320263e-16 -3.9132478876e-17 -1.2304963733e-16 -5.5995425287e-19 2.0627205547e-07 -1.1409572368e-07 -2.6581159003e-07 
8.2734376767e-08 1.3597634429e-08 -3.475497339e-08 -2.180935042e-07 -4.7926091448e-09 8.4107407022e-08 0.00015790927464 0.0033627920817 6.9312869444e-05 
8.3491891438e-08 -4.4491366206e-07 2.6016833715e-07 0.068957618866 0.055122221556 -0.056261271656 -0.0044791741209 -0.030023172697 -0.12630037096 
0.045175002101 0.055450307572 -0.057140437719 0.0073222623694 0.026799740885 -0.09655181406 7.5503274296e-10 6.2026355341e-10 2.5515743848e-09 
-1.0179670972e-07 -8.6606069795e-08 2.629064553e-05 -3.4417334065e-08 -1.1568458673e-07 1.6204065845e-08 -1.6397737474e-08 2.576596363e-07 -6.0967776316e-08 
-0.041653982101 0.032328556891 -0.14144700755 -0.016998808032 -0.037319130829 -0.098848386326 0.0020981543557 0.024056983353 -0.19010725379 
-0.065443183342 0.0016271051703 -0.041328753718 4.9201287412e-09 1.3450291355e-08 9.0661473485e-08 1.2192106188e-15 2.291432646e-16 5.0778419669e-17 
1.0645642798e-07 2.8862091639e-07 6.0444213398e-07 5.9618625776e-16 -1.0438641798e-15 8.4093387131e-19 -3.9010538133e-10 -1.2721363708e-07 -2.5264850717e-06 
0.018855412801 -0.0030857538072 -0.047261433873 0.01168448502 -0.054698120812 -0.1113826894 9.877094356e-16 3.538016836e-16 -3.8706272271e-17 
3.2141930708e-08 -7.5891916334e-09 8.4979703951e-07 -3.5683564021e-07 1.6913726158e-07 1.1372533459e-06 -2.7520433707e-08 6.4310065572e-08 -7.6363152538e-07 
-8.1516184711e-17 -2.4176668029e-16 8.6414091929e-19 3.0670007115e-07 -9.8569602571e-08 -6.130843983e-07 -4.4141045753e-08 -1.1115521796e-07 -5.2181087043e-07 
-5.5133116864e-08 1.9541443051e-07 -1.2063528889e-06 -2.7675125321e-07 1.7647322e-07 -4.1056709577e-05 -5.3269961082e-07 2.239089819e-07 0.0001454550715 
1.1552557977e-12 -2.4198798173e-13 6.4170929098e-09 9.1984931635e-06 -1.5031594661e-06 8.8148579733e-06 2.460698746e-09 -2.4966408643e-08 -1.6390356815e-07 
9.8798948942e-08 2.4618423067e-08 -2.111299588e-07 -1.0465558558e-07 1.0527873435e-06 -2.1189314571e-06 5.6368149525e-08 -1.5269235095e-07 3.422881498e-07 
-1.4541385876e-07 1.915912288e-07 -5.9282067942e-07 -0.0082701779709 -0.058475302328 -0.1157328819 -0.046657417513 -0.075335331177 -0.12028128648 
-0.020109217138 0.048961550002 -0.10078185703 4.478661711e-08 1.8506189666e-07 5.8937154441e-08 -1.5694652014e-15 1.0775112747e-15 -1.5601330421e-14 
-5.261245477e-10 -1.6238701694e-08 -3.5963635629e-08 -6.3330385557e-08 -6.0497926888e-07 2.2819008282e-06 0.0012162842593 -0.016038765558 -0.14628750066 
-0.031990056983 -0.012836487583 -0.08284491423 0.018934066529 -0.047130368137 -0.18253523185 0.094942877935 0.022340140627 -0.10825690843 
-0.035279518638 -0.024453540358 -0.097469845144 -0.028264700601 -0.00053759103657 -0.074807853792 7.9564670811e-16 -3.0396594606e-17 -6.9252965122e-17 
1.3581936111e-15 3.2211999727e-16 -8.8188755952e-17 -1.413828564e-08 3.1099065073e-08 7.6518826468e-07 -2.2774258795e-07 -5.3779102346e-07 1.1671676267e-07 
-0.027145451254 -0.0024840400641 -0.13049311413 0.0080217366731 -0.00074917581641 -0.12188629318 -0.024563918569 -0.020130032208 -0.091493296644 
-0.012644131486 0.014809771243 -0.12285563369 0.008272989737 -0.0060687092243 -0.12550584862 -3.8320722854e-16 1.89613502e-17 -1.0750477861e-16 
9.2153472877e-16 2.4216600367e-16 -1.2027913031e-17 -2.1192843369e-07 -9.358198275e-08 -2.1500598759e-07 9.4224980079e-09 5.8440613021e-08 -9.1009470579e-05 
3.3013383795e-09 -5.3433932076e-10 1.2011870861e-06 -0.032014880555 -0.0049710445835 -0.13532187955 2.1496292329e-07 -5.4079241612e-08 8.1854960071e-07 
-1.8664628157e-16 -4.661965987e-16 -3.1123344999e-17 -9.5981179592e-07 -2.5138487644e-07 2.4976571443e-06 -7.0369989197e-06 5.3235987247e-07 1.1425988207e-05 
-0.017633988903 0.05182480908 -0.074015492744 -1.5847002918e-17 1.1125557877e-16 4.8151329535e-18 -1.3629680495e-16 -3.6106222429e-17 4.6733698122e-18 
-6.2130997823e-17 -3.1761797686e-16 -3.1186093908e-17 -0.016452448301 -0.056675243153 -0.16953704883 0.066278430067 0.044258307882 -0.097110349267 
-2.3063517697e-08 -7.4298786608e-08 -1.5315599259e-07 4.2609710346e-10 1.4795909758e-09 -8.8110805486e-09 -3.6145428341e-10 2.2915457068e-08 -7.0553233043e-08 
-8.1069245327e-16 -1.7410017022e-16 -7.4805487614e-19 0.0096226724138 0.0099851055082 -0.10901795585 -0.02320641184 -0.012482881681 -0.077764181128 
-0.045082816564 -0.041331514881 -0.091566968024 -0.018656433403 -0.01405100551 -0.14573169562 -0.0068071240877 -0.017198881654 -0.077461715158 
0.043104655935 -0.028741339428 -0.14206012953 0.05970269789 -0.034460794744 -0.016287046822 3.6057263029e-16 -2.9785952841e-16 1.2798167064e-19 
9.3131736046e-11 -4.0809272866e-10 -1.0057311869e-10 -4.0523555579e-07 1.9336100084e-07 -9.0681821918e-07 8.8958200818e-08 1.5007480129e-07 -2.5085017181e-07 
5.0468232372e-07 1.1946353756e-07 -3.2796324197e-07 0.010171317484 0.031037096117 -0.11117585104 -0.0069367997669 -0.04866293927 -0.14391157205 
0.041116457006 -0.014082948515 -0.075173978264 3.2903772962e-06 -6.996485485e-06 4.5449984877e-06 3.2731001344e-07 -4.2780079966e-07 1.7732543285e-07 
3.8001849556e-08 1.9244063393e-08 -3.9507945722e-08 1.9159005704e-08 9.5958548679e-09 -1.8184785748e-08 -1.1581443569e-08 -8.5290871644e-09 -1.2606850698e-08 
-1.4539471544e-08 3.2610917259e-09 -2.299426113e-08 0.024715803757 -0.022946661762 -0.12516074433 9.182580892e-07 -3.7682491339e-07 7.4377674474e-05 
-2.1922675687e-07 1.190509193e-07 1.2362166032e-06 7.2240973578e-08 -1.5581348773e-08 -1.424167866e-07 -7.9784057901e-07 8.893752206e-08 3.3009342226e-07 
2.3479664029e-06 -3.1511685189e-06 -4.4373744475e-07 2.475760566e-16 -6.4276798873e-16 -1.3392111099e-18 1.0221297229e-07 5.3668527209e-08 2.3238469051e-05 
-8.9456107326e-07 1.756813483e-06 9.3998794804e-06 4.1721078027e-16 5.6341179882e-16 3.9515640706e-17 1.2662674261e-06 -3.374659086e-06 -0.00098968283184 
0.015946488511 0.019313942466 -0.12429706728 -0.00044228634423 0.0091436593543 -0.10851614803 0.01785861594 0.015836292605 -0.15801222628 
-6.9881370099e-10 -2.2970217541e-09 7.3314454928e-09 -1.5821586352e-16 4.4444184806e-16 2.2180829039e-17 1.7071175991e-07 -2.5465365648e-06 2.3974117426e-07 
-0.0016073382353 -0.068857314816 -0.096235485043 0.041377327287 -0.032961992083 -0.10382213149 -0.023406667574 -0.014099025607 -0.086731158584 
0.013845535631 -0.0067376052951 -0.10598884714 -0.017826130065 0.0384569832 -0.11508273227 -0.0077920109496 -0.018151367341 -0.10634282344 
1.983722488e-10 -5.6500479534e-11 7.1444086009e-11 -4.1853935606e-07 -8.9380341274e-07 -6.7758599874e-07 -6.3458216915e-08 -8.6435356749e-08 -1.0508222735e-06 
3.3655231303e-07 2.0534813011e-06 4.8814745878e-06 0.0044275170906 -0.0028419625382 -0.15726341365 0.0060375069 -0.032872064765 -0.061415584866 
-0.021568910237 -0.020862271759 -0.14541698844 0.0042132209152 0.009262770536 -0.13402099102 1.4725327958e-10 -6.6901130561e-10 -4.7435922935e-10 
-1.4073045235e-10 9.6621904224e-11 8.5297548819e-13 -1.6360766597e-07 -5.2450759528e-08 -7.7000482902e-08 8.0370247123e-07 4.8568155704e-07 -9.239284654e-07 
-1.5266547937e-15 -2.475726323e-15 -3.5618501084e-14 7.878040684e-15 1.8278357551e-14 1.9084830054e-14 -1.7980466368e-15 -1.4613151794e-14 -4.4775875844e-15 
-4.8849982408e-09 -6.445923347e-09 9.9438689128e-08 5.3168779218e-07 -3.1040611884e-07 0.00026464379814 -2.1224906143e-09 1.2474731675e-08 6.2069727113e-08 
-3.3618777122e-06 1.8949438517e-06 3.7684156854e-06 4.0754866532e-17 3.1056317837e-17 -6.7429134467e-18 9.0035253749e-08 2.4674200145e-07 -3.5376100516e-06 
2.048893069e-06 -3.8604724779e-07 -1.6729600119e-06 1.2244845722e-06 2.7229258371e-08 -3.0670291044e-06 -3.9418638266e-07 -1.3038213665e-07 -5.7497095971e-07 
-1.5645164263e-07 3.9509200967e-08 5.9515071817e-06 1.8327387956e-09 6.7694686175e-10 2.2988820936e-08 3.7513496786e-16 -3.8595557485e-16 -6.6105810053e-19 
-5.0698418131e-05 -4.9556698177e-05 0.00016883252582 5.5024344276e-16 3.5358177826e-17 2.2369729002e-17 0.014083295392 -0.013069883341 -0.057081147247 
-0.0092798910934 0.044010702315 -0.12520049331 -0.023745220986 -0.022675239632 -0.060031805994 -0.023911807306 0.017068637211 -0.080518705828 
0.0081533478856 0.031722833629 -0.03943360176 2.9972045184e-10 1.3085762457e-09 9.3298883982e-10 -7.918110787e-10 -1.8898902931e-09 -3.9608959724e-09 
-1.954426618e-06 1.2675772118e-05 1.017490578e-05 -1.1166903521e-05 3.6589769757e-05 -4.1882793353e-05 0.049674650249 -0.064997621316 -0.082164444098 
-0.0061079505644 -0.038690689073 -0.05413976142 -0.036709025771 -0.016010251912 -0.16407931228 0.030578002269 -0.023868388705 -0.092047105468 
-0.056425750642 0.0016052023225 -0.093427234503 -0.073995836429 0.017267862707 -0.092464928915 0.063341665252 -0.017090460253 -0.10552237447 
-4.2941241312e-10 2.5882429093e-10 2.6914153427e-10 -2.221036237e-15 2.1291208214e-16 -1.1387529946e-13 3.1617046187e-05 -8.2391699075e-06 -8.6814114608e-05 
0.0065725254605 -0.004527047377 -0.080995033031 -0.027059316902 0.050623131215 -0.025042158305 -0.027004626315 0.027323451537 -0.12253475197 
-0.042310725486 -0.0087368107667 -0.14843211774 -0.027646012963 -0.1114281692 -0.13047691204 -3.1850823567e-11 7.7168048807e-11 2.3901805679e-08 
-5.6380444188e-17 1.9736337091e-16 3.0709972567e-17 -4.4610775572e-07 -2.6644158649e-07 2.0485159113e-06 -1.0503135624e-16 -1.7721572761e-16 -6.6083305604e-17 
-4.9511333776e-16 -1.0998919958e-16 3.7355711873e-17 -9.8079596922e-14 1.3206902004e-12 -1.646146332e-09 -5.1560478112e-08 3.4195074544e-09 1.6520310721e-07 
2.1169116957e-05 -2.058270106e-05 8.5883245642e-05 -1.0799924201e-16 5.2346681124e-17 9.3151881667e-18 3.7861219239e-05 -3.2534648283e-06 -0.000950558339 
0.0026195855482 0.0049530413368 -0.032896314128 2.591547064e-10 -4.0957606197e-10 1.6802844463e-09 0.00011429191732 4.0473863712e-05 0.00018721757136 
-1.082667084e-15 -7.1484844832e-16 -2.2576331822e-19 -0.020393381177 0.051188197969 -0.09618511118 -0.028572327597 -0.021720806698 -0.14342478516 
-3.8545262803e-10 1.8843586516e-09 8.2987874058e-10 -2.5783138972e-09 -4.8954998766e-09 6.0080711474e-09 -3.1880628908e-06 2.8806483706e-05 -1.4589827506e-06 
9.4384723696e-07 -6.4304485757e-06 2.6386727133e-05 0.022904571311 -0.019746365253 -0.069675983787 0.0153319639 0.016460911965 -0.081580602516 
-0.0022741741005 0.016991751131 -0.085659394697 6.5694854107e-17 -1.2272333574e-17 1.0231212361e-20 2.7952247849e-16 2.2216573297e-16 3.4466495759e-17 
-3.8857593622e-16 3.4060133286e-16 -3.3740565533e-20 -2.233828952e-08 -5.2673294554e-09 -5.7836056264e-07 0.021534015469 -0.060809712994 -0.061463653343 
-0.046086134028 -0.059277539935 -0.13142871845 0.030065785619 0.013424413712 -0.1263363432 -0.027727084859 0.038846373185 -0.10843590573 
-0.030730529573 -0.02700994128 -0.088433496366 -2.0756286757e-08 3.77379325e-08 1.7910219068e-08 3.9467538136e-08 1.1896954784e-08 -3.6965159438e-07 
-2.6387646142e-05 -9.2524807372e-06 7.3503818137e-05 -1.1390492966e-06 -5.9054868232e-07 0.0016514948447 -1.1946468312e-06 3.0282096693e-07 6.3356381382e-06 
-1.4403957333e-05 7.1373040282e-07 -8.4634393213e-05 4.9953936278e-06 -2.2483563899e-07 1.117092361e-05 8.55307317e-17 8.1909252819e-17 -1.4431171956e-17 
1.2481099631e-06 -1.1560777399e-06 1.516709875e-06 2.890846106e-05 -1.2811301607e-05 0.00015688680872 1.5730793657e-10 -3.9046071943e-11 2.1714631875e-08 
-2.4260313979e-06 -2.6177813631e-08 -2.8736790967e-06 2.4186787957e-13 -5.5922227413e-12 -2.0286650679e-11 -1.6561435906e-11 -9.8597806811e-12 -2.4405709727e-11 
8.706065213e-18 -4.0102327113e-16 -1.2611212728e-18 -2.9960739537e-16 -1.6763230399e-16 4.8608943441e-19 -0.0033661907527 -0.011255831035 -0.045682509168 
0.016087997381 0.0027627093357 -0.11284135459 -0.016464684791 -0.033064557534 -0.072550025183 0.002023672927 -0.025262078487 -0.15572192618 
2.8876756074e-16 5.2513924018e-17 -4.2538791286e-17 4.5760205132e-16 2.4609301883e-16 3.5572346854e-17 1.6758904645e-16 -1.5883597203e-12 2.3084342021e-12 
1.0065343572e-16 -5.9629583492e-17 3.1217012097e-19 0.098473715639 0.026835073226 -0.098389244948 -0.0079312553701 0.010272976017 -0.12038812416 
0.023534801421 0.051043892163 -0.13683388528 0.030663315653 0.0075826216484 -0.17810081128 0.045107768574 -0.003469452096 -0.11648761654 
0.051965905318 0.024635767911 -0.17169745655 -6.3573408571e-16 1.3093787756e-16 -4.7167649748e-17 -3.5233332119e-16 -1.5417651468e-16 -2.782392422e-18 
-3.409528283e-10 -1.8323582339e-10 -1.0771777339e-09 -4.4745559369e-09 -6.5918287279e-09 -5.7038500268e-09 0.026185016179 0.018256754944 -0.08645958342 
-0.0060966415976 -0.051964746817 -0.08718473885 0.0010352339019 0.0014405589935 -0.12215184736 -0.0059694112172 -0.041759465711 -0.044258900416 
-5.9617154832e-09 9.0426351867e-09 -1.4562705423e-09 4.2128245678e-13 -3.7753444658e-13 5.818564407e-11 3.6781148414e-12 -9.6320095657e-12 -4.9960783775e-09 
-2.8332381609e-16 -2.4620423257e-17 -9.4342879226e-18 6.035355017e-05 4.6329448834e-06 -6.6005077698e-05 -3.7378379091e-05 1.0522595366e-05 8.0359442135e-05 
4.0935683291e-05 -6.2735688164e-06 -1.9010565686e-05 8.4432072413e-17 7.6493708222e-16 3.3206893502e-18 1.227353654e-16 -2.9340158221e-16 -1.2910481286e-18 
2.6019297501e-07 -2.2915674372e-07 -2.7161503049e-06 1.2561887998e-10 -1.8907029649e-10 3.52980797e-09 -5.1336243594e-07 4.7088476705e-07 1.2773669109e-06 
3.7728449543e-10 -3.1339284691e-10 2.0516836295e-09 9.2408918604e-11 6.8491942128e-12 7.1728634241e-11 -1.2156821088e-10 -1.6031300697e-11 -6.5948108251e-10 
-8.2129762104e-07 1.8758750525e-06 -1.2808961718e-06 2.8743948442e-14 -1.4893628354e-16 3.7666491544e-14 0.0037899714075 -0.011236652353 -0.13434015467 
-0.0080159584916 0.012139633312 -0.13768623546 -0.0037179869098 -0.016023544047 -0.12824966597 1.0857458028e-15 -4.2155529302e-17 1.7237663896e-17 
4.5568425174e-17 5.4574649491e-17 8.6793203995e-18 3.8969901862e-08 -4.4358881803e-08 0.00011214622733 -8.8387013233e-08 1.8309228084e-07 -9.6107353781e-07 
-1.2470764573e-16 -1.1669137722e-17 3.4319587622e-17 0.021044322899 -0.028294748026 -0.13005645927 -0.032399924927 -0.032977025122 -0.12402406231 
-0.0088940553979 0.036395186166 -0.126015148 -0.0084247947741 0.012225479729 -0.12147440158 0.067048006345 0.013810144402 -0.14733825385 
9.0380198022e-16 -1.1797772388e-16 1.5793457897e-17 -8.5178627002e-17 9.0890106343e-17 -1.0029159925e-17 3.1705769658e-09 3.6692483051e-09 5.6106077489e-09 
-1.6703661123e-09 -5.293865104e-10 -1.7468474924e-09 0.029124229691 0.027924692038 -0.10572153819 0.034310472202 -0.0045945887151 -0.1258440672 
0.034751553684 0.051797526775 -0.12510551816 -2.7294059021e-16 -9.4190227689e-17 -1.626433633e-17 -4.870873441e-06 7.1718213032e-06 -0.00071206505075 
-7.0972423106e-17 2.3951531373e-16 -1.0387627822e-16 7.5398902481e-17 8.0084523909e-17 2.097568417e-19 3.4808959136e-16 -2.3654222142e-15 -6.8363599734e-14 
-8.2645272297e-07 3.0038323082e-07 5.4358165955e-06 8.3833191158e-07 4.6974378823e-07 -2.9225127277e-07 -1.6612033734e-10 1.4571781173e-10 -1.0498271419e-09 
-8.9840789704e-07 -4.9954358344e-07 2.1065387284e-06 1.8191585583e-11 1.214994892e-10 -5.1684877107e-09 1.0864942699e-09 -1.6532013003e-10 -1.2271628924e-09 
-3.5285700269e-05 -2.8928961901e-05 -1.4407338003e-05 2.9390237267e-16 -9.7295958653e-16 -2.2873729019e-17 1.1358018485e-07 -9.0790847667e-07 -1.1834637348e-06 
1.3206115168e-06 -3.2362005103e-07 -1.5733637205e-06 0.015658755671 0.029388003346 -0.043847604546 0.027909021306 0.0019932127006 -0.11837081096 
-0.0093838553693 0.053567858678 -0.085630587689 -0.043260991699 -0.034430949963 -0.11177745128 5.6969791857e-06 1.2747228984e-05 -5.0325183799e-05 
-2.0357931297e-14 4.8809726314e-15 1.4028268649e-15 3.4054611795e-16 4.3601182493e-17 9.8824423649e-19 0.061894923232 -0.063956318239 -0.061302352943 
0.00094541804231 -0.0012301382048 -0.12369384117 -0.0013877209275 0.005834175099 -0.18931960846 -3.4699659925e-16 2.575669266e-16 -9.2759670399e-18 
5.0162500331e-07 3.3050538567e-06 -6.8441994251e-05 -8.3487606086e-17 8.4478704447e-17 -2.248351407e-18 1.088967197e-16 -1.7971846708e-17 -2.1813769303e-18 
1.9696595831e-06 2.0697542425e-06 3.2585537051e-06 -1.619033776e-07 -5.9811178232e-08 1.5748807491e-05 0.016002049365 -0.021190251884 -0.098791344194 
-0.056388495585 -0.029221143488 -0.1533828391 0.025004791942 -0.093643274769 -0.032561853742 -0.021221304471 -0.065429696853 -0.10539147945 
1.4096991462e-06 -1.6585539952e-06 0.00036912532528 -7.4659331366e-16 -2.9151101207e-16 -4.0754897101e-17 1.6424266697e-05 4.7120882674e-06 -0.0001422582614 
-1.6125438123e-05 -4.5506328131e-06 -0.00014133397982 -3.0271877621e-15 2.7559104384e-14 6.861013683e-12 -5.79487235e-17 1.0640693189e-16 3.9447680263e-19 
3.792164403e-08 -3.2960544267e-08 1.7300466298e-06 8.4751066135e-07 -3.5466750685e-07 5.4382734029e-06 -1.1327475682e-05 -1.4506177563e-05 3.7619478041e-05 
7.2557320798e-11 -2.2394450302e-11 6.4717480384e-11 -1.4899487099e-07 -2.7273131496e-08 1.4355784261e-07 1.1391496435e-16 5.3178205675e-16 -6.1714217916e-17 
1.7778484987e-05 6.9261086501e-06 3.0763040129e-05 -8.8759527841e-16 -4.4936199886e-16 -9.4981538334e-17 -7.4175584571e-17 7.488275691e-17 -1.5815942575e-16 
0.10194412791 0.074080053166 -0.0065563255352 -0.016024700668 0.0026702242663 -0.15215334745 0.0072157010554 0.0086610162273 -0.16148870115 
-2.3972149641e-09 -3.8175842159e-09 1.4206978148e-08 -3.4625289874e-16 3.1119082826e-17 9.2383236621e-17 -6.0657463833e-09 4.4835276559e-07 5.34564926e-07 
-0.0093844042801 -0.022501615275 -0.11274250197 0.0062910073903 0.051703086351 -0.069125376178 -1.7815453503e-16 1.2633977823e-16 6.4873545259e-18 
4.1194847478e-06 1.0645882829e-05 7.6619397271e-05 -1.7748387208e-06 -2.0101374446e-06 -1.0746208813e-05 2.5233069216e-07 2.8442071628e-07 9.5516954108e-08 
-5.1459024555e-07 -1.1252102265e-06 5.0119746776e-07 0.0094522868607 -0.017566172128 -0.043919182753 0.030152457996 0.055071340391 -0.097468607557 
0.10585313475 -0.024438333066 -0.16663125078 0.0412755724 0.032314571406 -0.10988901 -0.020880868742 -0.0037182794954 -0.065180598373 
4.6284179842e-11 -7.8148952093e-11 4.2384579099e-11 7.8391863852e-11 -1.2715857465e-10 -3.4526974533e-11 3.6932225281e-06 2.2361459083e-07 -2.5105902678e-05 
-2.9917786733e-06 -2.0899815393e-06 -1.2318824151e-05 -2.73560639e-06 1.098037675e-06 -2.9842937886e-06 8.8132550823e-06 1.6340159987e-05 4.1763560867e-05 
-7.9068618345e-07 2.8410518105e-07 0.00041664168987 -1.0338348672e-05 1.1080083046e-05 -1.1416624235e-05 2.9056463277e-08 -3.5415945451e-08 -5.3718067733e-07 
-5.4061077031e-11 1.310756753e-11 1.8051789789e-10 -5.8760114113e-16 -4.0566317777e-16 -1.6680061382e-17 1.443659877e-17 3.1153194104e-16 -1.4884695943e-17 
1.0882906254e-07 3.886845608e-08 2.0612979354e-07 4.2280957826e-16 -1.0423592432e-16 -1.1484790945e-17 -1.7177805771e-16 -2.5473188317e-16 -2.906075017e-17 
2.8013430081e-08 4.5768361849e-09 -7.5154216583e-07 3.7871152603e-08 -1.089664248e-07 -1.1079015929e-06 -4.1607168021e-08 9.6258071603e-08 -1.1844879818e-07 
0.013884359554 0.032151706986 -0.045817411232 0.015980172684 -0.050454791388 -0.12294955523 -1.3721357826e-16 1.1342122382e-16 -5.5424111049e-17 
-3.2126952765e-17 -3.7776892802e-17 2.9083824737e-17 5.5932727924e-08 1.6071106778e-07 -7.3322226493e-07 -0.026333392287 -0.0050259309512 -0.056026218475 
0.0073578923897 0.0013186854968 -0.13202247949 -0.027084367967 -0.1031879392 -0.15544566458 -0.0059379362643 -0.056743551846 -0.13756983907 
-0.0077688000108 0.013237232333 -0.16388300477 0.053327489239 0.023789926835 -0.16707965023 0.0017419079198 0.042737823465 -0.14637913083 
5.1082803701e-15 -5.3157350884e-15 6.0629332017e-16 1.850590609e-14 -1.8187839922e-14 7.0946808813e-14 2.7476222022e-06 4.3730336228e-06 -0.0011905679501 
-2.113853786e-07 -1.8824324165e-07 7.213744269e-05 1.0218861565e-16 -1.0253653755e-16 2.9982863124e-17 -0.0085539580346 -0.038417467427 -0.033163463399 
-0.008413949779 -0.0040421254625 -0.12469494753 0.0045193157641 -0.053001372471 -0.034832513966 -1.0605170455e-14 1.3558849862e-14 -1.981135268e-14 
2.4328660498e-16 3.3208136497e-16 1.9515231698e-17 -0.00070681471166 -0.0003685602619 0.00057739676273 8.255295343e-17 8.0496352279e-17 1.0960478197e-17 
-2.1853276927e-05 0.0034838435362 -0.0012686106146 3.0297005148e-16 2.1592018041e-16 7.5573935589e-17 6.5591739966e-17 3.6022711189e-16 1.2133040076e-16 
3.3685362997e-16 -1.2375172439e-16 5.6886733262e-19 -7.5114480401e-08 -3.0701235531e-08 -7.1545418337e-07 -1.8378918032e-16 -3.0228269558e-16 4.5756021939e-17 
-3.0041753529e-11 -1.3857825138e-11 1.4010251945e-11 3.1600061372e-12 -5.2492112909e-12 5.0683660569e-11 -6.1136160601e-09 1.456276338e-08 9.69407754e-09 
0.021999525551 0.052199790395 -0.079094001112 -0.020587484255 -0.018080533203 -0.051350848904 2.3504107283e-10 -3.8995366538e-10 3.5988947647e-09 
-1.8717288549e-08 -8.7599339003e-08 2.1752744487e-07 -6.8921938298e-15 -2.8663192577e-14 -3.2925254602e-13 -0.0055415034748 0.055514475567 -0.024859482636 
-0.025693147909 0.0054467718843 -0.15786600361 0.036176249791 -0.0060834681221 -0.16420911172 -0.018008137394 0.14966551628 -0.15602542123 
7.5162402695e-15 -2.062740658e-15 4.2542614626e-15 7.9809637799e-16 -4.999536799e-16 4.0196924069e-20 0.030017024436 -0.057428752187 -0.074667799401 
-0.0024890649577 0.026443330023 -0.050286489858 -0.005499969654 0.023846937023 -0.12720919732 -0.0095702012736 0.00072311706404 -0.15913538692 
-1.0924421435e-15 -5.0308313328e-16 1.2320356945e-14 -1.2930983278e-16 2.3396324307e-16 -5.2103280451e-17 9.228677735e-17 1.334331458e-16 1.2408491313e-17 
1.019112158e-05 0.00012374329921 6.1201319821e-05 -0.00020214435682 0.0011558252831 0.00021962839592 1.1189642578e-18 -2.7072716692e-15 -5.0818260926e-15 
-4.0798932708e-17 -3.0561709142e-16 9.982234566e-18 -3.7102184497e-16 -3.9570117799e-16 -6.9503040252e-17 -2.7107173356e-06 2.0747209937e-06 4.9176004266e-07 
-1.1946482006e-07 1.0473446623e-07 -5.3486298077e-07 3.5870705902e-17 6.4546182099e-17 -1.2130259684e-17 4.1779188809e-17 1.993180964e-16 -1.9782698298e-16 
6.7199358797e-11 4.0230689398e-11 -2.1846575547e-11 1.6337525609e-15 -2.0711110389e-15 1.4686629807e-17 2.0381911138e-17 2.203088912e-16 2.6234091042e-17 
0.0014537233041 0.00035618657542 -0.00083453824427 -0.00014970051253 0.0001586356438 -0.001133168608 0.043129788462 0.011182135645 -0.12840455186 
0.0054359799236 -0.014506118896 -0.16440757541 -0.018921957075 -0.0067476610183 -0.14398268761 1.8609490307e-10 2.6779115601e-10 1.516788415e-10 
-4.2840916227e-11 -7.178246024e-11 -6.0856071415e-12 -0.00027344846999 0.00065794964149 -0.0005651499732 0.039574487906 -0.011935775139 -0.096384235986 
0.013667126143 -0.0052945988637 -0.076794671286 -0.053367921967 -0.0074757776447 -0.086122825522 -0.061304186439 -0.0028706693357 -0.12315393158 
-1.4376730821e-14 -2.4597592818e-15 -1.7341732344e-15 1.2769492189e-16 3.145327739e-18 3.1977816077e-18 -2.07247319e-15 -7.6314171854e-16 -3.2689034104e-16 
9.6747861535e-15 1.3920877396e-14 -7.6701759678e-14 -1.0462931887e-16 1.0196623393e-16 -1.0270277223e-16 4.1133875341e-18 1.2071116696e-16 -5.9870755644e-17 
0.0018728312731 0.026304983662 -0.10241648469 0.0067046513731 -0.049810310548 -0.13808221854 -0.034683068592 0.012728500214 -0.16500495388 
2.4054110832e-17 -1.1393937417e-16 1.3792687805e-17 2.4134398141e-15 1.3289046784e-15 -4.5976604563e-16 -2.3713413778e-16 -1.9267841268e-16 1.0586543158e-16 
3.4269151567e-05 1.3413381876e-05 -8.3380706301e-05 -5.6585530552e-17 1.1947982279e-17 -3.0275330315e-17 1.4475692343e-05 -7.6817045807e-07 -1.6618741313e-06 
4.2901836875e-06 -7.9443131482e-07 8.484550888e-07 6.1150349242e-16 6.3595841296e-16 -2.2424876493e-17 2.1171717503e-07 -9.0583864002e-09 1.9776556916e-07 
-3.0808657852e-17 -1.3139828687e-18 -2.4363735792e-17 4.7358444112e-17 -2.3180385973e-16 7.1647822019e-17 -1.5786143375e-17 1.1038468139e-17 2.8033078584e-17 
-1.2308188265e-17 1.4381076334e-16 9.927216948e-17 1.317417553e-16 -2.125144342e-16 -1.6010730942e-18 8.936813282e-15 2.0714026355e-15 -1.1276187142e-15 
0.046016388708 0.081727913418 -0.078657955156 -0.027658634714 0.0056381096671 -0.064570743792 -0.01618035012 0.0053416515766 -0.084947864476 
-0.030264788731 0.0021181933243 -0.047905760071 4.191454033e-16 -1.4478840113e-16 -7.5807320266e-17 6.2212310354e-09 2.4385178881e-08 1.5371132099e-07 
2.7690900603e-09 3.2001364672e-08 1.1145869047e-07 -0.0068046200054 -0.00027520660502 -0.14621637676 0.035232524122 0.048218251186 -0.10046093998 
0.052185837836 0.010597493447 -0.082021760664 -0.039972212534 -0.043253336229 -0.10727477319 -0.012006416106 -0.053750524033 -0.14206380286 
0.003103160416 0.02912902431 -0.066399558961 0.074616206146 0.0099804254374 -0.14780275811 8.7021033481e-07 1.7652315832e-06 2.5743076302e-06 
2.7373298646e-16 2.4404689252e-16 2.0454215594e-18 2.4222014051e-09 4.570596892e-09 -1.0268151684e-08 -0.056071244239 -0.020350323287 -0.16317888745 
-0.014935651684 -0.030152348406 -0.11065898673 -0.032238891447 -0.033914346988 -0.073352453083 -0.025185895751 0.07003084964 -0.12625926026 
5.5784103546e-11 -8.4120193995e-11 7.6685635587e-10 1.2264712452e-11 -8.5810463136e-12 -3.7455860006e-11 2.9544814647e-09 4.5610865968e-09 5.2555255546e-09 
-2.9943886194e-16 5.3660611262e-16 -4.2058344318e-17 5.9177353606e-17 1.2898593101e-16 -2.487576609e-16 6.7703928858e-17 -2.4844145177e-16 -3.5567765565e-17 
-6.2266292077e-12 -1.1911244235e-13 8.232447342e-10 0.0084608273509 0.097442992893 -0.018835490132 0.016802966484 -0.030989525465 -0.016039170728 
0.10591452941 0.054653563192 -0.15985815852 0.053003751153 0.02318954729 -0.14314778057 0.023969496769 0.0011799030674 -0.12000899243 
-0.015362701397 0.054192014617 -0.043305745691 -0.0001146632277 -0.031561019651 -0.10433678395 -0.051834049589 0.060629403307 0.0021520698416 
0.051596009694 0.077869071782 -0.14726731166 -0.033757580876 -0.025579457026 -0.094009049155 -0.0075132473603 -0.062980870323 -0.13191186604 
0 0 1.2285682432e-15 0.01667051349 -0.024554994568 -0.11150360114 0.021918801649 0.036498687484 -0.057303792095 
-0.017525171261 0.068938034845 -0.10141353527 -0.07249178067 -0.0010808895402 -0.049093154228 0.0023978944079 -0.021340183107 -0.036217876222 
0.01521726183 -0.0058243076379 -0.072749437023 0.074316903761 0.0049182290667 -0.0062534596534 0.0029846342093 0.040522341006 -0.11779983329 
-0.09314569459 0.0091803622854 -0.1355592289 -0.070977781413 0.019097420088 -0.067930131944 0.0028163378321 0.025418284122 0.015262213465 
0.079905564311 0.094669405359 -0.036981675435 0.0087772931757 0.090850141215 -0.061995458234 0.010268677671 0.035980937452 -0.044789102186 
0.051886518134 -0.037721953924 -0.18653750945 0.042036604436 0.075469248719 -0.19712309964 0.047594752824 -0.04665642528 -0.088625829987 
0.097819122407 0.014663569844 0.059655650791 0.059879790023 -0.017213516827 -0.11631256956 -0.0020006396794 0.050394002663 0.010283910829 
-0.08396244004 -0.044691100978 -0.063026536164 0.0099082161678 0.0084635254373 -0.18797215805 -0.052494573522 0.10402044133 0.0005308362407 
-0.014004597286 0.032100813819 -0.062507266437 -0.011266200645 -0.035361692589 -0.099918462422 -0.011124854121 0.10764766689 -0.15704006386 
0.022769702774 -0.0030503625642 -0.13995262139 0.0285410071 -0.049100223714 -0.098626082868 -0.035738285415 0.023887725904 -0.25506915869 
0.17081872975 -0.033433999148 -0.1420774394 0.0064006824998 -0.041320490245 -0.080253649757 -0.048266915338 0.038050288298 -0.080931023133 
-0.051781820625 -0.12416287183 -0.0034790668911 -0.054072479974 -0.073387062509 -0.073671284869 0.033423034997 -0.082925175454 -0.060309933408 
0.041456806637 0.17214966509 -0.00023609144408 -0.0076251273926 0.080799748344 -0.045977653402 0.037528961887 -0.088958415846 -0.10254567252 
-0.023445049653 0.0548599804 -0.1687406683 -0.10879394943 -0.11883901557 -0.19932706814 0.12676754553 0.20285120366 -0.20555862854 
-0.010970013847 0.060572541951 -0.057063862263 0.082757085109 -0.028449872812 -0.065721385088 -0.0768663542 -0.01421898827 -0.10425676237 
0.080973829541 0.018604763929 -0.14270990122 0.045241125349 0.061776744478 -0.074319812421 0.034749097924 0.031981538595 -0.065730887181 
-0.035826957269 -0.11259423717 -0.053921554562 -0.059900135638 -0.010719202318 -0.027036445323 0.0039579514933 -0.04312858809 -0.1877415347 
0.052233077752 -0.041092186619 -0.075914852627 0.065140756147 0.092889858326 -0.12667261437 -0.01281901258 0.091017210496 -0.094701183422 
0.12237849736 -0.004203068826 -0.035004674361 -0.026560544102 -0.062256615951 -0.2116426748 0.12000146762 0.013223869434 -0.18425153416 
-0.13429379589 -0.11724848538 -0.21485094909 0.094122193403 -0.060974219712 -0.1213640398 0.057824722232 0.044913494463 -0.3678836314 
-0.055160352132 -0.09513117363 -0.027722535376 0.018220233596 0.039185384853 -0.026762785102 0.011190949715 0.09819659173 -0.076875276863 
0.014905847107 -0.015388109156 -0.051467062875 0.039772571627 0.02712583545 -0.055484593691 -0.030471959142 0.07265593938 -0.095737026963 
0.05854356146 0.030102867702 -0.10407058017 0.027407642262 0.030539490481 -0.0059854751751 0.083232104183 0.066733281311 -0.16494663431 
0.063605256108 -0.074964279443 -0.097273233204 0.13321021778 0.01477268481 -0.062769077096 0.02592811251 0.014940538175 -0.19921421599 
-0.041621678903 0.033233009147 -0.087206833692 -0.11722425413 0.045649579545 -0.071819520879 -0.10923288807 0.012969087989 0.0084516608275 
0.13348641976 -0.11888823564 0.025991109116 -0.14347562015 0.017473696732 -0.17494404454 0.070910555595 -0.061819700858 -0.16537652506 
0.060274235688 -0.11730202021 -0.085210877755 0.018838525161 0.025808081607 -0.093511271039 0.13568205162 0.043084856087 -0.14313071009 
0.044965757508 -0.081553558061 -0.071720282978 0.0050740612386 -0.078454482988 -0.024973054858 0.077675902909 -0.075638110427 -0.063346169433 
0.08774435856 -0.12958560068 -0.044244495437 -0.033459309466 -0.0043097775877 -0.12893724511 -0.070640526593 0.062030154956 -0.060444491387 
-0.055609399576 0.11676509046 -0.32023384385 0.0065074956218 -0.033721401776 -0.089766465378 -0.15619843083 -0.10090324382 -0.13705915637 
0.032317812906 -0.00012556857113 -0.033845075304 0.10053889086 -0.069247719161 -0.019795331586 -0.0037980420464 -0.029710773558 -0.18653373698 
-0.0049509819582 -0.20048094139 -0.13170472532 0.009317845876 0.066488825441 -0.15217320187 0.1180523496 -0.042778047212 -0.15866999954 
-0.036761463947 0.15202405345 -0.24818775354 0.042809181945 0.13454504473 -0.23043406637 0.14290674164 -0.031794303911 -0.26839336674 
-0.078228708893 -0.056636928593 -0.056378598277 -0.053546867553 -0.12610000838 -0.049062210126 0.14222462175 -0.041031469795 -0.29930704979 
-0.0079892455516 -0.14556894831 -0.021830656368 0.075445592544 0.1340577905 -0.24086771663 -0.080352857219 0.11451290904 -0.087354664291 
0.0092774461917 0.0055689650875 -0.14903557593 0.0054436591079 -0.015278863401 -0.010212517636 -0.098750253219 -0.020725394378 -0.081361803389 
-0.00061445296391 0.049223591919 -0.1337811057 0.15070740587 -0.19607292904 -0.11844673288 2.1633273811e-09 -2.7865007863e-09 1.6801305221e-09 
1.6034299367e-09 -6.1851286688e-09 6.272734713e-09 -1.0309404161e-08 2.516671018e-09 -7.4378047401e-09 -8.198219033e-09 1.5117209002e-08 -1.0703339008e-08 
-7.5669831279e-09 6.5500740618e-10 -4.8631270692e-09 4.0867097997e-09 8.2771002994e-09 5.8966917991e-09 -2.6728821013e-09 -1.1838093436e-08 3.3917318086e-09 
3.1118196236e-08 4.4252404486e-08 -2.1521178969e-08 3.831661735e-09 2.1376493165e-09 -7.1910638559e-09 3.2376983599e-09 3.1784156728e-10 3.1466598905e-09 
1.1404476076e-08 2.7405046559e-08 1.1080021964e-08 2.284293318e-08 -5.010167389e-09 8.3737648231e-09 5.5781230993e-08 1.095165688e-08 2.3050599392e-08 
1.7579672885e-08 -7.983656303e-09 1.1097264552e-08 2.9360648281e-09 4.7183227658e-09 3.062163676e-09 -5.9869164957e-09 7.8003013887e-09 -9.4466222989e-10 
5.5822997372e-09 3.8856781783e-09 -1.3151390389e-09 1.8473938532e-08 7.9437715464e-09 7.5093351965e-09 4.8739352431e-08 3.0600061201e-08 8.476432736e-09 
1.1459193294e-08 -4.4272858313e-08 -2.3855230832e-08 3.1435030021e-08 7.3045100505e-09 7.7638188305e-09 -1.9194958483e-08 2.9179254686e-09 1.3754633748e-08 
8.5961832855e-08 1.5549586558e-08 3.877304021e-08 2.2871189365e-09 -2.6360505498e-08 4.7524139689e-10 -0.073485650925 0.052218283249 -0.10093208098 
-0.03644700494 -0.13754574067 -0.12138233373 0.024894235774 -0.077323091506 -0.023044699075 -0.02126542928 0.10542517084 -0.13447158764 
-0.078980989638 0.13562525668 -0.22593046431 0.14315964359 0.055623016375 -0.16542889522 -0.15434595932 0.0041468254924 -0.14990409246 
-3.5519831265e-09 -1.9177089024e-09 -1.4494735732e-09 -5.8093900393e-09 3.3473406739e-09 -2.7662151003e-09 2.9022883361e-09 -1.3192646232e-09 -5.7297047379e-09 
5.1033389075e-09 -4.1279520645e-09 9.3940077178e-09 4.2036807777e-09 -4.1192603155e-09 -1.9616259097e-08 -8.7727204851e-09 1.9775995042e-09 -6.2789262735e-09 
1.1623751156e-08 -1.3427576983e-08 -7.3734864885e-09 1.2100561435e-08 -1.5079984102e-09 -7.9242171639e-09 -1.0250631566e-09 8.0667390196e-09 1.1957607637e-08 
-8.3575258805e-09 1.3235393256e-08 3.8001260504e-08 -1.8111848597e-08 -1.6143828647e-08 -2.9018493449e-08 1.2993062336e-08 1.7853867347e-08 3.061911603e-09 
-1.9780337436e-08 -8.3082129388e-09 1.0602879634e-08 -2.6528539598e-08 -4.3128511822e-08 4.0013452431e-08 -1.891345639e-08 -8.9214254891e-08 -4.8901375529e-09 
0.039980809043 0.017989319113 -0.08997167048 -2.5555345629e-08 1.0223183483e-07 -5.2156372072e-08 -1.3760845132e-08 1.3958942472e-08 -5.0263564672e-08 
-2.4530426393e-09 2.4200281545e-08 -1.8849784634e-08 -2.5568529291e-08 -2.7389178927e-08 -6.5999157703e-08 -3.6566985834e-08 -3.1730602767e-08 -7.8747381915e-08 
-4.0563881681e-08 3.0130336021e-08 -4.5371612936e-08 8.6061501211e-09 5.5241321557e-08 -8.5237743706e-09 -2.1882496283e-08 8.6919743157e-08 -1.0993535567e-08 
-5.6397892677e-09 5.4543445842e-07 -3.9178014567e-07 2.4933875302e-08 -6.9167831868e-08 3.2017337328e-08 -3.597199628e-08 3.2304390156e-08 2.8680001677e-08 
-2.7123541951e-08 7.2959201781e-08 -8.3410307313e-08 -7.4832388874e-11 -1.6308870184e-08 4.7757862776e-08 -0.14105803221 0.0044335029165 -0.080190776803 
3.5996349573e-09 2.4381792468e-09 -1.90921335e-09 3.6282503438e-09 2.5997502872e-09 -7.334551359e-10 1.051075459e-10 3.5486143124e-08 -7.0471734571e-08 
7.5260402419e-08 2.5773856406e-08 -1.021265817e-08 9.2407859996e-09 4.8122971402e-09 4.1659471532e-09 7.4172771714e-08 -8.5283234563e-09 5.5638094909e-08 
-1.1437198316e-08 2.6582624866e-09 1.5389252086e-08 9.4581121305e-08 -4.0435150051e-08 1.0147296346e-07 6.3823063813e-08 -5.5817766867e-08 2.8524111136e-08 
-4.8810616364e-08 1.852127822e-07 1.3629057111e-07 1.699359175e-07 -1.135131015e-07 1.2758414425e-07 -1.4905089977e-08 1.8455757292e-08 1.4055243686e-07 
0.10123358658 0.026934367581 -0.28165187244 0.0519682158 0.1535941885 0.016952708985 0.0049508976944 -0.013095597738 -0.061142456371 
0.0040419116443 0.06472637174 -0.062155610286 -0.020202239112 -0.034626517293 -0.3852132272 -0.16784389802 -0.035629762009 -0.005206705752 
1.2790251795e-08 -2.1586510973e-08 -1.0189837076e-09 -7.1244592631e-08 4.0796192207e-08 3.7125674279e-08 -6.5458204682e-08 5.4096665002e-08 4.0270734757e-08 
-7.2865410633e-08 6.82149885e-08 6.4095802625e-08 -1.5115915623e-07 -5.6938206948e-08 5.5208925495e-08 -7.6802148475e-08 3.1595781127e-08 2.1701657482e-08 
4.2119332828e-08 2.6092284975e-08 -6.3978593787e-08 -1.166485627e-07 9.4335903097e-08 1.1269496541e-07 5.3769465322e-10 4.6502561402e-08 1.4711919483e-09 
-2.4560738884e-07 5.374939301e-08 3.3644881129e-08 -2.5370394846e-07 -6.6739756039e-08 7.1139886419e-08 -1.8638023448e-08 -4.8289333647e-08 -5.7881953157e-09 
-3.6603741446e-08 2.6021602073e-08 6.730250561e-08 -4.0381965671e-08 5.9396871429e-10 1.1416135196e-07 -1.0661305609e-07 7.6585798983e-08 8.4642455035e-08 
0.016010015436 0.0033955614915 -0.38927962049 0.096475790506 -0.12759332884 -0.12424714 -1.9720025742e-08 7.3730850508e-09 -4.6285668211e-08 
-6.8345243113e-08 -3.0834096478e-08 5.9249820055e-08 -7.2931649097e-09 4.9531028284e-09 -3.9858985727e-09 -9.5171788434e-08 -8.2542548254e-08 9.4721938149e-08 
-1.3014710842e-07 1.7125548969e-07 1.2276817063e-07 -9.0706968224e-08 -5.2695505458e-09 8.9704878786e-08 -0.14288439703 0.051315650106 -0.24321028575 
-0.056418529419 0.19007040923 -0.015228507168 -0.063114332241 0.05591720577 0.066045201582 -0.035645999131 -0.11992276312 -0.28194054398 
-0.015126540827 -0.032606065444 -0.2390082402 0.12564065607 -0.091813695463 0.22710052944 -0.12885670084 0.011447922081 -0.066973683688 
-0.031189463028 0.083472401019 0.060177324482 0.031505105272 0.18809941668 -0.11590727351 -0.10852380952 0.10273476704 -0.17544621653 
-0.069525465877 -0.075547649763 -0.076116809586 0.15799495346 -0.02937254365 -0.21364678294 0.04570706044 0.028003709346 -0.0032451370565 
-0.0846674453 0.041922799982 -0.15867505396 0.21103613025 -0.1006742072 -0.04702735133 -0.14611149103 0.082118866496 0.010875113621 
0.064566786169 0.0038774898986 0.090206307158 -0.12869269601 -0.020717508903 -0.25297021318 -0.20846792473 -0.060349234429 0.0082432519749 
-0.01181097801 0.024081054802 -0.38645974093 0.082699469282 0.013736309518 -0.097926734017 -0.021201787114 -0.07905827404 -0.20574154693 
-0.04132289295 -0.093755852903 -0.20524974897 -0.056158420438 0.016586547008 -0.033869140922 0.14221357393 -0.023888184976 -0.22573008493 
-0.059969613221 0.080262933583 0.18154267436 0.084350995746 -0.11622256032 -0.23993701674 -0.011176509226 0.019522640576 -0.37949884717 
0.07054987128 0.082454873184 0.0027294941153 0.0046781612597 0.01986191788 -0.36804940686 0.028313108644 0.094933190081 0.014759978839 
-0.056205618308 0.23080569134 0.00030604569259 0.076188812376 -0.035289305146 -0.14947328034 0.13684796249 0.11731402721 -0.1991219829 
-0.24321152794 -0.04943906802 0.036518113556 -0.0062454731915 0.014640118107 -0.36562946914 -0.0047937125536 0.029735545892 -0.35947102466 
0.051018893191 -0.055599569027 -0.0014987957907 0.03198659157 -0.026789860585 -0.34774037148 -0.0059481978344 -0.01526280598 -0.34954872488 
0.0014091037666 -0.099806811092 -0.17105706779 -0.030061569141 0.012163890147 -0.36243864433 0.016300529728 0.065963953896 0.097954806869 
0.04286209053 0.13181074463 -0.25358552428 0.069421315011 -0.12081852361 -0.080836176497 0.13362244918 0.077451123844 -0.21674120376 
0.07715013047 -0.073292071754 -0.23071149144 -0.0027780810253 -0.0056500326942 -0.36608496222 0.078916380657 -0.087605017986 0.12217559962 
0.15352677295 -0.036010585879 -0.19188967805 0.038892890877 -0.024100899929 0.051856900161 -0.23668070713 -0.16172131855 0.040379407728 
0.0071533551353 -0.02006689488 -0.3571630614 -0.0028353908927 -0.098745518222 0.25859563817 0.0078022608835 0.001464839709 -0.37293051458 
-0.022614090018 -0.03134575248 -0.34120008415 
f 3 2839 double
0 0 -5.1365039886e-09 0 0 -5.1365039886e-09 0 0 -5.1365039886e-09 
0 0 -5.1365039886e-09 0 0 -5.1365039886e-09 0 0 -5.1365039886e-09 
0 0 -5.1365039886e-09 0 0 -5.1365039886e-09 0 0 -5.1365039886e-09 
0 0 -5.1365039886e-09 0 0 -5.1365039886e-09 0 0 -5.1365039886e-09 
0 0 -5.1365039886e-09 0 0 -5.1365039886e-09 0 0 -5.1365039886e-09 
0 0 -5.1365039886e-09 0 0 -5.1365039886e-09 0 0 -5.1365039886e-09 
0 0 -5.1365039886e-09 0 0 -5.1365039886e-09 0 0 -5.1365039886e-09 
0 0 -5.1365039886e-09 0 0 -5.1365039886e-09 0 0 -5.1365039886e-09 
0 0 -5.1365039886e-09 0 0 -5.1365039886e-09 0 0 -5.1365039886e-09 
0 0 -5.1365039886e-09 0 0 -5.1365039886e-09 0 0 -5.1365039886e-09 
0 0 -5.1365039886e-09 0 0 -5.1365039886e-09 0 0 -5.1365039886e-09 
0 0 -5.1365039886e-09 0 0 -5.1365039886e-09 0 0 -5.1365039886e-09 
0 0 -5.1365039886e-09 0 0 -5.1365039886e-09 0 0 -5.1365039886e-09 
0 0 -5.1365039886e-09 0 0 -5.1365039886e-09 0 0 -5.1365039886e-09 
0 0 -5.1365039886e-09 0 0 -5.1365039886e-09 0 0 -5.1365039886e-09 
0 0 -5.1365039886e-09 0 0 -5.1365039886e-09 0 0 -5.1365039886e-09 
0 0 -5.1365039886e-09 0 0 -5.1365039886e-09 0 0 -5.1365039886e-09 
0 0 -5.1365039886e-09 0 0 -5.1365039886e-09 0 0 -5.1365039886e-09 
0 0 -5.1365039886e-09 0 0 -5.1365039886e-09 0 0 -5.1365039886e-09 
0 0 -5.1365039886e-09 0 0 -5.1365039886e-09 0 0 -5.1365039886e-09 
0 0 -5.1365039886e-09 0 0 -5.1365039886e-09 0 0 -5.1365039886e-09 
0 0 -5.1365039886e-09 0 0 -5.1365039886e-09 0 0 -5.1365039886e-09 
0 0 -5.1365039886e-09 0 0 -5.1365039886e-09 0 0 -5.1365039886e-09 
0 0 -5.1365039886e-09 0 0 -5.1365039886e-09 0 0 -5.1365039886e-09 
0 0 -5.1365039886e-09 0 0 -5.1365039886e-09 0 0 -5.1365039886e-09 
0 0 -5.1365039886e-09 0 0 -5.1365039886e-09 0 0 -5.1365039886e-09 
0 0 -5.1365039886e-09 0 0 -5.1365039886e-09 0 0 -5.1365039886e-09 
0 0 -5.1365039886e-09 0 0 -5.1365039886e-09 0 0 -5.1365039886e-09 
0 0 -5.1365039886e-09 0 0 -5.1365039886e-09 0 0 -5.1365039886e-09 
0 0 -5.1365039886e-09 0 0 -5.1365039886e-09 0 0 -5.1365039886e-09 
0 0 -5.1365039886e-09 0 0 -5.1365039886e-09 0 0 -5.1365039886e-09 
0 0 -5.1365039886e-09 0 0 -5.1365039886e-09 0 0 -5.1365039886e-09 
0 0 -5.1365039886e-09 0 0 -5.1365039886e-09 0 0 -5.1365039886e-09 
0 0 -5.1365039886e-09 0 0 -5.1365039886e-09 0 0 -5.1365039886e-09 
0 0 -5.1365039886e-09 0 0 -5.1365039886e-09 0 0 -5.1365039886e-09 
0 0 -5.1365039886e-09 0 0 -5.1365039886e-09 0 0 -5.1365039886e-09 
0 0 -5.1365039886e-09 0 0 -5.1365039886e-09 0 0 -5.1365039886e-09 
0 0 -5.1365039886e-09 0 0 -5.1365039886e-09 0 0 -5.1365039886e-09 
0 0 -5.1365039886e-09 0 0 -5.1365039886e-09 0 0 -5.1365039886e-09 
0 0 -5.1365039886e-09 0 0 -5.1365039886e-09 0 0 -5.1365039886e-09 
0 0 -5.1365039886e-09 0 0 -5.1365039886e-09 0 0 -5.1365039886e-09 
0 0 -5.1365039886e-09 0 0 -5.1365039886e-09 0 0 -5.1365039886e-09 
0 0 -5.1365039886e-09 0 0 -5.1365039886e-09 0 0 -5.1365039886e-09 
0 0 -5.1365039886e-09 0 0 -5.1365039886e-09 0 0 -5.1365039886e-09 
0 0 -5.1365039886e-09 0 0 -5.1365039886e-09 0 0 -5.1365039886e-09 
0 0 -5.1365039886e-09 0 0 -5.1365039886e-09 0 0 -5.1365039886e-09 
0 0 -5.1365039886e-09 0 0 -5.1365039886e-09 0 0 -5.1365039886e-09 
0 0 -5.1365039886e-09 0 0 -5.1365039886e-09 0 0 -5.1365039886e-09 
0 0 -5.1365039886e-09 0 0 -5.1365039886e-09 0 0 -5.1365039886e-09 
0 0 -5.1365039886e-09 0 0 -5.1365039886e-09 0 0 -5.1365039886e-09 
0 0 -5.1365039886e-09 0 0 -5.1365039886e-09 0 0 -5.1365039886e-09 
0 0 -5.1365039886e-09 0 0 -5.1365039886e-09 0 0 -5.1365039886e-09 
0 0 -5.1365039886e-09 0 0 -5.1365039886e-09 0 0 -5.1365039886e-09 
0 0 -5.1365039886e-09 0 0 -5.1365039886e-09 0 0 -5.1365039886e-09 
0 0 -5.1365039886e-09 0 0 -5.1365039886e-09 0 0 -5.1365039886e-09 
0 0 -5.1365039886e-09 0 0 -5.1365039886e-09 0 0 -5.1365039886e-09 
0 0 -5.1365039886e-09 0 0 -5.1365039886e-09 0 0 -5.1365039886e-09 
0 0 -5.1365039886e-09 0 0 -5.1365039886e-09 0 0 -5.1365039886e-09 
0 0 -5.1365039886e-09 0 0 -5.1365039886e-09 0 0 -5.1365039886e-09 
0 0 -5.1365039886e-09 0 0 -5.1365039886e-09 0 0 -5.1365039886e-09 
0 0 -5.1365039886e-09 0 0 -5.1365039886e-09 0 0 -5.1365039886e-09 
0 0 -5.1365039886e-09 0 0 -5.1365039886e-09 0 0 -5.1365039886e-09 
0 0 -5.1365039886e-09 0 0 -5.1365039886e-09 0 0 -5.1365039886e-09 
0 0 -5.1365039886e-09 0 0 -5.1365039886e-09 0 0 -5.1365039886e-09 
0 0 -5.1365039886e-09 0 0 -5.1365039886e-09 0 0 -5.1365039886e-09 
0 0 -5.1365039886e-09 0 0 -5.1365039886e-09 0 0 -5.1365039886e-09 
0 0 -5.1365039886e-09 0 0 -5.1365039886e-09 0 0 -5.1365039886e-09 
0 0 -5.1365039886e-09 0 0 -5.1365039886e-09 -1.0164395367e-20 0 -5.4210108624e-20 
1.0164395367e-20 0 0 0 0 -5.1365039886e-09 3.1445192117e-13 1.0637226099e-13 3.9453672534e-13 
9.4867690092e-20 -4.0657581468e-20 0 -1.8973538018e-19 2.4394548881e-19 0 0 0 -5.1365039886e-09 
0 0 -5.1365039886e-09 0 0 -5.1365039886e-09 0 0 -5.1365039886e-09 
1.5030291654e-11 2.2918189048e-11 -1.7301162998e-11 -2.4394548881e-19 3.7269449679e-20 -2.168404345e-19 -2.4394548881e-19 -2.7105054312e-20 -1.0842021725e-19 
0 0 -5.1365039886e-09 0 0 -5.1365039886e-09 0 0 -5.1365039886e-09 
0 0 -5.1365039886e-09 0 0 -5.1365039886e-09 0 0 -5.1365039886e-09 
-1.0245084316e-10 -1.046798911e-10 2.8100065555e-10 8.3229491229e-09 1.6523066683e-08 1.313443876e-08 0 0 -5.1365039886e-09 
0 0 -5.1365039886e-09 0 0 -5.1365039886e-09 -8.7585486349e-11 2.2731808169e-10 -1.5521672272e-11 
-5.90890184e-18 -2.2334564753e-17 5.1838416372e-18 -3.388131789e-20 -1.3552527156e-20 -1.0842021725e-19 -6.0986372202e-20 -2.634272466e-19 1.0842021725e-19 
3.388131789e-20 1.8973538018e-19 2.3716922523e-20 4.0372956714e-13 -3.3838247959e-13 -1.2497107688e-12 -7.60796344e-11 8.939991324e-11 -1.4879834403e-10 
-4.0657581468e-20 5.4210108624e-20 1.1011428314e-20 -2.9586468204e-11 1.5829277667e-11 9.5924448225e-11 1.6872983045e-13 5.2844827039e-14 -5.9795653943e-14 
-7.8971561636e-10 -9.1994181543e-10 2.6101215687e-09 2.7105054312e-20 0 3.388131789e-20 3.6229210821e-12 7.0995878447e-12 8.5427839043e-11 
-2.7105054312e-20 -9.4867690092e-20 2.7105054312e-20 0 0 -5.1365039886e-09 0 0 -5.1365039886e-09 
0 0 -5.1365039886e-09 0 0 -5.1365039886e-09 0 0 -5.1365039886e-09 
0 0 -5.1365039886e-09 1.4784132035e-12 5.8867335919e-12 -1.6830650317e-11 -3.8996475537e-10 -6.7117153393e-10 -1.2980697928e-09 
-1.0842021725e-19 -2.0328790734e-20 -1.3552527156e-20 -7.0335447536e-15 -3.4854931441e-14 1.3522305021e-15 0 0 -5.1365039886e-09 
0 0 -5.1365039886e-09 0 0 -5.1365039886e-09 -3.0699131209e-10 4.8684952825e-11 -4.0862062641e-09 
-7.7012513294e-10 -3.2909294349e-11 4.7116806442e-11 2.8533740003e-08 4.1428769196e-09 -7.6257382163e-13 -8.9216055875e-14 -1.9958604979e-13 -1.7885260584e-12 
0 0 -5.1365039886e-09 0 0 -5.1365039886e-09 0 0 -5.1365039886e-09 
0 0 -5.1365039886e-09 0 0 -5.1365039886e-09 -2.1047107498e-10 5.3561931741e-10 3.8656272268e-11 
-1.5596438394e-09 1.0798189206e-09 -1.8757827213e-09 7.0698273031e-12 6.0612288538e-12 -2.4994229581e-12 -2.168404345e-19 -5.4210108624e-20 5.4210108624e-20 
-6.0986372202e-20 -5.4210108624e-20 3.388131789e-20 -1.3552527156e-20 1.6263032587e-19 1.0164395367e-20 0 0 0 
-1.1827585103e-08 -5.181498779e-09 -2.1884516934e-08 -1.1563839078e-09 7.1082161403e-10 2.2754974986e-09 2.7105054312e-20 -1.0842021725e-19 -1.6940658945e-20 
0 0 -1.3552527156e-20 -5.4210108624e-20 1.0842021725e-19 -3.1763735522e-22 6.0986372202e-20 0 5.0821976835e-21 
0 0 -5.1365039886e-09 0 0 -5.1365039886e-09 0 0 -5.1365039886e-09 
0 0 -5.1365039886e-09 0 0 -5.1365039886e-09 0 0 -5.1365039886e-09 
-8.4703294725e-22 8.4703294725e-22 -1.199081016e-20 0 1.3552527156e-20 1.0587911841e-22 -1.4793938644e-16 -2.2182776449e-16 -1.1288451181e-14 
0 -2.7105054312e-20 -4.4469229731e-21 -3.0381513277e-15 1.0440940613e-14 3.1755841175e-14 -6.6796015333e-14 -4.0739768736e-13 1.6510169343e-12 
0 0 -5.1365039886e-09 0 0 -5.1365039886e-09 0 0 -5.1365039886e-09 
0 0 -5.1365039886e-09 0 0 -5.1365039886e-09 0 0 -5.1365039886e-09 
4.5615192271e-09 2.887981247e-09 -2.3536144458e-09 -5.3998689201e-15 -6.1215138861e-15 -1.6117793542e-14 6.134957993e-15 2.981393344e-15 -5.2785880322e-14 
0 0 -5.1365039886e-09 0 0 -5.1365039886e-09 0 0 -5.1365039886e-09 
0 0 -5.1365039886e-09 -1.3907468299e-09 2.7445164571e-09 2.243566807e-09 7.2083487569e-09 3.4477139187e-08 2.0291198206e-08 
-1.2135106722e-11 -6.1738650216e-12 -5.2328389543e-12 2.3716922523e-20 -5.4210108624e-20 5.0821976835e-21 -3.0979963989e-08 -1.3137736805e-08 -2.1790232762e-08 
-4.3834898508e-08 -1.5417862177e-07 3.7803539294e-08 -2.3384366015e-07 -3.0123651313e-07 9.4747872872e-08 -1.7397744469e-08 7.5282784591e-09 3.6215665905e-09 
4.0289948757e-09 -3.0465821656e-09 1.174284939e-09 5.4210108624e-20 0 2.5410988418e-21 -1.5329697571e-16 6.686308679e-17 1.0343009072e-15 
2.8480364768e-15 8.8243214819e-16 -1.3023368733e-15 -7.8181818658e-16 -3.5019730171e-17 2.2606597855e-15 -8.5835596443e-12 -7.9907896706e-12 7.9530610901e-12 
3.2187251996e-20 -6.776263578e-21 -1.8528845721e-22 0 0 -5.1365039886e-09 0 0 -5.1365039886e-09 
0 0 -5.1365039886e-09 0 0 -5.1365039886e-09 0 0 -5.1365039886e-09 
0 -1.0842021725e-19 -2.0328790734e-20 2.7105054312e-20 0 -2.0328790734e-20 4.2664277059e-14 8.4210497733e-14 -2.2582254975e-13 
0 0 -5.1365039886e-09 0 0 -5.1365039886e-09 0 0 -5.1365039886e-09 
0 0 -5.1365039886e-09 0 0 -5.1365039886e-09 0 0 -5.1365039886e-09 
0 0 -5.1365039886e-09 2.1902275173e-09 -9.2032117753e-10 6.8355905528e-09 -2.8755068286e-10 -2.4788806891e-09 1.1009916661e-09 
0 0 -5.1365039886e-09 3.3694152069e-13 1.2408459676e-12 -3.4437902494e-12 4.9217558197e-13 6.3890516142e-13 2.2047409708e-12 
0 0 -5.1365039886e-09 0 0 -5.1365039886e-09 0 0 -5.1365039886e-09 
0 0 -5.1365039886e-09 0 0 -5.1365039886e-09 0 0 -5.1365039886e-09 
-1.0842021725e-19 2.7105054312e-20 0 -1.219727444e-19 3.388131789e-20 -4.9127910941e-20 1.6263032587e-19 0 4.0657581468e-20 
2.7606497817e-17 -2.3744027577e-17 -4.3972021391e-16 -4.5807541788e-17 2.4577507998e-17 3.3605608666e-16 3.9421260469e-08 3.8815766909e-08 -6.7003664332e-08 
3.2660285823e-08 -5.5560530108e-08 1.5907164546e-08 8.9592453736e-12 -4.0841303863e-12 -1.5509826358e-09 -6.0604350856e-13 -1.1192571392e-13 -2.5744898209e-12 
1.6984109417e-09 -4.22303643e-10 -7.0086873015e-10 -8.318388403e-11 -3.7424214498e-11 -2.6254744207e-10 2.158917576e-16 6.895525817e-17 2.8167572441e-16 
2.6075793543e-11 -1.2761810705e-11 7.2880719575e-10 -6.776263578e-20 2.7105054312e-20 -4.2351647363e-22 0 0 3.388131789e-21 
0 0 -5.1365039886e-09 0 0 -5.1365039886e-09 0 0 -5.1365039886e-09 
0 0 -5.1365039886e-09 0 0 -5.1365039886e-09 2.7528271221e-11 2.768009037e-11 -2.5937406838e-11 
-5.2801458952e-12 7.0923355622e-12 -1.2703019152e-11 6.1877679629e-12 -6.0008416422e-12 4.7332319494e-11 2.8119516027e-15 -6.3191422157e-14 -4.9979347612e-14 
0 0 -5.1365039886e-09 0 0 -5.1365039886e-09 0 0 -5.1365039886e-09 
0 0 -5.1365039886e-09 0 0 -5.1365039886e-09 0 0 -5.1365039886e-09 
7.561768052e-16 -6.0857555432e-15 -1.6027216074e-14 -3.3160323445e-16 7.5924577497e-15 2.6013580785e-14 0 1.0842021725e-19 -7.2844833464e-20 
-5.3386331814e-14 -2.0428808385e-13 2.0665420601e-12 -4.4156757244e-13 -6.9250513527e-13 2.5545280934e-12 5.4210108624e-20 1.0842021725e-19 -5.4210108624e-20 
0 0 -5.1365039886e-09 0 0 -5.1365039886e-09 0 0 -5.1365039886e-09 
0 0 -5.1365039886e-09 0 0 -5.1365039886e-09 0 0 -5.1365039886e-09 
4.6028278574e-16 -2.4442490946e-16 -6.1000356716e-15 -1.7618285303e-19 5.4210108624e-20 2.7105054312e-20 -3.7416697209e-12 4.8633915363e-12 2.2965964789e-10 
-6.0371482119e-12 1.9194744535e-12 -6.807169033e-11 -4.7562710281e-11 -5.380317383e-11 -3.2047012469e-10 1.8246646815e-11 -5.1231486501e-12 7.9283077107e-11 
-6.8999691686e-08 8.7426054382e-09 6.2532404779e-09 0 0 -6.776263578e-21 6.9300934782e-11 -6.2283174061e-11 -1.2796337849e-08 
-2.0356452992e-10 2.0378015914e-10 -3.76971209e-10 4.8138576458e-17 -1.0516761073e-17 -2.4946269085e-16 1.9063331644e-08 5.3258057533e-08 -3.1635016499e-08 
-1.2992509123e-07 -2.5846568888e-07 -8.5311048127e-08 -2.7105054312e-20 0 -1.4823076577e-21 5.4210108624e-20 0 -2.7105054312e-20 
-1.7072403083e-10 -1.744644005e-10 1.3306661708e-11 1.3552527156e-20 -5.4210108624e-20 1.0164395367e-20 2.7105054312e-20 0 0 
-9.1222608528e-11 -2.0021902732e-10 -3.6717082861e-10 -1.2422668845e-10 -1.3785947901e-10 1.1308123202e-09 0 0 -5.1365039886e-09 
-1.7199675009e-07 -1.477657288e-06 -7.4572042485e-08 0 0 -5.1365039886e-09 0 0 -5.1365039886e-09 
0 0 -5.1365039886e-09 0 0 -5.1365039886e-09 -1.1118682738e-10 -2.0100806322e-10 -8.6794175538e-10 
1.4152050647e-10 2.3682639994e-10 -1.4687105739e-09 0 0 -5.1365039886e-09 0 0 -5.1365039886e-09 
0 0 -5.1365039886e-09 1.7199675009e-07 1.477657288e-06 6.4299034508e-08 0 0 -5.1365039886e-09 
0 0 -5.1365039886e-09 0 0 -5.1365039886e-09 0 0 -5.1365039886e-09 
3.4267194895e-09 1.0302404622e-08 2.2384262547e-08 -1.535619432e-09 4.5295660984e-08 6.1278470546e-08 5.4210108624e-20 5.4210108624e-20 -5.0821976835e-20 
0 0 -5.1365039886e-09 0 0 -5.1365039886e-09 0 0 -5.1365039886e-09 
0 0 -5.1365039886e-09 0 0 -5.1365039886e-09 0 0 -5.1365039886e-09 
8.4703294725e-18 -7.9959910221e-18 -6.166399856e-18 2.7105054312e-20 -1.3552527156e-19 -2.3716922523e-19 2.0130830352e-10 2.112930998e-10 9.3706191205e-10 
-7.8957487288e-10 -5.2056979951e-10 3.1311551442e-10 -5.7991263701e-17 3.0628711373e-18 -3.9432288488e-15 -2.1666357402e-14 -6.3429350747e-15 -2.4945906343e-14 
-7.2558424519e-14 4.5774087374e-14 -1.0060108671e-13 -2.3986718102e-13 1.4438965431e-13 -7.039072362e-11 2.7105054312e-20 -1.3552527156e-20 -5.0821976835e-21 
-6.776263578e-21 5.4210108624e-20 -8.0468129989e-21 -1.0842021725e-19 -5.4210108624e-20 -7.8774064095e-20 -1.2451398007e-10 -1.600899284e-10 1.0176207822e-10 
0 0 3.388131789e-21 2.7004674159e-11 -2.9934765956e-11 6.3042890998e-09 2.8789953251e-08 4.3754870816e-08 2.3597371444e-08 
0 0 -5.1365039886e-09 0 0 -5.1365039886e-09 0 0 -5.1365039886e-09 
0 0 -5.1365039886e-09 -8.7701615447e-11 -1.1037944753e-10 2.1980704979e-10 5.2133666308e-13 3.806624002e-12 1.4451745958e-09 
-3.2520361512e-11 -2.1962522217e-10 -2.9100171963e-10 0 0 -5.1365039886e-09 0 0 -5.1365039886e-09 
0 0 -5.1365039886e-09 0 0 -5.1365039886e-09 0 0 -5.1365039886e-09 
0 0 -5.1365039886e-09 3.388131789e-19 1.219727444e-19 5.0821976835e-20 2.0523835745e-10 -1.1994029458e-08 3.6463948216e-08 
5.9292306308e-21 3.388131789e-21 1.0587911841e-22 0 8.1315162936e-20 0 0 0 -5.1365039886e-09 
0 0 -5.1365039886e-09 0 0 -5.1365039886e-09 0 0 -5.1365039886e-09 
0 -1.6263032587e-19 -2.9815559743e-19 1.3552527156e-20 7.4538899358e-20 4.2461761646e-18 5.8004261366e-10 2.7053727769e-10 -7.9326867746e-10 
7.1848728681e-12 4.6957647731e-12 9.316892966e-10 -4.5573489644e-15 2.3678975447e-16 1.1919217241e-14 -1.3193091172e-08 8.3436862819e-09 7.9656412736e-08 
-2.7105054312e-20 5.4210108624e-20 0 5.4210108624e-20 0 6.776263578e-21 3.791057366e-13 1.3568583377e-12 2.4372092503e-11 
-4.2345366444e-13 -1.0738281737e-12 1.4427226497e-11 -2.6852299681e-16 -8.5651971626e-17 -5.9865493503e-16 3.8470203585e-16 1.1698541441e-16 -5.6733589181e-16 
-1.5780562621e-16 -3.91261459e-17 2.3328706148e-16 0 1.0842021725e-19 3.0493186101e-20 2.7105054312e-20 -1.3552527156e-20 2.5410988418e-21 
0 0 -5.1365039886e-09 0 0 -5.1365039886e-09 3.0601691927e-10 3.0795885731e-10 -2.3976169509e-10 
6.4583576985e-11 1.2070841673e-10 7.8315268689e-11 1.3052138661e-11 1.3592134955e-10 4.6791129004e-10 -4.6698316058e-12 -2.2078105254e-11 1.2384944075e-10 
0 0 -5.1365039886e-09 0 0 -5.1365039886e-09 0 0 -5.1365039886e-09 
0 0 -5.1365039886e-09 0 0 -5.1365039886e-09 -2.168404345e-18 2.8934645478e-18 -6.9117888496e-19 
-5.644469267e-13 -1.8084885802e-12 2.151166624e-10 1.1655173354e-18 5.6920614055e-19 3.100140587e-18 1.3731962616e-15 3.337716388e-16 -4.2441238038e-15 
0 0 -5.1365039886e-09 0 0 -5.1365039886e-09 0 0 -5.1365039886e-09 
0 0 -5.1365039886e-09 0 0 -5.1365039886e-09 0 0 -5.1365039886e-09 
0 0 -5.1365039886e-09 0 0 -5.1365039886e-09 0 5.4210108624e-20 4.7433845046e-20 
2.1650162132e-17 -6.776263578e-17 -2.212111245e-17 -2.3852808631e-14 7.5070497236e-15 1.8683066647e-12 -2.6733715068e-15 -5.5587045383e-16 1.2194431163e-14 
6.1874411709e-14 -8.9096481928e-15 -2.1113359516e-12 -1.1896649234e-11 4.574882194e-12 -1.4155700775e-11 -5.4210108624e-20 0 0 
-7.9459992188e-12 7.340693808e-12 6.2802957669e-11 -2.4124149189e-08 -1.7361523513e-08 8.7830102084e-08 -1.251374381e-07 1.2986020496e-07 -5.5211493598e-09 
2.0450763479e-17 -1.5856456773e-18 1.0656521509e-16 1.8446344712e-16 3.1441863002e-17 -3.5614686113e-16 -8.0805587915e-15 -5.644898611e-15 -4.3856181165e-15 
2.5532795225e-11 -2.8261901662e-11 1.1424006671e-10 -1.4420593625e-14 4.8717201605e-14 4.5169474867e-12 -1.0842021725e-19 0 6.776263578e-21 
0 0 -5.1365039886e-09 0 0 -5.1365039886e-09 0 0 -5.1365039886e-09 
0 0 -5.1365039886e-09 1.727493296e-10 2.6687063697e-10 -1.4403881591e-10 2.168404345e-19 0 -2.0328790734e-20 
-5.8306723165e-11 -6.9442220745e-11 1.1056960073e-10 7.1483576437e-12 3.4746238818e-11 8.8673774676e-12 0 0 -5.1365039886e-09 
0 0 -5.1365039886e-09 0 0 -5.1365039886e-09 0 0 -5.1365039886e-09 
0 0 -5.1365039886e-09 0 0 -5.1365039886e-09 0 0 -5.1365039886e-09 
0 1.0842021725e-19 -1.1011428314e-20 7.4538899358e-20 1.3552527156e-20 2.3505164286e-20 0 0 -5.1365039886e-09 
-3.5135488269e-12 -3.6043683771e-12 1.290320957e-10 5.6001561895e-12 8.1181943221e-12 1.0921046615e-10 -1.4257258568e-17 2.7863995833e-17 -9.1852821451e-14 
0 0 -5.1365039886e-09 0 0 -5.1365039886e-09 0 0 -5.1365039886e-09 
0 0 -5.1365039886e-09 0 0 -5.1365039886e-09 2.8536743281e-13 -3.0971546942e-13 2.4803356458e-13 
7.8534451315e-12 -3.0641098247e-11 8.1138220602e-10 0 0 -6.9268104495e-19 1.3539872077e-11 8.8122369102e-12 -1.289974844e-09 
-3.388131789e-21 0 -3.388131789e-21 5.1294451813e-16 -6.0173220573e-17 -1.518154092e-16 -5.4210108624e-20 1.0842021725e-19 6.776263578e-21 
5.0122761829e-12 -2.3422847507e-12 3.3626173355e-12 -3.9845622461e-14 9.5901476864e-14 1.0663700554e-12 -3.7431481408e-08 -5.0036253718e-08 -6.1146018525e-08 
-4.4592884833e-08 -3.515916724e-08 1.4128450996e-09 -2.7105054312e-20 0 2.0328790734e-20 6.6828002622e-08 -4.1398356948e-08 4.4999581473e-08 
1.2795082647e-12 2.9344419689e-13 -3.4800809424e-13 -6.529159212e-12 -4.3713276271e-12 -1.409888917e-11 -3.388131789e-21 3.388131789e-21 -2.9116757562e-22 
9.3924709265e-11 9.2550543238e-12 1.0062175369e-09 0 0 -5.1365039886e-09 0 0 -5.1365039886e-09 
0 0 -5.1365039886e-09 0 0 -5.1365039886e-09 0 0 -5.1365039886e-09 
0 0 -5.1365039886e-09 -2.7185408221e-11 -6.8061650337e-11 3.0397104821e-10 -5.966638094e-11 -7.0087989347e-11 -4.4434292336e-11 
0 0 -5.1365039886e-09 0 0 -5.1365039886e-09 0 0 -5.1365039886e-09 
0 0 -5.1365039886e-09 5.5023260254e-18 2.2388774862e-17 -5.9482041688e-17 2.0091350458e-15 -1.0450597636e-14 2.5075969946e-14 
5.6420600722e-11 8.3409634722e-11 -4.079294212e-10 0 0 -3.1763735522e-22 0 0 -5.1365039886e-09 
0 0 -5.1365039886e-09 0 0 -5.1365039886e-09 0 0 -5.1365039886e-09 
0 0 -5.1365039886e-09 0 0 -5.1365039886e-09 -2.0328790734e-19 -1.4568966693e-19 -6.776263578e-21 
0 0 1.3552527156e-20 5.270938601e-11 6.1660153437e-11 1.954470491e-10 -1.563555058e-14 -1.0341228741e-14 7.2587013898e-12 
2.9181708285e-10 7.8442367443e-09 1.6586875497e-08 7.5761201783e-15 1.4423141501e-15 9.4022495323e-13 -1.241123318e-08 -7.7594875555e-08 -1.5626156876e-07 
0 0 -5.1365039886e-09 1.2884032187e-10 -7.1279386744e-11 5.4144445347e-10 0 0 6.776263578e-21 
6.776263578e-21 8.1315162936e-20 -8.4703294725e-21 8.967076967e-11 4.7176488735e-11 -1.6877142577e-11 9.7647033634e-11 3.4489332148e-10 -1.1616051668e-11 
1.193571915e-11 -2.3889873369e-12 -2.5583483322e-10 -2.7105054312e-20 1.0842021725e-19 1.6940658945e-21 8.0475931752e-11 2.1058002022e-11 -1.5992993972e-11 
3.177140216e-11 5.0836542275e-11 3.6814759959e-10 -6.5955595674e-11 -6.3557178268e-11 4.5334352007e-10 8.0880192572e-11 -1.9951302329e-11 -1.2051164734e-09 
6.1257422745e-18 -3.8353651852e-18 1.2989557296e-16 0 0 -5.1365039886e-09 0 0 -5.1365039886e-09 
0 0 -5.1365039886e-09 0 0 -5.1365039886e-09 0 0 -5.1365039886e-09 
0 0 -5.1365039886e-09 0 0 -5.1365039886e-09 6.9887713509e-12 1.3949978427e-11 1.3715147771e-10 
7.2021165073e-14 1.5457139691e-13 -5.1163021099e-13 -2.3783414609e-16 -1.7572130478e-15 -1.5832702528e-15 1.2332799712e-18 1.3371600919e-16 -5.3585294771e-16 
7.6231943587e-10 -2.8090011375e-09 4.1217654735e-09 0 0 -5.1365039886e-09 0 0 -5.1365039886e-09 
0 0 -5.1365039886e-09 0 0 -5.1365039886e-09 0 0 -5.1365039886e-09 
0 0 -5.1365039886e-09 0 0 -5.1365039886e-09 1.8566793339e-12 6.5896805428e-12 9.3799120525e-12 
0 1.3552527156e-20 3.9598790284e-20 -1.2685165418e-17 -5.3586692375e-17 6.2829515896e-17 6.9734867295e-11 5.9997916899e-11 4.6224608803e-10 
0 0 -5.1365039886e-09 0 0 -5.1365039886e-09 0 0 -5.1365039886e-09 
0 0 -5.1365039886e-09 -1.0977569158e-09 1.7240546046e-09 -1.9223825231e-09 -4.0657581468e-20 0 -5.2939559203e-23 
-1.3054893939e-10 -1.2944106464e-10 -2.3266187772e-10 -1.0938892705e-11 -4.4897549762e-12 -7.6808522754e-11 -1.3939316064e-11 4.0725066548e-12 3.5197910072e-09 
-7.4538899358e-20 -1.3240183757e-19 -2.5410988418e-21 1.2468324984e-18 4.3368086899e-19 -5.9006432688e-19 -7.0414629531e-13 1.2018662975e-13 2.0023490758e-10 
-5.9110638572e-09 -8.9572507776e-09 -6.4012029067e-09 -5.6444087505e-09 4.2508201223e-11 1.9968272124e-08 -7.7303746152e-10 -8.44410711e-10 -2.9657954046e-09 
-1.666123671e-09 5.7166954501e-09 2.1552937458e-10 -1.3552527156e-20 3.388131789e-20 0 0 0 -5.1365039886e-09 
0 0 -5.1365039886e-09 0 0 -5.1365039886e-09 0 0 -5.1365039886e-09 
2.0249513871e-13 4.0528946573e-12 -1.9941234795e-11 -1.2330205758e-12 -2.8513443099e-14 -8.7775548074e-12 3.0390186895e-16 2.864597665e-15 -2.9396464782e-15 
0 0 -5.1365039886e-09 0 0 -5.1365039886e-09 0 0 -5.1365039886e-09 
0 0 -5.1365039886e-09 0 0 -5.1365039886e-09 0 0 -5.1365039886e-09 
0 0 -5.1365039886e-09 -2.168404345e-19 -5.4210108624e-20 1.3356147861e-17 2.5687953284e-13 -1.502850844e-11 2.747825314e-10 
1.6410582311e-11 -4.3506540113e-11 1.4104999744e-09 0 0 -5.1365039886e-09 0 0 -5.1365039886e-09 
0 0 -5.1365039886e-09 1.3552527156e-20 4.0657581468e-20 2.7105054312e-20 -1.1639723473e-15 1.7938599282e-15 1.652120823e-16 
-2.343289408e-13 9.8021433635e-13 -4.751319616e-12 5.4210108624e-20 1.0842021725e-19 1.0587911841e-21 1.2738983046e-12 5.2394514508e-13 5.7864327399e-10 
1.259957282e-11 6.7299295477e-12 -4.6912882978e-11 6.685626846e-11 -1.6209658832e-11 -8.2235241782e-11 -1.5685836378e-11 4.8940998281e-12 -1.0545487599e-11 
5.4210108624e-20 1.0842021725e-19 -1.0164395367e-20 -5.4210108624e-20 -2.7105054312e-20 -8.1315162936e-20 2.0829436212e-11 -9.8127730984e-12 -1.2479010399e-11 
3.268327449e-16 -3.0021558156e-16 -9.6683728731e-17 -5.7446885411e-11 2.8385434194e-11 7.1841936663e-12 -1.3552527156e-20 -6.776263578e-21 3.3563680535e-20 
-8.1677142892e-10 -1.1967300588e-08 -1.0911014933e-08 8.1944408941e-12 7.5606549016e-12 5.2409415376e-12 -2.6834003769e-18 -4.7704895589e-18 1.8324499023e-18 
-8.9687548803e-13 1.4088399283e-12 -4.6725096229e-12 2.0603546942e-09 -8.1219264397e-09 9.6058294032e-09 6.3314162832e-10 -6.0817836347e-09 5.3396701107e-09 
0 0 -5.1365039886e-09 0 0 -5.1365039886e-09 0 0 -5.1365039886e-09 
0 0 -5.1365039886e-09 0 0 -5.1365039886e-09 0 0 -5.1365039886e-09 
-1.1528701171e-14 -1.6330361542e-14 -4.6094386107e-14 -5.0326908439e-13 2.6457873707e-13 8.1559196618e-12 -7.1894570646e-11 -1.2499266306e-10 -2.4338090195e-10 
0 0 -5.1365039886e-09 0 0 -5.1365039886e-09 0 0 -5.1365039886e-09 
0 0 -5.1365039886e-09 0 0 -5.1365039886e-09 -3.9600159089e-14 3.472509281e-13 -1.3087661429e-12 
0 0 -1.0587911841e-22 3.2483011506e-13 4.1456204788e-14 9.3652313552e-12 0 0 -5.1365039886e-09 
0 0 -5.1365039886e-09 0 0 -5.1365039886e-09 0 0 -5.1365039886e-09 
0 0 -5.1365039886e-09 0 2.7105054312e-20 1.6940658945e-21 3.9228570479e-13 -7.4785414406e-13 -2.2232565859e-12 
-2.1886277475e-10 -1.7690466149e-10 -2.4438534653e-10 -1.0704602238e-10 -7.6035395753e-11 -1.9604405443e-10 6.8455309356e-09 -1.1507242527e-09 4.2108576286e-09 
-3.9002226592e-11 -2.1477172254e-12 -8.8664907803e-11 0 0 -5.1365039886e-09 -5.4210108624e-20 0 -1.6517142471e-20 
1.4962653512e-11 -6.4139139692e-12 6.3718742411e-11 1.3552527156e-20 -5.4210108624e-20 5.0821976835e-21 -8.0340871759e-15 9.3241386834e-16 1.4858909459e-14 
3.8558091724e-15 -1.6479873022e-17 -2.7620643267e-15 -1.3099878528e-10 -6.834936046e-11 7.0042242787e-10 -8.6736173799e-19 6.5052130349e-19 -2.0117032497e-21 
2.5895593246e-13 -3.3932232194e-13 1.3788899323e-14 0 0 -5.1365039886e-09 0 0 -5.1365039886e-09 
0 0 -5.1365039886e-09 3.0771472035e-10 3.0995592177e-10 -7.1927098951e-10 5.7015975789e-10 4.0235794476e-10 1.4792953251e-09 
-3.251797321e-10 -4.6496216084e-10 -7.5530970836e-10 -4.7081228618e-13 2.8179152127e-12 1.9324815867e-11 6.7296819159e-13 1.1165616771e-13 3.7899892763e-12 
0 0 -5.1365039886e-09 0 0 -5.1365039886e-09 0 0 -5.1365039886e-09 
0 0 -5.1365039886e-09 0 0 -5.1365039886e-09 0 0 -5.1365039886e-09 
-3.2585054999e-10 -1.2312789083e-09 -2.6433475194e-09 -8.3521223459e-11 4.0265080069e-10 -2.6210078653e-09 -8.7763871691e-12 -4.7855907605e-12 7.3233676294e-09 
0 0 -5.1365039886e-09 0 0 -5.1365039886e-09 0 0 -5.1365039886e-09 
0 0 -5.1365039886e-09 0 0 -5.1365039886e-09 2.0179213118e-12 -3.3361849524e-12 -2.2641911404e-12 
5.1252947199e-16 7.8283462612e-16 1.8823935059e-14 -2.3988713116e-10 -3.403312526e-10 6.4219517711e-11 8.6195512635e-11 3.3561556746e-11 -2.5900745465e-10 
8.7481241598e-12 9.5383136068e-12 7.2564404745e-11 5.8113236445e-17 3.8055496254e-17 -5.5771351494e-14 -2.8308518724e-16 8.5760391844e-17 4.3503612171e-17 
0 4.0657581468e-20 -8.9383151759e-19 -3.388131789e-20 -5.4210108624e-20 3.2822526706e-21 2.168404345e-19 -2.168404345e-19 6.776263578e-21 
-1.219727444e-19 -5.4210108624e-20 3.388131789e-21 -2.7092329844e-13 -4.7063915265e-14 1.3952778973e-11 -2.8253197687e-09 -5.811990933e-09 -7.7000555051e-09 
-6.9300174431e-11 8.5226257638e-11 2.0984992742e-10 1.6940658945e-21 -3.388131789e-21 1.6940658945e-21 5.5896294551e-11 -6.0893511804e-11 -2.4707512872e-10 
0 0 -5.1365039886e-09 0 0 -5.1365039886e-09 0 0 -5.1365039886e-09 
0 0 -5.1365039886e-09 0 0 -5.1365039886e-09 0 0 -5.1365039886e-09 
-1.3586141603e-10 -2.8046201922e-10 -3.5005298904e-10 1.8447419237e-09 6.8332351433e-09 3.7548877522e-09 6.080268667e-13 1.7885708377e-12 -1.1590368262e-09 
4.0836962718e-13 -4.116358838e-12 9.9095194398e-12 0 0 -5.1365039886e-09 0 0 -5.1365039886e-09 
0 0 -5.1365039886e-09 0 0 -5.1365039886e-09 0 0 -5.1365039886e-09 
0 0 -5.1365039886e-09 8.5838361511e-11 -2.7149089514e-10 3.933502883e-10 -2.9426942653e-12 -9.6560331887e-12 -2.2921715485e-11 
6.3002581667e-15 -1.7319696025e-14 -2.4906074449e-13 0 0 -5.1365039886e-09 -2.8089189117e-06 1.7790743956e-06 -2.2736119982e-06 
0 0 -5.1365039886e-09 0 0 -5.1365039886e-09 0 0 -5.1365039886e-09 
3.6921049443e-13 -2.3583035074e-12 -1.1742165492e-11 2.3704273771e-10 1.9948145078e-10 -2.3459874774e-10 -2.6653311719e-11 4.2582533636e-13 -2.0985850705e-10 
-1.3552527156e-20 0 8.3909201337e-21 -6.9562512082e-12 8.5379907354e-13 2.9756720077e-09 2.8089189117e-06 -1.7790743956e-06 2.2633389902e-06 
2.5858221814e-17 -7.6622600409e-17 -1.1315682549e-16 9.7578195524e-19 -8.8904578144e-18 5.3532482266e-19 -1.1743762321e-10 1.1026284443e-10 3.4797981968e-10 
-6.1682685533e-10 -9.0924416433e-11 4.7041021633e-08 1.3903107245e-10 2.5351532939e-12 -9.978877457e-09 7.0628995274e-14 1.1459507388e-13 -2.8415528843e-10 
-9.7747602113e-18 -2.0796352921e-17 -4.1057169261e-17 -8.527742206e-12 9.9682725182e-12 1.3055277732e-11 -6.0651220916e-12 7.0733863103e-12 4.5958260231e-10 
0 0 -5.1365039886e-09 0 0 -5.1365039886e-09 0 0 -5.1365039886e-09 
0 0 -5.1365039886e-09 0 0 -5.1365039886e-09 2.7105054312e-20 3.7269449679e-20 5.113961419e-20 
-4.0331836156e-10 -1.5266335511e-09 -7.8745102662e-10 6.5218646456e-12 -1.0006219418e-12 7.4368577541e-12 1.2238922983e-12 -6.4716803422e-12 2.5768206498e-11 
0 0 -5.1365039886e-09 0 0 -5.1365039886e-09 0 0 -5.1365039886e-09 
0 0 -5.1365039886e-09 0 0 -5.1365039886e-09 0 0 -5.1365039886e-09 
0 0 -5.1365039886e-09 -1.5842311426e-06 -1.4690663714e-06 -5.3007093597e-07 0 0 -5.1365039886e-09 
0 0 -5.1365039886e-09 2.7105054312e-20 0 -7.0586022414e-18 -1.0842021725e-19 2.9815559743e-19 3.2864878353e-19 
0 0 -5.1365039886e-09 -7.3899740494e-13 -7.5656985559e-13 -1.3276472359e-12 2.4129851763e-13 6.0035554002e-13 8.4964767359e-13 
0 0 -5.1365039886e-09 0 0 -5.1365039886e-09 0 0 -5.1365039886e-09 
0 0 -5.1365039886e-09 0 0 -5.1365039886e-09 -1.0842021725e-19 -3.2526065175e-19 -1.3552527156e-20 
1.0842021725e-19 1.0842021725e-19 1.0164395367e-20 -1.114313814e-11 -6.6549786379e-12 2.3744294728e-11 1.6898541838e-11 1.5913804074e-11 -3.5093529086e-11 
2.0328790734e-20 0 0 5.4210108624e-20 5.4210108624e-20 5.0821976835e-21 3.2215455911e-10 -1.9822653664e-10 -2.6326018613e-09 
2.7251574478e-12 -1.0069108091e-12 -1.0804268162e-09 7.892225854e-11 -6.435802878e-11 -1.3632425693e-09 -1.1353323046e-10 -1.9238400532e-11 1.0192505514e-09 
0 1.0842021725e-19 -5.8233515124e-22 -2.7105054312e-20 -1.3552527156e-20 8.4703294725e-21 2.8767199601e-11 -4.3260468213e-11 -1.9133454777e-10 
2.168404345e-19 -1.6263032587e-19 3.388131789e-21 -2.1246222772e-11 1.1055867566e-11 -1.4678374917e-10 0 0 -5.1365039886e-09 
0 0 -5.1365039886e-09 0 0 -5.1365039886e-09 0 0 -5.1365039886e-09 
0 0 -5.1365039886e-09 0 0 -5.1365039886e-09 1.8051966172e-17 4.3584927334e-17 -4.5465086367e-16 
1.6077644858e-13 3.0766001183e-13 1.2880423179e-11 4.628389783e-11 8.5673166193e-11 -3.9474683574e-10 -5.4210108624e-20 3.7269449679e-20 0 
0 0 -5.1365039886e-09 0 0 -5.1365039886e-09 0 0 -5.1365039886e-09 
0 0 -5.1365039886e-09 0 0 -5.1365039886e-09 0 0 -5.1365039886e-09 
0 0 -5.1365039886e-09 3.8017663019e-13 4.0141682838e-13 1.4431955383e-11 -7.8682221329e-13 -8.8851696183e-13 -5.2146831427e-12 
0 0 -5.1365039886e-09 0 0 -5.1365039886e-09 0 0 -5.1365039886e-09 
0 0 -5.1365039886e-09 0 -1.0842021725e-19 -5.4210108624e-20 -6.776263578e-20 8.4703294725e-20 -7.1150767569e-20 
1.5111757874e-12 1.5073895908e-12 3.5279005379e-12 2.7014870918e-12 6.0330374594e-12 -9.396595634e-13 -1.2439003413e-12 -1.6563244239e-12 -2.3862494977e-11 
1.2611652662e-11 8.764420396e-13 -1.2614898524e-11 -1.1344002018e-11 -1.9586578453e-12 3.079360597e-11 6.5640009433e-12 -2.4949620278e-12 6.1256622672e-12 
-7.4134134866e-11 5.6350232098e-11 5.6604554933e-11 0 -2.7105054312e-20 2.594038401e-21 5.6542167324e-11 -4.4462708634e-11 1.0817759128e-10 
-2.2371159105e-10 -7.1156700649e-11 -1.0086333984e-09 -4.1695705048e-15 2.1491597564e-16 4.2285416522e-13 0 0 -5.1365039886e-09 
1.5924219408e-19 -3.7947076037e-19 9.3173624198e-21 -2.9815559743e-19 3.1170812459e-19 2.5410988418e-20 -7.7958538063e-13 8.9246264458e-13 9.5943186213e-10 
0 0 -5.1365039886e-09 0 0 -5.1365039886e-09 0 0 -5.1365039886e-09 
0 0 -5.1365039886e-09 -4.0480483549e-12 -7.2964976075e-12 -4.5757787381e-11 0 -5.4210108624e-20 3.388131789e-21 
-2.9317621464e-12 -2.3228617326e-11 4.929379739e-11 -2.1611081848e-11 -4.4877138531e-11 3.6443676808e-10 5.2031278591e-12 -3.4901573114e-11 -7.1867839333e-09 
0 0 -5.1365039886e-09 0 0 -5.1365039886e-09 0 0 -5.1365039886e-09 
0 0 -5.1365039886e-09 -2.4300174525e-08 -5.7349627716e-07 -9.1929471194e-07 0 0 -5.1365039886e-09 
0 0 -5.1365039886e-09 0 0 -5.1365039886e-09 -1.5375331217e-13 3.7353557069e-12 -1.9958103478e-11 
-6.6746119248e-13 -4.5473597523e-12 9.3252840773e-12 1.0368218274e-11 3.8086612342e-11 2.8731578392e-08 2.1704521047e-11 4.2372203185e-11 5.5863814089e-09 
0 0 -5.1365039886e-09 0 0 -5.1365039886e-09 0 0 -5.1365039886e-09 
0 0 -5.1365039886e-09 0 0 -5.1365039886e-09 -1.0842021725e-19 -1.3552527156e-19 1.3552527156e-20 
-6.2253815384e-13 7.8484460142e-13 -8.2158693995e-13 1.6263032587e-19 -5.4210108624e-20 1.3552527156e-20 -1.3891340335e-17 6.6034688568e-18 -3.044283608e-15 
-5.1291197851e-13 -3.6695314213e-12 6.3333968168e-12 -1.8299707181e-12 5.0060807279e-13 -1.5397850282e-11 8.1088536222e-13 1.4013459447e-13 1.328799354e-12 
1.2959635535e-12 -7.6086543749e-13 1.0461427036e-12 0 -1.0842021725e-19 -6.9880218148e-21 1.7462588444e-10 5.4590261727e-11 -6.7931457349e-10 
1.9960158403e-09 6.6811252623e-09 1.530514328e-09 -1.0842021725e-19 -2.7105054312e-19 -1.3552527156e-20 -2.7105054312e-20 -4.9127910941e-20 -1.0587911841e-22 
1.1028839181e-08 -2.9124035233e-08 6.0155279336e-08 2.6944762053e-08 -3.5234379398e-08 -1.7176969308e-07 0 0 -5.1365039886e-09 
0 0 -5.1365039886e-09 0 0 -5.1365039886e-09 0 0 -5.1365039886e-09 
0 0 5.0821976835e-21 -5.6789578031e-11 2.3851496318e-10 4.4562787029e-08 -6.1249740631e-12 4.5230912521e-12 -2.781952002e-11 
9.0595084603e-12 -6.9524219925e-12 -5.5859505401e-11 0 0 -5.1365039886e-09 0 0 -5.1365039886e-09 
0 0 -5.1365039886e-09 0 0 -5.1365039886e-09 0 0 -5.1365039886e-09 
0 0 -5.1365039886e-09 0 0 -5.1365039886e-09 2.4300174525e-08 5.7349627716e-07 9.0902170396e-07 
0 0 -5.1365039886e-09 -5.4210108624e-20 2.7105054312e-20 0 6.776263578e-20 -2.7105054312e-20 -2.0328790734e-20 
3.4429115245e-09 2.837072542e-08 -8.0427793027e-09 0 0 -5.1365039886e-09 0 0 -5.1365039886e-09 
0 0 -5.1365039886e-09 0 0 -5.1365039886e-09 0 0 -5.1365039886e-09 
0 0 -5.1365039886e-09 2.2391946153e-13 -3.5063605123e-13 -5.5339194819e-13 -9.0784286555e-14 7.9550393508e-14 -2.6598958225e-13 
6.3350079848e-12 1.9028253907e-11 4.1455980616e-11 -9.8256297101e-12 -5.2789522157e-12 -9.9728016225e-11 1.5495171877e-12 -1.0774058078e-11 -6.2917008264e-12 
-2.5877570562e-11 -2.2430275953e-12 1.5375223484e-11 7.3147837071e-12 1.7005977247e-12 -6.4208429596e-12 -1.1673935473e-13 -1.7329670685e-14 1.0703630195e-12 
-9.9694395534e-14 5.8727111715e-14 1.5957929795e-13 -2.5107411809e-16 2.2204460493e-16 -9.7925140219e-16 6.1249291229e-16 -5.1635128465e-16 1.9250754961e-15 
1.9286533633e-15 -1.4837340612e-15 -8.0903293166e-16 -1.6263032587e-17 -7.4566004413e-16 -5.1082693576e-15 -2.5410988418e-21 -3.388131789e-21 0 
-2.2904636269e-08 4.4115376852e-08 -4.2967721358e-08 -1.5118682289e-08 4.7878266277e-09 6.0833649983e-09 -5.1058514154e-08 3.0876009138e-08 -1.5547981123e-08 
0 -5.4210108624e-20 4.2351647363e-22 1.8500989257e-07 3.0452186693e-08 -1.7177251458e-07 0 0 -5.1365039886e-09 
0 0 -5.1365039886e-09 0 0 -5.1365039886e-09 0 0 -5.1365039886e-09 
0 0 -5.1365039886e-09 3.8611243536e-10 1.0856929131e-10 -2.2399477088e-10 4.9040304789e-09 -9.0473299187e-10 9.0030962544e-11 
0 2.0328790734e-20 0 6.776263578e-21 -1.6940658945e-20 -5.3743578759e-19 0 0 -5.1365039886e-09 
0 0 -5.1365039886e-09 0 0 -5.1365039886e-09 0 0 -5.1365039886e-09 
0 0 -5.1365039886e-09 0 0 -5.1365039886e-09 0 0 -5.1365039886e-09 
0 0 -5.1365039886e-09 -3.388131789e-21 -1.3552527156e-20 3.388131789e-21 0 2.7105054312e-20 8.4703294725e-21 
1.1123516197e-08 4.560640059e-08 -4.1412250702e-08 -2.7105054312e-20 -6.776263578e-21 -1.4823076577e-21 0 0 -5.1365039886e-09 
0 0 -5.1365039886e-09 0 0 -5.1365039886e-09 0 0 -5.1365039886e-09 
0 0 -5.1365039886e-09 0 0 -5.1365039886e-09 0 0 -5.1365039886e-09 
-2.3075007074e-14 3.2189721944e-14 7.5740093722e-15 -2.0373649599e-14 3.1351814929e-14 -2.8390369211e-14 2.3655936151e-17 -4.1470733098e-18 4.0468604712e-15 
-4.0169690491e-17 -2.4123498338e-17 2.6905154537e-17 2.7105054312e-20 2.7105054312e-20 9.3173624198e-21 -3.5691569022e-08 -6.9366116468e-08 -8.4236954892e-08 
0.00069545245655 0.0017313342107 0.00029436734523 -2.2939786735e-15 1.914530783e-15 1.0969659849e-14 -1.5222876128e-16 5.8113236445e-17 2.8811317481e-16 
-5.2893877988e-08 4.1028035363e-08 4.4848662544e-08 -2.0514610843e-09 2.4245764064e-10 3.1884786145e-09 2.9565045404e-08 -2.5437218743e-07 1.5465129828e-07 
5.1891955855e-08 7.7437924609e-08 2.6317794829e-10 -4.5143359537e-14 6.5907023762e-14 3.4806477257e-11 0 0 -5.1365039886e-09 
0 0 -5.1365039886e-09 0 0 -5.1365039886e-09 0 0 -5.1365039886e-09 
-3.089766225e-11 2.2341553575e-11 -3.5038451945e-11 -4.6439089553e-15 4.264234907e-15 -8.9066446034e-14 1.0887666636e-14 -1.0315241771e-14 1.562325632e-14 
0 0 -5.1365039886e-09 0 0 -5.1365039886e-09 0 0 -5.1365039886e-09 
0 0 -5.1365039886e-09 0 0 -5.1365039886e-09 0 0 -5.1365039886e-09 
-6.776263578e-21 0 1.2407709188e-24 -2.7745750033e-14 -1.4589024433e-15 9.824149199e-13 -1.5131452027e-11 -2.8073592713e-11 1.6447597839e-08 
2.7242314307e-14 -1.0007728153e-14 2.0553709555e-13 0 0 -5.1365039886e-09 0 0 -5.1365039886e-09 
0 0 -5.1365039886e-09 0 0 -5.1365039886e-09 0 0 -5.1365039886e-09 
0 0 -5.1365039886e-09 0 0 -5.1365039886e-09 6.776263578e-21 -6.0986372202e-20 -7.0346086269e-19 
-4.1263352327e-14 5.7700582322e-14 1.2300213677e-13 -9.9866404209e-14 -9.1854583835e-14 -6.9423980792e-14 1.5586924113e-13 6.498274141e-14 -7.5592694996e-13 
3.1590940801e-17 3.5602488839e-17 1.479527272e-16 -3.1563835746e-17 1.7780915629e-17 -3.4182861619e-17 2.4204813501e-17 2.9273458657e-18 -3.776411692e-17 
-5.9834407394e-18 -1.0842021725e-17 8.6883134015e-17 -1.2710237593e-13 -1.0345110185e-13 3.4946843935e-12 1.1945273872e-12 -1.319094812e-12 -2.2516195502e-12 
3.6898343369e-18 2.6428751443e-18 -8.1238400576e-19 -2.7164970616e-09 -1.8169108799e-09 1.977116142e-09 4.3461260524e-18 -3.2170311337e-18 1.0232952096e-17 
-6.5480729216e-09 3.859382568e-09 9.0953389782e-09 1.0842021725e-19 -1.0842021725e-19 -1.6940658945e-21 -7.4538899358e-20 1.3552527156e-20 5.9292306308e-21 
1.0182242961e-12 -3.5684748884e-12 -9.8486397322e-12 0 0 -5.1365039886e-09 0 0 -5.1365039886e-09 
0 0 -5.1365039886e-09 0 0 -5.1365039886e-09 0 0 -5.1365039886e-09 
0 0 -5.1365039886e-09 5.4210108624e-20 1.0842021725e-19 0 -4.2976365186e-10 3.9920477728e-10 4.2158913798e-10 
-3.7855352533e-14 -1.9099232287e-13 -2.7410061975e-11 0 0 -5.1365039886e-09 0 0 -5.1365039886e-09 
0 0 -5.1365039886e-09 0 0 -5.1365039886e-09 0 0 -5.1365039886e-09 
0 0 -5.1365039886e-09 -7.0879717026e-17 4.0660291974e-16 -1.9120456942e-15 1.4755991568e-16 -8.1332103595e-16 -8.2853290065e-16 
0 6.4374503991e-20 2.5410988418e-21 0 0 -5.1365039886e-09 0 0 -5.1365039886e-09 
0 0 -5.1365039886e-09 0 0 -5.1365039886e-09 0 5.4210108624e-20 6.776263578e-21 
-1.0842021725e-19 0 9.4867690092e-20 3.0140500049e-09 -4.9279740715e-09 -1.4267643494e-08 -4.6091223286e-14 8.2750375562e-15 -1.384216571e-13 
-2.8424416121e-11 -9.0475481924e-12 1.8487279965e-10 5.5348422904e-13 6.1932826489e-14 -4.4396903358e-12 0 -1.0842021725e-19 -1.6940658945e-21 
4.4698235456e-12 -2.4324727345e-12 -2.6198704514e-12 -1.2439147345e-11 1.0397469482e-11 5.7613078517e-12 -4.2758223177e-18 -8.9988780316e-18 5.2092526256e-19 
-5.9360068944e-18 5.4210108624e-19 5.6890967902e-18 8.158621348e-18 -3.5473739831e-18 -2.6301220045e-17 -5.9631119487e-18 -1.9515639105e-18 1.2508982565e-17 
4.3368086899e-18 2.1467203015e-17 2.3100282538e-17 1.3552527156e-20 -2.7105054312e-20 -6.511565782e-21 -1.7614941623e-12 4.7388126138e-12 -3.8428665603e-12 
0 0 -5.1365039886e-09 0 0 -5.1365039886e-09 0 0 -5.1365039886e-09 
0 0 -5.1365039886e-09 0 0 -5.1365039886e-09 0 0 -5.1365039886e-09 
1.0842021725e-19 5.4210108624e-20 -5.0821976835e-21 2.3716922523e-20 -2.2869889576e-20 7.6232965253e-21 1.7657184851e-12 -6.2506470066e-12 -3.9503135307e-11 
0 0 -5.1365039886e-09 0 0 -5.1365039886e-09 0 0 -5.1365039886e-09 
0 0 -5.1365039886e-09 0 0 -5.1365039886e-09 0 0 -5.1365039886e-09 
0 6.776263578e-21 -4.7433845046e-20 -1.4943441721e-11 -2.8051258636e-11 -2.3723811408e-10 -1.0842021725e-19 0 4.6586812099e-21 
5.8886382966e-11 7.5389813804e-11 -3.0398649592e-10 0 0 -5.1365039886e-09 0 0 -5.1365039886e-09 
5.4210108624e-20 -6.0986372202e-20 8.1315162936e-20 -7.4538899358e-20 4.0657581468e-20 6.776263578e-21 -1.1878927204e-11 9.4612627466e-13 -3.8312574551e-11 
-6.4232777625e-12 -2.6540714613e-12 1.2048163445e-11 -1.27808714e-11 1.0368429748e-11 -1.5007853519e-11 2.0710952674e-11 -3.012305249e-12 5.3511908888e-11 
4.2516991067e-11 3.6535802595e-13 -4.6506443053e-11 0 0 -5.1365039886e-09 -5.4210108624e-20 0 6.776263578e-21 
-3.0799809318e-12 1.5293252233e-12 1.0131958145e-11 2.1132902828e-14 -3.6510508158e-16 -2.637533475e-13 -4.9703491811e-11 3.433588895e-11 1.2464872896e-08 
8.5563938476e-13 -2.5131714201e-13 -1.3167423898e-12 1.0704723783e-13 1.0305883751e-13 -1.2547415838e-13 -2.168404345e-19 1.0842021725e-19 -1.6940658945e-21 
-3.388131789e-20 0 8.4703294725e-22 2.2403791062e-14 -2.6968986939e-14 -6.1014454527e-12 7.9234503073e-13 -2.2009032075e-11 2.7750874504e-11 
-6.7257734755e-12 2.6423473598e-11 5.050392357e-12 0 0 -5.1365039886e-09 0 0 -5.1365039886e-09 
0 0 -5.1365039886e-09 1.0842021725e-19 4.0657581468e-20 -1.3234889801e-23 2.7105054312e-20 -3.0493186101e-20 -7.1468404925e-21 
0 0 -5.1365039886e-09 0 0 -5.1365039886e-09 0 0 -5.1365039886e-09 
0 0 -5.1365039886e-09 0 0 -5.1365039886e-09 0 0 -5.1365039886e-09 
0 0 -5.1365039886e-09 0 0 -5.1365039886e-09 0 0 -5.1365039886e-09 
-2.0328790734e-20 -3.388131789e-21 -3.4728350837e-20 -4.244867912e-12 8.9364256555e-12 8.9144268647e-11 1.0842021725e-19 1.0842021725e-19 4.7433845046e-20 
0 0 -5.1365039886e-09 0 0 -5.1365039886e-09 0 0 -5.1365039886e-09 
0 0 -5.1365039886e-09 0 0 -5.1365039886e-09 0 0 -5.1365039886e-09 
-7.0586362276e-12 1.3400781786e-11 1.1954734535e-11 -8.6984203477e-12 1.6144622531e-12 -3.0757965055e-11 9.5462314811e-12 7.5043038529e-12 1.3711056209e-11 
6.0986372202e-20 0 -8.4703294725e-21 -9.4867690092e-20 6.9117888496e-19 2.6141554335e-19 -1.0616713536e-12 6.9215062826e-13 1.9874646972e-12 
-4.7433845046e-20 2.7105054312e-20 -4.9127910941e-20 6.6557518503e-12 -8.6884283541e-12 -3.1586739406e-11 2.3039296165e-19 -5.4210108624e-20 0 
3.7269449679e-20 -1.219727444e-19 4.2351647363e-22 -9.8148326154e-10 -1.2909082364e-10 -1.679295317e-10 9.5446927434e-10 9.2054797053e-11 3.3269387253e-10 
0 0 -5.1365039886e-09 1.3878165807e-10 -1.0588427812e-11 -1.1400096785e-10 1.7127716346e-13 4.3161498681e-12 -1.8761311244e-11 
0 0 -5.1365039886e-09 0 0 -5.1365039886e-09 0 0 -5.1365039886e-09 
0 0 -5.1365039886e-09 0 0 -5.1365039886e-09 6.1793848711e-13 -2.8469837978e-12 -6.5079710778e-11 
-2.1970814924e-15 1.0748214181e-13 2.5798405363e-13 0 5.4210108624e-20 2.2107559923e-19 2.322412011e-12 8.0887312026e-12 -8.170010532e-11 
6.4374503991e-18 -6.6407383065e-19 8.5245395812e-18 -8.6736173799e-19 2.6291902683e-18 -2.1662867626e-18 0 0 -5.1365039886e-09 
0 0 -5.1365039886e-09 0 0 -5.1365039886e-09 0 0 -5.1365039886e-09 
0 0 -5.1365039886e-09 5.6751725715e-12 -8.4801049646e-12 4.6353193848e-11 -8.5681245085e-15 -7.5854036594e-15 2.2175672227e-12 
0 0 -5.1365039886e-09 0 0 -5.1365039886e-09 0 0 -5.1365039886e-09 
0 0 -5.1365039886e-09 0 0 -5.1365039886e-09 0 0 -5.1365039886e-09 
0 0 -5.1365039886e-09 -7.0795727679e-12 2.0274458897e-11 2.3992267852e-11 -3.1355664593e-12 -8.9223629028e-13 -1.8664124478e-10 
2.3310495624e-11 -3.9300276927e-11 -4.6068721375e-11 4.1917675114e-14 1.2853270965e-14 -8.5404883984e-13 -2.0377667598e-10 -1.6859313639e-10 1.7421771325e-10 
3.9102930426e-10 2.9283189876e-10 -4.0470948295e-10 4.7573869803e-09 -7.0157900827e-10 1.0833254084e-08 -1.3552527156e-20 -4.3368086899e-19 2.111229621e-19 
-1.7027805652e-11 1.0666803297e-11 -1.5262622029e-10 -1.7503028557e-10 -4.0513379538e-10 7.2657908215e-10 4.9063596995e-10 4.4119719e-10 1.5143078485e-09 
-8.1315162936e-20 -1.0842021725e-19 2.1175823681e-22 0 0 1.6940658945e-21 -2.1705204627e-10 -3.7825962035e-11 -5.1231927854e-10 
2.8538405583e-15 4.9405843627e-16 6.0498990371e-15 1.354654797e-09 1.2002290211e-09 -6.3201111324e-10 1.349419497e-10 9.4985391514e-11 -1.8837106194e-10 
1.6476111327e-10 1.5584882134e-10 -4.0209550972e-09 -1.4770845137e-14 1.956116882e-14 6.5060030921e-12 -1.5358771329e-10 3.9415916115e-11 3.1643946559e-09 
2.1404014921e-10 -1.005842523e-11 1.2232092737e-09 0 0 -5.1365039886e-09 0 0 -5.1365039886e-09 
0 0 -5.1365039886e-09 0 0 -5.1365039886e-09 0 0 -5.1365039886e-09 
0 0 -5.1365039886e-09 0 0 -5.1365039886e-09 2.8656750052e-10 8.2414671062e-11 4.3933838866e-10 
-4.1152343404e-10 1.5530703088e-10 -1.2910087414e-09 -5.8872177966e-16 -6.7159887135e-15 -5.5260620776e-13 0 0 -5.1365039886e-09 
0 0 -5.1365039886e-09 0 0 -5.1365039886e-09 0 0 -5.1365039886e-09 
4.4045713257e-20 2.7105054312e-20 1.6940658945e-21 -2.7105054312e-20 -3.5914196964e-18 5.8526800282e-18 0 0 -3.388131789e-21 
0 0 3.388131789e-21 -2.0525579934e-12 -3.0347952883e-12 -1.043514341e-10 0 0 -5.1365039886e-09 
0 0 -5.1365039886e-09 0 0 -5.1365039886e-09 0 0 -5.1365039886e-09 
0 0 -5.1365039886e-09 5.8287953457e-12 -8.3559844157e-12 -1.274279262e-11 1.0276808836e-13 -7.3459099047e-13 1.0833928525e-11 
3.9968622487e-13 1.0007184697e-12 8.0786118084e-12 8.0559656548e-08 5.192408582e-07 2.0389460552e-09 -7.8991752172e-12 1.9669319613e-12 3.8355190126e-11 
8.981708442e-11 -1.1950454851e-10 -4.5434843419e-10 -6.8230197967e-17 2.2483642552e-17 4.4489499785e-14 -2.0426030116e-15 1.9504797083e-16 -2.097628813e-15 
-4.3989199219e-15 -4.9851615891e-16 1.2417208557e-14 3.1889449976e-10 7.4334819669e-10 -1.1774552454e-08 -8.6228405842e-10 -2.7270172136e-10 -8.3133652427e-09 
-1.2379586733e-10 7.7132364658e-10 -9.7091115938e-10 -9.5698543111e-11 6.9724358665e-13 2.0433837806e-10 0 0 -5.1365039886e-09 
0 0 -5.1365039886e-09 0 0 -5.1365039886e-09 0 0 -5.1365039886e-09 
0 0 -5.1365039886e-09 0 0 -5.1365039886e-09 1.9623663588e-13 2.728683798e-13 -5.8073195037e-13 
1.0299920639e-18 1.301042607e-18 -5.7598240413e-19 1.5364886151e-08 2.890539484e-09 5.1318538424e-08 2.2980042045e-10 -4.0821789322e-09 -3.5744549729e-09 
0 0 -5.1365039886e-09 0 0 -5.1365039886e-09 0 0 -5.1365039886e-09 
0 0 -5.1365039886e-09 0 0 -5.1365039886e-09 0 0 -5.1365039886e-09 
0 0 -5.1365039886e-09 -7.9251633468e-13 9.1349384451e-12 -4.7452230976e-12 -8.1315162936e-19 -3.103020499e-17 -2.5682038961e-18 
-2.4144083e-12 -1.8607109126e-12 9.4587414124e-11 6.0231567997e-12 6.4568408129e-12 8.0637575184e-11 3.0009848773e-14 4.8208344868e-14 1.0141230306e-12 
0 0 -5.1365039886e-09 0 0 -5.1365039886e-09 0 0 -5.1365039886e-09 
0 0 -5.1365039886e-09 0 0 -5.1365039886e-09 0 0 -5.1365039886e-09 
0 0 -5.1365039886e-09 2.8266255439e-12 -4.6536308878e-12 1.4468736183e-12 -4.9548237529e-11 5.7635967613e-11 2.2099624749e-10 
-1.3348306943e-11 1.8543950602e-11 -4.0207016802e-11 1.5261570092e-10 -6.3450151803e-10 1.3693738318e-07 -3.660844763e-10 -4.6356166735e-11 -1.5901692399e-11 
2.7105054312e-20 0 6.776263578e-21 -2.1468482184e-11 1.4803769213e-11 1.1819704339e-10 -1.705898442e-11 9.6609522818e-12 -3.9537409594e-11 
2.5488039098e-11 -3.7931990177e-12 3.4470620622e-10 5.6937554714e-16 -8.1362596781e-17 6.125522046e-16 8.6538636302e-11 -7.0954241424e-11 5.2842086068e-10 
-4.6464328217e-10 -3.3035152771e-10 -1.5098709554e-09 7.9172735682e-10 1.1828350956e-10 2.2643363926e-09 2.5756339238e-10 -1.6827888159e-10 -2.1760002708e-09 
-6.1517830706e-11 6.0426242135e-11 -1.4233499893e-10 1.0898604816e-10 -4.0914213456e-10 5.9997994382e-10 0 0 -5.1365039886e-09 
0 0 -5.1365039886e-09 0 0 -5.1365039886e-09 0 0 -5.1365039886e-09 
-1.3778959072e-10 -5.1293982993e-10 1.4206619928e-09 -1.6942740613e-13 -7.1439978499e-14 -3.0789293099e-12 2.172925468e-14 8.3513680997e-14 1.6053090389e-14 
-6.8687191632e-10 5.186557731e-10 -6.3113763234e-09 0 0 -5.1365039886e-09 0 0 -5.1365039886e-09 
0 0 -5.1365039886e-09 0 0 -5.1365039886e-09 0 0 -5.1365039886e-09 
0 0 -5.1365039886e-09 0 0 -5.1365039886e-09 -4.0103554158e-15 6.8830710446e-15 8.6744837887e-15 
-2.0906235445e-10 -1.1177959682e-09 2.518932271e-09 6.9353239671e-10 2.9573559373e-09 -9.9343923201e-09 -1.0842021725e-19 -1.0842021725e-19 -6.270161392e-19 
0 0 -5.1365039886e-09 0 0 -5.1365039886e-09 0 0 -5.1365039886e-09 
0 0 -5.1365039886e-09 2.4482378256e-11 -1.8282227511e-11 2.447962597e-10 8.9932481167e-11 -1.5559876643e-10 -9.7308693838e-11 
-1.3200351185e-13 -8.2536516684e-14 -4.02357155e-11 -1.3552527156e-20 -2.7105054312e-20 -2.3822801642e-22 -8.9988780316e-18 1.0299920639e-17 -1.5787709196e-15 
0 0 2.1175823681e-22 -5.4689868086e-16 2.5451645999e-16 1.1532650038e-15 3.6185247507e-15 -1.0681559803e-15 -9.0661900459e-15 
-4.0657581468e-20 -6.0986372202e-20 -2.0328790734e-20 5.4210108624e-20 0 -3.388131789e-20 -1.1467044523e-10 1.2150834977e-10 3.1493533784e-11 
-2.7105054312e-20 2.7105054312e-20 8.4703294725e-21 -1.2602564378e-11 -2.8054804573e-12 5.5364346988e-12 4.3665159108e-11 -5.1644448266e-12 -5.8465290619e-11 
2.7919490423e-11 3.744335896e-12 5.5329184969e-11 1.7400892245e-10 1.7892589992e-10 -7.3250682036e-11 1.7496002419e-11 1.3457493475e-11 7.0699741305e-11 
4.7138846808e-11 3.3101191373e-10 1.1211668426e-09 -2.9092060792e-13 7.1365726913e-13 -5.948702563e-13 3.8998103317e-14 -1.4018568411e-13 -1.2528794877e-13 
0 0 -5.1365039886e-09 0 0 -5.1365039886e-09 0 0 -5.1365039886e-09 
0 0 -5.1365039886e-09 0 0 -5.1365039886e-09 0 0 -5.1365039886e-09 
-1.7550051126e-10 -2.2585896331e-10 7.5707616891e-10 -6.5253449779e-11 -1.1136200111e-09 1.2654813675e-09 0 0 -5.1365039886e-09 
0 0 -5.1365039886e-09 0 0 -5.1365039886e-09 0 0 -5.1365039886e-09 
0 0 -5.1365039886e-09 7.3242091916e-15 -1.3595722448e-14 -1.4719921517e-14 8.353777739e-16 7.1335081939e-16 3.4373410151e-15 
-8.1315162936e-20 0 4.2351647363e-22 0 0 -5.1365039886e-09 0 0 -5.1365039886e-09 
0 0 -5.1365039886e-09 0 0 -5.1365039886e-09 2.482822975e-17 1.6263032587e-18 1.4784113061e-17 
-7.5894152074e-19 1.6263032587e-19 -1.4365678785e-18 -1.020071614e-15 -1.0070611879e-15 -2.092306905e-15 0 -2.168404345e-19 -8.4703294725e-22 
4.3530050441e-13 4.4718894386e-14 -3.3030909093e-13 -4.6691437609e-15 2.3440450969e-15 -6.9063212519e-15 5.2407622513e-15 -1.0358467556e-15 -2.5095235446e-14 
-1.8295911661e-19 -5.4210108624e-20 1.3552527156e-20 6.776263578e-20 -6.0986372202e-20 2.1175823681e-21 1.5559022712e-12 -9.3116329534e-13 9.0106939549e-13 
-7.1913503798e-15 -1.4636187227e-15 -3.7547650874e-14 -1.0164395367e-20 -1.8973538018e-19 2.0328790734e-20 0 1.0842021725e-19 3.3334981639e-18 
-1.5117148966e-10 -1.4445179423e-10 6.0305690516e-10 -5.7998842274e-13 3.7809851279e-13 2.5098004119e-12 0 0 -5.1365039886e-09 
0 0 -5.1365039886e-09 0 0 -5.1365039886e-09 0 0 -5.1365039886e-09 
-3.730125282e-10 -6.5409116876e-10 -1.3915171721e-09 3.6559676727e-14 5.7082105969e-14 3.6936243858e-14 -5.4708501943e-11 2.9730167387e-10 9.7441058059e-08 
0 -3.388131789e-20 5.0821976835e-21 0 0 -5.1365039886e-09 0 0 -5.1365039886e-09 
0 0 -5.1365039886e-09 0 0 -5.1365039886e-09 0 0 -5.1365039886e-09 
-5.4210108624e-20 0 9.7408788934e-21 8.9894194519e-13 1.6005577221e-11 4.6033736626e-11 -3.8511132217e-15 -6.1042073089e-15 1.2038274457e-11 
-9.4867690092e-20 6.776263578e-20 0 1.3552527156e-20 -2.0328790734e-20 9.3173624198e-21 0 1.0842021725e-19 6.776263578e-21 
0 0 -5.1365039886e-09 0 0 -5.1365039886e-09 0 0 -5.1365039886e-09 
0 0 -5.1365039886e-09 -9.2936238132e-14 2.0079974467e-13 -1.7254051649e-13 1.0405872664e-10 7.905036635e-11 1.7301086934e-11 
-6.8768465098e-11 -6.6271103405e-11 -8.7385096912e-10 0 0 -5.1365039886e-09 -1.0174085424e-14 1.7227972521e-16 -2.4499894792e-14 
7.5759823155e-10 -4.5248855184e-10 -2.6550252113e-10 6.776263578e-21 1.0842021725e-19 -2.6469779602e-22 1.1974904575e-14 -9.8044944559e-15 1.2285478921e-13 
1.9190067097e-11 7.4157099623e-11 -9.9200595324e-10 -4.1079057294e-10 6.263144029e-11 -1.1083108343e-09 3.3618808019e-10 7.9220161952e-11 2.0081904753e-09 
3.7263792259e-10 -1.1784293669e-10 2.0337467738e-10 -6.0333448713e-14 -5.8733044334e-14 7.6652055132e-14 4.7063911877e-13 4.9750056641e-13 3.1425201695e-13 
-1.6383213471e-11 1.1346542466e-11 4.8657848253e-11 -5.3580223347e-12 1.369148122e-11 -3.9452044163e-11 -4.0603913461e-15 1.0679066138e-14 -8.7828374503e-14 
0 0 -5.1365039886e-09 0 0 -5.1365039886e-09 0 0 -5.1365039886e-09 
0 0 -5.1365039886e-09 0 0 -5.1365039886e-09 0 0 -5.1365039886e-09 
0 0 -5.1365039886e-09 5.0494601989e-14 6.2679733365e-14 -1.8452986975e-13 1.5254198187e-11 -2.487244943e-11 1.4305542404e-11 
0 0 -5.1365039886e-09 0 0 -5.1365039886e-09 0 0 -5.1365039886e-09 
0 0 -5.1365039886e-09 0 0 -5.1365039886e-09 0 0 -5.1365039886e-09 
0 0 -5.1365039886e-09 3.1712422402e-12 3.7501438315e-12 2.5797300338e-11 -4.4954557383e-12 -6.0403122933e-13 1.2532239339e-10 
1.5134866017e-14 2.6867586931e-14 6.4311872476e-12 3.4736912199e-11 1.4782663339e-11 -9.9748751878e-10 0 0 -5.1365039886e-09 
0 0 -5.1365039886e-09 0 0 -5.1365039886e-09 0 0 -5.1365039886e-09 
-7.9767321771e-12 3.3149057041e-11 -5.3165492109e-11 9.9875619927e-15 -9.7084341434e-15 1.5178047756e-14 3.6508339754e-14 3.5748422451e-14 7.2396141053e-14 
-5.6733248633e-11 -2.1364480064e-11 3.8256285931e-10 2.9815559743e-19 0 4.6713867041e-17 3.2044582143e-11 -2.7440869184e-11 3.929310878e-09 
-6.5891413658e-10 6.9695989258e-10 1.5186938936e-09 -1.7731774691e-10 3.7677402908e-10 3.978052867e-10 -2.1147753009e-14 -3.0945217092e-14 -2.5888227871e-13 
9.5594500604e-12 -1.4370236338e-11 -1.5495617497e-10 1.4520885075e-10 -5.2829334711e-11 1.4772339559e-10 -7.1852340038e-10 -1.7341970286e-10 1.1936554791e-09 
-1.545815342e-13 -1.6535752802e-13 -4.8134480503e-12 -1.8969860947e-12 -1.8916314912e-12 -3.3731576229e-13 8.6598896457e-12 9.9898775775e-12 -3.7840908394e-11 
-1.4907779872e-19 -4.4045713257e-20 1.6940658945e-21 -1.0011694165e-12 1.4848801442e-12 -4.5438590005e-09 0 0 -5.1365039886e-09 
0 0 -5.1365039886e-09 -1.2094817335e-13 -5.3483733826e-13 -2.1105749175e-13 1.4528309111e-17 3.2526065175e-19 2.2659825405e-17 
-9.0629910261e-12 -3.4247830293e-11 -3.0505854403e-11 -6.4864999223e-12 -2.7396667264e-11 1.105792839e-10 0 0 -5.1365039886e-09 
0 0 -5.1365039886e-09 0 0 -5.1365039886e-09 0 0 -5.1365039886e-09 
0 0 -5.1365039886e-09 0 0 -5.1365039886e-09 0 0 -5.1365039886e-09 
1.9417528498e-12 -1.7463673804e-12 -1.36257825e-12 2.308415503e-15 5.1237598962e-15 -1.4273256479e-14 -3.9713132956e-14 -3.2031940034e-14 -1.0077339163e-13 
-2.3610535185e-16 -1.7850711144e-15 -1.9174225535e-15 0 0 -5.1365039886e-09 0 0 -5.1365039886e-09 
0 0 -5.1365039886e-09 0 0 -5.1365039886e-09 1.3552527156e-20 -1.0164395367e-20 -1.3552527156e-20 
-6.2951163379e-14 -2.5928369694e-14 1.0846363785e-13 3.4922558552e-14 1.8006334813e-14 2.1687116316e-13 -1.164624234e-11 -9.3817792077e-13 -2.5307613708e-11 
6.9355996776e-12 9.1612432701e-13 -1.1607197389e-11 -4.0500007861e-12 -3.4947568385e-13 -9.2511367867e-10 1.2470154575e-15 -1.2374948071e-15 -5.3577341131e-15 
7.1475212896e-10 -4.0316272044e-10 -3.8392396295e-09 -9.753618269e-16 -1.6332828102e-16 -2.2747872892e-15 1.3614055629e-15 1.5081252219e-16 -4.132798687e-15 
2.0708261494e-17 7.9146758591e-18 -4.0918467616e-17 1.3823577699e-18 -9.2157184661e-19 -2.0369773894e-16 -5.2939559203e-20 1.0164395367e-20 -2.3822801642e-22 
-5.3712584294e-11 2.4827273971e-11 -1.8496342964e-10 1.6680093721e-11 -1.0711482734e-10 3.8677061767e-10 2.1267522682e-11 -3.1525892465e-11 -9.9388474088e-09 
0 0 -5.1365039886e-09 0 0 -5.1365039886e-09 0 0 -5.1365039886e-09 
0 0 -5.1365039886e-09 0 0 -5.1365039886e-09 0 0 -5.1365039886e-09 
8.1315162936e-20 -6.2680438097e-20 1.0587911841e-22 2.44154021e-11 1.061943073e-10 3.3252410189e-10 0 0 -5.1365039886e-09 
0 0 -5.1365039886e-09 0 0 -5.1365039886e-09 2.2061142518e-14 1.0375442096e-13 -3.4157876096e-13 
-7.0678868574e-15 6.6496829744e-16 -6.3717795959e-14 0 0 -5.1365039886e-09 -1.1102468771e-13 -1.083577401e-13 2.2095611698e-10 
9.2539365927e-15 9.0750974444e-15 -9.4424967147e-15 -1.7844883557e-15 -3.2873551971e-15 2.3067731061e-15 0 0 -5.1365039886e-09 
1.7454435256e-07 1.9286240608e-07 -9.49705335e-07 1.6376315451e-12 -1.6625532873e-12 -1.9921639123e-11 5.31667182e-11 -2.1323875384e-10 2.43021115e-08 
-5.0217208863e-14 -5.2335631488e-14 7.0379433957e-14 2.979666752e-14 1.6179874281e-14 -9.0189045163e-14 2.1090009079e-14 3.265356735e-14 1.1229264013e-14 
1.3499435131e-14 1.3399112549e-15 -5.8973257796e-14 3.3821797359e-12 -1.7932188395e-12 2.121768808e-10 4.9551427414e-20 -2.1175823681e-20 1.0058516249e-21 
-1.3397822524e-09 7.6647537102e-10 -8.9023963099e-10 -5.1669009783e-20 -1.6940658945e-21 -4.1292856179e-21 5.8295130753e-11 9.0584980923e-12 1.889385305e-10 
1.3552527156e-20 0 -1.0164395367e-20 -2.7918205942e-17 -9.3241386834e-18 -1.6407875221e-16 0 -1.7787691892e-20 0 
0 0 -5.1365039886e-09 0 0 -5.1365039886e-09 0 0 -5.1365039886e-09 
0 0 -5.1365039886e-09 0 0 -5.1365039886e-09 0 0 -5.1365039886e-09 
0 -5.4210108624e-20 -4.0657581468e-20 -1.0842021725e-19 -8.1315162936e-20 3.4296364034e-18 -8.0468088789e-12 2.3899345834e-11 -1.1984632285e-10 
0 0 -5.1365039886e-09 0 0 -5.1365039886e-09 0 0 -5.1365039886e-09 
0 0 -5.1365039886e-09 1.2286538161e-14 -2.3038745594e-14 -4.682212484e-14 0 0 -5.1365039886e-09 
2.6367796835e-16 2.9533667179e-16 2.9120992727e-16 5.6465581993e-12 -1.6062482318e-11 3.7890720261e-10 3.0498917736e-12 5.4333907165e-12 5.0289803682e-09 
0 0 -5.1365039886e-09 -1.7454435256e-07 -1.9286240608e-07 9.3943232702e-07 0 0 -5.1365039886e-09 
8.0744195238e-12 -1.3455465908e-11 1.3961370275e-11 -3.4019282617e-15 -4.2394473349e-15 1.1485597358e-14 -5.1511258366e-15 -1.2292684232e-15 1.4475011998e-14 
-7.2814869673e-15 -2.6330933961e-15 3.6952033836e-13 -1.1689054672e-19 -1.0842021725e-19 -3.0493186101e-20 6.776263578e-21 -5.4210108624e-20 1.3552527156e-20 
5.4210108624e-20 5.4210108624e-20 -4.2351647363e-22 1.6314418349e-13 -1.3127801797e-13 -1.643828794e-11 8.0557036702e-12 -2.8731406343e-12 4.2011909313e-12 
8.7701872674e-14 -7.6939594019e-14 2.7410385654e-12 1.7848393661e-14 -1.0277260813e-14 -6.551112988e-14 -3.1698696944e-14 4.8864991914e-16 -4.4806505968e-14 
1.5904568244e-14 3.5839522539e-15 1.7486742907e-13 8.1742067542e-17 -7.7303614898e-17 1.300535446e-16 1.5612511284e-17 7.1412331343e-15 -6.9569174682e-12 
0 0 -5.1365039886e-09 0 0 -5.1365039886e-09 0 0 -5.1365039886e-09 
0 0 -5.1365039886e-09 0 -1.6093625998e-20 3.1763735522e-22 0 -1.3552527156e-20 2.5410988418e-21 
7.3942588164e-17 -2.2887507861e-16 3.2892756325e-16 -4.8707782599e-17 1.7100578766e-16 1.4584340341e-16 0 0 -5.1365039886e-09 
0 0 -5.1365039886e-09 0 0 -5.1365039886e-09 3.1427340114e-12 -5.5810731335e-12 -1.8646371959e-10 
6.776263578e-20 1.3552527156e-20 -5.9292306308e-21 -1.0842021725e-19 -8.1315162936e-20 0 -8.0447801198e-17 1.4808846423e-16 7.5162315608e-16 
-1.0842021725e-19 0 -2.1969917069e-18 0 0 -5.1365039886e-09 0 0 -5.1365039886e-09 
0 0 -5.1365039886e-09 0 0 -5.1365039886e-09 -1.9653811354e-20 -1.8915966248e-20 -9.6085299954e-21 
-6.4473263967e-12 1.2321406672e-11 9.0120188627e-11 1.0842021725e-19 5.4210108624e-20 3.0493186101e-20 -1.7439934046e-15 2.2486353057e-16 6.1580688635e-15 
6.2287912458e-12 3.7709704066e-12 4.2721152018e-09 -8.2708100148e-15 1.229058359e-15 -2.441688514e-15 2.7105054312e-20 2.7105054312e-20 -7.246102166e-21 
1.4205921595e-14 2.1759937602e-15 -7.1173366408e-15 2.7105054312e-20 0 -8.4703294725e-22 3.5887091909e-17 2.4936649967e-18 1.0084647215e-16 
-1.058089109e-11 2.9017140795e-12 1.2250326825e-10 6.7189061389e-12 -3.531688505e-12 3.4630365939e-11 -2.5083352008e-12 1.1784158718e-12 1.5530765597e-10 
-3.9513206075e-15 -2.2357332999e-15 -9.7274184843e-13 -1.4397086537e-11 -2.5188100168e-13 5.184090951e-11 6.8358946975e-17 7.0039460343e-17 -7.7815222798e-16 
5.9858801943e-16 -3.2647224767e-15 -6.6573062709e-16 0 0 -5.1365039886e-09 0 0 -5.1365039886e-09 
0 0 -5.1365039886e-09 -1.0347390495e-10 -2.837659242e-10 1.7989906079e-09 -9.7578195524e-19 2.3039296165e-19 1.3964952792e-16 
0 0 -5.1365039886e-09 0 0 -5.1365039886e-09 0 0 -5.1365039886e-09 
2.5000447134e-13 -2.006387542e-13 7.7239265483e-12 8.2778835869e-17 -1.483933961e-16 7.3390492088e-16 -1.5754603499e-10 -1.1516349326e-09 -7.0804408357e-09 
0 0 -5.1365039886e-09 0 0 -5.1365039886e-09 0 0 -5.1365039886e-09 
4.4928551981e-14 3.9415353441e-14 -7.3241327554e-13 -4.2768252047e-14 1.255150633e-13 1.1246441502e-13 -9.3008283367e-15 -3.742964055e-15 -1.6055540538e-14 
2.7105054312e-20 -1.6940658945e-20 4.2351647363e-22 1.341971239e-16 6.5052130349e-19 1.1623512321e-15 1.3775872804e-15 1.3913634242e-15 -7.5470517016e-15 
3.9720023061e-13 -3.0454778239e-13 -4.4155392504e-13 1.5384828828e-16 -3.4217420564e-16 -2.1444584589e-15 -2.0464316006e-18 -7.9553334406e-18 1.3764285393e-20 
2.1580068597e-12 3.4616114229e-13 -1.4449794451e-14 -5.319059223e-11 8.2942141653e-12 8.9837695197e-09 4.156626537e-13 3.4178031943e-15 -2.7353434005e-11 
2.6886952408e-12 2.9211795743e-12 5.0045212522e-12 1.3552527156e-20 1.6940658945e-20 -6.3262773248e-21 -2.5837621973e-15 -1.2978984207e-15 -2.3575280827e-14 
9.4775532908e-16 -2.4748968642e-15 -5.4850533295e-15 0 0 -5.1365039886e-09 0 0 -5.1365039886e-09 
0 0 -5.1365039886e-09 0 0 -5.1365039886e-09 0 0 -5.1365039886e-09 
-1.509155214e-15 -2.6047144042e-15 -2.9448794477e-15 0 -5.4210108624e-20 5.0821976835e-21 1.0907073855e-16 1.2045824949e-14 3.1725047398e-14 
-1.022586963e-13 -5.6042364217e-13 3.2413228837e-10 0 0 -5.1365039886e-09 0 0 -5.1365039886e-09 
0 0 -5.1365039886e-09 2.8994139988e-12 -2.7992095295e-11 2.1744009696e-11 2.1583315647e-12 2.0071593855e-12 -1.3990102849e-11 
-9.7627797773e-13 -3.8019738182e-12 1.3283438484e-11 1.1746673989e-10 1.3258309223e-09 -8.445591802e-09 0 0 -5.1365039886e-09 
0 0 -5.1365039886e-09 0 0 -5.1365039886e-09 0 0 -5.1365039886e-09 
0 5.4210108624e-20 6.776263578e-21 -6.3977049705e-13 -9.2901768635e-13 -7.2331181827e-10 0 0 -1.1646703025e-21 
2.2386155482e-11 3.7907401827e-12 -3.6895181839e-11 0 0 2.6469779602e-23 -1.0164395367e-20 -1.5924219408e-19 6.3527471044e-22 
3.8512498375e-14 -4.8326875271e-14 -2.8807230547e-14 0 0 -5.0821976835e-21 -1.5181605918e-11 2.7939969891e-11 2.9590149798e-10 
-6.1110509502e-11 4.8404171405e-11 7.7337002526e-11 2.6740946326e-09 2.7274512098e-10 2.2819842177e-09 1.5234796389e-12 -6.6799367253e-11 2.6137624586e-09 
0 0 -5.1365039886e-09 2.3887955416e-15 1.2871038328e-15 1.8940530839e-14 -6.7501310845e-10 -7.2693410292e-11 9.046718185e-10 
-1.8360250386e-11 4.9689278787e-11 -1.1217865307e-10 2.1006525512e-14 -7.151806816e-14 6.4443706583e-14 -1.65407011e-12 6.105072177e-12 -1.0818218471e-10 
0 0 -5.1365039886e-09 2.6482147206e-10 -6.4486149466e-10 8.3302292374e-09 2.3901778994e-15 1.6599677362e-15 -5.6759474508e-15 
-5.4210108624e-20 5.4210108624e-20 0 1.1062548447e-14 -1.6244654005e-13 -2.1229938468e-11 0 0 -5.1365039886e-09 
0 0 -5.1365039886e-09 0 0 -5.1365039886e-09 0 0 -5.1365039886e-09 
0 0 -5.1365039886e-09 0 0 -5.1365039886e-09 0 0 -5.1365039886e-09 
0 0 -5.1365039886e-09 4.1376440577e-12 6.3374370313e-12 2.5356293664e-09 1.0842021725e-19 2.7105054312e-20 -4.2351647363e-22 
-3.3913615189e-12 -5.6670513551e-12 -4.1643164125e-09 0 0 -5.1365039886e-09 0 0 -5.1365039886e-09 
0 0 -5.1365039886e-09 -2.1089394361e-10 3.0029161094e-10 4.7089918038e-10 6.128516607e-11 -8.1770943434e-11 -2.5259621951e-10 
6.776263578e-21 -5.4210108624e-20 -1.3552527156e-20 5.4210108624e-20 -5.4210108624e-20 0 -1.1675800816e-11 -1.5676165878e-12 1.798049246e-11 
-1.2088854223e-17 5.3125906452e-18 -2.9503851619e-17 2.7339949132e-08 -1.1017638644e-08 2.7852543939e-08 5.4210108624e-20 1.6263032587e-19 -1.0164395367e-20 
1.1634098416e-11 -4.2348404731e-11 2.000700393e-10 6.0144552966e-11 -4.7321346169e-11 7.5724429869e-11 -5.0053235142e-10 6.3654310154e-10 -2.0796060087e-09 
-2.9940444476e-09 -1.3074348283e-09 3.5897868888e-09 0 0 -5.1365039886e-09 8.1315162936e-20 -2.1006417092e-19 -6.776263578e-21 
-2.8235237499e-13 3.1591103431e-13 -5.6465200608e-13 1.7560175649e-06 -9.440698477e-07 -3.7039420628e-06 -1.7560175649e-06 9.440698477e-07 3.6936690548e-06 
0 0 -5.1365039886e-09 0 0 -5.1365039886e-09 0 0 -5.1365039886e-09 
8.2358770297e-10 1.3851861263e-09 -2.568812357e-09 1.3154819031e-12 2.2211955311e-12 -3.1040824513e-12 -2.2950771058e-14 -1.46971736e-15 -3.6819646639e-13 
0 0 -5.1365039886e-09 0 0 -5.1365039886e-09 0 0 -5.1365039886e-09 
0 0 -5.1365039886e-09 -2.1946365856e-10 1.2853847255e-09 2.8820080126e-09 0 0 -5.1365039886e-09 
0 0 2.4309845586e-19 2.2975599288e-15 1.6369155651e-14 4.2994361772e-12 0 0 -5.1365039886e-09 
0 0 -5.1365039886e-09 0 0 -5.1365039886e-09 -2.1019736516e-13 2.4148998773e-13 8.9833176937e-11 
-6.776263578e-21 6.776263578e-21 1.1858461262e-20 1.0570971182e-18 -7.3183646643e-18 2.5350002045e-17 -1.4040418134e-17 1.4636729329e-18 3.7137312539e-17 
-9.3468659326e-14 9.6931414718e-14 1.7589606137e-12 1.8183702157e-13 -1.5580310479e-13 -1.7032685975e-12 1.8069454353e-12 -2.7267001591e-13 5.4549163377e-13 
-1.8086459522e-12 2.78164102e-13 3.4013822879e-12 0 -8.1315162936e-20 0 1.0247296606e-09 9.8614612678e-10 1.1674255061e-09 
-1.3961000325e-15 -1.7560280487e-15 3.9879896802e-14 -1.5607090273e-16 -4.5617806407e-16 2.6276529035e-15 7.5187902779e-14 1.8014832247e-14 2.7654124108e-13 
-2.6412276229e-14 1.8455560431e-14 -1.9747483542e-13 9.4938745992e-14 -1.3246609349e-14 -3.6525205129e-12 0 0 -5.1365039886e-09 
0 0 -5.1365039886e-09 0 0 -5.1365039886e-09 0 0 -5.1365039886e-09 
4.2283884727e-18 2.2086553506e-16 1.2015772221e-15 -1.1719141282e-15 -2.5120422235e-15 -8.1058545835e-15 2.8629442567e-14 7.8624884652e-14 -2.4921630337e-13 
0 0 -5.1365039886e-09 0 0 -5.1365039886e-09 0 0 -5.1365039886e-09 
0 0 -5.1365039886e-09 5.4210108624e-20 -6.776263578e-20 -2.3716922523e-20 1.7585688765e-13 2.9039138173e-13 -9.6604896391e-13 
0 0 -5.1365039886e-09 5.8908628843e-13 8.507586996e-13 2.9826742171e-12 0 0 -5.1365039886e-09 
0 0 -5.1365039886e-09 0 0 -5.1365039886e-09 0 0 -5.1365039886e-09 
0 0 -5.1365039886e-09 -5.4210108624e-20 -8.4703294725e-21 -2.7105054312e-20 1.3552527156e-19 4.0657581468e-20 -2.7105054312e-20 
-7.2005747719e-13 1.8717452989e-12 -7.4159083452e-11 0 -5.4210108624e-20 3.123433993e-21 -7.3725747729e-18 5.2041704279e-18 5.0821976835e-21 
1.1329912702e-17 1.3498317047e-17 -1.0678544366e-17 -2.7455437216e-11 -1.5038445749e-10 1.1897040276e-09 1.3552527156e-20 0 0 
-8.8836815508e-18 -1.2793585635e-17 -5.0409048273e-18 3.4910166554e-11 9.648321172e-11 2.0103085827e-09 -2.2022856629e-20 0 1.3552527156e-20 
-1.3552527156e-19 5.4210108624e-20 -6.776263578e-21 2.2122676954e-12 -6.4683544979e-13 1.7593713572e-12 -8.1692194242e-14 -1.1933352527e-13 7.172483407e-13 
-8.7718983417e-13 2.2683778141e-13 8.6005347927e-13 -2.6889648413e-13 -3.0703860136e-14 6.4593571391e-11 6.5078721763e-13 -3.1117111925e-13 2.4888852237e-13 
-6.0866229049e-15 -8.9099734535e-16 -5.7296662803e-15 5.7060584556e-14 6.1940361694e-14 -6.4293988427e-14 -1.627795663e-13 -3.3559098426e-13 4.2737217438e-13 
1.9800845262e-14 1.3989677472e-14 2.6511199513e-14 1.479719125e-15 5.5759569054e-15 -1.6475718579e-13 -5.1758185411e-14 9.0111674633e-14 6.1661089796e-14 
1.7193305156e-14 -2.5105034188e-14 -5.220089167e-13 0 0 -5.1365039886e-09 0 0 -5.1365039886e-09 
0 0 -5.1365039886e-09 0 0 -5.1365039886e-09 0 0 -5.1365039886e-09 
0 0 -5.1365039886e-09 1.7022017476e-13 -4.2767293884e-13 7.216953848e-13 -7.0850524883e-14 -2.3004977609e-13 7.0460194821e-13 
4.2469283298e-15 -1.9668809767e-14 6.8392028694e-14 0 0 -5.1365039886e-09 0 0 -5.1365039886e-09 
0 0 -5.1365039886e-09 0 0 -5.1365039886e-09 5.4210108624e-20 -1.3552527156e-20 5.0821976835e-21 
0 -1.863472484e-20 0 0 -5.4210108624e-20 2.0328790734e-20 2.7105054312e-20 -1.0842021725e-19 1.6940658945e-20 
0 0 -5.1365039886e-09 0 0 -5.1365039886e-09 0 0 -5.1365039886e-09 
0 0 -5.1365039886e-09 0 0 -5.1365039886e-09 0 0 1.3552527156e-20 
-2.0328790734e-20 6.9456701675e-20 3.1763735522e-21 -5.4210108624e-20 0 2.7793268582e-22 2.2588881679e-11 -5.0774087625e-12 7.1963156621e-12 
-1.1576218899e-11 2.2431448111e-12 -8.9893447242e-12 0 0 -5.1365039886e-09 -3.4219560237e-12 1.816569898e-12 2.6902543156e-10 
-1.7463966471e-12 3.9220086597e-13 1.4041685385e-11 2.7383689256e-12 -1.5615395262e-13 -1.0711207393e-11 1.7107727729e-10 1.2254625266e-10 -7.6997186817e-09 
6.397206111e-11 1.6776968513e-11 -2.7132353744e-11 -2.4360190514e-13 -3.4223275255e-14 -4.2131825372e-15 1.0484235008e-14 2.1118089916e-15 -1.5741633156e-13 
0 0 -5.1365039886e-09 0 0 -5.1365039886e-09 0 0 -5.1365039886e-09 
0 0 -5.1365039886e-09 -8.0230960764e-18 -2.1087732255e-17 2.4997636339e-17 8.6693424046e-15 -1.8204227883e-13 2.5867800878e-13 
7.2394347461e-15 2.252483207e-13 -8.8243593442e-14 0 0 -5.1365039886e-09 0 0 -5.1365039886e-09 
0 0 -5.1365039886e-09 0 0 -5.1365039886e-09 -1.4749377934e-13 4.6193313118e-13 -8.6426401992e-14 
-1.2082228393e-13 -4.5040608342e-13 -1.573581158e-11 1.5084857327e-12 2.4264581365e-12 3.2137765891e-12 -2.2930602729e-12 -4.5961868209e-12 -9.4649213665e-12 
0 0 -5.1365039886e-09 0 0 -5.1365039886e-09 0 0 -5.1365039886e-09 
0 0 -5.1365039886e-09 0 0 -5.1365039886e-09 -5.4210108624e-20 -6.776263578e-20 -1.3552527156e-20 
1.3552527156e-20 -2.7105054312e-20 2.0328790734e-20 1.2421265049e-09 1.1139119138e-09 3.9534844051e-09 -4.317342111e-13 9.8438293107e-14 1.4975172386e-11 
-1.5239496079e-11 -1.6993789557e-10 1.7689736693e-09 5.9149659183e-13 -3.6746473919e-13 1.3370401562e-09 -5.9081646244e-09 1.3437817011e-08 -2.9726693363e-08 
-1.0842021725e-19 0 -2.1175823681e-21 1.5693038882e-11 -9.8950619291e-12 -3.8384285282e-09 -5.4210108624e-20 4.0657581468e-20 1.0587911841e-22 
-2.3900728673e-12 3.117344707e-13 -5.9407136436e-12 -1.6062946756e-11 -5.1086229431e-13 7.9627309497e-12 0 0 -5.1365039886e-09 
9.2862573908e-10 1.7667376765e-09 2.6199348685e-08 0 0 -5.5057141572e-21 1.3552527156e-20 -2.7105054312e-20 -1.3552527156e-20 
6.9057327427e-07 -8.827939781e-07 3.1800982989e-07 -6.9057327427e-07 8.827939781e-07 -3.2828283786e-07 0 0 -5.1365039886e-09 
0 0 -5.1365039886e-09 0 0 -5.1365039886e-09 0 0 -5.1365039886e-09 
1.0742023399e-08 9.9851248266e-09 1.1854216385e-08 9.3636823523e-10 8.1671898953e-10 -6.4378251125e-09 -1.8391546371e-09 -2.5256674578e-09 1.5811723489e-09 
-1.0588607854e-09 -2.8914770608e-09 -2.3024575079e-09 -5.4210108624e-20 0 3.388131789e-21 -6.1473011306e-11 -4.7025592244e-11 -3.7094090758e-10 
0 0 -5.1365039886e-09 0 0 -5.1365039886e-09 0 0 -5.1365039886e-09 
0 0 -5.1365039886e-09 0 0 -5.1365039886e-09 0 0 -5.1365039886e-09 
1.8431436932e-18 5.9631119487e-19 -8.6932038264e-09 5.2755347779e-11 3.0529423317e-10 1.0376278676e-08 -1.7343285011e-12 -2.5921852013e-12 1.2515847917e-11 
0 0 -5.1365039886e-09 0 0 -5.1365039886e-09 0 0 -5.1365039886e-09 
0 0 -5.1365039886e-09 -6.1004424949e-10 8.6729162328e-10 1.2396268513e-09 5.4210108624e-20 -2.7105054312e-20 0 
-5.1811648776e-13 1.619232946e-12 -5.1658482694e-11 -6.776263578e-20 4.7433845046e-20 -1.0182692602e-17 4.9127910941e-20 -2.778268067e-19 1.9058241313e-21 
0 0 -1.5881867761e-22 -1.3552527156e-20 0 -3.388131789e-21 -4.176157033e-15 1.4770086196e-15 -1.0399391459e-12 
4.8394318229e-11 9.2120447772e-11 2.6749597139e-09 1.247578608e-11 -6.4311427819e-12 2.8381403734e-11 -1.4229054457e-10 1.0976808466e-10 1.3371628044e-11 
-5.5264423341e-12 -3.0615443991e-12 6.0712304724e-11 -2.9416490064e-12 -5.7018863914e-12 2.136252726e-11 -1.1650253516e-11 2.199363101e-12 7.4134481584e-11 
-2.8778520365e-14 -2.8397152251e-14 -2.3077235502e-13 -1.8308538903e-11 2.7976659199e-10 -1.7935437545e-10 -4.0621640844e-11 -1.2904241342e-11 -8.3458224774e-11 
0 0 -5.1365039886e-09 0 0 -5.1365039886e-09 0 0 -5.1365039886e-09 
0 0 -5.1365039886e-09 0 0 -5.1365039886e-09 4.2140517239e-08 8.8573299232e-08 -9.3686928583e-09 
9.1461712661e-11 2.4045271996e-11 5.9394144642e-10 0 0 -5.1365039886e-09 0 0 -5.1365039886e-09 
0 0 -5.1365039886e-09 0 0 -5.1365039886e-09 0 0 -5.1365039886e-09 
0 0 -5.1365039886e-09 0 0 -5.1365039886e-09 -2.0983188277e-11 5.5112670314e-11 9.4139215419e-10 
-1.3552527156e-19 6.776263578e-21 1.0164395367e-20 -5.4210108624e-20 5.4210108624e-20 0 1.7068551975e-12 2.5131411709e-12 -1.3674538008e-11 
0 0 -5.1365039886e-09 0 0 -5.1365039886e-09 0 0 -5.1365039886e-09 
-1.4094628242e-18 0 -1.8370027044e-19 8.4567769454e-18 2.0599841277e-18 2.7926676271e-18 1.3216424483e-16 -7.8442027179e-17 -7.6085179179e-16 
2.0614545769e-13 7.7205819862e-14 6.551291197e-10 5.9768954488e-11 5.610583802e-11 1.4545212965e-08 3.1836729433e-14 -2.5196858489e-16 -2.4686318697e-13 
-1.3209648219e-16 6.4401609046e-17 -3.964495358e-16 -2.6711014585e-14 -1.4178789436e-15 -1.0040140038e-13 6.5866698218e-11 -5.4817402516e-11 1.5362133681e-10 
-4.850035846e-12 3.4329737403e-12 -1.3016290299e-11 -1.0621571819e-11 -2.1503516334e-13 -4.1709591198e-11 3.8216624201e-11 1.5612055106e-11 -1.9304394444e-11 
4.4759554212e-12 -1.4061865313e-12 -1.1972638694e-11 1.3323543657e-14 1.3328964668e-14 -1.4931766082e-13 -1.6904977906e-11 -9.421801284e-12 8.718429745e-11 
-1.2246928036e-10 -7.1617228361e-10 -2.4501649916e-09 0 -6.776263578e-21 -2.5410988418e-21 1.5585406229e-19 2.7105054312e-20 2.6469779602e-23 
-6.8565623014e-17 4.9005938196e-17 -2.7230076375e-16 0 0 -5.1365039886e-09 0 0 -5.1365039886e-09 
0 0 -5.1365039886e-09 7.1600711471e-16 1.2233053112e-15 -1.2186527175e-13 -1.7472913416e-11 7.516863448e-11 -1.3886462304e-10 
0 0 -5.1365039886e-09 0 0 -5.1365039886e-09 0 0 -5.1365039886e-09 
0 0 -5.1365039886e-09 0 0 -5.1365039886e-09 0 0 -5.1365039886e-09 
0 -5.4210108624e-20 -1.0587911841e-22 3.4185650621e-11 -7.0140501121e-11 -9.306764641e-11 0 8.1315162936e-20 6.3527471044e-21 
1.5178830415e-17 1.219727444e-17 5.2929025819e-15 1.3801199983e-11 -4.7140772731e-11 -5.9460824615e-10 0 0 -5.1365039886e-09 
0 0 -5.1365039886e-09 0 0 -5.1365039886e-09 0 0 -5.1365039886e-09 
0 0 -5.1365039886e-09 -5.1472498139e-17 3.8706017558e-17 2.1648468066e-17 -1.0016702219e-10 1.1573506216e-10 -1.4439025434e-10 
-1.3718881524e-07 -1.2652409262e-07 -1.9387622787e-07 -5.4210108624e-20 1.0842021725e-19 1.0693790959e-19 1.0654186409e-13 -1.8720376811e-14 -7.2223526985e-11 
-4.2012834184e-19 -9.7578195524e-19 3.6727348593e-18 -5.0657114408e-13 6.7500909376e-14 5.226831283e-10 -3.9573379296e-18 -7.4538899358e-19 -4.1707902323e-18 
-6.0444271116e-18 9.1344033032e-18 1.6222375006e-17 1.6940658945e-20 5.4210108624e-20 5.010199883e-19 1.2263097867e-09 3.1541203133e-10 2.1144344081e-08 
-5.8818579736e-09 8.2339031519e-10 2.448924869e-08 5.2801035525e-10 5.3984856077e-10 5.7439604588e-09 -1.3524179619e-09 1.2600646043e-09 8.7574547794e-09 
-1.8474585501e-10 6.1096302989e-11 7.8581451999e-10 -1.3538974629e-17 9.1115334136e-18 6.2068679933e-15 0 0 -5.1365039886e-09 
0 0 -5.1365039886e-09 0 0 -5.1365039886e-09 0 0 -5.1365039886e-09 
0 0 -5.1365039886e-09 0 0 -5.1365039886e-09 0 0 -5.1365039886e-09 
-5.1095792094e-12 -2.4382838955e-12 1.3515651005e-10 6.776263578e-21 1.5246593051e-20 6.776263578e-21 0 0 -5.1365039886e-09 
0 0 -5.1365039886e-09 0 0 -5.1365039886e-09 2.7105054312e-20 -2.7105054312e-20 -1.1434944788e-20 
3.8230353128e-12 -3.3479324388e-12 1.7793701133e-10 -1.0448623184e-10 -7.6806507335e-11 5.5466892139e-08 -1.3552527156e-20 4.0657581468e-20 -5.2939559203e-23 
-5.4210108624e-20 2.7105054312e-20 1.0587911841e-22 0 0 -5.1365039886e-09 0 0 -5.1365039886e-09 
4.9873299934e-18 -1.6805133674e-18 -1.0035646359e-17 2.6077322186e-11 -1.4419657196e-10 1.0762898511e-10 -2.7105054312e-20 1.0842021725e-19 1.0230966863e-18 
-1.4191759096e-11 -1.279947372e-11 -4.3217036879e-11 -5.0251869438e-08 2.6629631687e-07 -3.252558638e-07 2.0895175577e-13 -1.0724494209e-14 -1.6376806943e-10 
2.7105054312e-20 0 -9.3173624198e-21 6.4459207286e-19 -5.990217003e-18 -3.0425423465e-18 -1.7603767815e-10 1.5134215487e-10 6.1107035088e-11 
-2.6304894317e-09 3.581034771e-10 4.1506208356e-09 1.7190237005e-08 2.8210845388e-09 -1.308974693e-08 -1.4930210036e-08 -2.3950332381e-09 1.7586778775e-08 
2.0525956293e-08 1.1059996545e-08 1.2643608674e-08 4.6553740759e-09 3.8844339708e-09 1.8422260132e-08 0 5.4210108624e-20 0 
0 0 -5.1365039886e-09 0 0 -5.1365039886e-09 0 0 -5.1365039886e-09 
-1.2705494209e-21 4.1081097942e-20 2.4352197234e-21 -1.4379174847e-10 -5.6153061365e-09 -1.9509299741e-08 0 0 -5.1365039886e-09 
0 0 -5.1365039886e-09 1.0842021725e-19 2.7105054312e-20 -2.0646428089e-21 3.0611364138e-15 7.0674260715e-15 1.0975509764e-12 
0 0 -5.1365039886e-09 0 0 -5.1365039886e-09 0 0 -5.1365039886e-09 
0 0 -5.1365039886e-09 -1.7694288444e-11 8.6577755598e-12 -8.5134326916e-11 -4.2180885521e-15 7.8081529957e-15 2.4611585827e-14 
-1.6701347662e-11 5.4033510983e-11 1.3504222078e-11 2.1528605071e-11 1.1364852527e-11 -1.9542637858e-11 2.0328790734e-20 0 -1.3234889801e-23 
-1.047229702e-11 -2.5321746653e-12 4.279165157e-11 0 2.7105054312e-20 0 0 -5.4210108624e-20 -1.6940658945e-21 
-1.0842021725e-19 5.4210108624e-20 2.1175823681e-21 3.8751757337e-20 -6.8397910491e-20 -8.2718061255e-23 1.0376153604e-20 3.0493186101e-20 -1.5881867761e-22 
-1.3801792037e-10 3.6523487631e-11 3.0982791761e-10 7.0594310183e-11 -4.9221206212e-11 1.4308871109e-10 -3.1172832856e-09 1.6965735736e-09 -2.4456741998e-08 
1.6664021942e-10 -8.9272085817e-12 -1.5180430807e-08 -9.8488174714e-08 9.2185514732e-09 -2.521380305e-07 0 0 -2.6469779602e-23 
-1.9155237767e-13 -6.8366075604e-14 4.2752274973e-13 4.1712495461e-09 1.1956188924e-08 -3.5403883278e-07 -3.2311312887e-08 1.48579879e-07 5.0074657312e-08 
0 0 -5.1365039886e-09 0 0 -5.1365039886e-09 0 0 -5.1365039886e-09 
0 0 -5.1365039886e-09 -6.7026028824e-14 -6.8620212594e-14 5.680455715e-13 2.8083407933e-10 4.1244239441e-09 -1.3458227468e-08 
0 -1.3552527156e-20 2.1175823681e-22 0 0 -5.1365039886e-09 0 0 -5.1365039886e-09 
0 0 -5.1365039886e-09 0 0 -5.1365039886e-09 4.2351647363e-21 -1.6053921328e-20 1.7999450129e-21 
-2.0328790734e-20 -2.8799120207e-20 -1.4823076577e-21 2.7105054312e-20 -3.388131789e-20 1.1620233245e-20 0 -5.4210108624e-20 -7.4115382885e-21 
0 0 -5.1365039886e-09 0 0 -5.1365039886e-09 8.3205176906e-11 -1.0656895605e-10 -4.0745997905e-10 
6.9714199691e-16 -7.9482861265e-16 -1.6028573867e-15 -1.5729280302e-10 1.1829434524e-10 -4.5564897999e-10 1.434148991e-11 -1.2863010353e-11 -8.6316572051e-11 
1.0940142021e-15 4.0223900599e-16 3.7356063102e-13 4.3280677504e-13 4.6438547452e-15 9.819438324e-11 -8.2358925045e-13 1.7545340181e-13 1.1739011703e-11 
8.4703294725e-21 -2.7105054312e-20 1.4823076577e-21 -1.7364175419e-20 -3.589302114e-20 -2.1837568171e-22 7.2309640643e-12 -6.4542050361e-12 -3.347965114e-13 
-7.1357299952e-13 -1.2006140439e-13 2.2192363888e-13 1.9076813087e-12 3.6423175673e-14 -6.7869856091e-13 -4.0830386118e-08 4.5481715966e-07 -5.9077116061e-08 
-2.3478523813e-12 1.2323149425e-11 -6.4221428095e-12 0 0 -5.1365039886e-09 0 0 -5.1365039886e-09 
0 0 -5.1365039886e-09 0 0 -5.1365039886e-09 1.3910606608e-13 1.3503992846e-13 5.502757973e-13 
4.8423922207e-12 4.1235026461e-12 -1.2525954748e-09 -8.1907966737e-13 -2.724839885e-12 5.4185506722e-13 4.1397213348e-13 -4.9958979621e-12 -8.0185137976e-14 
0 0 -5.1365039886e-09 0 0 -5.1365039886e-09 0 0 -5.1365039886e-09 
0 0 -5.1365039886e-09 1.1414885354e-13 3.0710286405e-13 2.1100150196e-12 0 -1.3552527156e-20 1.3552527156e-20 
-3.0712086249e-12 -9.3670646868e-12 -2.3296078364e-11 -5.4210108624e-20 5.4210108624e-20 1.0587911841e-22 -3.0730463747e-13 4.6691138369e-12 8.2470825433e-11 
0 0 -5.1365039886e-09 0 0 -5.1365039886e-09 1.0842021725e-19 -5.4210108624e-20 1.2281977735e-20 
-2.0627651063e-14 -1.1821065773e-13 2.3933425931e-11 -1.2863665238e-11 5.9235583561e-12 4.2747370771e-11 1.0532300875e-12 -3.4290424775e-12 3.7466212856e-11 
-2.7105054312e-20 -1.3552527156e-20 1.9852334701e-22 -1.6508766508e-11 5.4387616914e-12 3.0744354568e-11 2.9032889374e-12 5.546351464e-12 2.4006200987e-11 
2.5562212395e-12 -1.0053729388e-11 5.7573907957e-11 8.4267668527e-12 -5.3717718614e-12 1.2502943563e-09 -2.2076334359e-12 9.2767059225e-13 6.0209315432e-10 
1.6605911524e-16 -3.0682921481e-17 9.1454787397e-13 5.7477958917e-10 -1.0530311925e-10 5.4785406591e-10 1.7439500365e-14 1.8749417166e-13 1.5448462923e-12 
-8.8451002165e-13 -1.7997246488e-13 1.8932482289e-12 2.4662831456e-12 -3.131260141e-11 6.8068320197e-11 -1.4706481475e-13 1.5134557561e-12 -3.9240504733e-12 
-1.3175477148e-12 -1.7237134978e-12 -1.9791107096e-11 0 0 -5.1365039886e-09 0 0 -5.1365039886e-09 
0 0 -5.1365039886e-09 1.0727533228e-12 4.395830542e-12 1.5894762924e-12 1.0842021725e-19 1.3552527156e-19 1.5740519138e-18 
1.492039863e-13 3.9156483841e-12 9.726887416e-12 1.7484931688e-12 1.7386302433e-11 -6.8641672502e-11 0 0 -5.1365039886e-09 
0 0 -5.1365039886e-09 0 0 -5.1365039886e-09 0 0 -5.1365039886e-09 
0 0 -5.1365039886e-09 0 0 -5.1365039886e-09 0 2.3716922523e-20 -3.388131789e-21 
-1.0842021725e-19 2.7105054312e-20 2.7105054312e-20 3.3303183345e-13 -1.8147592532e-12 -2.91037173e-11 8.1917219319e-12 1.9138389116e-11 -5.037868465e-12 
0 0 -5.1365039886e-09 0 0 -5.1365039886e-09 -2.5337213128e-06 3.4689544157e-07 -2.4307358827e-06 
0 0 -5.1365039886e-09 2.5337213128e-06 -3.4689544157e-07 2.4204628747e-06 1.0842021725e-19 -5.4210108624e-20 4.0657581468e-20 
-1.7618285303e-19 2.7105054312e-20 3.388131789e-20 -3.4196838358e-12 -1.6192916284e-12 -7.1717567709e-12 2.5124065155e-13 1.503144614e-12 -2.31822719e-09 
2.7427983929e-13 -4.4342079921e-14 9.983603365e-11 0 0 -5.1365039886e-09 -9.6199995534e-12 2.1714549104e-12 -2.9564464063e-11 
0 5.4210108624e-20 4.6719160997e-21 -8.8224829406e-11 -5.1670362303e-10 1.2120238004e-10 -4.5078127673e-10 1.9964474626e-11 7.2472736947e-10 
0 0 -5.1365039886e-09 -1.3552527156e-20 2.7105054312e-20 2.0328790734e-20 -5.4210108624e-20 0 3.388131789e-20 
2.7105054312e-20 7.4538899358e-20 -5.5057141572e-21 0 0 -5.1365039886e-09 0 0 -5.1365039886e-09 
-5.5125554729e-13 -1.7752839671e-12 -3.8998301098e-12 1.0207651646e-14 3.0300753768e-14 -1.7718854795e-13 5.1793638822e-14 -5.5623210692e-12 1.622934995e-11 
0 -1.3552527156e-20 0 0 0 -5.1365039886e-09 0 0 -5.1365039886e-09 
0 0 -5.1365039886e-09 0 0 -5.1365039886e-09 0 0 -5.1365039886e-09 
0 0 -5.1365039886e-09 0 0 -5.1365039886e-09 -4.0657581468e-20 -6.776263578e-20 -6.3527471044e-22 
1.6832672409e-14 -6.9407099425e-14 -2.0211747721e-14 -6.9469215645e-11 2.9805023602e-10 -1.3409817475e-09 -3.1318467784e-12 -5.0420139526e-12 7.7050405715e-12 
1.1965266104e-10 -1.4506731504e-10 -3.3618706267e-09 0 0 -5.1365039886e-09 0 0 -5.1365039886e-09 
0 0 -5.1365039886e-09 -5.48126015e-09 1.1112947257e-08 -8.9189175797e-09 -1.5401489329e-11 1.9933399874e-11 -8.1968476264e-12 
-1.5420679362e-12 8.0396504883e-14 8.5490594079e-12 -1.931719216e-12 -9.8076614104e-13 1.1804787155e-12 9.2336728541e-13 1.2038710957e-12 1.6677724841e-12 
4.3583096591e-12 -2.5222033663e-13 3.11266959e-12 0 0 -5.1365039886e-09 3.7253249368e-11 -1.5277972572e-11 3.0137733921e-09 
9.8485618803e-12 -4.8728616357e-12 -5.2447049501e-11 -1.8659905774e-12 3.8141817721e-13 3.6953012095e-12 1.9688840208e-11 -2.1771464602e-12 -7.6603716216e-12 
1.1370945797e-11 -1.3921958259e-11 -9.8631312942e-13 -5.4210108624e-20 0 0 3.3899478819e-12 1.7920694768e-12 7.7784548731e-10 
-5.1381568271e-12 8.6036408033e-12 5.8624888115e-11 0 5.4210108624e-20 3.388131789e-21 1.3698341289e-11 -3.6504304354e-11 -1.0702669932e-08 
8.6493434033e-07 -6.1701219335e-07 -1.4832104817e-06 0 0 -5.1365039886e-09 0 0 -5.1365039886e-09 
-1.570553583e-14 -4.6939828326e-14 1.6149181534e-13 8.4068020015e-20 4.0657581468e-20 -4.4469229731e-20 -2.5773064238e-12 4.8840628336e-11 -9.1303684067e-12 
0 0 -5.1365039886e-09 0 0 -5.1365039886e-09 0 0 -5.1365039886e-09 
0 0 -5.1365039886e-09 0 0 -5.1365039886e-09 0 0 -5.1365039886e-09 
2.3303663957e-13 -1.0880943905e-12 5.8109209989e-13 -1.9899877992e-10 -2.903815723e-10 -5.2567695814e-10 8.5930014352e-11 1.1112332647e-10 6.2076309248e-10 
1.3979602865e-10 1.0144513864e-10 1.0549870517e-10 0 0 -5.1365039886e-09 0 0 -5.1365039886e-09 
0 0 -5.1365039886e-09 0 0 -5.1365039886e-09 2.3577534781e-14 -1.111756222e-13 -7.8749561126e-14 
-2.199336633e-14 1.6831859257e-14 7.7340465067e-15 1.9225900012e-10 4.4889572962e-11 -4.7191007307e-11 -8.6530104756e-10 -5.1692316779e-10 6.4363075208e-10 
3.9302328753e-19 7.5894152074e-19 3.1746794863e-18 -1.4162390878e-18 4.1199682554e-18 -7.7630569616e-19 8.1315162936e-20 3.2526065175e-19 1.3552527156e-18 
3.8528018666e-13 3.9376602022e-13 -5.7354498483e-12 1.0007504655e-09 -3.7195204425e-10 1.7494126023e-07 3.7984752062e-15 -6.572768317e-13 -3.8496344801e-12 
-1.4410569408e-11 7.7994114768e-12 1.5975331215e-11 1.3552527156e-20 4.7433845046e-20 6.0880493084e-21 -4.1179991817e-12 -5.1852370054e-12 7.0655342099e-11 
-5.0642790159e-11 8.5436291288e-12 5.2331565257e-11 -3.6340658171e-11 -8.7351382638e-13 7.5047674975e-11 1.4927959307e-11 3.6042851646e-12 9.654189115e-12 
4.4572572358e-12 -1.2271500819e-12 -1.5552897277e-10 -2.8980317495e-14 -1.0695681537e-14 -3.6934582996e-13 -5.4210108624e-20 -5.4210108624e-20 2.7105054312e-20 
4.7902925116e-13 4.6824973369e-13 -1.5952461918e-12 2.7105054312e-20 1.5246593051e-20 -1.8264147925e-21 -8.6493434033e-07 6.1701219335e-07 1.4729374737e-06 
0 0 -5.1365039886e-09 0 0 -5.1365039886e-09 0 0 -5.1365039886e-09 
0 0 -5.1365039886e-09 -3.1467667014e-14 -1.4408201195e-13 -1.3295431714e-13 8.8629082372e-14 2.112476318e-13 4.3776581074e-13 
-1.3385881813e-10 8.3128003827e-10 7.3446285604e-10 2.2342216781e-10 -4.2488180248e-09 -6.4799259982e-09 0 0 -5.1365039886e-09 
0 0 -5.1365039886e-09 0 0 -5.1365039886e-09 0 0 -5.1365039886e-09 
0 0 -5.1365039886e-09 0 0 -5.1365039886e-09 0 0 -5.1365039886e-09 
-5.0202420346e-13 2.2670115974e-12 -1.8202993356e-12 2.168404345e-19 -2.168404345e-19 1.0227922838e-19 2.5637416099e-09 -9.8099588836e-10 -8.443863326e-09 
0 0 -5.1365039886e-09 0 0 -5.1365039886e-09 0 0 -5.1365039886e-09 
0 0 -5.1365039886e-09 0 0 -5.1365039886e-09 -2.8412873183e-15 6.8849243526e-15 2.1316646529e-12 
4.9043207646e-19 2.9646153154e-20 2.2404021455e-19 4.0464592831e-10 2.4125421604e-10 -1.0018790899e-09 -4.6756218688e-19 -5.4210108624e-20 -2.0328790734e-19 
0 0 1.4399560103e-20 -1.7014350811e-17 2.1678961252e-16 -2.6293372293e-13 -8.4493576415e-12 5.4335561658e-13 2.6863186569e-11 
2.2275214442e-12 -2.1771609038e-12 1.2835953876e-11 0 0 3.5998900258e-21 1.9171703071e-13 -2.4928930448e-13 -6.4020740932e-12 
0 0 -5.1365039886e-09 -4.9673806735e-15 7.8554784205e-15 -8.1782672184e-15 -1.7150962104e-09 -6.0547456491e-10 -2.8222283442e-09 
5.4210108624e-20 -4.0657581468e-20 2.6469779602e-23 0 0 -5.1365039886e-09 0 0 -5.1365039886e-09 
9.4746259449e-15 -3.0643158367e-14 -2.2096725525e-14 3.9556791002e-14 7.622646004e-14 -9.3881147431e-14 -3.8894165541e-09 -3.4378732894e-10 -4.7919848768e-09 
6.557519523e-11 -4.2738063592e-10 1.7704981473e-09 0 0 -5.1365039886e-09 0 0 -5.1365039886e-09 
0 0 -5.1365039886e-09 0 0 -1.3441684954e-24 1.0842021725e-19 5.4210108624e-20 3.388131789e-21 
0 2.7105054312e-20 1.3234889801e-23 -3.9557541812e-12 -1.40188913e-12 -9.824830985e-11 0 0 -5.1365039886e-09 
0 0 -5.1365039886e-09 0 0 -5.1365039886e-09 0 0 -5.1365039886e-09 
0 0 -5.1365039886e-09 1.9117419846e-12 -3.6323728229e-12 -1.9405945314e-12 6.8688618703e-12 2.744966472e-12 -6.8547683814e-11 
2.2303969099e-10 7.8383728815e-11 -4.5824632465e-10 4.3690226187e-11 2.0165962108e-11 -6.36443244e-08 6.0436988259e-12 -3.2508243601e-12 -6.5564063503e-11 
8.4249449653e-10 -4.9626038955e-11 4.8490574569e-09 -3.1350020542e-10 7.2322338683e-12 -9.3865324989e-10 2.0328790734e-20 9.4867690092e-20 -1.1858461262e-20 
-4.6054409743e-11 4.2658484275e-11 -5.5965801285e-11 4.4036011751e-10 -1.9532816293e-10 2.3886159728e-09 -7.1684195038e-15 1.769146895e-15 -1.0044173005e-12 
1.0147685067e-10 1.2016745021e-12 1.2118118959e-10 4.0558986833e-16 4.5598832869e-16 -3.9567958285e-16 8.9065853217e-16 5.0805459693e-16 1.1581644542e-15 
1.6263032587e-19 0 3.9704669403e-22 5.4210108624e-20 -6.0986372202e-20 8.4703294725e-22 0 0 -5.1365039886e-09 
0 0 -5.1365039886e-09 0 0 -5.1365039886e-09 0 0 -5.1365039886e-09 
1.4907779872e-19 1.3552527156e-19 2.9646153154e-21 1.8973538018e-19 -1.0842021725e-19 -5.4210108624e-20 2.2151605637e-17 2.3990581928e-15 -3.5919329983e-15 
0 -4.0657581468e-20 1.2705494209e-21 0 0 -5.1365039886e-09 0 0 -5.1365039886e-09 
0 0 -5.1365039886e-09 0 0 -5.1365039886e-09 0 0 -5.1365039886e-09 
0 0 -5.1365039886e-09 -2.7105054312e-19 -1.219727444e-19 5.4210108624e-20 0 2.7105054312e-20 -4.2351647363e-21 
-2.2741750432e-15 -2.1182599945e-15 -5.3845100951e-15 -2.9418416488e-14 -4.1393700533e-14 -3.7457335139e-14 0 0 -5.1365039886e-09 
0 0 -5.1365039886e-09 0 0 -5.1365039886e-09 0 0 -5.1365039886e-09 
7.885367706e-13 -1.1984098609e-12 3.1457723016e-13 -9.6683728731e-17 9.0964562272e-17 -1.3830892887e-14 2.4904123902e-16 -6.6485987722e-16 -3.4385861502e-13 
-8.1315162936e-20 -1.0842021725e-19 -1.6940658945e-21 -5.0289772303e-10 -3.7803992304e-11 4.6606941315e-10 3.0930555988e-10 -9.1377356961e-11 -5.8846952569e-10 
-2.3726709781e-09 3.6265689865e-10 6.6277112344e-10 0 0 0 -2.7105054312e-20 7.7927031147e-20 5.2939559203e-23 
-9.1182632733e-12 8.0233049479e-12 9.009204162e-11 1.2184529644e-13 -8.9020913037e-14 2.7482260699e-12 1.8155793329e-11 -1.6798555548e-11 -4.1331981711e-11 
6.725051695e-13 -2.1068680112e-13 1.1706254523e-12 -1.641143276e-15 -1.5958100726e-17 -9.3173708901e-16 1.2724061171e-15 -6.6461593173e-17 -2.1178284312e-15 
2.8667087476e-11 -6.5310306642e-11 4.4442427555e-11 1.062518129e-17 7.3183646643e-19 1.3164215489e-17 0 0 -5.1365039886e-09 
0 0 -5.1365039886e-09 0 0 -5.1365039886e-09 -2.168404345e-19 1.3552527156e-20 -3.388131789e-20 
-2.4394548881e-19 -2.168404345e-19 5.4210108624e-20 -1.5296044596e-12 1.6202065053e-12 -4.3869836808e-09 3.1672678803e-12 -6.4077699716e-12 3.4510785006e-11 
0 0 1.6940658945e-21 0 0 -5.1365039886e-09 0 0 -5.1365039886e-09 
0 0 -5.1365039886e-09 0 0 -5.1365039886e-09 0 0 -5.1365039886e-09 
-5.4210108624e-20 4.0657581468e-20 -1.3552527156e-20 5.4210108624e-20 6.776263578e-21 -1.0270274485e-20 1.9157256077e-14 2.2384492263e-14 4.5878901878e-14 
-8.9939449117e-15 -2.5924358146e-15 -1.899337553e-14 0 0 -5.1365039886e-09 0 0 -5.1365039886e-09 
0 0 -5.1365039886e-09 -1.0842021725e-19 2.7105054312e-20 -4.6586812099e-21 2.1921561246e-11 -3.2272335412e-11 3.2030523457e-09 
-2.7105054312e-20 -5.4210108624e-20 -3.388131789e-21 -1.3552527156e-20 0 -3.7057691442e-22 -4.0657581468e-20 1.0842021725e-19 1.2133746969e-18 
5.008878195e-10 -1.8090648955e-10 -1.7621279935e-09 -2.895592693e-11 -1.680116571e-11 1.0003289094e-11 -1.1773351391e-15 1.2833478854e-13 -9.285866784e-13 
3.1544190518e-11 1.7603933177e-11 -7.0649164077e-11 -1.687157155e-14 -9.2143090033e-15 -2.6275978463e-15 1.7051893345e-13 -5.6806555987e-14 2.0798103907e-13 
1.9414285378e-09 1.5920410351e-09 7.7606017795e-10 1.0842021725e-19 1.0842021725e-19 -5.9292306308e-21 -3.9729568376e-12 3.1467035059e-11 4.1486280496e-11 
-4.703416015e-11 1.1989663006e-11 4.9487174412e-11 0 0 -5.1365039886e-09 0 0 -5.1365039886e-09 
0 0 -5.1365039886e-09 0 0 -5.1365039886e-09 -2.549543036e-10 -6.6015699417e-10 2.6002414444e-09 
-3.8353651852e-18 6.5052130349e-19 3.083199928e-19 0 2.7105054312e-20 -1.3234889801e-22 0 0 -5.1365039886e-09 
0 0 -5.1365039886e-09 0 0 -5.1365039886e-09 -2.7105054312e-20 0 1.6940658945e-21 
5.1182754324e-11 3.3761774886e-10 -6.9764152461e-09 -2.7105054312e-20 0 -1.0164395367e-20 0 2.7105054312e-20 -1.2705494209e-21 
1.2015310134e-10 1.2640050649e-10 2.1493877596e-10 -9.392016353e-12 -3.4365324171e-12 9.4964431621e-10 0 0 -5.1365039886e-09 
0 0 -5.1365039886e-09 0 0 -5.1365039886e-09 0 0 -5.1365039886e-09 
4.9026261349e-11 -5.7637071385e-11 1.2820525333e-08 -8.1315162936e-20 1.3552527156e-20 -2.0328790734e-20 -1.4683948337e-09 -3.7940543123e-10 1.2494208201e-08 
1.4447285572e-09 3.6660557939e-10 1.2577353401e-08 -1.5043305143e-18 -2.3852447795e-18 -2.6496090563e-17 3.388131789e-20 1.0842021725e-19 -2.1175823681e-22 
-1.7726100235e-11 1.9154834918e-11 -1.039027116e-09 -4.9773091898e-10 2.0386915799e-10 -1.7472629886e-09 5.6610188596e-11 7.2693240641e-11 -1.8334224847e-10 
8.5535148842e-15 -2.6458869817e-15 7.4122785953e-15 -3.6438091287e-11 -6.9235018109e-12 3.6411125017e-11 1.3552527156e-20 0 0 
-9.4738993004e-10 -3.4142603512e-10 -1.5098109594e-09 0 0 -3.388131789e-21 1.8973538018e-19 -1.0842021725e-19 -1.863472484e-20 
0 0 -5.1365039886e-09 0 0 -5.1365039886e-09 0 0 -5.1365039886e-09 
-9.0990041023e-14 -1.4498721234e-13 5.4039399976e-13 -1.0164395367e-19 -2.1938153334e-19 4.0657581468e-20 -4.9453875348e-11 -5.3519696148e-11 9.5256745624e-11 
0 0 -5.1365039886e-09 0 0 -5.1365039886e-09 1.0842021725e-19 -5.4210108624e-20 -5.2939559203e-22 
7.99164683e-11 2.0635079265e-10 1.4865935502e-09 -1.0876361801e-10 -1.2288021756e-10 -6.8940938589e-10 -1.2072484803e-11 -3.860873642e-11 -2.1388025068e-10 
7.4169732313e-11 1.8522714916e-10 -2.0217920416e-10 0 0 -5.1365039886e-09 0 0 -5.1365039886e-09 
0 0 -5.1365039886e-09 0 0 -5.1365039886e-09 0 0 -5.1365039886e-09 
2.7449288502e-15 -4.6086723847e-15 2.5046222149e-15 4.508492104e-15 -7.3635758949e-15 -2.0080322089e-15 1.6273607112e-10 1.8185186809e-11 -1.0619859395e-09 
-1.3532332839e-10 -9.0311300972e-11 -5.4234186627e-10 -1.1112497646e-10 4.1769555913e-11 -1.337347462e-10 -4.4337020763e-11 -8.1638739389e-11 -2.0355317848e-10 
-2.5081232664e-12 9.0120088041e-13 1.3215695023e-09 -1.0358003742e-09 1.1103660203e-09 -1.1471106441e-09 -1.1745035391e-11 -1.2697371129e-12 -2.637046528e-11 
-6.3880954834e-15 1.5642191318e-15 2.0211642398e-14 -5.4210108624e-20 5.4210108624e-20 -6.776263578e-21 6.776263578e-21 1.0842021725e-19 5.0821976835e-21 
2.4832274082e-11 4.6536546318e-12 4.8618162621e-11 -5.4210108624e-20 -1.0842021725e-19 -6.3527471044e-22 -1.8973538018e-19 0 1.1858461262e-20 
6.5853853674e-12 1.0057919124e-12 -1.8405109184e-10 2.427938601e-12 -6.8158515127e-12 -6.7401632757e-11 -1.8407063347e-13 5.7307032561e-13 -1.0252437266e-11 
0 0 -5.1365039886e-09 0 0 -5.1365039886e-09 8.4703294725e-20 3.7269449679e-20 2.7105054312e-20 
0 -1.0164395367e-20 2.5410988418e-21 2.455730389e-12 -2.559090655e-11 -6.3551274211e-11 0 0 -5.1365039886e-09 
0 0 -5.1365039886e-09 0 0 -5.1365039886e-09 0 0 -5.1365039886e-09 
0 0 -5.1365039886e-09 0 0 -5.1365039886e-09 0 0 -5.1365039886e-09 
-2.4936649967e-18 5.6920614055e-19 1.0842021725e-19 4.865357249e-18 -1.4907779872e-18 8.6566767209e-18 2.9579943746e-11 1.1983539757e-10 -7.8228021167e-09 
2.4857915205e-12 2.2154194711e-12 -8.4759186352e-10 0 -2.7105054312e-20 5.0821976835e-21 0 0 -5.1365039886e-09 
0 0 -5.1365039886e-09 0 0 -5.1365039886e-09 -3.4542003589e-18 3.8963515574e-20 -3.9414560618e-18 
-1.6263032587e-19 -2.7105054312e-20 0 9.2492413047e-09 -3.0767812981e-07 6.4485392063e-08 -5.4210108624e-20 5.4210108624e-20 -3.388131789e-21 
2.4607280385e-07 5.0109532836e-07 -2.5655474328e-07 4.7433845046e-20 -9.3173624198e-21 5.9292306308e-21 0 0 2.7105054312e-20 
0 0 -2.1175823681e-22 2.6967991913e-12 -1.1398523591e-12 -1.3344260939e-11 0 0 -4.0657581468e-20 
-5.9875064976e-16 -2.6725583552e-16 3.0336654413e-16 5.8221656662e-17 -1.0375814791e-16 1.2050517512e-15 6.6047769467e-12 -1.090828144e-11 -1.6820333831e-11 
0 0 -5.1365039886e-09 0 0 -5.1365039886e-09 1.596487699e-15 8.3618448808e-15 -2.249717475e-14 
1.0267332232e-12 4.7976307443e-12 -1.1956764639e-11 -5.2041704279e-18 6.776263578e-19 9.8340525176e-18 0 0 -5.1365039886e-09 
0 0 -5.1365039886e-09 0 0 -5.1365039886e-09 0 0 -5.1365039886e-09 
8.8091426514e-19 1.4094628242e-18 6.5221536939e-20 0 -4.2351647363e-20 3.9704669403e-23 0 0 -5.1365039886e-09 
0 0 -5.1365039886e-09 0 0 -5.1365039886e-09 0 0 -5.1365039886e-09 
0 -8.1315162936e-19 5.7937053592e-19 -5.4210108624e-20 -2.7105054312e-20 -4.0657581468e-20 0 -5.4210108624e-20 -1.1011428314e-20 
-3.7131979902e-08 -3.8186544871e-09 2.2313909151e-08 -1.0705647766e-07 -2.5010366914e-07 2.5325883047e-07 -1.6263032587e-19 4.3368086899e-19 -1.8973538018e-18 
0 1.3552527156e-20 1.3552527156e-20 -5.4210108624e-20 -5.4210108624e-20 -3.388131789e-21 -3.6597473099e-11 2.704869499e-11 -6.7354443827e-13 
-2.5257013549e-12 2.0561915885e-12 1.7066513641e-12 -6.776263578e-21 0 1.6940658945e-21 -1.6940658945e-21 -6.776263578e-21 -6.776263578e-21 
1.3649563251e-15 8.2364128538e-16 -4.4053844774e-16 -5.4210108624e-20 -5.4210108624e-20 -6.776263578e-21 0 5.4210108624e-20 -1.3552527156e-20 
1.9017888081e-07 -8.6223712454e-08 -2.0459855854e-07 9.5339369779e-08 6.3021538046e-08 -5.4725424949e-08 0 0 -5.1365039886e-09 
0 0 -5.1365039886e-09 0 0 -5.1365039886e-09 -5.3370936143e-15 -1.0989889961e-14 -2.541027691e-15 
4.3698985402e-14 7.8442840331e-14 5.517330367e-14 -1.6143934189e-08 7.6449128583e-08 -4.186759732e-08 0 0 -5.1365039886e-09 
0 0 -5.1365039886e-09 0 0 -5.1365039886e-09 0 0 -5.1365039886e-09 
-3.7947076037e-19 1.2874900798e-19 7.1997800517e-19 -6.776263578e-21 -6.776263578e-21 6.3527471044e-22 -5.9631119487e-19 -9.4867690092e-19 -2.9815559743e-19 
-1.8431436932e-18 -1.0299920639e-18 3.469446952e-18 -2.7105054312e-20 -1.3552527156e-20 -1.3552527156e-20 6.776263578e-21 2.3716922523e-20 3.2187251996e-20 
0 0 -5.1365039886e-09 0 0 -5.1365039886e-09 0 0 -5.1365039886e-09 
6.776263578e-21 -4.5739779152e-20 -1.6940658945e-21 -2.5749801597e-19 -1.3552527156e-19 5.0821976835e-20 -5.4210108624e-20 -1.0842021725e-19 -2.7105054312e-20 
6.7578603842e-09 7.5144607681e-09 -7.4195879247e-09 0 -5.4210108624e-20 -1.6940658945e-20 1.4463094124e-10 -2.049502845e-10 1.6191550051e-09 
5.1980855368e-10 -1.4459482781e-10 6.7421651384e-10 5.4210108624e-20 0 5.0821976835e-21 8.1241686428e-11 -9.521857887e-12 -3.5443474617e-11 
3.4728350837e-20 5.4210108624e-20 2.7105054312e-20 -6.776263578e-21 -6.0986372202e-20 -2.7105054312e-20 2.7105054312e-20 -1.3552527156e-20 -1.0842021725e-19 
-2.7105054312e-20 1.0842021725e-19 -1.3552527156e-19 8.1315162936e-20 4.7433845046e-20 -4.0657581468e-20 4.6688456053e-18 7.6842828975e-18 -1.5720931501e-18 
0 0 -5.1365039886e-09 0 0 -5.1365039886e-09 0 0 -5.1365039886e-09 
0 0 -5.1365039886e-09 7.4538899358e-20 1.1519648083e-19 5.4210108624e-20 6.481848207e-13 2.7595209104e-12 1.5094943294e-11 
3.9000790444e-13 3.4745633223e-12 1.236463365e-11 0 0 -5.1365039886e-09 0 0 -5.1365039886e-09 
0 0 -5.1365039886e-09 0 0 -5.1365039886e-09 0 0 -5.1365039886e-09 
0 0 -5.1365039886e-09 0 0 -5.1365039886e-09 -4.8425108521e-11 -1.3686458749e-10 -6.9889651328e-10 
-4.0657581468e-20 -5.4210108624e-20 2.7105054312e-20 2.3672498017e-13 4.5839444436e-13 -8.8804538809e-13 0 0 -5.1365039886e-09 
0 0 -5.1365039886e-09 0 0 -5.1365039886e-09 0 0 -5.1365039886e-09 
6.788244012e-15 -9.7026336618e-15 8.1956571436e-14 1.2460803331e-15 -1.0307450762e-15 -3.2026790074e-15 2.7926847033e-13 4.1743339471e-13 4.9945186604e-13 
1.6263032587e-19 0 2.7105054312e-20 -7.1150767569e-20 -3.388131789e-20 -5.4210108624e-20 -2.7105054312e-20 -5.4210108624e-20 -4.0657581468e-20 
-7.3783854189e-16 -2.1074179728e-18 8.9288953225e-14 0 0 -5.1365039886e-09 0 0 -5.1365039886e-09 
0 0 -5.1365039886e-09 0 0 -5.1365039886e-09 0 0 -5.1365039886e-09 
0 0 -5.1365039886e-09 0 0 -5.1365039886e-09 0 0 -5.1365039886e-09 
0 0 -5.1365039886e-09 0 0 -5.1365039886e-09 0 0 -5.1365039886e-09 
0 0 2.0791350133e-19 0 0 -5.1365039886e-09 0 0 -5.1365039886e-09 
0 0 -5.1365039886e-09 0 0 -5.1365039886e-09 0 0 -5.1365039886e-09 
0 0 -5.1365039886e-09 0 0 -5.1365039886e-09 0 0 -5.1365039886e-09 
0 0 -5.1365039886e-09 0 0 -5.1365039886e-09 0 0 -5.1365039886e-09 
0 0 -5.1365039886e-09 0 0 -5.1365039886e-09 0 0 -5.1365039886e-09 
0 0 -5.1365039886e-09 0 0 -5.1365039886e-09 0 0 -5.1365039886e-09 
0 0 -5.1365039886e-09 0 0 -5.1365039886e-09 0 0 -5.1365039886e-09 
0 0 -5.1365039886e-09 0 0 -5.1365039886e-09 0 0 -5.1365039886e-09 
0 0 -5.1365039886e-09 0 0 -5.1365039886e-09 0 0 -5.1365039886e-09 
0 0 -5.1365039886e-09 0 0 -5.1365039886e-09 0 0 -5.1365039886e-09 
0 0 -5.1365039886e-09 0 0 -5.1365039886e-09 0 0 -5.1365039886e-09 
0 0 -5.1365039886e-09 0 0 -5.1365039886e-09 0 0 -5.1365039886e-09 
0 0 -5.1365039886e-09 0 0 -5.1365039886e-09 0 0 -5.1365039886e-09 
0 0 -5.1365039886e-09 0 0 -5.1365039886e-09 0 0 -5.1365039886e-09 
0 0 -5.1365039886e-09 0 0 -5.1365039886e-09 0 0 -5.1365039886e-09 
0 0 -5.1365039886e-09 0 0 -5.1365039886e-09 0 0 -5.1365039886e-09 
0 0 -5.1365039886e-09 0 0 -5.1365039886e-09 0 0 -5.1365039886e-09 
0 0 -5.1365039886e-09 0 0 -5.1365039886e-09 0 0 -5.1365039886e-09 
0 0 -5.1365039886e-09 0 0 -5.1365039886e-09 0 0 -5.1365039886e-09 
0 0 -5.1365039886e-09 0 0 -5.1365039886e-09 0 0 -5.1365039886e-09 
0 0 -5.1365039886e-09 0 0 -5.1365039886e-09 0 0 -5.1365039886e-09 
0 0 -5.1365039886e-09 0 0 -5.1365039886e-09 0 0 -5.1365039886e-09 
0 0 -5.1365039886e-09 0 0 -5.1365039886e-09 0 0 -5.1365039886e-09 
0 0 -5.1365039886e-09 0 0 -5.1365039886e-09 0 0 -5.1365039886e-09 
0 0 -5.1365039886e-09 0 0 -5.1365039886e-09 0 0 -5.1365039886e-09 
0 0 -5.1365039886e-09 0 0 -5.1365039886e-09 0 0 -5.1365039886e-09 
0 0 -5.1365039886e-09 0 0 -5.1365039886e-09 0 0 -5.1365039886e-09 
0 0 -5.1365039886e-09 0 0 -5.1365039886e-09 0 0 -5.1365039886e-09 
0 0 -5.1365039886e-09 0 0 -5.1365039886e-09 0 0 -5.1365039886e-09 
0 0 -5.1365039886e-09 0 0 -5.1365039886e-09 0 0 -5.1365039886e-09 
0 0 -5.1365039886e-09 0 0 -5.1365039886e-09 0 0 -5.1365039886e-09 
0 0 -5.1365039886e-09 0 0 -5.1365039886e-09 0 0 -5.1365039886e-09 
0 0 -5.1365039886e-09 0 0 -5.1365039886e-09 0 0 -5.1365039886e-09 
0 0 -5.1365039886e-09 0 0 -5.1365039886e-09 0 0 -5.1365039886e-09 
0 0 -5.1365039886e-09 0 0 -5.1365039886e-09 0 0 -5.1365039886e-09 
0 0 -5.1365039886e-09 0 0 -5.1365039886e-09 0 0 -5.1365039886e-09 
0 0 -5.1365039886e-09 0 0 -5.1365039886e-09 2.5515153242e-13 -2.3112282333e-13 9.9738747198e-14 
3.4907215392e-14 -1.7947597919e-13 1.1780860985e-13 -5.1383947193e-14 5.6510011122e-14 -5.0744165282e-13 -8.5053742876e-14 2.6022240006e-14 -1.6205866139e-13 
-1.4112620828e-13 -1.5847902041e-13 -5.8336644869e-14 5.403899664e-14 3.0815296776e-14 9.2675909266e-14 8.7985131941e-14 1.2845794852e-13 -1.5774458368e-13 
5.3975675613e-13 2.3406696054e-14 -1.8735910346e-13 3.7840566942e-13 -2.3966895724e-13 -1.3738559517e-13 3.0570637011e-13 -8.9201857155e-14 -2.1012810113e-14 
-1.0882709175e-12 1.9799343212e-12 -9.1241138679e-15 1.814354493e-13 9.4935085147e-13 4.352764323e-14 4.0025803221e-13 1.6655340219e-12 1.2827916078e-13 
2.5851706529e-14 -1.7303117682e-13 1.8638980613e-13 -5.0177166826e-13 9.6426139914e-13 -6.7851380506e-13 -2.4711907163e-13 2.5467737874e-13 -3.6578746959e-14 
-8.4354983309e-15 -1.6912192892e-13 -1.126738397e-13 7.5771812537e-14 8.4112030189e-14 6.5607607277e-14 1.9003054242e-12 1.1288539372e-12 1.3522379919e-13 
6.7326762047e-14 -4.6582975832e-13 -2.3133416695e-13 -1.0457034942e-12 1.8029265238e-13 2.4036516677e-13 -2.1463971311e-13 2.1440516434e-13 5.4274861519e-13 
8.9544010833e-13 1.1736850336e-12 4.5289447518e-13 2.2686919571e-13 -2.8761284868e-13 -2.0373574152e-13 0 0 -5.1365039886e-09 
0 0 -5.1365039886e-09 0 0 -5.1365039886e-09 0 0 -5.1365039886e-09 
0 0 -5.1365039886e-09 0 0 -5.1365039886e-09 0 0 -5.1365039886e-09 
2.8638983255e-14 -1.157128073e-14 6.5281995373e-14 5.2056641766e-13 -4.2318179679e-13 2.2276072891e-13 -1.2182091353e-13 1.4039321521e-13 2.7202710519e-13 
8.6476978952e-14 -2.4139576716e-12 -2.6565138422e-13 -1.3160899829e-12 3.1560922755e-13 7.915558547e-13 6.3538394335e-13 -3.0794764578e-13 -3.505224576e-13 
-3.2078427924e-13 6.8276309359e-13 -2.3054568812e-12 8.3222321302e-13 -4.371820954e-13 -2.2992321529e-12 7.3449393101e-14 2.3992920545e-13 -2.5507094508e-14 
-7.6981624102e-13 1.6921311185e-13 -8.2630825955e-13 5.5723249265e-12 1.0949791367e-13 1.6661010901e-13 2.0847748776e-13 2.6582141145e-13 -4.7328549382e-14 
-4.8783430799e-13 -1.7147545098e-15 1.1679329728e-12 -2.6256608851e-13 -8.3003121755e-13 -4.5794755793e-13 9.3387729144e-13 -2.550644123e-13 -3.6330132583e-12 
0 0 -5.1365039886e-09 -2.3357381738e-13 8.5194137074e-13 -1.7243655001e-13 5.230597444e-13 -9.2171857187e-13 2.3579325935e-13 
1.3294898677e-15 -1.1644635969e-12 4.681082081e-13 -6.8148374391e-13 -3.8532414619e-13 -1.7633458524e-12 2.2635086319e-12 -8.5352307645e-13 9.5907214397e-13 
3.0912957698e-12 1.4386413765e-12 2.9439155039e-12 -1.2901883145e-13 -4.7237758887e-13 3.2156057862e-13 -9.9729246437e-13 1.5048360498e-12 -1.3611118569e-12 
-1.0241752918e-13 7.0512033348e-12 -5.0517677211e-12 1.0433634212e-12 1.3800709456e-12 4.1893518194e-13 -5.3983775593e-13 4.5668786531e-12 1.0859588621e-12 
-3.497855949e-13 9.6586510607e-13 -9.85944276e-13 -1.5834541569e-12 4.9642329771e-12 1.3315465472e-12 0 0 -5.1365039886e-09 
2.83827403e-13 2.4037053222e-13 -3.1708819786e-13 6.5397767729e-15 8.7858291732e-14 -7.4471569194e-14 -6.5293393404e-14 1.730200342e-13 -9.1336625412e-13 
6.4686381139e-13 -3.6127486487e-13 -5.698777799e-13 -2.9134639464e-13 2.5777275315e-13 -2.6101679214e-13 -2.1948928851e-13 2.2899594637e-13 8.5497625966e-13 
-2.8998507948e-12 9.6008683577e-13 1.2369129428e-13 8.0685794449e-13 1.3301337074e-12 6.4950156404e-13 -4.8657445452e-14 -1.1932110902e-13 -4.1079548108e-14 
-6.3403062363e-13 2.4154821961e-12 1.7215318532e-12 3.4529708498e-13 -5.06730098e-14 4.1107398161e-13 -2.5847163354e-12 3.1621017838e-12 9.7651468947e-13 
0 0 -5.1365039886e-09 0 0 -5.1365039886e-09 0 0 -5.1365039886e-09 
0 0 -5.1365039886e-09 0 0 -5.1365039886e-09 0 0 -5.1365039886e-09 
1.7043301748e-12 -1.2466388449e-12 8.9557995681e-13 6.3623915008e-12 -7.3148241276e-13 -9.1703892986e-15 4.0734967779e-12 -5.2310993992e-13 -1.435017402e-12 
3.6387416477e-12 -3.5038793817e-12 -3.4484011971e-12 5.0103835097e-12 7.9883427604e-13 -7.7679513525e-13 3.3537498009e-12 2.1369898203e-12 4.4016165208e-16 
5.1847940732e-14 1.0716735509e-13 4.814210457e-13 -2.5165337816e-12 3.4716094834e-12 -5.8648163256e-13 2.2466598638e-14 2.2014816322e-13 4.6262278391e-13 
1.9339413698e-12 3.0003558084e-12 -1.1045750808e-13 5.914696654e-12 2.3404361933e-13 -5.401345895e-12 -1.8562522477e-12 1.4849752549e-12 -2.2348963499e-12 
-1.2807585061e-13 4.0963764125e-12 1.3785068105e-12 -3.4783055556e-12 -2.9468672839e-13 4.0785049908e-12 8.2388654015e-13 1.2136304378e-12 -5.7050576129e-13 
0 0 -5.1365039886e-09 0 0 -5.1365039886e-09 5.4760567417e-13 1.858594179e-12 -3.0063139892e-12 
-5.3018587441e-13 3.1916059781e-13 6.0071709558e-13 2.07464032e-12 1.0109616006e-12 -1.2537185389e-12 -1.4175329332e-12 2.3725110478e-12 -2.9376863795e-12 
-6.5403048075e-13 2.0802394106e-12 -2.3921780994e-12 -1.9544622505e-12 3.5930022673e-13 1.1559983655e-12 0 0 -5.1365039886e-09 
0 0 -5.1365039886e-09 0 0 -5.1365039886e-09 0 0 -5.1365039886e-09 
0 0 -5.1365039886e-09 0 0 -5.1365039886e-09 0 0 -5.1365039886e-09 
0 0 -5.1365039886e-09 0 0 -5.1365039886e-09 0 0 -5.1365039886e-09 
0 0 -5.1365039886e-09 0 0 -5.1365039886e-09 0 0 -5.1365039886e-09 
0 0 -5.1365039886e-09 0 0 -5.1365039886e-09 0 0 -5.1365039886e-09 
0 0 -5.1365039886e-09 0 0 -5.1365039886e-09 0 0 -5.1365039886e-09 
0 0 -5.1365039886e-09 0 0 -5.1365039886e-09 0 0 -5.1365039886e-09 
0 0 -5.1365039886e-09 0 0 -5.1365039886e-09 0 0 -5.1365039886e-09 
0 0 -5.1365039886e-09 0 0 -5.1365039886e-09 0 0 -5.1365039886e-09 
0 0 -5.1365039886e-09 0 0 -5.1365039886e-09 0 0 -5.1365039886e-09 
0 0 -5.1365039886e-09 0 0 -5.1365039886e-09 0 0 -5.1365039886e-09 
0 0 -5.1365039886e-09 0 0 -5.1365039886e-09 0 0 -5.1365039886e-09 
0 0 -5.1365039886e-09 0 0 -5.1365039886e-09 0 0 -5.1365039886e-09 
0 0 -5.1365039886e-09 0 0 -5.1365039886e-09 0 0 -5.1365039886e-09 
0 0 -5.1365039886e-09 0 0 -5.1365039886e-09 0 0 -5.1365039886e-09 
0 0 -5.1365039886e-09 0 0 -5.1365039886e-09 0 0 -5.1365039886e-09 
0 0 -5.1365039886e-09 0 0 -5.1365039886e-09 0 0 -5.1365039886e-09 
0 0 -5.1365039886e-09 0 0 -5.1365039886e-09 0 0 -5.1365039886e-09 
0 0 -5.1365039886e-09 
radius 1 2839 double
5e-05 5e-05 5e-05 5e-05 5e-05 5e-05 5e-05 5e-05 5e-05 
5e-05 5e-05 5e-05 5e-05 5e-05 5e-05 5e-05 5e-05 5e-05 
5e-05 5e-05 5e-05 5e-05 5e-05 5e-05 5e-05 5e-05 5e-05 
5e-05 5e-05 5e-05 5e-05 5e-05 5e-05 5e-05 5e-05 5e-05 
5e-05 5e-05 5e-05 5e-05 5e-05 5e-05 5e-05 5e-05 5e-05 
5e-05 5e-05 5e-05 5e-05 5e-05 5e-05 5e-05 5e-05 5e-05 
5e-05 5e-05 5e-05 5e-05 5e-05 5e-05 5e-05 5e-05 5e-05 
5e-05 5e-05 5e-05 5e-05 5e-05 5e-05 5e-05 5e-05 5e-05 
5e-05 5e-05 5e-05 5e-05 5e-05 5e-05 5e-05 5e-05 5e-05 
5e-05 5e-05 5e-05 5e-05 5e-05 5e-05 5e-05 5e-05 5e-05 
5e-05 5e-05 5e-05 5e-05 5e-05 5e-05 5e-05 5e-05 5e-05 
5e-05 5e-05 5e-05 5e-05 5e-05 5e-05 5e-05 5e-05 5e-05 
5e-05 5e-05 5e-05 5e-05 5e-05 5e-05 5e-05 5e-05 5e-05 
5e-05 5e-05 5e-05 5e-05 5e-05 5e-05 5e-05 5e-05 5e-05 
5e-05 5e-05 5e-05 5e-05 5e-05 5e-05 5e-05 5e-05 5e-05 
5e-05 5e-05 5e-05 5e-05 5e-05 5e-05 5e-05 5e-05 5e-05 
5e-05 5e-05 5e-05 5e-05 5e-05 5e-05 5e-05 5e-05 5e-05 
5e-05 5e-05 5e-05 5e-05 5e-05 5e-05 5e-05 5e-05 5e-05 
5e-05 5e-05 5e-05 5e-05 5e-05 5e-05 5e-05 5e-05 5e-05 
5e-05 5e-05 5e-05 5e-05 5e-05 5e-05 5e-05 5e-05 5e-05 
5e-05 5e-05 5e-05 5e-05 5e-05 5e-05 5e-05 5e-05 5e-05 
5e-05 5e-05 5e-05 5e-05 5e-05 5e-05 5e-05 5e-05 5e-05 
5e-05 5e-05 5e-05 5e-05 5e-05 5e-05 5e-05 5e-05 5e-05 
5e-05 5e-05 5e-05 5e-05 5e-05 5e-05 5e-05 5e-05 5e-05 
5e-05 5e-05 5e-05 5e-05 5e-05 5e-05 5e-05 5e-05 5e-05 
5e-05 5e-05 5e-05 5e-05 5e-05 5e-05 5e-05 5e-05 5e-05 
5e-05 5e-05 5e-05 5e-05 5e-05 5e-05 5e-05 5e-05 5e-05 
5e-05 5e-05 5e-05 5e-05 5e-05 5e-05 5e-05 5e-05 5e-05 
5e-05 5e-05 5e-05 5e-05 5e-05 5e-05 5e-05 5e-05 5e-05 
5e-05 5e-05 5e-05 5e-05 5e-05 5e-05 5e-05 5e-05 5e-05 
5e-05 5e-05 5e-05 5e-05 5e-05 5e-05 5e-05 5e-05 5e-05 
5e-05 5e-05 5e-05 5e-05 5e-05 5e-05 5e-05 5e-05 5e-05 
5e-05 5e-05 5e-05 5e-05 5e-05 5e-05 5e-05 5e-05 5e-05 
5e-05 5e-05 5e-05 5e-05 5e-05 5e-05 5e-05 5e-05 5e-05 
5e-05 5e-05 5e-05 5e-05 5e-05 5e-05 5e-05 5e-05 5e-05 
5e-05 5e-05 5e-05 5e-05 5e-05 5e-05 5e-05 5e-05 5e-05 
5e-05 5e-05 5e-05 5e-05 5e-05 5e-05 5e-05 5e-05 5e-05 
5e-05 5e-05 5e-05 5e-05 5e-05 5e-05 5e-05 5e-05 5e-05 
5e-05 5e-05 5e-05 5e-05 5e-05 5e-05 5e-05 5e-05 5e-05 
5e-05 5e-05 5e-05 5e-05 5e-05 5e-05 5e-05 5e-05 5e-05 
5e-05 5e-05 5e-05 5e-05 5e-05 5e-05 5e-05 5e-05 5e-05 
5e-05 5e-05 5e-05 5e-05 5e-05 5e-05 5e-05 5e-05 5e-05 
5e-05 5e-05 5e-05 5e-05 5e-05 5e-05 5e-05 5e-05 5e-05 
5e-05 5e-05 5e-05 5e-05 5e-05 5e-05 5e-05 5e-05 5e-05 
5e-05 5e-05 5e-05 5e-05 5e-05 5e-05 5e-05 5e-05 5e-05 
5e-05 5e-05 5e-05 5e-05 5e-05 5e-05 5e-05 5e-05 5e-05 
5e-05 5e-05 5e-05 5e-05 5e-05 5e-05 5e-05 5e-05 5e-05 
5e-05 5e-05 5e-05 5e-05 5e-05 5e-05 5e-05 5e-05 5e-05 
5e-05 5e-05 5e-05 5e-05 5e-05 5e-05 5e-05 5e-05 5e-05 
5e-05 5e-05 5e-05 5e-05 5e-05 5e-05 5e-05 5e-05 5e-05 
5e-05 5e-05 5e-05 5e-05 5e-05 5e-05 5e-05 5e-05 5e-05 
5e-05 5e-05 5e-05 5e-05 5e-05 5e-05 5e-05 5e-05 5e-05 
5e-05 5e-05 5e-05 5e-05 5e-05 5e-05 5e-05 5e-05 5e-05 
5e-05 5e-05 5e-05 5e-05 5e-05 5e-05 5e-05 5e-05 5e-05 
5e-05 5e-05 5e-05 5e-05 5e-05 5e-05 5e-05 5e-05 5e-05 
5e-05 5e-05 5e-05 5e-05 5e-05 5e-05 5e-05 5e-05 5e-05 
5e-05 5e-05 5e-05 5e-05 5e-05 5e-05 5e-05 5e-05 5e-05 
5e-05 5e-05 5e-05 5e-05 5e-05 5e-05 5e-05 5e-05 5e-05 
5e-05 5e-05 5e-05 5e-05 5e-05 5e-05 5e-05 5e-05 5e-05 
5e-05 5e-05 5e-05 5e-05 5e-05 5e-05 5e-05 5e-05 5e-05 
5e-05 5e-05 5e-05 5e-05 5e-05 5e-05 5e-05 5e-05 5e-05 
5e-05 5e-05 5e-05 5e-05 5e-05 5e-05 5e-05 5e-05 5e-05 
5e-05 5e-05 5e-05 5e-05 5e-05 5e-05 5e-05 5e-05 5e-05 
5e-05 5e-05 5e-05 5e-05 5e-05 5e-05 5e-05 5e-05 5e-05 
5e-05 5e-05 5e-05 5e-05 5e-05 5e-05 5e-05 5e-05 5e-05 
5e-05 5e-05 5e-05 5e-05 5e-05 5e-05 5e-05 5e-05 5e-05 
5e-05 5e-05 5e-05 5e-05 5e-05 5e-05 5e-05 5e-05 5e-05 
5e-05 5e-05 5e-05 5e-05 5e-05 5e-05 5e-05 5e-05 5e-05 
5e-05 5e-05 5e-05 5e-05 5e-05 5e-05 5e-05 5e-05 5e-05 
5e-05 5e-05 5e-05 5e-05 5e-05 5e-05 5e-05 5e-05 5e-05 
5e-05 5e-05 5e-05 5e-05 5e-05 5e-05 5e-05 5e-05 5e-05 
5e-05 5e-05 5e-05 5e-05 5e-05 5e-05 5e-05 5e-05 5e-05 
5e-05 5e-05 5e-05 5e-05 5e-05 5e-05 5e-05 5e-05 5e-05 
5e-05 5e-05 5e-05 5e-05 5e-05 5e-05 5e-05 5e-05 5e-05 
5e-05 5e-05 5e-05 5e-05 5e-05 5e-05 5e-05 5e-05 5e-05 
5e-05 5e-05 5e-05 5e-05 5e-05 5e-05 5e-05 5e-05 5e-05 
5e-05 5e-05 5e-05 5e-05 5e-05 5e-05 5e-05 5e-05 5e-05 
5e-05 5e-05 5e-05 5e-05 5e-05 5e-05 5e-05 5e-05 5e-05 
5e-05 5e-05 5e-05 5e-05 5e-05 5e-05 5e-05 5e-05 5e-05 
5e-05 5e-05 5e-05 5e-05 5e-05 5e-05 5e-05 5e-05 5e-05 
5e-05 5e-05 5e-05 5e-05 5e-05 5e-05 5e-05 5e-05 5e-05 
5e-05 5e-05 5e-05 5e-05 5e-05 5e-05 5e-05 5e-05 5e-05 
5e-05 5e-05 5e-05 5e-05 5e-05 5e-05 5e-05 5e-05 5e-05 
5e-05 5e-05 5e-05 5e-05 5e-05 5e-05 5e-05 5e-05 5e-05 
5e-05 5e-05 5e-05 5e-05 5e-05 5e-05 5e-05 5e-05 5e-05 
5e-05 5e-05 5e-05 5e-05 5e-05 5e-05 5e-05 5e-05 5e-05 
5e-05 5e-05 5e-05 5e-05 5e-05 5e-05 5e-05 5e-05 5e-05 
5e-05 5e-05 5e-05 5e-05 5e-05 5e-05 5e-05 5e-05 5e-05 
5e-05 5e-05 5e-05 5e-05 5e-05 5e-05 5e-05 5e-05 5e-05 
5e-05 5e-05 5e-05 5e-05 5e-05 5e-05 5e-05 5e-05 5e-05 
5e-05 5e-05 5e-05 5e-05 5e-05 5e-05 5e-05 5e-05 5e-05 
5e-05 5e-05 5e-05 5e-05 5e-05 5e-05 5e-05 5e-05 5e-05 
5e-05 5e-05 5e-05 5e-05 5e-05 5e-05 5e-05 5e-05 5e-05 
5e-05 5e-05 5e-05 5e-05 5e-05 5e-05 5e-05 5e-05 5e-05 
5e-05 5e-05 5e-05 5e-05 5e-05 5e-05 5e-05 5e-05 5e-05 
5e-05 5e-05 5e-05 5e-05 5e-05 5e-05 5e-05 5e-05 5e-05 
5e-05 5e-05 5e-05 5e-05 5e-05 5e-05 5e-05 5e-05 5e-05 
5e-05 5e-05 5e-05 5e-05 5e-05 5e-05 5e-05 5e-05 5e-05 
5e-05 5e-05 5e-05 5e-05 5e-05 5e-05 5e-05 5e-05 5e-05 
5e-05 5e-05 5e-05 5e-05 5e-05 5e-05 5e-05 5e-05 5e-05 
5e-05 5e-05 5e-05 5e-05 5e-05 5e-05 5e-05 5e-05 5e-05 
5e-05 5e-05 5e-05 5e-05 5e-05 5e-05 5e-05 5e-05 5e-05 
5e-05 5e-05 5e-05 5e-05 5e-05 5e-05 5e-05 5e-05 5e-05 
5e-05 5e-05 5e-05 5e-05 5e-05 5e-05 5e-05 5e-05 5e-05 
5e-05 5e-05 5e-05 5e-05 5e-05 5e-05 5e-05 5e-05 5e-05 
5e-05 5e-05 5e-05 5e-05 5e-05 5e-05 5e-05 5e-05 5e-05 
5e-05 5e-05 5e-05 5e-05 5e-05 5e-05 5e-05 5e-05 5e-05 
5e-05 5e-05 5e-05 5e-05 5e-05 5e-05 5e-05 5e-05 5e-05 
5e-05 5e-05 5e-05 5e-05 5e-05 5e-05 5e-05 5e-05 5e-05 
5e-05 5e-05 5e-05 5e-05 5e-05 5e-05 5e-05 5e-05 5e-05 
5e-05 5e-05 5e-05 5e-05 5e-05 5e-05 5e-05 5e-05 5e-05 
5e-05 5e-05 5e-05 5e-05 5e-05 5e-05 5e-05 5e-05 5e-05 
5e-05 5e-05 5e-05 5e-05 5e-05 5e-05 5e-05 5e-05 5e-05 
5e-05 5e-05 5e-05 5e-05 5e-05 5e-05 5e-05 5e-05 5e-05 
5e-05 5e-05 5e-05 5e-05 5e-05 5e-05 5e-05 5e-05 5e-05 
5e-05 5e-05 5e-05 5e-05 5e-05 5e-05 5e-05 5e-05 5e-05 
5e-05 5e-05 5e-05 5e-05 5e-05 5e-05 5e-05 5e-05 5e-05 
5e-05 5e-05 5e-05 5e-05 5e-05 5e-05 5e-05 5e-05 5e-05 
5e-05 5e-05 5e-05 5e-05 5e-05 5e-05 5e-05 5e-05 5e-05 
5e-05 5e-05 5e-05 5e-05 5e-05 5e-05 5e-05 5e-05 5e-05 
5e-05 5e-05 5e-05 5e-05 5e-05 5e-05 5e-05 5e-05 5e-05 
5e-05 5e-05 5e-05 5e-05 5e-05 5e-05 5e-05 5e-05 5e-05 
5e-05 5e-05 5e-05 5e-05 5e-05 5e-05 5e-05 5e-05 5e-05 
5e-05 5e-05 5e-05 5e-05 5e-05 5e-05 5e-05 5e-05 5e-05 
5e-05 5e-05 5e-05 5e-05 5e-05 5e-05 5e-05 5e-05 5e-05 
5e-05 5e-05 5e-05 5e-05 5e-05 5e-05 5e-05 5e-05 5e-05 
5e-05 5e-05 5e-05 5e-05 5e-05 5e-05 5e-05 5e-05 5e-05 
5e-05 5e-05 5e-05 5e-05 5e-05 5e-05 5e-05 5e-05 5e-05 
5e-05 5e-05 5e-05 5e-05 5e-05 5e-05 5e-05 5e-05 5e-05 
5e-05 5e-05 5e-05 5e-05 5e-05 5e-05 5e-05 5e-05 5e-05 
5e-05 5e-05 5e-05 5e-05 5e-05 5e-05 5e-05 5e-05 5e-05 
5e-05 5e-05 5e-05 5e-05 5e-05 5e-05 5e-05 5e-05 5e-05 
5e-05 5e-05 5e-05 5e-05 5e-05 5e-05 5e-05 5e-05 5e-05 
5e-05 5e-05 5e-05 5e-05 5e-05 5e-05 5e-05 5e-05 5e-05 
5e-05 5e-05 5e-05 5e-05 5e-05 5e-05 5e-05 5e-05 5e-05 
5e-05 5e-05 5e-05 5e-05 5e-05 5e-05 5e-05 5e-05 5e-05 
5e-05 5e-05 5e-05 5e-05 5e-05 5e-05 5e-05 5e-05 5e-05 
5e-05 5e-05 5e-05 5e-05 5e-05 5e-05 5e-05 5e-05 5e-05 
5e-05 5e-05 5e-05 5e-05 5e-05 5e-05 5e-05 5e-05 5e-05 
5e-05 5e-05 5e-05 5e-05 5e-05 5e-05 5e-05 5e-05 5e-05 
5e-05 5e-05 5e-05 5e-05 5e-05 5e-05 5e-05 5e-05 5e-05 
5e-05 5e-05 5e-05 5e-05 5e-05 5e-05 5e-05 5e-05 5e-05 
5e-05 5e-05 5e-05 5e-05 5e-05 5e-05 5e-05 5e-05 5e-05 
5e-05 5e-05 5e-05 5e-05 5e-05 5e-05 5e-05 5e-05 5e-05 
5e-05 5e-05 5e-05 5e-05 5e-05 5e-05 5e-05 5e-05 5e-05 
5e-05 5e-05 5e-05 5e-05 5e-05 5e-05 5e-05 5e-05 5e-05 
5e-05 5e-05 5e-05 5e-05 5e-05 5e-05 5e-05 5e-05 5e-05 
5e-05 5e-05 5e-05 5e-05 5e-05 5e-05 5e-05 5e-05 5e-05 
5e-05 5e-05 5e-05 5e-05 5e-05 5e-05 5e-05 5e-05 5e-05 
5e-05 5e-05 5e-05 5e-05 5e-05 5e-05 5e-05 5e-05 5e-05 
5e-05 5e-05 5e-05 5e-05 5e-05 5e-05 5e-05 5e-05 5e-05 
5e-05 5e-05 5e-05 5e-05 5e-05 5e-05 5e-05 5e-05 5e-05 
5e-05 5e-05 5e-05 5e-05 5e-05 5e-05 5e-05 5e-05 5e-05 
5e-05 5e-05 5e-05 5e-05 5e-05 5e-05 5e-05 5e-05 5e-05 
5e-05 5e-05 5e-05 5e-05 5e-05 5e-05 5e-05 5e-05 5e-05 
5e-05 5e-05 5e-05 5e-05 5e-05 5e-05 5e-05 5e-05 5e-05 
5e-05 5e-05 5e-05 5e-05 5e-05 5e-05 5e-05 5e-05 5e-05 
5e-05 5e-05 5e-05 5e-05 5e-05 5e-05 5e-05 5e-05 5e-05 
5e-05 5e-05 5e-05 5e-05 5e-05 5e-05 5e-05 5e-05 5e-05 
5e-05 5e-05 5e-05 5e-05 5e-05 5e-05 5e-05 5e-05 5e-05 
5e-05 5e-05 5e-05 5e-05 5e-05 5e-05 5e-05 5e-05 5e-05 
5e-05 5e-05 5e-05 5e-05 5e-05 5e-05 5e-05 5e-05 5e-05 
5e-05 5e-05 5e-05 5e-05 5e-05 5e-05 5e-05 5e-05 5e-05 
5e-05 5e-05 5e-05 5e-05 5e-05 5e-05 5e-05 5e-05 5e-05 
5e-05 5e-05 5e-05 5e-05 5e-05 5e-05 5e-05 5e-05 5e-05 
5e-05 5e-05 5e-05 5e-05 5e-05 5e-05 5e-05 5e-05 5e-05 
5e-05 5e-05 5e-05 5e-05 5e-05 5e-05 5e-05 5e-05 5e-05 
5e-05 5e-05 5e-05 5e-05 5e-05 5e-05 5e-05 5e-05 5e-05 
5e-05 5e-05 5e-05 5e-05 5e-05 5e-05 5e-05 5e-05 5e-05 
5e-05 5e-05 5e-05 5e-05 5e-05 5e-05 5e-05 5e-05 5e-05 
5e-05 5e-05 5e-05 5e-05 5e-05 5e-05 5e-05 5e-05 5e-05 
5e-05 5e-05 5e-05 5e-05 5e-05 5e-05 5e-05 5e-05 5e-05 
5e-05 5e-05 5e-05 5e-05 5e-05 5e-05 5e-05 5e-05 5e-05 
5e-05 5e-05 5e-05 5e-05 5e-05 5e-05 5e-05 5e-05 5e-05 
5e-05 5e-05 5e-05 5e-05 5e-05 5e-05 5e-05 5e-05 5e-05 
5e-05 5e-05 5e-05 5e-05 5e-05 5e-05 5e-05 5e-05 5e-05 
5e-05 5e-05 5e-05 5e-05 5e-05 5e-05 5e-05 5e-05 5e-05 
5e-05 5e-05 5e-05 5e-05 5e-05 5e-05 5e-05 5e-05 5e-05 
5e-05 5e-05 5e-05 5e-05 5e-05 5e-05 5e-05 5e-05 5e-05 
5e-05 5e-05 5e-05 5e-05 5e-05 5e-05 5e-05 5e-05 5e-05 
5e-05 5e-05 5e-05 5e-05 5e-05 5e-05 5e-05 5e-05 5e-05 
5e-05 5e-05 5e-05 5e-05 5e-05 5e-05 5e-05 5e-05 5e-05 
5e-05 5e-05 5e-05 5e-05 5e-05 5e-05 5e-05 5e-05 5e-05 
5e-05 5e-05 5e-05 5e-05 5e-05 5e-05 5e-05 5e-05 5e-05 
5e-05 5e-05 5e-05 5e-05 5e-05 5e-05 5e-05 5e-05 5e-05 
5e-05 5e-05 5e-05 5e-05 5e-05 5e-05 5e-05 5e-05 5e-05 
5e-05 5e-05 5e-05 5e-05 5e-05 5e-05 5e-05 5e-05 5e-05 
5e-05 5e-05 5e-05 5e-05 5e-05 5e-05 5e-05 5e-05 5e-05 
5e-05 5e-05 5e-05 5e-05 5e-05 5e-05 5e-05 5e-05 5e-05 
5e-05 5e-05 5e-05 5e-05 5e-05 5e-05 5e-05 5e-05 5e-05 
5e-05 5e-05 5e-05 5e-05 5e-05 5e-05 5e-05 5e-05 5e-05 
5e-05 5e-05 5e-05 5e-05 5e-05 5e-05 5e-05 5e-05 5e-05 
5e-05 5e-05 5e-05 5e-05 5e-05 5e-05 5e-05 5e-05 5e-05 
5e-05 5e-05 5e-05 5e-05 5e-05 5e-05 5e-05 5e-05 5e-05 
5e-05 5e-05 5e-05 5e-05 5e-05 5e-05 5e-05 5e-05 5e-05 
5e-05 5e-05 5e-05 5e-05 5e-05 5e-05 5e-05 5e-05 5e-05 
5e-05 5e-05 5e-05 5e-05 5e-05 5e-05 5e-05 5e-05 5e-05 
5e-05 5e-05 5e-05 5e-05 5e-05 5e-05 5e-05 5e-05 5e-05 
5e-05 5e-05 5e-05 5e-05 5e-05 5e-05 5e-05 5e-05 5e-05 
5e-05 5e-05 5e-05 5e-05 5e-05 5e-05 5e-05 5e-05 5e-05 
5e-05 5e-05 5e-05 5e-05 5e-05 5e-05 5e-05 5e-05 5e-05 
5e-05 5e-05 5e-05 5e-05 5e-05 5e-05 5e-05 5e-05 5e-05 
5e-05 5e-05 5e-05 5e-05 5e-05 5e-05 5e-05 5e-05 5e-05 
5e-05 5e-05 5e-05 5e-05 5e-05 5e-05 5e-05 5e-05 5e-05 
5e-05 5e-05 5e-05 5e-05 5e-05 5e-05 5e-05 5e-05 5e-05 
5e-05 5e-05 5e-05 5e-05 5e-05 5e-05 5e-05 5e-05 5e-05 
5e-05 5e-05 5e-05 5e-05 5e-05 5e-05 5e-05 5e-05 5e-05 
5e-05 5e-05 5e-05 5e-05 5e-05 5e-05 5e-05 5e-05 5e-05 
5e-05 5e-05 5e-05 5e-05 5e-05 5e-05 5e-05 5e-05 5e-05 
5e-05 5e-05 5e-05 5e-05 5e-05 5e-05 5e-05 5e-05 5e-05 
5e-05 5e-05 5e-05 5e-05 5e-05 5e-05 5e-05 5e-05 5e-05 
5e-05 5e-05 5e-05 5e-05 5e-05 5e-05 5e-05 5e-05 5e-05 
5e-05 5e-05 5e-05 5e-05 5e-05 5e-05 5e-05 5e-05 5e-05 
5e-05 5e-05 5e-05 5e-05 5e-05 5e-05 5e-05 5e-05 5e-05 
5e-05 5e-05 5e-05 5e-05 5e-05 5e-05 5e-05 5e-05 5e-05 
5e-05 5e-05 5e-05 5e-05 5e-05 5e-05 5e-05 5e-05 5e-05 
5e-05 5e-05 5e-05 5e-05 5e-05 5e-05 5e-05 5e-05 5e-05 
5e-05 5e-05 5e-05 5e-05 5e-05 5e-05 5e-05 5e-05 5e-05 
5e-05 5e-05 5e-05 5e-05 5e-05 5e-05 5e-05 5e-05 5e-05 
5e-05 5e-05 5e-05 5e-05 5e-05 5e-05 5e-05 5e-05 5e-05 
5e-05 5e-05 5e-05 5e-05 5e-05 5e-05 5e-05 5e-05 5e-05 
5e-05 5e-05 5e-05 5e-05 5e-05 5e-05 5e-05 5e-05 5e-05 
5e-05 5e-05 5e-05 5e-05 5e-05 5e-05 5e-05 5e-05 5e-05 
5e-05 5e-05 5e-05 5e-05 5e-05 5e-05 5e-05 5e-05 5e-05 
5e-05 5e-05 5e-05 5e-05 5e-05 5e-05 5e-05 5e-05 5e-05 
5e-05 5e-05 5e-05 5e-05 5e-05 5e-05 5e-05 5e-05 5e-05 
5e-05 5e-05 5e-05 5e-05 5e-05 5e-05 5e-05 5e-05 5e-05 
5e-05 5e-05 5e-05 5e-05 5e-05 5e-05 5e-05 5e-05 5e-05 
5e-05 5e-05 5e-05 5e-05 5e-05 5e-05 5e-05 5e-05 5e-05 
5e-05 5e-05 5e-05 5e-05 5e-05 5e-05 5e-05 5e-05 5e-05 
5e-05 5e-05 5e-05 5e-05 5e-05 5e-05 5e-05 5e-05 5e-05 
5e-05 5e-05 5e-05 5e-05 5e-05 5e-05 5e-05 5e-05 5e-05 
5e-05 5e-05 5e-05 5e-05 5e-05 5e-05 5e-05 5e-05 5e-05 
5e-05 5e-05 5e-05 5e-05 5e-05 5e-05 5e-05 5e-05 5e-05 
5e-05 5e-05 5e-05 5e-05 5e-05 5e-05 5e-05 5e-05 5e-05 
5e-05 5e-05 5e-05 5e-05 5e-05 5e-05 5e-05 5e-05 5e-05 
5e-05 5e-05 5e-05 5e-05 5e-05 5e-05 5e-05 5e-05 5e-05 
5e-05 5e-05 5e-05 5e-05 5e-05 5e-05 5e-05 5e-05 5e-05 
5e-05 5e-05 5e-05 5e-05 5e-05 5e-05 5e-05 5e-05 5e-05 
5e-05 5e-05 5e-05 5e-05 5e-05 5e-05 5e-05 5e-05 5e-05 
5e-05 5e-05 5e-05 5e-05 5e-05 5e-05 5e-05 5e-05 5e-05 
5e-05 5e-05 5e-05 5e-05 5e-05 5e-05 5e-05 5e-05 5e-05 
5e-05 5e-05 5e-05 5e-05 5e-05 5e-05 5e-05 5e-05 5e-05 
5e-05 5e-05 5e-05 5e-05 5e-05 5e-05 5e-05 5e-05 5e-05 
5e-05 5e-05 5e-05 5e-05 5e-05 5e-05 5e-05 5e-05 5e-05 
5e-05 5e-05 5e-05 5e-05 5e-05 5e-05 5e-05 5e-05 5e-05 
5e-05 5e-05 5e-05 5e-05 5e-05 5e-05 5e-05 5e-05 5e-05 
5e-05 5e-05 5e-05 5e-05 5e-05 5e-05 5e-05 5e-05 5e-05 
5e-05 5e-05 5e-05 5e-05 5e-05 5e-05 5e-05 5e-05 5e-05 
5e-05 5e-05 5e-05 5e-05 5e-05 5e-05 5e-05 5e-05 5e-05 
5e-05 5e-05 5e-05 5e-05 5e-05 5e-05 5e-05 5e-05 5e-05 
5e-05 5e-05 5e-05 5e-05 5e-05 5e-05 5e-05 5e-05 5e-05 
5e-05 5e-05 5e-05 5e-05 5e-05 5e-05 5e-05 5e-05 5e-05 
5e-05 5e-05 5e-05 5e-05 5e-05 5e-05 5e-05 5e-05 5e-05 
5e-05 5e-05 5e-05 5e-05 5e-05 5e-05 5e-05 5e-05 5e-05 
5e-05 5e-05 5e-05 5e-05 5e-05 5e-05 5e-05 5e-05 5e-05 
5e-05 5e-05 5e-05 5e-05 5e-05 5e-05 5e-05 5e-05 5e-05 
5e-05 5e-05 5e-05 5e-05 5e-05 5e-05 5e-05 5e-05 5e-05 
5e-05 5e-05 5e-05 5e-05 5e-05 5e-05 5e-05 5e-05 5e-05 
5e-05 5e-05 5e-05 5e-05 5e-05 5e-05 5e-05 5e-05 5e-05 
5e-05 5e-05 5e-05 5e-05 5e-05 5e-05 5e-05 5e-05 5e-05 
5e-05 5e-05 5e-05 5e-05 5e-05 5e-05 5e-05 5e-05 5e-05 
5e-05 5e-05 5e-05 5e-05 5e-05 5e-05 5e-05 5e-05 5e-05 
5e-05 5e-05 5e-05 5e-05 5e-05 5e-05 5e-05 5e-05 5e-05 
5e-05 5e-05 5e-05 5e-05 5e-05 5e-05 5e-05 5e-05 5e-05 
5e-05 5e-05 5e-05 5e-05 5e-05 5e-05 5e-05 5e-05 5e-05 
5e-05 5e-05 5e-05 5e-05 5e-05 5e-05 5e-05 5e-05 5e-05 
5e-05 5e-05 5e-05 5e-05 5e-05 5e-05 5e-05 5e-05 5e-05 
5e-05 5e-05 5e-05 5e-05 5e-05 5e-05 5e-05 5e-05 5e-05 
5e-05 5e-05 5e-05 5e-05 5e-05 5e-05 5e-05 5e-05 5e-05 
5e-05 5e-05 5e-05 5e-05 5e-05 5e-05 5e-05 5e-05 5e-05 
5e-05 5e-05 5e-05 5e-05 5e-05 5e-05 5e-05 5e-05 5e-05 
5e-05 5e-05 5e-05 5e-05 5e-05 5e-05 5e-05 5e-05 5e-05 
5e-05 5e-05 5e-05 5e-05 5e-05 5e-05 5e-05 5e-05 5e-05 
5e-05 5e-05 5e-05 5e-05 5e-05 5e-05 5e-05 5e-05 5e-05 
5e-05 5e-05 5e-05 5e-05 5e-05 5e-05 5e-05 5e-05 5e-05 
5e-05 5e-05 5e-05 5e-05 5e-05 5e-05 5e-05 5e-05 5e-05 
5e-05 5e-05 5e-05 5e-05 5e-05 5e-05 5e-05 5e-05 5e-05 
5e-05 5e-05 5e-05 5e-05 5e-05 5e-05 5e-05 5e-05 5e-05 
5e-05 5e-05 5e-05 5e-05 5e-05 5e-05 5e-05 5e-05 5e-05 
5e-05 5e-05 5e-05 5e-05 5e-05 5e-05 5e-05 5e-05 5e-05 
5e-05 5e-05 5e-05 5e-05 5e-05 5e-05 5e-05 5e-05 5e-05 
5e-05 5e-05 5e-05 5e-05 5e-05 5e-05 5e-05 5e-05 5e-05 
5e-05 5e-05 5e-05 5e-05 5e-05 5e-05 5e-05 5e-05 5e-05 
5e-05 5e-05 5e-05 5e-05 5e-05 5e-05 5e-05 5e-05 5e-05 
5e-05 5e-05 5e-05 5e-05 5e-05 5e-05 5e-05 5e-05 5e-05 
5e-05 5e-05 5e-05 5e-05 5e-05 5e-05 5e-05 5e-05 5e-05 
5e-05 5e-05 5e-05 5e-05 5e-05 5e-05 5e-05 5e-05 5e-05 
5e-05 5e-05 5e-05 5e-05 5e-05 5e-05 5e-05 5e-05 5e-05 
5e-05 5e-05 5e-05 5e-05 5e-05 5e-05 5e-05 5e-05 5e-05 
5e-05 5e-05 5e-05 5e-05 5e-05 5e-05 5e-05 5e-05 5e-05 
5e-05 5e-05 5e-05 5e-05 5e-05 5e-05 5e-05 5e-05 5e-05 
5e-05 5e-05 5e-05 5e-05 5e-05 5e-05 5e-05 5e-05 5e-05 
5e-05 5e-05 5e-05 5e-05 5e-05 5e-05 5e-05 5e-05 5e-05 
5e-05 5e-05 5e-05 5e-05 5e-05 5e-05 5e-05 5e-05 5e-05 
5e-05 5e-05 5e-05 5e-05 5e-05 5e-05 5e-05 5e-05 5e-05 
5e-05 5e-05 5e-05 5e-05 5e-05 5e-05 5e-05 5e-05 5e-05 
5e-05 5e-05 5e-05 5e-05 5e-05 5e-05 5e-05 5e-05 5e-05 
5e-05 5e-05 5e-05 5e-05 5e-05 5e-05 5e-05 5e-05 5e-05 
5e-05 5e-05 5e-05 5e-05 5e-05 5e-05 5e-05 5e-05 5e-05 
5e-05 5e-05 5e-05 5e-05 5e-05 5e-05 5e-05 5e-05 5e-05 
5e-05 5e-05 5e-05 5e-05 5e-05 5e-05 5e-05 5e-05 5e-05 
5e-05 5e-05 5e-05 5e-05 5e-05 5e-05 5e-05 5e-05 5e-05 
5e-05 5e-05 5e-05 5e-05 5e-05 5e-05 5e-05 5e-05 5e-05 
5e-05 5e-05 5e-05 5e-05 5e-05 5e-05 5e-05 5e-05 5e-05 
5e-05 5e-05 5e-05 5e-05 5e-05 5e-05 5e-05 5e-05 5e-05 
5e-05 5e-05 5e-05 5e-05 5e-05 5e-05 5e-05 5e-05 5e-05 
5e-05 5e-05 5e-05 5e-05 5e-05 5e-05 5e-05 5e-05 5e-05 
5e-05 5e-05 5e-05 5e-05 5e-05 5e-05 5e-05 5e-05 5e-05 
5e-05 5e-05 5e-05 5e-05 5e-05 5e-05 5e-05 5e-05 5e-05 
5e-05 5e-05 5e-05 5e-05 5e-05 5e-05 5e-05 5e-05 5e-05 
5e-05 5e-05 5e-05 5e-05 5e-05 5e-05 5e-05 5e-05 5e-05 
5e-05 5e-05 5e-05 5e-05 5e-05 5e-05 5e-05 5e-05 5e-05 
5e-05 5e-05 5e-05 5e-05 5e-05 5e-05 5e-05 5e-05 5e-05 
5e-05 5e-05 5e-05 5e-05 5e-05 5e-05 5e-05 5e-05 5e-05 
5e-05 5e-05 5e-05 5e-05 
